Kurux,,mɛrxa,sky,,mɛrxa,lexical-similarity group 1,"kim-ahmad-kim-sangma2011kurux[wordlist item 1, site C Boldipukur]",,,silkurux2011:i001:C:1,,,,dialect:Kurux:kurux2011-C-boldipukur:Boldipukur%20%28Boldipukur%2C%20Bangladesh%29
Kurux,,mɛrxa,sky,,mɛrxa,lexical-similarity group 1,"kim-ahmad-kim-sangma2011kurux[wordlist item 1, site D Lohanipara]",,,silkurux2011:i001:D:1,,,,dialect:Kurux:kurux2011-D-lohanipara:Lohanipara%20%28Lohanipara%2C%20Bangladesh%29
Kurux,,mɛrxa,sky,,mɛrxa,lexical-similarity group 1,"kim-ahmad-kim-sangma2011kurux[wordlist item 1, site E Dulhapur]",,,silkurux2011:i001:E:1,,,,dialect:Kurux:kurux2011-E-dulhapur:Dulhapur%20%28Dulhapur%2C%20Bangladesh%29
B,,akaʃ,sky,,akaʃ,lexical-similarity group 2,"kim-ahmad-kim-sangma2011kurux[wordlist item 1, site 0 Bangla]",,,silkurux2011:i001:0:1,,,,dialect:B:kurux2011-0-bangla:Bangla%20%28Bangla%29
Kurux,,məijɑ,sky,,məijɑ,lexical-similarity group 3,"kim-ahmad-kim-sangma2011kurux[wordlist item 1, site A Dima]",,,silkurux2011:i001:A:1,,,,dialect:Kurux:kurux2011-A-dima:Dima%20%28Dima%2C%20West%20Bengal%2C%20India%29
Kurux,,bɪɾ,sun,,bɪɾ,lexical-similarity group 1,"kim-ahmad-kim-sangma2011kurux[wordlist item 2, site A Dima]",,,silkurux2011:i002:A:1,,,,dialect:Kurux:kurux2011-A-dima:Dima%20%28Dima%2C%20West%20Bengal%2C%20India%29
Kurux,,biɽi,sun,,biɽi,lexical-similarity group 1,"kim-ahmad-kim-sangma2011kurux[wordlist item 2, site B Gabindanagar]",,,silkurux2011:i002:B:1,,,,dialect:Kurux:kurux2011-B-gabindanagar:Gabindanagar%20%28Gabindanagar%2C%20Bangladesh%29
Kurux,,biɽi,sun,,biɽi,lexical-similarity group 1,"kim-ahmad-kim-sangma2011kurux[wordlist item 2, site C Boldipukur]",,,silkurux2011:i002:C:1,,,,dialect:Kurux:kurux2011-C-boldipukur:Boldipukur%20%28Boldipukur%2C%20Bangladesh%29
Kurux,,biɽi,sun,,biɽi,lexical-similarity group 1,"kim-ahmad-kim-sangma2011kurux[wordlist item 2, site D Lohanipara]",,,silkurux2011:i002:D:1,,,,dialect:Kurux:kurux2011-D-lohanipara:Lohanipara%20%28Lohanipara%2C%20Bangladesh%29
Kurux,,biɽi,sun,,biɽi,lexical-similarity group 1,"kim-ahmad-kim-sangma2011kurux[wordlist item 2, site E Dulhapur]",,,silkurux2011:i002:E:1,,,,dialect:Kurux:kurux2011-E-dulhapur:Dulhapur%20%28Dulhapur%2C%20Bangladesh%29
B,,ʃuɹdʒo,sun,,ʃuɹdʒo,lexical-similarity group 2,"kim-ahmad-kim-sangma2011kurux[wordlist item 2, site 0 Bangla]",,,silkurux2011:i002:0:1,,,,dialect:B:kurux2011-0-bangla:Bangla%20%28Bangla%29
Kurux,,tʃando,moon,,tʃando,lexical-similarity group 1,"kim-ahmad-kim-sangma2011kurux[wordlist item 3, site B Gabindanagar]",,,silkurux2011:i003:B:1,,,,dialect:Kurux:kurux2011-B-gabindanagar:Gabindanagar%20%28Gabindanagar%2C%20Bangladesh%29
Kurux,,tʃando,moon,,tʃando,lexical-similarity group 1,"kim-ahmad-kim-sangma2011kurux[wordlist item 3, site C Boldipukur]",,,silkurux2011:i003:C:1,,,,dialect:Kurux:kurux2011-C-boldipukur:Boldipukur%20%28Boldipukur%2C%20Bangladesh%29
Kurux,,tʃando,moon,,tʃando,lexical-similarity group 1,"kim-ahmad-kim-sangma2011kurux[wordlist item 3, site D Lohanipara]",,,silkurux2011:i003:D:1,,,,dialect:Kurux:kurux2011-D-lohanipara:Lohanipara%20%28Lohanipara%2C%20Bangladesh%29
Kurux,,tʃando,moon,,tʃando,lexical-similarity group 1,"kim-ahmad-kim-sangma2011kurux[wordlist item 3, site E Dulhapur]",,,silkurux2011:i003:E:1,,,,dialect:Kurux:kurux2011-E-dulhapur:Dulhapur%20%28Dulhapur%2C%20Bangladesh%29
Kurux,,tʃhɑnd,moon,,tʃhɑnd,lexical-similarity group 1,"kim-ahmad-kim-sangma2011kurux[wordlist item 3, site A Dima]",,,silkurux2011:i003:A:1,,,,dialect:Kurux:kurux2011-A-dima:Dima%20%28Dima%2C%20West%20Bengal%2C%20India%29
Kurux,,tʃhɑnd,moon,,tʃhɑnd,lexical-similarity group 2,"kim-ahmad-kim-sangma2011kurux[wordlist item 3, site A Dima]",,,silkurux2011:i003:A:2,,,,dialect:Kurux:kurux2011-A-dima:Dima%20%28Dima%2C%20West%20Bengal%2C%20India%29
Kurux,,binko,star,,binko,lexical-similarity group 1,"kim-ahmad-kim-sangma2011kurux[wordlist item 4, site B Gabindanagar]",,,silkurux2011:i004:B:1,,,,dialect:Kurux:kurux2011-B-gabindanagar:Gabindanagar%20%28Gabindanagar%2C%20Bangladesh%29
Kurux,,binko,star,,binko,lexical-similarity group 1,"kim-ahmad-kim-sangma2011kurux[wordlist item 4, site C Boldipukur]",,,silkurux2011:i004:C:1,,,,dialect:Kurux:kurux2011-C-boldipukur:Boldipukur%20%28Boldipukur%2C%20Bangladesh%29
Kurux,,binko,star,,binko,lexical-similarity group 1,"kim-ahmad-kim-sangma2011kurux[wordlist item 4, site D Lohanipara]",,,silkurux2011:i004:D:1,,,,dialect:Kurux:kurux2011-D-lohanipara:Lohanipara%20%28Lohanipara%2C%20Bangladesh%29
Kurux,,binko,star,,binko,lexical-similarity group 1,"kim-ahmad-kim-sangma2011kurux[wordlist item 4, site E Dulhapur]",,,silkurux2011:i004:E:1,,,,dialect:Kurux:kurux2011-E-dulhapur:Dulhapur%20%28Dulhapur%2C%20Bangladesh%29
B,,taɾa,star,,taɾa,lexical-similarity group 2,"kim-ahmad-kim-sangma2011kurux[wordlist item 4, site 0 Bangla]",,,silkurux2011:i004:0:1,,,,dialect:B:kurux2011-0-bangla:Bangla%20%28Bangla%29
Kurux,,tɛrɡɑn,star,,tɛrɡɑn,lexical-similarity group 3,"kim-ahmad-kim-sangma2011kurux[wordlist item 4, site A Dima]",,,silkurux2011:i004:A:1,,,,dialect:Kurux:kurux2011-A-dima:Dima%20%28Dima%2C%20West%20Bengal%2C%20India%29
Kurux,,badali,cloud,,badali,lexical-similarity group 1,"kim-ahmad-kim-sangma2011kurux[wordlist item 5, site C Boldipukur]",,,silkurux2011:i005:C:1,,,,dialect:Kurux:kurux2011-C-boldipukur:Boldipukur%20%28Boldipukur%2C%20Bangladesh%29
Kurux,,badali,cloud,,badali,lexical-similarity group 1,"kim-ahmad-kim-sangma2011kurux[wordlist item 5, site D Lohanipara]",,,silkurux2011:i005:D:1,,,,dialect:Kurux:kurux2011-D-lohanipara:Lohanipara%20%28Lohanipara%2C%20Bangladesh%29
Kurux,,badali,cloud,,badali,lexical-similarity group 1,"kim-ahmad-kim-sangma2011kurux[wordlist item 5, site E Dulhapur]",,,silkurux2011:i005:E:1,,,,dialect:Kurux:kurux2011-E-dulhapur:Dulhapur%20%28Dulhapur%2C%20Bangladesh%29
Kurux,,padali,cloud,,padali,lexical-similarity group 1,"kim-ahmad-kim-sangma2011kurux[wordlist item 5, site B Gabindanagar]",,,silkurux2011:i005:B:1,,,,dialect:Kurux:kurux2011-B-gabindanagar:Gabindanagar%20%28Gabindanagar%2C%20Bangladesh%29
B,,mɛɡh,cloud,,mɛɡh,lexical-similarity group 2,"kim-ahmad-kim-sangma2011kurux[wordlist item 5, site 0 Bangla]",,,silkurux2011:i005:0:1,,,,dialect:B:kurux2011-0-bangla:Bangla%20%28Bangla%29
Kurux,,bəbɾi,cloud,,bəbɾi,lexical-similarity group 3,"kim-ahmad-kim-sangma2011kurux[wordlist item 5, site A Dima]",,,silkurux2011:i005:A:1,,,,dialect:Kurux:kurux2011-A-dima:Dima%20%28Dima%2C%20West%20Bengal%2C%20India%29
Kurux,,tʃɛb,rain,,tʃɛb,lexical-similarity group 1,"kim-ahmad-kim-sangma2011kurux[wordlist item 6, site A Dima]",,,silkurux2011:i006:A:1,,,,dialect:Kurux:kurux2011-A-dima:Dima%20%28Dima%2C%20West%20Bengal%2C%20India%29
Kurux,,tʃɛp,rain,,tʃɛp,lexical-similarity group 1,"kim-ahmad-kim-sangma2011kurux[wordlist item 6, site B Gabindanagar]",,,silkurux2011:i006:B:1,,,,dialect:Kurux:kurux2011-B-gabindanagar:Gabindanagar%20%28Gabindanagar%2C%20Bangladesh%29
B,,brɪʃti,rain,,brɪʃti,lexical-similarity group 2,"kim-ahmad-kim-sangma2011kurux[wordlist item 6, site 0 Bangla]",,,silkurux2011:i006:0:1,,,,dialect:B:kurux2011-0-bangla:Bangla%20%28Bangla%29
Kurux,,dhanukbar,rainbow,,dhanukbar,lexical-similarity group 1,"kim-ahmad-kim-sangma2011kurux[wordlist item 7, site C Boldipukur]",,,silkurux2011:i007:C:1,,,,dialect:Kurux:kurux2011-C-boldipukur:Boldipukur%20%28Boldipukur%2C%20Bangladesh%29
Kurux,,dhanukdal,rainbow,,dhanukdal,lexical-similarity group 1,"kim-ahmad-kim-sangma2011kurux[wordlist item 7, site B Gabindanagar]",,,silkurux2011:i007:B:1,,,,dialect:Kurux:kurux2011-B-gabindanagar:Gabindanagar%20%28Gabindanagar%2C%20Bangladesh%29
Kurux,,ɾamdhanu,rainbow,,ɾamdhanu,lexical-similarity group 2,"kim-ahmad-kim-sangma2011kurux[wordlist item 7, site D Lohanipara]",,,silkurux2011:i007:D:1,,,,dialect:Kurux:kurux2011-D-lohanipara:Lohanipara%20%28Lohanipara%2C%20Bangladesh%29
Kurux,,ɾamdhanu,rainbow,,ɾamdhanu,lexical-similarity group 2,"kim-ahmad-kim-sangma2011kurux[wordlist item 7, site E Dulhapur]",,,silkurux2011:i007:E:1,,,,dialect:Kurux:kurux2011-E-dulhapur:Dulhapur%20%28Dulhapur%2C%20Bangladesh%29
Kurux,,ɪndɾədos,rainbow,,ɪndɾədos,lexical-similarity group 3,"kim-ahmad-kim-sangma2011kurux[wordlist item 7, site A Dima]",,,silkurux2011:i007:A:1,,,,dialect:Kurux:kurux2011-A-dima:Dima%20%28Dima%2C%20West%20Bengal%2C%20India%29
Kurux,,tɑqɑ,wind,,tɑqɑ,lexical-similarity group 1,"kim-ahmad-kim-sangma2011kurux[wordlist item 8, site A Dima]",,,silkurux2011:i008:A:1,,,,dialect:Kurux:kurux2011-A-dima:Dima%20%28Dima%2C%20West%20Bengal%2C%20India%29
Kurux,,taka,wind,,taka,lexical-similarity group 1,"kim-ahmad-kim-sangma2011kurux[wordlist item 8, site B Gabindanagar]",,,silkurux2011:i008:B:1,,,,dialect:Kurux:kurux2011-B-gabindanagar:Gabindanagar%20%28Gabindanagar%2C%20Bangladesh%29
Kurux,,taka,wind,,taka,lexical-similarity group 1,"kim-ahmad-kim-sangma2011kurux[wordlist item 8, site C Boldipukur]",,,silkurux2011:i008:C:1,,,,dialect:Kurux:kurux2011-C-boldipukur:Boldipukur%20%28Boldipukur%2C%20Bangladesh%29
Kurux,,taka,wind,,taka,lexical-similarity group 1,"kim-ahmad-kim-sangma2011kurux[wordlist item 8, site D Lohanipara]",,,silkurux2011:i008:D:1,,,,dialect:Kurux:kurux2011-D-lohanipara:Lohanipara%20%28Lohanipara%2C%20Bangladesh%29
Kurux,,taka,wind,,taka,lexical-similarity group 1,"kim-ahmad-kim-sangma2011kurux[wordlist item 8, site E Dulhapur]",,,silkurux2011:i008:E:1,,,,dialect:Kurux:kurux2011-E-dulhapur:Dulhapur%20%28Dulhapur%2C%20Bangladesh%29
B,,bataʃ,wind,,bataʃ,lexical-similarity group 2,"kim-ahmad-kim-sangma2011kurux[wordlist item 8, site 0 Bangla]",,,silkurux2011:i008:0:1,,,,dialect:B:kurux2011-0-bangla:Bangla%20%28Bangla%29
Kurux,,birtʃhi,lightning,,birtʃhi,lexical-similarity group 2,"kim-ahmad-kim-sangma2011kurux[wordlist item 9, site C Boldipukur]",,,silkurux2011:i009:C:1,,,,dialect:Kurux:kurux2011-C-boldipukur:Boldipukur%20%28Boldipukur%2C%20Bangladesh%29
Kurux,,birtʃi,lightning,,birtʃi,lexical-similarity group 2,"kim-ahmad-kim-sangma2011kurux[wordlist item 9, site D Lohanipara]",,,silkurux2011:i009:D:1,,,,dialect:Kurux:kurux2011-D-lohanipara:Lohanipara%20%28Lohanipara%2C%20Bangladesh%29
Kurux,,birtʃi,lightning,,birtʃi,lexical-similarity group 2,"kim-ahmad-kim-sangma2011kurux[wordlist item 9, site E Dulhapur]",,,silkurux2011:i009:E:1,,,,dialect:Kurux:kurux2011-E-dulhapur:Dulhapur%20%28Dulhapur%2C%20Bangladesh%29
B,,bɪddut tʃ mkano,lightning,,bɪddut tʃ mkano,lexical-similarity group 3,"kim-ahmad-kim-sangma2011kurux[wordlist item 9, site 0 Bangla]",,,silkurux2011:i009:0:1,,,,dialect:B:kurux2011-0-bangla:Bangla%20%28Bangla%29
Kurux,,muɾi,thunder,,muɾi,lexical-similarity group 1,"kim-ahmad-kim-sangma2011kurux[wordlist item 10, site B Gabindanagar]",,,silkurux2011:i010:B:1,,,,dialect:Kurux:kurux2011-B-gabindanagar:Gabindanagar%20%28Gabindanagar%2C%20Bangladesh%29
Kurux,,muɾi,thunder,,muɾi,lexical-similarity group 1,"kim-ahmad-kim-sangma2011kurux[wordlist item 10, site C Boldipukur]",,,silkurux2011:i010:C:1,,,,dialect:Kurux:kurux2011-C-boldipukur:Boldipukur%20%28Boldipukur%2C%20Bangladesh%29
Kurux,,muɾi,thunder,,muɾi,lexical-similarity group 1,"kim-ahmad-kim-sangma2011kurux[wordlist item 10, site D Lohanipara]",,,silkurux2011:i010:D:1,,,,dialect:Kurux:kurux2011-D-lohanipara:Lohanipara%20%28Lohanipara%2C%20Bangladesh%29
Kurux,,muɾi,thunder,,muɾi,lexical-similarity group 1,"kim-ahmad-kim-sangma2011kurux[wordlist item 10, site E Dulhapur]",,,silkurux2011:i010:E:1,,,,dialect:Kurux:kurux2011-E-dulhapur:Dulhapur%20%28Dulhapur%2C%20Bangladesh%29
B,,mɛɡh ɡ ɹdʒon,thunder,,mɛɡh ɡ ɹdʒon,lexical-similarity group 2,"kim-ahmad-kim-sangma2011kurux[wordlist item 10, site 0 Bangla]",,,silkurux2011:i010:0:1,,,,dialect:B:kurux2011-0-bangla:Bangla%20%28Bangla%29
Kurux,,ʃamdar,sea,,ʃamdar,lexical-similarity group 1,"kim-ahmad-kim-sangma2011kurux[wordlist item 11, site C Boldipukur]",,,silkurux2011:i011:C:1,,,,dialect:Kurux:kurux2011-C-boldipukur:Boldipukur%20%28Boldipukur%2C%20Bangladesh%29
Kurux,,samudar,sea,,samudar,lexical-similarity group 1,"kim-ahmad-kim-sangma2011kurux[wordlist item 11, site B Gabindanagar]",,,silkurux2011:i011:B:1,,,,dialect:Kurux:kurux2011-B-gabindanagar:Gabindanagar%20%28Gabindanagar%2C%20Bangladesh%29
B,,ʃ mudɾo,sea,,ʃ mudɾo,lexical-similarity group 2,"kim-ahmad-kim-sangma2011kurux[wordlist item 11, site 0 Bangla]",,,silkurux2011:i011:0:1,,,,dialect:B:kurux2011-0-bangla:Bangla%20%28Bangla%29
Kurux,,paɾɛta,mountain,,paɾɛta,lexical-similarity group 1,"kim-ahmad-kim-sangma2011kurux[wordlist item 12, site B Gabindanagar]",,,silkurux2011:i012:B:1,,,,dialect:Kurux:kurux2011-B-gabindanagar:Gabindanagar%20%28Gabindanagar%2C%20Bangladesh%29
Kurux,,parta,mountain,,parta,lexical-similarity group 1,"kim-ahmad-kim-sangma2011kurux[wordlist item 12, site C Boldipukur]",,,silkurux2011:i012:C:1,,,,dialect:Kurux:kurux2011-C-boldipukur:Boldipukur%20%28Boldipukur%2C%20Bangladesh%29
Kurux,,parta,mountain,,parta,lexical-similarity group 1,"kim-ahmad-kim-sangma2011kurux[wordlist item 12, site D Lohanipara]",,,silkurux2011:i012:D:1,,,,dialect:Kurux:kurux2011-D-lohanipara:Lohanipara%20%28Lohanipara%2C%20Bangladesh%29
B,,pahaɽ,mountain,,pahaɽ,lexical-similarity group 2,"kim-ahmad-kim-sangma2011kurux[wordlist item 12, site 0 Bangla]",,,silkurux2011:i012:0:1,,,,dialect:B:kurux2011-0-bangla:Bangla%20%28Bangla%29
Kurux,,pahaɽ,mountain,,pahaɽ,lexical-similarity group 2,"kim-ahmad-kim-sangma2011kurux[wordlist item 12, site E Dulhapur]",,,silkurux2011:i012:E:1,,,,dialect:Kurux:kurux2011-E-dulhapur:Dulhapur%20%28Dulhapur%2C%20Bangladesh%29
Kurux,,ammɛ,water,,ammɛ,lexical-similarity group 1,"kim-ahmad-kim-sangma2011kurux[wordlist item 13, site B Gabindanagar]",,,silkurux2011:i013:B:1,,,,dialect:Kurux:kurux2011-B-gabindanagar:Gabindanagar%20%28Gabindanagar%2C%20Bangladesh%29
Kurux,,ammɛ,water,,ammɛ,lexical-similarity group 1,"kim-ahmad-kim-sangma2011kurux[wordlist item 13, site C Boldipukur]",,,silkurux2011:i013:C:1,,,,dialect:Kurux:kurux2011-C-boldipukur:Boldipukur%20%28Boldipukur%2C%20Bangladesh%29
Kurux,,ammɛ,water,,ammɛ,lexical-similarity group 1,"kim-ahmad-kim-sangma2011kurux[wordlist item 13, site D Lohanipara]",,,silkurux2011:i013:D:1,,,,dialect:Kurux:kurux2011-D-lohanipara:Lohanipara%20%28Lohanipara%2C%20Bangladesh%29
Kurux,,ammɛ,water,,ammɛ,lexical-similarity group 1,"kim-ahmad-kim-sangma2011kurux[wordlist item 13, site E Dulhapur]",,,silkurux2011:i013:E:1,,,,dialect:Kurux:kurux2011-E-dulhapur:Dulhapur%20%28Dulhapur%2C%20Bangladesh%29
B,,pani,water,,pani,lexical-similarity group 2,"kim-ahmad-kim-sangma2011kurux[wordlist item 13, site 0 Bangla]",,,silkurux2011:i013:0:1,,,,dialect:B:kurux2011-0-bangla:Bangla%20%28Bangla%29
Kurux,,ɑm,water,,ɑm,lexical-similarity group 3,"kim-ahmad-kim-sangma2011kurux[wordlist item 13, site A Dima]",,,silkurux2011:i013:A:1,,,,dialect:Kurux:kurux2011-A-dima:Dima%20%28Dima%2C%20West%20Bengal%2C%20India%29
Kurux,,khɑr,river,,khɑr,lexical-similarity group 1,"kim-ahmad-kim-sangma2011kurux[wordlist item 14, site A Dima]",,,silkurux2011:i014:A:1,,,,dialect:Kurux:kurux2011-A-dima:Dima%20%28Dima%2C%20West%20Bengal%2C%20India%29
Kurux,,xar,river,,xar,lexical-similarity group 1,"kim-ahmad-kim-sangma2011kurux[wordlist item 14, site B Gabindanagar]",,,silkurux2011:i014:B:1,,,,dialect:Kurux:kurux2011-B-gabindanagar:Gabindanagar%20%28Gabindanagar%2C%20Bangladesh%29
Kurux,,xar,river,,xar,lexical-similarity group 1,"kim-ahmad-kim-sangma2011kurux[wordlist item 14, site D Lohanipara]",,,silkurux2011:i014:D:1,,,,dialect:Kurux:kurux2011-D-lohanipara:Lohanipara%20%28Lohanipara%2C%20Bangladesh%29
Kurux,,xar,river,,xar,lexical-similarity group 1,"kim-ahmad-kim-sangma2011kurux[wordlist item 14, site E Dulhapur]",,,silkurux2011:i014:E:1,,,,dialect:Kurux:kurux2011-E-dulhapur:Dulhapur%20%28Dulhapur%2C%20Bangladesh%29
Kurux,,nadi,river,,nadi,lexical-similarity group 2,"kim-ahmad-kim-sangma2011kurux[wordlist item 14, site C Boldipukur]",,,silkurux2011:i014:C:1,,,,dialect:Kurux:kurux2011-C-boldipukur:Boldipukur%20%28Boldipukur%2C%20Bangladesh%29
B,,nodi,river,,nodi,lexical-similarity group 2,"kim-ahmad-kim-sangma2011kurux[wordlist item 14, site 0 Bangla]",,,silkurux2011:i014:0:1,,,,dialect:B:kurux2011-0-bangla:Bangla%20%28Bangla%29
B,,mati,soil/ground,,mati,lexical-similarity group 2,"kim-ahmad-kim-sangma2011kurux[wordlist item 15, site 0 Bangla]",,,silkurux2011:i015:0:1,,,,dialect:B:kurux2011-0-bangla:Bangla%20%28Bangla%29
B,,kada,mud,,kada,lexical-similarity group 1,"kim-ahmad-kim-sangma2011kurux[wordlist item 16, site 0 Bangla]",,,silkurux2011:i016:0:1,,,,dialect:B:kurux2011-0-bangla:Bangla%20%28Bangla%29
Kurux,,kado,mud,,kado,lexical-similarity group 1,"kim-ahmad-kim-sangma2011kurux[wordlist item 16, site B Gabindanagar]",,,silkurux2011:i016:B:1,,,,dialect:Kurux:kurux2011-B-gabindanagar:Gabindanagar%20%28Gabindanagar%2C%20Bangladesh%29
Kurux,,kado,mud,,kado,lexical-similarity group 1,"kim-ahmad-kim-sangma2011kurux[wordlist item 16, site C Boldipukur]",,,silkurux2011:i016:C:1,,,,dialect:Kurux:kurux2011-C-boldipukur:Boldipukur%20%28Boldipukur%2C%20Bangladesh%29
Kurux,,kado,mud,,kado,lexical-similarity group 1,"kim-ahmad-kim-sangma2011kurux[wordlist item 16, site D Lohanipara]",,,silkurux2011:i016:D:1,,,,dialect:Kurux:kurux2011-D-lohanipara:Lohanipara%20%28Lohanipara%2C%20Bangladesh%29
Kurux,,kado,mud,,kado,lexical-similarity group 1,"kim-ahmad-kim-sangma2011kurux[wordlist item 16, site E Dulhapur]",,,silkurux2011:i016:E:1,,,,dialect:Kurux:kurux2011-E-dulhapur:Dulhapur%20%28Dulhapur%2C%20Bangladesh%29
Kurux,,khəd,mud,,khəd,lexical-similarity group 1,"kim-ahmad-kim-sangma2011kurux[wordlist item 16, site A Dima]",,,silkurux2011:i016:A:1,,,,dialect:Kurux:kurux2011-A-dima:Dima%20%28Dima%2C%20West%20Bengal%2C%20India%29
B,,dhula,dust,,dhula,lexical-similarity group 1,"kim-ahmad-kim-sangma2011kurux[wordlist item 17, site 0 Bangla]",,,silkurux2011:i017:0:1,,,,dialect:B:kurux2011-0-bangla:Bangla%20%28Bangla%29
Kurux,,dhuli,dust,,dhuli,lexical-similarity group 1,"kim-ahmad-kim-sangma2011kurux[wordlist item 17, site B Gabindanagar]",,,silkurux2011:i017:B:1,,,,dialect:Kurux:kurux2011-B-gabindanagar:Gabindanagar%20%28Gabindanagar%2C%20Bangladesh%29
Kurux,,dhuli,dust,,dhuli,lexical-similarity group 1,"kim-ahmad-kim-sangma2011kurux[wordlist item 17, site C Boldipukur]",,,silkurux2011:i017:C:1,,,,dialect:Kurux:kurux2011-C-boldipukur:Boldipukur%20%28Boldipukur%2C%20Bangladesh%29
Kurux,,dhuli,dust,,dhuli,lexical-similarity group 1,"kim-ahmad-kim-sangma2011kurux[wordlist item 17, site D Lohanipara]",,,silkurux2011:i017:D:1,,,,dialect:Kurux:kurux2011-D-lohanipara:Lohanipara%20%28Lohanipara%2C%20Bangladesh%29
Kurux,,dhuli,dust,,dhuli,lexical-similarity group 1,"kim-ahmad-kim-sangma2011kurux[wordlist item 17, site E Dulhapur]",,,silkurux2011:i017:E:1,,,,dialect:Kurux:kurux2011-E-dulhapur:Dulhapur%20%28Dulhapur%2C%20Bangladesh%29
Kurux,,dhur,dust,,dhur,lexical-similarity group 1,"kim-ahmad-kim-sangma2011kurux[wordlist item 17, site A Dima]",,,silkurux2011:i017:A:1,,,,dialect:Kurux:kurux2011-A-dima:Dima%20%28Dima%2C%20West%20Bengal%2C%20India%29
Kurux,,pakhɛna,stone,,pakhɛna,lexical-similarity group 1,"kim-ahmad-kim-sangma2011kurux[wordlist item 18, site B Gabindanagar]",,,silkurux2011:i018:B:1,,,,dialect:Kurux:kurux2011-B-gabindanagar:Gabindanagar%20%28Gabindanagar%2C%20Bangladesh%29
Kurux,,pakhna,stone,,pakhna,lexical-similarity group 1,"kim-ahmad-kim-sangma2011kurux[wordlist item 18, site C Boldipukur]",,,silkurux2011:i018:C:1,,,,dialect:Kurux:kurux2011-C-boldipukur:Boldipukur%20%28Boldipukur%2C%20Bangladesh%29
Kurux,,pakhna,stone,,pakhna,lexical-similarity group 1,"kim-ahmad-kim-sangma2011kurux[wordlist item 18, site D Lohanipara]",,,silkurux2011:i018:D:1,,,,dialect:Kurux:kurux2011-D-lohanipara:Lohanipara%20%28Lohanipara%2C%20Bangladesh%29
Kurux,,pakhna,stone,,pakhna,lexical-similarity group 1,"kim-ahmad-kim-sangma2011kurux[wordlist item 18, site E Dulhapur]",,,silkurux2011:i018:E:1,,,,dialect:Kurux:kurux2011-E-dulhapur:Dulhapur%20%28Dulhapur%2C%20Bangladesh%29
B,,pathor,stone,,pathor,lexical-similarity group 2,"kim-ahmad-kim-sangma2011kurux[wordlist item 18, site 0 Bangla]",,,silkurux2011:i018:0:1,,,,dialect:B:kurux2011-0-bangla:Bangla%20%28Bangla%29
B,,bali,sand,,bali,lexical-similarity group 1,"kim-ahmad-kim-sangma2011kurux[wordlist item 19, site 0 Bangla]",,,silkurux2011:i019:0:1,,,,dialect:B:kurux2011-0-bangla:Bangla%20%28Bangla%29
Kurux,,balu,sand,,balu,lexical-similarity group 1,"kim-ahmad-kim-sangma2011kurux[wordlist item 19, site B Gabindanagar]",,,silkurux2011:i019:B:1,,,,dialect:Kurux:kurux2011-B-gabindanagar:Gabindanagar%20%28Gabindanagar%2C%20Bangladesh%29
Kurux,,balu,sand,,balu,lexical-similarity group 1,"kim-ahmad-kim-sangma2011kurux[wordlist item 19, site E Dulhapur]",,,silkurux2011:i019:E:1,,,,dialect:Kurux:kurux2011-E-dulhapur:Dulhapur%20%28Dulhapur%2C%20Bangladesh%29
Kurux,,tʃalkul,sand,,tʃalkul,lexical-similarity group 2,"kim-ahmad-kim-sangma2011kurux[wordlist item 19, site C Boldipukur]",,,silkurux2011:i019:C:1,,,,dialect:Kurux:kurux2011-C-boldipukur:Boldipukur%20%28Boldipukur%2C%20Bangladesh%29
Kurux,,tʃalkul,sand,,tʃalkul,lexical-similarity group 2,"kim-ahmad-kim-sangma2011kurux[wordlist item 19, site D Lohanipara]",,,silkurux2011:i019:D:1,,,,dialect:Kurux:kurux2011-D-lohanipara:Lohanipara%20%28Lohanipara%2C%20Bangladesh%29
Kurux,,tʃhɑlkul,sand,,tʃhɑlkul,lexical-similarity group 2,"kim-ahmad-kim-sangma2011kurux[wordlist item 19, site A Dima]",,,silkurux2011:i019:A:1,,,,dialect:Kurux:kurux2011-A-dima:Dima%20%28Dima%2C%20West%20Bengal%2C%20India%29
B,,ʃona,gold,,ʃona,lexical-similarity group 1,"kim-ahmad-kim-sangma2011kurux[wordlist item 20, site 0 Bangla]",,,silkurux2011:i020:0:1,,,,dialect:B:kurux2011-0-bangla:Bangla%20%28Bangla%29
Kurux,,ʃona,gold,,ʃona,lexical-similarity group 1,"kim-ahmad-kim-sangma2011kurux[wordlist item 20, site B Gabindanagar]",,,silkurux2011:i020:B:1,,,,dialect:Kurux:kurux2011-B-gabindanagar:Gabindanagar%20%28Gabindanagar%2C%20Bangladesh%29
Kurux,,ʃona,gold,,ʃona,lexical-similarity group 1,"kim-ahmad-kim-sangma2011kurux[wordlist item 20, site C Boldipukur]",,,silkurux2011:i020:C:1,,,,dialect:Kurux:kurux2011-C-boldipukur:Boldipukur%20%28Boldipukur%2C%20Bangladesh%29
Kurux,,ʃona,gold,,ʃona,lexical-similarity group 1,"kim-ahmad-kim-sangma2011kurux[wordlist item 20, site D Lohanipara]",,,silkurux2011:i020:D:1,,,,dialect:Kurux:kurux2011-D-lohanipara:Lohanipara%20%28Lohanipara%2C%20Bangladesh%29
Kurux,,ʃona,gold,,ʃona,lexical-similarity group 1,"kim-ahmad-kim-sangma2011kurux[wordlist item 20, site E Dulhapur]",,,silkurux2011:i020:E:1,,,,dialect:Kurux:kurux2011-E-dulhapur:Dulhapur%20%28Dulhapur%2C%20Bangladesh%29
Kurux,,tʃhutɑ,gold,,tʃhutɑ,lexical-similarity group 2,"kim-ahmad-kim-sangma2011kurux[wordlist item 20, site A Dima]",,,silkurux2011:i020:A:1,,,,dialect:Kurux:kurux2011-A-dima:Dima%20%28Dima%2C%20West%20Bengal%2C%20India%29
B,,rupa,silver,,rupa,lexical-similarity group 1,"kim-ahmad-kim-sangma2011kurux[wordlist item 21, site 0 Bangla]",,,silkurux2011:i021:0:1,,,,dialect:B:kurux2011-0-bangla:Bangla%20%28Bangla%29
Kurux,,rupa,silver,,rupa,lexical-similarity group 1,"kim-ahmad-kim-sangma2011kurux[wordlist item 21, site B Gabindanagar]",,,silkurux2011:i021:B:1,,,,dialect:Kurux:kurux2011-B-gabindanagar:Gabindanagar%20%28Gabindanagar%2C%20Bangladesh%29
Kurux,,rupa,silver,,rupa,lexical-similarity group 1,"kim-ahmad-kim-sangma2011kurux[wordlist item 21, site C Boldipukur]",,,silkurux2011:i021:C:1,,,,dialect:Kurux:kurux2011-C-boldipukur:Boldipukur%20%28Boldipukur%2C%20Bangladesh%29
Kurux,,rupa,silver,,rupa,lexical-similarity group 1,"kim-ahmad-kim-sangma2011kurux[wordlist item 21, site D Lohanipara]",,,silkurux2011:i021:D:1,,,,dialect:Kurux:kurux2011-D-lohanipara:Lohanipara%20%28Lohanipara%2C%20Bangladesh%29
Kurux,,rupa,silver,,rupa,lexical-similarity group 1,"kim-ahmad-kim-sangma2011kurux[wordlist item 21, site E Dulhapur]",,,silkurux2011:i021:E:1,,,,dialect:Kurux:kurux2011-E-dulhapur:Dulhapur%20%28Dulhapur%2C%20Bangladesh%29
B,,adʒ,today,,adʒ,lexical-similarity group 2,"kim-ahmad-kim-sangma2011kurux[wordlist item 22, site 0 Bangla]",,,silkurux2011:i022:0:1,,,,dialect:B:kurux2011-0-bangla:Bangla%20%28Bangla%29
Kurux,,tʃɛɾo,yesterday,,tʃɛɾo,lexical-similarity group 1,"kim-ahmad-kim-sangma2011kurux[wordlist item 23, site B Gabindanagar]",,,silkurux2011:i023:B:1,,,,dialect:Kurux:kurux2011-B-gabindanagar:Gabindanagar%20%28Gabindanagar%2C%20Bangladesh%29
Kurux,,tʃɛɾo,yesterday,,tʃɛɾo,lexical-similarity group 1,"kim-ahmad-kim-sangma2011kurux[wordlist item 23, site C Boldipukur]",,,silkurux2011:i023:C:1,,,,dialect:Kurux:kurux2011-C-boldipukur:Boldipukur%20%28Boldipukur%2C%20Bangladesh%29
Kurux,,tʃɛɾo,yesterday,,tʃɛɾo,lexical-similarity group 1,"kim-ahmad-kim-sangma2011kurux[wordlist item 23, site D Lohanipara]",,,silkurux2011:i023:D:1,,,,dialect:Kurux:kurux2011-D-lohanipara:Lohanipara%20%28Lohanipara%2C%20Bangladesh%29
Kurux,,tʃɛɾo,yesterday,,tʃɛɾo,lexical-similarity group 1,"kim-ahmad-kim-sangma2011kurux[wordlist item 23, site E Dulhapur]",,,silkurux2011:i023:E:1,,,,dialect:Kurux:kurux2011-E-dulhapur:Dulhapur%20%28Dulhapur%2C%20Bangladesh%29
B,,ɡ tokal / kalke,yesterday,,ɡ tokal / kalke,lexical-similarity group 2,"kim-ahmad-kim-sangma2011kurux[wordlist item 23, site 0 Bangla]",,,silkurux2011:i023:0:1,,,,dialect:B:kurux2011-0-bangla:Bangla%20%28Bangla%29
Kurux,,nɛla,tomorrow,,nɛla,lexical-similarity group 1,"kim-ahmad-kim-sangma2011kurux[wordlist item 24, site B Gabindanagar]",,,silkurux2011:i024:B:1,,,,dialect:Kurux:kurux2011-B-gabindanagar:Gabindanagar%20%28Gabindanagar%2C%20Bangladesh%29
Kurux,,nɛla,tomorrow,,nɛla,lexical-similarity group 1,"kim-ahmad-kim-sangma2011kurux[wordlist item 24, site C Boldipukur]",,,silkurux2011:i024:C:1,,,,dialect:Kurux:kurux2011-C-boldipukur:Boldipukur%20%28Boldipukur%2C%20Bangladesh%29
Kurux,,nɛla,tomorrow,,nɛla,lexical-similarity group 1,"kim-ahmad-kim-sangma2011kurux[wordlist item 24, site D Lohanipara]",,,silkurux2011:i024:D:1,,,,dialect:Kurux:kurux2011-D-lohanipara:Lohanipara%20%28Lohanipara%2C%20Bangladesh%29
Kurux,,nɛla,tomorrow,,nɛla,lexical-similarity group 1,"kim-ahmad-kim-sangma2011kurux[wordlist item 24, site E Dulhapur]",,,silkurux2011:i024:E:1,,,,dialect:Kurux:kurux2011-E-dulhapur:Dulhapur%20%28Dulhapur%2C%20Bangladesh%29
Kurux,,nɛlɑ,tomorrow,,nɛlɑ,lexical-similarity group 1,"kim-ahmad-kim-sangma2011kurux[wordlist item 24, site A Dima]",,,silkurux2011:i024:A:1,,,,dialect:Kurux:kurux2011-A-dima:Dima%20%28Dima%2C%20West%20Bengal%2C%20India%29
B,,aɡamikal,tomorrow,,aɡamikal,lexical-similarity group 2,"kim-ahmad-kim-sangma2011kurux[wordlist item 24, site 0 Bangla]",,,silkurux2011:i024:0:1,,,,dialect:B:kurux2011-0-bangla:Bangla%20%28Bangla%29
Kurux,,hɑptɑ,week,,hɑptɑ,lexical-similarity group 1,"kim-ahmad-kim-sangma2011kurux[wordlist item 25, site A Dima]",,,silkurux2011:i025:A:1,,,,dialect:Kurux:kurux2011-A-dima:Dima%20%28Dima%2C%20West%20Bengal%2C%20India%29
Kurux,,hapta,week,,hapta,lexical-similarity group 1,"kim-ahmad-kim-sangma2011kurux[wordlist item 25, site B Gabindanagar]",,,silkurux2011:i025:B:1,,,,dialect:Kurux:kurux2011-B-gabindanagar:Gabindanagar%20%28Gabindanagar%2C%20Bangladesh%29
Kurux,,hapta,week,,hapta,lexical-similarity group 1,"kim-ahmad-kim-sangma2011kurux[wordlist item 25, site C Boldipukur]",,,silkurux2011:i025:C:1,,,,dialect:Kurux:kurux2011-C-boldipukur:Boldipukur%20%28Boldipukur%2C%20Bangladesh%29
Kurux,,hapta,week,,hapta,lexical-similarity group 1,"kim-ahmad-kim-sangma2011kurux[wordlist item 25, site D Lohanipara]",,,silkurux2011:i025:D:1,,,,dialect:Kurux:kurux2011-D-lohanipara:Lohanipara%20%28Lohanipara%2C%20Bangladesh%29
Kurux,,hapta,week,,hapta,lexical-similarity group 1,"kim-ahmad-kim-sangma2011kurux[wordlist item 25, site E Dulhapur]",,,silkurux2011:i025:E:1,,,,dialect:Kurux:kurux2011-E-dulhapur:Dulhapur%20%28Dulhapur%2C%20Bangladesh%29
B,,ʃ pta,week,,ʃ pta,lexical-similarity group 1,"kim-ahmad-kim-sangma2011kurux[wordlist item 25, site 0 Bangla]",,,silkurux2011:i025:0:1,,,,dialect:B:kurux2011-0-bangla:Bangla%20%28Bangla%29
Kurux,,mɑinɑ,month,,mɑinɑ,lexical-similarity group 1,"kim-ahmad-kim-sangma2011kurux[wordlist item 26, site A Dima]",,,silkurux2011:i026:A:1,,,,dialect:Kurux:kurux2011-A-dima:Dima%20%28Dima%2C%20West%20Bengal%2C%20India%29
Kurux,,mahina,month,,mahina,lexical-similarity group 1,"kim-ahmad-kim-sangma2011kurux[wordlist item 26, site B Gabindanagar]",,,silkurux2011:i026:B:1,,,,dialect:Kurux:kurux2011-B-gabindanagar:Gabindanagar%20%28Gabindanagar%2C%20Bangladesh%29
Kurux,,mahina,month,,mahina,lexical-similarity group 1,"kim-ahmad-kim-sangma2011kurux[wordlist item 26, site C Boldipukur]",,,silkurux2011:i026:C:1,,,,dialect:Kurux:kurux2011-C-boldipukur:Boldipukur%20%28Boldipukur%2C%20Bangladesh%29
Kurux,,mahina,month,,mahina,lexical-similarity group 1,"kim-ahmad-kim-sangma2011kurux[wordlist item 26, site D Lohanipara]",,,silkurux2011:i026:D:1,,,,dialect:Kurux:kurux2011-D-lohanipara:Lohanipara%20%28Lohanipara%2C%20Bangladesh%29
Kurux,,mahina,month,,mahina,lexical-similarity group 1,"kim-ahmad-kim-sangma2011kurux[wordlist item 26, site E Dulhapur]",,,silkurux2011:i026:E:1,,,,dialect:Kurux:kurux2011-E-dulhapur:Dulhapur%20%28Dulhapur%2C%20Bangladesh%29
B,,maʃ,month,,maʃ,lexical-similarity group 2,"kim-ahmad-kim-sangma2011kurux[wordlist item 26, site 0 Bangla]",,,silkurux2011:i026:0:1,,,,dialect:B:kurux2011-0-bangla:Bangla%20%28Bangla%29
Kurux,,batʃhar,year,,batʃhar,lexical-similarity group 1,"kim-ahmad-kim-sangma2011kurux[wordlist item 27, site B Gabindanagar]",,,silkurux2011:i027:B:1,,,,dialect:Kurux:kurux2011-B-gabindanagar:Gabindanagar%20%28Gabindanagar%2C%20Bangladesh%29
Kurux,,batʃhar,year,,batʃhar,lexical-similarity group 1,"kim-ahmad-kim-sangma2011kurux[wordlist item 27, site C Boldipukur]",,,silkurux2011:i027:C:1,,,,dialect:Kurux:kurux2011-C-boldipukur:Boldipukur%20%28Boldipukur%2C%20Bangladesh%29
Kurux,,batʃhar,year,,batʃhar,lexical-similarity group 1,"kim-ahmad-kim-sangma2011kurux[wordlist item 27, site D Lohanipara]",,,silkurux2011:i027:D:1,,,,dialect:Kurux:kurux2011-D-lohanipara:Lohanipara%20%28Lohanipara%2C%20Bangladesh%29
Kurux,,batʃhar,year,,batʃhar,lexical-similarity group 1,"kim-ahmad-kim-sangma2011kurux[wordlist item 27, site E Dulhapur]",,,silkurux2011:i027:E:1,,,,dialect:Kurux:kurux2011-E-dulhapur:Dulhapur%20%28Dulhapur%2C%20Bangladesh%29
B,,b tʃhor,year,,b tʃhor,lexical-similarity group 1,"kim-ahmad-kim-sangma2011kurux[wordlist item 27, site 0 Bangla]",,,silkurux2011:i027:0:1,,,,dialect:B:kurux2011-0-bangla:Bangla%20%28Bangla%29
Kurux,,sɑl,year,,sɑl,lexical-similarity group 2,"kim-ahmad-kim-sangma2011kurux[wordlist item 27, site A Dima]",,,silkurux2011:i027:A:1,,,,dialect:Kurux:kurux2011-A-dima:Dima%20%28Dima%2C%20West%20Bengal%2C%20India%29
B,,dɪn,day,,dɪn,lexical-similarity group 2,"kim-ahmad-kim-sangma2011kurux[wordlist item 28, site 0 Bangla]",,,silkurux2011:i028:0:1,,,,dialect:B:kurux2011-0-bangla:Bangla%20%28Bangla%29
Kurux,,paiɾ( i,morning,,paiɾ( i,lexical-similarity group 1,"kim-ahmad-kim-sangma2011kurux[wordlist item 29, site B Gabindanagar]",,,silkurux2011:i029:B:1,,,,dialect:Kurux:kurux2011-B-gabindanagar:Gabindanagar%20%28Gabindanagar%2C%20Bangladesh%29
Kurux,,paiɾ( i,morning,,paiɾ( i,lexical-similarity group 1,"kim-ahmad-kim-sangma2011kurux[wordlist item 29, site C Boldipukur]",,,silkurux2011:i029:C:1,,,,dialect:Kurux:kurux2011-C-boldipukur:Boldipukur%20%28Boldipukur%2C%20Bangladesh%29
Kurux,,paiɾ( i,morning,,paiɾ( i,lexical-similarity group 1,"kim-ahmad-kim-sangma2011kurux[wordlist item 29, site D Lohanipara]",,,silkurux2011:i029:D:1,,,,dialect:Kurux:kurux2011-D-lohanipara:Lohanipara%20%28Lohanipara%2C%20Bangladesh%29
Kurux,,paiɾ( i,morning,,paiɾ( i,lexical-similarity group 1,"kim-ahmad-kim-sangma2011kurux[wordlist item 29, site E Dulhapur]",,,silkurux2011:i029:E:1,,,,dialect:Kurux:kurux2011-E-dulhapur:Dulhapur%20%28Dulhapur%2C%20Bangladesh%29
Kurux,,phɑiɾi,morning,,phɑiɾi,lexical-similarity group 1,"kim-ahmad-kim-sangma2011kurux[wordlist item 29, site A Dima]",,,silkurux2011:i029:A:1,,,,dialect:Kurux:kurux2011-A-dima:Dima%20%28Dima%2C%20West%20Bengal%2C%20India%29
B,,ʃ kal,morning,,ʃ kal,lexical-similarity group 2,"kim-ahmad-kim-sangma2011kurux[wordlist item 29, site 0 Bangla]",,,silkurux2011:i029:0:1,,,,dialect:B:kurux2011-0-bangla:Bangla%20%28Bangla%29
Kurux,,dupahar,noon,,dupahar,lexical-similarity group 1,"kim-ahmad-kim-sangma2011kurux[wordlist item 30, site C Boldipukur]",,,silkurux2011:i030:C:1,,,,dialect:Kurux:kurux2011-C-boldipukur:Boldipukur%20%28Boldipukur%2C%20Bangladesh%29
Kurux,,dupar,noon,,dupar,lexical-similarity group 1,"kim-ahmad-kim-sangma2011kurux[wordlist item 30, site B Gabindanagar]",,,silkurux2011:i030:B:1,,,,dialect:Kurux:kurux2011-B-gabindanagar:Gabindanagar%20%28Gabindanagar%2C%20Bangladesh%29
Kurux,,dupar,noon,,dupar,lexical-similarity group 1,"kim-ahmad-kim-sangma2011kurux[wordlist item 30, site D Lohanipara]",,,silkurux2011:i030:D:1,,,,dialect:Kurux:kurux2011-D-lohanipara:Lohanipara%20%28Lohanipara%2C%20Bangladesh%29
Kurux,,dupar,noon,,dupar,lexical-similarity group 1,"kim-ahmad-kim-sangma2011kurux[wordlist item 30, site E Dulhapur]",,,silkurux2011:i030:E:1,,,,dialect:Kurux:kurux2011-E-dulhapur:Dulhapur%20%28Dulhapur%2C%20Bangladesh%29
Kurux,,dupar,noon,,dupar,lexical-similarity group 2,"kim-ahmad-kim-sangma2011kurux[wordlist item 30, site B Gabindanagar]",,,silkurux2011:i030:B:2,,,,dialect:Kurux:kurux2011-B-gabindanagar:Gabindanagar%20%28Gabindanagar%2C%20Bangladesh%29
Kurux,,dupar,noon,,dupar,lexical-similarity group 2,"kim-ahmad-kim-sangma2011kurux[wordlist item 30, site D Lohanipara]",,,silkurux2011:i030:D:2,,,,dialect:Kurux:kurux2011-D-lohanipara:Lohanipara%20%28Lohanipara%2C%20Bangladesh%29
Kurux,,dupar,noon,,dupar,lexical-similarity group 2,"kim-ahmad-kim-sangma2011kurux[wordlist item 30, site E Dulhapur]",,,silkurux2011:i030:E:2,,,,dialect:Kurux:kurux2011-E-dulhapur:Dulhapur%20%28Dulhapur%2C%20Bangladesh%29
B,,dupur,noon,,dupur,lexical-similarity group 2,"kim-ahmad-kim-sangma2011kurux[wordlist item 30, site 0 Bangla]",,,silkurux2011:i030:0:1,,,,dialect:B:kurux2011-0-bangla:Bangla%20%28Bangla%29
Kurux,,mɑxɑb,night,,mɑxɑb,lexical-similarity group 1,"kim-ahmad-kim-sangma2011kurux[wordlist item 32, site A Dima]",,,silkurux2011:i032:A:1,,,,dialect:Kurux:kurux2011-A-dima:Dima%20%28Dima%2C%20West%20Bengal%2C%20India%29
Kurux,,maxa,night,,maxa,lexical-similarity group 1,"kim-ahmad-kim-sangma2011kurux[wordlist item 32, site B Gabindanagar]",,,silkurux2011:i032:B:1,,,,dialect:Kurux:kurux2011-B-gabindanagar:Gabindanagar%20%28Gabindanagar%2C%20Bangladesh%29
Kurux,,maxa,night,,maxa,lexical-similarity group 1,"kim-ahmad-kim-sangma2011kurux[wordlist item 32, site C Boldipukur]",,,silkurux2011:i032:C:1,,,,dialect:Kurux:kurux2011-C-boldipukur:Boldipukur%20%28Boldipukur%2C%20Bangladesh%29
Kurux,,maxa,night,,maxa,lexical-similarity group 1,"kim-ahmad-kim-sangma2011kurux[wordlist item 32, site D Lohanipara]",,,silkurux2011:i032:D:1,,,,dialect:Kurux:kurux2011-D-lohanipara:Lohanipara%20%28Lohanipara%2C%20Bangladesh%29
Kurux,,maxa,night,,maxa,lexical-similarity group 1,"kim-ahmad-kim-sangma2011kurux[wordlist item 32, site E Dulhapur]",,,silkurux2011:i032:E:1,,,,dialect:Kurux:kurux2011-E-dulhapur:Dulhapur%20%28Dulhapur%2C%20Bangladesh%29
B,,rat,night,,rat,lexical-similarity group 2,"kim-ahmad-kim-sangma2011kurux[wordlist item 32, site 0 Bangla]",,,silkurux2011:i032:0:1,,,,dialect:B:kurux2011-0-bangla:Bangla%20%28Bangla%29
Kurux,,xɛs,paddy rice,,xɛs,lexical-similarity group 1,"kim-ahmad-kim-sangma2011kurux[wordlist item 33, site C Boldipukur]",,,silkurux2011:i033:C:1,,,,dialect:Kurux:kurux2011-C-boldipukur:Boldipukur%20%28Boldipukur%2C%20Bangladesh%29
Kurux,,xɛʃɛ,paddy rice,,xɛʃɛ,lexical-similarity group 1,"kim-ahmad-kim-sangma2011kurux[wordlist item 33, site B Gabindanagar]",,,silkurux2011:i033:B:1,,,,dialect:Kurux:kurux2011-B-gabindanagar:Gabindanagar%20%28Gabindanagar%2C%20Bangladesh%29
Kurux,,xɛʃɛ,paddy rice,,xɛʃɛ,lexical-similarity group 1,"kim-ahmad-kim-sangma2011kurux[wordlist item 33, site E Dulhapur]",,,silkurux2011:i033:E:1,,,,dialect:Kurux:kurux2011-E-dulhapur:Dulhapur%20%28Dulhapur%2C%20Bangladesh%29
Kurux,,xɛsɛ,paddy rice,,xɛsɛ,lexical-similarity group 1,"kim-ahmad-kim-sangma2011kurux[wordlist item 33, site D Lohanipara]",,,silkurux2011:i033:D:1,,,,dialect:Kurux:kurux2011-D-lohanipara:Lohanipara%20%28Lohanipara%2C%20Bangladesh%29
B,,dhan,paddy rice,,dhan,lexical-similarity group 2,"kim-ahmad-kim-sangma2011kurux[wordlist item 33, site 0 Bangla]",,,silkurux2011:i033:0:1,,,,dialect:B:kurux2011-0-bangla:Bangla%20%28Bangla%29
Kurux,,tihil,uncooked rice,,tihil,lexical-similarity group 1,"kim-ahmad-kim-sangma2011kurux[wordlist item 34, site E Dulhapur]",,,silkurux2011:i034:E:1,,,,dialect:Kurux:kurux2011-E-dulhapur:Dulhapur%20%28Dulhapur%2C%20Bangladesh%29
Kurux,,tixil,uncooked rice,,tixil,lexical-similarity group 1,"kim-ahmad-kim-sangma2011kurux[wordlist item 34, site B Gabindanagar]",,,silkurux2011:i034:B:1,,,,dialect:Kurux:kurux2011-B-gabindanagar:Gabindanagar%20%28Gabindanagar%2C%20Bangladesh%29
Kurux,,tixil,uncooked rice,,tixil,lexical-similarity group 1,"kim-ahmad-kim-sangma2011kurux[wordlist item 34, site C Boldipukur]",,,silkurux2011:i034:C:1,,,,dialect:Kurux:kurux2011-C-boldipukur:Boldipukur%20%28Boldipukur%2C%20Bangladesh%29
Kurux,,tixil,uncooked rice,,tixil,lexical-similarity group 1,"kim-ahmad-kim-sangma2011kurux[wordlist item 34, site D Lohanipara]",,,silkurux2011:i034:D:1,,,,dialect:Kurux:kurux2011-D-lohanipara:Lohanipara%20%28Lohanipara%2C%20Bangladesh%29
B,,tʃal,uncooked rice,,tʃal,lexical-similarity group 2,"kim-ahmad-kim-sangma2011kurux[wordlist item 34, site 0 Bangla]",,,silkurux2011:i034:0:1,,,,dialect:B:kurux2011-0-bangla:Bangla%20%28Bangla%29
Kurux,,mɑndi,cooked rice,,mɑndi,lexical-similarity group 1,"kim-ahmad-kim-sangma2011kurux[wordlist item 35, site C Boldipukur]",,,silkurux2011:i035:C:1,,,,dialect:Kurux:kurux2011-C-boldipukur:Boldipukur%20%28Boldipukur%2C%20Bangladesh%29
Kurux,,mandi,cooked rice,,mandi,lexical-similarity group 1,"kim-ahmad-kim-sangma2011kurux[wordlist item 35, site B Gabindanagar]",,,silkurux2011:i035:B:1,,,,dialect:Kurux:kurux2011-B-gabindanagar:Gabindanagar%20%28Gabindanagar%2C%20Bangladesh%29
Kurux,,mandi,cooked rice,,mandi,lexical-similarity group 1,"kim-ahmad-kim-sangma2011kurux[wordlist item 35, site D Lohanipara]",,,silkurux2011:i035:D:1,,,,dialect:Kurux:kurux2011-D-lohanipara:Lohanipara%20%28Lohanipara%2C%20Bangladesh%29
Kurux,,mandi,cooked rice,,mandi,lexical-similarity group 1,"kim-ahmad-kim-sangma2011kurux[wordlist item 35, site E Dulhapur]",,,silkurux2011:i035:E:1,,,,dialect:Kurux:kurux2011-E-dulhapur:Dulhapur%20%28Dulhapur%2C%20Bangladesh%29
B,,bhat,cooked rice,,bhat,lexical-similarity group 2,"kim-ahmad-kim-sangma2011kurux[wordlist item 35, site 0 Bangla]",,,silkurux2011:i035:0:1,,,,dialect:B:kurux2011-0-bangla:Bangla%20%28Bangla%29
Kurux,,tɛkhil,cooked rice,,tɛkhil,lexical-similarity group 3,"kim-ahmad-kim-sangma2011kurux[wordlist item 35, site A Dima]",,,silkurux2011:i035:A:1,,,,dialect:Kurux:kurux2011-A-dima:Dima%20%28Dima%2C%20West%20Bengal%2C%20India%29
Kurux,,ɡohəm,wheat,,ɡohəm,lexical-similarity group 1,"kim-ahmad-kim-sangma2011kurux[wordlist item 36, site A Dima]",,,silkurux2011:i036:A:1,,,,dialect:Kurux:kurux2011-A-dima:Dima%20%28Dima%2C%20West%20Bengal%2C%20India%29
Kurux,,ɡohom,wheat,,ɡohom,lexical-similarity group 1,"kim-ahmad-kim-sangma2011kurux[wordlist item 36, site B Gabindanagar]",,,silkurux2011:i036:B:1,,,,dialect:Kurux:kurux2011-B-gabindanagar:Gabindanagar%20%28Gabindanagar%2C%20Bangladesh%29
Kurux,,ɡohom,wheat,,ɡohom,lexical-similarity group 1,"kim-ahmad-kim-sangma2011kurux[wordlist item 36, site C Boldipukur]",,,silkurux2011:i036:C:1,,,,dialect:Kurux:kurux2011-C-boldipukur:Boldipukur%20%28Boldipukur%2C%20Bangladesh%29
Kurux,,ɡohom,wheat,,ɡohom,lexical-similarity group 1,"kim-ahmad-kim-sangma2011kurux[wordlist item 36, site D Lohanipara]",,,silkurux2011:i036:D:1,,,,dialect:Kurux:kurux2011-D-lohanipara:Lohanipara%20%28Lohanipara%2C%20Bangladesh%29
Kurux,,ɡohom,wheat,,ɡohom,lexical-similarity group 1,"kim-ahmad-kim-sangma2011kurux[wordlist item 36, site E Dulhapur]",,,silkurux2011:i036:E:1,,,,dialect:Kurux:kurux2011-E-dulhapur:Dulhapur%20%28Dulhapur%2C%20Bangladesh%29
B,,ɡ m,wheat,,ɡ m,lexical-similarity group 2,"kim-ahmad-kim-sangma2011kurux[wordlist item 36, site 0 Bangla]",,,silkurux2011:i036:0:1,,,,dialect:B:kurux2011-0-bangla:Bangla%20%28Bangla%29
B,,bhutta,corn,,bhutta,lexical-similarity group 2,"kim-ahmad-kim-sangma2011kurux[wordlist item 37, site 0 Bangla]",,,silkurux2011:i037:0:1,,,,dialect:B:kurux2011-0-bangla:Bangla%20%28Bangla%29
Kurux,,ɑlu,potato,,ɑlu,lexical-similarity group 1,"kim-ahmad-kim-sangma2011kurux[wordlist item 38, site A Dima]",,,silkurux2011:i038:A:1,,,,dialect:Kurux:kurux2011-A-dima:Dima%20%28Dima%2C%20West%20Bengal%2C%20India%29
B,,alu,potato,,alu,lexical-similarity group 1,"kim-ahmad-kim-sangma2011kurux[wordlist item 38, site 0 Bangla]",,,silkurux2011:i038:0:1,,,,dialect:B:kurux2011-0-bangla:Bangla%20%28Bangla%29
Kurux,,alu,potato,,alu,lexical-similarity group 1,"kim-ahmad-kim-sangma2011kurux[wordlist item 38, site C Boldipukur]",,,silkurux2011:i038:C:1,,,,dialect:Kurux:kurux2011-C-boldipukur:Boldipukur%20%28Boldipukur%2C%20Bangladesh%29
Kurux,,alu,potato,,alu,lexical-similarity group 1,"kim-ahmad-kim-sangma2011kurux[wordlist item 38, site D Lohanipara]",,,silkurux2011:i038:D:1,,,,dialect:Kurux:kurux2011-D-lohanipara:Lohanipara%20%28Lohanipara%2C%20Bangladesh%29
Kurux,,alua (,potato,,alua (,lexical-similarity group 1,"kim-ahmad-kim-sangma2011kurux[wordlist item 38, site B Gabindanagar]",,,silkurux2011:i038:B:1,,,,dialect:Kurux:kurux2011-B-gabindanagar:Gabindanagar%20%28Gabindanagar%2C%20Bangladesh%29
Kurux,,alua (,potato,,alua (,lexical-similarity group 1,"kim-ahmad-kim-sangma2011kurux[wordlist item 38, site E Dulhapur]",,,silkurux2011:i038:E:1,,,,dialect:Kurux:kurux2011-E-dulhapur:Dulhapur%20%28Dulhapur%2C%20Bangladesh%29
B,,fulkopi,cauliflower,,fulkopi,lexical-similarity group 1,"kim-ahmad-kim-sangma2011kurux[wordlist item 39, site 0 Bangla]",,,silkurux2011:i039:0:1,,,,dialect:B:kurux2011-0-bangla:Bangla%20%28Bangla%29
Kurux,,fulkopi,cauliflower,,fulkopi,lexical-similarity group 1,"kim-ahmad-kim-sangma2011kurux[wordlist item 39, site B Gabindanagar]",,,silkurux2011:i039:B:1,,,,dialect:Kurux:kurux2011-B-gabindanagar:Gabindanagar%20%28Gabindanagar%2C%20Bangladesh%29
Kurux,,fulkopi,cauliflower,,fulkopi,lexical-similarity group 1,"kim-ahmad-kim-sangma2011kurux[wordlist item 39, site C Boldipukur]",,,silkurux2011:i039:C:1,,,,dialect:Kurux:kurux2011-C-boldipukur:Boldipukur%20%28Boldipukur%2C%20Bangladesh%29
Kurux,,fulkopi,cauliflower,,fulkopi,lexical-similarity group 1,"kim-ahmad-kim-sangma2011kurux[wordlist item 39, site D Lohanipara]",,,silkurux2011:i039:D:1,,,,dialect:Kurux:kurux2011-D-lohanipara:Lohanipara%20%28Lohanipara%2C%20Bangladesh%29
Kurux,,fulkopi,cauliflower,,fulkopi,lexical-similarity group 1,"kim-ahmad-kim-sangma2011kurux[wordlist item 39, site E Dulhapur]",,,silkurux2011:i039:E:1,,,,dialect:Kurux:kurux2011-E-dulhapur:Dulhapur%20%28Dulhapur%2C%20Bangladesh%29
B,,badhakopi,cabbage,,badhakopi,lexical-similarity group 1,"kim-ahmad-kim-sangma2011kurux[wordlist item 40, site 0 Bangla]",,,silkurux2011:i040:0:1,,,,dialect:B:kurux2011-0-bangla:Bangla%20%28Bangla%29
Kurux,,badhakopi,cabbage,,badhakopi,lexical-similarity group 1,"kim-ahmad-kim-sangma2011kurux[wordlist item 40, site B Gabindanagar]",,,silkurux2011:i040:B:1,,,,dialect:Kurux:kurux2011-B-gabindanagar:Gabindanagar%20%28Gabindanagar%2C%20Bangladesh%29
Kurux,,badhakopi,cabbage,,badhakopi,lexical-similarity group 1,"kim-ahmad-kim-sangma2011kurux[wordlist item 40, site C Boldipukur]",,,silkurux2011:i040:C:1,,,,dialect:Kurux:kurux2011-C-boldipukur:Boldipukur%20%28Boldipukur%2C%20Bangladesh%29
Kurux,,badhakopi,cabbage,,badhakopi,lexical-similarity group 1,"kim-ahmad-kim-sangma2011kurux[wordlist item 40, site D Lohanipara]",,,silkurux2011:i040:D:1,,,,dialect:Kurux:kurux2011-D-lohanipara:Lohanipara%20%28Lohanipara%2C%20Bangladesh%29
Kurux,,badhakopi,cabbage,,badhakopi,lexical-similarity group 1,"kim-ahmad-kim-sangma2011kurux[wordlist item 40, site E Dulhapur]",,,silkurux2011:i040:E:1,,,,dialect:Kurux:kurux2011-E-dulhapur:Dulhapur%20%28Dulhapur%2C%20Bangladesh%29
Kurux,,bəndəkobi,cabbage,,bəndəkobi,lexical-similarity group 1,"kim-ahmad-kim-sangma2011kurux[wordlist item 40, site A Dima]",,,silkurux2011:i040:A:1,,,,dialect:Kurux:kurux2011-A-dima:Dima%20%28Dima%2C%20West%20Bengal%2C%20India%29
Kurux,,baiɡ( un,eggplant,,baiɡ( un,lexical-similarity group 2,"kim-ahmad-kim-sangma2011kurux[wordlist item 41, site E Dulhapur]",,,silkurux2011:i041:E:1,,,,dialect:Kurux:kurux2011-E-dulhapur:Dulhapur%20%28Dulhapur%2C%20Bangladesh%29
B,,bɛɡun,eggplant,,bɛɡun,lexical-similarity group 2,"kim-ahmad-kim-sangma2011kurux[wordlist item 41, site 0 Bangla]",,,silkurux2011:i041:0:1,,,,dialect:B:kurux2011-0-bangla:Bangla%20%28Bangla%29
Kurux,,bɛɡun,eggplant,,bɛɡun,lexical-similarity group 2,"kim-ahmad-kim-sangma2011kurux[wordlist item 41, site D Lohanipara]",,,silkurux2011:i041:D:1,,,,dialect:Kurux:kurux2011-D-lohanipara:Lohanipara%20%28Lohanipara%2C%20Bangladesh%29
B,,badam,peanut,,badam,lexical-similarity group 1,"kim-ahmad-kim-sangma2011kurux[wordlist item 42, site 0 Bangla]",,,silkurux2011:i042:0:1,,,,dialect:B:kurux2011-0-bangla:Bangla%20%28Bangla%29
Kurux,,badam,peanut,,badam,lexical-similarity group 1,"kim-ahmad-kim-sangma2011kurux[wordlist item 42, site B Gabindanagar]",,,silkurux2011:i042:B:1,,,,dialect:Kurux:kurux2011-B-gabindanagar:Gabindanagar%20%28Gabindanagar%2C%20Bangladesh%29
Kurux,,badam,peanut,,badam,lexical-similarity group 1,"kim-ahmad-kim-sangma2011kurux[wordlist item 42, site C Boldipukur]",,,silkurux2011:i042:C:1,,,,dialect:Kurux:kurux2011-C-boldipukur:Boldipukur%20%28Boldipukur%2C%20Bangladesh%29
Kurux,,badam,peanut,,badam,lexical-similarity group 1,"kim-ahmad-kim-sangma2011kurux[wordlist item 42, site D Lohanipara]",,,silkurux2011:i042:D:1,,,,dialect:Kurux:kurux2011-D-lohanipara:Lohanipara%20%28Lohanipara%2C%20Bangladesh%29
Kurux,,badam,peanut,,badam,lexical-similarity group 1,"kim-ahmad-kim-sangma2011kurux[wordlist item 42, site E Dulhapur]",,,silkurux2011:i042:E:1,,,,dialect:Kurux:kurux2011-E-dulhapur:Dulhapur%20%28Dulhapur%2C%20Bangladesh%29
Kurux,,mɑn,tree,,mɑn,lexical-similarity group 1,"kim-ahmad-kim-sangma2011kurux[wordlist item 43, site A Dima]",,,silkurux2011:i043:A:1,,,,dialect:Kurux:kurux2011-A-dima:Dima%20%28Dima%2C%20West%20Bengal%2C%20India%29
B,,ɡatʃh,tree,,ɡatʃh,lexical-similarity group 2,"kim-ahmad-kim-sangma2011kurux[wordlist item 43, site 0 Bangla]",,,silkurux2011:i043:0:1,,,,dialect:B:kurux2011-0-bangla:Bangla%20%28Bangla%29
Kurux,,daɽa,branch,,daɽa,lexical-similarity group 1,"kim-ahmad-kim-sangma2011kurux[wordlist item 44, site C Boldipukur]",,,silkurux2011:i044:C:1,,,,dialect:Kurux:kurux2011-C-boldipukur:Boldipukur%20%28Boldipukur%2C%20Bangladesh%29
Kurux,,daɽa,branch,,daɽa,lexical-similarity group 1,"kim-ahmad-kim-sangma2011kurux[wordlist item 44, site D Lohanipara]",,,silkurux2011:i044:D:1,,,,dialect:Kurux:kurux2011-D-lohanipara:Lohanipara%20%28Lohanipara%2C%20Bangladesh%29
Kurux,,daɽa,branch,,daɽa,lexical-similarity group 1,"kim-ahmad-kim-sangma2011kurux[wordlist item 44, site E Dulhapur]",,,silkurux2011:i044:E:1,,,,dialect:Kurux:kurux2011-E-dulhapur:Dulhapur%20%28Dulhapur%2C%20Bangladesh%29
Kurux,,daɽi,branch,,daɽi,lexical-similarity group 1,"kim-ahmad-kim-sangma2011kurux[wordlist item 44, site B Gabindanagar]",,,silkurux2011:i044:B:1,,,,dialect:Kurux:kurux2011-B-gabindanagar:Gabindanagar%20%28Gabindanagar%2C%20Bangladesh%29
Kurux,,ɑtkhɑ / ɑtxɑ,leaf,,ɑtkhɑ / ɑtxɑ,lexical-similarity group 1,"kim-ahmad-kim-sangma2011kurux[wordlist item 45, site A Dima]",,,silkurux2011:i045:A:1,,,,dialect:Kurux:kurux2011-A-dima:Dima%20%28Dima%2C%20West%20Bengal%2C%20India%29
Kurux,,atxa,leaf,,atxa,lexical-similarity group 1,"kim-ahmad-kim-sangma2011kurux[wordlist item 45, site B Gabindanagar]",,,silkurux2011:i045:B:1,,,,dialect:Kurux:kurux2011-B-gabindanagar:Gabindanagar%20%28Gabindanagar%2C%20Bangladesh%29
Kurux,,atxa,leaf,,atxa,lexical-similarity group 1,"kim-ahmad-kim-sangma2011kurux[wordlist item 45, site C Boldipukur]",,,silkurux2011:i045:C:1,,,,dialect:Kurux:kurux2011-C-boldipukur:Boldipukur%20%28Boldipukur%2C%20Bangladesh%29
Kurux,,atxa,leaf,,atxa,lexical-similarity group 1,"kim-ahmad-kim-sangma2011kurux[wordlist item 45, site D Lohanipara]",,,silkurux2011:i045:D:1,,,,dialect:Kurux:kurux2011-D-lohanipara:Lohanipara%20%28Lohanipara%2C%20Bangladesh%29
Kurux,,atxa,leaf,,atxa,lexical-similarity group 1,"kim-ahmad-kim-sangma2011kurux[wordlist item 45, site E Dulhapur]",,,silkurux2011:i045:E:1,,,,dialect:Kurux:kurux2011-E-dulhapur:Dulhapur%20%28Dulhapur%2C%20Bangladesh%29
B,,pata,leaf,,pata,lexical-similarity group 2,"kim-ahmad-kim-sangma2011kurux[wordlist item 45, site 0 Bangla]",,,silkurux2011:i045:0:1,,,,dialect:B:kurux2011-0-bangla:Bangla%20%28Bangla%29
Kurux,,attʃɛ,thorn,,attʃɛ,lexical-similarity group 1,"kim-ahmad-kim-sangma2011kurux[wordlist item 46, site B Gabindanagar]",,,silkurux2011:i046:B:1,,,,dialect:Kurux:kurux2011-B-gabindanagar:Gabindanagar%20%28Gabindanagar%2C%20Bangladesh%29
Kurux,,attʃɛ,thorn,,attʃɛ,lexical-similarity group 1,"kim-ahmad-kim-sangma2011kurux[wordlist item 46, site D Lohanipara]",,,silkurux2011:i046:D:1,,,,dialect:Kurux:kurux2011-D-lohanipara:Lohanipara%20%28Lohanipara%2C%20Bangladesh%29
Kurux,,attʃhɛ,thorn,,attʃhɛ,lexical-similarity group 1,"kim-ahmad-kim-sangma2011kurux[wordlist item 46, site C Boldipukur]",,,silkurux2011:i046:C:1,,,,dialect:Kurux:kurux2011-C-boldipukur:Boldipukur%20%28Boldipukur%2C%20Bangladesh%29
Kurux,,attʃhɛ,thorn,,attʃhɛ,lexical-similarity group 1,"kim-ahmad-kim-sangma2011kurux[wordlist item 46, site E Dulhapur]",,,silkurux2011:i046:E:1,,,,dialect:Kurux:kurux2011-E-dulhapur:Dulhapur%20%28Dulhapur%2C%20Bangladesh%29
B,,kata,thorn,,kata,lexical-similarity group 2,"kim-ahmad-kim-sangma2011kurux[wordlist item 46, site 0 Bangla]",,,silkurux2011:i046:0:1,,,,dialect:B:kurux2011-0-bangla:Bangla%20%28Bangla%29
Kurux,,ɑtʃh,thorn,,ɑtʃh,lexical-similarity group 3,"kim-ahmad-kim-sangma2011kurux[wordlist item 46, site A Dima]",,,silkurux2011:i046:A:1,,,,dialect:Kurux:kurux2011-A-dima:Dima%20%28Dima%2C%20West%20Bengal%2C%20India%29
Kurux,,pɑdər,root,,pɑdər,lexical-similarity group 1,"kim-ahmad-kim-sangma2011kurux[wordlist item 47, site A Dima]",,,silkurux2011:i047:A:1,,,,dialect:Kurux:kurux2011-A-dima:Dima%20%28Dima%2C%20West%20Bengal%2C%20India%29
Kurux,,pada,root,,pada,lexical-similarity group 1,"kim-ahmad-kim-sangma2011kurux[wordlist item 47, site B Gabindanagar]",,,silkurux2011:i047:B:1,,,,dialect:Kurux:kurux2011-B-gabindanagar:Gabindanagar%20%28Gabindanagar%2C%20Bangladesh%29
Kurux,,pada,root,,pada,lexical-similarity group 1,"kim-ahmad-kim-sangma2011kurux[wordlist item 47, site C Boldipukur]",,,silkurux2011:i047:C:1,,,,dialect:Kurux:kurux2011-C-boldipukur:Boldipukur%20%28Boldipukur%2C%20Bangladesh%29
Kurux,,pada,root,,pada,lexical-similarity group 1,"kim-ahmad-kim-sangma2011kurux[wordlist item 47, site D Lohanipara]",,,silkurux2011:i047:D:1,,,,dialect:Kurux:kurux2011-D-lohanipara:Lohanipara%20%28Lohanipara%2C%20Bangladesh%29
Kurux,,pada,root,,pada,lexical-similarity group 1,"kim-ahmad-kim-sangma2011kurux[wordlist item 47, site E Dulhapur]",,,silkurux2011:i047:E:1,,,,dialect:Kurux:kurux2011-E-dulhapur:Dulhapur%20%28Dulhapur%2C%20Bangladesh%29
B,,mul,root,,mul,lexical-similarity group 2,"kim-ahmad-kim-sangma2011kurux[wordlist item 47, site 0 Bangla]",,,silkurux2011:i047:0:1,,,,dialect:B:kurux2011-0-bangla:Bangla%20%28Bangla%29
Kurux,,phal,fruit,,phal,lexical-similarity group 2,"kim-ahmad-kim-sangma2011kurux[wordlist item 49, site E Dulhapur]",,,silkurux2011:i049:E:1,,,,dialect:Kurux:kurux2011-E-dulhapur:Dulhapur%20%28Dulhapur%2C%20Bangladesh%29
B,,f l,fruit,,f l,lexical-similarity group 3,"kim-ahmad-kim-sangma2011kurux[wordlist item 49, site 0 Bangla]",,,silkurux2011:i049:0:1,,,,dialect:B:kurux2011-0-bangla:Bangla%20%28Bangla%29
Kurux,,ɡathaɽa,jackfruit,,ɡathaɽa,lexical-similarity group 1,"kim-ahmad-kim-sangma2011kurux[wordlist item 50, site C Boldipukur]",,,silkurux2011:i050:C:1,,,,dialect:Kurux:kurux2011-C-boldipukur:Boldipukur%20%28Boldipukur%2C%20Bangladesh%29
Kurux,,ɡathaɽa,jackfruit,,ɡathaɽa,lexical-similarity group 1,"kim-ahmad-kim-sangma2011kurux[wordlist item 50, site D Lohanipara]",,,silkurux2011:i050:D:1,,,,dialect:Kurux:kurux2011-D-lohanipara:Lohanipara%20%28Lohanipara%2C%20Bangladesh%29
Kurux,,ɡathaɾa,jackfruit,,ɡathaɾa,lexical-similarity group 1,"kim-ahmad-kim-sangma2011kurux[wordlist item 50, site B Gabindanagar]",,,silkurux2011:i050:B:1,,,,dialect:Kurux:kurux2011-B-gabindanagar:Gabindanagar%20%28Gabindanagar%2C%20Bangladesh%29
Kurux,,ɡathɽa,jackfruit,,ɡathɽa,lexical-similarity group 1,"kim-ahmad-kim-sangma2011kurux[wordlist item 50, site E Dulhapur]",,,silkurux2011:i050:E:1,,,,dialect:Kurux:kurux2011-E-dulhapur:Dulhapur%20%28Dulhapur%2C%20Bangladesh%29
Kurux,,ɡathaɽa,jackfruit,,ɡathaɽa,lexical-similarity group 2,"kim-ahmad-kim-sangma2011kurux[wordlist item 50, site C Boldipukur]",,,silkurux2011:i050:C:2,,,,dialect:Kurux:kurux2011-C-boldipukur:Boldipukur%20%28Boldipukur%2C%20Bangladesh%29
Kurux,,ɡathaɽa,jackfruit,,ɡathaɽa,lexical-similarity group 2,"kim-ahmad-kim-sangma2011kurux[wordlist item 50, site D Lohanipara]",,,silkurux2011:i050:D:2,,,,dialect:Kurux:kurux2011-D-lohanipara:Lohanipara%20%28Lohanipara%2C%20Bangladesh%29
Kurux,,ɡathaɾa,jackfruit,,ɡathaɾa,lexical-similarity group 2,"kim-ahmad-kim-sangma2011kurux[wordlist item 50, site B Gabindanagar]",,,silkurux2011:i050:B:2,,,,dialect:Kurux:kurux2011-B-gabindanagar:Gabindanagar%20%28Gabindanagar%2C%20Bangladesh%29
B,,kathal,jackfruit,,kathal,lexical-similarity group 2,"kim-ahmad-kim-sangma2011kurux[wordlist item 50, site 0 Bangla]",,,silkurux2011:i050:0:1,,,,dialect:B:kurux2011-0-bangla:Bangla%20%28Bangla%29
B,,naɾikɛl,coconut (ripe),,naɾikɛl,lexical-similarity group 1,"kim-ahmad-kim-sangma2011kurux[wordlist item 51, site 0 Bangla]",,,silkurux2011:i051:0:1,,,,dialect:B:kurux2011-0-bangla:Bangla%20%28Bangla%29
Kurux,,naɾikɛl,coconut (ripe),,naɾikɛl,lexical-similarity group 1,"kim-ahmad-kim-sangma2011kurux[wordlist item 51, site B Gabindanagar]",,,silkurux2011:i051:B:1,,,,dialect:Kurux:kurux2011-B-gabindanagar:Gabindanagar%20%28Gabindanagar%2C%20Bangladesh%29
Kurux,,naɾikɛl,coconut (ripe),,naɾikɛl,lexical-similarity group 1,"kim-ahmad-kim-sangma2011kurux[wordlist item 51, site C Boldipukur]",,,silkurux2011:i051:C:1,,,,dialect:Kurux:kurux2011-C-boldipukur:Boldipukur%20%28Boldipukur%2C%20Bangladesh%29
Kurux,,naɾikɛl,coconut (ripe),,naɾikɛl,lexical-similarity group 1,"kim-ahmad-kim-sangma2011kurux[wordlist item 51, site D Lohanipara]",,,silkurux2011:i051:D:1,,,,dialect:Kurux:kurux2011-D-lohanipara:Lohanipara%20%28Lohanipara%2C%20Bangladesh%29
Kurux,,naɾikɛl,coconut (ripe),,naɾikɛl,lexical-similarity group 1,"kim-ahmad-kim-sangma2011kurux[wordlist item 51, site E Dulhapur]",,,silkurux2011:i051:E:1,,,,dialect:Kurux:kurux2011-E-dulhapur:Dulhapur%20%28Dulhapur%2C%20Bangladesh%29
B,,k la,banana,,k la,lexical-similarity group 1,"kim-ahmad-kim-sangma2011kurux[wordlist item 52, site 0 Bangla]",,,silkurux2011:i052:0:1,,,,dialect:B:kurux2011-0-bangla:Bangla%20%28Bangla%29
Kurux,,k la,banana,,k la,lexical-similarity group 1,"kim-ahmad-kim-sangma2011kurux[wordlist item 52, site B Gabindanagar]",,,silkurux2011:i052:B:1,,,,dialect:Kurux:kurux2011-B-gabindanagar:Gabindanagar%20%28Gabindanagar%2C%20Bangladesh%29
Kurux,,k la,banana,,k la,lexical-similarity group 1,"kim-ahmad-kim-sangma2011kurux[wordlist item 52, site C Boldipukur]",,,silkurux2011:i052:C:1,,,,dialect:Kurux:kurux2011-C-boldipukur:Boldipukur%20%28Boldipukur%2C%20Bangladesh%29
Kurux,,k la,banana,,k la,lexical-similarity group 1,"kim-ahmad-kim-sangma2011kurux[wordlist item 52, site D Lohanipara]",,,silkurux2011:i052:D:1,,,,dialect:Kurux:kurux2011-D-lohanipara:Lohanipara%20%28Lohanipara%2C%20Bangladesh%29
Kurux,,k la,banana,,k la,lexical-similarity group 1,"kim-ahmad-kim-sangma2011kurux[wordlist item 52, site E Dulhapur]",,,silkurux2011:i052:E:1,,,,dialect:Kurux:kurux2011-E-dulhapur:Dulhapur%20%28Dulhapur%2C%20Bangladesh%29
Kurux,,keɾɑ,banana,,keɾɑ,lexical-similarity group 1,"kim-ahmad-kim-sangma2011kurux[wordlist item 52, site A Dima]",,,silkurux2011:i052:A:1,,,,dialect:Kurux:kurux2011-A-dima:Dima%20%28Dima%2C%20West%20Bengal%2C%20India%29
Kurux,,tatxa,mango,,tatxa,lexical-similarity group 1,"kim-ahmad-kim-sangma2011kurux[wordlist item 53, site B Gabindanagar]",,,silkurux2011:i053:B:1,,,,dialect:Kurux:kurux2011-B-gabindanagar:Gabindanagar%20%28Gabindanagar%2C%20Bangladesh%29
Kurux,,tatxa,mango,,tatxa,lexical-similarity group 1,"kim-ahmad-kim-sangma2011kurux[wordlist item 53, site C Boldipukur]",,,silkurux2011:i053:C:1,,,,dialect:Kurux:kurux2011-C-boldipukur:Boldipukur%20%28Boldipukur%2C%20Bangladesh%29
Kurux,,tatxa,mango,,tatxa,lexical-similarity group 1,"kim-ahmad-kim-sangma2011kurux[wordlist item 53, site D Lohanipara]",,,silkurux2011:i053:D:1,,,,dialect:Kurux:kurux2011-D-lohanipara:Lohanipara%20%28Lohanipara%2C%20Bangladesh%29
Kurux,,tatxa,mango,,tatxa,lexical-similarity group 1,"kim-ahmad-kim-sangma2011kurux[wordlist item 53, site E Dulhapur]",,,silkurux2011:i053:E:1,,,,dialect:Kurux:kurux2011-E-dulhapur:Dulhapur%20%28Dulhapur%2C%20Bangladesh%29
Kurux,,tətkɑ / tətxɑ,mango,,tətkɑ / tətxɑ,lexical-similarity group 1,"kim-ahmad-kim-sangma2011kurux[wordlist item 53, site A Dima]",,,silkurux2011:i053:A:1,,,,dialect:Kurux:kurux2011-A-dima:Dima%20%28Dima%2C%20West%20Bengal%2C%20India%29
B,,am,mango,,am,lexical-similarity group 2,"kim-ahmad-kim-sangma2011kurux[wordlist item 53, site 0 Bangla]",,,silkurux2011:i053:0:1,,,,dialect:B:kurux2011-0-bangla:Bangla%20%28Bangla%29
Kurux,,pup,flower,,pup,lexical-similarity group 1,"kim-ahmad-kim-sangma2011kurux[wordlist item 54, site B Gabindanagar]",,,silkurux2011:i054:B:1,,,,dialect:Kurux:kurux2011-B-gabindanagar:Gabindanagar%20%28Gabindanagar%2C%20Bangladesh%29
Kurux,,pup,flower,,pup,lexical-similarity group 1,"kim-ahmad-kim-sangma2011kurux[wordlist item 54, site C Boldipukur]",,,silkurux2011:i054:C:1,,,,dialect:Kurux:kurux2011-C-boldipukur:Boldipukur%20%28Boldipukur%2C%20Bangladesh%29
Kurux,,pup,flower,,pup,lexical-similarity group 1,"kim-ahmad-kim-sangma2011kurux[wordlist item 54, site D Lohanipara]",,,silkurux2011:i054:D:1,,,,dialect:Kurux:kurux2011-D-lohanipara:Lohanipara%20%28Lohanipara%2C%20Bangladesh%29
Kurux,,pup,flower,,pup,lexical-similarity group 1,"kim-ahmad-kim-sangma2011kurux[wordlist item 54, site E Dulhapur]",,,silkurux2011:i054:E:1,,,,dialect:Kurux:kurux2011-E-dulhapur:Dulhapur%20%28Dulhapur%2C%20Bangladesh%29
B,,ful,flower,,ful,lexical-similarity group 2,"kim-ahmad-kim-sangma2011kurux[wordlist item 54, site 0 Bangla]",,,silkurux2011:i054:0:1,,,,dialect:B:kurux2011-0-bangla:Bangla%20%28Bangla%29
B,,bidʒ,seed,,bidʒ,lexical-similarity group 1,"kim-ahmad-kim-sangma2011kurux[wordlist item 55, site 0 Bangla]",,,silkurux2011:i055:0:1,,,,dialect:B:kurux2011-0-bangla:Bangla%20%28Bangla%29
Kurux,,bitʃi,seed,,bitʃi,lexical-similarity group 1,"kim-ahmad-kim-sangma2011kurux[wordlist item 55, site B Gabindanagar]",,,silkurux2011:i055:B:1,,,,dialect:Kurux:kurux2011-B-gabindanagar:Gabindanagar%20%28Gabindanagar%2C%20Bangladesh%29
Kurux,,bihini,seed,,bihini,lexical-similarity group 2,"kim-ahmad-kim-sangma2011kurux[wordlist item 55, site C Boldipukur]",,,silkurux2011:i055:C:1,,,,dialect:Kurux:kurux2011-C-boldipukur:Boldipukur%20%28Boldipukur%2C%20Bangladesh%29
Kurux,,bihini,seed,,bihini,lexical-similarity group 2,"kim-ahmad-kim-sangma2011kurux[wordlist item 55, site D Lohanipara]",,,silkurux2011:i055:D:1,,,,dialect:Kurux:kurux2011-D-lohanipara:Lohanipara%20%28Lohanipara%2C%20Bangladesh%29
Kurux,,bihini,seed,,bihini,lexical-similarity group 2,"kim-ahmad-kim-sangma2011kurux[wordlist item 55, site E Dulhapur]",,,silkurux2011:i055:E:1,,,,dialect:Kurux:kurux2011-E-dulhapur:Dulhapur%20%28Dulhapur%2C%20Bangladesh%29
Kurux,,kuʃar,sugarcane,,kuʃar,lexical-similarity group 1,"kim-ahmad-kim-sangma2011kurux[wordlist item 56, site D Lohanipara]",,,silkurux2011:i056:D:1,,,,dialect:Kurux:kurux2011-D-lohanipara:Lohanipara%20%28Lohanipara%2C%20Bangladesh%29
Kurux,,kuʃaɾi,sugarcane,,kuʃaɾi,lexical-similarity group 1,"kim-ahmad-kim-sangma2011kurux[wordlist item 56, site C Boldipukur]",,,silkurux2011:i056:C:1,,,,dialect:Kurux:kurux2011-C-boldipukur:Boldipukur%20%28Boldipukur%2C%20Bangladesh%29
Kurux,,kusaɾi,sugarcane,,kusaɾi,lexical-similarity group 1,"kim-ahmad-kim-sangma2011kurux[wordlist item 56, site B Gabindanagar]",,,silkurux2011:i056:B:1,,,,dialect:Kurux:kurux2011-B-gabindanagar:Gabindanagar%20%28Gabindanagar%2C%20Bangladesh%29
B,,akh,sugarcane,,akh,lexical-similarity group 2,"kim-ahmad-kim-sangma2011kurux[wordlist item 56, site 0 Bangla]",,,silkurux2011:i056:0:1,,,,dialect:B:kurux2011-0-bangla:Bangla%20%28Bangla%29
Kurux,,ɡua,betelnut,,ɡua,lexical-similarity group 1,"kim-ahmad-kim-sangma2011kurux[wordlist item 57, site C Boldipukur]",,,silkurux2011:i057:C:1,,,,dialect:Kurux:kurux2011-C-boldipukur:Boldipukur%20%28Boldipukur%2C%20Bangladesh%29
Kurux,,ɡua,betelnut,,ɡua,lexical-similarity group 1,"kim-ahmad-kim-sangma2011kurux[wordlist item 57, site D Lohanipara]",,,silkurux2011:i057:D:1,,,,dialect:Kurux:kurux2011-D-lohanipara:Lohanipara%20%28Lohanipara%2C%20Bangladesh%29
Kurux,,ɡuɛ,betelnut,,ɡuɛ,lexical-similarity group 1,"kim-ahmad-kim-sangma2011kurux[wordlist item 57, site E Dulhapur]",,,silkurux2011:i057:E:1,,,,dialect:Kurux:kurux2011-E-dulhapur:Dulhapur%20%28Dulhapur%2C%20Bangladesh%29
B,,ʃupaɾi,betelnut,,ʃupaɾi,lexical-similarity group 2,"kim-ahmad-kim-sangma2011kurux[wordlist item 57, site 0 Bangla]",,,silkurux2011:i057:0:1,,,,dialect:B:kurux2011-0-bangla:Bangla%20%28Bangla%29
Kurux,,ʃupaɾi,betelnut,,ʃupaɾi,lexical-similarity group 2,"kim-ahmad-kim-sangma2011kurux[wordlist item 57, site B Gabindanagar]",,,silkurux2011:i057:B:1,,,,dialect:Kurux:kurux2011-B-gabindanagar:Gabindanagar%20%28Gabindanagar%2C%20Bangladesh%29
B,,tʃun,lime for betelnut,,tʃun,lexical-similarity group 1,"kim-ahmad-kim-sangma2011kurux[wordlist item 58, site 0 Bangla]",,,silkurux2011:i058:0:1,,,,dialect:B:kurux2011-0-bangla:Bangla%20%28Bangla%29
Kurux,,arkhi,liquor,,arkhi,lexical-similarity group 1,"kim-ahmad-kim-sangma2011kurux[wordlist item 59, site C Boldipukur]",,,silkurux2011:i059:C:1,,,,dialect:Kurux:kurux2011-C-boldipukur:Boldipukur%20%28Boldipukur%2C%20Bangladesh%29
Kurux,,arkhi,liquor,,arkhi,lexical-similarity group 1,"kim-ahmad-kim-sangma2011kurux[wordlist item 59, site E Dulhapur]",,,silkurux2011:i059:E:1,,,,dialect:Kurux:kurux2011-E-dulhapur:Dulhapur%20%28Dulhapur%2C%20Bangladesh%29
Kurux,,boɾoɛ,liquor,,boɾoɛ,lexical-similarity group 2,"kim-ahmad-kim-sangma2011kurux[wordlist item 59, site D Lohanipara]",,,silkurux2011:i059:D:1,,,,dialect:Kurux:kurux2011-D-lohanipara:Lohanipara%20%28Lohanipara%2C%20Bangladesh%29
B,,m d,liquor,,m d,lexical-similarity group 3,"kim-ahmad-kim-sangma2011kurux[wordlist item 59, site 0 Bangla]",,,silkurux2011:i059:0:1,,,,dialect:B:kurux2011-0-bangla:Bangla%20%28Bangla%29
B,,dudh,milk,,dudh,lexical-similarity group 1,"kim-ahmad-kim-sangma2011kurux[wordlist item 60, site 0 Bangla]",,,silkurux2011:i060:0:1,,,,dialect:B:kurux2011-0-bangla:Bangla%20%28Bangla%29
Kurux,,dudh,milk,,dudh,lexical-similarity group 1,"kim-ahmad-kim-sangma2011kurux[wordlist item 60, site A Dima]",,,silkurux2011:i060:A:1,,,,dialect:Kurux:kurux2011-A-dima:Dima%20%28Dima%2C%20West%20Bengal%2C%20India%29
Kurux,,dudhi,milk,,dudhi,lexical-similarity group 1,"kim-ahmad-kim-sangma2011kurux[wordlist item 60, site B Gabindanagar]",,,silkurux2011:i060:B:1,,,,dialect:Kurux:kurux2011-B-gabindanagar:Gabindanagar%20%28Gabindanagar%2C%20Bangladesh%29
Kurux,,dudhi,milk,,dudhi,lexical-similarity group 1,"kim-ahmad-kim-sangma2011kurux[wordlist item 60, site C Boldipukur]",,,silkurux2011:i060:C:1,,,,dialect:Kurux:kurux2011-C-boldipukur:Boldipukur%20%28Boldipukur%2C%20Bangladesh%29
Kurux,,dudhi,milk,,dudhi,lexical-similarity group 1,"kim-ahmad-kim-sangma2011kurux[wordlist item 60, site D Lohanipara]",,,silkurux2011:i060:D:1,,,,dialect:Kurux:kurux2011-D-lohanipara:Lohanipara%20%28Lohanipara%2C%20Bangladesh%29
Kurux,,dudhi,milk,,dudhi,lexical-similarity group 1,"kim-ahmad-kim-sangma2011kurux[wordlist item 60, site E Dulhapur]",,,silkurux2011:i060:E:1,,,,dialect:Kurux:kurux2011-E-dulhapur:Dulhapur%20%28Dulhapur%2C%20Bangladesh%29
Kurux,,iʃun,oil,,iʃun,lexical-similarity group 1,"kim-ahmad-kim-sangma2011kurux[wordlist item 61, site D Lohanipara]",,,silkurux2011:i061:D:1,,,,dialect:Kurux:kurux2011-D-lohanipara:Lohanipara%20%28Lohanipara%2C%20Bangladesh%29
B,,tɛl,oil,,tɛl,lexical-similarity group 2,"kim-ahmad-kim-sangma2011kurux[wordlist item 61, site 0 Bangla]",,,silkurux2011:i061:0:1,,,,dialect:B:kurux2011-0-bangla:Bangla%20%28Bangla%29
Kurux,,ɑhɑɾɑ,meat,,ɑhɑɾɑ,lexical-similarity group 1,"kim-ahmad-kim-sangma2011kurux[wordlist item 62, site A Dima]",,,silkurux2011:i062:A:1,,,,dialect:Kurux:kurux2011-A-dima:Dima%20%28Dima%2C%20West%20Bengal%2C%20India%29
Kurux,,ahaɾa,meat,,ahaɾa,lexical-similarity group 1,"kim-ahmad-kim-sangma2011kurux[wordlist item 62, site C Boldipukur]",,,silkurux2011:i062:C:1,,,,dialect:Kurux:kurux2011-C-boldipukur:Boldipukur%20%28Boldipukur%2C%20Bangladesh%29
Kurux,,ahaɾa,meat,,ahaɾa,lexical-similarity group 1,"kim-ahmad-kim-sangma2011kurux[wordlist item 62, site D Lohanipara]",,,silkurux2011:i062:D:1,,,,dialect:Kurux:kurux2011-D-lohanipara:Lohanipara%20%28Lohanipara%2C%20Bangladesh%29
Kurux,,ahaɾa,meat,,ahaɾa,lexical-similarity group 1,"kim-ahmad-kim-sangma2011kurux[wordlist item 62, site E Dulhapur]",,,silkurux2011:i062:E:1,,,,dialect:Kurux:kurux2011-E-dulhapur:Dulhapur%20%28Dulhapur%2C%20Bangladesh%29
Kurux,,ahɛɾa,meat,,ahɛɾa,lexical-similarity group 1,"kim-ahmad-kim-sangma2011kurux[wordlist item 62, site B Gabindanagar]",,,silkurux2011:i062:B:1,,,,dialect:Kurux:kurux2011-B-gabindanagar:Gabindanagar%20%28Gabindanagar%2C%20Bangladesh%29
Kurux,,bɛk,salt,,bɛk,lexical-similarity group 1,"kim-ahmad-kim-sangma2011kurux[wordlist item 63, site B Gabindanagar]",,,silkurux2011:i063:B:1,,,,dialect:Kurux:kurux2011-B-gabindanagar:Gabindanagar%20%28Gabindanagar%2C%20Bangladesh%29
Kurux,,bɛk,salt,,bɛk,lexical-similarity group 1,"kim-ahmad-kim-sangma2011kurux[wordlist item 63, site C Boldipukur]",,,silkurux2011:i063:C:1,,,,dialect:Kurux:kurux2011-C-boldipukur:Boldipukur%20%28Boldipukur%2C%20Bangladesh%29
Kurux,,bɛk,salt,,bɛk,lexical-similarity group 1,"kim-ahmad-kim-sangma2011kurux[wordlist item 63, site D Lohanipara]",,,silkurux2011:i063:D:1,,,,dialect:Kurux:kurux2011-D-lohanipara:Lohanipara%20%28Lohanipara%2C%20Bangladesh%29
Kurux,,bɛk,salt,,bɛk,lexical-similarity group 1,"kim-ahmad-kim-sangma2011kurux[wordlist item 63, site E Dulhapur]",,,silkurux2011:i063:E:1,,,,dialect:Kurux:kurux2011-E-dulhapur:Dulhapur%20%28Dulhapur%2C%20Bangladesh%29
Kurux,,beik,salt,,beik,lexical-similarity group 1,"kim-ahmad-kim-sangma2011kurux[wordlist item 63, site A Dima]",,,silkurux2011:i063:A:1,,,,dialect:Kurux:kurux2011-A-dima:Dima%20%28Dima%2C%20West%20Bengal%2C%20India%29
B,,l bon  /  nun,salt,,l bon  /  nun,lexical-similarity group 2,"kim-ahmad-kim-sangma2011kurux[wordlist item 63, site 0 Bangla]",,,silkurux2011:i063:0:1,,,,dialect:B:kurux2011-0-bangla:Bangla%20%28Bangla%29
Kurux,,ɾɑsəɾi,garlic,,ɾɑsəɾi,lexical-similarity group 1,"kim-ahmad-kim-sangma2011kurux[wordlist item 65, site A Dima]",,,silkurux2011:i065:A:1,,,,dialect:Kurux:kurux2011-A-dima:Dima%20%28Dima%2C%20West%20Bengal%2C%20India%29
Kurux,,ɾasɽi,garlic,,ɾasɽi,lexical-similarity group 1,"kim-ahmad-kim-sangma2011kurux[wordlist item 65, site B Gabindanagar]",,,silkurux2011:i065:B:1,,,,dialect:Kurux:kurux2011-B-gabindanagar:Gabindanagar%20%28Gabindanagar%2C%20Bangladesh%29
Kurux,,rasɽi,garlic,,rasɽi,lexical-similarity group 1,"kim-ahmad-kim-sangma2011kurux[wordlist item 65, site C Boldipukur]",,,silkurux2011:i065:C:1,,,,dialect:Kurux:kurux2011-C-boldipukur:Boldipukur%20%28Boldipukur%2C%20Bangladesh%29
Kurux,,rasɽi,garlic,,rasɽi,lexical-similarity group 1,"kim-ahmad-kim-sangma2011kurux[wordlist item 65, site D Lohanipara]",,,silkurux2011:i065:D:1,,,,dialect:Kurux:kurux2011-D-lohanipara:Lohanipara%20%28Lohanipara%2C%20Bangladesh%29
Kurux,,rasɽi,garlic,,rasɽi,lexical-similarity group 1,"kim-ahmad-kim-sangma2011kurux[wordlist item 65, site E Dulhapur]",,,silkurux2011:i065:E:1,,,,dialect:Kurux:kurux2011-E-dulhapur:Dulhapur%20%28Dulhapur%2C%20Bangladesh%29
B,,r ʃun,garlic,,r ʃun,lexical-similarity group 2,"kim-ahmad-kim-sangma2011kurux[wordlist item 65, site 0 Bangla]",,,silkurux2011:i065:0:1,,,,dialect:B:kurux2011-0-bangla:Bangla%20%28Bangla%29
Kurux,,mɑrtʃa,pepper,,mɑrtʃa,lexical-similarity group 1,"kim-ahmad-kim-sangma2011kurux[wordlist item 66, site C Boldipukur]",,,silkurux2011:i066:C:1,,,,dialect:Kurux:kurux2011-C-boldipukur:Boldipukur%20%28Boldipukur%2C%20Bangladesh%29
Kurux,,mɑrtʃa,pepper,,mɑrtʃa,lexical-similarity group 1,"kim-ahmad-kim-sangma2011kurux[wordlist item 66, site D Lohanipara]",,,silkurux2011:i066:D:1,,,,dialect:Kurux:kurux2011-D-lohanipara:Lohanipara%20%28Lohanipara%2C%20Bangladesh%29
Kurux,,maɾitʃa,pepper,,maɾitʃa,lexical-similarity group 1,"kim-ahmad-kim-sangma2011kurux[wordlist item 66, site B Gabindanagar]",,,silkurux2011:i066:B:1,,,,dialect:Kurux:kurux2011-B-gabindanagar:Gabindanagar%20%28Gabindanagar%2C%20Bangladesh%29
Kurux,,martʃɛ,pepper,,martʃɛ,lexical-similarity group 1,"kim-ahmad-kim-sangma2011kurux[wordlist item 66, site E Dulhapur]",,,silkurux2011:i066:E:1,,,,dialect:Kurux:kurux2011-E-dulhapur:Dulhapur%20%28Dulhapur%2C%20Bangladesh%29
Kurux,,mərtʃɑi,pepper,,mərtʃɑi,lexical-similarity group 1,"kim-ahmad-kim-sangma2011kurux[wordlist item 66, site A Dima]",,,silkurux2011:i066:A:1,,,,dialect:Kurux:kurux2011-A-dima:Dima%20%28Dima%2C%20West%20Bengal%2C%20India%29
Kurux,,maɾitʃa,pepper,,maɾitʃa,lexical-similarity group 2,"kim-ahmad-kim-sangma2011kurux[wordlist item 66, site B Gabindanagar]",,,silkurux2011:i066:B:2,,,,dialect:Kurux:kurux2011-B-gabindanagar:Gabindanagar%20%28Gabindanagar%2C%20Bangladesh%29
B,,moɾɪtʃ,pepper,,moɾɪtʃ,lexical-similarity group 2,"kim-ahmad-kim-sangma2011kurux[wordlist item 66, site 0 Bangla]",,,silkurux2011:i066:0:1,,,,dialect:B:kurux2011-0-bangla:Bangla%20%28Bangla%29
B,,hati,elephant,,hati,lexical-similarity group 1,"kim-ahmad-kim-sangma2011kurux[wordlist item 67, site 0 Bangla]",,,silkurux2011:i067:0:1,,,,dialect:B:kurux2011-0-bangla:Bangla%20%28Bangla%29
Kurux,,hati,elephant,,hati,lexical-similarity group 1,"kim-ahmad-kim-sangma2011kurux[wordlist item 67, site B Gabindanagar]",,,silkurux2011:i067:B:1,,,,dialect:Kurux:kurux2011-B-gabindanagar:Gabindanagar%20%28Gabindanagar%2C%20Bangladesh%29
Kurux,,hati,elephant,,hati,lexical-similarity group 1,"kim-ahmad-kim-sangma2011kurux[wordlist item 67, site C Boldipukur]",,,silkurux2011:i067:C:1,,,,dialect:Kurux:kurux2011-C-boldipukur:Boldipukur%20%28Boldipukur%2C%20Bangladesh%29
Kurux,,hati,elephant,,hati,lexical-similarity group 1,"kim-ahmad-kim-sangma2011kurux[wordlist item 67, site D Lohanipara]",,,silkurux2011:i067:D:1,,,,dialect:Kurux:kurux2011-D-lohanipara:Lohanipara%20%28Lohanipara%2C%20Bangladesh%29
Kurux,,hati,elephant,,hati,lexical-similarity group 1,"kim-ahmad-kim-sangma2011kurux[wordlist item 67, site E Dulhapur]",,,silkurux2011:i067:E:1,,,,dialect:Kurux:kurux2011-E-dulhapur:Dulhapur%20%28Dulhapur%2C%20Bangladesh%29
Kurux,,lakɾa,tiger,,lakɾa,lexical-similarity group 1,"kim-ahmad-kim-sangma2011kurux[wordlist item 68, site B Gabindanagar]",,,silkurux2011:i068:B:1,,,,dialect:Kurux:kurux2011-B-gabindanagar:Gabindanagar%20%28Gabindanagar%2C%20Bangladesh%29
Kurux,,lakɾa,tiger,,lakɾa,lexical-similarity group 1,"kim-ahmad-kim-sangma2011kurux[wordlist item 68, site C Boldipukur]",,,silkurux2011:i068:C:1,,,,dialect:Kurux:kurux2011-C-boldipukur:Boldipukur%20%28Boldipukur%2C%20Bangladesh%29
Kurux,,lakɾa,tiger,,lakɾa,lexical-similarity group 1,"kim-ahmad-kim-sangma2011kurux[wordlist item 68, site D Lohanipara]",,,silkurux2011:i068:D:1,,,,dialect:Kurux:kurux2011-D-lohanipara:Lohanipara%20%28Lohanipara%2C%20Bangladesh%29
Kurux,,lakɾa,tiger,,lakɾa,lexical-similarity group 1,"kim-ahmad-kim-sangma2011kurux[wordlist item 68, site E Dulhapur]",,,silkurux2011:i068:E:1,,,,dialect:Kurux:kurux2011-E-dulhapur:Dulhapur%20%28Dulhapur%2C%20Bangladesh%29
B,,baɡh,tiger,,baɡh,lexical-similarity group 2,"kim-ahmad-kim-sangma2011kurux[wordlist item 68, site 0 Bangla]",,,silkurux2011:i068:0:1,,,,dialect:B:kurux2011-0-bangla:Bangla%20%28Bangla%29
Kurux,,bhalu,bear,,bhalu,lexical-similarity group 1,"kim-ahmad-kim-sangma2011kurux[wordlist item 69, site C Boldipukur]",,,silkurux2011:i069:C:1,,,,dialect:Kurux:kurux2011-C-boldipukur:Boldipukur%20%28Boldipukur%2C%20Bangladesh%29
Kurux,,bhalu,bear,,bhalu,lexical-similarity group 1,"kim-ahmad-kim-sangma2011kurux[wordlist item 69, site D Lohanipara]",,,silkurux2011:i069:D:1,,,,dialect:Kurux:kurux2011-D-lohanipara:Lohanipara%20%28Lohanipara%2C%20Bangladesh%29
B,,bhaluk,bear,,bhaluk,lexical-similarity group 1,"kim-ahmad-kim-sangma2011kurux[wordlist item 69, site 0 Bangla]",,,silkurux2011:i069:0:1,,,,dialect:B:kurux2011-0-bangla:Bangla%20%28Bangla%29
Kurux,,bhaluk,bear,,bhaluk,lexical-similarity group 1,"kim-ahmad-kim-sangma2011kurux[wordlist item 69, site B Gabindanagar]",,,silkurux2011:i069:B:1,,,,dialect:Kurux:kurux2011-B-gabindanagar:Gabindanagar%20%28Gabindanagar%2C%20Bangladesh%29
Kurux,,bhaluk,bear,,bhaluk,lexical-similarity group 1,"kim-ahmad-kim-sangma2011kurux[wordlist item 69, site E Dulhapur]",,,silkurux2011:i069:E:1,,,,dialect:Kurux:kurux2011-E-dulhapur:Dulhapur%20%28Dulhapur%2C%20Bangladesh%29
Kurux,,hɑɾɪn,deer,,hɑɾɪn,lexical-similarity group 1,"kim-ahmad-kim-sangma2011kurux[wordlist item 70, site C Boldipukur]",,,silkurux2011:i070:C:1,,,,dialect:Kurux:kurux2011-C-boldipukur:Boldipukur%20%28Boldipukur%2C%20Bangladesh%29
Kurux,,haɾɪn,deer,,haɾɪn,lexical-similarity group 1,"kim-ahmad-kim-sangma2011kurux[wordlist item 70, site D Lohanipara]",,,silkurux2011:i070:D:1,,,,dialect:Kurux:kurux2011-D-lohanipara:Lohanipara%20%28Lohanipara%2C%20Bangladesh%29
B,,hoɾɪn,deer,,hoɾɪn,lexical-similarity group 1,"kim-ahmad-kim-sangma2011kurux[wordlist item 70, site 0 Bangla]",,,silkurux2011:i070:0:1,,,,dialect:B:kurux2011-0-bangla:Bangla%20%28Bangla%29
Kurux,,hoɾɪn,deer,,hoɾɪn,lexical-similarity group 1,"kim-ahmad-kim-sangma2011kurux[wordlist item 70, site B Gabindanagar]",,,silkurux2011:i070:B:1,,,,dialect:Kurux:kurux2011-B-gabindanagar:Gabindanagar%20%28Gabindanagar%2C%20Bangladesh%29
Kurux,,hoɾɪn,deer,,hoɾɪn,lexical-similarity group 1,"kim-ahmad-kim-sangma2011kurux[wordlist item 70, site E Dulhapur]",,,silkurux2011:i070:E:1,,,,dialect:Kurux:kurux2011-E-dulhapur:Dulhapur%20%28Dulhapur%2C%20Bangladesh%29
Kurux,,bandɾa,monkey,,bandɾa,lexical-similarity group 1,"kim-ahmad-kim-sangma2011kurux[wordlist item 71, site B Gabindanagar]",,,silkurux2011:i071:B:1,,,,dialect:Kurux:kurux2011-B-gabindanagar:Gabindanagar%20%28Gabindanagar%2C%20Bangladesh%29
Kurux,,bandɾa,monkey,,bandɾa,lexical-similarity group 1,"kim-ahmad-kim-sangma2011kurux[wordlist item 71, site C Boldipukur]",,,silkurux2011:i071:C:1,,,,dialect:Kurux:kurux2011-C-boldipukur:Boldipukur%20%28Boldipukur%2C%20Bangladesh%29
Kurux,,bandɾa,monkey,,bandɾa,lexical-similarity group 1,"kim-ahmad-kim-sangma2011kurux[wordlist item 71, site D Lohanipara]",,,silkurux2011:i071:D:1,,,,dialect:Kurux:kurux2011-D-lohanipara:Lohanipara%20%28Lohanipara%2C%20Bangladesh%29
Kurux,,bandɾa,monkey,,bandɾa,lexical-similarity group 1,"kim-ahmad-kim-sangma2011kurux[wordlist item 71, site E Dulhapur]",,,silkurux2011:i071:E:1,,,,dialect:Kurux:kurux2011-E-dulhapur:Dulhapur%20%28Dulhapur%2C%20Bangladesh%29
Kurux,,bəndər,monkey,,bəndər,lexical-similarity group 1,"kim-ahmad-kim-sangma2011kurux[wordlist item 71, site A Dima]",,,silkurux2011:i071:A:1,,,,dialect:Kurux:kurux2011-A-dima:Dima%20%28Dima%2C%20West%20Bengal%2C%20India%29
B,,banor,monkey,,banor,lexical-similarity group 2,"kim-ahmad-kim-sangma2011kurux[wordlist item 71, site 0 Bangla]",,,silkurux2011:i071:0:1,,,,dialect:B:kurux2011-0-bangla:Bangla%20%28Bangla%29
Kurux,,bəndər,monkey,,bəndər,lexical-similarity group 2,"kim-ahmad-kim-sangma2011kurux[wordlist item 71, site A Dima]",,,silkurux2011:i071:A:2,,,,dialect:Kurux:kurux2011-A-dima:Dima%20%28Dima%2C%20West%20Bengal%2C%20India%29
Kurux,,khɛrha,rabbit,,khɛrha,lexical-similarity group 1,"kim-ahmad-kim-sangma2011kurux[wordlist item 72, site C Boldipukur]",,,silkurux2011:i072:C:1,,,,dialect:Kurux:kurux2011-C-boldipukur:Boldipukur%20%28Boldipukur%2C%20Bangladesh%29
Kurux,,khɛrha,rabbit,,khɛrha,lexical-similarity group 1,"kim-ahmad-kim-sangma2011kurux[wordlist item 72, site D Lohanipara]",,,silkurux2011:i072:D:1,,,,dialect:Kurux:kurux2011-D-lohanipara:Lohanipara%20%28Lohanipara%2C%20Bangladesh%29
Kurux,,khɛrha,rabbit,,khɛrha,lexical-similarity group 1,"kim-ahmad-kim-sangma2011kurux[wordlist item 72, site E Dulhapur]",,,silkurux2011:i072:E:1,,,,dialect:Kurux:kurux2011-E-dulhapur:Dulhapur%20%28Dulhapur%2C%20Bangladesh%29
Kurux,,khɛrxa,rabbit,,khɛrxa,lexical-similarity group 1,"kim-ahmad-kim-sangma2011kurux[wordlist item 72, site B Gabindanagar]",,,silkurux2011:i072:B:1,,,,dialect:Kurux:kurux2011-B-gabindanagar:Gabindanagar%20%28Gabindanagar%2C%20Bangladesh%29
B,,kh rɡoʃ,rabbit,,kh rɡoʃ,lexical-similarity group 2,"kim-ahmad-kim-sangma2011kurux[wordlist item 72, site 0 Bangla]",,,silkurux2011:i072:0:1,,,,dialect:B:kurux2011-0-bangla:Bangla%20%28Bangla%29
Kurux,,nɛr,snake,,nɛr,lexical-similarity group 1,"kim-ahmad-kim-sangma2011kurux[wordlist item 73, site A Dima]",,,silkurux2011:i073:A:1,,,,dialect:Kurux:kurux2011-A-dima:Dima%20%28Dima%2C%20West%20Bengal%2C%20India%29
Kurux,,nɛrɛ,snake,,nɛrɛ,lexical-similarity group 1,"kim-ahmad-kim-sangma2011kurux[wordlist item 73, site B Gabindanagar]",,,silkurux2011:i073:B:1,,,,dialect:Kurux:kurux2011-B-gabindanagar:Gabindanagar%20%28Gabindanagar%2C%20Bangladesh%29
Kurux,,nɛrɛ,snake,,nɛrɛ,lexical-similarity group 1,"kim-ahmad-kim-sangma2011kurux[wordlist item 73, site C Boldipukur]",,,silkurux2011:i073:C:1,,,,dialect:Kurux:kurux2011-C-boldipukur:Boldipukur%20%28Boldipukur%2C%20Bangladesh%29
Kurux,,nɛrɛ,snake,,nɛrɛ,lexical-similarity group 1,"kim-ahmad-kim-sangma2011kurux[wordlist item 73, site D Lohanipara]",,,silkurux2011:i073:D:1,,,,dialect:Kurux:kurux2011-D-lohanipara:Lohanipara%20%28Lohanipara%2C%20Bangladesh%29
Kurux,,nɛrɛ,snake,,nɛrɛ,lexical-similarity group 1,"kim-ahmad-kim-sangma2011kurux[wordlist item 73, site E Dulhapur]",,,silkurux2011:i073:E:1,,,,dialect:Kurux:kurux2011-E-dulhapur:Dulhapur%20%28Dulhapur%2C%20Bangladesh%29
B,,ʃap,snake,,ʃap,lexical-similarity group 2,"kim-ahmad-kim-sangma2011kurux[wordlist item 73, site 0 Bangla]",,,silkurux2011:i073:0:1,,,,dialect:B:kurux2011-0-bangla:Bangla%20%28Bangla%29
B,,tɪktɪkki,house lizard,,tɪktɪkki,lexical-similarity group 2,"kim-ahmad-kim-sangma2011kurux[wordlist item 75, site 0 Bangla]",,,silkurux2011:i075:0:1,,,,dialect:B:kurux2011-0-bangla:Bangla%20%28Bangla%29
Kurux,,tɪktɪkki,house lizard,,tɪktɪkki,lexical-similarity group 2,"kim-ahmad-kim-sangma2011kurux[wordlist item 75, site C Boldipukur]",,,silkurux2011:i075:C:1,,,,dialect:Kurux:kurux2011-C-boldipukur:Boldipukur%20%28Boldipukur%2C%20Bangladesh%29
Kurux,,tɪktɪkki,house lizard,,tɪktɪkki,lexical-similarity group 2,"kim-ahmad-kim-sangma2011kurux[wordlist item 75, site E Dulhapur]",,,silkurux2011:i075:E:1,,,,dialect:Kurux:kurux2011-E-dulhapur:Dulhapur%20%28Dulhapur%2C%20Bangladesh%29
Kurux,,katʃhua (,turtle,,katʃhua (,lexical-similarity group 1,"kim-ahmad-kim-sangma2011kurux[wordlist item 76, site B Gabindanagar]",,,silkurux2011:i076:B:1,,,,dialect:Kurux:kurux2011-B-gabindanagar:Gabindanagar%20%28Gabindanagar%2C%20Bangladesh%29
Kurux,,katʃhua (,turtle,,katʃhua (,lexical-similarity group 1,"kim-ahmad-kim-sangma2011kurux[wordlist item 76, site D Lohanipara]",,,silkurux2011:i076:D:1,,,,dialect:Kurux:kurux2011-D-lohanipara:Lohanipara%20%28Lohanipara%2C%20Bangladesh%29
Kurux,,katʃhuɛ (,turtle,,katʃhuɛ (,lexical-similarity group 1,"kim-ahmad-kim-sangma2011kurux[wordlist item 76, site E Dulhapur]",,,silkurux2011:i076:E:1,,,,dialect:Kurux:kurux2011-E-dulhapur:Dulhapur%20%28Dulhapur%2C%20Bangladesh%29
B,,k ttʃhop,turtle,,k ttʃhop,lexical-similarity group 3,"kim-ahmad-kim-sangma2011kurux[wordlist item 76, site 0 Bangla]",,,silkurux2011:i076:0:1,,,,dialect:B:kurux2011-0-bangla:Bangla%20%28Bangla%29
Kurux,,muxa,frog,,muxa,lexical-similarity group 1,"kim-ahmad-kim-sangma2011kurux[wordlist item 77, site C Boldipukur]",,,silkurux2011:i077:C:1,,,,dialect:Kurux:kurux2011-C-boldipukur:Boldipukur%20%28Boldipukur%2C%20Bangladesh%29
Kurux,,muxa,frog,,muxa,lexical-similarity group 1,"kim-ahmad-kim-sangma2011kurux[wordlist item 77, site D Lohanipara]",,,silkurux2011:i077:D:1,,,,dialect:Kurux:kurux2011-D-lohanipara:Lohanipara%20%28Lohanipara%2C%20Bangladesh%29
B,,kukur,dog,,kukur,lexical-similarity group 2,"kim-ahmad-kim-sangma2011kurux[wordlist item 78, site 0 Bangla]",,,silkurux2011:i078:0:1,,,,dialect:B:kurux2011-0-bangla:Bangla%20%28Bangla%29
Kurux,,bɛrxa,cat,,bɛrxa,lexical-similarity group 1,"kim-ahmad-kim-sangma2011kurux[wordlist item 79, site B Gabindanagar]",,,silkurux2011:i079:B:1,,,,dialect:Kurux:kurux2011-B-gabindanagar:Gabindanagar%20%28Gabindanagar%2C%20Bangladesh%29
Kurux,,bɛrxa,cat,,bɛrxa,lexical-similarity group 1,"kim-ahmad-kim-sangma2011kurux[wordlist item 79, site C Boldipukur]",,,silkurux2011:i079:C:1,,,,dialect:Kurux:kurux2011-C-boldipukur:Boldipukur%20%28Boldipukur%2C%20Bangladesh%29
Kurux,,bɛrxa,cat,,bɛrxa,lexical-similarity group 1,"kim-ahmad-kim-sangma2011kurux[wordlist item 79, site D Lohanipara]",,,silkurux2011:i079:D:1,,,,dialect:Kurux:kurux2011-D-lohanipara:Lohanipara%20%28Lohanipara%2C%20Bangladesh%29
Kurux,,bɛrxa,cat,,bɛrxa,lexical-similarity group 1,"kim-ahmad-kim-sangma2011kurux[wordlist item 79, site E Dulhapur]",,,silkurux2011:i079:E:1,,,,dialect:Kurux:kurux2011-E-dulhapur:Dulhapur%20%28Dulhapur%2C%20Bangladesh%29
B,,biɽal,cat,,biɽal,lexical-similarity group 2,"kim-ahmad-kim-sangma2011kurux[wordlist item 79, site 0 Bangla]",,,silkurux2011:i079:0:1,,,,dialect:B:kurux2011-0-bangla:Bangla%20%28Bangla%29
Kurux,,ɑdo,cow,,ɑdo,lexical-similarity group 1,"kim-ahmad-kim-sangma2011kurux[wordlist item 80, site A Dima]",,,silkurux2011:i080:A:1,,,,dialect:Kurux:kurux2011-A-dima:Dima%20%28Dima%2C%20West%20Bengal%2C%20India%29
B,,ɡoɾu,cow,,ɡoɾu,lexical-similarity group 2,"kim-ahmad-kim-sangma2011kurux[wordlist item 80, site 0 Bangla]",,,silkurux2011:i080:0:1,,,,dialect:B:kurux2011-0-bangla:Bangla%20%28Bangla%29
Kurux,,manxa,buffalo,,manxa,lexical-similarity group 1,"kim-ahmad-kim-sangma2011kurux[wordlist item 81, site B Gabindanagar]",,,silkurux2011:i081:B:1,,,,dialect:Kurux:kurux2011-B-gabindanagar:Gabindanagar%20%28Gabindanagar%2C%20Bangladesh%29
Kurux,,manxa,buffalo,,manxa,lexical-similarity group 1,"kim-ahmad-kim-sangma2011kurux[wordlist item 81, site C Boldipukur]",,,silkurux2011:i081:C:1,,,,dialect:Kurux:kurux2011-C-boldipukur:Boldipukur%20%28Boldipukur%2C%20Bangladesh%29
Kurux,,manxa,buffalo,,manxa,lexical-similarity group 1,"kim-ahmad-kim-sangma2011kurux[wordlist item 81, site D Lohanipara]",,,silkurux2011:i081:D:1,,,,dialect:Kurux:kurux2011-D-lohanipara:Lohanipara%20%28Lohanipara%2C%20Bangladesh%29
Kurux,,manxa,buffalo,,manxa,lexical-similarity group 1,"kim-ahmad-kim-sangma2011kurux[wordlist item 81, site E Dulhapur]",,,silkurux2011:i081:E:1,,,,dialect:Kurux:kurux2011-E-dulhapur:Dulhapur%20%28Dulhapur%2C%20Bangladesh%29
B,,mohiʃ,buffalo,,mohiʃ,lexical-similarity group 2,"kim-ahmad-kim-sangma2011kurux[wordlist item 81, site 0 Bangla]",,,silkurux2011:i081:0:1,,,,dialect:B:kurux2011-0-bangla:Bangla%20%28Bangla%29
Kurux,,mɑɾɑk,horn (of buffalo),,mɑɾɑk,lexical-similarity group 1,"kim-ahmad-kim-sangma2011kurux[wordlist item 82, site A Dima]",,,silkurux2011:i082:A:1,,,,dialect:Kurux:kurux2011-A-dima:Dima%20%28Dima%2C%20West%20Bengal%2C%20India%29
Kurux,,xola,tail,,xola,lexical-similarity group 1,"kim-ahmad-kim-sangma2011kurux[wordlist item 83, site A Dima]",,,silkurux2011:i083:A:1,,,,dialect:Kurux:kurux2011-A-dima:Dima%20%28Dima%2C%20West%20Bengal%2C%20India%29
Kurux,,xola,tail,,xola,lexical-similarity group 1,"kim-ahmad-kim-sangma2011kurux[wordlist item 83, site B Gabindanagar]",,,silkurux2011:i083:B:1,,,,dialect:Kurux:kurux2011-B-gabindanagar:Gabindanagar%20%28Gabindanagar%2C%20Bangladesh%29
Kurux,,xola,tail,,xola,lexical-similarity group 1,"kim-ahmad-kim-sangma2011kurux[wordlist item 83, site C Boldipukur]",,,silkurux2011:i083:C:1,,,,dialect:Kurux:kurux2011-C-boldipukur:Boldipukur%20%28Boldipukur%2C%20Bangladesh%29
Kurux,,xola,tail,,xola,lexical-similarity group 1,"kim-ahmad-kim-sangma2011kurux[wordlist item 83, site D Lohanipara]",,,silkurux2011:i083:D:1,,,,dialect:Kurux:kurux2011-D-lohanipara:Lohanipara%20%28Lohanipara%2C%20Bangladesh%29
Kurux,,xola,tail,,xola,lexical-similarity group 1,"kim-ahmad-kim-sangma2011kurux[wordlist item 83, site E Dulhapur]",,,silkurux2011:i083:E:1,,,,dialect:Kurux:kurux2011-E-dulhapur:Dulhapur%20%28Dulhapur%2C%20Bangladesh%29
B,,lɛdʒ,tail,,lɛdʒ,lexical-similarity group 2,"kim-ahmad-kim-sangma2011kurux[wordlist item 83, site 0 Bangla]",,,silkurux2011:i083:0:1,,,,dialect:B:kurux2011-0-bangla:Bangla%20%28Bangla%29
Kurux,,ɛɽa,goat,,ɛɽa,lexical-similarity group 1,"kim-ahmad-kim-sangma2011kurux[wordlist item 84, site B Gabindanagar]",,,silkurux2011:i084:B:1,,,,dialect:Kurux:kurux2011-B-gabindanagar:Gabindanagar%20%28Gabindanagar%2C%20Bangladesh%29
Kurux,,ɛɽa,goat,,ɛɽa,lexical-similarity group 1,"kim-ahmad-kim-sangma2011kurux[wordlist item 84, site C Boldipukur]",,,silkurux2011:i084:C:1,,,,dialect:Kurux:kurux2011-C-boldipukur:Boldipukur%20%28Boldipukur%2C%20Bangladesh%29
Kurux,,ɛɽa,goat,,ɛɽa,lexical-similarity group 1,"kim-ahmad-kim-sangma2011kurux[wordlist item 84, site D Lohanipara]",,,silkurux2011:i084:D:1,,,,dialect:Kurux:kurux2011-D-lohanipara:Lohanipara%20%28Lohanipara%2C%20Bangladesh%29
Kurux,,ɛɽa,goat,,ɛɽa,lexical-similarity group 1,"kim-ahmad-kim-sangma2011kurux[wordlist item 84, site E Dulhapur]",,,silkurux2011:i084:E:1,,,,dialect:Kurux:kurux2011-E-dulhapur:Dulhapur%20%28Dulhapur%2C%20Bangladesh%29
Kurux,,ɛɾɑ,goat,,ɛɾɑ,lexical-similarity group 1,"kim-ahmad-kim-sangma2011kurux[wordlist item 84, site A Dima]",,,silkurux2011:i084:A:1,,,,dialect:Kurux:kurux2011-A-dima:Dima%20%28Dima%2C%20West%20Bengal%2C%20India%29
B,,tʃhaɡol,goat,,tʃhaɡol,lexical-similarity group 2,"kim-ahmad-kim-sangma2011kurux[wordlist item 84, site 0 Bangla]",,,silkurux2011:i084:0:1,,,,dialect:B:kurux2011-0-bangla:Bangla%20%28Bangla%29
Kurux,,kiʃi,pig,,kiʃi,lexical-similarity group 1,"kim-ahmad-kim-sangma2011kurux[wordlist item 85, site B Gabindanagar]",,,silkurux2011:i085:B:1,,,,dialect:Kurux:kurux2011-B-gabindanagar:Gabindanagar%20%28Gabindanagar%2C%20Bangladesh%29
Kurux,,kiʃi,pig,,kiʃi,lexical-similarity group 1,"kim-ahmad-kim-sangma2011kurux[wordlist item 85, site C Boldipukur]",,,silkurux2011:i085:C:1,,,,dialect:Kurux:kurux2011-C-boldipukur:Boldipukur%20%28Boldipukur%2C%20Bangladesh%29
Kurux,,kiʃi,pig,,kiʃi,lexical-similarity group 1,"kim-ahmad-kim-sangma2011kurux[wordlist item 85, site D Lohanipara]",,,silkurux2011:i085:D:1,,,,dialect:Kurux:kurux2011-D-lohanipara:Lohanipara%20%28Lohanipara%2C%20Bangladesh%29
Kurux,,kiʃi,pig,,kiʃi,lexical-similarity group 1,"kim-ahmad-kim-sangma2011kurux[wordlist item 85, site E Dulhapur]",,,silkurux2011:i085:E:1,,,,dialect:Kurux:kurux2011-E-dulhapur:Dulhapur%20%28Dulhapur%2C%20Bangladesh%29
B,,ʃukor,pig,,ʃukor,lexical-similarity group 2,"kim-ahmad-kim-sangma2011kurux[wordlist item 85, site 0 Bangla]",,,silkurux2011:i085:0:1,,,,dialect:B:kurux2011-0-bangla:Bangla%20%28Bangla%29
Kurux,,oʃɡa,rat,,oʃɡa,lexical-similarity group 1,"kim-ahmad-kim-sangma2011kurux[wordlist item 86, site C Boldipukur]",,,silkurux2011:i086:C:1,,,,dialect:Kurux:kurux2011-C-boldipukur:Boldipukur%20%28Boldipukur%2C%20Bangladesh%29
Kurux,,oʃɡa,rat,,oʃɡa,lexical-similarity group 1,"kim-ahmad-kim-sangma2011kurux[wordlist item 86, site D Lohanipara]",,,silkurux2011:i086:D:1,,,,dialect:Kurux:kurux2011-D-lohanipara:Lohanipara%20%28Lohanipara%2C%20Bangladesh%29
Kurux,,oʃɡa,rat,,oʃɡa,lexical-similarity group 1,"kim-ahmad-kim-sangma2011kurux[wordlist item 86, site E Dulhapur]",,,silkurux2011:i086:E:1,,,,dialect:Kurux:kurux2011-E-dulhapur:Dulhapur%20%28Dulhapur%2C%20Bangladesh%29
Kurux,,osɡa,rat,,osɡa,lexical-similarity group 1,"kim-ahmad-kim-sangma2011kurux[wordlist item 86, site B Gabindanagar]",,,silkurux2011:i086:B:1,,,,dialect:Kurux:kurux2011-B-gabindanagar:Gabindanagar%20%28Gabindanagar%2C%20Bangladesh%29
B,,idur,rat,,idur,lexical-similarity group 2,"kim-ahmad-kim-sangma2011kurux[wordlist item 86, site 0 Bangla]",,,silkurux2011:i086:0:1,,,,dialect:B:kurux2011-0-bangla:Bangla%20%28Bangla%29
Kurux,,khɛr,chicken (adult female),,khɛr,lexical-similarity group 1,"kim-ahmad-kim-sangma2011kurux[wordlist item 87, site A Dima]",,,silkurux2011:i087:A:1,,,,dialect:Kurux:kurux2011-A-dima:Dima%20%28Dima%2C%20West%20Bengal%2C%20India%29
Kurux,,xɛr,chicken (adult female),,xɛr,lexical-similarity group 1,"kim-ahmad-kim-sangma2011kurux[wordlist item 87, site B Gabindanagar]",,,silkurux2011:i087:B:1,,,,dialect:Kurux:kurux2011-B-gabindanagar:Gabindanagar%20%28Gabindanagar%2C%20Bangladesh%29
Kurux,,xɛr,chicken (adult female),,xɛr,lexical-similarity group 1,"kim-ahmad-kim-sangma2011kurux[wordlist item 87, site C Boldipukur]",,,silkurux2011:i087:C:1,,,,dialect:Kurux:kurux2011-C-boldipukur:Boldipukur%20%28Boldipukur%2C%20Bangladesh%29
Kurux,,xɛr,chicken (adult female),,xɛr,lexical-similarity group 1,"kim-ahmad-kim-sangma2011kurux[wordlist item 87, site D Lohanipara]",,,silkurux2011:i087:D:1,,,,dialect:Kurux:kurux2011-D-lohanipara:Lohanipara%20%28Lohanipara%2C%20Bangladesh%29
Kurux,,xɛr,chicken (adult female),,xɛr,lexical-similarity group 1,"kim-ahmad-kim-sangma2011kurux[wordlist item 87, site E Dulhapur]",,,silkurux2011:i087:E:1,,,,dialect:Kurux:kurux2011-E-dulhapur:Dulhapur%20%28Dulhapur%2C%20Bangladesh%29
B,,murɡi,chicken (adult female),,murɡi,lexical-similarity group 2,"kim-ahmad-kim-sangma2011kurux[wordlist item 87, site 0 Bangla]",,,silkurux2011:i087:0:1,,,,dialect:B:kurux2011-0-bangla:Bangla%20%28Bangla%29
Kurux,,bi,egg,,bi,lexical-similarity group 1,"kim-ahmad-kim-sangma2011kurux[wordlist item 88, site A Dima]",,,silkurux2011:i088:A:1,,,,dialect:Kurux:kurux2011-A-dima:Dima%20%28Dima%2C%20West%20Bengal%2C%20India%29
Kurux,,bi,egg,,bi,lexical-similarity group 1,"kim-ahmad-kim-sangma2011kurux[wordlist item 88, site B Gabindanagar]",,,silkurux2011:i088:B:1,,,,dialect:Kurux:kurux2011-B-gabindanagar:Gabindanagar%20%28Gabindanagar%2C%20Bangladesh%29
Kurux,,bi,egg,,bi,lexical-similarity group 1,"kim-ahmad-kim-sangma2011kurux[wordlist item 88, site C Boldipukur]",,,silkurux2011:i088:C:1,,,,dialect:Kurux:kurux2011-C-boldipukur:Boldipukur%20%28Boldipukur%2C%20Bangladesh%29
Kurux,,bi,egg,,bi,lexical-similarity group 1,"kim-ahmad-kim-sangma2011kurux[wordlist item 88, site D Lohanipara]",,,silkurux2011:i088:D:1,,,,dialect:Kurux:kurux2011-D-lohanipara:Lohanipara%20%28Lohanipara%2C%20Bangladesh%29
Kurux,,bi,egg,,bi,lexical-similarity group 1,"kim-ahmad-kim-sangma2011kurux[wordlist item 88, site E Dulhapur]",,,silkurux2011:i088:E:1,,,,dialect:Kurux:kurux2011-E-dulhapur:Dulhapur%20%28Dulhapur%2C%20Bangladesh%29
B,,matʃh,fish,,matʃh,lexical-similarity group 2,"kim-ahmad-kim-sangma2011kurux[wordlist item 89, site 0 Bangla]",,,silkurux2011:i089:0:1,,,,dialect:B:kurux2011-0-bangla:Bangla%20%28Bangla%29
Kurux,,ɡɛɽɛ,duck,,ɡɛɽɛ,lexical-similarity group 1,"kim-ahmad-kim-sangma2011kurux[wordlist item 90, site B Gabindanagar]",,,silkurux2011:i090:B:1,,,,dialect:Kurux:kurux2011-B-gabindanagar:Gabindanagar%20%28Gabindanagar%2C%20Bangladesh%29
Kurux,,ɡɛɽɛ,duck,,ɡɛɽɛ,lexical-similarity group 1,"kim-ahmad-kim-sangma2011kurux[wordlist item 90, site C Boldipukur]",,,silkurux2011:i090:C:1,,,,dialect:Kurux:kurux2011-C-boldipukur:Boldipukur%20%28Boldipukur%2C%20Bangladesh%29
Kurux,,ɡɛɽɛ,duck,,ɡɛɽɛ,lexical-similarity group 1,"kim-ahmad-kim-sangma2011kurux[wordlist item 90, site D Lohanipara]",,,silkurux2011:i090:D:1,,,,dialect:Kurux:kurux2011-D-lohanipara:Lohanipara%20%28Lohanipara%2C%20Bangladesh%29
Kurux,,ɡɛɽɛ,duck,,ɡɛɽɛ,lexical-similarity group 1,"kim-ahmad-kim-sangma2011kurux[wordlist item 90, site E Dulhapur]",,,silkurux2011:i090:E:1,,,,dialect:Kurux:kurux2011-E-dulhapur:Dulhapur%20%28Dulhapur%2C%20Bangladesh%29
B,,haʃ,duck,,haʃ,lexical-similarity group 2,"kim-ahmad-kim-sangma2011kurux[wordlist item 90, site 0 Bangla]",,,silkurux2011:i090:0:1,,,,dialect:B:kurux2011-0-bangla:Bangla%20%28Bangla%29
Kurux,,oɽa,bird,,oɽa,lexical-similarity group 1,"kim-ahmad-kim-sangma2011kurux[wordlist item 91, site B Gabindanagar]",,,silkurux2011:i091:B:1,,,,dialect:Kurux:kurux2011-B-gabindanagar:Gabindanagar%20%28Gabindanagar%2C%20Bangladesh%29
Kurux,,oɽa,bird,,oɽa,lexical-similarity group 1,"kim-ahmad-kim-sangma2011kurux[wordlist item 91, site C Boldipukur]",,,silkurux2011:i091:C:1,,,,dialect:Kurux:kurux2011-C-boldipukur:Boldipukur%20%28Boldipukur%2C%20Bangladesh%29
Kurux,,oɽa,bird,,oɽa,lexical-similarity group 1,"kim-ahmad-kim-sangma2011kurux[wordlist item 91, site D Lohanipara]",,,silkurux2011:i091:D:1,,,,dialect:Kurux:kurux2011-D-lohanipara:Lohanipara%20%28Lohanipara%2C%20Bangladesh%29
Kurux,,oɽa,bird,,oɽa,lexical-similarity group 1,"kim-ahmad-kim-sangma2011kurux[wordlist item 91, site E Dulhapur]",,,silkurux2011:i091:E:1,,,,dialect:Kurux:kurux2011-E-dulhapur:Dulhapur%20%28Dulhapur%2C%20Bangladesh%29
B,,pakhi,bird,,pakhi,lexical-similarity group 2,"kim-ahmad-kim-sangma2011kurux[wordlist item 91, site 0 Bangla]",,,silkurux2011:i091:0:1,,,,dialect:B:kurux2011-0-bangla:Bangla%20%28Bangla%29
Kurux,,potʃɡo,insect,,potʃɡo,lexical-similarity group 1,"kim-ahmad-kim-sangma2011kurux[wordlist item 92, site B Gabindanagar]",,,silkurux2011:i092:B:1,,,,dialect:Kurux:kurux2011-B-gabindanagar:Gabindanagar%20%28Gabindanagar%2C%20Bangladesh%29
Kurux,,potʃɡo,insect,,potʃɡo,lexical-similarity group 1,"kim-ahmad-kim-sangma2011kurux[wordlist item 92, site C Boldipukur]",,,silkurux2011:i092:C:1,,,,dialect:Kurux:kurux2011-C-boldipukur:Boldipukur%20%28Boldipukur%2C%20Bangladesh%29
Kurux,,potʃɡo,insect,,potʃɡo,lexical-similarity group 1,"kim-ahmad-kim-sangma2011kurux[wordlist item 92, site D Lohanipara]",,,silkurux2011:i092:D:1,,,,dialect:Kurux:kurux2011-D-lohanipara:Lohanipara%20%28Lohanipara%2C%20Bangladesh%29
Kurux,,potʃɡo,insect,,potʃɡo,lexical-similarity group 1,"kim-ahmad-kim-sangma2011kurux[wordlist item 92, site E Dulhapur]",,,silkurux2011:i092:E:1,,,,dialect:Kurux:kurux2011-E-dulhapur:Dulhapur%20%28Dulhapur%2C%20Bangladesh%29
B,,poka,insect,,poka,lexical-similarity group 2,"kim-ahmad-kim-sangma2011kurux[wordlist item 92, site 0 Bangla]",,,silkurux2011:i092:0:1,,,,dialect:B:kurux2011-0-bangla:Bangla%20%28Bangla%29
Kurux,,umbalo,cockroach,,umbalo,lexical-similarity group 1,"kim-ahmad-kim-sangma2011kurux[wordlist item 93, site B Gabindanagar]",,,silkurux2011:i093:B:1,,,,dialect:Kurux:kurux2011-B-gabindanagar:Gabindanagar%20%28Gabindanagar%2C%20Bangladesh%29
Kurux,,umbalo,cockroach,,umbalo,lexical-similarity group 1,"kim-ahmad-kim-sangma2011kurux[wordlist item 93, site C Boldipukur]",,,silkurux2011:i093:C:1,,,,dialect:Kurux:kurux2011-C-boldipukur:Boldipukur%20%28Boldipukur%2C%20Bangladesh%29
Kurux,,umbalo,cockroach,,umbalo,lexical-similarity group 1,"kim-ahmad-kim-sangma2011kurux[wordlist item 93, site D Lohanipara]",,,silkurux2011:i093:D:1,,,,dialect:Kurux:kurux2011-D-lohanipara:Lohanipara%20%28Lohanipara%2C%20Bangladesh%29
B,,tɛlapoka,cockroach,,tɛlapoka,lexical-similarity group 3,"kim-ahmad-kim-sangma2011kurux[wordlist item 93, site 0 Bangla]",,,silkurux2011:i093:0:1,,,,dialect:B:kurux2011-0-bangla:Bangla%20%28Bangla%29
Kurux,,tini,bee,,tini,lexical-similarity group 1,"kim-ahmad-kim-sangma2011kurux[wordlist item 94, site B Gabindanagar]",,,silkurux2011:i094:B:1,,,,dialect:Kurux:kurux2011-B-gabindanagar:Gabindanagar%20%28Gabindanagar%2C%20Bangladesh%29
Kurux,,tini,bee,,tini,lexical-similarity group 1,"kim-ahmad-kim-sangma2011kurux[wordlist item 94, site D Lohanipara]",,,silkurux2011:i094:D:1,,,,dialect:Kurux:kurux2011-D-lohanipara:Lohanipara%20%28Lohanipara%2C%20Bangladesh%29
Kurux,,tini,bee,,tini,lexical-similarity group 1,"kim-ahmad-kim-sangma2011kurux[wordlist item 94, site E Dulhapur]",,,silkurux2011:i094:E:1,,,,dialect:Kurux:kurux2011-E-dulhapur:Dulhapur%20%28Dulhapur%2C%20Bangladesh%29
Kurux,,bhauɽo,bee,,bhauɽo,lexical-similarity group 2,"kim-ahmad-kim-sangma2011kurux[wordlist item 94, site C Boldipukur]",,,silkurux2011:i094:C:1,,,,dialect:Kurux:kurux2011-C-boldipukur:Boldipukur%20%28Boldipukur%2C%20Bangladesh%29
B,,moum( atʃhi,bee,,moum( atʃhi,lexical-similarity group 3,"kim-ahmad-kim-sangma2011kurux[wordlist item 94, site 0 Bangla]",,,silkurux2011:i094:0:1,,,,dialect:B:kurux2011-0-bangla:Bangla%20%28Bangla%29
B,,matʃhi,fly,,matʃhi,lexical-similarity group 2,"kim-ahmad-kim-sangma2011kurux[wordlist item 95, site 0 Bangla]",,,silkurux2011:i095:0:1,,,,dialect:B:kurux2011-0-bangla:Bangla%20%28Bangla%29
Kurux,,makɾa,spider,,makɾa,lexical-similarity group 1,"kim-ahmad-kim-sangma2011kurux[wordlist item 96, site B Gabindanagar]",,,silkurux2011:i096:B:1,,,,dialect:Kurux:kurux2011-B-gabindanagar:Gabindanagar%20%28Gabindanagar%2C%20Bangladesh%29
Kurux,,makɾa,spider,,makɾa,lexical-similarity group 1,"kim-ahmad-kim-sangma2011kurux[wordlist item 96, site C Boldipukur]",,,silkurux2011:i096:C:1,,,,dialect:Kurux:kurux2011-C-boldipukur:Boldipukur%20%28Boldipukur%2C%20Bangladesh%29
Kurux,,makɾa,spider,,makɾa,lexical-similarity group 1,"kim-ahmad-kim-sangma2011kurux[wordlist item 96, site D Lohanipara]",,,silkurux2011:i096:D:1,,,,dialect:Kurux:kurux2011-D-lohanipara:Lohanipara%20%28Lohanipara%2C%20Bangladesh%29
Kurux,,makɾa,spider,,makɾa,lexical-similarity group 1,"kim-ahmad-kim-sangma2011kurux[wordlist item 96, site E Dulhapur]",,,silkurux2011:i096:E:1,,,,dialect:Kurux:kurux2011-E-dulhapur:Dulhapur%20%28Dulhapur%2C%20Bangladesh%29
Kurux,,məkəɾɑ,spider,,məkəɾɑ,lexical-similarity group 1,"kim-ahmad-kim-sangma2011kurux[wordlist item 96, site A Dima]",,,silkurux2011:i096:A:1,,,,dialect:Kurux:kurux2011-A-dima:Dima%20%28Dima%2C%20West%20Bengal%2C%20India%29
B,,makorʃa,spider,,makorʃa,lexical-similarity group 2,"kim-ahmad-kim-sangma2011kurux[wordlist item 96, site 0 Bangla]",,,silkurux2011:i096:0:1,,,,dialect:B:kurux2011-0-bangla:Bangla%20%28Bangla%29
Kurux,,məkəɾɑ,spider,,məkəɾɑ,lexical-similarity group 2,"kim-ahmad-kim-sangma2011kurux[wordlist item 96, site A Dima]",,,silkurux2011:i096:A:2,,,,dialect:Kurux:kurux2011-A-dima:Dima%20%28Dima%2C%20West%20Bengal%2C%20India%29
Kurux,,pok,ant,,pok,lexical-similarity group 1,"kim-ahmad-kim-sangma2011kurux[wordlist item 97, site A Dima]",,,silkurux2011:i097:A:1,,,,dialect:Kurux:kurux2011-A-dima:Dima%20%28Dima%2C%20West%20Bengal%2C%20India%29
Kurux,,pok,ant,,pok,lexical-similarity group 1,"kim-ahmad-kim-sangma2011kurux[wordlist item 97, site B Gabindanagar]",,,silkurux2011:i097:B:1,,,,dialect:Kurux:kurux2011-B-gabindanagar:Gabindanagar%20%28Gabindanagar%2C%20Bangladesh%29
Kurux,,pok,ant,,pok,lexical-similarity group 1,"kim-ahmad-kim-sangma2011kurux[wordlist item 97, site C Boldipukur]",,,silkurux2011:i097:C:1,,,,dialect:Kurux:kurux2011-C-boldipukur:Boldipukur%20%28Boldipukur%2C%20Bangladesh%29
Kurux,,pok,ant,,pok,lexical-similarity group 1,"kim-ahmad-kim-sangma2011kurux[wordlist item 97, site D Lohanipara]",,,silkurux2011:i097:D:1,,,,dialect:Kurux:kurux2011-D-lohanipara:Lohanipara%20%28Lohanipara%2C%20Bangladesh%29
Kurux,,pok,ant,,pok,lexical-similarity group 1,"kim-ahmad-kim-sangma2011kurux[wordlist item 97, site E Dulhapur]",,,silkurux2011:i097:E:1,,,,dialect:Kurux:kurux2011-E-dulhapur:Dulhapur%20%28Dulhapur%2C%20Bangladesh%29
B,,pipɽa,ant,,pipɽa,lexical-similarity group 2,"kim-ahmad-kim-sangma2011kurux[wordlist item 97, site 0 Bangla]",,,silkurux2011:i097:0:1,,,,dialect:B:kurux2011-0-bangla:Bangla%20%28Bangla%29
Kurux,,bhuʃəɾi,mosquito,,bhuʃəɾi,lexical-similarity group 1,"kim-ahmad-kim-sangma2011kurux[wordlist item 98, site A Dima]",,,silkurux2011:i098:A:1,,,,dialect:Kurux:kurux2011-A-dima:Dima%20%28Dima%2C%20West%20Bengal%2C%20India%29
Kurux,,buʃiɾi,mosquito,,buʃiɾi,lexical-similarity group 1,"kim-ahmad-kim-sangma2011kurux[wordlist item 98, site B Gabindanagar]",,,silkurux2011:i098:B:1,,,,dialect:Kurux:kurux2011-B-gabindanagar:Gabindanagar%20%28Gabindanagar%2C%20Bangladesh%29
Kurux,,buʃuɾi,mosquito,,buʃuɾi,lexical-similarity group 1,"kim-ahmad-kim-sangma2011kurux[wordlist item 98, site C Boldipukur]",,,silkurux2011:i098:C:1,,,,dialect:Kurux:kurux2011-C-boldipukur:Boldipukur%20%28Boldipukur%2C%20Bangladesh%29
Kurux,,buʃuɾi,mosquito,,buʃuɾi,lexical-similarity group 1,"kim-ahmad-kim-sangma2011kurux[wordlist item 98, site D Lohanipara]",,,silkurux2011:i098:D:1,,,,dialect:Kurux:kurux2011-D-lohanipara:Lohanipara%20%28Lohanipara%2C%20Bangladesh%29
Kurux,,buʃuɾi,mosquito,,buʃuɾi,lexical-similarity group 1,"kim-ahmad-kim-sangma2011kurux[wordlist item 98, site E Dulhapur]",,,silkurux2011:i098:E:1,,,,dialect:Kurux:kurux2011-E-dulhapur:Dulhapur%20%28Dulhapur%2C%20Bangladesh%29
B,,m ʃa,mosquito,,m ʃa,lexical-similarity group 2,"kim-ahmad-kim-sangma2011kurux[wordlist item 98, site 0 Bangla]",,,silkurux2011:i098:0:1,,,,dialect:B:kurux2011-0-bangla:Bangla%20%28Bangla%29
Kurux,,kukh,head,,kukh,lexical-similarity group 1,"kim-ahmad-kim-sangma2011kurux[wordlist item 99, site A Dima]",,,silkurux2011:i099:A:1,,,,dialect:Kurux:kurux2011-A-dima:Dima%20%28Dima%2C%20West%20Bengal%2C%20India%29
B,,matha,head,,matha,lexical-similarity group 2,"kim-ahmad-kim-sangma2011kurux[wordlist item 99, site 0 Bangla]",,,silkurux2011:i099:0:1,,,,dialect:B:kurux2011-0-bangla:Bangla%20%28Bangla%29
Kurux,,bɑi,face,,bɑi,lexical-similarity group 2,"kim-ahmad-kim-sangma2011kurux[wordlist item 100, site D Lohanipara]",,,silkurux2011:i100:D:1,,,,dialect:Kurux:kurux2011-D-lohanipara:Lohanipara%20%28Lohanipara%2C%20Bangladesh%29
B,,mukh,face,,mukh,lexical-similarity group 3,"kim-ahmad-kim-sangma2011kurux[wordlist item 100, site 0 Bangla]",,,silkurux2011:i100:0:1,,,,dialect:B:kurux2011-0-bangla:Bangla%20%28Bangla%29
Kurux,,tʃɛɾɑ,face,,tʃɛɾɑ,lexical-similarity group 4,"kim-ahmad-kim-sangma2011kurux[wordlist item 100, site A Dima]",,,silkurux2011:i100:A:1,,,,dialect:Kurux:kurux2011-A-dima:Dima%20%28Dima%2C%20West%20Bengal%2C%20India%29
Kurux,,xɛʃɛr,neck,,xɛʃɛr,lexical-similarity group 1,"kim-ahmad-kim-sangma2011kurux[wordlist item 101, site B Gabindanagar]",,,silkurux2011:i101:B:1,,,,dialect:Kurux:kurux2011-B-gabindanagar:Gabindanagar%20%28Gabindanagar%2C%20Bangladesh%29
Kurux,,xɛʃɛr,neck,,xɛʃɛr,lexical-similarity group 1,"kim-ahmad-kim-sangma2011kurux[wordlist item 101, site C Boldipukur]",,,silkurux2011:i101:C:1,,,,dialect:Kurux:kurux2011-C-boldipukur:Boldipukur%20%28Boldipukur%2C%20Bangladesh%29
Kurux,,xɛʃɛr,neck,,xɛʃɛr,lexical-similarity group 1,"kim-ahmad-kim-sangma2011kurux[wordlist item 101, site D Lohanipara]",,,silkurux2011:i101:D:1,,,,dialect:Kurux:kurux2011-D-lohanipara:Lohanipara%20%28Lohanipara%2C%20Bangladesh%29
Kurux,,xɛʃɛr,neck,,xɛʃɛr,lexical-similarity group 1,"kim-ahmad-kim-sangma2011kurux[wordlist item 101, site E Dulhapur]",,,silkurux2011:i101:E:1,,,,dialect:Kurux:kurux2011-E-dulhapur:Dulhapur%20%28Dulhapur%2C%20Bangladesh%29
B,,ɡ la,neck,,ɡ la,lexical-similarity group 2,"kim-ahmad-kim-sangma2011kurux[wordlist item 101, site 0 Bangla]",,,silkurux2011:i101:0:1,,,,dialect:B:kurux2011-0-bangla:Bangla%20%28Bangla%29
Kurux,,tʃuti,hair,,tʃuti,lexical-similarity group 1,"kim-ahmad-kim-sangma2011kurux[wordlist item 102, site A Dima]",,,silkurux2011:i102:A:1,,,,dialect:Kurux:kurux2011-A-dima:Dima%20%28Dima%2C%20West%20Bengal%2C%20India%29
B,,tʃul,hair,,tʃul,lexical-similarity group 2,"kim-ahmad-kim-sangma2011kurux[wordlist item 102, site 0 Bangla]",,,silkurux2011:i102:0:1,,,,dialect:B:kurux2011-0-bangla:Bangla%20%28Bangla%29
Kurux,,khɑn,eye,,khɑn,lexical-similarity group 1,"kim-ahmad-kim-sangma2011kurux[wordlist item 103, site A Dima]",,,silkurux2011:i103:A:1,,,,dialect:Kurux:kurux2011-A-dima:Dima%20%28Dima%2C%20West%20Bengal%2C%20India%29
Kurux,,xan,eye,,xan,lexical-similarity group 1,"kim-ahmad-kim-sangma2011kurux[wordlist item 103, site B Gabindanagar]",,,silkurux2011:i103:B:1,,,,dialect:Kurux:kurux2011-B-gabindanagar:Gabindanagar%20%28Gabindanagar%2C%20Bangladesh%29
B,,tʃok,eye,,tʃok,lexical-similarity group 2,"kim-ahmad-kim-sangma2011kurux[wordlist item 103, site 0 Bangla]",,,silkurux2011:i103:0:1,,,,dialect:B:kurux2011-0-bangla:Bangla%20%28Bangla%29
Kurux,,muhi,nose,,muhi,lexical-similarity group 1,"kim-ahmad-kim-sangma2011kurux[wordlist item 104, site B Gabindanagar]",,,silkurux2011:i104:B:1,,,,dialect:Kurux:kurux2011-B-gabindanagar:Gabindanagar%20%28Gabindanagar%2C%20Bangladesh%29
Kurux,,muhi,nose,,muhi,lexical-similarity group 1,"kim-ahmad-kim-sangma2011kurux[wordlist item 104, site C Boldipukur]",,,silkurux2011:i104:C:1,,,,dialect:Kurux:kurux2011-C-boldipukur:Boldipukur%20%28Boldipukur%2C%20Bangladesh%29
Kurux,,muhi,nose,,muhi,lexical-similarity group 1,"kim-ahmad-kim-sangma2011kurux[wordlist item 104, site D Lohanipara]",,,silkurux2011:i104:D:1,,,,dialect:Kurux:kurux2011-D-lohanipara:Lohanipara%20%28Lohanipara%2C%20Bangladesh%29
Kurux,,muhi,nose,,muhi,lexical-similarity group 1,"kim-ahmad-kim-sangma2011kurux[wordlist item 104, site E Dulhapur]",,,silkurux2011:i104:E:1,,,,dialect:Kurux:kurux2011-E-dulhapur:Dulhapur%20%28Dulhapur%2C%20Bangladesh%29
B,,nak,nose,,nak,lexical-similarity group 2,"kim-ahmad-kim-sangma2011kurux[wordlist item 104, site 0 Bangla]",,,silkurux2011:i104:0:1,,,,dialect:B:kurux2011-0-bangla:Bangla%20%28Bangla%29
Kurux,,khɛbdɑ,ear,,khɛbdɑ,lexical-similarity group 1,"kim-ahmad-kim-sangma2011kurux[wordlist item 105, site A Dima]",,,silkurux2011:i105:A:1,,,,dialect:Kurux:kurux2011-A-dima:Dima%20%28Dima%2C%20West%20Bengal%2C%20India%29
Kurux,,xɛbda,ear,,xɛbda,lexical-similarity group 1,"kim-ahmad-kim-sangma2011kurux[wordlist item 105, site B Gabindanagar]",,,silkurux2011:i105:B:1,,,,dialect:Kurux:kurux2011-B-gabindanagar:Gabindanagar%20%28Gabindanagar%2C%20Bangladesh%29
Kurux,,xɛbda,ear,,xɛbda,lexical-similarity group 1,"kim-ahmad-kim-sangma2011kurux[wordlist item 105, site C Boldipukur]",,,silkurux2011:i105:C:1,,,,dialect:Kurux:kurux2011-C-boldipukur:Boldipukur%20%28Boldipukur%2C%20Bangladesh%29
Kurux,,xɛbda,ear,,xɛbda,lexical-similarity group 1,"kim-ahmad-kim-sangma2011kurux[wordlist item 105, site D Lohanipara]",,,silkurux2011:i105:D:1,,,,dialect:Kurux:kurux2011-D-lohanipara:Lohanipara%20%28Lohanipara%2C%20Bangladesh%29
Kurux,,xɛbda,ear,,xɛbda,lexical-similarity group 1,"kim-ahmad-kim-sangma2011kurux[wordlist item 105, site E Dulhapur]",,,silkurux2011:i105:E:1,,,,dialect:Kurux:kurux2011-E-dulhapur:Dulhapur%20%28Dulhapur%2C%20Bangladesh%29
B,,kan,ear,,kan,lexical-similarity group 2,"kim-ahmad-kim-sangma2011kurux[wordlist item 105, site 0 Bangla]",,,silkurux2011:i105:0:1,,,,dialect:B:kurux2011-0-bangla:Bangla%20%28Bangla%29
B,,ɡal,cheek,,ɡal,lexical-similarity group 1,"kim-ahmad-kim-sangma2011kurux[wordlist item 106, site 0 Bangla]",,,silkurux2011:i106:0:1,,,,dialect:B:kurux2011-0-bangla:Bangla%20%28Bangla%29
Kurux,,bɑi,mouth,,bɑi,lexical-similarity group 2,"kim-ahmad-kim-sangma2011kurux[wordlist item 108, site A Dima]",,,silkurux2011:i108:A:1,,,,dialect:Kurux:kurux2011-A-dima:Dima%20%28Dima%2C%20West%20Bengal%2C%20India%29
Kurux,,bɑi,mouth,,bɑi,lexical-similarity group 2,"kim-ahmad-kim-sangma2011kurux[wordlist item 108, site D Lohanipara]",,,silkurux2011:i108:D:1,,,,dialect:Kurux:kurux2011-D-lohanipara:Lohanipara%20%28Lohanipara%2C%20Bangladesh%29
Kurux,,bai,mouth,,bai,lexical-similarity group 2,"kim-ahmad-kim-sangma2011kurux[wordlist item 108, site E Dulhapur]",,,silkurux2011:i108:E:1,,,,dialect:Kurux:kurux2011-E-dulhapur:Dulhapur%20%28Dulhapur%2C%20Bangladesh%29
B,,muk,mouth,,muk,lexical-similarity group 3,"kim-ahmad-kim-sangma2011kurux[wordlist item 108, site 0 Bangla]",,,silkurux2011:i108:0:1,,,,dialect:B:kurux2011-0-bangla:Bangla%20%28Bangla%29
Kurux,,tɑrxɑ,tongue,,tɑrxɑ,lexical-similarity group 1,"kim-ahmad-kim-sangma2011kurux[wordlist item 109, site A Dima]",,,silkurux2011:i109:A:1,,,,dialect:Kurux:kurux2011-A-dima:Dima%20%28Dima%2C%20West%20Bengal%2C%20India%29
Kurux,,tatxa,tongue,,tatxa,lexical-similarity group 1,"kim-ahmad-kim-sangma2011kurux[wordlist item 109, site B Gabindanagar]",,,silkurux2011:i109:B:1,,,,dialect:Kurux:kurux2011-B-gabindanagar:Gabindanagar%20%28Gabindanagar%2C%20Bangladesh%29
Kurux,,tatxa,tongue,,tatxa,lexical-similarity group 1,"kim-ahmad-kim-sangma2011kurux[wordlist item 109, site C Boldipukur]",,,silkurux2011:i109:C:1,,,,dialect:Kurux:kurux2011-C-boldipukur:Boldipukur%20%28Boldipukur%2C%20Bangladesh%29
Kurux,,tatxa,tongue,,tatxa,lexical-similarity group 1,"kim-ahmad-kim-sangma2011kurux[wordlist item 109, site D Lohanipara]",,,silkurux2011:i109:D:1,,,,dialect:Kurux:kurux2011-D-lohanipara:Lohanipara%20%28Lohanipara%2C%20Bangladesh%29
Kurux,,tatxa,tongue,,tatxa,lexical-similarity group 1,"kim-ahmad-kim-sangma2011kurux[wordlist item 109, site E Dulhapur]",,,silkurux2011:i109:E:1,,,,dialect:Kurux:kurux2011-E-dulhapur:Dulhapur%20%28Dulhapur%2C%20Bangladesh%29
B,,dʒɪb,tongue,,dʒɪb,lexical-similarity group 2,"kim-ahmad-kim-sangma2011kurux[wordlist item 109, site 0 Bangla]",,,silkurux2011:i109:0:1,,,,dialect:B:kurux2011-0-bangla:Bangla%20%28Bangla%29
Kurux,,pɑl,tooth,,pɑl,lexical-similarity group 1,"kim-ahmad-kim-sangma2011kurux[wordlist item 110, site A Dima]",,,silkurux2011:i110:A:1,,,,dialect:Kurux:kurux2011-A-dima:Dima%20%28Dima%2C%20West%20Bengal%2C%20India%29
Kurux,,ɡirxa,elbow,,ɡirxa,lexical-similarity group 1,"kim-ahmad-kim-sangma2011kurux[wordlist item 111, site B Gabindanagar]",,,silkurux2011:i111:B:1,,,,dialect:Kurux:kurux2011-B-gabindanagar:Gabindanagar%20%28Gabindanagar%2C%20Bangladesh%29
Kurux,,ɡirxa,elbow,,ɡirxa,lexical-similarity group 1,"kim-ahmad-kim-sangma2011kurux[wordlist item 111, site C Boldipukur]",,,silkurux2011:i111:C:1,,,,dialect:Kurux:kurux2011-C-boldipukur:Boldipukur%20%28Boldipukur%2C%20Bangladesh%29
Kurux,,ɡuʃa,elbow,,ɡuʃa,lexical-similarity group 2,"kim-ahmad-kim-sangma2011kurux[wordlist item 111, site D Lohanipara]",,,silkurux2011:i111:D:1,,,,dialect:Kurux:kurux2011-D-lohanipara:Lohanipara%20%28Lohanipara%2C%20Bangladesh%29
Kurux,,moɡɽa,elbow,,moɡɽa,lexical-similarity group 3,"kim-ahmad-kim-sangma2011kurux[wordlist item 111, site E Dulhapur]",,,silkurux2011:i111:E:1,,,,dialect:Kurux:kurux2011-E-dulhapur:Dulhapur%20%28Dulhapur%2C%20Bangladesh%29
B,,konui,elbow,,konui,lexical-similarity group 4,"kim-ahmad-kim-sangma2011kurux[wordlist item 111, site 0 Bangla]",,,silkurux2011:i111:0:1,,,,dialect:B:kurux2011-0-bangla:Bangla%20%28Bangla%29
Kurux,,kɪhini,elbow,,kɪhini,lexical-similarity group 5,"kim-ahmad-kim-sangma2011kurux[wordlist item 111, site A Dima]",,,silkurux2011:i111:A:1,,,,dialect:Kurux:kurux2011-A-dima:Dima%20%28Dima%2C%20West%20Bengal%2C%20India%29
Kurux,,xɛtkhɛ,hand,,xɛtkhɛ,lexical-similarity group 1,"kim-ahmad-kim-sangma2011kurux[wordlist item 112, site B Gabindanagar]",,,silkurux2011:i112:B:1,,,,dialect:Kurux:kurux2011-B-gabindanagar:Gabindanagar%20%28Gabindanagar%2C%20Bangladesh%29
Kurux,,xetkha,hand,,xetkha,lexical-similarity group 1,"kim-ahmad-kim-sangma2011kurux[wordlist item 112, site C Boldipukur]",,,silkurux2011:i112:C:1,,,,dialect:Kurux:kurux2011-C-boldipukur:Boldipukur%20%28Boldipukur%2C%20Bangladesh%29
Kurux,,xetkha,hand,,xetkha,lexical-similarity group 1,"kim-ahmad-kim-sangma2011kurux[wordlist item 112, site D Lohanipara]",,,silkurux2011:i112:D:1,,,,dialect:Kurux:kurux2011-D-lohanipara:Lohanipara%20%28Lohanipara%2C%20Bangladesh%29
Kurux,,xetkha,hand,,xetkha,lexical-similarity group 1,"kim-ahmad-kim-sangma2011kurux[wordlist item 112, site E Dulhapur]",,,silkurux2011:i112:E:1,,,,dialect:Kurux:kurux2011-E-dulhapur:Dulhapur%20%28Dulhapur%2C%20Bangladesh%29
B,,hat,hand,,hat,lexical-similarity group 2,"kim-ahmad-kim-sangma2011kurux[wordlist item 112, site 0 Bangla]",,,silkurux2011:i112:0:1,,,,dialect:B:kurux2011-0-bangla:Bangla%20%28Bangla%29
Kurux,,xɛtkhatala,palm,,xɛtkhatala,lexical-similarity group 1,"kim-ahmad-kim-sangma2011kurux[wordlist item 113, site E Dulhapur]",,,silkurux2011:i113:E:1,,,,dialect:Kurux:kurux2011-E-dulhapur:Dulhapur%20%28Dulhapur%2C%20Bangladesh%29
Kurux,,xɛtkhɛtali,palm,,xɛtkhɛtali,lexical-similarity group 1,"kim-ahmad-kim-sangma2011kurux[wordlist item 113, site B Gabindanagar]",,,silkurux2011:i113:B:1,,,,dialect:Kurux:kurux2011-B-gabindanagar:Gabindanagar%20%28Gabindanagar%2C%20Bangladesh%29
Kurux,,taɾoa,palm,,taɾoa,lexical-similarity group 2,"kim-ahmad-kim-sangma2011kurux[wordlist item 113, site C Boldipukur]",,,silkurux2011:i113:C:1,,,,dialect:Kurux:kurux2011-C-boldipukur:Boldipukur%20%28Boldipukur%2C%20Bangladesh%29
Kurux,,tali,palm,,tali,lexical-similarity group 3,"kim-ahmad-kim-sangma2011kurux[wordlist item 113, site D Lohanipara]",,,silkurux2011:i113:D:1,,,,dialect:Kurux:kurux2011-D-lohanipara:Lohanipara%20%28Lohanipara%2C%20Bangladesh%29
B,,hatɛr t la,palm,,hatɛr t la,lexical-similarity group 4,"kim-ahmad-kim-sangma2011kurux[wordlist item 113, site 0 Bangla]",,,silkurux2011:i113:0:1,,,,dialect:B:kurux2011-0-bangla:Bangla%20%28Bangla%29
Kurux,,tɑrhɑti,palm,,tɑrhɑti,lexical-similarity group 5,"kim-ahmad-kim-sangma2011kurux[wordlist item 113, site A Dima]",,,silkurux2011:i113:A:1,,,,dialect:Kurux:kurux2011-A-dima:Dima%20%28Dima%2C%20West%20Bengal%2C%20India%29
Kurux,,oɾokh,fingernail,,oɾokh,lexical-similarity group 1,"kim-ahmad-kim-sangma2011kurux[wordlist item 115, site A Dima]",,,silkurux2011:i115:A:1,,,,dialect:Kurux:kurux2011-A-dima:Dima%20%28Dima%2C%20West%20Bengal%2C%20India%29
Kurux,,oɾox,fingernail,,oɾox,lexical-similarity group 1,"kim-ahmad-kim-sangma2011kurux[wordlist item 115, site B Gabindanagar]",,,silkurux2011:i115:B:1,,,,dialect:Kurux:kurux2011-B-gabindanagar:Gabindanagar%20%28Gabindanagar%2C%20Bangladesh%29
Kurux,,oɾox,fingernail,,oɾox,lexical-similarity group 1,"kim-ahmad-kim-sangma2011kurux[wordlist item 115, site C Boldipukur]",,,silkurux2011:i115:C:1,,,,dialect:Kurux:kurux2011-C-boldipukur:Boldipukur%20%28Boldipukur%2C%20Bangladesh%29
Kurux,,oɾox,fingernail,,oɾox,lexical-similarity group 1,"kim-ahmad-kim-sangma2011kurux[wordlist item 115, site D Lohanipara]",,,silkurux2011:i115:D:1,,,,dialect:Kurux:kurux2011-D-lohanipara:Lohanipara%20%28Lohanipara%2C%20Bangladesh%29
Kurux,,oɾox,fingernail,,oɾox,lexical-similarity group 1,"kim-ahmad-kim-sangma2011kurux[wordlist item 115, site E Dulhapur]",,,silkurux2011:i115:E:1,,,,dialect:Kurux:kurux2011-E-dulhapur:Dulhapur%20%28Dulhapur%2C%20Bangladesh%29
B,,n k,fingernail,,n k,lexical-similarity group 2,"kim-ahmad-kim-sangma2011kurux[wordlist item 115, site 0 Bangla]",,,silkurux2011:i115:0:1,,,,dialect:B:kurux2011-0-bangla:Bangla%20%28Bangla%29
Kurux,,muka,knee,,muka,lexical-similarity group 1,"kim-ahmad-kim-sangma2011kurux[wordlist item 116, site B Gabindanagar]",,,silkurux2011:i116:B:1,,,,dialect:Kurux:kurux2011-B-gabindanagar:Gabindanagar%20%28Gabindanagar%2C%20Bangladesh%29
Kurux,,muka,knee,,muka,lexical-similarity group 1,"kim-ahmad-kim-sangma2011kurux[wordlist item 116, site C Boldipukur]",,,silkurux2011:i116:C:1,,,,dialect:Kurux:kurux2011-C-boldipukur:Boldipukur%20%28Boldipukur%2C%20Bangladesh%29
Kurux,,muka,knee,,muka,lexical-similarity group 1,"kim-ahmad-kim-sangma2011kurux[wordlist item 116, site D Lohanipara]",,,silkurux2011:i116:D:1,,,,dialect:Kurux:kurux2011-D-lohanipara:Lohanipara%20%28Lohanipara%2C%20Bangladesh%29
Kurux,,mukɛ,knee,,mukɛ,lexical-similarity group 1,"kim-ahmad-kim-sangma2011kurux[wordlist item 116, site E Dulhapur]",,,silkurux2011:i116:E:1,,,,dialect:Kurux:kurux2011-E-dulhapur:Dulhapur%20%28Dulhapur%2C%20Bangladesh%29
B,,hatu,knee,,hatu,lexical-similarity group 2,"kim-ahmad-kim-sangma2011kurux[wordlist item 116, site 0 Bangla]",,,silkurux2011:i116:0:1,,,,dialect:B:kurux2011-0-bangla:Bangla%20%28Bangla%29
Kurux,,ɡurxi,foot,,ɡurxi,lexical-similarity group 1,"kim-ahmad-kim-sangma2011kurux[wordlist item 117, site B Gabindanagar]",,,silkurux2011:i117:B:1,,,,dialect:Kurux:kurux2011-B-gabindanagar:Gabindanagar%20%28Gabindanagar%2C%20Bangladesh%29
Kurux,,xɛtdɛ,foot,,xɛtdɛ,lexical-similarity group 2,"kim-ahmad-kim-sangma2011kurux[wordlist item 117, site C Boldipukur]",,,silkurux2011:i117:C:1,,,,dialect:Kurux:kurux2011-C-boldipukur:Boldipukur%20%28Boldipukur%2C%20Bangladesh%29
Kurux,,xɛtdɛ,foot,,xɛtdɛ,lexical-similarity group 2,"kim-ahmad-kim-sangma2011kurux[wordlist item 117, site D Lohanipara]",,,silkurux2011:i117:D:1,,,,dialect:Kurux:kurux2011-D-lohanipara:Lohanipara%20%28Lohanipara%2C%20Bangladesh%29
Kurux,,xɛtdɛ,foot,,xɛtdɛ,lexical-similarity group 2,"kim-ahmad-kim-sangma2011kurux[wordlist item 117, site E Dulhapur]",,,silkurux2011:i117:E:1,,,,dialect:Kurux:kurux2011-E-dulhapur:Dulhapur%20%28Dulhapur%2C%20Bangladesh%29
B,,p d,foot,,p d,lexical-similarity group 3,"kim-ahmad-kim-sangma2011kurux[wordlist item 117, site 0 Bangla]",,,silkurux2011:i117:0:1,,,,dialect:B:kurux2011-0-bangla:Bangla%20%28Bangla%29
Kurux,,toɡɽa,bone,,toɡɽa,lexical-similarity group 1,"kim-ahmad-kim-sangma2011kurux[wordlist item 118, site B Gabindanagar]",,,silkurux2011:i118:B:1,,,,dialect:Kurux:kurux2011-B-gabindanagar:Gabindanagar%20%28Gabindanagar%2C%20Bangladesh%29
Kurux,,toɡɽa,bone,,toɡɽa,lexical-similarity group 1,"kim-ahmad-kim-sangma2011kurux[wordlist item 118, site D Lohanipara]",,,silkurux2011:i118:D:1,,,,dialect:Kurux:kurux2011-D-lohanipara:Lohanipara%20%28Lohanipara%2C%20Bangladesh%29
Kurux,,kotʃhol,bone,,kotʃhol,lexical-similarity group 2,"kim-ahmad-kim-sangma2011kurux[wordlist item 118, site A Dima]",,,silkurux2011:i118:A:1,,,,dialect:Kurux:kurux2011-A-dima:Dima%20%28Dima%2C%20West%20Bengal%2C%20India%29
Kurux,,xotʃol,bone,,xotʃol,lexical-similarity group 2,"kim-ahmad-kim-sangma2011kurux[wordlist item 118, site C Boldipukur]",,,silkurux2011:i118:C:1,,,,dialect:Kurux:kurux2011-C-boldipukur:Boldipukur%20%28Boldipukur%2C%20Bangladesh%29
Kurux,,xotʃol,bone,,xotʃol,lexical-similarity group 2,"kim-ahmad-kim-sangma2011kurux[wordlist item 118, site D Lohanipara]",,,silkurux2011:i118:D:2,,,,dialect:Kurux:kurux2011-D-lohanipara:Lohanipara%20%28Lohanipara%2C%20Bangladesh%29
Kurux,,xotʃol,bone,,xotʃol,lexical-similarity group 2,"kim-ahmad-kim-sangma2011kurux[wordlist item 118, site E Dulhapur]",,,silkurux2011:i118:E:1,,,,dialect:Kurux:kurux2011-E-dulhapur:Dulhapur%20%28Dulhapur%2C%20Bangladesh%29
B,,haɽ,bone,,haɽ,lexical-similarity group 3,"kim-ahmad-kim-sangma2011kurux[wordlist item 118, site 0 Bangla]",,,silkurux2011:i118:0:1,,,,dialect:B:kurux2011-0-bangla:Bangla%20%28Bangla%29
Kurux,,tʃarbi,fat,,tʃarbi,lexical-similarity group 1,"kim-ahmad-kim-sangma2011kurux[wordlist item 119, site B Gabindanagar]",,,silkurux2011:i119:B:1,,,,dialect:Kurux:kurux2011-B-gabindanagar:Gabindanagar%20%28Gabindanagar%2C%20Bangladesh%29
Kurux,,tʃarbi,fat,,tʃarbi,lexical-similarity group 1,"kim-ahmad-kim-sangma2011kurux[wordlist item 119, site C Boldipukur]",,,silkurux2011:i119:C:1,,,,dialect:Kurux:kurux2011-C-boldipukur:Boldipukur%20%28Boldipukur%2C%20Bangladesh%29
Kurux,,tʃarbi,fat,,tʃarbi,lexical-similarity group 1,"kim-ahmad-kim-sangma2011kurux[wordlist item 119, site D Lohanipara]",,,silkurux2011:i119:D:1,,,,dialect:Kurux:kurux2011-D-lohanipara:Lohanipara%20%28Lohanipara%2C%20Bangladesh%29
Kurux,,tʃəɾbi,fat,,tʃəɾbi,lexical-similarity group 1,"kim-ahmad-kim-sangma2011kurux[wordlist item 119, site A Dima]",,,silkurux2011:i119:A:1,,,,dialect:Kurux:kurux2011-A-dima:Dima%20%28Dima%2C%20West%20Bengal%2C%20India%29
B,,tʃorbi,fat,,tʃorbi,lexical-similarity group 1,"kim-ahmad-kim-sangma2011kurux[wordlist item 119, site 0 Bangla]",,,silkurux2011:i119:0:1,,,,dialect:B:kurux2011-0-bangla:Bangla%20%28Bangla%29
Kurux,,nɛta,fat,,nɛta,lexical-similarity group 2,"kim-ahmad-kim-sangma2011kurux[wordlist item 119, site B Gabindanagar]",,,silkurux2011:i119:B:2,,,,dialect:Kurux:kurux2011-B-gabindanagar:Gabindanagar%20%28Gabindanagar%2C%20Bangladesh%29
Kurux,,nɛta,fat,,nɛta,lexical-similarity group 2,"kim-ahmad-kim-sangma2011kurux[wordlist item 119, site E Dulhapur]",,,silkurux2011:i119:E:1,,,,dialect:Kurux:kurux2011-E-dulhapur:Dulhapur%20%28Dulhapur%2C%20Bangladesh%29
Kurux,,tʃapta,skin,,tʃapta,lexical-similarity group 1,"kim-ahmad-kim-sangma2011kurux[wordlist item 120, site B Gabindanagar]",,,silkurux2011:i120:B:1,,,,dialect:Kurux:kurux2011-B-gabindanagar:Gabindanagar%20%28Gabindanagar%2C%20Bangladesh%29
Kurux,,tʃapta,skin,,tʃapta,lexical-similarity group 1,"kim-ahmad-kim-sangma2011kurux[wordlist item 120, site C Boldipukur]",,,silkurux2011:i120:C:1,,,,dialect:Kurux:kurux2011-C-boldipukur:Boldipukur%20%28Boldipukur%2C%20Bangladesh%29
Kurux,,tʃapta,skin,,tʃapta,lexical-similarity group 1,"kim-ahmad-kim-sangma2011kurux[wordlist item 120, site D Lohanipara]",,,silkurux2011:i120:D:1,,,,dialect:Kurux:kurux2011-D-lohanipara:Lohanipara%20%28Lohanipara%2C%20Bangladesh%29
Kurux,,tʃapta,skin,,tʃapta,lexical-similarity group 1,"kim-ahmad-kim-sangma2011kurux[wordlist item 120, site E Dulhapur]",,,silkurux2011:i120:E:1,,,,dialect:Kurux:kurux2011-E-dulhapur:Dulhapur%20%28Dulhapur%2C%20Bangladesh%29
B,,tʃamɾa,skin,,tʃamɾa,lexical-similarity group 1,"kim-ahmad-kim-sangma2011kurux[wordlist item 120, site 0 Bangla]",,,silkurux2011:i120:0:1,,,,dialect:B:kurux2011-0-bangla:Bangla%20%28Bangla%29
B,,tʃamɾa,skin,,tʃamɾa,lexical-similarity group 2,"kim-ahmad-kim-sangma2011kurux[wordlist item 120, site 0 Bangla]",,,silkurux2011:i120:0:2,,,,dialect:B:kurux2011-0-bangla:Bangla%20%28Bangla%29
Kurux,,tʃhəmɾi,skin,,tʃhəmɾi,lexical-similarity group 2,"kim-ahmad-kim-sangma2011kurux[wordlist item 120, site A Dima]",,,silkurux2011:i120:A:1,,,,dialect:Kurux:kurux2011-A-dima:Dima%20%28Dima%2C%20West%20Bengal%2C%20India%29
Kurux,,xɛs,blood,,xɛs,lexical-similarity group 1,"kim-ahmad-kim-sangma2011kurux[wordlist item 121, site E Dulhapur]",,,silkurux2011:i121:E:1,,,,dialect:Kurux:kurux2011-E-dulhapur:Dulhapur%20%28Dulhapur%2C%20Bangladesh%29
Kurux,,xɛso,blood,,xɛso,lexical-similarity group 1,"kim-ahmad-kim-sangma2011kurux[wordlist item 121, site B Gabindanagar]",,,silkurux2011:i121:B:1,,,,dialect:Kurux:kurux2011-B-gabindanagar:Gabindanagar%20%28Gabindanagar%2C%20Bangladesh%29
B,,r kto,blood,,r kto,lexical-similarity group 2,"kim-ahmad-kim-sangma2011kurux[wordlist item 121, site 0 Bangla]",,,silkurux2011:i121:0:1,,,,dialect:B:kurux2011-0-bangla:Bangla%20%28Bangla%29
Kurux,,lɑhu,blood,,lɑhu,lexical-similarity group 3,"kim-ahmad-kim-sangma2011kurux[wordlist item 121, site A Dima]",,,silkurux2011:i121:A:1,,,,dialect:Kurux:kurux2011-A-dima:Dima%20%28Dima%2C%20West%20Bengal%2C%20India%29
Kurux,,ɛrtʃɛrna,sweat,,ɛrtʃɛrna,lexical-similarity group 1,"kim-ahmad-kim-sangma2011kurux[wordlist item 122, site C Boldipukur]",,,silkurux2011:i122:C:1,,,,dialect:Kurux:kurux2011-C-boldipukur:Boldipukur%20%28Boldipukur%2C%20Bangladesh%29
Kurux,,ɛrtʃna,sweat,,ɛrtʃna,lexical-similarity group 1,"kim-ahmad-kim-sangma2011kurux[wordlist item 122, site D Lohanipara]",,,silkurux2011:i122:D:1,,,,dialect:Kurux:kurux2011-D-lohanipara:Lohanipara%20%28Lohanipara%2C%20Bangladesh%29
Kurux,,ɡarmaɽa,sweat,,ɡarmaɽa,lexical-similarity group 2,"kim-ahmad-kim-sangma2011kurux[wordlist item 122, site E Dulhapur]",,,silkurux2011:i122:E:1,,,,dialect:Kurux:kurux2011-E-dulhapur:Dulhapur%20%28Dulhapur%2C%20Bangladesh%29
B,,ɡham,sweat,,ɡham,lexical-similarity group 3,"kim-ahmad-kim-sangma2011kurux[wordlist item 122, site 0 Bangla]",,,silkurux2011:i122:0:1,,,,dialect:B:kurux2011-0-bangla:Bangla%20%28Bangla%29
Kurux,,kul,belly,,kul,lexical-similarity group 1,"kim-ahmad-kim-sangma2011kurux[wordlist item 123, site A Dima]",,,silkurux2011:i123:A:1,,,,dialect:Kurux:kurux2011-A-dima:Dima%20%28Dima%2C%20West%20Bengal%2C%20India%29
Kurux,,kul,belly,,kul,lexical-similarity group 1,"kim-ahmad-kim-sangma2011kurux[wordlist item 123, site B Gabindanagar]",,,silkurux2011:i123:B:1,,,,dialect:Kurux:kurux2011-B-gabindanagar:Gabindanagar%20%28Gabindanagar%2C%20Bangladesh%29
Kurux,,kul,belly,,kul,lexical-similarity group 1,"kim-ahmad-kim-sangma2011kurux[wordlist item 123, site C Boldipukur]",,,silkurux2011:i123:C:1,,,,dialect:Kurux:kurux2011-C-boldipukur:Boldipukur%20%28Boldipukur%2C%20Bangladesh%29
Kurux,,kul,belly,,kul,lexical-similarity group 1,"kim-ahmad-kim-sangma2011kurux[wordlist item 123, site D Lohanipara]",,,silkurux2011:i123:D:1,,,,dialect:Kurux:kurux2011-D-lohanipara:Lohanipara%20%28Lohanipara%2C%20Bangladesh%29
Kurux,,kul,belly,,kul,lexical-similarity group 1,"kim-ahmad-kim-sangma2011kurux[wordlist item 123, site E Dulhapur]",,,silkurux2011:i123:E:1,,,,dialect:Kurux:kurux2011-E-dulhapur:Dulhapur%20%28Dulhapur%2C%20Bangladesh%29
B,,pɛt,belly,,pɛt,lexical-similarity group 2,"kim-ahmad-kim-sangma2011kurux[wordlist item 123, site 0 Bangla]",,,silkurux2011:i123:0:1,,,,dialect:B:kurux2011-0-bangla:Bangla%20%28Bangla%29
Kurux,,mɛd,back,,mɛd,lexical-similarity group 1,"kim-ahmad-kim-sangma2011kurux[wordlist item 125, site B Gabindanagar]",,,silkurux2011:i125:B:1,,,,dialect:Kurux:kurux2011-B-gabindanagar:Gabindanagar%20%28Gabindanagar%2C%20Bangladesh%29
Kurux,,mɛd,back,,mɛd,lexical-similarity group 1,"kim-ahmad-kim-sangma2011kurux[wordlist item 125, site C Boldipukur]",,,silkurux2011:i125:C:1,,,,dialect:Kurux:kurux2011-C-boldipukur:Boldipukur%20%28Boldipukur%2C%20Bangladesh%29
Kurux,,mɛd,back,,mɛd,lexical-similarity group 1,"kim-ahmad-kim-sangma2011kurux[wordlist item 125, site D Lohanipara]",,,silkurux2011:i125:D:1,,,,dialect:Kurux:kurux2011-D-lohanipara:Lohanipara%20%28Lohanipara%2C%20Bangladesh%29
Kurux,,mɛd,back,,mɛd,lexical-similarity group 1,"kim-ahmad-kim-sangma2011kurux[wordlist item 125, site E Dulhapur]",,,silkurux2011:i125:E:1,,,,dialect:Kurux:kurux2011-E-dulhapur:Dulhapur%20%28Dulhapur%2C%20Bangladesh%29
B,,pith,back,,pith,lexical-similarity group 2,"kim-ahmad-kim-sangma2011kurux[wordlist item 125, site 0 Bangla]",,,silkurux2011:i125:0:1,,,,dialect:B:kurux2011-0-bangla:Bangla%20%28Bangla%29
Kurux,,dɛha,body,,dɛha,lexical-similarity group 1,"kim-ahmad-kim-sangma2011kurux[wordlist item 126, site B Gabindanagar]",,,silkurux2011:i126:B:1,,,,dialect:Kurux:kurux2011-B-gabindanagar:Gabindanagar%20%28Gabindanagar%2C%20Bangladesh%29
Kurux,,dɛha,body,,dɛha,lexical-similarity group 1,"kim-ahmad-kim-sangma2011kurux[wordlist item 126, site C Boldipukur]",,,silkurux2011:i126:C:1,,,,dialect:Kurux:kurux2011-C-boldipukur:Boldipukur%20%28Boldipukur%2C%20Bangladesh%29
Kurux,,dɛho,body,,dɛho,lexical-similarity group 1,"kim-ahmad-kim-sangma2011kurux[wordlist item 126, site D Lohanipara]",,,silkurux2011:i126:D:1,,,,dialect:Kurux:kurux2011-D-lohanipara:Lohanipara%20%28Lohanipara%2C%20Bangladesh%29
Kurux,,dɛho,body,,dɛho,lexical-similarity group 1,"kim-ahmad-kim-sangma2011kurux[wordlist item 126, site E Dulhapur]",,,silkurux2011:i126:E:1,,,,dialect:Kurux:kurux2011-E-dulhapur:Dulhapur%20%28Dulhapur%2C%20Bangladesh%29
B,,ɡa / dɛho,body,,ɡa / dɛho,lexical-similarity group 1,"kim-ahmad-kim-sangma2011kurux[wordlist item 126, site 0 Bangla]",,,silkurux2011:i126:0:1,,,,dialect:B:kurux2011-0-bangla:Bangla%20%28Bangla%29
Kurux,,al,person,,al,lexical-similarity group 1,"kim-ahmad-kim-sangma2011kurux[wordlist item 127, site B Gabindanagar]",,,silkurux2011:i127:B:1,,,,dialect:Kurux:kurux2011-B-gabindanagar:Gabindanagar%20%28Gabindanagar%2C%20Bangladesh%29
Kurux,,al,person,,al,lexical-similarity group 1,"kim-ahmad-kim-sangma2011kurux[wordlist item 127, site C Boldipukur]",,,silkurux2011:i127:C:1,,,,dialect:Kurux:kurux2011-C-boldipukur:Boldipukur%20%28Boldipukur%2C%20Bangladesh%29
Kurux,,al,person,,al,lexical-similarity group 1,"kim-ahmad-kim-sangma2011kurux[wordlist item 127, site D Lohanipara]",,,silkurux2011:i127:D:1,,,,dialect:Kurux:kurux2011-D-lohanipara:Lohanipara%20%28Lohanipara%2C%20Bangladesh%29
Kurux,,al,person,,al,lexical-similarity group 1,"kim-ahmad-kim-sangma2011kurux[wordlist item 127, site E Dulhapur]",,,silkurux2011:i127:E:1,,,,dialect:Kurux:kurux2011-E-dulhapur:Dulhapur%20%28Dulhapur%2C%20Bangladesh%29
B,,lok,person,,lok,lexical-similarity group 2,"kim-ahmad-kim-sangma2011kurux[wordlist item 127, site 0 Bangla]",,,silkurux2011:i127:0:1,,,,dialect:B:kurux2011-0-bangla:Bangla%20%28Bangla%29
Kurux,,mɛt,man,,mɛt,lexical-similarity group 1,"kim-ahmad-kim-sangma2011kurux[wordlist item 128, site B Gabindanagar]",,,silkurux2011:i128:B:1,,,,dialect:Kurux:kurux2011-B-gabindanagar:Gabindanagar%20%28Gabindanagar%2C%20Bangladesh%29
Kurux,,mɛt,man,,mɛt,lexical-similarity group 1,"kim-ahmad-kim-sangma2011kurux[wordlist item 128, site C Boldipukur]",,,silkurux2011:i128:C:1,,,,dialect:Kurux:kurux2011-C-boldipukur:Boldipukur%20%28Boldipukur%2C%20Bangladesh%29
Kurux,,mɛt,man,,mɛt,lexical-similarity group 1,"kim-ahmad-kim-sangma2011kurux[wordlist item 128, site D Lohanipara]",,,silkurux2011:i128:D:1,,,,dialect:Kurux:kurux2011-D-lohanipara:Lohanipara%20%28Lohanipara%2C%20Bangladesh%29
Kurux,,mɛt,man,,mɛt,lexical-similarity group 1,"kim-ahmad-kim-sangma2011kurux[wordlist item 128, site E Dulhapur]",,,silkurux2011:i128:E:1,,,,dialect:Kurux:kurux2011-E-dulhapur:Dulhapur%20%28Dulhapur%2C%20Bangladesh%29
B,,puɾuʃ,man,,puɾuʃ,lexical-similarity group 2,"kim-ahmad-kim-sangma2011kurux[wordlist item 128, site 0 Bangla]",,,silkurux2011:i128:0:1,,,,dialect:B:kurux2011-0-bangla:Bangla%20%28Bangla%29
Kurux,,kuɾukh,man,,kuɾukh,lexical-similarity group 3,"kim-ahmad-kim-sangma2011kurux[wordlist item 128, site A Dima]",,,silkurux2011:i128:A:1,,,,dialect:Kurux:kurux2011-A-dima:Dima%20%28Dima%2C%20West%20Bengal%2C%20India%29
B,,mohɪla,woman,,mohɪla,lexical-similarity group 2,"kim-ahmad-kim-sangma2011kurux[wordlist item 129, site 0 Bangla]",,,silkurux2011:i129:0:1,,,,dialect:B:kurux2011-0-bangla:Bangla%20%28Bangla%29
Kurux,,bas,father,,bas,lexical-similarity group 1,"kim-ahmad-kim-sangma2011kurux[wordlist item 130, site A Dima]",,,silkurux2011:i130:A:1,,,,dialect:Kurux:kurux2011-A-dima:Dima%20%28Dima%2C%20West%20Bengal%2C%20India%29
Kurux,,bas,father,,bas,lexical-similarity group 1,"kim-ahmad-kim-sangma2011kurux[wordlist item 130, site B Gabindanagar]",,,silkurux2011:i130:B:1,,,,dialect:Kurux:kurux2011-B-gabindanagar:Gabindanagar%20%28Gabindanagar%2C%20Bangladesh%29
Kurux,,ba,father,,ba,lexical-similarity group 2,"kim-ahmad-kim-sangma2011kurux[wordlist item 130, site D Lohanipara]",,,silkurux2011:i130:D:1,,,,dialect:Kurux:kurux2011-D-lohanipara:Lohanipara%20%28Lohanipara%2C%20Bangladesh%29
Kurux,,ba,father,,ba,lexical-similarity group 2,"kim-ahmad-kim-sangma2011kurux[wordlist item 130, site E Dulhapur]",,,silkurux2011:i130:E:1,,,,dialect:Kurux:kurux2011-E-dulhapur:Dulhapur%20%28Dulhapur%2C%20Bangladesh%29
B,,baba,father,,baba,lexical-similarity group 3,"kim-ahmad-kim-sangma2011kurux[wordlist item 130, site 0 Bangla]",,,silkurux2011:i130:0:1,,,,dialect:B:kurux2011-0-bangla:Bangla%20%28Bangla%29
Kurux,,baba,father,,baba,lexical-similarity group 3,"kim-ahmad-kim-sangma2011kurux[wordlist item 130, site C Boldipukur]",,,silkurux2011:i130:C:1,,,,dialect:Kurux:kurux2011-C-boldipukur:Boldipukur%20%28Boldipukur%2C%20Bangladesh%29
Kurux,,jo,mother,,jo,lexical-similarity group 1,"kim-ahmad-kim-sangma2011kurux[wordlist item 131, site A Dima]",,,silkurux2011:i131:A:1,,,,dialect:Kurux:kurux2011-A-dima:Dima%20%28Dima%2C%20West%20Bengal%2C%20India%29
Kurux,,jo,mother,,jo,lexical-similarity group 1,"kim-ahmad-kim-sangma2011kurux[wordlist item 131, site B Gabindanagar]",,,silkurux2011:i131:B:1,,,,dialect:Kurux:kurux2011-B-gabindanagar:Gabindanagar%20%28Gabindanagar%2C%20Bangladesh%29
Kurux,,jo,mother,,jo,lexical-similarity group 1,"kim-ahmad-kim-sangma2011kurux[wordlist item 131, site D Lohanipara]",,,silkurux2011:i131:D:1,,,,dialect:Kurux:kurux2011-D-lohanipara:Lohanipara%20%28Lohanipara%2C%20Bangladesh%29
Kurux,,ajo,mother,,ajo,lexical-similarity group 2,"kim-ahmad-kim-sangma2011kurux[wordlist item 131, site C Boldipukur]",,,silkurux2011:i131:C:1,,,,dialect:Kurux:kurux2011-C-boldipukur:Boldipukur%20%28Boldipukur%2C%20Bangladesh%29
Kurux,,ijo,mother,,ijo,lexical-similarity group 2,"kim-ahmad-kim-sangma2011kurux[wordlist item 131, site A Dima]",,,silkurux2011:i131:A:2,,,,dialect:Kurux:kurux2011-A-dima:Dima%20%28Dima%2C%20West%20Bengal%2C%20India%29
Kurux,,ijo,mother,,ijo,lexical-similarity group 2,"kim-ahmad-kim-sangma2011kurux[wordlist item 131, site E Dulhapur]",,,silkurux2011:i131:E:1,,,,dialect:Kurux:kurux2011-E-dulhapur:Dulhapur%20%28Dulhapur%2C%20Bangladesh%29
B,,ma,mother,,ma,lexical-similarity group 3,"kim-ahmad-kim-sangma2011kurux[wordlist item 131, site 0 Bangla]",,,silkurux2011:i131:0:1,,,,dialect:B:kurux2011-0-bangla:Bangla%20%28Bangla%29
Kurux,,mɛtas,husband,,mɛtas,lexical-similarity group 1,"kim-ahmad-kim-sangma2011kurux[wordlist item 132, site B Gabindanagar]",,,silkurux2011:i132:B:1,,,,dialect:Kurux:kurux2011-B-gabindanagar:Gabindanagar%20%28Gabindanagar%2C%20Bangladesh%29
Kurux,,mɛtas,husband,,mɛtas,lexical-similarity group 1,"kim-ahmad-kim-sangma2011kurux[wordlist item 132, site C Boldipukur]",,,silkurux2011:i132:C:1,,,,dialect:Kurux:kurux2011-C-boldipukur:Boldipukur%20%28Boldipukur%2C%20Bangladesh%29
Kurux,,mɛtas,husband,,mɛtas,lexical-similarity group 1,"kim-ahmad-kim-sangma2011kurux[wordlist item 132, site D Lohanipara]",,,silkurux2011:i132:D:1,,,,dialect:Kurux:kurux2011-D-lohanipara:Lohanipara%20%28Lohanipara%2C%20Bangladesh%29
Kurux,,mɛtas,husband,,mɛtas,lexical-similarity group 1,"kim-ahmad-kim-sangma2011kurux[wordlist item 132, site E Dulhapur]",,,silkurux2011:i132:E:1,,,,dialect:Kurux:kurux2011-E-dulhapur:Dulhapur%20%28Dulhapur%2C%20Bangladesh%29
Kurux,,metɑs,husband,,metɑs,lexical-similarity group 1,"kim-ahmad-kim-sangma2011kurux[wordlist item 132, site A Dima]",,,silkurux2011:i132:A:1,,,,dialect:Kurux:kurux2011-A-dima:Dima%20%28Dima%2C%20West%20Bengal%2C%20India%29
B,,ʃami,husband,,ʃami,lexical-similarity group 2,"kim-ahmad-kim-sangma2011kurux[wordlist item 132, site 0 Bangla]",,,silkurux2011:i132:0:1,,,,dialect:B:kurux2011-0-bangla:Bangla%20%28Bangla%29
B,,stɾi,wife,,stɾi,lexical-similarity group 2,"kim-ahmad-kim-sangma2011kurux[wordlist item 133, site 0 Bangla]",,,silkurux2011:i133:0:1,,,,dialect:B:kurux2011-0-bangla:Bangla%20%28Bangla%29
Kurux,,hatdas,son,,hatdas,lexical-similarity group 1,"kim-ahmad-kim-sangma2011kurux[wordlist item 134, site B Gabindanagar]",,,silkurux2011:i134:B:1,,,,dialect:Kurux:kurux2011-B-gabindanagar:Gabindanagar%20%28Gabindanagar%2C%20Bangladesh%29
Kurux,,xatdas,son,,xatdas,lexical-similarity group 1,"kim-ahmad-kim-sangma2011kurux[wordlist item 134, site C Boldipukur]",,,silkurux2011:i134:C:1,,,,dialect:Kurux:kurux2011-C-boldipukur:Boldipukur%20%28Boldipukur%2C%20Bangladesh%29
Kurux,,xatdɛʃ,son,,xatdɛʃ,lexical-similarity group 1,"kim-ahmad-kim-sangma2011kurux[wordlist item 134, site D Lohanipara]",,,silkurux2011:i134:D:1,,,,dialect:Kurux:kurux2011-D-lohanipara:Lohanipara%20%28Lohanipara%2C%20Bangladesh%29
Kurux,,xatdɛʃ,son,,xatdɛʃ,lexical-similarity group 1,"kim-ahmad-kim-sangma2011kurux[wordlist item 134, site E Dulhapur]",,,silkurux2011:i134:E:1,,,,dialect:Kurux:kurux2011-E-dulhapur:Dulhapur%20%28Dulhapur%2C%20Bangladesh%29
B,,tʃhɛlɛ,son,,tʃhɛlɛ,lexical-similarity group 2,"kim-ahmad-kim-sangma2011kurux[wordlist item 134, site 0 Bangla]",,,silkurux2011:i134:0:1,,,,dialect:B:kurux2011-0-bangla:Bangla%20%28Bangla%29
Kurux,,ukhos,son,,ukhos,lexical-similarity group 3,"kim-ahmad-kim-sangma2011kurux[wordlist item 134, site A Dima]",,,silkurux2011:i134:A:1,,,,dialect:Kurux:kurux2011-A-dima:Dima%20%28Dima%2C%20West%20Bengal%2C%20India%29
Kurux,,kukoi (,daughter,,kukoi (,lexical-similarity group 1,"kim-ahmad-kim-sangma2011kurux[wordlist item 135, site A Dima]",,,silkurux2011:i135:A:1,,,,dialect:Kurux:kurux2011-A-dima:Dima%20%28Dima%2C%20West%20Bengal%2C%20India%29
Kurux,,kukoi (,daughter,,kukoi (,lexical-similarity group 1,"kim-ahmad-kim-sangma2011kurux[wordlist item 135, site B Gabindanagar]",,,silkurux2011:i135:B:1,,,,dialect:Kurux:kurux2011-B-gabindanagar:Gabindanagar%20%28Gabindanagar%2C%20Bangladesh%29
Kurux,,kukoi (,daughter,,kukoi (,lexical-similarity group 1,"kim-ahmad-kim-sangma2011kurux[wordlist item 135, site C Boldipukur]",,,silkurux2011:i135:C:1,,,,dialect:Kurux:kurux2011-C-boldipukur:Boldipukur%20%28Boldipukur%2C%20Bangladesh%29
Kurux,,kukoi (,daughter,,kukoi (,lexical-similarity group 1,"kim-ahmad-kim-sangma2011kurux[wordlist item 135, site D Lohanipara]",,,silkurux2011:i135:D:1,,,,dialect:Kurux:kurux2011-D-lohanipara:Lohanipara%20%28Lohanipara%2C%20Bangladesh%29
Kurux,,kukoi (,daughter,,kukoi (,lexical-similarity group 1,"kim-ahmad-kim-sangma2011kurux[wordlist item 135, site E Dulhapur]",,,silkurux2011:i135:E:1,,,,dialect:Kurux:kurux2011-E-dulhapur:Dulhapur%20%28Dulhapur%2C%20Bangladesh%29
B,,mɛjɛ,daughter,,mɛjɛ,lexical-similarity group 2,"kim-ahmad-kim-sangma2011kurux[wordlist item 135, site 0 Bangla]",,,silkurux2011:i135:0:1,,,,dialect:B:kurux2011-0-bangla:Bangla%20%28Bangla%29
B,,b ɽo bhai ( / dada,elder brother,,b ɽo bhai ( / dada,lexical-similarity group 1,"kim-ahmad-kim-sangma2011kurux[wordlist item 136, site 0 Bangla]",,,silkurux2011:i136:0:1,,,,dialect:B:kurux2011-0-bangla:Bangla%20%28Bangla%29
Kurux,,dada,elder brother,,dada,lexical-similarity group 1,"kim-ahmad-kim-sangma2011kurux[wordlist item 136, site B Gabindanagar]",,,silkurux2011:i136:B:1,,,,dialect:Kurux:kurux2011-B-gabindanagar:Gabindanagar%20%28Gabindanagar%2C%20Bangladesh%29
Kurux,,dada,elder brother,,dada,lexical-similarity group 1,"kim-ahmad-kim-sangma2011kurux[wordlist item 136, site C Boldipukur]",,,silkurux2011:i136:C:1,,,,dialect:Kurux:kurux2011-C-boldipukur:Boldipukur%20%28Boldipukur%2C%20Bangladesh%29
Kurux,,dada,elder brother,,dada,lexical-similarity group 1,"kim-ahmad-kim-sangma2011kurux[wordlist item 136, site D Lohanipara]",,,silkurux2011:i136:D:1,,,,dialect:Kurux:kurux2011-D-lohanipara:Lohanipara%20%28Lohanipara%2C%20Bangladesh%29
Kurux,,dada,elder brother,,dada,lexical-similarity group 1,"kim-ahmad-kim-sangma2011kurux[wordlist item 136, site E Dulhapur]",,,silkurux2011:i136:E:1,,,,dialect:Kurux:kurux2011-E-dulhapur:Dulhapur%20%28Dulhapur%2C%20Bangladesh%29
Kurux,,dai (,elder sister,,dai (,lexical-similarity group 1,"kim-ahmad-kim-sangma2011kurux[wordlist item 137, site B Gabindanagar]",,,silkurux2011:i137:B:1,,,,dialect:Kurux:kurux2011-B-gabindanagar:Gabindanagar%20%28Gabindanagar%2C%20Bangladesh%29
Kurux,,dai (,elder sister,,dai (,lexical-similarity group 1,"kim-ahmad-kim-sangma2011kurux[wordlist item 137, site C Boldipukur]",,,silkurux2011:i137:C:1,,,,dialect:Kurux:kurux2011-C-boldipukur:Boldipukur%20%28Boldipukur%2C%20Bangladesh%29
Kurux,,dai (,elder sister,,dai (,lexical-similarity group 1,"kim-ahmad-kim-sangma2011kurux[wordlist item 137, site D Lohanipara]",,,silkurux2011:i137:D:1,,,,dialect:Kurux:kurux2011-D-lohanipara:Lohanipara%20%28Lohanipara%2C%20Bangladesh%29
Kurux,,dai (,elder sister,,dai (,lexical-similarity group 1,"kim-ahmad-kim-sangma2011kurux[wordlist item 137, site E Dulhapur]",,,silkurux2011:i137:E:1,,,,dialect:Kurux:kurux2011-E-dulhapur:Dulhapur%20%28Dulhapur%2C%20Bangladesh%29
B,,b ɽo bon / didi,elder sister,,b ɽo bon / didi,lexical-similarity group 2,"kim-ahmad-kim-sangma2011kurux[wordlist item 137, site 0 Bangla]",,,silkurux2011:i137:0:1,,,,dialect:B:kurux2011-0-bangla:Bangla%20%28Bangla%29
Kurux,,babu,younger brother,,babu,lexical-similarity group 1,"kim-ahmad-kim-sangma2011kurux[wordlist item 138, site B Gabindanagar]",,,silkurux2011:i138:B:1,,,,dialect:Kurux:kurux2011-B-gabindanagar:Gabindanagar%20%28Gabindanagar%2C%20Bangladesh%29
Kurux,,babu,younger brother,,babu,lexical-similarity group 1,"kim-ahmad-kim-sangma2011kurux[wordlist item 138, site D Lohanipara]",,,silkurux2011:i138:D:1,,,,dialect:Kurux:kurux2011-D-lohanipara:Lohanipara%20%28Lohanipara%2C%20Bangladesh%29
B,,tʃhoto bhai (,younger brother,,tʃhoto bhai (,lexical-similarity group 3,"kim-ahmad-kim-sangma2011kurux[wordlist item 138, site 0 Bangla]",,,silkurux2011:i138:0:1,,,,dialect:B:kurux2011-0-bangla:Bangla%20%28Bangla%29
Kurux,,maja,younger sister,,maja,lexical-similarity group 1,"kim-ahmad-kim-sangma2011kurux[wordlist item 139, site B Gabindanagar]",,,silkurux2011:i139:B:1,,,,dialect:Kurux:kurux2011-B-gabindanagar:Gabindanagar%20%28Gabindanagar%2C%20Bangladesh%29
Kurux,,maja,younger sister,,maja,lexical-similarity group 1,"kim-ahmad-kim-sangma2011kurux[wordlist item 139, site D Lohanipara]",,,silkurux2011:i139:D:1,,,,dialect:Kurux:kurux2011-D-lohanipara:Lohanipara%20%28Lohanipara%2C%20Bangladesh%29
B,,tʃhoto bon,younger sister,,tʃhoto bon,lexical-similarity group 3,"kim-ahmad-kim-sangma2011kurux[wordlist item 139, site 0 Bangla]",,,silkurux2011:i139:0:1,,,,dialect:B:kurux2011-0-bangla:Bangla%20%28Bangla%29
B,,bondhu,friend,,bondhu,lexical-similarity group 2,"kim-ahmad-kim-sangma2011kurux[wordlist item 140, site 0 Bangla]",,,silkurux2011:i140:0:1,,,,dialect:B:kurux2011-0-bangla:Bangla%20%28Bangla%29
Kurux,,bondhu,friend,,bondhu,lexical-similarity group 2,"kim-ahmad-kim-sangma2011kurux[wordlist item 140, site E Dulhapur]",,,silkurux2011:i140:E:1,,,,dialect:Kurux:kurux2011-E-dulhapur:Dulhapur%20%28Dulhapur%2C%20Bangladesh%29
Kurux,,nɑm,name,,nɑm,lexical-similarity group 1,"kim-ahmad-kim-sangma2011kurux[wordlist item 141, site A Dima]",,,silkurux2011:i141:A:1,,,,dialect:Kurux:kurux2011-A-dima:Dima%20%28Dima%2C%20West%20Bengal%2C%20India%29
B,,nam,name,,nam,lexical-similarity group 1,"kim-ahmad-kim-sangma2011kurux[wordlist item 141, site 0 Bangla]",,,silkurux2011:i141:0:1,,,,dialect:B:kurux2011-0-bangla:Bangla%20%28Bangla%29
Kurux,,namɛ,name,,namɛ,lexical-similarity group 1,"kim-ahmad-kim-sangma2011kurux[wordlist item 141, site B Gabindanagar]",,,silkurux2011:i141:B:1,,,,dialect:Kurux:kurux2011-B-gabindanagar:Gabindanagar%20%28Gabindanagar%2C%20Bangladesh%29
Kurux,,namɛ,name,,namɛ,lexical-similarity group 1,"kim-ahmad-kim-sangma2011kurux[wordlist item 141, site C Boldipukur]",,,silkurux2011:i141:C:1,,,,dialect:Kurux:kurux2011-C-boldipukur:Boldipukur%20%28Boldipukur%2C%20Bangladesh%29
Kurux,,namɛ,name,,namɛ,lexical-similarity group 1,"kim-ahmad-kim-sangma2011kurux[wordlist item 141, site D Lohanipara]",,,silkurux2011:i141:D:1,,,,dialect:Kurux:kurux2011-D-lohanipara:Lohanipara%20%28Lohanipara%2C%20Bangladesh%29
Kurux,,namɛ,name,,namɛ,lexical-similarity group 1,"kim-ahmad-kim-sangma2011kurux[wordlist item 141, site E Dulhapur]",,,silkurux2011:i141:E:1,,,,dialect:Kurux:kurux2011-E-dulhapur:Dulhapur%20%28Dulhapur%2C%20Bangladesh%29
B,,ɡɾam,village,,ɡɾam,lexical-similarity group 2,"kim-ahmad-kim-sangma2011kurux[wordlist item 142, site 0 Bangla]",,,silkurux2011:i142:0:1,,,,dialect:B:kurux2011-0-bangla:Bangla%20%28Bangla%29
Kurux,,lɑin,village,,lɑin,lexical-similarity group 3,"kim-ahmad-kim-sangma2011kurux[wordlist item 142, site A Dima]",,,silkurux2011:i142:A:1,,,,dialect:Kurux:kurux2011-A-dima:Dima%20%28Dima%2C%20West%20Bengal%2C%20India%29
Kurux,,ɛɾəpɑ,house,,ɛɾəpɑ,lexical-similarity group 1,"kim-ahmad-kim-sangma2011kurux[wordlist item 143, site A Dima]",,,silkurux2011:i143:A:1,,,,dialect:Kurux:kurux2011-A-dima:Dima%20%28Dima%2C%20West%20Bengal%2C%20India%29
Kurux,,ɛrpa,house,,ɛrpa,lexical-similarity group 1,"kim-ahmad-kim-sangma2011kurux[wordlist item 143, site B Gabindanagar]",,,silkurux2011:i143:B:1,,,,dialect:Kurux:kurux2011-B-gabindanagar:Gabindanagar%20%28Gabindanagar%2C%20Bangladesh%29
Kurux,,ɛrpa,house,,ɛrpa,lexical-similarity group 1,"kim-ahmad-kim-sangma2011kurux[wordlist item 143, site C Boldipukur]",,,silkurux2011:i143:C:1,,,,dialect:Kurux:kurux2011-C-boldipukur:Boldipukur%20%28Boldipukur%2C%20Bangladesh%29
Kurux,,ɛrpa,house,,ɛrpa,lexical-similarity group 1,"kim-ahmad-kim-sangma2011kurux[wordlist item 143, site D Lohanipara]",,,silkurux2011:i143:D:1,,,,dialect:Kurux:kurux2011-D-lohanipara:Lohanipara%20%28Lohanipara%2C%20Bangladesh%29
Kurux,,ɛrpa,house,,ɛrpa,lexical-similarity group 1,"kim-ahmad-kim-sangma2011kurux[wordlist item 143, site E Dulhapur]",,,silkurux2011:i143:E:1,,,,dialect:Kurux:kurux2011-E-dulhapur:Dulhapur%20%28Dulhapur%2C%20Bangladesh%29
B,,baɽi / ɡh r,house,,baɽi / ɡh r,lexical-similarity group 2,"kim-ahmad-kim-sangma2011kurux[wordlist item 143, site 0 Bangla]",,,silkurux2011:i143:0:1,,,,dialect:B:kurux2011-0-bangla:Bangla%20%28Bangla%29
Kurux,,bɑli,door,,bɑli,lexical-similarity group 1,"kim-ahmad-kim-sangma2011kurux[wordlist item 144, site C Boldipukur]",,,silkurux2011:i144:C:1,,,,dialect:Kurux:kurux2011-C-boldipukur:Boldipukur%20%28Boldipukur%2C%20Bangladesh%29
Kurux,,bɑli,door,,bɑli,lexical-similarity group 1,"kim-ahmad-kim-sangma2011kurux[wordlist item 144, site D Lohanipara]",,,silkurux2011:i144:D:1,,,,dialect:Kurux:kurux2011-D-lohanipara:Lohanipara%20%28Lohanipara%2C%20Bangladesh%29
Kurux,,bɑli,door,,bɑli,lexical-similarity group 1,"kim-ahmad-kim-sangma2011kurux[wordlist item 144, site E Dulhapur]",,,silkurux2011:i144:E:1,,,,dialect:Kurux:kurux2011-E-dulhapur:Dulhapur%20%28Dulhapur%2C%20Bangladesh%29
Kurux,,bali,door,,bali,lexical-similarity group 1,"kim-ahmad-kim-sangma2011kurux[wordlist item 144, site B Gabindanagar]",,,silkurux2011:i144:B:1,,,,dialect:Kurux:kurux2011-B-gabindanagar:Gabindanagar%20%28Gabindanagar%2C%20Bangladesh%29
Kurux,,bəli,door,,bəli,lexical-similarity group 1,"kim-ahmad-kim-sangma2011kurux[wordlist item 144, site A Dima]",,,silkurux2011:i144:A:1,,,,dialect:Kurux:kurux2011-A-dima:Dima%20%28Dima%2C%20West%20Bengal%2C%20India%29
B,,d rdʒa,door,,d rdʒa,lexical-similarity group 2,"kim-ahmad-kim-sangma2011kurux[wordlist item 144, site 0 Bangla]",,,silkurux2011:i144:0:1,,,,dialect:B:kurux2011-0-bangla:Bangla%20%28Bangla%29
B,,dʒanala,window,,dʒanala,lexical-similarity group 1,"kim-ahmad-kim-sangma2011kurux[wordlist item 145, site 0 Bangla]",,,silkurux2011:i145:0:1,,,,dialect:B:kurux2011-0-bangla:Bangla%20%28Bangla%29
Kurux,,that,roof,,that,lexical-similarity group 1,"kim-ahmad-kim-sangma2011kurux[wordlist item 146, site B Gabindanagar]",,,silkurux2011:i146:B:1,,,,dialect:Kurux:kurux2011-B-gabindanagar:Gabindanagar%20%28Gabindanagar%2C%20Bangladesh%29
Kurux,,tʃal,roof,,tʃal,lexical-similarity group 2,"kim-ahmad-kim-sangma2011kurux[wordlist item 146, site C Boldipukur]",,,silkurux2011:i146:C:1,,,,dialect:Kurux:kurux2011-C-boldipukur:Boldipukur%20%28Boldipukur%2C%20Bangladesh%29
Kurux,,tʃal,roof,,tʃal,lexical-similarity group 2,"kim-ahmad-kim-sangma2011kurux[wordlist item 146, site D Lohanipara]",,,silkurux2011:i146:D:1,,,,dialect:Kurux:kurux2011-D-lohanipara:Lohanipara%20%28Lohanipara%2C%20Bangladesh%29
Kurux,,tʃal,roof,,tʃal,lexical-similarity group 2,"kim-ahmad-kim-sangma2011kurux[wordlist item 146, site E Dulhapur]",,,silkurux2011:i146:E:1,,,,dialect:Kurux:kurux2011-E-dulhapur:Dulhapur%20%28Dulhapur%2C%20Bangladesh%29
B,,tʃhad,roof,,tʃhad,lexical-similarity group 3,"kim-ahmad-kim-sangma2011kurux[wordlist item 146, site 0 Bangla]",,,silkurux2011:i146:0:1,,,,dialect:B:kurux2011-0-bangla:Bangla%20%28Bangla%29
Kurux,,tʃhɑin,roof,,tʃhɑin,lexical-similarity group 4,"kim-ahmad-kim-sangma2011kurux[wordlist item 146, site A Dima]",,,silkurux2011:i146:A:1,,,,dialect:Kurux:kurux2011-A-dima:Dima%20%28Dima%2C%20West%20Bengal%2C%20India%29
Kurux,,pɑtʃi,wall of house,,pɑtʃi,lexical-similarity group 1,"kim-ahmad-kim-sangma2011kurux[wordlist item 147, site D Lohanipara]",,,silkurux2011:i147:D:1,,,,dialect:Kurux:kurux2011-D-lohanipara:Lohanipara%20%28Lohanipara%2C%20Bangladesh%29
Kurux,,pɑtʃi,wall of house,,pɑtʃi,lexical-similarity group 1,"kim-ahmad-kim-sangma2011kurux[wordlist item 147, site E Dulhapur]",,,silkurux2011:i147:E:1,,,,dialect:Kurux:kurux2011-E-dulhapur:Dulhapur%20%28Dulhapur%2C%20Bangladesh%29
B,,dɛal,wall of house,,dɛal,lexical-similarity group 2,"kim-ahmad-kim-sangma2011kurux[wordlist item 147, site 0 Bangla]",,,silkurux2011:i147:0:1,,,,dialect:B:kurux2011-0-bangla:Bangla%20%28Bangla%29
Kurux,,dɛal,wall of house,,dɛal,lexical-similarity group 2,"kim-ahmad-kim-sangma2011kurux[wordlist item 147, site B Gabindanagar]",,,silkurux2011:i147:B:1,,,,dialect:Kurux:kurux2011-B-gabindanagar:Gabindanagar%20%28Gabindanagar%2C%20Bangladesh%29
Kurux,,dɛal,wall of house,,dɛal,lexical-similarity group 2,"kim-ahmad-kim-sangma2011kurux[wordlist item 147, site C Boldipukur]",,,silkurux2011:i147:C:1,,,,dialect:Kurux:kurux2011-C-boldipukur:Boldipukur%20%28Boldipukur%2C%20Bangladesh%29
Kurux,,dɛal,wall of house,,dɛal,lexical-similarity group 2,"kim-ahmad-kim-sangma2011kurux[wordlist item 147, site E Dulhapur]",,,silkurux2011:i147:E:2,,,,dialect:Kurux:kurux2011-E-dulhapur:Dulhapur%20%28Dulhapur%2C%20Bangladesh%29
B,,balɪʃ,pillow,,balɪʃ,lexical-similarity group 1,"kim-ahmad-kim-sangma2011kurux[wordlist item 148, site 0 Bangla]",,,silkurux2011:i148:0:1,,,,dialect:B:kurux2011-0-bangla:Bangla%20%28Bangla%29
Kurux,,balɪʃ,pillow,,balɪʃ,lexical-similarity group 1,"kim-ahmad-kim-sangma2011kurux[wordlist item 148, site B Gabindanagar]",,,silkurux2011:i148:B:1,,,,dialect:Kurux:kurux2011-B-gabindanagar:Gabindanagar%20%28Gabindanagar%2C%20Bangladesh%29
Kurux,,balɪʃ,pillow,,balɪʃ,lexical-similarity group 1,"kim-ahmad-kim-sangma2011kurux[wordlist item 148, site C Boldipukur]",,,silkurux2011:i148:C:1,,,,dialect:Kurux:kurux2011-C-boldipukur:Boldipukur%20%28Boldipukur%2C%20Bangladesh%29
Kurux,,balɪʃ,pillow,,balɪʃ,lexical-similarity group 1,"kim-ahmad-kim-sangma2011kurux[wordlist item 148, site D Lohanipara]",,,silkurux2011:i148:D:1,,,,dialect:Kurux:kurux2011-D-lohanipara:Lohanipara%20%28Lohanipara%2C%20Bangladesh%29
Kurux,,balɪʃ,pillow,,balɪʃ,lexical-similarity group 1,"kim-ahmad-kim-sangma2011kurux[wordlist item 148, site E Dulhapur]",,,silkurux2011:i148:E:1,,,,dialect:Kurux:kurux2011-E-dulhapur:Dulhapur%20%28Dulhapur%2C%20Bangladesh%29
Kurux,,duʃa,blanket,,duʃa,lexical-similarity group 1,"kim-ahmad-kim-sangma2011kurux[wordlist item 149, site C Boldipukur]",,,silkurux2011:i149:C:1,,,,dialect:Kurux:kurux2011-C-boldipukur:Boldipukur%20%28Boldipukur%2C%20Bangladesh%29
Kurux,,kamɽa,blanket,,kamɽa,lexical-similarity group 2,"kim-ahmad-kim-sangma2011kurux[wordlist item 149, site D Lohanipara]",,,silkurux2011:i149:D:1,,,,dialect:Kurux:kurux2011-D-lohanipara:Lohanipara%20%28Lohanipara%2C%20Bangladesh%29
B,,k mbol,blanket,,k mbol,lexical-similarity group 3,"kim-ahmad-kim-sangma2011kurux[wordlist item 149, site 0 Bangla]",,,silkurux2011:i149:0:1,,,,dialect:B:kurux2011-0-bangla:Bangla%20%28Bangla%29
Kurux,,k mbol,blanket,,k mbol,lexical-similarity group 3,"kim-ahmad-kim-sangma2011kurux[wordlist item 149, site B Gabindanagar]",,,silkurux2011:i149:B:1,,,,dialect:Kurux:kurux2011-B-gabindanagar:Gabindanagar%20%28Gabindanagar%2C%20Bangladesh%29
Kurux,,k mbol,blanket,,k mbol,lexical-similarity group 3,"kim-ahmad-kim-sangma2011kurux[wordlist item 149, site C Boldipukur]",,,silkurux2011:i149:C:2,,,,dialect:Kurux:kurux2011-C-boldipukur:Boldipukur%20%28Boldipukur%2C%20Bangladesh%29
Kurux,,k mbol,blanket,,k mbol,lexical-similarity group 3,"kim-ahmad-kim-sangma2011kurux[wordlist item 149, site E Dulhapur]",,,silkurux2011:i149:E:1,,,,dialect:Kurux:kurux2011-E-dulhapur:Dulhapur%20%28Dulhapur%2C%20Bangladesh%29
Kurux,,mukti,ring (on finger),,mukti,lexical-similarity group 1,"kim-ahmad-kim-sangma2011kurux[wordlist item 150, site B Gabindanagar]",,,silkurux2011:i150:B:1,,,,dialect:Kurux:kurux2011-B-gabindanagar:Gabindanagar%20%28Gabindanagar%2C%20Bangladesh%29
Kurux,,mutdi,ring (on finger),,mutdi,lexical-similarity group 1,"kim-ahmad-kim-sangma2011kurux[wordlist item 150, site C Boldipukur]",,,silkurux2011:i150:C:1,,,,dialect:Kurux:kurux2011-C-boldipukur:Boldipukur%20%28Boldipukur%2C%20Bangladesh%29
Kurux,,mutdi,ring (on finger),,mutdi,lexical-similarity group 1,"kim-ahmad-kim-sangma2011kurux[wordlist item 150, site D Lohanipara]",,,silkurux2011:i150:D:1,,,,dialect:Kurux:kurux2011-D-lohanipara:Lohanipara%20%28Lohanipara%2C%20Bangladesh%29
Kurux,,mutdi,ring (on finger),,mutdi,lexical-similarity group 1,"kim-ahmad-kim-sangma2011kurux[wordlist item 150, site E Dulhapur]",,,silkurux2011:i150:E:1,,,,dialect:Kurux:kurux2011-E-dulhapur:Dulhapur%20%28Dulhapur%2C%20Bangladesh%29
Kurux,,kɪtʃəɾi,clothing,,kɪtʃəɾi,lexical-similarity group 1,"kim-ahmad-kim-sangma2011kurux[wordlist item 151, site A Dima]",,,silkurux2011:i151:A:1,,,,dialect:Kurux:kurux2011-A-dima:Dima%20%28Dima%2C%20West%20Bengal%2C%20India%29
Kurux,,kitʃhɽi,clothing,,kitʃhɽi,lexical-similarity group 1,"kim-ahmad-kim-sangma2011kurux[wordlist item 151, site B Gabindanagar]",,,silkurux2011:i151:B:1,,,,dialect:Kurux:kurux2011-B-gabindanagar:Gabindanagar%20%28Gabindanagar%2C%20Bangladesh%29
Kurux,,kitʃhɽi,clothing,,kitʃhɽi,lexical-similarity group 1,"kim-ahmad-kim-sangma2011kurux[wordlist item 151, site C Boldipukur]",,,silkurux2011:i151:C:1,,,,dialect:Kurux:kurux2011-C-boldipukur:Boldipukur%20%28Boldipukur%2C%20Bangladesh%29
Kurux,,kitʃhɽi,clothing,,kitʃhɽi,lexical-similarity group 1,"kim-ahmad-kim-sangma2011kurux[wordlist item 151, site D Lohanipara]",,,silkurux2011:i151:D:1,,,,dialect:Kurux:kurux2011-D-lohanipara:Lohanipara%20%28Lohanipara%2C%20Bangladesh%29
Kurux,,kitʃhɽi,clothing,,kitʃhɽi,lexical-similarity group 1,"kim-ahmad-kim-sangma2011kurux[wordlist item 151, site E Dulhapur]",,,silkurux2011:i151:E:1,,,,dialect:Kurux:kurux2011-E-dulhapur:Dulhapur%20%28Dulhapur%2C%20Bangladesh%29
B,,poʃak,clothing,,poʃak,lexical-similarity group 2,"kim-ahmad-kim-sangma2011kurux[wordlist item 151, site 0 Bangla]",,,silkurux2011:i151:0:1,,,,dialect:B:kurux2011-0-bangla:Bangla%20%28Bangla%29
Kurux,,mandar,medicine,,mandar,lexical-similarity group 1,"kim-ahmad-kim-sangma2011kurux[wordlist item 153, site B Gabindanagar]",,,silkurux2011:i153:B:1,,,,dialect:Kurux:kurux2011-B-gabindanagar:Gabindanagar%20%28Gabindanagar%2C%20Bangladesh%29
Kurux,,mandar,medicine,,mandar,lexical-similarity group 1,"kim-ahmad-kim-sangma2011kurux[wordlist item 153, site C Boldipukur]",,,silkurux2011:i153:C:1,,,,dialect:Kurux:kurux2011-C-boldipukur:Boldipukur%20%28Boldipukur%2C%20Bangladesh%29
Kurux,,mandar,medicine,,mandar,lexical-similarity group 1,"kim-ahmad-kim-sangma2011kurux[wordlist item 153, site D Lohanipara]",,,silkurux2011:i153:D:1,,,,dialect:Kurux:kurux2011-D-lohanipara:Lohanipara%20%28Lohanipara%2C%20Bangladesh%29
Kurux,,mandar,medicine,,mandar,lexical-similarity group 1,"kim-ahmad-kim-sangma2011kurux[wordlist item 153, site E Dulhapur]",,,silkurux2011:i153:E:1,,,,dialect:Kurux:kurux2011-E-dulhapur:Dulhapur%20%28Dulhapur%2C%20Bangladesh%29
B,,oʃud,medicine,,oʃud,lexical-similarity group 2,"kim-ahmad-kim-sangma2011kurux[wordlist item 153, site 0 Bangla]",,,silkurux2011:i153:0:1,,,,dialect:B:kurux2011-0-bangla:Bangla%20%28Bangla%29
B,,kaɡodʒ,paper,,kaɡodʒ,lexical-similarity group 1,"kim-ahmad-kim-sangma2011kurux[wordlist item 154, site 0 Bangla]",,,silkurux2011:i154:0:1,,,,dialect:B:kurux2011-0-bangla:Bangla%20%28Bangla%29
Kurux,,kaɡodʒ,paper,,kaɡodʒ,lexical-similarity group 1,"kim-ahmad-kim-sangma2011kurux[wordlist item 154, site B Gabindanagar]",,,silkurux2011:i154:B:1,,,,dialect:Kurux:kurux2011-B-gabindanagar:Gabindanagar%20%28Gabindanagar%2C%20Bangladesh%29
Kurux,,kaɡodʒ,paper,,kaɡodʒ,lexical-similarity group 1,"kim-ahmad-kim-sangma2011kurux[wordlist item 154, site C Boldipukur]",,,silkurux2011:i154:C:1,,,,dialect:Kurux:kurux2011-C-boldipukur:Boldipukur%20%28Boldipukur%2C%20Bangladesh%29
Kurux,,kaɡodʒ,paper,,kaɡodʒ,lexical-similarity group 1,"kim-ahmad-kim-sangma2011kurux[wordlist item 154, site D Lohanipara]",,,silkurux2011:i154:D:1,,,,dialect:Kurux:kurux2011-D-lohanipara:Lohanipara%20%28Lohanipara%2C%20Bangladesh%29
Kurux,,kaɡodʒ,paper,,kaɡodʒ,lexical-similarity group 1,"kim-ahmad-kim-sangma2011kurux[wordlist item 154, site E Dulhapur]",,,silkurux2011:i154:E:1,,,,dialect:Kurux:kurux2011-E-dulhapur:Dulhapur%20%28Dulhapur%2C%20Bangladesh%29
B,,ʃutʃ /ʃui,needle,,ʃutʃ /ʃui,lexical-similarity group 1,"kim-ahmad-kim-sangma2011kurux[wordlist item 155, site 0 Bangla]",,,silkurux2011:i155:0:1,,,,dialect:B:kurux2011-0-bangla:Bangla%20%28Bangla%29
Kurux,,ʃutʃ /ʃui,needle,,ʃutʃ /ʃui,lexical-similarity group 1,"kim-ahmad-kim-sangma2011kurux[wordlist item 155, site B Gabindanagar]",,,silkurux2011:i155:B:1,,,,dialect:Kurux:kurux2011-B-gabindanagar:Gabindanagar%20%28Gabindanagar%2C%20Bangladesh%29
Kurux,,ʃutʃ /ʃui,needle,,ʃutʃ /ʃui,lexical-similarity group 1,"kim-ahmad-kim-sangma2011kurux[wordlist item 155, site C Boldipukur]",,,silkurux2011:i155:C:1,,,,dialect:Kurux:kurux2011-C-boldipukur:Boldipukur%20%28Boldipukur%2C%20Bangladesh%29
Kurux,,ʃutʃ /ʃui,needle,,ʃutʃ /ʃui,lexical-similarity group 1,"kim-ahmad-kim-sangma2011kurux[wordlist item 155, site D Lohanipara]",,,silkurux2011:i155:D:1,,,,dialect:Kurux:kurux2011-D-lohanipara:Lohanipara%20%28Lohanipara%2C%20Bangladesh%29
Kurux,,ʃutʃ /ʃui,needle,,ʃutʃ /ʃui,lexical-similarity group 1,"kim-ahmad-kim-sangma2011kurux[wordlist item 155, site E Dulhapur]",,,silkurux2011:i155:E:1,,,,dialect:Kurux:kurux2011-E-dulhapur:Dulhapur%20%28Dulhapur%2C%20Bangladesh%29
Kurux,,sui,needle,,sui,lexical-similarity group 1,"kim-ahmad-kim-sangma2011kurux[wordlist item 155, site A Dima]",,,silkurux2011:i155:A:1,,,,dialect:Kurux:kurux2011-A-dima:Dima%20%28Dima%2C%20West%20Bengal%2C%20India%29
Kurux,,mɛr,thread,,mɛr,lexical-similarity group 1,"kim-ahmad-kim-sangma2011kurux[wordlist item 156, site B Gabindanagar]",,,silkurux2011:i156:B:1,,,,dialect:Kurux:kurux2011-B-gabindanagar:Gabindanagar%20%28Gabindanagar%2C%20Bangladesh%29
Kurux,,mɛr,thread,,mɛr,lexical-similarity group 1,"kim-ahmad-kim-sangma2011kurux[wordlist item 156, site C Boldipukur]",,,silkurux2011:i156:C:1,,,,dialect:Kurux:kurux2011-C-boldipukur:Boldipukur%20%28Boldipukur%2C%20Bangladesh%29
Kurux,,mɛr,thread,,mɛr,lexical-similarity group 1,"kim-ahmad-kim-sangma2011kurux[wordlist item 156, site D Lohanipara]",,,silkurux2011:i156:D:1,,,,dialect:Kurux:kurux2011-D-lohanipara:Lohanipara%20%28Lohanipara%2C%20Bangladesh%29
Kurux,,mɛr,thread,,mɛr,lexical-similarity group 1,"kim-ahmad-kim-sangma2011kurux[wordlist item 156, site E Dulhapur]",,,silkurux2011:i156:E:1,,,,dialect:Kurux:kurux2011-E-dulhapur:Dulhapur%20%28Dulhapur%2C%20Bangladesh%29
B,,ʃuta,thread,,ʃuta,lexical-similarity group 2,"kim-ahmad-kim-sangma2011kurux[wordlist item 156, site 0 Bangla]",,,silkurux2011:i156:0:1,,,,dialect:B:kurux2011-0-bangla:Bangla%20%28Bangla%29
Kurux,,sutɑ,thread,,sutɑ,lexical-similarity group 2,"kim-ahmad-kim-sangma2011kurux[wordlist item 156, site A Dima]",,,silkurux2011:i156:A:1,,,,dialect:Kurux:kurux2011-A-dima:Dima%20%28Dima%2C%20West%20Bengal%2C%20India%29
Kurux,,tʃalki,broom,,tʃalki,lexical-similarity group 1,"kim-ahmad-kim-sangma2011kurux[wordlist item 157, site B Gabindanagar]",,,silkurux2011:i157:B:1,,,,dialect:Kurux:kurux2011-B-gabindanagar:Gabindanagar%20%28Gabindanagar%2C%20Bangladesh%29
Kurux,,tʃalki,broom,,tʃalki,lexical-similarity group 1,"kim-ahmad-kim-sangma2011kurux[wordlist item 157, site C Boldipukur]",,,silkurux2011:i157:C:1,,,,dialect:Kurux:kurux2011-C-boldipukur:Boldipukur%20%28Boldipukur%2C%20Bangladesh%29
Kurux,,tʃalki,broom,,tʃalki,lexical-similarity group 1,"kim-ahmad-kim-sangma2011kurux[wordlist item 157, site D Lohanipara]",,,silkurux2011:i157:D:1,,,,dialect:Kurux:kurux2011-D-lohanipara:Lohanipara%20%28Lohanipara%2C%20Bangladesh%29
Kurux,,tʃalki,broom,,tʃalki,lexical-similarity group 1,"kim-ahmad-kim-sangma2011kurux[wordlist item 157, site E Dulhapur]",,,silkurux2011:i157:E:1,,,,dialect:Kurux:kurux2011-E-dulhapur:Dulhapur%20%28Dulhapur%2C%20Bangladesh%29
Kurux,,tʃhəlki,broom,,tʃhəlki,lexical-similarity group 1,"kim-ahmad-kim-sangma2011kurux[wordlist item 157, site A Dima]",,,silkurux2011:i157:A:1,,,,dialect:Kurux:kurux2011-A-dima:Dima%20%28Dima%2C%20West%20Bengal%2C%20India%29
B,,dʒhaɽu,broom,,dʒhaɽu,lexical-similarity group 2,"kim-ahmad-kim-sangma2011kurux[wordlist item 157, site 0 Bangla]",,,silkurux2011:i157:0:1,,,,dialect:B:kurux2011-0-bangla:Bangla%20%28Bangla%29
B,,tʃamotʃ,spoon (for eating),,tʃamotʃ,lexical-similarity group 1,"kim-ahmad-kim-sangma2011kurux[wordlist item 158, site 0 Bangla]",,,silkurux2011:i158:0:1,,,,dialect:B:kurux2011-0-bangla:Bangla%20%28Bangla%29
Kurux,,tʃamotʃ,spoon (for eating),,tʃamotʃ,lexical-similarity group 1,"kim-ahmad-kim-sangma2011kurux[wordlist item 158, site B Gabindanagar]",,,silkurux2011:i158:B:1,,,,dialect:Kurux:kurux2011-B-gabindanagar:Gabindanagar%20%28Gabindanagar%2C%20Bangladesh%29
Kurux,,tʃamotʃ,spoon (for eating),,tʃamotʃ,lexical-similarity group 1,"kim-ahmad-kim-sangma2011kurux[wordlist item 158, site C Boldipukur]",,,silkurux2011:i158:C:1,,,,dialect:Kurux:kurux2011-C-boldipukur:Boldipukur%20%28Boldipukur%2C%20Bangladesh%29
Kurux,,tʃamotʃ,spoon (for eating),,tʃamotʃ,lexical-similarity group 1,"kim-ahmad-kim-sangma2011kurux[wordlist item 158, site D Lohanipara]",,,silkurux2011:i158:D:1,,,,dialect:Kurux:kurux2011-D-lohanipara:Lohanipara%20%28Lohanipara%2C%20Bangladesh%29
Kurux,,tʃamotʃ,spoon (for eating),,tʃamotʃ,lexical-similarity group 1,"kim-ahmad-kim-sangma2011kurux[wordlist item 158, site E Dulhapur]",,,silkurux2011:i158:E:1,,,,dialect:Kurux:kurux2011-E-dulhapur:Dulhapur%20%28Dulhapur%2C%20Bangladesh%29
Kurux,,kanto,knife (to cut meat),,kanto,lexical-similarity group 1,"kim-ahmad-kim-sangma2011kurux[wordlist item 159, site B Gabindanagar]",,,silkurux2011:i159:B:1,,,,dialect:Kurux:kurux2011-B-gabindanagar:Gabindanagar%20%28Gabindanagar%2C%20Bangladesh%29
Kurux,,kanto,knife (to cut meat),,kanto,lexical-similarity group 1,"kim-ahmad-kim-sangma2011kurux[wordlist item 159, site C Boldipukur]",,,silkurux2011:i159:C:1,,,,dialect:Kurux:kurux2011-C-boldipukur:Boldipukur%20%28Boldipukur%2C%20Bangladesh%29
Kurux,,kanto,knife (to cut meat),,kanto,lexical-similarity group 1,"kim-ahmad-kim-sangma2011kurux[wordlist item 159, site D Lohanipara]",,,silkurux2011:i159:D:1,,,,dialect:Kurux:kurux2011-D-lohanipara:Lohanipara%20%28Lohanipara%2C%20Bangladesh%29
Kurux,,kanto,knife (to cut meat),,kanto,lexical-similarity group 1,"kim-ahmad-kim-sangma2011kurux[wordlist item 159, site E Dulhapur]",,,silkurux2011:i159:E:1,,,,dialect:Kurux:kurux2011-E-dulhapur:Dulhapur%20%28Dulhapur%2C%20Bangladesh%29
Kurux,,qanto,knife (to cut meat),,qanto,lexical-similarity group 1,"kim-ahmad-kim-sangma2011kurux[wordlist item 159, site A Dima]",,,silkurux2011:i159:A:1,,,,dialect:Kurux:kurux2011-A-dima:Dima%20%28Dima%2C%20West%20Bengal%2C%20India%29
B,,tʃhuɾi,knife (to cut meat),,tʃhuɾi,lexical-similarity group 2,"kim-ahmad-kim-sangma2011kurux[wordlist item 159, site 0 Bangla]",,,silkurux2011:i159:0:1,,,,dialect:B:kurux2011-0-bangla:Bangla%20%28Bangla%29
Kurux,,muɡɽa,hammer,,muɡɽa,lexical-similarity group 1,"kim-ahmad-kim-sangma2011kurux[wordlist item 160, site C Boldipukur]",,,silkurux2011:i160:C:1,,,,dialect:Kurux:kurux2011-C-boldipukur:Boldipukur%20%28Boldipukur%2C%20Bangladesh%29
Kurux,,muɡɽa,hammer,,muɡɽa,lexical-similarity group 1,"kim-ahmad-kim-sangma2011kurux[wordlist item 160, site D Lohanipara]",,,silkurux2011:i160:D:1,,,,dialect:Kurux:kurux2011-D-lohanipara:Lohanipara%20%28Lohanipara%2C%20Bangladesh%29
Kurux,,muɡɽa,hammer,,muɡɽa,lexical-similarity group 1,"kim-ahmad-kim-sangma2011kurux[wordlist item 160, site E Dulhapur]",,,silkurux2011:i160:E:1,,,,dialect:Kurux:kurux2011-E-dulhapur:Dulhapur%20%28Dulhapur%2C%20Bangladesh%29
B,,hatuɾi,hammer,,hatuɾi,lexical-similarity group 2,"kim-ahmad-kim-sangma2011kurux[wordlist item 160, site 0 Bangla]",,,silkurux2011:i160:0:1,,,,dialect:B:kurux2011-0-bangla:Bangla%20%28Bangla%29
Kurux,,hatuɾi,hammer,,hatuɾi,lexical-similarity group 2,"kim-ahmad-kim-sangma2011kurux[wordlist item 160, site B Gabindanagar]",,,silkurux2011:i160:B:1,,,,dialect:Kurux:kurux2011-B-gabindanagar:Gabindanagar%20%28Gabindanagar%2C%20Bangladesh%29
Kurux,,mɑthul,hammer,,mɑthul,lexical-similarity group 3,"kim-ahmad-kim-sangma2011kurux[wordlist item 160, site A Dima]",,,silkurux2011:i160:A:1,,,,dialect:Kurux:kurux2011-A-dima:Dima%20%28Dima%2C%20West%20Bengal%2C%20India%29
B,,kuthar,axe,,kuthar,lexical-similarity group 2,"kim-ahmad-kim-sangma2011kurux[wordlist item 161, site 0 Bangla]",,,silkurux2011:i161:0:1,,,,dialect:B:kurux2011-0-bangla:Bangla%20%28Bangla%29
Kurux,,ɡuntha,bow,,ɡuntha,lexical-similarity group 1,"kim-ahmad-kim-sangma2011kurux[wordlist item 162, site C Boldipukur]",,,silkurux2011:i162:C:1,,,,dialect:Kurux:kurux2011-C-boldipukur:Boldipukur%20%28Boldipukur%2C%20Bangladesh%29
Kurux,,ɡuntha,bow,,ɡuntha,lexical-similarity group 1,"kim-ahmad-kim-sangma2011kurux[wordlist item 162, site D Lohanipara]",,,silkurux2011:i162:D:1,,,,dialect:Kurux:kurux2011-D-lohanipara:Lohanipara%20%28Lohanipara%2C%20Bangladesh%29
Kurux,,tʃiɛɾ( i,bow,,tʃiɛɾ( i,lexical-similarity group 2,"kim-ahmad-kim-sangma2011kurux[wordlist item 162, site E Dulhapur]",,,silkurux2011:i162:E:1,,,,dialect:Kurux:kurux2011-E-dulhapur:Dulhapur%20%28Dulhapur%2C%20Bangladesh%29
B,,dh nuk,bow,,dh nuk,lexical-similarity group 3,"kim-ahmad-kim-sangma2011kurux[wordlist item 162, site 0 Bangla]",,,silkurux2011:i162:0:1,,,,dialect:B:kurux2011-0-bangla:Bangla%20%28Bangla%29
Kurux,,dh nuk,bow,,dh nuk,lexical-similarity group 3,"kim-ahmad-kim-sangma2011kurux[wordlist item 162, site B Gabindanagar]",,,silkurux2011:i162:B:1,,,,dialect:Kurux:kurux2011-B-gabindanagar:Gabindanagar%20%28Gabindanagar%2C%20Bangladesh%29
Kurux,,phala,spear,,phala,lexical-similarity group 1,"kim-ahmad-kim-sangma2011kurux[wordlist item 164, site B Gabindanagar]",,,silkurux2011:i164:B:1,,,,dialect:Kurux:kurux2011-B-gabindanagar:Gabindanagar%20%28Gabindanagar%2C%20Bangladesh%29
Kurux,,phala,spear,,phala,lexical-similarity group 1,"kim-ahmad-kim-sangma2011kurux[wordlist item 164, site C Boldipukur]",,,silkurux2011:i164:C:1,,,,dialect:Kurux:kurux2011-C-boldipukur:Boldipukur%20%28Boldipukur%2C%20Bangladesh%29
Kurux,,phala,spear,,phala,lexical-similarity group 1,"kim-ahmad-kim-sangma2011kurux[wordlist item 164, site D Lohanipara]",,,silkurux2011:i164:D:1,,,,dialect:Kurux:kurux2011-D-lohanipara:Lohanipara%20%28Lohanipara%2C%20Bangladesh%29
Kurux,,phala,spear,,phala,lexical-similarity group 1,"kim-ahmad-kim-sangma2011kurux[wordlist item 164, site E Dulhapur]",,,silkurux2011:i164:E:1,,,,dialect:Kurux:kurux2011-E-dulhapur:Dulhapur%20%28Dulhapur%2C%20Bangladesh%29
B,,b rʃa,spear,,b rʃa,lexical-similarity group 2,"kim-ahmad-kim-sangma2011kurux[wordlist item 164, site 0 Bangla]",,,silkurux2011:i164:0:1,,,,dialect:B:kurux2011-0-bangla:Bangla%20%28Bangla%29
Kurux,,tʃhitʃh,fire,,tʃhitʃh,lexical-similarity group 1,"kim-ahmad-kim-sangma2011kurux[wordlist item 165, site A Dima]",,,silkurux2011:i165:A:1,,,,dialect:Kurux:kurux2011-A-dima:Dima%20%28Dima%2C%20West%20Bengal%2C%20India%29
Kurux,,tʃitʃhi,fire,,tʃitʃhi,lexical-similarity group 1,"kim-ahmad-kim-sangma2011kurux[wordlist item 165, site C Boldipukur]",,,silkurux2011:i165:C:1,,,,dialect:Kurux:kurux2011-C-boldipukur:Boldipukur%20%28Boldipukur%2C%20Bangladesh%29
Kurux,,tʃitʃhi,fire,,tʃitʃhi,lexical-similarity group 2,"kim-ahmad-kim-sangma2011kurux[wordlist item 165, site C Boldipukur]",,,silkurux2011:i165:C:2,,,,dialect:Kurux:kurux2011-C-boldipukur:Boldipukur%20%28Boldipukur%2C%20Bangladesh%29
Kurux,,tʃitʃi,fire,,tʃitʃi,lexical-similarity group 2,"kim-ahmad-kim-sangma2011kurux[wordlist item 165, site B Gabindanagar]",,,silkurux2011:i165:B:1,,,,dialect:Kurux:kurux2011-B-gabindanagar:Gabindanagar%20%28Gabindanagar%2C%20Bangladesh%29
Kurux,,tʃitʃi,fire,,tʃitʃi,lexical-similarity group 2,"kim-ahmad-kim-sangma2011kurux[wordlist item 165, site D Lohanipara]",,,silkurux2011:i165:D:1,,,,dialect:Kurux:kurux2011-D-lohanipara:Lohanipara%20%28Lohanipara%2C%20Bangladesh%29
Kurux,,tʃitʃi,fire,,tʃitʃi,lexical-similarity group 2,"kim-ahmad-kim-sangma2011kurux[wordlist item 165, site E Dulhapur]",,,silkurux2011:i165:E:1,,,,dialect:Kurux:kurux2011-E-dulhapur:Dulhapur%20%28Dulhapur%2C%20Bangladesh%29
B,,aɡun,fire,,aɡun,lexical-similarity group 3,"kim-ahmad-kim-sangma2011kurux[wordlist item 165, site 0 Bangla]",,,silkurux2011:i165:0:1,,,,dialect:B:kurux2011-0-bangla:Bangla%20%28Bangla%29
Kurux,,tʃɪnd,ashes,,tʃɪnd,lexical-similarity group 1,"kim-ahmad-kim-sangma2011kurux[wordlist item 166, site A Dima]",,,silkurux2011:i166:A:1,,,,dialect:Kurux:kurux2011-A-dima:Dima%20%28Dima%2C%20West%20Bengal%2C%20India%29
Kurux,,tʃindi,ashes,,tʃindi,lexical-similarity group 1,"kim-ahmad-kim-sangma2011kurux[wordlist item 166, site B Gabindanagar]",,,silkurux2011:i166:B:1,,,,dialect:Kurux:kurux2011-B-gabindanagar:Gabindanagar%20%28Gabindanagar%2C%20Bangladesh%29
Kurux,,tʃindi,ashes,,tʃindi,lexical-similarity group 1,"kim-ahmad-kim-sangma2011kurux[wordlist item 166, site C Boldipukur]",,,silkurux2011:i166:C:1,,,,dialect:Kurux:kurux2011-C-boldipukur:Boldipukur%20%28Boldipukur%2C%20Bangladesh%29
Kurux,,tʃindi,ashes,,tʃindi,lexical-similarity group 1,"kim-ahmad-kim-sangma2011kurux[wordlist item 166, site D Lohanipara]",,,silkurux2011:i166:D:1,,,,dialect:Kurux:kurux2011-D-lohanipara:Lohanipara%20%28Lohanipara%2C%20Bangladesh%29
Kurux,,tʃindi,ashes,,tʃindi,lexical-similarity group 1,"kim-ahmad-kim-sangma2011kurux[wordlist item 166, site E Dulhapur]",,,silkurux2011:i166:E:1,,,,dialect:Kurux:kurux2011-E-dulhapur:Dulhapur%20%28Dulhapur%2C%20Bangladesh%29
B,,tʃhai,ashes,,tʃhai,lexical-similarity group 2,"kim-ahmad-kim-sangma2011kurux[wordlist item 166, site 0 Bangla]",,,silkurux2011:i166:0:1,,,,dialect:B:kurux2011-0-bangla:Bangla%20%28Bangla%29
B,,mombati,candle,,mombati,lexical-similarity group 1,"kim-ahmad-kim-sangma2011kurux[wordlist item 168, site 0 Bangla]",,,silkurux2011:i168:0:1,,,,dialect:B:kurux2011-0-bangla:Bangla%20%28Bangla%29
Kurux,,mombati,candle,,mombati,lexical-similarity group 1,"kim-ahmad-kim-sangma2011kurux[wordlist item 168, site B Gabindanagar]",,,silkurux2011:i168:B:1,,,,dialect:Kurux:kurux2011-B-gabindanagar:Gabindanagar%20%28Gabindanagar%2C%20Bangladesh%29
Kurux,,mombati,candle,,mombati,lexical-similarity group 1,"kim-ahmad-kim-sangma2011kurux[wordlist item 168, site C Boldipukur]",,,silkurux2011:i168:C:1,,,,dialect:Kurux:kurux2011-C-boldipukur:Boldipukur%20%28Boldipukur%2C%20Bangladesh%29
Kurux,,mombati,candle,,mombati,lexical-similarity group 1,"kim-ahmad-kim-sangma2011kurux[wordlist item 168, site D Lohanipara]",,,silkurux2011:i168:D:1,,,,dialect:Kurux:kurux2011-D-lohanipara:Lohanipara%20%28Lohanipara%2C%20Bangladesh%29
Kurux,,mombati,candle,,mombati,lexical-similarity group 1,"kim-ahmad-kim-sangma2011kurux[wordlist item 168, site E Dulhapur]",,,silkurux2011:i168:E:1,,,,dialect:Kurux:kurux2011-E-dulhapur:Dulhapur%20%28Dulhapur%2C%20Bangladesh%29
Kurux,,nau (,boat,,nau (,lexical-similarity group 1,"kim-ahmad-kim-sangma2011kurux[wordlist item 169, site C Boldipukur]",,,silkurux2011:i169:C:1,,,,dialect:Kurux:kurux2011-C-boldipukur:Boldipukur%20%28Boldipukur%2C%20Bangladesh%29
Kurux,,nau (,boat,,nau (,lexical-similarity group 1,"kim-ahmad-kim-sangma2011kurux[wordlist item 169, site D Lohanipara]",,,silkurux2011:i169:D:1,,,,dialect:Kurux:kurux2011-D-lohanipara:Lohanipara%20%28Lohanipara%2C%20Bangladesh%29
Kurux,,lauk( ɛ,boat,,lauk( ɛ,lexical-similarity group 2,"kim-ahmad-kim-sangma2011kurux[wordlist item 169, site E Dulhapur]",,,silkurux2011:i169:E:1,,,,dialect:Kurux:kurux2011-E-dulhapur:Dulhapur%20%28Dulhapur%2C%20Bangladesh%29
B,,nouk( a,boat,,nouk( a,lexical-similarity group 2,"kim-ahmad-kim-sangma2011kurux[wordlist item 169, site 0 Bangla]",,,silkurux2011:i169:0:1,,,,dialect:B:kurux2011-0-bangla:Bangla%20%28Bangla%29
Kurux,,nouk( a,boat,,nouk( a,lexical-similarity group 2,"kim-ahmad-kim-sangma2011kurux[wordlist item 169, site B Gabindanagar]",,,silkurux2011:i169:B:1,,,,dialect:Kurux:kurux2011-B-gabindanagar:Gabindanagar%20%28Gabindanagar%2C%20Bangladesh%29
Kurux,,dahaɾɛ,road,,dahaɾɛ,lexical-similarity group 1,"kim-ahmad-kim-sangma2011kurux[wordlist item 170, site B Gabindanagar]",,,silkurux2011:i170:B:1,,,,dialect:Kurux:kurux2011-B-gabindanagar:Gabindanagar%20%28Gabindanagar%2C%20Bangladesh%29
Kurux,,dahaɾɛ,road,,dahaɾɛ,lexical-similarity group 1,"kim-ahmad-kim-sangma2011kurux[wordlist item 170, site C Boldipukur]",,,silkurux2011:i170:C:1,,,,dialect:Kurux:kurux2011-C-boldipukur:Boldipukur%20%28Boldipukur%2C%20Bangladesh%29
Kurux,,dahaɾɛ,road,,dahaɾɛ,lexical-similarity group 1,"kim-ahmad-kim-sangma2011kurux[wordlist item 170, site D Lohanipara]",,,silkurux2011:i170:D:1,,,,dialect:Kurux:kurux2011-D-lohanipara:Lohanipara%20%28Lohanipara%2C%20Bangladesh%29
Kurux,,dahaɾɛ,road,,dahaɾɛ,lexical-similarity group 1,"kim-ahmad-kim-sangma2011kurux[wordlist item 170, site E Dulhapur]",,,silkurux2011:i170:E:1,,,,dialect:Kurux:kurux2011-E-dulhapur:Dulhapur%20%28Dulhapur%2C%20Bangladesh%29
Kurux,,dəheɾɛ,road,,dəheɾɛ,lexical-similarity group 1,"kim-ahmad-kim-sangma2011kurux[wordlist item 170, site A Dima]",,,silkurux2011:i170:A:1,,,,dialect:Kurux:kurux2011-A-dima:Dima%20%28Dima%2C%20West%20Bengal%2C%20India%29
B,,ɾasta,road,,ɾasta,lexical-similarity group 2,"kim-ahmad-kim-sangma2011kurux[wordlist item 170, site 0 Bangla]",,,silkurux2011:i170:0:1,,,,dialect:B:kurux2011-0-bangla:Bangla%20%28Bangla%29
Kurux,,ɡəl,to go,,ɡəl,lexical-similarity group 1,"kim-ahmad-kim-sangma2011kurux[wordlist item 172, site A Dima]",,,silkurux2011:i172:A:1,,,,dialect:Kurux:kurux2011-A-dima:Dima%20%28Dima%2C%20West%20Bengal%2C%20India%29
Kurux,,kal,to go,,kal,lexical-similarity group 1,"kim-ahmad-kim-sangma2011kurux[wordlist item 172, site B Gabindanagar]",,,silkurux2011:i172:B:1,,,,dialect:Kurux:kurux2011-B-gabindanagar:Gabindanagar%20%28Gabindanagar%2C%20Bangladesh%29
Kurux,,kal,to go,,kal,lexical-similarity group 1,"kim-ahmad-kim-sangma2011kurux[wordlist item 172, site C Boldipukur]",,,silkurux2011:i172:C:1,,,,dialect:Kurux:kurux2011-C-boldipukur:Boldipukur%20%28Boldipukur%2C%20Bangladesh%29
Kurux,,kal,to go,,kal,lexical-similarity group 1,"kim-ahmad-kim-sangma2011kurux[wordlist item 172, site D Lohanipara]",,,silkurux2011:i172:D:1,,,,dialect:Kurux:kurux2011-D-lohanipara:Lohanipara%20%28Lohanipara%2C%20Bangladesh%29
Kurux,,kal,to go,,kal,lexical-similarity group 1,"kim-ahmad-kim-sangma2011kurux[wordlist item 172, site E Dulhapur]",,,silkurux2011:i172:E:1,,,,dialect:Kurux:kurux2011-E-dulhapur:Dulhapur%20%28Dulhapur%2C%20Bangladesh%29
B,,dʒawa,to go,,dʒawa,lexical-similarity group 2,"kim-ahmad-kim-sangma2011kurux[wordlist item 172, site 0 Bangla]",,,silkurux2011:i172:0:1,,,,dialect:B:kurux2011-0-bangla:Bangla%20%28Bangla%29
Kurux,,bɑr,to come,,bɑr,lexical-similarity group 1,"kim-ahmad-kim-sangma2011kurux[wordlist item 173, site A Dima]",,,silkurux2011:i173:A:1,,,,dialect:Kurux:kurux2011-A-dima:Dima%20%28Dima%2C%20West%20Bengal%2C%20India%29
Kurux,,bar,to come,,bar,lexical-similarity group 1,"kim-ahmad-kim-sangma2011kurux[wordlist item 173, site B Gabindanagar]",,,silkurux2011:i173:B:1,,,,dialect:Kurux:kurux2011-B-gabindanagar:Gabindanagar%20%28Gabindanagar%2C%20Bangladesh%29
Kurux,,bar,to come,,bar,lexical-similarity group 1,"kim-ahmad-kim-sangma2011kurux[wordlist item 173, site C Boldipukur]",,,silkurux2011:i173:C:1,,,,dialect:Kurux:kurux2011-C-boldipukur:Boldipukur%20%28Boldipukur%2C%20Bangladesh%29
Kurux,,bar,to come,,bar,lexical-similarity group 1,"kim-ahmad-kim-sangma2011kurux[wordlist item 173, site D Lohanipara]",,,silkurux2011:i173:D:1,,,,dialect:Kurux:kurux2011-D-lohanipara:Lohanipara%20%28Lohanipara%2C%20Bangladesh%29
Kurux,,bar,to come,,bar,lexical-similarity group 1,"kim-ahmad-kim-sangma2011kurux[wordlist item 173, site E Dulhapur]",,,silkurux2011:i173:E:1,,,,dialect:Kurux:kurux2011-E-dulhapur:Dulhapur%20%28Dulhapur%2C%20Bangladesh%29
B,,aʃa,to come,,aʃa,lexical-similarity group 2,"kim-ahmad-kim-sangma2011kurux[wordlist item 173, site 0 Bangla]",,,silkurux2011:i173:0:1,,,,dialect:B:kurux2011-0-bangla:Bangla%20%28Bangla%29
B,,daɾano,to stand,,daɾano,lexical-similarity group 2,"kim-ahmad-kim-sangma2011kurux[wordlist item 174, site 0 Bangla]",,,silkurux2011:i174:0:1,,,,dialect:B:kurux2011-0-bangla:Bangla%20%28Bangla%29
Kurux,,ok,to sit,,ok,lexical-similarity group 1,"kim-ahmad-kim-sangma2011kurux[wordlist item 175, site A Dima]",,,silkurux2011:i175:A:1,,,,dialect:Kurux:kurux2011-A-dima:Dima%20%28Dima%2C%20West%20Bengal%2C%20India%29
Kurux,,ok,to sit,,ok,lexical-similarity group 1,"kim-ahmad-kim-sangma2011kurux[wordlist item 175, site B Gabindanagar]",,,silkurux2011:i175:B:1,,,,dialect:Kurux:kurux2011-B-gabindanagar:Gabindanagar%20%28Gabindanagar%2C%20Bangladesh%29
Kurux,,ok,to sit,,ok,lexical-similarity group 1,"kim-ahmad-kim-sangma2011kurux[wordlist item 175, site C Boldipukur]",,,silkurux2011:i175:C:1,,,,dialect:Kurux:kurux2011-C-boldipukur:Boldipukur%20%28Boldipukur%2C%20Bangladesh%29
Kurux,,ok,to sit,,ok,lexical-similarity group 1,"kim-ahmad-kim-sangma2011kurux[wordlist item 175, site D Lohanipara]",,,silkurux2011:i175:D:1,,,,dialect:Kurux:kurux2011-D-lohanipara:Lohanipara%20%28Lohanipara%2C%20Bangladesh%29
Kurux,,ok,to sit,,ok,lexical-similarity group 1,"kim-ahmad-kim-sangma2011kurux[wordlist item 175, site E Dulhapur]",,,silkurux2011:i175:E:1,,,,dialect:Kurux:kurux2011-E-dulhapur:Dulhapur%20%28Dulhapur%2C%20Bangladesh%29
B,,b ʃa,to sit,,b ʃa,lexical-similarity group 2,"kim-ahmad-kim-sangma2011kurux[wordlist item 175, site 0 Bangla]",,,silkurux2011:i175:0:1,,,,dialect:B:kurux2011-0-bangla:Bangla%20%28Bangla%29
B,,ʃoa,to lie down,,ʃoa,lexical-similarity group 2,"kim-ahmad-kim-sangma2011kurux[wordlist item 176, site 0 Bangla]",,,silkurux2011:i176:0:1,,,,dialect:B:kurux2011-0-bangla:Bangla%20%28Bangla%29
Kurux,,tʃut,to lie down,,tʃut,lexical-similarity group 3,"kim-ahmad-kim-sangma2011kurux[wordlist item 176, site A Dima]",,,silkurux2011:i176:A:1,,,,dialect:Kurux:kurux2011-A-dima:Dima%20%28Dima%2C%20West%20Bengal%2C%20India%29
Kurux,,ɛk,to walk,,ɛk,lexical-similarity group 1,"kim-ahmad-kim-sangma2011kurux[wordlist item 177, site A Dima]",,,silkurux2011:i177:A:1,,,,dialect:Kurux:kurux2011-A-dima:Dima%20%28Dima%2C%20West%20Bengal%2C%20India%29
Kurux,,ɛk,to walk,,ɛk,lexical-similarity group 1,"kim-ahmad-kim-sangma2011kurux[wordlist item 177, site B Gabindanagar]",,,silkurux2011:i177:B:1,,,,dialect:Kurux:kurux2011-B-gabindanagar:Gabindanagar%20%28Gabindanagar%2C%20Bangladesh%29
Kurux,,ɛk,to walk,,ɛk,lexical-similarity group 1,"kim-ahmad-kim-sangma2011kurux[wordlist item 177, site C Boldipukur]",,,silkurux2011:i177:C:1,,,,dialect:Kurux:kurux2011-C-boldipukur:Boldipukur%20%28Boldipukur%2C%20Bangladesh%29
Kurux,,ɛk,to walk,,ɛk,lexical-similarity group 1,"kim-ahmad-kim-sangma2011kurux[wordlist item 177, site D Lohanipara]",,,silkurux2011:i177:D:1,,,,dialect:Kurux:kurux2011-D-lohanipara:Lohanipara%20%28Lohanipara%2C%20Bangladesh%29
Kurux,,ɛk,to walk,,ɛk,lexical-similarity group 1,"kim-ahmad-kim-sangma2011kurux[wordlist item 177, site E Dulhapur]",,,silkurux2011:i177:E:1,,,,dialect:Kurux:kurux2011-E-dulhapur:Dulhapur%20%28Dulhapur%2C%20Bangladesh%29
Kurux,,uɾiar,to fly,,uɾiar,lexical-similarity group 1,"kim-ahmad-kim-sangma2011kurux[wordlist item 178, site B Gabindanagar]",,,silkurux2011:i178:B:1,,,,dialect:Kurux:kurux2011-B-gabindanagar:Gabindanagar%20%28Gabindanagar%2C%20Bangladesh%29
Kurux,,uɾiar,to fly,,uɾiar,lexical-similarity group 1,"kim-ahmad-kim-sangma2011kurux[wordlist item 178, site C Boldipukur]",,,silkurux2011:i178:C:1,,,,dialect:Kurux:kurux2011-C-boldipukur:Boldipukur%20%28Boldipukur%2C%20Bangladesh%29
Kurux,,uɾiar,to fly,,uɾiar,lexical-similarity group 1,"kim-ahmad-kim-sangma2011kurux[wordlist item 178, site D Lohanipara]",,,silkurux2011:i178:D:1,,,,dialect:Kurux:kurux2011-D-lohanipara:Lohanipara%20%28Lohanipara%2C%20Bangladesh%29
Kurux,,uɾiar,to fly,,uɾiar,lexical-similarity group 1,"kim-ahmad-kim-sangma2011kurux[wordlist item 178, site E Dulhapur]",,,silkurux2011:i178:E:1,,,,dialect:Kurux:kurux2011-E-dulhapur:Dulhapur%20%28Dulhapur%2C%20Bangladesh%29
B,,oɽa,to fly,,oɽa,lexical-similarity group 2,"kim-ahmad-kim-sangma2011kurux[wordlist item 178, site 0 Bangla]",,,silkurux2011:i178:0:1,,,,dialect:B:kurux2011-0-bangla:Bangla%20%28Bangla%29
Kurux,,oɾakɛrɑ,to fly,,oɾakɛrɑ,lexical-similarity group 3,"kim-ahmad-kim-sangma2011kurux[wordlist item 178, site A Dima]",,,silkurux2011:i178:A:1,,,,dialect:Kurux:kurux2011-A-dima:Dima%20%28Dima%2C%20West%20Bengal%2C%20India%29
Kurux,,kor,to enter,,kor,lexical-similarity group 1,"kim-ahmad-kim-sangma2011kurux[wordlist item 179, site B Gabindanagar]",,,silkurux2011:i179:B:1,,,,dialect:Kurux:kurux2011-B-gabindanagar:Gabindanagar%20%28Gabindanagar%2C%20Bangladesh%29
Kurux,,kor,to enter,,kor,lexical-similarity group 1,"kim-ahmad-kim-sangma2011kurux[wordlist item 179, site C Boldipukur]",,,silkurux2011:i179:C:1,,,,dialect:Kurux:kurux2011-C-boldipukur:Boldipukur%20%28Boldipukur%2C%20Bangladesh%29
Kurux,,kor,to enter,,kor,lexical-similarity group 1,"kim-ahmad-kim-sangma2011kurux[wordlist item 179, site D Lohanipara]",,,silkurux2011:i179:D:1,,,,dialect:Kurux:kurux2011-D-lohanipara:Lohanipara%20%28Lohanipara%2C%20Bangladesh%29
Kurux,,kor,to enter,,kor,lexical-similarity group 1,"kim-ahmad-kim-sangma2011kurux[wordlist item 179, site E Dulhapur]",,,silkurux2011:i179:E:1,,,,dialect:Kurux:kurux2011-E-dulhapur:Dulhapur%20%28Dulhapur%2C%20Bangladesh%29
Kurux,,lath,to kick,,lath,lexical-similarity group 1,"kim-ahmad-kim-sangma2011kurux[wordlist item 180, site B Gabindanagar]",,,silkurux2011:i180:B:1,,,,dialect:Kurux:kurux2011-B-gabindanagar:Gabindanagar%20%28Gabindanagar%2C%20Bangladesh%29
Kurux,,lath,to kick,,lath,lexical-similarity group 1,"kim-ahmad-kim-sangma2011kurux[wordlist item 180, site C Boldipukur]",,,silkurux2011:i180:C:1,,,,dialect:Kurux:kurux2011-C-boldipukur:Boldipukur%20%28Boldipukur%2C%20Bangladesh%29
Kurux,,l th,to kick,,l th,lexical-similarity group 1,"kim-ahmad-kim-sangma2011kurux[wordlist item 180, site D Lohanipara]",,,silkurux2011:i180:D:1,,,,dialect:Kurux:kurux2011-D-lohanipara:Lohanipara%20%28Lohanipara%2C%20Bangladesh%29
Kurux,,l thi,to kick,,l thi,lexical-similarity group 1,"kim-ahmad-kim-sangma2011kurux[wordlist item 180, site E Dulhapur]",,,silkurux2011:i180:E:1,,,,dialect:Kurux:kurux2011-E-dulhapur:Dulhapur%20%28Dulhapur%2C%20Bangladesh%29
B,,lathi maɾa,to kick,,lathi maɾa,lexical-similarity group 2,"kim-ahmad-kim-sangma2011kurux[wordlist item 180, site 0 Bangla]",,,silkurux2011:i180:0:1,,,,dialect:B:kurux2011-0-bangla:Bangla%20%28Bangla%29
Kurux,,uɡ,to swim,,uɡ,lexical-similarity group 1,"kim-ahmad-kim-sangma2011kurux[wordlist item 181, site B Gabindanagar]",,,silkurux2011:i181:B:1,,,,dialect:Kurux:kurux2011-B-gabindanagar:Gabindanagar%20%28Gabindanagar%2C%20Bangladesh%29
Kurux,,uɡ,to swim,,uɡ,lexical-similarity group 1,"kim-ahmad-kim-sangma2011kurux[wordlist item 181, site C Boldipukur]",,,silkurux2011:i181:C:1,,,,dialect:Kurux:kurux2011-C-boldipukur:Boldipukur%20%28Boldipukur%2C%20Bangladesh%29
Kurux,,uɡ,to swim,,uɡ,lexical-similarity group 1,"kim-ahmad-kim-sangma2011kurux[wordlist item 181, site D Lohanipara]",,,silkurux2011:i181:D:1,,,,dialect:Kurux:kurux2011-D-lohanipara:Lohanipara%20%28Lohanipara%2C%20Bangladesh%29
Kurux,,uɡ,to swim,,uɡ,lexical-similarity group 1,"kim-ahmad-kim-sangma2011kurux[wordlist item 181, site E Dulhapur]",,,silkurux2011:i181:E:1,,,,dialect:Kurux:kurux2011-E-dulhapur:Dulhapur%20%28Dulhapur%2C%20Bangladesh%29
B,,ʃatar kata,to swim,,ʃatar kata,lexical-similarity group 2,"kim-ahmad-kim-sangma2011kurux[wordlist item 181, site 0 Bangla]",,,silkurux2011:i181:0:1,,,,dialect:B:kurux2011-0-bangla:Bangla%20%28Bangla%29
Kurux,,ɛr,to see,,ɛr,lexical-similarity group 1,"kim-ahmad-kim-sangma2011kurux[wordlist item 182, site A Dima]",,,silkurux2011:i182:A:1,,,,dialect:Kurux:kurux2011-A-dima:Dima%20%28Dima%2C%20West%20Bengal%2C%20India%29
Kurux,,ɛr,to see,,ɛr,lexical-similarity group 1,"kim-ahmad-kim-sangma2011kurux[wordlist item 182, site B Gabindanagar]",,,silkurux2011:i182:B:1,,,,dialect:Kurux:kurux2011-B-gabindanagar:Gabindanagar%20%28Gabindanagar%2C%20Bangladesh%29
Kurux,,ɛr,to see,,ɛr,lexical-similarity group 1,"kim-ahmad-kim-sangma2011kurux[wordlist item 182, site C Boldipukur]",,,silkurux2011:i182:C:1,,,,dialect:Kurux:kurux2011-C-boldipukur:Boldipukur%20%28Boldipukur%2C%20Bangladesh%29
Kurux,,ɛr,to see,,ɛr,lexical-similarity group 1,"kim-ahmad-kim-sangma2011kurux[wordlist item 182, site D Lohanipara]",,,silkurux2011:i182:D:1,,,,dialect:Kurux:kurux2011-D-lohanipara:Lohanipara%20%28Lohanipara%2C%20Bangladesh%29
Kurux,,ɛr,to see,,ɛr,lexical-similarity group 1,"kim-ahmad-kim-sangma2011kurux[wordlist item 182, site E Dulhapur]",,,silkurux2011:i182:E:1,,,,dialect:Kurux:kurux2011-E-dulhapur:Dulhapur%20%28Dulhapur%2C%20Bangladesh%29
B,,dɛkha,to see,,dɛkha,lexical-similarity group 2,"kim-ahmad-kim-sangma2011kurux[wordlist item 182, site 0 Bangla]",,,silkurux2011:i182:0:1,,,,dialect:B:kurux2011-0-bangla:Bangla%20%28Bangla%29
Kurux,,mɛn,to hear,,mɛn,lexical-similarity group 1,"kim-ahmad-kim-sangma2011kurux[wordlist item 183, site B Gabindanagar]",,,silkurux2011:i183:B:1,,,,dialect:Kurux:kurux2011-B-gabindanagar:Gabindanagar%20%28Gabindanagar%2C%20Bangladesh%29
Kurux,,mɛn,to hear,,mɛn,lexical-similarity group 1,"kim-ahmad-kim-sangma2011kurux[wordlist item 183, site C Boldipukur]",,,silkurux2011:i183:C:1,,,,dialect:Kurux:kurux2011-C-boldipukur:Boldipukur%20%28Boldipukur%2C%20Bangladesh%29
Kurux,,mɛn,to hear,,mɛn,lexical-similarity group 1,"kim-ahmad-kim-sangma2011kurux[wordlist item 183, site D Lohanipara]",,,silkurux2011:i183:D:1,,,,dialect:Kurux:kurux2011-D-lohanipara:Lohanipara%20%28Lohanipara%2C%20Bangladesh%29
Kurux,,mɛn,to hear,,mɛn,lexical-similarity group 1,"kim-ahmad-kim-sangma2011kurux[wordlist item 183, site E Dulhapur]",,,silkurux2011:i183:E:1,,,,dialect:Kurux:kurux2011-E-dulhapur:Dulhapur%20%28Dulhapur%2C%20Bangladesh%29
Kurux,,mɪn,to hear,,mɪn,lexical-similarity group 1,"kim-ahmad-kim-sangma2011kurux[wordlist item 183, site A Dima]",,,silkurux2011:i183:A:1,,,,dialect:Kurux:kurux2011-A-dima:Dima%20%28Dima%2C%20West%20Bengal%2C%20India%29
B,,ʃona,to hear,,ʃona,lexical-similarity group 2,"kim-ahmad-kim-sangma2011kurux[wordlist item 183, site 0 Bangla]",,,silkurux2011:i183:0:1,,,,dialect:B:kurux2011-0-bangla:Bangla%20%28Bangla%29
Kurux,,xap,to wait,,xap,lexical-similarity group 1,"kim-ahmad-kim-sangma2011kurux[wordlist item 184, site B Gabindanagar]",,,silkurux2011:i184:B:1,,,,dialect:Kurux:kurux2011-B-gabindanagar:Gabindanagar%20%28Gabindanagar%2C%20Bangladesh%29
Kurux,,xap,to wait,,xap,lexical-similarity group 1,"kim-ahmad-kim-sangma2011kurux[wordlist item 184, site C Boldipukur]",,,silkurux2011:i184:C:1,,,,dialect:Kurux:kurux2011-C-boldipukur:Boldipukur%20%28Boldipukur%2C%20Bangladesh%29
Kurux,,xap,to wait,,xap,lexical-similarity group 1,"kim-ahmad-kim-sangma2011kurux[wordlist item 184, site D Lohanipara]",,,silkurux2011:i184:D:1,,,,dialect:Kurux:kurux2011-D-lohanipara:Lohanipara%20%28Lohanipara%2C%20Bangladesh%29
Kurux,,xap,to wait,,xap,lexical-similarity group 1,"kim-ahmad-kim-sangma2011kurux[wordlist item 184, site E Dulhapur]",,,silkurux2011:i184:E:1,,,,dialect:Kurux:kurux2011-E-dulhapur:Dulhapur%20%28Dulhapur%2C%20Bangladesh%29
B,,pɛkkha k ɾa,to wait,,pɛkkha k ɾa,lexical-similarity group 2,"kim-ahmad-kim-sangma2011kurux[wordlist item 184, site 0 Bangla]",,,silkurux2011:i184:0:1,,,,dialect:B:kurux2011-0-bangla:Bangla%20%28Bangla%29
Kurux,,tʃiho,to cry,,tʃiho,lexical-similarity group 1,"kim-ahmad-kim-sangma2011kurux[wordlist item 185, site C Boldipukur]",,,silkurux2011:i185:C:1,,,,dialect:Kurux:kurux2011-C-boldipukur:Boldipukur%20%28Boldipukur%2C%20Bangladesh%29
Kurux,,tʃiho,to cry,,tʃiho,lexical-similarity group 1,"kim-ahmad-kim-sangma2011kurux[wordlist item 185, site D Lohanipara]",,,silkurux2011:i185:D:1,,,,dialect:Kurux:kurux2011-D-lohanipara:Lohanipara%20%28Lohanipara%2C%20Bangladesh%29
Kurux,,tʃixo,to cry,,tʃixo,lexical-similarity group 1,"kim-ahmad-kim-sangma2011kurux[wordlist item 185, site B Gabindanagar]",,,silkurux2011:i185:B:1,,,,dialect:Kurux:kurux2011-B-gabindanagar:Gabindanagar%20%28Gabindanagar%2C%20Bangladesh%29
Kurux,,tʃixo,to cry,,tʃixo,lexical-similarity group 1,"kim-ahmad-kim-sangma2011kurux[wordlist item 185, site E Dulhapur]",,,silkurux2011:i185:E:1,,,,dialect:Kurux:kurux2011-E-dulhapur:Dulhapur%20%28Dulhapur%2C%20Bangladesh%29
Kurux,,bit,to cook,,bit,lexical-similarity group 1,"kim-ahmad-kim-sangma2011kurux[wordlist item 186, site B Gabindanagar]",,,silkurux2011:i186:B:1,,,,dialect:Kurux:kurux2011-B-gabindanagar:Gabindanagar%20%28Gabindanagar%2C%20Bangladesh%29
Kurux,,bit,to cook,,bit,lexical-similarity group 1,"kim-ahmad-kim-sangma2011kurux[wordlist item 186, site C Boldipukur]",,,silkurux2011:i186:C:1,,,,dialect:Kurux:kurux2011-C-boldipukur:Boldipukur%20%28Boldipukur%2C%20Bangladesh%29
Kurux,,bit,to cook,,bit,lexical-similarity group 1,"kim-ahmad-kim-sangma2011kurux[wordlist item 186, site D Lohanipara]",,,silkurux2011:i186:D:1,,,,dialect:Kurux:kurux2011-D-lohanipara:Lohanipara%20%28Lohanipara%2C%20Bangladesh%29
Kurux,,bit,to cook,,bit,lexical-similarity group 1,"kim-ahmad-kim-sangma2011kurux[wordlist item 186, site E Dulhapur]",,,silkurux2011:i186:E:1,,,,dialect:Kurux:kurux2011-E-dulhapur:Dulhapur%20%28Dulhapur%2C%20Bangladesh%29
B,,ranna k ɾa,to cook,,ranna k ɾa,lexical-similarity group 2,"kim-ahmad-kim-sangma2011kurux[wordlist item 186, site 0 Bangla]",,,silkurux2011:i186:0:1,,,,dialect:B:kurux2011-0-bangla:Bangla%20%28Bangla%29
Kurux,,bit,to boil (water),,bit,lexical-similarity group 1,"kim-ahmad-kim-sangma2011kurux[wordlist item 187, site C Boldipukur]",,,silkurux2011:i187:C:1,,,,dialect:Kurux:kurux2011-C-boldipukur:Boldipukur%20%28Boldipukur%2C%20Bangladesh%29
Kurux,,bit,to boil (water),,bit,lexical-similarity group 1,"kim-ahmad-kim-sangma2011kurux[wordlist item 187, site D Lohanipara]",,,silkurux2011:i187:D:1,,,,dialect:Kurux:kurux2011-D-lohanipara:Lohanipara%20%28Lohanipara%2C%20Bangladesh%29
Kurux,,bit,to boil (water),,bit,lexical-similarity group 1,"kim-ahmad-kim-sangma2011kurux[wordlist item 187, site E Dulhapur]",,,silkurux2011:i187:E:1,,,,dialect:Kurux:kurux2011-E-dulhapur:Dulhapur%20%28Dulhapur%2C%20Bangladesh%29
B,,ʃiddho k ɾa,to boil (water),,ʃiddho k ɾa,lexical-similarity group 2,"kim-ahmad-kim-sangma2011kurux[wordlist item 187, site 0 Bangla]",,,silkurux2011:i187:0:1,,,,dialect:B:kurux2011-0-bangla:Bangla%20%28Bangla%29
Kurux,,on,to eat,,on,lexical-similarity group 1,"kim-ahmad-kim-sangma2011kurux[wordlist item 188, site A Dima]",,,silkurux2011:i188:A:1,,,,dialect:Kurux:kurux2011-A-dima:Dima%20%28Dima%2C%20West%20Bengal%2C%20India%29
Kurux,,on,to eat,,on,lexical-similarity group 1,"kim-ahmad-kim-sangma2011kurux[wordlist item 188, site B Gabindanagar]",,,silkurux2011:i188:B:1,,,,dialect:Kurux:kurux2011-B-gabindanagar:Gabindanagar%20%28Gabindanagar%2C%20Bangladesh%29
Kurux,,on,to eat,,on,lexical-similarity group 1,"kim-ahmad-kim-sangma2011kurux[wordlist item 188, site C Boldipukur]",,,silkurux2011:i188:C:1,,,,dialect:Kurux:kurux2011-C-boldipukur:Boldipukur%20%28Boldipukur%2C%20Bangladesh%29
Kurux,,on,to eat,,on,lexical-similarity group 1,"kim-ahmad-kim-sangma2011kurux[wordlist item 188, site D Lohanipara]",,,silkurux2011:i188:D:1,,,,dialect:Kurux:kurux2011-D-lohanipara:Lohanipara%20%28Lohanipara%2C%20Bangladesh%29
Kurux,,on,to eat,,on,lexical-similarity group 1,"kim-ahmad-kim-sangma2011kurux[wordlist item 188, site E Dulhapur]",,,silkurux2011:i188:E:1,,,,dialect:Kurux:kurux2011-E-dulhapur:Dulhapur%20%28Dulhapur%2C%20Bangladesh%29
B,,khawa,to eat,,khawa,lexical-similarity group 2,"kim-ahmad-kim-sangma2011kurux[wordlist item 188, site 0 Bangla]",,,silkurux2011:i188:0:1,,,,dialect:B:kurux2011-0-bangla:Bangla%20%28Bangla%29
Kurux,,on,to drink,,on,lexical-similarity group 1,"kim-ahmad-kim-sangma2011kurux[wordlist item 189, site A Dima]",,,silkurux2011:i189:A:1,,,,dialect:Kurux:kurux2011-A-dima:Dima%20%28Dima%2C%20West%20Bengal%2C%20India%29
Kurux,,on,to drink,,on,lexical-similarity group 1,"kim-ahmad-kim-sangma2011kurux[wordlist item 189, site B Gabindanagar]",,,silkurux2011:i189:B:1,,,,dialect:Kurux:kurux2011-B-gabindanagar:Gabindanagar%20%28Gabindanagar%2C%20Bangladesh%29
Kurux,,on,to drink,,on,lexical-similarity group 1,"kim-ahmad-kim-sangma2011kurux[wordlist item 189, site C Boldipukur]",,,silkurux2011:i189:C:1,,,,dialect:Kurux:kurux2011-C-boldipukur:Boldipukur%20%28Boldipukur%2C%20Bangladesh%29
Kurux,,on,to drink,,on,lexical-similarity group 1,"kim-ahmad-kim-sangma2011kurux[wordlist item 189, site D Lohanipara]",,,silkurux2011:i189:D:1,,,,dialect:Kurux:kurux2011-D-lohanipara:Lohanipara%20%28Lohanipara%2C%20Bangladesh%29
Kurux,,on,to drink,,on,lexical-similarity group 1,"kim-ahmad-kim-sangma2011kurux[wordlist item 189, site E Dulhapur]",,,silkurux2011:i189:E:1,,,,dialect:Kurux:kurux2011-E-dulhapur:Dulhapur%20%28Dulhapur%2C%20Bangladesh%29
B,,pani khawa,to drink,,pani khawa,lexical-similarity group 2,"kim-ahmad-kim-sangma2011kurux[wordlist item 189, site 0 Bangla]",,,silkurux2011:i189:0:1,,,,dialect:B:kurux2011-0-bangla:Bangla%20%28Bangla%29
Kurux,,dandi par,to sing,,dandi par,lexical-similarity group 1,"kim-ahmad-kim-sangma2011kurux[wordlist item 190, site B Gabindanagar]",,,silkurux2011:i190:B:1,,,,dialect:Kurux:kurux2011-B-gabindanagar:Gabindanagar%20%28Gabindanagar%2C%20Bangladesh%29
Kurux,,dandi par,to sing,,dandi par,lexical-similarity group 1,"kim-ahmad-kim-sangma2011kurux[wordlist item 190, site C Boldipukur]",,,silkurux2011:i190:C:1,,,,dialect:Kurux:kurux2011-C-boldipukur:Boldipukur%20%28Boldipukur%2C%20Bangladesh%29
Kurux,,dandi par,to sing,,dandi par,lexical-similarity group 1,"kim-ahmad-kim-sangma2011kurux[wordlist item 190, site D Lohanipara]",,,silkurux2011:i190:D:1,,,,dialect:Kurux:kurux2011-D-lohanipara:Lohanipara%20%28Lohanipara%2C%20Bangladesh%29
Kurux,,dandi par,to sing,,dandi par,lexical-similarity group 1,"kim-ahmad-kim-sangma2011kurux[wordlist item 190, site E Dulhapur]",,,silkurux2011:i190:E:1,,,,dialect:Kurux:kurux2011-E-dulhapur:Dulhapur%20%28Dulhapur%2C%20Bangladesh%29
B,,ɡan ɡawa,to sing,,ɡan ɡawa,lexical-similarity group 2,"kim-ahmad-kim-sangma2011kurux[wordlist item 190, site 0 Bangla]",,,silkurux2011:i190:0:1,,,,dialect:B:kurux2011-0-bangla:Bangla%20%28Bangla%29
Kurux,,pɑd,to sing,,pɑd,lexical-similarity group 3,"kim-ahmad-kim-sangma2011kurux[wordlist item 190, site A Dima]",,,silkurux2011:i190:A:1,,,,dialect:Kurux:kurux2011-A-dima:Dima%20%28Dima%2C%20West%20Bengal%2C%20India%29
Kurux,,tʃab,to bite,,tʃab,lexical-similarity group 1,"kim-ahmad-kim-sangma2011kurux[wordlist item 191, site B Gabindanagar]",,,silkurux2011:i191:B:1,,,,dialect:Kurux:kurux2011-B-gabindanagar:Gabindanagar%20%28Gabindanagar%2C%20Bangladesh%29
Kurux,,tʃab,to bite,,tʃab,lexical-similarity group 1,"kim-ahmad-kim-sangma2011kurux[wordlist item 191, site C Boldipukur]",,,silkurux2011:i191:C:1,,,,dialect:Kurux:kurux2011-C-boldipukur:Boldipukur%20%28Boldipukur%2C%20Bangladesh%29
Kurux,,tʃab,to bite,,tʃab,lexical-similarity group 1,"kim-ahmad-kim-sangma2011kurux[wordlist item 191, site D Lohanipara]",,,silkurux2011:i191:D:1,,,,dialect:Kurux:kurux2011-D-lohanipara:Lohanipara%20%28Lohanipara%2C%20Bangladesh%29
Kurux,,tʃab,to bite,,tʃab,lexical-similarity group 1,"kim-ahmad-kim-sangma2011kurux[wordlist item 191, site E Dulhapur]",,,silkurux2011:i191:E:1,,,,dialect:Kurux:kurux2011-E-dulhapur:Dulhapur%20%28Dulhapur%2C%20Bangladesh%29
B,,kamɽano,to bite,,kamɽano,lexical-similarity group 2,"kim-ahmad-kim-sangma2011kurux[wordlist item 191, site 0 Bangla]",,,silkurux2011:i191:0:1,,,,dialect:B:kurux2011-0-bangla:Bangla%20%28Bangla%29
Kurux,,alkho,to laugh,,alkho,lexical-similarity group 1,"kim-ahmad-kim-sangma2011kurux[wordlist item 192, site C Boldipukur]",,,silkurux2011:i192:C:1,,,,dialect:Kurux:kurux2011-C-boldipukur:Boldipukur%20%28Boldipukur%2C%20Bangladesh%29
Kurux,,alkho,to laugh,,alkho,lexical-similarity group 1,"kim-ahmad-kim-sangma2011kurux[wordlist item 192, site D Lohanipara]",,,silkurux2011:i192:D:1,,,,dialect:Kurux:kurux2011-D-lohanipara:Lohanipara%20%28Lohanipara%2C%20Bangladesh%29
Kurux,,alkho,to laugh,,alkho,lexical-similarity group 1,"kim-ahmad-kim-sangma2011kurux[wordlist item 192, site E Dulhapur]",,,silkurux2011:i192:E:1,,,,dialect:Kurux:kurux2011-E-dulhapur:Dulhapur%20%28Dulhapur%2C%20Bangladesh%29
Kurux,,alxo,to laugh,,alxo,lexical-similarity group 1,"kim-ahmad-kim-sangma2011kurux[wordlist item 192, site B Gabindanagar]",,,silkurux2011:i192:B:1,,,,dialect:Kurux:kurux2011-B-gabindanagar:Gabindanagar%20%28Gabindanagar%2C%20Bangladesh%29
B,,haʃa,to laugh,,haʃa,lexical-similarity group 2,"kim-ahmad-kim-sangma2011kurux[wordlist item 192, site 0 Bangla]",,,silkurux2011:i192:0:1,,,,dialect:B:kurux2011-0-bangla:Bangla%20%28Bangla%29
Kurux,,bo,to speak,,bo,lexical-similarity group 1,"kim-ahmad-kim-sangma2011kurux[wordlist item 193, site B Gabindanagar]",,,silkurux2011:i193:B:1,,,,dialect:Kurux:kurux2011-B-gabindanagar:Gabindanagar%20%28Gabindanagar%2C%20Bangladesh%29
Kurux,,bo,to speak,,bo,lexical-similarity group 1,"kim-ahmad-kim-sangma2011kurux[wordlist item 193, site C Boldipukur]",,,silkurux2011:i193:C:1,,,,dialect:Kurux:kurux2011-C-boldipukur:Boldipukur%20%28Boldipukur%2C%20Bangladesh%29
Kurux,,bo,to speak,,bo,lexical-similarity group 1,"kim-ahmad-kim-sangma2011kurux[wordlist item 193, site D Lohanipara]",,,silkurux2011:i193:D:1,,,,dialect:Kurux:kurux2011-D-lohanipara:Lohanipara%20%28Lohanipara%2C%20Bangladesh%29
Kurux,,bo,to speak,,bo,lexical-similarity group 1,"kim-ahmad-kim-sangma2011kurux[wordlist item 193, site E Dulhapur]",,,silkurux2011:i193:E:1,,,,dialect:Kurux:kurux2011-E-dulhapur:Dulhapur%20%28Dulhapur%2C%20Bangladesh%29
B,,b la,to speak,,b la,lexical-similarity group 2,"kim-ahmad-kim-sangma2011kurux[wordlist item 193, site 0 Bangla]",,,silkurux2011:i193:0:1,,,,dialect:B:kurux2011-0-bangla:Bangla%20%28Bangla%29
Kurux,,ax,to know,,ax,lexical-similarity group 1,"kim-ahmad-kim-sangma2011kurux[wordlist item 195, site B Gabindanagar]",,,silkurux2011:i195:B:1,,,,dialect:Kurux:kurux2011-B-gabindanagar:Gabindanagar%20%28Gabindanagar%2C%20Bangladesh%29
Kurux,,ax,to know,,ax,lexical-similarity group 1,"kim-ahmad-kim-sangma2011kurux[wordlist item 195, site C Boldipukur]",,,silkurux2011:i195:C:1,,,,dialect:Kurux:kurux2011-C-boldipukur:Boldipukur%20%28Boldipukur%2C%20Bangladesh%29
Kurux,,ax,to know,,ax,lexical-similarity group 1,"kim-ahmad-kim-sangma2011kurux[wordlist item 195, site D Lohanipara]",,,silkurux2011:i195:D:1,,,,dialect:Kurux:kurux2011-D-lohanipara:Lohanipara%20%28Lohanipara%2C%20Bangladesh%29
Kurux,,ax,to know,,ax,lexical-similarity group 1,"kim-ahmad-kim-sangma2011kurux[wordlist item 195, site E Dulhapur]",,,silkurux2011:i195:E:1,,,,dialect:Kurux:kurux2011-E-dulhapur:Dulhapur%20%28Dulhapur%2C%20Bangladesh%29
B,,dʒana,to know,,dʒana,lexical-similarity group 2,"kim-ahmad-kim-sangma2011kurux[wordlist item 195, site 0 Bangla]",,,silkurux2011:i195:0:1,,,,dialect:B:kurux2011-0-bangla:Bangla%20%28Bangla%29
Kurux,,modɾo,to forget,,modɾo,lexical-similarity group 1,"kim-ahmad-kim-sangma2011kurux[wordlist item 196, site B Gabindanagar]",,,silkurux2011:i196:B:1,,,,dialect:Kurux:kurux2011-B-gabindanagar:Gabindanagar%20%28Gabindanagar%2C%20Bangladesh%29
Kurux,,modɾo,to forget,,modɾo,lexical-similarity group 1,"kim-ahmad-kim-sangma2011kurux[wordlist item 196, site C Boldipukur]",,,silkurux2011:i196:C:1,,,,dialect:Kurux:kurux2011-C-boldipukur:Boldipukur%20%28Boldipukur%2C%20Bangladesh%29
Kurux,,modɾo,to forget,,modɾo,lexical-similarity group 1,"kim-ahmad-kim-sangma2011kurux[wordlist item 196, site D Lohanipara]",,,silkurux2011:i196:D:1,,,,dialect:Kurux:kurux2011-D-lohanipara:Lohanipara%20%28Lohanipara%2C%20Bangladesh%29
Kurux,,modɾo,to forget,,modɾo,lexical-similarity group 1,"kim-ahmad-kim-sangma2011kurux[wordlist item 196, site E Dulhapur]",,,silkurux2011:i196:E:1,,,,dialect:Kurux:kurux2011-E-dulhapur:Dulhapur%20%28Dulhapur%2C%20Bangladesh%29
B,,bhulɛ dʒawa,to forget,,bhulɛ dʒawa,lexical-similarity group 2,"kim-ahmad-kim-sangma2011kurux[wordlist item 196, site 0 Bangla]",,,silkurux2011:i196:0:1,,,,dialect:B:kurux2011-0-bangla:Bangla%20%28Bangla%29
Kurux,,kɑndɾɑ,to sleep,,kɑndɾɑ,lexical-similarity group 1,"kim-ahmad-kim-sangma2011kurux[wordlist item 197, site A Dima]",,,silkurux2011:i197:A:1,,,,dialect:Kurux:kurux2011-A-dima:Dima%20%28Dima%2C%20West%20Bengal%2C%20India%29
Kurux,,xandɾo,to sleep,,xandɾo,lexical-similarity group 1,"kim-ahmad-kim-sangma2011kurux[wordlist item 197, site B Gabindanagar]",,,silkurux2011:i197:B:1,,,,dialect:Kurux:kurux2011-B-gabindanagar:Gabindanagar%20%28Gabindanagar%2C%20Bangladesh%29
Kurux,,xandɾo,to sleep,,xandɾo,lexical-similarity group 1,"kim-ahmad-kim-sangma2011kurux[wordlist item 197, site C Boldipukur]",,,silkurux2011:i197:C:1,,,,dialect:Kurux:kurux2011-C-boldipukur:Boldipukur%20%28Boldipukur%2C%20Bangladesh%29
Kurux,,xandɾo,to sleep,,xandɾo,lexical-similarity group 1,"kim-ahmad-kim-sangma2011kurux[wordlist item 197, site D Lohanipara]",,,silkurux2011:i197:D:1,,,,dialect:Kurux:kurux2011-D-lohanipara:Lohanipara%20%28Lohanipara%2C%20Bangladesh%29
Kurux,,xandɾo,to sleep,,xandɾo,lexical-similarity group 1,"kim-ahmad-kim-sangma2011kurux[wordlist item 197, site E Dulhapur]",,,silkurux2011:i197:E:1,,,,dialect:Kurux:kurux2011-E-dulhapur:Dulhapur%20%28Dulhapur%2C%20Bangladesh%29
B,,ɡhumano,to sleep,,ɡhumano,lexical-similarity group 2,"kim-ahmad-kim-sangma2011kurux[wordlist item 197, site 0 Bangla]",,,silkurux2011:i197:0:1,,,,dialect:B:kurux2011-0-bangla:Bangla%20%28Bangla%29
Kurux,,ʃapnar,to dream,,ʃapnar,lexical-similarity group 1,"kim-ahmad-kim-sangma2011kurux[wordlist item 198, site B Gabindanagar]",,,silkurux2011:i198:B:1,,,,dialect:Kurux:kurux2011-B-gabindanagar:Gabindanagar%20%28Gabindanagar%2C%20Bangladesh%29
Kurux,,ʃapnar,to dream,,ʃapnar,lexical-similarity group 1,"kim-ahmad-kim-sangma2011kurux[wordlist item 198, site C Boldipukur]",,,silkurux2011:i198:C:1,,,,dialect:Kurux:kurux2011-C-boldipukur:Boldipukur%20%28Boldipukur%2C%20Bangladesh%29
Kurux,,ʃapnar,to dream,,ʃapnar,lexical-similarity group 1,"kim-ahmad-kim-sangma2011kurux[wordlist item 198, site D Lohanipara]",,,silkurux2011:i198:D:1,,,,dialect:Kurux:kurux2011-D-lohanipara:Lohanipara%20%28Lohanipara%2C%20Bangladesh%29
Kurux,,ʃapnar,to dream,,ʃapnar,lexical-similarity group 1,"kim-ahmad-kim-sangma2011kurux[wordlist item 198, site E Dulhapur]",,,silkurux2011:i198:E:1,,,,dialect:Kurux:kurux2011-E-dulhapur:Dulhapur%20%28Dulhapur%2C%20Bangladesh%29
B,,ʃ pno dɛkha,to dream,,ʃ pno dɛkha,lexical-similarity group 2,"kim-ahmad-kim-sangma2011kurux[wordlist item 198, site 0 Bangla]",,,silkurux2011:i198:0:1,,,,dialect:B:kurux2011-0-bangla:Bangla%20%28Bangla%29
Kurux,,kam,to do/make,,kam,lexical-similarity group 1,"kim-ahmad-kim-sangma2011kurux[wordlist item 199, site B Gabindanagar]",,,silkurux2011:i199:B:1,,,,dialect:Kurux:kurux2011-B-gabindanagar:Gabindanagar%20%28Gabindanagar%2C%20Bangladesh%29
Kurux,,kam,to do/make,,kam,lexical-similarity group 1,"kim-ahmad-kim-sangma2011kurux[wordlist item 199, site C Boldipukur]",,,silkurux2011:i199:C:1,,,,dialect:Kurux:kurux2011-C-boldipukur:Boldipukur%20%28Boldipukur%2C%20Bangladesh%29
Kurux,,kam,to do/make,,kam,lexical-similarity group 1,"kim-ahmad-kim-sangma2011kurux[wordlist item 199, site D Lohanipara]",,,silkurux2011:i199:D:1,,,,dialect:Kurux:kurux2011-D-lohanipara:Lohanipara%20%28Lohanipara%2C%20Bangladesh%29
Kurux,,kam,to do/make,,kam,lexical-similarity group 1,"kim-ahmad-kim-sangma2011kurux[wordlist item 199, site E Dulhapur]",,,silkurux2011:i199:E:1,,,,dialect:Kurux:kurux2011-E-dulhapur:Dulhapur%20%28Dulhapur%2C%20Bangladesh%29
B,,k ɾa,to do/make,,k ɾa,lexical-similarity group 2,"kim-ahmad-kim-sangma2011kurux[wordlist item 199, site 0 Bangla]",,,silkurux2011:i199:0:1,,,,dialect:B:kurux2011-0-bangla:Bangla%20%28Bangla%29
Kurux,,kamnan,to work,,kamnan,lexical-similarity group 1,"kim-ahmad-kim-sangma2011kurux[wordlist item 200, site B Gabindanagar]",,,silkurux2011:i200:B:1,,,,dialect:Kurux:kurux2011-B-gabindanagar:Gabindanagar%20%28Gabindanagar%2C%20Bangladesh%29
Kurux,,nalaknan,to work,,nalaknan,lexical-similarity group 2,"kim-ahmad-kim-sangma2011kurux[wordlist item 200, site C Boldipukur]",,,silkurux2011:i200:C:1,,,,dialect:Kurux:kurux2011-C-boldipukur:Boldipukur%20%28Boldipukur%2C%20Bangladesh%29
Kurux,,nalaknan,to work,,nalaknan,lexical-similarity group 2,"kim-ahmad-kim-sangma2011kurux[wordlist item 200, site D Lohanipara]",,,silkurux2011:i200:D:1,,,,dialect:Kurux:kurux2011-D-lohanipara:Lohanipara%20%28Lohanipara%2C%20Bangladesh%29
Kurux,,nalaknan,to work,,nalaknan,lexical-similarity group 2,"kim-ahmad-kim-sangma2011kurux[wordlist item 200, site E Dulhapur]",,,silkurux2011:i200:E:1,,,,dialect:Kurux:kurux2011-E-dulhapur:Dulhapur%20%28Dulhapur%2C%20Bangladesh%29
B,,kadʒ k ɾa,to work,,kadʒ k ɾa,lexical-similarity group 3,"kim-ahmad-kim-sangma2011kurux[wordlist item 200, site 0 Bangla]",,,silkurux2011:i200:0:1,,,,dialect:B:kurux2011-0-bangla:Bangla%20%28Bangla%29
Kurux,,bɛtʃ,to play,,bɛtʃ,lexical-similarity group 1,"kim-ahmad-kim-sangma2011kurux[wordlist item 201, site B Gabindanagar]",,,silkurux2011:i201:B:1,,,,dialect:Kurux:kurux2011-B-gabindanagar:Gabindanagar%20%28Gabindanagar%2C%20Bangladesh%29
Kurux,,bɛtʃ,to play,,bɛtʃ,lexical-similarity group 1,"kim-ahmad-kim-sangma2011kurux[wordlist item 201, site C Boldipukur]",,,silkurux2011:i201:C:1,,,,dialect:Kurux:kurux2011-C-boldipukur:Boldipukur%20%28Boldipukur%2C%20Bangladesh%29
Kurux,,bɛtʃ,to play,,bɛtʃ,lexical-similarity group 1,"kim-ahmad-kim-sangma2011kurux[wordlist item 201, site D Lohanipara]",,,silkurux2011:i201:D:1,,,,dialect:Kurux:kurux2011-D-lohanipara:Lohanipara%20%28Lohanipara%2C%20Bangladesh%29
Kurux,,bɛtʃ,to play,,bɛtʃ,lexical-similarity group 1,"kim-ahmad-kim-sangma2011kurux[wordlist item 201, site E Dulhapur]",,,silkurux2011:i201:E:1,,,,dialect:Kurux:kurux2011-E-dulhapur:Dulhapur%20%28Dulhapur%2C%20Bangladesh%29
B,,khɛla,to play,,khɛla,lexical-similarity group 2,"kim-ahmad-kim-sangma2011kurux[wordlist item 201, site 0 Bangla]",,,silkurux2011:i201:0:1,,,,dialect:B:kurux2011-0-bangla:Bangla%20%28Bangla%29
Kurux,,bɛtʃ,to dance,,bɛtʃ,lexical-similarity group 1,"kim-ahmad-kim-sangma2011kurux[wordlist item 202, site B Gabindanagar]",,,silkurux2011:i202:B:1,,,,dialect:Kurux:kurux2011-B-gabindanagar:Gabindanagar%20%28Gabindanagar%2C%20Bangladesh%29
Kurux,,bɛtʃ,to dance,,bɛtʃ,lexical-similarity group 1,"kim-ahmad-kim-sangma2011kurux[wordlist item 202, site D Lohanipara]",,,silkurux2011:i202:D:1,,,,dialect:Kurux:kurux2011-D-lohanipara:Lohanipara%20%28Lohanipara%2C%20Bangladesh%29
Kurux,,bɛtʃ,to dance,,bɛtʃ,lexical-similarity group 1,"kim-ahmad-kim-sangma2011kurux[wordlist item 202, site E Dulhapur]",,,silkurux2011:i202:E:1,,,,dialect:Kurux:kurux2011-E-dulhapur:Dulhapur%20%28Dulhapur%2C%20Bangladesh%29
Kurux,,nal,to dance,,nal,lexical-similarity group 2,"kim-ahmad-kim-sangma2011kurux[wordlist item 202, site C Boldipukur]",,,silkurux2011:i202:C:1,,,,dialect:Kurux:kurux2011-C-boldipukur:Boldipukur%20%28Boldipukur%2C%20Bangladesh%29
Kurux,,nal,to dance,,nal,lexical-similarity group 2,"kim-ahmad-kim-sangma2011kurux[wordlist item 202, site D Lohanipara]",,,silkurux2011:i202:D:2,,,,dialect:Kurux:kurux2011-D-lohanipara:Lohanipara%20%28Lohanipara%2C%20Bangladesh%29
Kurux,,nal,to dance,,nal,lexical-similarity group 2,"kim-ahmad-kim-sangma2011kurux[wordlist item 202, site E Dulhapur]",,,silkurux2011:i202:E:2,,,,dialect:Kurux:kurux2011-E-dulhapur:Dulhapur%20%28Dulhapur%2C%20Bangladesh%29
B,,natʃa,to dance,,natʃa,lexical-similarity group 3,"kim-ahmad-kim-sangma2011kurux[wordlist item 202, site 0 Bangla]",,,silkurux2011:i202:0:1,,,,dialect:B:kurux2011-0-bangla:Bangla%20%28Bangla%29
Kurux,,lɛbdo,to throw,,lɛbdo,lexical-similarity group 1,"kim-ahmad-kim-sangma2011kurux[wordlist item 203, site C Boldipukur]",,,silkurux2011:i203:C:1,,,,dialect:Kurux:kurux2011-C-boldipukur:Boldipukur%20%28Boldipukur%2C%20Bangladesh%29
Kurux,,lɛbdo,to throw,,lɛbdo,lexical-similarity group 1,"kim-ahmad-kim-sangma2011kurux[wordlist item 203, site D Lohanipara]",,,silkurux2011:i203:D:1,,,,dialect:Kurux:kurux2011-D-lohanipara:Lohanipara%20%28Lohanipara%2C%20Bangladesh%29
Kurux,,lɛbdo,to throw,,lɛbdo,lexical-similarity group 1,"kim-ahmad-kim-sangma2011kurux[wordlist item 203, site E Dulhapur]",,,silkurux2011:i203:E:1,,,,dialect:Kurux:kurux2011-E-dulhapur:Dulhapur%20%28Dulhapur%2C%20Bangladesh%29
B,,tʃhoɾa,to throw,,tʃhoɾa,lexical-similarity group 2,"kim-ahmad-kim-sangma2011kurux[wordlist item 203, site 0 Bangla]",,,silkurux2011:i203:0:1,,,,dialect:B:kurux2011-0-bangla:Bangla%20%28Bangla%29
Kurux,,tʃod,to lift,,tʃod,lexical-similarity group 1,"kim-ahmad-kim-sangma2011kurux[wordlist item 204, site C Boldipukur]",,,silkurux2011:i204:C:1,,,,dialect:Kurux:kurux2011-C-boldipukur:Boldipukur%20%28Boldipukur%2C%20Bangladesh%29
Kurux,,tʃod,to lift,,tʃod,lexical-similarity group 1,"kim-ahmad-kim-sangma2011kurux[wordlist item 204, site D Lohanipara]",,,silkurux2011:i204:D:1,,,,dialect:Kurux:kurux2011-D-lohanipara:Lohanipara%20%28Lohanipara%2C%20Bangladesh%29
Kurux,,tʃod,to lift,,tʃod,lexical-similarity group 1,"kim-ahmad-kim-sangma2011kurux[wordlist item 204, site E Dulhapur]",,,silkurux2011:i204:E:1,,,,dialect:Kurux:kurux2011-E-dulhapur:Dulhapur%20%28Dulhapur%2C%20Bangladesh%29
B,,tola,to lift,,tola,lexical-similarity group 2,"kim-ahmad-kim-sangma2011kurux[wordlist item 204, site 0 Bangla]",,,silkurux2011:i204:0:1,,,,dialect:B:kurux2011-0-bangla:Bangla%20%28Bangla%29
Kurux,,tuk,to push,,tuk,lexical-similarity group 1,"kim-ahmad-kim-sangma2011kurux[wordlist item 205, site B Gabindanagar]",,,silkurux2011:i205:B:1,,,,dialect:Kurux:kurux2011-B-gabindanagar:Gabindanagar%20%28Gabindanagar%2C%20Bangladesh%29
Kurux,,tuk,to push,,tuk,lexical-similarity group 1,"kim-ahmad-kim-sangma2011kurux[wordlist item 205, site C Boldipukur]",,,silkurux2011:i205:C:1,,,,dialect:Kurux:kurux2011-C-boldipukur:Boldipukur%20%28Boldipukur%2C%20Bangladesh%29
Kurux,,tuk,to push,,tuk,lexical-similarity group 1,"kim-ahmad-kim-sangma2011kurux[wordlist item 205, site D Lohanipara]",,,silkurux2011:i205:D:1,,,,dialect:Kurux:kurux2011-D-lohanipara:Lohanipara%20%28Lohanipara%2C%20Bangladesh%29
Kurux,,tuk,to push,,tuk,lexical-similarity group 1,"kim-ahmad-kim-sangma2011kurux[wordlist item 205, site E Dulhapur]",,,silkurux2011:i205:E:1,,,,dialect:Kurux:kurux2011-E-dulhapur:Dulhapur%20%28Dulhapur%2C%20Bangladesh%29
B,,dhakka dɛwa,to push,,dhakka dɛwa,lexical-similarity group 2,"kim-ahmad-kim-sangma2011kurux[wordlist item 205, site 0 Bangla]",,,silkurux2011:i205:0:1,,,,dialect:B:kurux2011-0-bangla:Bangla%20%28Bangla%29
Kurux,,tan,to pull,,tan,lexical-similarity group 1,"kim-ahmad-kim-sangma2011kurux[wordlist item 206, site B Gabindanagar]",,,silkurux2011:i206:B:1,,,,dialect:Kurux:kurux2011-B-gabindanagar:Gabindanagar%20%28Gabindanagar%2C%20Bangladesh%29
Kurux,,tan,to pull,,tan,lexical-similarity group 1,"kim-ahmad-kim-sangma2011kurux[wordlist item 206, site C Boldipukur]",,,silkurux2011:i206:C:1,,,,dialect:Kurux:kurux2011-C-boldipukur:Boldipukur%20%28Boldipukur%2C%20Bangladesh%29
Kurux,,tan,to pull,,tan,lexical-similarity group 1,"kim-ahmad-kim-sangma2011kurux[wordlist item 206, site D Lohanipara]",,,silkurux2011:i206:D:1,,,,dialect:Kurux:kurux2011-D-lohanipara:Lohanipara%20%28Lohanipara%2C%20Bangladesh%29
Kurux,,tan,to pull,,tan,lexical-similarity group 1,"kim-ahmad-kim-sangma2011kurux[wordlist item 206, site E Dulhapur]",,,silkurux2011:i206:E:1,,,,dialect:Kurux:kurux2011-E-dulhapur:Dulhapur%20%28Dulhapur%2C%20Bangladesh%29
B,,tana,to pull,,tana,lexical-similarity group 1,"kim-ahmad-kim-sangma2011kurux[wordlist item 206, site 0 Bangla]",,,silkurux2011:i206:0:1,,,,dialect:B:kurux2011-0-bangla:Bangla%20%28Bangla%29
Kurux,,hɛ,to tie,,hɛ,lexical-similarity group 1,"kim-ahmad-kim-sangma2011kurux[wordlist item 207, site B Gabindanagar]",,,silkurux2011:i207:B:1,,,,dialect:Kurux:kurux2011-B-gabindanagar:Gabindanagar%20%28Gabindanagar%2C%20Bangladesh%29
Kurux,,hɛ,to tie,,hɛ,lexical-similarity group 1,"kim-ahmad-kim-sangma2011kurux[wordlist item 207, site C Boldipukur]",,,silkurux2011:i207:C:1,,,,dialect:Kurux:kurux2011-C-boldipukur:Boldipukur%20%28Boldipukur%2C%20Bangladesh%29
Kurux,,hɛ,to tie,,hɛ,lexical-similarity group 1,"kim-ahmad-kim-sangma2011kurux[wordlist item 207, site D Lohanipara]",,,silkurux2011:i207:D:1,,,,dialect:Kurux:kurux2011-D-lohanipara:Lohanipara%20%28Lohanipara%2C%20Bangladesh%29
Kurux,,hɛ,to tie,,hɛ,lexical-similarity group 1,"kim-ahmad-kim-sangma2011kurux[wordlist item 207, site E Dulhapur]",,,silkurux2011:i207:E:1,,,,dialect:Kurux:kurux2011-E-dulhapur:Dulhapur%20%28Dulhapur%2C%20Bangladesh%29
Kurux,,tʃitʃo,to wipe,,tʃitʃo,lexical-similarity group 1,"kim-ahmad-kim-sangma2011kurux[wordlist item 208, site B Gabindanagar]",,,silkurux2011:i208:B:1,,,,dialect:Kurux:kurux2011-B-gabindanagar:Gabindanagar%20%28Gabindanagar%2C%20Bangladesh%29
Kurux,,tʃitʃo,to wipe,,tʃitʃo,lexical-similarity group 1,"kim-ahmad-kim-sangma2011kurux[wordlist item 208, site C Boldipukur]",,,silkurux2011:i208:C:1,,,,dialect:Kurux:kurux2011-C-boldipukur:Boldipukur%20%28Boldipukur%2C%20Bangladesh%29
Kurux,,tʃitʃo,to wipe,,tʃitʃo,lexical-similarity group 1,"kim-ahmad-kim-sangma2011kurux[wordlist item 208, site D Lohanipara]",,,silkurux2011:i208:D:1,,,,dialect:Kurux:kurux2011-D-lohanipara:Lohanipara%20%28Lohanipara%2C%20Bangladesh%29
Kurux,,tʃitʃo,to wipe,,tʃitʃo,lexical-similarity group 1,"kim-ahmad-kim-sangma2011kurux[wordlist item 208, site E Dulhapur]",,,silkurux2011:i208:E:1,,,,dialect:Kurux:kurux2011-E-dulhapur:Dulhapur%20%28Dulhapur%2C%20Bangladesh%29
B,,motʃha,to wipe,,motʃha,lexical-similarity group 2,"kim-ahmad-kim-sangma2011kurux[wordlist item 208, site 0 Bangla]",,,silkurux2011:i208:0:1,,,,dialect:B:kurux2011-0-bangla:Bangla%20%28Bangla%29
Kurux,,ɛs,to weave (on loom),,ɛs,lexical-similarity group 1,"kim-ahmad-kim-sangma2011kurux[wordlist item 209, site B Gabindanagar]",,,silkurux2011:i209:B:1,,,,dialect:Kurux:kurux2011-B-gabindanagar:Gabindanagar%20%28Gabindanagar%2C%20Bangladesh%29
Kurux,,ɛs,to weave (on loom),,ɛs,lexical-similarity group 1,"kim-ahmad-kim-sangma2011kurux[wordlist item 209, site C Boldipukur]",,,silkurux2011:i209:C:1,,,,dialect:Kurux:kurux2011-C-boldipukur:Boldipukur%20%28Boldipukur%2C%20Bangladesh%29
Kurux,,ɛs,to weave (on loom),,ɛs,lexical-similarity group 1,"kim-ahmad-kim-sangma2011kurux[wordlist item 209, site D Lohanipara]",,,silkurux2011:i209:D:1,,,,dialect:Kurux:kurux2011-D-lohanipara:Lohanipara%20%28Lohanipara%2C%20Bangladesh%29
B,,tatɛ bona,to weave (on loom),,tatɛ bona,lexical-similarity group 2,"kim-ahmad-kim-sangma2011kurux[wordlist item 209, site 0 Bangla]",,,silkurux2011:i209:0:1,,,,dialect:B:kurux2011-0-bangla:Bangla%20%28Bangla%29
B,,ʃɛlai ( k ɾa,to sew,,ʃɛlai ( k ɾa,lexical-similarity group 2,"kim-ahmad-kim-sangma2011kurux[wordlist item 210, site 0 Bangla]",,,silkurux2011:i210:0:1,,,,dialect:B:kurux2011-0-bangla:Bangla%20%28Bangla%29
Kurux,,nor,to wash (face/hand),,nor,lexical-similarity group 1,"kim-ahmad-kim-sangma2011kurux[wordlist item 211, site B Gabindanagar]",,,silkurux2011:i211:B:1,,,,dialect:Kurux:kurux2011-B-gabindanagar:Gabindanagar%20%28Gabindanagar%2C%20Bangladesh%29
Kurux,,nor,to wash (face/hand),,nor,lexical-similarity group 1,"kim-ahmad-kim-sangma2011kurux[wordlist item 211, site C Boldipukur]",,,silkurux2011:i211:C:1,,,,dialect:Kurux:kurux2011-C-boldipukur:Boldipukur%20%28Boldipukur%2C%20Bangladesh%29
Kurux,,nor,to wash (face/hand),,nor,lexical-similarity group 1,"kim-ahmad-kim-sangma2011kurux[wordlist item 211, site D Lohanipara]",,,silkurux2011:i211:D:1,,,,dialect:Kurux:kurux2011-D-lohanipara:Lohanipara%20%28Lohanipara%2C%20Bangladesh%29
Kurux,,nor,to wash (face/hand),,nor,lexical-similarity group 1,"kim-ahmad-kim-sangma2011kurux[wordlist item 211, site E Dulhapur]",,,silkurux2011:i211:E:1,,,,dialect:Kurux:kurux2011-E-dulhapur:Dulhapur%20%28Dulhapur%2C%20Bangladesh%29
B,,dhoa,to wash (face/hand),,dhoa,lexical-similarity group 2,"kim-ahmad-kim-sangma2011kurux[wordlist item 211, site 0 Bangla]",,,silkurux2011:i211:0:1,,,,dialect:B:kurux2011-0-bangla:Bangla%20%28Bangla%29
Kurux,,ɛm,to take bath,,ɛm,lexical-similarity group 1,"kim-ahmad-kim-sangma2011kurux[wordlist item 212, site B Gabindanagar]",,,silkurux2011:i212:B:1,,,,dialect:Kurux:kurux2011-B-gabindanagar:Gabindanagar%20%28Gabindanagar%2C%20Bangladesh%29
Kurux,,ɛm,to take bath,,ɛm,lexical-similarity group 1,"kim-ahmad-kim-sangma2011kurux[wordlist item 212, site C Boldipukur]",,,silkurux2011:i212:C:1,,,,dialect:Kurux:kurux2011-C-boldipukur:Boldipukur%20%28Boldipukur%2C%20Bangladesh%29
Kurux,,ɛm,to take bath,,ɛm,lexical-similarity group 1,"kim-ahmad-kim-sangma2011kurux[wordlist item 212, site D Lohanipara]",,,silkurux2011:i212:D:1,,,,dialect:Kurux:kurux2011-D-lohanipara:Lohanipara%20%28Lohanipara%2C%20Bangladesh%29
Kurux,,ɛm,to take bath,,ɛm,lexical-similarity group 1,"kim-ahmad-kim-sangma2011kurux[wordlist item 212, site E Dulhapur]",,,silkurux2011:i212:E:1,,,,dialect:Kurux:kurux2011-E-dulhapur:Dulhapur%20%28Dulhapur%2C%20Bangladesh%29
B,,ɡosol k ɾa,to take bath,,ɡosol k ɾa,lexical-similarity group 2,"kim-ahmad-kim-sangma2011kurux[wordlist item 212, site 0 Bangla]",,,silkurux2011:i212:0:1,,,,dialect:B:kurux2011-0-bangla:Bangla%20%28Bangla%29
Kurux,,khand,to cut something,,khand,lexical-similarity group 1,"kim-ahmad-kim-sangma2011kurux[wordlist item 213, site B Gabindanagar]",,,silkurux2011:i213:B:1,,,,dialect:Kurux:kurux2011-B-gabindanagar:Gabindanagar%20%28Gabindanagar%2C%20Bangladesh%29
Kurux,,khand,to cut something,,khand,lexical-similarity group 1,"kim-ahmad-kim-sangma2011kurux[wordlist item 213, site C Boldipukur]",,,silkurux2011:i213:C:1,,,,dialect:Kurux:kurux2011-C-boldipukur:Boldipukur%20%28Boldipukur%2C%20Bangladesh%29
Kurux,,khand,to cut something,,khand,lexical-similarity group 1,"kim-ahmad-kim-sangma2011kurux[wordlist item 213, site D Lohanipara]",,,silkurux2011:i213:D:1,,,,dialect:Kurux:kurux2011-D-lohanipara:Lohanipara%20%28Lohanipara%2C%20Bangladesh%29
Kurux,,khand,to cut something,,khand,lexical-similarity group 1,"kim-ahmad-kim-sangma2011kurux[wordlist item 213, site E Dulhapur]",,,silkurux2011:i213:E:1,,,,dialect:Kurux:kurux2011-E-dulhapur:Dulhapur%20%28Dulhapur%2C%20Bangladesh%29
B,,kata,to cut something,,kata,lexical-similarity group 2,"kim-ahmad-kim-sangma2011kurux[wordlist item 213, site 0 Bangla]",,,silkurux2011:i213:0:1,,,,dialect:B:kurux2011-0-bangla:Bangla%20%28Bangla%29
Kurux,,oldo,to burn,,oldo,lexical-similarity group 1,"kim-ahmad-kim-sangma2011kurux[wordlist item 214, site B Gabindanagar]",,,silkurux2011:i214:B:1,,,,dialect:Kurux:kurux2011-B-gabindanagar:Gabindanagar%20%28Gabindanagar%2C%20Bangladesh%29
Kurux,,oldo,to burn,,oldo,lexical-similarity group 1,"kim-ahmad-kim-sangma2011kurux[wordlist item 214, site C Boldipukur]",,,silkurux2011:i214:C:1,,,,dialect:Kurux:kurux2011-C-boldipukur:Boldipukur%20%28Boldipukur%2C%20Bangladesh%29
Kurux,,oldo,to burn,,oldo,lexical-similarity group 1,"kim-ahmad-kim-sangma2011kurux[wordlist item 214, site D Lohanipara]",,,silkurux2011:i214:D:1,,,,dialect:Kurux:kurux2011-D-lohanipara:Lohanipara%20%28Lohanipara%2C%20Bangladesh%29
Kurux,,oldo,to burn,,oldo,lexical-similarity group 1,"kim-ahmad-kim-sangma2011kurux[wordlist item 214, site E Dulhapur]",,,silkurux2011:i214:E:1,,,,dialect:Kurux:kurux2011-E-dulhapur:Dulhapur%20%28Dulhapur%2C%20Bangladesh%29
B,,poɽano,to burn,,poɽano,lexical-similarity group 2,"kim-ahmad-kim-sangma2011kurux[wordlist item 214, site 0 Bangla]",,,silkurux2011:i214:0:1,,,,dialect:B:kurux2011-0-bangla:Bangla%20%28Bangla%29
Kurux,,xɛnd,to buy,,xɛnd,lexical-similarity group 1,"kim-ahmad-kim-sangma2011kurux[wordlist item 215, site B Gabindanagar]",,,silkurux2011:i215:B:1,,,,dialect:Kurux:kurux2011-B-gabindanagar:Gabindanagar%20%28Gabindanagar%2C%20Bangladesh%29
Kurux,,xɛnd,to buy,,xɛnd,lexical-similarity group 1,"kim-ahmad-kim-sangma2011kurux[wordlist item 215, site C Boldipukur]",,,silkurux2011:i215:C:1,,,,dialect:Kurux:kurux2011-C-boldipukur:Boldipukur%20%28Boldipukur%2C%20Bangladesh%29
Kurux,,xɛnd,to buy,,xɛnd,lexical-similarity group 1,"kim-ahmad-kim-sangma2011kurux[wordlist item 215, site D Lohanipara]",,,silkurux2011:i215:D:1,,,,dialect:Kurux:kurux2011-D-lohanipara:Lohanipara%20%28Lohanipara%2C%20Bangladesh%29
Kurux,,xɛnd,to buy,,xɛnd,lexical-similarity group 1,"kim-ahmad-kim-sangma2011kurux[wordlist item 215, site E Dulhapur]",,,silkurux2011:i215:E:1,,,,dialect:Kurux:kurux2011-E-dulhapur:Dulhapur%20%28Dulhapur%2C%20Bangladesh%29
B,,kena,to buy,,kena,lexical-similarity group 2,"kim-ahmad-kim-sangma2011kurux[wordlist item 215, site 0 Bangla]",,,silkurux2011:i215:0:1,,,,dialect:B:kurux2011-0-bangla:Bangla%20%28Bangla%29
Kurux,,bis,to sell,,bis,lexical-similarity group 1,"kim-ahmad-kim-sangma2011kurux[wordlist item 216, site B Gabindanagar]",,,silkurux2011:i216:B:1,,,,dialect:Kurux:kurux2011-B-gabindanagar:Gabindanagar%20%28Gabindanagar%2C%20Bangladesh%29
Kurux,,bis,to sell,,bis,lexical-similarity group 1,"kim-ahmad-kim-sangma2011kurux[wordlist item 216, site C Boldipukur]",,,silkurux2011:i216:C:1,,,,dialect:Kurux:kurux2011-C-boldipukur:Boldipukur%20%28Boldipukur%2C%20Bangladesh%29
Kurux,,biʃ,to sell,,biʃ,lexical-similarity group 1,"kim-ahmad-kim-sangma2011kurux[wordlist item 216, site D Lohanipara]",,,silkurux2011:i216:D:1,,,,dialect:Kurux:kurux2011-D-lohanipara:Lohanipara%20%28Lohanipara%2C%20Bangladesh%29
Kurux,,biʃ,to sell,,biʃ,lexical-similarity group 1,"kim-ahmad-kim-sangma2011kurux[wordlist item 216, site E Dulhapur]",,,silkurux2011:i216:E:1,,,,dialect:Kurux:kurux2011-E-dulhapur:Dulhapur%20%28Dulhapur%2C%20Bangladesh%29
B,,bikɾi k ɾa,to sell,,bikɾi k ɾa,lexical-similarity group 2,"kim-ahmad-kim-sangma2011kurux[wordlist item 216, site 0 Bangla]",,,silkurux2011:i216:0:1,,,,dialect:B:kurux2011-0-bangla:Bangla%20%28Bangla%29
Kurux,,xar,to steal,,xar,lexical-similarity group 1,"kim-ahmad-kim-sangma2011kurux[wordlist item 217, site B Gabindanagar]",,,silkurux2011:i217:B:1,,,,dialect:Kurux:kurux2011-B-gabindanagar:Gabindanagar%20%28Gabindanagar%2C%20Bangladesh%29
Kurux,,har,to steal,,har,lexical-similarity group 2,"kim-ahmad-kim-sangma2011kurux[wordlist item 217, site C Boldipukur]",,,silkurux2011:i217:C:1,,,,dialect:Kurux:kurux2011-C-boldipukur:Boldipukur%20%28Boldipukur%2C%20Bangladesh%29
Kurux,,har,to steal,,har,lexical-similarity group 2,"kim-ahmad-kim-sangma2011kurux[wordlist item 217, site D Lohanipara]",,,silkurux2011:i217:D:1,,,,dialect:Kurux:kurux2011-D-lohanipara:Lohanipara%20%28Lohanipara%2C%20Bangladesh%29
Kurux,,har,to steal,,har,lexical-similarity group 2,"kim-ahmad-kim-sangma2011kurux[wordlist item 217, site E Dulhapur]",,,silkurux2011:i217:E:1,,,,dialect:Kurux:kurux2011-E-dulhapur:Dulhapur%20%28Dulhapur%2C%20Bangladesh%29
B,,tʃuɾi k ɾa,to steal,,tʃuɾi k ɾa,lexical-similarity group 3,"kim-ahmad-kim-sangma2011kurux[wordlist item 217, site 0 Bangla]",,,silkurux2011:i217:0:1,,,,dialect:B:kurux2011-0-bangla:Bangla%20%28Bangla%29
Kurux,,dʒut katha bo,"to lie, fib",,dʒut katha bo,lexical-similarity group 1,"kim-ahmad-kim-sangma2011kurux[wordlist item 218, site C Boldipukur]",,,silkurux2011:i218:C:1,,,,dialect:Kurux:kurux2011-C-boldipukur:Boldipukur%20%28Boldipukur%2C%20Bangladesh%29
Kurux,,dʒut katha bo,"to lie, fib",,dʒut katha bo,lexical-similarity group 1,"kim-ahmad-kim-sangma2011kurux[wordlist item 218, site D Lohanipara]",,,silkurux2011:i218:D:1,,,,dialect:Kurux:kurux2011-D-lohanipara:Lohanipara%20%28Lohanipara%2C%20Bangladesh%29
Kurux,,mɪtha bo,"to lie, fib",,mɪtha bo,lexical-similarity group 2,"kim-ahmad-kim-sangma2011kurux[wordlist item 218, site E Dulhapur]",,,silkurux2011:i218:E:1,,,,dialect:Kurux:kurux2011-E-dulhapur:Dulhapur%20%28Dulhapur%2C%20Bangladesh%29
B,,mɪttha b la,"to lie, fib",,mɪttha b la,lexical-similarity group 2,"kim-ahmad-kim-sangma2011kurux[wordlist item 218, site 0 Bangla]",,,silkurux2011:i218:0:1,,,,dialect:B:kurux2011-0-bangla:Bangla%20%28Bangla%29
Kurux,,xo,to take,,xo,lexical-similarity group 1,"kim-ahmad-kim-sangma2011kurux[wordlist item 219, site B Gabindanagar]",,,silkurux2011:i219:B:1,,,,dialect:Kurux:kurux2011-B-gabindanagar:Gabindanagar%20%28Gabindanagar%2C%20Bangladesh%29
Kurux,,ho,to take,,ho,lexical-similarity group 2,"kim-ahmad-kim-sangma2011kurux[wordlist item 219, site C Boldipukur]",,,silkurux2011:i219:C:1,,,,dialect:Kurux:kurux2011-C-boldipukur:Boldipukur%20%28Boldipukur%2C%20Bangladesh%29
Kurux,,ho,to take,,ho,lexical-similarity group 2,"kim-ahmad-kim-sangma2011kurux[wordlist item 219, site D Lohanipara]",,,silkurux2011:i219:D:1,,,,dialect:Kurux:kurux2011-D-lohanipara:Lohanipara%20%28Lohanipara%2C%20Bangladesh%29
Kurux,,ho,to take,,ho,lexical-similarity group 2,"kim-ahmad-kim-sangma2011kurux[wordlist item 219, site E Dulhapur]",,,silkurux2011:i219:E:1,,,,dialect:Kurux:kurux2011-E-dulhapur:Dulhapur%20%28Dulhapur%2C%20Bangladesh%29
B,,nɛa,to take,,nɛa,lexical-similarity group 3,"kim-ahmad-kim-sangma2011kurux[wordlist item 219, site 0 Bangla]",,,silkurux2011:i219:0:1,,,,dialect:B:kurux2011-0-bangla:Bangla%20%28Bangla%29
Kurux,,tʃi,to give,,tʃi,lexical-similarity group 1,"kim-ahmad-kim-sangma2011kurux[wordlist item 220, site A Dima]",,,silkurux2011:i220:A:1,,,,dialect:Kurux:kurux2011-A-dima:Dima%20%28Dima%2C%20West%20Bengal%2C%20India%29
Kurux,,tʃi,to give,,tʃi,lexical-similarity group 1,"kim-ahmad-kim-sangma2011kurux[wordlist item 220, site B Gabindanagar]",,,silkurux2011:i220:B:1,,,,dialect:Kurux:kurux2011-B-gabindanagar:Gabindanagar%20%28Gabindanagar%2C%20Bangladesh%29
Kurux,,tʃi,to give,,tʃi,lexical-similarity group 1,"kim-ahmad-kim-sangma2011kurux[wordlist item 220, site C Boldipukur]",,,silkurux2011:i220:C:1,,,,dialect:Kurux:kurux2011-C-boldipukur:Boldipukur%20%28Boldipukur%2C%20Bangladesh%29
Kurux,,tʃi,to give,,tʃi,lexical-similarity group 1,"kim-ahmad-kim-sangma2011kurux[wordlist item 220, site D Lohanipara]",,,silkurux2011:i220:D:1,,,,dialect:Kurux:kurux2011-D-lohanipara:Lohanipara%20%28Lohanipara%2C%20Bangladesh%29
Kurux,,tʃi,to give,,tʃi,lexical-similarity group 1,"kim-ahmad-kim-sangma2011kurux[wordlist item 220, site E Dulhapur]",,,silkurux2011:i220:E:1,,,,dialect:Kurux:kurux2011-E-dulhapur:Dulhapur%20%28Dulhapur%2C%20Bangladesh%29
B,,dɛa,to give,,dɛa,lexical-similarity group 2,"kim-ahmad-kim-sangma2011kurux[wordlist item 220, site 0 Bangla]",,,silkurux2011:i220:0:1,,,,dialect:B:kurux2011-0-bangla:Bangla%20%28Bangla%29
Kurux,,pit,to kill,,pit,lexical-similarity group 1,"kim-ahmad-kim-sangma2011kurux[wordlist item 221, site B Gabindanagar]",,,silkurux2011:i221:B:1,,,,dialect:Kurux:kurux2011-B-gabindanagar:Gabindanagar%20%28Gabindanagar%2C%20Bangladesh%29
Kurux,,pit,to kill,,pit,lexical-similarity group 1,"kim-ahmad-kim-sangma2011kurux[wordlist item 221, site C Boldipukur]",,,silkurux2011:i221:C:1,,,,dialect:Kurux:kurux2011-C-boldipukur:Boldipukur%20%28Boldipukur%2C%20Bangladesh%29
Kurux,,pit,to kill,,pit,lexical-similarity group 1,"kim-ahmad-kim-sangma2011kurux[wordlist item 221, site D Lohanipara]",,,silkurux2011:i221:D:1,,,,dialect:Kurux:kurux2011-D-lohanipara:Lohanipara%20%28Lohanipara%2C%20Bangladesh%29
Kurux,,pit,to kill,,pit,lexical-similarity group 1,"kim-ahmad-kim-sangma2011kurux[wordlist item 221, site E Dulhapur]",,,silkurux2011:i221:E:1,,,,dialect:Kurux:kurux2011-E-dulhapur:Dulhapur%20%28Dulhapur%2C%20Bangladesh%29
B,,maɾa fɛla,to kill,,maɾa fɛla,lexical-similarity group 2,"kim-ahmad-kim-sangma2011kurux[wordlist item 221, site 0 Bangla]",,,silkurux2011:i221:0:1,,,,dialect:B:kurux2011-0-bangla:Bangla%20%28Bangla%29
Kurux,,khɛ,to die,,khɛ,lexical-similarity group 1,"kim-ahmad-kim-sangma2011kurux[wordlist item 222, site B Gabindanagar]",,,silkurux2011:i222:B:1,,,,dialect:Kurux:kurux2011-B-gabindanagar:Gabindanagar%20%28Gabindanagar%2C%20Bangladesh%29
Kurux,,khɛ,to die,,khɛ,lexical-similarity group 1,"kim-ahmad-kim-sangma2011kurux[wordlist item 222, site C Boldipukur]",,,silkurux2011:i222:C:1,,,,dialect:Kurux:kurux2011-C-boldipukur:Boldipukur%20%28Boldipukur%2C%20Bangladesh%29
Kurux,,khɛ,to die,,khɛ,lexical-similarity group 1,"kim-ahmad-kim-sangma2011kurux[wordlist item 222, site D Lohanipara]",,,silkurux2011:i222:D:1,,,,dialect:Kurux:kurux2011-D-lohanipara:Lohanipara%20%28Lohanipara%2C%20Bangladesh%29
Kurux,,khɛ,to die,,khɛ,lexical-similarity group 1,"kim-ahmad-kim-sangma2011kurux[wordlist item 222, site E Dulhapur]",,,silkurux2011:i222:E:1,,,,dialect:Kurux:kurux2011-E-dulhapur:Dulhapur%20%28Dulhapur%2C%20Bangladesh%29
B,,maɾa dʒawa,to die,,maɾa dʒawa,lexical-similarity group 2,"kim-ahmad-kim-sangma2011kurux[wordlist item 222, site 0 Bangla]",,,silkurux2011:i222:0:1,,,,dialect:B:kurux2011-0-bangla:Bangla%20%28Bangla%29
Kurux,,kɪtʃəskɪɾəs,to die,,kɪtʃəskɪɾəs,lexical-similarity group 3,"kim-ahmad-kim-sangma2011kurux[wordlist item 222, site A Dima]",,,silkurux2011:i222:A:1,,,,dialect:Kurux:kurux2011-A-dima:Dima%20%28Dima%2C%20West%20Bengal%2C%20India%29
Kurux,,koɾɛlaɡ,to love,,koɾɛlaɡ,lexical-similarity group 1,"kim-ahmad-kim-sangma2011kurux[wordlist item 223, site B Gabindanagar]",,,silkurux2011:i223:B:1,,,,dialect:Kurux:kurux2011-B-gabindanagar:Gabindanagar%20%28Gabindanagar%2C%20Bangladesh%29
Kurux,,dularnan,to love,,dularnan,lexical-similarity group 2,"kim-ahmad-kim-sangma2011kurux[wordlist item 223, site C Boldipukur]",,,silkurux2011:i223:C:1,,,,dialect:Kurux:kurux2011-C-boldipukur:Boldipukur%20%28Boldipukur%2C%20Bangladesh%29
B,,bhalobaʃa,to love,,bhalobaʃa,lexical-similarity group 3,"kim-ahmad-kim-sangma2011kurux[wordlist item 223, site 0 Bangla]",,,silkurux2011:i223:0:1,,,,dialect:B:kurux2011-0-bangla:Bangla%20%28Bangla%29
Kurux,,bhalobaʃa,to love,,bhalobaʃa,lexical-similarity group 3,"kim-ahmad-kim-sangma2011kurux[wordlist item 223, site D Lohanipara]",,,silkurux2011:i223:D:1,,,,dialect:Kurux:kurux2011-D-lohanipara:Lohanipara%20%28Lohanipara%2C%20Bangladesh%29
Kurux,,xar,to hate,,xar,lexical-similarity group 1,"kim-ahmad-kim-sangma2011kurux[wordlist item 224, site C Boldipukur]",,,silkurux2011:i224:C:1,,,,dialect:Kurux:kurux2011-C-boldipukur:Boldipukur%20%28Boldipukur%2C%20Bangladesh%29
Kurux,,xar,to hate,,xar,lexical-similarity group 1,"kim-ahmad-kim-sangma2011kurux[wordlist item 224, site D Lohanipara]",,,silkurux2011:i224:D:1,,,,dialect:Kurux:kurux2011-D-lohanipara:Lohanipara%20%28Lohanipara%2C%20Bangladesh%29
B,,ɡhɾina k ɾa,to hate,,ɡhɾina k ɾa,lexical-similarity group 2,"kim-ahmad-kim-sangma2011kurux[wordlist item 224, site 0 Bangla]",,,silkurux2011:i224:0:1,,,,dialect:B:kurux2011-0-bangla:Bangla%20%28Bangla%29
Kurux,,ntɑ,one,,ntɑ,lexical-similarity group 1,"kim-ahmad-kim-sangma2011kurux[wordlist item 225, site A Dima]",,,silkurux2011:i225:A:1,,,,dialect:Kurux:kurux2011-A-dima:Dima%20%28Dima%2C%20West%20Bengal%2C%20India%29
Kurux,,ond,one,,ond,lexical-similarity group 1,"kim-ahmad-kim-sangma2011kurux[wordlist item 225, site C Boldipukur]",,,silkurux2011:i225:C:1,,,,dialect:Kurux:kurux2011-C-boldipukur:Boldipukur%20%28Boldipukur%2C%20Bangladesh%29
Kurux,,ond,one,,ond,lexical-similarity group 1,"kim-ahmad-kim-sangma2011kurux[wordlist item 225, site E Dulhapur]",,,silkurux2011:i225:E:1,,,,dialect:Kurux:kurux2011-E-dulhapur:Dulhapur%20%28Dulhapur%2C%20Bangladesh%29
Kurux,,othan,one,,othan,lexical-similarity group 2,"kim-ahmad-kim-sangma2011kurux[wordlist item 225, site D Lohanipara]",,,silkurux2011:i225:D:1,,,,dialect:Kurux:kurux2011-D-lohanipara:Lohanipara%20%28Lohanipara%2C%20Bangladesh%29
B,,ek,one,,ek,lexical-similarity group 3,"kim-ahmad-kim-sangma2011kurux[wordlist item 225, site 0 Bangla]",,,silkurux2011:i225:0:1,,,,dialect:B:kurux2011-0-bangla:Bangla%20%28Bangla%29
Kurux,,ek,one,,ek,lexical-similarity group 3,"kim-ahmad-kim-sangma2011kurux[wordlist item 225, site B Gabindanagar]",,,silkurux2011:i225:B:1,,,,dialect:Kurux:kurux2011-B-gabindanagar:Gabindanagar%20%28Gabindanagar%2C%20Bangladesh%29
Kurux,,du,two,,du,lexical-similarity group 1,"kim-ahmad-kim-sangma2011kurux[wordlist item 226, site A Dima]",,,silkurux2011:i226:A:1,,,,dialect:Kurux:kurux2011-A-dima:Dima%20%28Dima%2C%20West%20Bengal%2C%20India%29
B,,dui (,two,,dui (,lexical-similarity group 1,"kim-ahmad-kim-sangma2011kurux[wordlist item 226, site 0 Bangla]",,,silkurux2011:i226:0:1,,,,dialect:B:kurux2011-0-bangla:Bangla%20%28Bangla%29
Kurux,,dui (,two,,dui (,lexical-similarity group 1,"kim-ahmad-kim-sangma2011kurux[wordlist item 226, site B Gabindanagar]",,,silkurux2011:i226:B:1,,,,dialect:Kurux:kurux2011-B-gabindanagar:Gabindanagar%20%28Gabindanagar%2C%20Bangladesh%29
Kurux,,dui (,two,,dui (,lexical-similarity group 1,"kim-ahmad-kim-sangma2011kurux[wordlist item 226, site C Boldipukur]",,,silkurux2011:i226:C:1,,,,dialect:Kurux:kurux2011-C-boldipukur:Boldipukur%20%28Boldipukur%2C%20Bangladesh%29
Kurux,,dui (,two,,dui (,lexical-similarity group 1,"kim-ahmad-kim-sangma2011kurux[wordlist item 226, site D Lohanipara]",,,silkurux2011:i226:D:1,,,,dialect:Kurux:kurux2011-D-lohanipara:Lohanipara%20%28Lohanipara%2C%20Bangladesh%29
Kurux,,dui (,two,,dui (,lexical-similarity group 1,"kim-ahmad-kim-sangma2011kurux[wordlist item 226, site E Dulhapur]",,,silkurux2011:i226:E:1,,,,dialect:Kurux:kurux2011-E-dulhapur:Dulhapur%20%28Dulhapur%2C%20Bangladesh%29
B,,tɪn,three,,tɪn,lexical-similarity group 1,"kim-ahmad-kim-sangma2011kurux[wordlist item 227, site 0 Bangla]",,,silkurux2011:i227:0:1,,,,dialect:B:kurux2011-0-bangla:Bangla%20%28Bangla%29
Kurux,,tɪn,three,,tɪn,lexical-similarity group 1,"kim-ahmad-kim-sangma2011kurux[wordlist item 227, site A Dima]",,,silkurux2011:i227:A:1,,,,dialect:Kurux:kurux2011-A-dima:Dima%20%28Dima%2C%20West%20Bengal%2C%20India%29
Kurux,,tɪn,three,,tɪn,lexical-similarity group 1,"kim-ahmad-kim-sangma2011kurux[wordlist item 227, site B Gabindanagar]",,,silkurux2011:i227:B:1,,,,dialect:Kurux:kurux2011-B-gabindanagar:Gabindanagar%20%28Gabindanagar%2C%20Bangladesh%29
Kurux,,tɪn,three,,tɪn,lexical-similarity group 1,"kim-ahmad-kim-sangma2011kurux[wordlist item 227, site C Boldipukur]",,,silkurux2011:i227:C:1,,,,dialect:Kurux:kurux2011-C-boldipukur:Boldipukur%20%28Boldipukur%2C%20Bangladesh%29
Kurux,,tɪn,three,,tɪn,lexical-similarity group 1,"kim-ahmad-kim-sangma2011kurux[wordlist item 227, site D Lohanipara]",,,silkurux2011:i227:D:1,,,,dialect:Kurux:kurux2011-D-lohanipara:Lohanipara%20%28Lohanipara%2C%20Bangladesh%29
Kurux,,tɪn,three,,tɪn,lexical-similarity group 1,"kim-ahmad-kim-sangma2011kurux[wordlist item 227, site E Dulhapur]",,,silkurux2011:i227:E:1,,,,dialect:Kurux:kurux2011-E-dulhapur:Dulhapur%20%28Dulhapur%2C%20Bangladesh%29
Kurux,,tʃɑr,four,,tʃɑr,lexical-similarity group 1,"kim-ahmad-kim-sangma2011kurux[wordlist item 228, site A Dima]",,,silkurux2011:i228:A:1,,,,dialect:Kurux:kurux2011-A-dima:Dima%20%28Dima%2C%20West%20Bengal%2C%20India%29
B,,tʃar,four,,tʃar,lexical-similarity group 1,"kim-ahmad-kim-sangma2011kurux[wordlist item 228, site 0 Bangla]",,,silkurux2011:i228:0:1,,,,dialect:B:kurux2011-0-bangla:Bangla%20%28Bangla%29
Kurux,,tʃar,four,,tʃar,lexical-similarity group 1,"kim-ahmad-kim-sangma2011kurux[wordlist item 228, site B Gabindanagar]",,,silkurux2011:i228:B:1,,,,dialect:Kurux:kurux2011-B-gabindanagar:Gabindanagar%20%28Gabindanagar%2C%20Bangladesh%29
Kurux,,tʃar,four,,tʃar,lexical-similarity group 1,"kim-ahmad-kim-sangma2011kurux[wordlist item 228, site C Boldipukur]",,,silkurux2011:i228:C:1,,,,dialect:Kurux:kurux2011-C-boldipukur:Boldipukur%20%28Boldipukur%2C%20Bangladesh%29
Kurux,,tʃar,four,,tʃar,lexical-similarity group 1,"kim-ahmad-kim-sangma2011kurux[wordlist item 228, site D Lohanipara]",,,silkurux2011:i228:D:1,,,,dialect:Kurux:kurux2011-D-lohanipara:Lohanipara%20%28Lohanipara%2C%20Bangladesh%29
Kurux,,tʃar,four,,tʃar,lexical-similarity group 1,"kim-ahmad-kim-sangma2011kurux[wordlist item 228, site E Dulhapur]",,,silkurux2011:i228:E:1,,,,dialect:Kurux:kurux2011-E-dulhapur:Dulhapur%20%28Dulhapur%2C%20Bangladesh%29
Kurux,,pɑ-tʃ,five,,pɑ-tʃ,lexical-similarity group 1,"kim-ahmad-kim-sangma2011kurux[wordlist item 229, site A Dima]",,,silkurux2011:i229:A:1,,,,dialect:Kurux:kurux2011-A-dima:Dima%20%28Dima%2C%20West%20Bengal%2C%20India%29
B,,patʃ,five,,patʃ,lexical-similarity group 1,"kim-ahmad-kim-sangma2011kurux[wordlist item 229, site 0 Bangla]",,,silkurux2011:i229:0:1,,,,dialect:B:kurux2011-0-bangla:Bangla%20%28Bangla%29
Kurux,,patʃ,five,,patʃ,lexical-similarity group 1,"kim-ahmad-kim-sangma2011kurux[wordlist item 229, site B Gabindanagar]",,,silkurux2011:i229:B:1,,,,dialect:Kurux:kurux2011-B-gabindanagar:Gabindanagar%20%28Gabindanagar%2C%20Bangladesh%29
Kurux,,patʃ,five,,patʃ,lexical-similarity group 1,"kim-ahmad-kim-sangma2011kurux[wordlist item 229, site C Boldipukur]",,,silkurux2011:i229:C:1,,,,dialect:Kurux:kurux2011-C-boldipukur:Boldipukur%20%28Boldipukur%2C%20Bangladesh%29
Kurux,,patʃ,five,,patʃ,lexical-similarity group 1,"kim-ahmad-kim-sangma2011kurux[wordlist item 229, site D Lohanipara]",,,silkurux2011:i229:D:1,,,,dialect:Kurux:kurux2011-D-lohanipara:Lohanipara%20%28Lohanipara%2C%20Bangladesh%29
Kurux,,patʃ,five,,patʃ,lexical-similarity group 1,"kim-ahmad-kim-sangma2011kurux[wordlist item 229, site E Dulhapur]",,,silkurux2011:i229:E:1,,,,dialect:Kurux:kurux2011-E-dulhapur:Dulhapur%20%28Dulhapur%2C%20Bangladesh%29
B,,tʃh i (,six,,tʃh i (,lexical-similarity group 1,"kim-ahmad-kim-sangma2011kurux[wordlist item 230, site 0 Bangla]",,,silkurux2011:i230:0:1,,,,dialect:B:kurux2011-0-bangla:Bangla%20%28Bangla%29
Kurux,,tʃh i (,six,,tʃh i (,lexical-similarity group 1,"kim-ahmad-kim-sangma2011kurux[wordlist item 230, site B Gabindanagar]",,,silkurux2011:i230:B:1,,,,dialect:Kurux:kurux2011-B-gabindanagar:Gabindanagar%20%28Gabindanagar%2C%20Bangladesh%29
Kurux,,tʃh i (,six,,tʃh i (,lexical-similarity group 1,"kim-ahmad-kim-sangma2011kurux[wordlist item 230, site C Boldipukur]",,,silkurux2011:i230:C:1,,,,dialect:Kurux:kurux2011-C-boldipukur:Boldipukur%20%28Boldipukur%2C%20Bangladesh%29
Kurux,,tʃh i (,six,,tʃh i (,lexical-similarity group 1,"kim-ahmad-kim-sangma2011kurux[wordlist item 230, site D Lohanipara]",,,silkurux2011:i230:D:1,,,,dialect:Kurux:kurux2011-D-lohanipara:Lohanipara%20%28Lohanipara%2C%20Bangladesh%29
Kurux,,tʃh i (,six,,tʃh i (,lexical-similarity group 1,"kim-ahmad-kim-sangma2011kurux[wordlist item 230, site E Dulhapur]",,,silkurux2011:i230:E:1,,,,dialect:Kurux:kurux2011-E-dulhapur:Dulhapur%20%28Dulhapur%2C%20Bangladesh%29
Kurux,,tʃhou,six,,tʃhou,lexical-similarity group 1,"kim-ahmad-kim-sangma2011kurux[wordlist item 230, site A Dima]",,,silkurux2011:i230:A:1,,,,dialect:Kurux:kurux2011-A-dima:Dima%20%28Dima%2C%20West%20Bengal%2C%20India%29
B,,ʃat,seven,,ʃat,lexical-similarity group 1,"kim-ahmad-kim-sangma2011kurux[wordlist item 231, site 0 Bangla]",,,silkurux2011:i231:0:1,,,,dialect:B:kurux2011-0-bangla:Bangla%20%28Bangla%29
Kurux,,ʃat,seven,,ʃat,lexical-similarity group 1,"kim-ahmad-kim-sangma2011kurux[wordlist item 231, site B Gabindanagar]",,,silkurux2011:i231:B:1,,,,dialect:Kurux:kurux2011-B-gabindanagar:Gabindanagar%20%28Gabindanagar%2C%20Bangladesh%29
Kurux,,ʃat,seven,,ʃat,lexical-similarity group 1,"kim-ahmad-kim-sangma2011kurux[wordlist item 231, site C Boldipukur]",,,silkurux2011:i231:C:1,,,,dialect:Kurux:kurux2011-C-boldipukur:Boldipukur%20%28Boldipukur%2C%20Bangladesh%29
Kurux,,ʃat,seven,,ʃat,lexical-similarity group 1,"kim-ahmad-kim-sangma2011kurux[wordlist item 231, site D Lohanipara]",,,silkurux2011:i231:D:1,,,,dialect:Kurux:kurux2011-D-lohanipara:Lohanipara%20%28Lohanipara%2C%20Bangladesh%29
Kurux,,ʃat,seven,,ʃat,lexical-similarity group 1,"kim-ahmad-kim-sangma2011kurux[wordlist item 231, site E Dulhapur]",,,silkurux2011:i231:E:1,,,,dialect:Kurux:kurux2011-E-dulhapur:Dulhapur%20%28Dulhapur%2C%20Bangladesh%29
Kurux,,sat,seven,,sat,lexical-similarity group 1,"kim-ahmad-kim-sangma2011kurux[wordlist item 231, site A Dima]",,,silkurux2011:i231:A:1,,,,dialect:Kurux:kurux2011-A-dima:Dima%20%28Dima%2C%20West%20Bengal%2C%20India%29
B,,at,eight,,at,lexical-similarity group 1,"kim-ahmad-kim-sangma2011kurux[wordlist item 232, site 0 Bangla]",,,silkurux2011:i232:0:1,,,,dialect:B:kurux2011-0-bangla:Bangla%20%28Bangla%29
Kurux,,at,eight,,at,lexical-similarity group 1,"kim-ahmad-kim-sangma2011kurux[wordlist item 232, site B Gabindanagar]",,,silkurux2011:i232:B:1,,,,dialect:Kurux:kurux2011-B-gabindanagar:Gabindanagar%20%28Gabindanagar%2C%20Bangladesh%29
Kurux,,at,eight,,at,lexical-similarity group 1,"kim-ahmad-kim-sangma2011kurux[wordlist item 232, site C Boldipukur]",,,silkurux2011:i232:C:1,,,,dialect:Kurux:kurux2011-C-boldipukur:Boldipukur%20%28Boldipukur%2C%20Bangladesh%29
Kurux,,at,eight,,at,lexical-similarity group 1,"kim-ahmad-kim-sangma2011kurux[wordlist item 232, site D Lohanipara]",,,silkurux2011:i232:D:1,,,,dialect:Kurux:kurux2011-D-lohanipara:Lohanipara%20%28Lohanipara%2C%20Bangladesh%29
Kurux,,at,eight,,at,lexical-similarity group 1,"kim-ahmad-kim-sangma2011kurux[wordlist item 232, site E Dulhapur]",,,silkurux2011:i232:E:1,,,,dialect:Kurux:kurux2011-E-dulhapur:Dulhapur%20%28Dulhapur%2C%20Bangladesh%29
Kurux,,ɑth,eight,,ɑth,lexical-similarity group 2,"kim-ahmad-kim-sangma2011kurux[wordlist item 232, site A Dima]",,,silkurux2011:i232:A:1,,,,dialect:Kurux:kurux2011-A-dima:Dima%20%28Dima%2C%20West%20Bengal%2C%20India%29
Kurux,,nɑu,nine,,nɑu,lexical-similarity group 1,"kim-ahmad-kim-sangma2011kurux[wordlist item 233, site A Dima]",,,silkurux2011:i233:A:1,,,,dialect:Kurux:kurux2011-A-dima:Dima%20%28Dima%2C%20West%20Bengal%2C%20India%29
B,,n i (,nine,,n i (,lexical-similarity group 1,"kim-ahmad-kim-sangma2011kurux[wordlist item 233, site 0 Bangla]",,,silkurux2011:i233:0:1,,,,dialect:B:kurux2011-0-bangla:Bangla%20%28Bangla%29
Kurux,,n i (,nine,,n i (,lexical-similarity group 1,"kim-ahmad-kim-sangma2011kurux[wordlist item 233, site B Gabindanagar]",,,silkurux2011:i233:B:1,,,,dialect:Kurux:kurux2011-B-gabindanagar:Gabindanagar%20%28Gabindanagar%2C%20Bangladesh%29
Kurux,,n i (,nine,,n i (,lexical-similarity group 1,"kim-ahmad-kim-sangma2011kurux[wordlist item 233, site C Boldipukur]",,,silkurux2011:i233:C:1,,,,dialect:Kurux:kurux2011-C-boldipukur:Boldipukur%20%28Boldipukur%2C%20Bangladesh%29
Kurux,,n i (,nine,,n i (,lexical-similarity group 1,"kim-ahmad-kim-sangma2011kurux[wordlist item 233, site D Lohanipara]",,,silkurux2011:i233:D:1,,,,dialect:Kurux:kurux2011-D-lohanipara:Lohanipara%20%28Lohanipara%2C%20Bangladesh%29
Kurux,,n i (,nine,,n i (,lexical-similarity group 1,"kim-ahmad-kim-sangma2011kurux[wordlist item 233, site E Dulhapur]",,,silkurux2011:i233:E:1,,,,dialect:Kurux:kurux2011-E-dulhapur:Dulhapur%20%28Dulhapur%2C%20Bangladesh%29
Kurux,,dɑs,ten,,dɑs,lexical-similarity group 1,"kim-ahmad-kim-sangma2011kurux[wordlist item 234, site A Dima]",,,silkurux2011:i234:A:1,,,,dialect:Kurux:kurux2011-A-dima:Dima%20%28Dima%2C%20West%20Bengal%2C%20India%29
B,,d ʃ,ten,,d ʃ,lexical-similarity group 1,"kim-ahmad-kim-sangma2011kurux[wordlist item 234, site 0 Bangla]",,,silkurux2011:i234:0:1,,,,dialect:B:kurux2011-0-bangla:Bangla%20%28Bangla%29
Kurux,,d ʃ,ten,,d ʃ,lexical-similarity group 1,"kim-ahmad-kim-sangma2011kurux[wordlist item 234, site B Gabindanagar]",,,silkurux2011:i234:B:1,,,,dialect:Kurux:kurux2011-B-gabindanagar:Gabindanagar%20%28Gabindanagar%2C%20Bangladesh%29
Kurux,,d ʃ,ten,,d ʃ,lexical-similarity group 1,"kim-ahmad-kim-sangma2011kurux[wordlist item 234, site C Boldipukur]",,,silkurux2011:i234:C:1,,,,dialect:Kurux:kurux2011-C-boldipukur:Boldipukur%20%28Boldipukur%2C%20Bangladesh%29
Kurux,,d ʃ,ten,,d ʃ,lexical-similarity group 1,"kim-ahmad-kim-sangma2011kurux[wordlist item 234, site D Lohanipara]",,,silkurux2011:i234:D:1,,,,dialect:Kurux:kurux2011-D-lohanipara:Lohanipara%20%28Lohanipara%2C%20Bangladesh%29
Kurux,,d ʃ,ten,,d ʃ,lexical-similarity group 1,"kim-ahmad-kim-sangma2011kurux[wordlist item 234, site E Dulhapur]",,,silkurux2011:i234:E:1,,,,dialect:Kurux:kurux2011-E-dulhapur:Dulhapur%20%28Dulhapur%2C%20Bangladesh%29
B,,æɡaɾo,eleven,,æɡaɾo,lexical-similarity group 1,"kim-ahmad-kim-sangma2011kurux[wordlist item 235, site 0 Bangla]",,,silkurux2011:i235:0:1,,,,dialect:B:kurux2011-0-bangla:Bangla%20%28Bangla%29
Kurux,,æɡaɾo,eleven,,æɡaɾo,lexical-similarity group 1,"kim-ahmad-kim-sangma2011kurux[wordlist item 235, site B Gabindanagar]",,,silkurux2011:i235:B:1,,,,dialect:Kurux:kurux2011-B-gabindanagar:Gabindanagar%20%28Gabindanagar%2C%20Bangladesh%29
Kurux,,æɡaɾo,eleven,,æɡaɾo,lexical-similarity group 1,"kim-ahmad-kim-sangma2011kurux[wordlist item 235, site C Boldipukur]",,,silkurux2011:i235:C:1,,,,dialect:Kurux:kurux2011-C-boldipukur:Boldipukur%20%28Boldipukur%2C%20Bangladesh%29
Kurux,,æɡaɾo,eleven,,æɡaɾo,lexical-similarity group 1,"kim-ahmad-kim-sangma2011kurux[wordlist item 235, site D Lohanipara]",,,silkurux2011:i235:D:1,,,,dialect:Kurux:kurux2011-D-lohanipara:Lohanipara%20%28Lohanipara%2C%20Bangladesh%29
Kurux,,æɡaɾo,eleven,,æɡaɾo,lexical-similarity group 1,"kim-ahmad-kim-sangma2011kurux[wordlist item 235, site E Dulhapur]",,,silkurux2011:i235:E:1,,,,dialect:Kurux:kurux2011-E-dulhapur:Dulhapur%20%28Dulhapur%2C%20Bangladesh%29
Kurux,,ɡɑɾɑ,eleven,,ɡɑɾɑ,lexical-similarity group 1,"kim-ahmad-kim-sangma2011kurux[wordlist item 235, site A Dima]",,,silkurux2011:i235:A:1,,,,dialect:Kurux:kurux2011-A-dima:Dima%20%28Dima%2C%20West%20Bengal%2C%20India%29
Kurux,,bɑɾɑ,twelve,,bɑɾɑ,lexical-similarity group 1,"kim-ahmad-kim-sangma2011kurux[wordlist item 236, site A Dima]",,,silkurux2011:i236:A:1,,,,dialect:Kurux:kurux2011-A-dima:Dima%20%28Dima%2C%20West%20Bengal%2C%20India%29
B,,baɽo,twelve,,baɽo,lexical-similarity group 1,"kim-ahmad-kim-sangma2011kurux[wordlist item 236, site 0 Bangla]",,,silkurux2011:i236:0:1,,,,dialect:B:kurux2011-0-bangla:Bangla%20%28Bangla%29
Kurux,,baɽo,twelve,,baɽo,lexical-similarity group 1,"kim-ahmad-kim-sangma2011kurux[wordlist item 236, site B Gabindanagar]",,,silkurux2011:i236:B:1,,,,dialect:Kurux:kurux2011-B-gabindanagar:Gabindanagar%20%28Gabindanagar%2C%20Bangladesh%29
Kurux,,baɽo,twelve,,baɽo,lexical-similarity group 1,"kim-ahmad-kim-sangma2011kurux[wordlist item 236, site C Boldipukur]",,,silkurux2011:i236:C:1,,,,dialect:Kurux:kurux2011-C-boldipukur:Boldipukur%20%28Boldipukur%2C%20Bangladesh%29
Kurux,,baɽo,twelve,,baɽo,lexical-similarity group 1,"kim-ahmad-kim-sangma2011kurux[wordlist item 236, site D Lohanipara]",,,silkurux2011:i236:D:1,,,,dialect:Kurux:kurux2011-D-lohanipara:Lohanipara%20%28Lohanipara%2C%20Bangladesh%29
Kurux,,baɽo,twelve,,baɽo,lexical-similarity group 1,"kim-ahmad-kim-sangma2011kurux[wordlist item 236, site E Dulhapur]",,,silkurux2011:i236:E:1,,,,dialect:Kurux:kurux2011-E-dulhapur:Dulhapur%20%28Dulhapur%2C%20Bangladesh%29
Kurux,,bis,twenty,,bis,lexical-similarity group 1,"kim-ahmad-kim-sangma2011kurux[wordlist item 237, site A Dima]",,,silkurux2011:i237:A:1,,,,dialect:Kurux:kurux2011-A-dima:Dima%20%28Dima%2C%20West%20Bengal%2C%20India%29
B,,biʃ,twenty,,biʃ,lexical-similarity group 1,"kim-ahmad-kim-sangma2011kurux[wordlist item 237, site 0 Bangla]",,,silkurux2011:i237:0:1,,,,dialect:B:kurux2011-0-bangla:Bangla%20%28Bangla%29
Kurux,,biʃ,twenty,,biʃ,lexical-similarity group 1,"kim-ahmad-kim-sangma2011kurux[wordlist item 237, site B Gabindanagar]",,,silkurux2011:i237:B:1,,,,dialect:Kurux:kurux2011-B-gabindanagar:Gabindanagar%20%28Gabindanagar%2C%20Bangladesh%29
Kurux,,biʃ,twenty,,biʃ,lexical-similarity group 1,"kim-ahmad-kim-sangma2011kurux[wordlist item 237, site C Boldipukur]",,,silkurux2011:i237:C:1,,,,dialect:Kurux:kurux2011-C-boldipukur:Boldipukur%20%28Boldipukur%2C%20Bangladesh%29
Kurux,,biʃ,twenty,,biʃ,lexical-similarity group 1,"kim-ahmad-kim-sangma2011kurux[wordlist item 237, site D Lohanipara]",,,silkurux2011:i237:D:1,,,,dialect:Kurux:kurux2011-D-lohanipara:Lohanipara%20%28Lohanipara%2C%20Bangladesh%29
Kurux,,biʃ,twenty,,biʃ,lexical-similarity group 1,"kim-ahmad-kim-sangma2011kurux[wordlist item 237, site E Dulhapur]",,,silkurux2011:i237:E:1,,,,dialect:Kurux:kurux2011-E-dulhapur:Dulhapur%20%28Dulhapur%2C%20Bangladesh%29
B,,ʃ,hundred,,ʃ,lexical-similarity group 1,"kim-ahmad-kim-sangma2011kurux[wordlist item 238, site 0 Bangla]",,,silkurux2011:i238:0:1,,,,dialect:B:kurux2011-0-bangla:Bangla%20%28Bangla%29
Kurux,,ʃ,hundred,,ʃ,lexical-similarity group 1,"kim-ahmad-kim-sangma2011kurux[wordlist item 238, site B Gabindanagar]",,,silkurux2011:i238:B:1,,,,dialect:Kurux:kurux2011-B-gabindanagar:Gabindanagar%20%28Gabindanagar%2C%20Bangladesh%29
Kurux,,ʃ,hundred,,ʃ,lexical-similarity group 1,"kim-ahmad-kim-sangma2011kurux[wordlist item 238, site C Boldipukur]",,,silkurux2011:i238:C:1,,,,dialect:Kurux:kurux2011-C-boldipukur:Boldipukur%20%28Boldipukur%2C%20Bangladesh%29
Kurux,,ʃ,hundred,,ʃ,lexical-similarity group 1,"kim-ahmad-kim-sangma2011kurux[wordlist item 238, site D Lohanipara]",,,silkurux2011:i238:D:1,,,,dialect:Kurux:kurux2011-D-lohanipara:Lohanipara%20%28Lohanipara%2C%20Bangladesh%29
Kurux,,ʃ,hundred,,ʃ,lexical-similarity group 1,"kim-ahmad-kim-sangma2011kurux[wordlist item 238, site E Dulhapur]",,,silkurux2011:i238:E:1,,,,dialect:Kurux:kurux2011-E-dulhapur:Dulhapur%20%28Dulhapur%2C%20Bangladesh%29
Kurux,,sɑu,hundred,,sɑu,lexical-similarity group 2,"kim-ahmad-kim-sangma2011kurux[wordlist item 238, site A Dima]",,,silkurux2011:i238:A:1,,,,dialect:Kurux:kurux2011-A-dima:Dima%20%28Dima%2C%20West%20Bengal%2C%20India%29
B,,hadʒar,thousand,,hadʒar,lexical-similarity group 1,"kim-ahmad-kim-sangma2011kurux[wordlist item 239, site 0 Bangla]",,,silkurux2011:i239:0:1,,,,dialect:B:kurux2011-0-bangla:Bangla%20%28Bangla%29
Kurux,,hadʒar,thousand,,hadʒar,lexical-similarity group 1,"kim-ahmad-kim-sangma2011kurux[wordlist item 239, site B Gabindanagar]",,,silkurux2011:i239:B:1,,,,dialect:Kurux:kurux2011-B-gabindanagar:Gabindanagar%20%28Gabindanagar%2C%20Bangladesh%29
Kurux,,hadʒar,thousand,,hadʒar,lexical-similarity group 1,"kim-ahmad-kim-sangma2011kurux[wordlist item 239, site C Boldipukur]",,,silkurux2011:i239:C:1,,,,dialect:Kurux:kurux2011-C-boldipukur:Boldipukur%20%28Boldipukur%2C%20Bangladesh%29
Kurux,,hadʒar,thousand,,hadʒar,lexical-similarity group 1,"kim-ahmad-kim-sangma2011kurux[wordlist item 239, site D Lohanipara]",,,silkurux2011:i239:D:1,,,,dialect:Kurux:kurux2011-D-lohanipara:Lohanipara%20%28Lohanipara%2C%20Bangladesh%29
Kurux,,hadʒar,thousand,,hadʒar,lexical-similarity group 1,"kim-ahmad-kim-sangma2011kurux[wordlist item 239, site E Dulhapur]",,,silkurux2011:i239:E:1,,,,dialect:Kurux:kurux2011-E-dulhapur:Dulhapur%20%28Dulhapur%2C%20Bangladesh%29
Kurux,,thoɾɛ,some,,thoɾɛ,lexical-similarity group 1,"kim-ahmad-kim-sangma2011kurux[wordlist item 241, site B Gabindanagar]",,,silkurux2011:i241:B:1,,,,dialect:Kurux:kurux2011-B-gabindanagar:Gabindanagar%20%28Gabindanagar%2C%20Bangladesh%29
Kurux,,thoɾɛ,some,,thoɾɛ,lexical-similarity group 1,"kim-ahmad-kim-sangma2011kurux[wordlist item 241, site C Boldipukur]",,,silkurux2011:i241:C:1,,,,dialect:Kurux:kurux2011-C-boldipukur:Boldipukur%20%28Boldipukur%2C%20Bangladesh%29
Kurux,,thoɾɛ,some,,thoɾɛ,lexical-similarity group 1,"kim-ahmad-kim-sangma2011kurux[wordlist item 241, site D Lohanipara]",,,silkurux2011:i241:D:1,,,,dialect:Kurux:kurux2011-D-lohanipara:Lohanipara%20%28Lohanipara%2C%20Bangladesh%29
Kurux,,thuɾi,some,,thuɾi,lexical-similarity group 1,"kim-ahmad-kim-sangma2011kurux[wordlist item 241, site E Dulhapur]",,,silkurux2011:i241:E:1,,,,dialect:Kurux:kurux2011-E-dulhapur:Dulhapur%20%28Dulhapur%2C%20Bangladesh%29
B,,kɪtʃhu,some,,kɪtʃhu,lexical-similarity group 2,"kim-ahmad-kim-sangma2011kurux[wordlist item 241, site 0 Bangla]",,,silkurux2011:i241:0:1,,,,dialect:B:kurux2011-0-bangla:Bangla%20%28Bangla%29
Kurux,,dɛr,many,,dɛr,lexical-similarity group 1,"kim-ahmad-kim-sangma2011kurux[wordlist item 242, site B Gabindanagar]",,,silkurux2011:i242:B:1,,,,dialect:Kurux:kurux2011-B-gabindanagar:Gabindanagar%20%28Gabindanagar%2C%20Bangladesh%29
Kurux,,dɛr,many,,dɛr,lexical-similarity group 1,"kim-ahmad-kim-sangma2011kurux[wordlist item 242, site C Boldipukur]",,,silkurux2011:i242:C:1,,,,dialect:Kurux:kurux2011-C-boldipukur:Boldipukur%20%28Boldipukur%2C%20Bangladesh%29
Kurux,,dɛr,many,,dɛr,lexical-similarity group 1,"kim-ahmad-kim-sangma2011kurux[wordlist item 242, site D Lohanipara]",,,silkurux2011:i242:D:1,,,,dialect:Kurux:kurux2011-D-lohanipara:Lohanipara%20%28Lohanipara%2C%20Bangladesh%29
Kurux,,dɛr,many,,dɛr,lexical-similarity group 1,"kim-ahmad-kim-sangma2011kurux[wordlist item 242, site E Dulhapur]",,,silkurux2011:i242:E:1,,,,dialect:Kurux:kurux2011-E-dulhapur:Dulhapur%20%28Dulhapur%2C%20Bangladesh%29
B,,nɛk,many,,nɛk,lexical-similarity group 2,"kim-ahmad-kim-sangma2011kurux[wordlist item 242, site 0 Bangla]",,,silkurux2011:i242:0:1,,,,dialect:B:kurux2011-0-bangla:Bangla%20%28Bangla%29
Kurux,,bəɡe,many,,bəɡe,lexical-similarity group 3,"kim-ahmad-kim-sangma2011kurux[wordlist item 242, site A Dima]",,,silkurux2011:i242:A:1,,,,dialect:Kurux:kurux2011-A-dima:Dima%20%28Dima%2C%20West%20Bengal%2C%20India%29
Kurux,,horma,all,,horma,lexical-similarity group 1,"kim-ahmad-kim-sangma2011kurux[wordlist item 243, site E Dulhapur]",,,silkurux2011:i243:E:1,,,,dialect:Kurux:kurux2011-E-dulhapur:Dulhapur%20%28Dulhapur%2C%20Bangladesh%29
Kurux,,hurmi,all,,hurmi,lexical-similarity group 1,"kim-ahmad-kim-sangma2011kurux[wordlist item 243, site B Gabindanagar]",,,silkurux2011:i243:B:1,,,,dialect:Kurux:kurux2011-B-gabindanagar:Gabindanagar%20%28Gabindanagar%2C%20Bangladesh%29
Kurux,,hurmi,all,,hurmi,lexical-similarity group 1,"kim-ahmad-kim-sangma2011kurux[wordlist item 243, site C Boldipukur]",,,silkurux2011:i243:C:1,,,,dialect:Kurux:kurux2011-C-boldipukur:Boldipukur%20%28Boldipukur%2C%20Bangladesh%29
Kurux,,hurmi,all,,hurmi,lexical-similarity group 1,"kim-ahmad-kim-sangma2011kurux[wordlist item 243, site D Lohanipara]",,,silkurux2011:i243:D:1,,,,dialect:Kurux:kurux2011-D-lohanipara:Lohanipara%20%28Lohanipara%2C%20Bangladesh%29
B,,ʃ b,all,,ʃ b,lexical-similarity group 2,"kim-ahmad-kim-sangma2011kurux[wordlist item 243, site 0 Bangla]",,,silkurux2011:i243:0:1,,,,dialect:B:kurux2011-0-bangla:Bangla%20%28Bangla%29
Kurux,,koha,big,,koha,lexical-similarity group 1,"kim-ahmad-kim-sangma2011kurux[wordlist item 244, site B Gabindanagar]",,,silkurux2011:i244:B:1,,,,dialect:Kurux:kurux2011-B-gabindanagar:Gabindanagar%20%28Gabindanagar%2C%20Bangladesh%29
Kurux,,koha,big,,koha,lexical-similarity group 1,"kim-ahmad-kim-sangma2011kurux[wordlist item 244, site C Boldipukur]",,,silkurux2011:i244:C:1,,,,dialect:Kurux:kurux2011-C-boldipukur:Boldipukur%20%28Boldipukur%2C%20Bangladesh%29
Kurux,,koha,big,,koha,lexical-similarity group 1,"kim-ahmad-kim-sangma2011kurux[wordlist item 244, site D Lohanipara]",,,silkurux2011:i244:D:1,,,,dialect:Kurux:kurux2011-D-lohanipara:Lohanipara%20%28Lohanipara%2C%20Bangladesh%29
Kurux,,koha,big,,koha,lexical-similarity group 1,"kim-ahmad-kim-sangma2011kurux[wordlist item 244, site E Dulhapur]",,,silkurux2011:i244:E:1,,,,dialect:Kurux:kurux2011-E-dulhapur:Dulhapur%20%28Dulhapur%2C%20Bangladesh%29
B,,b ɽo,big,,b ɽo,lexical-similarity group 2,"kim-ahmad-kim-sangma2011kurux[wordlist item 244, site 0 Bangla]",,,silkurux2011:i244:0:1,,,,dialect:B:kurux2011-0-bangla:Bangla%20%28Bangla%29
Kurux,,ɡəilɑ,big,,ɡəilɑ,lexical-similarity group 3,"kim-ahmad-kim-sangma2011kurux[wordlist item 244, site A Dima]",,,silkurux2011:i244:A:1,,,,dialect:Kurux:kurux2011-A-dima:Dima%20%28Dima%2C%20West%20Bengal%2C%20India%29
Kurux,,tʃhotɛ,small,,tʃhotɛ,lexical-similarity group 2,"kim-ahmad-kim-sangma2011kurux[wordlist item 245, site C Boldipukur]",,,silkurux2011:i245:C:1,,,,dialect:Kurux:kurux2011-C-boldipukur:Boldipukur%20%28Boldipukur%2C%20Bangladesh%29
Kurux,,tʃhotɛ,small,,tʃhotɛ,lexical-similarity group 2,"kim-ahmad-kim-sangma2011kurux[wordlist item 245, site D Lohanipara]",,,silkurux2011:i245:D:1,,,,dialect:Kurux:kurux2011-D-lohanipara:Lohanipara%20%28Lohanipara%2C%20Bangladesh%29
B,,tʃhoto,small,,tʃhoto,lexical-similarity group 2,"kim-ahmad-kim-sangma2011kurux[wordlist item 245, site 0 Bangla]",,,silkurux2011:i245:0:1,,,,dialect:B:kurux2011-0-bangla:Bangla%20%28Bangla%29
Kurux,,dɪɡha,long,,dɪɡha,lexical-similarity group 1,"kim-ahmad-kim-sangma2011kurux[wordlist item 246, site B Gabindanagar]",,,silkurux2011:i246:B:1,,,,dialect:Kurux:kurux2011-B-gabindanagar:Gabindanagar%20%28Gabindanagar%2C%20Bangladesh%29
Kurux,,dɪɡha,long,,dɪɡha,lexical-similarity group 1,"kim-ahmad-kim-sangma2011kurux[wordlist item 246, site C Boldipukur]",,,silkurux2011:i246:C:1,,,,dialect:Kurux:kurux2011-C-boldipukur:Boldipukur%20%28Boldipukur%2C%20Bangladesh%29
Kurux,,dɪɡha,long,,dɪɡha,lexical-similarity group 1,"kim-ahmad-kim-sangma2011kurux[wordlist item 246, site D Lohanipara]",,,silkurux2011:i246:D:1,,,,dialect:Kurux:kurux2011-D-lohanipara:Lohanipara%20%28Lohanipara%2C%20Bangladesh%29
Kurux,,dɪɡha,long,,dɪɡha,lexical-similarity group 1,"kim-ahmad-kim-sangma2011kurux[wordlist item 246, site E Dulhapur]",,,silkurux2011:i246:E:1,,,,dialect:Kurux:kurux2011-E-dulhapur:Dulhapur%20%28Dulhapur%2C%20Bangladesh%29
Kurux,,ləmti,long,,ləmti,lexical-similarity group 2,"kim-ahmad-kim-sangma2011kurux[wordlist item 246, site A Dima]",,,silkurux2011:i246:A:1,,,,dialect:Kurux:kurux2011-A-dima:Dima%20%28Dima%2C%20West%20Bengal%2C%20India%29
B,,l mba,long,,l mba,lexical-similarity group 2,"kim-ahmad-kim-sangma2011kurux[wordlist item 246, site 0 Bangla]",,,silkurux2011:i246:0:1,,,,dialect:B:kurux2011-0-bangla:Bangla%20%28Bangla%29
B,,bhaɾi,heavy,,bhaɾi,lexical-similarity group 2,"kim-ahmad-kim-sangma2011kurux[wordlist item 248, site 0 Bangla]",,,silkurux2011:i248:0:1,,,,dialect:B:kurux2011-0-bangla:Bangla%20%28Bangla%29
B,,halka,light (not heavy),,halka,lexical-similarity group 2,"kim-ahmad-kim-sangma2011kurux[wordlist item 249, site 0 Bangla]",,,silkurux2011:i249:0:1,,,,dialect:B:kurux2011-0-bangla:Bangla%20%28Bangla%29
B,,mota,fat,,mota,lexical-similarity group 1,"kim-ahmad-kim-sangma2011kurux[wordlist item 250, site 0 Bangla]",,,silkurux2011:i250:0:1,,,,dialect:B:kurux2011-0-bangla:Bangla%20%28Bangla%29
Kurux,,mota,fat,,mota,lexical-similarity group 1,"kim-ahmad-kim-sangma2011kurux[wordlist item 250, site B Gabindanagar]",,,silkurux2011:i250:B:1,,,,dialect:Kurux:kurux2011-B-gabindanagar:Gabindanagar%20%28Gabindanagar%2C%20Bangladesh%29
Kurux,,mota,fat,,mota,lexical-similarity group 1,"kim-ahmad-kim-sangma2011kurux[wordlist item 250, site C Boldipukur]",,,silkurux2011:i250:C:1,,,,dialect:Kurux:kurux2011-C-boldipukur:Boldipukur%20%28Boldipukur%2C%20Bangladesh%29
Kurux,,mota,fat,,mota,lexical-similarity group 1,"kim-ahmad-kim-sangma2011kurux[wordlist item 250, site D Lohanipara]",,,silkurux2011:i250:D:1,,,,dialect:Kurux:kurux2011-D-lohanipara:Lohanipara%20%28Lohanipara%2C%20Bangladesh%29
Kurux,,mota,fat,,mota,lexical-similarity group 1,"kim-ahmad-kim-sangma2011kurux[wordlist item 250, site E Dulhapur]",,,silkurux2011:i250:E:1,,,,dialect:Kurux:kurux2011-E-dulhapur:Dulhapur%20%28Dulhapur%2C%20Bangladesh%29
Kurux,,ʃaɾua,thin,,ʃaɾua,lexical-similarity group 1,"kim-ahmad-kim-sangma2011kurux[wordlist item 251, site D Lohanipara]",,,silkurux2011:i251:D:1,,,,dialect:Kurux:kurux2011-D-lohanipara:Lohanipara%20%28Lohanipara%2C%20Bangladesh%29
Kurux,,ʃaɾuɛ,thin,,ʃaɾuɛ,lexical-similarity group 1,"kim-ahmad-kim-sangma2011kurux[wordlist item 251, site E Dulhapur]",,,silkurux2011:i251:E:1,,,,dialect:Kurux:kurux2011-E-dulhapur:Dulhapur%20%28Dulhapur%2C%20Bangladesh%29
Kurux,,saɾuha,thin,,saɾuha,lexical-similarity group 1,"kim-ahmad-kim-sangma2011kurux[wordlist item 251, site B Gabindanagar]",,,silkurux2011:i251:B:1,,,,dialect:Kurux:kurux2011-B-gabindanagar:Gabindanagar%20%28Gabindanagar%2C%20Bangladesh%29
Kurux,,saɾuha,thin,,saɾuha,lexical-similarity group 1,"kim-ahmad-kim-sangma2011kurux[wordlist item 251, site C Boldipukur]",,,silkurux2011:i251:C:1,,,,dialect:Kurux:kurux2011-C-boldipukur:Boldipukur%20%28Boldipukur%2C%20Bangladesh%29
B,,tʃikon,thin,,tʃikon,lexical-similarity group 2,"kim-ahmad-kim-sangma2011kurux[wordlist item 251, site 0 Bangla]",,,silkurux2011:i251:0:1,,,,dialect:B:kurux2011-0-bangla:Bangla%20%28Bangla%29
Kurux,,tʃakar,"wide, broad",,tʃakar,lexical-similarity group 1,"kim-ahmad-kim-sangma2011kurux[wordlist item 252, site B Gabindanagar]",,,silkurux2011:i252:B:1,,,,dialect:Kurux:kurux2011-B-gabindanagar:Gabindanagar%20%28Gabindanagar%2C%20Bangladesh%29
Kurux,,tʃakar,"wide, broad",,tʃakar,lexical-similarity group 1,"kim-ahmad-kim-sangma2011kurux[wordlist item 252, site C Boldipukur]",,,silkurux2011:i252:C:1,,,,dialect:Kurux:kurux2011-C-boldipukur:Boldipukur%20%28Boldipukur%2C%20Bangladesh%29
Kurux,,tʃakar,"wide, broad",,tʃakar,lexical-similarity group 1,"kim-ahmad-kim-sangma2011kurux[wordlist item 252, site D Lohanipara]",,,silkurux2011:i252:D:1,,,,dialect:Kurux:kurux2011-D-lohanipara:Lohanipara%20%28Lohanipara%2C%20Bangladesh%29
Kurux,,tʃɛpta,"wide, broad",,tʃɛpta,lexical-similarity group 2,"kim-ahmad-kim-sangma2011kurux[wordlist item 252, site E Dulhapur]",,,silkurux2011:i252:E:1,,,,dialect:Kurux:kurux2011-E-dulhapur:Dulhapur%20%28Dulhapur%2C%20Bangladesh%29
B,,tʃ ɽa,"wide, broad",,tʃ ɽa,lexical-similarity group 3,"kim-ahmad-kim-sangma2011kurux[wordlist item 252, site 0 Bangla]",,,silkurux2011:i252:0:1,,,,dialect:B:kurux2011-0-bangla:Bangla%20%28Bangla%29
Kurux,,ʃaɾuhɛ,narrow,,ʃaɾuhɛ,lexical-similarity group 1,"kim-ahmad-kim-sangma2011kurux[wordlist item 253, site E Dulhapur]",,,silkurux2011:i253:E:1,,,,dialect:Kurux:kurux2011-E-dulhapur:Dulhapur%20%28Dulhapur%2C%20Bangladesh%29
Kurux,,saɾuha,narrow,,saɾuha,lexical-similarity group 1,"kim-ahmad-kim-sangma2011kurux[wordlist item 253, site B Gabindanagar]",,,silkurux2011:i253:B:1,,,,dialect:Kurux:kurux2011-B-gabindanagar:Gabindanagar%20%28Gabindanagar%2C%20Bangladesh%29
Kurux,,saɾuha,narrow,,saɾuha,lexical-similarity group 1,"kim-ahmad-kim-sangma2011kurux[wordlist item 253, site C Boldipukur]",,,silkurux2011:i253:C:1,,,,dialect:Kurux:kurux2011-C-boldipukur:Boldipukur%20%28Boldipukur%2C%20Bangladesh%29
Kurux,,saɾuha,narrow,,saɾuha,lexical-similarity group 1,"kim-ahmad-kim-sangma2011kurux[wordlist item 253, site D Lohanipara]",,,silkurux2011:i253:D:1,,,,dialect:Kurux:kurux2011-D-lohanipara:Lohanipara%20%28Lohanipara%2C%20Bangladesh%29
B,,ʃ ɾu,narrow,,ʃ ɾu,lexical-similarity group 2,"kim-ahmad-kim-sangma2011kurux[wordlist item 253, site 0 Bangla]",,,silkurux2011:i253:0:1,,,,dialect:B:kurux2011-0-bangla:Bangla%20%28Bangla%29
B,,ɡobhir,deep,,ɡobhir,lexical-similarity group 2,"kim-ahmad-kim-sangma2011kurux[wordlist item 254, site 0 Bangla]",,,silkurux2011:i254:0:1,,,,dialect:B:kurux2011-0-bangla:Bangla%20%28Bangla%29
Kurux,,thoɾɛ,shallow,,thoɾɛ,lexical-similarity group 1,"kim-ahmad-kim-sangma2011kurux[wordlist item 255, site B Gabindanagar]",,,silkurux2011:i255:B:1,,,,dialect:Kurux:kurux2011-B-gabindanagar:Gabindanagar%20%28Gabindanagar%2C%20Bangladesh%29
B,,ɡobhir,shallow,,ɡobhir,lexical-similarity group 3,"kim-ahmad-kim-sangma2011kurux[wordlist item 255, site 0 Bangla]",,,silkurux2011:i255:0:1,,,,dialect:B:kurux2011-0-bangla:Bangla%20%28Bangla%29
Kurux,,nɪnd,full (cup),,nɪnd,lexical-similarity group 1,"kim-ahmad-kim-sangma2011kurux[wordlist item 256, site B Gabindanagar]",,,silkurux2011:i256:B:1,,,,dialect:Kurux:kurux2011-B-gabindanagar:Gabindanagar%20%28Gabindanagar%2C%20Bangladesh%29
Kurux,,nɪnd,full (cup),,nɪnd,lexical-similarity group 1,"kim-ahmad-kim-sangma2011kurux[wordlist item 256, site C Boldipukur]",,,silkurux2011:i256:C:1,,,,dialect:Kurux:kurux2011-C-boldipukur:Boldipukur%20%28Boldipukur%2C%20Bangladesh%29
Kurux,,nɪnd,full (cup),,nɪnd,lexical-similarity group 1,"kim-ahmad-kim-sangma2011kurux[wordlist item 256, site D Lohanipara]",,,silkurux2011:i256:D:1,,,,dialect:Kurux:kurux2011-D-lohanipara:Lohanipara%20%28Lohanipara%2C%20Bangladesh%29
Kurux,,nɪnd,full (cup),,nɪnd,lexical-similarity group 1,"kim-ahmad-kim-sangma2011kurux[wordlist item 256, site E Dulhapur]",,,silkurux2011:i256:E:1,,,,dialect:Kurux:kurux2011-E-dulhapur:Dulhapur%20%28Dulhapur%2C%20Bangladesh%29
B,,purno,full (cup),,purno,lexical-similarity group 2,"kim-ahmad-kim-sangma2011kurux[wordlist item 256, site 0 Bangla]",,,silkurux2011:i256:0:1,,,,dialect:B:kurux2011-0-bangla:Bangla%20%28Bangla%29
Kurux,,nidi,empty (cup),,nidi,lexical-similarity group 1,"kim-ahmad-kim-sangma2011kurux[wordlist item 257, site B Gabindanagar]",,,silkurux2011:i257:B:1,,,,dialect:Kurux:kurux2011-B-gabindanagar:Gabindanagar%20%28Gabindanagar%2C%20Bangladesh%29
Kurux,,xaik( a,empty (cup),,xaik( a,lexical-similarity group 2,"kim-ahmad-kim-sangma2011kurux[wordlist item 257, site C Boldipukur]",,,silkurux2011:i257:C:1,,,,dialect:Kurux:kurux2011-C-boldipukur:Boldipukur%20%28Boldipukur%2C%20Bangladesh%29
Kurux,,ɛndɾa malla,empty (cup),,ɛndɾa malla,lexical-similarity group 3,"kim-ahmad-kim-sangma2011kurux[wordlist item 257, site E Dulhapur]",,,silkurux2011:i257:E:1,,,,dialect:Kurux:kurux2011-E-dulhapur:Dulhapur%20%28Dulhapur%2C%20Bangladesh%29
Kurux,,ɛndɾaha malla,empty (cup),,ɛndɾaha malla,lexical-similarity group 3,"kim-ahmad-kim-sangma2011kurux[wordlist item 257, site D Lohanipara]",,,silkurux2011:i257:D:1,,,,dialect:Kurux:kurux2011-D-lohanipara:Lohanipara%20%28Lohanipara%2C%20Bangladesh%29
B,,khali,empty (cup),,khali,lexical-similarity group 4,"kim-ahmad-kim-sangma2011kurux[wordlist item 257, site 0 Bangla]",,,silkurux2011:i257:0:1,,,,dialect:B:kurux2011-0-bangla:Bangla%20%28Bangla%29
Kurux,,khiɾɑ,hungry,,khiɾɑ,lexical-similarity group 1,"kim-ahmad-kim-sangma2011kurux[wordlist item 258, site A Dima]",,,silkurux2011:i258:A:1,,,,dialect:Kurux:kurux2011-A-dima:Dima%20%28Dima%2C%20West%20Bengal%2C%20India%29
Kurux,,kiɽa,hungry,,kiɽa,lexical-similarity group 1,"kim-ahmad-kim-sangma2011kurux[wordlist item 258, site B Gabindanagar]",,,silkurux2011:i258:B:1,,,,dialect:Kurux:kurux2011-B-gabindanagar:Gabindanagar%20%28Gabindanagar%2C%20Bangladesh%29
Kurux,,kiɽa,hungry,,kiɽa,lexical-similarity group 1,"kim-ahmad-kim-sangma2011kurux[wordlist item 258, site C Boldipukur]",,,silkurux2011:i258:C:1,,,,dialect:Kurux:kurux2011-C-boldipukur:Boldipukur%20%28Boldipukur%2C%20Bangladesh%29
Kurux,,kiɽa,hungry,,kiɽa,lexical-similarity group 1,"kim-ahmad-kim-sangma2011kurux[wordlist item 258, site D Lohanipara]",,,silkurux2011:i258:D:1,,,,dialect:Kurux:kurux2011-D-lohanipara:Lohanipara%20%28Lohanipara%2C%20Bangladesh%29
Kurux,,kiɽɛ,hungry,,kiɽɛ,lexical-similarity group 1,"kim-ahmad-kim-sangma2011kurux[wordlist item 258, site E Dulhapur]",,,silkurux2011:i258:E:1,,,,dialect:Kurux:kurux2011-E-dulhapur:Dulhapur%20%28Dulhapur%2C%20Bangladesh%29
B,,khidɛ laɡa,hungry,,khidɛ laɡa,lexical-similarity group 2,"kim-ahmad-kim-sangma2011kurux[wordlist item 258, site 0 Bangla]",,,silkurux2011:i258:0:1,,,,dialect:B:kurux2011-0-bangla:Bangla%20%28Bangla%29
Kurux,,onka,thirsty,,onka,lexical-similarity group 1,"kim-ahmad-kim-sangma2011kurux[wordlist item 259, site B Gabindanagar]",,,silkurux2011:i259:B:1,,,,dialect:Kurux:kurux2011-B-gabindanagar:Gabindanagar%20%28Gabindanagar%2C%20Bangladesh%29
Kurux,,onka,thirsty,,onka,lexical-similarity group 1,"kim-ahmad-kim-sangma2011kurux[wordlist item 259, site C Boldipukur]",,,silkurux2011:i259:C:1,,,,dialect:Kurux:kurux2011-C-boldipukur:Boldipukur%20%28Boldipukur%2C%20Bangladesh%29
Kurux,,onka,thirsty,,onka,lexical-similarity group 1,"kim-ahmad-kim-sangma2011kurux[wordlist item 259, site D Lohanipara]",,,silkurux2011:i259:D:1,,,,dialect:Kurux:kurux2011-D-lohanipara:Lohanipara%20%28Lohanipara%2C%20Bangladesh%29
Kurux,,onka,thirsty,,onka,lexical-similarity group 1,"kim-ahmad-kim-sangma2011kurux[wordlist item 259, site E Dulhapur]",,,silkurux2011:i259:E:1,,,,dialect:Kurux:kurux2011-E-dulhapur:Dulhapur%20%28Dulhapur%2C%20Bangladesh%29
B,,pipaʃa pawa,thirsty,,pipaʃa pawa,lexical-similarity group 2,"kim-ahmad-kim-sangma2011kurux[wordlist item 259, site 0 Bangla]",,,silkurux2011:i259:0:1,,,,dialect:B:kurux2011-0-bangla:Bangla%20%28Bangla%29
Kurux,,ɛmba,sweet,,ɛmba,lexical-similarity group 1,"kim-ahmad-kim-sangma2011kurux[wordlist item 260, site B Gabindanagar]",,,silkurux2011:i260:B:1,,,,dialect:Kurux:kurux2011-B-gabindanagar:Gabindanagar%20%28Gabindanagar%2C%20Bangladesh%29
Kurux,,ɛmba,sweet,,ɛmba,lexical-similarity group 1,"kim-ahmad-kim-sangma2011kurux[wordlist item 260, site C Boldipukur]",,,silkurux2011:i260:C:1,,,,dialect:Kurux:kurux2011-C-boldipukur:Boldipukur%20%28Boldipukur%2C%20Bangladesh%29
Kurux,,ɛmba,sweet,,ɛmba,lexical-similarity group 1,"kim-ahmad-kim-sangma2011kurux[wordlist item 260, site D Lohanipara]",,,silkurux2011:i260:D:1,,,,dialect:Kurux:kurux2011-D-lohanipara:Lohanipara%20%28Lohanipara%2C%20Bangladesh%29
Kurux,,ɛmba,sweet,,ɛmba,lexical-similarity group 1,"kim-ahmad-kim-sangma2011kurux[wordlist item 260, site E Dulhapur]",,,silkurux2011:i260:E:1,,,,dialect:Kurux:kurux2011-E-dulhapur:Dulhapur%20%28Dulhapur%2C%20Bangladesh%29
B,,miʃti,sweet,,miʃti,lexical-similarity group 2,"kim-ahmad-kim-sangma2011kurux[wordlist item 260, site 0 Bangla]",,,silkurux2011:i260:0:1,,,,dialect:B:kurux2011-0-bangla:Bangla%20%28Bangla%29
Kurux,,tiʃa,sour,,tiʃa,lexical-similarity group 1,"kim-ahmad-kim-sangma2011kurux[wordlist item 261, site B Gabindanagar]",,,silkurux2011:i261:B:1,,,,dialect:Kurux:kurux2011-B-gabindanagar:Gabindanagar%20%28Gabindanagar%2C%20Bangladesh%29
Kurux,,tiʃa,sour,,tiʃa,lexical-similarity group 1,"kim-ahmad-kim-sangma2011kurux[wordlist item 261, site D Lohanipara]",,,silkurux2011:i261:D:1,,,,dialect:Kurux:kurux2011-D-lohanipara:Lohanipara%20%28Lohanipara%2C%20Bangladesh%29
Kurux,,tisa,sour,,tisa,lexical-similarity group 1,"kim-ahmad-kim-sangma2011kurux[wordlist item 261, site C Boldipukur]",,,silkurux2011:i261:C:1,,,,dialect:Kurux:kurux2011-C-boldipukur:Boldipukur%20%28Boldipukur%2C%20Bangladesh%29
Kurux,,tisɛ,sour,,tisɛ,lexical-similarity group 1,"kim-ahmad-kim-sangma2011kurux[wordlist item 261, site E Dulhapur]",,,silkurux2011:i261:E:1,,,,dialect:Kurux:kurux2011-E-dulhapur:Dulhapur%20%28Dulhapur%2C%20Bangladesh%29
B,,t k,sour,,t k,lexical-similarity group 2,"kim-ahmad-kim-sangma2011kurux[wordlist item 261, site 0 Bangla]",,,silkurux2011:i261:0:1,,,,dialect:B:kurux2011-0-bangla:Bangla%20%28Bangla%29
Kurux,,xalxa,bitter,,xalxa,lexical-similarity group 1,"kim-ahmad-kim-sangma2011kurux[wordlist item 262, site B Gabindanagar]",,,silkurux2011:i262:B:1,,,,dialect:Kurux:kurux2011-B-gabindanagar:Gabindanagar%20%28Gabindanagar%2C%20Bangladesh%29
Kurux,,xalxa,bitter,,xalxa,lexical-similarity group 1,"kim-ahmad-kim-sangma2011kurux[wordlist item 262, site C Boldipukur]",,,silkurux2011:i262:C:1,,,,dialect:Kurux:kurux2011-C-boldipukur:Boldipukur%20%28Boldipukur%2C%20Bangladesh%29
Kurux,,xalxa,bitter,,xalxa,lexical-similarity group 1,"kim-ahmad-kim-sangma2011kurux[wordlist item 262, site D Lohanipara]",,,silkurux2011:i262:D:1,,,,dialect:Kurux:kurux2011-D-lohanipara:Lohanipara%20%28Lohanipara%2C%20Bangladesh%29
B,,tita,bitter,,tita,lexical-similarity group 2,"kim-ahmad-kim-sangma2011kurux[wordlist item 262, site 0 Bangla]",,,silkurux2011:i262:0:1,,,,dialect:B:kurux2011-0-bangla:Bangla%20%28Bangla%29
Kurux,,titɛm,bitter,,titɛm,lexical-similarity group 2,"kim-ahmad-kim-sangma2011kurux[wordlist item 262, site E Dulhapur]",,,silkurux2011:i262:E:1,,,,dialect:Kurux:kurux2011-E-dulhapur:Dulhapur%20%28Dulhapur%2C%20Bangladesh%29
Kurux,,xalxa,"spicy, hot",,xalxa,lexical-similarity group 1,"kim-ahmad-kim-sangma2011kurux[wordlist item 263, site B Gabindanagar]",,,silkurux2011:i263:B:1,,,,dialect:Kurux:kurux2011-B-gabindanagar:Gabindanagar%20%28Gabindanagar%2C%20Bangladesh%29
Kurux,,xalxa,"spicy, hot",,xalxa,lexical-similarity group 1,"kim-ahmad-kim-sangma2011kurux[wordlist item 263, site C Boldipukur]",,,silkurux2011:i263:C:1,,,,dialect:Kurux:kurux2011-C-boldipukur:Boldipukur%20%28Boldipukur%2C%20Bangladesh%29
Kurux,,xalxa,"spicy, hot",,xalxa,lexical-similarity group 1,"kim-ahmad-kim-sangma2011kurux[wordlist item 263, site D Lohanipara]",,,silkurux2011:i263:D:1,,,,dialect:Kurux:kurux2011-D-lohanipara:Lohanipara%20%28Lohanipara%2C%20Bangladesh%29
Kurux,,xalxa,"spicy, hot",,xalxa,lexical-similarity group 1,"kim-ahmad-kim-sangma2011kurux[wordlist item 263, site E Dulhapur]",,,silkurux2011:i263:E:1,,,,dialect:Kurux:kurux2011-E-dulhapur:Dulhapur%20%28Dulhapur%2C%20Bangladesh%29
B,,dʒhal,"spicy, hot",,dʒhal,lexical-similarity group 2,"kim-ahmad-kim-sangma2011kurux[wordlist item 263, site 0 Bangla]",,,silkurux2011:i263:0:1,,,,dialect:B:kurux2011-0-bangla:Bangla%20%28Bangla%29
B,,paka,ripe,,paka,lexical-similarity group 1,"kim-ahmad-kim-sangma2011kurux[wordlist item 264, site 0 Bangla]",,,silkurux2011:i264:0:1,,,,dialect:B:kurux2011-0-bangla:Bangla%20%28Bangla%29
Kurux,,kitka,rotten (fruit),,kitka,lexical-similarity group 1,"kim-ahmad-kim-sangma2011kurux[wordlist item 265, site B Gabindanagar]",,,silkurux2011:i265:B:1,,,,dialect:Kurux:kurux2011-B-gabindanagar:Gabindanagar%20%28Gabindanagar%2C%20Bangladesh%29
Kurux,,kitka,rotten (fruit),,kitka,lexical-similarity group 1,"kim-ahmad-kim-sangma2011kurux[wordlist item 265, site C Boldipukur]",,,silkurux2011:i265:C:1,,,,dialect:Kurux:kurux2011-C-boldipukur:Boldipukur%20%28Boldipukur%2C%20Bangladesh%29
B,,p tʃa,rotten (fruit),,p tʃa,lexical-similarity group 2,"kim-ahmad-kim-sangma2011kurux[wordlist item 265, site 0 Bangla]",,,silkurux2011:i265:0:1,,,,dialect:B:kurux2011-0-bangla:Bangla%20%28Bangla%29
B,,taɽataɽi,fast,,taɽataɽi,lexical-similarity group 2,"kim-ahmad-kim-sangma2011kurux[wordlist item 266, site 0 Bangla]",,,silkurux2011:i266:0:1,,,,dialect:B:kurux2011-0-bangla:Bangla%20%28Bangla%29
B,,dhiɾɛ dhiɾɛ,slow,,dhiɾɛ dhiɾɛ,lexical-similarity group 1,"kim-ahmad-kim-sangma2011kurux[wordlist item 267, site 0 Bangla]",,,silkurux2011:i267:0:1,,,,dialect:B:kurux2011-0-bangla:Bangla%20%28Bangla%29
Kurux,,dhiɾɛ dhiɾɛ,slow,,dhiɾɛ dhiɾɛ,lexical-similarity group 1,"kim-ahmad-kim-sangma2011kurux[wordlist item 267, site D Lohanipara]",,,silkurux2011:i267:D:1,,,,dialect:Kurux:kurux2011-D-lohanipara:Lohanipara%20%28Lohanipara%2C%20Bangladesh%29
Kurux,,diɾɛ,slow,,diɾɛ,lexical-similarity group 1,"kim-ahmad-kim-sangma2011kurux[wordlist item 267, site C Boldipukur]",,,silkurux2011:i267:C:1,,,,dialect:Kurux:kurux2011-C-boldipukur:Boldipukur%20%28Boldipukur%2C%20Bangladesh%29
Kurux,,diɾɛm,slow,,diɾɛm,lexical-similarity group 1,"kim-ahmad-kim-sangma2011kurux[wordlist item 267, site B Gabindanagar]",,,silkurux2011:i267:B:1,,,,dialect:Kurux:kurux2011-B-gabindanagar:Gabindanagar%20%28Gabindanagar%2C%20Bangladesh%29
Kurux,,diɾɛm,slow,,diɾɛm,lexical-similarity group 1,"kim-ahmad-kim-sangma2011kurux[wordlist item 267, site E Dulhapur]",,,silkurux2011:i267:E:1,,,,dialect:Kurux:kurux2011-E-dulhapur:Dulhapur%20%28Dulhapur%2C%20Bangladesh%29
Kurux,,ontam,same,,ontam,lexical-similarity group 1,"kim-ahmad-kim-sangma2011kurux[wordlist item 268, site B Gabindanagar]",,,silkurux2011:i268:B:1,,,,dialect:Kurux:kurux2011-B-gabindanagar:Gabindanagar%20%28Gabindanagar%2C%20Bangladesh%29
Kurux,,ontam,same,,ontam,lexical-similarity group 1,"kim-ahmad-kim-sangma2011kurux[wordlist item 268, site C Boldipukur]",,,silkurux2011:i268:C:1,,,,dialect:Kurux:kurux2011-C-boldipukur:Boldipukur%20%28Boldipukur%2C%20Bangladesh%29
Kurux,,ontam,same,,ontam,lexical-similarity group 1,"kim-ahmad-kim-sangma2011kurux[wordlist item 268, site D Lohanipara]",,,silkurux2011:i268:D:1,,,,dialect:Kurux:kurux2011-D-lohanipara:Lohanipara%20%28Lohanipara%2C%20Bangladesh%29
Kurux,,ontanum,same,,ontanum,lexical-similarity group 1,"kim-ahmad-kim-sangma2011kurux[wordlist item 268, site E Dulhapur]",,,silkurux2011:i268:E:1,,,,dialect:Kurux:kurux2011-E-dulhapur:Dulhapur%20%28Dulhapur%2C%20Bangladesh%29
B,,ɛki,same,,ɛki,lexical-similarity group 2,"kim-ahmad-kim-sangma2011kurux[wordlist item 268, site 0 Bangla]",,,silkurux2011:i268:0:1,,,,dialect:B:kurux2011-0-bangla:Bangla%20%28Bangla%29
Kurux,,sɑmɑn,same,,sɑmɑn,lexical-similarity group 3,"kim-ahmad-kim-sangma2011kurux[wordlist item 268, site A Dima]",,,silkurux2011:i268:A:1,,,,dialect:Kurux:kurux2011-A-dima:Dima%20%28Dima%2C%20West%20Bengal%2C%20India%29
Kurux,,mamisɾi,different,,mamisɾi,lexical-similarity group 1,"kim-ahmad-kim-sangma2011kurux[wordlist item 269, site B Gabindanagar]",,,silkurux2011:i269:B:1,,,,dialect:Kurux:kurux2011-B-gabindanagar:Gabindanagar%20%28Gabindanagar%2C%20Bangladesh%29
B,,bhinno,different,,bhinno,lexical-similarity group 3,"kim-ahmad-kim-sangma2011kurux[wordlist item 269, site 0 Bangla]",,,silkurux2011:i269:0:1,,,,dialect:B:kurux2011-0-bangla:Bangla%20%28Bangla%29
Kurux,,ɡɪtʃə,different,,ɡɪtʃə,lexical-similarity group 4,"kim-ahmad-kim-sangma2011kurux[wordlist item 269, site A Dima]",,,silkurux2011:i269:A:1,,,,dialect:Kurux:kurux2011-A-dima:Dima%20%28Dima%2C%20West%20Bengal%2C%20India%29
Kurux,,xaɛk( a,dry,,xaɛk( a,lexical-similarity group 1,"kim-ahmad-kim-sangma2011kurux[wordlist item 270, site B Gabindanagar]",,,silkurux2011:i270:B:1,,,,dialect:Kurux:kurux2011-B-gabindanagar:Gabindanagar%20%28Gabindanagar%2C%20Bangladesh%29
Kurux,,xaik( a,dry,,xaik( a,lexical-similarity group 1,"kim-ahmad-kim-sangma2011kurux[wordlist item 270, site C Boldipukur]",,,silkurux2011:i270:C:1,,,,dialect:Kurux:kurux2011-C-boldipukur:Boldipukur%20%28Boldipukur%2C%20Bangladesh%29
Kurux,,xaik( a,dry,,xaik( a,lexical-similarity group 1,"kim-ahmad-kim-sangma2011kurux[wordlist item 270, site D Lohanipara]",,,silkurux2011:i270:D:1,,,,dialect:Kurux:kurux2011-D-lohanipara:Lohanipara%20%28Lohanipara%2C%20Bangladesh%29
Kurux,,xaik( ɛ,dry,,xaik( ɛ,lexical-similarity group 1,"kim-ahmad-kim-sangma2011kurux[wordlist item 270, site E Dulhapur]",,,silkurux2011:i270:E:1,,,,dialect:Kurux:kurux2011-E-dulhapur:Dulhapur%20%28Dulhapur%2C%20Bangladesh%29
B,,ʃukna,dry,,ʃukna,lexical-similarity group 2,"kim-ahmad-kim-sangma2011kurux[wordlist item 270, site 0 Bangla]",,,silkurux2011:i270:0:1,,,,dialect:B:kurux2011-0-bangla:Bangla%20%28Bangla%29
Kurux,,sukhɑl,dry,,sukhɑl,lexical-similarity group 3,"kim-ahmad-kim-sangma2011kurux[wordlist item 270, site A Dima]",,,silkurux2011:i270:A:1,,,,dialect:Kurux:kurux2011-A-dima:Dima%20%28Dima%2C%20West%20Bengal%2C%20India%29
Kurux,,tʃaɛk( a,wet,,tʃaɛk( a,lexical-similarity group 1,"kim-ahmad-kim-sangma2011kurux[wordlist item 271, site B Gabindanagar]",,,silkurux2011:i271:B:1,,,,dialect:Kurux:kurux2011-B-gabindanagar:Gabindanagar%20%28Gabindanagar%2C%20Bangladesh%29
Kurux,,tʃaik( a,wet,,tʃaik( a,lexical-similarity group 1,"kim-ahmad-kim-sangma2011kurux[wordlist item 271, site C Boldipukur]",,,silkurux2011:i271:C:1,,,,dialect:Kurux:kurux2011-C-boldipukur:Boldipukur%20%28Boldipukur%2C%20Bangladesh%29
Kurux,,tʃaik( a,wet,,tʃaik( a,lexical-similarity group 1,"kim-ahmad-kim-sangma2011kurux[wordlist item 271, site D Lohanipara]",,,silkurux2011:i271:D:1,,,,dialect:Kurux:kurux2011-D-lohanipara:Lohanipara%20%28Lohanipara%2C%20Bangladesh%29
Kurux,,tʃaik( ɛ,wet,,tʃaik( ɛ,lexical-similarity group 1,"kim-ahmad-kim-sangma2011kurux[wordlist item 271, site E Dulhapur]",,,silkurux2011:i271:E:1,,,,dialect:Kurux:kurux2011-E-dulhapur:Dulhapur%20%28Dulhapur%2C%20Bangladesh%29
B,,bhidʒa,wet,,bhidʒa,lexical-similarity group 2,"kim-ahmad-kim-sangma2011kurux[wordlist item 271, site 0 Bangla]",,,silkurux2011:i271:0:1,,,,dialect:B:kurux2011-0-bangla:Bangla%20%28Bangla%29
Kurux,,ɡɑɾəm,hot (weather),,ɡɑɾəm,lexical-similarity group 1,"kim-ahmad-kim-sangma2011kurux[wordlist item 272, site A Dima]",,,silkurux2011:i272:A:1,,,,dialect:Kurux:kurux2011-A-dima:Dima%20%28Dima%2C%20West%20Bengal%2C%20India%29
Kurux,,ɡaɾam,hot (weather),,ɡaɾam,lexical-similarity group 1,"kim-ahmad-kim-sangma2011kurux[wordlist item 272, site B Gabindanagar]",,,silkurux2011:i272:B:1,,,,dialect:Kurux:kurux2011-B-gabindanagar:Gabindanagar%20%28Gabindanagar%2C%20Bangladesh%29
Kurux,,ɡaɾam,hot (weather),,ɡaɾam,lexical-similarity group 1,"kim-ahmad-kim-sangma2011kurux[wordlist item 272, site C Boldipukur]",,,silkurux2011:i272:C:1,,,,dialect:Kurux:kurux2011-C-boldipukur:Boldipukur%20%28Boldipukur%2C%20Bangladesh%29
Kurux,,ɡaɾam,hot (weather),,ɡaɾam,lexical-similarity group 1,"kim-ahmad-kim-sangma2011kurux[wordlist item 272, site D Lohanipara]",,,silkurux2011:i272:D:1,,,,dialect:Kurux:kurux2011-D-lohanipara:Lohanipara%20%28Lohanipara%2C%20Bangladesh%29
Kurux,,ɡaɾam,hot (weather),,ɡaɾam,lexical-similarity group 1,"kim-ahmad-kim-sangma2011kurux[wordlist item 272, site E Dulhapur]",,,silkurux2011:i272:E:1,,,,dialect:Kurux:kurux2011-E-dulhapur:Dulhapur%20%28Dulhapur%2C%20Bangladesh%29
B,,ɡ ɾom,hot (weather),,ɡ ɾom,lexical-similarity group 1,"kim-ahmad-kim-sangma2011kurux[wordlist item 272, site 0 Bangla]",,,silkurux2011:i272:0:1,,,,dialect:B:kurux2011-0-bangla:Bangla%20%28Bangla%29
Kurux,,kirna,cold (weather),,kirna,lexical-similarity group 1,"kim-ahmad-kim-sangma2011kurux[wordlist item 273, site B Gabindanagar]",,,silkurux2011:i273:B:1,,,,dialect:Kurux:kurux2011-B-gabindanagar:Gabindanagar%20%28Gabindanagar%2C%20Bangladesh%29
Kurux,,kirna,cold (weather),,kirna,lexical-similarity group 1,"kim-ahmad-kim-sangma2011kurux[wordlist item 273, site C Boldipukur]",,,silkurux2011:i273:C:1,,,,dialect:Kurux:kurux2011-C-boldipukur:Boldipukur%20%28Boldipukur%2C%20Bangladesh%29
Kurux,,kirna,cold (weather),,kirna,lexical-similarity group 1,"kim-ahmad-kim-sangma2011kurux[wordlist item 273, site D Lohanipara]",,,silkurux2011:i273:D:1,,,,dialect:Kurux:kurux2011-D-lohanipara:Lohanipara%20%28Lohanipara%2C%20Bangladesh%29
Kurux,,kirna,cold (weather),,kirna,lexical-similarity group 1,"kim-ahmad-kim-sangma2011kurux[wordlist item 273, site E Dulhapur]",,,silkurux2011:i273:E:1,,,,dialect:Kurux:kurux2011-E-dulhapur:Dulhapur%20%28Dulhapur%2C%20Bangladesh%29
Kurux,,kenɑm,cold (weather),,kenɑm,lexical-similarity group 1,"kim-ahmad-kim-sangma2011kurux[wordlist item 273, site A Dima]",,,silkurux2011:i273:A:1,,,,dialect:Kurux:kurux2011-A-dima:Dima%20%28Dima%2C%20West%20Bengal%2C%20India%29
Kurux,,koɾɛ,good,,koɾɛ,lexical-similarity group 1,"kim-ahmad-kim-sangma2011kurux[wordlist item 274, site B Gabindanagar]",,,silkurux2011:i274:B:1,,,,dialect:Kurux:kurux2011-B-gabindanagar:Gabindanagar%20%28Gabindanagar%2C%20Bangladesh%29
Kurux,,koɾɛ,good,,koɾɛ,lexical-similarity group 1,"kim-ahmad-kim-sangma2011kurux[wordlist item 274, site C Boldipukur]",,,silkurux2011:i274:C:1,,,,dialect:Kurux:kurux2011-C-boldipukur:Boldipukur%20%28Boldipukur%2C%20Bangladesh%29
Kurux,,koɾɛ,good,,koɾɛ,lexical-similarity group 1,"kim-ahmad-kim-sangma2011kurux[wordlist item 274, site D Lohanipara]",,,silkurux2011:i274:D:1,,,,dialect:Kurux:kurux2011-D-lohanipara:Lohanipara%20%28Lohanipara%2C%20Bangladesh%29
Kurux,,koɾɛm,good,,koɾɛm,lexical-similarity group 1,"kim-ahmad-kim-sangma2011kurux[wordlist item 274, site A Dima]",,,silkurux2011:i274:A:1,,,,dialect:Kurux:kurux2011-A-dima:Dima%20%28Dima%2C%20West%20Bengal%2C%20India%29
B,,bhalo,good,,bhalo,lexical-similarity group 2,"kim-ahmad-kim-sangma2011kurux[wordlist item 274, site 0 Bangla]",,,silkurux2011:i274:0:1,,,,dialect:B:kurux2011-0-bangla:Bangla%20%28Bangla%29
Kurux,,bhalo,good,,bhalo,lexical-similarity group 2,"kim-ahmad-kim-sangma2011kurux[wordlist item 274, site D Lohanipara]",,,silkurux2011:i274:D:2,,,,dialect:Kurux:kurux2011-D-lohanipara:Lohanipara%20%28Lohanipara%2C%20Bangladesh%29
Kurux,,bhalo,good,,bhalo,lexical-similarity group 2,"kim-ahmad-kim-sangma2011kurux[wordlist item 274, site E Dulhapur]",,,silkurux2011:i274:E:1,,,,dialect:Kurux:kurux2011-E-dulhapur:Dulhapur%20%28Dulhapur%2C%20Bangladesh%29
Kurux,,koɾɛ maldaɡ,bad,,koɾɛ maldaɡ,lexical-similarity group 1,"kim-ahmad-kim-sangma2011kurux[wordlist item 275, site B Gabindanagar]",,,silkurux2011:i275:B:1,,,,dialect:Kurux:kurux2011-B-gabindanagar:Gabindanagar%20%28Gabindanagar%2C%20Bangladesh%29
Kurux,,mal koɾɛ,bad,,mal koɾɛ,lexical-similarity group 2,"kim-ahmad-kim-sangma2011kurux[wordlist item 275, site C Boldipukur]",,,silkurux2011:i275:C:1,,,,dialect:Kurux:kurux2011-C-boldipukur:Boldipukur%20%28Boldipukur%2C%20Bangladesh%29
B,,khaɾap,bad,,khaɾap,lexical-similarity group 3,"kim-ahmad-kim-sangma2011kurux[wordlist item 275, site 0 Bangla]",,,silkurux2011:i275:0:1,,,,dialect:B:kurux2011-0-bangla:Bangla%20%28Bangla%29
Kurux,,khaɾap,bad,,khaɾap,lexical-similarity group 3,"kim-ahmad-kim-sangma2011kurux[wordlist item 275, site E Dulhapur]",,,silkurux2011:i275:E:1,,,,dialect:Kurux:kurux2011-E-dulhapur:Dulhapur%20%28Dulhapur%2C%20Bangladesh%29
Kurux,,puna,new,,puna,lexical-similarity group 1,"kim-ahmad-kim-sangma2011kurux[wordlist item 276, site B Gabindanagar]",,,silkurux2011:i276:B:1,,,,dialect:Kurux:kurux2011-B-gabindanagar:Gabindanagar%20%28Gabindanagar%2C%20Bangladesh%29
Kurux,,puna,new,,puna,lexical-similarity group 1,"kim-ahmad-kim-sangma2011kurux[wordlist item 276, site C Boldipukur]",,,silkurux2011:i276:C:1,,,,dialect:Kurux:kurux2011-C-boldipukur:Boldipukur%20%28Boldipukur%2C%20Bangladesh%29
Kurux,,puna,new,,puna,lexical-similarity group 1,"kim-ahmad-kim-sangma2011kurux[wordlist item 276, site D Lohanipara]",,,silkurux2011:i276:D:1,,,,dialect:Kurux:kurux2011-D-lohanipara:Lohanipara%20%28Lohanipara%2C%20Bangladesh%29
Kurux,,puna,new,,puna,lexical-similarity group 1,"kim-ahmad-kim-sangma2011kurux[wordlist item 276, site E Dulhapur]",,,silkurux2011:i276:E:1,,,,dialect:Kurux:kurux2011-E-dulhapur:Dulhapur%20%28Dulhapur%2C%20Bangladesh%29
Kurux,,punɑ,new,,punɑ,lexical-similarity group 1,"kim-ahmad-kim-sangma2011kurux[wordlist item 276, site A Dima]",,,silkurux2011:i276:A:1,,,,dialect:Kurux:kurux2011-A-dima:Dima%20%28Dima%2C%20West%20Bengal%2C%20India%29
B,,notun,new,,notun,lexical-similarity group 2,"kim-ahmad-kim-sangma2011kurux[wordlist item 276, site 0 Bangla]",,,silkurux2011:i276:0:1,,,,dialect:B:kurux2011-0-bangla:Bangla%20%28Bangla%29
Kurux,,pattʃa,old,,pattʃa,lexical-similarity group 1,"kim-ahmad-kim-sangma2011kurux[wordlist item 277, site B Gabindanagar]",,,silkurux2011:i277:B:1,,,,dialect:Kurux:kurux2011-B-gabindanagar:Gabindanagar%20%28Gabindanagar%2C%20Bangladesh%29
Kurux,,pattʃa,old,,pattʃa,lexical-similarity group 1,"kim-ahmad-kim-sangma2011kurux[wordlist item 277, site C Boldipukur]",,,silkurux2011:i277:C:1,,,,dialect:Kurux:kurux2011-C-boldipukur:Boldipukur%20%28Boldipukur%2C%20Bangladesh%29
Kurux,,pattʃa,old,,pattʃa,lexical-similarity group 1,"kim-ahmad-kim-sangma2011kurux[wordlist item 277, site D Lohanipara]",,,silkurux2011:i277:D:1,,,,dialect:Kurux:kurux2011-D-lohanipara:Lohanipara%20%28Lohanipara%2C%20Bangladesh%29
Kurux,,pattʃa,old,,pattʃa,lexical-similarity group 1,"kim-ahmad-kim-sangma2011kurux[wordlist item 277, site E Dulhapur]",,,silkurux2011:i277:E:1,,,,dialect:Kurux:kurux2011-E-dulhapur:Dulhapur%20%28Dulhapur%2C%20Bangladesh%29
Kurux,,phətʃhɑ,old,,phətʃhɑ,lexical-similarity group 2,"kim-ahmad-kim-sangma2011kurux[wordlist item 277, site A Dima]",,,silkurux2011:i277:A:1,,,,dialect:Kurux:kurux2011-A-dima:Dima%20%28Dima%2C%20West%20Bengal%2C%20India%29
B,,puɾano,old,,puɾano,lexical-similarity group 3,"kim-ahmad-kim-sangma2011kurux[wordlist item 277, site 0 Bangla]",,,silkurux2011:i277:0:1,,,,dialect:B:kurux2011-0-bangla:Bangla%20%28Bangla%29
Kurux,,hotɛrka,broken,,hotɛrka,lexical-similarity group 1,"kim-ahmad-kim-sangma2011kurux[wordlist item 278, site B Gabindanagar]",,,silkurux2011:i278:B:1,,,,dialect:Kurux:kurux2011-B-gabindanagar:Gabindanagar%20%28Gabindanagar%2C%20Bangladesh%29
Kurux,,hotorka,broken,,hotorka,lexical-similarity group 1,"kim-ahmad-kim-sangma2011kurux[wordlist item 278, site C Boldipukur]",,,silkurux2011:i278:C:1,,,,dialect:Kurux:kurux2011-C-boldipukur:Boldipukur%20%28Boldipukur%2C%20Bangladesh%29
Kurux,,hotorka,broken,,hotorka,lexical-similarity group 1,"kim-ahmad-kim-sangma2011kurux[wordlist item 278, site D Lohanipara]",,,silkurux2011:i278:D:1,,,,dialect:Kurux:kurux2011-D-lohanipara:Lohanipara%20%28Lohanipara%2C%20Bangladesh%29
Kurux,,ɛsɛɾa,broken,,ɛsɛɾa,lexical-similarity group 2,"kim-ahmad-kim-sangma2011kurux[wordlist item 278, site E Dulhapur]",,,silkurux2011:i278:E:1,,,,dialect:Kurux:kurux2011-E-dulhapur:Dulhapur%20%28Dulhapur%2C%20Bangladesh%29
Kurux,,ɛsɾa,broken,,ɛsɾa,lexical-similarity group 2,"kim-ahmad-kim-sangma2011kurux[wordlist item 278, site A Dima]",,,silkurux2011:i278:A:1,,,,dialect:Kurux:kurux2011-A-dima:Dima%20%28Dima%2C%20West%20Bengal%2C%20India%29
B,,upoɾe,above,,upoɾe,lexical-similarity group 2,"kim-ahmad-kim-sangma2011kurux[wordlist item 279, site 0 Bangla]",,,silkurux2011:i279:0:1,,,,dialect:B:kurux2011-0-bangla:Bangla%20%28Bangla%29
Kurux,,kija,below,,kija,lexical-similarity group 1,"kim-ahmad-kim-sangma2011kurux[wordlist item 280, site B Gabindanagar]",,,silkurux2011:i280:B:1,,,,dialect:Kurux:kurux2011-B-gabindanagar:Gabindanagar%20%28Gabindanagar%2C%20Bangladesh%29
Kurux,,kija,below,,kija,lexical-similarity group 1,"kim-ahmad-kim-sangma2011kurux[wordlist item 280, site C Boldipukur]",,,silkurux2011:i280:C:1,,,,dialect:Kurux:kurux2011-C-boldipukur:Boldipukur%20%28Boldipukur%2C%20Bangladesh%29
Kurux,,kija,below,,kija,lexical-similarity group 1,"kim-ahmad-kim-sangma2011kurux[wordlist item 280, site D Lohanipara]",,,silkurux2011:i280:D:1,,,,dialect:Kurux:kurux2011-D-lohanipara:Lohanipara%20%28Lohanipara%2C%20Bangladesh%29
Kurux,,kijɑ,below,,kijɑ,lexical-similarity group 1,"kim-ahmad-kim-sangma2011kurux[wordlist item 280, site A Dima]",,,silkurux2011:i280:A:1,,,,dialect:Kurux:kurux2011-A-dima:Dima%20%28Dima%2C%20West%20Bengal%2C%20India%29
Kurux,,kijɛ,below,,kijɛ,lexical-similarity group 1,"kim-ahmad-kim-sangma2011kurux[wordlist item 280, site E Dulhapur]",,,silkurux2011:i280:E:1,,,,dialect:Kurux:kurux2011-E-dulhapur:Dulhapur%20%28Dulhapur%2C%20Bangladesh%29
B,,nitʃɛ,below,,nitʃɛ,lexical-similarity group 2,"kim-ahmad-kim-sangma2011kurux[wordlist item 280, site 0 Bangla]",,,silkurux2011:i280:0:1,,,,dialect:B:kurux2011-0-bangla:Bangla%20%28Bangla%29
Kurux,,ɡɛtʃɑ,far,,ɡɛtʃɑ,lexical-similarity group 1,"kim-ahmad-kim-sangma2011kurux[wordlist item 281, site A Dima]",,,silkurux2011:i281:A:1,,,,dialect:Kurux:kurux2011-A-dima:Dima%20%28Dima%2C%20West%20Bengal%2C%20India%29
Kurux,,ɡɛttʃha,far,,ɡɛttʃha,lexical-similarity group 1,"kim-ahmad-kim-sangma2011kurux[wordlist item 281, site B Gabindanagar]",,,silkurux2011:i281:B:1,,,,dialect:Kurux:kurux2011-B-gabindanagar:Gabindanagar%20%28Gabindanagar%2C%20Bangladesh%29
Kurux,,ɡɛttʃha,far,,ɡɛttʃha,lexical-similarity group 1,"kim-ahmad-kim-sangma2011kurux[wordlist item 281, site C Boldipukur]",,,silkurux2011:i281:C:1,,,,dialect:Kurux:kurux2011-C-boldipukur:Boldipukur%20%28Boldipukur%2C%20Bangladesh%29
Kurux,,ɡɛttʃha,far,,ɡɛttʃha,lexical-similarity group 1,"kim-ahmad-kim-sangma2011kurux[wordlist item 281, site D Lohanipara]",,,silkurux2011:i281:D:1,,,,dialect:Kurux:kurux2011-D-lohanipara:Lohanipara%20%28Lohanipara%2C%20Bangladesh%29
Kurux,,ɡɛttʃha,far,,ɡɛttʃha,lexical-similarity group 1,"kim-ahmad-kim-sangma2011kurux[wordlist item 281, site E Dulhapur]",,,silkurux2011:i281:E:1,,,,dialect:Kurux:kurux2011-E-dulhapur:Dulhapur%20%28Dulhapur%2C%20Bangladesh%29
B,,duɾɛ,far,,duɾɛ,lexical-similarity group 2,"kim-ahmad-kim-sangma2011kurux[wordlist item 281, site 0 Bangla]",,,silkurux2011:i281:0:1,,,,dialect:B:kurux2011-0-bangla:Bangla%20%28Bangla%29
Kurux,,hidi,near,,hidi,lexical-similarity group 1,"kim-ahmad-kim-sangma2011kurux[wordlist item 282, site A Dima]",,,silkurux2011:i282:A:1,,,,dialect:Kurux:kurux2011-A-dima:Dima%20%28Dima%2C%20West%20Bengal%2C%20India%29
B,,katʃhɛ,near,,katʃhɛ,lexical-similarity group 2,"kim-ahmad-kim-sangma2011kurux[wordlist item 282, site 0 Bangla]",,,silkurux2011:i282:0:1,,,,dialect:B:kurux2011-0-bangla:Bangla%20%28Bangla%29
Kurux,,maɽi,right,,maɽi,lexical-similarity group 1,"kim-ahmad-kim-sangma2011kurux[wordlist item 283, site B Gabindanagar]",,,silkurux2011:i283:B:1,,,,dialect:Kurux:kurux2011-B-gabindanagar:Gabindanagar%20%28Gabindanagar%2C%20Bangladesh%29
Kurux,,maɽi,right,,maɽi,lexical-similarity group 1,"kim-ahmad-kim-sangma2011kurux[wordlist item 283, site D Lohanipara]",,,silkurux2011:i283:D:1,,,,dialect:Kurux:kurux2011-D-lohanipara:Lohanipara%20%28Lohanipara%2C%20Bangladesh%29
Kurux,,maɽi,right,,maɽi,lexical-similarity group 1,"kim-ahmad-kim-sangma2011kurux[wordlist item 283, site E Dulhapur]",,,silkurux2011:i283:E:1,,,,dialect:Kurux:kurux2011-E-dulhapur:Dulhapur%20%28Dulhapur%2C%20Bangladesh%29
Kurux,,tina,right,,tina,lexical-similarity group 2,"kim-ahmad-kim-sangma2011kurux[wordlist item 283, site C Boldipukur]",,,silkurux2011:i283:C:1,,,,dialect:Kurux:kurux2011-C-boldipukur:Boldipukur%20%28Boldipukur%2C%20Bangladesh%29
Kurux,,tina,right,,tina,lexical-similarity group 2,"kim-ahmad-kim-sangma2011kurux[wordlist item 283, site D Lohanipara]",,,silkurux2011:i283:D:2,,,,dialect:Kurux:kurux2011-D-lohanipara:Lohanipara%20%28Lohanipara%2C%20Bangladesh%29
Kurux,,delɑ,right,,delɑ,lexical-similarity group 4,"kim-ahmad-kim-sangma2011kurux[wordlist item 283, site A Dima]",,,silkurux2011:i283:A:1,,,,dialect:Kurux:kurux2011-A-dima:Dima%20%28Dima%2C%20West%20Bengal%2C%20India%29
B,,bam,left,,bam,lexical-similarity group 3,"kim-ahmad-kim-sangma2011kurux[wordlist item 284, site 0 Bangla]",,,silkurux2011:i284:0:1,,,,dialect:B:kurux2011-0-bangla:Bangla%20%28Bangla%29
Kurux,,bɑijɑ,left,,bɑijɑ,lexical-similarity group 4,"kim-ahmad-kim-sangma2011kurux[wordlist item 284, site A Dima]",,,silkurux2011:i284:A:1,,,,dialect:Kurux:kurux2011-A-dima:Dima%20%28Dima%2C%20West%20Bengal%2C%20India%29
Kurux,,mokhɑɾo,black,,mokhɑɾo,lexical-similarity group 1,"kim-ahmad-kim-sangma2011kurux[wordlist item 285, site A Dima]",,,silkurux2011:i285:A:1,,,,dialect:Kurux:kurux2011-A-dima:Dima%20%28Dima%2C%20West%20Bengal%2C%20India%29
Kurux,,moxaɾo,black,,moxaɾo,lexical-similarity group 1,"kim-ahmad-kim-sangma2011kurux[wordlist item 285, site B Gabindanagar]",,,silkurux2011:i285:B:1,,,,dialect:Kurux:kurux2011-B-gabindanagar:Gabindanagar%20%28Gabindanagar%2C%20Bangladesh%29
Kurux,,moxaɾo,black,,moxaɾo,lexical-similarity group 1,"kim-ahmad-kim-sangma2011kurux[wordlist item 285, site C Boldipukur]",,,silkurux2011:i285:C:1,,,,dialect:Kurux:kurux2011-C-boldipukur:Boldipukur%20%28Boldipukur%2C%20Bangladesh%29
Kurux,,moxaɾo,black,,moxaɾo,lexical-similarity group 1,"kim-ahmad-kim-sangma2011kurux[wordlist item 285, site D Lohanipara]",,,silkurux2011:i285:D:1,,,,dialect:Kurux:kurux2011-D-lohanipara:Lohanipara%20%28Lohanipara%2C%20Bangladesh%29
Kurux,,moxaɾo,black,,moxaɾo,lexical-similarity group 1,"kim-ahmad-kim-sangma2011kurux[wordlist item 285, site E Dulhapur]",,,silkurux2011:i285:E:1,,,,dialect:Kurux:kurux2011-E-dulhapur:Dulhapur%20%28Dulhapur%2C%20Bangladesh%29
B,,kalo,black,,kalo,lexical-similarity group 2,"kim-ahmad-kim-sangma2011kurux[wordlist item 285, site 0 Bangla]",,,silkurux2011:i285:0:1,,,,dialect:B:kurux2011-0-bangla:Bangla%20%28Bangla%29
Kurux,,pandɾu,white,,pandɾu,lexical-similarity group 1,"kim-ahmad-kim-sangma2011kurux[wordlist item 286, site B Gabindanagar]",,,silkurux2011:i286:B:1,,,,dialect:Kurux:kurux2011-B-gabindanagar:Gabindanagar%20%28Gabindanagar%2C%20Bangladesh%29
Kurux,,pandɾu,white,,pandɾu,lexical-similarity group 1,"kim-ahmad-kim-sangma2011kurux[wordlist item 286, site C Boldipukur]",,,silkurux2011:i286:C:1,,,,dialect:Kurux:kurux2011-C-boldipukur:Boldipukur%20%28Boldipukur%2C%20Bangladesh%29
Kurux,,pandɾu,white,,pandɾu,lexical-similarity group 1,"kim-ahmad-kim-sangma2011kurux[wordlist item 286, site D Lohanipara]",,,silkurux2011:i286:D:1,,,,dialect:Kurux:kurux2011-D-lohanipara:Lohanipara%20%28Lohanipara%2C%20Bangladesh%29
Kurux,,pandɾu,white,,pandɾu,lexical-similarity group 1,"kim-ahmad-kim-sangma2011kurux[wordlist item 286, site E Dulhapur]",,,silkurux2011:i286:E:1,,,,dialect:Kurux:kurux2011-E-dulhapur:Dulhapur%20%28Dulhapur%2C%20Bangladesh%29
B,,ʃada,white,,ʃada,lexical-similarity group 2,"kim-ahmad-kim-sangma2011kurux[wordlist item 286, site 0 Bangla]",,,silkurux2011:i286:0:1,,,,dialect:B:kurux2011-0-bangla:Bangla%20%28Bangla%29
Kurux,,sɑdɑ,white,,sɑdɑ,lexical-similarity group 2,"kim-ahmad-kim-sangma2011kurux[wordlist item 286, site A Dima]",,,silkurux2011:i286:A:1,,,,dialect:Kurux:kurux2011-A-dima:Dima%20%28Dima%2C%20West%20Bengal%2C%20India%29
B,,lal,red,,lal,lexical-similarity group 1,"kim-ahmad-kim-sangma2011kurux[wordlist item 287, site 0 Bangla]",,,silkurux2011:i287:0:1,,,,dialect:B:kurux2011-0-bangla:Bangla%20%28Bangla%29
Kurux,,lal,red,,lal,lexical-similarity group 1,"kim-ahmad-kim-sangma2011kurux[wordlist item 287, site A Dima]",,,silkurux2011:i287:A:1,,,,dialect:Kurux:kurux2011-A-dima:Dima%20%28Dima%2C%20West%20Bengal%2C%20India%29
Kurux,,lal,red,,lal,lexical-similarity group 1,"kim-ahmad-kim-sangma2011kurux[wordlist item 287, site B Gabindanagar]",,,silkurux2011:i287:B:1,,,,dialect:Kurux:kurux2011-B-gabindanagar:Gabindanagar%20%28Gabindanagar%2C%20Bangladesh%29
Kurux,,lal,red,,lal,lexical-similarity group 1,"kim-ahmad-kim-sangma2011kurux[wordlist item 287, site C Boldipukur]",,,silkurux2011:i287:C:1,,,,dialect:Kurux:kurux2011-C-boldipukur:Boldipukur%20%28Boldipukur%2C%20Bangladesh%29
Kurux,,lal,red,,lal,lexical-similarity group 1,"kim-ahmad-kim-sangma2011kurux[wordlist item 287, site D Lohanipara]",,,silkurux2011:i287:D:1,,,,dialect:Kurux:kurux2011-D-lohanipara:Lohanipara%20%28Lohanipara%2C%20Bangladesh%29
Kurux,,lal,red,,lal,lexical-similarity group 1,"kim-ahmad-kim-sangma2011kurux[wordlist item 287, site E Dulhapur]",,,silkurux2011:i287:E:1,,,,dialect:Kurux:kurux2011-E-dulhapur:Dulhapur%20%28Dulhapur%2C%20Bangladesh%29
B,,ʃobudʒ,green,,ʃobudʒ,lexical-similarity group 1,"kim-ahmad-kim-sangma2011kurux[wordlist item 288, site 0 Bangla]",,,silkurux2011:i288:0:1,,,,dialect:B:kurux2011-0-bangla:Bangla%20%28Bangla%29
Kurux,,haɾiar,green,,haɾiar,lexical-similarity group 2,"kim-ahmad-kim-sangma2011kurux[wordlist item 288, site B Gabindanagar]",,,silkurux2011:i288:B:1,,,,dialect:Kurux:kurux2011-B-gabindanagar:Gabindanagar%20%28Gabindanagar%2C%20Bangladesh%29
Kurux,,haɾiar,green,,haɾiar,lexical-similarity group 2,"kim-ahmad-kim-sangma2011kurux[wordlist item 288, site C Boldipukur]",,,silkurux2011:i288:C:1,,,,dialect:Kurux:kurux2011-C-boldipukur:Boldipukur%20%28Boldipukur%2C%20Bangladesh%29
Kurux,,haɾiar,green,,haɾiar,lexical-similarity group 2,"kim-ahmad-kim-sangma2011kurux[wordlist item 288, site D Lohanipara]",,,silkurux2011:i288:D:1,,,,dialect:Kurux:kurux2011-D-lohanipara:Lohanipara%20%28Lohanipara%2C%20Bangladesh%29
Kurux,,haɾiar,green,,haɾiar,lexical-similarity group 2,"kim-ahmad-kim-sangma2011kurux[wordlist item 288, site E Dulhapur]",,,silkurux2011:i288:E:1,,,,dialect:Kurux:kurux2011-E-dulhapur:Dulhapur%20%28Dulhapur%2C%20Bangladesh%29
Kurux,,balka,yellow,,balka,lexical-similarity group 1,"kim-ahmad-kim-sangma2011kurux[wordlist item 289, site B Gabindanagar]",,,silkurux2011:i289:B:1,,,,dialect:Kurux:kurux2011-B-gabindanagar:Gabindanagar%20%28Gabindanagar%2C%20Bangladesh%29
Kurux,,balka,yellow,,balka,lexical-similarity group 1,"kim-ahmad-kim-sangma2011kurux[wordlist item 289, site C Boldipukur]",,,silkurux2011:i289:C:1,,,,dialect:Kurux:kurux2011-C-boldipukur:Boldipukur%20%28Boldipukur%2C%20Bangladesh%29
Kurux,,balka,yellow,,balka,lexical-similarity group 1,"kim-ahmad-kim-sangma2011kurux[wordlist item 289, site D Lohanipara]",,,silkurux2011:i289:D:1,,,,dialect:Kurux:kurux2011-D-lohanipara:Lohanipara%20%28Lohanipara%2C%20Bangladesh%29
Kurux,,balka,yellow,,balka,lexical-similarity group 1,"kim-ahmad-kim-sangma2011kurux[wordlist item 289, site E Dulhapur]",,,silkurux2011:i289:E:1,,,,dialect:Kurux:kurux2011-E-dulhapur:Dulhapur%20%28Dulhapur%2C%20Bangladesh%29
B,,holud,yellow,,holud,lexical-similarity group 2,"kim-ahmad-kim-sangma2011kurux[wordlist item 289, site 0 Bangla]",,,silkurux2011:i289:0:1,,,,dialect:B:kurux2011-0-bangla:Bangla%20%28Bangla%29
Kurux,,ɛkabaki,when (near future),,ɛkabaki,lexical-similarity group 1,"kim-ahmad-kim-sangma2011kurux[wordlist item 290, site B Gabindanagar]",,,silkurux2011:i290:B:1,,,,dialect:Kurux:kurux2011-B-gabindanagar:Gabindanagar%20%28Gabindanagar%2C%20Bangladesh%29
Kurux,,ɛkabaki,when (near future),,ɛkabaki,lexical-similarity group 1,"kim-ahmad-kim-sangma2011kurux[wordlist item 290, site C Boldipukur]",,,silkurux2011:i290:C:1,,,,dialect:Kurux:kurux2011-C-boldipukur:Boldipukur%20%28Boldipukur%2C%20Bangladesh%29
Kurux,,ɛkabaki,when (near future),,ɛkabaki,lexical-similarity group 1,"kim-ahmad-kim-sangma2011kurux[wordlist item 290, site D Lohanipara]",,,silkurux2011:i290:D:1,,,,dialect:Kurux:kurux2011-D-lohanipara:Lohanipara%20%28Lohanipara%2C%20Bangladesh%29
Kurux,,ɛkabaki,when (near future),,ɛkabaki,lexical-similarity group 1,"kim-ahmad-kim-sangma2011kurux[wordlist item 290, site E Dulhapur]",,,silkurux2011:i290:E:1,,,,dialect:Kurux:kurux2011-E-dulhapur:Dulhapur%20%28Dulhapur%2C%20Bangladesh%29
B,,k khon,when (near future),,k khon,lexical-similarity group 2,"kim-ahmad-kim-sangma2011kurux[wordlist item 290, site 0 Bangla]",,,silkurux2011:i290:0:1,,,,dialect:B:kurux2011-0-bangla:Bangla%20%28Bangla%29
Kurux,,ɑkun,when (near future),,ɑkun,lexical-similarity group 2,"kim-ahmad-kim-sangma2011kurux[wordlist item 290, site A Dima]",,,silkurux2011:i290:A:1,,,,dialect:Kurux:kurux2011-A-dima:Dima%20%28Dima%2C%20West%20Bengal%2C%20India%29
Kurux,,ɛksɑn,where,,ɛksɑn,lexical-similarity group 1,"kim-ahmad-kim-sangma2011kurux[wordlist item 291, site A Dima]",,,silkurux2011:i291:A:1,,,,dialect:Kurux:kurux2011-A-dima:Dima%20%28Dima%2C%20West%20Bengal%2C%20India%29
Kurux,,ɛksan,where,,ɛksan,lexical-similarity group 1,"kim-ahmad-kim-sangma2011kurux[wordlist item 291, site B Gabindanagar]",,,silkurux2011:i291:B:1,,,,dialect:Kurux:kurux2011-B-gabindanagar:Gabindanagar%20%28Gabindanagar%2C%20Bangladesh%29
Kurux,,ɛksan,where,,ɛksan,lexical-similarity group 1,"kim-ahmad-kim-sangma2011kurux[wordlist item 291, site C Boldipukur]",,,silkurux2011:i291:C:1,,,,dialect:Kurux:kurux2011-C-boldipukur:Boldipukur%20%28Boldipukur%2C%20Bangladesh%29
Kurux,,ɛʃan,where,,ɛʃan,lexical-similarity group 1,"kim-ahmad-kim-sangma2011kurux[wordlist item 291, site D Lohanipara]",,,silkurux2011:i291:D:1,,,,dialect:Kurux:kurux2011-D-lohanipara:Lohanipara%20%28Lohanipara%2C%20Bangladesh%29
Kurux,,ɛʃan,where,,ɛʃan,lexical-similarity group 1,"kim-ahmad-kim-sangma2011kurux[wordlist item 291, site E Dulhapur]",,,silkurux2011:i291:E:1,,,,dialect:Kurux:kurux2011-E-dulhapur:Dulhapur%20%28Dulhapur%2C%20Bangladesh%29
B,,kothai (,where,,kothai (,lexical-similarity group 2,"kim-ahmad-kim-sangma2011kurux[wordlist item 291, site 0 Bangla]",,,silkurux2011:i291:0:1,,,,dialect:B:kurux2011-0-bangla:Bangla%20%28Bangla%29
Kurux,,nɛ,who,,nɛ,lexical-similarity group 1,"kim-ahmad-kim-sangma2011kurux[wordlist item 292, site B Gabindanagar]",,,silkurux2011:i292:B:1,,,,dialect:Kurux:kurux2011-B-gabindanagar:Gabindanagar%20%28Gabindanagar%2C%20Bangladesh%29
Kurux,,nɛ,who,,nɛ,lexical-similarity group 1,"kim-ahmad-kim-sangma2011kurux[wordlist item 292, site C Boldipukur]",,,silkurux2011:i292:C:1,,,,dialect:Kurux:kurux2011-C-boldipukur:Boldipukur%20%28Boldipukur%2C%20Bangladesh%29
Kurux,,nɛ,who,,nɛ,lexical-similarity group 1,"kim-ahmad-kim-sangma2011kurux[wordlist item 292, site D Lohanipara]",,,silkurux2011:i292:D:1,,,,dialect:Kurux:kurux2011-D-lohanipara:Lohanipara%20%28Lohanipara%2C%20Bangladesh%29
Kurux,,nɛ,who,,nɛ,lexical-similarity group 1,"kim-ahmad-kim-sangma2011kurux[wordlist item 292, site E Dulhapur]",,,silkurux2011:i292:E:1,,,,dialect:Kurux:kurux2011-E-dulhapur:Dulhapur%20%28Dulhapur%2C%20Bangladesh%29
B,,kɛ,who,,kɛ,lexical-similarity group 2,"kim-ahmad-kim-sangma2011kurux[wordlist item 292, site 0 Bangla]",,,silkurux2011:i292:0:1,,,,dialect:B:kurux2011-0-bangla:Bangla%20%28Bangla%29
Kurux,,is,who,,is,lexical-similarity group 3,"kim-ahmad-kim-sangma2011kurux[wordlist item 292, site A Dima]",,,silkurux2011:i292:A:1,,,,dialect:Kurux:kurux2011-A-dima:Dima%20%28Dima%2C%20West%20Bengal%2C%20India%29
Kurux,,ɛndɾa,what,,ɛndɾa,lexical-similarity group 1,"kim-ahmad-kim-sangma2011kurux[wordlist item 293, site B Gabindanagar]",,,silkurux2011:i293:B:1,,,,dialect:Kurux:kurux2011-B-gabindanagar:Gabindanagar%20%28Gabindanagar%2C%20Bangladesh%29
Kurux,,ɛndɾa,what,,ɛndɾa,lexical-similarity group 1,"kim-ahmad-kim-sangma2011kurux[wordlist item 293, site C Boldipukur]",,,silkurux2011:i293:C:1,,,,dialect:Kurux:kurux2011-C-boldipukur:Boldipukur%20%28Boldipukur%2C%20Bangladesh%29
Kurux,,ɛndɾa,what,,ɛndɾa,lexical-similarity group 1,"kim-ahmad-kim-sangma2011kurux[wordlist item 293, site D Lohanipara]",,,silkurux2011:i293:D:1,,,,dialect:Kurux:kurux2011-D-lohanipara:Lohanipara%20%28Lohanipara%2C%20Bangladesh%29
Kurux,,ɛndɾa,what,,ɛndɾa,lexical-similarity group 1,"kim-ahmad-kim-sangma2011kurux[wordlist item 293, site E Dulhapur]",,,silkurux2011:i293:E:1,,,,dialect:Kurux:kurux2011-E-dulhapur:Dulhapur%20%28Dulhapur%2C%20Bangladesh%29
B,,ki,what,,ki,lexical-similarity group 2,"kim-ahmad-kim-sangma2011kurux[wordlist item 293, site 0 Bangla]",,,silkurux2011:i293:0:1,,,,dialect:B:kurux2011-0-bangla:Bangla%20%28Bangla%29
Kurux,,nekɑi,what,,nekɑi,lexical-similarity group 3,"kim-ahmad-kim-sangma2011kurux[wordlist item 293, site A Dima]",,,silkurux2011:i293:A:1,,,,dialect:Kurux:kurux2011-A-dima:Dima%20%28Dima%2C%20West%20Bengal%2C%20India%29
Kurux,,eta,how many,,eta,lexical-similarity group 1,"kim-ahmad-kim-sangma2011kurux[wordlist item 294, site B Gabindanagar]",,,silkurux2011:i294:B:1,,,,dialect:Kurux:kurux2011-B-gabindanagar:Gabindanagar%20%28Gabindanagar%2C%20Bangladesh%29
Kurux,,eta,how many,,eta,lexical-similarity group 1,"kim-ahmad-kim-sangma2011kurux[wordlist item 294, site C Boldipukur]",,,silkurux2011:i294:C:1,,,,dialect:Kurux:kurux2011-C-boldipukur:Boldipukur%20%28Boldipukur%2C%20Bangladesh%29
Kurux,,eta,how many,,eta,lexical-similarity group 1,"kim-ahmad-kim-sangma2011kurux[wordlist item 294, site D Lohanipara]",,,silkurux2011:i294:D:1,,,,dialect:Kurux:kurux2011-D-lohanipara:Lohanipara%20%28Lohanipara%2C%20Bangladesh%29
Kurux,,kait( aɾi,how many,,kait( aɾi,lexical-similarity group 2,"kim-ahmad-kim-sangma2011kurux[wordlist item 294, site E Dulhapur]",,,silkurux2011:i294:E:1,,,,dialect:Kurux:kurux2011-E-dulhapur:Dulhapur%20%28Dulhapur%2C%20Bangladesh%29
B,,k it( a,how many,,k it( a,lexical-similarity group 3,"kim-ahmad-kim-sangma2011kurux[wordlist item 294, site 0 Bangla]",,,silkurux2011:i294:0:1,,,,dialect:B:kurux2011-0-bangla:Bangla%20%28Bangla%29
Kurux,,id,this thing,,id,lexical-similarity group 1,"kim-ahmad-kim-sangma2011kurux[wordlist item 295, site A Dima]",,,silkurux2011:i295:A:1,,,,dialect:Kurux:kurux2011-A-dima:Dima%20%28Dima%2C%20West%20Bengal%2C%20India%29
Kurux,,id,this thing,,id,lexical-similarity group 1,"kim-ahmad-kim-sangma2011kurux[wordlist item 295, site B Gabindanagar]",,,silkurux2011:i295:B:1,,,,dialect:Kurux:kurux2011-B-gabindanagar:Gabindanagar%20%28Gabindanagar%2C%20Bangladesh%29
Kurux,,id,this thing,,id,lexical-similarity group 1,"kim-ahmad-kim-sangma2011kurux[wordlist item 295, site C Boldipukur]",,,silkurux2011:i295:C:1,,,,dialect:Kurux:kurux2011-C-boldipukur:Boldipukur%20%28Boldipukur%2C%20Bangladesh%29
Kurux,,id,this thing,,id,lexical-similarity group 1,"kim-ahmad-kim-sangma2011kurux[wordlist item 295, site D Lohanipara]",,,silkurux2011:i295:D:1,,,,dialect:Kurux:kurux2011-D-lohanipara:Lohanipara%20%28Lohanipara%2C%20Bangladesh%29
Kurux,,id,this thing,,id,lexical-similarity group 1,"kim-ahmad-kim-sangma2011kurux[wordlist item 295, site E Dulhapur]",,,silkurux2011:i295:E:1,,,,dialect:Kurux:kurux2011-E-dulhapur:Dulhapur%20%28Dulhapur%2C%20Bangladesh%29
B,,eta,this thing,,eta,lexical-similarity group 2,"kim-ahmad-kim-sangma2011kurux[wordlist item 295, site 0 Bangla]",,,silkurux2011:i295:0:1,,,,dialect:B:kurux2011-0-bangla:Bangla%20%28Bangla%29
Kurux,,ad,that thing,,ad,lexical-similarity group 1,"kim-ahmad-kim-sangma2011kurux[wordlist item 296, site A Dima]",,,silkurux2011:i296:A:1,,,,dialect:Kurux:kurux2011-A-dima:Dima%20%28Dima%2C%20West%20Bengal%2C%20India%29
Kurux,,ad,that thing,,ad,lexical-similarity group 1,"kim-ahmad-kim-sangma2011kurux[wordlist item 296, site B Gabindanagar]",,,silkurux2011:i296:B:1,,,,dialect:Kurux:kurux2011-B-gabindanagar:Gabindanagar%20%28Gabindanagar%2C%20Bangladesh%29
Kurux,,ad,that thing,,ad,lexical-similarity group 1,"kim-ahmad-kim-sangma2011kurux[wordlist item 296, site C Boldipukur]",,,silkurux2011:i296:C:1,,,,dialect:Kurux:kurux2011-C-boldipukur:Boldipukur%20%28Boldipukur%2C%20Bangladesh%29
Kurux,,ad,that thing,,ad,lexical-similarity group 1,"kim-ahmad-kim-sangma2011kurux[wordlist item 296, site D Lohanipara]",,,silkurux2011:i296:D:1,,,,dialect:Kurux:kurux2011-D-lohanipara:Lohanipara%20%28Lohanipara%2C%20Bangladesh%29
Kurux,,ad,that thing,,ad,lexical-similarity group 1,"kim-ahmad-kim-sangma2011kurux[wordlist item 296, site E Dulhapur]",,,silkurux2011:i296:E:1,,,,dialect:Kurux:kurux2011-E-dulhapur:Dulhapur%20%28Dulhapur%2C%20Bangladesh%29
B,,ota,that thing,,ota,lexical-similarity group 2,"kim-ahmad-kim-sangma2011kurux[wordlist item 296, site 0 Bangla]",,,silkurux2011:i296:0:1,,,,dialect:B:kurux2011-0-bangla:Bangla%20%28Bangla%29
Kurux,,ibɽa,these things,,ibɽa,lexical-similarity group 1,"kim-ahmad-kim-sangma2011kurux[wordlist item 297, site B Gabindanagar]",,,silkurux2011:i297:B:1,,,,dialect:Kurux:kurux2011-B-gabindanagar:Gabindanagar%20%28Gabindanagar%2C%20Bangladesh%29
Kurux,,ibɽa,these things,,ibɽa,lexical-similarity group 1,"kim-ahmad-kim-sangma2011kurux[wordlist item 297, site C Boldipukur]",,,silkurux2011:i297:C:1,,,,dialect:Kurux:kurux2011-C-boldipukur:Boldipukur%20%28Boldipukur%2C%20Bangladesh%29
Kurux,,ibɽɑ,these things,,ibɽɑ,lexical-similarity group 1,"kim-ahmad-kim-sangma2011kurux[wordlist item 297, site D Lohanipara]",,,silkurux2011:i297:D:1,,,,dialect:Kurux:kurux2011-D-lohanipara:Lohanipara%20%28Lohanipara%2C%20Bangladesh%29
Kurux,,ibɽɛ,these things,,ibɽɛ,lexical-similarity group 1,"kim-ahmad-kim-sangma2011kurux[wordlist item 297, site E Dulhapur]",,,silkurux2011:i297:E:1,,,,dialect:Kurux:kurux2011-E-dulhapur:Dulhapur%20%28Dulhapur%2C%20Bangladesh%29
B,,ɛɡulo,these things,,ɛɡulo,lexical-similarity group 2,"kim-ahmad-kim-sangma2011kurux[wordlist item 297, site 0 Bangla]",,,silkurux2011:i297:0:1,,,,dialect:B:kurux2011-0-bangla:Bangla%20%28Bangla%29
Kurux,,ondɾɑ,these things,,ondɾɑ,lexical-similarity group 3,"kim-ahmad-kim-sangma2011kurux[wordlist item 297, site A Dima]",,,silkurux2011:i297:A:1,,,,dialect:Kurux:kurux2011-A-dima:Dima%20%28Dima%2C%20West%20Bengal%2C%20India%29
Kurux,,abɽa,those things,,abɽa,lexical-similarity group 1,"kim-ahmad-kim-sangma2011kurux[wordlist item 298, site B Gabindanagar]",,,silkurux2011:i298:B:1,,,,dialect:Kurux:kurux2011-B-gabindanagar:Gabindanagar%20%28Gabindanagar%2C%20Bangladesh%29
Kurux,,abɽa,those things,,abɽa,lexical-similarity group 1,"kim-ahmad-kim-sangma2011kurux[wordlist item 298, site C Boldipukur]",,,silkurux2011:i298:C:1,,,,dialect:Kurux:kurux2011-C-boldipukur:Boldipukur%20%28Boldipukur%2C%20Bangladesh%29
Kurux,,abɽa,those things,,abɽa,lexical-similarity group 1,"kim-ahmad-kim-sangma2011kurux[wordlist item 298, site D Lohanipara]",,,silkurux2011:i298:D:1,,,,dialect:Kurux:kurux2011-D-lohanipara:Lohanipara%20%28Lohanipara%2C%20Bangladesh%29
Kurux,,abɽa,those things,,abɽa,lexical-similarity group 1,"kim-ahmad-kim-sangma2011kurux[wordlist item 298, site E Dulhapur]",,,silkurux2011:i298:E:1,,,,dialect:Kurux:kurux2011-E-dulhapur:Dulhapur%20%28Dulhapur%2C%20Bangladesh%29
B,,oɡulo,those things,,oɡulo,lexical-similarity group 2,"kim-ahmad-kim-sangma2011kurux[wordlist item 298, site 0 Bangla]",,,silkurux2011:i298:0:1,,,,dialect:B:kurux2011-0-bangla:Bangla%20%28Bangla%29
Kurux,,udɛndɾɑ,those things,,udɛndɾɑ,lexical-similarity group 3,"kim-ahmad-kim-sangma2011kurux[wordlist item 298, site A Dima]",,,silkurux2011:i298:A:1,,,,dialect:Kurux:kurux2011-A-dima:Dima%20%28Dima%2C%20West%20Bengal%2C%20India%29
Kurux,,ɛn,1s,,ɛn,lexical-similarity group 1,"kim-ahmad-kim-sangma2011kurux[wordlist item 299, site A Dima]",,,silkurux2011:i299:A:1,,,,dialect:Kurux:kurux2011-A-dima:Dima%20%28Dima%2C%20West%20Bengal%2C%20India%29
Kurux,,ɛn,1s,,ɛn,lexical-similarity group 1,"kim-ahmad-kim-sangma2011kurux[wordlist item 299, site B Gabindanagar]",,,silkurux2011:i299:B:1,,,,dialect:Kurux:kurux2011-B-gabindanagar:Gabindanagar%20%28Gabindanagar%2C%20Bangladesh%29
Kurux,,ɛn,1s,,ɛn,lexical-similarity group 1,"kim-ahmad-kim-sangma2011kurux[wordlist item 299, site C Boldipukur]",,,silkurux2011:i299:C:1,,,,dialect:Kurux:kurux2011-C-boldipukur:Boldipukur%20%28Boldipukur%2C%20Bangladesh%29
Kurux,,ɛn,1s,,ɛn,lexical-similarity group 1,"kim-ahmad-kim-sangma2011kurux[wordlist item 299, site D Lohanipara]",,,silkurux2011:i299:D:1,,,,dialect:Kurux:kurux2011-D-lohanipara:Lohanipara%20%28Lohanipara%2C%20Bangladesh%29
Kurux,,ɛn,1s,,ɛn,lexical-similarity group 1,"kim-ahmad-kim-sangma2011kurux[wordlist item 299, site E Dulhapur]",,,silkurux2011:i299:E:1,,,,dialect:Kurux:kurux2011-E-dulhapur:Dulhapur%20%28Dulhapur%2C%20Bangladesh%29
B,,ami,1s,,ami,lexical-similarity group 2,"kim-ahmad-kim-sangma2011kurux[wordlist item 299, site 0 Bangla]",,,silkurux2011:i299:0:1,,,,dialect:B:kurux2011-0-bangla:Bangla%20%28Bangla%29
Kurux,,nin,2s (familiar),,nin,lexical-similarity group 1,"kim-ahmad-kim-sangma2011kurux[wordlist item 300, site A Dima]",,,silkurux2011:i300:A:1,,,,dialect:Kurux:kurux2011-A-dima:Dima%20%28Dima%2C%20West%20Bengal%2C%20India%29
Kurux,,nin,2s (familiar),,nin,lexical-similarity group 1,"kim-ahmad-kim-sangma2011kurux[wordlist item 300, site B Gabindanagar]",,,silkurux2011:i300:B:1,,,,dialect:Kurux:kurux2011-B-gabindanagar:Gabindanagar%20%28Gabindanagar%2C%20Bangladesh%29
Kurux,,nin,2s (familiar),,nin,lexical-similarity group 1,"kim-ahmad-kim-sangma2011kurux[wordlist item 300, site C Boldipukur]",,,silkurux2011:i300:C:1,,,,dialect:Kurux:kurux2011-C-boldipukur:Boldipukur%20%28Boldipukur%2C%20Bangladesh%29
Kurux,,nin,2s (familiar),,nin,lexical-similarity group 1,"kim-ahmad-kim-sangma2011kurux[wordlist item 300, site D Lohanipara]",,,silkurux2011:i300:D:1,,,,dialect:Kurux:kurux2011-D-lohanipara:Lohanipara%20%28Lohanipara%2C%20Bangladesh%29
Kurux,,nin,2s (familiar),,nin,lexical-similarity group 1,"kim-ahmad-kim-sangma2011kurux[wordlist item 300, site E Dulhapur]",,,silkurux2011:i300:E:1,,,,dialect:Kurux:kurux2011-E-dulhapur:Dulhapur%20%28Dulhapur%2C%20Bangladesh%29
B,,tumi,2s (familiar),,tumi,lexical-similarity group 2,"kim-ahmad-kim-sangma2011kurux[wordlist item 300, site 0 Bangla]",,,silkurux2011:i300:0:1,,,,dialect:B:kurux2011-0-bangla:Bangla%20%28Bangla%29
Kurux,,ɑs,3s (generic/male),,ɑs,lexical-similarity group 1,"kim-ahmad-kim-sangma2011kurux[wordlist item 302, site A Dima]",,,silkurux2011:i302:A:1,,,,dialect:Kurux:kurux2011-A-dima:Dima%20%28Dima%2C%20West%20Bengal%2C%20India%29
Kurux,,as,3s (generic/male),,as,lexical-similarity group 1,"kim-ahmad-kim-sangma2011kurux[wordlist item 302, site B Gabindanagar]",,,silkurux2011:i302:B:1,,,,dialect:Kurux:kurux2011-B-gabindanagar:Gabindanagar%20%28Gabindanagar%2C%20Bangladesh%29
Kurux,,as,3s (generic/male),,as,lexical-similarity group 1,"kim-ahmad-kim-sangma2011kurux[wordlist item 302, site C Boldipukur]",,,silkurux2011:i302:C:1,,,,dialect:Kurux:kurux2011-C-boldipukur:Boldipukur%20%28Boldipukur%2C%20Bangladesh%29
Kurux,,as,3s (generic/male),,as,lexical-similarity group 1,"kim-ahmad-kim-sangma2011kurux[wordlist item 302, site D Lohanipara]",,,silkurux2011:i302:D:1,,,,dialect:Kurux:kurux2011-D-lohanipara:Lohanipara%20%28Lohanipara%2C%20Bangladesh%29
Kurux,,as,3s (generic/male),,as,lexical-similarity group 1,"kim-ahmad-kim-sangma2011kurux[wordlist item 302, site E Dulhapur]",,,silkurux2011:i302:E:1,,,,dialect:Kurux:kurux2011-E-dulhapur:Dulhapur%20%28Dulhapur%2C%20Bangladesh%29
B,,ʃɛ,3s (generic/male),,ʃɛ,lexical-similarity group 2,"kim-ahmad-kim-sangma2011kurux[wordlist item 302, site 0 Bangla]",,,silkurux2011:i302:0:1,,,,dialect:B:kurux2011-0-bangla:Bangla%20%28Bangla%29
Kurux,,ad,3s (female),,ad,lexical-similarity group 1,"kim-ahmad-kim-sangma2011kurux[wordlist item 303, site B Gabindanagar]",,,silkurux2011:i303:B:1,,,,dialect:Kurux:kurux2011-B-gabindanagar:Gabindanagar%20%28Gabindanagar%2C%20Bangladesh%29
Kurux,,ad,3s (female),,ad,lexical-similarity group 1,"kim-ahmad-kim-sangma2011kurux[wordlist item 303, site C Boldipukur]",,,silkurux2011:i303:C:1,,,,dialect:Kurux:kurux2011-C-boldipukur:Boldipukur%20%28Boldipukur%2C%20Bangladesh%29
Kurux,,ad,3s (female),,ad,lexical-similarity group 1,"kim-ahmad-kim-sangma2011kurux[wordlist item 303, site D Lohanipara]",,,silkurux2011:i303:D:1,,,,dialect:Kurux:kurux2011-D-lohanipara:Lohanipara%20%28Lohanipara%2C%20Bangladesh%29
Kurux,,ad,3s (female),,ad,lexical-similarity group 1,"kim-ahmad-kim-sangma2011kurux[wordlist item 303, site E Dulhapur]",,,silkurux2011:i303:E:1,,,,dialect:Kurux:kurux2011-E-dulhapur:Dulhapur%20%28Dulhapur%2C%20Bangladesh%29
B,,ʃɛ,3s (female),,ʃɛ,lexical-similarity group 2,"kim-ahmad-kim-sangma2011kurux[wordlist item 303, site 0 Bangla]",,,silkurux2011:i303:0:1,,,,dialect:B:kurux2011-0-bangla:Bangla%20%28Bangla%29
Kurux,,ɑs,3s (female),,ɑs,lexical-similarity group 3,"kim-ahmad-kim-sangma2011kurux[wordlist item 303, site A Dima]",,,silkurux2011:i303:A:1,,,,dialect:Kurux:kurux2011-A-dima:Dima%20%28Dima%2C%20West%20Bengal%2C%20India%29
Kurux,,ɛn,1p,,ɛn,lexical-similarity group 1,"kim-ahmad-kim-sangma2011kurux[wordlist item 304, site A Dima]",,,silkurux2011:i304:A:1,,,,dialect:Kurux:kurux2011-A-dima:Dima%20%28Dima%2C%20West%20Bengal%2C%20India%29
Kurux,,em / nam,1p,,em / nam,lexical-similarity group 2,"kim-ahmad-kim-sangma2011kurux[wordlist item 304, site B Gabindanagar]",,,silkurux2011:i304:B:1,,,,dialect:Kurux:kurux2011-B-gabindanagar:Gabindanagar%20%28Gabindanagar%2C%20Bangladesh%29
Kurux,,em / nam,1p,,em / nam,lexical-similarity group 2,"kim-ahmad-kim-sangma2011kurux[wordlist item 304, site C Boldipukur]",,,silkurux2011:i304:C:1,,,,dialect:Kurux:kurux2011-C-boldipukur:Boldipukur%20%28Boldipukur%2C%20Bangladesh%29
Kurux,,em / nam,1p,,em / nam,lexical-similarity group 2,"kim-ahmad-kim-sangma2011kurux[wordlist item 304, site D Lohanipara]",,,silkurux2011:i304:D:1,,,,dialect:Kurux:kurux2011-D-lohanipara:Lohanipara%20%28Lohanipara%2C%20Bangladesh%29
Kurux,,em / nam,1p,,em / nam,lexical-similarity group 2,"kim-ahmad-kim-sangma2011kurux[wordlist item 304, site E Dulhapur]",,,silkurux2011:i304:E:1,,,,dialect:Kurux:kurux2011-E-dulhapur:Dulhapur%20%28Dulhapur%2C%20Bangladesh%29
B,,amɾa,1p,,amɾa,lexical-similarity group 3,"kim-ahmad-kim-sangma2011kurux[wordlist item 304, site 0 Bangla]",,,silkurux2011:i304:0:1,,,,dialect:B:kurux2011-0-bangla:Bangla%20%28Bangla%29
Kurux,,nɪn,2p (familiar),,nɪn,lexical-similarity group 1,"kim-ahmad-kim-sangma2011kurux[wordlist item 305, site A Dima]",,,silkurux2011:i305:A:1,,,,dialect:Kurux:kurux2011-A-dima:Dima%20%28Dima%2C%20West%20Bengal%2C%20India%29
Kurux,,nim,2p (familiar),,nim,lexical-similarity group 1,"kim-ahmad-kim-sangma2011kurux[wordlist item 305, site B Gabindanagar]",,,silkurux2011:i305:B:1,,,,dialect:Kurux:kurux2011-B-gabindanagar:Gabindanagar%20%28Gabindanagar%2C%20Bangladesh%29
Kurux,,nim,2p (familiar),,nim,lexical-similarity group 1,"kim-ahmad-kim-sangma2011kurux[wordlist item 305, site C Boldipukur]",,,silkurux2011:i305:C:1,,,,dialect:Kurux:kurux2011-C-boldipukur:Boldipukur%20%28Boldipukur%2C%20Bangladesh%29
Kurux,,nim,2p (familiar),,nim,lexical-similarity group 1,"kim-ahmad-kim-sangma2011kurux[wordlist item 305, site D Lohanipara]",,,silkurux2011:i305:D:1,,,,dialect:Kurux:kurux2011-D-lohanipara:Lohanipara%20%28Lohanipara%2C%20Bangladesh%29
Kurux,,nim,2p (familiar),,nim,lexical-similarity group 1,"kim-ahmad-kim-sangma2011kurux[wordlist item 305, site E Dulhapur]",,,silkurux2011:i305:E:1,,,,dialect:Kurux:kurux2011-E-dulhapur:Dulhapur%20%28Dulhapur%2C%20Bangladesh%29
B,,tomɾa,2p (familiar),,tomɾa,lexical-similarity group 2,"kim-ahmad-kim-sangma2011kurux[wordlist item 305, site 0 Bangla]",,,silkurux2011:i305:0:1,,,,dialect:B:kurux2011-0-bangla:Bangla%20%28Bangla%29
Kurux,,ɑs,3p,,ɑs,lexical-similarity group 1,"kim-ahmad-kim-sangma2011kurux[wordlist item 307, site A Dima]",,,silkurux2011:i307:A:1,,,,dialect:Kurux:kurux2011-A-dima:Dima%20%28Dima%2C%20West%20Bengal%2C%20India%29
Kurux,,ar,3p,,ar,lexical-similarity group 2,"kim-ahmad-kim-sangma2011kurux[wordlist item 307, site B Gabindanagar]",,,silkurux2011:i307:B:1,,,,dialect:Kurux:kurux2011-B-gabindanagar:Gabindanagar%20%28Gabindanagar%2C%20Bangladesh%29
Kurux,,ar,3p,,ar,lexical-similarity group 2,"kim-ahmad-kim-sangma2011kurux[wordlist item 307, site C Boldipukur]",,,silkurux2011:i307:C:1,,,,dialect:Kurux:kurux2011-C-boldipukur:Boldipukur%20%28Boldipukur%2C%20Bangladesh%29
Kurux,,ar,3p,,ar,lexical-similarity group 2,"kim-ahmad-kim-sangma2011kurux[wordlist item 307, site D Lohanipara]",,,silkurux2011:i307:D:1,,,,dialect:Kurux:kurux2011-D-lohanipara:Lohanipara%20%28Lohanipara%2C%20Bangladesh%29
Kurux,,ar,3p,,ar,lexical-similarity group 2,"kim-ahmad-kim-sangma2011kurux[wordlist item 307, site E Dulhapur]",,,silkurux2011:i307:E:1,,,,dialect:Kurux:kurux2011-E-dulhapur:Dulhapur%20%28Dulhapur%2C%20Bangladesh%29
B,,taɾa,3p,,taɾa,lexical-similarity group 3,"kim-ahmad-kim-sangma2011kurux[wordlist item 307, site 0 Bangla]",,,silkurux2011:i307:0:1,,,,dialect:B:kurux2011-0-bangla:Bangla%20%28Bangla%29
