Form_ID,Etymon_ID,Kind,Rank,Status,Source,Notes,Pos
f_5rlr2prke5wp4,1533-2,reflex,1,accepted,,,
f_eaxpkla3vefuk,2757,reflex,1,accepted,,,
f_jfm5olokiawia,2757,reflex,1,accepted,,,
f_lmddgdf4ikblu,3243,reflex,1,accepted,,,
f_pgvq4oewkizsi,1533-2,reflex,1,accepted,,,
f_7mggrb6q6nvlc,11168,reflex,1,accepted,CDIAL[11168],Turner explicitly records Shina lēl blood under *lohila red. The two Dras attestations preserve that distinctive form and blood sense; no borrowing direction is asserted merely from dialect comparison.,
f_ngiuxmsdr6xci,43,reflex,1,accepted,CDIAL[43],Turner explicitly records Shina aʦ̣ʰī eye under akṣi. The Dras records vary in affricate/aspiration notation and vowel ending; retain their individual transcriptions rather than normalize them into a single spelling.,
f_ta26dfceqqad2,43,reflex,1,accepted,CDIAL[43],Turner explicitly records Shina aʦ̣ʰī eye under akṣi. The Dras records vary in affricate/aspiration notation and vowel ending; retain their individual transcriptions rather than normalize them into a single spelling.,
f_bqmdwwjgu3byy,6152,reflex,1,accepted,CDIAL[6152],"CDIAL 6152 explicitly records Shina don tooth and plural dōnye. Rajapurohit p. 92 item 491 confirms don/doni, while p. 87 item 311 separately elicits the same don for sting; the formerly excluded merged record is included with that secondary sense preserved, not replaced or silently split.",
f_vlktnwhbwt7ku,6152,reflex,1,accepted,"CDIAL[6152];rajapurohit2012[p. 87, item 311, p. 92, item 491]","CDIAL 6152 explicitly records Shina don tooth and plural dōnye. Rajapurohit p. 92 item 491 confirms don/doni, while p. 87 item 311 separately elicits the same don for sting; the formerly excluded merged record is included with that secondary sense preserved, not replaced or silently split.",
f_miediu6upds2q,13574-3,reflex,1,accepted,CDIAL[13574],Turner assigns sūri sun in all Shina dialects to subsection 3 sūriya. Both Dras sūri attestations agree; other differently shaped sun terms are not automatically grouped.,
f_dg47n4o63u4ow,10702,reflex,1,accepted,CDIAL[10702],Turner explicitly gives Shina rāti night under rātrī. The Dras sources retain the same form and meaning.,
f_r43ja3sujlja2,6648,reflex,1,accepted,CDIAL[6648],Turner records Shina du/dū two under dva. The Dras records differ only in marked vowel length.,
f_pkf5qa3hrrvxq,4655-2,reflex,1,accepted,CDIAL[4655],Turner places Shina čār four in subsection 2 catvāri through *cayāri. All three Dras sources preserve cār.,
f_njplzwxxzrl2o,7655,reflex,1,accepted,CDIAL[7655],Turner records Shina poĩ/pō̃š/poš five under pañca. The Dras poś and pō̃ś forms preserve the sibilant variant with differing nasalization notation.,
f_ni3qljd6uj5au,12803,reflex,1,accepted,CDIAL[12803],Turner places Shina ṣa/ṣah six in subsection 1 ṣaṣ. Dras ṣa/ṣā and LSI śā agree in numeral identity; retain the source’s sibilant notation.,
f_mjpt37c45zevo,6227,reflex,1,accepted,CDIAL[6227],Turner explicitly records Shina dai ten under daśa. Both Dras forms match; LSI dāis is left for its ending to be checked.,
f_uis4oupb3v7xe,4093,reflex,1,accepted,CDIAL[4093],"Turner’s gava entry gives Shina go with gave plural, and prefers this stem over direct descent from nominative gauḥ. Dras gāv/gāvo/gāō and gave preserve that stem and its inflection.",
f_p67c47ocrlk2a,4093,reflex,1,accepted,CDIAL[4093],"Turner’s gava entry gives Shina go with gave plural, and prefers this stem over direct descent from nominative gauḥ. Dras gāv/gāvo/gāō and gave preserve that stem and its inflection.",
f_6md6u3ys2xeti,4093,reflex,1,accepted,CDIAL[4093],"Turner’s gava entry gives Shina go with gave plural, and prefers this stem over direct descent from nominative gauḥ. Dras gāv/gāvo/gāō and gave preserve that stem and its inflection.",
f_x2xpg5ctt4plk,12583,reflex,1,accepted,CDIAL[12583],Turner explicitly gives Shina ṣiṅ horn under śṛṅga. Dras ṣiŋo/ṣiŋe retain the root with source-specific noun endings.,
f_dx6unaabtwwq6,12583,reflex,1,accepted,CDIAL[12583],Turner explicitly gives Shina ṣiṅ horn under śṛṅga. Dras ṣiŋo/ṣiŋe retain the root with source-specific noun endings.,
f_cq2d42psfez7y,920,reflex,1,accepted,CDIAL[920],"Turner records Shina aśpu/aśap horse under aśva. Dras aśup/ãśup and inflected ãśpe/ãśp preserve this characteristic śp family, with vowel placement varying by source.",
f_j4tmrtck6y2pc,920,reflex,1,accepted,CDIAL[920],"Turner records Shina aśpu/aśap horse under aśva. Dras aśup/ãśup and inflected ãśpe/ãśp preserve this characteristic śp family, with vowel placement varying by source.",
f_van3df6ljduki,5110,reflex,1,accepted,CDIAL[5110],"Turner explicitly records Shina jon snake under jantu creature, with snake already attested in Niya Prakrit. Dras jon agrees; the cobra/python senses are narrower species uses retained from the source.",
f_nh7mqgf356r7m,7733,reflex,1,accepted,CDIAL[7733],Turner explicitly groups Shina paṭu/pāṭu leaf with the retroflex Dardic forms under pattra. The Dras leaf/wing senses are both within the historical semantic range; preserve vowel length and consonant doubling in the source forms.,
f_fnvlleq2socp2,7733,reflex,1,accepted,CDIAL[7733],Turner explicitly groups Shina paṭu/pāṭu leaf with the retroflex Dardic forms under pattra. The Dras leaf/wing senses are both within the historical semantic range; preserve vowel length and consonant doubling in the source forms.,
f_4674l576w3lu2,7733,reflex,1,accepted,CDIAL[7733],Turner explicitly groups Shina paṭu/pāṭu leaf with the retroflex Dardic forms under pattra. The Dras leaf/wing senses are both within the historical semantic range; preserve vowel length and consonant doubling in the source forms.,
f_uurhffx7w53kq,7733,reflex,1,accepted,CDIAL[7733],Turner explicitly groups Shina paṭu/pāṭu leaf with the retroflex Dardic forms under pattra. The Dras leaf/wing senses are both within the historical semantic range; preserve vowel length and consonant doubling in the source forms.,
f_nvrjidobnzmqo,2387,reflex,1,accepted,CDIAL[2387],Turner explicitly records Shina ū̃ṭh/ūṭ camel under uṣṭra. The Dras nasalized and aspirated variants match that family; the less transparent Schmidt īt record is left aside.,
f_sxfthkg4cfxx4,8298,reflex,1,accepted,CDIAL[8298],Turner explicitly records the Shina pušo/būši cat family under expressive *puśśī. Dras piśu/piśe/puśu belongs here; the expressive and contact-prone family is less secure than ordinary regular inheritance.,
f_s6ywkq6xqp2nu,8298,reflex,1,accepted,CDIAL[8298],Turner explicitly records the Shina pušo/būši cat family under expressive *puśśī. Dras piśu/piśe/puśu belongs here; the expressive and contact-prone family is less secure than ordinary regular inheritance.,
f_7in7odvosmvti,10258-2,reflex,1,accepted,CDIAL[10258],Turner puts Lorimer’s Shina mūẓi mouse specifically under subsection 2 mūṣika. Dras mū̃ẓi and mū̃ẓe fit that formation; do not flatten them to the mūṣa head.,
f_pofdnervr5uxi,10258-2,reflex,1,accepted,CDIAL[10258],Turner puts Lorimer’s Shina mūẓi mouse specifically under subsection 2 mūṣika. Dras mū̃ẓi and mū̃ẓe fit that formation; do not flatten them to the mūṣa head.,
f_76feiecokbojk,10394,reflex,1,accepted,CDIAL[10394],"Turner gives Shina yū̃/yum liver through the *yakan stem of yakṛt. Dras yūŋ/yūŋe preserves the nasal stem, with its local noun ending.",
f_pw3jtn2xowmns,10394,reflex,1,accepted,CDIAL[10394],"Turner gives Shina yū̃/yum liver through the *yakan stem of yakṛt. Dras yūŋ/yūŋe preserves the nasal stem, with its local noun ending.",
f_oqy7ksfzh2yfs,7031-2,reflex,1,accepted,CDIAL[7031],Turner records Shina natu/notu/nōttu nose in subsection 2 nastaka. Dras noto/note fits the same noun stem and inflection.,
f_7r7bnh6nsvtwu,7031-2,reflex,1,accepted,CDIAL[7031],Turner records Shina natu/notu/nōttu nose in subsection 2 nastaka. Dras noto/note fits the same noun stem and inflection.,
f_6rgfqh2w7eylq,11348,reflex,1,accepted,CDIAL[11348],Turner explicitly records Shina baṭ stone in subsection 1 *varta. Dras baṭ and baṭi preserve this stem; the suffixed form remains a source-defined attestation.,
f_gbpumf6xtwcay,7785,reflex,1,accepted,CDIAL[7785],"Turner explicitly records Shina pon path under panthā. Dras pon/pón agrees, and its road/street/way glosses preserve the same route sense.",
f_2ljychst6tk2q,1921,reflex,1,accepted,CDIAL[1921],Turner gives Shina vai water under udaka. Dras voi/vei and oi represent glide-preserving and glide-less variants in the sources; exclude the merged water/wine record pending sense review.,
f_maxsojoqyvslw,4528,reflex,1,accepted,CDIAL[4528],"Turner favors ghōṣa herdsmen’s station, sense 2, for Shina goṣ house and its voiced oblique stem. A loan from goṣṭha with cluster reduction remains an alternative; Dras gōṣ/gōś is therefore a qualified proposal.",
f_xxzspaioecqzc,10383,reflex,1,accepted,CDIAL[10383],Turner explicitly gives Shina miryo-type infinitives under mriyate die. The Dras miryōno attestations match the present stem rather than an etymon inferred from its past tense.,
f_uxnscajspjk5k,8209,reflex,1,accepted,CDIAL[8209],Turner explicitly records Shina pioiki/pyōnu drink under pibati. Dras piyōno/pyōno are the corresponding infinitive forms.,
f_o2ocblgmrqxi4,3865,reflex,1,accepted,CDIAL[3865],Turner gives Shina khoiki/khōnu eat under subsection 1 khādati. The Dras infinitives and LSI khē retain that stem with paradigm alternation; causative and passive stems remain separate.,
f_a6ixdkjvktkok,7848,reflex,1,accepted,CDIAL[7848],Turner explicitly gives Shina paružoiki/paružōnu hear and understand under subsection 1 *paribudhyate. The Dras infinitives retain the same stem; the pp. parudu belongs to a different subsection.,
f_scnbirsogebe4,13902,reflex,1,accepted,CDIAL[13902],"Turner explicitly records Shina soiki/sōnu sleep under svapati, noting merger of the svap- and sup- present stems. Dras sōnu/sōno agrees; do not assign it to the noun svapna or the negative existential śete family.",
f_7ficdmghgonag,8012,reflex,1,accepted,CDIAL[8012],"Turner explicitly records Shina paśyōnu see under paśyati. Dras paśyōno see/seem preserves this stem, with the apparent-state sense retained from the source.",
f_7vygvuojkdyw4,11616,reflex,1,accepted,CDIAL[11616],"Palas and Gurez bī twenty match the reduced Shina bi/bīh forms in Turner’s viṃśati article. These are simple score numerals; their higher compounds require component analyses. Three additional bī attestations, with source-specific tone or stress notation, agree with Turner’s explicit Shina bī series. Their original dialect and source metadata are preserved.",
f_hmrl6kugz7eae,12528,reflex,1,accepted,CDIAL[12528],"The nasal śū/śuŋ forms across Kohistani, Guresi, Astor, Dras and Chilas match Turner’s Shina śū̃ under śuna, subsection 1. Dras śuŋe is an ordinary plural; unusual siti is excluded rather than normalized into this group.",
f_vf3yxokaw3zju,12528,reflex,1,accepted,CDIAL[12528],"The nasal śū/śuŋ forms across Kohistani, Guresi, Astor, Dras and Chilas match Turner’s Shina śū̃ under śuna, subsection 1. Dras śuŋe is an ordinary plural; unusual siti is excluded rather than normalized into this group.",
f_b6tq7ny6reab6,14152,reflex,1,accepted,CDIAL[14152],Dras hīu/hīv heart matches the Shina hīu/hio family under hṛdaya. The glide or final v notation is compatible with contraction of the vowel sequence documented among cognates.,
f_wjcyhwj4rjjww,3120,reflex,1,accepted,CDIAL[3120],Dras kāṭo/káṭo wood matches Turner’s Guresi kāṭu and Kohistani kāṭhu under kāṣṭha. The final vowel is retained as a dialectal form rather than treated as a separate derivation.,
f_k4hhbo6tmni6k,9982,reflex,1,accepted,CDIAL[9982],Dras mōs flesh agrees with Shina mos/mōs under māṃsa. The anomalous transcription moéost is not merged without a source check.,
f_byyk5wae7pxke,10066,reflex,1,accepted,CDIAL[10066],"Kohistani, Guresi, Astor and Dras marōn/maryōnu kill match the Shina mār- family under mārayati. The killing verb is kept separate from dying mriyate and causatives meaning cause to be killed.",
f_6juvqgjpup3dg,9216,reflex,1,accepted,CDIAL[9216],"The simplex bāl child/son forms agree with Turner’s explicit Shina bāl child, servant (Gilgit) and boy (Kohistani, Guresi) under bāla. The son sense is a specialization of child; compounds and the homonymous hair/rope forms are excluded, and the disputed deeper origin discussed in the main entry and addendum is not resolved here. Rajapurohit’s baby and boy/son/stepson records are included as simplex family terms, preserving the qualified kinship senses.",
f_wqu3ct7iexuru,9216,reflex,1,accepted,CDIAL[9216],"The simplex bāl child/son forms agree with Turner’s explicit Shina bāl child, servant (Gilgit) and boy (Kohistani, Guresi) under bāla. The son sense is a specialization of child; compounds and the homonymous hair/rope forms are excluded, and the disputed deeper origin discussed in the main entry and addendum is not resolved here. Rajapurohit’s baby and boy/son/stepson records are included as simplex family terms, preserving the qualified kinship senses.",
f_umao2sbgy5o4c,8306,reflex,1,accepted,CDIAL[8306],"Dras púṣo/púṣe flower matches Turner’s Guresi pušu under puṣya, with the retained sibilant distinguishing it from the phunar family. The pair is retained as source-defined inflectional attestations rather than separate derivations.",
f_gvucva2mxc6ui,8306,reflex,1,accepted,CDIAL[8306],"Dras púṣo/púṣe flower matches Turner’s Guresi pušu under puṣya, with the retained sibilant distinguishing it from the phunar family. The pair is retained as source-defined inflectional attestations rather than separate derivations.",
f_svmrxzq7octqg,10582,reflex,1,accepted,CDIAL[10582],"Dras rážu/ráže rope corresponds to Turner’s explicit Dras raž under rajju, also supported by Palula rāž. The final-vowel alternation is preserved as the source’s paired inflectional attestations.",
f_vt7kf2ylx7th2,10582,reflex,1,accepted,CDIAL[10582],"Dras rážu/ráže rope corresponds to Turner’s explicit Dras raž under rajju, also supported by Palula rāž. The final-vowel alternation is preserved as the source’s paired inflectional attestations.",
f_7umnxxp3ab552,8330,reflex,1,accepted,CDIAL[8330],"The pūre all/full forms agree with Turner’s explicit Shina pūru complete, correct, all under pūra, also cited by Degener for púuro. The retained r distinguishes this family from pūrṇa, while final e reflects the attested inflection rather than an independent etymon. Schmidt Drasi pū̌ro is elicited for both countable and uncountable all, supporting the same complete/all adjective with a masculine o ending.",
f_lqabbzpwxyayg,6658,reflex,1,accepted,CDIAL[6658],"The bāi/bāe/bāy and Dras bvai twelve forms agree with Turner’s Shina bāi under dvādaśa, subsection 1. The b-initial contraction distinguishes this branch from duvādaśa; the extra glide in bvai remains an explicit dialect-transcription review point.",
f_y26d6kb4zryqo,6001,reflex,1,accepted,CDIAL[6001],"The c̣ōi/c̣õi thirteen forms agree with Turner’s Gilgit c̣õi, Palas ṭṛōī and Jijal c̣uäi under trayōdaśa, subsection 1. Their back vowel supports this branch rather than *trayēdaśa; Dras c̣õ is treated as a contracted variant, with the source affricate notation retained.",
f_hv3j46xs7nacs,4605,reflex,1,accepted,CDIAL[4605],"The co(n)dei and cahunde fourteen forms match Turner’s Shina čondai and Palas čahúndēī under caturdaśa, subsection 1. The varying nasal and diphthong spellings are preserved; the distinct Gurez c̣ōdī transcription is held for a closer check. Rajapurohit Dras cṓdãi adds a plain-affricate form with a nasalized diphthong, corresponding to the same čondai numeral while retaining the placement of nasalization.",
f_pu6felkgxu74k,13146,reflex,1,accepted,CDIAL[13146],"The sat(t)āi/satāẽ seventeen forms match Turner’s Gilgit satãi, Palas sattā̃i and Kolai satāi under saptadaśa. Single versus doubled t and nasalization vary in the source attestations without requiring separate parents.",
f_ik5twx2esowo6,946,reflex,1,accepted,CDIAL[946],The aṣṭāi/ãṣṭāẽ eighteen forms match Turner’s Gilgit ãṣṭáẽ and Kohistani aṣṭāi under aṣṭādaśa. Nasalization and diphthong notation vary across the selected records; the Gurez plain-s notation remains a transcription review point. Rajapurohit Dras ãṣṭẽĩ preserves the nasalized initial and retroflex cluster; its final nasalized eĩ is grouped with the explicitly cited Gilgiti ãṣṭáẽ series.,
f_gmef7jdijkejs,2499,reflex,1,accepted,CDIAL[2499],The kunī(h) and ukanī nineteen forms match Turner’s explicit Gilgit kunīh and Palas ukənīh under ekonaviṃśati. The k-bearing contraction and optional initial vowel distinguish this family from ūnaviṃśati and navadaśa.,
f_v6kxcm32xnd6i,13307,reflex,1,accepted,CDIAL[13307],The sās thousand forms agree with Turner’s explicit Shina sās/sā̃s under sahasra. The loan-shaped hazār/zir and the phrase dai śal are excluded because they need different analyses.,
f_2ype6cepywmmu,3451,reflex,1,accepted,CDIAL[3451],"Schmidt and Rajapurohit kíṇo black matches Turner’s Kohistani kiṇu under kṛṣṇa, subsection 1. Loss of the sibilant with retained retroflex nasal is explicitly represented by that Shina comparandum.",
f_k5xrjgsi4vzxw,7563,reflex,1,accepted,CDIAL[7563],"CDIAL 7563 nīla, adjective branch 1, explicitly lists Shina nīlu alongside Phalura nīlo green, blue. The Schmidt green and Rajapurohit blue attestations share this documented color adjective; the different elicited shades remain visible. This is not the indigo-substance branch 2. Rajapurohit uses nīli both for green (item 1354) and greens in the plant list (item 848). The i-ending is compared with the same colour adjective; a nominal greens use is a plausible source-based extension, but no separate botanical species is inferred.",
f_uagynxgmnbsqg,7563,reflex,1,accepted,CDIAL[7563],"CDIAL 7563 nīla, adjective branch 1, explicitly lists Shina nīlu alongside Phalura nīlo green, blue. The Schmidt green and Rajapurohit blue attestations share this documented color adjective; the different elicited shades remain visible. This is not the indigo-substance branch 2. Rajapurohit uses nīli both for green (item 1354) and greens in the plant list (item 848). The i-ending is compared with the same colour adjective; a nominal greens use is a plausible source-based extension, but no separate botanical species is inferred.",
f_xrhbhuaoqlbli,5679,reflex,1,accepted,CDIAL[5679],The tatto/tato hot attestations agree with Turner’s Kohistani tato and Guresi tattu under tapta. Single versus double t is preserved as a source variant; neither unrelated kuro nor the separately elicited chat response is merged.,
f_lndeqedswa62s,11168,reflex,1,accepted,CDIAL[11168],"The lōlo red attestation matches Turner’s Gilgit lōlyu/Lorimer loilo under *lohila. This preserves the liquid-bearing red family rather than assigning it to lohita solely by meaning; the simplified vowel/glide transcription remains a review point. Rajapurohit gives lōlo for both red (item 1358) and vermilion (item 1366), supporting a colour-based reading of the merged response. The entry does not establish a distinct word for the pigment substance, so that material sense is not independently asserted.",
f_ezspftlljqdek,11225,reflex,1,accepted,CDIAL[11225],"The bāṛo big attestations agree with Turner’s Shina boṛu/baṛu under vaḍra. The addendum instead analyzes the wider formation as extracted from MIA demonstrative size expressions, so the link identifies the documented family without claiming an undisputed inherited Sanskrit stem.",
f_6bir22ihqqsp4,2998,reflex,1,accepted,CDIAL[2998],"The simplex kāko brother and kāki sister forms match Turner’s explicit Shina elder-brother/elder-sister pair under *kākka. This is a provisional family link: the source proposes an earlier Dravidian origin, and kinship/nursery formations permit contact or expressive renewal; no modern immediate donor is established. HKAT Gilgit kakā older brother agrees in the precise senior-sibling sense; its final ā and short initial a are retained alongside the more usual kāko ending, without resolving possible nursery renewal.",
f_mtj2rgces6w3s,6273,reflex,1,accepted,CDIAL[6273],"The dōno bull attestations agree with Turner’s explicit Gilgit/Guresi dōnu under dānta tamed, tamed ox. The source’s bull versus castrated-bullock variation is preserved; the parent is distinct from danta tooth.",
f_e27lzuuru4okg,8201-6,reflex,1,accepted,CDIAL[8201],"The philīli/philīlo ant forms match Turner’s explicit Shina philīli under *pilīla, subsection 6, beside Palula pilīlu and Gawri pilil. The broader entry warns of taboo and contamination among ant names, so the proposal is limited to the specifically attested liquid-bearing branch.",
f_ui6a6vwyani4g,8201-6,reflex,1,accepted,CDIAL[8201],"The philīli/philīlo ant forms match Turner’s explicit Shina philīli under *pilīla, subsection 6, beside Palula pilīlu and Gawri pilil. The broader entry warns of taboo and contamination among ant names, so the proposal is limited to the specifically attested liquid-bearing branch.",
f_n6wwzvjxwlgg6,1351,reflex,1,accepted,CDIAL[1351],The āje/āźi/āže mother attestations match Turner’s Gilgit āže and Kohistani āje under āryikā. The several voiced-coronal spellings are preserved as source variants; the anomalous daje record and the separate mā series are not merged.,
f_zbinexnjqaaiy,10258,reflex,1,accepted,CDIAL[10258],"The Dras mūṣ/mūẓe rat pair is closest to Turner’s Kohistani/Guresi mūẓu under mūṣa, subsection 1. Its source pairing supports an inflectional alternation; the sibilant notation and absence of final u in the singular remain review points, while the separate mūṣika branch is reserved for i-stems. Schmidt Gilgiti mū̂ʣ̣u mouse/rat adds the matching masculine u-stem; its retroflex affricate is distinguished from Turner’s fricative notation.",
f_5tfgpyst54yme,10258,reflex,1,accepted,CDIAL[10258],"The Dras mūṣ/mūẓe rat pair is closest to Turner’s Kohistani/Guresi mūẓu under mūṣa, subsection 1. Its source pairing supports an inflectional alternation; the sibilant notation and absence of final u in the singular remain review points, while the separate mūṣika branch is reserved for i-stems. Schmidt Gilgiti mū̂ʣ̣u mouse/rat adds the matching masculine u-stem; its retroflex affricate is distinguished from Turner’s fricative notation.",
f_k4zy2ubmge2ag,5582,reflex,1,accepted,CDIAL[5582],"The ḍāki/ḍāke back attestations match Turner’s explicit Shina ḍāki under *ḍhākka back, waist. The final-vowel alternation is preserved as the source’s inflectional variation, and the piṭu family is kept separate.",
f_ajj5skjuhpcaq,5589-6,reflex,1,accepted,CDIAL[5589],"The ḍēr/ḍēre belly forms match Turner’s Gilgit ḍēr and Palas ḍērē specifically under *ḍhēra, subsection 6. This avoids the neighboring *ḍhēḍḍha branch with Jijal ḍeṛi; Dras plain-d notation remains a source review point and dārē is excluded.",
f_ea3knwjq3cnqi,5589-6,reflex,1,accepted,CDIAL[5589],"The ḍēr/ḍēre belly forms match Turner’s Gilgit ḍēr and Palas ḍērē specifically under *ḍhēra, subsection 6. This avoids the neighboring *ḍhēḍḍha branch with Jijal ḍeṛi; Dras plain-d notation remains a source review point and dārē is excluded.",
f_bmuv2ctbdkd2w,5589-6,reflex,1,accepted,CDIAL[5589],"The ḍēr/ḍēre belly forms match Turner’s Gilgit ḍēr and Palas ḍērē specifically under *ḍhēra, subsection 6. This avoids the neighboring *ḍhēḍḍha branch with Jijal ḍeṛi; Dras plain-d notation remains a source review point and dārē is excluded.",
f_apc4x6cvn7zc4,4701,reflex,1,accepted,CDIAL[4701],The com/come skin attestations match Turner’s explicit Shina čom under carman. HKAT c̣om is grouped with its original affricate notation preserved as a transcription review point; Gurez c̣hēmu and the skinning verbs are excluded.,
f_766uzyhomkxfs,4701,reflex,1,accepted,CDIAL[4701],The com/come skin attestations match Turner’s explicit Shina čom under carman. HKAT c̣om is grouped with its original affricate notation preserved as a transcription review point; Gurez c̣hēmu and the skinning verbs are excluded.,
f_iurjwkxjeoeea,10431,reflex,1,accepted,CDIAL[10431],"The yō barley attestations agree exactly with Turner’s Gilgit, Kohistani and Guresi yō under yava. The unusual Dras yéo transcription is left open pending a source check.",
f_el4g2rmqdrlnm,4287,reflex,1,accepted,CDIAL[4287],The Dras gūm/gum wheat forms match Turner’s Guresi gūm and Gilgit gūmi under godhūma. Contraction of the medial consonants is explicitly represented by the Shina comparanda.,
f_6bjjpqablobno,4287,reflex,1,accepted,CDIAL[4287],The Dras gūm/gum wheat forms match Turner’s Guresi gūm and Gilgit gūmi under godhūma. Contraction of the medial consonants is explicitly represented by the Shina comparanda.,
f_wa7tbs4la2kz6,13551,reflex,1,accepted,CDIAL[13551],"Dras sū/sue needle agrees with Turner’s Shina sū, sū̃ and sūw under sūcī, subsection 1. The plural ending does not require a separate derivation, and the nasal-stop *sūñcī branch is not used.",
f_qprxswqpj7bk2,13551,reflex,1,accepted,CDIAL[13551],"Dras sū/sue needle agrees with Turner’s Shina sū, sū̃ and sūw under sūcī, subsection 1. The plural ending does not require a separate derivation, and the nasal-stop *sūñcī branch is not used.",
f_ngaqfjom24en2,4190,reflex,1,accepted,CDIAL[4190],"Dras gūṇi/gūṇe thread matches Turner’s explicit Gilgit gūṇi under guṇa, subsection 1. The physical strand sense distinguishes it from the separate quality/merit sense in the same entry.",
f_zhaqjqpwrxqlu,4190,reflex,1,accepted,CDIAL[4190],"Dras gūṇi/gūṇe thread matches Turner’s explicit Gilgit gūṇi under guṇa, subsection 1. The physical strand sense distinguishes it from the separate quality/merit sense in the same entry.",
f_y3uyvvj7rnfcc,6333,reflex,1,accepted,CDIAL[6333],"Dras dēs day agrees with Turner’s Kohistani, Guresi and Palas dēs under divasa. The separately elicited chak day records are not merged by gloss.",
f_qdfjltvwklvko,6849,reflex,1,accepted,CDIAL[6849],"Dras duum smoke matches Turner’s Shina dum/dūm under dhūma, subsection 1. The longer elicitation yō dutm and the smoke-related verbs remain separate.",
f_jjclabq5466da,4161,reflex,1,accepted,CDIAL[4161],"The gīri stone attestation matches Turner’s explicit Shina giri rock under giri. The rock-to-stone semantic range is documented in the entry, with the survey’s vowel length preserved. Rajapurohit item 57 gi:ro rock adds the masculine o-form; item 58 repeats accented gí:ro and supplies plural gí:re. This gender/ending variation is kept distinct from Turner’s feminine giri while retaining the same rock sense. The independently compiled accented masculine singular from item 58 is included in the same source-supported rock paradigm. The item 58 masculine plural gí:re is grouped with its explicitly paired singular.",
f_eswuns6t53wkq,4161,reflex,1,accepted,CDIAL[4161],"The gīri stone attestation matches Turner’s explicit Shina giri rock under giri. The rock-to-stone semantic range is documented in the entry, with the survey’s vowel length preserved. Rajapurohit item 57 gi:ro rock adds the masculine o-form; item 58 repeats accented gí:ro and supplies plural gí:re. This gender/ending variation is kept distinct from Turner’s feminine giri while retaining the same rock sense. The independently compiled accented masculine singular from item 58 is included in the same source-supported rock paradigm. The item 58 masculine plural gí:re is grouped with its explicitly paired singular.",
f_rnzrq6o2dxnle,4161,reflex,1,accepted,CDIAL[4161],"The gīri stone attestation matches Turner’s explicit Shina giri rock under giri. The rock-to-stone semantic range is documented in the entry, with the survey’s vowel length preserved. Rajapurohit item 57 gi:ro rock adds the masculine o-form; item 58 repeats accented gí:ro and supplies plural gí:re. This gender/ending variation is kept distinct from Turner’s feminine giri while retaining the same rock sense. The independently compiled accented masculine singular from item 58 is included in the same source-supported rock paradigm. The item 58 masculine plural gí:re is grouped with its explicitly paired singular.",
f_r626uxy27oaso,10805,reflex,1,accepted,CDIAL[10805],"The rūp silver forms match Turner’s widespread Shina rūp/rup series under rūpya, subsection 1, retaining p unlike the *rūpiya branch. Turner also cites Lorimer rōp~rūp under raupya (10873), so that competing formation remains an explicit review caveat.",
f_flyzi6smlzrco,10299,reflex,1,accepted,CDIAL[10299],"Dras miṣṭo sweet matches the miṣṭa-type formation discussed within mṛṣṭa: Turner lists Shina miṣṭu good, in good health, beside Gawri miṣṭa sweet. The sweet/good semantic overlap is explicit in the entry, with no separate numbered miṣṭa subsection; this source extension remains provisional.",
f_sh4tlm6bkf542,f_zbmx64np3na7w,component,1,accepted,"rajapurohit2012;grierson-lsi1928[p. 152-153, form CHILASIOFDRAS-76_child-1, concept 76_child];degener-shina2008[p. 255, glossary entry 17]","The source responses segment as cuṇo/cuṇē plus bāl, literally small child. Link the ordered Shina adjective and child noun, preserving their inflectional and dialect forms rather than assigning the entire phrase directly to bāla.",1
f_sh4tlm6bkf542,f_wqu3ct7iexuru,component,1,accepted,"rajapurohit2012;grierson-lsi1928[p. 152-153, form CHILASIOFDRAS-76_child-1, concept 76_child];degener-shina2008[p. 255, glossary entry 17]","The source responses segment as cuṇo/cuṇē plus bāl, literally small child. Link the ordered Shina adjective and child noun, preserving their inflectional and dialect forms rather than assigning the entire phrase directly to bāla.",2
f_5kh7dkbksr5rk,f_r3u7jvmxk7o5o,component,1,accepted,"rajapurohit2012;liljegren-hindukush[form scl_p-Kinship-oldersister-1, concept Kinship-oldersister];degener-shina2008[p. 249, glossary entry 19];grierson-lsi1928[p. 144-145, form CHILASIOFDRAS-72_sister-2, concept 72_sister]","Baṛi is the feminine form of baṛo big and qualifies kāki sister in the older-sister expressions. The component analysis is transparent, but the underlying kāki family proposal remains difficult.",1
f_5kh7dkbksr5rk,f_uwbude3u3xbt4,component,1,accepted,"rajapurohit2012;liljegren-hindukush[form scl_p-Kinship-oldersister-1, concept Kinship-oldersister];degener-shina2008[p. 249, glossary entry 19];grierson-lsi1928[p. 144-145, form CHILASIOFDRAS-72_sister-2, concept 72_sister]","Baṛi is the feminine form of baṛo big and qualifies kāki sister in the older-sister expressions. The component analysis is transparent, but the underlying kāki family proposal remains difficult.",2
f_7d54go3vvv72u,f_zbmx64np3na7w,component,1,accepted,"rajapurohit2012;degener-shina2008[p. 255, glossary entry 17];grierson-lsi1928[p. 144-145, form CHILASIOFDRAS-72_sister-2, concept 72_sister]",Cuṇi is the feminine small adjective qualifying kāki sister in the younger-sister expression. Preserve the separate components and the uncertainty already recorded for the kāki family.,1
f_7d54go3vvv72u,f_uwbude3u3xbt4,component,1,accepted,"rajapurohit2012;degener-shina2008[p. 255, glossary entry 17];grierson-lsi1928[p. 144-145, form CHILASIOFDRAS-72_sister-2, concept 72_sister]",Cuṇi is the feminine small adjective qualifying kāki sister in the younger-sister expression. Preserve the separate components and the uncertainty already recorded for the kāki family.,2
f_7peydxz7c4cbk,f_r3u7jvmxk7o5o,component,1,accepted,"rajapurohit2012;degener-shina2008[p. 249, glossary entry 19];schmidt;rajapurohit2012",The older-sister expression combines feminine baṛi big with sas sister. Both lexical components have existing Shina records; their order and feminine agreement are preserved.,1
f_7peydxz7c4cbk,f_7ztdmygqtgeak,component,1,accepted,"rajapurohit2012;degener-shina2008[p. 249, glossary entry 19];schmidt;rajapurohit2012",The older-sister expression combines feminine baṛi big with sas sister. Both lexical components have existing Shina records; their order and feminine agreement are preserved.,2
f_6avivchykwj2g,f_zbmx64np3na7w,component,1,accepted,"rajapurohit2012;degener-shina2008[p. 255, glossary entry 17];schmidt;rajapurohit2012",The younger-sister expression combines feminine cuṇi small with sas sister. Its relation to the base sister term is represented with ordered components rather than a direct Sanskrit link.,1
f_6avivchykwj2g,f_7ztdmygqtgeak,component,1,accepted,"rajapurohit2012;degener-shina2008[p. 255, glossary entry 17];schmidt;rajapurohit2012",The younger-sister expression combines feminine cuṇi small with sas sister. Its relation to the base sister term is represented with ordered components rather than a direct Sanskrit link.,2
f_3kbavbmgerccc,f_zbmx64np3na7w,component,1,accepted,"rajapurohit2012;degener-shina2008[p. 255, glossary entry 17]","Cuṇi āže is literally small mother and is elicited as maternal aunt and mother’s younger sister. The adjective agrees with the mother noun, whose source-defined form is preserved.",1
f_3kbavbmgerccc,f_n6wwzvjxwlgg6,component,1,accepted,"rajapurohit2012;degener-shina2008[p. 255, glossary entry 17]","Cuṇi āže is literally small mother and is elicited as maternal aunt and mother’s younger sister. The adjective agrees with the mother noun, whose source-defined form is preserved.",2
f_atcrsplwc34yi,f_r3u7jvmxk7o5o,component,1,accepted,"rajapurohit2012;degener-shina2008[p. 249, glossary entry 19]",Baṛi āže is literally big mother and is elicited as mother’s elder sister. The adjective and the independently attested mother noun are linked in their surface order.,1
f_atcrsplwc34yi,f_n6wwzvjxwlgg6,component,1,accepted,"rajapurohit2012;degener-shina2008[p. 249, glossary entry 19]",Baṛi āže is literally big mother and is elicited as mother’s elder sister. The adjective and the independently attested mother noun are linked in their surface order.,2
f_jklpkeutlcmpo,f_6bir22ihqqsp4,component,1,accepted,rajapurohit2012,Kāko bāl nephew combines the brother term with child/son. The genitival or linking vowel is retained in the target form; the component analysis inherits the unresolved historical qualification of kāko.,1
f_jklpkeutlcmpo,f_wqu3ct7iexuru,component,1,accepted,rajapurohit2012,Kāko bāl nephew combines the brother term with child/son. The genitival or linking vowel is retained in the target form; the component analysis inherits the unresolved historical qualification of kāko.,2
f_xhxb2igwbnfcs,9467,reflex,1,accepted,CDIAL[9467],Dras barév and Palas bariō husband are closest to Turner’s Shina bareō under *bhāriyāpa. The comparative entry also discusses *bharitṛ and vara alternatives for neighboring forms; the glide variation and the Dras record’s combined brother-in-law/husband gloss remain review points.,
f_zfhguccwjvsxc,6261,reflex,1,accepted,CDIAL[6261],"The Dras dādo grandfather and dadi grandmother pair matches Turner’s explicit Shina pair under *dādda. This is an expressive kinship family also used for other senior relatives across languages, so the link does not establish an unambiguous deeper origin. The HKAT Palas, Gilgit and Indus Kohistan grandfather/grandmother attestations also match this family. Their separate paternal and maternal relationship glosses are preserved; final devoicing and vowel notation are retained. This is an expressive kinship family, not proof of a uniquely recoverable remote root.",
f_ec3bdym3o7xqy,6261,reflex,1,accepted,CDIAL[6261],"The Dras dādo grandfather and dadi grandmother pair matches Turner’s explicit Shina pair under *dādda. This is an expressive kinship family also used for other senior relatives across languages, so the link does not establish an unambiguous deeper origin. The HKAT Palas, Gilgit and Indus Kohistan grandfather/grandmother attestations also match this family. Their separate paternal and maternal relationship glosses are preserved; final devoicing and vowel notation are retained. This is an expressive kinship family, not proof of a uniquely recoverable remote root.",
f_k6byopruvhbxc,10055,reflex,1,accepted,CDIAL[10055],"The momo/mām maternal-uncle terms match Turner’s Shina māmu under māma, explicitly glossed mother’s brother in the comparative series. Turner identifies the family as a nursery word; the anomalous māmī male-relative record is not merged.",
f_v75m2xf4znxqm,13736,reflex,1,accepted,CDIAL[13736],"The cẽĩ/cei/c̣ey wife and woman forms match Turner’s Shina čei/čöi and Palas c̣ei under *straika/*straikī. The source affricate and nasalization spellings remain explicit review points; this is the extended family, not a direct assignment to strī.",
f_qhhdyil6deofs,f_6bir22ihqqsp4,component,1,accepted,rajapurohit2012,"The source’s kākei cei brother’s wife combines an inflected kāko with the wife noun. The grammatical relation is transparent, while the underlying kāko family remains a difficult proposal.",1
f_qhhdyil6deofs,f_v75m2xf4znxqm,component,1,accepted,rajapurohit2012,"The source’s kākei cei brother’s wife combines an inflected kāko with the wife noun. The grammatical relation is transparent, while the underlying kāko family remains a difficult proposal.",2
f_loyverjo2dvhy,f_ec3bdym3o7xqy,component,1,accepted,rajapurohit2012,The great-grandmother expression segments into dadi grandmother and āje mother. Both source-defined kin terms remain distinct components; their historical analyses are reviewed separately.,1
f_loyverjo2dvhy,f_n6wwzvjxwlgg6,component,1,accepted,rajapurohit2012,The great-grandmother expression segments into dadi grandmother and āje mother. Both source-defined kin terms remain distinct components; their historical analyses are reviewed separately.,2
f_5l2kt35r4ecbi,f_xhxb2igwbnfcs,component,1,accepted,rajapurohit2012;schmidt;rajapurohit2012,Baréi sas husband’s sister combines the inflected husband noun with sister. The genitive form is retained in the target rather than treated as a separate inherited stem.,1
f_5l2kt35r4ecbi,f_7ztdmygqtgeak,component,1,accepted,rajapurohit2012;schmidt;rajapurohit2012,Baréi sas husband’s sister combines the inflected husband noun with sister. The genitive form is retained in the target rather than treated as a separate inherited stem.,2
f_2wv7d4mtkypms,f_xhxb2igwbnfcs,component,1,accepted,rajapurohit2012;schmidt;rajapurohit2012,"The source’s husband’s-sister’s-husband expression contains the husband noun, an inflected sister noun, and husband again. Repeated parents occupy different ordered positions, preserving the full kinship chain.",1
f_2wv7d4mtkypms,f_7ztdmygqtgeak,component,1,accepted,rajapurohit2012;schmidt;rajapurohit2012,"The source’s husband’s-sister’s-husband expression contains the husband noun, an inflected sister noun, and husband again. Repeated parents occupy different ordered positions, preserving the full kinship chain.",2
f_2wv7d4mtkypms,f_xhxb2igwbnfcs,component,1,accepted,rajapurohit2012;schmidt;rajapurohit2012,"The source’s husband’s-sister’s-husband expression contains the husband noun, an inflected sister noun, and husband again. Repeated parents occupy different ordered positions, preserving the full kinship chain.",3
f_gj2vn26hlud44,f_xhxb2igwbnfcs,component,1,accepted,"rajapurohit2012;degener-shina2008[p. 314, glossary entry 21]","The husband’s-brother’s-wife expression combines barév, inflected ẓā, and cẽĩ in that order. The surface linking vowels are preserved in the target, with all three lexical components represented.",1
f_gj2vn26hlud44,f_nrl2tn6qb5wg4,component,1,accepted,"rajapurohit2012;degener-shina2008[p. 314, glossary entry 21]","The husband’s-brother’s-wife expression combines barév, inflected ẓā, and cẽĩ in that order. The surface linking vowels are preserved in the target, with all three lexical components represented.",2
f_gj2vn26hlud44,f_v75m2xf4znxqm,component,1,accepted,"rajapurohit2012;degener-shina2008[p. 314, glossary entry 21]","The husband’s-brother’s-wife expression combines barév, inflected ẓā, and cẽĩ in that order. The surface linking vowels are preserved in the target, with all three lexical components represented.",3
f_tscqvqghbf7vw,f_k6byopruvhbxc,component,1,accepted,rajapurohit2012,Momo bāl maternal uncle’s son combines the maternal-uncle noun with child/son. The component link preserves the source’s kinship reading without projecting the entire expression onto either historical parent.,1
f_tscqvqghbf7vw,f_wqu3ct7iexuru,component,1,accepted,rajapurohit2012,Momo bāl maternal uncle’s son combines the maternal-uncle noun with child/son. The component link preserves the source’s kinship reading without projecting the entire expression onto either historical parent.,2
f_sw5suvsbzezny,f_k6byopruvhbxc,component,1,accepted,rajapurohit2012,Momei cẽĩ maternal uncle’s wife combines the inflected maternal-uncle noun with wife. The independently elicited phapi alternative is not folded into this analysis.,1
f_sw5suvsbzezny,f_v75m2xf4znxqm,component,1,accepted,rajapurohit2012,Momei cẽĩ maternal uncle’s wife combines the inflected maternal-uncle noun with wife. The independently elicited phapi alternative is not folded into this analysis.,2
f_vnx4khxpvpfmc,f_v75m2xf4znxqm,component,1,accepted,rajapurohit2012;schmidt;rajapurohit2012,Cẽĩ sas wife’s sister consists of wife followed by sister. The broader sister-in-law gloss is retained as supplied by the source.,1
f_vnx4khxpvpfmc,f_7ztdmygqtgeak,component,1,accepted,rajapurohit2012;schmidt;rajapurohit2012,Cẽĩ sas wife’s sister consists of wife followed by sister. The broader sister-in-law gloss is retained as supplied by the source.,2
f_tu7afkwvhhcbk,f_v75m2xf4znxqm,component,1,accepted,rajapurohit2012;schmidt;rajapurohit2012,"The wife’s-sister’s-husband expression combines wife, inflected sister, and husband. All three components are kept in surface order.",1
f_tu7afkwvhhcbk,f_7ztdmygqtgeak,component,1,accepted,rajapurohit2012;schmidt;rajapurohit2012,"The wife’s-sister’s-husband expression combines wife, inflected sister, and husband. All three components are kept in surface order.",2
f_tu7afkwvhhcbk,f_xhxb2igwbnfcs,component,1,accepted,rajapurohit2012;schmidt;rajapurohit2012,"The wife’s-sister’s-husband expression combines wife, inflected sister, and husband. All three components are kept in surface order.",3
f_r2qyv55aha7xq,f_zbmx64np3na7w,component,1,accepted,"rajapurohit2012;degener-shina2008[p. 255, glossary entry 17]","Cuṇi āžo bāl maternal aunt’s son contains the small-mother expression followed by child/son. The maternal-aunt reading is independently attested for cuṇi āže, and the linking form āžo is preserved.",1
f_r2qyv55aha7xq,f_n6wwzvjxwlgg6,component,1,accepted,"rajapurohit2012;degener-shina2008[p. 255, glossary entry 17]","Cuṇi āžo bāl maternal aunt’s son contains the small-mother expression followed by child/son. The maternal-aunt reading is independently attested for cuṇi āže, and the linking form āžo is preserved.",2
f_r2qyv55aha7xq,f_wqu3ct7iexuru,component,1,accepted,"rajapurohit2012;degener-shina2008[p. 255, glossary entry 17]","Cuṇi āžo bāl maternal aunt’s son contains the small-mother expression followed by child/son. The maternal-aunt reading is independently attested for cuṇi āže, and the linking form āžo is preserved.",3
f_vr57jlhqjqrbg,9209-2,reflex,1,accepted,"CDIAL[9209];grierson-lsi1928[pp. 122–127, 132–137, Gilgiti and Dras father paradigms]","The bābo/babā/bubā father terms match Turner’s voiced nursery-word branch *bābba (CDIAL 9209, subsection 2). LSI Gilgit and Dras case/number forms retain bāb-, including Dras plural bābēlā and genitive bābēlai; source-defined inflection is preserved, while separate postpositional phrases and anomalous bybā remain excluded.",
f_faafle6drsa5y,9209-2,reflex,1,accepted,"CDIAL[9209];grierson-lsi1928[pp. 122–127, 132–137, Gilgiti and Dras father paradigms]","The bābo/babā/bubā father terms match Turner’s voiced nursery-word branch *bābba (CDIAL 9209, subsection 2). LSI Gilgit and Dras case/number forms retain bāb-, including Dras plural bābēlā and genitive bābēlai; source-defined inflection is preserved, while separate postpositional phrases and anomalous bybā remain excluded.",
f_tpjris7u3smek,f_r3u7jvmxk7o5o,component,1,accepted,"rajapurohit2012;degener-shina2008[p. 249, glossary entry 19]",The paternal elder-uncle expression combines big with father. The age qualifier and the father noun remain ordered Shina components; the bābo family’s nursery-word qualification is retained.,1
f_tpjris7u3smek,f_vr57jlhqjqrbg,component,1,accepted,"rajapurohit2012;degener-shina2008[p. 249, glossary entry 19]",The paternal elder-uncle expression combines big with father. The age qualifier and the father noun remain ordered Shina components; the bābo family’s nursery-word qualification is retained.,2
f_4wmmk6xdkhoos,f_zbmx64np3na7w,component,1,accepted,"rajapurohit2012;degener-shina2008[p. 255, glossary entry 17]","The paternal younger-uncle expression combines small with father. This parallels the source’s independently elicited big-father expression, with the age contrast expressed by the adjective.",1
f_4wmmk6xdkhoos,f_vr57jlhqjqrbg,component,1,accepted,"rajapurohit2012;degener-shina2008[p. 255, glossary entry 17]","The paternal younger-uncle expression combines small with father. This parallels the source’s independently elicited big-father expression, with the age contrast expressed by the adjective.",2
f_xbs47jyg53wlm,f_zfhguccwjvsxc,component,1,accepted,rajapurohit2012,The great-grandfather expression contains the separately attested dādo grandfather followed by bābo father. Their expressive kinship origins remain qualified in the base proposals.,1
f_xbs47jyg53wlm,f_vr57jlhqjqrbg,component,1,accepted,rajapurohit2012,The great-grandfather expression contains the separately attested dādo grandfather followed by bābo father. Their expressive kinship origins remain qualified in the base proposals.,2
f_whxfrhzuzry6s,f_n6wwzvjxwlgg6,component,1,accepted,rajapurohit2012,The parents response combines āje mother and bābo father. Both constituents are independently elicited in the same source and retain their source order.,1
f_whxfrhzuzry6s,f_vr57jlhqjqrbg,component,1,accepted,rajapurohit2012,The parents response combines āje mother and bābo father. Both constituents are independently elicited in the same source and retain their source order.,2
f_a7q7s3cjspuiq,f_6pu4qgxunras2,component,1,accepted,"rajapurohit2012;liljegren-hindukush[form scl_p-Kinship-mother-2, concept Kinship-mother];liljegren-hindukush[form scl_p-Kinship-father-2, concept Kinship-father]","The parents form mōmālo is provisionally segmented as mā plus mālo, matching Degener’s explicit mā̃-mālo mother and father. The contracted first vowel in the Dras transcription remains a source-review point.",1
f_a7q7s3cjspuiq,f_jmqy4azjrgq4u,component,1,accepted,"rajapurohit2012;liljegren-hindukush[form scl_p-Kinship-mother-2, concept Kinship-mother];liljegren-hindukush[form scl_p-Kinship-father-2, concept Kinship-father]","The parents form mōmālo is provisionally segmented as mā plus mālo, matching Degener’s explicit mā̃-mālo mother and father. The contracted first vowel in the Dras transcription remains a source-review point.",2
f_llqvvi63loy7q,f_r3u7jvmxk7o5o,component,1,accepted,"rajapurohit2012;degener-shina2008[p. 249, glossary entry 19]","The paternal elder-uncle’s-wife expression consists of big, an inflected father noun, and wife. The genitive ending is preserved in the target; all three lexical components are represented.",1
f_llqvvi63loy7q,f_vr57jlhqjqrbg,component,1,accepted,"rajapurohit2012;degener-shina2008[p. 249, glossary entry 19]","The paternal elder-uncle’s-wife expression consists of big, an inflected father noun, and wife. The genitive ending is preserved in the target; all three lexical components are represented.",2
f_llqvvi63loy7q,f_v75m2xf4znxqm,component,1,accepted,"rajapurohit2012;degener-shina2008[p. 249, glossary entry 19]","The paternal elder-uncle’s-wife expression consists of big, an inflected father noun, and wife. The genitive ending is preserved in the target; all three lexical components are represented.",3
f_ygr7yia4bfjtk,f_zbmx64np3na7w,component,1,accepted,"rajapurohit2012;degener-shina2008[p. 255, glossary entry 17]","The paternal younger-uncle’s-wife expression consists of small, an inflected father noun, and wife. It preserves the source’s parallel elder/younger kinship structure.",1
f_ygr7yia4bfjtk,f_vr57jlhqjqrbg,component,1,accepted,"rajapurohit2012;degener-shina2008[p. 255, glossary entry 17]","The paternal younger-uncle’s-wife expression consists of small, an inflected father noun, and wife. It preserves the source’s parallel elder/younger kinship structure.",2
f_ygr7yia4bfjtk,f_v75m2xf4znxqm,component,1,accepted,"rajapurohit2012;degener-shina2008[p. 255, glossary entry 17]","The paternal younger-uncle’s-wife expression consists of small, an inflected father noun, and wife. It preserves the source’s parallel elder/younger kinship structure.",3
f_2jli3yo7oa5hw,f_zbmx64np3na7w,component,1,accepted,"rajapurohit2012;degener-shina2008[p. 255, glossary entry 17]","The paternal-uncle’s-son expression combines small father with child/son. Its first two components independently form the source’s younger-paternal-uncle expression, and all three occur in the recorded order.",1
f_2jli3yo7oa5hw,f_vr57jlhqjqrbg,component,1,accepted,"rajapurohit2012;degener-shina2008[p. 255, glossary entry 17]","The paternal-uncle’s-son expression combines small father with child/son. Its first two components independently form the source’s younger-paternal-uncle expression, and all three occur in the recorded order.",2
f_2jli3yo7oa5hw,f_wqu3ct7iexuru,component,1,accepted,"rajapurohit2012;degener-shina2008[p. 255, glossary entry 17]","The paternal-uncle’s-son expression combines small father with child/son. Its first two components independently form the source’s younger-paternal-uncle expression, and all three occur in the recorded order.",3
f_oldgjpb5wsf2g,8416,reflex,1,accepted,CDIAL[8416],"CDIAL 8416 paútra explicitly records Shina pōc̣ṷ grandson; its full entry and addendum contain no separate Shina subsection or borrowing qualification. Degener independently gives póoc̣o Enkel with T. 8416. The Schmidt, Rajapurohit and HKAT forms preserve the same long-vowel and affricate stem. HKAT uses it for both son’s son and daughter’s son, an extension of the narrower Old Indo-Aryan relationship.",
f_jncu7d2dq53vy,8417,reflex,1,accepted,CDIAL[8417],"The Rajapurohit granddaughter form pā́ʦ̣i is compared with the explicitly cited Shina pōc̣i̯ under CDIAL 8417 pautrī and Degener póoc̣i. Its ā rather than ō remains unexplained by these entries; the feminine ending, affricate and kinship meaning support the family comparison, but this attestation needs vowel/transcription review.",
f_gkwxbq6bybozm,8693,reflex,1,accepted,CDIAL[8693],"CDIAL 8693 prapautra explicitly includes Lorimer’s Shina paōčo great-grandson and feminine paōči, while marking the affricate interpretation uncertain (= c̣?). Rajapurohit’s pahṓʦ̣o and pahṓʦ̣i have the matching great-grandchild semantics and gender contrast. The medial h is not explained by the cited entry and the affricate notation needs review, so the proposed family link remains difficult rather than a settled sound correspondence.",
f_35yrj6hoges7c,8693,reflex,1,accepted,CDIAL[8693],"CDIAL 8693 prapautra explicitly includes Lorimer’s Shina paōčo great-grandson and feminine paōči, while marking the affricate interpretation uncertain (= c̣?). Rajapurohit’s pahṓʦ̣o and pahṓʦ̣i have the matching great-grandchild semantics and gender contrast. The medial h is not explained by the cited entry and the affricate notation needs review, so the proposed family link remains difficult rather than a settled sound correspondence.",
f_doaxqirhoq4kw,12753,reflex,1,accepted,CDIAL[12753],"CDIAL 12753 śváśura explicitly gives Shina Gilgit šaiŭr, Gurezi šāir and Palesi šēr father-in-law. The long-vowel and diphthongal modern forms match this attested dialect range; HKAT’s final vowel is retained. The source includes both wife’s and husband’s father within the inherited meaning, and its borrowing comments concern other languages, not these Shina forms.",
f_xmzfqw2nys2ug,12759,reflex,1,accepted,CDIAL[12759],"CDIAL 12759 śvaśrū explicitly records Shina šăṣ mother-in-law. The modern śaṣ/śáṣ forms preserve the contrasting initial and final sibilants, and both wife’s mother and husband’s mother fall within the head’s meaning. Degener independently cites T. 12759 for šyaṣ Schwiegermutter. No separate subsection or Shina donor qualification intervenes.",
f_cx5fgnq4qzylc,5198-2,reflex,1,accepted,CDIAL[5198],"The relevant branch of CDIAL 5198 is subsection 2 *jāmātra-/°aka-, which explicitly lists Shina žămc̣ō and dialect variants including Gurezi žamac̣ōh. The outward arrow to Domaaki does not make Shina a borrowing. Rajapurohit and HKAT have compatible son-in-law forms with the medial affricate; Degener also cites T. 5198 for ǰamac̣oó. The variation in initial sibilant/affricate and medial vowel is preserved.",
f_3iig6hegcvhno,9089,reflex,1,accepted,CDIAL[9089],"CDIAL 9089 groups *phupphu-, *phupphī- and *phapphī- in one head and explicitly gives Shina phīpī/phīpi for father’s sister and mother’s brother’s wife. The modern phīpi and phapī series share this expressive kinship family. Rajapurohit’s final h, HKAT’s masculine-final phipō for uncle’s wife, and variable aspiration are retained as review points; the proposal does not pretend to select one uniquely recoverable proto-vowel from the grouped head. Rajapurohit also separately records phapī and phapyē for maternal uncle’s wife, the second relationship explicitly included in Turner’s Shina gloss; the latter ending is retained as an inflectional review point.",
f_bg7qlrtzqaw32,9089,reflex,1,accepted,CDIAL[9089],"CDIAL 9089 groups *phupphu-, *phupphī- and *phapphī- in one head and explicitly gives Shina phīpī/phīpi for father’s sister and mother’s brother’s wife. The modern phīpi and phapī series share this expressive kinship family. Rajapurohit’s final h, HKAT’s masculine-final phipō for uncle’s wife, and variable aspiration are retained as review points; the proposal does not pretend to select one uniquely recoverable proto-vowel from the grouped head. Rajapurohit also separately records phapī and phapyē for maternal uncle’s wife, the second relationship explicitly included in Turner’s Shina gloss; the latter ending is retained as an inflectional review point.",
f_evfsepjdpphca,9089,reflex,1,accepted,CDIAL[9089],"CDIAL 9089 groups *phupphu-, *phupphī- and *phapphī- in one head and explicitly gives Shina phīpī/phīpi for father’s sister and mother’s brother’s wife. The modern phīpi and phapī series share this expressive kinship family. Rajapurohit’s final h, HKAT’s masculine-final phipō for uncle’s wife, and variable aspiration are retained as review points; the proposal does not pretend to select one uniquely recoverable proto-vowel from the grouped head. Rajapurohit also separately records phapī and phapyē for maternal uncle’s wife, the second relationship explicitly included in Turner’s Shina gloss; the latter ending is retained as an inflectional review point.",
f_wyywju2o4glb4,f_3iig6hegcvhno,component,1,accepted,rajapurohit2012,"Rajapurohit’s paternal-aunt’s-husband expression contains inflected phapyó followed by barév husband, both independently elicited in the same vocabulary. The genitive form is preserved; its aunt base has the broader expressive family history documented under CDIAL 9089.",1
f_wyywju2o4glb4,f_xhxb2igwbnfcs,component,1,accepted,rajapurohit2012,"Rajapurohit’s paternal-aunt’s-husband expression contains inflected phapyó followed by barév husband, both independently elicited in the same vocabulary. The genitive form is preserved; its aunt base has the broader expressive family history documented under CDIAL 9089.",2
f_bubvev72c6fgu,f_3iig6hegcvhno,component,1,accepted,rajapurohit2012,"Rajapurohit’s paternal-aunt’s-son expression pairs inflected phapyó with bāl child/son. Both bases occur independently in the vocabulary, and their ordered composition directly accounts for this relationship gloss.",1
f_bubvev72c6fgu,f_wqu3ct7iexuru,component,1,accepted,rajapurohit2012,"Rajapurohit’s paternal-aunt’s-son expression pairs inflected phapyó with bāl child/son. Both bases occur independently in the vocabulary, and their ordered composition directly accounts for this relationship gloss.",2
f_xwfxvoqfwrf6i,13801,reflex,1,accepted,CDIAL[13801],"CDIAL 13801 snuṣā explicitly records Shina Gilgit nuṣ and Palesi nūṣ son’s wife. The Rajapurohit and HKAT long-vowel nūṣ forms agree directly with the cited Palesi form and its meaning. The phonetic irregularity discussed at the end of the entry concerns Pashai, not these Shina reflexes.",
f_mmyh6kvvdebie,12548,reflex,1,accepted,CDIAL[12548],"CDIAL 12548 śuṣka explicitly records Shina Gilgit šūku and dialect šukhu/šuku dry. Rajapurohit śúko matches the unaspirated dialect series and the adjective meaning. The full entry distinguishes later verbal and suffixed formations, none of which is needed for this simplex adjective.",
f_cynyvim7lzyfw,8283,reflex,1,accepted,CDIAL[8283],"CDIAL 8283 purāṇa explicitly gives Shina Gilgit purōnu, Gurezi prōṇu and Kohistani pōṇu old. Rajapurohit prṓno fits the contracted prōn- family, with dental rather than retroflex nasal in the transcription retained. The addendum does not impose a borrowing qualification on Shina.",
f_eui2mf7avpdt2,12774,reflex,1,accepted,CDIAL[12774],"CDIAL 12774 śveta explicitly cites Shina šeo, šyō and šīu white, as well as Jijal šɔ in silver. Rajapurohit śō is a contracted member of this documented white-adjective series; the absence of an overt glide is retained as a dialect review point. It is kept separate from the similarly shaped good adjective under śubha.",
f_5meopvkafgfec,10896-5,reflex,1,accepted,"CDIAL[10896, -kk- extension]","CDIAL 10896 laghu includes Shina lōku light, quick, active in its -kk- extension paragraph. Rajapurohit lóko light agrees with that explicitly cited Shina form. The extension has no separate numbered parent record; the proposal points to the head while preserving the relevant morphological paragraph. Same-page and numbered addenda do not alter this Shina comparison. CDIAL 10896 places this velar-extended form under the -kk- extension paragraph (*laghukk-, 10896-5), not the bare head; re-homed 2026-09-18.",
f_bwuyyly6xkti6,5145,reflex,1,accepted,CDIAL[5145],"CDIAL 5145 jára subsection 1 explicitly records Shina jaru old with feminine jeri; the distinct jaratha subsection is not needed. Degener independently cites T. 5145 for ǰáro alt. The Rajapurohit forms agree in the jar- stem and masculine ending, with the second record’s marked long ā retained as a transcription review point. Schmidt Drasi járu old (person) adds the explicitly attested u-ending and the human sense already represented by Turner’s Shina adjective.",
f_hhqfotc6f5ys6,5145,reflex,1,accepted,CDIAL[5145],"CDIAL 5145 jára subsection 1 explicitly records Shina jaru old with feminine jeri; the distinct jaratha subsection is not needed. Degener independently cites T. 5145 for ǰáro alt. The Rajapurohit forms agree in the jar- stem and masculine ending, with the second record’s marked long ā retained as a transcription review point. Schmidt Drasi járu old (person) adds the explicitly attested u-ending and the human sense already represented by Turner’s Shina adjective.",
f_pfvj7cwrxgepw,3895,reflex,1,accepted,CDIAL[3895],"CDIAL 3895 *khuṭṭa⁴ explicitly cites Shina khuṭo short. Degener independently confirms khúṭo kurz with T. 3895, matching Rajapurohit’s form and meaning. The full entry’s doubtful Romani correspondences and Iranian addendum do not identify Shina as a loan, but the remote root belongs to the uncertain defective-word family, so the comparison is kept qualified.",
f_7toemfqlxegco,10978,reflex,1,accepted,CDIAL[10978],"CDIAL 10978 lavaṇa explicitly lists Shina Kohistani luṇi, Gurezi lūṇi and Jijal lūṇi salt, matching the long-vowel feminine forms in Schmidt and Rajapurohit. The entry questions the remote history of lavaṇa itself, preferring a Middle Indo-Aryan formation related to cutting or a piece of rock salt; this uncertainty is preserved, while the immediate Shina family comparison is explicit.",
f_cehxqi24ozb3c,2445,reflex,1,accepted,CDIAL[2445],"Schmidt iś and Rajapurohit iṣ bear are provisionally compared with the Shina affricate forms explicitly listed under CDIAL 2445 ṛkṣa. Neighboring Torwali īṣ and Phalura ĩṣ demonstrate fricative outcomes in the wider family, but do not establish either a Shina sound change or an immediate donor. The discrepant fricative place and loss of affrication remain source and dialect checks, so these records are difficult.",
f_tikmp4jgpzmos,11142,reflex,1,accepted,CDIAL[11142],"CDIAL 11142 *lōpi subsection 1 explicitly gives Shina Gilgit lō̃i and Palesi lōi fox, matching these loi/lói attestations. The separate *rōpi subsection has Prasun evidence and is not selected. Turner relates the family to other fox terms and possible contamination with hair words; that deeper uncertainty is retained, while the Shina form and meaning comparison is direct.",
f_grokh5tw24e7q,11142,reflex,1,accepted,CDIAL[11142],"CDIAL 11142 *lōpi subsection 1 explicitly gives Shina Gilgit lō̃i and Palesi lōi fox, matching these loi/lói attestations. The separate *rōpi subsection has Prasun evidence and is not selected. Turner relates the family to other fox terms and possible contamination with hair words; that deeper uncertainty is retained, while the Shina form and meaning comparison is direct.",
f_2bxckeivx3vfe,5301-2,reflex,1,accepted,CDIAL[5301],"CDIAL 5301 subsection 2 *yōtsnā explicitly records Shina Gilgit yun and Kohistani/Gurezi yūn moon. These Rajapurohit and LSI forms agree with that branch, rather than the j-initial head subsection. The source marks the origin of the y-variant as possibly dissimilated from *dyōtsnā; that deeper reconstruction remains qualified. Degener independently gives yúun Mond with T. 5301.",
f_s2cgaiftm2bsu,10302,reflex,1,accepted,CDIAL[10302],"CDIAL 10302 megha explicitly records Dras Shina mē̃ rain. Rajapurohit mẽi matches this nasalized rain stem, with a final glide/vowel sequence retained for review. The noun is kept separate from the vocabulary’s rain verb and the longer rain-cloud expression.",
f_373cdo5ejqomk,549,reflex,1,accepted,CDIAL[549],"CDIAL 549 abhra subsection 1 explicitly cites Shina aẓu and Palesi ā̃ẓu cloud. The LSI aẓo and Rajapurohit aẓe forms share the cited consonant development and cloud meaning; the different final vowels remain visible. The abhrīya subsection contains other-language extended formations and is not selected. The Persian borrowing qualification applies to Pashai abr, not these Shina forms.",
f_fpvuc2kkjih4m,12675,reflex,1,accepted,CDIAL[12675],"CDIAL 12675 *śraṭṭa explicitly gives Shina ṣoṭu throat/neck and Palesi ṣōṭo neck, matching Rajapurohit ṣōṭo/ṣōṭe throat. The final-vowel contrast is preserved as inflectional evidence. The reconstructed head is part of a group of similar throat words referenced under kaṇṭha, so the proposal establishes the cited family without claiming a securely established deeper root.",
f_vt3ygeuafsvze,12675,reflex,1,accepted,CDIAL[12675],"CDIAL 12675 *śraṭṭa explicitly gives Shina ṣoṭu throat/neck and Palesi ṣōṭo neck, matching Rajapurohit ṣōṭo/ṣōṭe throat. The final-vowel contrast is preserved as inflectional evidence. The reconstructed head is part of a group of similar throat words referenced under kaṇṭha, so the proposal establishes the cited family without claiming a securely established deeper root.",
f_vbydq2byj277g,f_l3atba67hnpf2,component,1,accepted,"rajapurohit2012;degener-shina2008[p. 264, glossary entry 10];grierson-lsi1928[p. 248-249, form SHINAGILGITI-124_give-1, concept 124_give];degener-shina2008","Rajapurohit gai-dyono sing is analyzed as the songs noun plus the give light verb. Degener explicitly records gāae songs and gāae d- sing, providing independent evidence for precisely this construction. The target’s infinitive morphology remains attached to the verb, and the lexical components are represented in their recorded order.",1
f_vbydq2byj277g,f_2jb35dmp343ny,component,1,accepted,"rajapurohit2012;degener-shina2008[p. 264, glossary entry 10];grierson-lsi1928[p. 248-249, form SHINAGILGITI-124_give-1, concept 124_give];degener-shina2008","Rajapurohit gai-dyono sing is analyzed as the songs noun plus the give light verb. Degener explicitly records gāae songs and gāae d- sing, providing independent evidence for precisely this construction. The target’s infinitive morphology remains attached to the verb, and the lexical components are represented in their recorded order.",2
f_lti66pk75itnu,f_rujg3lnjc2ziq,component,1,accepted,"rajapurohit2012;degener-shina2008[p. 288, glossary entry 3];grierson-lsi1928[p. 248-249, form SHINAGILGITI-124_give-1, concept 124_give];degener-shina2008","Rajapurohit noṭe-dyono dance contains an inflected dance noun plus the give light verb. Degener explicitly records naṭ d- dance, independently supporting the construction. The target’s o versus the isolated naṭ vowel and its nominal ending remain review points; it is not conflated with the separate simplex noṭh- verb.",1
f_lti66pk75itnu,f_2jb35dmp343ny,component,1,accepted,"rajapurohit2012;degener-shina2008[p. 288, glossary entry 3];grierson-lsi1928[p. 248-249, form SHINAGILGITI-124_give-1, concept 124_give];degener-shina2008","Rajapurohit noṭe-dyono dance contains an inflected dance noun plus the give light verb. Degener explicitly records naṭ d- dance, independently supporting the construction. The target’s o versus the isolated naṭ vowel and its nominal ending remain review points; it is not conflated with the separate simplex noṭh- verb.",2
f_fr4mwtx277rue,6015,reflex,1,accepted,CDIAL[6015],"CDIAL 6015 triṃśat explicitly records Dras Shina c̣ī(h) thirty, directly matching Rajapurohit ʦ̣ī. This inherited decimal numeral is kept distinct from the twenty-plus-ten expressions in other Shina attestations.",
f_jqdttw377ab22,f_6nqsliaqwawao,component,1,accepted,"rajapurohit2012;liljegren-hindukush[form plk-Numerals-40-1, concept Numerals-40];liljegren-hindukush[form scl_i-Numerals-40-1, concept Numerals-40];liljegren-hindukush[form plk-28-1, concept 28];liljegren-hindukush[form plk-Numerals-20-1, concept Numerals-20]","The 40 forms dubyō/dibu/dibyu combine two with the twenty stem, matching the repeated base used in the corresponding 50 forms. Contraction and vowel differences in the first constituent are preserved as dialect review points.",1
f_jqdttw377ab22,f_vhwopfyhgego6,component,1,accepted,"rajapurohit2012;liljegren-hindukush[form plk-Numerals-40-1, concept Numerals-40];liljegren-hindukush[form scl_i-Numerals-40-1, concept Numerals-40];liljegren-hindukush[form plk-28-1, concept 28];liljegren-hindukush[form plk-Numerals-20-1, concept Numerals-20]","The 40 forms dubyō/dibu/dibyu combine two with the twenty stem, matching the repeated base used in the corresponding 50 forms. Contraction and vowel differences in the first constituent are preserved as dialect review points.",2
f_4rgrxu2tjvxlg,f_6nqsliaqwawao,component,1,accepted,"rajapurohit2012;liljegren-hindukush[form plk-Numerals-50-1, concept Numerals-50];liljegren-hindukush[form scl_i-Numerals-50-1, concept Numerals-50];grierson-lsi1928[p. 24-25, form SHINAGILGITI-12_fifty-1, concept 12_fifty];grierson-lsi1928[p. 24-25, form CHILASI-12_fifty-1, concept 12_fifty];grierson-lsi1928[p. 24-25, form CHILASIOFDRAS-12_fifty-1, concept 12_fifty];liljegren-hindukush[form plk-28-1, concept 28];liljegren-hindukush[form plk-Numerals-20-1, concept Numerals-20];grierson-lsi1928[p. 20-21, form CHILASI-10_ten-1, concept 10_ten]","The 50 expressions have the two-times-twenty base followed by a connective ga/gə/kā-type element and ten. All three lexical numeral constituents are represented in order; the connective and local contractions remain in the target. The arithmetic grouping is multiplication first, then addition, not a flat sum.",1
f_4rgrxu2tjvxlg,f_vhwopfyhgego6,component,1,accepted,"rajapurohit2012;liljegren-hindukush[form plk-Numerals-50-1, concept Numerals-50];liljegren-hindukush[form scl_i-Numerals-50-1, concept Numerals-50];grierson-lsi1928[p. 24-25, form SHINAGILGITI-12_fifty-1, concept 12_fifty];grierson-lsi1928[p. 24-25, form CHILASI-12_fifty-1, concept 12_fifty];grierson-lsi1928[p. 24-25, form CHILASIOFDRAS-12_fifty-1, concept 12_fifty];liljegren-hindukush[form plk-28-1, concept 28];liljegren-hindukush[form plk-Numerals-20-1, concept Numerals-20];grierson-lsi1928[p. 20-21, form CHILASI-10_ten-1, concept 10_ten]","The 50 expressions have the two-times-twenty base followed by a connective ga/gə/kā-type element and ten. All three lexical numeral constituents are represented in order; the connective and local contractions remain in the target. The arithmetic grouping is multiplication first, then addition, not a flat sum.",2
f_4rgrxu2tjvxlg,f_6rz7jcvuyiqms,component,1,accepted,"rajapurohit2012;liljegren-hindukush[form plk-Numerals-50-1, concept Numerals-50];liljegren-hindukush[form scl_i-Numerals-50-1, concept Numerals-50];grierson-lsi1928[p. 24-25, form SHINAGILGITI-12_fifty-1, concept 12_fifty];grierson-lsi1928[p. 24-25, form CHILASI-12_fifty-1, concept 12_fifty];grierson-lsi1928[p. 24-25, form CHILASIOFDRAS-12_fifty-1, concept 12_fifty];liljegren-hindukush[form plk-28-1, concept 28];liljegren-hindukush[form plk-Numerals-20-1, concept Numerals-20];grierson-lsi1928[p. 20-21, form CHILASI-10_ten-1, concept 10_ten]","The 50 expressions have the two-times-twenty base followed by a connective ga/gə/kā-type element and ten. All three lexical numeral constituents are represented in order; the connective and local contractions remain in the target. The arithmetic grouping is multiplication first, then addition, not a flat sum.",3
f_wfo74peoclr26,f_5vvlrgx47vat2,component,1,accepted,"rajapurohit2012;liljegren-hindukush[form plk-Numerals-60-1, concept Numerals-60];liljegren-hindukush[form scl_i-Numerals-60-1, concept Numerals-60];schmidt;liljegren-hindukush[form plk-Numerals-20-1, concept Numerals-20]",The 60 forms c̣ebyō/c̣obiyu/c̣ebu combine three with twenty. The three-stem vowel and degree of contraction vary across the attestations and are retained; the matching 70 forms independently repeat this base.,1
f_wfo74peoclr26,f_vhwopfyhgego6,component,1,accepted,"rajapurohit2012;liljegren-hindukush[form plk-Numerals-60-1, concept Numerals-60];liljegren-hindukush[form scl_i-Numerals-60-1, concept Numerals-60];schmidt;liljegren-hindukush[form plk-Numerals-20-1, concept Numerals-20]",The 60 forms c̣ebyō/c̣obiyu/c̣ebu combine three with twenty. The three-stem vowel and degree of contraction vary across the attestations and are retained; the matching 70 forms independently repeat this base.,2
f_wp3if6dd26wgg,f_5vvlrgx47vat2,component,1,accepted,"rajapurohit2012;liljegren-hindukush[form plk-Numerals-70-1, concept Numerals-70];liljegren-hindukush[form scl_i-Numerals-70-1, concept Numerals-70];schmidt;liljegren-hindukush[form plk-Numerals-20-1, concept Numerals-20];grierson-lsi1928[p. 20-21, form CHILASI-10_ten-1, concept 10_ten]","The 70 expressions repeat the independently elicited 60 base and add ten through the recorded connective. The ordered lexical components are three, twenty and ten, with the multiplication/addition grouping made explicit.",1
f_wp3if6dd26wgg,f_vhwopfyhgego6,component,1,accepted,"rajapurohit2012;liljegren-hindukush[form plk-Numerals-70-1, concept Numerals-70];liljegren-hindukush[form scl_i-Numerals-70-1, concept Numerals-70];schmidt;liljegren-hindukush[form plk-Numerals-20-1, concept Numerals-20];grierson-lsi1928[p. 20-21, form CHILASI-10_ten-1, concept 10_ten]","The 70 expressions repeat the independently elicited 60 base and add ten through the recorded connective. The ordered lexical components are three, twenty and ten, with the multiplication/addition grouping made explicit.",2
f_wp3if6dd26wgg,f_6rz7jcvuyiqms,component,1,accepted,"rajapurohit2012;liljegren-hindukush[form plk-Numerals-70-1, concept Numerals-70];liljegren-hindukush[form scl_i-Numerals-70-1, concept Numerals-70];schmidt;liljegren-hindukush[form plk-Numerals-20-1, concept Numerals-20];grierson-lsi1928[p. 20-21, form CHILASI-10_ten-1, concept 10_ten]","The 70 expressions repeat the independently elicited 60 base and add ten through the recorded connective. The ordered lexical components are three, twenty and ten, with the multiplication/addition grouping made explicit.",3
f_7e2o2jpui6wks,f_lxxosg5ya5ztw,component,1,accepted,"rajapurohit2012;liljegren-hindukush[form plk-Numerals-80-1, concept Numerals-80];liljegren-hindukush[form scl_i-Numerals-80-1, concept Numerals-80];grierson-lsi1928[p. 8-9, form CHILASI-4_four-1, concept 4_four];liljegren-hindukush[form plk-Numerals-20-1, concept Numerals-20]",The 80 forms carbyō/c̣arbiyu/c̣arbi combine four and twenty. The source’s initial affricate notation differs across dialects and from the selected four base; the forms are preserved. The same base reappears in the corresponding 90 expressions.,1
f_7e2o2jpui6wks,f_vhwopfyhgego6,component,1,accepted,"rajapurohit2012;liljegren-hindukush[form plk-Numerals-80-1, concept Numerals-80];liljegren-hindukush[form scl_i-Numerals-80-1, concept Numerals-80];grierson-lsi1928[p. 8-9, form CHILASI-4_four-1, concept 4_four];liljegren-hindukush[form plk-Numerals-20-1, concept Numerals-20]",The 80 forms carbyō/c̣arbiyu/c̣arbi combine four and twenty. The source’s initial affricate notation differs across dialects and from the selected four base; the forms are preserved. The same base reappears in the corresponding 90 expressions.,2
f_mqvywamfmvsp2,f_lxxosg5ya5ztw,component,1,accepted,"rajapurohit2012;liljegren-hindukush[form plk-Numerals-90-1, concept Numerals-90];liljegren-hindukush[form scl_i-Numerals-90-1, concept Numerals-90];grierson-lsi1928[p. 8-9, form CHILASI-4_four-1, concept 4_four];liljegren-hindukush[form plk-Numerals-20-1, concept Numerals-20];grierson-lsi1928[p. 20-21, form CHILASI-10_ten-1, concept 10_ten]",The 90 expressions contain the independently elicited four-times-twenty base followed by the connective and ten. The proposal preserves these ordered lexical components and explicitly groups the arithmetic as eighty plus ten.,1
f_mqvywamfmvsp2,f_vhwopfyhgego6,component,1,accepted,"rajapurohit2012;liljegren-hindukush[form plk-Numerals-90-1, concept Numerals-90];liljegren-hindukush[form scl_i-Numerals-90-1, concept Numerals-90];grierson-lsi1928[p. 8-9, form CHILASI-4_four-1, concept 4_four];liljegren-hindukush[form plk-Numerals-20-1, concept Numerals-20];grierson-lsi1928[p. 20-21, form CHILASI-10_ten-1, concept 10_ten]",The 90 expressions contain the independently elicited four-times-twenty base followed by the connective and ten. The proposal preserves these ordered lexical components and explicitly groups the arithmetic as eighty plus ten.,2
f_mqvywamfmvsp2,f_6rz7jcvuyiqms,component,1,accepted,"rajapurohit2012;liljegren-hindukush[form plk-Numerals-90-1, concept Numerals-90];liljegren-hindukush[form scl_i-Numerals-90-1, concept Numerals-90];grierson-lsi1928[p. 8-9, form CHILASI-4_four-1, concept 4_four];liljegren-hindukush[form plk-Numerals-20-1, concept Numerals-20];grierson-lsi1928[p. 20-21, form CHILASI-10_ten-1, concept 10_ten]",The 90 expressions contain the independently elicited four-times-twenty base followed by the connective and ten. The proposal preserves these ordered lexical components and explicitly groups the arithmetic as eighty plus ten.,3
f_r2c3aqtelxloq,f_mwofwwzjyqtsi,borrowed,1,accepted,CDIAL[2485];backstrom1992,"CDIAL 2485 explicitly marks Shina ăkāi as borrowed from Domaaki εkāi. The existing Backstrom Domaaki ekāī record supplies the immediate donor, as already used in the earlier Gilgit pending proposal 68. The remaining Shina akāe/ekāy/akāy forms are therefore proposed through that donor rather than directly from ekādaśa. Differences in initial vowel and final glide notation remain source-review points; the Domaaki label is not Dameli.",
f_wymng5psl77f2,12717,reflex,1,accepted,CDIAL[12717],"Degener explicitly assigns ṣéewo blind to CDIAL 12717, whose first branch lists Shina ṣevo beside Phalura ṣīṛu and Kalasha ṣēṛä. The ṣev/ṣeo/śeu set, including the shorter Dras ṣē, is provisionally grouped there with source spellings retained. Turner discusses competing *śīrta/*śriḍa and expressive rhyme-family histories, so *śrēḍa is a dictionary-family placement, not an established unique reconstruction or a claim that every loss of v/w has been independently demonstrated.",
f_r3ixsmxhzsp2o,12717,reflex,1,accepted,CDIAL[12717],"Degener explicitly assigns ṣéewo blind to CDIAL 12717, whose first branch lists Shina ṣevo beside Phalura ṣīṛu and Kalasha ṣēṛä. The ṣev/ṣeo/śeu set, including the shorter Dras ṣē, is provisionally grouped there with source spellings retained. Turner discusses competing *śīrta/*śriḍa and expressive rhyme-family histories, so *śrēḍa is a dictionary-family placement, not an established unique reconstruction or a claim that every loss of v/w has been independently demonstrated.",
f_gjnpvmnupfzvw,12717,reflex,1,accepted,CDIAL[12717],"Degener explicitly assigns ṣéewo blind to CDIAL 12717, whose first branch lists Shina ṣevo beside Phalura ṣīṛu and Kalasha ṣēṛä. The ṣev/ṣeo/śeu set, including the shorter Dras ṣē, is provisionally grouped there with source spellings retained. Turner discusses competing *śīrta/*śriḍa and expressive rhyme-family histories, so *śrēḍa is a dictionary-family placement, not an established unique reconstruction or a claim that every loss of v/w has been independently demonstrated.",
f_enc4zc6w3cxfs,12717,reflex,1,accepted,CDIAL[12717],"Degener explicitly assigns ṣéewo blind to CDIAL 12717, whose first branch lists Shina ṣevo beside Phalura ṣīṛu and Kalasha ṣēṛä. The ṣev/ṣeo/śeu set, including the shorter Dras ṣē, is provisionally grouped there with source spellings retained. Turner discusses competing *śīrta/*śriḍa and expressive rhyme-family histories, so *śrēḍa is a dictionary-family placement, not an established unique reconstruction or a claim that every loss of v/w has been independently demonstrated.",
f_7kfpph32gnbso,11625,reflex,1,accepted,CDIAL[11625],"CDIAL 11625 vikāla explicitly records Shina Gilgit bălā, Kohistani/Guresi byāle and Palesi byēlä in the evening/yesterday family, also comparing Bashkarik žāl yesterday and Kumaoni byāle yesterday. Rajapurohit’s Dras byalā yesterday fits that attested semantic development; it is not assigned to the different modern śām evening loan family.",
f_igefpxt23ymku,2144,reflex,1,accepted,CDIAL[2144],"CDIAL 2144 *upakāla summer explicitly lists Gilgit uvālu, Palesi wāalo, Jijel ɔvālu and Kohistani/Guresi vālu. The four vālo/vālu summer attestations match that documented Shina family, also cited by Degener for uwālo. Turner leaves open the older seasonal sense of kāla in the compound, so the reconstruction is used at the attested summer-family level without settling that semantic prehistory.",
f_wphaaanlrsu5q,12329,reflex,1,accepted,CDIAL[12329],"CDIAL 12329 śarad, subsection 1, explicitly gives Shina Gilgit šaro, Kohistani šareo, Palesi šereo and Jijel šarv autumn, alongside the Prakrit sarada/saraya family. Schmidt śarō and Rajapurohit śare match this attested Shina set; the doubled-d reconstruction *śaradda in subsection 2 is not the branch containing Shina.",
f_bmx6wtasybaig,10792,reflex,1,accepted,CDIAL[10792],"CDIAL 10792 *ruṣṭa shining lists Shina luṣṭīku matutinal and luṣṭaiki morning, also explicitly recording tomorrow in its source reference. Rajapurohit lōṣṭe tomorrow and Schmidt lōṣṭ morning are provisionally grouped in this l-ṣṭ family, preserving the vowel and ending differences; they remain separate from simplex lō dawn under 11120.",
f_oqwxnnctxsc3c,7948,reflex,1,accepted,CDIAL[7948],"CDIAL 7948 párśu, subsection 1, explicitly gives Shina prāši rib beside Phalura prāšu and Jijel páči. Rajapurohit’s Dras práśu/práśe pair preserves the diagnostic pr- order and rib meaning; its final-vowel variation is kept in the attestations. This belongs to the first branch rather than pārśukā in subsection 2.",
f_xk4jhmy36bhys,7948,reflex,1,accepted,CDIAL[7948],"CDIAL 7948 párśu, subsection 1, explicitly gives Shina prāši rib beside Phalura prāšu and Jijel páči. Rajapurohit’s Dras práśu/práśe pair preserves the diagnostic pr- order and rib meaning; its final-vowel variation is kept in the attestations. This belongs to the first branch rather than pārśukā in subsection 2.",
f_ihmfxguccfyg4,10221,reflex,1,accepted,CDIAL[10221],CDIAL 10221 muṣṭi fist explicitly records Shina muṣṭi and Kohistani/Guresi muṣṭak alongside the simplified Gilgit muṭ(h) forms. Dras múṣṭo preserves the ṣṭ cluster of the former set and has the same fist sense. Its final -o remains a source/morphological review point; the proposal does not assume the loss of ṣ characteristic of the separate muṭ(h) attestations.,
f_4mac5775upetu,5860,reflex,1,accepted,CDIAL[5860],"CDIAL 5860, subsection 3 tuṇḍi, explicitly lists Shina Gilgit tuṇ navel. Rajapurohit’s Dras tuṇ matches that dental-t, retroflex-nasal form; it is not the Palesi aspirated-retroflex ṭhoṇe branch 7 or Jijel ṭuṅ branch 15. The wider family’s uncertain substrate connections do not alter this specific attested Shina correspondence. The compiled graph has only shared head 5860, so the exact scholarly selection is subsection 3 tuṇḍi, explicitly recorded here rather than represented by a nonexistent subsection node.",
f_r4szzmv5pqwpa,3635,reflex,1,accepted,CDIAL[3635],"CDIAL 3635 kvathati explicitly gives Shina kayoiki as a transitive boiling verb, and Degener independently assigns transitive kai- cook to the same entry. Rajapurohit kayōno boil matches that stem with the Dras infinitive ending. The separate causative entry kvāthayati 3640 and the longer kairyōno elicitation are not substituted merely because their English gloss also says boil.",
f_2dky7y5tovdls,f_icrp52ucre4go,component,1,accepted,"rajapurohit2012;degener-shina2008[p. 268, glossary entry 14];degener-shina2008[p. 298, glossary entry 3]","Rajapurohit halížōrõŋ yellow is analysed as the color phrase halíẓo yellow plus roŋ color, both independently attested in Degener. Preserve the joined source spelling and nasal notation; the ordered component links point to the existing Shina words, with the yellow component’s earlier history under CDIAL 13990 remaining on that component rather than replacing the whole phrase.",1
f_2dky7y5tovdls,f_54r27jt6qbfri,component,1,accepted,"rajapurohit2012;degener-shina2008[p. 268, glossary entry 14];degener-shina2008[p. 298, glossary entry 3]","Rajapurohit halížōrõŋ yellow is analysed as the color phrase halíẓo yellow plus roŋ color, both independently attested in Degener. Preserve the joined source spelling and nasal notation; the ordered component links point to the existing Shina words, with the yellow component’s earlier history under CDIAL 13990 remaining on that component rather than replacing the whole phrase.",2
f_4cybmqvuuujw2,5655,reflex,1,accepted,CDIAL[5655],"CDIAL 5655 tanula explicitly records Shina taluṇu thin and Lorimer tanulo thin of cloth. Rajapurohit talūno thin matches this specifically documented metathesized Shina family. Turner rejects taruṇa as improbable, so the proposal follows tanula rather than deriving the adjective from the young/tender word on superficial resemblance.",
f_k44o3hctisaea,5839,reflex,1,accepted,CDIAL[5839],"CDIAL 5839 tīkṣṇa, first branch, explicitly records Shina tīṇu sharp, bright, clever beside Phalura tēṇu with feminine tēṇi. Rajapurohit tīṇi sharp matches that stem and its feminine-shaped ending. The r-bearing *trīkṣṇa branch 2 is not selected, and the separate Schmidt ṭīno spelling is excluded pending verification of its initial retroflexion.",
f_um57nua4v4pcg,48,reflex,1,accepted,CDIAL[48],"CDIAL 48 akṣōṭa explicitly lists Shina ac̣hō walnut and distinguishes ac̣hoi the walnut tree, beside Phalura ac̣hōṛ. The four ac̣hō/ac̣hē nut attestations fit this Shina family, with final-vowel variation retained. Turner’s addendum proposes Iranian origin for the older akṣōṭa etymon, not a direct Iranian loan into each modern Shina attestation; the proposed Shina relation remains reflex.",
f_2sp6bma47jd72,48,reflex,1,accepted,CDIAL[48],"CDIAL 48 akṣōṭa explicitly lists Shina ac̣hō walnut and distinguishes ac̣hoi the walnut tree, beside Phalura ac̣hōṛ. The four ac̣hō/ac̣hē nut attestations fit this Shina family, with final-vowel variation retained. Turner’s addendum proposes Iranian origin for the older akṣōṭa etymon, not a direct Iranian loan into each modern Shina attestation; the proposed Shina relation remains reflex.",
f_ef4kwqgmkm4zm,3138,reflex,1,accepted,CDIAL[3138],"CDIAL 3138 kāsā/kāsa cough explicitly lists Guresi khūzi beside Gilgit and Kohistani khū, under the forms with expressive kh-. Rajapurohit khūzi/khūzye matches that noun family, with the source’s final-vowel variants retained. This does not require treating kh- as a regular inherited sound change, and the separately recorded coughing verbs are excluded from this nominal proposal.",
f_p333bxyu5eeiq,3138,reflex,1,accepted,CDIAL[3138],"CDIAL 3138 kāsā/kāsa cough explicitly lists Guresi khūzi beside Gilgit and Kohistani khū, under the forms with expressive kh-. Rajapurohit khūzi/khūzye matches that noun family, with the source’s final-vowel variants retained. This does not require treating kh- as a regular inherited sound change, and the separately recorded coughing verbs are excluded from this nominal proposal.",
f_gj4b62d62kwjw,11009-3,reflex,1,accepted,CDIAL[11009],"CDIAL 11009, subsection 3 *lāṅguṭṭa, explicitly lists Kohistani lamuṭo and Guresi lamōṭu tail as forms influenced by lamba. Rajapurohit lamuṭe tail matches that m-bearing Shina family. The proposal preserves the stated contamination and selects the third branch, rather than treating the m as a regular development from the headword lāṅgūla.",
f_apuiig7xv7mqu,f_3jql5qk7oi5ha,borrowed,1,accepted,"schmidt[pp. 244–246, Example 5];yoshioka2012[p. 525 (printed p. 199)]","Schmidt and Kaul (2008), Example 5, explicitly classify the Gilgiti, Kohistani and Drasi fish nouns as Burushaski loans. Use the existing Eastern Burushaski cʰúmo donor. The selected records retain Gilgiti u, Drasi i and Kohistani b, plus the documented Drasi plural -e; their divergence is not regularized. Other dialects remain open.",
f_2fpesg7axljfo,f_3jql5qk7oi5ha,borrowed,1,accepted,"schmidt[pp. 244–246, Example 5];yoshioka2012[p. 525 (printed p. 199)]","Schmidt and Kaul (2008), Example 5, explicitly classify the Gilgiti, Kohistani and Drasi fish nouns as Burushaski loans. Use the existing Eastern Burushaski cʰúmo donor. The selected records retain Gilgiti u, Drasi i and Kohistani b, plus the documented Drasi plural -e; their divergence is not regularized. Other dialects remain open.",
f_l4jvwxp5dcmby,f_3jql5qk7oi5ha,borrowed,1,accepted,"schmidt[pp. 244–246, Example 5];yoshioka2012[p. 525 (printed p. 199)]","Schmidt and Kaul (2008), Example 5, explicitly classify the Gilgiti, Kohistani and Drasi fish nouns as Burushaski loans. Use the existing Eastern Burushaski cʰúmo donor. The selected records retain Gilgiti u, Drasi i and Kohistani b, plus the documented Drasi plural -e; their divergence is not regularized. Other dialects remain open.",
f_s6k43ikowzeyq,f_s4zhztfev4mhu,borrowed,1,accepted,"schmidt[pp. 245–246, Example 5];CDIAL[13776]","Schmidt and Kaul explicitly identify Kashmiri loans for egg in Guresi, Astori and Drasi. The existing Kashmiri ṭʰūl egg entry in CDIAL 13776 supplies the immediate donor. Drasi -i and plural -eh are retained as recipient morphology; no direct Shina reflex of sthūla is asserted.",
f_hkhfsiica2smk,f_s4zhztfev4mhu,borrowed,1,accepted,"schmidt[pp. 245–246, Example 5];CDIAL[13776]","Schmidt and Kaul explicitly identify Kashmiri loans for egg in Guresi, Astori and Drasi. The existing Kashmiri ṭʰūl egg entry in CDIAL 13776 supplies the immediate donor. Drasi -i and plural -eh are retained as recipient morphology; no direct Shina reflex of sthūla is asserted.",
f_e4b3oy6gqv556,3329,reflex,1,accepted,CDIAL[3329],"CDIAL 3329 branch 1 groups the Shina puppy noun khukúr with kukkura/kurkura and explicitly explains kh- as expressive aspiration. Rajapurohit’s Drasi singular khukúr and plural khukúri match this puppy formation; retain the plural -i. The dictionary treats the broader family as onomatopoeic, so this is not evidence for a regular inherited k-to-kh sound law. The existing shared head 3329 is used, selecting branch 1 rather than the distinct *kuṅkara alternative.",
f_523uknitwegxc,3329,reflex,1,accepted,CDIAL[3329],"CDIAL 3329 branch 1 groups the Shina puppy noun khukúr with kukkura/kurkura and explicitly explains kh- as expressive aspiration. Rajapurohit’s Drasi singular khukúr and plural khukúri match this puppy formation; retain the plural -i. The dictionary treats the broader family as onomatopoeic, so this is not evidence for a regular inherited k-to-kh sound law. The existing shared head 3329 is used, selecting branch 1 rather than the distinct *kuṅkara alternative.",
f_2oxao6isynmmi,2689,reflex,1,accepted,CDIAL[2689];CDIAL[14350],"CDIAL 2689 explicitly cites Guresi kaṇyōnu to scratch. Rajapurohit’s Drasi kaṇyṓno has matching root, retroflex nasal, infinitival yōn- and scratch/itch meaning. It belongs with kaṇḍūyati; unlike the separate Gilgiti khaṇ- series, this target has no initial aspiration needing the kharju/khasa contamination proposed in the entry. The main addendum and numbered addendum 14350 were checked; neither changes this Shina comparison.",
f_zueja7bqyxbkq,9746-2,reflex,1,accepted,CDIAL[9746],"CDIAL 9746 places Shina maṇūku frog specifically under branch 2 *maṇḍukka, not directly under branch 1 maṇḍūka. The Guresi, Astori and Drasi maṇōk forms retain the characteristic maṇ- and final k, with o in place of the cited u; nasalization and plural -e are preserved. Turner cautions that this family has taboo and onomatopoeic alterations. The Kohistani form in final q remains outside this group pending a transcription or phonological explanation.",
f_ljcl7mgdxjutq,10452,reflex,1,accepted,CDIAL[10452],"CDIAL 10452 and Degener tentatively connect the Shina yās/yaz-/yaž- walking series with future yāsyati via *yāssa/*yāsa; the additional Schmidt and Rajapurohit infinitives support that lexical family while retaining their sibilant, vowel and ending differences. Rajapurohit repeats the verb for flow/travel/walk and separately marks the causative yažaryōno, so flow is treated as an extended motion sense; neither these attestations nor the source paradigms remove the uncertainty of the proposed future-stem origin.",
f_m25i656ur4wua,13604,reflex,1,accepted,CDIAL[13604],"CDIAL 13604 directly attests Gilgiti sō̃c̣i female and Kohistani/Guresi sōc̣, plural sōc̣i, under *sōtrī bearing young. Rajapurohit’s Drasi sō̃c̣i agrees closely with the nasalized Shina citation in form and meaning. The relation is to the reconstructed female adjective, not to the unrelated following sōdaka entry.",
f_r6zcwdizjg3ty,2563,reflex,1,accepted,CDIAL[2563],"CDIAL 2563 directly cites Shina ō̃ṭu upper lip and ō̃ṭi lower lip under ōṣṭha. Rajapurohit’s Drasi ōṭo, plural ōṭe, agrees in the characteristic vowel and unaspirated retroflex stop but does not mark nasalization. The generic lips gloss is retained rather than importing the upper/lower distinction from the older citation.",
f_k4j2fvlhhbqyk,2563,reflex,1,accepted,CDIAL[2563],"CDIAL 2563 directly cites Shina ō̃ṭu upper lip and ō̃ṭi lower lip under ōṣṭha. Rajapurohit’s Drasi ōṭo, plural ōṭe, agrees in the characteristic vowel and unaspirated retroflex stop but does not mark nasalization. The generic lips gloss is retained rather than importing the upper/lower distinction from the older citation.",
f_5z5h4wjuk4iye,6250,reflex,1,accepted,CDIAL[6250],"CDIAL 6250 explicitly places Shina dā̃i/dái beard in the dāṭhikā/dāḍhiā derivative series within its *dāṁṣṭra entry. The target dāe/dái beard forms are compared with that Shina series; their vowel notation is preserved. The shared head is used because the derivative has no separate compiled entry. The addendum records Burrow’s alternative *dāṣṭra analysis, so the deeper reconstruction is not treated as settled.",
f_ssgmulil4l2ji,13839,reflex,1,accepted,CDIAL[13839],"CDIAL 13839 branch 1 explicitly gives Shina phižu/phīju shoulder and tentatively reconstructs *sphiyya for the medial consonant. Rajapurohit’s Drasi phijo/phije and phižo align with those voiced Shina variants, with the plural -e preserved. The proposed parent is the scapula sense of *sphiya; the separate wooden-implement sense and the -l- extended Shina forms are not conflated. The exact medial development remains qualified as in Turner.",
f_qxi5vvixecsmk,13839,reflex,1,accepted,CDIAL[13839],"CDIAL 13839 branch 1 explicitly gives Shina phižu/phīju shoulder and tentatively reconstructs *sphiyya for the medial consonant. Rajapurohit’s Drasi phijo/phije and phižo align with those voiced Shina variants, with the plural -e preserved. The proposed parent is the scapula sense of *sphiya; the separate wooden-implement sense and the -l- extended Shina forms are not conflated. The exact medial development remains qualified as in Turner.",
f_x4ee75d2xedxy,13839,reflex,1,accepted,CDIAL[13839],"CDIAL 13839 branch 1 explicitly gives Shina phižu/phīju shoulder and tentatively reconstructs *sphiyya for the medial consonant. Rajapurohit’s Drasi phijo/phije and phižo align with those voiced Shina variants, with the plural -e preserved. The proposed parent is the scapula sense of *sphiya; the separate wooden-implement sense and the -l- extended Shina forms are not conflated. The exact medial development remains qualified as in Turner.",
f_cgustpjlaotqe,242,reflex,1,accepted,CDIAL[242],"CDIAL 242 directly gives Shina aš today under adya. Schmidt’s Drasi aś matches it; Rajapurohit’s ʔaś retains an explicitly transcribed glottal onset. The source’s possible earlier *ač is a historical qualification, not a reason to replace the attested modern sibilant.",
f_tzmg7i7tw2jvo,5355,reflex,1,accepted,CDIAL[5355],"CDIAL 5355 explicitly attests Shina jēl forest under *jhalla bush. Both Drasi records match that long-vowel noun and its meaning. The comparison is specific to jēl, not the separate jaŋgal forest loan.",
f_5up3qdpujils4,2349,reflex,1,accepted,CDIAL[2349],"CDIAL 2349 directly gives Shina uraṇ lamb under uraṇa. Drasi urán and orōṇ, plural orōṇe, are compared with this noun. The transcription difference n/ṇ and u/o vocalism are retained and require dialect-sensitive review; the distinct urīṇ wild-sheep form in the entry is not substituted for the lamb citation.",
f_ki5krulsalkde,2349,reflex,1,accepted,CDIAL[2349],"CDIAL 2349 directly gives Shina uraṇ lamb under uraṇa. Drasi urán and orōṇ, plural orōṇe, are compared with this noun. The transcription difference n/ṇ and u/o vocalism are retained and require dialect-sensitive review; the distinct urīṇ wild-sheep form in the entry is not substituted for the lamb citation.",
f_5rxa6w3q7sw2g,4931,reflex,1,accepted,CDIAL[4931],"CDIAL 4931 branch 1 directly attests Guresi and Kohistani Shina cōr thief under cōra. Rajapurohit’s Drasi cōr has the same form and meaning. The thief sense is selected, not the adjacent homonymous plant entry or the separate feminine cōrī branch.",
f_agedhhunjhtck,10323,reflex,1,accepted,CDIAL[10323],"CDIAL 10323 explicitly cites Lorimer’s Shina miyo marrow under medas fat/marrow, alongside the distinct shorter mī fat form. Rajapurohit’s Drasi miyō marrow matches the extended noun directly; retain its final long-vowel notation rather than reducing it to the fat simplex.",
f_5nfl5e33d7iu6,8139,reflex,1,accepted,CDIAL[8139],CDIAL 8139 branch 1 directly attests Shina paṣ manure under pāṣi dry cowdung. Rajapurohit’s Drasi pāṣ has the same consonants and meaning. Turner’s alternative pāṃśu discussion applies to the separately listed Kashmiri/Lahnda and Awadhi/Hindi forms; it is not asserted for this Shina citation.,
f_fih6nie5eizq6,9440,reflex,1,accepted,CDIAL[9440],CDIAL 9440 specifically gives Kohistani bōṇ and Guresi bōn cooking pot under bhāṇḍa. Rajapurohit’s Drasi bōṇ matches the retroflex-nasal Shina form and exact utensil meaning. The entry’s warning about the borrowing origin of Kashmiri bāna is kept distinct from its Shina evidence.,
f_pplnk6qyhe4lg,3023,reflex,1,accepted,CDIAL[3023],"CDIAL 3023 directly lists Shina kōn/kōṇ arrow under kāṇḍa, and these two kōṇ arrow records match the retroflex-nasal citation. The proposal concerns the Shina reflex; Turner’s main discussion favors a possible Dravidian origin for the older word, while the addendum records Burrow’s Indo-European alternative. Neither deeper proposal is silently resolved here.",
f_gpreruffrxhhe,12064,reflex,1,accepted,CDIAL[12064],CDIAL 12064 branch 1 directly lists Shina ẓuk kidney under vṛkka. Rajapurohit’s Drasi ẓuk matches the form and organ. Neither the separate *vrakka branch nor the bukka heart/intestines family is selected.,
f_ppydrnpiscxni,9479,reflex,1,accepted,CDIAL[9479],"CDIAL 9479 explicitly cites Shina baṣ language under bhāṣā. Rajapurohit’s Drasi bāś has the same meaning and bā- shape, but records a different sibilant symbol; this distinction is retained for review rather than silently normalized. The entry’s Shina-to-Domaaki borrowing direction does not make the Shina form a Domaaki loan. Rajapurohit item 1615 explicitly pairs bāś singular with bāśe plural, confirming the additional e-form as part of the same noun paradigm.",
f_zyaftnwg3ky22,9479,reflex,1,accepted,CDIAL[9479],"CDIAL 9479 explicitly cites Shina baṣ language under bhāṣā. Rajapurohit’s Drasi bāś has the same meaning and bā- shape, but records a different sibilant symbol; this distinction is retained for review rather than silently normalized. The entry’s Shina-to-Domaaki borrowing direction does not make the Shina form a Domaaki loan. Rajapurohit item 1615 explicitly pairs bāś singular with bāśe plural, confirming the additional e-form as part of the same noun paradigm.",
f_n5o5rodugjsny,3238,reflex,1,accepted,"CDIAL[3238, 14394]","CDIAL 3238 compares Shina kūto deaf with *kuṭṭa defective, questioning Lorimer’s t; the separate addendum 14394 explicitly supplies Grahame Bailey’s kūṭu with retroflex ṭ. Rajapurohit Dras kūṭo matches that better-specified consonant and sense, while the broader defective-word-family reconstruction remains qualified.",
f_23svgfvh74tuu,12497,reflex,1,accepted,CDIAL[12497],"CDIAL 12497 directly attests Gilgit ṣĭṣ and Gurezi/Jijali ṣīṣ head under śīrṣa. Rajapurohit Dras ṣíṣ and LSI Gilgit ṣiṣ preserve the retroflex sibilants; LSI Dras śīś instead records palatal sibilants and a long vowel. That transcription is retained as a dialect/source difference, not silently normalized. The repeated sibilant shape supports the śīrṣa formation, rather than a generic śiras link. Rajapurohit p. 90 item 404 explicitly pairs singular ṣíṣ with plural ṣiẓe; the voiced medial plural sibilant is retained as source-attested inflection, not a separate root.",
f_tc55mtuopm7me,12497,reflex,1,accepted,CDIAL[12497],"CDIAL 12497 directly attests Gilgit ṣĭṣ and Gurezi/Jijali ṣīṣ head under śīrṣa. Rajapurohit Dras ṣíṣ and LSI Gilgit ṣiṣ preserve the retroflex sibilants; LSI Dras śīś instead records palatal sibilants and a long vowel. That transcription is retained as a dialect/source difference, not silently normalized. The repeated sibilant shape supports the śīrṣa formation, rather than a generic śiras link. Rajapurohit p. 90 item 404 explicitly pairs singular ṣíṣ with plural ṣiẓe; the voiced medial plural sibilant is retained as source-attested inflection, not a separate root.",
f_qhtpljs2etqoo,3448,reflex,1,accepted,CDIAL[3448],"CDIAL 3448 explicitly attests Shina kiṣī́ line under kṛṣi ploughing, alongside the semantic development to a line elsewhere. Rajapurohit Dras kiṣí has the same consonants, final accent and exact gloss, with final vowel length unmarked. The source gives Shina to Domaaki kiṣi wrinkle, so Domaaki is not an immediate donor for this record.",
f_j62eegxhj2tcg,3448,reflex,1,accepted,CDIAL[3448],"CDIAL 3448 explicitly attests Shina kiṣī́ line under kṛṣi ploughing, alongside the semantic development to a line elsewhere. Rajapurohit Dras kiṣí has the same consonants, final accent and exact gloss, with final vowel length unmarked. The source gives Shina to Domaaki kiṣi wrinkle, so Domaaki is not an immediate donor for this record. Rajapurohit also records kiṣī́ circle (line), retaining the specifically qualified line sense and matching Turner’s long final vowel; that attestation is grouped here.",
f_6rcakeeyf7z2m,6339,reflex,1,accepted,CDIAL[6339],"CDIAL 6339 explicitly attests Shina dĭš place under diś direction, region. Rajapurohit Dras diś matches both the form and this specifically cited Shina meaning; the proposal uses the head diś rather than inventing a separate diśā parent.",
f_ph2uiffkpegvq,3202,reflex,1,accepted,CDIAL[3202],"CDIAL 3202 branch 1 directly gives Shina kĭli and Lorimer kīli nail under kīla, with the feminine formation represented in the same branch. Rajapurohit item 754 supplies singular kī́li and plural kī́lyéh; item 756 wooden peg explicitly explains kīli as nail, confirming a fastening rather than an anatomical nail. The two inflected records share this ancestry. Turner leaves the deeper IE versus non-Aryan origin of the wider k/kh family open.",
f_eqecsfyzwv674,3202,reflex,1,accepted,CDIAL[3202],"CDIAL 3202 branch 1 directly gives Shina kĭli and Lorimer kīli nail under kīla, with the feminine formation represented in the same branch. Rajapurohit item 754 supplies singular kī́li and plural kī́lyéh; item 756 wooden peg explicitly explains kīli as nail, confirming a fastening rather than an anatomical nail. The two inflected records share this ancestry. Turner leaves the deeper IE versus non-Aryan origin of the wider k/kh family open.",
f_6bxgoop6xuofy,8590,reflex,1,accepted,"degener-shina2008[p. 291, glossary entry 11];CDIAL[8590]","Degener explicitly reports Buddruss 1967 p. 122: parúlo equal from CDIAL 8590 pratirūpa plus an l-suffix, and records feminine parúli and plural parúle. The Gupis parūle same and Dras parúlo/parū́lo equal/similar agree in stem and meaning, retaining their vowel-length notation. CDIAL itself contains no Shina citation at this head; the Shina assignment relies on Degener’s explicit analysis, with its historical l-extension retained rather than represented as a nonexistent separate graph node. Additional Backstrom dialect:Sh:Satpara:Satpara pārūlo same matches the parul-stem and the attested masculine/plural endings; its vowel length and any rhotic diacritic are retained. This extends the source-supported Shina analysis comparatively, without asserting a separate Turner citation for this dialect. Additional Backstrom dialect:Sh:Rondu:Rondu pārūlo same matches the parul-stem and the attested masculine/plural endings; its vowel length and any rhotic diacritic are retained. This extends the source-supported Shina analysis comparatively, without asserting a separate Turner citation for this dialect. Additional Backstrom dialect:Sh:Kharmang:Kharmang pārūle same matches the parul-stem and the attested masculine/plural endings; its vowel length and any rhotic diacritic are retained. This extends the source-supported Shina analysis comparatively, without asserting a separate Turner citation for this dialect. Additional Backstrom dialect:Sh:DashkinAstor:Astor%20%28Dashkin%29 pārūle same matches the parul-stem and the attested masculine/plural endings; its vowel length and any rhotic diacritic are retained. This extends the source-supported Shina analysis comparatively, without asserting a separate Turner citation for this dialect. Additional Backstrom dialect:Sh:KachuraJel:Kachura pārūle same matches the parul-stem and the attested masculine/plural endings; its vowel length and any rhotic diacritic are retained. This extends the source-supported Shina analysis comparatively, without asserting a separate Turner citation for this dialect. Additional Backstrom dialect:Sh:punl:Puniali par̃ūle same matches the parul-stem and the attested masculine/plural endings; its vowel length and any rhotic diacritic are retained. This extends the source-supported Shina analysis comparatively, without asserting a separate Turner citation for this dialect. Additional Backstrom dialect:Sh:Gultari:Gultari pārūle same matches the parul-stem and the attested masculine/plural endings; its vowel length and any rhotic diacritic are retained. This extends the source-supported Shina analysis comparatively, without asserting a separate Turner citation for this dialect. Additional Backstrom dialect:Sh:Bunji:Bunji pārūle same matches the parul-stem and the attested masculine/plural endings; its vowel length and any rhotic diacritic are retained. This extends the source-supported Shina analysis comparatively, without asserting a separate Turner citation for this dialect. Additional Backstrom dialect:Sh:Astor:Astor pārūlo same matches the parul-stem and the attested masculine/plural endings; its vowel length and any rhotic diacritic are retained. This extends the source-supported Shina analysis comparatively, without asserting a separate Turner citation for this dialect. Additional Backstrom dialect:Sh:ChilasKhinar:Chilas%20%28Khinar%29 pārūlo same matches the parul-stem and the attested masculine/plural endings; its vowel length and any rhotic diacritic are retained. This extends the source-supported Shina analysis comparatively, without asserting a separate Turner citation for this dialect.",
f_5smlgmtw3q7ly,8590,reflex,1,accepted,"degener-shina2008[p. 291, glossary entry 11];CDIAL[8590]","Degener explicitly reports Buddruss 1967 p. 122: parúlo equal from CDIAL 8590 pratirūpa plus an l-suffix, and records feminine parúli and plural parúle. The Gupis parūle same and Dras parúlo/parū́lo equal/similar agree in stem and meaning, retaining their vowel-length notation. CDIAL itself contains no Shina citation at this head; the Shina assignment relies on Degener’s explicit analysis, with its historical l-extension retained rather than represented as a nonexistent separate graph node. Additional Backstrom dialect:Sh:Satpara:Satpara pārūlo same matches the parul-stem and the attested masculine/plural endings; its vowel length and any rhotic diacritic are retained. This extends the source-supported Shina analysis comparatively, without asserting a separate Turner citation for this dialect. Additional Backstrom dialect:Sh:Rondu:Rondu pārūlo same matches the parul-stem and the attested masculine/plural endings; its vowel length and any rhotic diacritic are retained. This extends the source-supported Shina analysis comparatively, without asserting a separate Turner citation for this dialect. Additional Backstrom dialect:Sh:Kharmang:Kharmang pārūle same matches the parul-stem and the attested masculine/plural endings; its vowel length and any rhotic diacritic are retained. This extends the source-supported Shina analysis comparatively, without asserting a separate Turner citation for this dialect. Additional Backstrom dialect:Sh:DashkinAstor:Astor%20%28Dashkin%29 pārūle same matches the parul-stem and the attested masculine/plural endings; its vowel length and any rhotic diacritic are retained. This extends the source-supported Shina analysis comparatively, without asserting a separate Turner citation for this dialect. Additional Backstrom dialect:Sh:KachuraJel:Kachura pārūle same matches the parul-stem and the attested masculine/plural endings; its vowel length and any rhotic diacritic are retained. This extends the source-supported Shina analysis comparatively, without asserting a separate Turner citation for this dialect. Additional Backstrom dialect:Sh:punl:Puniali par̃ūle same matches the parul-stem and the attested masculine/plural endings; its vowel length and any rhotic diacritic are retained. This extends the source-supported Shina analysis comparatively, without asserting a separate Turner citation for this dialect. Additional Backstrom dialect:Sh:Gultari:Gultari pārūle same matches the parul-stem and the attested masculine/plural endings; its vowel length and any rhotic diacritic are retained. This extends the source-supported Shina analysis comparatively, without asserting a separate Turner citation for this dialect. Additional Backstrom dialect:Sh:Bunji:Bunji pārūle same matches the parul-stem and the attested masculine/plural endings; its vowel length and any rhotic diacritic are retained. This extends the source-supported Shina analysis comparatively, without asserting a separate Turner citation for this dialect. Additional Backstrom dialect:Sh:Astor:Astor pārūlo same matches the parul-stem and the attested masculine/plural endings; its vowel length and any rhotic diacritic are retained. This extends the source-supported Shina analysis comparatively, without asserting a separate Turner citation for this dialect. Additional Backstrom dialect:Sh:ChilasKhinar:Chilas%20%28Khinar%29 pārūlo same matches the parul-stem and the attested masculine/plural endings; its vowel length and any rhotic diacritic are retained. This extends the source-supported Shina analysis comparatively, without asserting a separate Turner citation for this dialect.",
f_kss533327mnqa,5551,reflex,1,accepted,CDIAL[5551],"CDIAL 5551 branch 1 explicitly cites Shina ḍim body, person, tree-trunk under ḍimba body. Rajapurohit ḍím combines body and tree trunk, both of which the primary Shina citation supports. This is not the similarly spelled child head or the second ḍamba branch.",
f_hnfrnwxfjdgze,10856,reflex,1,accepted,CDIAL[10856],"CDIAL 10856 directly cites Shina roṣ, with oblique stem roẓ-, under roṣa anger/fury. Rajapurohit rōṣ anger, fury, temper matches this lexical sense; the source’s marked long vowel is retained.",
f_t3flwq44fggum,6920,reflex,1,accepted,CDIAL[6920],"CDIAL 6920 nakhara claw directly gives Shina Gilgit nōru and Gurezi/Palesi nōr. Rajapurohit nṓr claw/fingernail matches the shorter Shina form and the anatomical senses. This is distinct from kīli, a fastening nail.",
f_duerf7sskqmbw,4202,reflex,1,accepted,CDIAL[4202],"CDIAL 4202 gupti explicitly cites Lorimer Shina gut tent, alongside Prakrit gutti wooden hut. Rajapurohit gut is recorded as tent and a tent-qualified pandal; those glosses support the same shelter lexeme. Stray closing punctuation in the compiled gloss is not treated as a separate meaning.",
f_uj5osw434tk76,3602,reflex,1,accepted,CDIAL[3602],"CDIAL 3602 explicitly cites Shina kūro hard, severe, strong, firm under krūra. Rajapurohit kúro hard matches the form and physical sense, with vowel length unmarked. Turner gives Shina to Domaaki kurá, not borrowing into Shina.",
f_in43ddt5myxle,13774,reflex,1,accepted,CDIAL[13774],"CDIAL 13774 sthūṇā post/pillar directly cites Shina thūn pillar. Rajapurohit thúṇ has a retroflex nasal and unmarked vowel length, agreeing in the stem and exact meaning; those transcription differences are retained. Persian borrowing comments in the entry concern specified Pashai forms and are not extended to Shina.",
f_x7set5j57agdc,6694,reflex,1,accepted,CDIAL[6694],"CDIAL 6694 dvīpin explicitly cites Kohistani and Gurezi Shina dī̃ leopard, distinguishing the Gilgit tiger gloss. The four Kohistani, Gurezi, Astori and Dras records agree in nasalization and leopard meaning; Dras leaves vowel length unmarked. Turner explicitly gives Shina to Domaaki dīṅ, not the reverse. Rajapurohit item 316 dĩ́: tiger matches the broader feline sense already explicit in CDIAL 6694 and its Gilgit comparison; the modern Dras attribution is preserved.",
f_rqnajyflxvijo,6694,reflex,1,accepted,CDIAL[6694],"CDIAL 6694 dvīpin explicitly cites Kohistani and Gurezi Shina dī̃ leopard, distinguishing the Gilgit tiger gloss. The four Kohistani, Gurezi, Astori and Dras records agree in nasalization and leopard meaning; Dras leaves vowel length unmarked. Turner explicitly gives Shina to Domaaki dīṅ, not the reverse. Rajapurohit item 316 dĩ́: tiger matches the broader feline sense already explicit in CDIAL 6694 and its Gilgit comparison; the modern Dras attribution is preserved.",
f_klvz23uizterq,13544,reflex,1,accepted,CDIAL[13544],"CDIAL 13544 branch 1 sūkara directly cites Shina sūr pig. Rajapurohit sū́r combines boar and pig, both consistent with the animal family and the ancient head’s boar sense. Its nonnasal form belongs to branch 1, not expressive *sūṅkara in branch 2.",
f_3sw4z5xlufzva,13415,reflex,1,accepted,CDIAL[13415],"CDIAL 13415 sindhu directly gives Shina sin river, especially the Indus, with Jijali sīn. The merged Schmidt/Rajapurohit Dras sin river matches the shorter form and general river sense. Turner’s earlier Shina *sind to Burushaski sinda comparison does not imply a Burushaski donor. Rajapurohit item 55 explicitly pairs feminine singular sin with plural sine; this adds an ordinary plural attestation of the same river noun.",
f_qnzyik7xns5m4,3078,reflex,1,accepted,CDIAL[3078],"CDIAL 3078 branch 2 *kāriya explicitly cites Shina kāryo for the sake of beside kāri and Kohistani kíria. Rajapurohit Dras karyṓ for matches the postpositional form, preserving its final length/accent. The graph has only the shared 3078 head, so this proposal explicitly selects branch 2 rather than branch 1 kārya > kajja. Turner gives Shina to Domaaki kāryo.",
f_ttyfzxzgkyxhq,12812,reflex,1,accepted,CDIAL[12812],CDIAL 12812 branch 1 ṣoḍaśa explicitly gives Shina Gilgit ṣōĩ and Gurezi ṣō̃ī̃ sixteen. Rajapurohit Dras ṣō̃ĩ matches this nasalized form and numeral value. This is distinct from branches with dental d or ē; the stray bracket in the gloss does not introduce another sense.,
f_c3ersuyxce672,941,reflex,1,accepted,CDIAL[941],CDIAL 941 aṣṭā/aṣṭau eight gives nasalized Gilgit ẵṣ and Puniali aṣṭ. Rajapurohit Dras ā̃ṣṭ retains the final cluster as well as nasalization; the long nasal vowel is preserved as recorded rather than normalized to either cited dialect form. The numeral gloss is unambiguous despite transcription fragments following it.,
f_4lfgnjtw6e3h6,12233,reflex,1,accepted,CDIAL[12233],"CDIAL 12233 vrīhi directly cites Gurezi brīm and the Shina nasal-vowel forms brĩu/brīũ rice. Schmidt Gurezi brī̂m and Dras brím cooked rice, and Rajapurohit Dras brĩũ rice, fit those explicitly attested variants. The cooked qualification narrows the cited rice meaning; the final m versus nasal vowels and length/accent differences are preserved.",
f_b6cpykryc3y3e,13794,reflex,1,accepted,CDIAL[13794],"CDIAL 13794 *snāru explicitly gives Shina nār sinew, vein, pulse. Rajapurohit Dras nār vein matches exactly. The addendum’s possible *snāvara derivation concerns the Sinhalese and Maldivian forms, not a revised Shina analysis.",
f_3pwb3jfj6xyyk,5798-4,reflex,1,accepted,CDIAL[5798],"CDIAL 5798 branch 4 tāraka explicitly cites Shina tāro star, distinct from the feminine tārā/tārakā branches. Rajapurohit items 51, 60 and 66 all give táro, masculine singular, for planet, satellite and star. Propose the star lexeme with broader celestial uses in this source; this semantic extension is an inference, and the precise intended satellite sense remains to be checked. The short accented vowel is preserved. Rajapurohit items 60 and 66 each explicitly pair táro masculine singular with táre masculine plural for satellite/star, so the additional e-record belongs to this paradigm. Its documented masculine plural status distinguishes it from the unclassified LSI tārē, which remains outside the proposal.",
f_3wk6hbnlovwik,5798-4,reflex,1,accepted,CDIAL[5798],"CDIAL 5798 branch 4 tāraka explicitly cites Shina tāro star, distinct from the feminine tārā/tārakā branches. Rajapurohit items 51, 60 and 66 all give táro, masculine singular, for planet, satellite and star. Propose the star lexeme with broader celestial uses in this source; this semantic extension is an inference, and the precise intended satellite sense remains to be checked. The short accented vowel is preserved. Rajapurohit items 60 and 66 each explicitly pair táro masculine singular with táre masculine plural for satellite/star, so the additional e-record belongs to this paradigm. Its documented masculine plural status distinguishes it from the unclassified LSI tārē, which remains outside the proposal.",
f_vq5rmrfm6p2tw,f_yipklltekar7i,borrowed,1,accepted,"schmidt[p. 246, example 5];CDIAL[4368]","Schmidt and Kaul explicitly list Drasi gām village as borrowed from Kashmiri (2008, p. 246, example 5). Rajapurohit Dras gā́m matches that form and meaning. The existing Kashmiri CDIAL gām village record supplies the immediate donor; the combined Schmidt response gam kvī is excluded rather than treated as this simplex.",
f_eaan6bbk5anjs,11439,reflex,1,accepted,CDIAL[11439],"CDIAL 11439 vasantá spring season explicitly gives Gurezi băzōnṷ and Jijali bazṓn beside Gilgiti băzōdṷ. Schmidt’s Astori bazō̌nu spring belongs to the n-bearing Shina set, preserving the dialect attribution and pitch notation rather than conflating it with the Gilgiti d-form. Rajapurohit Dras bazṓno adds the same n-bearing seasonal noun with final o rather than u.",
f_a3tnz7mk5sn4e,3906,reflex,1,accepted,CDIAL[3906],"CDIAL 3906 branch 1 khura hoof explicitly gives Kohistani khōru hoof beside Gilgiti khūru; Rajapurohit item 263 supplies Dras khó:r singular and khó:re plural. The paired e-plural and o-vowel fit this hoof family; Turner’s remote Dravidian-origin suggestion concerns the Old Indo-Aryan word, not an immediate borrowing into Shina.",
f_gqgsb6ecreb2m,3906,reflex,1,accepted,CDIAL[3906],"CDIAL 3906 branch 1 khura hoof explicitly gives Kohistani khōru hoof beside Gilgiti khūru; Rajapurohit item 263 supplies Dras khó:r singular and khó:re plural. The paired e-plural and o-vowel fit this hoof family; Turner’s remote Dravidian-origin suggestion concerns the Old Indo-Aryan word, not an immediate borrowing into Shina.",
f_2l7ovhfreynv4,4963,reflex,1,accepted,CDIAL[4963],"CDIAL 4963 branch 1 chagala directly gives Shina chal kid, alongside Phalura chāl newborn kid. Rajapurohit item 269 caál occurs in the animal list between jackal and kingfisher/lamb, confirming the animal sense; its unaspirated affricate and unusual written aa accent sequence are preserved as source differences.",
f_nej6kqtn45bew,13776,reflex,1,accepted,CDIAL[13776],"CDIAL 13776 sthūla explicitly gives Shina thulu fat/thick. Rajapurohit thúlo appears at items 110, 383 and 1066 for fat, matching the adjective and final o variation; this dental aspirate record is distinct from the retroflex egg word and from the separately transcribed ṭhūlo adjective.",
f_xxs6twb32u2ym,12056,reflex,1,accepted,CDIAL[12056],"CDIAL 12056 vīra explicitly records Gilgiti/Kohistani bīro and Dras bīru male of animals. Rajapurohit item 137 bíro matches the stem with unmarked vowel length, but occurs among human terms and gives simply male; the broader application is preserved as a semantic qualification rather than silently restricting its meaning to animals.",
f_ifgxd7mdvpqcq,3257,reflex,1,accepted,CDIAL[3257],"CDIAL 3257 kuṇapa corpse directly gives Shina kuṇu in the corpse/stinking family. Rajapurohit item 363 explicitly pairs kúṇo corpse singular with kúṇe plural, supporting a single noun analysis. Turner’s proposed Dravidian origin applies to the ancient etymon and does not establish a modern Dravidian donor.",
f_ouq5wx2e43e7k,3257,reflex,1,accepted,CDIAL[3257],"CDIAL 3257 kuṇapa corpse directly gives Shina kuṇu in the corpse/stinking family. Rajapurohit item 363 explicitly pairs kúṇo corpse singular with kúṇe plural, supporting a single noun analysis. Turner’s proposed Dravidian origin applies to the ancient etymon and does not establish a modern Dravidian donor.",
f_tgpnuhb5mtnze,6926,reflex,1,accepted,CDIAL[6926],"CDIAL 6926 nagná naked explicitly gives Kohistani and Gurezi nonu beside Gilgiti nanu. Rajapurohit item 442 Dras nó:no matches the o-vowel dialectal set, with the long vowel and final o preserved as source variation.",
f_om6kkqlsgfuzs,5803,reflex,1,accepted,CDIAL[5803],"CDIAL 5803 tālu palate explicitly records Gilgiti tālu and Palesi tālū in this precise sense, distinguishing extended formations for other parts of the head. Rajapurohit item 452 tálo palate matches the unextended noun, with short written a and final o retained as review points. Degener p. 305 táalo Gaumendach independently supplies the precise roof-of-mouth sense; her note compares Berger’s tonsil sense and Burushaski dáalumuċ tonsillitis without explicitly establishing a Burushaski donor.",
f_uc2qb7ocqiqry,11027,reflex,1,accepted,CDIAL[11027],"CDIAL 11027 lālā saliva directly attests Shina lāl in the same sense. Rajapurohit item 463 lálo has the same l-l stem with an additional final o and unmarked vowel length; this is a moderate family comparison, not an assertion that the final vowel’s morphological history is already demonstrated.",
f_4dbg777tfg6cy,14148,reflex,1,accepted,CDIAL[14148],"CDIAL 14148 *hūlukka heat explicitly groups Gurezi hulukh and Kohistani hūlak sweat with Bashkarik uluk sweat and Kalasha hūluk heat. Rajapurohit item 481 Dras húluk matches this family, with final k rather than the Gurezi aspirated kh; the proposed parent is the specific heat reconstruction, not the unrelated following HR̥ root index.",
f_447ythuj4emuk,2629,reflex,1,accepted,CDIAL[2629],"CDIAL 2629 includes Shina kāvu and Lorimer kāo bracelet under the kaṭa/kaṭaka ring family. Rajapurohit item 625 explicitly pairs ká:v singular with ká: plural; the reduced plural is therefore grouped from the source paradigm, not from resemblance alone.",
f_meqhrljhbzn2c,2629,reflex,1,accepted,CDIAL[2629],"CDIAL 2629 includes Shina kāvu and Lorimer kāo bracelet under the kaṭa/kaṭaka ring family. Rajapurohit item 625 explicitly pairs ká:v singular with ká: plural; the reduced plural is therefore grouped from the source paradigm, not from resemblance alone.",
f_asu7wyf7tdapa,5426-3,reflex,1,accepted,CDIAL[5426],"CDIAL 5426 subsection 3 *ṭakka directly gives Shina ṭak button, matching Rajapurohit item 626. The main ṭaṅka coin head and its proposed Tatar explanation must not replace this specific subsection; the addendum also corrects the earlier claim about the Khotanese comparison.",
f_5d72cclmt7l46,5717,reflex,1,accepted,CDIAL[5717],"CDIAL 5717 tarku spindle explicitly gives Lorimer Shina c̣āko. Rajapurohit items 690 and 1001 each pair the c̣aku singular with c̣ake plural, while differing in marked vowel length; the compiled singular and two plural records are grouped on this source paradigm, preserving the quantity and final-vowel differences.",
f_gb7m6nfe64ohg,5717,reflex,1,accepted,CDIAL[5717],"CDIAL 5717 tarku spindle explicitly gives Lorimer Shina c̣āko. Rajapurohit items 690 and 1001 each pair the c̣aku singular with c̣ake plural, while differing in marked vowel length; the compiled singular and two plural records are grouped on this source paradigm, preserving the quantity and final-vowel differences.",
f_nq6p42kelcg7a,5717,reflex,1,accepted,CDIAL[5717],"CDIAL 5717 tarku spindle explicitly gives Lorimer Shina c̣āko. Rajapurohit items 690 and 1001 each pair the c̣aku singular with c̣ake plural, while differing in marked vowel length; the compiled singular and two plural records are grouped on this source paradigm, preserving the quantity and final-vowel differences.",
f_6nab547fj4qiy,3834,reflex,1,accepted,CDIAL[3834],CDIAL 3834 khala threshing floor explicitly records Shina khΛl in this sense. Rajapurohit item 779 khʌl under Thrashing floor is a direct lexical match; the spelling of the English prompt does not change the agricultural meaning.,
f_gzzxhtebzrpzs,7966,reflex,1,accepted,CDIAL[7966],CDIAL 7966 branch 1 palyāṇa saddle explicitly gives Gurezi palōn and Kohistani palō. Rajapurohit item 1028 Dras palón matches the n-bearing Shina form. Turner places the Iranian borrowing before the Old Indo-Aryan developments of this family; that remote history is not a claim of a direct modern Persian loan into Dras.,
f_i25rjqomveia6,6254-3,reflex,1,accepted,CDIAL[6254],"CDIAL 6254 subsection 3 *dāṇḍu explicitly gives Gilgiti daṇū pomegranate, distinguished from the feminine daṇui tree and the dāḍima/dāḍimba branches. Rajapurohit Dras daṇó: matches this short nasal-stem fruit word with final ō rather than ū.",
f_xsxoh2ogkesck,13992,reflex,1,accepted,CDIAL[13992],"CDIAL 13992 branch 1 haridrā turmeric directly gives Shina haliẓi, matching Rajapurohit halī́ẓi with marked long medial ī. The noun turmeric belongs to branch 1, distinct from branch 2 hāridra dyed with turmeric.",
f_rau6ueeszhgyg,3533,reflex,1,accepted,CDIAL[3533],CDIAL 3533 *kōla curved/crooked directly records Shina kōlu in the same sense and distinguishes this family from kuṭila. Rajapurohit kōlo preserves the stem and long ō with the usual final o notation; the entry’s deeper *kaura/Khotanese comparison remains explicitly provisional.,
f_um6krt67x4sj6,9804,reflex,1,accepted,CDIAL[9804],"CDIAL 9804 madhya middle explicitly gives Gilgiti/Gurezi mažā in/among/between. The merged Rajapurohit centre/amidst/between/in responses use the same mažā form and occupy the semantic range of the attested spatial word, distinct from the adjective mažīnu middle.",
f_7tjcognylnxp4,9730,reflex,1,accepted,CDIAL[9730],"CDIAL 9730 maṇa a measure of grain directly gives Shina man maund, matching Rajapurohit mʌn in form and meaning. Turner’s approximate historical weight for his Shina example is not assigned to the modern Dras attestation, whose prompt specifies no amount.",
f_b5rsqnjzoznv2,11392,reflex,1,accepted,CDIAL[11392],"CDIAL 11392 sense 2 year explicitly gives Shina bariṣ, plural bariẓi. Rajapurohit baríṣ year/age matches that noun; age is treated as an extension of years in the merged prompts, not as rain. The graph has no separate 11392-2 node, so the shared head is used with the year sense specified.",
f_ykjnsc4swjhr4,12575,reflex,1,accepted,CDIAL[12575],CDIAL 12575 śūla sharp pain explicitly gives Lorimer Shina śūl/śūlə/śūlo labour pains. Rajapurohit śūle labour (pain) matches this specialized sense and the extended noun forms rather than the unrelated ordinary-work meaning of English labour.,
f_izus5vvldqwza,6324,reflex,1,accepted,CDIAL[6324],CDIAL 6324 branch 1 dāhayati explicitly gives Shina dayoiki and Kohistani/Gurezi dayōnu transitive burn. Rajapurohit dayōno burn matches that verbal stem with the Dras infinitive ending; the source’s bare English prompt does not independently demonstrate transitivity.,
f_34a2gmhfh46oo,9515,reflex,1,accepted,CDIAL[9515],"CDIAL 9515 bhīyate explicitly gives Shina bižoiki and Gurezi bižōnu fear, matching Rajapurohit bižōno. Turner assigns several neighbouring bi-/bhiy- forms instead to bibheti, but explicitly separates them from the cited Shina analysis.",
f_yfklpwmvulcua,8386,reflex,1,accepted,CDIAL[8386],CDIAL 8386 branch 1 peṣayati grind explicitly gives Shina peẓoiki and Gurezi peẓōnu. Rajapurohit pežōno grind has a palatal rather than retroflex voiced sibilant and the Dras final o; both transcription differences are retained. The past-participle subsection 2 is not selected.,
f_wothmpzji4jvo,11067-2,reflex,1,accepted,CDIAL[11067],"CDIAL 11067 subsection 2 liśyate explicitly records Gurezi liśyōnu and Gilgiti liśoiki hide oneself, explaining the semantic development by comparison with lupyate. Rajapurohit liśyōno hide matches the verb, although its bare English prompt does not independently specify reflexive or intransitive use.",
f_sfevnsih7okas,10986,reflex,1,accepted,CDIAL[10986],"CDIAL 10986 *lavati reap explicitly gives Gurezi lyōnu beside Kohistani lōnu and Gilgiti loiki. Rajapurohit lyōno reap matches the Gurezi-shaped infinitive, preserving the actual Dras attribution and final o.",
f_vtw5vvac5rx2w,3594,reflex,1,accepted,CDIAL[3594],"CDIAL 3594 krīṇāti buy explicitly includes Shina krinoiki/Gurezi krinyōnu sell after Phalura krin sell. Rajapurohit krinyōno sell therefore matches Turner’s Shina sense; the reversal from the ancient buy meaning is already attested, not inferred solely from sound resemblance.",
f_xdwv2kwhdfp3m,8908,reflex,1,accepted,CDIAL[8908],"CDIAL 8908 branch 1 prahiṇoti send explicitly records Gurezi c̣iṇyōnu beside aspirated Kohistani c̣hiṇōnu. Rajapurohit c̣inyōno send fits the unaspirated Gurezi-shaped stem, with dental n instead of Turner’s retroflex ṇ retained as a qualification.",
f_oluqmlc32qmps,4842a,reflex,1,accepted,"CDIAL[4842a,14496]","CDIAL addendum 14496 explicitly lists Gilgiti cimer, Gurezi cimar and Jijali cimer iron under cīmara, discussing the ancient copper/iron translation difference and the family’s unknown deeper source. LSI cimar/cimir and Rajapurohit cimer/cimere match this Shina set; Rajapurohit item 653 explicitly pairs the singular and plural. The historical family link does not resolve its ultimate origin or establish a loan from Burushaski or Turkic.",
f_z2mtqpgcbzzps,4842a,reflex,1,accepted,"CDIAL[4842a,14496]","CDIAL addendum 14496 explicitly lists Gilgiti cimer, Gurezi cimar and Jijali cimer iron under cīmara, discussing the ancient copper/iron translation difference and the family’s unknown deeper source. LSI cimar/cimir and Rajapurohit cimer/cimere match this Shina set; Rajapurohit item 653 explicitly pairs the singular and plural. The historical family link does not resolve its ultimate origin or establish a loan from Burushaski or Turkic.",
f_mgo4cja3bf6yw,9229,reflex,1,accepted,CDIAL[9229],"CDIAL 9229 bāhu arm explicitly gives Shina bõi sleeve, plural bõye. Rajapurohit item 684 pairs boi singular with boe plural; the separate boe record matches this paradigm without marked nasalization. The compiled boi record that also contains twelve remains excluded, since that merged numeral sense cannot be explained by this etymology.",
f_dm6wrcsgrgpoi,10896-5,reflex,1,accepted,CDIAL[10896],"CDIAL 10896 explicitly gives Shina lōku light/quick/active in the -kk- extension, represented by canonical subsection 10896-5. Rajapurohit distinguishes lōko light in weight from the illumination word, and separately gives lōko for fast and soon; the merged meanings therefore form a coherent adjective/adverb set, with soon as a temporal extension.",
f_kt7s4ejfjsbsm,6608,reflex,1,accepted,CDIAL[6608],"CDIAL 6608 dyūta gambling directly gives Shina jua, beside Prakrit jūva. Rajapurohit item 1728 juwā gambling fits the same vowel sequence with an overt medial glide; the entry marks Hindi loans in other languages but does not identify the Shina form as one.",
f_5mzh7hen3spkc,2025,reflex,1,accepted,CDIAL[2025],"CDIAL 2025 *uddhūḍi excessive dust directly lists Gilgiti udū, Kohistani udu and Gurezi udūh dust. Rajapurohit item 16 explicitly pairs Dras udū singular with udūe plural, matching the non-m form. Turner separately explains Kohistani udum through influence from dūm smoke; that contaminated form is not the selected comparison.",
f_zqyigo3xmsxjs,2025,reflex,1,accepted,CDIAL[2025],"CDIAL 2025 *uddhūḍi excessive dust directly lists Gilgiti udū, Kohistani udu and Gurezi udūh dust. Rajapurohit item 16 explicitly pairs Dras udū singular with udūe plural, matching the non-m form. Turner separately explains Kohistani udum through influence from dūm smoke; that contaminated form is not the selected comparison.",
f_ar7lc423wopbi,3241,reflex,1,accepted,CDIAL[3241],"CDIAL 3241 branch 1 kuṭṭayati beat/pound explicitly gives Gurezi kuṭyōnu, matching Rajapurohit’s repeated Dras verb for beating, hammering, knocking, pounding and thrashing; kill and wound are plausibly result senses, not independently proven ancient meanings. His p. 160 item 2394 specifies kuṭyōno for striking with the hand and contrasts gažōno for striking with a weapon.",
f_eq2mefzddghem,9078,reflex,1,accepted,CDIAL[9078],"CDIAL 9078 branch 1 *phirati explicitly gives Gurezi phiryōnu turn, alongside the intransitive wandering/returning family. Rajapurohit phiryōno is merged as turn/wander and is explicitly elicited for wander in item 2465. The stem selects branch 1 rather than phērayati in branch 2; Turner labels the Gurezi turn verb transitive, while the modern wander use is naturally intransitive, so this grammatical difference is retained.",
f_twarsfps64xpk,3055,reflex,1,accepted,CDIAL[3055],"CDIAL 3055 *kāra live coal explicitly cites Gilgiti kā̃ru charcoal and Lorimer kārε, fitting Degener’s masculine kā̃ro larger piece of burning coal and Rajapurohit item 527 unaspirated kāro coal. The Dras form lacks written nasalization; 13649 instead gives aspirated khāro, and Degener’s separate feminine kā̃ri, for which she discusses competing analyses, is left open.",
f_l3f5ws4jix7ee,12532,reflex,1,accepted,CDIAL[12532],"CDIAL 12532 śubha good explicitly gives Shina šo, feminine ši; Rajapurohit p. 111, items 1070 and 1078, independently records syō for fine/good beside sī for good. His transcription distinguishes y as a palatal approximant (p. 76), so the Dras sy onset is retained as a dialectal comparison point rather than silently rewritten as Turner’s š.",
f_mc4qlkvnrjcdg,f_l3f5ws4jix7ee,component,1,accepted,rajapurohit2012,"Rajapurohit p. 132 item 1677 records syō dēs festival and a joined variant syōddēs, explicitly noting juncture. His separate syō good and dēs day support the ordered adjective–noun analysis; the proposal uses the pending good analysis and does not confuse syō with the similar white adjective.",1
f_mc4qlkvnrjcdg,f_y3uyvvj7rnfcc,component,1,accepted,rajapurohit2012,"Rajapurohit p. 132 item 1677 records syō dēs festival and a joined variant syōddēs, explicitly noting juncture. His separate syō good and dēs day support the ordered adjective–noun analysis; the proposal uses the pending good analysis and does not confuse syō with the similar white adjective.",2
f_rcf5jqujoi7ag,2860,reflex,1,accepted,CDIAL[2860],"CDIAL 2860 *karttāra explicitly lists Shina kaṭār/katāro knife; Rajapurohit’s Dras kaṛār and plural kaṛāreh match the regional flapped form also attested in Gultari and Kharmang by Backstrom. The medial ṭ/ṛ variation and ordinary plural -eh are retained; Turner’s unexplained initial aspiration concerns Gilgit khaṭār, not these unaspirated Dras records.",
f_iqv7ddbejfccw,2860,reflex,1,accepted,CDIAL[2860],"CDIAL 2860 *karttāra explicitly lists Shina kaṭār/katāro knife; Rajapurohit’s Dras kaṛār and plural kaṛāreh match the regional flapped form also attested in Gultari and Kharmang by Backstrom. The medial ṭ/ṛ variation and ordinary plural -eh are retained; Turner’s unexplained initial aspiration concerns Gilgit khaṭār, not these unaspirated Dras records.",
f_7drakw5cnvr3i,2860,reflex,1,accepted,CDIAL[2860],"CDIAL 2860 *karttāra explicitly lists Shina kaṭār/katāro knife; Rajapurohit’s Dras kaṛār and plural kaṛāreh match the regional flapped form also attested in Gultari and Kharmang by Backstrom. The medial ṭ/ṛ variation and ordinary plural -eh are retained; Turner’s unexplained initial aspiration concerns Gilgit khaṭār, not these unaspirated Dras records.",
f_a3os6ptruznxg,2860,reflex,1,accepted,CDIAL[2860],"CDIAL 2860 *karttāra explicitly lists Shina kaṭār/katāro knife; Rajapurohit’s Dras kaṛār and plural kaṛāreh match the regional flapped form also attested in Gultari and Kharmang by Backstrom. The medial ṭ/ṛ variation and ordinary plural -eh are retained; Turner’s unexplained initial aspiration concerns Gilgit khaṭār, not these unaspirated Dras records.",
f_tebcdpts5mu5w,4889,reflex,1,accepted,CDIAL[4889],"CDIAL 4889 subsection 1 cūrṇa explicitly gives Shina cuṇu small and feminine cüni/cini; Rajapurohit’s Dras cúṇo, plural cúṇe, fit this adjective. His grammar pp. 49–51 independently illustrates cúṇo/cúṇi agreement, supporting the small/young senses without treating the plural or the extended innocent gloss as separate roots.",
f_75hrkwjupiz64,4889,reflex,1,accepted,CDIAL[4889],"CDIAL 4889 subsection 1 cūrṇa explicitly gives Shina cuṇu small and feminine cüni/cini; Rajapurohit’s Dras cúṇo, plural cúṇe, fit this adjective. His grammar pp. 49–51 independently illustrates cúṇo/cúṇi agreement, supporting the small/young senses without treating the plural or the extended innocent gloss as separate roots.",
f_z5uacdg4axy2w,f_tebcdpts5mu5w,component,1,accepted,rajapurohit2012,"Rajapurohit p. 95 item 575 prints two words cúṇi kaṛár penknife, and pp. 49–51 establish feminine -i agreement of cúṇo small. The noun is his kaṛār knife (p. 98 item 655); its shorter vowel in the compound is preserved as a source difference, while ordered components represent the source’s adjective–noun construction.",1
f_z5uacdg4axy2w,f_7drakw5cnvr3i,component,1,accepted,rajapurohit2012,"Rajapurohit p. 95 item 575 prints two words cúṇi kaṛár penknife, and pp. 49–51 establish feminine -i agreement of cúṇo small. The noun is his kaṛār knife (p. 98 item 655); its shorter vowel in the compound is preserved as a source difference, while ordered components represent the source’s adjective–noun construction.",2
f_6zltevixwbjks,9108,reflex,1,accepted,"CDIAL[9108];schmidt[p. 281, item 277];rajapurohit2012[p. 77, item 22]","CDIAL 9108 subsection 1 phēna/phēṇa explicitly gives Shina phīṇ and Gilgit fīṇe, while nearby Dardic forms retain ē; Turner also notes dental/retroflex nasal variation. Schmidt and Kaul p. 281 item 277 support the Kohistani, Gurezi and Astori series, and Rajapurohit p. 77 item 22 independently gives Dras phīṇ; preserve vowel length, final vowels and n/ṇ, and exclude the separate Dras Schmidt record pending transcription review.",
f_ebw4bevrnfkti,12559,reflex,1,accepted,"CDIAL[12559, subsection 1];rajapurohit2012[p. 146, item 2028]",CDIAL 12559 subsection 1 śuṣyati explicitly lists Gilgit šušōiki and Kohistani/Gurezi šišyōnu dry up. Rajapurohit p. 146 item 2028 śuśyōno dry in the sun fits the same present-stem family and Dras infinitive formation; the adjacent r-bearing variant is excluded until its morphology and valency are resolved.,
f_6udvxyuru43la,f_4cybmqvuuujw2,derived,1,accepted,"rajapurohit2012[p. 114, items 1160–1161]","Rajapurohit p. 114, items 1160–1161, gives talūno thin immediately beside talunyār thinness. This supports a local abstract formation in -yār from the adjectival stem talun-, with shortening of ū and replacement of the masculine ending -o; the analysis is morphological, not an independent claim that Turner lists the abstract.",
f_p77v5jlnfyx6s,1962,reflex,1,accepted,CDIAL[1962],"CDIAL 1962 *udguru very heavy gives Shina aguru/haguro and neighboring nasal variants Chilasi uṅgūro and Palula uṅguro. Rajapurohit p. 112 item 1083 and p. 115 item 1175 independently print Dras aŋūro heavy, with the nasal consonant retained; this is assigned to that specifically prefixed family, with the ŋ versus g variation requiring dialectal comparison.",
f_zmvey4s55xoeo,f_p77v5jlnfyx6s,derived,1,accepted,"rajapurohit2012[p. 115, item 1175]","Rajapurohit p. 115 item 1175 explicitly contrasts aŋūro as adjective and aŋuryār as noun weight. Propose the local abstract in -yār from aŋur-, with vowel shortening and replacement of masculine -o; this preserves the immediate Shina adjective as parent rather than treating the abstract as directly attested under CDIAL 1962.",
f_tswnvcc6hkw56,12009,reflex,1,accepted,CDIAL[12009],"CDIAL 12009 vistīrṇa spread out/extensive gives Palula bistīṇu and the regional Bshk. bisin and Torwali bizin forms. Rajapurohit p. 110 item 1040 bistīṇi broad closely matches the Palula stem, including b-, retained st and retroflex ṇ, with an i-ending; the Shina assignment is a comparative inference, not an explicit Shina citation in Turner.",
f_wgfqpjsbnf3h6,f_tswnvcc6hkw56,derived,1,accepted,"rajapurohit2012[p. 110, item 1040, p. 115, item 1184]","Rajapurohit p. 115 item 1184 prints bistiṇyāt with variant bistiṇyār breadth, beside bistīṇi broad at p. 110 item 1040. Propose a local abstract from bistiṇ- in the productive -yār pattern; retain the explicitly printed final -t variant as a source variant needing review, rather than silently correcting it or claiming a regular r/t correspondence.",
f_kyzglpwuvo7fg,f_tswnvcc6hkw56,derived,1,accepted,"rajapurohit2012[p. 110, item 1040, p. 115, item 1184]","Rajapurohit p. 115 item 1184 prints bistiṇyāt with variant bistiṇyār breadth, beside bistīṇi broad at p. 110 item 1040. Propose a local abstract from bistiṇ- in the productive -yār pattern; retain the explicitly printed final -t variant as a source variant needing review, rather than silently correcting it or claiming a regular r/t correspondence.",
f_zt2tnveukyqws,10830,reflex,1,accepted,CDIAL[10830],"CDIAL 10830 rōgya explicitly lists Shina rog/rok illness, distinct from the remote rōga head and from the adjoining Kashmiri borrowing note. Rajapurohit p. 89 item 369 rōk disease matches Turner’s voiceless-final variant; the historical parent is therefore the specific rōgya entry.",
f_ptp2suctvc5iq,f_vlktnwhbwt7ku,component,1,accepted,rajapurohit2012,"Rajapurohit p. 92 item 492 prints dono rok toothache, immediately after don/doni tooth. The linking -o marks the dependent tooth component; represent the two Shina components in order, preserving the short vowel in this compound’s rok versus the independent rōk disease.",1
f_ptp2suctvc5iq,f_zt2tnveukyqws,component,1,accepted,rajapurohit2012,"Rajapurohit p. 92 item 492 prints dono rok toothache, immediately after don/doni tooth. The linking -o marks the dependent tooth component; represent the two Shina components in order, preserving the short vowel in this compound’s rok versus the independent rōk disease.",2
f_jhnmracvbad2a,f_7hrjftimgtksw,component,1,accepted,rajapurohit2012;schmidt;rajapurohit2012,"Rajapurohit p. 89 items 371–372 pairs koṇ ear with koṇo rōk earache. This is a local ear + disease compound with the dependent -o form of the body part, parallel to the source’s toothache construction.",1
f_jhnmracvbad2a,f_zt2tnveukyqws,component,1,accepted,rajapurohit2012;schmidt;rajapurohit2012,"Rajapurohit p. 89 items 371–372 pairs koṇ ear with koṇo rōk earache. This is a local ear + disease compound with the dependent -o form of the body part, parallel to the source’s toothache construction.",2
f_f7mshpiagro4a,f_23svgfvh74tuu,component,1,accepted,rajapurohit2012,Rajapurohit p. 90 items 404–405 gives ṣíṣ head and ṣíṣo rōk headache. Both components are independently attested in the same Dras glossary; retain the ordered local components rather than assigning the whole expression directly to a Sanskrit disease name.,1
f_f7mshpiagro4a,f_zt2tnveukyqws,component,1,accepted,rajapurohit2012,Rajapurohit p. 90 items 404–405 gives ṣíṣ head and ṣíṣo rōk headache. Both components are independently attested in the same Dras glossary; retain the ordered local components rather than assigning the whole expression directly to a Sanskrit disease name.,2
f_rp3tiey4gh5us,f_b6tq7ny6reab6,component,1,accepted,rajapurohit2012,"Rajapurohit p. 90 items 407–408 gives hīv heart and hīv rōk heart disease. Unlike the tooth/head compounds, this expression has no printed -o linker; preserve the attested juxtaposition of the two local nouns.",1
f_rp3tiey4gh5us,f_zt2tnveukyqws,component,1,accepted,rajapurohit2012,"Rajapurohit p. 90 items 407–408 gives hīv heart and hīv rōk heart disease. Unlike the tooth/head compounds, this expression has no printed -o linker; preserve the attested juxtaposition of the two local nouns.",2
f_jxtz44zybv23o,f_apc4x6cvn7zc4,component,1,accepted,rajapurohit2012,"Rajapurohit p. 92 items 468–469 gives com skin and cōmo rōk skin disease. Propose ordered skin + disease components, retaining the lengthened compound vowel and -o dependent form rather than silently normalizing them to the independent headword.",1
f_jxtz44zybv23o,f_zt2tnveukyqws,component,1,accepted,rajapurohit2012,"Rajapurohit p. 92 items 468–469 gives com skin and cōmo rōk skin disease. Propose ordered skin + disease components, retaining the lengthened compound vowel and -o dependent form rather than silently normalizing them to the independent headword.",2
f_zevdj44guycym,f_mtj2rgces6w3s,component,1,accepted,rajapurohit2012,"Rajapurohit p. 93 item 509 gives dōno mōs beef. Both bull dōno and flesh mōs are independently attested in the same Dras glossary; this selects the cattle word rather than the short-vowel don tooth, and uses the unambiguous flesh record rather than the separate merged flesh/month record.",1
f_zevdj44guycym,f_k4hhbo6tmni6k,component,1,accepted,rajapurohit2012,"Rajapurohit p. 93 item 509 gives dōno mōs beef. Both bull dōno and flesh mōs are independently attested in the same Dras glossary; this selects the cattle word rather than the short-vowel don tooth, and uses the unambiguous flesh record rather than the separate merged flesh/month record.",2
f_bfienqg242jfo,12370,reflex,1,accepted,CDIAL[12370],CDIAL 12370 subsection 1 śāka potherb/vegetable explicitly gives Shina šā and Palula šō. Rajapurohit p. 107 item 930 śā vegetable matches the Shina form with loss of medial k; distinguish this from subsection 2 śākin vegetable grower and from the teak-tree homonym in 12369.,
