kh,,geʔgeʔ laʔăna,"itch, will itch",ग़ेड ग़ेड ला'ना,geʔgeʔ laʔăna,,"living-kharia2026[entry 00BTp0Sa0MADcCDOsFaE, sense d03b7b11-d7a3-4549-850f-cd3499a58fc5]",,,living-kharia2026:00BTp0Sa0MADcCDOsFaE:sense:d03b7b11-d7a3-4549-850f-cd3499a58fc5:reading:1:v1,,,,dialect:kh:dhelki:Dhelki dialect:kh:dudh:Dudh uncertain
kh,,gʰoltʰomsiŋ,nineteen,घोलथोमसिङ,gʰoltʰomsiŋ,,"living-kharia2026[entry 07kAzxrtJ6sCYlXQXIep, sense 0647e219-d481-4a47-b8bb-3050c94f06da]",,,living-kharia2026:07kAzxrtJ6sCYlXQXIep:sense:0647e219-d481-4a47-b8bb-3050c94f06da:reading:1:v1,,,,dialect:kh:dhelki:Dhelki dialect:kh:dudh:Dudh
kh,,kosor,dry,कोसोर,kosor,,"living-kharia2026[entry 0NYFg7nKl1PXshpKkeJ8, sense 44e23d72-7cae-4993-8bdf-f62f957467e0]",,,living-kharia2026:0NYFg7nKl1PXshpKkeJ8:sense:44e23d72-7cae-4993-8bdf-f62f957467e0:reading:1:v1,,,,dialect:kh:dhelki:Dhelki dialect:kh:dudh:Dudh
kh,,ikuʈikuʈbaruɖaʔ,thank you,इकुड बारूडा',ikuʈikuʈbaruɖaʔ,,"living-kharia2026[entry 0Pf71pVzQ1QMnst45oWZ, sense 1b0c5c28-bf65-4150-a573-7ccd5565ee55]",,,living-kharia2026:0Pf71pVzQ1QMnst45oWZ:sense:1b0c5c28-bf65-4150-a573-7ccd5565ee55:reading:1:v1,,,,dialect:kh:dhelki:Dhelki dialect:kh:dudh:Dudh
kh,,kenɖoˀɖ,frog,केंडो'ड,kenɖoˀɖ,,"living-kharia2026[entry 0Y90rMm5JenQlgsdFJDw, sense a21c9bbf-5e67-4782-85b2-8c5e69d3d3d7]",,,living-kharia2026:0Y90rMm5JenQlgsdFJDw:sense:a21c9bbf-5e67-4782-85b2-8c5e69d3d3d7:reading:1:v1,,,,dialect:kh:dhelki:Dhelki dialect:kh:dudh:Dudh uncertain
kh,,paŋkʰa,fan,पंखा,paŋkʰa,,"living-kharia2026[entry 0oCo0lW3vlqA7U6asltj, sense c603e130-b8bb-497a-ba18-0fbdf26fbff2]",,,living-kharia2026:0oCo0lW3vlqA7U6asltj:sense:c603e130-b8bb-497a-ba18-0fbdf26fbff2:reading:1:v1,,,,dialect:kh:dhelki:Dhelki dialect:kh:dudh:Dudh
kh,,bakla,bark,बकला,bakla,,"living-kharia2026[entry 10w1OGPTQig8Pky0nY1v, sense 951762c0-212c-4bfc-bdd9-e172d9e33163]",,,living-kharia2026:10w1OGPTQig8Pky0nY1v:sense:951762c0-212c-4bfc-bdd9-e172d9e33163:reading:1:v1,,,,dialect:kh:dhelki:Dhelki dialect:kh:dudh:Dudh
kh,,makʰrel,January,म'घरेल,makʰrel,,"living-kharia2026[entry 16YgoYhHHrRTaJyFZ63I, sense c0b80728-3952-4794-98e8-fc5b8c50fd70]",,,living-kharia2026:16YgoYhHHrRTaJyFZ63I:sense:c0b80728-3952-4794-98e8-fc5b8c50fd70:reading:1:v1,,,,dialect:kh:dhelki:Dhelki dialect:kh:dudh:Dudh
kh,,maʔgʰrel,January,म'घरेल,maʔgʰrel,,"living-kharia2026[entry 16YgoYhHHrRTaJyFZ63I, sense c0b80728-3952-4794-98e8-fc5b8c50fd70]",,,living-kharia2026:16YgoYhHHrRTaJyFZ63I:sense:c0b80728-3952-4794-98e8-fc5b8c50fd70:reading:1:v2,living-kharia2026:16YgoYhHHrRTaJyFZ63I:sense:c0b80728-3952-4794-98e8-fc5b8c50fd70:reading:1:v1,,,dialect:kh:dhelki:Dhelki dialect:kh:dudh:Dudh
kh,,bʰordaʔă,toad,भोरंडा,bʰordaʔă,,"living-kharia2026[entry 1QNUKqDDiWjJ6ocfULPM, sense 7fd03b55-7b89-4116-8915-4b32f6c87a8f]",,,living-kharia2026:1QNUKqDDiWjJ6ocfULPM:sense:7fd03b55-7b89-4116-8915-4b32f6c87a8f:reading:1:v1,,,,dialect:kh:dhelki:Dhelki dialect:kh:dudh:Dudh uncertain
kh,,ayuiɲ,my mother,आयोईंञ,ayuiɲ,,"living-kharia2026[entry 1Rio7ZVLBNCo1MWHwpVK, sense 605fb874-4737-4aac-8ca3-3c3a04bcfd13]",,,living-kharia2026:1Rio7ZVLBNCo1MWHwpVK:sense:605fb874-4737-4aac-8ca3-3c3a04bcfd13:reading:1:v1,,,,dialect:kh:dhelki:Dhelki dialect:kh:dudh:Dudh
kh,,cutiya,rat,चुटिया,cutiya,,"living-kharia2026[entry 22lVekTpiRqq1SuDkwOB, sense 8e3a0ffa-6930-4bf9-b6c9-f3835c44cc55]",,,living-kharia2026:22lVekTpiRqq1SuDkwOB:sense:8e3a0ffa-6930-4bf9-b6c9-f3835c44cc55:reading:1:v1,,,,dialect:kh:dhelki:Dhelki dialect:kh:dudh:Dudh
kh,,cuʈiya,rat,चुटिया,cuʈiya,,"living-kharia2026[entry 22lVekTpiRqq1SuDkwOB, sense 8e3a0ffa-6930-4bf9-b6c9-f3835c44cc55]",,,living-kharia2026:22lVekTpiRqq1SuDkwOB:sense:8e3a0ffa-6930-4bf9-b6c9-f3835c44cc55:reading:1:v2,living-kharia2026:22lVekTpiRqq1SuDkwOB:sense:8e3a0ffa-6930-4bf9-b6c9-f3835c44cc55:reading:1:v1,,,dialect:kh:dhelki:Dhelki dialect:kh:dudh:Dudh
kh,,gʰurserel,August,घुड़सेरेल,gʰurserel,,"living-kharia2026[entry 2apSL5zRqqsXhK49lwEv, sense 9949b7ef-300f-418b-93e8-9700b958d636]",,,living-kharia2026:2apSL5zRqqsXhK49lwEv:sense:9949b7ef-300f-418b-93e8-9700b958d636:reading:1:v1,,,,dialect:kh:dhelki:Dhelki dialect:kh:dudh:Dudh
kh,,gʰuŋserel,August,घुड़सेरेल,gʰuŋserel,,"living-kharia2026[entry 2apSL5zRqqsXhK49lwEv, sense 9949b7ef-300f-418b-93e8-9700b958d636]",,,living-kharia2026:2apSL5zRqqsXhK49lwEv:sense:9949b7ef-300f-418b-93e8-9700b958d636:reading:1:v2,living-kharia2026:2apSL5zRqqsXhK49lwEv:sense:9949b7ef-300f-418b-93e8-9700b958d636:reading:1:v1,,,dialect:kh:dhelki:Dhelki dialect:kh:dudh:Dudh
kh,,gʰuŋsrel,August,घुड़सेरेल,gʰuŋsrel,,"living-kharia2026[entry 2apSL5zRqqsXhK49lwEv, sense 9949b7ef-300f-418b-93e8-9700b958d636]",,,living-kharia2026:2apSL5zRqqsXhK49lwEv:sense:9949b7ef-300f-418b-93e8-9700b958d636:reading:1:v3,living-kharia2026:2apSL5zRqqsXhK49lwEv:sense:9949b7ef-300f-418b-93e8-9700b958d636:reading:1:v1,,,dialect:kh:dhelki:Dhelki dialect:kh:dudh:Dudh
kh,,hokaɽ ro iɲ colnajar,he + I are going,होकड़ रो ईंञ चोनाजार,hokaɽ ro iɲ colnajar,,"living-kharia2026[entry 2lPtUeh6Qy2T3j0Xfe5X, sense 558c3cb8-8580-435b-b1a3-2efe0c4f0c7d]",,,living-kharia2026:2lPtUeh6Qy2T3j0Xfe5X:sense:558c3cb8-8580-435b-b1a3-2efe0c4f0c7d:reading:1:v1,,,,dialect:kh:dhelki:Dhelki dialect:kh:dudh:Dudh
kh,,koroˀbna,silent,कोरो'बना,koroˀbna,,"living-kharia2026[entry 2rTbx8K53BLTw8Owrkd1, sense 67ad1b8c-fc77-41e7-896f-84c12328230c]",,,living-kharia2026:2rTbx8K53BLTw8Owrkd1:sense:67ad1b8c-fc77-41e7-896f-84c12328230c:reading:1:v1,,,,dialect:kh:dhelki:Dhelki dialect:kh:dudh:Dudh uncertain
kh,,goŋna,cooked,गोङना,goŋna,,"living-kharia2026[entry 2xG1pm5zPvHVIPiKg5BH, sense 31a62d64-0475-4e0d-bb27-3da6cd301ad2]",,,living-kharia2026:2xG1pm5zPvHVIPiKg5BH:sense:31a62d64-0475-4e0d-bb27-3da6cd301ad2:reading:1:v1,,,,dialect:kh:dhelki:Dhelki dialect:kh:dudh:Dudh
kh,,gʰolmoloy,fifteen,घोलमोलोय,gʰolmoloy,,"living-kharia2026[entry 2yjbjugZ9JXl1isr4qbZ, sense f1e5cc17-4a0d-4e88-80ad-ca44584b0daf]",,,living-kharia2026:2yjbjugZ9JXl1isr4qbZ:sense:f1e5cc17-4a0d-4e88-80ad-ca44584b0daf:reading:1:v1,,,,dialect:kh:dhelki:Dhelki dialect:kh:dudh:Dudh
kh,,ɖobʰa,puddle,डोभा,ɖobʰa,,"living-kharia2026[entry 3eaUPHnT0WoqCCoBe8WD, sense 812c7ce0-06ea-42ba-a457-a2133c3a6a5b]",,,living-kharia2026:3eaUPHnT0WoqCCoBe8WD:sense:812c7ce0-06ea-42ba-a457-a2133c3a6a5b:reading:1:v1,,,,dialect:kh:dhelki:Dhelki dialect:kh:dudh:Dudh
kh,,juɽuwa,twin,जुड़वा,juɽuwa,,"living-kharia2026[entry 3mUEdEU6M40Nauet29CZ, sense 61afdfcd-7cb1-4c87-9931-b611a7719ec3]",,,living-kharia2026:3mUEdEU6M40Nauet29CZ:sense:61afdfcd-7cb1-4c87-9931-b611a7719ec3:reading:1:v1,,,,dialect:kh:dhelki:Dhelki dialect:kh:dudh:Dudh
kh,,musa,today,मूसा,musa,,"living-kharia2026[entry 3oBHj2KMmfEilzjXqs5r, sense 06334432-023b-416f-943d-ccfe548fbf4c]",,,living-kharia2026:3oBHj2KMmfEilzjXqs5r:sense:06334432-023b-416f-943d-ccfe548fbf4c:reading:1:v1,,,,dialect:kh:dhelki:Dhelki dialect:kh:dudh:Dudh
kh,,ʔuˀɖ,mushroom,उ'ड,ʔuˀɖ,,"living-kharia2026[entry 4W1TiM4lqPhW3Ei0VLyV, sense c41aad80-a3a9-441c-ad75-d22cca099a03]",,,living-kharia2026:4W1TiM4lqPhW3Ei0VLyV:sense:c41aad80-a3a9-441c-ad75-d22cca099a03:reading:1:v1,,,,dialect:kh:dhelki:Dhelki dialect:kh:dudh:Dudh uncertain
kh,,uˀɖ,mushroom,उ'ड,uˀɖ,,"living-kharia2026[entry 4W1TiM4lqPhW3Ei0VLyV, sense c41aad80-a3a9-441c-ad75-d22cca099a03]",,,living-kharia2026:4W1TiM4lqPhW3Ei0VLyV:sense:c41aad80-a3a9-441c-ad75-d22cca099a03:reading:1:v2,living-kharia2026:4W1TiM4lqPhW3Ei0VLyV:sense:c41aad80-a3a9-441c-ad75-d22cca099a03:reading:1:v1,,,dialect:kh:dhelki:Dhelki dialect:kh:dudh:Dudh uncertain
kh,,ɲelõ,dark,ञेंलोङ,ɲelõ,,"living-kharia2026[entry 4Zhse7ug501XJZM3PwIw, sense 63ad000b-50ac-4fe8-b398-e084dfe6d246]",,,living-kharia2026:4Zhse7ug501XJZM3PwIw:sense:63ad000b-50ac-4fe8-b398-e084dfe6d246:reading:1:v1,,,,dialect:kh:dhelki:Dhelki dialect:kh:dudh:Dudh
kh,,ɖama,now,तमा,ɖama,,"living-kharia2026[entry 4qUTf2II4aNbs0Hv25ml, sense dc167f5b-f97a-42e2-b983-058b916aa05b]",,,living-kharia2026:4qUTf2II4aNbs0Hv25ml:sense:dc167f5b-f97a-42e2-b983-058b916aa05b:reading:1:v1,,,,dialect:kh:dhelki:Dhelki dialect:kh:dudh:Dudh
kh,,tonme,new,तोनमे,tonme,,"living-kharia2026[entry 4s5PqLpaUxTj8b6gOPCh, sense f600d9d3-62ad-4f7f-bc32-7e06e50796c7]",,,living-kharia2026:4s5PqLpaUxTj8b6gOPCh:sense:f600d9d3-62ad-4f7f-bc32-7e06e50796c7:reading:1:v1,,,,dialect:kh:dhelki:Dhelki dialect:kh:dudh:Dudh
kh,,uber,second,उबर,uber,,"living-kharia2026[entry 4v4bV5DLFC2bmF4PQpv6, sense f4f49dd6-46f8-4a78-9107-a5dea501ffa4]",,,living-kharia2026:4v4bV5DLFC2bmF4PQpv6:sense:f4f49dd6-46f8-4a78-9107-a5dea501ffa4:reading:1:v1,,,,dialect:kh:dhelki:Dhelki dialect:kh:dudh:Dudh
kh,,ubar,second,उबर,ubar,,"living-kharia2026[entry 4v4bV5DLFC2bmF4PQpv6, sense f4f49dd6-46f8-4a78-9107-a5dea501ffa4]",,,living-kharia2026:4v4bV5DLFC2bmF4PQpv6:sense:f4f49dd6-46f8-4a78-9107-a5dea501ffa4:reading:1:v2,living-kharia2026:4v4bV5DLFC2bmF4PQpv6:sense:f4f49dd6-46f8-4a78-9107-a5dea501ffa4:reading:1:v1,,,dialect:kh:dhelki:Dhelki dialect:kh:dudh:Dudh
kh,,maha,big,महा,maha,,"living-kharia2026[entry 4ytVkZvmZRxpjdpJ7m9K, sense 7d7d304e-77bc-46b0-8cb0-1cbbe51ffece]",,,living-kharia2026:4ytVkZvmZRxpjdpJ7m9K:sense:7d7d304e-77bc-46b0-8cb0-1cbbe51ffece:reading:1:v1,,,,dialect:kh:dhelki:Dhelki dialect:kh:dudh:Dudh
kh,,paɽoŋ,strength,पाड़ोम,paɽoŋ,,"living-kharia2026[entry 5287u5b6Mk4AsHwOurX5, sense 8ab0fd36-e3f3-4db0-a910-dfa6cf7d4c44]",,,living-kharia2026:5287u5b6Mk4AsHwOurX5:sense:8ab0fd36-e3f3-4db0-a910-dfa6cf7d4c44:reading:1:v1,,,,dialect:kh:dhelki:Dhelki dialect:kh:dudh:Dudh
kh,,kuluʔŭneiɲ,my child,कुंड़ु'नाइङ,kuluʔŭneiɲ,(same as baby),"living-kharia2026[entry 5ECQSTggeSDRUr4niLSU, sense 95717359-b1aa-4a02-9bc0-1f7a6bc88d01]",,,living-kharia2026:5ECQSTggeSDRUr4niLSU:sense:95717359-b1aa-4a02-9bc0-1f7a6bc88d01:reading:1:v1,,,,dialect:kh:dhelki:Dhelki dialect:kh:dudh:Dudh uncertain
kh,,kowaʔă,crow,कौवा',kowaʔă,,"living-kharia2026[entry 5Kg9EKfbjORecyVDpNxN, sense 35a90a5f-aa79-45e3-a349-56aee0fe44e7]",,,living-kharia2026:5Kg9EKfbjORecyVDpNxN:sense:35a90a5f-aa79-45e3-a349-56aee0fe44e7:reading:1:v1,,,,dialect:kh:dhelki:Dhelki uncertain
kh,,hokaɽ ro iɲ colgotkijar,he + I went,होकड़ रो ईंञ चोलगो'डकिजार,hokaɽ ro iɲ colgotkijar,,"living-kharia2026[entry 5bGIr8k5xP3fs9sb5oa4, sense c377e417-e76d-472d-a389-c964a2aff156]",,,living-kharia2026:5bGIr8k5xP3fs9sb5oa4:sense:c377e417-e76d-472d-a389-c964a2aff156:reading:1:v1,,,,dialect:kh:dhelki:Dhelki dialect:kh:dudh:Dudh
kh,,ambar boriya colkibar,you two went,आम्बार बोरिया चोलकीबार,ambar boriya colkibar,,"living-kharia2026[entry 5bnDGZK4pW8y1IQCHA01, sense b018c146-5eed-4c4a-9ecb-1d2f659bc794]",,,living-kharia2026:5bnDGZK4pW8y1IQCHA01:sense:b018c146-5eed-4c4a-9ecb-1d2f659bc794:reading:1:v1,,,,dialect:kh:dhelki:Dhelki dialect:kh:dudh:Dudh
kh,,barikɽi,forty,बर इकड़ी,barikɽi,,"living-kharia2026[entry 5hJmuZAFL8tUTXrWQyYO, sense 0746df24-e481-4644-954c-3e20e571931c]",,,living-kharia2026:5hJmuZAFL8tUTXrWQyYO:sense:0746df24-e481-4644-954c-3e20e571931c:reading:1:v1,,,,dialect:kh:dudh:Dudh
kh,,biˀɖbʰrel,April,बि'ड्भेरेल,biˀɖbʰrel,,"living-kharia2026[entry 5sQBFD2gPfXsyw9xr9iB, sense df931a55-204d-49b4-baed-d34725a6cfc3]",,,living-kharia2026:5sQBFD2gPfXsyw9xr9iB:sense:df931a55-204d-49b4-baed-d34725a6cfc3:reading:1:v1,,,,dialect:kh:dhelki:Dhelki dialect:kh:dudh:Dudh uncertain
kh,,mahatoʔŏ,Thursday,महातो',mahatoʔŏ,,"living-kharia2026[entry 5wia6GL4V36RHio12ApL, sense e78f61ef-dac6-4c13-b225-ad7e492089e4]",,,living-kharia2026:5wia6GL4V36RHio12ApL:sense:e78f61ef-dac6-4c13-b225-ad7e492089e4:reading:1:v1,,,,dialect:kh:dhelki:Dhelki dialect:kh:dudh:Dudh uncertain
kh,,macan,hammock,मचान,macan,,"living-kharia2026[entry 62FQamQrku0qDiGTVjMK, sense ce10ed32-72cc-48cc-976d-551684e57edf]",,,living-kharia2026:62FQamQrku0qDiGTVjMK:sense:ce10ed32-72cc-48cc-976d-551684e57edf:reading:1:v1,,,,dialect:kh:dhelki:Dhelki dialect:kh:dudh:Dudh
kh,,ʈʰoreduk,little,थोड़े डू',ʈʰoreduk,,"living-kharia2026[entry 65Hd9qX7AqT16kH6bcDr, sense 7077a58d-68c4-49bb-b331-d59aaf235740]",,,living-kharia2026:65Hd9qX7AqT16kH6bcDr:sense:7077a58d-68c4-49bb-b331-d59aaf235740:reading:1:v1,,,,dialect:kh:dhelki:Dhelki dialect:kh:dudh:Dudh
kh,,keniya,bride,कनिया,keniya,,"living-kharia2026[entry 6MEhOvzzlk7f4V54zICm, sense 3e70f54c-28f9-4be4-8d0f-52d20cf236ca]",,,living-kharia2026:6MEhOvzzlk7f4V54zICm:sense:3e70f54c-28f9-4be4-8d0f-52d20cf236ca:reading:1:v1,,,,dialect:kh:dhelki:Dhelki dialect:kh:dudh:Dudh
kh,,eɽia,elderly,एंड़ीया,eɽia,,"living-kharia2026[entry 6PchcC6NaK4MzQzDgep1, sense f9b7c7c9-21ee-45ac-801d-3e3692d784a1]",,,living-kharia2026:6PchcC6NaK4MzQzDgep1:sense:f9b7c7c9-21ee-45ac-801d-3e3692d784a1:reading:1:v1,,,,dialect:kh:dhelki:Dhelki dialect:kh:dudh:Dudh
kh,,pʰukuna,pipe,फुकना,pʰukuna,,"living-kharia2026[entry 6cIuyN8KGQEkvurd9EF6, sense c93ada5e-2e1c-402c-b1f4-dd2bd7242221]",,,living-kharia2026:6cIuyN8KGQEkvurd9EF6:sense:c93ada5e-2e1c-402c-b1f4-dd2bd7242221:reading:1:v1,,,,dialect:kh:dhelki:Dhelki dialect:kh:dudh:Dudh
kh,,hokaɽ,she,होकड़,hokaɽ,,"living-kharia2026[entry 6eyw5BVYnUKCSUhSJhuB, sense 9f0f5629-570e-41bc-844d-a6d69b73df2d]",,,living-kharia2026:6eyw5BVYnUKCSUhSJhuB:sense:9f0f5629-570e-41bc-844d-a6d69b73df2d:reading:1:v1,,,,dialect:kh:dhelki:Dhelki dialect:kh:dudh:Dudh
kh,,beʈak,boy,बेटा,beʈak,,"living-kharia2026[entry 6liVW493vgt3KYmO8YIN, sense acd80cc0-64ec-4d71-ad06-bc905132d687]",,,living-kharia2026:6liVW493vgt3KYmO8YIN:sense:acd80cc0-64ec-4d71-ad06-bc905132d687:reading:1:v1,,,,dialect:kh:dhelki:Dhelki dialect:kh:dudh:Dudh
kh,,beʈa,boy,बेटा,beʈa,,"living-kharia2026[entry 6liVW493vgt3KYmO8YIN, sense acd80cc0-64ec-4d71-ad06-bc905132d687]",,,living-kharia2026:6liVW493vgt3KYmO8YIN:sense:acd80cc0-64ec-4d71-ad06-bc905132d687:reading:1:v2,living-kharia2026:6liVW493vgt3KYmO8YIN:sense:acd80cc0-64ec-4d71-ad06-bc905132d687:reading:1:v1,,,dialect:kh:dhelki:Dhelki dialect:kh:dudh:Dudh
kh,,pul,bridge,पुल,pul,,"living-kharia2026[entry 6uRIbiHSSjwjdiVkR5AP, sense 60a9e37e-aca2-4e0c-8f51-cdebfa533195]",,,living-kharia2026:6uRIbiHSSjwjdiVkR5AP:sense:60a9e37e-aca2-4e0c-8f51-cdebfa533195:reading:1:v1,,,,dialect:kh:dhelki:Dhelki dialect:kh:dudh:Dudh
kh,,ambar boriya dʰaimbar,you two go,अमबार बोरिया धांयबार,ambar boriya dʰaimbar,,"living-kharia2026[entry 6vQVMtP0yMtVYLoP7Axh, sense 1dec6e2e-8f00-4a76-a96f-27c2a750b6a8]",,,living-kharia2026:6vQVMtP0yMtVYLoP7Axh:sense:1dec6e2e-8f00-4a76-a96f-27c2a750b6a8:reading:1:v1,,,,dialect:kh:dhelki:Dhelki dialect:kh:dudh:Dudh
kh,,urum,hot,उरुम,urum,,"living-kharia2026[entry 6xXwf5UafInzzIJvosGd, sense 8ee11131-c7c7-462a-85d1-41dc01784f8f]",,,living-kharia2026:6xXwf5UafInzzIJvosGd:sense:8ee11131-c7c7-462a-85d1-41dc01784f8f:reading:1:v1,,,,dialect:kh:dhelki:Dhelki dialect:kh:dudh:Dudh
kh,,bisʔkʰaɽiunlaʔăteʔ,bad smell,बेस घांड़ी अम ला'ताएज,bisʔkʰaɽiunlaʔăteʔ,,"living-kharia2026[entry 77NUpqRyXDx0wtlovJKf, sense e5de6942-9556-43f9-a132-f705021a5899]",,,living-kharia2026:77NUpqRyXDx0wtlovJKf:sense:e5de6942-9556-43f9-a132-f705021a5899:reading:1:v1,,,,dialect:kh:dhelki:Dhelki dialect:kh:dudh:Dudh uncertain
kh,,munoʔŏsiŋ,east,मुनु'सिङ,munoʔŏsiŋ,,"living-kharia2026[entry 7Qh6xJgnxO8iZywkO3rd, sense cc14e351-2129-40f5-9e3e-65597db2165e]",,,living-kharia2026:7Qh6xJgnxO8iZywkO3rd:sense:cc14e351-2129-40f5-9e3e-65597db2165e:reading:1:v1,,,,dialect:kh:dhelki:Dhelki dialect:kh:dudh:Dudh uncertain
kh,,munuʔsiŋ,east,मुनु'सिङ,munuʔsiŋ,,"living-kharia2026[entry 7Qh6xJgnxO8iZywkO3rd, sense cc14e351-2129-40f5-9e3e-65597db2165e]",,,living-kharia2026:7Qh6xJgnxO8iZywkO3rd:sense:cc14e351-2129-40f5-9e3e-65597db2165e:reading:1:v2,living-kharia2026:7Qh6xJgnxO8iZywkO3rd:sense:cc14e351-2129-40f5-9e3e-65597db2165e:reading:1:v1,,,dialect:kh:dhelki:Dhelki dialect:kh:dudh:Dudh uncertain
kh,,konon oʔŏ,small house,कोनोन ओ',konon oʔŏ,,"living-kharia2026[entry 7VCmDYlRNbfJ51RVRfRj, sense 6908c95e-9504-4d64-ada1-9577f14d3403]",,,living-kharia2026:7VCmDYlRNbfJ51RVRfRj:sense:6908c95e-9504-4d64-ada1-9577f14d3403:reading:1:v1,,,,dialect:kh:dhelki:Dhelki dialect:kh:dudh:Dudh uncertain
kh,,sapʰana,clean,सफाना,sapʰana,,"living-kharia2026[entry 81G6lxbX8cIFiWR9clQU, sense be8fab88-1881-4547-8879-4bea3e617e8b]",,,living-kharia2026:81G6lxbX8cIFiWR9clQU:sense:be8fab88-1881-4547-8879-4bea3e617e8b:reading:1:v1,,,,dialect:kh:dhelki:Dhelki dialect:kh:dudh:Dudh
kh,,kiɽoʔŏ,tiger,किड़ो',kiɽoʔŏ,,"living-kharia2026[entry 81IIRhbRnTM1I01eLIJK, sense ee07c174-494d-49d0-a239-4f445a814de5]",,,living-kharia2026:81IIRhbRnTM1I01eLIJK:sense:ee07c174-494d-49d0-a239-4f445a814de5:reading:1:v1,,,,dialect:kh:dhelki:Dhelki dialect:kh:dudh:Dudh uncertain
kh,,luku,fruit,लुकु,luku,,"living-kharia2026[entry 8AU3E3DLAuM0k4gckJhD, sense 82077a8b-199d-440c-9717-411f199a66d2]",,,living-kharia2026:8AU3E3DLAuM0k4gckJhD:sense:82077a8b-199d-440c-9717-411f199a66d2:reading:1:v1,,,,dialect:kh:dhelki:Dhelki dialect:kh:dudh:Dudh
kh,,muntibaʔ,day before yesterday,मंडीबा',muntibaʔ,,"living-kharia2026[entry 8aN5IJASkBVwxyvPt9Ep, sense 69fcae73-a059-4865-aefc-5fb31d42b4f2]",,,living-kharia2026:8aN5IJASkBVwxyvPt9Ep:sense:69fcae73-a059-4865-aefc-5fb31d42b4f2:reading:1:v1,,,,dialect:kh:dhelki:Dhelki dialect:kh:dudh:Dudh
kh,,muʔŭɖaʔă,ant,मु'ज्डा',muʔŭɖaʔă,,"living-kharia2026[entry 8f6a9SRKzBgdmewyRVdu, sense ed4760e6-e676-4ee9-ae64-d267f134d68e]",,,living-kharia2026:8f6a9SRKzBgdmewyRVdu:sense:ed4760e6-e676-4ee9-ae64-d267f134d68e:reading:1:v1,,,,dialect:kh:dhelki:Dhelki dialect:kh:dudh:Dudh uncertain
kh,,muˀjɖaʔ,ant,मु'ज्डा',muˀjɖaʔ,,"living-kharia2026[entry 8f6a9SRKzBgdmewyRVdu, sense ed4760e6-e676-4ee9-ae64-d267f134d68e]",,,living-kharia2026:8f6a9SRKzBgdmewyRVdu:sense:ed4760e6-e676-4ee9-ae64-d267f134d68e:reading:1:v2,living-kharia2026:8f6a9SRKzBgdmewyRVdu:sense:ed4760e6-e676-4ee9-ae64-d267f134d68e:reading:1:v1,,,dialect:kh:dhelki:Dhelki dialect:kh:dudh:Dudh uncertain
kh,,ajeɲ,my paternal grandfather,आजाईंञ,ajeɲ,,"living-kharia2026[entry 8jnz7GsPrFgno1vyjGeO, sense 83d36637-fa3e-4825-96a1-801f104bbf52]",,,living-kharia2026:8jnz7GsPrFgno1vyjGeO:sense:83d36637-fa3e-4825-96a1-801f104bbf52:reading:1:v1,,,,dialect:kh:dhelki:Dhelki dialect:kh:dudh:Dudh
kh,,sasurneiɲ,my father-in-law,ससुरनाईंञ,sasurneiɲ,,"living-kharia2026[entry 8u5Zmr3ywQ0VOrSeBu5a, sense 86fdb4a5-fe5b-46bd-b892-acd261b7b04a]",,,living-kharia2026:8u5Zmr3ywQ0VOrSeBu5a:sense:86fdb4a5-fe5b-46bd-b892-acd261b7b04a:reading:1:v1,,,,dialect:kh:dhelki:Dhelki dialect:kh:dudh:Dudh
kh,,soʔboʔte,everywhere,सोबबो'ते,soʔboʔte,,"living-kharia2026[entry 8z6BejbcLNcnwz67UNyT, sense b645c725-e977-4b24-87c4-762ccf6dacaa]",,,living-kharia2026:8z6BejbcLNcnwz67UNyT:sense:b645c725-e977-4b24-87c4-762ccf6dacaa:reading:1:v1,,,,dialect:kh:dhelki:Dhelki dialect:kh:dudh:Dudh
kh,,iɲ colnaiŋ,I will go,ईंञ चोनाईंञ,iɲ colnaiŋ,,"living-kharia2026[entry 9HrPhpQBIWNmzGOOUL7j, sense 1c8591ab-11d6-4422-9d66-6275cb5d27af]",,,living-kharia2026:9HrPhpQBIWNmzGOOUL7j:sense:1c8591ab-11d6-4422-9d66-6275cb5d27af:reading:1:v1,,,,dialect:kh:dhelki:Dhelki dialect:kh:dudh:Dudh
kh,,am ro iɲ colna laʔăkinaŋ,you + I were going,आम रो ईंञ चोनाला'किनाङ,am ro iɲ colna laʔăkinaŋ,,"living-kharia2026[entry 9ZAkbRjGboPl4ZeMkCds, sense c3932e90-65f3-4181-a874-36ae5ff7ef1c]",,,living-kharia2026:9ZAkbRjGboPl4ZeMkCds:sense:c3932e90-65f3-4181-a874-36ae5ff7ef1c:reading:1:v1,,,,dialect:kh:dhelki:Dhelki dialect:kh:dudh:Dudh uncertain
kh,,ɖain,witch,डाइन,ɖain,,"living-kharia2026[entry 9a9QKN6G95tyj0WR8Zeu, sense 22de151a-daae-4de9-99b5-24df1029e4c8]",,,living-kharia2026:9a9QKN6G95tyj0WR8Zeu:sense:22de151a-daae-4de9-99b5-24df1029e4c8:reading:1:v1,,,,dialect:kh:dhelki:Dhelki dialect:kh:dudh:Dudh
kh,,seʔĕ,louse - head,से',seʔĕ,,"living-kharia2026[entry 9egayA6oXQtuGCkM2dBP, sense 31a00abb-9359-46ce-84cd-5aa09fa89342]",,,living-kharia2026:9egayA6oXQtuGCkM2dBP:sense:31a00abb-9359-46ce-84cd-5aa09fa89342:reading:1:v1,,,,dialect:kh:dhelki:Dhelki dialect:kh:dudh:Dudh uncertain
kh,,uberikɽi,forty,उबर इकड़ी,uberikɽi,,"living-kharia2026[entry 9rb4yT5ZDuDykyEo0mxT, sense bd7ba489-f32b-4379-be93-1c2fd3d02f81]",,,living-kharia2026:9rb4yT5ZDuDykyEo0mxT:sense:bd7ba489-f32b-4379-be93-1c2fd3d02f81:reading:1:v1,,,,dialect:kh:dhelki:Dhelki
kh,,uberekɽi,forty,उबर इकड़ी,uberekɽi,,"living-kharia2026[entry 9rb4yT5ZDuDykyEo0mxT, sense bd7ba489-f32b-4379-be93-1c2fd3d02f81]",,,living-kharia2026:9rb4yT5ZDuDykyEo0mxT:sense:bd7ba489-f32b-4379-be93-1c2fd3d02f81:reading:1:v2,living-kharia2026:9rb4yT5ZDuDykyEo0mxT:sense:bd7ba489-f32b-4379-be93-1c2fd3d02f81:reading:1:v1,,,dialect:kh:dhelki:Dhelki
kh,,igʰaiʔaibaɽ,how are you,ईघय आइबार,igʰaiʔaibaɽ,,"living-kharia2026[entry AJ8nnRMt6Frfr7KgAmq5, sense 9fe2f111-2543-4b77-a6b0-426b592b9158]",,,living-kharia2026:AJ8nnRMt6Frfr7KgAmq5:sense:9fe2f111-2543-4b77-a6b0-426b592b9158:reading:1:v1,,,,dialect:kh:dhelki:Dhelki dialect:kh:dudh:Dudh
kh,,lebu,male,लेबू,lebu,,"living-kharia2026[entry AJqpt7d4LHFL2TwVcuot, sense 4626beb2-5b4a-4989-9988-22dd3c3ca6f4]",,,living-kharia2026:AJqpt7d4LHFL2TwVcuot:sense:4626beb2-5b4a-4989-9988-22dd3c3ca6f4:reading:1:v1,,,,dialect:kh:dhelki:Dhelki dialect:kh:dudh:Dudh
kh,,iɲ colkiŋ,I went,ईंञ चोलकीङ,iɲ colkiŋ,,"living-kharia2026[entry AUvK8gvKiE950J9jL81u, sense 692f1cb7-fda9-4ab7-8d8a-757a6a4e754b]",,,living-kharia2026:AUvK8gvKiE950J9jL81u:sense:692f1cb7-fda9-4ab7-8d8a-757a6a4e754b:reading:1:v1,,,,dialect:kh:dhelki:Dhelki dialect:kh:dudh:Dudh
kh,,oselkone,White rat,ओसेल कोने,oselkone,,"living-kharia2026[entry AZwh0PpcNZqqEb6ruhSu, sense 9fe6ee8c-b702-4441-8fa4-edc8d25a9bd3]",,,living-kharia2026:AZwh0PpcNZqqEb6ruhSu:sense:9fe6ee8c-b702-4441-8fa4-edc8d25a9bd3:reading:1:v1,,,,dialect:kh:dhelki:Dhelki dialect:kh:dudh:Dudh
kh,,koɳɖoy,fly (n),कोंडोय,koɳɖoy,,"living-kharia2026[entry AdwjYBK4DwshliUuNFY6, sense 5ec6fc7f-9298-4185-9452-d0ef01af4877]",,,living-kharia2026:AdwjYBK4DwshliUuNFY6:sense:5ec6fc7f-9298-4185-9452-d0ef01af4877:reading:1:v1,,,,dialect:kh:dhelki:Dhelki dialect:kh:dudh:Dudh
kh,,konɖoy,fly (n),कोंडोय,konɖoy,,"living-kharia2026[entry AdwjYBK4DwshliUuNFY6, sense 5ec6fc7f-9298-4185-9452-d0ef01af4877]",,,living-kharia2026:AdwjYBK4DwshliUuNFY6:sense:5ec6fc7f-9298-4185-9452-d0ef01af4877:reading:1:v2,living-kharia2026:AdwjYBK4DwshliUuNFY6:sense:5ec6fc7f-9298-4185-9452-d0ef01af4877:reading:1:v1,,,dialect:kh:dhelki:Dhelki dialect:kh:dudh:Dudh
kh,,koˀbsorna,to dry,कोब्सोरना,koˀbsorna,,"living-kharia2026[entry AipFeaJYpJfF8wi7BjMg, sense 74e02e57-f171-492d-882f-d59fe64299b4]",,,living-kharia2026:AipFeaJYpJfF8wi7BjMg:sense:74e02e57-f171-492d-882f-d59fe64299b4:reading:1:v1,,,,dialect:kh:dhelki:Dhelki dialect:kh:dudh:Dudh uncertain
kh,,basri,flute,बंसरी,basri,,"living-kharia2026[entry AzNPaln0TNwyjMwrHWBJ, sense 06d3f4be-e1fb-45f6-bada-f49f76b8f882]",,,living-kharia2026:AzNPaln0TNwyjMwrHWBJ:sense:06d3f4be-e1fb-45f6-bada-f49f76b8f882:reading:1:v1,,,,dialect:kh:dhelki:Dhelki dialect:kh:dudh:Dudh
kh,,biʔĭna,To break,पी'ज्ना,biʔĭna,,"living-kharia2026[entry B2bp3xe22fmorseJDveT, sense 10bbb4a8-984d-47bf-b24d-2cf49a8757cf]",,,living-kharia2026:B2bp3xe22fmorseJDveT:sense:10bbb4a8-984d-47bf-b24d-2cf49a8757cf:reading:1:v1,,,,dialect:kh:dhelki:Dhelki dialect:kh:dudh:Dudh uncertain
kh,,anaŋ boriya amumbo,we 2 (not you),अनाङ बोरिया आम उम्बो',anaŋ boriya amumbo,,"living-kharia2026[entry BJDHFzijHMajc47Ht6VH, sense b40ce683-d312-4bc4-9776-f6b9055edbd3]",,,living-kharia2026:BJDHFzijHMajc47Ht6VH:sense:b40ce683-d312-4bc4-9776-f6b9055edbd3:reading:1:v1,,,,dialect:kh:dhelki:Dhelki dialect:kh:dudh:Dudh
kh,,melaina,To leave,मेलायना,melaina,,"living-kharia2026[entry BMthrKK6FsMERuCZgNCw, sense 46e8e5e4-27a5-482c-bb87-3a5f0762d185]",,,living-kharia2026:BMthrKK6FsMERuCZgNCw:sense:46e8e5e4-27a5-482c-bb87-3a5f0762d185:reading:1:v1,,,,dialect:kh:dhelki:Dhelki dialect:kh:dudh:Dudh
kh,,kahani,story,कहानी,kahani,,"living-kharia2026[entry BfctdPhjxqfE2RMDKe4F, sense 54de4baf-66c4-461a-9ef2-91961c18f59e]",,,living-kharia2026:BfctdPhjxqfE2RMDKe4F:sense:54de4baf-66c4-461a-9ef2-91961c18f59e:reading:1:v1,,,,dialect:kh:dhelki:Dhelki dialect:kh:dudh:Dudh
kh,,hokier boriya colnakier,both will go,होकियार बोरिया चोनकियार,hokier boriya colnakier,,"living-kharia2026[entry BmihaAO7QHqyPs56B99A, sense 82ad0033-697d-43ea-b55b-f46a92b68dba]",,,living-kharia2026:BmihaAO7QHqyPs56B99A:sense:82ad0033-697d-43ea-b55b-f46a92b68dba:reading:1:v1,,,,dialect:kh:dhelki:Dhelki dialect:kh:dudh:Dudh
kh,,ʈopi,hat,टोपी,ʈopi,,"living-kharia2026[entry BwJbzM6RKd1HhGik9crX, sense ddaa96d3-e8c2-46f4-aa21-d97a368b278e]",,,living-kharia2026:BwJbzM6RKd1HhGik9crX:sense:ddaa96d3-e8c2-46f4-aa21-d97a368b278e:reading:1:v1,,,,dialect:kh:dhelki:Dhelki dialect:kh:dudh:Dudh
kh,,mogʰer,black,मोघेर,mogʰer,,"living-kharia2026[entry CDAWohoUwElzQadq0JdX, sense 54720ce3-3ea8-47c7-bdbd-164756b91909]",,,living-kharia2026:CDAWohoUwElzQadq0JdX:sense:54720ce3-3ea8-47c7-bdbd-164756b91909:reading:1:v1,,,,dialect:kh:dhelki:Dhelki dialect:kh:dudh:Dudh
kh,,tʰintʰorapteroʔŏki,drummed,ढिंढोरा ओबतेरो'कि,tʰintʰorapteroʔŏki,,"living-kharia2026[entry CDV0XSNcpKX99U2PzbGU, sense 901eebd5-6735-4168-bd7d-65f8b24a3b0f]",,,living-kharia2026:CDV0XSNcpKX99U2PzbGU:sense:901eebd5-6735-4168-bd7d-65f8b24a3b0f:reading:1:v1,,,,dialect:kh:dhelki:Dhelki dialect:kh:dudh:Dudh uncertain
kh,,ɖair,branch,डाइर,ɖair,,"living-kharia2026[entry CEf5VavDORY0K8u9smLh, sense b3e3ebef-cbd3-4903-a7cf-4ca3f0d399c8]",,,living-kharia2026:CEf5VavDORY0K8u9smLh:sense:b3e3ebef-cbd3-4903-a7cf-4ca3f0d399c8:reading:1:v1,,,,dialect:kh:dhelki:Dhelki dialect:kh:dudh:Dudh
kh,,duʔukʰabum,sadly,दु'खोबुङ,duʔukʰabum,,"living-kharia2026[entry CRLgn4H5C3I7jBiOoVxt, sense 09c15103-eee4-4f9c-9d6b-09f300825d31]",,,living-kharia2026:CRLgn4H5C3I7jBiOoVxt:sense:09c15103-eee4-4f9c-9d6b-09f300825d31:reading:1:v1,,,,dialect:kh:dhelki:Dhelki dialect:kh:dudh:Dudh
kh,,am,you,आम,am,,"living-kharia2026[entry CokqbfaLmqwh02Ju14Gf, sense e67fe530-c491-4262-a2d4-4eff5c780fae]",,,living-kharia2026:CokqbfaLmqwh02Ju14Gf:sense:e67fe530-c491-4262-a2d4-4eff5c780fae:reading:1:v1,,,,dialect:kh:dhelki:Dhelki dialect:kh:dudh:Dudh
kh,,hõɖoŋki,another,होडोमकी,hõɖoŋki,,"living-kharia2026[entry Cr2JQCl2bcJPqQAveUQe, sense feb9ca10-cb13-41bb-9897-a65239447476]",,,living-kharia2026:Cr2JQCl2bcJPqQAveUQe:sense:feb9ca10-cb13-41bb-9897-a65239447476:reading:1:v1,,,,dialect:kh:dhelki:Dhelki dialect:kh:dudh:Dudh
kh,,murda,dead body,मुर्दा,murda,,"living-kharia2026[entry D4m12eP4ACXvNEUMVpP8, sense 30eb725b-5d73-42ae-a212-96fd2b42eed6]",,,living-kharia2026:D4m12eP4ACXvNEUMVpP8:sense:30eb725b-5d73-42ae-a212-96fd2b42eed6:reading:1:v1,,,,dialect:kh:dhelki:Dhelki dialect:kh:dudh:Dudh
kh,,raŋga,winter,रङ्गा,raŋga,,"living-kharia2026[entry DU40KWjmJC4G9cfi98z7, sense d99681d0-e674-4928-bf37-b737ff06ed84]",,,living-kharia2026:DU40KWjmJC4G9cfi98z7:sense:d99681d0-e674-4928-bf37-b737ff06ed84:reading:1:v1,,,,dialect:kh:dhelki:Dhelki dialect:kh:dudh:Dudh
kh,,moiɲ,first,मोएङ,moiɲ,,"living-kharia2026[entry DbggUdCukzqz5OAY2QbE, sense 101917eb-83bc-4781-a494-56cd2c562997]",,,living-kharia2026:DbggUdCukzqz5OAY2QbE:sense:101917eb-83bc-4781-a494-56cd2c562997:reading:1:v1,,,,dialect:kh:dhelki:Dhelki dialect:kh:dudh:Dudh
kh,,moɲ,first,मोएङ,moɲ,,"living-kharia2026[entry DbggUdCukzqz5OAY2QbE, sense 101917eb-83bc-4781-a494-56cd2c562997]",,,living-kharia2026:DbggUdCukzqz5OAY2QbE:sense:101917eb-83bc-4781-a494-56cd2c562997:reading:1:v2,living-kharia2026:DbggUdCukzqz5OAY2QbE:sense:101917eb-83bc-4781-a494-56cd2c562997:reading:1:v1,,,dialect:kh:dhelki:Dhelki dialect:kh:dudh:Dudh
kh,,ukaɽ colsikʰoʔ,he/she went,उकड़ चोलसीखो',ukaɽ colsikʰoʔ,,"living-kharia2026[entry DmMZINAKSCgZeDfsApIb, sense 3d523d58-0cf3-4f20-b9db-dfd9295d69ab]",,,living-kharia2026:DmMZINAKSCgZeDfsApIb:sense:3d523d58-0cf3-4f20-b9db-dfd9295d69ab:reading:1:v1,,,,dialect:kh:dhelki:Dhelki dialect:kh:dudh:Dudh
kh,,kʰeˀɖihar,farmer,खे'दिहार,kʰeˀɖihar,,"living-kharia2026[entry Dv5giDRaqfIbWBlzmb1A, sense 9feebc40-8d55-497f-a8ab-6fb4155d84ba]",,,living-kharia2026:Dv5giDRaqfIbWBlzmb1A:sense:9feebc40-8d55-497f-a8ab-6fb4155d84ba:reading:1:v1,,,,dialect:kh:dhelki:Dhelki dialect:kh:dudh:Dudh uncertain
kh,,benɖi,spider,बेंडी,benɖi,,"living-kharia2026[entry E8OlQJlUSs4jaX6QP97V, sense 3cbd9a89-f4d7-47c0-add6-b34ebb595ee6]",,,living-kharia2026:E8OlQJlUSs4jaX6QP97V:sense:3cbd9a89-f4d7-47c0-add6-b34ebb595ee6:reading:1:v1,,,,dialect:kh:dhelki:Dhelki dialect:kh:dudh:Dudh
kh,,bendi,spider,बेंडी,bendi,,"living-kharia2026[entry E8OlQJlUSs4jaX6QP97V, sense 3cbd9a89-f4d7-47c0-add6-b34ebb595ee6]",,,living-kharia2026:E8OlQJlUSs4jaX6QP97V:sense:3cbd9a89-f4d7-47c0-add6-b34ebb595ee6:reading:1:v2,living-kharia2026:E8OlQJlUSs4jaX6QP97V:sense:3cbd9a89-f4d7-47c0-add6-b34ebb595ee6:reading:1:v1,,,dialect:kh:dhelki:Dhelki dialect:kh:dudh:Dudh
kh,,pʰaplaʔă,butterfly,फपला,pʰaplaʔă,,"living-kharia2026[entry EBS1ZQGa4qC5wqGUqk0I, sense f51a748e-804c-4015-9d48-e29126514578]",,,living-kharia2026:EBS1ZQGa4qC5wqGUqk0I:sense:f51a748e-804c-4015-9d48-e29126514578:reading:1:v1,,,,dialect:kh:dhelki:Dhelki dialect:kh:dudh:Dudh uncertain
kh,,pʰampʰlaʔ,butterfly,फपला,pʰampʰlaʔ,,"living-kharia2026[entry EBS1ZQGa4qC5wqGUqk0I, sense f51a748e-804c-4015-9d48-e29126514578]",,,living-kharia2026:EBS1ZQGa4qC5wqGUqk0I:sense:f51a748e-804c-4015-9d48-e29126514578:reading:1:v2,living-kharia2026:EBS1ZQGa4qC5wqGUqk0I:sense:f51a748e-804c-4015-9d48-e29126514578:reading:1:v1,,,dialect:kh:dhelki:Dhelki dialect:kh:dudh:Dudh uncertain
kh,,nirier daru,coconut tree,नरियर दारू,nirier daru,,"living-kharia2026[entry EBV246E7XQ0pHDmyFprE, sense 02c61acd-db87-498c-8dc5-64106fa04669]",,,living-kharia2026:EBV246E7XQ0pHDmyFprE:sense:02c61acd-db87-498c-8dc5-64106fa04669:reading:1:v1,,,,dialect:kh:dhelki:Dhelki dialect:kh:dudh:Dudh
kh,,gundapti,backwards,कुंडपती',gundapti,,"living-kharia2026[entry EHbZA6TwHGJTqlF1k3u5, sense 2d4694f1-2bfc-4396-8f51-63ca89c063b6]",,,living-kharia2026:EHbZA6TwHGJTqlF1k3u5:sense:2d4694f1-2bfc-4396-8f51-63ca89c063b6:reading:1:v1,,,,dialect:kh:dhelki:Dhelki dialect:kh:dudh:Dudh
kh,,bunoi,pig,बुनुई,bunoi,,"living-kharia2026[entry EP5hJWGliT1l74Hm3og8, sense 5d639572-a9e5-40d6-a1ed-9206e5d3a43b]",,,living-kharia2026:EP5hJWGliT1l74Hm3og8:sense:5d639572-a9e5-40d6-a1ed-9206e5d3a43b:reading:1:v1,,,,dialect:kh:dhelki:Dhelki dialect:kh:dudh:Dudh
kh,,arel,snow,आड़ेल,arel,,"living-kharia2026[entry ERfOXJeebVTuLZUhiIjW, sense b5a7c429-e445-435a-ac18-6f8f1559e522]",,,living-kharia2026:ERfOXJeebVTuLZUhiIjW:sense:b5a7c429-e445-435a-ac18-6f8f1559e522:reading:1:v1,,,,dialect:kh:dhelki:Dhelki dialect:kh:dudh:Dudh
kh,,aɽel,snow,आड़ेल,aɽel,,"living-kharia2026[entry ERfOXJeebVTuLZUhiIjW, sense b5a7c429-e445-435a-ac18-6f8f1559e522]",,,living-kharia2026:ERfOXJeebVTuLZUhiIjW:sense:b5a7c429-e445-435a-ac18-6f8f1559e522:reading:1:v2,living-kharia2026:ERfOXJeebVTuLZUhiIjW:sense:b5a7c429-e445-435a-ac18-6f8f1559e522:reading:1:v1,,,dialect:kh:dhelki:Dhelki dialect:kh:dudh:Dudh
kh,,soʔŏto,true,सो'तो,soʔŏto,,"living-kharia2026[entry EcB8kCc1FwS1Qgsdwona, sense b75f6a28-7a3d-4e63-9e75-9b43625a9471]",,,living-kharia2026:EcB8kCc1FwS1Qgsdwona:sense:b75f6a28-7a3d-4e63-9e75-9b43625a9471:reading:1:v1,,,,dialect:kh:dhelki:Dhelki dialect:kh:dudh:Dudh uncertain
kh,,iʔpʰonsai,four hundred,ई'फोनसई,iʔpʰonsai,,"living-kharia2026[entry EnT7A34jYoeXaauzifaY, sense b33707ae-3b43-4ab2-b5fc-dbdf088aa07a]",,,living-kharia2026:EnT7A34jYoeXaauzifaY:sense:b33707ae-3b43-4ab2-b5fc-dbdf088aa07a:reading:1:v1,,,,dialect:kh:dhelki:Dhelki dialect:kh:dudh:Dudh
kh,,hokaɽ ro iɲ colnalakijar,he+ I were going,होकाड़ रो ईंञ चोनला'किज़ार,hokaɽ ro iɲ colnalakijar,,"living-kharia2026[entry Ew48mZ1FUeVotxqRmQhB, sense b813d8b7-840e-4375-87f8-2f022433c2c6]",,,living-kharia2026:Ew48mZ1FUeVotxqRmQhB:sense:b813d8b7-840e-4375-87f8-2f022433c2c6:reading:1:v1,,,,dialect:kh:dhelki:Dhelki dialect:kh:dudh:Dudh
kh,,dʰukuna,winnowing fan,धुकना,dʰukuna,,"living-kharia2026[entry EzSTXsI37ZccWUgFXBLu, sense 836395e4-1ad8-4381-93b9-8dcc3cc6ad6e]",,,living-kharia2026:EzSTXsI37ZccWUgFXBLu:sense:836395e4-1ad8-4381-93b9-8dcc3cc6ad6e:reading:1:v1,,,,dialect:kh:dhelki:Dhelki dialect:kh:dudh:Dudh
kh,,hokaɽ ro iɲ colkin,he + I go,होकड़ रो ईंञ चोलकिङ,hokaɽ ro iɲ colkin,,"living-kharia2026[entry F10KpU5TwHmSgvlgIrbQ, sense 10d90e65-b87d-49b9-8721-c68e00cc7122]",,,living-kharia2026:F10KpU5TwHmSgvlgIrbQ:sense:10d90e65-b87d-49b9-8721-c68e00cc7122:reading:1:v1,,,,dialect:kh:dhelki:Dhelki dialect:kh:dudh:Dudh
kh,,tʰom,eight,थोम,tʰom,,"living-kharia2026[entry F5oj9tgk4eU3K4r36Tkc, sense f5a5b6da-495e-46f2-8ee5-868d824afcf1]",,,living-kharia2026:F5oj9tgk4eU3K4r36Tkc:sense:f5a5b6da-495e-46f2-8ee5-868d824afcf1:reading:1:v1,,,,dialect:kh:dhelki:Dhelki dialect:kh:dudh:Dudh
kh,,meltoʔŏ,Wednesday,मेलतो',meltoʔŏ,,"living-kharia2026[entry FEgi3cyKzx11rTjfI8kX, sense 6f83319a-472f-4dfe-a801-e7de371e8d26]",,,living-kharia2026:FEgi3cyKzx11rTjfI8kX:sense:6f83319a-472f-4dfe-a801-e7de371e8d26:reading:1:v1,,,,dialect:kh:dhelki:Dhelki dialect:kh:dudh:Dudh uncertain
kh,,melto,Wednesday,मेलतो',melto,,"living-kharia2026[entry FEgi3cyKzx11rTjfI8kX, sense 6f83319a-472f-4dfe-a801-e7de371e8d26]",,,living-kharia2026:FEgi3cyKzx11rTjfI8kX:sense:6f83319a-472f-4dfe-a801-e7de371e8d26:reading:1:v2,living-kharia2026:FEgi3cyKzx11rTjfI8kX:sense:6f83319a-472f-4dfe-a801-e7de371e8d26:reading:1:v1,,,dialect:kh:dhelki:Dhelki dialect:kh:dudh:Dudh uncertain
kh,,bunoi,pig,बुनुई,bunoi,,"living-kharia2026[entry FZCZ4bJi6jWKsYVk9hQ6, sense 0c716de6-dec5-4ff8-8807-5b04969c80d4]",,,living-kharia2026:FZCZ4bJi6jWKsYVk9hQ6:sense:0c716de6-dec5-4ff8-8807-5b04969c80d4:reading:1:v1,,,,dialect:kh:dhelki:Dhelki dialect:kh:dudh:Dudh
kh,,bunui,pig,बुनुई,bunui,,"living-kharia2026[entry FZCZ4bJi6jWKsYVk9hQ6, sense 0c716de6-dec5-4ff8-8807-5b04969c80d4]",,,living-kharia2026:FZCZ4bJi6jWKsYVk9hQ6:sense:0c716de6-dec5-4ff8-8807-5b04969c80d4:reading:1:v2,living-kharia2026:FZCZ4bJi6jWKsYVk9hQ6:sense:0c716de6-dec5-4ff8-8807-5b04969c80d4:reading:1:v1,,,dialect:kh:dhelki:Dhelki dialect:kh:dudh:Dudh
kh,,kuluʔŭneiɲ,my baby,कूंडु'नाइंग,kuluʔŭneiɲ,(same as child),"living-kharia2026[entry Fd4BcsFpq97Wfc4WLgK4, sense b05573dc-c0d1-4ab4-a722-9dbd91108b46]",,,living-kharia2026:Fd4BcsFpq97Wfc4WLgK4:sense:b05573dc-c0d1-4ab4-a722-9dbd91108b46:reading:1:v1,,,,dialect:kh:dhelki:Dhelki dialect:kh:dudh:Dudh uncertain
kh,,rusũŋ,red,रूसुङ,rusũŋ,,"living-kharia2026[entry Fd9R4cJBZlgKpo5cQrvo, sense 84d559ac-2a39-4f1c-a28d-62874eec445d]",,,living-kharia2026:Fd9R4cJBZlgKpo5cQrvo:sense:84d559ac-2a39-4f1c-a28d-62874eec445d:reading:1:v1,,,,dialect:kh:dhelki:Dhelki dialect:kh:dudh:Dudh
kh,,puniom,full moon,पुनयोम,puniom,,"living-kharia2026[entry FnOLyIvv33Hsdp4ocMWF, sense deb4c668-8ba7-4e49-affc-f779acef4720]",,,living-kharia2026:FnOLyIvv33Hsdp4ocMWF:sense:deb4c668-8ba7-4e49-affc-f779acef4720:reading:1:v1,,,,dialect:kh:dhelki:Dhelki dialect:kh:dudh:Dudh
kh,,aloŋ,song,अलोङ,aloŋ,,"living-kharia2026[entry FoW7OWJWzZsZi2t8fkGo, sense 700ed565-cec7-4811-b12f-3b281d25e5b4]",,,living-kharia2026:FoW7OWJWzZsZi2t8fkGo:sense:700ed565-cec7-4811-b12f-3b281d25e5b4:reading:1:v1,,,,dialect:kh:dhelki:Dhelki dialect:kh:dudh:Dudh
kh,,laraiˀj,embers,लर'एज,laraiˀj,,"living-kharia2026[entry FrDSo0MFqM6YSKWDyuJq, sense 2e0ae737-7cea-4c3e-87b5-2c3e28ee68fb]",,,living-kharia2026:FrDSo0MFqM6YSKWDyuJq:sense:2e0ae737-7cea-4c3e-87b5-2c3e28ee68fb:reading:1:v1,,,,dialect:kh:dhelki:Dhelki dialect:kh:dudh:Dudh uncertain
kh,,ɖena,wing,डेना,ɖena,,"living-kharia2026[entry G0NphmdbTtsUekhPqaDy, sense 12ffd06e-bd77-43df-8c42-1362a992b040]",,,living-kharia2026:G0NphmdbTtsUekhPqaDy:sense:12ffd06e-bd77-43df-8c42-1362a992b040:reading:1:v1,,,,dialect:kh:dhelki:Dhelki dialect:kh:dudh:Dudh
kh,,soreŋ,stone,सोरेङ,soreŋ,,"living-kharia2026[entry GHRpwF9gVrLZXSWI0WbF, sense 2c88cc63-fcaf-4528-97c5-0aa1baa1857c]",,,living-kharia2026:GHRpwF9gVrLZXSWI0WbF:sense:2c88cc63-fcaf-4528-97c5-0aa1baa1857c:reading:1:v1,,,,dialect:kh:dhelki:Dhelki dialect:kh:dudh:Dudh
kh,,poˀɖna,to sprout,पो'डना,poˀɖna,,"living-kharia2026[entry GNk46uaKKm2Dc1nER0mN, sense cd58c6d7-340b-4ba7-abcf-322c0b0df714]",,,living-kharia2026:GNk46uaKKm2Dc1nER0mN:sense:cd58c6d7-340b-4ba7-abcf-322c0b0df714:reading:1:v1,,,,dialect:kh:dhelki:Dhelki dialect:kh:dudh:Dudh uncertain
kh,,kaʔă,bow,का',kaʔă,,"living-kharia2026[entry GpBG9AZlXRTMfJvEF0Rw, sense 92681491-3010-4d58-b9fe-c1c65e804b48]",,,living-kharia2026:GpBG9AZlXRTMfJvEF0Rw:sense:92681491-3010-4d58-b9fe-c1c65e804b48:reading:1:v1,,,,dialect:kh:dhelki:Dhelki dialect:kh:dudh:Dudh uncertain
kh,,ɲimi,name,ञीमी,ɲimi,,"living-kharia2026[entry GyuoZZHGPxzPX41GUZIS, sense 5048e0ff-df4c-450a-ae7d-bcb337421c6a]",,,living-kharia2026:GyuoZZHGPxzPX41GUZIS:sense:5048e0ff-df4c-450a-ae7d-bcb337421c6a:reading:1:v1,,,,dialect:kh:dhelki:Dhelki dialect:kh:dudh:Dudh
kh,,gʰato,goose,घाटो,gʰato,,"living-kharia2026[entry GzUXSMvfTkoKB7sXZuX9, sense 9a01d1da-0625-4dd0-b980-04389a50f0c0]",,,living-kharia2026:GzUXSMvfTkoKB7sXZuX9:sense:9a01d1da-0625-4dd0-b980-04389a50f0c0:reading:1:v1,,,,dialect:kh:dhelki:Dhelki dialect:kh:dudh:Dudh
kh,,kʰartikjugʰe,much - a lot,तेलो,kʰartikjugʰe,,"living-kharia2026[entry H0i2LfOX6XNXrixhZ9VE, sense 14652b78-d906-4fdb-b8f2-415e1c9dbe08]",,,living-kharia2026:H0i2LfOX6XNXrixhZ9VE:sense:14652b78-d906-4fdb-b8f2-415e1c9dbe08:reading:1:v1,,,,dialect:kh:dhelki:Dhelki dialect:kh:dudh:Dudh
kh,,kõɽeˀj,axe,कोड़े'ज्,kõɽeˀj,,"living-kharia2026[entry H6wiI5c7ncihN7t7V1NF, sense 093b6213-c6ea-4123-9f6c-717c542d6aed]",,,living-kharia2026:H6wiI5c7ncihN7t7V1NF:sense:093b6213-c6ea-4123-9f6c-717c542d6aed:reading:1:v1,,,,dialect:kh:dhelki:Dhelki dialect:kh:dudh:Dudh uncertain
kh,,केलुंग,Elephant,केलुंग,,,"living-kharia2026[entry H9QhhQ85x2tWj7oPbVW7, sense 2d93466b-f0dc-4c27-aa3b-b63af96cd7d4]",,,living-kharia2026:H9QhhQ85x2tWj7oPbVW7:sense:2d93466b-f0dc-4c27-aa3b-b63af96cd7d4:reading:1:v1,,,,uncertain
kh,,kʰota,nest,खोता,kʰota,,"living-kharia2026[entry HAQUN7Mg6KhveElQoPFw, sense 015246c4-522c-481f-9bef-cc7e7e5de933]",,,living-kharia2026:HAQUN7Mg6KhveElQoPFw:sense:015246c4-522c-481f-9bef-cc7e7e5de933:reading:1:v1,,,,dialect:kh:dhelki:Dhelki dialect:kh:dudh:Dudh
kh,,kʰuʔŭna,to cough,खु'ना,kʰuʔŭna,,"living-kharia2026[entry HerrUvO4oD89VcuXquHo, sense 8c06c588-fa12-485e-b158-ef473347013f]",,,living-kharia2026:HerrUvO4oD89VcuXquHo:sense:8c06c588-fa12-485e-b158-ef473347013f:reading:1:v1,,,,dialect:kh:dhelki:Dhelki dialect:kh:dudh:Dudh uncertain
kh,,bisˀbiskʰaɽi laʔăteʔ,smelling good,बेस घांड़ी ला'ताएज,bisˀbiskʰaɽi laʔăteʔ,,"living-kharia2026[entry HhDrk7pi4U9TYIpDpFSd, sense 43d76f10-1b91-476c-aca5-3ea001080595]",,,living-kharia2026:HhDrk7pi4U9TYIpDpFSd:sense:43d76f10-1b91-476c-aca5-3ea001080595:reading:1:v1,,,,dialect:kh:dhelki:Dhelki dialect:kh:dudh:Dudh uncertain
kh,,pila,yellow,पिला,pila,,"living-kharia2026[entry HkvVZbRl3u1XJOosRXsq, sense 6454e348-43e1-4531-be5e-b923d45b7ac7]",,,living-kharia2026:HkvVZbRl3u1XJOosRXsq:sense:6454e348-43e1-4531-be5e-b923d45b7ac7:reading:1:v1,,,,dialect:kh:dhelki:Dhelki dialect:kh:dudh:Dudh
kh,,iʔpʰon,fourth,इ'फोन,iʔpʰon,,"living-kharia2026[entry HoNPIEzkINIZEAlauYKN, sense 70c11413-c0ab-4749-b1b4-eb2247cc5320]",,,living-kharia2026:HoNPIEzkINIZEAlauYKN:sense:70c11413-c0ab-4749-b1b4-eb2247cc5320:reading:1:v1,,,,dialect:kh:dhelki:Dhelki dialect:kh:dudh:Dudh
kh,,laŋ,language,लाङ,laŋ,,"living-kharia2026[entry I6BmPRN86W0Mx7YfNJz0, sense c584077a-eed9-4efc-8e52-f7b42e994652]",,,living-kharia2026:I6BmPRN86W0Mx7YfNJz0:sense:c584077a-eed9-4efc-8e52-f7b42e994652:reading:1:v1,,,,dialect:kh:dhelki:Dhelki dialect:kh:dudh:Dudh
kh,,barca,spear,बरछा,barca,,"living-kharia2026[entry IPNPLSYjnnXGeTIJ4LX9, sense 6624540c-c7f1-4175-a415-c02b5bcf8fae]",,,living-kharia2026:IPNPLSYjnnXGeTIJ4LX9:sense:6624540c-c7f1-4175-a415-c02b5bcf8fae:reading:1:v1,,,,dialect:kh:dhelki:Dhelki dialect:kh:dudh:Dudh
kh,,barcʰa,spear,बरछा,barcʰa,,"living-kharia2026[entry IPNPLSYjnnXGeTIJ4LX9, sense 6624540c-c7f1-4175-a415-c02b5bcf8fae]",,,living-kharia2026:IPNPLSYjnnXGeTIJ4LX9:sense:6624540c-c7f1-4175-a415-c02b5bcf8fae:reading:1:v2,living-kharia2026:IPNPLSYjnnXGeTIJ4LX9:sense:6624540c-c7f1-4175-a415-c02b5bcf8fae:reading:1:v1,,,dialect:kh:dhelki:Dhelki dialect:kh:dudh:Dudh
kh,,teloŋ,roof,तेलोङ,teloŋ,,"living-kharia2026[entry IZTawKu9EOY55IKJE18b, sense f2313cfe-2aba-4ce5-b7c9-1bc68b51a0df]",,,living-kharia2026:IZTawKu9EOY55IKJE18b:sense:f2313cfe-2aba-4ce5-b7c9-1bc68b51a0df:reading:1:v1,,,,dialect:kh:dhelki:Dhelki dialect:kh:dudh:Dudh
kh,,moʔŏʈʰo,thick,मो'ठो,moʔŏʈʰo,,"living-kharia2026[entry Ih6RN0e62wn3abDdHhv3, sense 1eef1eb1-e381-4f2c-bcac-5b889a7efa9d]",,,living-kharia2026:Ih6RN0e62wn3abDdHhv3:sense:1eef1eb1-e381-4f2c-bcac-5b889a7efa9d:reading:1:v1,,,,dialect:kh:dhelki:Dhelki dialect:kh:dudh:Dudh uncertain
kh,,maijahbũ,please,मयाबूङ,maijahbũ,,"living-kharia2026[entry Ihr4qR4rH3zF9xdGusbG, sense 6da63e90-4d28-4efe-9e42-32a425bf33c0]",,,living-kharia2026:Ihr4qR4rH3zF9xdGusbG:sense:6da63e90-4d28-4efe-9e42-32a425bf33c0:reading:1:v1,,,,dialect:kh:dhelki:Dhelki dialect:kh:dudh:Dudh
kh,,kʰiʔitʰe,how many,कि'ते,kʰiʔitʰe,,"living-kharia2026[entry Ik5sWJ9EmqN2hHBw1xXt, sense 92b74a07-ddb5-45df-8a70-66c63158bb82]",,,living-kharia2026:Ik5sWJ9EmqN2hHBw1xXt:sense:92b74a07-ddb5-45df-8a70-66c63158bb82:reading:1:v1,,,,dialect:kh:dhelki:Dhelki dialect:kh:dudh:Dudh
kh,,ʈura,orphaned,टुरा,ʈura,,"living-kharia2026[entry Iqbwro9cHfojSTw3snEa, sense bdd4c83a-1d7b-4e01-9db7-f4754b202651]",,,living-kharia2026:Iqbwro9cHfojSTw3snEa:sense:bdd4c83a-1d7b-4e01-9db7-f4754b202651:reading:1:v1,,,,dialect:kh:dhelki:Dhelki dialect:kh:dudh:Dudh
kh,,aʈʰu,where,अतु,aʈʰu,,"living-kharia2026[entry JWXJRbTKTAlwdCbqClX4, sense 17140204-64b9-4ec8-92c7-dd6ede593f11]",,,living-kharia2026:JWXJRbTKTAlwdCbqClX4:sense:17140204-64b9-4ec8-92c7-dd6ede593f11:reading:1:v1,,,,dialect:kh:dhelki:Dhelki dialect:kh:dudh:Dudh
kh,,kaɽsa,blind,कंड़सा,kaɽsa,,"living-kharia2026[entry Jj1cKui341SW4n6XCgqh, sense 2a83f565-f184-49cb-9ca8-2aba66745bb8]",,,living-kharia2026:Jj1cKui341SW4n6XCgqh:sense:2a83f565-f184-49cb-9ca8-2aba66745bb8:reading:1:v1,,,,dialect:kh:dhelki:Dhelki dialect:kh:dudh:Dudh
kh,,saŋgoneiɲ,my friend,सांगोनाईङ,saŋgoneiɲ,,"living-kharia2026[entry Jvyh8Tx2L3wXi0sszECp, sense e63cc99b-726c-4c34-bc62-51d533fc16dc]",,,living-kharia2026:Jvyh8Tx2L3wXi0sszECp:sense:e63cc99b-726c-4c34-bc62-51d533fc16dc:reading:1:v1,,,,dialect:kh:dhelki:Dhelki dialect:kh:dudh:Dudh
kh,,turloʔŏ,south,तुरलो',turloʔŏ,,"living-kharia2026[entry Jz5Xr6j0wLhAaXTrZoAC, sense e7f1ca9b-45b4-47f4-a876-06cc8e30d808]",,,living-kharia2026:Jz5Xr6j0wLhAaXTrZoAC:sense:e7f1ca9b-45b4-47f4-a876-06cc8e30d808:reading:1:v1,,,,dialect:kh:dhelki:Dhelki dialect:kh:dudh:Dudh uncertain
kh,,hokoraloʔodʰo,later,होकड़ा' लो'ढो,hokoraloʔodʰo,,"living-kharia2026[entry K9Pjf737aSbDGtJNqpfi, sense d9bbfcd1-2440-4cf9-a3d2-3f3297002ee3]",,,living-kharia2026:K9Pjf737aSbDGtJNqpfi:sense:d9bbfcd1-2440-4cf9-a3d2-3f3297002ee3:reading:1:v1,,,,dialect:kh:dhelki:Dhelki dialect:kh:dudh:Dudh
kh,,iɲiro am,me and you,ईंञ रो आम,iɲiro am,,"living-kharia2026[entry KBobmvj9vCMRKT4pTI6s, sense 3a715300-6b75-4aec-b781-f7c78d7116e8]",,,living-kharia2026:KBobmvj9vCMRKT4pTI6s:sense:3a715300-6b75-4aec-b781-f7c78d7116e8:reading:1:v1,,,,dialect:kh:dhelki:Dhelki dialect:kh:dudh:Dudh
kh,,बारसोन,Twice,बारसोन,,,"living-kharia2026[entry KJNex3YaR65Q7KuY0UIg, sense 53b494d9-3351-402c-bd88-e9e93178b53d]",,,living-kharia2026:KJNex3YaR65Q7KuY0UIg:sense:53b494d9-3351-402c-bd88-e9e93178b53d:reading:1:v1,,,,uncertain
kh,,nonke,thin,नोनके,nonke,,"living-kharia2026[entry KLIjDXX9Tnd2KSAzyhq5, sense 6163d577-71f4-4c88-b99a-088f4e837558]",,,living-kharia2026:KLIjDXX9Tnd2KSAzyhq5:sense:6163d577-71f4-4c88-b99a-088f4e837558:reading:1:v1,,,,dialect:kh:dhelki:Dhelki dialect:kh:dudh:Dudh
kh,,johaɽ,hello,जोहार,johaɽ,,"living-kharia2026[entry KQVaJZOtA2MG2LAVpi8S, sense d1e06101-d7f9-49ff-a15c-59bbf2dab5d0]",,,living-kharia2026:KQVaJZOtA2MG2LAVpi8S:sense:d1e06101-d7f9-49ff-a15c-59bbf2dab5d0:reading:1:v1,,,,dialect:kh:dhelki:Dhelki dialect:kh:dudh:Dudh
kh,,kom,arrow,कोम,kom,,"living-kharia2026[entry KYE2EfA28cmS0KIukwWE, sense 83c5802e-9c73-4f75-bd8c-6d9cf1d85f39]",,,living-kharia2026:KYE2EfA28cmS0KIukwWE:sense:83c5802e-9c73-4f75-bd8c-6d9cf1d85f39:reading:1:v1,,,,dialect:kh:dhelki:Dhelki dialect:kh:dudh:Dudh
kh,,ʈuʈla,bald,ठुरला,ʈuʈla,,"living-kharia2026[entry KcFyfJiyykdfJWovKdqw, sense 82e76c30-c01c-4785-8011-2ec7ce246be0]",,,living-kharia2026:KcFyfJiyykdfJWovKdqw:sense:82e76c30-c01c-4785-8011-2ec7ce246be0:reading:1:v1,,,,dialect:kh:dhelki:Dhelki dialect:kh:dudh:Dudh
kh,,gʰoluʔpʰe,thirteen,घोल उ'फे,gʰoluʔpʰe,,"living-kharia2026[entry KnBISUUXSGoRTovRsZyM, sense 9b6c1c62-51f2-44e5-9554-ec42a472a96c]",,,living-kharia2026:KnBISUUXSGoRTovRsZyM:sense:9b6c1c62-51f2-44e5-9554-ec42a472a96c:reading:1:v1,,,,dialect:kh:dhelki:Dhelki dialect:kh:dudh:Dudh
kh,,tiriˀbte,cloudy,तिरि'ब्ते,tiriˀbte,,"living-kharia2026[entry KxGHD8I81fRU1PYS7UBi, sense eb91abf4-1eb0-45b3-a999-393c615e6bd5]",,,living-kharia2026:KxGHD8I81fRU1PYS7UBi:sense:eb91abf4-1eb0-45b3-a999-393c615e6bd5:reading:1:v1,,,,dialect:kh:dhelki:Dhelki dialect:kh:dudh:Dudh uncertain
kh,,usar,wide,उसार,usar,,"living-kharia2026[entry L27awk1VeGqTGkrTomNV, sense 724df98c-dcbe-4eb7-953c-bdc27965c904]",,,living-kharia2026:L27awk1VeGqTGkrTomNV:sense:724df98c-dcbe-4eb7-953c-bdc27965c904:reading:1:v1,,,,dialect:kh:dhelki:Dhelki dialect:kh:dudh:Dudh
kh,,ceriˀb,November,जेरि'ब,ceriˀb,,"living-kharia2026[entry LM8yApVjMBpFXa9ijDT6, sense 6831158d-3f02-4abc-889e-27d492c9cb77]",,,living-kharia2026:LM8yApVjMBpFXa9ijDT6:sense:6831158d-3f02-4abc-889e-27d492c9cb77:reading:1:v1,,,,dialect:kh:dhelki:Dhelki dialect:kh:dudh:Dudh uncertain
kh,,jeriˀb,November,जेरि'ब,jeriˀb,,"living-kharia2026[entry LM8yApVjMBpFXa9ijDT6, sense 6831158d-3f02-4abc-889e-27d492c9cb77]",,,living-kharia2026:LM8yApVjMBpFXa9ijDT6:sense:6831158d-3f02-4abc-889e-27d492c9cb77:reading:1:v2,living-kharia2026:LM8yApVjMBpFXa9ijDT6:sense:6831158d-3f02-4abc-889e-27d492c9cb77:reading:1:v1,,,dialect:kh:dhelki:Dhelki dialect:kh:dudh:Dudh uncertain
kh,,ɲoʔŏɲoʔŏ,right,ञो'ञो',ɲoʔŏɲoʔŏ,,"living-kharia2026[entry LOP47DJ19ZNn4Lb8Icps, sense ca3a8979-b047-4d88-bc2c-d81fc462622f]",,,living-kharia2026:LOP47DJ19ZNn4Lb8Icps:sense:ca3a8979-b047-4d88-bc2c-d81fc462622f:reading:1:v1,,,,dialect:kh:dhelki:Dhelki dialect:kh:dudh:Dudh uncertain
kh,,cʰarkul,bear,झार्कूल,cʰarkul,,"living-kharia2026[entry LeI9X9y8YRM9vWk5sZWz, sense 353a86e3-3a9b-42d8-82d8-35e889fccd57]",,,living-kharia2026:LeI9X9y8YRM9vWk5sZWz:sense:353a86e3-3a9b-42d8-82d8-35e889fccd57:reading:1:v1,,,,dialect:kh:dhelki:Dhelki dialect:kh:dudh:Dudh
kh,,hoki,their,होकि,hoki,,"living-kharia2026[entry Loimckza9D5NWGGdQ7O4, sense e0fde30b-e42a-486e-b78d-095565012226]",,,living-kharia2026:Loimckza9D5NWGGdQ7O4:sense:e0fde30b-e42a-486e-b78d-095565012226:reading:1:v1,,,,dialect:kh:dhelki:Dhelki dialect:kh:dudh:Dudh
kh,,ogeˀbna,burned,ओगे'बना,ogeˀbna,,"living-kharia2026[entry M1ejC0EoS6HxuCz7efm9, sense 66044c44-b7c0-4ad7-b6b1-dd632bf3b880]",,,living-kharia2026:M1ejC0EoS6HxuCz7efm9:sense:66044c44-b7c0-4ad7-b6b1-dd632bf3b880:reading:1:v1,,,,dialect:kh:dhelki:Dhelki dialect:kh:dudh:Dudh uncertain
kh,,hokier boriya colnakier,they two have gone,होकियार बोरिया चोनाकियार,hokier boriya colnakier,,"living-kharia2026[entry MF8YaCtsV0j93ry3MqKb, sense b39512e7-bcaa-437a-ab4c-9ebd32262d86]",,,living-kharia2026:MF8YaCtsV0j93ry3MqKb:sense:b39512e7-bcaa-437a-ab4c-9ebd32262d86:reading:1:v1,,,,dialect:kh:dhelki:Dhelki dialect:kh:dudh:Dudh
kh,,am colʈaitim,you are going,आम चोलताई'डेम,am colʈaitim,,"living-kharia2026[entry MHgwpszxx96yBFCffBDv, sense 96bc7f49-03eb-4209-8129-c6890f82dad1]",,,living-kharia2026:MHgwpszxx96yBFCffBDv:sense:96bc7f49-03eb-4209-8129-c6890f82dad1:reading:1:v1,,,,dialect:kh:dhelki:Dhelki dialect:kh:dudh:Dudh
kh,,kãy,red ant,काईं,kãy,,"living-kharia2026[entry MMgDOJCDAXAERrIGMm1D, sense 24b2c4a4-5ec5-4693-ae17-c3f8f6c5bff9]",,,living-kharia2026:MMgDOJCDAXAERrIGMm1D:sense:24b2c4a4-5ec5-4693-ae17-c3f8f6c5bff9:reading:1:v1,,,,dialect:kh:dhelki:Dhelki dialect:kh:dudh:Dudh
kh,,beɖʰ,who,बेर,beɖʰ,,"living-kharia2026[entry MRxGeqi95rvhTjGCIzNc, sense 1eb65df1-3895-4a4c-be7d-fe6e24635522]",,,living-kharia2026:MRxGeqi95rvhTjGCIzNc:sense:1eb65df1-3895-4a4c-be7d-fe6e24635522:reading:1:v1,,,,dialect:kh:dhelki:Dhelki dialect:kh:dudh:Dudh
kh,,bira,whose,बेरा',bira,,"living-kharia2026[entry MgjXDpWXwWQajBaljcEM, sense 71b735cc-4cee-48fa-9868-ecdf531ab777]",,,living-kharia2026:MgjXDpWXwWQajBaljcEM:sense:71b735cc-4cee-48fa-9868-ecdf531ab777:reading:1:v1,,,,dialect:kh:dhelki:Dhelki dialect:kh:dudh:Dudh
kh,,leˀɖna,hidden,ले'डना,leˀɖna,,"living-kharia2026[entry MmmfiIAZUpRcvq3Fo1PL, sense f0ce00fa-6318-498b-bd87-f1ca663c7822]",,,living-kharia2026:MmmfiIAZUpRcvq3Fo1PL:sense:f0ce00fa-6318-498b-bd87-f1ca663c7822:reading:1:v1,,,,dialect:kh:dhelki:Dhelki dialect:kh:dudh:Dudh uncertain
kh,,kondeŋ,bamboo,कोनडेङ,kondeŋ,,"living-kharia2026[entry Mo8daAutk9PoFvSzLG1u, sense 2fd4e53b-5953-48a2-8010-304f777be6f4]",,,living-kharia2026:Mo8daAutk9PoFvSzLG1u:sense:2fd4e53b-5953-48a2-8010-304f777be6f4:reading:1:v1,,,,dialect:kh:dhelki:Dhelki dialect:kh:dudh:Dudh
kh,,konɖeŋ,bamboo,कोनडेङ,konɖeŋ,,"living-kharia2026[entry Mo8daAutk9PoFvSzLG1u, sense 2fd4e53b-5953-48a2-8010-304f777be6f4]",,,living-kharia2026:Mo8daAutk9PoFvSzLG1u:sense:2fd4e53b-5953-48a2-8010-304f777be6f4:reading:1:v2,living-kharia2026:Mo8daAutk9PoFvSzLG1u:sense:2fd4e53b-5953-48a2-8010-304f777be6f4:reading:1:v1,,,dialect:kh:dhelki:Dhelki dialect:kh:dudh:Dudh
kh,,terom,honey,तेरोम,terom,,"living-kharia2026[entry N6D0BPEAn8ar6eKYwMNp, sense 7b61cc0e-15f1-472d-9026-b7013a29b2d6]",,,living-kharia2026:N6D0BPEAn8ar6eKYwMNp:sense:7b61cc0e-15f1-472d-9026-b7013a29b2d6:reading:1:v1,,,,dialect:kh:dhelki:Dhelki dialect:kh:dudh:Dudh
kh,,am colnam,you will go,आम चोनाम,am colnam,,"living-kharia2026[entry NEe8h97ZdaVL2C5yTwQm, sense 3ffa540f-fa4a-4c86-af48-363dfa602198]",,,living-kharia2026:NEe8h97ZdaVL2C5yTwQm:sense:3ffa540f-fa4a-4c86-af48-363dfa602198:reading:1:v1,,,,dialect:kh:dhelki:Dhelki dialect:kh:dudh:Dudh
kh,,samunder,ocean - sea,समुंदर,samunder,,"living-kharia2026[entry NNAHCxt4BgNF2utVIA4Y, sense 12819f76-c673-42e9-946a-9eb36e1890e0]",,,living-kharia2026:NNAHCxt4BgNF2utVIA4Y:sense:12819f76-c673-42e9-946a-9eb36e1890e0:reading:1:v1,,,,dialect:kh:dhelki:Dhelki dialect:kh:dudh:Dudh
kh,,samuder,ocean - sea,समुंदर,samuder,,"living-kharia2026[entry NNAHCxt4BgNF2utVIA4Y, sense 12819f76-c673-42e9-946a-9eb36e1890e0]",,,living-kharia2026:NNAHCxt4BgNF2utVIA4Y:sense:12819f76-c673-42e9-946a-9eb36e1890e0:reading:1:v2,living-kharia2026:NNAHCxt4BgNF2utVIA4Y:sense:12819f76-c673-42e9-946a-9eb36e1890e0:reading:1:v1,,,dialect:kh:dhelki:Dhelki dialect:kh:dudh:Dudh
kh,,gʰol,ten,घोल,gʰol,,"living-kharia2026[entry NaNUYST5xsvwRGl3R3YK, sense 33017989-a1ce-496e-ad38-20a7e9e59db2]",,,living-kharia2026:NaNUYST5xsvwRGl3R3YK:sense:33017989-a1ce-496e-ad38-20a7e9e59db2:reading:1:v1,,,,dialect:kh:dhelki:Dhelki dialect:kh:dudh:Dudh
kh,,hokier boriya colnakier,they two go,होकियार बोरिया चोनाकियार,hokier boriya colnakier,,"living-kharia2026[entry NgAbpcIgoED9iBWnivqi, sense 73e815d8-8283-4ca3-b220-ad06c1816b2b]",,,living-kharia2026:NgAbpcIgoED9iBWnivqi:sense:73e815d8-8283-4ca3-b220-ad06c1816b2b:reading:1:v1,,,,dialect:kh:dhelki:Dhelki dialect:kh:dudh:Dudh
kh,,uki colgotkimaĩ,these people are gone,उकी चोलगोडकिमय,uki colgotkimaĩ,,"living-kharia2026[entry OBM4Pqeec6egh1LKhaZh, sense 1665a0b2-6504-4efb-90a4-495f99b53e5d]",,,living-kharia2026:OBM4Pqeec6egh1LKhaZh:sense:1665a0b2-6504-4efb-90a4-495f99b53e5d:reading:1:v1,,,,dialect:kh:dhelki:Dhelki dialect:kh:dudh:Dudh
kh,,aramneiɲ,my brother-in-law,आरामनाइङ,aramneiɲ,,"living-kharia2026[entry OCYExy2IaKuLCwSjMsBV, sense 9b2a0aef-4180-46eb-a9e5-39dfcd8a2b59]",,,living-kharia2026:OCYExy2IaKuLCwSjMsBV:sense:9b2a0aef-4180-46eb-a9e5-39dfcd8a2b59:reading:1:v1,,,,dialect:kh:dhelki:Dhelki dialect:kh:dudh:Dudh
kh,,idrel,July,इद्रेल,idrel,,"living-kharia2026[entry OLmxiYntXRLQcCpSw7J2, sense 51da2bab-6558-416c-a639-d79d082e594f]",,,living-kharia2026:OLmxiYntXRLQcCpSw7J2:sense:51da2bab-6558-416c-a639-d79d082e594f:reading:1:v1,,,,dialect:kh:dhelki:Dhelki dialect:kh:dudh:Dudh
kh,,kʰehiyajumboʔ,never,केहिया जो उम्बो',kʰehiyajumboʔ,,"living-kharia2026[entry OMSC3uLOPT5WJqsInbZv, sense 5f475d55-01fc-4550-be42-7ae280141221]",,,living-kharia2026:OMSC3uLOPT5WJqsInbZv:sense:5f475d55-01fc-4550-be42-7ae280141221:reading:1:v1,,,,dialect:kh:dhelki:Dhelki dialect:kh:dudh:Dudh
kh,,tʰuda,tomorrow,तुडा,tʰuda,,"living-kharia2026[entry OSqDCgNWQld4uOc37cHh, sense 742a8f6c-ed44-431f-a0f6-030d4be1d46e]",,,living-kharia2026:OSqDCgNWQld4uOc37cHh:sense:742a8f6c-ed44-431f-a0f6-030d4be1d46e:reading:1:v1,,,,dialect:kh:dhelki:Dhelki dialect:kh:dudh:Dudh
kh,,telpia,cockroach,तेलपिया,telpia,,"living-kharia2026[entry OX5LtTXV5Ehqz8LvZTKa, sense 473f501f-4c94-43e2-8e7a-548e9a6822ff]",,,living-kharia2026:OX5LtTXV5Ehqz8LvZTKa:sense:473f501f-4c94-43e2-8e7a-548e9a6822ff:reading:1:v1,,,,dialect:kh:dhelki:Dhelki dialect:kh:dudh:Dudh
kh,,am colkim,you went,आम चोलकिम,am colkim,,"living-kharia2026[entry OdpYEnfDDEw06rz2Xc09, sense 0534e9b8-8d5b-4c37-b652-4f9d9e82570b]",,,living-kharia2026:OdpYEnfDDEw06rz2Xc09:sense:0534e9b8-8d5b-4c37-b652-4f9d9e82570b:reading:1:v1,,,,dialect:kh:dhelki:Dhelki dialect:kh:dudh:Dudh
kh,,iɲaʔăkopluʔŭ,My husband,ईंञ' कोपड़ू',iɲaʔăkopluʔŭ,,"living-kharia2026[entry Ovq5Y8Xndvhdg7Hsj56B, sense 8cee07af-20d5-434a-8d5c-6ca3e85a4102]",,,living-kharia2026:Ovq5Y8Xndvhdg7Hsj56B:sense:8cee07af-20d5-434a-8d5c-6ca3e85a4102:reading:1:v1,,,,dialect:kh:dhelki:Dhelki dialect:kh:dudh:Dudh uncertain
kh,,kopɽuʔ,My husband,ईंञ' कोपड़ू',kopɽuʔ,,"living-kharia2026[entry Ovq5Y8Xndvhdg7Hsj56B, sense 8cee07af-20d5-434a-8d5c-6ca3e85a4102]",,,living-kharia2026:Ovq5Y8Xndvhdg7Hsj56B:sense:8cee07af-20d5-434a-8d5c-6ca3e85a4102:reading:1:v2,living-kharia2026:Ovq5Y8Xndvhdg7Hsj56B:sense:8cee07af-20d5-434a-8d5c-6ca3e85a4102:reading:1:v1,,,dialect:kh:dhelki:Dhelki dialect:kh:dudh:Dudh uncertain
kh,,soˀbre soˀbre,quickly,सोब्रे-सोब्रे,soˀbre soˀbre,,"living-kharia2026[entry P6dgyXJCMOvPH2Ruv2LL, sense 32df567c-05a8-4b6c-a636-9c39655a601e]",,,living-kharia2026:P6dgyXJCMOvPH2Ruv2LL:sense:32df567c-05a8-4b6c-a636-9c39655a601e:reading:1:v1,,,,dialect:kh:dhelki:Dhelki dialect:kh:dudh:Dudh uncertain
kh,,rojigə,every day,रोईजगा,rojigə,,"living-kharia2026[entry PVvpwyGSAWHBy9G9g7H1, sense 17d2655f-af31-4f68-9486-5f162fe78502]",,,living-kharia2026:PVvpwyGSAWHBy9G9g7H1:sense:17d2655f-af31-4f68-9486-5f162fe78502:reading:1:v1,,,,dialect:kh:dhelki:Dhelki dialect:kh:dudh:Dudh
kh,,ʈoˀbɖir,white ant,तोबडिर,ʈoˀbɖir,,"living-kharia2026[entry PgZV7WedDA01YXqyAVt6, sense 54eeb35c-1236-4554-855d-34fa81d15a0f]",,,living-kharia2026:PgZV7WedDA01YXqyAVt6:sense:54eeb35c-1236-4554-855d-34fa81d15a0f:reading:1:v1,,,,dialect:kh:dhelki:Dhelki dialect:kh:dudh:Dudh uncertain
kh,,toˀbɖir,white ant,तोबडिर,toˀbɖir,,"living-kharia2026[entry PgZV7WedDA01YXqyAVt6, sense 54eeb35c-1236-4554-855d-34fa81d15a0f]",,,living-kharia2026:PgZV7WedDA01YXqyAVt6:sense:54eeb35c-1236-4554-855d-34fa81d15a0f:reading:1:v2,living-kharia2026:PgZV7WedDA01YXqyAVt6:sense:54eeb35c-1236-4554-855d-34fa81d15a0f:reading:1:v1,,,dialect:kh:dhelki:Dhelki dialect:kh:dudh:Dudh uncertain
kh,,sarbuɖaʔă,June,सरबुड',sarbuɖaʔă,,"living-kharia2026[entry PkPgTbEeNLodlKGCDaxU, sense 6d2b684e-63bd-4f6a-9f0f-b1bfe6b22e18]",,,living-kharia2026:PkPgTbEeNLodlKGCDaxU:sense:6d2b684e-63bd-4f6a-9f0f-b1bfe6b22e18:reading:1:v1,,,,dialect:kh:dhelki:Dhelki dialect:kh:dudh:Dudh uncertain
kh,,hanboʔotʰe,there,हान्बो'ते,hanboʔotʰe,,"living-kharia2026[entry PlJfH5XbDFEUHVZm7QZv, sense 6b49eff7-209b-44fe-9207-e715f0a7a218]",,,living-kharia2026:PlJfH5XbDFEUHVZm7QZv:sense:6b49eff7-209b-44fe-9207-e715f0a7a218:reading:1:v1,,,,dialect:kh:dhelki:Dhelki dialect:kh:dudh:Dudh
kh,,-ɖaʔă,culture,डा',-ɖaʔă,,"living-kharia2026[entry PrGp7l9CdN7SOw7HeNCM, sense 19c3b9c2-d57b-4b8f-b7ef-903460e77e54]",,,living-kharia2026:PrGp7l9CdN7SOw7HeNCM:sense:19c3b9c2-d57b-4b8f-b7ef-903460e77e54:reading:1:v1,,,,dialect:kh:dhelki:Dhelki dialect:kh:dudh:Dudh uncertain
kh,,gʰoltibru,sixteen,घोल टिबरू,gʰoltibru,,"living-kharia2026[entry Pu7LRsW9Tp4BKG1lWTe8, sense 5ad3b231-ed71-4002-a774-c16777155d25]",,,living-kharia2026:Pu7LRsW9Tp4BKG1lWTe8:sense:5ad3b231-ed71-4002-a774-c16777155d25:reading:1:v1,,,,dialect:kh:dhelki:Dhelki dialect:kh:dudh:Dudh
kh,,hokaɽ,he,होकाड़,hokaɽ,,"living-kharia2026[entry Q2eFJuu4d4QldGeRhscs, sense aa01eb14-de28-4013-9840-b1d5d16ae887]",,,living-kharia2026:Q2eFJuu4d4QldGeRhscs:sense:aa01eb14-de28-4013-9840-b1d5d16ae887:reading:1:v1,,,,dialect:kh:dhelki:Dhelki dialect:kh:dudh:Dudh
kh,,bʰeriar,hard,बेरियार,bʰeriar,,"living-kharia2026[entry Q7BlOnLoS8fqfZXhByKS, sense 4c703a9f-7d55-40ab-961b-d50d9be09716]",,,living-kharia2026:Q7BlOnLoS8fqfZXhByKS:sense:4c703a9f-7d55-40ab-961b-d50d9be09716:reading:1:v1,,,,dialect:kh:dhelki:Dhelki dialect:kh:dudh:Dudh
kh,,uʔpʰe,three,उ'फे,uʔpʰe,,"living-kharia2026[entry QRoBKlX13YZfHz4zbOTI, sense 7d576af4-a4eb-40d6-b23f-e0c434620b4d]",,,living-kharia2026:QRoBKlX13YZfHz4zbOTI:sense:7d576af4-a4eb-40d6-b23f-e0c434620b4d:reading:1:v1,,,,dialect:kh:dhelki:Dhelki dialect:kh:dudh:Dudh
kh,,bitmaci,lizard,भितमाछी,bitmaci,,"living-kharia2026[entry QTOPouL2faM6j3bkUyxJ, sense da081a0c-ab0c-4f46-9f33-a6f16a99b382]",,,living-kharia2026:QTOPouL2faM6j3bkUyxJ:sense:da081a0c-ab0c-4f46-9f33-a6f16a99b382:reading:1:v1,,,,dialect:kh:dhelki:Dhelki dialect:kh:dudh:Dudh
kh,,goiʔĭna,dead,गोए'ना,goiʔĭna,,"living-kharia2026[entry QhwjyEX3hn6bmQTwRtKe, sense 199bfb12-5300-4618-bf14-0228d96a3320]",,,living-kharia2026:QhwjyEX3hn6bmQTwRtKe:sense:199bfb12-5300-4618-bf14-0228d96a3320:reading:1:v1,,,,dialect:kh:dhelki:Dhelki dialect:kh:dudh:Dudh uncertain
kh,,bʰuɽu,white ant hill,भुंड़ू,bʰuɽu,,"living-kharia2026[entry R0m6veAmlt57aAqXg6Hc, sense d807c1ff-7c38-4a2f-a1c2-f0538a204d02]",,,living-kharia2026:R0m6veAmlt57aAqXg6Hc:sense:d807c1ff-7c38-4a2f-a1c2-f0538a204d02:reading:1:v1,,,,dialect:kh:dhelki:Dhelki dialect:kh:dudh:Dudh
kh,,uki colnaki,these people will go,उकी चोनाकी,uki colnaki,,"living-kharia2026[entry RNG0nlUM3OBhztZQiXpI, sense 5882f2b2-f9a1-439a-8d60-618919d68323]",,,living-kharia2026:RNG0nlUM3OBhztZQiXpI:sense:5882f2b2-f9a1-439a-8d60-618919d68323:reading:1:v1,,,,dialect:kh:dhelki:Dhelki dialect:kh:dudh:Dudh
kh,,borol,raw/live,बोरोल,borol,,"living-kharia2026[entry RPYSPK5ZxwsVtUzFBaW9, sense 93c7ae29-3b35-43aa-b6c6-73fe28da677c]",,,living-kharia2026:RPYSPK5ZxwsVtUzFBaW9:sense:93c7ae29-3b35-43aa-b6c6-73fe28da677c:reading:1:v1,,,,dialect:kh:dhelki:Dhelki dialect:kh:dudh:Dudh
kh,,मेसोन,Once,मेसोन,,,"living-kharia2026[entry RSivEFSEOcWvvODVjq48, sense b1dea205-c18f-414d-92f9-c159b70c5969]",,,living-kharia2026:RSivEFSEOcWvvODVjq48:sense:b1dea205-c18f-414d-92f9-c159b70c5969:reading:1:v1,,,,uncertain
kh,,maɽa,cave,माड़ा,maɽa,,"living-kharia2026[entry Rjk1TsTM8oViejOQnasB, sense 8be08028-6d0a-4f0b-960a-7a89de9c080b]",,,living-kharia2026:Rjk1TsTM8oViejOQnasB:sense:8be08028-6d0a-4f0b-960a-7a89de9c080b:reading:1:v1,,,,dialect:kh:dhelki:Dhelki dialect:kh:dudh:Dudh
kh,,mosiɲ,my maternal aunt,मोसीङ,mosiɲ,,"living-kharia2026[entry RkUbYxCmMFbwS4ttUQzz, sense 82c568a3-14bc-4102-8afd-314b36ddc5cf]",,,living-kharia2026:RkUbYxCmMFbwS4ttUQzz:sense:82c568a3-14bc-4102-8afd-314b36ddc5cf:reading:1:v1,,,,dialect:kh:dhelki:Dhelki dialect:kh:dudh:Dudh
kh,,muina,dream,मुइना,muina,,"living-kharia2026[entry RrRAPskGsdJ6UKTJ5MoC, sense 3c682471-43ff-43cb-bb2e-a82c8b11f6b6]",,,living-kharia2026:RrRAPskGsdJ6UKTJ5MoC:sense:3c682471-43ff-43cb-bb2e-a82c8b11f6b6:reading:1:v1,,,,dialect:kh:dhelki:Dhelki dialect:kh:dudh:Dudh
kh,,biluŋ,salt,बिलुङ,biluŋ,,"living-kharia2026[entry RzW1otCZbz6tSRLoAeK8, sense 4be271cc-d1c0-458b-bf71-975ac232423b]",,,living-kharia2026:RzW1otCZbz6tSRLoAeK8:sense:4be271cc-d1c0-458b-bf71-975ac232423b:reading:1:v1,,,,dialect:kh:dhelki:Dhelki dialect:kh:dudh:Dudh
kh,,bagoycaʔă,garden,बगोईचा,bagoycaʔă,,"living-kharia2026[entry S0lPJB1AqXetgbDccIFC, sense cc3a264f-7bc4-40af-a479-abd60b1b45e8]",,,living-kharia2026:S0lPJB1AqXetgbDccIFC:sense:cc3a264f-7bc4-40af-a479-abd60b1b45e8:reading:1:v1,,,,dialect:kh:dhelki:Dhelki dialect:kh:dudh:Dudh uncertain
kh,,bagoyca,garden,बगोईचा,bagoyca,,"living-kharia2026[entry S0lPJB1AqXetgbDccIFC, sense cc3a264f-7bc4-40af-a479-abd60b1b45e8]",,,living-kharia2026:S0lPJB1AqXetgbDccIFC:sense:cc3a264f-7bc4-40af-a479-abd60b1b45e8:reading:1:v2,living-kharia2026:S0lPJB1AqXetgbDccIFC:sense:cc3a264f-7bc4-40af-a479-abd60b1b45e8:reading:1:v1,,,dialect:kh:dhelki:Dhelki dialect:kh:dudh:Dudh uncertain
kh,,daru,tree,दारु,daru,,"living-kharia2026[entry SJ1nThW1Ho86wQmAnZCz, sense ee0ccb07-fbd1-4915-a53e-5113adaa75d0]",,,living-kharia2026:SJ1nThW1Ho86wQmAnZCz:sense:ee0ccb07-fbd1-4915-a53e-5113adaa75d0:reading:1:v1,,,,dialect:kh:dhelki:Dhelki dialect:kh:dudh:Dudh
kh,,konon,little,कोनोन,konon,,"living-kharia2026[entry SNs3hNcAFE7I045KIX8v, sense 09955906-2eeb-437b-90a2-d5d334648c40]",,,living-kharia2026:SNs3hNcAFE7I045KIX8v:sense:09955906-2eeb-437b-90a2-d5d334648c40:reading:1:v1,,,,dialect:kh:dhelki:Dhelki dialect:kh:dudh:Dudh
kh,,libu,man,लेबु,libu,,"living-kharia2026[entry SaPjkLuW13DDfALVkiSr, sense 19121319-4241-4473-8e7b-2147dd6404ff]",,,living-kharia2026:SaPjkLuW13DDfALVkiSr:sense:19121319-4241-4473-8e7b-2147dd6404ff:reading:1:v1,,,,dialect:kh:dhelki:Dhelki dialect:kh:dudh:Dudh
kh,,lebu,man,लेबु,lebu,,"living-kharia2026[entry SaPjkLuW13DDfALVkiSr, sense 19121319-4241-4473-8e7b-2147dd6404ff]",,,living-kharia2026:SaPjkLuW13DDfALVkiSr:sense:19121319-4241-4473-8e7b-2147dd6404ff:reading:1:v2,living-kharia2026:SaPjkLuW13DDfALVkiSr:sense:19121319-4241-4473-8e7b-2147dd6404ff:reading:1:v1,,,dialect:kh:dhelki:Dhelki dialect:kh:dudh:Dudh
kh,,arloʔŏ,north,अरलो',arloʔŏ,,"living-kharia2026[entry SkY7vLRF575Zh7V8PC4g, sense 9d20b79d-a910-4b8b-a61f-9665dbaa8d4f]",,,living-kharia2026:SkY7vLRF575Zh7V8PC4g:sense:9d20b79d-a910-4b8b-a61f-9665dbaa8d4f:reading:1:v1,,,,dialect:kh:dhelki:Dhelki dialect:kh:dudh:Dudh uncertain
kh,,am ro iɲ colnanaŋ,you + I will go,आम रो ईञ चोनानाङ,am ro iɲ colnanaŋ,,"living-kharia2026[entry Sm8poT8FxTpQMUp4E6Re, sense 5da1d33d-c9e1-4d59-91e9-cb83f114a6df]",,,living-kharia2026:Sm8poT8FxTpQMUp4E6Re:sense:5da1d33d-c9e1-4d59-91e9-cb83f114a6df:reading:1:v1,,,,dialect:kh:dhelki:Dhelki dialect:kh:dudh:Dudh
kh,,beloŋ,ripe,बेलोङ,beloŋ,,"living-kharia2026[entry SvXEN1sf0jv17anqYvWY, sense f9949edb-bb5f-4437-9b20-6be4d3221abe]",,,living-kharia2026:SvXEN1sf0jv17anqYvWY:sense:f9949edb-bb5f-4437-9b20-6be4d3221abe:reading:1:v1,,,,dialect:kh:dhelki:Dhelki dialect:kh:dudh:Dudh
kh,,jaŋkor,February,जाङकोर,jaŋkor,,"living-kharia2026[entry SxPDWdvoJ6xHvSb97gD8, sense 64ce08db-47d2-4f54-bc02-d462f3efba41]",,,living-kharia2026:SxPDWdvoJ6xHvSb97gD8:sense:64ce08db-47d2-4f54-bc02-d462f3efba41:reading:1:v1,,,,dialect:kh:dhelki:Dhelki dialect:kh:dudh:Dudh
kh,,uʔpʰeikɽi,sixty,उ'फे एकड़ी,uʔpʰeikɽi,,"living-kharia2026[entry TAuDdju6W130yKiUFL3y, sense e1b2a7ef-ebc8-4381-9084-136fc9f5fb51]",,,living-kharia2026:TAuDdju6W130yKiUFL3y:sense:e1b2a7ef-ebc8-4381-9084-136fc9f5fb51:reading:1:v1,,,,dialect:kh:dhelki:Dhelki dialect:kh:dudh:Dudh
kh,,uʔpʰekɽi,sixty,उ'फे एकड़ी,uʔpʰekɽi,,"living-kharia2026[entry TAuDdju6W130yKiUFL3y, sense e1b2a7ef-ebc8-4381-9084-136fc9f5fb51]",,,living-kharia2026:TAuDdju6W130yKiUFL3y:sense:e1b2a7ef-ebc8-4381-9084-136fc9f5fb51:reading:1:v2,living-kharia2026:TAuDdju6W130yKiUFL3y:sense:e1b2a7ef-ebc8-4381-9084-136fc9f5fb51:reading:1:v1,,,dialect:kh:dhelki:Dhelki dialect:kh:dudh:Dudh
kh,,uboʔotʰe,here,ऊबो'ते,uboʔotʰe,,"living-kharia2026[entry TGekJijWUahNxMWi9mJO, sense dc4ad3dd-c45a-4fb6-8386-3a4cd1540b0e]",,,living-kharia2026:TGekJijWUahNxMWi9mJO:sense:dc4ad3dd-c45a-4fb6-8386-3a4cd1540b0e:reading:1:v1,,,,dialect:kh:dhelki:Dhelki dialect:kh:dudh:Dudh
kh,,beʈaiɲ,my son,बेटाईङ,beʈaiɲ,,"living-kharia2026[entry TK58Nc8BCwQkDlqrjiux, sense 5fac2233-2091-4574-96a2-0c0c29787f4a]",,,living-kharia2026:TK58Nc8BCwQkDlqrjiux:sense:5fac2233-2091-4574-96a2-0c0c29787f4a:reading:1:v1,,,,dialect:kh:dhelki:Dhelki dialect:kh:dudh:Dudh
kh,,pokʰra,pond,पोखरा,pokʰra,,"living-kharia2026[entry TqiGT5dQU56XyNq7xuR3, sense 58f861dd-a2ac-4111-872a-254816ef7b55]",,,living-kharia2026:TqiGT5dQU56XyNq7xuR3:sense:58f861dd-a2ac-4111-872a-254816ef7b55:reading:1:v1,,,,dialect:kh:dhelki:Dhelki dialect:kh:dudh:Dudh
kh,,peʔĕ,rice - cooked,पे',peʔĕ,,"living-kharia2026[entry U1LcDeXfy3nYcnPcPbn6, sense 9fc8ac07-9209-4fe8-a83e-7100a2faf3eb]",,,living-kharia2026:U1LcDeXfy3nYcnPcPbn6:sense:9fc8ac07-9209-4fe8-a83e-7100a2faf3eb:reading:1:v1,,,,dialect:kh:dhelki:Dhelki dialect:kh:dudh:Dudh uncertain
kh,,ˀboiʔkoʈki,he is dead,गोए'गोटकि,ˀboiʔkoʈki,,"living-kharia2026[entry U2svMtcDAllt6vhDh8wc, sense c64d6af1-0bb3-4291-bb61-372dab2468be]",,,living-kharia2026:U2svMtcDAllt6vhDh8wc:sense:c64d6af1-0bb3-4291-bb61-372dab2468be:reading:1:v1,,,,dialect:kh:dhelki:Dhelki dialect:kh:dudh:Dudh uncertain
kh,,tʰakena,tired,थाकेना,tʰakena,,"living-kharia2026[entry U5YYhl7VrQe16hZVOJo6, sense 2a504aed-d468-4165-9546-2a46b9034827]",,,living-kharia2026:U5YYhl7VrQe16hZVOJo6:sense:2a504aed-d468-4165-9546-2a46b9034827:reading:1:v1,,,,dialect:kh:dhelki:Dhelki dialect:kh:dudh:Dudh
kh,,kaɖoŋ,fish,कडोङ,kaɖoŋ,,"living-kharia2026[entry U8xoQcfZWZn2V4yKfF3b, sense 32de8f4d-8967-47c9-b7aa-c216864c2683]",,,living-kharia2026:U8xoQcfZWZn2V4yKfF3b:sense:32de8f4d-8967-47c9-b7aa-c216864c2683:reading:1:v1,,,,dialect:kh:dhelki:Dhelki dialect:kh:dudh:Dudh
kh,,baruda,better,बारूडा',baruda,,"living-kharia2026[entry UCP1412TNlc7BSJy21vB, sense 5f5ab455-af07-4904-a3cb-98ac806c991b]",,,living-kharia2026:UCP1412TNlc7BSJy21vB:sense:5f5ab455-af07-4904-a3cb-98ac806c991b:reading:1:v1,,,,dialect:kh:dhelki:Dhelki dialect:kh:dudh:Dudh
kh,,gʰaɽilaʔăteʔ,smelling,घांड़ी ला'ताईज्,gʰaɽilaʔăteʔ,,"living-kharia2026[entry UCTeZK2vFvRocu3kdEzu, sense 8175ea22-bdcd-4da1-8af9-0f895acf22ab]",,,living-kharia2026:UCTeZK2vFvRocu3kdEzu:sense:8175ea22-bdcd-4da1-8af9-0f895acf22ab:reading:1:v1,,,,dialect:kh:dhelki:Dhelki dialect:kh:dudh:Dudh uncertain
kh,,burha,old person,बूढ़ा,burha,,"living-kharia2026[entry UKD66flxrdnPrl0kPBXA, sense b3832bed-71cd-4aa7-b0fe-db3dbec6a6f8]",,,living-kharia2026:UKD66flxrdnPrl0kPBXA:sense:b3832bed-71cd-4aa7-b0fe-db3dbec6a6f8:reading:1:v1,,,,dialect:kh:dhelki:Dhelki dialect:kh:dudh:Dudh
kh,,aɳɖa,chicken egg,अंडा,aɳɖa,,"living-kharia2026[entry UPL88cCpOuvZ7M7Vs8xu, sense 5e31c628-9489-4df2-b436-4e6ecdeb2ae1]",,,living-kharia2026:UPL88cCpOuvZ7M7Vs8xu:sense:5e31c628-9489-4df2-b436-4e6ecdeb2ae1:reading:1:v1,,,,dialect:kh:dhelki:Dhelki dialect:kh:dudh:Dudh
kh,,anɖa,chicken egg,अंडा,anɖa,,"living-kharia2026[entry UPL88cCpOuvZ7M7Vs8xu, sense 5e31c628-9489-4df2-b436-4e6ecdeb2ae1]",,,living-kharia2026:UPL88cCpOuvZ7M7Vs8xu:sense:5e31c628-9489-4df2-b436-4e6ecdeb2ae1:reading:1:v2,living-kharia2026:UPL88cCpOuvZ7M7Vs8xu:sense:5e31c628-9489-4df2-b436-4e6ecdeb2ae1:reading:1:v1,,,dialect:kh:dhelki:Dhelki dialect:kh:dudh:Dudh
kh,,iɖiˀb,night,इडी'ब,iɖiˀb,,"living-kharia2026[entry UPjhZUJ0vzcIF6YOcnsk, sense 0a899329-6879-41b9-8fee-f4992618f3f9]",,,living-kharia2026:UPjhZUJ0vzcIF6YOcnsk:sense:0a899329-6879-41b9-8fee-f4992618f3f9:reading:1:v1,,,,dialect:kh:dhelki:Dhelki dialect:kh:dudh:Dudh uncertain
kh,,aniŋsop,together,अनिंग सोब,aniŋsop,,"living-kharia2026[entry UWVPxm3UqUEmyMH8TDqJ, sense 1e373723-86b8-46fe-802b-f92f50c63eea]",,,living-kharia2026:UWVPxm3UqUEmyMH8TDqJ:sense:1e373723-86b8-46fe-802b-f92f50c63eea:reading:1:v1,,,,dialect:kh:dhelki:Dhelki dialect:kh:dudh:Dudh
kh,,gotiya,guest,गोतिया,gotiya,,"living-kharia2026[entry UdzxfPcttSZFF7I8Xfo7, sense ca98f5bc-67b4-4d06-b578-587ea25052d4]",,,living-kharia2026:UdzxfPcttSZFF7I8Xfo7:sense:ca98f5bc-67b4-4d06-b578-587ea25052d4:reading:1:v1,,,,dialect:kh:dhelki:Dhelki dialect:kh:dudh:Dudh
kh,,moiɲsai,one hundred,मोनसै,moiɲsai,,"living-kharia2026[entry UhCx8LCVUrWasUKdY0cL, sense 25efe91b-7465-49d7-8d62-a3916ae2250b]",,,living-kharia2026:UhCx8LCVUrWasUKdY0cL:sense:25efe91b-7465-49d7-8d62-a3916ae2250b:reading:1:v1,,,,dialect:kh:dhelki:Dhelki dialect:kh:dudh:Dudh
kh,,moɲsai,one hundred,मोनसै,moɲsai,,"living-kharia2026[entry UhCx8LCVUrWasUKdY0cL, sense 25efe91b-7465-49d7-8d62-a3916ae2250b]",,,living-kharia2026:UhCx8LCVUrWasUKdY0cL:sense:25efe91b-7465-49d7-8d62-a3916ae2250b:reading:1:v2,living-kharia2026:UhCx8LCVUrWasUKdY0cL:sense:25efe91b-7465-49d7-8d62-a3916ae2250b:reading:1:v1,,,dialect:kh:dhelki:Dhelki dialect:kh:dudh:Dudh
kh,,uki colʈaiki,he is going,उकी चोलताकी,uki colʈaiki,,"living-kharia2026[entry UhM8xhT4mNx5r1fG64S4, sense 7f9ca352-22c7-4914-892a-958c435ed72a]",,,living-kharia2026:UhM8xhT4mNx5r1fG64S4:sense:7f9ca352-22c7-4914-892a-958c435ed72a:reading:1:v1,,,,dialect:kh:dhelki:Dhelki dialect:kh:dudh:Dudh
kh,,ambar boriya colnabar,you two will go,आम्बार बोरिया चोनाबार,ambar boriya colnabar,,"living-kharia2026[entry UooBU9plotJ2fOcakrZR, sense 780fdace-eafc-4932-89dd-6c75e7548105]",,,living-kharia2026:UooBU9plotJ2fOcakrZR:sense:780fdace-eafc-4932-89dd-6c75e7548105:reading:1:v1,,,,dialect:kh:dhelki:Dhelki dialect:kh:dudh:Dudh
kh,,binli,fish net,बिनलि,binli,,"living-kharia2026[entry UzzQ6xkrwGvQXyqJPPqq, sense 8e1d9015-c9c9-4d0f-8f4a-a6e0f77920da]",,,living-kharia2026:UzzQ6xkrwGvQXyqJPPqq:sense:8e1d9015-c9c9-4d0f-8f4a-a6e0f77920da:reading:1:v1,,,,dialect:kh:dhelki:Dhelki dialect:kh:dudh:Dudh
kh,,gaʔăɽha,a pit,गा'ढ़ा,gaʔăɽha,,"living-kharia2026[entry V2He4pfExqteh1oFCpbc, sense 5c66fc5c-bcd4-4315-9e3d-257e71e2774e]",,,living-kharia2026:V2He4pfExqteh1oFCpbc:sense:5c66fc5c-bcd4-4315-9e3d-257e71e2774e:reading:1:v1,,,,dialect:kh:dhelki:Dhelki dialect:kh:dudh:Dudh uncertain
kh,,idiʔte,at night,ईडी'बते,idiʔte,,"living-kharia2026[entry V8c4uuRjWc17NhUI1DAn, sense 15d83e2c-b6ac-4f14-b122-bb5a8e60d1a0]",,,living-kharia2026:V8c4uuRjWc17NhUI1DAn:sense:15d83e2c-b6ac-4f14-b122-bb5a8e60d1a0:reading:1:v1,,,,dialect:kh:dhelki:Dhelki dialect:kh:dudh:Dudh
kh,,nananaiɲ,my maternal grandfather,नानाईंङ,nananaiɲ,,"living-kharia2026[entry VImtKwLNifsos6wjm9cj, sense cfe77ce4-ef71-4b80-b8f8-16874731edb0]",,,living-kharia2026:VImtKwLNifsos6wjm9cj:sense:cfe77ce4-ef71-4b80-b8f8-16874731edb0:reading:1:v1,,,,dialect:kh:dhelki:Dhelki dialect:kh:dudh:Dudh
kh,,betoˀɖ,hungry,बेतो'ड,betoˀɖ,,"living-kharia2026[entry VN3HdIvMtkcMC6Y9jxAR, sense 592b0df7-1550-42dc-8d00-f276c5a60290]",,,living-kharia2026:VN3HdIvMtkcMC6Y9jxAR:sense:592b0df7-1550-42dc-8d00-f276c5a60290:reading:1:v1,,,,dialect:kh:dhelki:Dhelki dialect:kh:dudh:Dudh uncertain
kh,,kasrel,May,कसरेल,kasrel,,"living-kharia2026[entry VSbnwLQitF3YYr3zz7aA, sense d2006381-dea0-4ed4-8fb8-97abef619cc2]",,,living-kharia2026:VSbnwLQitF3YYr3zz7aA:sense:d2006381-dea0-4ed4-8fb8-97abef619cc2:reading:1:v1,,,,dialect:kh:dhelki:Dhelki dialect:kh:dudh:Dudh
kh,,duʔŭkʰona,to be sad,दू'खोना,duʔŭkʰona,,"living-kharia2026[entry VakYPQ56Tsya7EpXo4Wv, sense 8bca9a9e-8f7c-4d9e-b694-25f6effb3b78]",,,living-kharia2026:VakYPQ56Tsya7EpXo4Wv:sense:8bca9a9e-8f7c-4d9e-b694-25f6effb3b78:reading:1:v1,,,,dialect:kh:dhelki:Dhelki dialect:kh:dudh:Dudh uncertain
kh,,gariʔĭm,poor,गरी'ब,gariʔĭm,,"living-kharia2026[entry VbTB1nJjI1F2Oo8o1tIw, sense 127acabc-fec3-43b4-963a-81f728aaefc5]",,,living-kharia2026:VbTB1nJjI1F2Oo8o1tIw:sense:127acabc-fec3-43b4-963a-81f728aaefc5:reading:1:v1,,,,dialect:kh:dhelki:Dhelki dialect:kh:dudh:Dudh uncertain
kh,,iɖaʔ,yesterday,ईडा',iɖaʔ,,"living-kharia2026[entry VejDV701IuXbJCcU422e, sense 58213d34-8cab-4705-b08e-b2fcd1bdf773]",,,living-kharia2026:VejDV701IuXbJCcU422e:sense:58213d34-8cab-4705-b08e-b2fcd1bdf773:reading:1:v1,,,,dialect:kh:dhelki:Dhelki dialect:kh:dudh:Dudh
kh,,am ro iɲ colnanaŋ,you+ I go,आम रो ईंञ चोनानाङ,am ro iɲ colnanaŋ,,"living-kharia2026[entry VnxJHRHAQAoy4taelOK9, sense 206d6e65-6799-4ddc-a7d8-5d8b7f66ab26]",,,living-kharia2026:VnxJHRHAQAoy4taelOK9:sense:206d6e65-6799-4ddc-a7d8-5d8b7f66ab26:reading:1:v1,,,,dialect:kh:dhelki:Dhelki dialect:kh:dudh:Dudh
kh,,sonor,gold,सोनोर,sonor,,"living-kharia2026[entry WHo3eJV9lharCeZbOVvB, sense 9482a43a-5544-48bc-bacb-3b5da30d2c3d]",,,living-kharia2026:WHo3eJV9lharCeZbOVvB:sense:9482a43a-5544-48bc-bacb-3b5da30d2c3d:reading:1:v1,,,,dialect:kh:dhelki:Dhelki dialect:kh:dudh:Dudh
kh,,terom,bee,तेरोम,terom,,"living-kharia2026[entry WIVOonTlyvYAQBldct6d, sense e5198163-714d-44f8-8f66-d417ab721de4]",,,living-kharia2026:WIVOonTlyvYAQBldct6d:sense:e5198163-714d-44f8-8f66-d417ab721de4:reading:1:v1,,,,dialect:kh:dhelki:Dhelki dialect:kh:dudh:Dudh
kh,,hiriyar,green,हरियर,hiriyar,,"living-kharia2026[entry WL06eMqpvuZJTHYZ76Z0, sense 1679634a-c3f8-48c3-a4b7-4ce48f23e2df]",,,living-kharia2026:WL06eMqpvuZJTHYZ76Z0:sense:1679634a-c3f8-48c3-a4b7-4ce48f23e2df:reading:1:v1,,,,dialect:kh:dhelki:Dhelki dialect:kh:dudh:Dudh
kh,,heriyar,green,हरियर,heriyar,,"living-kharia2026[entry WL06eMqpvuZJTHYZ76Z0, sense 1679634a-c3f8-48c3-a4b7-4ce48f23e2df]",,,living-kharia2026:WL06eMqpvuZJTHYZ76Z0:sense:1679634a-c3f8-48c3-a4b7-4ce48f23e2df:reading:1:v2,living-kharia2026:WL06eMqpvuZJTHYZ76Z0:sense:1679634a-c3f8-48c3-a4b7-4ce48f23e2df:reading:1:v1,,,dialect:kh:dhelki:Dhelki dialect:kh:dudh:Dudh
kh,,moʔŏ,smoke,मो',moʔŏ,,"living-kharia2026[entry WRg3c0HEk1H17nfl9vy8, sense 268dd0f4-4a66-421c-96fd-3620e540d04b]",,,living-kharia2026:WRg3c0HEk1H17nfl9vy8:sense:268dd0f4-4a66-421c-96fd-3620e540d04b:reading:1:v1,,,,dialect:kh:dhelki:Dhelki dialect:kh:dudh:Dudh uncertain
kh,,abaiɲ,my father,अबाइङ,abaiɲ,,"living-kharia2026[entry WbsvLBWwTmgdbMRKMWbB, sense f3779e80-a734-4d94-a752-30b0db1bbd31]",,,living-kharia2026:WbsvLBWwTmgdbMRKMWbB:sense:f3779e80-a734-4d94-a752-30b0db1bbd31:reading:1:v1,,,,dialect:kh:dhelki:Dhelki dialect:kh:dudh:Dudh
kh,,toˀbluŋ,sky,तोभलूङ,toˀbluŋ,,"living-kharia2026[entry WfqqFE9zwIOetdJ3he0a, sense 2cc50d46-5f50-4ac7-9814-47d8cba1c4cd]",,,living-kharia2026:WfqqFE9zwIOetdJ3he0a:sense:2cc50d46-5f50-4ac7-9814-47d8cba1c4cd:reading:1:v1,,,,dialect:kh:dhelki:Dhelki dialect:kh:dudh:Dudh uncertain
kh,,tobluŋ,sky,तोभलूङ,tobluŋ,,"living-kharia2026[entry WfqqFE9zwIOetdJ3he0a, sense 2cc50d46-5f50-4ac7-9814-47d8cba1c4cd]",,,living-kharia2026:WfqqFE9zwIOetdJ3he0a:sense:2cc50d46-5f50-4ac7-9814-47d8cba1c4cd:reading:1:v2,living-kharia2026:WfqqFE9zwIOetdJ3he0a:sense:2cc50d46-5f50-4ac7-9814-47d8cba1c4cd:reading:1:v1,,,dialect:kh:dhelki:Dhelki dialect:kh:dudh:Dudh uncertain
kh,,goʔŏjʰuŋ,trail,गो'झुङ,goʔŏjʰuŋ,,"living-kharia2026[entry WmGTmuq6UAnkw5DiixBu, sense f37aac30-0aca-4327-b96e-428613826a91]",,,living-kharia2026:WmGTmuq6UAnkw5DiixBu:sense:f37aac30-0aca-4327-b96e-428613826a91:reading:1:v1,,,,dialect:kh:dhelki:Dhelki dialect:kh:dudh:Dudh uncertain
kh,,buɽha,old (person),बूढ़ा,buɽha,,"living-kharia2026[entry Wwh0O0angj5ZyFXJylCP, sense 0da69698-d1d2-4550-807a-13a3a7f8a01c]",,,living-kharia2026:Wwh0O0angj5ZyFXJylCP:sense:0da69698-d1d2-4550-807a-13a3a7f8a01c:reading:1:v1,,,,dialect:kh:dhelki:Dhelki dialect:kh:dudh:Dudh
kh,,tibru,six,टिबरू,tibru,,"living-kharia2026[entry WxGk1aiM4xIJ0OcXAkfw, sense cdc8ab81-c3d4-437c-af46-c57cb91e5408]",,,living-kharia2026:WxGk1aiM4xIJ0OcXAkfw:sense:cdc8ab81-c3d4-437c-af46-c57cb91e5408:reading:1:v1,,,,dialect:kh:dhelki:Dhelki dialect:kh:dudh:Dudh
kh,,hã,yes,हाँ,hã,,"living-kharia2026[entry WxiwS9c1YkarBZ6ViPoc, sense bc27c812-e84a-48a1-a6c8-cf159d4687dd]",,,living-kharia2026:WxiwS9c1YkarBZ6ViPoc:sense:bc27c812-e84a-48a1-a6c8-cf159d4687dd:reading:1:v1,,,,dialect:kh:dhelki:Dhelki dialect:kh:dudh:Dudh
kh,,oreʔĕ ɖaʔă,beef,ओरे' डा',oreʔĕ ɖaʔă,,"living-kharia2026[entry XFzBVshSARcFTzJaUl6l, sense 3dcb2400-269d-4868-bdde-e15b2300f2d3]",,,living-kharia2026:XFzBVshSARcFTzJaUl6l:sense:3dcb2400-269d-4868-bdde-e15b2300f2d3:reading:1:v1,,,,dialect:kh:dhelki:Dhelki dialect:kh:dudh:Dudh uncertain
kh,,buaŋ,snake,बुआङ,buaŋ,,"living-kharia2026[entry XGAojQoJVmamkMYzeJzD, sense e30af574-2476-4805-9c87-540906c6d0ae]",,,living-kharia2026:XGAojQoJVmamkMYzeJzD:sense:e30af574-2476-4805-9c87-540906c6d0ae:reading:1:v1,,,,dialect:kh:dhelki:Dhelki dialect:kh:dudh:Dudh
kh,,मोरोम,Importance,मोरोम,,,"living-kharia2026[entry XPvTa7UutfYMLZxWkc0i, sense 6a80c4d2-0300-404f-a417-7eeccc96dae4]",,,living-kharia2026:XPvTa7UutfYMLZxWkc0i:sense:6a80c4d2-0300-404f-a417-7eeccc96dae4:reading:1:v1,,,,uncertain
kh,,elletino amumboʔŏ,we 3+ (not you),एले तीनो आम उम्बो',elletino amumboʔŏ,,"living-kharia2026[entry XTgCCjQRzbSaEsn7Zq8Z, sense 507723ca-cb0a-43dc-b82a-4b936f4ddd2f]",,,living-kharia2026:XTgCCjQRzbSaEsn7Zq8Z:sense:507723ca-cb0a-43dc-b82a-4b936f4ddd2f:reading:1:v1,,,,dialect:kh:dhelki:Dhelki dialect:kh:dudh:Dudh uncertain
kh,,hokier boriya colnalakikier,they two were going,होकियार बोरिया चोलकिकियार,hokier boriya colnalakikier,,"living-kharia2026[entry XikzwS5BzPhw5YAaGXBx, sense 3b317958-d13c-4776-97de-4933be4bb4d8]",,,living-kharia2026:XikzwS5BzPhw5YAaGXBx:sense:3b317958-d13c-4776-97de-4933be4bb4d8:reading:1:v1,,,,dialect:kh:dhelki:Dhelki dialect:kh:dudh:Dudh
kh,,mamiɲ,my paternal aunt,मामीङ,mamiɲ,,"living-kharia2026[entry Xo4X3iwT3bS2MPLkPrlr, sense 14a27b18-2af1-4706-886e-7bce6c12a70c]",,,living-kharia2026:Xo4X3iwT3bS2MPLkPrlr:sense:14a27b18-2af1-4706-886e-7bce6c12a70c:reading:1:v1,,,,dialect:kh:dhelki:Dhelki dialect:kh:dudh:Dudh
kh,,ikɽigʰol,thirty,इकड़ी घोल,ikɽigʰol,,"living-kharia2026[entry XuffYgzimlLWlCUBMqZP, sense 836631b2-26b5-4eab-a9cd-3c8581d0ccf8]",,,living-kharia2026:XuffYgzimlLWlCUBMqZP:sense:836631b2-26b5-4eab-a9cd-3c8581d0ccf8:reading:1:v1,,,,dialect:kh:dhelki:Dhelki dialect:kh:dudh:Dudh
kh,,ekɽigʰol,thirty,इकड़ी घोल,ekɽigʰol,,"living-kharia2026[entry XuffYgzimlLWlCUBMqZP, sense 836631b2-26b5-4eab-a9cd-3c8581d0ccf8]",,,living-kharia2026:XuffYgzimlLWlCUBMqZP:sense:836631b2-26b5-4eab-a9cd-3c8581d0ccf8:reading:1:v2,living-kharia2026:XuffYgzimlLWlCUBMqZP:sense:836631b2-26b5-4eab-a9cd-3c8581d0ccf8:reading:1:v1,,,dialect:kh:dhelki:Dhelki dialect:kh:dudh:Dudh
kh,,leraŋ,moon,लेराङ,leraŋ,,"living-kharia2026[entry XwzzUEcd9Zbd0VGfUSLn, sense feb18990-b847-4c81-96c4-0655abc712c1]",,,living-kharia2026:XwzzUEcd9Zbd0VGfUSLn:sense:feb18990-b847-4c81-96c4-0655abc712c1:reading:1:v1,,,,dialect:kh:dhelki:Dhelki dialect:kh:dudh:Dudh
kh,,tʰer lebuki,more people,ढेर लेबुकी,tʰer lebuki,,"living-kharia2026[entry Y2ZeiKThlYTW0XJlAIkM, sense ca1d9f05-110b-46da-ae47-5d28ad4ab218]",,,living-kharia2026:Y2ZeiKThlYTW0XJlAIkM:sense:ca1d9f05-110b-46da-ae47-5d28ad4ab218:reading:1:v1,,,,dialect:kh:dhelki:Dhelki dialect:kh:dudh:Dudh
kh,,oʔŏ,home,ओ',oʔŏ,,"living-kharia2026[entry YXEmxuMjkxaWA0JDbUTE, sense 99b5014b-3385-40c4-9991-aa60c8acc7f5]",,,living-kharia2026:YXEmxuMjkxaWA0JDbUTE:sense:99b5014b-3385-40c4-9991-aa60c8acc7f5:reading:1:v1,,,,dialect:kh:dhelki:Dhelki dialect:kh:dudh:Dudh uncertain
kh,,jugʰae,huge,जुघय,jugʰae,,"living-kharia2026[entry Ynv4LLm6w5lA0QlmUiPj, sense cc214ee3-18ba-4775-a97c-a5dc4dcb22af]",,,living-kharia2026:Ynv4LLm6w5lA0QlmUiPj:sense:cc214ee3-18ba-4775-a97c-a5dc4dcb22af:reading:1:v1,,,,dialect:kh:dhelki:Dhelki dialect:kh:dudh:Dudh
kh,,naninaiɲ,my maternal grandmother,नानीनाईंञ,naninaiɲ,,"living-kharia2026[entry Yv8Q9835ag9JfUBoYc2L, sense b588e794-c948-44fe-ac33-2ab7e21e1c1a]",,,living-kharia2026:Yv8Q9835ag9JfUBoYc2L:sense:b588e794-c948-44fe-ac33-2ab7e21e1c1a:reading:1:v1,,,,dialect:kh:dhelki:Dhelki dialect:kh:dudh:Dudh
kh,,tʰomsiŋ,nine,थोमसिङ,tʰomsiŋ,,"living-kharia2026[entry Z5jxXOrBaUZCIpSWLxLL, sense a04a29b4-ee80-453a-b41d-d84f2f13fc5d]",,,living-kharia2026:Z5jxXOrBaUZCIpSWLxLL:sense:a04a29b4-ee80-453a-b41d-d84f2f13fc5d:reading:1:v1,,,,dialect:kh:dhelki:Dhelki dialect:kh:dudh:Dudh
kh,,donka,hole,टोंका,donka,,"living-kharia2026[entry Z73EiMJxiGcs2NO0LMXG, sense 65edec9d-5b70-4aca-85aa-5f2a128f1cf5]",,,living-kharia2026:Z73EiMJxiGcs2NO0LMXG:sense:65edec9d-5b70-4aca-85aa-5f2a128f1cf5:reading:1:v1,,,,dialect:kh:dhelki:Dhelki dialect:kh:dudh:Dudh
kh,,ambar boriya colnalaʔăkibar,you two were going,आम्बार बोरिया चोनाला'कीबार,ambar boriya colnalaʔăkibar,,"living-kharia2026[entry ZV5TlwYDw5BWzE2U1071, sense 91e34b66-86a1-41ec-aabf-c1b2a764ff32]",,,living-kharia2026:ZV5TlwYDw5BWzE2U1071:sense:91e34b66-86a1-41ec-aabf-c1b2a764ff32:reading:1:v1,,,,dialect:kh:dhelki:Dhelki dialect:kh:dudh:Dudh uncertain
kh,,gʰaʈ,valley,घाट,gʰaʈ,,"living-kharia2026[entry ZmH98HtY9x338bEdWl9D, sense 7a5333b8-541c-4e31-86f4-0270fd81dc6f]",,,living-kharia2026:ZmH98HtY9x338bEdWl9D:sense:7a5333b8-541c-4e31-86f4-0270fd81dc6f:reading:1:v1,,,,dialect:kh:dhelki:Dhelki dialect:kh:dudh:Dudh
kh,,kongʰer,virgin,कोन्घेर,kongʰer,,"living-kharia2026[entry Zod6mXVJpObCt9SU3aJ7, sense b3df189b-327d-4ba4-8680-6dfe6f4fe0eb]",,,living-kharia2026:Zod6mXVJpObCt9SU3aJ7:sense:b3df189b-327d-4ba4-8680-6dfe6f4fe0eb:reading:1:v1,,,,dialect:kh:dhelki:Dhelki dialect:kh:dudh:Dudh
kh,,am colsikʰoʔ,you had gone,आम चोलसीखोब,am colsikʰoʔ,,"living-kharia2026[entry a6t9hyCRUg6WMwtOH2ao, sense 3d86ec4b-2c83-4ed1-bcf4-a5a339a11c7a]",,,living-kharia2026:a6t9hyCRUg6WMwtOH2ao:sense:3d86ec4b-2c83-4ed1-bcf4-a5a339a11c7a:reading:1:v1,,,,dialect:kh:dhelki:Dhelki dialect:kh:dudh:Dudh
kh,,johaɽ,"Welcome, goodbye",जोहार,johaɽ,,"living-kharia2026[entry a9ZpW3lNL8Lutce46XBz, sense 45bebb44-1830-4c5f-867c-0e0671d172ec]",,,living-kharia2026:a9ZpW3lNL8Lutce46XBz:sense:45bebb44-1830-4c5f-867c-0e0671d172ec:reading:1:v1,,,,dialect:kh:dhelki:Dhelki dialect:kh:dudh:Dudh
kh,,mutŭgutia,Chief Guest,मुध गोतिया,mutŭgutia,,"living-kharia2026[entry aY4U2UkHg8vFJVqGFxMy, sense bec2332b-b897-484a-89e6-e3402da7dcb3]",,,living-kharia2026:aY4U2UkHg8vFJVqGFxMy:sense:bec2332b-b897-484a-89e6-e3402da7dcb3:reading:1:v1,,,,dialect:kh:dhelki:Dhelki dialect:kh:dudh:Dudh uncertain
kh,,osel,white,ओसेल,osel,,"living-kharia2026[entry aaH5bweuTNkpeTJCjphD, sense ab99672d-3048-4f1c-9028-8716451c5e70]",,,living-kharia2026:aaH5bweuTNkpeTJCjphD:sense:ab99672d-3048-4f1c-9028-8716451c5e70:reading:1:v1,,,,dialect:kh:dhelki:Dhelki dialect:kh:dudh:Dudh
kh,,लेखु'डसो',Example,लेखु'डसो',,,"living-kharia2026[entry ae0f387a-7118-40e6-8394-a73295e914bc, sense 73731e59-4e20-4eb5-819b-1b91c29676c0]",,,living-kharia2026:ae0f387a-7118-40e6-8394-a73295e914bc:sense:73731e59-4e20-4eb5-819b-1b91c29676c0:reading:1:v1,,,,uncertain
kh,,maŋgar,crocodile,मंगर,maŋgar,,"living-kharia2026[entry ao72d89qeu1nlGmE0cbs, sense 2eb09ab8-efdf-4e79-96ff-1ac1940c43a6]",,,living-kharia2026:ao72d89qeu1nlGmE0cbs:sense:2eb09ab8-efdf-4e79-96ff-1ac1940c43a6:reading:1:v1,,,,dialect:kh:dhelki:Dhelki dialect:kh:dudh:Dudh
kh,,iɲ colʈaitiŋ,I am going,ईंञ चोलताइंग,iɲ colʈaitiŋ,,"living-kharia2026[entry av7SrNdNqiJlkuBKx2Tm, sense f8fee0d3-d55a-427f-9770-bd107e689d32]",,,living-kharia2026:av7SrNdNqiJlkuBKx2Tm:sense:f8fee0d3-d55a-427f-9770-bd107e689d32:reading:1:v1,,,,dialect:kh:dhelki:Dhelki dialect:kh:dudh:Dudh
kh,,dimtaŋ,cowshed,दिमताँग,dimtaŋ,,"living-kharia2026[entry av897Ql21YA9by9s5hHL, sense d41d4eb6-be2b-406c-8d1e-549dcb1534f5]",,,living-kharia2026:av897Ql21YA9by9s5hHL:sense:d41d4eb6-be2b-406c-8d1e-549dcb1534f5:reading:1:v1,,,,dialect:kh:dhelki:Dhelki dialect:kh:dudh:Dudh
kh,,bʰaʔăpuna,boiled,भा'पोना,bʰaʔăpuna,,"living-kharia2026[entry b2bD7x5DkFE4mgAx7gPz, sense 441d60b8-ad56-487a-ad26-6a2aeaefa2c4]",,,living-kharia2026:b2bD7x5DkFE4mgAx7gPz:sense:441d60b8-ad56-487a-ad26-6a2aeaefa2c4:reading:1:v1,,,,dialect:kh:dhelki:Dhelki dialect:kh:dudh:Dudh uncertain
kh,,elaʔă,ours,एला',elaʔă,,"living-kharia2026[entry b65LFG3i4rTYVUBaUX2M, sense 524b8c4e-cb4b-459a-b9a6-f5e1e4e841df]",,,living-kharia2026:b65LFG3i4rTYVUBaUX2M:sense:524b8c4e-cb4b-459a-b9a6-f5e1e4e841df:reading:1:v1,,,,dialect:kh:dhelki:Dhelki dialect:kh:dudh:Dudh uncertain
kh,,bʰura,brown,भूरा,bʰura,,"living-kharia2026[entry b6CHXPH5JbpRtxriUyEZ, sense 8fe32021-7172-4b2c-b7fb-571ecf13214c]",,,living-kharia2026:b6CHXPH5JbpRtxriUyEZ:sense:8fe32021-7172-4b2c-b7fb-571ecf13214c:reading:1:v1,,,,dialect:kh:dhelki:Dhelki dialect:kh:dudh:Dudh
kh,,lembo,lime,लेम्बो,lembo,,"living-kharia2026[entry b78vbB4EaRDiLDPPBp6Z, sense 04a74177-a490-4a15-b018-a6d3cca47e88]",,,living-kharia2026:b78vbB4EaRDiLDPPBp6Z:sense:04a74177-a490-4a15-b018-a6d3cca47e88:reading:1:v1,,,,dialect:kh:dhelki:Dhelki dialect:kh:dudh:Dudh
kh,,meron ɖaʔă,goat (meat),मेरोम डा',meron ɖaʔă,,"living-kharia2026[entry bBh3QlhNxHviNEKz7iV2, sense cd1d18b3-b286-4ac0-b218-43df1584b075]",,,living-kharia2026:bBh3QlhNxHviNEKz7iV2:sense:cd1d18b3-b286-4ac0-b218-43df1584b075:reading:1:v1,,,,dialect:kh:dhelki:Dhelki dialect:kh:dudh:Dudh uncertain
kh,,merom ɖaʔ,goat (meat),मेरोम डा',merom ɖaʔ,,"living-kharia2026[entry bBh3QlhNxHviNEKz7iV2, sense cd1d18b3-b286-4ac0-b218-43df1584b075]",,,living-kharia2026:bBh3QlhNxHviNEKz7iV2:sense:cd1d18b3-b286-4ac0-b218-43df1584b075:reading:1:v2,living-kharia2026:bBh3QlhNxHviNEKz7iV2:sense:cd1d18b3-b286-4ac0-b218-43df1584b075:reading:1:v1,,,dialect:kh:dhelki:Dhelki dialect:kh:dudh:Dudh uncertain
kh,,iʔpʰonikɽi,eighty,इ'फोन एकड़ी,iʔpʰonikɽi,,"living-kharia2026[entry bEVBHYqgquUhHiHDSjLY, sense f59c5ca8-0097-4037-af02-20e5d4822c58]",,,living-kharia2026:bEVBHYqgquUhHiHDSjLY:sense:f59c5ca8-0097-4037-af02-20e5d4822c58:reading:1:v1,,,,dialect:kh:dhelki:Dhelki dialect:kh:dudh:Dudh
kh,,iʔpʰonekɽi,eighty,इ'फोन एकड़ी,iʔpʰonekɽi,,"living-kharia2026[entry bEVBHYqgquUhHiHDSjLY, sense f59c5ca8-0097-4037-af02-20e5d4822c58]",,,living-kharia2026:bEVBHYqgquUhHiHDSjLY:sense:f59c5ca8-0097-4037-af02-20e5d4822c58:reading:1:v2,living-kharia2026:bEVBHYqgquUhHiHDSjLY:sense:f59c5ca8-0097-4037-af02-20e5d4822c58:reading:1:v1,,,dialect:kh:dhelki:Dhelki dialect:kh:dudh:Dudh
kh,,pandu,September,पांड़ु,pandu,,"living-kharia2026[entry bTZbcCrxVqHAYrXVkq4S, sense 21246ec0-00dd-4ccf-a2ae-a4d57b555ac0]",,,living-kharia2026:bTZbcCrxVqHAYrXVkq4S:sense:21246ec0-00dd-4ccf-a2ae-a4d57b555ac0:reading:1:v1,,,,dialect:kh:dhelki:Dhelki dialect:kh:dudh:Dudh
kh,,padu,September,पांड़ु,padu,,"living-kharia2026[entry bTZbcCrxVqHAYrXVkq4S, sense 21246ec0-00dd-4ccf-a2ae-a4d57b555ac0]",,,living-kharia2026:bTZbcCrxVqHAYrXVkq4S:sense:21246ec0-00dd-4ccf-a2ae-a4d57b555ac0:reading:1:v2,living-kharia2026:bTZbcCrxVqHAYrXVkq4S:sense:21246ec0-00dd-4ccf-a2ae-a4d57b555ac0:reading:1:v1,,,dialect:kh:dhelki:Dhelki dialect:kh:dudh:Dudh
kh,,ukaɽ,his,उकड़ा',ukaɽ,,"living-kharia2026[entry bns65Vb6Gijd0Nb8Oslv, sense efdd4e88-de99-48d9-9786-afdc5d3009f6]",,,living-kharia2026:bns65Vb6Gijd0Nb8Oslv:sense:efdd4e88-de99-48d9-9786-afdc5d3009f6:reading:1:v1,,,,dialect:kh:dhelki:Dhelki dialect:kh:dudh:Dudh
kh,,moloy,five,मोलोय,moloy,,"living-kharia2026[entry byAFmJodK8Z4AFI0yl4K, sense 3d05e7d3-0c75-4d1c-af78-697e1814900f]",,,living-kharia2026:byAFmJodK8Z4AFI0yl4K:sense:3d05e7d3-0c75-4d1c-af78-697e1814900f:reading:1:v1,,,,dialect:kh:dhelki:Dhelki dialect:kh:dudh:Dudh
kh,,yayeɲ,my paternal grandmother,यायाईङ,yayeɲ,,"living-kharia2026[entry cFbEpvbltINRQ8hFMlUC, sense c464a64d-f793-48c7-89dc-ac2bc5d20665]",,,living-kharia2026:cFbEpvbltINRQ8hFMlUC:sense:c464a64d-f793-48c7-89dc-ac2bc5d20665:reading:1:v1,,,,dialect:kh:dhelki:Dhelki dialect:kh:dudh:Dudh
kh,,ceŋna,Chicks,चेंङना,ceŋna,,"living-kharia2026[entry cT53YtLf0Bvfog5xvzHM, sense cdbc4a9a-a9d6-4a2c-813f-589a9655bcab]",,,living-kharia2026:cT53YtLf0Bvfog5xvzHM:sense:cdbc4a9a-a9d6-4a2c-813f-589a9655bcab:reading:1:v1,,,,dialect:kh:dhelki:Dhelki dialect:kh:dudh:Dudh
kh,,ɖaʔă,water,डा',ɖaʔă,,"living-kharia2026[entry cX7o0VbEMNva90Qh43qK, sense f36f6bf4-0be7-4809-8197-b19807e40ddd]",,,living-kharia2026:cX7o0VbEMNva90Qh43qK:sense:f36f6bf4-0be7-4809-8197-b19807e40ddd:reading:1:v1,,,,dialect:kh:dhelki:Dhelki dialect:kh:dudh:Dudh uncertain
kh,,dulha,groom,दुल्हा,dulha,,"living-kharia2026[entry cYyF6JdRanpwBTpGHDU9, sense f31059be-daf3-4e47-a692-31c21d970d7f]",,,living-kharia2026:cYyF6JdRanpwBTpGHDU9:sense:f31059be-daf3-4e47-a692-31c21d970d7f:reading:1:v1,,,,dialect:kh:dhelki:Dhelki dialect:kh:dudh:Dudh
kh,,mimon,year,मेमोन,mimon,,"living-kharia2026[entry dC6Qmh66NZziLhZmOIqV, sense 0fe20ee7-ddb4-4a4b-8363-ce89d3b5901a]",,,living-kharia2026:dC6Qmh66NZziLhZmOIqV:sense:0fe20ee7-ddb4-4a4b-8363-ce89d3b5901a:reading:1:v1,,,,dialect:kh:dhelki:Dhelki dialect:kh:dudh:Dudh
kh,,memon,year,मेमोन,memon,,"living-kharia2026[entry dC6Qmh66NZziLhZmOIqV, sense 0fe20ee7-ddb4-4a4b-8363-ce89d3b5901a]",,,living-kharia2026:dC6Qmh66NZziLhZmOIqV:sense:0fe20ee7-ddb4-4a4b-8363-ce89d3b5901a:reading:1:v2,living-kharia2026:dC6Qmh66NZziLhZmOIqV:sense:0fe20ee7-ddb4-4a4b-8363-ce89d3b5901a:reading:1:v1,,,dialect:kh:dhelki:Dhelki dialect:kh:dudh:Dudh
kh,,mejãʔatʰe,in morning,मेया'ते,mejãʔatʰe,,"living-kharia2026[entry dG8Ga5GbxQkmNlbRMZem, sense dcf02f15-e7c6-4ad5-a8d7-1e80f436d627]",,,living-kharia2026:dG8Ga5GbxQkmNlbRMZem:sense:dcf02f15-e7c6-4ad5-a8d7-1e80f436d627:reading:1:v1,,,,dialect:kh:dhelki:Dhelki dialect:kh:dudh:Dudh
kh,,eˀbloŋga,alone,एबलोंगा,eˀbloŋga,,"living-kharia2026[entry dMYbi7QZgXpCwJL3Z2A4, sense a2353a09-8167-417e-ad56-b3e5ff125e61]",,,living-kharia2026:dMYbi7QZgXpCwJL3Z2A4:sense:a2353a09-8167-417e-ad56-b3e5ff125e61:reading:1:v1,,,,dialect:kh:dhelki:Dhelki dialect:kh:dudh:Dudh uncertain
kh,,elaʔă,our,एला',elaʔă,,"living-kharia2026[entry dWJYOYMUViJcJS1fA5LR, sense bfe7cf8e-801b-45ed-823f-d0e002d0b343]",,,living-kharia2026:dWJYOYMUViJcJS1fA5LR:sense:bfe7cf8e-801b-45ed-823f-d0e002d0b343:reading:1:v1,,,,dialect:kh:dhelki:Dhelki dialect:kh:dudh:Dudh uncertain
kh,,baʔă,rice paddy,बा',baʔă,,"living-kharia2026[entry dmIv5N1CfTihdhBFAq03, sense 6da9221f-6a94-4d26-a434-fbf999a0dd9b]",,,living-kharia2026:dmIv5N1CfTihdhBFAq03:sense:6da9221f-6a94-4d26-a434-fbf999a0dd9b:reading:1:v1,,,,dialect:kh:dhelki:Dhelki dialect:kh:dudh:Dudh uncertain
kh,,surumnawala,thief,सूरूमनावाला,surumnawala,,"living-kharia2026[entry e07uRgZ40Q2B5m1cUomr, sense c2e49fbb-252e-4114-a2ae-954f3a397a67]",,,living-kharia2026:e07uRgZ40Q2B5m1cUomr:sense:c2e49fbb-252e-4114-a2ae-954f3a397a67:reading:1:v1,,,,dialect:kh:dhelki:Dhelki dialect:kh:dudh:Dudh
kh,,bair,old,बाइर,bair,,"living-kharia2026[entry eV9ajjTIwkplzctP1O0v, sense 591dfedf-b960-4490-9d55-4fe89363f1a0]",,,living-kharia2026:eV9ajjTIwkplzctP1O0v:sense:591dfedf-b960-4490-9d55-4fe89363f1a0:reading:1:v1,,,,dialect:kh:dhelki:Dhelki dialect:kh:dudh:Dudh
kh,,kowa,crow,कौवा,kowa,,"living-kharia2026[entry eZGun3hsxMOD0aDDQa9Z, sense 98b2f2c9-095b-4d86-a9a7-4a2b2d547986]",,,living-kharia2026:eZGun3hsxMOD0aDDQa9Z:sense:98b2f2c9-095b-4d86-a9a7-4a2b2d547986:reading:1:v1,,,,dialect:kh:dudh:Dudh
kh,,sontoʔŏ,Monday,सोमतो',sontoʔŏ,,"living-kharia2026[entry eZLYE0NqxgLYdbEzWUn5, sense cd302924-daf9-4467-a016-47553c6c85a3]",,,living-kharia2026:eZLYE0NqxgLYdbEzWUn5:sense:cd302924-daf9-4467-a016-47553c6c85a3:reading:1:v1,,,,dialect:kh:dhelki:Dhelki dialect:kh:dudh:Dudh uncertain
kh,,sonto,Monday,सोमतो',sonto,,"living-kharia2026[entry eZLYE0NqxgLYdbEzWUn5, sense cd302924-daf9-4467-a016-47553c6c85a3]",,,living-kharia2026:eZLYE0NqxgLYdbEzWUn5:sense:cd302924-daf9-4467-a016-47553c6c85a3:reading:1:v2,living-kharia2026:eZLYE0NqxgLYdbEzWUn5:sense:cd302924-daf9-4467-a016-47553c6c85a3:reading:1:v1,,,dialect:kh:dhelki:Dhelki dialect:kh:dudh:Dudh uncertain
kh,,somtoʔ,Monday,सोमतो',somtoʔ,,"living-kharia2026[entry eZLYE0NqxgLYdbEzWUn5, sense cd302924-daf9-4467-a016-47553c6c85a3]",,,living-kharia2026:eZLYE0NqxgLYdbEzWUn5:sense:cd302924-daf9-4467-a016-47553c6c85a3:reading:1:v3,living-kharia2026:eZLYE0NqxgLYdbEzWUn5:sense:cd302924-daf9-4467-a016-47553c6c85a3:reading:1:v1,,,dialect:kh:dhelki:Dhelki dialect:kh:dudh:Dudh uncertain
kh,,tiriˀb,cloud,तिरिब,tiriˀb,,"living-kharia2026[entry efHZqg2ajqeVi0f1IesW, sense c3788a1c-922f-404a-937d-959cd658e55d]",,,living-kharia2026:efHZqg2ajqeVi0f1IesW:sense:c3788a1c-922f-404a-937d-959cd658e55d:reading:1:v1,,,,dialect:kh:dhelki:Dhelki dialect:kh:dudh:Dudh uncertain
kh,,maĩgaʔ,day after tomorrow,मांयगा',maĩgaʔ,,"living-kharia2026[entry ewZzqWQaePS1o2DC529D, sense 8c0754be-ae78-4272-bd89-910d258b1ea9]",,,living-kharia2026:ewZzqWQaePS1o2DC529D:sense:8c0754be-ae78-4272-bd89-910d258b1ea9:reading:1:v1,,,,dialect:kh:dhelki:Dhelki dialect:kh:dudh:Dudh
kh,,barha,wild boar,बारहा,barha,,"living-kharia2026[entry fEpHBVMJ0d0NpI7eWcEX, sense 27a89ce8-f44b-4a07-8337-98f54be6c0ff]",,,living-kharia2026:fEpHBVMJ0d0NpI7eWcEX:sense:27a89ce8-f44b-4a07-8337-98f54be6c0ff:reading:1:v1,,,,dialect:kh:dhelki:Dhelki dialect:kh:dudh:Dudh
kh,,kulamdaynaiɲ,my sister,कुलमडायनाईंञ,kulamdaynaiɲ,,"living-kharia2026[entry fHElvHxrZXmpoVE0O0kK, sense badba08b-ded1-4628-a74d-726dadabbfd0]",,,living-kharia2026:fHElvHxrZXmpoVE0O0kK:sense:badba08b-ded1-4628-a74d-726dadabbfd0:reading:1:v1,,,,dialect:kh:dhelki:Dhelki dialect:kh:dudh:Dudh
kh,,kone,mouse,कोने,kone,,"living-kharia2026[entry fQLkGotHfOAe7rDraJrE, sense 1b85648a-0aba-4d1d-84ce-7f9203f6e9f1]",,,living-kharia2026:fQLkGotHfOAe7rDraJrE:sense:1b85648a-0aba-4d1d-84ce-7f9203f6e9f1:reading:1:v1,,,,dialect:kh:dhelki:Dhelki dialect:kh:dudh:Dudh
kh,,ikɽi,twenty,एकड़ी,ikɽi,,"living-kharia2026[entry fQjabWx60LXX1Yg8U4SD, sense 371831e2-a8b6-4636-b0ba-0cf1640b786e]",,,living-kharia2026:fQjabWx60LXX1Yg8U4SD:sense:371831e2-a8b6-4636-b0ba-0cf1640b786e:reading:1:v1,,,,dialect:kh:dhelki:Dhelki dialect:kh:dudh:Dudh
kh,,ekɽi,twenty,एकड़ी,ekɽi,,"living-kharia2026[entry fQjabWx60LXX1Yg8U4SD, sense 371831e2-a8b6-4636-b0ba-0cf1640b786e]",,,living-kharia2026:fQjabWx60LXX1Yg8U4SD:sense:371831e2-a8b6-4636-b0ba-0cf1640b786e:reading:1:v2,living-kharia2026:fQjabWx60LXX1Yg8U4SD:sense:371831e2-a8b6-4636-b0ba-0cf1640b786e:reading:1:v1,,,dialect:kh:dhelki:Dhelki dialect:kh:dudh:Dudh
kh,,tʰaro,sharp,थारो,tʰaro,,"living-kharia2026[entry fWlNwE5NG0ltLgrMzb32, sense d0011954-1285-41ce-b4e6-a5e08a88199f]",,,living-kharia2026:fWlNwE5NG0ltLgrMzb32:sense:d0011954-1285-41ce-b4e6-a5e08a88199f:reading:1:v1,,,,dialect:kh:dhelki:Dhelki dialect:kh:dudh:Dudh
kh,,hokier boriya,they-2,होकीयार बोरिया,hokier boriya,,"living-kharia2026[entry fYjW08Bv55QXYEXMzma2, sense 78bd6b30-3017-4c4b-ba44-163391086295]",,,living-kharia2026:fYjW08Bv55QXYEXMzma2:sense:78bd6b30-3017-4c4b-ba44-163391086295:reading:1:v1,,,,dialect:kh:dhelki:Dhelki dialect:kh:dudh:Dudh
kh,,kwanten,bird,कोंथेड,kwanten,,"living-kharia2026[entry feau93y8wNmZetwA7rYn, sense 0bc19b1c-505d-4875-902a-ea1fa1079ad0]",,,living-kharia2026:feau93y8wNmZetwA7rYn:sense:0bc19b1c-505d-4875-902a-ea1fa1079ad0:reading:1:v1,,,,dialect:kh:dhelki:Dhelki dialect:kh:dudh:Dudh
kh,,cʰatăna,hive,छतना,cʰatăna,,"living-kharia2026[entry g8XAW1bZJCqvBJsfXLCq, sense 49e76a32-f912-4946-9afc-75f3f8b6b5ce]",,,living-kharia2026:g8XAW1bZJCqvBJsfXLCq:sense:49e76a32-f912-4946-9afc-75f3f8b6b5ce:reading:1:v1,,,,dialect:kh:dhelki:Dhelki dialect:kh:dudh:Dudh uncertain
kh,,cʰatna,hive,छतना,cʰatna,,"living-kharia2026[entry g8XAW1bZJCqvBJsfXLCq, sense 49e76a32-f912-4946-9afc-75f3f8b6b5ce]",,,living-kharia2026:g8XAW1bZJCqvBJsfXLCq:sense:49e76a32-f912-4946-9afc-75f3f8b6b5ce:reading:1:v2,living-kharia2026:g8XAW1bZJCqvBJsfXLCq:sense:49e76a32-f912-4946-9afc-75f3f8b6b5ce:reading:1:v1,,,dialect:kh:dhelki:Dhelki dialect:kh:dudh:Dudh uncertain
kh,,aloŋnawala,singer,आलोङनावाला,aloŋnawala,,"living-kharia2026[entry gJ34q03UTrIiAmhtU3nC, sense f671cf85-5bc6-4872-9cd5-50ebb8c8dbff]",,,living-kharia2026:gJ34q03UTrIiAmhtU3nC:sense:f671cf85-5bc6-4872-9cd5-50ebb8c8dbff:reading:1:v1,,,,dialect:kh:dhelki:Dhelki dialect:kh:dudh:Dudh
kh,,rumkuˀb,rice - uncooked,रुमकु'ब,rumkuˀb,,"living-kharia2026[entry gYDYrls7cUQBpoCLkSoz, sense b5672603-dea4-4d14-b9e8-d54324f26c5b]",,,living-kharia2026:gYDYrls7cUQBpoCLkSoz:sense:b5672603-dea4-4d14-b9e8-d54324f26c5b:reading:1:v1,,,,dialect:kh:dhelki:Dhelki dialect:kh:dudh:Dudh uncertain
kh,,dʰidəmdʰidum,slowly-slowly,धिरोम - धिरोम,dʰidəmdʰidum,,"living-kharia2026[entry gmFIiFEZY8T02j7KLEZp, sense ce7dd9af-2249-4698-8d0c-1d18fc8c77ef]",,,living-kharia2026:gmFIiFEZY8T02j7KLEZp:sense:ce7dd9af-2249-4698-8d0c-1d18fc8c77ef:reading:1:v1,,,,dialect:kh:dhelki:Dhelki dialect:kh:dudh:Dudh
kh,,am ro iɲ colkinaŋ,you + I went,आम रो ईंग चोलकिनांग,am ro iɲ colkinaŋ,,"living-kharia2026[entry gx9VRkGsFDJrjFnVGZrW, sense 64527dc7-0f54-45a0-81e5-0093917d7770]",,,living-kharia2026:gx9VRkGsFDJrjFnVGZrW:sense:64527dc7-0f54-45a0-81e5-0093917d7770:reading:1:v1,,,,dialect:kh:dhelki:Dhelki dialect:kh:dudh:Dudh
kh,,igʰai,how,इघय,igʰai,,"living-kharia2026[entry h0GGsJqJceyEQYG7OMtN, sense b5b6063f-c1e9-404d-adb6-325ce7541ca6]",,,living-kharia2026:h0GGsJqJceyEQYG7OMtN:sense:b5b6063f-c1e9-404d-adb6-325ce7541ca6:reading:1:v1,,,,dialect:kh:dhelki:Dhelki dialect:kh:dudh:Dudh
kh,,ina,why,इना,ina,,"living-kharia2026[entry h64kJkAviR3h6fjDtkjE, sense 9f86fcc0-83d6-4f3b-af0f-a3ec0c8d108b]",,,living-kharia2026:h64kJkAviR3h6fjDtkjE:sense:9f86fcc0-83d6-4f3b-af0f-a3ec0c8d108b:reading:1:v1,,,,dialect:kh:dhelki:Dhelki dialect:kh:dudh:Dudh
kh,,giɽiŋ,Summer,गिड़िङ,giɽiŋ,,"living-kharia2026[entry hAEqPVn3cessKERmLDx2, sense 5b1ddd1d-e9bc-4f51-ab4f-08bdb26cf1e2]",,,living-kharia2026:hAEqPVn3cessKERmLDx2:sense:5b1ddd1d-e9bc-4f51-ab4f-08bdb26cf1e2:reading:1:v1,,,,dialect:kh:dhelki:Dhelki dialect:kh:dudh:Dudh
kh,,kinkarneiɲ,my mother-in-law,किनकर नाईङ,kinkarneiɲ,,"living-kharia2026[entry hH9scWQXd4CLTNgDvqGf, sense 0f027f0f-5836-44da-8744-09b05c2a9372]",,,living-kharia2026:hH9scWQXd4CLTNgDvqGf:sense:0f027f0f-5836-44da-8744-09b05c2a9372:reading:1:v1,,,,dialect:kh:dhelki:Dhelki dialect:kh:dudh:Dudh
kh,,uʔpʰeikɽigʰol,seventy,उ'फे एकड़ी घोल,uʔpʰeikɽigʰol,,"living-kharia2026[entry hJDOSxGeP9upQlqvPekq, sense b10988a8-2490-4cfe-91d4-4acedda785a6]",,,living-kharia2026:hJDOSxGeP9upQlqvPekq:sense:b10988a8-2490-4cfe-91d4-4acedda785a6:reading:1:v1,,,,dialect:kh:dhelki:Dhelki dialect:kh:dudh:Dudh
kh,,uʔpʰekɽigʰol,seventy,उ'फे एकड़ी घोल,uʔpʰekɽigʰol,,"living-kharia2026[entry hJDOSxGeP9upQlqvPekq, sense b10988a8-2490-4cfe-91d4-4acedda785a6]",,,living-kharia2026:hJDOSxGeP9upQlqvPekq:sense:b10988a8-2490-4cfe-91d4-4acedda785a6:reading:1:v2,living-kharia2026:hJDOSxGeP9upQlqvPekq:sense:b10988a8-2490-4cfe-91d4-4acedda785a6:reading:1:v1,,,dialect:kh:dhelki:Dhelki dialect:kh:dudh:Dudh
kh,,iɲ coltaiŋ,I go,ईंञ चोलताईंग,iɲ coltaiŋ,,"living-kharia2026[entry hKISmMZJC92Wmwht69lB, sense a820e32b-898a-401c-a0cf-16491f508f9c]",,,living-kharia2026:hKISmMZJC92Wmwht69lB:sense:a820e32b-898a-401c-a0cf-16491f508f9c:reading:1:v1,,,,dialect:kh:dhelki:Dhelki dialect:kh:dudh:Dudh
kh,,koyo,air,कोयो,koyo,,"living-kharia2026[entry hMmX1A8bbMYBRvR8ysCx, sense 0f2c3ecc-6e57-446d-b1f7-0421647980d2]",,,living-kharia2026:hMmX1A8bbMYBRvR8ysCx:sense:0f2c3ecc-6e57-446d-b1f7-0421647980d2:reading:1:v1,,,,dialect:kh:dhelki:Dhelki dialect:kh:dudh:Dudh
kh,,cokʰen,sharpening tools,चोखेइन,cokʰen,,"living-kharia2026[entry hOiqAStMSoijU4WvjG0J, sense c5198930-2510-4b85-8a86-943696e666d9]",,,living-kharia2026:hOiqAStMSoijU4WvjG0J:sense:c5198930-2510-4b85-8a86-943696e666d9:reading:1:v1,,,,dialect:kh:dhelki:Dhelki dialect:kh:dudh:Dudh
kh,,gʰoŋki,shell,घोंघी,gʰoŋki,,"living-kharia2026[entry hQgWj2ZyYxppVEDyNupE, sense 5770be9a-0b49-46ee-a3bf-48867c545217]",,,living-kharia2026:hQgWj2ZyYxppVEDyNupE:sense:5770be9a-0b49-46ee-a3bf-48867c545217:reading:1:v1,,,,dialect:kh:dhelki:Dhelki dialect:kh:dudh:Dudh
kh,,gʰoŋgi,shell,घोंघी,gʰoŋgi,,"living-kharia2026[entry hQgWj2ZyYxppVEDyNupE, sense 5770be9a-0b49-46ee-a3bf-48867c545217]",,,living-kharia2026:hQgWj2ZyYxppVEDyNupE:sense:5770be9a-0b49-46ee-a3bf-48867c545217:reading:1:v2,living-kharia2026:hQgWj2ZyYxppVEDyNupE:sense:5770be9a-0b49-46ee-a3bf-48867c545217:reading:1:v1,,,dialect:kh:dhelki:Dhelki dialect:kh:dudh:Dudh
kh,,geɽe,duck,गेड़ें,geɽe,,"living-kharia2026[entry hfDeHWCk5VyC0adFB0Ji, sense 8dc1230b-fb2e-438f-83f7-3bba6eebc9e7]",,,living-kharia2026:hfDeHWCk5VyC0adFB0Ji:sense:8dc1230b-fb2e-438f-83f7-3bba6eebc9e7:reading:1:v1,,,,dialect:kh:dhelki:Dhelki dialect:kh:dudh:Dudh
kh,,ɲoloʔŏsiŋ,west,ञो'लोसिङ,ɲoloʔŏsiŋ,,"living-kharia2026[entry hnRK4aDbksOab259UQp2, sense a126dcee-6b57-4367-b039-de2abf8f294b]",,,living-kharia2026:hnRK4aDbksOab259UQp2:sense:a126dcee-6b57-4367-b039-de2abf8f294b:reading:1:v1,,,,dialect:kh:dhelki:Dhelki dialect:kh:dudh:Dudh uncertain
kh,,uʔpʰe,third,उ'फे,uʔpʰe,,"living-kharia2026[entry hs1O4fBwV1gtAKzubJ6e, sense b08a6ca0-fe19-4a07-8e9e-7b4a74d7954c]",,,living-kharia2026:hs1O4fBwV1gtAKzubJ6e:sense:b08a6ca0-fe19-4a07-8e9e-7b4a74d7954c:reading:1:v1,,,,dialect:kh:dhelki:Dhelki dialect:kh:dudh:Dudh
kh,,bandoy,October,बंदोई,bandoy,,"living-kharia2026[entry iLULhbfzWpkBWqT0MKqk, sense 80bcdeb5-6da3-4f85-810d-336cce886234]",,,living-kharia2026:iLULhbfzWpkBWqT0MKqk:sense:80bcdeb5-6da3-4f85-810d-336cce886234:reading:1:v1,,,,dialect:kh:dhelki:Dhelki dialect:kh:dudh:Dudh
kh,,soŋol,(fire)wood,सोंगोल,soŋol,,"living-kharia2026[entry iMlnfbToiB1t98DXcafX, sense 76cff6bd-1643-46f3-9092-0d3c1184475f]",,,living-kharia2026:iMlnfbToiB1t98DXcafX:sense:76cff6bd-1643-46f3-9092-0d3c1184475f:reading:1:v1,,,,dialect:kh:dhelki:Dhelki dialect:kh:dudh:Dudh
kh,,soŋgol,(fire)wood,सोंगोल,soŋgol,,"living-kharia2026[entry iMlnfbToiB1t98DXcafX, sense 76cff6bd-1643-46f3-9092-0d3c1184475f]",,,living-kharia2026:iMlnfbToiB1t98DXcafX:sense:76cff6bd-1643-46f3-9092-0d3c1184475f:reading:1:v2,living-kharia2026:iMlnfbToiB1t98DXcafX:sense:76cff6bd-1643-46f3-9092-0d3c1184475f:reading:1:v1,,,dialect:kh:dhelki:Dhelki dialect:kh:dudh:Dudh
kh,,aramneiɲ,my son-in-law,आरामनाइङ,aramneiɲ,,"living-kharia2026[entry iWcqTfsKayipnd73SXf9, sense 32a3f6f5-420e-4bcb-90a3-2530ca70e626]",,,living-kharia2026:iWcqTfsKayipnd73SXf9:sense:32a3f6f5-420e-4bcb-90a3-2530ca70e626:reading:1:v1,,,,dialect:kh:dhelki:Dhelki dialect:kh:dudh:Dudh
kh,,manɖɽi,drum,मंदड़ी,manɖɽi,,"living-kharia2026[entry ia37iYqBF1TrSqnyHCEF, sense 65145c86-1328-4e84-ad60-b25f7c7cf236]",,,living-kharia2026:ia37iYqBF1TrSqnyHCEF:sense:65145c86-1328-4e84-ad60-b25f7c7cf236:reading:1:v1,,,,dialect:kh:dhelki:Dhelki dialect:kh:dudh:Dudh
kh,,mandɽi,drum,मंदड़ी,mandɽi,,"living-kharia2026[entry ia37iYqBF1TrSqnyHCEF, sense 65145c86-1328-4e84-ad60-b25f7c7cf236]",,,living-kharia2026:ia37iYqBF1TrSqnyHCEF:sense:65145c86-1328-4e84-ad60-b25f7c7cf236:reading:1:v2,living-kharia2026:ia37iYqBF1TrSqnyHCEF:sense:65145c86-1328-4e84-ad60-b25f7c7cf236:reading:1:v1,,,dialect:kh:dhelki:Dhelki dialect:kh:dudh:Dudh
kh,,ukaɽ ro iɲ colsitjar,he + I have gone,उकड़ रो इंग चोलसि'जार,ukaɽ ro iɲ colsitjar,,"living-kharia2026[entry iedI8f4fK7I0EgAw4ak3, sense 1f001d0e-a3d2-4b07-9212-428e137911a4]",,,living-kharia2026:iedI8f4fK7I0EgAw4ak3:sense:1f001d0e-a3d2-4b07-9212-428e137911a4:reading:1:v1,,,,dialect:kh:dhelki:Dhelki dialect:kh:dudh:Dudh
kh,,ɖena,to come,डेना,ɖena,,"living-kharia2026[entry ij7crwDASiJI4giJTKMD, sense e6d52072-10f9-496c-a13a-5b803d6b8509]",,,living-kharia2026:ij7crwDASiJI4giJTKMD:sense:e6d52072-10f9-496c-a13a-5b803d6b8509:reading:1:v1,,,,dialect:kh:dhelki:Dhelki dialect:kh:dudh:Dudh
kh,,ɖena,he will come,डेना,ɖena,,"living-kharia2026[entry ij7crwDASiJI4giJTKMD, sense e6d52072-10f9-496c-a13a-5b803d6b8509]",,,living-kharia2026:ij7crwDASiJI4giJTKMD:sense:e6d52072-10f9-496c-a13a-5b803d6b8509:reading:2:v1,,,,dialect:kh:dhelki:Dhelki dialect:kh:dudh:Dudh
kh,,soroˀɖ,deaf,सोरो'ड,soroˀɖ,,"living-kharia2026[entry ijiJSMwdiGCYr6HjTVwl, sense 6a0629d9-25ef-4718-86a2-221563c53e4e]",,,living-kharia2026:ijiJSMwdiGCYr6HjTVwl:sense:6a0629d9-25ef-4718-86a2-221563c53e4e:reading:1:v1,,,,dialect:kh:dhelki:Dhelki dialect:kh:dudh:Dudh uncertain
kh,,kelom,beautiful,केलोम,kelom,,"living-kharia2026[entry inIbxvb1M8jMjzOZvAaJ, sense 06e11e40-17b8-4753-b9a2-83d7a38f1fe9]",,,living-kharia2026:inIbxvb1M8jMjzOZvAaJ:sense:06e11e40-17b8-4753-b9a2-83d7a38f1fe9:reading:1:v1,,,,dialect:kh:dhelki:Dhelki dialect:kh:dudh:Dudh
kh,,hokaɽ,they,होकाड़,hokaɽ,,"living-kharia2026[entry ioNx4d7rjJAKwb1bqmDj, sense 871e7940-c3f6-438b-bc18-4eae27ced7e7]",,,living-kharia2026:ioNx4d7rjJAKwb1bqmDj:sense:871e7940-c3f6-438b-bc18-4eae27ced7e7:reading:1:v1,,,,dialect:kh:dhelki:Dhelki dialect:kh:dudh:Dudh
kh,,botoŋna,scared,बोतोङना,botoŋna,,"living-kharia2026[entry iqG0LALID3uG1ae3rEDZ, sense 0d591d26-4038-4959-a9a3-bb5785cfa837]",,,living-kharia2026:iqG0LALID3uG1ae3rEDZ:sense:0d591d26-4038-4959-a9a3-bb5785cfa837:reading:1:v1,,,,dialect:kh:dhelki:Dhelki dialect:kh:dudh:Dudh
kh,,bokoposelgosi,gray-haired-person,बोकोब ओसेलगोडसी',bokoposelgosi,,"living-kharia2026[entry jJcLFiXMYH06YtYX0w8t, sense 8fedb782-b1e4-4c1d-92bd-5fea157a38dd]",,,living-kharia2026:jJcLFiXMYH06YtYX0w8t:sense:8fedb782-b1e4-4c1d-92bd-5fea157a38dd:reading:1:v1,,,,dialect:kh:dhelki:Dhelki dialect:kh:dudh:Dudh
kh,,jonoʔŏ,broom,जोनो',jonoʔŏ,,"living-kharia2026[entry jOmeKFk1dq8sCmEnIsM9, sense ee6df504-1773-419a-8bfc-8055b72f0d16]",,,living-kharia2026:jOmeKFk1dq8sCmEnIsM9:sense:ee6df504-1773-419a-8bfc-8055b72f0d16:reading:1:v1,,,,dialect:kh:dhelki:Dhelki dialect:kh:dudh:Dudh uncertain
kh,,ukaɽ ro iɲ colnajar,he + I will go,उकड़ रो इंग चोनाजार,ukaɽ ro iɲ colnajar,,"living-kharia2026[entry jSeebZTD0X3pPbNhYBoZ, sense 87a65d3b-c00d-4181-ac83-d0576e901246]",,,living-kharia2026:jSeebZTD0X3pPbNhYBoZ:sense:87a65d3b-c00d-4181-ac83-d0576e901246:reading:1:v1,,,,dialect:kh:dhelki:Dhelki dialect:kh:dudh:Dudh
kh,,siŋkoisulaʔă,dawn,सिंकोय सुला',siŋkoisulaʔă,,"living-kharia2026[entry jWd2NBMnhSUydybHSDu3, sense 24daea74-507c-4dcd-bd66-cafe2759f2fc]",,,living-kharia2026:jWd2NBMnhSUydybHSDu3:sense:24daea74-507c-4dcd-bd66-cafe2759f2fc:reading:1:v1,,,,dialect:kh:dhelki:Dhelki dialect:kh:dudh:Dudh uncertain
kh,,tʰeila,bag,थईला,tʰeila,,"living-kharia2026[entry jYMRool3lFJXj2JsvDVk, sense d4b58a4b-1c1f-4b57-bb77-1d2c3b728dbb]",,,living-kharia2026:jYMRool3lFJXj2JsvDVk:sense:d4b58a4b-1c1f-4b57-bb77-1d2c3b728dbb:reading:1:v1,,,,dialect:kh:dhelki:Dhelki dialect:kh:dudh:Dudh
kh,,gʰas,grass,घास,gʰas,,"living-kharia2026[entry jwVys2s9xuyTzajs8RJY, sense 793670c9-16a7-4263-9835-f481b5d581e0]",,,living-kharia2026:jwVys2s9xuyTzajs8RJY:sense:793670c9-16a7-4263-9835-f481b5d581e0:reading:1:v1,,,,dialect:kh:dhelki:Dhelki dialect:kh:dudh:Dudh
kh,,amaʔă,your,अमा',amaʔă,,"living-kharia2026[entry k7XZuaa89M2HSAFBQUC7, sense e431d9a1-01a2-48db-898b-41a23702fdd6]",,,living-kharia2026:k7XZuaa89M2HSAFBQUC7:sense:e431d9a1-01a2-48db-898b-41a23702fdd6:reading:1:v1,,,,dialect:kh:dhelki:Dhelki dialect:kh:dudh:Dudh uncertain
kh,,ɖokɖaʔă,March,डोकडा',ɖokɖaʔă,,"living-kharia2026[entry kJEjDeTVoTRXSRbMwGfe, sense eecc9d4e-9500-4ae2-8ad1-bb3055af9e99]",,,living-kharia2026:kJEjDeTVoTRXSRbMwGfe:sense:eecc9d4e-9500-4ae2-8ad1-bb3055af9e99:reading:1:v1,,,,dialect:kh:dhelki:Dhelki dialect:kh:dudh:Dudh uncertain
kh,,iʔpʰonikɽigʰol,ninety,इ'फोन इकड़ी घोल,iʔpʰonikɽigʰol,,"living-kharia2026[entry kWUwse2zVMIMoXk13dkK, sense 7ba4abad-0f10-434c-b169-ab8e7021c7b6]",,,living-kharia2026:kWUwse2zVMIMoXk13dkK:sense:7ba4abad-0f10-434c-b169-ab8e7021c7b6:reading:1:v1,,,,dialect:kh:dhelki:Dhelki dialect:kh:dudh:Dudh
kh,,iʔpʰonekɽigʰol,ninety,इ'फोन इकड़ी घोल,iʔpʰonekɽigʰol,,"living-kharia2026[entry kWUwse2zVMIMoXk13dkK, sense 7ba4abad-0f10-434c-b169-ab8e7021c7b6]",,,living-kharia2026:kWUwse2zVMIMoXk13dkK:sense:7ba4abad-0f10-434c-b169-ab8e7021c7b6:reading:1:v2,living-kharia2026:kWUwse2zVMIMoXk13dkK:sense:7ba4abad-0f10-434c-b169-ab8e7021c7b6:reading:1:v1,,,dialect:kh:dhelki:Dhelki dialect:kh:dudh:Dudh
kh,,soloʔŏ,dog,सोलो',soloʔŏ,,"living-kharia2026[entry kbjc5gk6G1dH8Z2cuNqT, sense 4df9ce57-6e84-49b3-9d32-5c237748509d]",,,living-kharia2026:kbjc5gk6G1dH8Z2cuNqT:sense:4df9ce57-6e84-49b3-9d32-5c237748509d:reading:1:v1,,,,dialect:kh:dhelki:Dhelki dialect:kh:dudh:Dudh uncertain
kh,,dowɽa,basket,दाऊड़ा,dowɽa,,"living-kharia2026[entry krFzKfXh3gPiQbLAmdW9, sense 530d885b-0b3e-474e-8ac4-418486abf8c6]",,,living-kharia2026:krFzKfXh3gPiQbLAmdW9:sense:530d885b-0b3e-474e-8ac4-418486abf8c6:reading:1:v1,,,,dialect:kh:dhelki:Dhelki dialect:kh:dudh:Dudh
kh,,dawɽa,basket,दाऊड़ा,dawɽa,,"living-kharia2026[entry krFzKfXh3gPiQbLAmdW9, sense 530d885b-0b3e-474e-8ac4-418486abf8c6]",,,living-kharia2026:krFzKfXh3gPiQbLAmdW9:sense:530d885b-0b3e-474e-8ac4-418486abf8c6:reading:1:v2,living-kharia2026:krFzKfXh3gPiQbLAmdW9:sense:530d885b-0b3e-474e-8ac4-418486abf8c6:reading:1:v1,,,dialect:kh:dhelki:Dhelki dialect:kh:dudh:Dudh
kh,,beʈiɲ,my daughter,बेटीञ,beʈiɲ,,"living-kharia2026[entry lF5DXS9PUeYqUUp7J3Zf, sense bda934f7-03da-4ccf-ab2c-877e475bd933]",,,living-kharia2026:lF5DXS9PUeYqUUp7J3Zf:sense:bda934f7-03da-4ccf-ab2c-877e475bd933:reading:1:v1,,,,dialect:kh:dhelki:Dhelki dialect:kh:dudh:Dudh
kh,,kekeʔĕ,rope,केके',kekeʔĕ,,"living-kharia2026[entry lHc4UP11q2svGxyyFZxp, sense 337f4644-f724-4943-b868-c1323aebc881]",,,living-kharia2026:lHc4UP11q2svGxyyFZxp:sense:337f4644-f724-4943-b868-c1323aebc881:reading:1:v1,,,,dialect:kh:dhelki:Dhelki dialect:kh:dudh:Dudh uncertain
kh,,kisɽo,rich,किसड़ो,kisɽo,,"living-kharia2026[entry lJWF9jbV1kbVNAD6OK0m, sense 9045b8f4-7d04-492f-bf4d-43f8d72f4523]",,,living-kharia2026:lJWF9jbV1kbVNAD6OK0m:sense:9045b8f4-7d04-492f-bf4d-43f8d72f4523:reading:1:v1,,,,dialect:kh:dhelki:Dhelki dialect:kh:dudh:Dudh
kh,,setua,worm,सेतुआ,setua,,"living-kharia2026[entry leS6wZ0w7sqmzHFVE599, sense 3ce7dcb8-8677-4099-9662-2759aa995cb1]",,,living-kharia2026:leS6wZ0w7sqmzHFVE599:sense:3ce7dcb8-8677-4099-9662-2759aa995cb1:reading:1:v1,,,,dialect:kh:dhelki:Dhelki dialect:kh:dudh:Dudh
kh,,kimineiɲ,my sister-in-law,किमिननाईङ,kimineiɲ,,"living-kharia2026[entry lfXtTKHhXXrSOYOXwlnM, sense 4116407f-13dd-459c-9ca0-bfebab18adb9]",,,living-kharia2026:lfXtTKHhXXrSOYOXwlnM:sense:4116407f-13dd-459c-9ca0-bfebab18adb9:reading:1:v1,,,,dialect:kh:dhelki:Dhelki dialect:kh:dudh:Dudh
kh,,i,what,ई,i,,"living-kharia2026[entry lh6vj9zVmOsWApTCNgB4, sense 2916ffdc-9583-4c9a-b603-2c2faeb1bab0]",,,living-kharia2026:lh6vj9zVmOsWApTCNgB4:sense:2916ffdc-9583-4c9a-b603-2c2faeb1bab0:reading:1:v1,,,,dialect:kh:dhelki:Dhelki dialect:kh:dudh:Dudh
kh,,am ro iɲ conanaŋ,you + I will go,आम रो ईंञ चोनानाङ,am ro iɲ conanaŋ,,"living-kharia2026[entry ljLjNjPAyZnhzT0R9OdD, sense b338d866-77a3-4fbf-a165-f9047cab4af9]",,,living-kharia2026:ljLjNjPAyZnhzT0R9OdD:sense:b338d866-77a3-4fbf-a165-f9047cab4af9:reading:1:v1,,,,dialect:kh:dhelki:Dhelki dialect:kh:dudh:Dudh
kh,,tobʰlũ,high,तोभलुङ,tobʰlũ,,"living-kharia2026[entry ljwNKmuWqQB2qJjA6qfE, sense ad40e58a-1641-4ce3-8032-a2bd3769724c]",,,living-kharia2026:ljwNKmuWqQB2qJjA6qfE:sense:ad40e58a-1641-4ce3-8032-a2bd3769724c:reading:1:v1,,,,dialect:kh:dhelki:Dhelki dialect:kh:dudh:Dudh
kh,,moiɲ,one,मोञ,moiɲ,,"living-kharia2026[entry mGgmMMjXN2x4e9pSj5bW, sense 7b2eb8b7-18f2-454c-9850-e8e70e3f83ec]",,,living-kharia2026:mGgmMMjXN2x4e9pSj5bW:sense:7b2eb8b7-18f2-454c-9850-e8e70e3f83ec:reading:1:v1,,,,dialect:kh:dhelki:Dhelki dialect:kh:dudh:Dudh
kh,,moɲ,one,मोञ,moɲ,,"living-kharia2026[entry mGgmMMjXN2x4e9pSj5bW, sense 7b2eb8b7-18f2-454c-9850-e8e70e3f83ec]",,,living-kharia2026:mGgmMMjXN2x4e9pSj5bW:sense:7b2eb8b7-18f2-454c-9850-e8e70e3f83ec:reading:1:v2,living-kharia2026:mGgmMMjXN2x4e9pSj5bW:sense:7b2eb8b7-18f2-454c-9850-e8e70e3f83ec:reading:1:v1,,,dialect:kh:dhelki:Dhelki dialect:kh:dudh:Dudh
kh,,konon,small,कोनोन,konon,,"living-kharia2026[entry mP1w3ID4Jrat913nxkYC, sense 5f1e90ff-1bbf-4ecf-aede-47502f4387dd]",,,living-kharia2026:mP1w3ID4Jrat913nxkYC:sense:5f1e90ff-1bbf-4ecf-aede-47502f4387dd:reading:1:v1,,,,dialect:kh:dhelki:Dhelki dialect:kh:dudh:Dudh
kh,,gʰoliʔpʰon,fourteen,घोल इ'फोन,gʰoliʔpʰon,,"living-kharia2026[entry mZofWCfHbODO5axkHhhn, sense adb0b2d7-1f7b-4730-84b8-f23b627225d6]",,,living-kharia2026:mZofWCfHbODO5axkHhhn:sense:adb0b2d7-1f7b-4730-84b8-f23b627225d6:reading:1:v1,,,,dialect:kh:dhelki:Dhelki dialect:kh:dudh:Dudh
kh,,raɽisiʔĭ,widow,राड़ीं सी',raɽisiʔĭ,,"living-kharia2026[entry me5o2ha2qx6sOCdCmyzY, sense 017710a1-0df3-4ab9-b88d-d58bfec2a4fc]",,,living-kharia2026:me5o2ha2qx6sOCdCmyzY:sense:017710a1-0df3-4ab9-b88d-d58bfec2a4fc:reading:1:v1,,,,dialect:kh:dhelki:Dhelki dialect:kh:dudh:Dudh uncertain
kh,,suˀɖna,wet,सु'डना,suˀɖna,,"living-kharia2026[entry mfqU2BEfQ2JR5o0TkUr5, sense b08ec499-c8a0-427a-b899-573c56fd2ac1]",,,living-kharia2026:mfqU2BEfQ2JR5o0TkUr5:sense:b08ec499-c8a0-427a-b899-573c56fd2ac1:reading:1:v1,,,,dialect:kh:dhelki:Dhelki dialect:kh:dudh:Dudh uncertain
kh,,joŋem,sweet,जोङेम,joŋem,,"living-kharia2026[entry mma7DX2zzZxpmvnSDy7V, sense 7dd2c05f-0e0c-42af-a2ee-ab6e43b42e45]",,,living-kharia2026:mma7DX2zzZxpmvnSDy7V:sense:7dd2c05f-0e0c-42af-a2ee-ab6e43b42e45:reading:1:v1,,,,dialect:kh:dhelki:Dhelki dialect:kh:dudh:Dudh
kh,,biru,mountain,बीरू,biru,,"living-kharia2026[entry mzbYckVR3y5ovco6lFQG, sense 85940a07-02fd-4e12-81f2-91dba53336da]",,,living-kharia2026:mzbYckVR3y5ovco6lFQG:sense:85940a07-02fd-4e12-81f2-91dba53336da:reading:1:v1,,,,dialect:kh:dhelki:Dhelki dialect:kh:dudh:Dudh
kh,,jal,net,जाल,jal,,"living-kharia2026[entry n71TpiioHWEVEUw4wmda, sense d82d8593-74ba-44b1-82b1-446ada020179]",,,living-kharia2026:n71TpiioHWEVEUw4wmda:sense:d82d8593-74ba-44b1-82b1-446ada020179:reading:1:v1,,,,dialect:kh:dhelki:Dhelki dialect:kh:dudh:Dudh
kh,,enem paɽom,weak,एनेम पाड़ोम,enem paɽom,,"living-kharia2026[entry nAWcQ2QEOYiJOYMrnBov, sense ac6006fe-56fc-48dc-bf6e-c4c8d5192cad]",,,living-kharia2026:nAWcQ2QEOYiJOYMrnBov:sense:ac6006fe-56fc-48dc-bf6e-c4c8d5192cad:reading:1:v1,,,,dialect:kh:dhelki:Dhelki dialect:kh:dudh:Dudh
kh,,juraʔă,thorn,जुरा',juraʔă,,"living-kharia2026[entry nI2pbHec7ArGXPWQd6Or, sense 46ceadb0-66e6-4f28-907b-4a5c5dcdec46]",,,living-kharia2026:nI2pbHec7ArGXPWQd6Or:sense:46ceadb0-66e6-4f28-907b-4a5c5dcdec46:reading:1:v1,,,,dialect:kh:dhelki:Dhelki dialect:kh:dudh:Dudh uncertain
kh,,dʰuɽi,sand,धुड़ी,dʰuɽi,,"living-kharia2026[entry nJLTmFJ6Zzuz51Zky9eK, sense 3a9bd19b-77a0-4dce-87fe-350b93cafae7]",,,living-kharia2026:nJLTmFJ6Zzuz51Zky9eK:sense:3a9bd19b-77a0-4dce-87fe-350b93cafae7:reading:1:v1,,,,dialect:kh:dhelki:Dhelki dialect:kh:dudh:Dudh
kh,,botoŋna,frightened,बोतोङना,botoŋna,,"living-kharia2026[entry nVGe4PLz1tCVLu2XKwmO, sense 09504be1-4161-4bf0-a063-96140658811a]",,,living-kharia2026:nVGe4PLz1tCVLu2XKwmO:sense:09504be1-4161-4bf0-a063-96140658811a:reading:1:v1,,,,dialect:kh:dhelki:Dhelki dialect:kh:dudh:Dudh
kh,,koyo,wind,कोयो,koyo,,"living-kharia2026[entry ndE0UfVo49sPeBoe3Wm9, sense 620d8c79-3af1-4d82-a217-5f06f8879a8b]",,,living-kharia2026:ndE0UfVo49sPeBoe3Wm9:sense:620d8c79-3af1-4d82-a217-5f06f8879a8b:reading:1:v1,,,,dialect:kh:dhelki:Dhelki dialect:kh:dudh:Dudh
kh,,uberikɽigʰol,"fifty (""two-twenty-ten"")",उबर एकड़ी घोल,uberikɽigʰol,,"living-kharia2026[entry njUQe8hAvkEnIQg3UjF4, sense 843ce985-960e-4f77-b86a-3ad11f391221]",,,living-kharia2026:njUQe8hAvkEnIQg3UjF4:sense:843ce985-960e-4f77-b86a-3ad11f391221:reading:1:v1,,,,dialect:kh:dhelki:Dhelki dialect:kh:dudh:Dudh
kh,,uberekɽigʰol,"fifty (""two-twenty-ten"")",उबर एकड़ी घोल,uberekɽigʰol,,"living-kharia2026[entry njUQe8hAvkEnIQg3UjF4, sense 843ce985-960e-4f77-b86a-3ad11f391221]",,,living-kharia2026:njUQe8hAvkEnIQg3UjF4:sense:843ce985-960e-4f77-b86a-3ad11f391221:reading:1:v2,living-kharia2026:njUQe8hAvkEnIQg3UjF4:sense:843ce985-960e-4f77-b86a-3ad11f391221:reading:1:v1,,,dialect:kh:dhelki:Dhelki dialect:kh:dudh:Dudh
kh,,bajar,lightning,बजर,bajar,,"living-kharia2026[entry np6dV7HNnljWb4gC9UTh, sense 457f2d44-0630-47a2-a36a-519d503b3674]",,,living-kharia2026:np6dV7HNnljWb4gC9UTh:sense:457f2d44-0630-47a2-a36a-519d503b3674:reading:1:v1,,,,dialect:kh:dhelki:Dhelki dialect:kh:dudh:Dudh
kh,,jair,root,जु'ड,jair,,"living-kharia2026[entry nvp58PjMCGU0jxlxiRNy, sense 4946c408-8850-4928-9753-580df0d53248]",,,living-kharia2026:nvp58PjMCGU0jxlxiRNy:sense:4946c408-8850-4928-9753-580df0d53248:reading:1:v1,,,,dialect:kh:dhelki:Dhelki dialect:kh:dudh:Dudh
kh,,mosẽɲ,my maternal uncle,मोसाईंञ,mosẽɲ,,"living-kharia2026[entry oKJW1ND1JDuZQqSUJdQs, sense 3a934bd5-9820-4e10-90b4-1144e5954354]",,,living-kharia2026:oKJW1ND1JDuZQqSUJdQs:sense:3a934bd5-9820-4e10-90b4-1144e5954354:reading:1:v1,,,,dialect:kh:dhelki:Dhelki dialect:kh:dudh:Dudh
kh,,pahaɳ,priest,पहान,pahaɳ,,"living-kharia2026[entry oeKejRzLFw0ujF2kDIZe, sense 17db9701-b176-4148-b183-b3a9492a382b]",,,living-kharia2026:oeKejRzLFw0ujF2kDIZe:sense:17db9701-b176-4148-b183-b3a9492a382b:reading:1:v1,,,,dialect:kh:dhelki:Dhelki dialect:kh:dudh:Dudh
kh,,pahan,priest,पहान,pahan,,"living-kharia2026[entry oeKejRzLFw0ujF2kDIZe, sense 17db9701-b176-4148-b183-b3a9492a382b]",,,living-kharia2026:oeKejRzLFw0ujF2kDIZe:sense:17db9701-b176-4148-b183-b3a9492a382b:reading:1:v2,living-kharia2026:oeKejRzLFw0ujF2kDIZe:sense:17db9701-b176-4148-b183-b3a9492a382b:reading:1:v1,,,dialect:kh:dhelki:Dhelki dialect:kh:dudh:Dudh
kh,,toʔŏ,day,तो',toʔŏ,,"living-kharia2026[entry p4dMdOBa2LMsp2tohmes, sense 7782fe60-1a57-45e0-bcc8-d20ab6bc352f]",,,living-kharia2026:p4dMdOBa2LMsp2tohmes:sense:7782fe60-1a57-45e0-bcc8-d20ab6bc352f:reading:1:v1,,,,dialect:kh:dhelki:Dhelki dialect:kh:dudh:Dudh uncertain
kh,,leŋga,left,लेंगा,leŋga,,"living-kharia2026[entry p7sDysPVInQDGNiBNZH5, sense 2b44a672-0263-4b27-941e-e6599602858b]",,,living-kharia2026:p7sDysPVInQDGNiBNZH5:sense:2b44a672-0263-4b27-941e-e6599602858b:reading:1:v1,,,,dialect:kh:dhelki:Dhelki dialect:kh:dudh:Dudh
kh,,kulɖu,turtle,कुल्लु,kulɖu,,"living-kharia2026[entry pC7TgC5iuUUxF3vqCSTW, sense e4dbe07b-2a6d-428b-b404-ce16f1083369]",,,living-kharia2026:pC7TgC5iuUUxF3vqCSTW:sense:e4dbe07b-2a6d-428b-b404-ce16f1083369:reading:1:v1,,,,dialect:kh:dhelki:Dhelki dialect:kh:dudh:Dudh
kh,,kulu,turtle,कुल्लु,kulu,,"living-kharia2026[entry pC7TgC5iuUUxF3vqCSTW, sense e4dbe07b-2a6d-428b-b404-ce16f1083369]",,,living-kharia2026:pC7TgC5iuUUxF3vqCSTW:sense:e4dbe07b-2a6d-428b-b404-ce16f1083369:reading:1:v2,living-kharia2026:pC7TgC5iuUUxF3vqCSTW:sense:e4dbe07b-2a6d-428b-b404-ce16f1083369:reading:1:v1,,,dialect:kh:dhelki:Dhelki dialect:kh:dudh:Dudh
kh,,kʰirom,river,खिरोम,kʰirom,,"living-kharia2026[entry pKZ5fEdhzN3fa26Dr46z, sense adaf5a99-c234-4491-9e13-ecd326c30177]",,,living-kharia2026:pKZ5fEdhzN3fa26Dr46z:sense:adaf5a99-c234-4491-9e13-ecd326c30177:reading:1:v1,,,,dialect:kh:dhelki:Dhelki dialect:kh:dudh:Dudh
kh,,gʰolmoiɲ,eleven,घोलमोएंग,gʰolmoiɲ,,"living-kharia2026[entry pL9qfr5qtRlzI24Dkddz, sense c9acfd70-ffea-458d-8921-13de6107a7da]",,,living-kharia2026:pL9qfr5qtRlzI24Dkddz:sense:c9acfd70-ffea-458d-8921-13de6107a7da:reading:1:v1,,,,dialect:kh:dhelki:Dhelki dialect:kh:dudh:Dudh
kh,,gʰolmoɲ,eleven,घोलमोएंग,gʰolmoɲ,,"living-kharia2026[entry pL9qfr5qtRlzI24Dkddz, sense c9acfd70-ffea-458d-8921-13de6107a7da]",,,living-kharia2026:pL9qfr5qtRlzI24Dkddz:sense:c9acfd70-ffea-458d-8921-13de6107a7da:reading:1:v2,living-kharia2026:pL9qfr5qtRlzI24Dkddz:sense:c9acfd70-ffea-458d-8921-13de6107a7da:reading:1:v1,,,dialect:kh:dhelki:Dhelki dialect:kh:dudh:Dudh
kh,,ukaɽ,this,उकड़,ukaɽ,,"living-kharia2026[entry paBkJ6xXbF5hA616HKcF, sense 6aa1274f-2fc7-4632-808e-e9ed95e891db]",,,living-kharia2026:paBkJ6xXbF5hA616HKcF:sense:6aa1274f-2fc7-4632-808e-e9ed95e891db:reading:1:v1,,,,dialect:kh:dhelki:Dhelki dialect:kh:dudh:Dudh
kh,,seŋtoʔŏ,Saturday,सेङतो',seŋtoʔŏ,,"living-kharia2026[entry pdEjnsiK6kzaehhpSArV, sense 90deea3d-beb5-4b98-810e-5a16ed3a81c2]",,,living-kharia2026:pdEjnsiK6kzaehhpSArV:sense:90deea3d-beb5-4b98-810e-5a16ed3a81c2:reading:1:v1,,,,dialect:kh:dhelki:Dhelki dialect:kh:dudh:Dudh uncertain
kh,,seŋto,Saturday,सेङतो',seŋto,,"living-kharia2026[entry pdEjnsiK6kzaehhpSArV, sense 90deea3d-beb5-4b98-810e-5a16ed3a81c2]",,,living-kharia2026:pdEjnsiK6kzaehhpSArV:sense:90deea3d-beb5-4b98-810e-5a16ed3a81c2:reading:1:v2,living-kharia2026:pdEjnsiK6kzaehhpSArV:sense:90deea3d-beb5-4b98-810e-5a16ed3a81c2:reading:1:v1,,,dialect:kh:dhelki:Dhelki dialect:kh:dudh:Dudh uncertain
kh,,ambar boriya colsiʔĭbar,you two have gone,आम्बार बोरिया चोलसिखो'बार,ambar boriya colsiʔĭbar,,"living-kharia2026[entry pddg44tCJ4WFutuUnhKD, sense 8b2ef526-efb8-41e7-9f43-1bb814dbccb4]",,,living-kharia2026:pddg44tCJ4WFutuUnhKD:sense:8b2ef526-efb8-41e7-9f43-1bb814dbccb4:reading:1:v1,,,,dialect:kh:dhelki:Dhelki dialect:kh:dudh:Dudh uncertain
kh,,ambar boriya colsiʔbar,you two have gone,आम्बार बोरिया चोलसिखो'बार,ambar boriya colsiʔbar,,"living-kharia2026[entry pddg44tCJ4WFutuUnhKD, sense 8b2ef526-efb8-41e7-9f43-1bb814dbccb4]",,,living-kharia2026:pddg44tCJ4WFutuUnhKD:sense:8b2ef526-efb8-41e7-9f43-1bb814dbccb4:reading:1:v2,living-kharia2026:pddg44tCJ4WFutuUnhKD:sense:8b2ef526-efb8-41e7-9f43-1bb814dbccb4:reading:1:v1,,,dialect:kh:dhelki:Dhelki dialect:kh:dudh:Dudh uncertain
kh,,am colsiʔĭdim,you have gone,आम चोलसी'डेम,am colsiʔĭdim,,"living-kharia2026[entry pdq5ZiDWvrQA7DRmiG7q, sense 1ce2ccae-38ab-4815-92c5-638c048951f1]",,,living-kharia2026:pdq5ZiDWvrQA7DRmiG7q:sense:1ce2ccae-38ab-4815-92c5-638c048951f1:reading:1:v1,,,,dialect:kh:dhelki:Dhelki dialect:kh:dudh:Dudh uncertain
kh,,kimineiɲ,my daughter-in-law,किमीनना,kimineiɲ,,"living-kharia2026[entry pn9M1yMM8OKcYF8j2XVG, sense c4b26727-e3ac-4b67-8b86-946ecbd35106]",,,living-kharia2026:pn9M1yMM8OKcYF8j2XVG:sense:c4b26727-e3ac-4b67-8b86-946ecbd35106:reading:1:v1,,,,dialect:kh:dhelki:Dhelki dialect:kh:dudh:Dudh
kh,,lakar,fat,लकर,lakar,,"living-kharia2026[entry ppwvySzXEXyGQ9JalBkG, sense d321248c-1466-4db8-bea4-59d379184286]",,,living-kharia2026:ppwvySzXEXyGQ9JalBkG:sense:d321248c-1466-4db8-bea4-59d379184286:reading:1:v1,,,,dialect:kh:dhelki:Dhelki dialect:kh:dudh:Dudh
kh,,uki colʈaiki,he was going,उकी चोलताकी,uki colʈaiki,,"living-kharia2026[entry pxMzQs8WZWSNnk1Gzlgi, sense 3a632600-cbe9-4501-a9da-cd3addd09b04]",,,living-kharia2026:pxMzQs8WZWSNnk1Gzlgi:sense:3a632600-cbe9-4501-a9da-cd3addd09b04:reading:1:v1,,,,dialect:kh:dhelki:Dhelki dialect:kh:dudh:Dudh
kh,,konselɖuʔŭ,woman,कोनसेल डू',konselɖuʔŭ,,"living-kharia2026[entry pyjR4Hhfi2HglRi9pLZt, sense 9df8964e-a82d-423c-819b-53414b314acc]",,,living-kharia2026:pyjR4Hhfi2HglRi9pLZt:sense:9df8964e-a82d-423c-819b-53414b314acc:reading:1:v1,,,,dialect:kh:dhelki:Dhelki dialect:kh:dudh:Dudh uncertain
kh,,ĩɲaʔă,I,ईंञ',ĩɲaʔă,,"living-kharia2026[entry q2l8kLqb4xHAR1ZFwnm4, sense 6979330a-b406-484a-8c8d-ca7cb702f564]",,,living-kharia2026:q2l8kLqb4xHAR1ZFwnm4:sense:6979330a-b406-484a-8c8d-ca7cb702f564:reading:1:v1,,,,dialect:kh:dhelki:Dhelki dialect:kh:dudh:Dudh uncertain
kh,,uki colsikʰoʔmaĩ,he went,उकी चोलसीखो'मय,uki colsikʰoʔmaĩ,,"living-kharia2026[entry qARShjskniH8VWWhHpUP, sense 74c67f49-f1fd-448d-b6b3-b205e046553a]",,,living-kharia2026:qARShjskniH8VWWhHpUP:sense:74c67f49-f1fd-448d-b6b3-b205e046553a:reading:1:v1,,,,dialect:kh:dhelki:Dhelki dialect:kh:dudh:Dudh
kh,,bindijali,spider web,बेंडीजाली,bindijali,,"living-kharia2026[entry qBiqVCcKRwIeYEylx14q, sense 059c1ccb-b027-4daa-80cf-19fcd9f3c66a]",,,living-kharia2026:qBiqVCcKRwIeYEylx14q:sense:059c1ccb-b027-4daa-80cf-19fcd9f3c66a:reading:1:v1,,,,dialect:kh:dhelki:Dhelki dialect:kh:dudh:Dudh
kh,,kuldaʔă,sick,कुलडा',kuldaʔă,,"living-kharia2026[entry qGLiaVPdYGlIkSpVuB4X, sense 10ae84dd-2998-4240-bab5-ecb1c80a96bb]",,,living-kharia2026:qGLiaVPdYGlIkSpVuB4X:sense:10ae84dd-2998-4240-bab5-ecb1c80a96bb:reading:1:v1,,,,dialect:kh:dhelki:Dhelki dialect:kh:dudh:Dudh uncertain
kh,,goŋɽiŋoʔŏ,cooking pit,गोङड़ीङ ओ',goŋɽiŋoʔŏ,,"living-kharia2026[entry qJOUFkOfQo8x5Y4UcL6c, sense 152274ab-6b8a-4c31-a901-7f90c7c62db0]",,,living-kharia2026:qJOUFkOfQo8x5Y4UcL6c:sense:152274ab-6b8a-4c31-a901-7f90c7c62db0:reading:1:v1,,,,dialect:kh:dhelki:Dhelki dialect:kh:dudh:Dudh uncertain
kh,,goŋriŋoʔ,cooking pit,गोङड़ीङ ओ',goŋriŋoʔ,,"living-kharia2026[entry qJOUFkOfQo8x5Y4UcL6c, sense 152274ab-6b8a-4c31-a901-7f90c7c62db0]",,,living-kharia2026:qJOUFkOfQo8x5Y4UcL6c:sense:152274ab-6b8a-4c31-a901-7f90c7c62db0:reading:1:v2,living-kharia2026:qJOUFkOfQo8x5Y4UcL6c:sense:152274ab-6b8a-4c31-a901-7f90c7c62db0:reading:1:v1,,,dialect:kh:dhelki:Dhelki dialect:kh:dudh:Dudh uncertain
kh,,maleria,malaria,मलेरीया,maleria,,"living-kharia2026[entry qNgBqT3Y4aces0PLL92X, sense 2ce5fdf4-a55f-48e3-b6b8-754e9d13d722]",,,living-kharia2026:qNgBqT3Y4aces0PLL92X:sense:2ce5fdf4-a55f-48e3-b6b8-754e9d13d722:reading:1:v1,,,,dialect:kh:dhelki:Dhelki dialect:kh:dudh:Dudh
kh,,hokier boriya,their (2 people),होकियर बरिया,hokier boriya,,"living-kharia2026[entry qXFXbzi4Yh2X2YQYmbBF, sense 2468a3d9-0983-4a7a-a8e5-2423889c0a91]",,,living-kharia2026:qXFXbzi4Yh2X2YQYmbBF:sense:2468a3d9-0983-4a7a-a8e5-2423889c0a91:reading:1:v1,,,,dialect:kh:dhelki:Dhelki dialect:kh:dudh:Dudh
kh,,maha kulamday,elder brother,महा कुलमडाय,maha kulamday,,"living-kharia2026[entry r3udY540JBXh6qE4Ioef, sense 111458a3-94e7-482e-ba27-950c6cfd4841]",,,living-kharia2026:r3udY540JBXh6qE4Ioef:sense:111458a3-94e7-482e-ba27-950c6cfd4841:reading:1:v1,,,,dialect:kh:dhelki:Dhelki dialect:kh:dudh:Dudh
kh,,ɖaʔă,waters,डा',ɖaʔă,,"living-kharia2026[entry rHedK1djSfclG82bwCct, sense 25c1bebb-51c9-48cd-8af2-597d22c3865a]",,,living-kharia2026:rHedK1djSfclG82bwCct:sense:25c1bebb-51c9-48cd-8af2-597d22c3865a:reading:1:v1,,,,dialect:kh:dhelki:Dhelki dialect:kh:dudh:Dudh uncertain
kh,,nila,blue,नीला,nila,,"living-kharia2026[entry rNq0vazK9N56VBTb3zsZ, sense b571550b-91a2-496e-a5d9-d59df99a2256]",,,living-kharia2026:rNq0vazK9N56VBTb3zsZ:sense:b571550b-91a2-496e-a5d9-d59df99a2256:reading:1:v1,,,,dialect:kh:dhelki:Dhelki dialect:kh:dudh:Dudh
kh,,hokier boriya colkikier,they two went,होकियार बोरिया चोलकी कियार,hokier boriya colkikier,,"living-kharia2026[entry ravNWvGQTUiVXAaAzsk1, sense 62c76544-515b-4d6e-86b6-4c38c7c93de6]",,,living-kharia2026:ravNWvGQTUiVXAaAzsk1:sense:62c76544-515b-4d6e-86b6-4c38c7c93de6:reading:1:v1,,,,dialect:kh:dhelki:Dhelki dialect:kh:dudh:Dudh
kh,,pusrel,December,पू'सरेल,pusrel,,"living-kharia2026[entry reymg14OBntwXr3OSmCk, sense 9538dcba-fe30-4ca6-a11b-155af6e87470]",,,living-kharia2026:reymg14OBntwXr3OSmCk:sense:9538dcba-fe30-4ca6-a11b-155af6e87470:reading:1:v1,,,,dialect:kh:dhelki:Dhelki dialect:kh:dudh:Dudh
kh,,puʔserel,December,पू'सरेल,puʔserel,,"living-kharia2026[entry reymg14OBntwXr3OSmCk, sense 9538dcba-fe30-4ca6-a11b-155af6e87470]",,,living-kharia2026:reymg14OBntwXr3OSmCk:sense:9538dcba-fe30-4ca6-a11b-155af6e87470:reading:1:v2,living-kharia2026:reymg14OBntwXr3OSmCk:sense:9538dcba-fe30-4ca6-a11b-155af6e87470:reading:1:v1,,,dialect:kh:dhelki:Dhelki dialect:kh:dudh:Dudh
kh,,puʔsrel,December,पू'सरेल,puʔsrel,,"living-kharia2026[entry reymg14OBntwXr3OSmCk, sense 9538dcba-fe30-4ca6-a11b-155af6e87470]",,,living-kharia2026:reymg14OBntwXr3OSmCk:sense:9538dcba-fe30-4ca6-a11b-155af6e87470:reading:1:v3,living-kharia2026:reymg14OBntwXr3OSmCk:sense:9538dcba-fe30-4ca6-a11b-155af6e87470:reading:1:v1,,,dialect:kh:dhelki:Dhelki dialect:kh:dudh:Dudh
kh,,tʰirom,slow,धिरोम,tʰirom,,"living-kharia2026[entry riN0BzgEqo4LT4Yxoq3o, sense e242c888-18c6-45c1-b46f-f57ac0aebf9d]",,,living-kharia2026:riN0BzgEqo4LT4Yxoq3o:sense:e242c888-18c6-45c1-b46f-f57ac0aebf9d:reading:1:v1,,,,dialect:kh:dhelki:Dhelki dialect:kh:dudh:Dudh
kh,,kera,banana,केरा,kera,,"living-kharia2026[entry ric6ylYRA4JKGVvpzhj0, sense 39152c20-1459-4c84-9ca9-a9fa0c16b872]",,,living-kharia2026:ric6ylYRA4JKGVvpzhj0:sense:39152c20-1459-4c84-9ca9-a9fa0c16b872:reading:1:v1,,,,dialect:kh:dhelki:Dhelki dialect:kh:dudh:Dudh
kh,,raŋga,cold,रङगा,raŋga,,"living-kharia2026[entry rkxPEBKj1MeBzpvvGfnR, sense 0c8a7421-b1da-4871-8e98-eff30d7a5a37]",,,living-kharia2026:rkxPEBKj1MeBzpvvGfnR:sense:0c8a7421-b1da-4871-8e98-eff30d7a5a37:reading:1:v1,,,,dialect:kh:dhelki:Dhelki dialect:kh:dudh:Dudh
kh,,surum,enemy,सुरुम,surum,,"living-kharia2026[entry rxuKBuBu6KSwymP61tNt, sense 7ffe2441-016f-4066-9e4b-0c318c99a5e6]",,,living-kharia2026:rxuKBuBu6KSwymP61tNt:sense:7ffe2441-016f-4066-9e4b-0c318c99a5e6:reading:1:v1,,,,dialect:kh:dhelki:Dhelki dialect:kh:dudh:Dudh
kh,,gʰoltʰam,seventeen,घोल-थाम,gʰoltʰam,,"living-kharia2026[entry s40qDFf1JhxW8BbtwG6F, sense a356e29f-b7e7-488a-8df1-4cab069334ee]",,,living-kharia2026:s40qDFf1JhxW8BbtwG6F:sense:a356e29f-b7e7-488a-8df1-4cab069334ee:reading:1:v1,,,,dialect:kh:dhelki:Dhelki dialect:kh:dudh:Dudh
kh,,kʰarom,ash,खारोम,kʰarom,,"living-kharia2026[entry sQSvfxt4K8L6ANfrpEo6, sense b5d708fb-f3eb-4fe5-ae65-45a0fb7d2f91]",,,living-kharia2026:sQSvfxt4K8L6ANfrpEo6:sense:b5d708fb-f3eb-4fe5-ae65-45a0fb7d2f91:reading:1:v1,,,,dialect:kh:dhelki:Dhelki dialect:kh:dudh:Dudh
kh,,jokti,intestinal parasite,जोंकटी,jokti,,"living-kharia2026[entry sQtK44u86F7l9wcDRbjS, sense 927b945d-10e3-4aec-856d-a8c83f440640]",,,living-kharia2026:sQtK44u86F7l9wcDRbjS:sense:927b945d-10e3-4aec-856d-a8c83f440640:reading:1:v1,,,,dialect:kh:dhelki:Dhelki dialect:kh:dudh:Dudh
kh,,kakeiɲ,my paternal uncle,ककाईङ,kakeiɲ,,"living-kharia2026[entry sRa7oHjO2rstJldex4BO, sense 90227e2a-5f62-488f-8ba0-a1154a5e5169]",,,living-kharia2026:sRa7oHjO2rstJldex4BO:sense:90227e2a-5f62-488f-8ba0-a1154a5e5169:reading:1:v1,,,,dialect:kh:dhelki:Dhelki dialect:kh:dudh:Dudh
kh,,timsoŋ,fire,तिम्सोङ,timsoŋ,,"living-kharia2026[entry sXCyGpcTsdSKP9bcVGEW, sense bc76d411-bcdf-49c5-b351-1691ef6be8d5]",,,living-kharia2026:sXCyGpcTsdSKP9bcVGEW:sense:bc76d411-bcdf-49c5-b351-1691ef6be8d5:reading:1:v1,,,,dialect:kh:dhelki:Dhelki dialect:kh:dudh:Dudh
kh,,bʰut,ghost,भूत,bʰut,,"living-kharia2026[entry sZZ8P3BAtMUZsvZsg7p0, sense 86755862-162b-49a8-8285-f6e0940cd1a5]",,,living-kharia2026:sZZ8P3BAtMUZsvZsg7p0:sense:86755862-162b-49a8-8285-f6e0940cd1a5:reading:1:v1,,,,dialect:kh:dhelki:Dhelki dialect:kh:dudh:Dudh
kh,,ikuʈjugʰai,too much,इकुड जुघय,ikuʈjugʰai,,"living-kharia2026[entry sztRS3IcfZ3TgQVZNnvk, sense 78704998-5f48-4210-a4b1-302a049e3190]",,,living-kharia2026:sztRS3IcfZ3TgQVZNnvk:sense:78704998-5f48-4210-a4b1-302a049e3190:reading:1:v1,,,,dialect:kh:dhelki:Dhelki dialect:kh:dudh:Dudh
kh,,hokier boriya colsikier,they two will go,होकियार बोरिया चोलसीकियार,hokier boriya colsikier,,"living-kharia2026[entry t6llvFSirRdsQbod37je, sense 34bde405-06b2-4063-b6b1-02ad9c211b4e]",,,living-kharia2026:t6llvFSirRdsQbod37je:sense:34bde405-06b2-4063-b6b1-02ad9c211b4e:reading:1:v1,,,,dialect:kh:dhelki:Dhelki dialect:kh:dudh:Dudh
kh,,jʰaɽi,all,झाड़ी,jʰaɽi,,"living-kharia2026[entry t7ZBs58K9khu6LzuJiCR, sense 323cda3f-e5ec-420b-9039-1079761196e3]",,,living-kharia2026:t7ZBs58K9khu6LzuJiCR:sense:323cda3f-e5ec-420b-9039-1079761196e3:reading:1:v1,,,,dialect:kh:dhelki:Dhelki dialect:kh:dudh:Dudh
kh,,ɖaʔă,water,डा',ɖaʔă,,"living-kharia2026[entry tEtcvsYf3xBx0dJrVB2K, sense 3cb1325a-b676-437a-b931-197d4c50e285]",,,living-kharia2026:tEtcvsYf3xBx0dJrVB2K:sense:3cb1325a-b676-437a-b931-197d4c50e285:reading:1:v1,,,,dialect:kh:dhelki:Dhelki dialect:kh:dudh:Dudh uncertain
kh,,jokti,leech,जोकटि,jokti,,"living-kharia2026[entry tGaacCOCREbTl7lt2iwM, sense a6ff438d-d21c-48fe-af28-7f813c4fdfe6]",,,living-kharia2026:tGaacCOCREbTl7lt2iwM:sense:a6ff438d-d21c-48fe-af28-7f813c4fdfe6:reading:1:v1,,,,dialect:kh:dhelki:Dhelki dialect:kh:dudh:Dudh
kh,,eɽia,powerful,एंड़िया,eɽia,,"living-kharia2026[entry tJf76ztdwITOtb0o3jvT, sense fc2672b2-cebb-4db6-a06b-6bce9b301687]",,,living-kharia2026:tJf76ztdwITOtb0o3jvT:sense:fc2672b2-cebb-4db6-a06b-6bce9b301687:reading:1:v1,,,,dialect:kh:dhelki:Dhelki dialect:kh:dudh:Dudh
kh,,siŋkoy ɖaʔă,chicken (meat),सिंकोय डा',siŋkoy ɖaʔă,,"living-kharia2026[entry tNHAvtcqLx5hLn20krGD, sense 44536647-6a92-4391-b3b5-76321ceea2b5]",,,living-kharia2026:tNHAvtcqLx5hLn20krGD:sense:44536647-6a92-4391-b3b5-76321ceea2b5:reading:1:v1,,,,dialect:kh:dhelki:Dhelki dialect:kh:dudh:Dudh uncertain
kh,,muntoʔŏ,Friday,मुनु'तो,muntoʔŏ,,"living-kharia2026[entry tNJ4aBxFJhaeRZpcwKpo, sense 81b71768-5516-45d4-89f3-7f8f7e7e22f3]",,,living-kharia2026:tNJ4aBxFJhaeRZpcwKpo:sense:81b71768-5516-45d4-89f3-7f8f7e7e22f3:reading:1:v1,,,,dialect:kh:dhelki:Dhelki dialect:kh:dudh:Dudh uncertain
kh,,munto,Friday,मुनु'तो,munto,,"living-kharia2026[entry tNJ4aBxFJhaeRZpcwKpo, sense 81b71768-5516-45d4-89f3-7f8f7e7e22f3]",,,living-kharia2026:tNJ4aBxFJhaeRZpcwKpo:sense:81b71768-5516-45d4-89f3-7f8f7e7e22f3:reading:1:v2,living-kharia2026:tNJ4aBxFJhaeRZpcwKpo:sense:81b71768-5516-45d4-89f3-7f8f7e7e22f3:reading:1:v1,,,dialect:kh:dhelki:Dhelki dialect:kh:dudh:Dudh uncertain
kh,,munutoʔ,Friday,मुनु'तो,munutoʔ,,"living-kharia2026[entry tNJ4aBxFJhaeRZpcwKpo, sense 81b71768-5516-45d4-89f3-7f8f7e7e22f3]",,,living-kharia2026:tNJ4aBxFJhaeRZpcwKpo:sense:81b71768-5516-45d4-89f3-7f8f7e7e22f3:reading:1:v3,living-kharia2026:tNJ4aBxFJhaeRZpcwKpo:sense:81b71768-5516-45d4-89f3-7f8f7e7e22f3:reading:1:v1,,,dialect:kh:dhelki:Dhelki dialect:kh:dudh:Dudh uncertain
kh,,hokaɽ,that,होकाड़,hokaɽ,,"living-kharia2026[entry tPeFW6z1TJWPbLwr6Kf6, sense ef24d8b5-15a6-4d65-b027-f581843d6e9f]",,,living-kharia2026:tPeFW6z1TJWPbLwr6Kf6:sense:ef24d8b5-15a6-4d65-b027-f581843d6e9f:reading:1:v1,,,,dialect:kh:dhelki:Dhelki dialect:kh:dudh:Dudh
kh,,kanaʔăsi,comb,कना'सी,kanaʔăsi,,"living-kharia2026[entry tRqfWnpfHS1ZN1ZmscQ1, sense a54602cb-d292-4280-bcd4-e19996c9606c]",,,living-kharia2026:tRqfWnpfHS1ZN1ZmscQ1:sense:a54602cb-d292-4280-bcd4-e19996c9606c:reading:1:v1,,,,dialect:kh:dhelki:Dhelki dialect:kh:dudh:Dudh uncertain
kh,,iʔpʰon,four,इ'फोन,iʔpʰon,,"living-kharia2026[entry tZ3Xetgbv0tPrDztPrbR, sense d4f7dabf-92c0-4a7d-8bb9-451b5974c18d]",,,living-kharia2026:tZ3Xetgbv0tPrDztPrbR:sense:d4f7dabf-92c0-4a7d-8bb9-451b5974c18d:reading:1:v1,,,,dialect:kh:dhelki:Dhelki dialect:kh:dudh:Dudh
kh,,ukɽaʔ,her,उकड़ा',ukɽaʔ,,"living-kharia2026[entry tZ9mR4tdzhFIJf4cI37s, sense eb70ff59-aa9b-406a-b841-4b9cc0d3eb50]",,,living-kharia2026:tZ9mR4tdzhFIJf4cI37s:sense:eb70ff59-aa9b-406a-b841-4b9cc0d3eb50:reading:1:v1,,,,dialect:kh:dhelki:Dhelki dialect:kh:dudh:Dudh
kh,,tergan,star,ताइरगण,tergan,,"living-kharia2026[entry tZGzAuYs94zdTM361nV8, sense 816f62ab-8dc9-4990-acff-e58a3a20a79a]",,,living-kharia2026:tZGzAuYs94zdTM361nV8:sense:816f62ab-8dc9-4990-acff-e58a3a20a79a:reading:1:v1,,,,dialect:kh:dhelki:Dhelki dialect:kh:dudh:Dudh
kh,,hoinapalʈe,possibly,होईनापालते,hoinapalʈe,,"living-kharia2026[entry tZiuWSINF4KAlKlWrLyP, sense 0a37e23c-3e2b-4534-9ac8-9a663891c54f]",,,living-kharia2026:tZiuWSINF4KAlKlWrLyP:sense:0a37e23c-3e2b-4534-9ac8-9a663891c54f:reading:1:v1,,,,dialect:kh:dhelki:Dhelki dialect:kh:dudh:Dudh
kh,,jʰaɽi,every,झाडी,jʰaɽi,,"living-kharia2026[entry teyR1nUviM8AgDicTMuI, sense a8bf8746-432e-4eb4-9cb7-c0513186924c]",,,living-kharia2026:teyR1nUviM8AgDicTMuI:sense:a8bf8746-432e-4eb4-9cb7-c0513186924c:reading:1:v1,,,,dialect:kh:dhelki:Dhelki dialect:kh:dudh:Dudh
kh,,ĩɲ,I,ईंञ,ĩɲ,,"living-kharia2026[entry tmg7tLFlUwT0U6fQ7MzV, sense 15f7a0e4-842f-4d7d-b535-d05e5b74f0eb]",,,living-kharia2026:tmg7tLFlUwT0U6fQ7MzV:sense:15f7a0e4-842f-4d7d-b535-d05e5b74f0eb:reading:1:v1,,,,dialect:kh:dhelki:Dhelki dialect:kh:dudh:Dudh
kh,,nirier,coconut,नरियर,nirier,,"living-kharia2026[entry tyYTk5snQUuJ8RrMttf8, sense 27c375f4-8be2-4900-9a85-7aff24c83d0c]",,,living-kharia2026:tyYTk5snQUuJ8RrMttf8:sense:27c375f4-8be2-4900-9a85-7aff24c83d0c:reading:1:v1,,,,dialect:kh:dhelki:Dhelki dialect:kh:dudh:Dudh
kh,,raʔăraʔă,flower,रा'रा',raʔăraʔă,,"living-kharia2026[entry uMgCDcNkdayDmEmLZm3Y, sense e754fef6-c2c5-4ead-9c75-e3277caebcd8]",,,living-kharia2026:uMgCDcNkdayDmEmLZm3Y:sense:e754fef6-c2c5-4ead-9c75-e3277caebcd8:reading:1:v1,,,,dialect:kh:dhelki:Dhelki dialect:kh:dudh:Dudh uncertain
kh,,ele,we,एले,ele,,"living-kharia2026[entry uhgSHUSjAugp6Ha6cMYR, sense d8d73c9b-a235-4c8d-a24c-289f3868f082]",,,living-kharia2026:uhgSHUSjAugp6Ha6cMYR:sense:d8d73c9b-a235-4c8d-a24c-289f3868f082:reading:1:v1,,,,dialect:kh:dhelki:Dhelki dialect:kh:dudh:Dudh
kh,,hõɖoŋ,other,होडोम,hõɖoŋ,,"living-kharia2026[entry ujvqnTe83ZasqQax1c0R, sense 7dfa5f36-45f9-4016-8b93-0c243126f6fd]",,,living-kharia2026:ujvqnTe83ZasqQax1c0R:sense:7dfa5f36-45f9-4016-8b93-0c243126f6fd:reading:1:v1,,,,dialect:kh:dhelki:Dhelki dialect:kh:dudh:Dudh
kh,,niri,Human body,ञींरी,niri,,"living-kharia2026[entry usfAZGsEPoh7fyJIqQNv, sense a1f601ad-fb87-4dda-a913-267e4efaa868]",,,living-kharia2026:usfAZGsEPoh7fyJIqQNv:sense:a1f601ad-fb87-4dda-a913-267e4efaa868:reading:1:v1,,,,dialect:kh:dhelki:Dhelki dialect:kh:dudh:Dudh
kh,,ɲiri,Human body,ञींरी,ɲiri,,"living-kharia2026[entry usfAZGsEPoh7fyJIqQNv, sense a1f601ad-fb87-4dda-a913-267e4efaa868]",,,living-kharia2026:usfAZGsEPoh7fyJIqQNv:sense:a1f601ad-fb87-4dda-a913-267e4efaa868:reading:1:v2,living-kharia2026:usfAZGsEPoh7fyJIqQNv:sense:a1f601ad-fb87-4dda-a913-267e4efaa868:reading:1:v1,,,dialect:kh:dhelki:Dhelki dialect:kh:dudh:Dudh
kh,,tʰam,seven,थाम,tʰam,,"living-kharia2026[entry uu5AgFYCCvaSbJixt0yO, sense 7bec8fdb-3e96-46bb-983a-0527edbcf9fe]",,,living-kharia2026:uu5AgFYCCvaSbJixt0yO:sense:7bec8fdb-3e96-46bb-983a-0527edbcf9fe:reading:1:v1,,,,dialect:kh:dhelki:Dhelki dialect:kh:dudh:Dudh
kh,,toˀbɖaʔă,mud,तोबडा',toˀbɖaʔă,,"living-kharia2026[entry uwsjnEph4A5rqVt7bLi6, sense a48d9c01-693b-4e61-b233-ebc749b3478e]",,,living-kharia2026:uwsjnEph4A5rqVt7bLi6:sense:a48d9c01-693b-4e61-b233-ebc749b3478e:reading:1:v1,,,,dialect:kh:dhelki:Dhelki dialect:kh:dudh:Dudh uncertain
kh,,berikɽigʰol,fifty,बर एकड़ी घोल,berikɽigʰol,,"living-kharia2026[entry uymmRjjysA7NpkO5BfHH, sense 99e1ac11-7a22-4783-8e25-3dcfd5233529]",,,living-kharia2026:uymmRjjysA7NpkO5BfHH:sense:99e1ac11-7a22-4783-8e25-3dcfd5233529:reading:1:v1,,,,dialect:kh:dhelki:Dhelki dialect:kh:dudh:Dudh
kh,,berekɽigʰol,fifty,बर एकड़ी घोल,berekɽigʰol,,"living-kharia2026[entry uymmRjjysA7NpkO5BfHH, sense 99e1ac11-7a22-4783-8e25-3dcfd5233529]",,,living-kharia2026:uymmRjjysA7NpkO5BfHH:sense:99e1ac11-7a22-4783-8e25-3dcfd5233529:reading:1:v2,living-kharia2026:uymmRjjysA7NpkO5BfHH:sense:99e1ac11-7a22-4783-8e25-3dcfd5233529:reading:1:v1,,,dialect:kh:dhelki:Dhelki dialect:kh:dudh:Dudh
kh,,uber,two,उबार,uber,,"living-kharia2026[entry v6cM9eJgjid8Wb1X0jN6, sense ab7e8584-04c7-4350-8230-bdbc6b26fffd]",,,living-kharia2026:v6cM9eJgjid8Wb1X0jN6:sense:ab7e8584-04c7-4350-8230-bdbc6b26fffd:reading:1:v1,,,,dialect:kh:dhelki:Dhelki dialect:kh:dudh:Dudh
kh,,ubar,two,उबार,ubar,,"living-kharia2026[entry v6cM9eJgjid8Wb1X0jN6, sense ab7e8584-04c7-4350-8230-bdbc6b26fffd]",,,living-kharia2026:v6cM9eJgjid8Wb1X0jN6:sense:ab7e8584-04c7-4350-8230-bdbc6b26fffd:reading:1:v2,living-kharia2026:v6cM9eJgjid8Wb1X0jN6:sense:ab7e8584-04c7-4350-8230-bdbc6b26fffd:reading:1:v1,,,dialect:kh:dhelki:Dhelki dialect:kh:dudh:Dudh
kh,,beria,both,बोरिया,beria,,"living-kharia2026[entry vEzJTGfzK04nekdGFJks, sense 746688a3-d658-4e0a-8227-7ff68f2d9e46]",,,living-kharia2026:vEzJTGfzK04nekdGFJks:sense:746688a3-d658-4e0a-8227-7ff68f2d9e46:reading:1:v1,,,,dialect:kh:dhelki:Dhelki dialect:kh:dudh:Dudh
kh,,sikari,hunter,शिकारी,sikari,,"living-kharia2026[entry vRElVi6FhVY0wryIZmr4, sense 88d4ffd3-eb36-4086-b24b-6f657c2f8e72]",,,living-kharia2026:vRElVi6FhVY0wryIZmr4:sense:88d4ffd3-eb36-4086-b24b-6f657c2f8e72:reading:1:v1,,,,dialect:kh:dhelki:Dhelki dialect:kh:dudh:Dudh
kh,,das,lice - body,डांश,das,,"living-kharia2026[entry veXeWAFEVDT8s0iqovlX, sense fa7d5d85-a0e9-45c1-a208-e7b7f686c13b]",,,living-kharia2026:veXeWAFEVDT8s0iqovlX:sense:fa7d5d85-a0e9-45c1-a208-e7b7f686c13b:reading:1:v1,,,,dialect:kh:dhelki:Dhelki dialect:kh:dudh:Dudh
kh,,umbo,no,उम्बो',umbo,,"living-kharia2026[entry vhdR9Lu0JjW7e62nwdxv, sense a9f9114a-3e25-45e0-a8f3-157149d3f395]",,,living-kharia2026:vhdR9Lu0JjW7e62nwdxv:sense:a9f9114a-3e25-45e0-a8f3-157149d3f395:reading:1:v1,,,,dialect:kh:dhelki:Dhelki dialect:kh:dudh:Dudh
kh,,मेमोना'-मेमोन,Every year,मेमोना'-मेमोन,,,"living-kharia2026[entry vnzeSPGV8OehcyiFgjgw, sense a6d8fefb-d185-4cbf-a591-586f19af5f14]",,,living-kharia2026:vnzeSPGV8OehcyiFgjgw:sense:a6d8fefb-d185-4cbf-a591-586f19af5f14:reading:1:v1,,,,uncertain
kh,,beɽuʔna,awake,बेरो'डना,beɽuʔna,,"living-kharia2026[entry vtFYizDnQDZWR3tTGokU, sense 410b9a37-5472-4f0c-990a-b4cef422299e]",,,living-kharia2026:vtFYizDnQDZWR3tTGokU:sense:410b9a37-5472-4f0c-990a-b4cef422299e:reading:1:v1,,,,dialect:kh:dhelki:Dhelki dialect:kh:dudh:Dudh
kh,,barha,boar,बारहा,barha,,"living-kharia2026[entry vwa3gvyPrjfjpz1tIT7V, sense 36670ef8-63df-491e-a0f4-1bbf8ee3c4de]",,,living-kharia2026:vwa3gvyPrjfjpz1tIT7V:sense:36670ef8-63df-491e-a0f4-1bbf8ee3c4de:reading:1:v1,,,,dialect:kh:dhelki:Dhelki dialect:kh:dudh:Dudh
kh,,koleɖ,newly grown bamboo shoot,कोलेड,koleɖ,,"living-kharia2026[entry wBcbUhCcXYIhkOrH3sET, sense 5a0a01fc-151c-437d-974b-749f80176f46]",,,living-kharia2026:wBcbUhCcXYIhkOrH3sET:sense:5a0a01fc-151c-437d-974b-749f80176f46:reading:1:v1,,,,dialect:kh:dudh:Dudh
kh,,adiwasi,tribe,आदिवासी,adiwasi,,"living-kharia2026[entry wH2JsGKvrGC03Fus78uF, sense 8e99f93a-734d-4a85-9011-c82da81e8719]",,,living-kharia2026:wH2JsGKvrGC03Fus78uF:sense:8e99f93a-734d-4a85-9011-c82da81e8719:reading:1:v1,,,,dialect:kh:dhelki:Dhelki dialect:kh:dudh:Dudh
kh,,gone,tusk,गोने,gone,,"living-kharia2026[entry wHcxjHyBlTOtzIeAKF8H, sense dd0427c8-fee1-417b-a206-cdf6df5adb6d]",,,living-kharia2026:wHcxjHyBlTOtzIeAKF8H:sense:dd0427c8-fee1-417b-a206-cdf6df5adb6d:reading:1:v1,,,,dialect:kh:dhelki:Dhelki dialect:kh:dudh:Dudh
kh,,konon kulamdaynaiɲ,my younger sister,कोनोन कुलमडाय,konon kulamdaynaiɲ,,"living-kharia2026[entry wPrpn9NqfgQjQPKok8Nz, sense 88c95f67-3aa6-493f-845a-5662af7e3bf2]",,,living-kharia2026:wPrpn9NqfgQjQPKok8Nz:sense:88c95f67-3aa6-493f-845a-5662af7e3bf2:reading:1:v1,,,,dialect:kh:dhelki:Dhelki dialect:kh:dudh:Dudh
kh,,ibʰere,when,ई भेरे,ibʰere,,"living-kharia2026[entry weRzVwoHt7U0NpbejaUi, sense 77c4e747-798f-41d8-9511-af1ad9c051e2]",,,living-kharia2026:weRzVwoHt7U0NpbejaUi:sense:77c4e747-798f-41d8-9511-af1ad9c051e2:reading:1:v1,,,,dialect:kh:dhelki:Dhelki dialect:kh:dudh:Dudh
kh,,beɽotoʔŏ,Sunday,बेड़ोतो',beɽotoʔŏ,,"living-kharia2026[entry wokrk1Iajt3LoJaHsTIu, sense 7394a822-03dd-405e-9455-577911d33096]",,,living-kharia2026:wokrk1Iajt3LoJaHsTIu:sense:7394a822-03dd-405e-9455-577911d33096:reading:1:v1,,,,dialect:kh:dhelki:Dhelki dialect:kh:dudh:Dudh uncertain
kh,,konon kulamday,younger sister,कोनोन कुलमडाय,konon kulamday,,"living-kharia2026[entry wvYroELzFtmDOE7leY3K, sense b10e74fa-3629-43fd-ad5c-76c5008b67df]",,,living-kharia2026:wvYroELzFtmDOE7leY3K:sense:b10e74fa-3629-43fd-ad5c-76c5008b67df:reading:1:v1,,,,dialect:kh:dhelki:Dhelki dialect:kh:dudh:Dudh
kh,,bunoi ɖaʔă,pork,बुनुई डा',bunoi ɖaʔă,,"living-kharia2026[entry wvxou1gD0rsMcnysmPVC, sense aabe8b4d-becb-4cfa-92a0-5dc66643047e]",,,living-kharia2026:wvxou1gD0rsMcnysmPVC:sense:aabe8b4d-becb-4cfa-92a0-5dc66643047e:reading:1:v1,,,,dialect:kh:dhelki:Dhelki dialect:kh:dudh:Dudh uncertain
kh,,bunui ɖaʔ,pork,बुनुई डा',bunui ɖaʔ,,"living-kharia2026[entry wvxou1gD0rsMcnysmPVC, sense aabe8b4d-becb-4cfa-92a0-5dc66643047e]",,,living-kharia2026:wvxou1gD0rsMcnysmPVC:sense:aabe8b4d-becb-4cfa-92a0-5dc66643047e:reading:1:v2,living-kharia2026:wvxou1gD0rsMcnysmPVC:sense:aabe8b4d-becb-4cfa-92a0-5dc66643047e:reading:1:v1,,,dialect:kh:dhelki:Dhelki dialect:kh:dudh:Dudh uncertain
kh,,gʰoltʰom,eighteen,घोल थोम,gʰoltʰom,,"living-kharia2026[entry wwNdiBebek8W4CDnrKsq, sense 194a5ec6-1653-4463-9018-d81e840c34e9]",,,living-kharia2026:wwNdiBebek8W4CDnrKsq:sense:194a5ec6-1653-4463-9018-d81e840c34e9:reading:1:v1,,,,dialect:kh:dhelki:Dhelki dialect:kh:dudh:Dudh
kh,,iɲ colsikʰwai,I went,ईंञ चोलसिखो'ई,iɲ colsikʰwai,,"living-kharia2026[entry wyUdzMSMgIx9m8PMqgGX, sense d76c2255-71bb-4b92-a5ae-0d7da423e585]",,,living-kharia2026:wyUdzMSMgIx9m8PMqgGX:sense:d76c2255-71bb-4b92-a5ae-0d7da423e585:reading:1:v1,,,,dialect:kh:dhelki:Dhelki dialect:kh:dudh:Dudh
kh,,koˀbsutiʔ,pain,कोबसूतेइ,koˀbsutiʔ,,"living-kharia2026[entry x0JNbTTkiMhWiTXTIjQY, sense 5a30e5e3-ece1-4297-b9fa-546b477f83d0]",,,living-kharia2026:x0JNbTTkiMhWiTXTIjQY:sense:5a30e5e3-ece1-4297-b9fa-546b477f83d0:reading:1:v1,,,,dialect:kh:dhelki:Dhelki dialect:kh:dudh:Dudh uncertain
kh,,kecia,money,कचिया,kecia,,"living-kharia2026[entry x7x63Ek0vxXaJTA7mTuM, sense 4538fb3e-bc91-4807-a34c-90ba88382264]",,,living-kharia2026:x7x63Ek0vxXaJTA7mTuM:sense:4538fb3e-bc91-4807-a34c-90ba88382264:reading:1:v1,,,,dialect:kh:dhelki:Dhelki dialect:kh:dudh:Dudh
kh,,gʰoluber,twelve,घोल उबार,gʰoluber,,"living-kharia2026[entry x9MW9MzjGq0GTI9TiO7p, sense d177069b-14d6-4cd4-91bc-c509cf27d12d]",,,living-kharia2026:x9MW9MzjGq0GTI9TiO7p:sense:d177069b-14d6-4cd4-91bc-c509cf27d12d:reading:1:v1,,,,dialect:kh:dhelki:Dhelki dialect:kh:dudh:Dudh
kh,,gʰolubar,twelve,घोल उबार,gʰolubar,,"living-kharia2026[entry x9MW9MzjGq0GTI9TiO7p, sense d177069b-14d6-4cd4-91bc-c509cf27d12d]",,,living-kharia2026:x9MW9MzjGq0GTI9TiO7p:sense:d177069b-14d6-4cd4-91bc-c509cf27d12d:reading:1:v2,living-kharia2026:x9MW9MzjGq0GTI9TiO7p:sense:d177069b-14d6-4cd4-91bc-c509cf27d12d:reading:1:v1,,,dialect:kh:dhelki:Dhelki dialect:kh:dudh:Dudh
kh,,am ro iɲ colsiʔĭnaŋ,you + I have gone,आम रो ईञ चोलसीनाङ,am ro iɲ colsiʔĭnaŋ,,"living-kharia2026[entry xA8gajfFyw5Uj122jv0C, sense 01f88503-32d0-493b-8885-f51c20eb3ce1]",,,living-kharia2026:xA8gajfFyw5Uj122jv0C:sense:01f88503-32d0-493b-8885-f51c20eb3ce1:reading:1:v1,,,,dialect:kh:dhelki:Dhelki dialect:kh:dudh:Dudh uncertain
kh,,am ro iɲ colsiʔnaŋ,you + I have gone,आम रो ईञ चोलसीनाङ,am ro iɲ colsiʔnaŋ,,"living-kharia2026[entry xA8gajfFyw5Uj122jv0C, sense 01f88503-32d0-493b-8885-f51c20eb3ce1]",,,living-kharia2026:xA8gajfFyw5Uj122jv0C:sense:01f88503-32d0-493b-8885-f51c20eb3ce1:reading:1:v2,living-kharia2026:xA8gajfFyw5Uj122jv0C:sense:01f88503-32d0-493b-8885-f51c20eb3ce1:reading:1:v1,,,dialect:kh:dhelki:Dhelki dialect:kh:dudh:Dudh uncertain
kh,,kʰankɽa,crab,खंखड़ा,kʰankɽa,,"living-kharia2026[entry xEmW65lzRtXNJU0Zwzlm, sense 9eb3b11e-d124-45ad-aded-d4d9e72f416f]",,,living-kharia2026:xEmW65lzRtXNJU0Zwzlm:sense:9eb3b11e-d124-45ad-aded-d4d9e72f416f:reading:1:v1,,,,dialect:kh:dhelki:Dhelki dialect:kh:dudh:Dudh
kh,,kʰaŋkɽa,crab,खंखड़ा,kʰaŋkɽa,,"living-kharia2026[entry xEmW65lzRtXNJU0Zwzlm, sense 9eb3b11e-d124-45ad-aded-d4d9e72f416f]",,,living-kharia2026:xEmW65lzRtXNJU0Zwzlm:sense:9eb3b11e-d124-45ad-aded-d4d9e72f416f:reading:1:v2,living-kharia2026:xEmW65lzRtXNJU0Zwzlm:sense:9eb3b11e-d124-45ad-aded-d4d9e72f416f:reading:1:v1,,,dialect:kh:dhelki:Dhelki dialect:kh:dudh:Dudh
kh,,maha kulamdaynaiɲ,my elder sister,महा कुलमडाय,maha kulamdaynaiɲ,,"living-kharia2026[entry xLgnieauN9mX9zGX86Ma, sense c9baaf16-4ba4-4c4e-a618-efeaea1ae15c]",,,living-kharia2026:xLgnieauN9mX9zGX86Ma:sense:c9baaf16-4ba4-4c4e-a618-efeaea1ae15c:reading:1:v1,,,,dialect:kh:dhelki:Dhelki dialect:kh:dudh:Dudh
kh,,koʈeʔĕna,dirty,कोटे'ना,koʈeʔĕna,,"living-kharia2026[entry xSwhiB9QU4FtUJxQ5NCD, sense 6909d9bb-136a-4112-8961-eeca2bc5c283]",,,living-kharia2026:xSwhiB9QU4FtUJxQ5NCD:sense:6909d9bb-136a-4112-8961-eeca2bc5c283:reading:1:v1,,,,dialect:kh:dhelki:Dhelki dialect:kh:dudh:Dudh uncertain
kh,,jʰiloʔ,long,झेलोङ,jʰiloʔ,,"living-kharia2026[entry xUrBHwAOqDC3bdVRKN8Q, sense 5cfd68a5-f174-40d9-9b67-1073c93968e0]",,,living-kharia2026:xUrBHwAOqDC3bdVRKN8Q:sense:5cfd68a5-f174-40d9-9b67-1073c93968e0:reading:1:v1,,,,dialect:kh:dhelki:Dhelki dialect:kh:dudh:Dudh
kh,,aliˀɖ,cage,अलि'ड,aliˀɖ,,"living-kharia2026[entry xfSj1bfeZ9mYeAMD0D3m, sense e3c9b3e0-fb01-43c7-8069-62b85d89b836]",,,living-kharia2026:xfSj1bfeZ9mYeAMD0D3m:sense:e3c9b3e0-fb01-43c7-8069-62b85d89b836:reading:1:v1,,,,dialect:kh:dhelki:Dhelki dialect:kh:dudh:Dudh uncertain
kh,,kulamday,Sister,कुलमडाय,kulamday,,"living-kharia2026[entry xuFfJhQVF2THsU7w1FuC, sense 28ec74f0-34c9-4efb-b86e-1f4b0fc54d71]",,,living-kharia2026:xuFfJhQVF2THsU7w1FuC:sense:28ec74f0-34c9-4efb-b86e-1f4b0fc54d71:reading:1:v1,,,,dialect:kh:dhelki:Dhelki dialect:kh:dudh:Dudh
kh,,soreŋ,rock,सोरेङ,soreŋ,,"living-kharia2026[entry xyiqJ1kxcYu0CjOcMSyM, sense 0d25653c-37d8-44d7-8a12-5263f309f227]",,,living-kharia2026:xyiqJ1kxcYu0CjOcMSyM:sense:0d25653c-37d8-44d7-8a12-5263f309f227:reading:1:v1,,,,dialect:kh:dhelki:Dhelki dialect:kh:dudh:Dudh
kh,,kabur,grave,काबुर,kabur,,"living-kharia2026[entry y4voQ00uV1h0pMlYTwlX, sense 0602dabb-6e9e-4fa3-a532-4c98ef9bf93d]",,,living-kharia2026:y4voQ00uV1h0pMlYTwlX:sense:0602dabb-6e9e-4fa3-a532-4c98ef9bf93d:reading:1:v1,,,,dialect:kh:dhelki:Dhelki dialect:kh:dudh:Dudh
kh,,bʰadur,bat,भादुर,bʰadur,,"living-kharia2026[entry y8udChZJtHY6wxji7b50, sense 81ba3706-bb48-40c2-9b0d-02b1fbefd68c]",,,living-kharia2026:y8udChZJtHY6wxji7b50:sense:81ba3706-bb48-40c2-9b0d-02b1fbefd68c:reading:1:v1,,,,dialect:kh:dhelki:Dhelki dialect:kh:dudh:Dudh
kh,,ambar boriya colʈaibar,you two are going,आम्बार बोरिया चोलताएज्बार,ambar boriya colʈaibar,,"living-kharia2026[entry yCu9kxUFsdSJKuRM4UP7, sense b0e4049a-32ba-411c-8439-5162e3d624c6]",,,living-kharia2026:yCu9kxUFsdSJKuRM4UP7:sense:b0e4049a-32ba-411c-8439-5162e3d624c6:reading:1:v1,,,,dialect:kh:dhelki:Dhelki dialect:kh:dudh:Dudh
kh,,iɲaʔăkonselɖuʔŭ,my wife,ईञा' कोनसेलडू',iɲaʔăkonselɖuʔŭ,,"living-kharia2026[entry yVQpHeHsmxhKz7K62vz1, sense 300c67f9-246b-43a2-9300-9ecf9ede96df]",,,living-kharia2026:yVQpHeHsmxhKz7K62vz1:sense:300c67f9-246b-43a2-9300-9ecf9ede96df:reading:1:v1,,,,dialect:kh:dhelki:Dhelki dialect:kh:dudh:Dudh uncertain
kh,,konselɖuʔŭ,my wife,ईञा' कोनसेलडू',konselɖuʔŭ,,"living-kharia2026[entry yVQpHeHsmxhKz7K62vz1, sense 300c67f9-246b-43a2-9300-9ecf9ede96df]",,,living-kharia2026:yVQpHeHsmxhKz7K62vz1:sense:300c67f9-246b-43a2-9300-9ecf9ede96df:reading:1:v2,living-kharia2026:yVQpHeHsmxhKz7K62vz1:sense:300c67f9-246b-43a2-9300-9ecf9ede96df:reading:1:v1,,,dialect:kh:dhelki:Dhelki dialect:kh:dudh:Dudh uncertain
kh,,cil,eagle,चील,cil,,"living-kharia2026[entry yWir6Zom67nE4BzDvcOD, sense e4cf8794-b4dc-4a89-8997-bb5631650d56]",,,living-kharia2026:yWir6Zom67nE4BzDvcOD:sense:e4cf8794-b4dc-4a89-8997-bb5631650d56:reading:1:v1,,,,dialect:kh:dhelki:Dhelki dialect:kh:dudh:Dudh
kh,,baruɖa,good,बारुडा',baruɖa,,"living-kharia2026[entry ykK8E2MPJv1j7UEvJvQd, sense c2474ea8-5cff-41c4-9102-4c9b7d4e1822]",,,living-kharia2026:ykK8E2MPJv1j7UEvJvQd:sense:c2474ea8-5cff-41c4-9102-4c9b7d4e1822:reading:1:v1,,,,dialect:kh:dhelki:Dhelki dialect:kh:dudh:Dudh
kh,,baruɖaʔ,good,बारुडा',baruɖaʔ,,"living-kharia2026[entry ykK8E2MPJv1j7UEvJvQd, sense c2474ea8-5cff-41c4-9102-4c9b7d4e1822]",,,living-kharia2026:ykK8E2MPJv1j7UEvJvQd:sense:c2474ea8-5cff-41c4-9102-4c9b7d4e1822:reading:1:v2,living-kharia2026:ykK8E2MPJv1j7UEvJvQd:sense:c2474ea8-5cff-41c4-9102-4c9b7d4e1822:reading:1:v1,,,dialect:kh:dhelki:Dhelki dialect:kh:dudh:Dudh
kh,,kinir,forest,किनिर,kinir,,"living-kharia2026[entry ytXxog7oyYYLNR9S9hbf, sense 568c3698-6db6-445d-b862-a283f15df829]",,,living-kharia2026:ytXxog7oyYYLNR9S9hbf:sense:568c3698-6db6-445d-b862-a283f15df829:reading:1:v1,,,,dialect:kh:dhelki:Dhelki dialect:kh:dudh:Dudh
kh,,paikʰ,feather,पईंख,paikʰ,,"living-kharia2026[entry ywpIwPXwGqayiy2Gv41z, sense 6c4cfe46-837f-4750-a03e-7061c32d5071]",,,living-kharia2026:ywpIwPXwGqayiy2Gv41z:sense:6c4cfe46-837f-4750-a03e-7061c32d5071:reading:1:v1,,,,dialect:kh:dhelki:Dhelki dialect:kh:dudh:Dudh
kh,,beʈik,girl,बेटी,beʈik,,"living-kharia2026[entry yxhvOSMLH5k9b8YiZ5O9, sense 6c6aa8a2-f1a9-4858-a238-b7a977c845d1]",,,living-kharia2026:yxhvOSMLH5k9b8YiZ5O9:sense:6c6aa8a2-f1a9-4858-a238-b7a977c845d1:reading:1:v1,,,,dialect:kh:dhelki:Dhelki dialect:kh:dudh:Dudh
kh,,beʈi,girl,बेटी,beʈi,,"living-kharia2026[entry yxhvOSMLH5k9b8YiZ5O9, sense 6c6aa8a2-f1a9-4858-a238-b7a977c845d1]",,,living-kharia2026:yxhvOSMLH5k9b8YiZ5O9:sense:6c6aa8a2-f1a9-4858-a238-b7a977c845d1:reading:1:v2,living-kharia2026:yxhvOSMLH5k9b8YiZ5O9:sense:6c6aa8a2-f1a9-4858-a238-b7a977c845d1:reading:1:v1,,,dialect:kh:dhelki:Dhelki dialect:kh:dudh:Dudh
kh,,ʔʈʰak,drum,ढाँक,ʔʈʰak,,"living-kharia2026[entry z1xWYXdepev3FSc3Y6ch, sense 01a1c738-0d7a-4638-9a6b-c4866665675a]",,,living-kharia2026:z1xWYXdepev3FSc3Y6ch:sense:01a1c738-0d7a-4638-9a6b-c4866665675a:reading:1:v1,,,,dialect:kh:dhelki:Dhelki dialect:kh:dudh:Dudh
kh,,lereʔĕna,happy,लेरे'ना,lereʔĕna,,"living-kharia2026[entry z5o6YOCEopHrfDLIgfaD, sense ceaf3ade-6dcc-494e-8709-4c02f0d47f58]",,,living-kharia2026:z5o6YOCEopHrfDLIgfaD:sense:ceaf3ade-6dcc-494e-8709-4c02f0d47f58:reading:1:v1,,,,dialect:kh:dhelki:Dhelki dialect:kh:dudh:Dudh uncertain
kh,,mului,five,मोलोए,mului,,"living-kharia2026[entry zFQ2mpwTtAeDR23QXlIg, sense 6d475358-5d3e-40ed-ba0c-6d4af73578f5]",,,living-kharia2026:zFQ2mpwTtAeDR23QXlIg:sense:6d475358-5d3e-40ed-ba0c-6d4af73578f5:reading:1:v1,,,,dialect:kh:dhelki:Dhelki dialect:kh:dudh:Dudh
kh,,rokeˀɖ,sand,रोके'ड,rokeˀɖ,,"living-kharia2026[entry zFmIdgspSYBjDUDHx2aR, sense e5e8f1a0-65b3-4deb-9a25-d790da11bd5e]",,,living-kharia2026:zFmIdgspSYBjDUDHx2aR:sense:e5e8f1a0-65b3-4deb-9a25-d790da11bd5e:reading:1:v1,,,,dialect:kh:dhelki:Dhelki dialect:kh:dudh:Dudh uncertain
kh,,maŋtoʔŏ,Tuesday,मङतो',maŋtoʔŏ,,"living-kharia2026[entry zfVlbXInhAnC0T34NdrH, sense f3e89dba-b345-4457-b380-5a87e83661eb]",,,living-kharia2026:zfVlbXInhAnC0T34NdrH:sense:f3e89dba-b345-4457-b380-5a87e83661eb:reading:1:v1,,,,dialect:kh:dhelki:Dhelki dialect:kh:dudh:Dudh uncertain
kh,,maŋto,Tuesday,मङतो',maŋto,,"living-kharia2026[entry zfVlbXInhAnC0T34NdrH, sense f3e89dba-b345-4457-b380-5a87e83661eb]",,,living-kharia2026:zfVlbXInhAnC0T34NdrH:sense:f3e89dba-b345-4457-b380-5a87e83661eb:reading:1:v2,living-kharia2026:zfVlbXInhAnC0T34NdrH:sense:f3e89dba-b345-4457-b380-5a87e83661eb:reading:1:v1,,,dialect:kh:dhelki:Dhelki dialect:kh:dudh:Dudh uncertain
kh,,ulaʔă,leaf,उला',ulaʔă,,"living-kharia2026[entry zh4e1dirn1oQbUibiB3E, sense b95c5751-c119-4180-a13b-b047084d40ab]",,,living-kharia2026:zh4e1dirn1oQbUibiB3E:sense:b95c5751-c119-4180-a13b-b047084d40ab:reading:1:v1,,,,dialect:kh:dhelki:Dhelki dialect:kh:dudh:Dudh uncertain
kh,,am colnam,you will go,आम चोनाम,am colnam,,"living-kharia2026[entry ziA96otjhw9KyafYYl9s, sense 13aacbf1-ca81-47bb-9b26-f6c51f2c67d0]",,,living-kharia2026:ziA96otjhw9KyafYYl9s:sense:13aacbf1-ca81-47bb-9b26-f6c51f2c67d0:reading:1:v1,,,,dialect:kh:dhelki:Dhelki dialect:kh:dudh:Dudh
