hajong_gopalbari,,din,sky,,din,lexical-similarity-group:1,kim-ahmad-kim-sangma2011hajong[p. 40],,,hajong:1:hajong_gopalbari:1
hajong_nokshi,,din,sky,,din,lexical-similarity-group:1,kim-ahmad-kim-sangma2011hajong[p. 40],,,hajong:1:hajong_nokshi:1
hajong_nugapara,,din,sky,,din,lexical-similarity-group:1,kim-ahmad-kim-sangma2011hajong[p. 40],,,hajong:1:hajong_nugapara:1
hajong_dhamor,,din,sky,,din,lexical-similarity-group:1,kim-ahmad-kim-sangma2011hajong[p. 40],,,hajong:1:hajong_dhamor:1
hajong_gopalbari,,akas,sky,,akas,lexical-similarity-group:2,kim-ahmad-kim-sangma2011hajong[p. 40],,,hajong:1:hajong_gopalbari:2
hajong_chilapara,,akas,sky,,akas,lexical-similarity-group:2,kim-ahmad-kim-sangma2011hajong[p. 40],,,hajong:1:hajong_chilapara:1
hajong_nirghini,,akas,sky,,akas,lexical-similarity-group:2,kim-ahmad-kim-sangma2011hajong[p. 40],,,hajong:1:hajong_nirghini:1
hajong_dalugau,,akas,sky,,akas,lexical-similarity-group:2,kim-ahmad-kim-sangma2011hajong[p. 40],,,hajong:1:hajong_dalugau:1
hajong_balachanda,,akas,sky,,akas,lexical-similarity-group:2,kim-ahmad-kim-sangma2011hajong[p. 40],,,hajong:1:hajong_balachanda:1
hajong_gopalpur,,akaʃ,sky,,akaʃ,lexical-similarity-group:2,kim-ahmad-kim-sangma2011hajong[p. 40],,,hajong:1:hajong_gopalpur:1
hajong_bhalukapara,,akaʃ,sky,,akaʃ,lexical-similarity-group:2,kim-ahmad-kim-sangma2011hajong[p. 40],,,hajong:1:hajong_bhalukapara:1
hajong_gopalpur,,bela,sun,,bela,lexical-similarity-group:1,kim-ahmad-kim-sangma2011hajong[p. 40],,,hajong:2:hajong_gopalpur:1
hajong_nokshi,,bela,sun,,bela,lexical-similarity-group:1,kim-ahmad-kim-sangma2011hajong[p. 40],,,hajong:2:hajong_nokshi:1
hajong_nugapara,,bela,sun,,bela,lexical-similarity-group:1,kim-ahmad-kim-sangma2011hajong[p. 40],,,hajong:2:hajong_nugapara:1
hajong_chilapara,,bela,sun,,bela,lexical-similarity-group:1,kim-ahmad-kim-sangma2011hajong[p. 40],,,hajong:2:hajong_chilapara:1
hajong_nirghini,,bela,sun,,bela,lexical-similarity-group:1,kim-ahmad-kim-sangma2011hajong[p. 40],,,hajong:2:hajong_nirghini:1
hajong_dalugau,,bela,sun,,bela,lexical-similarity-group:1,kim-ahmad-kim-sangma2011hajong[p. 40],,,hajong:2:hajong_dalugau:1
hajong_balachanda,,bela,sun,,bela,lexical-similarity-group:1,kim-ahmad-kim-sangma2011hajong[p. 40],,,hajong:2:hajong_balachanda:1
hajong_dhamor,,bela,sun,,bela,lexical-similarity-group:1,kim-ahmad-kim-sangma2011hajong[p. 40],,,hajong:2:hajong_dhamor:1
hajong_nugapara,,bila,sun,,bila,lexical-similarity-group:1,kim-ahmad-kim-sangma2011hajong[p. 40],,,hajong:2:hajong_nugapara:2
hajong_gopalbari,,bɯla,sun,,bɯla,lexical-similarity-group:1,kim-ahmad-kim-sangma2011hajong[p. 40],,,hajong:2:hajong_gopalbari:1
hajong_bhalukapara,,bɯla,sun,,bɯla,lexical-similarity-group:1,kim-ahmad-kim-sangma2011hajong[p. 40],,,hajong:2:hajong_bhalukapara:1
hajong_balachanda,,suɾdʒo,sun,,suɾdʒo,lexical-similarity-group:2,kim-ahmad-kim-sangma2011hajong[p. 40],,,hajong:2:hajong_balachanda:2
hajong_gopalbari,,tʃan,moon,,tʃan,lexical-similarity-group:1,kim-ahmad-kim-sangma2011hajong[p. 40],,,hajong:3:hajong_gopalbari:1
hajong_gopalpur,,tʃan,moon,,tʃan,lexical-similarity-group:1,kim-ahmad-kim-sangma2011hajong[p. 40],,,hajong:3:hajong_gopalpur:1
hajong_bhalukapara,,tʃan,moon,,tʃan,lexical-similarity-group:1,kim-ahmad-kim-sangma2011hajong[p. 40],,,hajong:3:hajong_bhalukapara:1
hajong_nokshi,,tʃan,moon,,tʃan,lexical-similarity-group:1,kim-ahmad-kim-sangma2011hajong[p. 40],,,hajong:3:hajong_nokshi:1
hajong_nugapara,,tʃan,moon,,tʃan,lexical-similarity-group:1,kim-ahmad-kim-sangma2011hajong[p. 40],,,hajong:3:hajong_nugapara:1
hajong_chilapara,,tʃan,moon,,tʃan,lexical-similarity-group:1,kim-ahmad-kim-sangma2011hajong[p. 40],,,hajong:3:hajong_chilapara:1
hajong_nirghini,,tʃan,moon,,tʃan,lexical-similarity-group:1,kim-ahmad-kim-sangma2011hajong[p. 40],,,hajong:3:hajong_nirghini:1
hajong_dalugau,,tʃan,moon,,tʃan,lexical-similarity-group:1,kim-ahmad-kim-sangma2011hajong[p. 40],,,hajong:3:hajong_dalugau:1
hajong_balachanda,,tʃan,moon,,tʃan,lexical-similarity-group:1,kim-ahmad-kim-sangma2011hajong[p. 40],,,hajong:3:hajong_balachanda:1
hajong_dhamor,,tʃan,moon,,tʃan,lexical-similarity-group:1,kim-ahmad-kim-sangma2011hajong[p. 40],,,hajong:3:hajong_dhamor:1
hajong_gopalbari,,taɾa,star,,taɾa,lexical-similarity-group:1,kim-ahmad-kim-sangma2011hajong[p. 40],,,hajong:4:hajong_gopalbari:1
hajong_gopalpur,,taɾa,star,,taɾa,lexical-similarity-group:1,kim-ahmad-kim-sangma2011hajong[p. 40],,,hajong:4:hajong_gopalpur:1
hajong_bhalukapara,,taɾa,star,,taɾa,lexical-similarity-group:1,kim-ahmad-kim-sangma2011hajong[p. 40],,,hajong:4:hajong_bhalukapara:1
hajong_nokshi,,taɾa,star,,taɾa,lexical-similarity-group:1,kim-ahmad-kim-sangma2011hajong[p. 40],,,hajong:4:hajong_nokshi:1
hajong_nugapara,,taɾa,star,,taɾa,lexical-similarity-group:1,kim-ahmad-kim-sangma2011hajong[p. 40],,,hajong:4:hajong_nugapara:1
hajong_chilapara,,taɾa,star,,taɾa,lexical-similarity-group:1,kim-ahmad-kim-sangma2011hajong[p. 40],,,hajong:4:hajong_chilapara:1
hajong_nirghini,,taɾa,star,,taɾa,lexical-similarity-group:1,kim-ahmad-kim-sangma2011hajong[p. 40],,,hajong:4:hajong_nirghini:1
hajong_dalugau,,taɾa,star,,taɾa,lexical-similarity-group:1,kim-ahmad-kim-sangma2011hajong[p. 40],,,hajong:4:hajong_dalugau:1
hajong_balachanda,,taɾa,star,,taɾa,lexical-similarity-group:1,kim-ahmad-kim-sangma2011hajong[p. 40],,,hajong:4:hajong_balachanda:1
hajong_dhamor,,taɾa,star,,taɾa,lexical-similarity-group:1,kim-ahmad-kim-sangma2011hajong[p. 40],,,hajong:4:hajong_dhamor:1
hajong_bhalukapara,,kaula,cloud,,kaula,lexical-similarity-group:1,kim-ahmad-kim-sangma2011hajong[p. 40],,,hajong:5:hajong_bhalukapara:1
hajong_nugapara,,kaula,cloud,,kaula,lexical-similarity-group:1,kim-ahmad-kim-sangma2011hajong[p. 40],,,hajong:5:hajong_nugapara:1
hajong_gopalbari,,mek,cloud,,mek,lexical-similarity-group:2,kim-ahmad-kim-sangma2011hajong[p. 40],,,hajong:5:hajong_gopalbari:1
hajong_nokshi,,mek,cloud,,mek,lexical-similarity-group:2,kim-ahmad-kim-sangma2011hajong[p. 40],,,hajong:5:hajong_nokshi:1
hajong_chilapara,,mek,cloud,,mek,lexical-similarity-group:2,kim-ahmad-kim-sangma2011hajong[p. 40],,,hajong:5:hajong_chilapara:1
hajong_dalugau,,mek,cloud,,mek,lexical-similarity-group:2,kim-ahmad-kim-sangma2011hajong[p. 40],,,hajong:5:hajong_dalugau:1
hajong_balachanda,,mek,cloud,,mek,lexical-similarity-group:2,kim-ahmad-kim-sangma2011hajong[p. 40],,,hajong:5:hajong_balachanda:1
hajong_dhamor,,mek,cloud,,mek,lexical-similarity-group:2,kim-ahmad-kim-sangma2011hajong[p. 40],,,hajong:5:hajong_dhamor:1
hajong_nirghini,,ap,cloud,,ap,lexical-similarity-group:3,kim-ahmad-kim-sangma2011hajong[p. 40],,,hajong:5:hajong_nirghini:1
hajong_dhamor,,ap,cloud,,ap,lexical-similarity-group:3,kim-ahmad-kim-sangma2011hajong[p. 40],,,hajong:5:hajong_dhamor:2
hajong_gopalpur,,has,cloud,,has,lexical-similarity-group:4,kim-ahmad-kim-sangma2011hajong[p. 40],,,hajong:5:hajong_gopalpur:1
hajong_gopalbari,,mek,rain,,mek,lexical-similarity-group:1,kim-ahmad-kim-sangma2011hajong[p. 40],,,hajong:6:hajong_gopalbari:1
hajong_gopalpur,,mek,rain,,mek,lexical-similarity-group:1,kim-ahmad-kim-sangma2011hajong[p. 40],,,hajong:6:hajong_gopalpur:1
hajong_bhalukapara,,mek,rain,,mek,lexical-similarity-group:1,kim-ahmad-kim-sangma2011hajong[p. 40],,,hajong:6:hajong_bhalukapara:1
hajong_nokshi,,mek,rain,,mek,lexical-similarity-group:1,kim-ahmad-kim-sangma2011hajong[p. 40],,,hajong:6:hajong_nokshi:1
hajong_nugapara,,mek,rain,,mek,lexical-similarity-group:1,kim-ahmad-kim-sangma2011hajong[p. 40],,,hajong:6:hajong_nugapara:1
hajong_nirghini,,mek,rain,,mek,lexical-similarity-group:1,kim-ahmad-kim-sangma2011hajong[p. 40],,,hajong:6:hajong_nirghini:1
hajong_dalugau,,mek,rain,,mek,lexical-similarity-group:1,kim-ahmad-kim-sangma2011hajong[p. 40],,,hajong:6:hajong_dalugau:1
hajong_chilapara,,mekpani,rain,,mekpani,lexical-similarity-group:1,kim-ahmad-kim-sangma2011hajong[p. 40],,,hajong:6:hajong_chilapara:1
hajong_dhamor,,mekpani,rain,,mekpani,lexical-similarity-group:1,kim-ahmad-kim-sangma2011hajong[p. 40],,,hajong:6:hajong_dhamor:1
hajong_chilapara,,mekpani,rain,,mekpani,lexical-similarity-group:2,kim-ahmad-kim-sangma2011hajong[p. 40],,,hajong:6:hajong_chilapara:2
hajong_dhamor,,mekpani,rain,,mekpani,lexical-similarity-group:2,kim-ahmad-kim-sangma2011hajong[p. 40],,,hajong:6:hajong_dhamor:2
hajong_balachanda,,pani,rain,,pani,lexical-similarity-group:2,kim-ahmad-kim-sangma2011hajong[p. 40],,,hajong:6:hajong_balachanda:1
hajong_chilapara,,ɾamdʰenu,rainbow,,ɾamdʰenu,lexical-similarity-group:1,kim-ahmad-kim-sangma2011hajong[p. 40],,,hajong:7:hajong_chilapara:1
hajong_dhamor,,ɾamdʰenu,rainbow,,ɾamdʰenu,lexical-similarity-group:1,kim-ahmad-kim-sangma2011hajong[p. 40],,,hajong:7:hajong_dhamor:1
hajong_nugapara,,ɾamdʰunu,rainbow,,ɾamdʰunu,lexical-similarity-group:1,kim-ahmad-kim-sangma2011hajong[p. 40],,,hajong:7:hajong_nugapara:1
hajong_nirghini,,ɾamdʰunu,rainbow,,ɾamdʰunu,lexical-similarity-group:1,kim-ahmad-kim-sangma2011hajong[p. 40],,,hajong:7:hajong_nirghini:1
hajong_dalugau,,ɾamdʰunu,rainbow,,ɾamdʰunu,lexical-similarity-group:1,kim-ahmad-kim-sangma2011hajong[p. 40],,,hajong:7:hajong_dalugau:1
hajong_balachanda,,ɾamdʰunu,rainbow,,ɾamdʰunu,lexical-similarity-group:1,kim-ahmad-kim-sangma2011hajong[p. 40],,,hajong:7:hajong_balachanda:1
hajong_bhalukapara,,ɾoŋdʰuni,rainbow,,ɾoŋdʰuni,lexical-similarity-group:1,kim-ahmad-kim-sangma2011hajong[p. 40],,,hajong:7:hajong_bhalukapara:1
hajong_nokshi,,ɾoŋdʰuni,rainbow,,ɾoŋdʰuni,lexical-similarity-group:1,kim-ahmad-kim-sangma2011hajong[p. 40],,,hajong:7:hajong_nokshi:1
hajong_gopalbari,,baɡdʰunu,rainbow,,baɡdʰunu,lexical-similarity-group:2,kim-ahmad-kim-sangma2011hajong[p. 40],,,hajong:7:hajong_gopalbari:1
hajong_gopalpur,,baɡdʰunu,rainbow,,baɡdʰunu,lexical-similarity-group:2,kim-ahmad-kim-sangma2011hajong[p. 40],,,hajong:7:hajong_gopalpur:1
hajong_nugapara,,batas,wind,,batas,lexical-similarity-group:1,kim-ahmad-kim-sangma2011hajong[p. 40],,,hajong:8:hajong_nugapara:1
hajong_chilapara,,batas,wind,,batas,lexical-similarity-group:1,kim-ahmad-kim-sangma2011hajong[p. 40],,,hajong:8:hajong_chilapara:1
hajong_nirghini,,batas,wind,,batas,lexical-similarity-group:1,kim-ahmad-kim-sangma2011hajong[p. 40],,,hajong:8:hajong_nirghini:1
hajong_dalugau,,batas,wind,,batas,lexical-similarity-group:1,kim-ahmad-kim-sangma2011hajong[p. 40],,,hajong:8:hajong_dalugau:1
hajong_balachanda,,batas,wind,,batas,lexical-similarity-group:1,kim-ahmad-kim-sangma2011hajong[p. 40],,,hajong:8:hajong_balachanda:1
hajong_dhamor,,batas,wind,,batas,lexical-similarity-group:1,kim-ahmad-kim-sangma2011hajong[p. 40],,,hajong:8:hajong_dhamor:1
hajong_gopalbari,,bataʃ,wind,,bataʃ,lexical-similarity-group:1,kim-ahmad-kim-sangma2011hajong[p. 40],,,hajong:8:hajong_gopalbari:1
hajong_gopalpur,,bataʃ,wind,,bataʃ,lexical-similarity-group:1,kim-ahmad-kim-sangma2011hajong[p. 40],,,hajong:8:hajong_gopalpur:1
hajong_bhalukapara,,bataʃ,wind,,bataʃ,lexical-similarity-group:1,kim-ahmad-kim-sangma2011hajong[p. 40],,,hajong:8:hajong_bhalukapara:1
hajong_nokshi,,bataʃ,wind,,bataʃ,lexical-similarity-group:1,kim-ahmad-kim-sangma2011hajong[p. 40],,,hajong:8:hajong_nokshi:1
hajong_gopalbari,,dintʃilkai,lightning,,dintʃilkai,lexical-similarity-group:1,kim-ahmad-kim-sangma2011hajong[p. 40],,,hajong:9:hajong_gopalbari:1
hajong_bhalukapara,,dintʃilkai,lightning,,dintʃilkai,lexical-similarity-group:1,kim-ahmad-kim-sangma2011hajong[p. 40],,,hajong:9:hajong_bhalukapara:1
hajong_nugapara,,dintʃilkai,lightning,,dintʃilkai,lexical-similarity-group:1,kim-ahmad-kim-sangma2011hajong[p. 40],,,hajong:9:hajong_nugapara:1
hajong_chilapara,,dintʃilkai,lightning,,dintʃilkai,lexical-similarity-group:1,kim-ahmad-kim-sangma2011hajong[p. 40],,,hajong:9:hajong_chilapara:1
hajong_nirghini,,dintʃilkai,lightning,,dintʃilkai,lexical-similarity-group:1,kim-ahmad-kim-sangma2011hajong[p. 40],,,hajong:9:hajong_nirghini:1
hajong_dhamor,,dintʃilkai,lightning,,dintʃilkai,lexical-similarity-group:1,kim-ahmad-kim-sangma2011hajong[p. 40],,,hajong:9:hajong_dhamor:1
hajong_dalugau,,dintʃilkawa,lightning,,dintʃilkawa,lexical-similarity-group:1,kim-ahmad-kim-sangma2011hajong[p. 40],,,hajong:9:hajong_dalugau:1
hajong_gopalpur,,tʃilkɯi,lightning,,tʃilkɯi,lexical-similarity-group:1,kim-ahmad-kim-sangma2011hajong[p. 40],,,hajong:9:hajong_gopalpur:1
hajong_nokshi,,tʃilkɯi,lightning,,tʃilkɯi,lexical-similarity-group:1,kim-ahmad-kim-sangma2011hajong[p. 40],,,hajong:9:hajong_nokshi:1
hajong_balachanda,,tʃilkani,lightning,,tʃilkani,lexical-similarity-group:1,kim-ahmad-kim-sangma2011hajong[p. 40],,,hajong:9:hajong_balachanda:1
hajong_dalugau,,dindʰukɾiwa,thunder,,dindʰukɾiwa,lexical-similarity-group:1,kim-ahmad-kim-sangma2011hajong[p. 40],,,hajong:10:hajong_dalugau:1
hajong_bhalukapara,,dindokɾe,thunder,,dindokɾe,lexical-similarity-group:1,kim-ahmad-kim-sangma2011hajong[p. 40],,,hajong:10:hajong_bhalukapara:1
hajong_nokshi,,dindokɾe,thunder,,dindokɾe,lexical-similarity-group:1,kim-ahmad-kim-sangma2011hajong[p. 40],,,hajong:10:hajong_nokshi:1
hajong_nugapara,,dindokɾe,thunder,,dindokɾe,lexical-similarity-group:1,kim-ahmad-kim-sangma2011hajong[p. 40],,,hajong:10:hajong_nugapara:1
hajong_nirghini,,dindokɾe,thunder,,dindokɾe,lexical-similarity-group:1,kim-ahmad-kim-sangma2011hajong[p. 40],,,hajong:10:hajong_nirghini:1
hajong_dhamor,,dindokɾe,thunder,,dindokɾe,lexical-similarity-group:1,kim-ahmad-kim-sangma2011hajong[p. 40],,,hajong:10:hajong_dhamor:1
hajong_gopalpur,,dokre,thunder,,dokre,lexical-similarity-group:1,kim-ahmad-kim-sangma2011hajong[p. 40],,,hajong:10:hajong_gopalpur:1
hajong_chilapara,,tʃoɾok,thunder,,tʃoɾok,lexical-similarity-group:2,kim-ahmad-kim-sangma2011hajong[p. 40],,,hajong:10:hajong_chilapara:1
hajong_balachanda,,tʃoɾok,thunder,,tʃoɾok,lexical-similarity-group:2,kim-ahmad-kim-sangma2011hajong[p. 40],,,hajong:10:hajong_balachanda:1
hajong_nirghini,,hapdo,thunder,,hapdo,lexical-similarity-group:3,kim-ahmad-kim-sangma2011hajong[p. 40],,,hajong:10:hajong_nirghini:2
hajong_gopalbari,,ʈʰaʈa,thunder,,ʈʰaʈa,lexical-similarity-group:5,kim-ahmad-kim-sangma2011hajong[p. 40],,,hajong:10:hajong_gopalbari:1
hajong_gopalbari,,ʃaɡor,sea,,ʃaɡor,lexical-similarity-group:1,kim-ahmad-kim-sangma2011hajong[p. 40],,,hajong:11:hajong_gopalbari:1
hajong_gopalpur,,ʃaɡor,sea,,ʃaɡor,lexical-similarity-group:1,kim-ahmad-kim-sangma2011hajong[p. 40],,,hajong:11:hajong_gopalpur:1
hajong_bhalukapara,,ʃaɡor,sea,,ʃaɡor,lexical-similarity-group:1,kim-ahmad-kim-sangma2011hajong[p. 40],,,hajong:11:hajong_bhalukapara:1
hajong_nokshi,,ʃaɡor,sea,,ʃaɡor,lexical-similarity-group:1,kim-ahmad-kim-sangma2011hajong[p. 40],,,hajong:11:hajong_nokshi:1
hajong_nugapara,,saɡor,sea,,saɡor,lexical-similarity-group:1,kim-ahmad-kim-sangma2011hajong[p. 40],,,hajong:11:hajong_nugapara:1
hajong_chilapara,,saɡor,sea,,saɡor,lexical-similarity-group:1,kim-ahmad-kim-sangma2011hajong[p. 40],,,hajong:11:hajong_chilapara:1
hajong_nirghini,,saɡor,sea,,saɡor,lexical-similarity-group:1,kim-ahmad-kim-sangma2011hajong[p. 40],,,hajong:11:hajong_nirghini:1
hajong_dalugau,,saɡor,sea,,saɡor,lexical-similarity-group:1,kim-ahmad-kim-sangma2011hajong[p. 40],,,hajong:11:hajong_dalugau:1
hajong_balachanda,,saɡor,sea,,saɡor,lexical-similarity-group:1,kim-ahmad-kim-sangma2011hajong[p. 40],,,hajong:11:hajong_balachanda:1
hajong_dhamor,,saɡor,sea,,saɡor,lexical-similarity-group:1,kim-ahmad-kim-sangma2011hajong[p. 40],,,hajong:11:hajong_dhamor:1
hajong_nugapara,,panidaŋor,sea,,panidaŋor,lexical-similarity-group:3,kim-ahmad-kim-sangma2011hajong[p. 40],,,hajong:11:hajong_nugapara:2
hajong_gopalbari,,pahaɾ,mountain,,pahaɾ,lexical-similarity-group:1,kim-ahmad-kim-sangma2011hajong[p. 40],,,hajong:12:hajong_gopalbari:1
hajong_gopalpur,,pahaɾ,mountain,,pahaɾ,lexical-similarity-group:1,kim-ahmad-kim-sangma2011hajong[p. 40],,,hajong:12:hajong_gopalpur:1
hajong_bhalukapara,,pahaɾ,mountain,,pahaɾ,lexical-similarity-group:1,kim-ahmad-kim-sangma2011hajong[p. 40],,,hajong:12:hajong_bhalukapara:1
hajong_nokshi,,pahaɾ,mountain,,pahaɾ,lexical-similarity-group:1,kim-ahmad-kim-sangma2011hajong[p. 40],,,hajong:12:hajong_nokshi:1
hajong_nugapara,,pahaɾ,mountain,,pahaɾ,lexical-similarity-group:1,kim-ahmad-kim-sangma2011hajong[p. 40],,,hajong:12:hajong_nugapara:1
hajong_nirghini,,pahaɾ,mountain,,pahaɾ,lexical-similarity-group:1,kim-ahmad-kim-sangma2011hajong[p. 40],,,hajong:12:hajong_nirghini:1
hajong_dalugau,,pahaɾ,mountain,,pahaɾ,lexical-similarity-group:1,kim-ahmad-kim-sangma2011hajong[p. 40],,,hajong:12:hajong_dalugau:1
hajong_balachanda,,pahaɾ,mountain,,pahaɾ,lexical-similarity-group:1,kim-ahmad-kim-sangma2011hajong[p. 40],,,hajong:12:hajong_balachanda:1
hajong_dhamor,,pahaɾ,mountain,,pahaɾ,lexical-similarity-group:1,kim-ahmad-kim-sangma2011hajong[p. 40],,,hajong:12:hajong_dhamor:1
hajong_chilapara,,poɾbut,mountain,,poɾbut,lexical-similarity-group:2,kim-ahmad-kim-sangma2011hajong[p. 40],,,hajong:12:hajong_chilapara:1
hajong_gopalbari,,daha,mountain,,daha,lexical-similarity-group:3,kim-ahmad-kim-sangma2011hajong[p. 40],,,hajong:12:hajong_gopalbari:2
hajong_gopalpur,,daha,mountain,,daha,lexical-similarity-group:3,kim-ahmad-kim-sangma2011hajong[p. 40],,,hajong:12:hajong_gopalpur:2
hajong_bhalukapara,,daha,mountain,,daha,lexical-similarity-group:3,kim-ahmad-kim-sangma2011hajong[p. 40],,,hajong:12:hajong_bhalukapara:2
hajong_nokshi,,daha,mountain,,daha,lexical-similarity-group:3,kim-ahmad-kim-sangma2011hajong[p. 40],,,hajong:12:hajong_nokshi:2
hajong_gopalbari,,pani,water,,pani,lexical-similarity-group:1,kim-ahmad-kim-sangma2011hajong[p. 40],,,hajong:13:hajong_gopalbari:1
hajong_gopalpur,,pani,water,,pani,lexical-similarity-group:1,kim-ahmad-kim-sangma2011hajong[p. 40],,,hajong:13:hajong_gopalpur:1
hajong_bhalukapara,,pani,water,,pani,lexical-similarity-group:1,kim-ahmad-kim-sangma2011hajong[p. 40],,,hajong:13:hajong_bhalukapara:1
hajong_nokshi,,pani,water,,pani,lexical-similarity-group:1,kim-ahmad-kim-sangma2011hajong[p. 40],,,hajong:13:hajong_nokshi:1
hajong_nugapara,,pani,water,,pani,lexical-similarity-group:1,kim-ahmad-kim-sangma2011hajong[p. 40],,,hajong:13:hajong_nugapara:1
hajong_chilapara,,pani,water,,pani,lexical-similarity-group:1,kim-ahmad-kim-sangma2011hajong[p. 40],,,hajong:13:hajong_chilapara:1
hajong_nirghini,,pani,water,,pani,lexical-similarity-group:1,kim-ahmad-kim-sangma2011hajong[p. 40],,,hajong:13:hajong_nirghini:1
hajong_dalugau,,pani,water,,pani,lexical-similarity-group:1,kim-ahmad-kim-sangma2011hajong[p. 40],,,hajong:13:hajong_dalugau:1
hajong_balachanda,,pani,water,,pani,lexical-similarity-group:1,kim-ahmad-kim-sangma2011hajong[p. 40],,,hajong:13:hajong_balachanda:1
hajong_dhamor,,pani,water,,pani,lexical-similarity-group:1,kim-ahmad-kim-sangma2011hajong[p. 40],,,hajong:13:hajong_dhamor:1
hajong_gopalbari,,ɡaŋ,river,,ɡaŋ,lexical-similarity-group:1,kim-ahmad-kim-sangma2011hajong[p. 40],,,hajong:14:hajong_gopalbari:1
hajong_gopalpur,,ɡaŋ,river,,ɡaŋ,lexical-similarity-group:1,kim-ahmad-kim-sangma2011hajong[p. 40],,,hajong:14:hajong_gopalpur:1
hajong_bhalukapara,,ɡaŋ,river,,ɡaŋ,lexical-similarity-group:1,kim-ahmad-kim-sangma2011hajong[p. 40],,,hajong:14:hajong_bhalukapara:1
hajong_nokshi,,ɡaŋ,river,,ɡaŋ,lexical-similarity-group:1,kim-ahmad-kim-sangma2011hajong[p. 40],,,hajong:14:hajong_nokshi:1
hajong_nugapara,,ɡaŋ,river,,ɡaŋ,lexical-similarity-group:1,kim-ahmad-kim-sangma2011hajong[p. 40],,,hajong:14:hajong_nugapara:1
hajong_nirghini,,ɡaŋ,river,,ɡaŋ,lexical-similarity-group:1,kim-ahmad-kim-sangma2011hajong[p. 40],,,hajong:14:hajong_nirghini:1
hajong_dalugau,,ɡaŋ,river,,ɡaŋ,lexical-similarity-group:1,kim-ahmad-kim-sangma2011hajong[p. 40],,,hajong:14:hajong_dalugau:1
hajong_dhamor,,ɡaŋ,river,,ɡaŋ,lexical-similarity-group:1,kim-ahmad-kim-sangma2011hajong[p. 40],,,hajong:14:hajong_dhamor:1
hajong_nugapara,,nodi,river,,nodi,lexical-similarity-group:2,kim-ahmad-kim-sangma2011hajong[p. 40],,,hajong:14:hajong_nugapara:2
hajong_chilapara,,nodi,river,,nodi,lexical-similarity-group:2,kim-ahmad-kim-sangma2011hajong[p. 40],,,hajong:14:hajong_chilapara:1
hajong_dalugau,,nodi,river,,nodi,lexical-similarity-group:2,kim-ahmad-kim-sangma2011hajong[p. 40],,,hajong:14:hajong_dalugau:2
hajong_balachanda,,nodi,river,,nodi,lexical-similarity-group:2,kim-ahmad-kim-sangma2011hajong[p. 40],,,hajong:14:hajong_balachanda:1
hajong_nugapara,,nala,river,,nala,lexical-similarity-group:3,kim-ahmad-kim-sangma2011hajong[p. 40],,,hajong:14:hajong_nugapara:3
hajong_gopalbari,,mati,soil/ground,,mati,lexical-similarity-group:1,kim-ahmad-kim-sangma2011hajong[p. 40],,,hajong:15:hajong_gopalbari:1
hajong_gopalpur,,mati,soil/ground,,mati,lexical-similarity-group:1,kim-ahmad-kim-sangma2011hajong[p. 40],,,hajong:15:hajong_gopalpur:1
hajong_bhalukapara,,mati,soil/ground,,mati,lexical-similarity-group:1,kim-ahmad-kim-sangma2011hajong[p. 40],,,hajong:15:hajong_bhalukapara:1
hajong_nokshi,,mati,soil/ground,,mati,lexical-similarity-group:1,kim-ahmad-kim-sangma2011hajong[p. 40],,,hajong:15:hajong_nokshi:1
hajong_nugapara,,mati,soil/ground,,mati,lexical-similarity-group:1,kim-ahmad-kim-sangma2011hajong[p. 40],,,hajong:15:hajong_nugapara:1
hajong_chilapara,,mati,soil/ground,,mati,lexical-similarity-group:1,kim-ahmad-kim-sangma2011hajong[p. 40],,,hajong:15:hajong_chilapara:1
hajong_nirghini,,mati,soil/ground,,mati,lexical-similarity-group:1,kim-ahmad-kim-sangma2011hajong[p. 40],,,hajong:15:hajong_nirghini:1
hajong_dalugau,,mati,soil/ground,,mati,lexical-similarity-group:1,kim-ahmad-kim-sangma2011hajong[p. 40],,,hajong:15:hajong_dalugau:1
hajong_balachanda,,mati,soil/ground,,mati,lexical-similarity-group:1,kim-ahmad-kim-sangma2011hajong[p. 40],,,hajong:15:hajong_balachanda:1
hajong_dhamor,,mati,soil/ground,,mati,lexical-similarity-group:1,kim-ahmad-kim-sangma2011hajong[p. 40],,,hajong:15:hajong_dhamor:1
hajong_balachanda,,kado,mud,,kado,lexical-similarity-group:1,kim-ahmad-kim-sangma2011hajong[p. 41],,,hajong:16:hajong_balachanda:1
hajong_gopalbari,,kadoŋ,mud,,kadoŋ,lexical-similarity-group:1,kim-ahmad-kim-sangma2011hajong[p. 41],,,hajong:16:hajong_gopalbari:1
hajong_gopalpur,,kadoŋ,mud,,kadoŋ,lexical-similarity-group:1,kim-ahmad-kim-sangma2011hajong[p. 41],,,hajong:16:hajong_gopalpur:1
hajong_bhalukapara,,kadoŋ,mud,,kadoŋ,lexical-similarity-group:1,kim-ahmad-kim-sangma2011hajong[p. 41],,,hajong:16:hajong_bhalukapara:1
hajong_nokshi,,kadoŋ,mud,,kadoŋ,lexical-similarity-group:1,kim-ahmad-kim-sangma2011hajong[p. 41],,,hajong:16:hajong_nokshi:1
hajong_nugapara,,kadoŋ,mud,,kadoŋ,lexical-similarity-group:1,kim-ahmad-kim-sangma2011hajong[p. 41],,,hajong:16:hajong_nugapara:1
hajong_chilapara,,kadoŋ,mud,,kadoŋ,lexical-similarity-group:1,kim-ahmad-kim-sangma2011hajong[p. 41],,,hajong:16:hajong_chilapara:1
hajong_nirghini,,kadoŋ,mud,,kadoŋ,lexical-similarity-group:1,kim-ahmad-kim-sangma2011hajong[p. 41],,,hajong:16:hajong_nirghini:1
hajong_dalugau,,kadoŋ,mud,,kadoŋ,lexical-similarity-group:1,kim-ahmad-kim-sangma2011hajong[p. 41],,,hajong:16:hajong_dalugau:1
hajong_dhamor,,kadoŋ,mud,,kadoŋ,lexical-similarity-group:1,kim-ahmad-kim-sangma2011hajong[p. 41],,,hajong:16:hajong_dhamor:1
hajong_nugapara,,dʰula,dust,,dʰula,lexical-similarity-group:1,kim-ahmad-kim-sangma2011hajong[p. 41],,,hajong:17:hajong_nugapara:1
hajong_chilapara,,dʰula,dust,,dʰula,lexical-similarity-group:1,kim-ahmad-kim-sangma2011hajong[p. 41],,,hajong:17:hajong_chilapara:1
hajong_nirghini,,dʰula,dust,,dʰula,lexical-similarity-group:1,kim-ahmad-kim-sangma2011hajong[p. 41],,,hajong:17:hajong_nirghini:1
hajong_dalugau,,dʰula,dust,,dʰula,lexical-similarity-group:1,kim-ahmad-kim-sangma2011hajong[p. 41],,,hajong:17:hajong_dalugau:1
hajong_balachanda,,dʰula,dust,,dʰula,lexical-similarity-group:1,kim-ahmad-kim-sangma2011hajong[p. 41],,,hajong:17:hajong_balachanda:1
hajong_dhamor,,dʰula,dust,,dʰula,lexical-similarity-group:1,kim-ahmad-kim-sangma2011hajong[p. 41],,,hajong:17:hajong_dhamor:1
hajong_gopalbari,,dʰulɯ,dust,,dʰulɯ,lexical-similarity-group:1,kim-ahmad-kim-sangma2011hajong[p. 41],,,hajong:17:hajong_gopalbari:1
hajong_gopalpur,,dʰulɯ,dust,,dʰulɯ,lexical-similarity-group:1,kim-ahmad-kim-sangma2011hajong[p. 41],,,hajong:17:hajong_gopalpur:1
hajong_bhalukapara,,dʰulɯ,dust,,dʰulɯ,lexical-similarity-group:1,kim-ahmad-kim-sangma2011hajong[p. 41],,,hajong:17:hajong_bhalukapara:1
hajong_nokshi,,dʰulɯ,dust,,dʰulɯ,lexical-similarity-group:1,kim-ahmad-kim-sangma2011hajong[p. 41],,,hajong:17:hajong_nokshi:1
hajong_balachanda,,patʰaɾ,stone,,patʰaɾ,lexical-similarity-group:1,kim-ahmad-kim-sangma2011hajong[p. 41],,,hajong:18:hajong_balachanda:1
hajong_dhamor,,patʰaɾ,stone,,patʰaɾ,lexical-similarity-group:1,kim-ahmad-kim-sangma2011hajong[p. 41],,,hajong:18:hajong_dhamor:1
hajong_gopalbari,,patʰor,stone,,patʰor,lexical-similarity-group:1,kim-ahmad-kim-sangma2011hajong[p. 41],,,hajong:18:hajong_gopalbari:1
hajong_gopalpur,,patʰor,stone,,patʰor,lexical-similarity-group:1,kim-ahmad-kim-sangma2011hajong[p. 41],,,hajong:18:hajong_gopalpur:1
hajong_bhalukapara,,patʰor,stone,,patʰor,lexical-similarity-group:1,kim-ahmad-kim-sangma2011hajong[p. 41],,,hajong:18:hajong_bhalukapara:1
hajong_nokshi,,patʰor,stone,,patʰor,lexical-similarity-group:1,kim-ahmad-kim-sangma2011hajong[p. 41],,,hajong:18:hajong_nokshi:1
hajong_nugapara,,patʰur,stone,,patʰur,lexical-similarity-group:1,kim-ahmad-kim-sangma2011hajong[p. 41],,,hajong:18:hajong_nugapara:1
hajong_nirghini,,patʰur,stone,,patʰur,lexical-similarity-group:1,kim-ahmad-kim-sangma2011hajong[p. 41],,,hajong:18:hajong_nirghini:1
hajong_dalugau,,patʰur,stone,,patʰur,lexical-similarity-group:1,kim-ahmad-kim-sangma2011hajong[p. 41],,,hajong:18:hajong_dalugau:1
hajong_gopalbari,,hil,stone,,hil,lexical-similarity-group:2,kim-ahmad-kim-sangma2011hajong[p. 41],,,hajong:18:hajong_gopalbari:2
hajong_gopalpur,,hil,stone,,hil,lexical-similarity-group:2,kim-ahmad-kim-sangma2011hajong[p. 41],,,hajong:18:hajong_gopalpur:2
hajong_bhalukapara,,hil,stone,,hil,lexical-similarity-group:2,kim-ahmad-kim-sangma2011hajong[p. 41],,,hajong:18:hajong_bhalukapara:2
hajong_nokshi,,hil,stone,,hil,lexical-similarity-group:2,kim-ahmad-kim-sangma2011hajong[p. 41],,,hajong:18:hajong_nokshi:2
hajong_chilapara,,hil,stone,,hil,lexical-similarity-group:2,kim-ahmad-kim-sangma2011hajong[p. 41],,,hajong:18:hajong_chilapara:1
hajong_balachanda,,sil,stone,,sil,lexical-similarity-group:3,kim-ahmad-kim-sangma2011hajong[p. 41],,,hajong:18:hajong_balachanda:2
hajong_bhalukapara,,balu,sand,,balu,lexical-similarity-group:1,kim-ahmad-kim-sangma2011hajong[p. 41],,,hajong:19:hajong_bhalukapara:1
hajong_nugapara,,balu,sand,,balu,lexical-similarity-group:1,kim-ahmad-kim-sangma2011hajong[p. 41],,,hajong:19:hajong_nugapara:1
hajong_chilapara,,balu,sand,,balu,lexical-similarity-group:1,kim-ahmad-kim-sangma2011hajong[p. 41],,,hajong:19:hajong_chilapara:1
hajong_nirghini,,balu,sand,,balu,lexical-similarity-group:1,kim-ahmad-kim-sangma2011hajong[p. 41],,,hajong:19:hajong_nirghini:1
hajong_balachanda,,balu,sand,,balu,lexical-similarity-group:1,kim-ahmad-kim-sangma2011hajong[p. 41],,,hajong:19:hajong_balachanda:1
hajong_dhamor,,balu,sand,,balu,lexical-similarity-group:1,kim-ahmad-kim-sangma2011hajong[p. 41],,,hajong:19:hajong_dhamor:1
hajong_dalugau,,balumati,sand,,balumati,lexical-similarity-group:1,kim-ahmad-kim-sangma2011hajong[p. 41],,,hajong:19:hajong_dalugau:1
hajong_gopalbari,,bɯlo,sand,,bɯlo,lexical-similarity-group:1,kim-ahmad-kim-sangma2011hajong[p. 41],,,hajong:19:hajong_gopalbari:1
hajong_nokshi,,bɯlɯ,sand,,bɯlɯ,lexical-similarity-group:1,kim-ahmad-kim-sangma2011hajong[p. 41],,,hajong:19:hajong_nokshi:1
hajong_gopalpur,,bɯlua̯,sand,,bɯlua̯,lexical-similarity-group:1,kim-ahmad-kim-sangma2011hajong[p. 41],,,hajong:19:hajong_gopalpur:1
hajong_gopalbari,,ʃona,gold,,ʃona,lexical-similarity-group:1,kim-ahmad-kim-sangma2011hajong[p. 41],,,hajong:20:hajong_gopalbari:1
hajong_gopalpur,,ʃona,gold,,ʃona,lexical-similarity-group:1,kim-ahmad-kim-sangma2011hajong[p. 41],,,hajong:20:hajong_gopalpur:1
hajong_bhalukapara,,ʃona,gold,,ʃona,lexical-similarity-group:1,kim-ahmad-kim-sangma2011hajong[p. 41],,,hajong:20:hajong_bhalukapara:1
hajong_nokshi,,ʃona,gold,,ʃona,lexical-similarity-group:1,kim-ahmad-kim-sangma2011hajong[p. 41],,,hajong:20:hajong_nokshi:1
hajong_chilapara,,ʃuna,gold,,ʃuna,lexical-similarity-group:1,kim-ahmad-kim-sangma2011hajong[p. 41],,,hajong:20:hajong_chilapara:1
hajong_nugapara,,sona,gold,,sona,lexical-similarity-group:1,kim-ahmad-kim-sangma2011hajong[p. 41],,,hajong:20:hajong_nugapara:1
hajong_nirghini,,sona,gold,,sona,lexical-similarity-group:1,kim-ahmad-kim-sangma2011hajong[p. 41],,,hajong:20:hajong_nirghini:1
hajong_dalugau,,sona,gold,,sona,lexical-similarity-group:1,kim-ahmad-kim-sangma2011hajong[p. 41],,,hajong:20:hajong_dalugau:1
hajong_balachanda,,sona,gold,,sona,lexical-similarity-group:1,kim-ahmad-kim-sangma2011hajong[p. 41],,,hajong:20:hajong_balachanda:1
hajong_dhamor,,sona,gold,,sona,lexical-similarity-group:1,kim-ahmad-kim-sangma2011hajong[p. 41],,,hajong:20:hajong_dhamor:1
hajong_chilapara,,ɾupa,silver,,ɾupa,lexical-similarity-group:1,kim-ahmad-kim-sangma2011hajong[p. 41],,,hajong:21:hajong_chilapara:1
hajong_nirghini,,ɾupa,silver,,ɾupa,lexical-similarity-group:1,kim-ahmad-kim-sangma2011hajong[p. 41],,,hajong:21:hajong_nirghini:1
hajong_dalugau,,ɾupa,silver,,ɾupa,lexical-similarity-group:1,kim-ahmad-kim-sangma2011hajong[p. 41],,,hajong:21:hajong_dalugau:1
hajong_dhamor,,ɾupa,silver,,ɾupa,lexical-similarity-group:1,kim-ahmad-kim-sangma2011hajong[p. 41],,,hajong:21:hajong_dhamor:1
hajong_nugapara,,ɾupə,silver,,ɾupə,lexical-similarity-group:1,kim-ahmad-kim-sangma2011hajong[p. 41],,,hajong:21:hajong_nugapara:1
hajong_balachanda,,ɾupə,silver,,ɾupə,lexical-similarity-group:1,kim-ahmad-kim-sangma2011hajong[p. 41],,,hajong:21:hajong_balachanda:1
hajong_gopalbari,,ɾupɯ,silver,,ɾupɯ,lexical-similarity-group:1,kim-ahmad-kim-sangma2011hajong[p. 41],,,hajong:21:hajong_gopalbari:1
hajong_gopalpur,,ɾupɯ,silver,,ɾupɯ,lexical-similarity-group:1,kim-ahmad-kim-sangma2011hajong[p. 41],,,hajong:21:hajong_gopalpur:1
hajong_bhalukapara,,ɾupɯ,silver,,ɾupɯ,lexical-similarity-group:1,kim-ahmad-kim-sangma2011hajong[p. 41],,,hajong:21:hajong_bhalukapara:1
hajong_nokshi,,ɾupɯ,silver,,ɾupɯ,lexical-similarity-group:1,kim-ahmad-kim-sangma2011hajong[p. 41],,,hajong:21:hajong_nokshi:1
hajong_nugapara,,aska,today,,aska,lexical-similarity-group:1,kim-ahmad-kim-sangma2011hajong[p. 41],,,hajong:22:hajong_nugapara:1
hajong_dalugau,,askə,today,,askə,lexical-similarity-group:1,kim-ahmad-kim-sangma2011hajong[p. 41],,,hajong:22:hajong_dalugau:1
hajong_gopalpur,,aɖʒikɯ,today,,aɖʒikɯ,lexical-similarity-group:2,kim-ahmad-kim-sangma2011hajong[p. 41],,,hajong:22:hajong_gopalpur:1
hajong_bhalukapara,,aɖʒikɯ,today,,aɖʒikɯ,lexical-similarity-group:2,kim-ahmad-kim-sangma2011hajong[p. 41],,,hajong:22:hajong_bhalukapara:1
hajong_nokshi,,aɖʒikɯ,today,,aɖʒikɯ,lexical-similarity-group:2,kim-ahmad-kim-sangma2011hajong[p. 41],,,hajong:22:hajong_nokshi:1
hajong_gopalbari,,adʒ,today,,adʒ,lexical-similarity-group:2,kim-ahmad-kim-sangma2011hajong[p. 41],,,hajong:22:hajong_gopalbari:1
hajong_chilapara,,adʒi,today,,adʒi,lexical-similarity-group:2,kim-ahmad-kim-sangma2011hajong[p. 41],,,hajong:22:hajong_chilapara:1
hajong_nirghini,,adʒi,today,,adʒi,lexical-similarity-group:2,kim-ahmad-kim-sangma2011hajong[p. 41],,,hajong:22:hajong_nirghini:1
hajong_dhamor,,adʒi,today,,adʒi,lexical-similarity-group:2,kim-ahmad-kim-sangma2011hajong[p. 41],,,hajong:22:hajong_dhamor:1
hajong_balachanda,,adʒikə,today,,adʒikə,lexical-similarity-group:2,kim-ahmad-kim-sangma2011hajong[p. 41],,,hajong:22:hajong_balachanda:1
hajong_nugapara,,dʒawakalka,yesterday,,dʒawakalka,lexical-similarity-group:1,kim-ahmad-kim-sangma2011hajong[p. 41],,,hajong:23:hajong_nugapara:1
hajong_nirghini,,dʒawakalka,yesterday,,dʒawakalka,lexical-similarity-group:1,kim-ahmad-kim-sangma2011hajong[p. 41],,,hajong:23:hajong_nirghini:1
hajong_dalugau,,dʒawakalka,yesterday,,dʒawakalka,lexical-similarity-group:1,kim-ahmad-kim-sangma2011hajong[p. 41],,,hajong:23:hajong_dalugau:1
hajong_balachanda,,dʒawakalka,yesterday,,dʒawakalka,lexical-similarity-group:1,kim-ahmad-kim-sangma2011hajong[p. 41],,,hajong:23:hajong_balachanda:1
hajong_chilapara,,kalka,yesterday,,kalka,lexical-similarity-group:1,kim-ahmad-kim-sangma2011hajong[p. 41],,,hajong:23:hajong_chilapara:1
hajong_dhamor,,kalka,yesterday,,kalka,lexical-similarity-group:1,kim-ahmad-kim-sangma2011hajong[p. 41],,,hajong:23:hajong_dhamor:1
hajong_gopalbari,,kɯlkɯ,yesterday,,kɯlkɯ,lexical-similarity-group:1,kim-ahmad-kim-sangma2011hajong[p. 41],,,hajong:23:hajong_gopalbari:1
hajong_gopalpur,,kɯlkɯ,yesterday,,kɯlkɯ,lexical-similarity-group:1,kim-ahmad-kim-sangma2011hajong[p. 41],,,hajong:23:hajong_gopalpur:1
hajong_bhalukapara,,kɯlkɯ,yesterday,,kɯlkɯ,lexical-similarity-group:1,kim-ahmad-kim-sangma2011hajong[p. 41],,,hajong:23:hajong_bhalukapara:1
hajong_nokshi,,kɯlkɯ,yesterday,,kɯlkɯ,lexical-similarity-group:1,kim-ahmad-kim-sangma2011hajong[p. 41],,,hajong:23:hajong_nokshi:1
hajong_nugapara,,puhanine,yesterday,,puhanine,lexical-similarity-group:2,kim-ahmad-kim-sangma2011hajong[p. 41],,,hajong:23:hajong_nugapara:2
hajong_chilapara,,ahakalka,tomorrow,,ahakalka,lexical-similarity-group:1,kim-ahmad-kim-sangma2011hajong[p. 41],,,hajong:24:hajong_chilapara:1
hajong_nirghini,,ahakalka,tomorrow,,ahakalka,lexical-similarity-group:1,kim-ahmad-kim-sangma2011hajong[p. 41],,,hajong:24:hajong_nirghini:1
hajong_balachanda,,ahakalka,tomorrow,,ahakalka,lexical-similarity-group:1,kim-ahmad-kim-sangma2011hajong[p. 41],,,hajong:24:hajong_balachanda:1
hajong_nugapara,,kalka,tomorrow,,kalka,lexical-similarity-group:1,kim-ahmad-kim-sangma2011hajong[p. 41],,,hajong:24:hajong_nugapara:1
hajong_dalugau,,kalka,tomorrow,,kalka,lexical-similarity-group:1,kim-ahmad-kim-sangma2011hajong[p. 41],,,hajong:24:hajong_dalugau:1
hajong_gopalbari,,kɯlkɯ,tomorrow,,kɯlkɯ,lexical-similarity-group:1,kim-ahmad-kim-sangma2011hajong[p. 41],,,hajong:24:hajong_gopalbari:1
hajong_gopalpur,,kɯlkɯ,tomorrow,,kɯlkɯ,lexical-similarity-group:1,kim-ahmad-kim-sangma2011hajong[p. 41],,,hajong:24:hajong_gopalpur:1
hajong_bhalukapara,,kɯlkɯ,tomorrow,,kɯlkɯ,lexical-similarity-group:1,kim-ahmad-kim-sangma2011hajong[p. 41],,,hajong:24:hajong_bhalukapara:1
hajong_nokshi,,kɯlkɯ,tomorrow,,kɯlkɯ,lexical-similarity-group:1,kim-ahmad-kim-sangma2011hajong[p. 41],,,hajong:24:hajong_nokshi:1
hajong_dhamor,,uid̪inə,tomorrow,,uid̪inə,lexical-similarity-group:2,kim-ahmad-kim-sangma2011hajong[p. 41],,,hajong:24:hajong_dhamor:1
hajong_nirghini,,hapta,week,,hapta,lexical-similarity-group:1,kim-ahmad-kim-sangma2011hajong[p. 41],,,hajong:25:hajong_nirghini:1
hajong_balachanda,,hapta,week,,hapta,lexical-similarity-group:1,kim-ahmad-kim-sangma2011hajong[p. 41],,,hajong:25:hajong_balachanda:1
hajong_dhamor,,hapta,week,,hapta,lexical-similarity-group:1,kim-ahmad-kim-sangma2011hajong[p. 41],,,hajong:25:hajong_dhamor:1
hajong_gopalbari,,ʃɔpta,week,,ʃɔpta,lexical-similarity-group:1,kim-ahmad-kim-sangma2011hajong[p. 41],,,hajong:25:hajong_gopalbari:1
hajong_gopalpur,,ʃɔpta,week,,ʃɔpta,lexical-similarity-group:1,kim-ahmad-kim-sangma2011hajong[p. 41],,,hajong:25:hajong_gopalpur:1
hajong_bhalukapara,,ʃɔpta,week,,ʃɔpta,lexical-similarity-group:1,kim-ahmad-kim-sangma2011hajong[p. 41],,,hajong:25:hajong_bhalukapara:1
hajong_nokshi,,ʃɔpta,week,,ʃɔpta,lexical-similarity-group:1,kim-ahmad-kim-sangma2011hajong[p. 41],,,hajong:25:hajong_nokshi:1
hajong_nugapara,,septa,week,,septa,lexical-similarity-group:1,kim-ahmad-kim-sangma2011hajong[p. 41],,,hajong:25:hajong_nugapara:1
hajong_chilapara,,sopta,week,,sopta,lexical-similarity-group:1,kim-ahmad-kim-sangma2011hajong[p. 41],,,hajong:25:hajong_chilapara:1
hajong_balachanda,,sopta,week,,sopta,lexical-similarity-group:1,kim-ahmad-kim-sangma2011hajong[p. 41],,,hajong:25:hajong_balachanda:2
hajong_dhamor,,sopta,week,,sopta,lexical-similarity-group:1,kim-ahmad-kim-sangma2011hajong[p. 41],,,hajong:25:hajong_dhamor:2
hajong_dalugau,,soptoho,week,,soptoho,lexical-similarity-group:1,kim-ahmad-kim-sangma2011hajong[p. 41],,,hajong:25:hajong_dalugau:1
hajong_gopalpur,,mas,month,,mas,lexical-similarity-group:1,kim-ahmad-kim-sangma2011hajong[p. 41],,,hajong:26:hajong_gopalpur:1
hajong_bhalukapara,,mas,month,,mas,lexical-similarity-group:1,kim-ahmad-kim-sangma2011hajong[p. 41],,,hajong:26:hajong_bhalukapara:1
hajong_nokshi,,mas,month,,mas,lexical-similarity-group:1,kim-ahmad-kim-sangma2011hajong[p. 41],,,hajong:26:hajong_nokshi:1
hajong_nugapara,,mas,month,,mas,lexical-similarity-group:1,kim-ahmad-kim-sangma2011hajong[p. 41],,,hajong:26:hajong_nugapara:1
hajong_chilapara,,mas,month,,mas,lexical-similarity-group:1,kim-ahmad-kim-sangma2011hajong[p. 41],,,hajong:26:hajong_chilapara:1
hajong_nirghini,,mas,month,,mas,lexical-similarity-group:1,kim-ahmad-kim-sangma2011hajong[p. 41],,,hajong:26:hajong_nirghini:1
hajong_dalugau,,mas,month,,mas,lexical-similarity-group:1,kim-ahmad-kim-sangma2011hajong[p. 41],,,hajong:26:hajong_dalugau:1
hajong_balachanda,,mas,month,,mas,lexical-similarity-group:1,kim-ahmad-kim-sangma2011hajong[p. 41],,,hajong:26:hajong_balachanda:1
hajong_dhamor,,mas,month,,mas,lexical-similarity-group:1,kim-ahmad-kim-sangma2011hajong[p. 41],,,hajong:26:hajong_dhamor:1
hajong_gopalbari,,maʃ,month,,maʃ,lexical-similarity-group:1,kim-ahmad-kim-sangma2011hajong[p. 41],,,hajong:26:hajong_gopalbari:1
hajong_gopalbari,,bɔʃor,year,,bɔʃor,lexical-similarity-group:1,kim-ahmad-kim-sangma2011hajong[p. 41],,,hajong:27:hajong_gopalbari:1
hajong_gopalpur,,bɔʃor,year,,bɔʃor,lexical-similarity-group:1,kim-ahmad-kim-sangma2011hajong[p. 41],,,hajong:27:hajong_gopalpur:1
hajong_bhalukapara,,bɔʃor,year,,bɔʃor,lexical-similarity-group:1,kim-ahmad-kim-sangma2011hajong[p. 41],,,hajong:27:hajong_bhalukapara:1
hajong_nokshi,,bɔʃor,year,,bɔʃor,lexical-similarity-group:1,kim-ahmad-kim-sangma2011hajong[p. 41],,,hajong:27:hajong_nokshi:1
hajong_nugapara,,bosoɾ,year,,bosoɾ,lexical-similarity-group:1,kim-ahmad-kim-sangma2011hajong[p. 41],,,hajong:27:hajong_nugapara:1
hajong_chilapara,,bosoɾ,year,,bosoɾ,lexical-similarity-group:1,kim-ahmad-kim-sangma2011hajong[p. 41],,,hajong:27:hajong_chilapara:1
hajong_nirghini,,bosoɾ,year,,bosoɾ,lexical-similarity-group:1,kim-ahmad-kim-sangma2011hajong[p. 41],,,hajong:27:hajong_nirghini:1
hajong_dalugau,,bosoɾ,year,,bosoɾ,lexical-similarity-group:1,kim-ahmad-kim-sangma2011hajong[p. 41],,,hajong:27:hajong_dalugau:1
hajong_balachanda,,bosoɾ,year,,bosoɾ,lexical-similarity-group:1,kim-ahmad-kim-sangma2011hajong[p. 41],,,hajong:27:hajong_balachanda:1
hajong_dhamor,,bosoɾ,year,,bosoɾ,lexical-similarity-group:1,kim-ahmad-kim-sangma2011hajong[p. 41],,,hajong:27:hajong_dhamor:1
hajong_gopalbari,,dɪn,day,,dɪn,lexical-similarity-group:1,kim-ahmad-kim-sangma2011hajong[p. 41],,,hajong:28:hajong_gopalbari:1
hajong_gopalpur,,dɪn,day,,dɪn,lexical-similarity-group:1,kim-ahmad-kim-sangma2011hajong[p. 41],,,hajong:28:hajong_gopalpur:1
hajong_bhalukapara,,dɪn,day,,dɪn,lexical-similarity-group:1,kim-ahmad-kim-sangma2011hajong[p. 41],,,hajong:28:hajong_bhalukapara:1
hajong_nokshi,,dɪn,day,,dɪn,lexical-similarity-group:1,kim-ahmad-kim-sangma2011hajong[p. 41],,,hajong:28:hajong_nokshi:1
hajong_nugapara,,din,day,,din,lexical-similarity-group:1,kim-ahmad-kim-sangma2011hajong[p. 41],,,hajong:28:hajong_nugapara:1
hajong_chilapara,,din,day,,din,lexical-similarity-group:1,kim-ahmad-kim-sangma2011hajong[p. 41],,,hajong:28:hajong_chilapara:1
hajong_nirghini,,din,day,,din,lexical-similarity-group:1,kim-ahmad-kim-sangma2011hajong[p. 41],,,hajong:28:hajong_nirghini:1
hajong_dalugau,,din,day,,din,lexical-similarity-group:1,kim-ahmad-kim-sangma2011hajong[p. 41],,,hajong:28:hajong_dalugau:1
hajong_balachanda,,din,day,,din,lexical-similarity-group:1,kim-ahmad-kim-sangma2011hajong[p. 41],,,hajong:28:hajong_balachanda:1
hajong_dhamor,,din,day,,din,lexical-similarity-group:1,kim-ahmad-kim-sangma2011hajong[p. 41],,,hajong:28:hajong_dhamor:1
hajong_gopalbari,,bɛn,morning,,bɛn,lexical-similarity-group:1,kim-ahmad-kim-sangma2011hajong[p. 41],,,hajong:29:hajong_gopalbari:1
hajong_bhalukapara,,bɛn,morning,,bɛn,lexical-similarity-group:1,kim-ahmad-kim-sangma2011hajong[p. 41],,,hajong:29:hajong_bhalukapara:1
hajong_nokshi,,bɛn,morning,,bɛn,lexical-similarity-group:1,kim-ahmad-kim-sangma2011hajong[p. 41],,,hajong:29:hajong_nokshi:1
hajong_nugapara,,bʰen,morning,,bʰen,lexical-similarity-group:1,kim-ahmad-kim-sangma2011hajong[p. 41],,,hajong:29:hajong_nugapara:1
hajong_nirghini,,bʰen,morning,,bʰen,lexical-similarity-group:1,kim-ahmad-kim-sangma2011hajong[p. 41],,,hajong:29:hajong_nirghini:1
hajong_gopalpur,,biə̯n,morning,,biə̯n,lexical-similarity-group:1,kim-ahmad-kim-sangma2011hajong[p. 41],,,hajong:29:hajong_gopalpur:1
hajong_gopalpur,,biə̯n,morning,,biə̯n,lexical-similarity-group:2,kim-ahmad-kim-sangma2011hajong[p. 41],,,hajong:29:hajong_gopalpur:2
hajong_chilapara,,bʰijan,morning,,bʰijan,lexical-similarity-group:2,kim-ahmad-kim-sangma2011hajong[p. 41],,,hajong:29:hajong_chilapara:1
hajong_balachanda,,bʰijan,morning,,bʰijan,lexical-similarity-group:2,kim-ahmad-kim-sangma2011hajong[p. 41],,,hajong:29:hajong_balachanda:1
hajong_dalugau,,sokal,morning,,sokal,lexical-similarity-group:3,kim-ahmad-kim-sangma2011hajong[p. 41],,,hajong:29:hajong_dalugau:1
hajong_dhamor,,sokale,morning,,sokale,lexical-similarity-group:3,kim-ahmad-kim-sangma2011hajong[p. 41],,,hajong:29:hajong_dhamor:1
hajong_nirghini,,sukal,morning,,sukal,lexical-similarity-group:3,kim-ahmad-kim-sangma2011hajong[p. 41],,,hajong:29:hajong_nirghini:2
hajong_gopalbari,,dipʰur,noon,,dipʰur,lexical-similarity-group:1,kim-ahmad-kim-sangma2011hajong[p. 42],,,hajong:30:hajong_gopalbari:1
hajong_gopalpur,,dipʰur,noon,,dipʰur,lexical-similarity-group:1,kim-ahmad-kim-sangma2011hajong[p. 42],,,hajong:30:hajong_gopalpur:1
hajong_bhalukapara,,dipʰur,noon,,dipʰur,lexical-similarity-group:1,kim-ahmad-kim-sangma2011hajong[p. 42],,,hajong:30:hajong_bhalukapara:1
hajong_nokshi,,dipʰur,noon,,dipʰur,lexical-similarity-group:1,kim-ahmad-kim-sangma2011hajong[p. 42],,,hajong:30:hajong_nokshi:1
hajong_nugapara,,dipʰuɾ,noon,,dipʰuɾ,lexical-similarity-group:1,kim-ahmad-kim-sangma2011hajong[p. 42],,,hajong:30:hajong_nugapara:1
hajong_chilapara,,dipʰuɾ,noon,,dipʰuɾ,lexical-similarity-group:1,kim-ahmad-kim-sangma2011hajong[p. 42],,,hajong:30:hajong_chilapara:1
hajong_nirghini,,dipʰuɾ,noon,,dipʰuɾ,lexical-similarity-group:1,kim-ahmad-kim-sangma2011hajong[p. 42],,,hajong:30:hajong_nirghini:1
hajong_dhamor,,dipʰuɾ,noon,,dipʰuɾ,lexical-similarity-group:1,kim-ahmad-kim-sangma2011hajong[p. 42],,,hajong:30:hajong_dhamor:1
hajong_dalugau,,dupuɾ,noon,,dupuɾ,lexical-similarity-group:1,kim-ahmad-kim-sangma2011hajong[p. 42],,,hajong:30:hajong_dalugau:1
hajong_balachanda,,dupuɾ,noon,,dupuɾ,lexical-similarity-group:1,kim-ahmad-kim-sangma2011hajong[p. 42],,,hajong:30:hajong_balachanda:1
hajong_chilapara,,belabʰati,evening,,belabʰati,lexical-similarity-group:1,kim-ahmad-kim-sangma2011hajong[p. 42],,,hajong:31:hajong_chilapara:1
hajong_nirghini,,belabʰati,evening,,belabʰati,lexical-similarity-group:1,kim-ahmad-kim-sangma2011hajong[p. 42],,,hajong:31:hajong_nirghini:1
hajong_balachanda,,belabʰati,evening,,belabʰati,lexical-similarity-group:1,kim-ahmad-kim-sangma2011hajong[p. 42],,,hajong:31:hajong_balachanda:1
hajong_dhamor,,belafati,evening,,belafati,lexical-similarity-group:1,kim-ahmad-kim-sangma2011hajong[p. 42],,,hajong:31:hajong_dhamor:1
hajong_nugapara,,bilabutʰi,evening,,bilabutʰi,lexical-similarity-group:1,kim-ahmad-kim-sangma2011hajong[p. 42],,,hajong:31:hajong_nugapara:1
hajong_nirghini,,bikal,evening,,bikal,lexical-similarity-group:2,kim-ahmad-kim-sangma2011hajong[p. 42],,,hajong:31:hajong_nirghini:2
hajong_dalugau,,bikal,evening,,bikal,lexical-similarity-group:2,kim-ahmad-kim-sangma2011hajong[p. 42],,,hajong:31:hajong_dalugau:1
hajong_gopalbari,,ʃundɯ,evening,,ʃundɯ,lexical-similarity-group:3,kim-ahmad-kim-sangma2011hajong[p. 42],,,hajong:31:hajong_gopalbari:1
hajong_gopalpur,,ʃundɯ,evening,,ʃundɯ,lexical-similarity-group:3,kim-ahmad-kim-sangma2011hajong[p. 42],,,hajong:31:hajong_gopalpur:1
hajong_bhalukapara,,ʃundɯ,evening,,ʃundɯ,lexical-similarity-group:3,kim-ahmad-kim-sangma2011hajong[p. 42],,,hajong:31:hajong_bhalukapara:1
hajong_nokshi,,ʃundɯ,evening,,ʃundɯ,lexical-similarity-group:3,kim-ahmad-kim-sangma2011hajong[p. 42],,,hajong:31:hajong_nokshi:1
hajong_gopalbari,,ɾati,night,,ɾati,lexical-similarity-group:1,kim-ahmad-kim-sangma2011hajong[p. 42],,,hajong:32:hajong_gopalbari:1
hajong_gopalpur,,ɾati,night,,ɾati,lexical-similarity-group:1,kim-ahmad-kim-sangma2011hajong[p. 42],,,hajong:32:hajong_gopalpur:1
hajong_bhalukapara,,ɾati,night,,ɾati,lexical-similarity-group:1,kim-ahmad-kim-sangma2011hajong[p. 42],,,hajong:32:hajong_bhalukapara:1
hajong_nokshi,,ɾati,night,,ɾati,lexical-similarity-group:1,kim-ahmad-kim-sangma2011hajong[p. 42],,,hajong:32:hajong_nokshi:1
hajong_nugapara,,ɾati,night,,ɾati,lexical-similarity-group:1,kim-ahmad-kim-sangma2011hajong[p. 42],,,hajong:32:hajong_nugapara:1
hajong_chilapara,,ɾati,night,,ɾati,lexical-similarity-group:1,kim-ahmad-kim-sangma2011hajong[p. 42],,,hajong:32:hajong_chilapara:1
hajong_nirghini,,ɾati,night,,ɾati,lexical-similarity-group:1,kim-ahmad-kim-sangma2011hajong[p. 42],,,hajong:32:hajong_nirghini:1
hajong_dalugau,,ɾati,night,,ɾati,lexical-similarity-group:1,kim-ahmad-kim-sangma2011hajong[p. 42],,,hajong:32:hajong_dalugau:1
hajong_balachanda,,ɾati,night,,ɾati,lexical-similarity-group:1,kim-ahmad-kim-sangma2011hajong[p. 42],,,hajong:32:hajong_balachanda:1
hajong_dhamor,,ɾati,night,,ɾati,lexical-similarity-group:1,kim-ahmad-kim-sangma2011hajong[p. 42],,,hajong:32:hajong_dhamor:1
hajong_gopalbari,,dʰan,paddy rice,,dʰan,lexical-similarity-group:1,kim-ahmad-kim-sangma2011hajong[p. 42],,,hajong:33:hajong_gopalbari:1
hajong_gopalpur,,dʰan,paddy rice,,dʰan,lexical-similarity-group:1,kim-ahmad-kim-sangma2011hajong[p. 42],,,hajong:33:hajong_gopalpur:1
hajong_bhalukapara,,dʰan,paddy rice,,dʰan,lexical-similarity-group:1,kim-ahmad-kim-sangma2011hajong[p. 42],,,hajong:33:hajong_bhalukapara:1
hajong_nokshi,,dʰan,paddy rice,,dʰan,lexical-similarity-group:1,kim-ahmad-kim-sangma2011hajong[p. 42],,,hajong:33:hajong_nokshi:1
hajong_nugapara,,dʰan,paddy rice,,dʰan,lexical-similarity-group:1,kim-ahmad-kim-sangma2011hajong[p. 42],,,hajong:33:hajong_nugapara:1
hajong_chilapara,,dʰan,paddy rice,,dʰan,lexical-similarity-group:1,kim-ahmad-kim-sangma2011hajong[p. 42],,,hajong:33:hajong_chilapara:1
hajong_nirghini,,dʰan,paddy rice,,dʰan,lexical-similarity-group:1,kim-ahmad-kim-sangma2011hajong[p. 42],,,hajong:33:hajong_nirghini:1
hajong_dalugau,,dʰan,paddy rice,,dʰan,lexical-similarity-group:1,kim-ahmad-kim-sangma2011hajong[p. 42],,,hajong:33:hajong_dalugau:1
hajong_balachanda,,dʰan,paddy rice,,dʰan,lexical-similarity-group:1,kim-ahmad-kim-sangma2011hajong[p. 42],,,hajong:33:hajong_balachanda:1
hajong_dhamor,,dʰan,paddy rice,,dʰan,lexical-similarity-group:1,kim-ahmad-kim-sangma2011hajong[p. 42],,,hajong:33:hajong_dhamor:1
hajong_dhamor,,tʃal,uncooked rice,,tʃal,lexical-similarity-group:1,kim-ahmad-kim-sangma2011hajong[p. 42],,,hajong:34:hajong_dhamor:1
hajong_nugapara,,tʃa ul,uncooked rice,,tʃa ul,lexical-similarity-group:1,kim-ahmad-kim-sangma2011hajong[p. 42],,,hajong:34:hajong_nugapara:1
hajong_chilapara,,tʃa ul,uncooked rice,,tʃa ul,lexical-similarity-group:1,kim-ahmad-kim-sangma2011hajong[p. 42],,,hajong:34:hajong_chilapara:1
hajong_nirghini,,tʃa ul,uncooked rice,,tʃa ul,lexical-similarity-group:1,kim-ahmad-kim-sangma2011hajong[p. 42],,,hajong:34:hajong_nirghini:1
hajong_dalugau,,tʃa ul,uncooked rice,,tʃa ul,lexical-similarity-group:1,kim-ahmad-kim-sangma2011hajong[p. 42],,,hajong:34:hajong_dalugau:1
hajong_balachanda,,tʃa ul,uncooked rice,,tʃa ul,lexical-similarity-group:1,kim-ahmad-kim-sangma2011hajong[p. 42],,,hajong:34:hajong_balachanda:1
hajong_gopalbari,,tʃɯl,uncooked rice,,tʃɯl,lexical-similarity-group:1,kim-ahmad-kim-sangma2011hajong[p. 42],,,hajong:34:hajong_gopalbari:1
hajong_gopalpur,,tʃɯl,uncooked rice,,tʃɯl,lexical-similarity-group:1,kim-ahmad-kim-sangma2011hajong[p. 42],,,hajong:34:hajong_gopalpur:1
hajong_bhalukapara,,tʃɯl,uncooked rice,,tʃɯl,lexical-similarity-group:1,kim-ahmad-kim-sangma2011hajong[p. 42],,,hajong:34:hajong_bhalukapara:1
hajong_nokshi,,tʃɯl,uncooked rice,,tʃɯl,lexical-similarity-group:1,kim-ahmad-kim-sangma2011hajong[p. 42],,,hajong:34:hajong_nokshi:1
hajong_gopalbari,,bat,cooked rice,,bat,lexical-similarity-group:1,kim-ahmad-kim-sangma2011hajong[p. 42],,,hajong:35:hajong_gopalbari:1
hajong_gopalpur,,bʰat,cooked rice,,bʰat,lexical-similarity-group:1,kim-ahmad-kim-sangma2011hajong[p. 42],,,hajong:35:hajong_gopalpur:1
hajong_bhalukapara,,bʰat,cooked rice,,bʰat,lexical-similarity-group:1,kim-ahmad-kim-sangma2011hajong[p. 42],,,hajong:35:hajong_bhalukapara:1
hajong_nokshi,,bʰat,cooked rice,,bʰat,lexical-similarity-group:1,kim-ahmad-kim-sangma2011hajong[p. 42],,,hajong:35:hajong_nokshi:1
hajong_nugapara,,bʰat,cooked rice,,bʰat,lexical-similarity-group:1,kim-ahmad-kim-sangma2011hajong[p. 42],,,hajong:35:hajong_nugapara:1
hajong_chilapara,,bʰat,cooked rice,,bʰat,lexical-similarity-group:1,kim-ahmad-kim-sangma2011hajong[p. 42],,,hajong:35:hajong_chilapara:1
hajong_nirghini,,bʰat,cooked rice,,bʰat,lexical-similarity-group:1,kim-ahmad-kim-sangma2011hajong[p. 42],,,hajong:35:hajong_nirghini:1
hajong_dalugau,,bʰat,cooked rice,,bʰat,lexical-similarity-group:1,kim-ahmad-kim-sangma2011hajong[p. 42],,,hajong:35:hajong_dalugau:1
hajong_balachanda,,bʰat,cooked rice,,bʰat,lexical-similarity-group:1,kim-ahmad-kim-sangma2011hajong[p. 42],,,hajong:35:hajong_balachanda:1
hajong_dhamor,,bʰat,cooked rice,,bʰat,lexical-similarity-group:1,kim-ahmad-kim-sangma2011hajong[p. 42],,,hajong:35:hajong_dhamor:1
hajong_gopalbari,,ɡɔm,wheat,,ɡɔm,lexical-similarity-group:1,kim-ahmad-kim-sangma2011hajong[p. 42],,,hajong:36:hajong_gopalbari:1
hajong_gopalpur,,ɡɔm,wheat,,ɡɔm,lexical-similarity-group:1,kim-ahmad-kim-sangma2011hajong[p. 42],,,hajong:36:hajong_gopalpur:1
hajong_bhalukapara,,ɡɔm,wheat,,ɡɔm,lexical-similarity-group:1,kim-ahmad-kim-sangma2011hajong[p. 42],,,hajong:36:hajong_bhalukapara:1
hajong_nokshi,,ɡɔm,wheat,,ɡɔm,lexical-similarity-group:1,kim-ahmad-kim-sangma2011hajong[p. 42],,,hajong:36:hajong_nokshi:1
hajong_nugapara,,ɡom,wheat,,ɡom,lexical-similarity-group:1,kim-ahmad-kim-sangma2011hajong[p. 42],,,hajong:36:hajong_nugapara:1
hajong_chilapara,,ɡom,wheat,,ɡom,lexical-similarity-group:1,kim-ahmad-kim-sangma2011hajong[p. 42],,,hajong:36:hajong_chilapara:1
hajong_dalugau,,ɡom,wheat,,ɡom,lexical-similarity-group:1,kim-ahmad-kim-sangma2011hajong[p. 42],,,hajong:36:hajong_dalugau:1
hajong_balachanda,,ɡom,wheat,,ɡom,lexical-similarity-group:1,kim-ahmad-kim-sangma2011hajong[p. 42],,,hajong:36:hajong_balachanda:1
hajong_dhamor,,ɡom,wheat,,ɡom,lexical-similarity-group:1,kim-ahmad-kim-sangma2011hajong[p. 42],,,hajong:36:hajong_dhamor:1
hajong_nirghini,,ɡihu,wheat,,ɡihu,lexical-similarity-group:2,kim-ahmad-kim-sangma2011hajong[p. 42],,,hajong:36:hajong_nirghini:1
hajong_balachanda,,makʰoi,corn,,makʰoi,lexical-similarity-group:1,kim-ahmad-kim-sangma2011hajong[p. 42],,,hajong:37:hajong_balachanda:1
hajong_gopalbari,,makʰu,corn,,makʰu,lexical-similarity-group:1,kim-ahmad-kim-sangma2011hajong[p. 42],,,hajong:37:hajong_gopalbari:1
hajong_gopalpur,,makʰu,corn,,makʰu,lexical-similarity-group:1,kim-ahmad-kim-sangma2011hajong[p. 42],,,hajong:37:hajong_gopalpur:1
hajong_bhalukapara,,makʰu,corn,,makʰu,lexical-similarity-group:1,kim-ahmad-kim-sangma2011hajong[p. 42],,,hajong:37:hajong_bhalukapara:1
hajong_nokshi,,makʰu,corn,,makʰu,lexical-similarity-group:1,kim-ahmad-kim-sangma2011hajong[p. 42],,,hajong:37:hajong_nokshi:1
hajong_nugapara,,makʰu,corn,,makʰu,lexical-similarity-group:1,kim-ahmad-kim-sangma2011hajong[p. 42],,,hajong:37:hajong_nugapara:1
hajong_dalugau,,makʰu,corn,,makʰu,lexical-similarity-group:1,kim-ahmad-kim-sangma2011hajong[p. 42],,,hajong:37:hajong_dalugau:1
hajong_dhamor,,makʰu,corn,,makʰu,lexical-similarity-group:1,kim-ahmad-kim-sangma2011hajong[p. 42],,,hajong:37:hajong_dhamor:1
hajong_chilapara,,tʃodʒo,corn,,tʃodʒo,lexical-similarity-group:2,kim-ahmad-kim-sangma2011hajong[p. 42],,,hajong:37:hajong_chilapara:1
hajong_nirghini,,mukdal,corn,,mukdal,lexical-similarity-group:3,kim-ahmad-kim-sangma2011hajong[p. 42],,,hajong:37:hajong_nirghini:1
hajong_gopalbari,,alu,potato,,alu,lexical-similarity-group:1,kim-ahmad-kim-sangma2011hajong[p. 42],,,hajong:38:hajong_gopalbari:1
hajong_gopalpur,,alu,potato,,alu,lexical-similarity-group:1,kim-ahmad-kim-sangma2011hajong[p. 42],,,hajong:38:hajong_gopalpur:1
hajong_bhalukapara,,alu,potato,,alu,lexical-similarity-group:1,kim-ahmad-kim-sangma2011hajong[p. 42],,,hajong:38:hajong_bhalukapara:1
hajong_nokshi,,alu,potato,,alu,lexical-similarity-group:1,kim-ahmad-kim-sangma2011hajong[p. 42],,,hajong:38:hajong_nokshi:1
hajong_nugapara,,alu,potato,,alu,lexical-similarity-group:1,kim-ahmad-kim-sangma2011hajong[p. 42],,,hajong:38:hajong_nugapara:1
hajong_chilapara,,alu,potato,,alu,lexical-similarity-group:1,kim-ahmad-kim-sangma2011hajong[p. 42],,,hajong:38:hajong_chilapara:1
hajong_nirghini,,alu,potato,,alu,lexical-similarity-group:1,kim-ahmad-kim-sangma2011hajong[p. 42],,,hajong:38:hajong_nirghini:1
hajong_dalugau,,alu,potato,,alu,lexical-similarity-group:1,kim-ahmad-kim-sangma2011hajong[p. 42],,,hajong:38:hajong_dalugau:1
hajong_balachanda,,alu,potato,,alu,lexical-similarity-group:1,kim-ahmad-kim-sangma2011hajong[p. 42],,,hajong:38:hajong_balachanda:1
hajong_dhamor,,alu,potato,,alu,lexical-similarity-group:1,kim-ahmad-kim-sangma2011hajong[p. 42],,,hajong:38:hajong_dhamor:1
hajong_gopalbari,,pʰulkobi,cauliflower,,pʰulkobi,lexical-similarity-group:1,kim-ahmad-kim-sangma2011hajong[p. 42],,,hajong:39:hajong_gopalbari:1
hajong_gopalpur,,pʰulkobi,cauliflower,,pʰulkobi,lexical-similarity-group:1,kim-ahmad-kim-sangma2011hajong[p. 42],,,hajong:39:hajong_gopalpur:1
hajong_bhalukapara,,pʰulkobi,cauliflower,,pʰulkobi,lexical-similarity-group:1,kim-ahmad-kim-sangma2011hajong[p. 42],,,hajong:39:hajong_bhalukapara:1
hajong_nokshi,,pʰulkobi,cauliflower,,pʰulkobi,lexical-similarity-group:1,kim-ahmad-kim-sangma2011hajong[p. 42],,,hajong:39:hajong_nokshi:1
hajong_nugapara,,pʰulkobi,cauliflower,,pʰulkobi,lexical-similarity-group:1,kim-ahmad-kim-sangma2011hajong[p. 42],,,hajong:39:hajong_nugapara:1
hajong_chilapara,,pʰulkobi,cauliflower,,pʰulkobi,lexical-similarity-group:1,kim-ahmad-kim-sangma2011hajong[p. 42],,,hajong:39:hajong_chilapara:1
hajong_nirghini,,pʰulkobi,cauliflower,,pʰulkobi,lexical-similarity-group:1,kim-ahmad-kim-sangma2011hajong[p. 42],,,hajong:39:hajong_nirghini:1
hajong_dalugau,,pʰulkobi,cauliflower,,pʰulkobi,lexical-similarity-group:1,kim-ahmad-kim-sangma2011hajong[p. 42],,,hajong:39:hajong_dalugau:1
hajong_balachanda,,pʰulkobi,cauliflower,,pʰulkobi,lexical-similarity-group:1,kim-ahmad-kim-sangma2011hajong[p. 42],,,hajong:39:hajong_balachanda:1
hajong_dhamor,,pʰulkobi,cauliflower,,pʰulkobi,lexical-similarity-group:1,kim-ahmad-kim-sangma2011hajong[p. 42],,,hajong:39:hajong_dhamor:1
hajong_gopalbari,,band̪akobi,cabbage,,band̪akobi,lexical-similarity-group:1,kim-ahmad-kim-sangma2011hajong[p. 42],,,hajong:40:hajong_gopalbari:1
hajong_gopalpur,,band̪akobi,cabbage,,band̪akobi,lexical-similarity-group:1,kim-ahmad-kim-sangma2011hajong[p. 42],,,hajong:40:hajong_gopalpur:1
hajong_bhalukapara,,band̪akobi,cabbage,,band̪akobi,lexical-similarity-group:1,kim-ahmad-kim-sangma2011hajong[p. 42],,,hajong:40:hajong_bhalukapara:1
hajong_nokshi,,band̪akobi,cabbage,,band̪akobi,lexical-similarity-group:1,kim-ahmad-kim-sangma2011hajong[p. 42],,,hajong:40:hajong_nokshi:1
hajong_nugapara,,band̪akobi,cabbage,,band̪akobi,lexical-similarity-group:1,kim-ahmad-kim-sangma2011hajong[p. 42],,,hajong:40:hajong_nugapara:1
hajong_chilapara,,band̪akobi,cabbage,,band̪akobi,lexical-similarity-group:1,kim-ahmad-kim-sangma2011hajong[p. 42],,,hajong:40:hajong_chilapara:1
hajong_nirghini,,band̪akobi,cabbage,,band̪akobi,lexical-similarity-group:1,kim-ahmad-kim-sangma2011hajong[p. 42],,,hajong:40:hajong_nirghini:1
hajong_dalugau,,band̪akobi,cabbage,,band̪akobi,lexical-similarity-group:1,kim-ahmad-kim-sangma2011hajong[p. 42],,,hajong:40:hajong_dalugau:1
hajong_balachanda,,band̪akobi,cabbage,,band̪akobi,lexical-similarity-group:1,kim-ahmad-kim-sangma2011hajong[p. 42],,,hajong:40:hajong_balachanda:1
hajong_dhamor,,band̪akobi,cabbage,,band̪akobi,lexical-similarity-group:1,kim-ahmad-kim-sangma2011hajong[p. 42],,,hajong:40:hajong_dhamor:1
hajong_dhamor,,baɡon,eggplant,,baɡon,lexical-similarity-group:1,kim-ahmad-kim-sangma2011hajong[p. 42],,,hajong:41:hajong_dhamor:1
hajong_gopalbari,,baiɡon,eggplant,,baiɡon,lexical-similarity-group:1,kim-ahmad-kim-sangma2011hajong[p. 42],,,hajong:41:hajong_gopalbari:1
hajong_gopalpur,,baiɡon,eggplant,,baiɡon,lexical-similarity-group:1,kim-ahmad-kim-sangma2011hajong[p. 42],,,hajong:41:hajong_gopalpur:1
hajong_bhalukapara,,baiɡon,eggplant,,baiɡon,lexical-similarity-group:1,kim-ahmad-kim-sangma2011hajong[p. 42],,,hajong:41:hajong_bhalukapara:1
hajong_nokshi,,baiɡon,eggplant,,baiɡon,lexical-similarity-group:1,kim-ahmad-kim-sangma2011hajong[p. 42],,,hajong:41:hajong_nokshi:1
hajong_nugapara,,baiɡon,eggplant,,baiɡon,lexical-similarity-group:1,kim-ahmad-kim-sangma2011hajong[p. 42],,,hajong:41:hajong_nugapara:1
hajong_chilapara,,baiɡon,eggplant,,baiɡon,lexical-similarity-group:1,kim-ahmad-kim-sangma2011hajong[p. 42],,,hajong:41:hajong_chilapara:1
hajong_nirghini,,baiɡon,eggplant,,baiɡon,lexical-similarity-group:1,kim-ahmad-kim-sangma2011hajong[p. 42],,,hajong:41:hajong_nirghini:1
hajong_dalugau,,baiɡon,eggplant,,baiɡon,lexical-similarity-group:1,kim-ahmad-kim-sangma2011hajong[p. 42],,,hajong:41:hajong_dalugau:1
hajong_balachanda,,baiɡon,eggplant,,baiɡon,lexical-similarity-group:1,kim-ahmad-kim-sangma2011hajong[p. 42],,,hajong:41:hajong_balachanda:1
hajong_gopalbari,,badam,peanut,,badam,lexical-similarity-group:1,kim-ahmad-kim-sangma2011hajong[p. 42],,,hajong:42:hajong_gopalbari:1
hajong_gopalpur,,badam,peanut,,badam,lexical-similarity-group:1,kim-ahmad-kim-sangma2011hajong[p. 42],,,hajong:42:hajong_gopalpur:1
hajong_bhalukapara,,badam,peanut,,badam,lexical-similarity-group:1,kim-ahmad-kim-sangma2011hajong[p. 42],,,hajong:42:hajong_bhalukapara:1
hajong_nokshi,,badam,peanut,,badam,lexical-similarity-group:1,kim-ahmad-kim-sangma2011hajong[p. 42],,,hajong:42:hajong_nokshi:1
hajong_nugapara,,badam,peanut,,badam,lexical-similarity-group:1,kim-ahmad-kim-sangma2011hajong[p. 42],,,hajong:42:hajong_nugapara:1
hajong_chilapara,,badam,peanut,,badam,lexical-similarity-group:1,kim-ahmad-kim-sangma2011hajong[p. 42],,,hajong:42:hajong_chilapara:1
hajong_nirghini,,badam,peanut,,badam,lexical-similarity-group:1,kim-ahmad-kim-sangma2011hajong[p. 42],,,hajong:42:hajong_nirghini:1
hajong_dalugau,,badam,peanut,,badam,lexical-similarity-group:1,kim-ahmad-kim-sangma2011hajong[p. 42],,,hajong:42:hajong_dalugau:1
hajong_balachanda,,badam,peanut,,badam,lexical-similarity-group:1,kim-ahmad-kim-sangma2011hajong[p. 42],,,hajong:42:hajong_balachanda:1
hajong_dhamor,,badam,peanut,,badam,lexical-similarity-group:1,kim-ahmad-kim-sangma2011hajong[p. 42],,,hajong:42:hajong_dhamor:1
hajong_gopalbari,,ɡas,tree,,ɡas,lexical-similarity-group:1,kim-ahmad-kim-sangma2011hajong[p. 42],,,hajong:43:hajong_gopalbari:1
hajong_gopalpur,,ɡas,tree,,ɡas,lexical-similarity-group:1,kim-ahmad-kim-sangma2011hajong[p. 42],,,hajong:43:hajong_gopalpur:1
hajong_bhalukapara,,ɡas,tree,,ɡas,lexical-similarity-group:1,kim-ahmad-kim-sangma2011hajong[p. 42],,,hajong:43:hajong_bhalukapara:1
hajong_nugapara,,ɡas,tree,,ɡas,lexical-similarity-group:1,kim-ahmad-kim-sangma2011hajong[p. 42],,,hajong:43:hajong_nugapara:1
hajong_chilapara,,ɡas,tree,,ɡas,lexical-similarity-group:1,kim-ahmad-kim-sangma2011hajong[p. 42],,,hajong:43:hajong_chilapara:1
hajong_nirghini,,ɡas,tree,,ɡas,lexical-similarity-group:1,kim-ahmad-kim-sangma2011hajong[p. 42],,,hajong:43:hajong_nirghini:1
hajong_dalugau,,ɡas,tree,,ɡas,lexical-similarity-group:1,kim-ahmad-kim-sangma2011hajong[p. 42],,,hajong:43:hajong_dalugau:1
hajong_balachanda,,ɡas,tree,,ɡas,lexical-similarity-group:1,kim-ahmad-kim-sangma2011hajong[p. 42],,,hajong:43:hajong_balachanda:1
hajong_dhamor,,ɡas,tree,,ɡas,lexical-similarity-group:1,kim-ahmad-kim-sangma2011hajong[p. 42],,,hajong:43:hajong_dhamor:1
hajong_nokshi,,ɡatʃʰ,tree,,ɡatʃʰ,lexical-similarity-group:2,kim-ahmad-kim-sangma2011hajong[p. 42],,,hajong:43:hajong_nokshi:1
hajong_gopalbari,,dala,branch,,dala,lexical-similarity-group:1,kim-ahmad-kim-sangma2011hajong[p. 42],,,hajong:44:hajong_gopalbari:1
hajong_gopalpur,,dala,branch,,dala,lexical-similarity-group:1,kim-ahmad-kim-sangma2011hajong[p. 42],,,hajong:44:hajong_gopalpur:1
hajong_nugapara,,dala,branch,,dala,lexical-similarity-group:1,kim-ahmad-kim-sangma2011hajong[p. 42],,,hajong:44:hajong_nugapara:1
hajong_chilapara,,dala,branch,,dala,lexical-similarity-group:1,kim-ahmad-kim-sangma2011hajong[p. 42],,,hajong:44:hajong_chilapara:1
hajong_dalugau,,dala,branch,,dala,lexical-similarity-group:1,kim-ahmad-kim-sangma2011hajong[p. 42],,,hajong:44:hajong_dalugau:1
hajong_dhamor,,dala,branch,,dala,lexical-similarity-group:1,kim-ahmad-kim-sangma2011hajong[p. 42],,,hajong:44:hajong_dhamor:1
hajong_bhalukapara,,dɯlɯ,branch,,dɯlɯ,lexical-similarity-group:1,kim-ahmad-kim-sangma2011hajong[p. 42],,,hajong:44:hajong_bhalukapara:1
hajong_nokshi,,dɯlɯ,branch,,dɯlɯ,lexical-similarity-group:1,kim-ahmad-kim-sangma2011hajong[p. 42],,,hajong:44:hajong_nokshi:1
hajong_nirghini,,d̪al,branch,,d̪al,lexical-similarity-group:1,kim-ahmad-kim-sangma2011hajong[p. 42],,,hajong:44:hajong_nirghini:1
hajong_balachanda,,d̪al,branch,,d̪al,lexical-similarity-group:1,kim-ahmad-kim-sangma2011hajong[p. 42],,,hajong:44:hajong_balachanda:1
hajong_balachanda,,pat,leaf,,pat,lexical-similarity-group:1,kim-ahmad-kim-sangma2011hajong[p. 42],,,hajong:45:hajong_balachanda:1
hajong_gopalbari,,pata,leaf,,pata,lexical-similarity-group:1,kim-ahmad-kim-sangma2011hajong[p. 42],,,hajong:45:hajong_gopalbari:1
hajong_gopalpur,,pata,leaf,,pata,lexical-similarity-group:1,kim-ahmad-kim-sangma2011hajong[p. 42],,,hajong:45:hajong_gopalpur:1
hajong_bhalukapara,,pata,leaf,,pata,lexical-similarity-group:1,kim-ahmad-kim-sangma2011hajong[p. 42],,,hajong:45:hajong_bhalukapara:1
hajong_nokshi,,pata,leaf,,pata,lexical-similarity-group:1,kim-ahmad-kim-sangma2011hajong[p. 42],,,hajong:45:hajong_nokshi:1
hajong_nugapara,,pata,leaf,,pata,lexical-similarity-group:1,kim-ahmad-kim-sangma2011hajong[p. 42],,,hajong:45:hajong_nugapara:1
hajong_chilapara,,pata,leaf,,pata,lexical-similarity-group:1,kim-ahmad-kim-sangma2011hajong[p. 42],,,hajong:45:hajong_chilapara:1
hajong_nirghini,,pata,leaf,,pata,lexical-similarity-group:1,kim-ahmad-kim-sangma2011hajong[p. 42],,,hajong:45:hajong_nirghini:1
hajong_dalugau,,pata,leaf,,pata,lexical-similarity-group:1,kim-ahmad-kim-sangma2011hajong[p. 42],,,hajong:45:hajong_dalugau:1
hajong_dhamor,,pata,leaf,,pata,lexical-similarity-group:1,kim-ahmad-kim-sangma2011hajong[p. 42],,,hajong:45:hajong_dhamor:1
hajong_gopalbari,,kata,thorn,,kata,lexical-similarity-group:1,kim-ahmad-kim-sangma2011hajong[p. 42],,,hajong:46:hajong_gopalbari:1
hajong_gopalpur,,kata,thorn,,kata,lexical-similarity-group:1,kim-ahmad-kim-sangma2011hajong[p. 42],,,hajong:46:hajong_gopalpur:1
hajong_bhalukapara,,kata,thorn,,kata,lexical-similarity-group:1,kim-ahmad-kim-sangma2011hajong[p. 42],,,hajong:46:hajong_bhalukapara:1
hajong_nokshi,,kata,thorn,,kata,lexical-similarity-group:1,kim-ahmad-kim-sangma2011hajong[p. 42],,,hajong:46:hajong_nokshi:1
hajong_nugapara,,kata,thorn,,kata,lexical-similarity-group:1,kim-ahmad-kim-sangma2011hajong[p. 42],,,hajong:46:hajong_nugapara:1
hajong_chilapara,,kata,thorn,,kata,lexical-similarity-group:1,kim-ahmad-kim-sangma2011hajong[p. 42],,,hajong:46:hajong_chilapara:1
hajong_nirghini,,kata,thorn,,kata,lexical-similarity-group:1,kim-ahmad-kim-sangma2011hajong[p. 42],,,hajong:46:hajong_nirghini:1
hajong_dalugau,,kata,thorn,,kata,lexical-similarity-group:1,kim-ahmad-kim-sangma2011hajong[p. 42],,,hajong:46:hajong_dalugau:1
hajong_balachanda,,kata,thorn,,kata,lexical-similarity-group:1,kim-ahmad-kim-sangma2011hajong[p. 42],,,hajong:46:hajong_balachanda:1
hajong_dhamor,,katahantʃ,thorn,,katahantʃ,lexical-similarity-group:1,kim-ahmad-kim-sangma2011hajong[p. 42],,,hajong:46:hajong_dhamor:1
hajong_gopalpur,,hikʰɾɯ,root,,hikʰɾɯ,lexical-similarity-group:1,kim-ahmad-kim-sangma2011hajong[p. 42],,,hajong:47:hajong_gopalpur:1
hajong_gopalbari,,ikʰɾɯ,root,,ikʰɾɯ,lexical-similarity-group:1,kim-ahmad-kim-sangma2011hajong[p. 42],,,hajong:47:hajong_gopalbari:1
hajong_bhalukapara,,ikʰɾɯ,root,,ikʰɾɯ,lexical-similarity-group:1,kim-ahmad-kim-sangma2011hajong[p. 42],,,hajong:47:hajong_bhalukapara:1
hajong_nokshi,,ikʰɾɯ,root,,ikʰɾɯ,lexical-similarity-group:1,kim-ahmad-kim-sangma2011hajong[p. 42],,,hajong:47:hajong_nokshi:1
hajong_nugapara,,ikɾa,root,,ikɾa,lexical-similarity-group:1,kim-ahmad-kim-sangma2011hajong[p. 42],,,hajong:47:hajong_nugapara:1
hajong_nirghini,,ikɾa,root,,ikɾa,lexical-similarity-group:1,kim-ahmad-kim-sangma2011hajong[p. 42],,,hajong:47:hajong_nirghini:1
hajong_dalugau,,ikɾa,root,,ikɾa,lexical-similarity-group:1,kim-ahmad-kim-sangma2011hajong[p. 42],,,hajong:47:hajong_dalugau:1
hajong_dhamor,,ikɾa,root,,ikɾa,lexical-similarity-group:1,kim-ahmad-kim-sangma2011hajong[p. 42],,,hajong:47:hajong_dhamor:1
hajong_chilapara,,sipa,root,,sipa,lexical-similarity-group:2,kim-ahmad-kim-sangma2011hajong[p. 42],,,hajong:47:hajong_chilapara:1
hajong_balachanda,,sipə,root,,sipə,lexical-similarity-group:2,kim-ahmad-kim-sangma2011hajong[p. 42],,,hajong:47:hajong_balachanda:1
hajong_gopalbari,,bas,bamboo,,bas,lexical-similarity-group:1,kim-ahmad-kim-sangma2011hajong[p. 43],,,hajong:48:hajong_gopalbari:1
hajong_bhalukapara,,bas,bamboo,,bas,lexical-similarity-group:1,kim-ahmad-kim-sangma2011hajong[p. 43],,,hajong:48:hajong_bhalukapara:1
hajong_nugapara,,bas,bamboo,,bas,lexical-similarity-group:1,kim-ahmad-kim-sangma2011hajong[p. 43],,,hajong:48:hajong_nugapara:1
hajong_chilapara,,bas,bamboo,,bas,lexical-similarity-group:1,kim-ahmad-kim-sangma2011hajong[p. 43],,,hajong:48:hajong_chilapara:1
hajong_nirghini,,bas,bamboo,,bas,lexical-similarity-group:1,kim-ahmad-kim-sangma2011hajong[p. 43],,,hajong:48:hajong_nirghini:1
hajong_dalugau,,bas,bamboo,,bas,lexical-similarity-group:1,kim-ahmad-kim-sangma2011hajong[p. 43],,,hajong:48:hajong_dalugau:1
hajong_balachanda,,bas,bamboo,,bas,lexical-similarity-group:1,kim-ahmad-kim-sangma2011hajong[p. 43],,,hajong:48:hajong_balachanda:1
hajong_dhamor,,bas,bamboo,,bas,lexical-similarity-group:1,kim-ahmad-kim-sangma2011hajong[p. 43],,,hajong:48:hajong_dhamor:1
hajong_gopalpur,,bãʃ,bamboo,,bãʃ,lexical-similarity-group:1,kim-ahmad-kim-sangma2011hajong[p. 43],,,hajong:48:hajong_gopalpur:1
hajong_nokshi,,bãʃ,bamboo,,bãʃ,lexical-similarity-group:1,kim-ahmad-kim-sangma2011hajong[p. 43],,,hajong:48:hajong_nokshi:1
hajong_bhalukapara,,pʰɔl,fruit,,pʰɔl,lexical-similarity-group:1,kim-ahmad-kim-sangma2011hajong[p. 43],,,hajong:49:hajong_bhalukapara:1
hajong_nokshi,,pʰɔl,fruit,,pʰɔl,lexical-similarity-group:1,kim-ahmad-kim-sangma2011hajong[p. 43],,,hajong:49:hajong_nokshi:1
hajong_gopalbari,,pʰol,fruit,,pʰol,lexical-similarity-group:1,kim-ahmad-kim-sangma2011hajong[p. 43],,,hajong:49:hajong_gopalbari:1
hajong_gopalpur,,pʰol,fruit,,pʰol,lexical-similarity-group:1,kim-ahmad-kim-sangma2011hajong[p. 43],,,hajong:49:hajong_gopalpur:1
hajong_nugapara,,pʰol,fruit,,pʰol,lexical-similarity-group:1,kim-ahmad-kim-sangma2011hajong[p. 43],,,hajong:49:hajong_nugapara:1
hajong_chilapara,,pʰol,fruit,,pʰol,lexical-similarity-group:1,kim-ahmad-kim-sangma2011hajong[p. 43],,,hajong:49:hajong_chilapara:1
hajong_nirghini,,pʰol,fruit,,pʰol,lexical-similarity-group:1,kim-ahmad-kim-sangma2011hajong[p. 43],,,hajong:49:hajong_nirghini:1
hajong_dalugau,,pʰol,fruit,,pʰol,lexical-similarity-group:1,kim-ahmad-kim-sangma2011hajong[p. 43],,,hajong:49:hajong_dalugau:1
hajong_balachanda,,pʰol,fruit,,pʰol,lexical-similarity-group:1,kim-ahmad-kim-sangma2011hajong[p. 43],,,hajong:49:hajong_balachanda:1
hajong_dhamor,,pʰol,fruit,,pʰol,lexical-similarity-group:1,kim-ahmad-kim-sangma2011hajong[p. 43],,,hajong:49:hajong_dhamor:1
hajong_gopalbari,,kahol,jackfruit,,kahol,lexical-similarity-group:1,kim-ahmad-kim-sangma2011hajong[p. 43],,,hajong:50:hajong_gopalbari:1
hajong_gopalpur,,kahol,jackfruit,,kahol,lexical-similarity-group:1,kim-ahmad-kim-sangma2011hajong[p. 43],,,hajong:50:hajong_gopalpur:1
hajong_bhalukapara,,kahol,jackfruit,,kahol,lexical-similarity-group:1,kim-ahmad-kim-sangma2011hajong[p. 43],,,hajong:50:hajong_bhalukapara:1
hajong_nokshi,,kahol,jackfruit,,kahol,lexical-similarity-group:1,kim-ahmad-kim-sangma2011hajong[p. 43],,,hajong:50:hajong_nokshi:1
hajong_nugapara,,kahol,jackfruit,,kahol,lexical-similarity-group:1,kim-ahmad-kim-sangma2011hajong[p. 43],,,hajong:50:hajong_nugapara:1
hajong_nirghini,,kahol,jackfruit,,kahol,lexical-similarity-group:1,kim-ahmad-kim-sangma2011hajong[p. 43],,,hajong:50:hajong_nirghini:1
hajong_dhamor,,kahol,jackfruit,,kahol,lexical-similarity-group:1,kim-ahmad-kim-sangma2011hajong[p. 43],,,hajong:50:hajong_dhamor:1
hajong_dalugau,,kaholpʰol,jackfruit,,kaholpʰol,lexical-similarity-group:1,kim-ahmad-kim-sangma2011hajong[p. 43],,,hajong:50:hajong_dalugau:1
hajong_chilapara,,katʰol,jackfruit,,katʰol,lexical-similarity-group:1,kim-ahmad-kim-sangma2011hajong[p. 43],,,hajong:50:hajong_chilapara:1
hajong_balachanda,,katʰol,jackfruit,,katʰol,lexical-similarity-group:1,kim-ahmad-kim-sangma2011hajong[p. 43],,,hajong:50:hajong_balachanda:1
hajong_chilapara,,naɾikol,coconut (ripe),,naɾikol,lexical-similarity-group:1,kim-ahmad-kim-sangma2011hajong[p. 43],,,hajong:51:hajong_chilapara:1
hajong_nirghini,,naɾikol,coconut (ripe),,naɾikol,lexical-similarity-group:1,kim-ahmad-kim-sangma2011hajong[p. 43],,,hajong:51:hajong_nirghini:1
hajong_dalugau,,naɾikol,coconut (ripe),,naɾikol,lexical-similarity-group:1,kim-ahmad-kim-sangma2011hajong[p. 43],,,hajong:51:hajong_dalugau:1
hajong_dhamor,,naɾikol,coconut (ripe),,naɾikol,lexical-similarity-group:1,kim-ahmad-kim-sangma2011hajong[p. 43],,,hajong:51:hajong_dhamor:1
hajong_nugapara,,naɾkol,coconut (ripe),,naɾkol,lexical-similarity-group:1,kim-ahmad-kim-sangma2011hajong[p. 43],,,hajong:51:hajong_nugapara:1
hajong_balachanda,,naɾkol,coconut (ripe),,naɾkol,lexical-similarity-group:1,kim-ahmad-kim-sangma2011hajong[p. 43],,,hajong:51:hajong_balachanda:1
hajong_gopalbari,,nɯrkol,coconut (ripe),,nɯrkol,lexical-similarity-group:1,kim-ahmad-kim-sangma2011hajong[p. 43],,,hajong:51:hajong_gopalbari:1
hajong_gopalpur,,nɯrkol,coconut (ripe),,nɯrkol,lexical-similarity-group:1,kim-ahmad-kim-sangma2011hajong[p. 43],,,hajong:51:hajong_gopalpur:1
hajong_bhalukapara,,nɯrkol,coconut (ripe),,nɯrkol,lexical-similarity-group:1,kim-ahmad-kim-sangma2011hajong[p. 43],,,hajong:51:hajong_bhalukapara:1
hajong_nokshi,,nɯrkɯl,coconut (ripe),,nɯrkɯl,lexical-similarity-group:1,kim-ahmad-kim-sangma2011hajong[p. 43],,,hajong:51:hajong_nokshi:1
hajong_gopalbari,,kola,banana,,kola,lexical-similarity-group:1,kim-ahmad-kim-sangma2011hajong[p. 43],,,hajong:52:hajong_gopalbari:1
hajong_gopalpur,,kola,banana,,kola,lexical-similarity-group:1,kim-ahmad-kim-sangma2011hajong[p. 43],,,hajong:52:hajong_gopalpur:1
hajong_bhalukapara,,kola,banana,,kola,lexical-similarity-group:1,kim-ahmad-kim-sangma2011hajong[p. 43],,,hajong:52:hajong_bhalukapara:1
hajong_nokshi,,kola,banana,,kola,lexical-similarity-group:1,kim-ahmad-kim-sangma2011hajong[p. 43],,,hajong:52:hajong_nokshi:1
hajong_nugapara,,kola,banana,,kola,lexical-similarity-group:1,kim-ahmad-kim-sangma2011hajong[p. 43],,,hajong:52:hajong_nugapara:1
hajong_chilapara,,kola,banana,,kola,lexical-similarity-group:1,kim-ahmad-kim-sangma2011hajong[p. 43],,,hajong:52:hajong_chilapara:1
hajong_nirghini,,kola,banana,,kola,lexical-similarity-group:1,kim-ahmad-kim-sangma2011hajong[p. 43],,,hajong:52:hajong_nirghini:1
hajong_dalugau,,kola,banana,,kola,lexical-similarity-group:1,kim-ahmad-kim-sangma2011hajong[p. 43],,,hajong:52:hajong_dalugau:1
hajong_balachanda,,kola,banana,,kola,lexical-similarity-group:1,kim-ahmad-kim-sangma2011hajong[p. 43],,,hajong:52:hajong_balachanda:1
hajong_dhamor,,kola,banana,,kola,lexical-similarity-group:1,kim-ahmad-kim-sangma2011hajong[p. 43],,,hajong:52:hajong_dhamor:1
hajong_gopalbari,,am,mango,,am,lexical-similarity-group:1,kim-ahmad-kim-sangma2011hajong[p. 43],,,hajong:53:hajong_gopalbari:1
hajong_gopalpur,,am,mango,,am,lexical-similarity-group:1,kim-ahmad-kim-sangma2011hajong[p. 43],,,hajong:53:hajong_gopalpur:1
hajong_bhalukapara,,am,mango,,am,lexical-similarity-group:1,kim-ahmad-kim-sangma2011hajong[p. 43],,,hajong:53:hajong_bhalukapara:1
hajong_nokshi,,am,mango,,am,lexical-similarity-group:1,kim-ahmad-kim-sangma2011hajong[p. 43],,,hajong:53:hajong_nokshi:1
hajong_nugapara,,am,mango,,am,lexical-similarity-group:1,kim-ahmad-kim-sangma2011hajong[p. 43],,,hajong:53:hajong_nugapara:1
hajong_chilapara,,am,mango,,am,lexical-similarity-group:1,kim-ahmad-kim-sangma2011hajong[p. 43],,,hajong:53:hajong_chilapara:1
hajong_nirghini,,am,mango,,am,lexical-similarity-group:1,kim-ahmad-kim-sangma2011hajong[p. 43],,,hajong:53:hajong_nirghini:1
hajong_dalugau,,am,mango,,am,lexical-similarity-group:1,kim-ahmad-kim-sangma2011hajong[p. 43],,,hajong:53:hajong_dalugau:1
hajong_balachanda,,am,mango,,am,lexical-similarity-group:1,kim-ahmad-kim-sangma2011hajong[p. 43],,,hajong:53:hajong_balachanda:1
hajong_dhamor,,am,mango,,am,lexical-similarity-group:1,kim-ahmad-kim-sangma2011hajong[p. 43],,,hajong:53:hajong_dhamor:1
hajong_gopalbari,,pʰul,flower,,pʰul,lexical-similarity-group:1,kim-ahmad-kim-sangma2011hajong[p. 43],,,hajong:54:hajong_gopalbari:1
hajong_gopalpur,,pʰul,flower,,pʰul,lexical-similarity-group:1,kim-ahmad-kim-sangma2011hajong[p. 43],,,hajong:54:hajong_gopalpur:1
hajong_bhalukapara,,pʰul,flower,,pʰul,lexical-similarity-group:1,kim-ahmad-kim-sangma2011hajong[p. 43],,,hajong:54:hajong_bhalukapara:1
hajong_nokshi,,pʰul,flower,,pʰul,lexical-similarity-group:1,kim-ahmad-kim-sangma2011hajong[p. 43],,,hajong:54:hajong_nokshi:1
hajong_nugapara,,pʰul,flower,,pʰul,lexical-similarity-group:1,kim-ahmad-kim-sangma2011hajong[p. 43],,,hajong:54:hajong_nugapara:1
hajong_chilapara,,pʰul,flower,,pʰul,lexical-similarity-group:1,kim-ahmad-kim-sangma2011hajong[p. 43],,,hajong:54:hajong_chilapara:1
hajong_nirghini,,pʰul,flower,,pʰul,lexical-similarity-group:1,kim-ahmad-kim-sangma2011hajong[p. 43],,,hajong:54:hajong_nirghini:1
hajong_dalugau,,pʰul,flower,,pʰul,lexical-similarity-group:1,kim-ahmad-kim-sangma2011hajong[p. 43],,,hajong:54:hajong_dalugau:1
hajong_balachanda,,pʰul,flower,,pʰul,lexical-similarity-group:1,kim-ahmad-kim-sangma2011hajong[p. 43],,,hajong:54:hajong_balachanda:1
hajong_dhamor,,pʰul,flower,,pʰul,lexical-similarity-group:1,kim-ahmad-kim-sangma2011hajong[p. 43],,,hajong:54:hajong_dhamor:1
hajong_gopalbari,,biʃi,seed,,biʃi,lexical-similarity-group:1,kim-ahmad-kim-sangma2011hajong[p. 43],,,hajong:55:hajong_gopalbari:1
hajong_bhalukapara,,biʃi,seed,,biʃi,lexical-similarity-group:1,kim-ahmad-kim-sangma2011hajong[p. 43],,,hajong:55:hajong_bhalukapara:1
hajong_nokshi,,biʃi,seed,,biʃi,lexical-similarity-group:1,kim-ahmad-kim-sangma2011hajong[p. 43],,,hajong:55:hajong_nokshi:1
hajong_gopalbari,,biʃi,seed,,biʃi,lexical-similarity-group:2,kim-ahmad-kim-sangma2011hajong[p. 43],,,hajong:55:hajong_gopalbari:2
hajong_bhalukapara,,biʃi,seed,,biʃi,lexical-similarity-group:2,kim-ahmad-kim-sangma2011hajong[p. 43],,,hajong:55:hajong_bhalukapara:2
hajong_nokshi,,biʃi,seed,,biʃi,lexical-similarity-group:2,kim-ahmad-kim-sangma2011hajong[p. 43],,,hajong:55:hajong_nokshi:2
hajong_gopalpur,,biʃun,seed,,biʃun,lexical-similarity-group:2,kim-ahmad-kim-sangma2011hajong[p. 43],,,hajong:55:hajong_gopalpur:1
hajong_gopalbari,,biʃi,seed,,biʃi,lexical-similarity-group:3,kim-ahmad-kim-sangma2011hajong[p. 43],,,hajong:55:hajong_gopalbari:3
hajong_bhalukapara,,biʃi,seed,,biʃi,lexical-similarity-group:3,kim-ahmad-kim-sangma2011hajong[p. 43],,,hajong:55:hajong_bhalukapara:3
hajong_nokshi,,biʃi,seed,,biʃi,lexical-similarity-group:3,kim-ahmad-kim-sangma2011hajong[p. 43],,,hajong:55:hajong_nokshi:3
hajong_nugapara,,bisi,seed,,bisi,lexical-similarity-group:3,kim-ahmad-kim-sangma2011hajong[p. 43],,,hajong:55:hajong_nugapara:1
hajong_chilapara,,bisi,seed,,bisi,lexical-similarity-group:3,kim-ahmad-kim-sangma2011hajong[p. 43],,,hajong:55:hajong_chilapara:1
hajong_nirghini,,bisi,seed,,bisi,lexical-similarity-group:3,kim-ahmad-kim-sangma2011hajong[p. 43],,,hajong:55:hajong_nirghini:1
hajong_dalugau,,bisi,seed,,bisi,lexical-similarity-group:3,kim-ahmad-kim-sangma2011hajong[p. 43],,,hajong:55:hajong_dalugau:1
hajong_balachanda,,bisi,seed,,bisi,lexical-similarity-group:3,kim-ahmad-kim-sangma2011hajong[p. 43],,,hajong:55:hajong_balachanda:1
hajong_dhamor,,bisi,seed,,bisi,lexical-similarity-group:3,kim-ahmad-kim-sangma2011hajong[p. 43],,,hajong:55:hajong_dhamor:1
hajong_gopalbari,,kuhɛr,sugarcane,,kuhɛr,lexical-similarity-group:1,kim-ahmad-kim-sangma2011hajong[p. 43],,,hajong:56:hajong_gopalbari:1
hajong_gopalpur,,kuhɛr,sugarcane,,kuhɛr,lexical-similarity-group:1,kim-ahmad-kim-sangma2011hajong[p. 43],,,hajong:56:hajong_gopalpur:1
hajong_bhalukapara,,kuhɛr,sugarcane,,kuhɛr,lexical-similarity-group:1,kim-ahmad-kim-sangma2011hajong[p. 43],,,hajong:56:hajong_bhalukapara:1
hajong_nugapara,,kuhiɾ,sugarcane,,kuhiɾ,lexical-similarity-group:1,kim-ahmad-kim-sangma2011hajong[p. 43],,,hajong:56:hajong_nugapara:1
hajong_chilapara,,kuhiɾ,sugarcane,,kuhiɾ,lexical-similarity-group:1,kim-ahmad-kim-sangma2011hajong[p. 43],,,hajong:56:hajong_chilapara:1
hajong_nirghini,,kuhiɾ,sugarcane,,kuhiɾ,lexical-similarity-group:1,kim-ahmad-kim-sangma2011hajong[p. 43],,,hajong:56:hajong_nirghini:1
hajong_dalugau,,kuhiɾ,sugarcane,,kuhiɾ,lexical-similarity-group:1,kim-ahmad-kim-sangma2011hajong[p. 43],,,hajong:56:hajong_dalugau:1
hajong_dhamor,,kuhiɾ,sugarcane,,kuhiɾ,lexical-similarity-group:1,kim-ahmad-kim-sangma2011hajong[p. 43],,,hajong:56:hajong_dhamor:1
hajong_nokshi,,kuhɯr,sugarcane,,kuhɯr,lexical-similarity-group:1,kim-ahmad-kim-sangma2011hajong[p. 43],,,hajong:56:hajong_nokshi:1
hajong_balachanda,,kuʃiɾ,sugarcane,,kuʃiɾ,lexical-similarity-group:1,kim-ahmad-kim-sangma2011hajong[p. 43],,,hajong:56:hajong_balachanda:1
hajong_nugapara,,ɡua,betelnut,,ɡua,lexical-similarity-group:1,kim-ahmad-kim-sangma2011hajong[p. 43],,,hajong:57:hajong_nugapara:1
hajong_chilapara,,ɡua,betelnut,,ɡua,lexical-similarity-group:1,kim-ahmad-kim-sangma2011hajong[p. 43],,,hajong:57:hajong_chilapara:1
hajong_nirghini,,ɡua,betelnut,,ɡua,lexical-similarity-group:1,kim-ahmad-kim-sangma2011hajong[p. 43],,,hajong:57:hajong_nirghini:1
hajong_dalugau,,ɡua,betelnut,,ɡua,lexical-similarity-group:1,kim-ahmad-kim-sangma2011hajong[p. 43],,,hajong:57:hajong_dalugau:1
hajong_balachanda,,ɡua,betelnut,,ɡua,lexical-similarity-group:1,kim-ahmad-kim-sangma2011hajong[p. 43],,,hajong:57:hajong_balachanda:1
hajong_dhamor,,ɡua,betelnut,,ɡua,lexical-similarity-group:1,kim-ahmad-kim-sangma2011hajong[p. 43],,,hajong:57:hajong_dhamor:1
hajong_gopalbari,,ɡuə̯,betelnut,,ɡuə̯,lexical-similarity-group:1,kim-ahmad-kim-sangma2011hajong[p. 43],,,hajong:57:hajong_gopalbari:1
hajong_gopalpur,,ɡuə̯,betelnut,,ɡuə̯,lexical-similarity-group:1,kim-ahmad-kim-sangma2011hajong[p. 43],,,hajong:57:hajong_gopalpur:1
hajong_bhalukapara,,ɡuə̯,betelnut,,ɡuə̯,lexical-similarity-group:1,kim-ahmad-kim-sangma2011hajong[p. 43],,,hajong:57:hajong_bhalukapara:1
hajong_nokshi,,ɡuə̯,betelnut,,ɡuə̯,lexical-similarity-group:1,kim-ahmad-kim-sangma2011hajong[p. 43],,,hajong:57:hajong_nokshi:1
hajong_gopalbari,,tʃun,lime (for betelnut),,tʃun,lexical-similarity-group:1,kim-ahmad-kim-sangma2011hajong[p. 43],,,hajong:58:hajong_gopalbari:1
hajong_gopalpur,,tʃun,lime (for betelnut),,tʃun,lexical-similarity-group:1,kim-ahmad-kim-sangma2011hajong[p. 43],,,hajong:58:hajong_gopalpur:1
hajong_bhalukapara,,tʃun,lime (for betelnut),,tʃun,lexical-similarity-group:1,kim-ahmad-kim-sangma2011hajong[p. 43],,,hajong:58:hajong_bhalukapara:1
hajong_nokshi,,tʃun,lime (for betelnut),,tʃun,lexical-similarity-group:1,kim-ahmad-kim-sangma2011hajong[p. 43],,,hajong:58:hajong_nokshi:1
hajong_nugapara,,tʃun,lime (for betelnut),,tʃun,lexical-similarity-group:1,kim-ahmad-kim-sangma2011hajong[p. 43],,,hajong:58:hajong_nugapara:1
hajong_chilapara,,tʃun,lime (for betelnut),,tʃun,lexical-similarity-group:1,kim-ahmad-kim-sangma2011hajong[p. 43],,,hajong:58:hajong_chilapara:1
hajong_nirghini,,tʃun,lime (for betelnut),,tʃun,lexical-similarity-group:1,kim-ahmad-kim-sangma2011hajong[p. 43],,,hajong:58:hajong_nirghini:1
hajong_dalugau,,tʃun,lime (for betelnut),,tʃun,lexical-similarity-group:1,kim-ahmad-kim-sangma2011hajong[p. 43],,,hajong:58:hajong_dalugau:1
hajong_balachanda,,tʃun,lime (for betelnut),,tʃun,lexical-similarity-group:1,kim-ahmad-kim-sangma2011hajong[p. 43],,,hajong:58:hajong_balachanda:1
hajong_dhamor,,tʃun,lime (for betelnut),,tʃun,lexical-similarity-group:1,kim-ahmad-kim-sangma2011hajong[p. 43],,,hajong:58:hajong_dhamor:1
hajong_gopalbari,,mɔt,liquor,,mɔt,lexical-similarity-group:1,kim-ahmad-kim-sangma2011hajong[p. 43],,,hajong:59:hajong_gopalbari:1
hajong_gopalpur,,mɔt,liquor,,mɔt,lexical-similarity-group:1,kim-ahmad-kim-sangma2011hajong[p. 43],,,hajong:59:hajong_gopalpur:1
hajong_bhalukapara,,mɔt,liquor,,mɔt,lexical-similarity-group:1,kim-ahmad-kim-sangma2011hajong[p. 43],,,hajong:59:hajong_bhalukapara:1
hajong_nokshi,,mɔt,liquor,,mɔt,lexical-similarity-group:1,kim-ahmad-kim-sangma2011hajong[p. 43],,,hajong:59:hajong_nokshi:1
hajong_dhamor,,mod,liquor,,mod,lexical-similarity-group:1,kim-ahmad-kim-sangma2011hajong[p. 43],,,hajong:59:hajong_dhamor:1
hajong_nirghini,,modʰu,liquor,,modʰu,lexical-similarity-group:1,kim-ahmad-kim-sangma2011hajong[p. 43],,,hajong:59:hajong_nirghini:1
hajong_nugapara,,mot̪,liquor,,mot̪,lexical-similarity-group:1,kim-ahmad-kim-sangma2011hajong[p. 43],,,hajong:59:hajong_nugapara:1
hajong_chilapara,,mot̪,liquor,,mot̪,lexical-similarity-group:1,kim-ahmad-kim-sangma2011hajong[p. 43],,,hajong:59:hajong_chilapara:1
hajong_dalugau,,mot̪,liquor,,mot̪,lexical-similarity-group:1,kim-ahmad-kim-sangma2011hajong[p. 43],,,hajong:59:hajong_dalugau:1
hajong_balachanda,,mot̪,liquor,,mot̪,lexical-similarity-group:1,kim-ahmad-kim-sangma2011hajong[p. 43],,,hajong:59:hajong_balachanda:1
hajong_gopalbari,,dut,milk,,dut,lexical-similarity-group:1,kim-ahmad-kim-sangma2011hajong[p. 43],,,hajong:60:hajong_gopalbari:1
hajong_gopalpur,,dut,milk,,dut,lexical-similarity-group:1,kim-ahmad-kim-sangma2011hajong[p. 43],,,hajong:60:hajong_gopalpur:1
hajong_bhalukapara,,dut,milk,,dut,lexical-similarity-group:1,kim-ahmad-kim-sangma2011hajong[p. 43],,,hajong:60:hajong_bhalukapara:1
hajong_nokshi,,dut,milk,,dut,lexical-similarity-group:1,kim-ahmad-kim-sangma2011hajong[p. 43],,,hajong:60:hajong_nokshi:1
hajong_chilapara,,dut,milk,,dut,lexical-similarity-group:1,kim-ahmad-kim-sangma2011hajong[p. 43],,,hajong:60:hajong_chilapara:1
hajong_nirghini,,dut,milk,,dut,lexical-similarity-group:1,kim-ahmad-kim-sangma2011hajong[p. 43],,,hajong:60:hajong_nirghini:1
hajong_dalugau,,dut,milk,,dut,lexical-similarity-group:1,kim-ahmad-kim-sangma2011hajong[p. 43],,,hajong:60:hajong_dalugau:1
hajong_balachanda,,dut,milk,,dut,lexical-similarity-group:1,kim-ahmad-kim-sangma2011hajong[p. 43],,,hajong:60:hajong_balachanda:1
hajong_dhamor,,dut,milk,,dut,lexical-similarity-group:1,kim-ahmad-kim-sangma2011hajong[p. 43],,,hajong:60:hajong_dhamor:1
hajong_nugapara,,d̪ut̪,milk,,d̪ut̪,lexical-similarity-group:1,kim-ahmad-kim-sangma2011hajong[p. 43],,,hajong:60:hajong_nugapara:1
hajong_gopalbari,,tɛl,oil,,tɛl,lexical-similarity-group:1,kim-ahmad-kim-sangma2011hajong[p. 43],,,hajong:61:hajong_gopalbari:1
hajong_gopalpur,,tɛl,oil,,tɛl,lexical-similarity-group:1,kim-ahmad-kim-sangma2011hajong[p. 43],,,hajong:61:hajong_gopalpur:1
hajong_bhalukapara,,tɛl,oil,,tɛl,lexical-similarity-group:1,kim-ahmad-kim-sangma2011hajong[p. 43],,,hajong:61:hajong_bhalukapara:1
hajong_nokshi,,tɛl,oil,,tɛl,lexical-similarity-group:1,kim-ahmad-kim-sangma2011hajong[p. 43],,,hajong:61:hajong_nokshi:1
hajong_nugapara,,t̪el,oil,,t̪el,lexical-similarity-group:1,kim-ahmad-kim-sangma2011hajong[p. 43],,,hajong:61:hajong_nugapara:1
hajong_chilapara,,t̪el,oil,,t̪el,lexical-similarity-group:1,kim-ahmad-kim-sangma2011hajong[p. 43],,,hajong:61:hajong_chilapara:1
hajong_nirghini,,t̪el,oil,,t̪el,lexical-similarity-group:1,kim-ahmad-kim-sangma2011hajong[p. 43],,,hajong:61:hajong_nirghini:1
hajong_dalugau,,t̪el,oil,,t̪el,lexical-similarity-group:1,kim-ahmad-kim-sangma2011hajong[p. 43],,,hajong:61:hajong_dalugau:1
hajong_balachanda,,t̪el,oil,,t̪el,lexical-similarity-group:1,kim-ahmad-kim-sangma2011hajong[p. 43],,,hajong:61:hajong_balachanda:1
hajong_dhamor,,t̪el,oil,,t̪el,lexical-similarity-group:1,kim-ahmad-kim-sangma2011hajong[p. 43],,,hajong:61:hajong_dhamor:1
hajong_nugapara,,maŋso,meat,,maŋso,lexical-similarity-group:1,kim-ahmad-kim-sangma2011hajong[p. 43],,,hajong:62:hajong_nugapara:1
hajong_dalugau,,maŋso,meat,,maŋso,lexical-similarity-group:1,kim-ahmad-kim-sangma2011hajong[p. 43],,,hajong:62:hajong_dalugau:1
hajong_balachanda,,maŋso,meat,,maŋso,lexical-similarity-group:1,kim-ahmad-kim-sangma2011hajong[p. 43],,,hajong:62:hajong_balachanda:1
hajong_dhamor,,maŋso,meat,,maŋso,lexical-similarity-group:1,kim-ahmad-kim-sangma2011hajong[p. 43],,,hajong:62:hajong_dhamor:1
hajong_nirghini,,mas,meat,,mas,lexical-similarity-group:2,kim-ahmad-kim-sangma2011hajong[p. 43],,,hajong:62:hajong_nirghini:1
hajong_balachanda,,sakti,meat,,sakti,lexical-similarity-group:3,kim-ahmad-kim-sangma2011hajong[p. 43],,,hajong:62:hajong_balachanda:2
hajong_gopalbari,,maʃaŋ,meat,,maʃaŋ,lexical-similarity-group:4,kim-ahmad-kim-sangma2011hajong[p. 43],,,hajong:62:hajong_gopalbari:1
hajong_gopalpur,,maʃaŋ,meat,,maʃaŋ,lexical-similarity-group:4,kim-ahmad-kim-sangma2011hajong[p. 43],,,hajong:62:hajong_gopalpur:1
hajong_bhalukapara,,maʃaŋ,meat,,maʃaŋ,lexical-similarity-group:4,kim-ahmad-kim-sangma2011hajong[p. 43],,,hajong:62:hajong_bhalukapara:1
hajong_nokshi,,maʃaŋ,meat,,maʃaŋ,lexical-similarity-group:4,kim-ahmad-kim-sangma2011hajong[p. 43],,,hajong:62:hajong_nokshi:1
hajong_chilapara,,masaŋ,meat,,masaŋ,lexical-similarity-group:4,kim-ahmad-kim-sangma2011hajong[p. 43],,,hajong:62:hajong_chilapara:1
hajong_nugapara,,nun,salt,,nun,lexical-similarity-group:1,kim-ahmad-kim-sangma2011hajong[p. 43],,,hajong:63:hajong_nugapara:1
hajong_chilapara,,nun,salt,,nun,lexical-similarity-group:1,kim-ahmad-kim-sangma2011hajong[p. 43],,,hajong:63:hajong_chilapara:1
hajong_nirghini,,nun,salt,,nun,lexical-similarity-group:1,kim-ahmad-kim-sangma2011hajong[p. 43],,,hajong:63:hajong_nirghini:1
hajong_balachanda,,nun,salt,,nun,lexical-similarity-group:1,kim-ahmad-kim-sangma2011hajong[p. 43],,,hajong:63:hajong_balachanda:1
hajong_dhamor,,nun,salt,,nun,lexical-similarity-group:1,kim-ahmad-kim-sangma2011hajong[p. 43],,,hajong:63:hajong_dhamor:1
hajong_gopalbari,,lɔbon,salt,,lɔbon,lexical-similarity-group:2,kim-ahmad-kim-sangma2011hajong[p. 43],,,hajong:63:hajong_gopalbari:1
hajong_gopalpur,,lɔbon,salt,,lɔbon,lexical-similarity-group:2,kim-ahmad-kim-sangma2011hajong[p. 43],,,hajong:63:hajong_gopalpur:1
hajong_bhalukapara,,lɔbon,salt,,lɔbon,lexical-similarity-group:2,kim-ahmad-kim-sangma2011hajong[p. 43],,,hajong:63:hajong_bhalukapara:1
hajong_nokshi,,lɔbon,salt,,lɔbon,lexical-similarity-group:2,kim-ahmad-kim-sangma2011hajong[p. 43],,,hajong:63:hajong_nokshi:1
hajong_nirghini,,lobon,salt,,lobon,lexical-similarity-group:2,kim-ahmad-kim-sangma2011hajong[p. 43],,,hajong:63:hajong_nirghini:2
hajong_dalugau,,lobon,salt,,lobon,lexical-similarity-group:2,kim-ahmad-kim-sangma2011hajong[p. 43],,,hajong:63:hajong_dalugau:1
hajong_gopalbari,,pei̯s,onion,,pei̯s,lexical-similarity-group:1,kim-ahmad-kim-sangma2011hajong[p. 43],,,hajong:64:hajong_gopalbari:1
hajong_nugapara,,pias,onion,,pias,lexical-similarity-group:1,kim-ahmad-kim-sangma2011hajong[p. 43],,,hajong:64:hajong_nugapara:1
hajong_chilapara,,pias,onion,,pias,lexical-similarity-group:1,kim-ahmad-kim-sangma2011hajong[p. 43],,,hajong:64:hajong_chilapara:1
hajong_nirghini,,pias,onion,,pias,lexical-similarity-group:1,kim-ahmad-kim-sangma2011hajong[p. 43],,,hajong:64:hajong_nirghini:1
hajong_dalugau,,pias,onion,,pias,lexical-similarity-group:1,kim-ahmad-kim-sangma2011hajong[p. 43],,,hajong:64:hajong_dalugau:1
hajong_balachanda,,pias,onion,,pias,lexical-similarity-group:1,kim-ahmad-kim-sangma2011hajong[p. 43],,,hajong:64:hajong_balachanda:1
hajong_dhamor,,pias,onion,,pias,lexical-similarity-group:1,kim-ahmad-kim-sangma2011hajong[p. 43],,,hajong:64:hajong_dhamor:1
hajong_gopalpur,,piɯ̯s,onion,,piɯ̯s,lexical-similarity-group:1,kim-ahmad-kim-sangma2011hajong[p. 43],,,hajong:64:hajong_gopalpur:1
hajong_bhalukapara,,piɯ̯s,onion,,piɯ̯s,lexical-similarity-group:1,kim-ahmad-kim-sangma2011hajong[p. 43],,,hajong:64:hajong_bhalukapara:1
hajong_nokshi,,piɯ̯s,onion,,piɯ̯s,lexical-similarity-group:1,kim-ahmad-kim-sangma2011hajong[p. 43],,,hajong:64:hajong_nokshi:1
hajong_balachanda,,ɾosun,garlic,,ɾosun,lexical-similarity-group:1,kim-ahmad-kim-sangma2011hajong[p. 44],,,hajong:65:hajong_balachanda:1
hajong_bhalukapara,,ɾuhun,garlic,,ɾuhun,lexical-similarity-group:1,kim-ahmad-kim-sangma2011hajong[p. 44],,,hajong:65:hajong_bhalukapara:1
hajong_nokshi,,ɾuhun,garlic,,ɾuhun,lexical-similarity-group:1,kim-ahmad-kim-sangma2011hajong[p. 44],,,hajong:65:hajong_nokshi:1
hajong_chilapara,,ɾuhun,garlic,,ɾuhun,lexical-similarity-group:1,kim-ahmad-kim-sangma2011hajong[p. 44],,,hajong:65:hajong_chilapara:1
hajong_dalugau,,ɾuhun,garlic,,ɾuhun,lexical-similarity-group:1,kim-ahmad-kim-sangma2011hajong[p. 44],,,hajong:65:hajong_dalugau:1
hajong_dhamor,,ɾuhun,garlic,,ɾuhun,lexical-similarity-group:1,kim-ahmad-kim-sangma2011hajong[p. 44],,,hajong:65:hajong_dhamor:1
hajong_nugapara,,ɾusun,garlic,,ɾusun,lexical-similarity-group:1,kim-ahmad-kim-sangma2011hajong[p. 44],,,hajong:65:hajong_nugapara:1
hajong_nirghini,,ɾusun,garlic,,ɾusun,lexical-similarity-group:1,kim-ahmad-kim-sangma2011hajong[p. 44],,,hajong:65:hajong_nirghini:1
hajong_gopalbari,,dolapei̯s,garlic,,dolapei̯s,lexical-similarity-group:2,kim-ahmad-kim-sangma2011hajong[p. 44],,,hajong:65:hajong_gopalbari:1
hajong_gopalpur,,dolapiɯ̯s,garlic,,dolapiɯ̯s,lexical-similarity-group:2,kim-ahmad-kim-sangma2011hajong[p. 44],,,hajong:65:hajong_gopalpur:1
hajong_bhalukapara,,dolapiɯ̯s,garlic,,dolapiɯ̯s,lexical-similarity-group:2,kim-ahmad-kim-sangma2011hajong[p. 44],,,hajong:65:hajong_bhalukapara:2
hajong_gopalbari,,moɾis,red pepper; chili,,moɾis,lexical-similarity-group:1,kim-ahmad-kim-sangma2011hajong[p. 44],,,hajong:66:hajong_gopalbari:1
hajong_gopalpur,,moɾitʃ,red pepper; chili,,moɾitʃ,lexical-similarity-group:1,kim-ahmad-kim-sangma2011hajong[p. 44],,,hajong:66:hajong_gopalpur:1
hajong_bhalukapara,,moɾitʃ,red pepper; chili,,moɾitʃ,lexical-similarity-group:1,kim-ahmad-kim-sangma2011hajong[p. 44],,,hajong:66:hajong_bhalukapara:1
hajong_nokshi,,moɾitʃ,red pepper; chili,,moɾitʃ,lexical-similarity-group:1,kim-ahmad-kim-sangma2011hajong[p. 44],,,hajong:66:hajong_nokshi:1
hajong_nugapara,,muɾis,red pepper; chili,,muɾis,lexical-similarity-group:1,kim-ahmad-kim-sangma2011hajong[p. 44],,,hajong:66:hajong_nugapara:1
hajong_chilapara,,muɾis,red pepper; chili,,muɾis,lexical-similarity-group:1,kim-ahmad-kim-sangma2011hajong[p. 44],,,hajong:66:hajong_chilapara:1
hajong_nirghini,,muɾis,red pepper; chili,,muɾis,lexical-similarity-group:1,kim-ahmad-kim-sangma2011hajong[p. 44],,,hajong:66:hajong_nirghini:1
hajong_dalugau,,muɾis,red pepper; chili,,muɾis,lexical-similarity-group:1,kim-ahmad-kim-sangma2011hajong[p. 44],,,hajong:66:hajong_dalugau:1
hajong_balachanda,,muɾis,red pepper; chili,,muɾis,lexical-similarity-group:1,kim-ahmad-kim-sangma2011hajong[p. 44],,,hajong:66:hajong_balachanda:1
hajong_dhamor,,muɾis,red pepper; chili,,muɾis,lexical-similarity-group:1,kim-ahmad-kim-sangma2011hajong[p. 44],,,hajong:66:hajong_dhamor:1
hajong_gopalbari,,ati,elephant,,ati,lexical-similarity-group:1,kim-ahmad-kim-sangma2011hajong[p. 44],,,hajong:67:hajong_gopalbari:1
hajong_gopalpur,,hati,elephant,,hati,lexical-similarity-group:1,kim-ahmad-kim-sangma2011hajong[p. 44],,,hajong:67:hajong_gopalpur:1
hajong_bhalukapara,,hati,elephant,,hati,lexical-similarity-group:1,kim-ahmad-kim-sangma2011hajong[p. 44],,,hajong:67:hajong_bhalukapara:1
hajong_nokshi,,hati,elephant,,hati,lexical-similarity-group:1,kim-ahmad-kim-sangma2011hajong[p. 44],,,hajong:67:hajong_nokshi:1
hajong_nugapara,,hat̪i,elephant,,hat̪i,lexical-similarity-group:1,kim-ahmad-kim-sangma2011hajong[p. 44],,,hajong:67:hajong_nugapara:1
hajong_chilapara,,hat̪i,elephant,,hat̪i,lexical-similarity-group:1,kim-ahmad-kim-sangma2011hajong[p. 44],,,hajong:67:hajong_chilapara:1
hajong_nirghini,,hat̪i,elephant,,hat̪i,lexical-similarity-group:1,kim-ahmad-kim-sangma2011hajong[p. 44],,,hajong:67:hajong_nirghini:1
hajong_dalugau,,hat̪i,elephant,,hat̪i,lexical-similarity-group:1,kim-ahmad-kim-sangma2011hajong[p. 44],,,hajong:67:hajong_dalugau:1
hajong_balachanda,,hat̪i,elephant,,hat̪i,lexical-similarity-group:1,kim-ahmad-kim-sangma2011hajong[p. 44],,,hajong:67:hajong_balachanda:1
hajong_dhamor,,hat̪i,elephant,,hat̪i,lexical-similarity-group:1,kim-ahmad-kim-sangma2011hajong[p. 44],,,hajong:67:hajong_dhamor:1
hajong_gopalpur,,baɡʰ,tiger,,baɡʰ,lexical-similarity-group:1,kim-ahmad-kim-sangma2011hajong[p. 44],,,hajong:68:hajong_gopalpur:1
hajong_nokshi,,baɡʰ,tiger,,baɡʰ,lexical-similarity-group:1,kim-ahmad-kim-sangma2011hajong[p. 44],,,hajong:68:hajong_nokshi:1
hajong_gopalbari,,bak,tiger,,bak,lexical-similarity-group:1,kim-ahmad-kim-sangma2011hajong[p. 44],,,hajong:68:hajong_gopalbari:1
hajong_bhalukapara,,bak,tiger,,bak,lexical-similarity-group:1,kim-ahmad-kim-sangma2011hajong[p. 44],,,hajong:68:hajong_bhalukapara:1
hajong_nugapara,,bak,tiger,,bak,lexical-similarity-group:1,kim-ahmad-kim-sangma2011hajong[p. 44],,,hajong:68:hajong_nugapara:1
hajong_chilapara,,bak,tiger,,bak,lexical-similarity-group:1,kim-ahmad-kim-sangma2011hajong[p. 44],,,hajong:68:hajong_chilapara:1
hajong_nirghini,,bak,tiger,,bak,lexical-similarity-group:1,kim-ahmad-kim-sangma2011hajong[p. 44],,,hajong:68:hajong_nirghini:1
hajong_dalugau,,bak,tiger,,bak,lexical-similarity-group:1,kim-ahmad-kim-sangma2011hajong[p. 44],,,hajong:68:hajong_dalugau:1
hajong_balachanda,,bak,tiger,,bak,lexical-similarity-group:1,kim-ahmad-kim-sangma2011hajong[p. 44],,,hajong:68:hajong_balachanda:1
hajong_dhamor,,bak,tiger,,bak,lexical-similarity-group:1,kim-ahmad-kim-sangma2011hajong[p. 44],,,hajong:68:hajong_dhamor:1
hajong_gopalbari,,balu,bear,,balu,lexical-similarity-group:1,kim-ahmad-kim-sangma2011hajong[p. 44],,,hajong:69:hajong_gopalbari:1
hajong_nugapara,,bʰalu,bear,,bʰalu,lexical-similarity-group:1,kim-ahmad-kim-sangma2011hajong[p. 44],,,hajong:69:hajong_nugapara:1
hajong_dalugau,,bʰalu,bear,,bʰalu,lexical-similarity-group:1,kim-ahmad-kim-sangma2011hajong[p. 44],,,hajong:69:hajong_dalugau:1
hajong_gopalpur,,bʰaluk,bear,,bʰaluk,lexical-similarity-group:1,kim-ahmad-kim-sangma2011hajong[p. 44],,,hajong:69:hajong_gopalpur:1
hajong_bhalukapara,,bʰaluk,bear,,bʰaluk,lexical-similarity-group:1,kim-ahmad-kim-sangma2011hajong[p. 44],,,hajong:69:hajong_bhalukapara:1
hajong_nokshi,,bʰaluk,bear,,bʰaluk,lexical-similarity-group:1,kim-ahmad-kim-sangma2011hajong[p. 44],,,hajong:69:hajong_nokshi:1
hajong_chilapara,,bʰaluk,bear,,bʰaluk,lexical-similarity-group:1,kim-ahmad-kim-sangma2011hajong[p. 44],,,hajong:69:hajong_chilapara:1
hajong_nirghini,,bʰaluk,bear,,bʰaluk,lexical-similarity-group:1,kim-ahmad-kim-sangma2011hajong[p. 44],,,hajong:69:hajong_nirghini:1
hajong_balachanda,,bʰaluk,bear,,bʰaluk,lexical-similarity-group:1,kim-ahmad-kim-sangma2011hajong[p. 44],,,hajong:69:hajong_balachanda:1
hajong_dhamor,,bʰaluk,bear,,bʰaluk,lexical-similarity-group:1,kim-ahmad-kim-sangma2011hajong[p. 44],,,hajong:69:hajong_dhamor:1
hajong_gopalpur,,hoɾɪn,deer,,hoɾɪn,lexical-similarity-group:1,kim-ahmad-kim-sangma2011hajong[p. 44],,,hajong:70:hajong_gopalpur:1
hajong_bhalukapara,,hoɾɪn,deer,,hoɾɪn,lexical-similarity-group:1,kim-ahmad-kim-sangma2011hajong[p. 44],,,hajong:70:hajong_bhalukapara:1
hajong_nugapara,,hoɾiŋ,deer,,hoɾiŋ,lexical-similarity-group:1,kim-ahmad-kim-sangma2011hajong[p. 44],,,hajong:70:hajong_nugapara:1
hajong_chilapara,,hoɾiŋ,deer,,hoɾiŋ,lexical-similarity-group:1,kim-ahmad-kim-sangma2011hajong[p. 44],,,hajong:70:hajong_chilapara:1
hajong_nirghini,,hoɾiŋ,deer,,hoɾiŋ,lexical-similarity-group:1,kim-ahmad-kim-sangma2011hajong[p. 44],,,hajong:70:hajong_nirghini:1
hajong_dalugau,,hoɾiŋ,deer,,hoɾiŋ,lexical-similarity-group:1,kim-ahmad-kim-sangma2011hajong[p. 44],,,hajong:70:hajong_dalugau:1
hajong_balachanda,,hoɾiŋ,deer,,hoɾiŋ,lexical-similarity-group:1,kim-ahmad-kim-sangma2011hajong[p. 44],,,hajong:70:hajong_balachanda:1
hajong_dhamor,,hoɾiŋ,deer,,hoɾiŋ,lexical-similarity-group:1,kim-ahmad-kim-sangma2011hajong[p. 44],,,hajong:70:hajong_dhamor:1
hajong_nokshi,,huɾɪŋ,deer,,huɾɪŋ,lexical-similarity-group:1,kim-ahmad-kim-sangma2011hajong[p. 44],,,hajong:70:hajong_nokshi:1
hajong_gopalbari,,uɾɪn,deer,,uɾɪn,lexical-similarity-group:1,kim-ahmad-kim-sangma2011hajong[p. 44],,,hajong:70:hajong_gopalbari:1
hajong_gopalbari,,bandor,monkey,,bandor,lexical-similarity-group:1,kim-ahmad-kim-sangma2011hajong[p. 44],,,hajong:71:hajong_gopalbari:1
hajong_gopalpur,,bandor,monkey,,bandor,lexical-similarity-group:1,kim-ahmad-kim-sangma2011hajong[p. 44],,,hajong:71:hajong_gopalpur:1
hajong_bhalukapara,,bandor,monkey,,bandor,lexical-similarity-group:1,kim-ahmad-kim-sangma2011hajong[p. 44],,,hajong:71:hajong_bhalukapara:1
hajong_nokshi,,bandor,monkey,,bandor,lexical-similarity-group:1,kim-ahmad-kim-sangma2011hajong[p. 44],,,hajong:71:hajong_nokshi:1
hajong_nugapara,,bandor,monkey,,bandor,lexical-similarity-group:1,kim-ahmad-kim-sangma2011hajong[p. 44],,,hajong:71:hajong_nugapara:1
hajong_chilapara,,bandor,monkey,,bandor,lexical-similarity-group:1,kim-ahmad-kim-sangma2011hajong[p. 44],,,hajong:71:hajong_chilapara:1
hajong_nirghini,,bandor,monkey,,bandor,lexical-similarity-group:1,kim-ahmad-kim-sangma2011hajong[p. 44],,,hajong:71:hajong_nirghini:1
hajong_dalugau,,bandor,monkey,,bandor,lexical-similarity-group:1,kim-ahmad-kim-sangma2011hajong[p. 44],,,hajong:71:hajong_dalugau:1
hajong_balachanda,,bandor,monkey,,bandor,lexical-similarity-group:1,kim-ahmad-kim-sangma2011hajong[p. 44],,,hajong:71:hajong_balachanda:1
hajong_dhamor,,bandor,monkey,,bandor,lexical-similarity-group:1,kim-ahmad-kim-sangma2011hajong[p. 44],,,hajong:71:hajong_dhamor:1
hajong_nugapara,,kʰuɾɡos,rabbit,,kʰuɾɡos,lexical-similarity-group:1,kim-ahmad-kim-sangma2011hajong[p. 44],,,hajong:72:hajong_nugapara:1
hajong_dalugau,,kʰuɾɡos,rabbit,,kʰuɾɡos,lexical-similarity-group:1,kim-ahmad-kim-sangma2011hajong[p. 44],,,hajong:72:hajong_dalugau:1
hajong_dhamor,,kʰuɾɡos,rabbit,,kʰuɾɡos,lexical-similarity-group:1,kim-ahmad-kim-sangma2011hajong[p. 44],,,hajong:72:hajong_dhamor:1
hajong_bhalukapara,,kʰurɡus,rabbit,,kʰurɡus,lexical-similarity-group:1,kim-ahmad-kim-sangma2011hajong[p. 44],,,hajong:72:hajong_bhalukapara:1
hajong_nokshi,,kʰurɡus,rabbit,,kʰurɡus,lexical-similarity-group:1,kim-ahmad-kim-sangma2011hajong[p. 44],,,hajong:72:hajong_nokshi:1
hajong_dhamor,,hidʒabaɾi,rabbit,,hidʒabaɾi,lexical-similarity-group:2,kim-ahmad-kim-sangma2011hajong[p. 44],,,hajong:72:hajong_dhamor:2
hajong_nugapara,,hidʒabiri,rabbit,,hidʒabiri,lexical-similarity-group:2,kim-ahmad-kim-sangma2011hajong[p. 44],,,hajong:72:hajong_nugapara:2
hajong_balachanda,,tʰosahiɾin,rabbit,,tʰosahiɾin,lexical-similarity-group:3,kim-ahmad-kim-sangma2011hajong[p. 44],,,hajong:72:hajong_balachanda:1
hajong_chilapara,,hebeɾe,rabbit,,hebeɾe,lexical-similarity-group:4,kim-ahmad-kim-sangma2011hajong[p. 44],,,hajong:72:hajong_chilapara:1
hajong_nirghini,,hebeɾe,rabbit,,hebeɾe,lexical-similarity-group:4,kim-ahmad-kim-sangma2011hajong[p. 44],,,hajong:72:hajong_nirghini:1
hajong_gopalbari,,horsa uɾɪn,rabbit,,horsa uɾɪn,lexical-similarity-group:5,kim-ahmad-kim-sangma2011hajong[p. 44],,,hajong:72:hajong_gopalbari:1
hajong_gopalpur,,horsa uɾɪn,rabbit,,horsa uɾɪn,lexical-similarity-group:5,kim-ahmad-kim-sangma2011hajong[p. 44],,,hajong:72:hajong_gopalpur:1
hajong_nirghini,,sap,snake,,sap,lexical-similarity-group:1,kim-ahmad-kim-sangma2011hajong[p. 44],,,hajong:73:hajong_nirghini:1
hajong_balachanda,,sap,snake,,sap,lexical-similarity-group:1,kim-ahmad-kim-sangma2011hajong[p. 44],,,hajong:73:hajong_balachanda:1
hajong_gopalbari,,hap,snake,,hap,lexical-similarity-group:2,kim-ahmad-kim-sangma2011hajong[p. 44],,,hajong:73:hajong_gopalbari:1
hajong_gopalpur,,hap,snake,,hap,lexical-similarity-group:2,kim-ahmad-kim-sangma2011hajong[p. 44],,,hajong:73:hajong_gopalpur:1
hajong_bhalukapara,,hap,snake,,hap,lexical-similarity-group:2,kim-ahmad-kim-sangma2011hajong[p. 44],,,hajong:73:hajong_bhalukapara:1
hajong_nokshi,,hap,snake,,hap,lexical-similarity-group:2,kim-ahmad-kim-sangma2011hajong[p. 44],,,hajong:73:hajong_nokshi:1
hajong_nugapara,,hap,snake,,hap,lexical-similarity-group:2,kim-ahmad-kim-sangma2011hajong[p. 44],,,hajong:73:hajong_nugapara:1
hajong_chilapara,,hap,snake,,hap,lexical-similarity-group:2,kim-ahmad-kim-sangma2011hajong[p. 44],,,hajong:73:hajong_chilapara:1
hajong_dalugau,,hap,snake,,hap,lexical-similarity-group:2,kim-ahmad-kim-sangma2011hajong[p. 44],,,hajong:73:hajong_dalugau:1
hajong_dhamor,,hap,snake,,hap,lexical-similarity-group:2,kim-ahmad-kim-sangma2011hajong[p. 44],,,hajong:73:hajong_dhamor:1
hajong_balachanda,,kumbiɾ,crocodile,,kumbiɾ,lexical-similarity-group:1,kim-ahmad-kim-sangma2011hajong[p. 44],,,hajong:74:hajong_balachanda:1
hajong_gopalbari,,kumir,crocodile,,kumir,lexical-similarity-group:1,kim-ahmad-kim-sangma2011hajong[p. 44],,,hajong:74:hajong_gopalbari:1
hajong_gopalpur,,kumir,crocodile,,kumir,lexical-similarity-group:1,kim-ahmad-kim-sangma2011hajong[p. 44],,,hajong:74:hajong_gopalpur:1
hajong_bhalukapara,,kumir,crocodile,,kumir,lexical-similarity-group:1,kim-ahmad-kim-sangma2011hajong[p. 44],,,hajong:74:hajong_bhalukapara:1
hajong_nokshi,,kumir,crocodile,,kumir,lexical-similarity-group:1,kim-ahmad-kim-sangma2011hajong[p. 44],,,hajong:74:hajong_nokshi:1
hajong_nugapara,,kumiɾ,crocodile,,kumiɾ,lexical-similarity-group:1,kim-ahmad-kim-sangma2011hajong[p. 44],,,hajong:74:hajong_nugapara:1
hajong_chilapara,,kumiɾ,crocodile,,kumiɾ,lexical-similarity-group:1,kim-ahmad-kim-sangma2011hajong[p. 44],,,hajong:74:hajong_chilapara:1
hajong_nirghini,,kumiɾ,crocodile,,kumiɾ,lexical-similarity-group:1,kim-ahmad-kim-sangma2011hajong[p. 44],,,hajong:74:hajong_nirghini:1
hajong_dalugau,,kumiɾ,crocodile,,kumiɾ,lexical-similarity-group:1,kim-ahmad-kim-sangma2011hajong[p. 44],,,hajong:74:hajong_dalugau:1
hajong_dhamor,,kumiɾ,crocodile,,kumiɾ,lexical-similarity-group:1,kim-ahmad-kim-sangma2011hajong[p. 44],,,hajong:74:hajong_dhamor:1
hajong_balachanda,,dʒitibaɾi,house lizard (gecko),,dʒitibaɾi,lexical-similarity-group:1,kim-ahmad-kim-sangma2011hajong[p. 44],,,hajong:75:hajong_balachanda:1
hajong_gopalbari,,tʃilabɯɾi,house lizard (gecko),,tʃilabɯɾi,lexical-similarity-group:2,kim-ahmad-kim-sangma2011hajong[p. 44],,,hajong:75:hajong_gopalbari:1
hajong_gopalpur,,tʃilabɯɾi,house lizard (gecko),,tʃilabɯɾi,lexical-similarity-group:2,kim-ahmad-kim-sangma2011hajong[p. 44],,,hajong:75:hajong_gopalpur:1
hajong_bhalukapara,,tʃilabɯɾi,house lizard (gecko),,tʃilabɯɾi,lexical-similarity-group:2,kim-ahmad-kim-sangma2011hajong[p. 44],,,hajong:75:hajong_bhalukapara:1
hajong_nokshi,,tʃilabɯɾɯ,house lizard (gecko),,tʃilabɯɾɯ,lexical-similarity-group:2,kim-ahmad-kim-sangma2011hajong[p. 44],,,hajong:75:hajong_nokshi:1
hajong_nugapara,,tʃilabaɾi,house lizard (gecko),,tʃilabaɾi,lexical-similarity-group:2,kim-ahmad-kim-sangma2011hajong[p. 44],,,hajong:75:hajong_nugapara:1
hajong_chilapara,,tʃilabaɾi,house lizard (gecko),,tʃilabaɾi,lexical-similarity-group:2,kim-ahmad-kim-sangma2011hajong[p. 44],,,hajong:75:hajong_chilapara:1
hajong_nirghini,,tʃilabaɾi,house lizard (gecko),,tʃilabaɾi,lexical-similarity-group:2,kim-ahmad-kim-sangma2011hajong[p. 44],,,hajong:75:hajong_nirghini:1
hajong_dalugau,,tʃilabaɾi,house lizard (gecko),,tʃilabaɾi,lexical-similarity-group:2,kim-ahmad-kim-sangma2011hajong[p. 44],,,hajong:75:hajong_dalugau:1
hajong_dhamor,,tʃilabaɾi,house lizard (gecko),,tʃilabaɾi,lexical-similarity-group:2,kim-ahmad-kim-sangma2011hajong[p. 44],,,hajong:75:hajong_dhamor:1
hajong_dhamor,,katʃə,turtle,,katʃə,lexical-similarity-group:1,kim-ahmad-kim-sangma2011hajong[p. 44],,,hajong:76:hajong_dhamor:1
hajong_nugapara,,katʃua,turtle,,katʃua,lexical-similarity-group:1,kim-ahmad-kim-sangma2011hajong[p. 44],,,hajong:76:hajong_nugapara:1
hajong_nirghini,,katʃua,turtle,,katʃua,lexical-similarity-group:1,kim-ahmad-kim-sangma2011hajong[p. 44],,,hajong:76:hajong_nirghini:1
hajong_dalugau,,katʃua,turtle,,katʃua,lexical-similarity-group:1,kim-ahmad-kim-sangma2011hajong[p. 44],,,hajong:76:hajong_dalugau:1
hajong_balachanda,,katʃua,turtle,,katʃua,lexical-similarity-group:1,kim-ahmad-kim-sangma2011hajong[p. 44],,,hajong:76:hajong_balachanda:1
hajong_dhamor,,katʃə,turtle,,katʃə,lexical-similarity-group:2,kim-ahmad-kim-sangma2011hajong[p. 44],,,hajong:76:hajong_dhamor:2
hajong_bhalukapara,,kɯtʃʰɯ,turtle,,kɯtʃʰɯ,lexical-similarity-group:2,kim-ahmad-kim-sangma2011hajong[p. 44],,,hajong:76:hajong_bhalukapara:1
hajong_nokshi,,kɯtʃʰɯ,turtle,,kɯtʃʰɯ,lexical-similarity-group:2,kim-ahmad-kim-sangma2011hajong[p. 44],,,hajong:76:hajong_nokshi:1
hajong_bhalukapara,,kɯtʃʰɯ,turtle,,kɯtʃʰɯ,lexical-similarity-group:3,kim-ahmad-kim-sangma2011hajong[p. 44],,,hajong:76:hajong_bhalukapara:2
hajong_nokshi,,kɯtʃʰɯ,turtle,,kɯtʃʰɯ,lexical-similarity-group:3,kim-ahmad-kim-sangma2011hajong[p. 44],,,hajong:76:hajong_nokshi:2
hajong_gopalbari,,kɯtʃʰuɯ,turtle,,kɯtʃʰuɯ,lexical-similarity-group:3,kim-ahmad-kim-sangma2011hajong[p. 44],,,hajong:76:hajong_gopalbari:1
hajong_gopalpur,,kɯtʃʰuɯ,turtle,,kɯtʃʰuɯ,lexical-similarity-group:3,kim-ahmad-kim-sangma2011hajong[p. 44],,,hajong:76:hajong_gopalpur:1
hajong_dhamor,,kauʃə,turtle,,kauʃə,lexical-similarity-group:4,kim-ahmad-kim-sangma2011hajong[p. 44],,,hajong:76:hajong_dhamor:3
hajong_bhalukapara,,kɯtʃʰɯ,turtle,,kɯtʃʰɯ,lexical-similarity-group:4,kim-ahmad-kim-sangma2011hajong[p. 44],,,hajong:76:hajong_bhalukapara:3
hajong_nokshi,,kɯtʃʰɯ,turtle,,kɯtʃʰɯ,lexical-similarity-group:4,kim-ahmad-kim-sangma2011hajong[p. 44],,,hajong:76:hajong_nokshi:3
hajong_chilapara,,dʰuɾa,turtle,,dʰuɾa,lexical-similarity-group:5,kim-ahmad-kim-sangma2011hajong[p. 44],,,hajong:76:hajong_chilapara:1
hajong_gopalbari,,beŋ,frog,,beŋ,lexical-similarity-group:1,kim-ahmad-kim-sangma2011hajong[p. 44],,,hajong:77:hajong_gopalbari:1
hajong_gopalpur,,beŋ,frog,,beŋ,lexical-similarity-group:1,kim-ahmad-kim-sangma2011hajong[p. 44],,,hajong:77:hajong_gopalpur:1
hajong_bhalukapara,,beŋ,frog,,beŋ,lexical-similarity-group:1,kim-ahmad-kim-sangma2011hajong[p. 44],,,hajong:77:hajong_bhalukapara:1
hajong_nokshi,,beŋ,frog,,beŋ,lexical-similarity-group:1,kim-ahmad-kim-sangma2011hajong[p. 44],,,hajong:77:hajong_nokshi:1
hajong_nugapara,,beŋ,frog,,beŋ,lexical-similarity-group:1,kim-ahmad-kim-sangma2011hajong[p. 44],,,hajong:77:hajong_nugapara:1
hajong_chilapara,,beŋ,frog,,beŋ,lexical-similarity-group:1,kim-ahmad-kim-sangma2011hajong[p. 44],,,hajong:77:hajong_chilapara:1
hajong_nirghini,,beŋ,frog,,beŋ,lexical-similarity-group:1,kim-ahmad-kim-sangma2011hajong[p. 44],,,hajong:77:hajong_nirghini:1
hajong_dalugau,,beŋ,frog,,beŋ,lexical-similarity-group:1,kim-ahmad-kim-sangma2011hajong[p. 44],,,hajong:77:hajong_dalugau:1
hajong_balachanda,,beŋ,frog,,beŋ,lexical-similarity-group:1,kim-ahmad-kim-sangma2011hajong[p. 44],,,hajong:77:hajong_balachanda:1
hajong_dhamor,,beŋ,frog,,beŋ,lexical-similarity-group:1,kim-ahmad-kim-sangma2011hajong[p. 44],,,hajong:77:hajong_dhamor:1
hajong_gopalbari,,kukul,dog,,kukul,lexical-similarity-group:1,kim-ahmad-kim-sangma2011hajong[p. 45],,,hajong:78:hajong_gopalbari:1
hajong_gopalpur,,kukul,dog,,kukul,lexical-similarity-group:1,kim-ahmad-kim-sangma2011hajong[p. 45],,,hajong:78:hajong_gopalpur:1
hajong_bhalukapara,,kukul,dog,,kukul,lexical-similarity-group:1,kim-ahmad-kim-sangma2011hajong[p. 45],,,hajong:78:hajong_bhalukapara:1
hajong_nokshi,,kukul,dog,,kukul,lexical-similarity-group:1,kim-ahmad-kim-sangma2011hajong[p. 45],,,hajong:78:hajong_nokshi:1
hajong_dalugau,,kukul,dog,,kukul,lexical-similarity-group:1,kim-ahmad-kim-sangma2011hajong[p. 45],,,hajong:78:hajong_dalugau:1
hajong_dhamor,,kukul,dog,,kukul,lexical-similarity-group:1,kim-ahmad-kim-sangma2011hajong[p. 45],,,hajong:78:hajong_dhamor:1
hajong_nugapara,,kukur,dog,,kukur,lexical-similarity-group:1,kim-ahmad-kim-sangma2011hajong[p. 45],,,hajong:78:hajong_nugapara:1
hajong_chilapara,,kukur,dog,,kukur,lexical-similarity-group:1,kim-ahmad-kim-sangma2011hajong[p. 45],,,hajong:78:hajong_chilapara:1
hajong_nirghini,,kukur,dog,,kukur,lexical-similarity-group:1,kim-ahmad-kim-sangma2011hajong[p. 45],,,hajong:78:hajong_nirghini:1
hajong_balachanda,,kukur,dog,,kukur,lexical-similarity-group:1,kim-ahmad-kim-sangma2011hajong[p. 45],,,hajong:78:hajong_balachanda:1
hajong_nugapara,,bilai,cat,,bilai,lexical-similarity-group:1,kim-ahmad-kim-sangma2011hajong[p. 45],,,hajong:79:hajong_nugapara:1
hajong_chilapara,,bilai,cat,,bilai,lexical-similarity-group:1,kim-ahmad-kim-sangma2011hajong[p. 45],,,hajong:79:hajong_chilapara:1
hajong_nirghini,,bilai,cat,,bilai,lexical-similarity-group:1,kim-ahmad-kim-sangma2011hajong[p. 45],,,hajong:79:hajong_nirghini:1
hajong_dalugau,,bilai,cat,,bilai,lexical-similarity-group:1,kim-ahmad-kim-sangma2011hajong[p. 45],,,hajong:79:hajong_dalugau:1
hajong_balachanda,,bilai,cat,,bilai,lexical-similarity-group:1,kim-ahmad-kim-sangma2011hajong[p. 45],,,hajong:79:hajong_balachanda:1
hajong_dhamor,,bilei,cat,,bilei,lexical-similarity-group:1,kim-ahmad-kim-sangma2011hajong[p. 45],,,hajong:79:hajong_dhamor:1
hajong_gopalbari,,bilɯi,cat,,bilɯi,lexical-similarity-group:1,kim-ahmad-kim-sangma2011hajong[p. 45],,,hajong:79:hajong_gopalbari:1
hajong_gopalpur,,bilɯi,cat,,bilɯi,lexical-similarity-group:1,kim-ahmad-kim-sangma2011hajong[p. 45],,,hajong:79:hajong_gopalpur:1
hajong_bhalukapara,,bilɯi,cat,,bilɯi,lexical-similarity-group:1,kim-ahmad-kim-sangma2011hajong[p. 45],,,hajong:79:hajong_bhalukapara:1
hajong_nokshi,,bilɯi,cat,,bilɯi,lexical-similarity-group:1,kim-ahmad-kim-sangma2011hajong[p. 45],,,hajong:79:hajong_nokshi:1
hajong_nugapara,,bilai,cat,,bilai,lexical-similarity-group:2,kim-ahmad-kim-sangma2011hajong[p. 45],,,hajong:79:hajong_nugapara:2
hajong_chilapara,,bilai,cat,,bilai,lexical-similarity-group:2,kim-ahmad-kim-sangma2011hajong[p. 45],,,hajong:79:hajong_chilapara:2
hajong_nirghini,,bilai,cat,,bilai,lexical-similarity-group:2,kim-ahmad-kim-sangma2011hajong[p. 45],,,hajong:79:hajong_nirghini:2
hajong_dalugau,,bilai,cat,,bilai,lexical-similarity-group:2,kim-ahmad-kim-sangma2011hajong[p. 45],,,hajong:79:hajong_dalugau:2
hajong_balachanda,,bilai,cat,,bilai,lexical-similarity-group:2,kim-ahmad-kim-sangma2011hajong[p. 45],,,hajong:79:hajong_balachanda:2
hajong_dhamor,,bilei,cat,,bilei,lexical-similarity-group:2,kim-ahmad-kim-sangma2011hajong[p. 45],,,hajong:79:hajong_dhamor:2
hajong_chilapara,,ɡoɾu,cow,,ɡoɾu,lexical-similarity-group:1,kim-ahmad-kim-sangma2011hajong[p. 45],,,hajong:80:hajong_chilapara:1
hajong_gopalbari,,ɡuɾu,cow,,ɡuɾu,lexical-similarity-group:1,kim-ahmad-kim-sangma2011hajong[p. 45],,,hajong:80:hajong_gopalbari:1
hajong_gopalpur,,ɡuɾu,cow,,ɡuɾu,lexical-similarity-group:1,kim-ahmad-kim-sangma2011hajong[p. 45],,,hajong:80:hajong_gopalpur:1
hajong_bhalukapara,,ɡuɾu,cow,,ɡuɾu,lexical-similarity-group:1,kim-ahmad-kim-sangma2011hajong[p. 45],,,hajong:80:hajong_bhalukapara:1
hajong_nokshi,,ɡuɾu,cow,,ɡuɾu,lexical-similarity-group:1,kim-ahmad-kim-sangma2011hajong[p. 45],,,hajong:80:hajong_nokshi:1
hajong_nugapara,,ɡuɾu,cow,,ɡuɾu,lexical-similarity-group:1,kim-ahmad-kim-sangma2011hajong[p. 45],,,hajong:80:hajong_nugapara:1
hajong_nirghini,,ɡuɾu,cow,,ɡuɾu,lexical-similarity-group:1,kim-ahmad-kim-sangma2011hajong[p. 45],,,hajong:80:hajong_nirghini:1
hajong_dalugau,,ɡuɾu,cow,,ɡuɾu,lexical-similarity-group:1,kim-ahmad-kim-sangma2011hajong[p. 45],,,hajong:80:hajong_dalugau:1
hajong_balachanda,,ɡuɾu,cow,,ɡuɾu,lexical-similarity-group:1,kim-ahmad-kim-sangma2011hajong[p. 45],,,hajong:80:hajong_balachanda:1
hajong_dhamor,,ɡuɾu,cow,,ɡuɾu,lexical-similarity-group:1,kim-ahmad-kim-sangma2011hajong[p. 45],,,hajong:80:hajong_dhamor:1
hajong_nugapara,,bʰois,buffalo,,bʰois,lexical-similarity-group:1,kim-ahmad-kim-sangma2011hajong[p. 45],,,hajong:81:hajong_nugapara:1
hajong_balachanda,,bʰois,buffalo,,bʰois,lexical-similarity-group:1,kim-ahmad-kim-sangma2011hajong[p. 45],,,hajong:81:hajong_balachanda:1
hajong_chilapara,,bʰos,buffalo,,bʰos,lexical-similarity-group:1,kim-ahmad-kim-sangma2011hajong[p. 45],,,hajong:81:hajong_chilapara:1
hajong_dhamor,,bʰos,buffalo,,bʰos,lexical-similarity-group:1,kim-ahmad-kim-sangma2011hajong[p. 45],,,hajong:81:hajong_dhamor:1
hajong_nirghini,,mohis,buffalo,,mohis,lexical-similarity-group:2,kim-ahmad-kim-sangma2011hajong[p. 45],,,hajong:81:hajong_nirghini:1
hajong_gopalpur,,moi̯ʃ,buffalo,,moi̯ʃ,lexical-similarity-group:2,kim-ahmad-kim-sangma2011hajong[p. 45],,,hajong:81:hajong_gopalpur:1
hajong_bhalukapara,,moi̯ʃ,buffalo,,moi̯ʃ,lexical-similarity-group:2,kim-ahmad-kim-sangma2011hajong[p. 45],,,hajong:81:hajong_bhalukapara:1
hajong_nokshi,,moi̯ʃ,buffalo,,moi̯ʃ,lexical-similarity-group:2,kim-ahmad-kim-sangma2011hajong[p. 45],,,hajong:81:hajong_nokshi:1
hajong_nugapara,,bʰois,buffalo,,bʰois,lexical-similarity-group:3,kim-ahmad-kim-sangma2011hajong[p. 45],,,hajong:81:hajong_nugapara:2
hajong_balachanda,,bʰois,buffalo,,bʰois,lexical-similarity-group:3,kim-ahmad-kim-sangma2011hajong[p. 45],,,hajong:81:hajong_balachanda:2
hajong_gopalpur,,moi̯ʃ,buffalo,,moi̯ʃ,lexical-similarity-group:3,kim-ahmad-kim-sangma2011hajong[p. 45],,,hajong:81:hajong_gopalpur:2
hajong_bhalukapara,,moi̯ʃ,buffalo,,moi̯ʃ,lexical-similarity-group:3,kim-ahmad-kim-sangma2011hajong[p. 45],,,hajong:81:hajong_bhalukapara:2
hajong_nokshi,,moi̯ʃ,buffalo,,moi̯ʃ,lexical-similarity-group:3,kim-ahmad-kim-sangma2011hajong[p. 45],,,hajong:81:hajong_nokshi:2
hajong_gopalpur,,moi̯ʃ,buffalo,,moi̯ʃ,lexical-similarity-group:4,kim-ahmad-kim-sangma2011hajong[p. 45],,,hajong:81:hajong_gopalpur:3
hajong_bhalukapara,,moi̯ʃ,buffalo,,moi̯ʃ,lexical-similarity-group:4,kim-ahmad-kim-sangma2011hajong[p. 45],,,hajong:81:hajong_bhalukapara:3
hajong_nokshi,,moi̯ʃ,buffalo,,moi̯ʃ,lexical-similarity-group:4,kim-ahmad-kim-sangma2011hajong[p. 45],,,hajong:81:hajong_nokshi:3
hajong_gopalbari,,mos,buffalo,,mos,lexical-similarity-group:4,kim-ahmad-kim-sangma2011hajong[p. 45],,,hajong:81:hajong_gopalbari:1
hajong_dalugau,,mus,buffalo,,mus,lexical-similarity-group:4,kim-ahmad-kim-sangma2011hajong[p. 45],,,hajong:81:hajong_dalugau:1
hajong_chilapara,,siŋ,horn (of buffalo),,siŋ,lexical-similarity-group:1,kim-ahmad-kim-sangma2011hajong[p. 45],,,hajong:82:hajong_chilapara:1
hajong_nirghini,,siŋ,horn (of buffalo),,siŋ,lexical-similarity-group:1,kim-ahmad-kim-sangma2011hajong[p. 45],,,hajong:82:hajong_nirghini:1
hajong_balachanda,,siŋ,horn (of buffalo),,siŋ,lexical-similarity-group:1,kim-ahmad-kim-sangma2011hajong[p. 45],,,hajong:82:hajong_balachanda:1
hajong_gopalbari,,hiŋ,horn (of buffalo),,hiŋ,lexical-similarity-group:2,kim-ahmad-kim-sangma2011hajong[p. 45],,,hajong:82:hajong_gopalbari:1
hajong_gopalpur,,hiŋ,horn (of buffalo),,hiŋ,lexical-similarity-group:2,kim-ahmad-kim-sangma2011hajong[p. 45],,,hajong:82:hajong_gopalpur:1
hajong_bhalukapara,,hiŋ,horn (of buffalo),,hiŋ,lexical-similarity-group:2,kim-ahmad-kim-sangma2011hajong[p. 45],,,hajong:82:hajong_bhalukapara:1
hajong_nokshi,,hiŋ,horn (of buffalo),,hiŋ,lexical-similarity-group:2,kim-ahmad-kim-sangma2011hajong[p. 45],,,hajong:82:hajong_nokshi:1
hajong_nugapara,,hiŋ,horn (of buffalo),,hiŋ,lexical-similarity-group:2,kim-ahmad-kim-sangma2011hajong[p. 45],,,hajong:82:hajong_nugapara:1
hajong_dalugau,,hiŋ,horn (of buffalo),,hiŋ,lexical-similarity-group:2,kim-ahmad-kim-sangma2011hajong[p. 45],,,hajong:82:hajong_dalugau:1
hajong_dhamor,,hiŋ,horn (of buffalo),,hiŋ,lexical-similarity-group:2,kim-ahmad-kim-sangma2011hajong[p. 45],,,hajong:82:hajong_dhamor:1
hajong_gopalbari,,liŋkuɾ,tail,,liŋkuɾ,lexical-similarity-group:1,kim-ahmad-kim-sangma2011hajong[p. 45],,,hajong:83:hajong_gopalbari:1
hajong_gopalpur,,liŋkuɾ,tail,,liŋkuɾ,lexical-similarity-group:1,kim-ahmad-kim-sangma2011hajong[p. 45],,,hajong:83:hajong_gopalpur:1
hajong_bhalukapara,,niŋkuɾ,tail,,niŋkuɾ,lexical-similarity-group:1,kim-ahmad-kim-sangma2011hajong[p. 45],,,hajong:83:hajong_bhalukapara:1
hajong_nokshi,,niŋkuɾ,tail,,niŋkuɾ,lexical-similarity-group:1,kim-ahmad-kim-sangma2011hajong[p. 45],,,hajong:83:hajong_nokshi:1
hajong_nugapara,,niŋkuɾ,tail,,niŋkuɾ,lexical-similarity-group:1,kim-ahmad-kim-sangma2011hajong[p. 45],,,hajong:83:hajong_nugapara:1
hajong_chilapara,,niŋkuɾ,tail,,niŋkuɾ,lexical-similarity-group:1,kim-ahmad-kim-sangma2011hajong[p. 45],,,hajong:83:hajong_chilapara:1
hajong_dalugau,,niŋkuɾ,tail,,niŋkuɾ,lexical-similarity-group:1,kim-ahmad-kim-sangma2011hajong[p. 45],,,hajong:83:hajong_dalugau:1
hajong_balachanda,,niŋkuɾ,tail,,niŋkuɾ,lexical-similarity-group:1,kim-ahmad-kim-sangma2011hajong[p. 45],,,hajong:83:hajong_balachanda:1
hajong_dhamor,,niŋkuɾ,tail,,niŋkuɾ,lexical-similarity-group:1,kim-ahmad-kim-sangma2011hajong[p. 45],,,hajong:83:hajong_dhamor:1
hajong_nirghini,,niŋuɾ,tail,,niŋuɾ,lexical-similarity-group:1,kim-ahmad-kim-sangma2011hajong[p. 45],,,hajong:83:hajong_nirghini:1
hajong_gopalbari,,haɡol,goat,,haɡol,lexical-similarity-group:1,kim-ahmad-kim-sangma2011hajong[p. 45],,,hajong:84:hajong_gopalbari:1
hajong_gopalpur,,haɡol,goat,,haɡol,lexical-similarity-group:1,kim-ahmad-kim-sangma2011hajong[p. 45],,,hajong:84:hajong_gopalpur:1
hajong_bhalukapara,,haɡol,goat,,haɡol,lexical-similarity-group:1,kim-ahmad-kim-sangma2011hajong[p. 45],,,hajong:84:hajong_bhalukapara:1
hajong_nokshi,,haɡol,goat,,haɡol,lexical-similarity-group:1,kim-ahmad-kim-sangma2011hajong[p. 45],,,hajong:84:hajong_nokshi:1
hajong_nugapara,,haɡol,goat,,haɡol,lexical-similarity-group:1,kim-ahmad-kim-sangma2011hajong[p. 45],,,hajong:84:hajong_nugapara:1
hajong_chilapara,,haɡol,goat,,haɡol,lexical-similarity-group:1,kim-ahmad-kim-sangma2011hajong[p. 45],,,hajong:84:hajong_chilapara:1
hajong_nirghini,,haɡol,goat,,haɡol,lexical-similarity-group:1,kim-ahmad-kim-sangma2011hajong[p. 45],,,hajong:84:hajong_nirghini:1
hajong_dalugau,,haɡol,goat,,haɡol,lexical-similarity-group:1,kim-ahmad-kim-sangma2011hajong[p. 45],,,hajong:84:hajong_dalugau:1
hajong_dhamor,,haɡol,goat,,haɡol,lexical-similarity-group:1,kim-ahmad-kim-sangma2011hajong[p. 45],,,hajong:84:hajong_dhamor:1
hajong_balachanda,,saɡoɾ,goat,,saɡoɾ,lexical-similarity-group:1,kim-ahmad-kim-sangma2011hajong[p. 45],,,hajong:84:hajong_balachanda:1
hajong_nugapara,,huwaɾ,pig,,huwaɾ,lexical-similarity-group:1,kim-ahmad-kim-sangma2011hajong[p. 45],,,hajong:85:hajong_nugapara:1
hajong_dalugau,,huwaɾ,pig,,huwaɾ,lexical-similarity-group:1,kim-ahmad-kim-sangma2011hajong[p. 45],,,hajong:85:hajong_dalugau:1
hajong_gopalpur,,huwɯr,pig,,huwɯr,lexical-similarity-group:1,kim-ahmad-kim-sangma2011hajong[p. 45],,,hajong:85:hajong_gopalpur:1
hajong_bhalukapara,,huwɯr,pig,,huwɯr,lexical-similarity-group:1,kim-ahmad-kim-sangma2011hajong[p. 45],,,hajong:85:hajong_bhalukapara:1
hajong_nokshi,,huwɯr,pig,,huwɯr,lexical-similarity-group:1,kim-ahmad-kim-sangma2011hajong[p. 45],,,hajong:85:hajong_nokshi:1
hajong_chilapara,,suwaɾ,pig,,suwaɾ,lexical-similarity-group:1,kim-ahmad-kim-sangma2011hajong[p. 45],,,hajong:85:hajong_chilapara:1
hajong_nirghini,,suwaɾ,pig,,suwaɾ,lexical-similarity-group:1,kim-ahmad-kim-sangma2011hajong[p. 45],,,hajong:85:hajong_nirghini:1
hajong_balachanda,,suwaɾ,pig,,suwaɾ,lexical-similarity-group:1,kim-ahmad-kim-sangma2011hajong[p. 45],,,hajong:85:hajong_balachanda:1
hajong_dhamor,,hoɾ,pig,,hoɾ,lexical-similarity-group:2,kim-ahmad-kim-sangma2011hajong[p. 45],,,hajong:85:hajong_dhamor:1
hajong_gopalbari,,hur,pig,,hur,lexical-similarity-group:2,kim-ahmad-kim-sangma2011hajong[p. 45],,,hajong:85:hajong_gopalbari:1
hajong_gopalbari,,induɾ,rat,,induɾ,lexical-similarity-group:1,kim-ahmad-kim-sangma2011hajong[p. 45],,,hajong:86:hajong_gopalbari:1
hajong_gopalpur,,induɾ,rat,,induɾ,lexical-similarity-group:1,kim-ahmad-kim-sangma2011hajong[p. 45],,,hajong:86:hajong_gopalpur:1
hajong_bhalukapara,,induɾ,rat,,induɾ,lexical-similarity-group:1,kim-ahmad-kim-sangma2011hajong[p. 45],,,hajong:86:hajong_bhalukapara:1
hajong_nokshi,,induɾ,rat,,induɾ,lexical-similarity-group:1,kim-ahmad-kim-sangma2011hajong[p. 45],,,hajong:86:hajong_nokshi:1
hajong_nugapara,,induɾ,rat,,induɾ,lexical-similarity-group:1,kim-ahmad-kim-sangma2011hajong[p. 45],,,hajong:86:hajong_nugapara:1
hajong_chilapara,,induɾ,rat,,induɾ,lexical-similarity-group:1,kim-ahmad-kim-sangma2011hajong[p. 45],,,hajong:86:hajong_chilapara:1
hajong_nirghini,,induɾ,rat,,induɾ,lexical-similarity-group:1,kim-ahmad-kim-sangma2011hajong[p. 45],,,hajong:86:hajong_nirghini:1
hajong_dalugau,,induɾ,rat,,induɾ,lexical-similarity-group:1,kim-ahmad-kim-sangma2011hajong[p. 45],,,hajong:86:hajong_dalugau:1
hajong_balachanda,,induɾ,rat,,induɾ,lexical-similarity-group:1,kim-ahmad-kim-sangma2011hajong[p. 45],,,hajong:86:hajong_balachanda:1
hajong_dhamor,,suwa,rat,,suwa,lexical-similarity-group:2,kim-ahmad-kim-sangma2011hajong[p. 45],,,hajong:86:hajong_dhamor:1
hajong_gopalbari,,tʃoɾek,chicken,,tʃoɾek,lexical-similarity-group:1,kim-ahmad-kim-sangma2011hajong[p. 45],,,hajong:87:hajong_gopalbari:1
hajong_gopalpur,,tʃoɾek,chicken,,tʃoɾek,lexical-similarity-group:1,kim-ahmad-kim-sangma2011hajong[p. 45],,,hajong:87:hajong_gopalpur:1
hajong_bhalukapara,,tʃoɾe,chicken,,tʃoɾe,lexical-similarity-group:1,kim-ahmad-kim-sangma2011hajong[p. 45],,,hajong:87:hajong_bhalukapara:1
hajong_nokshi,,tʃoɾe,chicken,,tʃoɾe,lexical-similarity-group:1,kim-ahmad-kim-sangma2011hajong[p. 45],,,hajong:87:hajong_nokshi:1
hajong_nugapara,,tʃoɾe,chicken,,tʃoɾe,lexical-similarity-group:1,kim-ahmad-kim-sangma2011hajong[p. 45],,,hajong:87:hajong_nugapara:1
hajong_chilapara,,tʃoɾe,chicken,,tʃoɾe,lexical-similarity-group:1,kim-ahmad-kim-sangma2011hajong[p. 45],,,hajong:87:hajong_chilapara:1
hajong_nirghini,,tʃoɾe,chicken,,tʃoɾe,lexical-similarity-group:1,kim-ahmad-kim-sangma2011hajong[p. 45],,,hajong:87:hajong_nirghini:1
hajong_dalugau,,tʃoɾe,chicken,,tʃoɾe,lexical-similarity-group:1,kim-ahmad-kim-sangma2011hajong[p. 45],,,hajong:87:hajong_dalugau:1
hajong_balachanda,,tʃoɾe,chicken,,tʃoɾe,lexical-similarity-group:1,kim-ahmad-kim-sangma2011hajong[p. 45],,,hajong:87:hajong_balachanda:1
hajong_dhamor,,tʃoɾe,chicken,,tʃoɾe,lexical-similarity-group:1,kim-ahmad-kim-sangma2011hajong[p. 45],,,hajong:87:hajong_dhamor:1
hajong_balachanda,,muɾɡi,chicken,,muɾɡi,lexical-similarity-group:2,kim-ahmad-kim-sangma2011hajong[p. 45],,,hajong:87:hajong_balachanda:2
hajong_nirghini,,dim,egg,,dim,lexical-similarity-group:1,kim-ahmad-kim-sangma2011hajong[p. 45],,,hajong:88:hajong_nirghini:1
hajong_nugapara,,dima,egg,,dima,lexical-similarity-group:1,kim-ahmad-kim-sangma2011hajong[p. 45],,,hajong:88:hajong_nugapara:1
hajong_chilapara,,dima,egg,,dima,lexical-similarity-group:1,kim-ahmad-kim-sangma2011hajong[p. 45],,,hajong:88:hajong_chilapara:1
hajong_dalugau,,dima,egg,,dima,lexical-similarity-group:1,kim-ahmad-kim-sangma2011hajong[p. 45],,,hajong:88:hajong_dalugau:1
hajong_balachanda,,dimə,egg,,dimə,lexical-similarity-group:1,kim-ahmad-kim-sangma2011hajong[p. 45],,,hajong:88:hajong_balachanda:1
hajong_dhamor,,dimə,egg,,dimə,lexical-similarity-group:1,kim-ahmad-kim-sangma2011hajong[p. 45],,,hajong:88:hajong_dhamor:1
hajong_gopalbari,,dimɯ,egg,,dimɯ,lexical-similarity-group:1,kim-ahmad-kim-sangma2011hajong[p. 45],,,hajong:88:hajong_gopalbari:1
hajong_gopalpur,,dimɯ,egg,,dimɯ,lexical-similarity-group:1,kim-ahmad-kim-sangma2011hajong[p. 45],,,hajong:88:hajong_gopalpur:1
hajong_bhalukapara,,dimɯ,egg,,dimɯ,lexical-similarity-group:1,kim-ahmad-kim-sangma2011hajong[p. 45],,,hajong:88:hajong_bhalukapara:1
hajong_nokshi,,dimɯ,egg,,dimɯ,lexical-similarity-group:1,kim-ahmad-kim-sangma2011hajong[p. 45],,,hajong:88:hajong_nokshi:1
hajong_gopalbari,,mas,fish,,mas,lexical-similarity-group:1,kim-ahmad-kim-sangma2011hajong[p. 45],,,hajong:89:hajong_gopalbari:1
hajong_nugapara,,mas,fish,,mas,lexical-similarity-group:1,kim-ahmad-kim-sangma2011hajong[p. 45],,,hajong:89:hajong_nugapara:1
hajong_chilapara,,mas,fish,,mas,lexical-similarity-group:1,kim-ahmad-kim-sangma2011hajong[p. 45],,,hajong:89:hajong_chilapara:1
hajong_nirghini,,mas,fish,,mas,lexical-similarity-group:1,kim-ahmad-kim-sangma2011hajong[p. 45],,,hajong:89:hajong_nirghini:1
hajong_dalugau,,mas,fish,,mas,lexical-similarity-group:1,kim-ahmad-kim-sangma2011hajong[p. 45],,,hajong:89:hajong_dalugau:1
hajong_balachanda,,mas,fish,,mas,lexical-similarity-group:1,kim-ahmad-kim-sangma2011hajong[p. 45],,,hajong:89:hajong_balachanda:1
hajong_dhamor,,mas,fish,,mas,lexical-similarity-group:1,kim-ahmad-kim-sangma2011hajong[p. 45],,,hajong:89:hajong_dhamor:1
hajong_gopalpur,,maʃ,fish,,maʃ,lexical-similarity-group:1,kim-ahmad-kim-sangma2011hajong[p. 45],,,hajong:89:hajong_gopalpur:1
hajong_gopalpur,,maʃ,fish,,maʃ,lexical-similarity-group:2,kim-ahmad-kim-sangma2011hajong[p. 45],,,hajong:89:hajong_gopalpur:2
hajong_bhalukapara,,matʃʰ,fish,,matʃʰ,lexical-similarity-group:2,kim-ahmad-kim-sangma2011hajong[p. 45],,,hajong:89:hajong_bhalukapara:1
hajong_nokshi,,matʃʰ,fish,,matʃʰ,lexical-similarity-group:2,kim-ahmad-kim-sangma2011hajong[p. 45],,,hajong:89:hajong_nokshi:1
hajong_gopalbari,,aŋos,duck,,aŋos,lexical-similarity-group:1,kim-ahmad-kim-sangma2011hajong[p. 45],,,hajong:90:hajong_gopalbari:1
hajong_gopalpur,,aŋos,duck,,aŋos,lexical-similarity-group:1,kim-ahmad-kim-sangma2011hajong[p. 45],,,hajong:90:hajong_gopalpur:1
hajong_bhalukapara,,haŋos,duck,,haŋos,lexical-similarity-group:1,kim-ahmad-kim-sangma2011hajong[p. 45],,,hajong:90:hajong_bhalukapara:1
hajong_nokshi,,haŋos,duck,,haŋos,lexical-similarity-group:1,kim-ahmad-kim-sangma2011hajong[p. 45],,,hajong:90:hajong_nokshi:1
hajong_nugapara,,haŋos,duck,,haŋos,lexical-similarity-group:1,kim-ahmad-kim-sangma2011hajong[p. 45],,,hajong:90:hajong_nugapara:1
hajong_chilapara,,haŋos,duck,,haŋos,lexical-similarity-group:1,kim-ahmad-kim-sangma2011hajong[p. 45],,,hajong:90:hajong_chilapara:1
hajong_dalugau,,haŋos,duck,,haŋos,lexical-similarity-group:1,kim-ahmad-kim-sangma2011hajong[p. 45],,,hajong:90:hajong_dalugau:1
hajong_balachanda,,haŋos,duck,,haŋos,lexical-similarity-group:1,kim-ahmad-kim-sangma2011hajong[p. 45],,,hajong:90:hajong_balachanda:1
hajong_dhamor,,haŋos,duck,,haŋos,lexical-similarity-group:1,kim-ahmad-kim-sangma2011hajong[p. 45],,,hajong:90:hajong_dhamor:1
hajong_nirghini,,has,duck,,has,lexical-similarity-group:2,kim-ahmad-kim-sangma2011hajong[p. 45],,,hajong:90:hajong_nirghini:1
hajong_gopalbari,,pukʰi,bird,,pukʰi,lexical-similarity-group:1,kim-ahmad-kim-sangma2011hajong[p. 45],,,hajong:91:hajong_gopalbari:1
hajong_gopalpur,,pukʰi,bird,,pukʰi,lexical-similarity-group:1,kim-ahmad-kim-sangma2011hajong[p. 45],,,hajong:91:hajong_gopalpur:1
hajong_bhalukapara,,pukʰi,bird,,pukʰi,lexical-similarity-group:1,kim-ahmad-kim-sangma2011hajong[p. 45],,,hajong:91:hajong_bhalukapara:1
hajong_nokshi,,pukʰi,bird,,pukʰi,lexical-similarity-group:1,kim-ahmad-kim-sangma2011hajong[p. 45],,,hajong:91:hajong_nokshi:1
hajong_nugapara,,pukʰi,bird,,pukʰi,lexical-similarity-group:1,kim-ahmad-kim-sangma2011hajong[p. 45],,,hajong:91:hajong_nugapara:1
hajong_chilapara,,pukʰi,bird,,pukʰi,lexical-similarity-group:1,kim-ahmad-kim-sangma2011hajong[p. 45],,,hajong:91:hajong_chilapara:1
hajong_dalugau,,pukʰi,bird,,pukʰi,lexical-similarity-group:1,kim-ahmad-kim-sangma2011hajong[p. 45],,,hajong:91:hajong_dalugau:1
hajong_balachanda,,pukʰi,bird,,pukʰi,lexical-similarity-group:1,kim-ahmad-kim-sangma2011hajong[p. 45],,,hajong:91:hajong_balachanda:1
hajong_dhamor,,pukʰi,bird,,pukʰi,lexical-similarity-group:1,kim-ahmad-kim-sangma2011hajong[p. 45],,,hajong:91:hajong_dhamor:1
hajong_nirghini,,tʃaltʃuɾa,bird,,tʃaltʃuɾa,lexical-similarity-group:2,kim-ahmad-kim-sangma2011hajong[p. 45],,,hajong:91:hajong_nirghini:1
hajong_gopalbari,,poka,insect,,poka,lexical-similarity-group:1,kim-ahmad-kim-sangma2011hajong[p. 46],,,hajong:92:hajong_gopalbari:1
hajong_gopalpur,,poka,insect,,poka,lexical-similarity-group:1,kim-ahmad-kim-sangma2011hajong[p. 46],,,hajong:92:hajong_gopalpur:1
hajong_bhalukapara,,poka,insect,,poka,lexical-similarity-group:1,kim-ahmad-kim-sangma2011hajong[p. 46],,,hajong:92:hajong_bhalukapara:1
hajong_nokshi,,poka,insect,,poka,lexical-similarity-group:1,kim-ahmad-kim-sangma2011hajong[p. 46],,,hajong:92:hajong_nokshi:1
hajong_nugapara,,poka,insect,,poka,lexical-similarity-group:1,kim-ahmad-kim-sangma2011hajong[p. 46],,,hajong:92:hajong_nugapara:1
hajong_chilapara,,poka,insect,,poka,lexical-similarity-group:1,kim-ahmad-kim-sangma2011hajong[p. 46],,,hajong:92:hajong_chilapara:1
hajong_nirghini,,poka,insect,,poka,lexical-similarity-group:1,kim-ahmad-kim-sangma2011hajong[p. 46],,,hajong:92:hajong_nirghini:1
hajong_balachanda,,poka,insect,,poka,lexical-similarity-group:1,kim-ahmad-kim-sangma2011hajong[p. 46],,,hajong:92:hajong_balachanda:1
hajong_dhamor,,poka,insect,,poka,lexical-similarity-group:1,kim-ahmad-kim-sangma2011hajong[p. 46],,,hajong:92:hajong_dhamor:1
hajong_dalugau,,pokamokaɾ,insect,,pokamokaɾ,lexical-similarity-group:2,kim-ahmad-kim-sangma2011hajong[p. 46],,,hajong:92:hajong_dalugau:1
hajong_nokshi,,kalapoka,cockroach,,kalapoka,lexical-similarity-group:1,kim-ahmad-kim-sangma2011hajong[p. 46],,,hajong:93:hajong_nokshi:1
hajong_nugapara,,kalapoka,cockroach,,kalapoka,lexical-similarity-group:1,kim-ahmad-kim-sangma2011hajong[p. 46],,,hajong:93:hajong_nugapara:1
hajong_chilapara,,kalapoka,cockroach,,kalapoka,lexical-similarity-group:1,kim-ahmad-kim-sangma2011hajong[p. 46],,,hajong:93:hajong_chilapara:1
hajong_nirghini,,kalapoka,cockroach,,kalapoka,lexical-similarity-group:1,kim-ahmad-kim-sangma2011hajong[p. 46],,,hajong:93:hajong_nirghini:1
hajong_dalugau,,kalapoka,cockroach,,kalapoka,lexical-similarity-group:1,kim-ahmad-kim-sangma2011hajong[p. 46],,,hajong:93:hajong_dalugau:1
hajong_dhamor,,kalapoka,cockroach,,kalapoka,lexical-similarity-group:1,kim-ahmad-kim-sangma2011hajong[p. 46],,,hajong:93:hajong_dhamor:1
hajong_gopalbari,,teltʃoɾa,cockroach,,teltʃoɾa,lexical-similarity-group:2,kim-ahmad-kim-sangma2011hajong[p. 46],,,hajong:93:hajong_gopalbari:1
hajong_gopalpur,,teltʃoɾa,cockroach,,teltʃoɾa,lexical-similarity-group:2,kim-ahmad-kim-sangma2011hajong[p. 46],,,hajong:93:hajong_gopalpur:1
hajong_bhalukapara,,teltʃoɾa,cockroach,,teltʃoɾa,lexical-similarity-group:2,kim-ahmad-kim-sangma2011hajong[p. 46],,,hajong:93:hajong_bhalukapara:1
hajong_balachanda,,teltʃoɾa,cockroach,,teltʃoɾa,lexical-similarity-group:2,kim-ahmad-kim-sangma2011hajong[p. 46],,,hajong:93:hajong_balachanda:1
hajong_nugapara,,mau,bee,,mau,lexical-similarity-group:1,kim-ahmad-kim-sangma2011hajong[p. 46],,,hajong:94:hajong_nugapara:1
hajong_chilapara,,mau,bee,,mau,lexical-similarity-group:1,kim-ahmad-kim-sangma2011hajong[p. 46],,,hajong:94:hajong_chilapara:1
hajong_nirghini,,mau,bee,,mau,lexical-similarity-group:1,kim-ahmad-kim-sangma2011hajong[p. 46],,,hajong:94:hajong_nirghini:1
hajong_dalugau,,mau,bee,,mau,lexical-similarity-group:1,kim-ahmad-kim-sangma2011hajong[p. 46],,,hajong:94:hajong_dalugau:1
hajong_balachanda,,mau,bee,,mau,lexical-similarity-group:1,kim-ahmad-kim-sangma2011hajong[p. 46],,,hajong:94:hajong_balachanda:1
hajong_dhamor,,maupoka,bee,,maupoka,lexical-similarity-group:1,kim-ahmad-kim-sangma2011hajong[p. 46],,,hajong:94:hajong_dhamor:1
hajong_bhalukapara,,moupoka,bee,,moupoka,lexical-similarity-group:1,kim-ahmad-kim-sangma2011hajong[p. 46],,,hajong:94:hajong_bhalukapara:1
hajong_nokshi,,moupoka,bee,,moupoka,lexical-similarity-group:1,kim-ahmad-kim-sangma2011hajong[p. 46],,,hajong:94:hajong_nokshi:1
hajong_gopalpur,,mɯu,bee,,mɯu,lexical-similarity-group:1,kim-ahmad-kim-sangma2011hajong[p. 46],,,hajong:94:hajong_gopalpur:1
hajong_gopalbari,,mou̯matʃʰi,bee,,mou̯matʃʰi,lexical-similarity-group:2,kim-ahmad-kim-sangma2011hajong[p. 46],,,hajong:94:hajong_gopalbari:1
hajong_bhalukapara,,maʃipoka,fly,,maʃipoka,lexical-similarity-group:1,kim-ahmad-kim-sangma2011hajong[p. 46],,,hajong:95:hajong_bhalukapara:1
hajong_nokshi,,maʃipoka,fly,,maʃipoka,lexical-similarity-group:1,kim-ahmad-kim-sangma2011hajong[p. 46],,,hajong:95:hajong_nokshi:1
hajong_gopalbari,,masipoka,fly,,masipoka,lexical-similarity-group:1,kim-ahmad-kim-sangma2011hajong[p. 46],,,hajong:95:hajong_gopalbari:1
hajong_gopalpur,,masipoka,fly,,masipoka,lexical-similarity-group:1,kim-ahmad-kim-sangma2011hajong[p. 46],,,hajong:95:hajong_gopalpur:1
hajong_nugapara,,masipoka,fly,,masipoka,lexical-similarity-group:1,kim-ahmad-kim-sangma2011hajong[p. 46],,,hajong:95:hajong_nugapara:1
hajong_chilapara,,masipoka,fly,,masipoka,lexical-similarity-group:1,kim-ahmad-kim-sangma2011hajong[p. 46],,,hajong:95:hajong_chilapara:1
hajong_nirghini,,masipoka,fly,,masipoka,lexical-similarity-group:1,kim-ahmad-kim-sangma2011hajong[p. 46],,,hajong:95:hajong_nirghini:1
hajong_dalugau,,masipoka,fly,,masipoka,lexical-similarity-group:1,kim-ahmad-kim-sangma2011hajong[p. 46],,,hajong:95:hajong_dalugau:1
hajong_balachanda,,masipoka,fly,,masipoka,lexical-similarity-group:1,kim-ahmad-kim-sangma2011hajong[p. 46],,,hajong:95:hajong_balachanda:1
hajong_dhamor,,masipoka,fly,,masipoka,lexical-similarity-group:1,kim-ahmad-kim-sangma2011hajong[p. 46],,,hajong:95:hajong_dhamor:1
hajong_gopalbari,,makɾa,spider,,makɾa,lexical-similarity-group:2,kim-ahmad-kim-sangma2011hajong[p. 46],,,hajong:96:hajong_gopalbari:1
hajong_gopalpur,,makɾa,spider,,makɾa,lexical-similarity-group:2,kim-ahmad-kim-sangma2011hajong[p. 46],,,hajong:96:hajong_gopalpur:1
hajong_bhalukapara,,makɾa,spider,,makɾa,lexical-similarity-group:2,kim-ahmad-kim-sangma2011hajong[p. 46],,,hajong:96:hajong_bhalukapara:1
hajong_nokshi,,makɾa,spider,,makɾa,lexical-similarity-group:2,kim-ahmad-kim-sangma2011hajong[p. 46],,,hajong:96:hajong_nokshi:1
hajong_nugapara,,makɾa,spider,,makɾa,lexical-similarity-group:2,kim-ahmad-kim-sangma2011hajong[p. 46],,,hajong:96:hajong_nugapara:1
hajong_chilapara,,makɾa,spider,,makɾa,lexical-similarity-group:2,kim-ahmad-kim-sangma2011hajong[p. 46],,,hajong:96:hajong_chilapara:1
hajong_nirghini,,makɾa,spider,,makɾa,lexical-similarity-group:2,kim-ahmad-kim-sangma2011hajong[p. 46],,,hajong:96:hajong_nirghini:1
hajong_dalugau,,makɾa,spider,,makɾa,lexical-similarity-group:2,kim-ahmad-kim-sangma2011hajong[p. 46],,,hajong:96:hajong_dalugau:1
hajong_balachanda,,makɾa,spider,,makɾa,lexical-similarity-group:2,kim-ahmad-kim-sangma2011hajong[p. 46],,,hajong:96:hajong_balachanda:1
hajong_dhamor,,makɾa,spider,,makɾa,lexical-similarity-group:2,kim-ahmad-kim-sangma2011hajong[p. 46],,,hajong:96:hajong_dhamor:1
hajong_gopalbari,,keken,ant,,keken,lexical-similarity-group:1,kim-ahmad-kim-sangma2011hajong[p. 46],,,hajong:97:hajong_gopalbari:1
hajong_gopalpur,,keken,ant,,keken,lexical-similarity-group:1,kim-ahmad-kim-sangma2011hajong[p. 46],,,hajong:97:hajong_gopalpur:1
hajong_bhalukapara,,keken,ant,,keken,lexical-similarity-group:1,kim-ahmad-kim-sangma2011hajong[p. 46],,,hajong:97:hajong_bhalukapara:1
hajong_nokshi,,keken,ant,,keken,lexical-similarity-group:1,kim-ahmad-kim-sangma2011hajong[p. 46],,,hajong:97:hajong_nokshi:1
hajong_nugapara,,keken,ant,,keken,lexical-similarity-group:1,kim-ahmad-kim-sangma2011hajong[p. 46],,,hajong:97:hajong_nugapara:1
hajong_dhamor,,keken,ant,,keken,lexical-similarity-group:1,kim-ahmad-kim-sangma2011hajong[p. 46],,,hajong:97:hajong_dhamor:1
hajong_nirghini,,kekna,ant,,kekna,lexical-similarity-group:1,kim-ahmad-kim-sangma2011hajong[p. 46],,,hajong:97:hajong_nirghini:1
hajong_chilapara,,pipɾa,ant,,pipɾa,lexical-similarity-group:2,kim-ahmad-kim-sangma2011hajong[p. 46],,,hajong:97:hajong_chilapara:1
hajong_dalugau,,pipɾa,ant,,pipɾa,lexical-similarity-group:2,kim-ahmad-kim-sangma2011hajong[p. 46],,,hajong:97:hajong_dalugau:1
hajong_balachanda,,pipɾa,ant,,pipɾa,lexical-similarity-group:2,kim-ahmad-kim-sangma2011hajong[p. 46],,,hajong:97:hajong_balachanda:1
hajong_bhalukapara,,mɔʃa,mosquito,,mɔʃa,lexical-similarity-group:1,kim-ahmad-kim-sangma2011hajong[p. 46],,,hajong:98:hajong_bhalukapara:1
hajong_nokshi,,mɔʃa,mosquito,,mɔʃa,lexical-similarity-group:1,kim-ahmad-kim-sangma2011hajong[p. 46],,,hajong:98:hajong_nokshi:1
hajong_gopalbari,,moʃorpoka,mosquito,,moʃorpoka,lexical-similarity-group:1,kim-ahmad-kim-sangma2011hajong[p. 46],,,hajong:98:hajong_gopalbari:1
hajong_gopalpur,,moʃorpoka,mosquito,,moʃorpoka,lexical-similarity-group:1,kim-ahmad-kim-sangma2011hajong[p. 46],,,hajong:98:hajong_gopalpur:1
hajong_dalugau,,mosa,mosquito,,mosa,lexical-similarity-group:1,kim-ahmad-kim-sangma2011hajong[p. 46],,,hajong:98:hajong_dalugau:1
hajong_balachanda,,mosa,mosquito,,mosa,lexical-similarity-group:1,kim-ahmad-kim-sangma2011hajong[p. 46],,,hajong:98:hajong_balachanda:1
hajong_dhamor,,mosa,mosquito,,mosa,lexical-similarity-group:1,kim-ahmad-kim-sangma2011hajong[p. 46],,,hajong:98:hajong_dhamor:1
hajong_nirghini,,motʃa,mosquito,,motʃa,lexical-similarity-group:1,kim-ahmad-kim-sangma2011hajong[p. 46],,,hajong:98:hajong_nirghini:1
hajong_nugapara,,motʃaɾpoka,mosquito,,motʃaɾpoka,lexical-similarity-group:1,kim-ahmad-kim-sangma2011hajong[p. 46],,,hajong:98:hajong_nugapara:1
hajong_chilapara,,motʃaɾpoka,mosquito,,motʃaɾpoka,lexical-similarity-group:1,kim-ahmad-kim-sangma2011hajong[p. 46],,,hajong:98:hajong_chilapara:1
hajong_gopalbari,,matʰa,head,,matʰa,lexical-similarity-group:1,kim-ahmad-kim-sangma2011hajong[p. 46],,,hajong:99:hajong_gopalbari:1
hajong_gopalpur,,matʰa,head,,matʰa,lexical-similarity-group:1,kim-ahmad-kim-sangma2011hajong[p. 46],,,hajong:99:hajong_gopalpur:1
hajong_bhalukapara,,matʰa,head,,matʰa,lexical-similarity-group:1,kim-ahmad-kim-sangma2011hajong[p. 46],,,hajong:99:hajong_bhalukapara:1
hajong_nokshi,,matʰa,head,,matʰa,lexical-similarity-group:1,kim-ahmad-kim-sangma2011hajong[p. 46],,,hajong:99:hajong_nokshi:1
hajong_nugapara,,matʰa,head,,matʰa,lexical-similarity-group:1,kim-ahmad-kim-sangma2011hajong[p. 46],,,hajong:99:hajong_nugapara:1
hajong_chilapara,,matʰa,head,,matʰa,lexical-similarity-group:1,kim-ahmad-kim-sangma2011hajong[p. 46],,,hajong:99:hajong_chilapara:1
hajong_nirghini,,matʰa,head,,matʰa,lexical-similarity-group:1,kim-ahmad-kim-sangma2011hajong[p. 46],,,hajong:99:hajong_nirghini:1
hajong_dalugau,,matʰa,head,,matʰa,lexical-similarity-group:1,kim-ahmad-kim-sangma2011hajong[p. 46],,,hajong:99:hajong_dalugau:1
hajong_balachanda,,matʰa,head,,matʰa,lexical-similarity-group:1,kim-ahmad-kim-sangma2011hajong[p. 46],,,hajong:99:hajong_balachanda:1
hajong_dhamor,,matʰa,head,,matʰa,lexical-similarity-group:1,kim-ahmad-kim-sangma2011hajong[p. 46],,,hajong:99:hajong_dhamor:1
hajong_gopalbari,,muk,face,,muk,lexical-similarity-group:1,kim-ahmad-kim-sangma2011hajong[p. 46],,,hajong:100:hajong_gopalbari:1
hajong_gopalpur,,muk,face,,muk,lexical-similarity-group:1,kim-ahmad-kim-sangma2011hajong[p. 46],,,hajong:100:hajong_gopalpur:1
hajong_bhalukapara,,muk,face,,muk,lexical-similarity-group:1,kim-ahmad-kim-sangma2011hajong[p. 46],,,hajong:100:hajong_bhalukapara:1
hajong_nokshi,,muk,face,,muk,lexical-similarity-group:1,kim-ahmad-kim-sangma2011hajong[p. 46],,,hajong:100:hajong_nokshi:1
hajong_chilapara,,muk,face,,muk,lexical-similarity-group:1,kim-ahmad-kim-sangma2011hajong[p. 46],,,hajong:100:hajong_chilapara:1
hajong_nirghini,,muk,face,,muk,lexical-similarity-group:1,kim-ahmad-kim-sangma2011hajong[p. 46],,,hajong:100:hajong_nirghini:1
hajong_balachanda,,muk,face,,muk,lexical-similarity-group:1,kim-ahmad-kim-sangma2011hajong[p. 46],,,hajong:100:hajong_balachanda:1
hajong_dhamor,,muk,face,,muk,lexical-similarity-group:1,kim-ahmad-kim-sangma2011hajong[p. 46],,,hajong:100:hajong_dhamor:1
hajong_nugapara,,mukpat,face,,mukpat,lexical-similarity-group:1,kim-ahmad-kim-sangma2011hajong[p. 46],,,hajong:100:hajong_nugapara:1
hajong_dalugau,,mukpat,face,,mukpat,lexical-similarity-group:1,kim-ahmad-kim-sangma2011hajong[p. 46],,,hajong:100:hajong_dalugau:1
hajong_gopalbari,,ɡala,neck,,ɡala,lexical-similarity-group:1,kim-ahmad-kim-sangma2011hajong[p. 46],,,hajong:101:hajong_gopalbari:1
hajong_gopalpur,,ɡala,neck,,ɡala,lexical-similarity-group:1,kim-ahmad-kim-sangma2011hajong[p. 46],,,hajong:101:hajong_gopalpur:1
hajong_bhalukapara,,ɡala,neck,,ɡala,lexical-similarity-group:1,kim-ahmad-kim-sangma2011hajong[p. 46],,,hajong:101:hajong_bhalukapara:1
hajong_nokshi,,ɡala,neck,,ɡala,lexical-similarity-group:1,kim-ahmad-kim-sangma2011hajong[p. 46],,,hajong:101:hajong_nokshi:1
hajong_nugapara,,ɡala,neck,,ɡala,lexical-similarity-group:1,kim-ahmad-kim-sangma2011hajong[p. 46],,,hajong:101:hajong_nugapara:1
hajong_chilapara,,ɡala,neck,,ɡala,lexical-similarity-group:1,kim-ahmad-kim-sangma2011hajong[p. 46],,,hajong:101:hajong_chilapara:1
hajong_nirghini,,ɡala,neck,,ɡala,lexical-similarity-group:1,kim-ahmad-kim-sangma2011hajong[p. 46],,,hajong:101:hajong_nirghini:1
hajong_dalugau,,ɡala,neck,,ɡala,lexical-similarity-group:1,kim-ahmad-kim-sangma2011hajong[p. 46],,,hajong:101:hajong_dalugau:1
hajong_balachanda,,ɡala,neck,,ɡala,lexical-similarity-group:1,kim-ahmad-kim-sangma2011hajong[p. 46],,,hajong:101:hajong_balachanda:1
hajong_dhamor,,ɡala,neck,,ɡala,lexical-similarity-group:1,kim-ahmad-kim-sangma2011hajong[p. 46],,,hajong:101:hajong_dhamor:1
hajong_gopalbari,,tʃul,hair,,tʃul,lexical-similarity-group:1,kim-ahmad-kim-sangma2011hajong[p. 46],,,hajong:102:hajong_gopalbari:1
hajong_gopalpur,,tʃul,hair,,tʃul,lexical-similarity-group:1,kim-ahmad-kim-sangma2011hajong[p. 46],,,hajong:102:hajong_gopalpur:1
hajong_bhalukapara,,tʃul,hair,,tʃul,lexical-similarity-group:1,kim-ahmad-kim-sangma2011hajong[p. 46],,,hajong:102:hajong_bhalukapara:1
hajong_nokshi,,tʃul,hair,,tʃul,lexical-similarity-group:1,kim-ahmad-kim-sangma2011hajong[p. 46],,,hajong:102:hajong_nokshi:1
hajong_nugapara,,tʃul,hair,,tʃul,lexical-similarity-group:1,kim-ahmad-kim-sangma2011hajong[p. 46],,,hajong:102:hajong_nugapara:1
hajong_chilapara,,tʃul,hair,,tʃul,lexical-similarity-group:1,kim-ahmad-kim-sangma2011hajong[p. 46],,,hajong:102:hajong_chilapara:1
hajong_nirghini,,tʃul,hair,,tʃul,lexical-similarity-group:1,kim-ahmad-kim-sangma2011hajong[p. 46],,,hajong:102:hajong_nirghini:1
hajong_dalugau,,tʃul,hair,,tʃul,lexical-similarity-group:1,kim-ahmad-kim-sangma2011hajong[p. 46],,,hajong:102:hajong_dalugau:1
hajong_dhamor,,tʃul,hair,,tʃul,lexical-similarity-group:1,kim-ahmad-kim-sangma2011hajong[p. 46],,,hajong:102:hajong_dhamor:1
hajong_balachanda,,tʃuli,hair,,tʃuli,lexical-similarity-group:1,kim-ahmad-kim-sangma2011hajong[p. 46],,,hajong:102:hajong_balachanda:1
hajong_gopalbari,,tʃuk,eye,,tʃuk,lexical-similarity-group:1,kim-ahmad-kim-sangma2011hajong[p. 46],,,hajong:103:hajong_gopalbari:1
hajong_gopalpur,,tʃuk,eye,,tʃuk,lexical-similarity-group:1,kim-ahmad-kim-sangma2011hajong[p. 46],,,hajong:103:hajong_gopalpur:1
hajong_bhalukapara,,tʃuk,eye,,tʃuk,lexical-similarity-group:1,kim-ahmad-kim-sangma2011hajong[p. 46],,,hajong:103:hajong_bhalukapara:1
hajong_nokshi,,tʃuk,eye,,tʃuk,lexical-similarity-group:1,kim-ahmad-kim-sangma2011hajong[p. 46],,,hajong:103:hajong_nokshi:1
hajong_nugapara,,tʃuk,eye,,tʃuk,lexical-similarity-group:1,kim-ahmad-kim-sangma2011hajong[p. 46],,,hajong:103:hajong_nugapara:1
hajong_chilapara,,tʃuk,eye,,tʃuk,lexical-similarity-group:1,kim-ahmad-kim-sangma2011hajong[p. 46],,,hajong:103:hajong_chilapara:1
hajong_nirghini,,tʃuk,eye,,tʃuk,lexical-similarity-group:1,kim-ahmad-kim-sangma2011hajong[p. 46],,,hajong:103:hajong_nirghini:1
hajong_dalugau,,tʃuk,eye,,tʃuk,lexical-similarity-group:1,kim-ahmad-kim-sangma2011hajong[p. 46],,,hajong:103:hajong_dalugau:1
hajong_balachanda,,tʃuk,eye,,tʃuk,lexical-similarity-group:1,kim-ahmad-kim-sangma2011hajong[p. 46],,,hajong:103:hajong_balachanda:1
hajong_dhamor,,tʃuk,eye,,tʃuk,lexical-similarity-group:1,kim-ahmad-kim-sangma2011hajong[p. 46],,,hajong:103:hajong_dhamor:1
hajong_gopalbari,,nak,nose,,nak,lexical-similarity-group:1,kim-ahmad-kim-sangma2011hajong[p. 46],,,hajong:104:hajong_gopalbari:1
hajong_gopalpur,,nak,nose,,nak,lexical-similarity-group:1,kim-ahmad-kim-sangma2011hajong[p. 46],,,hajong:104:hajong_gopalpur:1
hajong_bhalukapara,,nak,nose,,nak,lexical-similarity-group:1,kim-ahmad-kim-sangma2011hajong[p. 46],,,hajong:104:hajong_bhalukapara:1
hajong_nokshi,,nak,nose,,nak,lexical-similarity-group:1,kim-ahmad-kim-sangma2011hajong[p. 46],,,hajong:104:hajong_nokshi:1
hajong_nugapara,,nak,nose,,nak,lexical-similarity-group:1,kim-ahmad-kim-sangma2011hajong[p. 46],,,hajong:104:hajong_nugapara:1
hajong_chilapara,,nak,nose,,nak,lexical-similarity-group:1,kim-ahmad-kim-sangma2011hajong[p. 46],,,hajong:104:hajong_chilapara:1
hajong_nirghini,,nak,nose,,nak,lexical-similarity-group:1,kim-ahmad-kim-sangma2011hajong[p. 46],,,hajong:104:hajong_nirghini:1
hajong_dalugau,,nak,nose,,nak,lexical-similarity-group:1,kim-ahmad-kim-sangma2011hajong[p. 46],,,hajong:104:hajong_dalugau:1
hajong_balachanda,,nak,nose,,nak,lexical-similarity-group:1,kim-ahmad-kim-sangma2011hajong[p. 46],,,hajong:104:hajong_balachanda:1
hajong_dhamor,,nak,nose,,nak,lexical-similarity-group:1,kim-ahmad-kim-sangma2011hajong[p. 46],,,hajong:104:hajong_dhamor:1
hajong_gopalbari,,kan,ear,,kan,lexical-similarity-group:1,kim-ahmad-kim-sangma2011hajong[p. 46],,,hajong:105:hajong_gopalbari:1
hajong_gopalpur,,kan,ear,,kan,lexical-similarity-group:1,kim-ahmad-kim-sangma2011hajong[p. 46],,,hajong:105:hajong_gopalpur:1
hajong_bhalukapara,,kan,ear,,kan,lexical-similarity-group:1,kim-ahmad-kim-sangma2011hajong[p. 46],,,hajong:105:hajong_bhalukapara:1
hajong_nokshi,,kan,ear,,kan,lexical-similarity-group:1,kim-ahmad-kim-sangma2011hajong[p. 46],,,hajong:105:hajong_nokshi:1
hajong_nugapara,,kan,ear,,kan,lexical-similarity-group:1,kim-ahmad-kim-sangma2011hajong[p. 46],,,hajong:105:hajong_nugapara:1
hajong_chilapara,,kan,ear,,kan,lexical-similarity-group:1,kim-ahmad-kim-sangma2011hajong[p. 46],,,hajong:105:hajong_chilapara:1
hajong_nirghini,,kan,ear,,kan,lexical-similarity-group:1,kim-ahmad-kim-sangma2011hajong[p. 46],,,hajong:105:hajong_nirghini:1
hajong_dalugau,,kan,ear,,kan,lexical-similarity-group:1,kim-ahmad-kim-sangma2011hajong[p. 46],,,hajong:105:hajong_dalugau:1
hajong_balachanda,,kan,ear,,kan,lexical-similarity-group:1,kim-ahmad-kim-sangma2011hajong[p. 46],,,hajong:105:hajong_balachanda:1
hajong_dhamor,,kan,ear,,kan,lexical-similarity-group:1,kim-ahmad-kim-sangma2011hajong[p. 46],,,hajong:105:hajong_dhamor:1
hajong_gopalbari,,tʃapa,cheek,,tʃapa,lexical-similarity-group:1,kim-ahmad-kim-sangma2011hajong[p. 46],,,hajong:106:hajong_gopalbari:1
hajong_gopalpur,,tʃapa,cheek,,tʃapa,lexical-similarity-group:1,kim-ahmad-kim-sangma2011hajong[p. 46],,,hajong:106:hajong_gopalpur:1
hajong_bhalukapara,,tʃapa,cheek,,tʃapa,lexical-similarity-group:1,kim-ahmad-kim-sangma2011hajong[p. 46],,,hajong:106:hajong_bhalukapara:1
hajong_nokshi,,tʃapa,cheek,,tʃapa,lexical-similarity-group:1,kim-ahmad-kim-sangma2011hajong[p. 46],,,hajong:106:hajong_nokshi:1
hajong_nugapara,,tʃapa,cheek,,tʃapa,lexical-similarity-group:1,kim-ahmad-kim-sangma2011hajong[p. 46],,,hajong:106:hajong_nugapara:1
hajong_chilapara,,tʃapa,cheek,,tʃapa,lexical-similarity-group:1,kim-ahmad-kim-sangma2011hajong[p. 46],,,hajong:106:hajong_chilapara:1
hajong_nirghini,,tʃapa,cheek,,tʃapa,lexical-similarity-group:1,kim-ahmad-kim-sangma2011hajong[p. 46],,,hajong:106:hajong_nirghini:1
hajong_dalugau,,tʃapa,cheek,,tʃapa,lexical-similarity-group:1,kim-ahmad-kim-sangma2011hajong[p. 46],,,hajong:106:hajong_dalugau:1
hajong_balachanda,,tʃapa,cheek,,tʃapa,lexical-similarity-group:1,kim-ahmad-kim-sangma2011hajong[p. 46],,,hajong:106:hajong_balachanda:1
hajong_dhamor,,tʃapa,cheek,,tʃapa,lexical-similarity-group:1,kim-ahmad-kim-sangma2011hajong[p. 46],,,hajong:106:hajong_dhamor:1
hajong_gopalbari,,dadi,chin,,dadi,lexical-similarity-group:1,kim-ahmad-kim-sangma2011hajong[p. 46],,,hajong:107:hajong_gopalbari:1
hajong_gopalpur,,dadi,chin,,dadi,lexical-similarity-group:1,kim-ahmad-kim-sangma2011hajong[p. 46],,,hajong:107:hajong_gopalpur:1
hajong_bhalukapara,,dadi,chin,,dadi,lexical-similarity-group:1,kim-ahmad-kim-sangma2011hajong[p. 46],,,hajong:107:hajong_bhalukapara:1
hajong_nokshi,,dadi,chin,,dadi,lexical-similarity-group:1,kim-ahmad-kim-sangma2011hajong[p. 46],,,hajong:107:hajong_nokshi:1
hajong_chilapara,,dadi,chin,,dadi,lexical-similarity-group:1,kim-ahmad-kim-sangma2011hajong[p. 46],,,hajong:107:hajong_chilapara:1
hajong_nirghini,,dadi,chin,,dadi,lexical-similarity-group:1,kim-ahmad-kim-sangma2011hajong[p. 46],,,hajong:107:hajong_nirghini:1
hajong_dalugau,,dadi,chin,,dadi,lexical-similarity-group:1,kim-ahmad-kim-sangma2011hajong[p. 46],,,hajong:107:hajong_dalugau:1
hajong_balachanda,,dadi,chin,,dadi,lexical-similarity-group:1,kim-ahmad-kim-sangma2011hajong[p. 46],,,hajong:107:hajong_balachanda:1
hajong_nugapara,,d̪ad̪i,chin,,d̪ad̪i,lexical-similarity-group:1,kim-ahmad-kim-sangma2011hajong[p. 46],,,hajong:107:hajong_nugapara:1
hajong_dhamor,,d̪ad̪i,chin,,d̪ad̪i,lexical-similarity-group:1,kim-ahmad-kim-sangma2011hajong[p. 46],,,hajong:107:hajong_dhamor:1
hajong_gopalbari,,muk,mouth,,muk,lexical-similarity-group:1,kim-ahmad-kim-sangma2011hajong[p. 46],,,hajong:108:hajong_gopalbari:1
hajong_gopalpur,,muk,mouth,,muk,lexical-similarity-group:1,kim-ahmad-kim-sangma2011hajong[p. 46],,,hajong:108:hajong_gopalpur:1
hajong_bhalukapara,,muk,mouth,,muk,lexical-similarity-group:1,kim-ahmad-kim-sangma2011hajong[p. 46],,,hajong:108:hajong_bhalukapara:1
hajong_nokshi,,muk,mouth,,muk,lexical-similarity-group:1,kim-ahmad-kim-sangma2011hajong[p. 46],,,hajong:108:hajong_nokshi:1
hajong_nugapara,,muk,mouth,,muk,lexical-similarity-group:1,kim-ahmad-kim-sangma2011hajong[p. 46],,,hajong:108:hajong_nugapara:1
hajong_chilapara,,muk,mouth,,muk,lexical-similarity-group:1,kim-ahmad-kim-sangma2011hajong[p. 46],,,hajong:108:hajong_chilapara:1
hajong_nirghini,,muk,mouth,,muk,lexical-similarity-group:1,kim-ahmad-kim-sangma2011hajong[p. 46],,,hajong:108:hajong_nirghini:1
hajong_dalugau,,muk,mouth,,muk,lexical-similarity-group:1,kim-ahmad-kim-sangma2011hajong[p. 46],,,hajong:108:hajong_dalugau:1
hajong_balachanda,,muk,mouth,,muk,lexical-similarity-group:1,kim-ahmad-kim-sangma2011hajong[p. 46],,,hajong:108:hajong_balachanda:1
hajong_dhamor,,muk,mouth,,muk,lexical-similarity-group:1,kim-ahmad-kim-sangma2011hajong[p. 46],,,hajong:108:hajong_dhamor:1
hajong_gopalbari,,ɖʒibɯ,tongue,,ɖʒibɯ,lexical-similarity-group:1,kim-ahmad-kim-sangma2011hajong[p. 46],,,hajong:109:hajong_gopalbari:1
hajong_gopalpur,,ɖʒibɯ,tongue,,ɖʒibɯ,lexical-similarity-group:1,kim-ahmad-kim-sangma2011hajong[p. 46],,,hajong:109:hajong_gopalpur:1
hajong_bhalukapara,,ɖʒibɯ,tongue,,ɖʒibɯ,lexical-similarity-group:1,kim-ahmad-kim-sangma2011hajong[p. 46],,,hajong:109:hajong_bhalukapara:1
hajong_nokshi,,ɖʒibɯ,tongue,,ɖʒibɯ,lexical-similarity-group:1,kim-ahmad-kim-sangma2011hajong[p. 46],,,hajong:109:hajong_nokshi:1
hajong_nugapara,,dʒiba,tongue,,dʒiba,lexical-similarity-group:1,kim-ahmad-kim-sangma2011hajong[p. 46],,,hajong:109:hajong_nugapara:1
hajong_nirghini,,dʒiba,tongue,,dʒiba,lexical-similarity-group:1,kim-ahmad-kim-sangma2011hajong[p. 46],,,hajong:109:hajong_nirghini:1
hajong_dhamor,,dʒiba,tongue,,dʒiba,lexical-similarity-group:1,kim-ahmad-kim-sangma2011hajong[p. 46],,,hajong:109:hajong_dhamor:1
hajong_dalugau,,dʒibə,tongue,,dʒibə,lexical-similarity-group:1,kim-ahmad-kim-sangma2011hajong[p. 46],,,hajong:109:hajong_dalugau:1
hajong_balachanda,,dʒibə,tongue,,dʒibə,lexical-similarity-group:1,kim-ahmad-kim-sangma2011hajong[p. 46],,,hajong:109:hajong_balachanda:1
hajong_chilapara,,dʒibʰa,tongue,,dʒibʰa,lexical-similarity-group:1,kim-ahmad-kim-sangma2011hajong[p. 46],,,hajong:109:hajong_chilapara:1
hajong_gopalbari,,dat,tooth,,dat,lexical-similarity-group:1,kim-ahmad-kim-sangma2011hajong[p. 46],,,hajong:110:hajong_gopalbari:1
hajong_gopalpur,,dat,tooth,,dat,lexical-similarity-group:1,kim-ahmad-kim-sangma2011hajong[p. 46],,,hajong:110:hajong_gopalpur:1
hajong_bhalukapara,,dat,tooth,,dat,lexical-similarity-group:1,kim-ahmad-kim-sangma2011hajong[p. 46],,,hajong:110:hajong_bhalukapara:1
hajong_nokshi,,dat,tooth,,dat,lexical-similarity-group:1,kim-ahmad-kim-sangma2011hajong[p. 46],,,hajong:110:hajong_nokshi:1
hajong_chilapara,,dat,tooth,,dat,lexical-similarity-group:1,kim-ahmad-kim-sangma2011hajong[p. 46],,,hajong:110:hajong_chilapara:1
hajong_nirghini,,dat,tooth,,dat,lexical-similarity-group:1,kim-ahmad-kim-sangma2011hajong[p. 46],,,hajong:110:hajong_nirghini:1
hajong_dalugau,,dat,tooth,,dat,lexical-similarity-group:1,kim-ahmad-kim-sangma2011hajong[p. 46],,,hajong:110:hajong_dalugau:1
hajong_balachanda,,dat,tooth,,dat,lexical-similarity-group:1,kim-ahmad-kim-sangma2011hajong[p. 46],,,hajong:110:hajong_balachanda:1
hajong_nugapara,,d̪at̪,tooth,,d̪at̪,lexical-similarity-group:1,kim-ahmad-kim-sangma2011hajong[p. 46],,,hajong:110:hajong_nugapara:1
hajong_dhamor,,d̪at̪,tooth,,d̪at̪,lexical-similarity-group:1,kim-ahmad-kim-sangma2011hajong[p. 46],,,hajong:110:hajong_dhamor:1
hajong_gopalbari,,tilkuni,elbow,,tilkuni,lexical-similarity-group:2,kim-ahmad-kim-sangma2011hajong[p. 46],,,hajong:111:hajong_gopalbari:1
hajong_gopalpur,,tilkuni,elbow,,tilkuni,lexical-similarity-group:2,kim-ahmad-kim-sangma2011hajong[p. 46],,,hajong:111:hajong_gopalpur:1
hajong_bhalukapara,,tilkuni,elbow,,tilkuni,lexical-similarity-group:2,kim-ahmad-kim-sangma2011hajong[p. 46],,,hajong:111:hajong_bhalukapara:1
hajong_nokshi,,tilkuni,elbow,,tilkuni,lexical-similarity-group:2,kim-ahmad-kim-sangma2011hajong[p. 46],,,hajong:111:hajong_nokshi:1
hajong_nugapara,,tilkuni,elbow,,tilkuni,lexical-similarity-group:2,kim-ahmad-kim-sangma2011hajong[p. 46],,,hajong:111:hajong_nugapara:1
hajong_chilapara,,tilkuni,elbow,,tilkuni,lexical-similarity-group:2,kim-ahmad-kim-sangma2011hajong[p. 46],,,hajong:111:hajong_chilapara:1
hajong_nirghini,,tilkuni,elbow,,tilkuni,lexical-similarity-group:2,kim-ahmad-kim-sangma2011hajong[p. 46],,,hajong:111:hajong_nirghini:1
hajong_dalugau,,tilkuni,elbow,,tilkuni,lexical-similarity-group:2,kim-ahmad-kim-sangma2011hajong[p. 46],,,hajong:111:hajong_dalugau:1
hajong_balachanda,,tilkuni,elbow,,tilkuni,lexical-similarity-group:2,kim-ahmad-kim-sangma2011hajong[p. 46],,,hajong:111:hajong_balachanda:1
hajong_dhamor,,tilkuni,elbow,,tilkuni,lexical-similarity-group:2,kim-ahmad-kim-sangma2011hajong[p. 46],,,hajong:111:hajong_dhamor:1
hajong_gopalbari,,hat,hand,,hat,lexical-similarity-group:1,kim-ahmad-kim-sangma2011hajong[p. 47],,,hajong:112:hajong_gopalbari:1
hajong_gopalpur,,hat,hand,,hat,lexical-similarity-group:1,kim-ahmad-kim-sangma2011hajong[p. 47],,,hajong:112:hajong_gopalpur:1
hajong_bhalukapara,,hat,hand,,hat,lexical-similarity-group:1,kim-ahmad-kim-sangma2011hajong[p. 47],,,hajong:112:hajong_bhalukapara:1
hajong_nokshi,,hat,hand,,hat,lexical-similarity-group:1,kim-ahmad-kim-sangma2011hajong[p. 47],,,hajong:112:hajong_nokshi:1
hajong_nugapara,,hat̪,hand,,hat̪,lexical-similarity-group:1,kim-ahmad-kim-sangma2011hajong[p. 47],,,hajong:112:hajong_nugapara:1
hajong_chilapara,,hat̪,hand,,hat̪,lexical-similarity-group:1,kim-ahmad-kim-sangma2011hajong[p. 47],,,hajong:112:hajong_chilapara:1
hajong_nirghini,,hat̪,hand,,hat̪,lexical-similarity-group:1,kim-ahmad-kim-sangma2011hajong[p. 47],,,hajong:112:hajong_nirghini:1
hajong_dalugau,,hat̪,hand,,hat̪,lexical-similarity-group:1,kim-ahmad-kim-sangma2011hajong[p. 47],,,hajong:112:hajong_dalugau:1
hajong_balachanda,,hat̪,hand,,hat̪,lexical-similarity-group:1,kim-ahmad-kim-sangma2011hajong[p. 47],,,hajong:112:hajong_balachanda:1
hajong_dhamor,,hat̪,hand,,hat̪,lexical-similarity-group:1,kim-ahmad-kim-sangma2011hajong[p. 47],,,hajong:112:hajong_dhamor:1
hajong_gopalbari,,hat̪pat̪a,palm,,hat̪pat̪a,lexical-similarity-group:1,kim-ahmad-kim-sangma2011hajong[p. 47],,,hajong:113:hajong_gopalbari:1
hajong_nokshi,,hat̪pat̪a,palm,,hat̪pat̪a,lexical-similarity-group:1,kim-ahmad-kim-sangma2011hajong[p. 47],,,hajong:113:hajong_nokshi:1
hajong_nugapara,,hat̪pat̪a,palm,,hat̪pat̪a,lexical-similarity-group:1,kim-ahmad-kim-sangma2011hajong[p. 47],,,hajong:113:hajong_nugapara:1
hajong_dalugau,,hat̪pat̪a,palm,,hat̪pat̪a,lexical-similarity-group:1,kim-ahmad-kim-sangma2011hajong[p. 47],,,hajong:113:hajong_dalugau:1
hajong_dhamor,,hat̪pat̪a,palm,,hat̪pat̪a,lexical-similarity-group:1,kim-ahmad-kim-sangma2011hajong[p. 47],,,hajong:113:hajong_dhamor:1
hajong_gopalpur,,attal,palm,,attal,lexical-similarity-group:2,kim-ahmad-kim-sangma2011hajong[p. 47],,,hajong:113:hajong_gopalpur:1
hajong_bhalukapara,,hattala,palm,,hattala,lexical-similarity-group:2,kim-ahmad-kim-sangma2011hajong[p. 47],,,hajong:113:hajong_bhalukapara:1
hajong_chilapara,,hattala,palm,,hattala,lexical-similarity-group:2,kim-ahmad-kim-sangma2011hajong[p. 47],,,hajong:113:hajong_chilapara:1
hajong_nirghini,,hattala,palm,,hattala,lexical-similarity-group:2,kim-ahmad-kim-sangma2011hajong[p. 47],,,hajong:113:hajong_nirghini:1
hajong_balachanda,,hattala,palm,,hattala,lexical-similarity-group:2,kim-ahmad-kim-sangma2011hajong[p. 47],,,hajong:113:hajong_balachanda:1
hajong_dhamor,,aŋɡun,finger,,aŋɡun,lexical-similarity-group:1,kim-ahmad-kim-sangma2011hajong[p. 47],,,hajong:114:hajong_dhamor:1
hajong_balachanda,,noŋul,finger,,noŋul,lexical-similarity-group:2,kim-ahmad-kim-sangma2011hajong[p. 47],,,hajong:114:hajong_balachanda:1
hajong_gopalbari,,aŋul,finger,,aŋul,lexical-similarity-group:2,kim-ahmad-kim-sangma2011hajong[p. 47],,,hajong:114:hajong_gopalbari:1
hajong_gopalpur,,aŋul,finger,,aŋul,lexical-similarity-group:2,kim-ahmad-kim-sangma2011hajong[p. 47],,,hajong:114:hajong_gopalpur:1
hajong_bhalukapara,,aŋul,finger,,aŋul,lexical-similarity-group:2,kim-ahmad-kim-sangma2011hajong[p. 47],,,hajong:114:hajong_bhalukapara:1
hajong_nokshi,,aŋul,finger,,aŋul,lexical-similarity-group:2,kim-ahmad-kim-sangma2011hajong[p. 47],,,hajong:114:hajong_nokshi:1
hajong_nugapara,,aŋul,finger,,aŋul,lexical-similarity-group:2,kim-ahmad-kim-sangma2011hajong[p. 47],,,hajong:114:hajong_nugapara:1
hajong_chilapara,,aŋul,finger,,aŋul,lexical-similarity-group:2,kim-ahmad-kim-sangma2011hajong[p. 47],,,hajong:114:hajong_chilapara:1
hajong_nirghini,,aŋul,finger,,aŋul,lexical-similarity-group:2,kim-ahmad-kim-sangma2011hajong[p. 47],,,hajong:114:hajong_nirghini:1
hajong_dalugau,,aŋul,finger,,aŋul,lexical-similarity-group:2,kim-ahmad-kim-sangma2011hajong[p. 47],,,hajong:114:hajong_dalugau:1
hajong_balachanda,,aŋul,finger,,aŋul,lexical-similarity-group:2,kim-ahmad-kim-sangma2011hajong[p. 47],,,hajong:114:hajong_balachanda:2
hajong_nokshi,,nɔk,fingernail,,nɔk,lexical-similarity-group:1,kim-ahmad-kim-sangma2011hajong[p. 47],,,hajong:115:hajong_nokshi:1
hajong_chilapara,,nok,fingernail,,nok,lexical-similarity-group:1,kim-ahmad-kim-sangma2011hajong[p. 47],,,hajong:115:hajong_chilapara:1
hajong_dalugau,,nok,fingernail,,nok,lexical-similarity-group:1,kim-ahmad-kim-sangma2011hajong[p. 47],,,hajong:115:hajong_dalugau:1
hajong_gopalbari,,nuk,fingernail,,nuk,lexical-similarity-group:1,kim-ahmad-kim-sangma2011hajong[p. 47],,,hajong:115:hajong_gopalbari:1
hajong_gopalpur,,nuk,fingernail,,nuk,lexical-similarity-group:1,kim-ahmad-kim-sangma2011hajong[p. 47],,,hajong:115:hajong_gopalpur:1
hajong_bhalukapara,,nuk,fingernail,,nuk,lexical-similarity-group:1,kim-ahmad-kim-sangma2011hajong[p. 47],,,hajong:115:hajong_bhalukapara:1
hajong_nugapara,,nuk,fingernail,,nuk,lexical-similarity-group:1,kim-ahmad-kim-sangma2011hajong[p. 47],,,hajong:115:hajong_nugapara:1
hajong_nirghini,,nuk,fingernail,,nuk,lexical-similarity-group:1,kim-ahmad-kim-sangma2011hajong[p. 47],,,hajong:115:hajong_nirghini:1
hajong_dhamor,,nuk,fingernail,,nuk,lexical-similarity-group:1,kim-ahmad-kim-sangma2011hajong[p. 47],,,hajong:115:hajong_dhamor:1
hajong_balachanda,,nukpatʰoɾ,fingernail,,nukpatʰoɾ,lexical-similarity-group:1,kim-ahmad-kim-sangma2011hajong[p. 47],,,hajong:115:hajong_balachanda:1
hajong_bhalukapara,,aʈu,knee,,aʈu,lexical-similarity-group:1,kim-ahmad-kim-sangma2011hajong[p. 47],,,hajong:116:hajong_bhalukapara:1
hajong_gopalbari,,atʰu,knee,,atʰu,lexical-similarity-group:1,kim-ahmad-kim-sangma2011hajong[p. 47],,,hajong:116:hajong_gopalbari:1
hajong_gopalpur,,atʰu,knee,,atʰu,lexical-similarity-group:1,kim-ahmad-kim-sangma2011hajong[p. 47],,,hajong:116:hajong_gopalpur:1
hajong_nokshi,,atʰu,knee,,atʰu,lexical-similarity-group:1,kim-ahmad-kim-sangma2011hajong[p. 47],,,hajong:116:hajong_nokshi:1
hajong_chilapara,,atʰu,knee,,atʰu,lexical-similarity-group:1,kim-ahmad-kim-sangma2011hajong[p. 47],,,hajong:116:hajong_chilapara:1
hajong_nirghini,,atʰu,knee,,atʰu,lexical-similarity-group:1,kim-ahmad-kim-sangma2011hajong[p. 47],,,hajong:116:hajong_nirghini:1
hajong_dalugau,,atʰu,knee,,atʰu,lexical-similarity-group:1,kim-ahmad-kim-sangma2011hajong[p. 47],,,hajong:116:hajong_dalugau:1
hajong_dhamor,,atʰu,knee,,atʰu,lexical-similarity-group:1,kim-ahmad-kim-sangma2011hajong[p. 47],,,hajong:116:hajong_dhamor:1
hajong_nugapara,,atʰuɾ,knee,,atʰuɾ,lexical-similarity-group:1,kim-ahmad-kim-sangma2011hajong[p. 47],,,hajong:116:hajong_nugapara:1
hajong_bhalukapara,,aʈu,knee,,aʈu,lexical-similarity-group:2,kim-ahmad-kim-sangma2011hajong[p. 47],,,hajong:116:hajong_bhalukapara:2
hajong_gopalbari,,atʰu,knee,,atʰu,lexical-similarity-group:2,kim-ahmad-kim-sangma2011hajong[p. 47],,,hajong:116:hajong_gopalbari:2
hajong_gopalpur,,atʰu,knee,,atʰu,lexical-similarity-group:2,kim-ahmad-kim-sangma2011hajong[p. 47],,,hajong:116:hajong_gopalpur:2
hajong_nokshi,,atʰu,knee,,atʰu,lexical-similarity-group:2,kim-ahmad-kim-sangma2011hajong[p. 47],,,hajong:116:hajong_nokshi:2
hajong_chilapara,,atʰu,knee,,atʰu,lexical-similarity-group:2,kim-ahmad-kim-sangma2011hajong[p. 47],,,hajong:116:hajong_chilapara:2
hajong_nirghini,,atʰu,knee,,atʰu,lexical-similarity-group:2,kim-ahmad-kim-sangma2011hajong[p. 47],,,hajong:116:hajong_nirghini:2
hajong_dalugau,,atʰu,knee,,atʰu,lexical-similarity-group:2,kim-ahmad-kim-sangma2011hajong[p. 47],,,hajong:116:hajong_dalugau:2
hajong_dhamor,,atʰu,knee,,atʰu,lexical-similarity-group:2,kim-ahmad-kim-sangma2011hajong[p. 47],,,hajong:116:hajong_dhamor:2
hajong_balachanda,,hatu,knee,,hatu,lexical-similarity-group:2,kim-ahmad-kim-sangma2011hajong[p. 47],,,hajong:116:hajong_balachanda:1
hajong_gopalbari,,tʰeŋ,foot,,tʰeŋ,lexical-similarity-group:1,kim-ahmad-kim-sangma2011hajong[p. 47],,,hajong:117:hajong_gopalbari:1
hajong_gopalpur,,tʰeŋ,foot,,tʰeŋ,lexical-similarity-group:1,kim-ahmad-kim-sangma2011hajong[p. 47],,,hajong:117:hajong_gopalpur:1
hajong_bhalukapara,,tʰeŋ,foot,,tʰeŋ,lexical-similarity-group:1,kim-ahmad-kim-sangma2011hajong[p. 47],,,hajong:117:hajong_bhalukapara:1
hajong_nokshi,,tʰeŋ,foot,,tʰeŋ,lexical-similarity-group:1,kim-ahmad-kim-sangma2011hajong[p. 47],,,hajong:117:hajong_nokshi:1
hajong_nugapara,,tʰeŋ,foot,,tʰeŋ,lexical-similarity-group:1,kim-ahmad-kim-sangma2011hajong[p. 47],,,hajong:117:hajong_nugapara:1
hajong_chilapara,,tʰeŋ,foot,,tʰeŋ,lexical-similarity-group:1,kim-ahmad-kim-sangma2011hajong[p. 47],,,hajong:117:hajong_chilapara:1
hajong_dalugau,,tʰeŋ,foot,,tʰeŋ,lexical-similarity-group:1,kim-ahmad-kim-sangma2011hajong[p. 47],,,hajong:117:hajong_dalugau:1
hajong_balachanda,,tʰeŋ,foot,,tʰeŋ,lexical-similarity-group:1,kim-ahmad-kim-sangma2011hajong[p. 47],,,hajong:117:hajong_balachanda:1
hajong_nirghini,,tʰeŋpata,foot,,tʰeŋpata,lexical-similarity-group:1,kim-ahmad-kim-sangma2011hajong[p. 47],,,hajong:117:hajong_nirghini:1
hajong_dhamor,,tʰeŋpata,foot,,tʰeŋpata,lexical-similarity-group:1,kim-ahmad-kim-sangma2011hajong[p. 47],,,hajong:117:hajong_dhamor:1
hajong_gopalbari,,aɾaŋ,bone,,aɾaŋ,lexical-similarity-group:2,kim-ahmad-kim-sangma2011hajong[p. 47],,,hajong:118:hajong_gopalbari:1
hajong_gopalpur,,aɾaŋ,bone,,aɾaŋ,lexical-similarity-group:2,kim-ahmad-kim-sangma2011hajong[p. 47],,,hajong:118:hajong_gopalpur:1
hajong_bhalukapara,,aɾaŋ,bone,,aɾaŋ,lexical-similarity-group:2,kim-ahmad-kim-sangma2011hajong[p. 47],,,hajong:118:hajong_bhalukapara:1
hajong_nokshi,,haɾaŋ,bone,,haɾaŋ,lexical-similarity-group:2,kim-ahmad-kim-sangma2011hajong[p. 47],,,hajong:118:hajong_nokshi:1
hajong_nugapara,,haɾaŋ,bone,,haɾaŋ,lexical-similarity-group:2,kim-ahmad-kim-sangma2011hajong[p. 47],,,hajong:118:hajong_nugapara:1
hajong_chilapara,,haɾaŋ,bone,,haɾaŋ,lexical-similarity-group:2,kim-ahmad-kim-sangma2011hajong[p. 47],,,hajong:118:hajong_chilapara:1
hajong_nirghini,,haɾaŋ,bone,,haɾaŋ,lexical-similarity-group:2,kim-ahmad-kim-sangma2011hajong[p. 47],,,hajong:118:hajong_nirghini:1
hajong_dalugau,,haɾaŋ,bone,,haɾaŋ,lexical-similarity-group:2,kim-ahmad-kim-sangma2011hajong[p. 47],,,hajong:118:hajong_dalugau:1
hajong_balachanda,,haɾaŋ,bone,,haɾaŋ,lexical-similarity-group:2,kim-ahmad-kim-sangma2011hajong[p. 47],,,hajong:118:hajong_balachanda:1
hajong_dhamor,,haɾaŋ,bone,,haɾaŋ,lexical-similarity-group:2,kim-ahmad-kim-sangma2011hajong[p. 47],,,hajong:118:hajong_dhamor:1
hajong_gopalbari,,tel,fat,,tel,lexical-similarity-group:1,kim-ahmad-kim-sangma2011hajong[p. 47],,,hajong:119:hajong_gopalbari:1
hajong_gopalpur,,tel,fat,,tel,lexical-similarity-group:1,kim-ahmad-kim-sangma2011hajong[p. 47],,,hajong:119:hajong_gopalpur:1
hajong_bhalukapara,,tel,fat,,tel,lexical-similarity-group:1,kim-ahmad-kim-sangma2011hajong[p. 47],,,hajong:119:hajong_bhalukapara:1
hajong_nokshi,,tel,fat,,tel,lexical-similarity-group:1,kim-ahmad-kim-sangma2011hajong[p. 47],,,hajong:119:hajong_nokshi:1
hajong_nugapara,,tel,fat,,tel,lexical-similarity-group:1,kim-ahmad-kim-sangma2011hajong[p. 47],,,hajong:119:hajong_nugapara:1
hajong_chilapara,,tel,fat,,tel,lexical-similarity-group:1,kim-ahmad-kim-sangma2011hajong[p. 47],,,hajong:119:hajong_chilapara:1
hajong_nirghini,,tel,fat,,tel,lexical-similarity-group:1,kim-ahmad-kim-sangma2011hajong[p. 47],,,hajong:119:hajong_nirghini:1
hajong_dalugau,,tel,fat,,tel,lexical-similarity-group:1,kim-ahmad-kim-sangma2011hajong[p. 47],,,hajong:119:hajong_dalugau:1
hajong_balachanda,,tel,fat,,tel,lexical-similarity-group:1,kim-ahmad-kim-sangma2011hajong[p. 47],,,hajong:119:hajong_balachanda:1
hajong_dhamor,,hiɾ,fat,,hiɾ,lexical-similarity-group:2,kim-ahmad-kim-sangma2011hajong[p. 47],,,hajong:119:hajong_dhamor:1
hajong_gopalbari,,tʃamɾa,skin,,tʃamɾa,lexical-similarity-group:1,kim-ahmad-kim-sangma2011hajong[p. 47],,,hajong:120:hajong_gopalbari:1
hajong_gopalpur,,tʃamɾa,skin,,tʃamɾa,lexical-similarity-group:1,kim-ahmad-kim-sangma2011hajong[p. 47],,,hajong:120:hajong_gopalpur:1
hajong_bhalukapara,,tʃamɾa,skin,,tʃamɾa,lexical-similarity-group:1,kim-ahmad-kim-sangma2011hajong[p. 47],,,hajong:120:hajong_bhalukapara:1
hajong_nokshi,,tʃamɾa,skin,,tʃamɾa,lexical-similarity-group:1,kim-ahmad-kim-sangma2011hajong[p. 47],,,hajong:120:hajong_nokshi:1
hajong_nugapara,,tʃamɾa,skin,,tʃamɾa,lexical-similarity-group:1,kim-ahmad-kim-sangma2011hajong[p. 47],,,hajong:120:hajong_nugapara:1
hajong_chilapara,,tʃamɾa,skin,,tʃamɾa,lexical-similarity-group:1,kim-ahmad-kim-sangma2011hajong[p. 47],,,hajong:120:hajong_chilapara:1
hajong_nirghini,,tʃamɾa,skin,,tʃamɾa,lexical-similarity-group:1,kim-ahmad-kim-sangma2011hajong[p. 47],,,hajong:120:hajong_nirghini:1
hajong_dalugau,,tʃamɾa,skin,,tʃamɾa,lexical-similarity-group:1,kim-ahmad-kim-sangma2011hajong[p. 47],,,hajong:120:hajong_dalugau:1
hajong_balachanda,,tʃamɾa,skin,,tʃamɾa,lexical-similarity-group:1,kim-ahmad-kim-sangma2011hajong[p. 47],,,hajong:120:hajong_balachanda:1
hajong_dhamor,,tʃamɾa,skin,,tʃamɾa,lexical-similarity-group:1,kim-ahmad-kim-sangma2011hajong[p. 47],,,hajong:120:hajong_dhamor:1
hajong_nugapara,,ɾokto,blood,,ɾokto,lexical-similarity-group:1,kim-ahmad-kim-sangma2011hajong[p. 47],,,hajong:121:hajong_nugapara:1
hajong_chilapara,,ɾokto,blood,,ɾokto,lexical-similarity-group:1,kim-ahmad-kim-sangma2011hajong[p. 47],,,hajong:121:hajong_chilapara:1
hajong_nirghini,,ɾokto,blood,,ɾokto,lexical-similarity-group:1,kim-ahmad-kim-sangma2011hajong[p. 47],,,hajong:121:hajong_nirghini:1
hajong_dalugau,,ɾokto,blood,,ɾokto,lexical-similarity-group:1,kim-ahmad-kim-sangma2011hajong[p. 47],,,hajong:121:hajong_dalugau:1
hajong_balachanda,,ɾokto,blood,,ɾokto,lexical-similarity-group:1,kim-ahmad-kim-sangma2011hajong[p. 47],,,hajong:121:hajong_balachanda:1
hajong_dhamor,,ɾokto,blood,,ɾokto,lexical-similarity-group:1,kim-ahmad-kim-sangma2011hajong[p. 47],,,hajong:121:hajong_dhamor:1
hajong_gopalbari,,rɔkto,blood,,rɔkto,lexical-similarity-group:1,kim-ahmad-kim-sangma2011hajong[p. 47],,,hajong:121:hajong_gopalbari:1
hajong_gopalpur,,rɔkto,blood,,rɔkto,lexical-similarity-group:1,kim-ahmad-kim-sangma2011hajong[p. 47],,,hajong:121:hajong_gopalpur:1
hajong_bhalukapara,,rɔkto,blood,,rɔkto,lexical-similarity-group:1,kim-ahmad-kim-sangma2011hajong[p. 47],,,hajong:121:hajong_bhalukapara:1
hajong_nokshi,,rɔkto,blood,,rɔkto,lexical-similarity-group:1,kim-ahmad-kim-sangma2011hajong[p. 47],,,hajong:121:hajong_nokshi:1
hajong_nugapara,,ɡʰam,sweat,,ɡʰam,lexical-similarity-group:1,kim-ahmad-kim-sangma2011hajong[p. 47],,,hajong:122:hajong_nugapara:1
hajong_chilapara,,ɡʰam,sweat,,ɡʰam,lexical-similarity-group:1,kim-ahmad-kim-sangma2011hajong[p. 47],,,hajong:122:hajong_chilapara:1
hajong_nirghini,,ɡʰam,sweat,,ɡʰam,lexical-similarity-group:1,kim-ahmad-kim-sangma2011hajong[p. 47],,,hajong:122:hajong_nirghini:1
hajong_dalugau,,ɡʰam,sweat,,ɡʰam,lexical-similarity-group:1,kim-ahmad-kim-sangma2011hajong[p. 47],,,hajong:122:hajong_dalugau:1
hajong_balachanda,,ɡʰam,sweat,,ɡʰam,lexical-similarity-group:1,kim-ahmad-kim-sangma2011hajong[p. 47],,,hajong:122:hajong_balachanda:1
hajong_dhamor,,ɡʰam,sweat,,ɡʰam,lexical-similarity-group:1,kim-ahmad-kim-sangma2011hajong[p. 47],,,hajong:122:hajong_dhamor:1
hajong_gopalbari,,ɡʰɯm,sweat,,ɡʰɯm,lexical-similarity-group:1,kim-ahmad-kim-sangma2011hajong[p. 47],,,hajong:122:hajong_gopalbari:1
hajong_gopalpur,,ɡʰɯm,sweat,,ɡʰɯm,lexical-similarity-group:1,kim-ahmad-kim-sangma2011hajong[p. 47],,,hajong:122:hajong_gopalpur:1
hajong_bhalukapara,,ɡʰɯm,sweat,,ɡʰɯm,lexical-similarity-group:1,kim-ahmad-kim-sangma2011hajong[p. 47],,,hajong:122:hajong_bhalukapara:1
hajong_nokshi,,ɡʰɯm,sweat,,ɡʰɯm,lexical-similarity-group:1,kim-ahmad-kim-sangma2011hajong[p. 47],,,hajong:122:hajong_nokshi:1
hajong_gopalbari,,pɛʈ,belly,,pɛʈ,lexical-similarity-group:1,kim-ahmad-kim-sangma2011hajong[p. 47],,,hajong:123:hajong_gopalbari:1
hajong_gopalpur,,pɛʈ,belly,,pɛʈ,lexical-similarity-group:1,kim-ahmad-kim-sangma2011hajong[p. 47],,,hajong:123:hajong_gopalpur:1
hajong_bhalukapara,,pɛʈ,belly,,pɛʈ,lexical-similarity-group:1,kim-ahmad-kim-sangma2011hajong[p. 47],,,hajong:123:hajong_bhalukapara:1
hajong_nokshi,,pɛʈ,belly,,pɛʈ,lexical-similarity-group:1,kim-ahmad-kim-sangma2011hajong[p. 47],,,hajong:123:hajong_nokshi:1
hajong_nugapara,,pet̪,belly,,pet̪,lexical-similarity-group:1,kim-ahmad-kim-sangma2011hajong[p. 47],,,hajong:123:hajong_nugapara:1
hajong_chilapara,,pet̪,belly,,pet̪,lexical-similarity-group:1,kim-ahmad-kim-sangma2011hajong[p. 47],,,hajong:123:hajong_chilapara:1
hajong_nirghini,,pet̪,belly,,pet̪,lexical-similarity-group:1,kim-ahmad-kim-sangma2011hajong[p. 47],,,hajong:123:hajong_nirghini:1
hajong_dalugau,,pet̪,belly,,pet̪,lexical-similarity-group:1,kim-ahmad-kim-sangma2011hajong[p. 47],,,hajong:123:hajong_dalugau:1
hajong_balachanda,,pet̪,belly,,pet̪,lexical-similarity-group:1,kim-ahmad-kim-sangma2011hajong[p. 47],,,hajong:123:hajong_balachanda:1
hajong_dhamor,,pet̪,belly,,pet̪,lexical-similarity-group:1,kim-ahmad-kim-sangma2011hajong[p. 47],,,hajong:123:hajong_dhamor:1
hajong_nugapara,,buk,heart (organ),,buk,lexical-similarity-group:1,kim-ahmad-kim-sangma2011hajong[p. 47],,,hajong:124:hajong_nugapara:1
hajong_dalugau,,buk,heart (organ),,buk,lexical-similarity-group:1,kim-ahmad-kim-sangma2011hajong[p. 47],,,hajong:124:hajong_dalugau:1
hajong_chilapara,,kuldʒa,heart (organ),,kuldʒa,lexical-similarity-group:2,kim-ahmad-kim-sangma2011hajong[p. 47],,,hajong:124:hajong_chilapara:1
hajong_nirghini,,mon,heart (organ),,mon,lexical-similarity-group:3,kim-ahmad-kim-sangma2011hajong[p. 47],,,hajong:124:hajong_nirghini:1
hajong_balachanda,,mon,heart (organ),,mon,lexical-similarity-group:3,kim-ahmad-kim-sangma2011hajong[p. 47],,,hajong:124:hajong_balachanda:1
hajong_gopalbari,,dʒeo,heart (organ),,dʒeo,lexical-similarity-group:4,kim-ahmad-kim-sangma2011hajong[p. 47],,,hajong:124:hajong_gopalbari:1
hajong_gopalpur,,dʒeo,heart (organ),,dʒeo,lexical-similarity-group:4,kim-ahmad-kim-sangma2011hajong[p. 47],,,hajong:124:hajong_gopalpur:1
hajong_bhalukapara,,dʒeo,heart (organ),,dʒeo,lexical-similarity-group:4,kim-ahmad-kim-sangma2011hajong[p. 47],,,hajong:124:hajong_bhalukapara:1
hajong_nokshi,,dʒeo,heart (organ),,dʒeo,lexical-similarity-group:4,kim-ahmad-kim-sangma2011hajong[p. 47],,,hajong:124:hajong_nokshi:1
hajong_dhamor,,dʒeo,heart (organ),,dʒeo,lexical-similarity-group:4,kim-ahmad-kim-sangma2011hajong[p. 47],,,hajong:124:hajong_dhamor:1
hajong_gopalbari,,pitʰi,back,,pitʰi,lexical-similarity-group:1,kim-ahmad-kim-sangma2011hajong[p. 47],,,hajong:125:hajong_gopalbari:1
hajong_gopalpur,,pitʰi,back,,pitʰi,lexical-similarity-group:1,kim-ahmad-kim-sangma2011hajong[p. 47],,,hajong:125:hajong_gopalpur:1
hajong_bhalukapara,,pitʰi,back,,pitʰi,lexical-similarity-group:1,kim-ahmad-kim-sangma2011hajong[p. 47],,,hajong:125:hajong_bhalukapara:1
hajong_nokshi,,pitʰi,back,,pitʰi,lexical-similarity-group:1,kim-ahmad-kim-sangma2011hajong[p. 47],,,hajong:125:hajong_nokshi:1
hajong_nugapara,,pitʰi,back,,pitʰi,lexical-similarity-group:1,kim-ahmad-kim-sangma2011hajong[p. 47],,,hajong:125:hajong_nugapara:1
hajong_chilapara,,pitʰi,back,,pitʰi,lexical-similarity-group:1,kim-ahmad-kim-sangma2011hajong[p. 47],,,hajong:125:hajong_chilapara:1
hajong_nirghini,,pitʰi,back,,pitʰi,lexical-similarity-group:1,kim-ahmad-kim-sangma2011hajong[p. 47],,,hajong:125:hajong_nirghini:1
hajong_dalugau,,pitʰi,back,,pitʰi,lexical-similarity-group:1,kim-ahmad-kim-sangma2011hajong[p. 47],,,hajong:125:hajong_dalugau:1
hajong_dhamor,,pitʰi,back,,pitʰi,lexical-similarity-group:1,kim-ahmad-kim-sangma2011hajong[p. 47],,,hajong:125:hajong_dhamor:1
hajong_balachanda,,paspʰale,back,,paspʰale,lexical-similarity-group:2,kim-ahmad-kim-sangma2011hajong[p. 47],,,hajong:125:hajong_balachanda:1
hajong_chilapara,,deha,body,,deha,lexical-similarity-group:2,kim-ahmad-kim-sangma2011hajong[p. 47],,,hajong:126:hajong_chilapara:1
hajong_gopalbari,,ɡau,body,,ɡau,lexical-similarity-group:3,kim-ahmad-kim-sangma2011hajong[p. 47],,,hajong:126:hajong_gopalbari:1
hajong_gopalpur,,ɡau,body,,ɡau,lexical-similarity-group:3,kim-ahmad-kim-sangma2011hajong[p. 47],,,hajong:126:hajong_gopalpur:1
hajong_bhalukapara,,ɡau,body,,ɡau,lexical-similarity-group:3,kim-ahmad-kim-sangma2011hajong[p. 47],,,hajong:126:hajong_bhalukapara:1
hajong_nokshi,,ɡau,body,,ɡau,lexical-similarity-group:3,kim-ahmad-kim-sangma2011hajong[p. 47],,,hajong:126:hajong_nokshi:1
hajong_nugapara,,ɡau,body,,ɡau,lexical-similarity-group:3,kim-ahmad-kim-sangma2011hajong[p. 47],,,hajong:126:hajong_nugapara:1
hajong_chilapara,,ɡau,body,,ɡau,lexical-similarity-group:3,kim-ahmad-kim-sangma2011hajong[p. 47],,,hajong:126:hajong_chilapara:2
hajong_dalugau,,ɡau,body,,ɡau,lexical-similarity-group:3,kim-ahmad-kim-sangma2011hajong[p. 47],,,hajong:126:hajong_dalugau:1
hajong_balachanda,,ɡau,body,,ɡau,lexical-similarity-group:3,kim-ahmad-kim-sangma2011hajong[p. 47],,,hajong:126:hajong_balachanda:1
hajong_dhamor,,ɡau,body,,ɡau,lexical-similarity-group:3,kim-ahmad-kim-sangma2011hajong[p. 47],,,hajong:126:hajong_dhamor:1
hajong_nirghini,,suɾi,body,,suɾi,lexical-similarity-group:4,kim-ahmad-kim-sangma2011hajong[p. 47],,,hajong:126:hajong_nirghini:1
hajong_balachanda,,suɾil,body,,suɾil,lexical-similarity-group:4,kim-ahmad-kim-sangma2011hajong[p. 47],,,hajong:126:hajong_balachanda:2
hajong_dalugau,,manɡila,person,,manɡila,lexical-similarity-group:1,kim-ahmad-kim-sangma2011hajong[p. 47],,,hajong:127:hajong_dalugau:1
hajong_dhamor,,bjakti,person,,bjakti,lexical-similarity-group:2,kim-ahmad-kim-sangma2011hajong[p. 47],,,hajong:127:hajong_dhamor:1
hajong_nugapara,,man,person,,man,lexical-similarity-group:4,kim-ahmad-kim-sangma2011hajong[p. 47],,,hajong:127:hajong_nugapara:1
hajong_chilapara,,man,person,,man,lexical-similarity-group:4,kim-ahmad-kim-sangma2011hajong[p. 47],,,hajong:127:hajong_chilapara:1
hajong_nirghini,,man,person,,man,lexical-similarity-group:4,kim-ahmad-kim-sangma2011hajong[p. 47],,,hajong:127:hajong_nirghini:1
hajong_balachanda,,man,person,,man,lexical-similarity-group:4,kim-ahmad-kim-sangma2011hajong[p. 47],,,hajong:127:hajong_balachanda:1
hajong_gopalbari,,mɯn,person,,mɯn,lexical-similarity-group:4,kim-ahmad-kim-sangma2011hajong[p. 47],,,hajong:127:hajong_gopalbari:1
hajong_gopalpur,,mɯn,person,,mɯn,lexical-similarity-group:4,kim-ahmad-kim-sangma2011hajong[p. 47],,,hajong:127:hajong_gopalpur:1
hajong_bhalukapara,,mɯn,person,,mɯn,lexical-similarity-group:4,kim-ahmad-kim-sangma2011hajong[p. 47],,,hajong:127:hajong_bhalukapara:1
hajong_nokshi,,mɯn,person,,mɯn,lexical-similarity-group:4,kim-ahmad-kim-sangma2011hajong[p. 47],,,hajong:127:hajong_nokshi:1
hajong_gopalbari,,moɾot,man,,moɾot,lexical-similarity-group:1,kim-ahmad-kim-sangma2011hajong[p. 48],,,hajong:128:hajong_gopalbari:1
hajong_gopalpur,,moɾot,man,,moɾot,lexical-similarity-group:1,kim-ahmad-kim-sangma2011hajong[p. 48],,,hajong:128:hajong_gopalpur:1
hajong_bhalukapara,,moɾot,man,,moɾot,lexical-similarity-group:1,kim-ahmad-kim-sangma2011hajong[p. 48],,,hajong:128:hajong_bhalukapara:1
hajong_nokshi,,moɾot,man,,moɾot,lexical-similarity-group:1,kim-ahmad-kim-sangma2011hajong[p. 48],,,hajong:128:hajong_nokshi:1
hajong_nugapara,,moɾot,man,,moɾot,lexical-similarity-group:1,kim-ahmad-kim-sangma2011hajong[p. 48],,,hajong:128:hajong_nugapara:1
hajong_chilapara,,moɾot,man,,moɾot,lexical-similarity-group:1,kim-ahmad-kim-sangma2011hajong[p. 48],,,hajong:128:hajong_chilapara:1
hajong_dalugau,,moɾot,man,,moɾot,lexical-similarity-group:1,kim-ahmad-kim-sangma2011hajong[p. 48],,,hajong:128:hajong_dalugau:1
hajong_nirghini,,puɾus,man,,puɾus,lexical-similarity-group:2,kim-ahmad-kim-sangma2011hajong[p. 48],,,hajong:128:hajong_nirghini:1
hajong_balachanda,,man,man,,man,lexical-similarity-group:3,kim-ahmad-kim-sangma2011hajong[p. 48],,,hajong:128:hajong_balachanda:1
hajong_dhamor,,man,man,,man,lexical-similarity-group:3,kim-ahmad-kim-sangma2011hajong[p. 48],,,hajong:128:hajong_dhamor:1
hajong_chilapara,,maja,woman,,maja,lexical-similarity-group:2,kim-ahmad-kim-sangma2011hajong[p. 48],,,hajong:129:hajong_chilapara:1
hajong_nirghini,,maja,woman,,maja,lexical-similarity-group:2,kim-ahmad-kim-sangma2011hajong[p. 48],,,hajong:129:hajong_nirghini:1
hajong_balachanda,,majaman,woman,,majaman,lexical-similarity-group:2,kim-ahmad-kim-sangma2011hajong[p. 48],,,hajong:129:hajong_balachanda:1
hajong_nugapara,,timat,woman,,timat,lexical-similarity-group:3,kim-ahmad-kim-sangma2011hajong[p. 48],,,hajong:129:hajong_nugapara:1
hajong_chilapara,,timat,woman,,timat,lexical-similarity-group:3,kim-ahmad-kim-sangma2011hajong[p. 48],,,hajong:129:hajong_chilapara:2
hajong_dalugau,,timat,woman,,timat,lexical-similarity-group:3,kim-ahmad-kim-sangma2011hajong[p. 48],,,hajong:129:hajong_dalugau:1
hajong_dhamor,,timat,woman,,timat,lexical-similarity-group:3,kim-ahmad-kim-sangma2011hajong[p. 48],,,hajong:129:hajong_dhamor:1
hajong_gopalbari,,timɯt,woman,,timɯt,lexical-similarity-group:3,kim-ahmad-kim-sangma2011hajong[p. 48],,,hajong:129:hajong_gopalbari:1
hajong_gopalpur,,timɯt,woman,,timɯt,lexical-similarity-group:3,kim-ahmad-kim-sangma2011hajong[p. 48],,,hajong:129:hajong_gopalpur:1
hajong_bhalukapara,,timɯt,woman,,timɯt,lexical-similarity-group:3,kim-ahmad-kim-sangma2011hajong[p. 48],,,hajong:129:hajong_bhalukapara:1
hajong_nokshi,,timɯt,woman,,timɯt,lexical-similarity-group:3,kim-ahmad-kim-sangma2011hajong[p. 48],,,hajong:129:hajong_nokshi:1
hajong_nugapara,,bab,father,,bab,lexical-similarity-group:1,kim-ahmad-kim-sangma2011hajong[p. 48],,,hajong:130:hajong_nugapara:1
hajong_chilapara,,bab,father,,bab,lexical-similarity-group:1,kim-ahmad-kim-sangma2011hajong[p. 48],,,hajong:130:hajong_chilapara:1
hajong_dhamor,,bab,father,,bab,lexical-similarity-group:1,kim-ahmad-kim-sangma2011hajong[p. 48],,,hajong:130:hajong_dhamor:1
hajong_gopalbari,,baba,father,,baba,lexical-similarity-group:1,kim-ahmad-kim-sangma2011hajong[p. 48],,,hajong:130:hajong_gopalbari:1
hajong_gopalpur,,baba,father,,baba,lexical-similarity-group:1,kim-ahmad-kim-sangma2011hajong[p. 48],,,hajong:130:hajong_gopalpur:1
hajong_bhalukapara,,baba,father,,baba,lexical-similarity-group:1,kim-ahmad-kim-sangma2011hajong[p. 48],,,hajong:130:hajong_bhalukapara:1
hajong_nokshi,,baba,father,,baba,lexical-similarity-group:1,kim-ahmad-kim-sangma2011hajong[p. 48],,,hajong:130:hajong_nokshi:1
hajong_nirghini,,baba,father,,baba,lexical-similarity-group:1,kim-ahmad-kim-sangma2011hajong[p. 48],,,hajong:130:hajong_nirghini:1
hajong_dalugau,,baba,father,,baba,lexical-similarity-group:1,kim-ahmad-kim-sangma2011hajong[p. 48],,,hajong:130:hajong_dalugau:1
hajong_balachanda,,baba,father,,baba,lexical-similarity-group:1,kim-ahmad-kim-sangma2011hajong[p. 48],,,hajong:130:hajong_balachanda:1
hajong_nirghini,,ma,mother,,ma,lexical-similarity-group:1,kim-ahmad-kim-sangma2011hajong[p. 48],,,hajong:131:hajong_nirghini:1
hajong_dalugau,,ma,mother,,ma,lexical-similarity-group:1,kim-ahmad-kim-sangma2011hajong[p. 48],,,hajong:131:hajong_dalugau:1
hajong_nugapara,,ma u,mother,,ma u,lexical-similarity-group:1,kim-ahmad-kim-sangma2011hajong[p. 48],,,hajong:131:hajong_nugapara:1
hajong_chilapara,,ma u,mother,,ma u,lexical-similarity-group:1,kim-ahmad-kim-sangma2011hajong[p. 48],,,hajong:131:hajong_chilapara:1
hajong_dhamor,,ma u,mother,,ma u,lexical-similarity-group:1,kim-ahmad-kim-sangma2011hajong[p. 48],,,hajong:131:hajong_dhamor:1
hajong_nirghini,,ai,mother,,ai,lexical-similarity-group:2,kim-ahmad-kim-sangma2011hajong[p. 48],,,hajong:131:hajong_nirghini:2
hajong_balachanda,,ajaɾ,mother,,ajaɾ,lexical-similarity-group:3,kim-ahmad-kim-sangma2011hajong[p. 48],,,hajong:131:hajong_balachanda:1
hajong_gopalbari,,mɯjɯ,mother,,mɯjɯ,lexical-similarity-group:4,kim-ahmad-kim-sangma2011hajong[p. 48],,,hajong:131:hajong_gopalbari:1
hajong_gopalpur,,mɯjɯ,mother,,mɯjɯ,lexical-similarity-group:4,kim-ahmad-kim-sangma2011hajong[p. 48],,,hajong:131:hajong_gopalpur:1
hajong_bhalukapara,,mɯjɯ,mother,,mɯjɯ,lexical-similarity-group:4,kim-ahmad-kim-sangma2011hajong[p. 48],,,hajong:131:hajong_bhalukapara:1
hajong_nokshi,,mɯjɯ,mother,,mɯjɯ,lexical-similarity-group:4,kim-ahmad-kim-sangma2011hajong[p. 48],,,hajong:131:hajong_nokshi:1
hajong_gopalbari,,batar,husband,,batar,lexical-similarity-group:1,kim-ahmad-kim-sangma2011hajong[p. 48],,,hajong:132:hajong_gopalbari:1
hajong_gopalpur,,batar,husband,,batar,lexical-similarity-group:1,kim-ahmad-kim-sangma2011hajong[p. 48],,,hajong:132:hajong_gopalpur:1
hajong_nugapara,,batʰaɾ,husband,,batʰaɾ,lexical-similarity-group:1,kim-ahmad-kim-sangma2011hajong[p. 48],,,hajong:132:hajong_nugapara:1
hajong_nirghini,,batʰaɾ,husband,,batʰaɾ,lexical-similarity-group:1,kim-ahmad-kim-sangma2011hajong[p. 48],,,hajong:132:hajong_nirghini:1
hajong_bhalukapara,,bʰataɾ,husband,,bʰataɾ,lexical-similarity-group:1,kim-ahmad-kim-sangma2011hajong[p. 48],,,hajong:132:hajong_bhalukapara:1
hajong_nokshi,,bʰataɾ,husband,,bʰataɾ,lexical-similarity-group:1,kim-ahmad-kim-sangma2011hajong[p. 48],,,hajong:132:hajong_nokshi:1
hajong_chilapara,,bʰataɾ,husband,,bʰataɾ,lexical-similarity-group:1,kim-ahmad-kim-sangma2011hajong[p. 48],,,hajong:132:hajong_chilapara:1
hajong_dalugau,,bʰataɾ,husband,,bʰataɾ,lexical-similarity-group:1,kim-ahmad-kim-sangma2011hajong[p. 48],,,hajong:132:hajong_dalugau:1
hajong_balachanda,,bʰataɾ,husband,,bʰataɾ,lexical-similarity-group:1,kim-ahmad-kim-sangma2011hajong[p. 48],,,hajong:132:hajong_balachanda:1
hajong_dhamor,,bʰataɾ,husband,,bʰataɾ,lexical-similarity-group:1,kim-ahmad-kim-sangma2011hajong[p. 48],,,hajong:132:hajong_dhamor:1
hajong_gopalbari,,maɡu,wife,,maɡu,lexical-similarity-group:1,kim-ahmad-kim-sangma2011hajong[p. 48],,,hajong:133:hajong_gopalbari:1
hajong_gopalpur,,maɡu,wife,,maɡu,lexical-similarity-group:1,kim-ahmad-kim-sangma2011hajong[p. 48],,,hajong:133:hajong_gopalpur:1
hajong_bhalukapara,,maɡu,wife,,maɡu,lexical-similarity-group:1,kim-ahmad-kim-sangma2011hajong[p. 48],,,hajong:133:hajong_bhalukapara:1
hajong_nokshi,,maɡu,wife,,maɡu,lexical-similarity-group:1,kim-ahmad-kim-sangma2011hajong[p. 48],,,hajong:133:hajong_nokshi:1
hajong_nugapara,,maɡu,wife,,maɡu,lexical-similarity-group:1,kim-ahmad-kim-sangma2011hajong[p. 48],,,hajong:133:hajong_nugapara:1
hajong_chilapara,,maɡu,wife,,maɡu,lexical-similarity-group:1,kim-ahmad-kim-sangma2011hajong[p. 48],,,hajong:133:hajong_chilapara:1
hajong_nirghini,,maɡu,wife,,maɡu,lexical-similarity-group:1,kim-ahmad-kim-sangma2011hajong[p. 48],,,hajong:133:hajong_nirghini:1
hajong_dalugau,,maɡu,wife,,maɡu,lexical-similarity-group:1,kim-ahmad-kim-sangma2011hajong[p. 48],,,hajong:133:hajong_dalugau:1
hajong_balachanda,,maɡu,wife,,maɡu,lexical-similarity-group:1,kim-ahmad-kim-sangma2011hajong[p. 48],,,hajong:133:hajong_balachanda:1
hajong_dhamor,,maɡu,wife,,maɡu,lexical-similarity-group:1,kim-ahmad-kim-sangma2011hajong[p. 48],,,hajong:133:hajong_dhamor:1
hajong_chilapara,,beta,son,,beta,lexical-similarity-group:1,kim-ahmad-kim-sangma2011hajong[p. 48],,,hajong:134:hajong_chilapara:1
hajong_balachanda,,beta,son,,beta,lexical-similarity-group:1,kim-ahmad-kim-sangma2011hajong[p. 48],,,hajong:134:hajong_balachanda:1
hajong_dhamor,,pula,son,,pula,lexical-similarity-group:2,kim-ahmad-kim-sangma2011hajong[p. 48],,,hajong:134:hajong_dhamor:1
hajong_nirghini,,moɾotsawa,son,,moɾotsawa,lexical-similarity-group:3,kim-ahmad-kim-sangma2011hajong[p. 48],,,hajong:134:hajong_nirghini:1
hajong_dalugau,,moɾotsawa,son,,moɾotsawa,lexical-similarity-group:3,kim-ahmad-kim-sangma2011hajong[p. 48],,,hajong:134:hajong_dalugau:1
hajong_gopalbari,,moɾottʃʰawa,son,,moɾottʃʰawa,lexical-similarity-group:3,kim-ahmad-kim-sangma2011hajong[p. 48],,,hajong:134:hajong_gopalbari:1
hajong_gopalpur,,moɾottʃʰawa,son,,moɾottʃʰawa,lexical-similarity-group:3,kim-ahmad-kim-sangma2011hajong[p. 48],,,hajong:134:hajong_gopalpur:1
hajong_bhalukapara,,moɾottʃʰawa,son,,moɾottʃʰawa,lexical-similarity-group:3,kim-ahmad-kim-sangma2011hajong[p. 48],,,hajong:134:hajong_bhalukapara:1
hajong_nokshi,,moɾottʃʰawa,son,,moɾottʃʰawa,lexical-similarity-group:3,kim-ahmad-kim-sangma2011hajong[p. 48],,,hajong:134:hajong_nokshi:1
hajong_nugapara,,sawa,son,,sawa,lexical-similarity-group:3,kim-ahmad-kim-sangma2011hajong[p. 48],,,hajong:134:hajong_nugapara:1
hajong_nirghini,,majasawa,daughter,,majasawa,lexical-similarity-group:1,kim-ahmad-kim-sangma2011hajong[p. 48],,,hajong:135:hajong_nirghini:1
hajong_balachanda,,beti,daughter,,beti,lexical-similarity-group:2,kim-ahmad-kim-sangma2011hajong[p. 48],,,hajong:135:hajong_balachanda:1
hajong_nugapara,,timatsawa,daughter,,timatsawa,lexical-similarity-group:4,kim-ahmad-kim-sangma2011hajong[p. 48],,,hajong:135:hajong_nugapara:1
hajong_dalugau,,timatsawa,daughter,,timatsawa,lexical-similarity-group:4,kim-ahmad-kim-sangma2011hajong[p. 48],,,hajong:135:hajong_dalugau:1
hajong_gopalbari,,timɯttʃʰawa,daughter,,timɯttʃʰawa,lexical-similarity-group:4,kim-ahmad-kim-sangma2011hajong[p. 48],,,hajong:135:hajong_gopalbari:1
hajong_gopalpur,,timɯttʃʰawa,daughter,,timɯttʃʰawa,lexical-similarity-group:4,kim-ahmad-kim-sangma2011hajong[p. 48],,,hajong:135:hajong_gopalpur:1
hajong_bhalukapara,,timɯttʃʰawa,daughter,,timɯttʃʰawa,lexical-similarity-group:4,kim-ahmad-kim-sangma2011hajong[p. 48],,,hajong:135:hajong_bhalukapara:1
hajong_nokshi,,timɯttʃʰawa,daughter,,timɯttʃʰawa,lexical-similarity-group:4,kim-ahmad-kim-sangma2011hajong[p. 48],,,hajong:135:hajong_nokshi:1
hajong_chilapara,,dʒiu,daughter,,dʒiu,lexical-similarity-group:5,kim-ahmad-kim-sangma2011hajong[p. 48],,,hajong:135:hajong_chilapara:1
hajong_balachanda,,dʒiu,daughter,,dʒiu,lexical-similarity-group:5,kim-ahmad-kim-sangma2011hajong[p. 48],,,hajong:135:hajong_balachanda:2
hajong_dhamor,,dʒiu,daughter,,dʒiu,lexical-similarity-group:5,kim-ahmad-kim-sangma2011hajong[p. 48],,,hajong:135:hajong_dhamor:1
hajong_gopalbari,,dada,elder brother (gen),,dada,lexical-similarity-group:1,kim-ahmad-kim-sangma2011hajong[p. 48],,,hajong:136:hajong_gopalbari:1
hajong_gopalpur,,dada,elder brother (gen),,dada,lexical-similarity-group:1,kim-ahmad-kim-sangma2011hajong[p. 48],,,hajong:136:hajong_gopalpur:1
hajong_bhalukapara,,dada,elder brother (gen),,dada,lexical-similarity-group:1,kim-ahmad-kim-sangma2011hajong[p. 48],,,hajong:136:hajong_bhalukapara:1
hajong_nokshi,,dada,elder brother (gen),,dada,lexical-similarity-group:1,kim-ahmad-kim-sangma2011hajong[p. 48],,,hajong:136:hajong_nokshi:1
hajong_nugapara,,dada,elder brother (gen),,dada,lexical-similarity-group:1,kim-ahmad-kim-sangma2011hajong[p. 48],,,hajong:136:hajong_nugapara:1
hajong_chilapara,,dada,elder brother (gen),,dada,lexical-similarity-group:1,kim-ahmad-kim-sangma2011hajong[p. 48],,,hajong:136:hajong_chilapara:1
hajong_nirghini,,dada,elder brother (gen),,dada,lexical-similarity-group:1,kim-ahmad-kim-sangma2011hajong[p. 48],,,hajong:136:hajong_nirghini:1
hajong_dalugau,,dada,elder brother (gen),,dada,lexical-similarity-group:1,kim-ahmad-kim-sangma2011hajong[p. 48],,,hajong:136:hajong_dalugau:1
hajong_balachanda,,dada,elder brother (gen),,dada,lexical-similarity-group:1,kim-ahmad-kim-sangma2011hajong[p. 48],,,hajong:136:hajong_balachanda:1
hajong_dhamor,,dada,elder brother (gen),,dada,lexical-similarity-group:1,kim-ahmad-kim-sangma2011hajong[p. 48],,,hajong:136:hajong_dhamor:1
hajong_dalugau,,daŋɡoɾbai,elder brother (gen),,daŋɡoɾbai,lexical-similarity-group:2,kim-ahmad-kim-sangma2011hajong[p. 48],,,hajong:136:hajong_dalugau:2
hajong_dhamor,,daŋɡoɾbai,elder brother (gen),,daŋɡoɾbai,lexical-similarity-group:2,kim-ahmad-kim-sangma2011hajong[p. 48],,,hajong:136:hajong_dhamor:2
hajong_gopalpur,,daŋorbai,elder brother (gen),,daŋorbai,lexical-similarity-group:2,kim-ahmad-kim-sangma2011hajong[p. 48],,,hajong:136:hajong_gopalpur:2
hajong_nugapara,,bai,elder sister (gen),,bai,lexical-similarity-group:1,kim-ahmad-kim-sangma2011hajong[p. 48],,,hajong:137:hajong_nugapara:1
hajong_chilapara,,bai,elder sister (gen),,bai,lexical-similarity-group:1,kim-ahmad-kim-sangma2011hajong[p. 48],,,hajong:137:hajong_chilapara:1
hajong_nirghini,,bai,elder sister (gen),,bai,lexical-similarity-group:1,kim-ahmad-kim-sangma2011hajong[p. 48],,,hajong:137:hajong_nirghini:1
hajong_dalugau,,bai,elder sister (gen),,bai,lexical-similarity-group:1,kim-ahmad-kim-sangma2011hajong[p. 48],,,hajong:137:hajong_dalugau:1
hajong_balachanda,,bai,elder sister (gen),,bai,lexical-similarity-group:1,kim-ahmad-kim-sangma2011hajong[p. 48],,,hajong:137:hajong_balachanda:1
hajong_gopalbari,,bɯi,elder sister (gen),,bɯi,lexical-similarity-group:1,kim-ahmad-kim-sangma2011hajong[p. 48],,,hajong:137:hajong_gopalbari:1
hajong_gopalpur,,bɯi,elder sister (gen),,bɯi,lexical-similarity-group:1,kim-ahmad-kim-sangma2011hajong[p. 48],,,hajong:137:hajong_gopalpur:1
hajong_bhalukapara,,bɯi,elder sister (gen),,bɯi,lexical-similarity-group:1,kim-ahmad-kim-sangma2011hajong[p. 48],,,hajong:137:hajong_bhalukapara:1
hajong_nokshi,,bɯi,elder sister (gen),,bɯi,lexical-similarity-group:1,kim-ahmad-kim-sangma2011hajong[p. 48],,,hajong:137:hajong_nokshi:1
hajong_gopalpur,,boi̯ni,elder sister (gen),,boi̯ni,lexical-similarity-group:2,kim-ahmad-kim-sangma2011hajong[p. 48],,,hajong:137:hajong_gopalpur:2
hajong_dhamor,,buni,elder sister (gen),,buni,lexical-similarity-group:2,kim-ahmad-kim-sangma2011hajong[p. 48],,,hajong:137:hajong_dhamor:1
hajong_nokshi,,nunu,younger brother (gen),,nunu,lexical-similarity-group:1,kim-ahmad-kim-sangma2011hajong[p. 48],,,hajong:138:hajong_nokshi:1
hajong_nugapara,,nunu,younger brother (gen),,nunu,lexical-similarity-group:1,kim-ahmad-kim-sangma2011hajong[p. 48],,,hajong:138:hajong_nugapara:1
hajong_balachanda,,nunu,younger brother (gen),,nunu,lexical-similarity-group:1,kim-ahmad-kim-sangma2011hajong[p. 48],,,hajong:138:hajong_balachanda:1
hajong_chilapara,,bʰai,younger brother (gen),,bʰai,lexical-similarity-group:2,kim-ahmad-kim-sangma2011hajong[p. 48],,,hajong:138:hajong_chilapara:1
hajong_nirghini,,bʰai,younger brother (gen),,bʰai,lexical-similarity-group:2,kim-ahmad-kim-sangma2011hajong[p. 48],,,hajong:138:hajong_nirghini:1
hajong_dhamor,,huɾubʰai,younger brother (gen),,huɾubʰai,lexical-similarity-group:2,kim-ahmad-kim-sangma2011hajong[p. 48],,,hajong:138:hajong_dhamor:1
hajong_dalugau,,hutubai,younger brother (gen),,hutubai,lexical-similarity-group:2,kim-ahmad-kim-sangma2011hajong[p. 48],,,hajong:138:hajong_dalugau:1
hajong_gopalbari,,hutubɯi,younger brother (gen),,hutubɯi,lexical-similarity-group:2,kim-ahmad-kim-sangma2011hajong[p. 48],,,hajong:138:hajong_gopalbari:1
hajong_gopalpur,,hutubɯi,younger brother (gen),,hutubɯi,lexical-similarity-group:2,kim-ahmad-kim-sangma2011hajong[p. 48],,,hajong:138:hajong_gopalpur:1
hajong_bhalukapara,,hutubɯi,younger brother (gen),,hutubɯi,lexical-similarity-group:2,kim-ahmad-kim-sangma2011hajong[p. 48],,,hajong:138:hajong_bhalukapara:1
hajong_nokshi,,hutubɯi,younger brother (gen),,hutubɯi,lexical-similarity-group:2,kim-ahmad-kim-sangma2011hajong[p. 48],,,hajong:138:hajong_nokshi:2
hajong_nugapara,,sotobai,younger brother (gen),,sotobai,lexical-similarity-group:2,kim-ahmad-kim-sangma2011hajong[p. 48],,,hajong:138:hajong_nugapara:2
hajong_dhamor,,hoɾuboni,younger sister (gen),,hoɾuboni,lexical-similarity-group:1,kim-ahmad-kim-sangma2011hajong[p. 48],,,hajong:139:hajong_dhamor:1
hajong_gopalbari,,hutuboini,younger sister (gen),,hutuboini,lexical-similarity-group:1,kim-ahmad-kim-sangma2011hajong[p. 48],,,hajong:139:hajong_gopalbari:1
hajong_gopalpur,,hutuboini,younger sister (gen),,hutuboini,lexical-similarity-group:1,kim-ahmad-kim-sangma2011hajong[p. 48],,,hajong:139:hajong_gopalpur:1
hajong_bhalukapara,,hutuboini,younger sister (gen),,hutuboini,lexical-similarity-group:1,kim-ahmad-kim-sangma2011hajong[p. 48],,,hajong:139:hajong_bhalukapara:1
hajong_nokshi,,hutuboini,younger sister (gen),,hutuboini,lexical-similarity-group:1,kim-ahmad-kim-sangma2011hajong[p. 48],,,hajong:139:hajong_nokshi:1
hajong_nugapara,,hutuboini,younger sister (gen),,hutuboini,lexical-similarity-group:1,kim-ahmad-kim-sangma2011hajong[p. 48],,,hajong:139:hajong_nugapara:1
hajong_dalugau,,hutuboini,younger sister (gen),,hutuboini,lexical-similarity-group:1,kim-ahmad-kim-sangma2011hajong[p. 48],,,hajong:139:hajong_dalugau:1
hajong_nirghini,,sutobon,younger sister (gen),,sutobon,lexical-similarity-group:1,kim-ahmad-kim-sangma2011hajong[p. 48],,,hajong:139:hajong_nirghini:1
hajong_chilapara,,boini,younger sister (gen),,boini,lexical-similarity-group:2,kim-ahmad-kim-sangma2011hajong[p. 48],,,hajong:139:hajong_chilapara:1
hajong_dhamor,,hoɾuboni,younger sister (gen),,hoɾuboni,lexical-similarity-group:2,kim-ahmad-kim-sangma2011hajong[p. 48],,,hajong:139:hajong_dhamor:2
hajong_nugapara,,hutuboini,younger sister (gen),,hutuboini,lexical-similarity-group:2,kim-ahmad-kim-sangma2011hajong[p. 48],,,hajong:139:hajong_nugapara:2
hajong_dalugau,,hutuboini,younger sister (gen),,hutuboini,lexical-similarity-group:2,kim-ahmad-kim-sangma2011hajong[p. 48],,,hajong:139:hajong_dalugau:2
hajong_balachanda,,nunu,younger sister (gen),,nunu,lexical-similarity-group:3,kim-ahmad-kim-sangma2011hajong[p. 48],,,hajong:139:hajong_balachanda:1
hajong_nugapara,,lok,friend (male),,lok,lexical-similarity-group:1,kim-ahmad-kim-sangma2011hajong[p. 48],,,hajong:140:hajong_nugapara:1
hajong_dalugau,,lok,friend (male),,lok,lexical-similarity-group:1,kim-ahmad-kim-sangma2011hajong[p. 48],,,hajong:140:hajong_dalugau:1
hajong_balachanda,,lok,friend (male),,lok,lexical-similarity-group:1,kim-ahmad-kim-sangma2011hajong[p. 48],,,hajong:140:hajong_balachanda:1
hajong_gopalbari,,bond̪hu,friend (male),,bond̪hu,lexical-similarity-group:2,kim-ahmad-kim-sangma2011hajong[p. 48],,,hajong:140:hajong_gopalbari:1
hajong_gopalpur,,bond̪hu,friend (male),,bond̪hu,lexical-similarity-group:2,kim-ahmad-kim-sangma2011hajong[p. 48],,,hajong:140:hajong_gopalpur:1
hajong_bhalukapara,,bond̪hu,friend (male),,bond̪hu,lexical-similarity-group:2,kim-ahmad-kim-sangma2011hajong[p. 48],,,hajong:140:hajong_bhalukapara:1
hajong_nokshi,,bond̪hu,friend (male),,bond̪hu,lexical-similarity-group:2,kim-ahmad-kim-sangma2011hajong[p. 48],,,hajong:140:hajong_nokshi:1
hajong_chilapara,,bond̪hu,friend (male),,bond̪hu,lexical-similarity-group:2,kim-ahmad-kim-sangma2011hajong[p. 48],,,hajong:140:hajong_chilapara:1
hajong_nirghini,,bond̪hu,friend (male),,bond̪hu,lexical-similarity-group:2,kim-ahmad-kim-sangma2011hajong[p. 48],,,hajong:140:hajong_nirghini:1
hajong_gopalpur,,homas,friend (male),,homas,lexical-similarity-group:3,kim-ahmad-kim-sangma2011hajong[p. 48],,,hajong:140:hajong_gopalpur:2
hajong_bhalukapara,,homas,friend (male),,homas,lexical-similarity-group:3,kim-ahmad-kim-sangma2011hajong[p. 48],,,hajong:140:hajong_bhalukapara:2
hajong_nugapara,,homas,friend (male),,homas,lexical-similarity-group:3,kim-ahmad-kim-sangma2011hajong[p. 48],,,hajong:140:hajong_nugapara:2
hajong_dalugau,,homas,friend (male),,homas,lexical-similarity-group:3,kim-ahmad-kim-sangma2011hajong[p. 48],,,hajong:140:hajong_dalugau:2
hajong_dhamor,,homas,friend (male),,homas,lexical-similarity-group:3,kim-ahmad-kim-sangma2011hajong[p. 48],,,hajong:140:hajong_dhamor:1
hajong_gopalbari,,nam,name,,nam,lexical-similarity-group:1,kim-ahmad-kim-sangma2011hajong[p. 49],,,hajong:141:hajong_gopalbari:1
hajong_gopalpur,,nam,name,,nam,lexical-similarity-group:1,kim-ahmad-kim-sangma2011hajong[p. 49],,,hajong:141:hajong_gopalpur:1
hajong_bhalukapara,,nam,name,,nam,lexical-similarity-group:1,kim-ahmad-kim-sangma2011hajong[p. 49],,,hajong:141:hajong_bhalukapara:1
hajong_nokshi,,nam,name,,nam,lexical-similarity-group:1,kim-ahmad-kim-sangma2011hajong[p. 49],,,hajong:141:hajong_nokshi:1
hajong_nugapara,,nam,name,,nam,lexical-similarity-group:1,kim-ahmad-kim-sangma2011hajong[p. 49],,,hajong:141:hajong_nugapara:1
hajong_chilapara,,nam,name,,nam,lexical-similarity-group:1,kim-ahmad-kim-sangma2011hajong[p. 49],,,hajong:141:hajong_chilapara:1
hajong_nirghini,,nam,name,,nam,lexical-similarity-group:1,kim-ahmad-kim-sangma2011hajong[p. 49],,,hajong:141:hajong_nirghini:1
hajong_dalugau,,nam,name,,nam,lexical-similarity-group:1,kim-ahmad-kim-sangma2011hajong[p. 49],,,hajong:141:hajong_dalugau:1
hajong_balachanda,,nam,name,,nam,lexical-similarity-group:1,kim-ahmad-kim-sangma2011hajong[p. 49],,,hajong:141:hajong_balachanda:1
hajong_dhamor,,nam,name,,nam,lexical-similarity-group:1,kim-ahmad-kim-sangma2011hajong[p. 49],,,hajong:141:hajong_dhamor:1
hajong_gopalpur,,paɾa,village,,paɾa,lexical-similarity-group:1,kim-ahmad-kim-sangma2011hajong[p. 49],,,hajong:142:hajong_gopalpur:1
hajong_nugapara,,paɾa,village,,paɾa,lexical-similarity-group:1,kim-ahmad-kim-sangma2011hajong[p. 49],,,hajong:142:hajong_nugapara:1
hajong_gopalbari,,ɡau,village,,ɡau,lexical-similarity-group:2,kim-ahmad-kim-sangma2011hajong[p. 49],,,hajong:142:hajong_gopalbari:1
hajong_gopalpur,,ɡau,village,,ɡau,lexical-similarity-group:2,kim-ahmad-kim-sangma2011hajong[p. 49],,,hajong:142:hajong_gopalpur:2
hajong_bhalukapara,,ɡau,village,,ɡau,lexical-similarity-group:2,kim-ahmad-kim-sangma2011hajong[p. 49],,,hajong:142:hajong_bhalukapara:1
hajong_nokshi,,ɡau,village,,ɡau,lexical-similarity-group:2,kim-ahmad-kim-sangma2011hajong[p. 49],,,hajong:142:hajong_nokshi:1
hajong_chilapara,,ɡau,village,,ɡau,lexical-similarity-group:2,kim-ahmad-kim-sangma2011hajong[p. 49],,,hajong:142:hajong_chilapara:1
hajong_nirghini,,ɡau,village,,ɡau,lexical-similarity-group:2,kim-ahmad-kim-sangma2011hajong[p. 49],,,hajong:142:hajong_nirghini:1
hajong_dalugau,,ɡau,village,,ɡau,lexical-similarity-group:2,kim-ahmad-kim-sangma2011hajong[p. 49],,,hajong:142:hajong_dalugau:1
hajong_balachanda,,ɡau,village,,ɡau,lexical-similarity-group:2,kim-ahmad-kim-sangma2011hajong[p. 49],,,hajong:142:hajong_balachanda:1
hajong_dhamor,,ɡau,village,,ɡau,lexical-similarity-group:2,kim-ahmad-kim-sangma2011hajong[p. 49],,,hajong:142:hajong_dhamor:1
hajong_gopalbari,,ɡɾam,village,,ɡɾam,lexical-similarity-group:3,kim-ahmad-kim-sangma2011hajong[p. 49],,,hajong:142:hajong_gopalbari:2
hajong_gopalpur,,ɡɾam,village,,ɡɾam,lexical-similarity-group:3,kim-ahmad-kim-sangma2011hajong[p. 49],,,hajong:142:hajong_gopalpur:3
hajong_bhalukapara,,ɡɾam,village,,ɡɾam,lexical-similarity-group:3,kim-ahmad-kim-sangma2011hajong[p. 49],,,hajong:142:hajong_bhalukapara:2
hajong_nokshi,,ɡɾam,village,,ɡɾam,lexical-similarity-group:3,kim-ahmad-kim-sangma2011hajong[p. 49],,,hajong:142:hajong_nokshi:2
hajong_gopalbari,,ɡʰoɾ,house,,ɡʰoɾ,lexical-similarity-group:1,kim-ahmad-kim-sangma2011hajong[p. 49],,,hajong:143:hajong_gopalbari:1
hajong_nugapara,,ɡʰoɾ,house,,ɡʰoɾ,lexical-similarity-group:1,kim-ahmad-kim-sangma2011hajong[p. 49],,,hajong:143:hajong_nugapara:1
hajong_chilapara,,ɡʰoɾ,house,,ɡʰoɾ,lexical-similarity-group:1,kim-ahmad-kim-sangma2011hajong[p. 49],,,hajong:143:hajong_chilapara:1
hajong_nirghini,,ɡʰoɾ,house,,ɡʰoɾ,lexical-similarity-group:1,kim-ahmad-kim-sangma2011hajong[p. 49],,,hajong:143:hajong_nirghini:1
hajong_dalugau,,ɡʰoɾ,house,,ɡʰoɾ,lexical-similarity-group:1,kim-ahmad-kim-sangma2011hajong[p. 49],,,hajong:143:hajong_dalugau:1
hajong_balachanda,,ɡʰoɾ,house,,ɡʰoɾ,lexical-similarity-group:1,kim-ahmad-kim-sangma2011hajong[p. 49],,,hajong:143:hajong_balachanda:1
hajong_dhamor,,ɡʰoɾ,house,,ɡʰoɾ,lexical-similarity-group:1,kim-ahmad-kim-sangma2011hajong[p. 49],,,hajong:143:hajong_dhamor:1
hajong_gopalpur,,ɡʰɔr,house,,ɡʰɔr,lexical-similarity-group:1,kim-ahmad-kim-sangma2011hajong[p. 49],,,hajong:143:hajong_gopalpur:1
hajong_bhalukapara,,ɡʰɔr,house,,ɡʰɔr,lexical-similarity-group:1,kim-ahmad-kim-sangma2011hajong[p. 49],,,hajong:143:hajong_bhalukapara:1
hajong_nokshi,,ɡʰɔr,house,,ɡʰɔr,lexical-similarity-group:1,kim-ahmad-kim-sangma2011hajong[p. 49],,,hajong:143:hajong_nokshi:1
hajong_bhalukapara,,duər,door,,duər,lexical-similarity-group:1,kim-ahmad-kim-sangma2011hajong[p. 49],,,hajong:144:hajong_bhalukapara:1
hajong_nokshi,,duər,door,,duər,lexical-similarity-group:1,kim-ahmad-kim-sangma2011hajong[p. 49],,,hajong:144:hajong_nokshi:1
hajong_nugapara,,duwaɾ,door,,duwaɾ,lexical-similarity-group:1,kim-ahmad-kim-sangma2011hajong[p. 49],,,hajong:144:hajong_nugapara:1
hajong_nirghini,,duwaɾ,door,,duwaɾ,lexical-similarity-group:1,kim-ahmad-kim-sangma2011hajong[p. 49],,,hajong:144:hajong_nirghini:1
hajong_dalugau,,duwaɾ,door,,duwaɾ,lexical-similarity-group:1,kim-ahmad-kim-sangma2011hajong[p. 49],,,hajong:144:hajong_dalugau:1
hajong_balachanda,,duwaɾ,door,,duwaɾ,lexical-similarity-group:1,kim-ahmad-kim-sangma2011hajong[p. 49],,,hajong:144:hajong_balachanda:1
hajong_dhamor,,duɾdʒa,door,,duɾdʒa,lexical-similarity-group:2,kim-ahmad-kim-sangma2011hajong[p. 49],,,hajong:144:hajong_dhamor:1
hajong_gopalbari,,dor,door,,dor,lexical-similarity-group:3,kim-ahmad-kim-sangma2011hajong[p. 49],,,hajong:144:hajong_gopalbari:1
hajong_bhalukapara,,duər,door,,duər,lexical-similarity-group:3,kim-ahmad-kim-sangma2011hajong[p. 49],,,hajong:144:hajong_bhalukapara:2
hajong_nokshi,,duər,door,,duər,lexical-similarity-group:3,kim-ahmad-kim-sangma2011hajong[p. 49],,,hajong:144:hajong_nokshi:2
hajong_gopalpur,,duɾ,door,,duɾ,lexical-similarity-group:3,kim-ahmad-kim-sangma2011hajong[p. 49],,,hajong:144:hajong_gopalpur:1
hajong_chilapara,,duɾ,door,,duɾ,lexical-similarity-group:3,kim-ahmad-kim-sangma2011hajong[p. 49],,,hajong:144:hajong_chilapara:1
hajong_dhamor,,duɾ,door,,duɾ,lexical-similarity-group:3,kim-ahmad-kim-sangma2011hajong[p. 49],,,hajong:144:hajong_dhamor:2
hajong_gopalbari,,kʰiɾki,window,,kʰiɾki,lexical-similarity-group:1,kim-ahmad-kim-sangma2011hajong[p. 49],,,hajong:145:hajong_gopalbari:1
hajong_nugapara,,kʰiɾki,window,,kʰiɾki,lexical-similarity-group:1,kim-ahmad-kim-sangma2011hajong[p. 49],,,hajong:145:hajong_nugapara:1
hajong_chilapara,,kʰiɾki,window,,kʰiɾki,lexical-similarity-group:1,kim-ahmad-kim-sangma2011hajong[p. 49],,,hajong:145:hajong_chilapara:1
hajong_dalugau,,kʰiɾki,window,,kʰiɾki,lexical-similarity-group:1,kim-ahmad-kim-sangma2011hajong[p. 49],,,hajong:145:hajong_dalugau:1
hajong_balachanda,,kʰiɾki,window,,kʰiɾki,lexical-similarity-group:1,kim-ahmad-kim-sangma2011hajong[p. 49],,,hajong:145:hajong_balachanda:1
hajong_dhamor,,kʰiɾki,window,,kʰiɾki,lexical-similarity-group:1,kim-ahmad-kim-sangma2011hajong[p. 49],,,hajong:145:hajong_dhamor:1
hajong_gopalbari,,dʒanala,window,,dʒanala,lexical-similarity-group:2,kim-ahmad-kim-sangma2011hajong[p. 49],,,hajong:145:hajong_gopalbari:2
hajong_gopalpur,,dʒanala,window,,dʒanala,lexical-similarity-group:2,kim-ahmad-kim-sangma2011hajong[p. 49],,,hajong:145:hajong_gopalpur:1
hajong_bhalukapara,,dʒanala,window,,dʒanala,lexical-similarity-group:2,kim-ahmad-kim-sangma2011hajong[p. 49],,,hajong:145:hajong_bhalukapara:1
hajong_nokshi,,dʒanala,window,,dʒanala,lexical-similarity-group:2,kim-ahmad-kim-sangma2011hajong[p. 49],,,hajong:145:hajong_nokshi:1
hajong_nirghini,,dʒanala,window,,dʒanala,lexical-similarity-group:2,kim-ahmad-kim-sangma2011hajong[p. 49],,,hajong:145:hajong_nirghini:1
hajong_balachanda,,dʒanla,window,,dʒanla,lexical-similarity-group:2,kim-ahmad-kim-sangma2011hajong[p. 49],,,hajong:145:hajong_balachanda:2
hajong_gopalbari,,kʰukidor,window,,kʰukidor,lexical-similarity-group:3,kim-ahmad-kim-sangma2011hajong[p. 49],,,hajong:145:hajong_gopalbari:3
hajong_gopalpur,,kʰukidor,window,,kʰukidor,lexical-similarity-group:3,kim-ahmad-kim-sangma2011hajong[p. 49],,,hajong:145:hajong_gopalpur:2
hajong_bhalukapara,,kʰukidor,window,,kʰukidor,lexical-similarity-group:3,kim-ahmad-kim-sangma2011hajong[p. 49],,,hajong:145:hajong_bhalukapara:2
hajong_nokshi,,kʰukidor,window,,kʰukidor,lexical-similarity-group:3,kim-ahmad-kim-sangma2011hajong[p. 49],,,hajong:145:hajong_nokshi:2
hajong_gopalbari,,tʃal,roof,,tʃal,lexical-similarity-group:2,kim-ahmad-kim-sangma2011hajong[p. 49],,,hajong:146:hajong_gopalbari:1
hajong_gopalpur,,tʃal,roof,,tʃal,lexical-similarity-group:2,kim-ahmad-kim-sangma2011hajong[p. 49],,,hajong:146:hajong_gopalpur:1
hajong_bhalukapara,,tʃal,roof,,tʃal,lexical-similarity-group:2,kim-ahmad-kim-sangma2011hajong[p. 49],,,hajong:146:hajong_bhalukapara:1
hajong_nokshi,,tʃal,roof,,tʃal,lexical-similarity-group:2,kim-ahmad-kim-sangma2011hajong[p. 49],,,hajong:146:hajong_nokshi:1
hajong_nugapara,,tʃal,roof,,tʃal,lexical-similarity-group:2,kim-ahmad-kim-sangma2011hajong[p. 49],,,hajong:146:hajong_nugapara:1
hajong_chilapara,,tʃal,roof,,tʃal,lexical-similarity-group:2,kim-ahmad-kim-sangma2011hajong[p. 49],,,hajong:146:hajong_chilapara:1
hajong_nirghini,,tʃal,roof,,tʃal,lexical-similarity-group:2,kim-ahmad-kim-sangma2011hajong[p. 49],,,hajong:146:hajong_nirghini:1
hajong_dalugau,,tʃal,roof,,tʃal,lexical-similarity-group:2,kim-ahmad-kim-sangma2011hajong[p. 49],,,hajong:146:hajong_dalugau:1
hajong_balachanda,,tʃal,roof,,tʃal,lexical-similarity-group:2,kim-ahmad-kim-sangma2011hajong[p. 49],,,hajong:146:hajong_balachanda:1
hajong_dhamor,,tʃal,roof,,tʃal,lexical-similarity-group:2,kim-ahmad-kim-sangma2011hajong[p. 49],,,hajong:146:hajong_dhamor:1
hajong_gopalpur,,beɾa,wall of house,,beɾa,lexical-similarity-group:1,kim-ahmad-kim-sangma2011hajong[p. 49],,,hajong:147:hajong_gopalpur:1
hajong_nugapara,,beɾa,wall of house,,beɾa,lexical-similarity-group:1,kim-ahmad-kim-sangma2011hajong[p. 49],,,hajong:147:hajong_nugapara:1
hajong_chilapara,,beɾa,wall of house,,beɾa,lexical-similarity-group:1,kim-ahmad-kim-sangma2011hajong[p. 49],,,hajong:147:hajong_chilapara:1
hajong_nirghini,,beɾa,wall of house,,beɾa,lexical-similarity-group:1,kim-ahmad-kim-sangma2011hajong[p. 49],,,hajong:147:hajong_nirghini:1
hajong_dalugau,,beɾa,wall of house,,beɾa,lexical-similarity-group:1,kim-ahmad-kim-sangma2011hajong[p. 49],,,hajong:147:hajong_dalugau:1
hajong_balachanda,,beɾa,wall of house,,beɾa,lexical-similarity-group:1,kim-ahmad-kim-sangma2011hajong[p. 49],,,hajong:147:hajong_balachanda:1
hajong_dhamor,,biɾa,wall of house,,biɾa,lexical-similarity-group:1,kim-ahmad-kim-sangma2011hajong[p. 49],,,hajong:147:hajong_dhamor:1
hajong_gopalbari,,dewal,wall of house,,dewal,lexical-similarity-group:2,kim-ahmad-kim-sangma2011hajong[p. 49],,,hajong:147:hajong_gopalbari:1
hajong_bhalukapara,,dewal,wall of house,,dewal,lexical-similarity-group:2,kim-ahmad-kim-sangma2011hajong[p. 49],,,hajong:147:hajong_bhalukapara:1
hajong_nokshi,,dewal,wall of house,,dewal,lexical-similarity-group:2,kim-ahmad-kim-sangma2011hajong[p. 49],,,hajong:147:hajong_nokshi:1
hajong_nugapara,,balus,pillow,,balus,lexical-similarity-group:1,kim-ahmad-kim-sangma2011hajong[p. 49],,,hajong:148:hajong_nugapara:1
hajong_chilapara,,balus,pillow,,balus,lexical-similarity-group:1,kim-ahmad-kim-sangma2011hajong[p. 49],,,hajong:148:hajong_chilapara:1
hajong_nirghini,,balus,pillow,,balus,lexical-similarity-group:1,kim-ahmad-kim-sangma2011hajong[p. 49],,,hajong:148:hajong_nirghini:1
hajong_dalugau,,balus,pillow,,balus,lexical-similarity-group:1,kim-ahmad-kim-sangma2011hajong[p. 49],,,hajong:148:hajong_dalugau:1
hajong_balachanda,,balus,pillow,,balus,lexical-similarity-group:1,kim-ahmad-kim-sangma2011hajong[p. 49],,,hajong:148:hajong_balachanda:1
hajong_dhamor,,balus,pillow,,balus,lexical-similarity-group:1,kim-ahmad-kim-sangma2011hajong[p. 49],,,hajong:148:hajong_dhamor:1
hajong_gopalbari,,baluʃ,pillow,,baluʃ,lexical-similarity-group:1,kim-ahmad-kim-sangma2011hajong[p. 49],,,hajong:148:hajong_gopalbari:1
hajong_gopalpur,,baluʃ,pillow,,baluʃ,lexical-similarity-group:1,kim-ahmad-kim-sangma2011hajong[p. 49],,,hajong:148:hajong_gopalpur:1
hajong_bhalukapara,,baluʃ,pillow,,baluʃ,lexical-similarity-group:1,kim-ahmad-kim-sangma2011hajong[p. 49],,,hajong:148:hajong_bhalukapara:1
hajong_nokshi,,baluʃ,pillow,,baluʃ,lexical-similarity-group:1,kim-ahmad-kim-sangma2011hajong[p. 49],,,hajong:148:hajong_nokshi:1
hajong_gopalbari,,kɔmbol,blanket,,kɔmbol,lexical-similarity-group:1,kim-ahmad-kim-sangma2011hajong[p. 49],,,hajong:149:hajong_gopalbari:1
hajong_gopalpur,,kɔmbol,blanket,,kɔmbol,lexical-similarity-group:1,kim-ahmad-kim-sangma2011hajong[p. 49],,,hajong:149:hajong_gopalpur:1
hajong_bhalukapara,,kɔmbol,blanket,,kɔmbol,lexical-similarity-group:1,kim-ahmad-kim-sangma2011hajong[p. 49],,,hajong:149:hajong_bhalukapara:1
hajong_nokshi,,kɔmbol,blanket,,kɔmbol,lexical-similarity-group:1,kim-ahmad-kim-sangma2011hajong[p. 49],,,hajong:149:hajong_nokshi:1
hajong_nugapara,,kombol,blanket,,kombol,lexical-similarity-group:1,kim-ahmad-kim-sangma2011hajong[p. 49],,,hajong:149:hajong_nugapara:1
hajong_chilapara,,kombol,blanket,,kombol,lexical-similarity-group:1,kim-ahmad-kim-sangma2011hajong[p. 49],,,hajong:149:hajong_chilapara:1
hajong_nirghini,,kombol,blanket,,kombol,lexical-similarity-group:1,kim-ahmad-kim-sangma2011hajong[p. 49],,,hajong:149:hajong_nirghini:1
hajong_dalugau,,kombol,blanket,,kombol,lexical-similarity-group:1,kim-ahmad-kim-sangma2011hajong[p. 49],,,hajong:149:hajong_dalugau:1
hajong_balachanda,,kombol,blanket,,kombol,lexical-similarity-group:1,kim-ahmad-kim-sangma2011hajong[p. 49],,,hajong:149:hajong_balachanda:1
hajong_dhamor,,kombol,blanket,,kombol,lexical-similarity-group:1,kim-ahmad-kim-sangma2011hajong[p. 49],,,hajong:149:hajong_dhamor:1
hajong_gopalbari,,aŋtʰi,ring (on finger),,aŋtʰi,lexical-similarity-group:1,kim-ahmad-kim-sangma2011hajong[p. 49],,,hajong:150:hajong_gopalbari:1
hajong_gopalpur,,aŋtʰi,ring (on finger),,aŋtʰi,lexical-similarity-group:1,kim-ahmad-kim-sangma2011hajong[p. 49],,,hajong:150:hajong_gopalpur:1
hajong_bhalukapara,,aŋtʰi,ring (on finger),,aŋtʰi,lexical-similarity-group:1,kim-ahmad-kim-sangma2011hajong[p. 49],,,hajong:150:hajong_bhalukapara:1
hajong_nokshi,,aŋtʰi,ring (on finger),,aŋtʰi,lexical-similarity-group:1,kim-ahmad-kim-sangma2011hajong[p. 49],,,hajong:150:hajong_nokshi:1
hajong_nugapara,,aŋtʰi,ring (on finger),,aŋtʰi,lexical-similarity-group:1,kim-ahmad-kim-sangma2011hajong[p. 49],,,hajong:150:hajong_nugapara:1
hajong_chilapara,,aŋtʰi,ring (on finger),,aŋtʰi,lexical-similarity-group:1,kim-ahmad-kim-sangma2011hajong[p. 49],,,hajong:150:hajong_chilapara:1
hajong_nirghini,,aŋtʰi,ring (on finger),,aŋtʰi,lexical-similarity-group:1,kim-ahmad-kim-sangma2011hajong[p. 49],,,hajong:150:hajong_nirghini:1
hajong_dalugau,,aŋtʰi,ring (on finger),,aŋtʰi,lexical-similarity-group:1,kim-ahmad-kim-sangma2011hajong[p. 49],,,hajong:150:hajong_dalugau:1
hajong_balachanda,,aŋtʰi,ring (on finger),,aŋtʰi,lexical-similarity-group:1,kim-ahmad-kim-sangma2011hajong[p. 49],,,hajong:150:hajong_balachanda:1
hajong_dhamor,,aŋtʰi,ring (on finger),,aŋtʰi,lexical-similarity-group:1,kim-ahmad-kim-sangma2011hajong[p. 49],,,hajong:150:hajong_dhamor:1
hajong_gopalbari,,kapor,clothing,,kapor,lexical-similarity-group:1,kim-ahmad-kim-sangma2011hajong[p. 49],,,hajong:151:hajong_gopalbari:1
hajong_gopalpur,,kapuɾ,clothing,,kapuɾ,lexical-similarity-group:1,kim-ahmad-kim-sangma2011hajong[p. 49],,,hajong:151:hajong_gopalpur:1
hajong_bhalukapara,,kapuɾ,clothing,,kapuɾ,lexical-similarity-group:1,kim-ahmad-kim-sangma2011hajong[p. 49],,,hajong:151:hajong_bhalukapara:1
hajong_nokshi,,kapuɾ,clothing,,kapuɾ,lexical-similarity-group:1,kim-ahmad-kim-sangma2011hajong[p. 49],,,hajong:151:hajong_nokshi:1
hajong_nugapara,,kapuɾ,clothing,,kapuɾ,lexical-similarity-group:1,kim-ahmad-kim-sangma2011hajong[p. 49],,,hajong:151:hajong_nugapara:1
hajong_chilapara,,kapuɾ,clothing,,kapuɾ,lexical-similarity-group:1,kim-ahmad-kim-sangma2011hajong[p. 49],,,hajong:151:hajong_chilapara:1
hajong_nirghini,,kapuɾ,clothing,,kapuɾ,lexical-similarity-group:1,kim-ahmad-kim-sangma2011hajong[p. 49],,,hajong:151:hajong_nirghini:1
hajong_balachanda,,kapuɾ,clothing,,kapuɾ,lexical-similarity-group:1,kim-ahmad-kim-sangma2011hajong[p. 49],,,hajong:151:hajong_balachanda:1
hajong_dhamor,,kapuɾ,clothing,,kapuɾ,lexical-similarity-group:1,kim-ahmad-kim-sangma2011hajong[p. 49],,,hajong:151:hajong_dhamor:1
hajong_dalugau,,pinakapuɾ,clothing,,pinakapuɾ,lexical-similarity-group:1,kim-ahmad-kim-sangma2011hajong[p. 49],,,hajong:151:hajong_dalugau:1
hajong_nugapara,,kapuɾ,cloth,,kapuɾ,lexical-similarity-group:1,kim-ahmad-kim-sangma2011hajong[p. 49],,,hajong:152:hajong_nugapara:1
hajong_chilapara,,kapuɾ,cloth,,kapuɾ,lexical-similarity-group:1,kim-ahmad-kim-sangma2011hajong[p. 49],,,hajong:152:hajong_chilapara:1
hajong_nirghini,,kapuɾ,cloth,,kapuɾ,lexical-similarity-group:1,kim-ahmad-kim-sangma2011hajong[p. 49],,,hajong:152:hajong_nirghini:1
hajong_dalugau,,kapuɾ,cloth,,kapuɾ,lexical-similarity-group:1,kim-ahmad-kim-sangma2011hajong[p. 49],,,hajong:152:hajong_dalugau:1
hajong_balachanda,,kapuɾ,cloth,,kapuɾ,lexical-similarity-group:1,kim-ahmad-kim-sangma2011hajong[p. 49],,,hajong:152:hajong_balachanda:1
hajong_dhamor,,kapuɾ,cloth,,kapuɾ,lexical-similarity-group:1,kim-ahmad-kim-sangma2011hajong[p. 49],,,hajong:152:hajong_dhamor:1
hajong_nirghini,,utʃot,medicine,,utʃot,lexical-similarity-group:1,kim-ahmad-kim-sangma2011hajong[p. 49],,,hajong:153:hajong_nirghini:1
hajong_gopalbari,,daɾu,medicine,,daɾu,lexical-similarity-group:2,kim-ahmad-kim-sangma2011hajong[p. 49],,,hajong:153:hajong_gopalbari:1
hajong_gopalpur,,daɾu,medicine,,daɾu,lexical-similarity-group:2,kim-ahmad-kim-sangma2011hajong[p. 49],,,hajong:153:hajong_gopalpur:1
hajong_bhalukapara,,daɾu,medicine,,daɾu,lexical-similarity-group:2,kim-ahmad-kim-sangma2011hajong[p. 49],,,hajong:153:hajong_bhalukapara:1
hajong_nokshi,,daɾu,medicine,,daɾu,lexical-similarity-group:2,kim-ahmad-kim-sangma2011hajong[p. 49],,,hajong:153:hajong_nokshi:1
hajong_nugapara,,daɾu,medicine,,daɾu,lexical-similarity-group:2,kim-ahmad-kim-sangma2011hajong[p. 49],,,hajong:153:hajong_nugapara:1
hajong_chilapara,,daɾu,medicine,,daɾu,lexical-similarity-group:2,kim-ahmad-kim-sangma2011hajong[p. 49],,,hajong:153:hajong_chilapara:1
hajong_dalugau,,daɾu,medicine,,daɾu,lexical-similarity-group:2,kim-ahmad-kim-sangma2011hajong[p. 49],,,hajong:153:hajong_dalugau:1
hajong_balachanda,,daɾu,medicine,,daɾu,lexical-similarity-group:2,kim-ahmad-kim-sangma2011hajong[p. 49],,,hajong:153:hajong_balachanda:1
hajong_dhamor,,daɾu,medicine,,daɾu,lexical-similarity-group:2,kim-ahmad-kim-sangma2011hajong[p. 49],,,hajong:153:hajong_dhamor:1
hajong_gopalpur,,kaɡodʒ,paper,,kaɡodʒ,lexical-similarity-group:1,kim-ahmad-kim-sangma2011hajong[p. 49],,,hajong:154:hajong_gopalpur:1
hajong_gopalbari,,kaɡos,paper,,kaɡos,lexical-similarity-group:1,kim-ahmad-kim-sangma2011hajong[p. 49],,,hajong:154:hajong_gopalbari:1
hajong_nugapara,,kaɡos,paper,,kaɡos,lexical-similarity-group:1,kim-ahmad-kim-sangma2011hajong[p. 49],,,hajong:154:hajong_nugapara:1
hajong_chilapara,,kaɡos,paper,,kaɡos,lexical-similarity-group:1,kim-ahmad-kim-sangma2011hajong[p. 49],,,hajong:154:hajong_chilapara:1
hajong_nirghini,,kaɡos,paper,,kaɡos,lexical-similarity-group:1,kim-ahmad-kim-sangma2011hajong[p. 49],,,hajong:154:hajong_nirghini:1
hajong_dalugau,,kaɡos,paper,,kaɡos,lexical-similarity-group:1,kim-ahmad-kim-sangma2011hajong[p. 49],,,hajong:154:hajong_dalugau:1
hajong_balachanda,,kaɡos,paper,,kaɡos,lexical-similarity-group:1,kim-ahmad-kim-sangma2011hajong[p. 49],,,hajong:154:hajong_balachanda:1
hajong_dhamor,,kaɡos,paper,,kaɡos,lexical-similarity-group:1,kim-ahmad-kim-sangma2011hajong[p. 49],,,hajong:154:hajong_dhamor:1
hajong_bhalukapara,,kaɡoʃ,paper,,kaɡoʃ,lexical-similarity-group:1,kim-ahmad-kim-sangma2011hajong[p. 49],,,hajong:154:hajong_bhalukapara:1
hajong_nokshi,,kakoʃ,paper,,kakoʃ,lexical-similarity-group:1,kim-ahmad-kim-sangma2011hajong[p. 49],,,hajong:154:hajong_nokshi:1
hajong_gopalbari,,bindi,needle,,bindi,lexical-similarity-group:1,kim-ahmad-kim-sangma2011hajong[p. 49],,,hajong:155:hajong_gopalbari:1
hajong_gopalpur,,bindi,needle,,bindi,lexical-similarity-group:1,kim-ahmad-kim-sangma2011hajong[p. 49],,,hajong:155:hajong_gopalpur:1
hajong_bhalukapara,,bindi,needle,,bindi,lexical-similarity-group:1,kim-ahmad-kim-sangma2011hajong[p. 49],,,hajong:155:hajong_bhalukapara:1
hajong_nokshi,,bindi,needle,,bindi,lexical-similarity-group:1,kim-ahmad-kim-sangma2011hajong[p. 49],,,hajong:155:hajong_nokshi:1
hajong_nugapara,,bindi,needle,,bindi,lexical-similarity-group:1,kim-ahmad-kim-sangma2011hajong[p. 49],,,hajong:155:hajong_nugapara:1
hajong_chilapara,,bindi,needle,,bindi,lexical-similarity-group:1,kim-ahmad-kim-sangma2011hajong[p. 49],,,hajong:155:hajong_chilapara:1
hajong_nirghini,,bindi,needle,,bindi,lexical-similarity-group:1,kim-ahmad-kim-sangma2011hajong[p. 49],,,hajong:155:hajong_nirghini:1
hajong_dalugau,,bindi,needle,,bindi,lexical-similarity-group:1,kim-ahmad-kim-sangma2011hajong[p. 49],,,hajong:155:hajong_dalugau:1
hajong_balachanda,,bindi,needle,,bindi,lexical-similarity-group:1,kim-ahmad-kim-sangma2011hajong[p. 49],,,hajong:155:hajong_balachanda:1
hajong_dhamor,,bindi,needle,,bindi,lexical-similarity-group:1,kim-ahmad-kim-sangma2011hajong[p. 49],,,hajong:155:hajong_dhamor:1
hajong_chilapara,,huta,thread,,huta,lexical-similarity-group:1,kim-ahmad-kim-sangma2011hajong[p. 49],,,hajong:156:hajong_chilapara:1
hajong_nugapara,,hutə,thread,,hutə,lexical-similarity-group:1,kim-ahmad-kim-sangma2011hajong[p. 49],,,hajong:156:hajong_nugapara:1
hajong_dalugau,,hutə,thread,,hutə,lexical-similarity-group:1,kim-ahmad-kim-sangma2011hajong[p. 49],,,hajong:156:hajong_dalugau:1
hajong_dhamor,,hutə,thread,,hutə,lexical-similarity-group:1,kim-ahmad-kim-sangma2011hajong[p. 49],,,hajong:156:hajong_dhamor:1
hajong_gopalbari,,hutɯ,thread,,hutɯ,lexical-similarity-group:1,kim-ahmad-kim-sangma2011hajong[p. 49],,,hajong:156:hajong_gopalbari:1
hajong_gopalpur,,hutɯ,thread,,hutɯ,lexical-similarity-group:1,kim-ahmad-kim-sangma2011hajong[p. 49],,,hajong:156:hajong_gopalpur:1
hajong_bhalukapara,,hutɯ,thread,,hutɯ,lexical-similarity-group:1,kim-ahmad-kim-sangma2011hajong[p. 49],,,hajong:156:hajong_bhalukapara:1
hajong_nokshi,,hutɯ,thread,,hutɯ,lexical-similarity-group:1,kim-ahmad-kim-sangma2011hajong[p. 49],,,hajong:156:hajong_nokshi:1
hajong_nirghini,,tʃuta,thread,,tʃuta,lexical-similarity-group:1,kim-ahmad-kim-sangma2011hajong[p. 49],,,hajong:156:hajong_nirghini:1
hajong_balachanda,,tʃuta,thread,,tʃuta,lexical-similarity-group:1,kim-ahmad-kim-sangma2011hajong[p. 49],,,hajong:156:hajong_balachanda:1
hajong_gopalbari,,haʃun,broom,,haʃun,lexical-similarity-group:1,kim-ahmad-kim-sangma2011hajong[p. 50],,,hajong:157:hajong_gopalbari:1
hajong_gopalpur,,haʃun,broom,,haʃun,lexical-similarity-group:1,kim-ahmad-kim-sangma2011hajong[p. 50],,,hajong:157:hajong_gopalpur:1
hajong_bhalukapara,,haʃun,broom,,haʃun,lexical-similarity-group:1,kim-ahmad-kim-sangma2011hajong[p. 50],,,hajong:157:hajong_bhalukapara:1
hajong_nokshi,,haʃun,broom,,haʃun,lexical-similarity-group:1,kim-ahmad-kim-sangma2011hajong[p. 50],,,hajong:157:hajong_nokshi:1
hajong_nugapara,,hasun,broom,,hasun,lexical-similarity-group:1,kim-ahmad-kim-sangma2011hajong[p. 50],,,hajong:157:hajong_nugapara:1
hajong_chilapara,,hasun,broom,,hasun,lexical-similarity-group:1,kim-ahmad-kim-sangma2011hajong[p. 50],,,hajong:157:hajong_chilapara:1
hajong_nirghini,,hasun,broom,,hasun,lexical-similarity-group:1,kim-ahmad-kim-sangma2011hajong[p. 50],,,hajong:157:hajong_nirghini:1
hajong_dalugau,,hasun,broom,,hasun,lexical-similarity-group:1,kim-ahmad-kim-sangma2011hajong[p. 50],,,hajong:157:hajong_dalugau:1
hajong_dhamor,,hasun,broom,,hasun,lexical-similarity-group:1,kim-ahmad-kim-sangma2011hajong[p. 50],,,hajong:157:hajong_dhamor:1
hajong_balachanda,,baɾun,broom,,baɾun,lexical-similarity-group:2,kim-ahmad-kim-sangma2011hajong[p. 50],,,hajong:157:hajong_balachanda:1
hajong_gopalpur,,tʃamotʃ,spoon (for eating),,tʃamotʃ,lexical-similarity-group:1,kim-ahmad-kim-sangma2011hajong[p. 50],,,hajong:158:hajong_gopalpur:1
hajong_bhalukapara,,tʃamotʃ,spoon (for eating),,tʃamotʃ,lexical-similarity-group:1,kim-ahmad-kim-sangma2011hajong[p. 50],,,hajong:158:hajong_bhalukapara:1
hajong_nokshi,,tʃamotʃ,spoon (for eating),,tʃamotʃ,lexical-similarity-group:1,kim-ahmad-kim-sangma2011hajong[p. 50],,,hajong:158:hajong_nokshi:1
hajong_nirghini,,tʃamos,spoon (for eating),,tʃamos,lexical-similarity-group:1,kim-ahmad-kim-sangma2011hajong[p. 50],,,hajong:158:hajong_nirghini:1
hajong_gopalbari,,tʃamus,spoon (for eating),,tʃamus,lexical-similarity-group:1,kim-ahmad-kim-sangma2011hajong[p. 50],,,hajong:158:hajong_gopalbari:1
hajong_nugapara,,tʃamus,spoon (for eating),,tʃamus,lexical-similarity-group:1,kim-ahmad-kim-sangma2011hajong[p. 50],,,hajong:158:hajong_nugapara:1
hajong_chilapara,,tʃamus,spoon (for eating),,tʃamus,lexical-similarity-group:1,kim-ahmad-kim-sangma2011hajong[p. 50],,,hajong:158:hajong_chilapara:1
hajong_dalugau,,tʃamus,spoon (for eating),,tʃamus,lexical-similarity-group:1,kim-ahmad-kim-sangma2011hajong[p. 50],,,hajong:158:hajong_dalugau:1
hajong_dhamor,,tʃamus,spoon (for eating),,tʃamus,lexical-similarity-group:1,kim-ahmad-kim-sangma2011hajong[p. 50],,,hajong:158:hajong_dhamor:1
hajong_balachanda,,kotʃuli,spoon (for eating),,kotʃuli,lexical-similarity-group:2,kim-ahmad-kim-sangma2011hajong[p. 50],,,hajong:158:hajong_balachanda:1
hajong_nugapara,,dau,knife (to cut meat),,dau,lexical-similarity-group:1,kim-ahmad-kim-sangma2011hajong[p. 50],,,hajong:159:hajong_nugapara:1
hajong_nirghini,,dau,knife (to cut meat),,dau,lexical-similarity-group:1,kim-ahmad-kim-sangma2011hajong[p. 50],,,hajong:159:hajong_nirghini:1
hajong_balachanda,,dau,knife (to cut meat),,dau,lexical-similarity-group:1,kim-ahmad-kim-sangma2011hajong[p. 50],,,hajong:159:hajong_balachanda:1
hajong_bhalukapara,,tʃaku,knife (to cut meat),,tʃaku,lexical-similarity-group:2,kim-ahmad-kim-sangma2011hajong[p. 50],,,hajong:159:hajong_bhalukapara:1
hajong_nokshi,,tʃaku,knife (to cut meat),,tʃaku,lexical-similarity-group:2,kim-ahmad-kim-sangma2011hajong[p. 50],,,hajong:159:hajong_nokshi:1
hajong_chilapara,,tʃaku,knife (to cut meat),,tʃaku,lexical-similarity-group:2,kim-ahmad-kim-sangma2011hajong[p. 50],,,hajong:159:hajong_chilapara:1
hajong_nirghini,,tʃaku,knife (to cut meat),,tʃaku,lexical-similarity-group:2,kim-ahmad-kim-sangma2011hajong[p. 50],,,hajong:159:hajong_nirghini:2
hajong_dhamor,,tʃaku,knife (to cut meat),,tʃaku,lexical-similarity-group:2,kim-ahmad-kim-sangma2011hajong[p. 50],,,hajong:159:hajong_dhamor:1
hajong_gopalpur,,tʃuɾi,knife (to cut meat),,tʃuɾi,lexical-similarity-group:3,kim-ahmad-kim-sangma2011hajong[p. 50],,,hajong:159:hajong_gopalpur:1
hajong_dalugau,,tʃuɾi,knife (to cut meat),,tʃuɾi,lexical-similarity-group:3,kim-ahmad-kim-sangma2011hajong[p. 50],,,hajong:159:hajong_dalugau:1
hajong_gopalbari,,diɡar,knife (to cut meat),,diɡar,lexical-similarity-group:4,kim-ahmad-kim-sangma2011hajong[p. 50],,,hajong:159:hajong_gopalbari:1
hajong_gopalbari,,atur,hammer,,atur,lexical-similarity-group:1,kim-ahmad-kim-sangma2011hajong[p. 50],,,hajong:160:hajong_gopalbari:1
hajong_gopalpur,,atur,hammer,,atur,lexical-similarity-group:1,kim-ahmad-kim-sangma2011hajong[p. 50],,,hajong:160:hajong_gopalpur:1
hajong_bhalukapara,,hatuɾ,hammer,,hatuɾ,lexical-similarity-group:1,kim-ahmad-kim-sangma2011hajong[p. 50],,,hajong:160:hajong_bhalukapara:1
hajong_nokshi,,hatuɾ,hammer,,hatuɾ,lexical-similarity-group:1,kim-ahmad-kim-sangma2011hajong[p. 50],,,hajong:160:hajong_nokshi:1
hajong_nugapara,,hatuɾ,hammer,,hatuɾ,lexical-similarity-group:1,kim-ahmad-kim-sangma2011hajong[p. 50],,,hajong:160:hajong_nugapara:1
hajong_chilapara,,hatuɾ,hammer,,hatuɾ,lexical-similarity-group:1,kim-ahmad-kim-sangma2011hajong[p. 50],,,hajong:160:hajong_chilapara:1
hajong_dalugau,,hatuɾ,hammer,,hatuɾ,lexical-similarity-group:1,kim-ahmad-kim-sangma2011hajong[p. 50],,,hajong:160:hajong_dalugau:1
hajong_balachanda,,hatuɾ,hammer,,hatuɾ,lexical-similarity-group:1,kim-ahmad-kim-sangma2011hajong[p. 50],,,hajong:160:hajong_balachanda:1
hajong_dhamor,,hatuɾ,hammer,,hatuɾ,lexical-similarity-group:1,kim-ahmad-kim-sangma2011hajong[p. 50],,,hajong:160:hajong_dhamor:1
hajong_nirghini,,maɾtul,hammer,,maɾtul,lexical-similarity-group:2,kim-ahmad-kim-sangma2011hajong[p. 50],,,hajong:160:hajong_nirghini:1
hajong_bhalukapara,,hatuɾ,hammer,,hatuɾ,lexical-similarity-group:3,kim-ahmad-kim-sangma2011hajong[p. 50],,,hajong:160:hajong_bhalukapara:2
hajong_nokshi,,hatuɾ,hammer,,hatuɾ,lexical-similarity-group:3,kim-ahmad-kim-sangma2011hajong[p. 50],,,hajong:160:hajong_nokshi:2
hajong_nugapara,,hatuɾ,hammer,,hatuɾ,lexical-similarity-group:3,kim-ahmad-kim-sangma2011hajong[p. 50],,,hajong:160:hajong_nugapara:2
hajong_chilapara,,hatuɾ,hammer,,hatuɾ,lexical-similarity-group:3,kim-ahmad-kim-sangma2011hajong[p. 50],,,hajong:160:hajong_chilapara:2
hajong_dalugau,,hatuɾ,hammer,,hatuɾ,lexical-similarity-group:3,kim-ahmad-kim-sangma2011hajong[p. 50],,,hajong:160:hajong_dalugau:2
hajong_balachanda,,hatuɾ,hammer,,hatuɾ,lexical-similarity-group:3,kim-ahmad-kim-sangma2011hajong[p. 50],,,hajong:160:hajong_balachanda:2
hajong_dhamor,,hatuɾ,hammer,,hatuɾ,lexical-similarity-group:3,kim-ahmad-kim-sangma2011hajong[p. 50],,,hajong:160:hajong_dhamor:2
hajong_balachanda,,kudal,axe,,kudal,lexical-similarity-group:1,kim-ahmad-kim-sangma2011hajong[p. 50],,,hajong:161:hajong_balachanda:1
hajong_nugapara,,kuɾal,axe,,kuɾal,lexical-similarity-group:1,kim-ahmad-kim-sangma2011hajong[p. 50],,,hajong:161:hajong_nugapara:1
hajong_chilapara,,kuɾal,axe,,kuɾal,lexical-similarity-group:1,kim-ahmad-kim-sangma2011hajong[p. 50],,,hajong:161:hajong_chilapara:1
hajong_nirghini,,kuɾal,axe,,kuɾal,lexical-similarity-group:1,kim-ahmad-kim-sangma2011hajong[p. 50],,,hajong:161:hajong_nirghini:1
hajong_dhamor,,kuɾal,axe,,kuɾal,lexical-similarity-group:1,kim-ahmad-kim-sangma2011hajong[p. 50],,,hajong:161:hajong_dhamor:1
hajong_gopalbari,,kuɾɯl,axe,,kuɾɯl,lexical-similarity-group:1,kim-ahmad-kim-sangma2011hajong[p. 50],,,hajong:161:hajong_gopalbari:1
hajong_gopalpur,,kuɾɯl,axe,,kuɾɯl,lexical-similarity-group:1,kim-ahmad-kim-sangma2011hajong[p. 50],,,hajong:161:hajong_gopalpur:1
hajong_bhalukapara,,kuɾɯl,axe,,kuɾɯl,lexical-similarity-group:1,kim-ahmad-kim-sangma2011hajong[p. 50],,,hajong:161:hajong_bhalukapara:1
hajong_nokshi,,kuɾɯl,axe,,kuɾɯl,lexical-similarity-group:1,kim-ahmad-kim-sangma2011hajong[p. 50],,,hajong:161:hajong_nokshi:1
hajong_nugapara,,kuɾal,axe,,kuɾal,lexical-similarity-group:3,kim-ahmad-kim-sangma2011hajong[p. 50],,,hajong:161:hajong_nugapara:2
hajong_chilapara,,kuɾal,axe,,kuɾal,lexical-similarity-group:3,kim-ahmad-kim-sangma2011hajong[p. 50],,,hajong:161:hajong_chilapara:2
hajong_nirghini,,kuɾal,axe,,kuɾal,lexical-similarity-group:3,kim-ahmad-kim-sangma2011hajong[p. 50],,,hajong:161:hajong_nirghini:2
hajong_dhamor,,kuɾal,axe,,kuɾal,lexical-similarity-group:3,kim-ahmad-kim-sangma2011hajong[p. 50],,,hajong:161:hajong_dhamor:2
hajong_dalugau,,uɾəl,axe,,uɾəl,lexical-similarity-group:3,kim-ahmad-kim-sangma2011hajong[p. 50],,,hajong:161:hajong_dalugau:1
hajong_balachanda,,dʰonuk,bow,,dʰonuk,lexical-similarity-group:1,kim-ahmad-kim-sangma2011hajong[p. 50],,,hajong:162:hajong_balachanda:1
hajong_gopalbari,,dʰunu,bow,,dʰunu,lexical-similarity-group:1,kim-ahmad-kim-sangma2011hajong[p. 50],,,hajong:162:hajong_gopalbari:1
hajong_gopalpur,,dʰunu,bow,,dʰunu,lexical-similarity-group:1,kim-ahmad-kim-sangma2011hajong[p. 50],,,hajong:162:hajong_gopalpur:1
hajong_bhalukapara,,dʰunu,bow,,dʰunu,lexical-similarity-group:1,kim-ahmad-kim-sangma2011hajong[p. 50],,,hajong:162:hajong_bhalukapara:1
hajong_nokshi,,dʰunu,bow,,dʰunu,lexical-similarity-group:1,kim-ahmad-kim-sangma2011hajong[p. 50],,,hajong:162:hajong_nokshi:1
hajong_nirghini,,dʰunu,bow,,dʰunu,lexical-similarity-group:1,kim-ahmad-kim-sangma2011hajong[p. 50],,,hajong:162:hajong_nirghini:1
hajong_dalugau,,dʰunu,bow,,dʰunu,lexical-similarity-group:1,kim-ahmad-kim-sangma2011hajong[p. 50],,,hajong:162:hajong_dalugau:1
hajong_nugapara,,dʰunuk,bow,,dʰunuk,lexical-similarity-group:1,kim-ahmad-kim-sangma2011hajong[p. 50],,,hajong:162:hajong_nugapara:1
hajong_chilapara,,dʰunuk,bow,,dʰunuk,lexical-similarity-group:1,kim-ahmad-kim-sangma2011hajong[p. 50],,,hajong:162:hajong_chilapara:1
hajong_dhamor,,dʰunuk,bow,,dʰunuk,lexical-similarity-group:1,kim-ahmad-kim-sangma2011hajong[p. 50],,,hajong:162:hajong_dhamor:1
hajong_gopalbari,,tir,arrow,,tir,lexical-similarity-group:1,kim-ahmad-kim-sangma2011hajong[p. 50],,,hajong:163:hajong_gopalbari:1
hajong_gopalpur,,tir,arrow,,tir,lexical-similarity-group:1,kim-ahmad-kim-sangma2011hajong[p. 50],,,hajong:163:hajong_gopalpur:1
hajong_bhalukapara,,tir,arrow,,tir,lexical-similarity-group:1,kim-ahmad-kim-sangma2011hajong[p. 50],,,hajong:163:hajong_bhalukapara:1
hajong_nokshi,,tir,arrow,,tir,lexical-similarity-group:1,kim-ahmad-kim-sangma2011hajong[p. 50],,,hajong:163:hajong_nokshi:1
hajong_nugapara,,tiɾ,arrow,,tiɾ,lexical-similarity-group:1,kim-ahmad-kim-sangma2011hajong[p. 50],,,hajong:163:hajong_nugapara:1
hajong_chilapara,,tiɾ,arrow,,tiɾ,lexical-similarity-group:1,kim-ahmad-kim-sangma2011hajong[p. 50],,,hajong:163:hajong_chilapara:1
hajong_nirghini,,tiɾ,arrow,,tiɾ,lexical-similarity-group:1,kim-ahmad-kim-sangma2011hajong[p. 50],,,hajong:163:hajong_nirghini:1
hajong_dalugau,,tiɾ,arrow,,tiɾ,lexical-similarity-group:1,kim-ahmad-kim-sangma2011hajong[p. 50],,,hajong:163:hajong_dalugau:1
hajong_balachanda,,tiɾ,arrow,,tiɾ,lexical-similarity-group:1,kim-ahmad-kim-sangma2011hajong[p. 50],,,hajong:163:hajong_balachanda:1
hajong_dhamor,,tiɾ,arrow,,tiɾ,lexical-similarity-group:1,kim-ahmad-kim-sangma2011hajong[p. 50],,,hajong:163:hajong_dhamor:1
hajong_nugapara,,hatʃiwaɾ,spear,,hatʃiwaɾ,lexical-similarity-group:1,kim-ahmad-kim-sangma2011hajong[p. 50],,,hajong:164:hajong_nugapara:1
hajong_gopalbari,,tʃewaɾ,spear,,tʃewaɾ,lexical-similarity-group:1,kim-ahmad-kim-sangma2011hajong[p. 50],,,hajong:164:hajong_gopalbari:1
hajong_gopalpur,,tʃewaɾ,spear,,tʃewaɾ,lexical-similarity-group:1,kim-ahmad-kim-sangma2011hajong[p. 50],,,hajong:164:hajong_gopalpur:1
hajong_bhalukapara,,tʃewaɾ,spear,,tʃewaɾ,lexical-similarity-group:1,kim-ahmad-kim-sangma2011hajong[p. 50],,,hajong:164:hajong_bhalukapara:1
hajong_nokshi,,tʃewaɾ,spear,,tʃewaɾ,lexical-similarity-group:1,kim-ahmad-kim-sangma2011hajong[p. 50],,,hajong:164:hajong_nokshi:1
hajong_dalugau,,tʃewaɾ,spear,,tʃewaɾ,lexical-similarity-group:1,kim-ahmad-kim-sangma2011hajong[p. 50],,,hajong:164:hajong_dalugau:1
hajong_nokshi,,pʰala,spear,,pʰala,lexical-similarity-group:2,kim-ahmad-kim-sangma2011hajong[p. 50],,,hajong:164:hajong_nokshi:2
hajong_chilapara,,pʰala,spear,,pʰala,lexical-similarity-group:2,kim-ahmad-kim-sangma2011hajong[p. 50],,,hajong:164:hajong_chilapara:1
hajong_balachanda,,tʃandʰaɾ,spear,,tʃandʰaɾ,lexical-similarity-group:3,kim-ahmad-kim-sangma2011hajong[p. 50],,,hajong:164:hajong_balachanda:1
hajong_nirghini,,tʃawaɾ,spear,,tʃawaɾ,lexical-similarity-group:3,kim-ahmad-kim-sangma2011hajong[p. 50],,,hajong:164:hajong_nirghini:1
hajong_gopalbari,,tʃewaɾ,spear,,tʃewaɾ,lexical-similarity-group:3,kim-ahmad-kim-sangma2011hajong[p. 50],,,hajong:164:hajong_gopalbari:2
hajong_gopalpur,,tʃewaɾ,spear,,tʃewaɾ,lexical-similarity-group:3,kim-ahmad-kim-sangma2011hajong[p. 50],,,hajong:164:hajong_gopalpur:2
hajong_bhalukapara,,tʃewaɾ,spear,,tʃewaɾ,lexical-similarity-group:3,kim-ahmad-kim-sangma2011hajong[p. 50],,,hajong:164:hajong_bhalukapara:2
hajong_nokshi,,tʃewaɾ,spear,,tʃewaɾ,lexical-similarity-group:3,kim-ahmad-kim-sangma2011hajong[p. 50],,,hajong:164:hajong_nokshi:3
hajong_dalugau,,tʃewaɾ,spear,,tʃewaɾ,lexical-similarity-group:3,kim-ahmad-kim-sangma2011hajong[p. 50],,,hajong:164:hajong_dalugau:2
hajong_dhamor,,tʃiaɾdʒaŋ,spear,,tʃiaɾdʒaŋ,lexical-similarity-group:4,kim-ahmad-kim-sangma2011hajong[p. 50],,,hajong:164:hajong_dhamor:1
hajong_gopalbari,,bɔrʃa,spear,,bɔrʃa,lexical-similarity-group:5,kim-ahmad-kim-sangma2011hajong[p. 50],,,hajong:164:hajong_gopalbari:3
hajong_gopalpur,,bɔrʃa,spear,,bɔrʃa,lexical-similarity-group:5,kim-ahmad-kim-sangma2011hajong[p. 50],,,hajong:164:hajong_gopalpur:3
hajong_gopalbari,,dʒui,fire,,dʒui,lexical-similarity-group:1,kim-ahmad-kim-sangma2011hajong[p. 50],,,hajong:165:hajong_gopalbari:1
hajong_gopalpur,,dʒui,fire,,dʒui,lexical-similarity-group:1,kim-ahmad-kim-sangma2011hajong[p. 50],,,hajong:165:hajong_gopalpur:1
hajong_bhalukapara,,dʒui,fire,,dʒui,lexical-similarity-group:1,kim-ahmad-kim-sangma2011hajong[p. 50],,,hajong:165:hajong_bhalukapara:1
hajong_nokshi,,dʒui,fire,,dʒui,lexical-similarity-group:1,kim-ahmad-kim-sangma2011hajong[p. 50],,,hajong:165:hajong_nokshi:1
hajong_nugapara,,dʒui,fire,,dʒui,lexical-similarity-group:1,kim-ahmad-kim-sangma2011hajong[p. 50],,,hajong:165:hajong_nugapara:1
hajong_chilapara,,dʒui,fire,,dʒui,lexical-similarity-group:1,kim-ahmad-kim-sangma2011hajong[p. 50],,,hajong:165:hajong_chilapara:1
hajong_nirghini,,dʒui,fire,,dʒui,lexical-similarity-group:1,kim-ahmad-kim-sangma2011hajong[p. 50],,,hajong:165:hajong_nirghini:1
hajong_dalugau,,dʒui,fire,,dʒui,lexical-similarity-group:1,kim-ahmad-kim-sangma2011hajong[p. 50],,,hajong:165:hajong_dalugau:1
hajong_balachanda,,dʒui,fire,,dʒui,lexical-similarity-group:1,kim-ahmad-kim-sangma2011hajong[p. 50],,,hajong:165:hajong_balachanda:1
hajong_dhamor,,dʒui,fire,,dʒui,lexical-similarity-group:1,kim-ahmad-kim-sangma2011hajong[p. 50],,,hajong:165:hajong_dhamor:1
hajong_nugapara,,aŋɾa,ashes,,aŋɾa,lexical-similarity-group:1,kim-ahmad-kim-sangma2011hajong[p. 50],,,hajong:166:hajong_nugapara:1
hajong_dhamor,,aŋɾa,ashes,,aŋɾa,lexical-similarity-group:1,kim-ahmad-kim-sangma2011hajong[p. 50],,,hajong:166:hajong_dhamor:1
hajong_chilapara,,tʃai,ashes,,tʃai,lexical-similarity-group:2,kim-ahmad-kim-sangma2011hajong[p. 50],,,hajong:166:hajong_chilapara:1
hajong_nirghini,,tʃai,ashes,,tʃai,lexical-similarity-group:2,kim-ahmad-kim-sangma2011hajong[p. 50],,,hajong:166:hajong_nirghini:1
hajong_dalugau,,tʃai,ashes,,tʃai,lexical-similarity-group:2,kim-ahmad-kim-sangma2011hajong[p. 50],,,hajong:166:hajong_dalugau:1
hajong_balachanda,,tʃai,ashes,,tʃai,lexical-similarity-group:2,kim-ahmad-kim-sangma2011hajong[p. 50],,,hajong:166:hajong_balachanda:1
hajong_gopalbari,,tʃɯi,ashes,,tʃɯi,lexical-similarity-group:3,kim-ahmad-kim-sangma2011hajong[p. 50],,,hajong:166:hajong_gopalbari:1
hajong_gopalpur,,tʃɯi,ashes,,tʃɯi,lexical-similarity-group:3,kim-ahmad-kim-sangma2011hajong[p. 50],,,hajong:166:hajong_gopalpur:1
hajong_bhalukapara,,tʃɯi,ashes,,tʃɯi,lexical-similarity-group:3,kim-ahmad-kim-sangma2011hajong[p. 50],,,hajong:166:hajong_bhalukapara:1
hajong_nokshi,,tʃɯi,ashes,,tʃɯi,lexical-similarity-group:3,kim-ahmad-kim-sangma2011hajong[p. 50],,,hajong:166:hajong_nokshi:1
hajong_chilapara,,tʃai,ashes,,tʃai,lexical-similarity-group:3,kim-ahmad-kim-sangma2011hajong[p. 50],,,hajong:166:hajong_chilapara:2
hajong_nirghini,,tʃai,ashes,,tʃai,lexical-similarity-group:3,kim-ahmad-kim-sangma2011hajong[p. 50],,,hajong:166:hajong_nirghini:2
hajong_dalugau,,tʃai,ashes,,tʃai,lexical-similarity-group:3,kim-ahmad-kim-sangma2011hajong[p. 50],,,hajong:166:hajong_dalugau:2
hajong_balachanda,,tʃai,ashes,,tʃai,lexical-similarity-group:3,kim-ahmad-kim-sangma2011hajong[p. 50],,,hajong:166:hajong_balachanda:2
hajong_nugapara,,dʰuŋa,smoke,,dʰuŋa,lexical-similarity-group:1,kim-ahmad-kim-sangma2011hajong[p. 50],,,hajong:167:hajong_nugapara:1
hajong_chilapara,,dʰuŋa,smoke,,dʰuŋa,lexical-similarity-group:1,kim-ahmad-kim-sangma2011hajong[p. 50],,,hajong:167:hajong_chilapara:1
hajong_nirghini,,dʰuŋa,smoke,,dʰuŋa,lexical-similarity-group:1,kim-ahmad-kim-sangma2011hajong[p. 50],,,hajong:167:hajong_nirghini:1
hajong_dalugau,,dʰuŋa,smoke,,dʰuŋa,lexical-similarity-group:1,kim-ahmad-kim-sangma2011hajong[p. 50],,,hajong:167:hajong_dalugau:1
hajong_balachanda,,dʰuŋa,smoke,,dʰuŋa,lexical-similarity-group:1,kim-ahmad-kim-sangma2011hajong[p. 50],,,hajong:167:hajong_balachanda:1
hajong_dhamor,,dʰuŋa,smoke,,dʰuŋa,lexical-similarity-group:1,kim-ahmad-kim-sangma2011hajong[p. 50],,,hajong:167:hajong_dhamor:1
hajong_gopalbari,,dʰuŋɯ,smoke,,dʰuŋɯ,lexical-similarity-group:1,kim-ahmad-kim-sangma2011hajong[p. 50],,,hajong:167:hajong_gopalbari:1
hajong_gopalpur,,dʰuŋɯ,smoke,,dʰuŋɯ,lexical-similarity-group:1,kim-ahmad-kim-sangma2011hajong[p. 50],,,hajong:167:hajong_gopalpur:1
hajong_bhalukapara,,dʰuŋɯ,smoke,,dʰuŋɯ,lexical-similarity-group:1,kim-ahmad-kim-sangma2011hajong[p. 50],,,hajong:167:hajong_bhalukapara:1
hajong_nokshi,,dʰuŋɯ,smoke,,dʰuŋɯ,lexical-similarity-group:1,kim-ahmad-kim-sangma2011hajong[p. 50],,,hajong:167:hajong_nokshi:1
hajong_gopalpur,,mom,candle,,mom,lexical-similarity-group:1,kim-ahmad-kim-sangma2011hajong[p. 50],,,hajong:168:hajong_gopalpur:1
hajong_chilapara,,mom,candle,,mom,lexical-similarity-group:1,kim-ahmad-kim-sangma2011hajong[p. 50],,,hajong:168:hajong_chilapara:1
hajong_nirghini,,mom,candle,,mom,lexical-similarity-group:1,kim-ahmad-kim-sangma2011hajong[p. 50],,,hajong:168:hajong_nirghini:1
hajong_dalugau,,mom,candle,,mom,lexical-similarity-group:1,kim-ahmad-kim-sangma2011hajong[p. 50],,,hajong:168:hajong_dalugau:1
hajong_dhamor,,mom,candle,,mom,lexical-similarity-group:1,kim-ahmad-kim-sangma2011hajong[p. 50],,,hajong:168:hajong_dhamor:1
hajong_gopalbari,,mombati,candle,,mombati,lexical-similarity-group:1,kim-ahmad-kim-sangma2011hajong[p. 50],,,hajong:168:hajong_gopalbari:1
hajong_bhalukapara,,mombati,candle,,mombati,lexical-similarity-group:1,kim-ahmad-kim-sangma2011hajong[p. 50],,,hajong:168:hajong_bhalukapara:1
hajong_nokshi,,mombati,candle,,mombati,lexical-similarity-group:1,kim-ahmad-kim-sangma2011hajong[p. 50],,,hajong:168:hajong_nokshi:1
hajong_nugapara,,mombati,candle,,mombati,lexical-similarity-group:1,kim-ahmad-kim-sangma2011hajong[p. 50],,,hajong:168:hajong_nugapara:1
hajong_balachanda,,mombati,candle,,mombati,lexical-similarity-group:1,kim-ahmad-kim-sangma2011hajong[p. 50],,,hajong:168:hajong_balachanda:1
hajong_dalugau,,nauka,boat,,nauka,lexical-similarity-group:1,kim-ahmad-kim-sangma2011hajong[p. 50],,,hajong:169:hajong_dalugau:1
hajong_gopalbari,,nau,boat,,nau,lexical-similarity-group:2,kim-ahmad-kim-sangma2011hajong[p. 50],,,hajong:169:hajong_gopalbari:1
hajong_gopalpur,,nau,boat,,nau,lexical-similarity-group:2,kim-ahmad-kim-sangma2011hajong[p. 50],,,hajong:169:hajong_gopalpur:1
hajong_bhalukapara,,nau,boat,,nau,lexical-similarity-group:2,kim-ahmad-kim-sangma2011hajong[p. 50],,,hajong:169:hajong_bhalukapara:1
hajong_nokshi,,nau,boat,,nau,lexical-similarity-group:2,kim-ahmad-kim-sangma2011hajong[p. 50],,,hajong:169:hajong_nokshi:1
hajong_nugapara,,nau,boat,,nau,lexical-similarity-group:2,kim-ahmad-kim-sangma2011hajong[p. 50],,,hajong:169:hajong_nugapara:1
hajong_chilapara,,nau,boat,,nau,lexical-similarity-group:2,kim-ahmad-kim-sangma2011hajong[p. 50],,,hajong:169:hajong_chilapara:1
hajong_nirghini,,nau,boat,,nau,lexical-similarity-group:2,kim-ahmad-kim-sangma2011hajong[p. 50],,,hajong:169:hajong_nirghini:1
hajong_balachanda,,nau,boat,,nau,lexical-similarity-group:2,kim-ahmad-kim-sangma2011hajong[p. 50],,,hajong:169:hajong_balachanda:1
hajong_dhamor,,nau,boat,,nau,lexical-similarity-group:2,kim-ahmad-kim-sangma2011hajong[p. 50],,,hajong:169:hajong_dhamor:1
hajong_gopalbari,,pɔt,road,,pɔt,lexical-similarity-group:1,kim-ahmad-kim-sangma2011hajong[p. 50],,,hajong:170:hajong_gopalbari:1
hajong_gopalpur,,pɔt,road,,pɔt,lexical-similarity-group:1,kim-ahmad-kim-sangma2011hajong[p. 50],,,hajong:170:hajong_gopalpur:1
hajong_nokshi,,pɔt,road,,pɔt,lexical-similarity-group:1,kim-ahmad-kim-sangma2011hajong[p. 50],,,hajong:170:hajong_nokshi:1
hajong_nugapara,,pot,road,,pot,lexical-similarity-group:1,kim-ahmad-kim-sangma2011hajong[p. 50],,,hajong:170:hajong_nugapara:1
hajong_chilapara,,pot,road,,pot,lexical-similarity-group:1,kim-ahmad-kim-sangma2011hajong[p. 50],,,hajong:170:hajong_chilapara:1
hajong_nirghini,,pot,road,,pot,lexical-similarity-group:1,kim-ahmad-kim-sangma2011hajong[p. 50],,,hajong:170:hajong_nirghini:1
hajong_dhamor,,pot,road,,pot,lexical-similarity-group:1,kim-ahmad-kim-sangma2011hajong[p. 50],,,hajong:170:hajong_dhamor:1
hajong_bhalukapara,,ʃoɾok,road,,ʃoɾok,lexical-similarity-group:2,kim-ahmad-kim-sangma2011hajong[p. 50],,,hajong:170:hajong_bhalukapara:1
hajong_nirghini,,tʃoɾok,road,,tʃoɾok,lexical-similarity-group:2,kim-ahmad-kim-sangma2011hajong[p. 50],,,hajong:170:hajong_nirghini:2
hajong_dalugau,,tʃoɾok,road,,tʃoɾok,lexical-similarity-group:2,kim-ahmad-kim-sangma2011hajong[p. 50],,,hajong:170:hajong_dalugau:1
hajong_balachanda,,ɾasta,road,,ɾasta,lexical-similarity-group:3,kim-ahmad-kim-sangma2011hajong[p. 50],,,hajong:170:hajong_balachanda:1
hajong_gopalbari,,pɔt,path,,pɔt,lexical-similarity-group:1,kim-ahmad-kim-sangma2011hajong[p. 51],,,hajong:171:hajong_gopalbari:1
hajong_gopalpur,,pɔt,path,,pɔt,lexical-similarity-group:1,kim-ahmad-kim-sangma2011hajong[p. 51],,,hajong:171:hajong_gopalpur:1
hajong_bhalukapara,,pɔt,path,,pɔt,lexical-similarity-group:1,kim-ahmad-kim-sangma2011hajong[p. 51],,,hajong:171:hajong_bhalukapara:1
hajong_nokshi,,pɔt,path,,pɔt,lexical-similarity-group:1,kim-ahmad-kim-sangma2011hajong[p. 51],,,hajong:171:hajong_nokshi:1
hajong_nugapara,,pot,path,,pot,lexical-similarity-group:1,kim-ahmad-kim-sangma2011hajong[p. 51],,,hajong:171:hajong_nugapara:1
hajong_chilapara,,pot,path,,pot,lexical-similarity-group:1,kim-ahmad-kim-sangma2011hajong[p. 51],,,hajong:171:hajong_chilapara:1
hajong_nirghini,,pot,path,,pot,lexical-similarity-group:1,kim-ahmad-kim-sangma2011hajong[p. 51],,,hajong:171:hajong_nirghini:1
hajong_dalugau,,pot,path,,pot,lexical-similarity-group:1,kim-ahmad-kim-sangma2011hajong[p. 51],,,hajong:171:hajong_dalugau:1
hajong_balachanda,,pot,path,,pot,lexical-similarity-group:1,kim-ahmad-kim-sangma2011hajong[p. 51],,,hajong:171:hajong_balachanda:1
hajong_dhamor,,alipot,path,,alipot,lexical-similarity-group:2,kim-ahmad-kim-sangma2011hajong[p. 51],,,hajong:171:hajong_dhamor:1
hajong_nugapara,,dʒa,to go,,dʒa,lexical-similarity-group:1,kim-ahmad-kim-sangma2011hajong[p. 51],,,hajong:172:hajong_nugapara:1
hajong_nirghini,,dʒa,to go,,dʒa,lexical-similarity-group:1,kim-ahmad-kim-sangma2011hajong[p. 51],,,hajong:172:hajong_nirghini:1
hajong_gopalbari,,dʒawa,to go,,dʒawa,lexical-similarity-group:1,kim-ahmad-kim-sangma2011hajong[p. 51],,,hajong:172:hajong_gopalbari:1
hajong_gopalpur,,dʒawa,to go,,dʒawa,lexical-similarity-group:1,kim-ahmad-kim-sangma2011hajong[p. 51],,,hajong:172:hajong_gopalpur:1
hajong_bhalukapara,,dʒawa,to go,,dʒawa,lexical-similarity-group:1,kim-ahmad-kim-sangma2011hajong[p. 51],,,hajong:172:hajong_bhalukapara:1
hajong_nokshi,,dʒawa,to go,,dʒawa,lexical-similarity-group:1,kim-ahmad-kim-sangma2011hajong[p. 51],,,hajong:172:hajong_nokshi:1
hajong_chilapara,,dʒawa,to go,,dʒawa,lexical-similarity-group:1,kim-ahmad-kim-sangma2011hajong[p. 51],,,hajong:172:hajong_chilapara:1
hajong_dalugau,,dʒawa,to go,,dʒawa,lexical-similarity-group:1,kim-ahmad-kim-sangma2011hajong[p. 51],,,hajong:172:hajong_dalugau:1
hajong_balachanda,,dʒawa,to go,,dʒawa,lexical-similarity-group:1,kim-ahmad-kim-sangma2011hajong[p. 51],,,hajong:172:hajong_balachanda:1
hajong_dhamor,,dʒawa,to go,,dʒawa,lexical-similarity-group:1,kim-ahmad-kim-sangma2011hajong[p. 51],,,hajong:172:hajong_dhamor:1
hajong_gopalbari,,aha,to come,,aha,lexical-similarity-group:1,kim-ahmad-kim-sangma2011hajong[p. 51],,,hajong:173:hajong_gopalbari:1
hajong_gopalpur,,aha,to come,,aha,lexical-similarity-group:1,kim-ahmad-kim-sangma2011hajong[p. 51],,,hajong:173:hajong_gopalpur:1
hajong_bhalukapara,,aha,to come,,aha,lexical-similarity-group:1,kim-ahmad-kim-sangma2011hajong[p. 51],,,hajong:173:hajong_bhalukapara:1
hajong_chilapara,,aha,to come,,aha,lexical-similarity-group:1,kim-ahmad-kim-sangma2011hajong[p. 51],,,hajong:173:hajong_chilapara:1
hajong_dalugau,,aha,to come,,aha,lexical-similarity-group:1,kim-ahmad-kim-sangma2011hajong[p. 51],,,hajong:173:hajong_dalugau:1
hajong_dhamor,,aha,to come,,aha,lexical-similarity-group:1,kim-ahmad-kim-sangma2011hajong[p. 51],,,hajong:173:hajong_dhamor:1
hajong_nokshi,,ai,to come,,ai,lexical-similarity-group:2,kim-ahmad-kim-sangma2011hajong[p. 51],,,hajong:173:hajong_nokshi:1
hajong_nugapara,,ai,to come,,ai,lexical-similarity-group:2,kim-ahmad-kim-sangma2011hajong[p. 51],,,hajong:173:hajong_nugapara:1
hajong_nirghini,,ai,to come,,ai,lexical-similarity-group:2,kim-ahmad-kim-sangma2011hajong[p. 51],,,hajong:173:hajong_nirghini:1
hajong_balachanda,,asa,to come,,asa,lexical-similarity-group:3,kim-ahmad-kim-sangma2011hajong[p. 51],,,hajong:173:hajong_balachanda:1
hajong_gopalbari,,kʰaɾa,to stand,,kʰaɾa,lexical-similarity-group:1,kim-ahmad-kim-sangma2011hajong[p. 51],,,hajong:174:hajong_gopalbari:1
hajong_gopalpur,,kʰaɾa,to stand,,kʰaɾa,lexical-similarity-group:1,kim-ahmad-kim-sangma2011hajong[p. 51],,,hajong:174:hajong_gopalpur:1
hajong_bhalukapara,,kʰaɾa,to stand,,kʰaɾa,lexical-similarity-group:1,kim-ahmad-kim-sangma2011hajong[p. 51],,,hajong:174:hajong_bhalukapara:1
hajong_nokshi,,kʰaɾa,to stand,,kʰaɾa,lexical-similarity-group:1,kim-ahmad-kim-sangma2011hajong[p. 51],,,hajong:174:hajong_nokshi:1
hajong_chilapara,,kʰaɾa,to stand,,kʰaɾa,lexical-similarity-group:1,kim-ahmad-kim-sangma2011hajong[p. 51],,,hajong:174:hajong_chilapara:1
hajong_nirghini,,kʰaɾa,to stand,,kʰaɾa,lexical-similarity-group:1,kim-ahmad-kim-sangma2011hajong[p. 51],,,hajong:174:hajong_nirghini:1
hajong_dalugau,,kʰaɾa,to stand,,kʰaɾa,lexical-similarity-group:1,kim-ahmad-kim-sangma2011hajong[p. 51],,,hajong:174:hajong_dalugau:1
hajong_dhamor,,kʰaɾa,to stand,,kʰaɾa,lexical-similarity-group:1,kim-ahmad-kim-sangma2011hajong[p. 51],,,hajong:174:hajong_dhamor:1
hajong_nugapara,,kʰaɾaho,to stand,,kʰaɾaho,lexical-similarity-group:1,kim-ahmad-kim-sangma2011hajong[p. 51],,,hajong:174:hajong_nugapara:1
hajong_balachanda,,kʰaɾahuwa,to stand,,kʰaɾahuwa,lexical-similarity-group:1,kim-ahmad-kim-sangma2011hajong[p. 51],,,hajong:174:hajong_balachanda:1
hajong_nugapara,,bos,to sit,,bos,lexical-similarity-group:1,kim-ahmad-kim-sangma2011hajong[p. 51],,,hajong:175:hajong_nugapara:1
hajong_chilapara,,bos,to sit,,bos,lexical-similarity-group:1,kim-ahmad-kim-sangma2011hajong[p. 51],,,hajong:175:hajong_chilapara:1
hajong_nirghini,,bos,to sit,,bos,lexical-similarity-group:1,kim-ahmad-kim-sangma2011hajong[p. 51],,,hajong:175:hajong_nirghini:1
hajong_balachanda,,bosa,to sit,,bosa,lexical-similarity-group:1,kim-ahmad-kim-sangma2011hajong[p. 51],,,hajong:175:hajong_balachanda:1
hajong_gopalbari,,boha,to sit,,boha,lexical-similarity-group:2,kim-ahmad-kim-sangma2011hajong[p. 51],,,hajong:175:hajong_gopalbari:1
hajong_gopalpur,,boha,to sit,,boha,lexical-similarity-group:2,kim-ahmad-kim-sangma2011hajong[p. 51],,,hajong:175:hajong_gopalpur:1
hajong_bhalukapara,,boha,to sit,,boha,lexical-similarity-group:2,kim-ahmad-kim-sangma2011hajong[p. 51],,,hajong:175:hajong_bhalukapara:1
hajong_nokshi,,boha,to sit,,boha,lexical-similarity-group:2,kim-ahmad-kim-sangma2011hajong[p. 51],,,hajong:175:hajong_nokshi:1
hajong_dhamor,,boha,to sit,,boha,lexical-similarity-group:2,kim-ahmad-kim-sangma2011hajong[p. 51],,,hajong:175:hajong_dhamor:1
hajong_dalugau,,bohiwa,to sit,,bohiwa,lexical-similarity-group:2,kim-ahmad-kim-sangma2011hajong[p. 51],,,hajong:175:hajong_dalugau:1
hajong_balachanda,,bosa,to sit,,bosa,lexical-similarity-group:2,kim-ahmad-kim-sangma2011hajong[p. 51],,,hajong:175:hajong_balachanda:2
hajong_balachanda,,dʒʰiɾani,to lie down,,dʒʰiɾani,lexical-similarity-group:1,kim-ahmad-kim-sangma2011hajong[p. 51],,,hajong:176:hajong_balachanda:1
hajong_chilapara,,dʒʰiɾau,to lie down,,dʒʰiɾau,lexical-similarity-group:1,kim-ahmad-kim-sangma2011hajong[p. 51],,,hajong:176:hajong_chilapara:1
hajong_dalugau,,dʒʰiɾawa,to lie down,,dʒʰiɾawa,lexical-similarity-group:1,kim-ahmad-kim-sangma2011hajong[p. 51],,,hajong:176:hajong_dalugau:1
hajong_dhamor,,dʒiɾabo,to lie down,,dʒiɾabo,lexical-similarity-group:1,kim-ahmad-kim-sangma2011hajong[p. 51],,,hajong:176:hajong_dhamor:1
hajong_nugapara,,dʒirau,to lie down,,dʒirau,lexical-similarity-group:1,kim-ahmad-kim-sangma2011hajong[p. 51],,,hajong:176:hajong_nugapara:1
hajong_nirghini,,aɾam,to lie down,,aɾam,lexical-similarity-group:2,kim-ahmad-kim-sangma2011hajong[p. 51],,,hajong:176:hajong_nirghini:1
hajong_gopalbari,,beɾawa,to walk,,beɾawa,lexical-similarity-group:1,kim-ahmad-kim-sangma2011hajong[p. 51],,,hajong:177:hajong_gopalbari:1
hajong_gopalpur,,beɾawa,to walk,,beɾawa,lexical-similarity-group:1,kim-ahmad-kim-sangma2011hajong[p. 51],,,hajong:177:hajong_gopalpur:1
hajong_bhalukapara,,beɾawa,to walk,,beɾawa,lexical-similarity-group:1,kim-ahmad-kim-sangma2011hajong[p. 51],,,hajong:177:hajong_bhalukapara:1
hajong_nokshi,,beɾawa,to walk,,beɾawa,lexical-similarity-group:1,kim-ahmad-kim-sangma2011hajong[p. 51],,,hajong:177:hajong_nokshi:1
hajong_dalugau,,beɾawa,to walk,,beɾawa,lexical-similarity-group:1,kim-ahmad-kim-sangma2011hajong[p. 51],,,hajong:177:hajong_dalugau:1
hajong_balachanda,,beɾawa,to walk,,beɾawa,lexical-similarity-group:1,kim-ahmad-kim-sangma2011hajong[p. 51],,,hajong:177:hajong_balachanda:1
hajong_dhamor,,biɾai,to walk,,biɾai,lexical-similarity-group:1,kim-ahmad-kim-sangma2011hajong[p. 51],,,hajong:177:hajong_dhamor:1
hajong_nugapara,,biɾau,to walk,,biɾau,lexical-similarity-group:1,kim-ahmad-kim-sangma2011hajong[p. 51],,,hajong:177:hajong_nugapara:1
hajong_chilapara,,biɾau,to walk,,biɾau,lexical-similarity-group:1,kim-ahmad-kim-sangma2011hajong[p. 51],,,hajong:177:hajong_chilapara:1
hajong_nirghini,,dʒa,to walk,,dʒa,lexical-similarity-group:2,kim-ahmad-kim-sangma2011hajong[p. 51],,,hajong:177:hajong_nirghini:1
hajong_chilapara,,uɾə,to fly,,uɾə,lexical-similarity-group:1,kim-ahmad-kim-sangma2011hajong[p. 51],,,hajong:178:hajong_chilapara:1
hajong_dhamor,,uɾe i,to fly,,uɾe i,lexical-similarity-group:1,kim-ahmad-kim-sangma2011hajong[p. 51],,,hajong:178:hajong_dhamor:1
hajong_chilapara,,uɾə,to fly,,uɾə,lexical-similarity-group:2,kim-ahmad-kim-sangma2011hajong[p. 51],,,hajong:178:hajong_chilapara:2
hajong_dhamor,,uɾe i,to fly,,uɾe i,lexical-similarity-group:2,kim-ahmad-kim-sangma2011hajong[p. 51],,,hajong:178:hajong_dhamor:2
hajong_gopalpur,,uɾi,to fly,,uɾi,lexical-similarity-group:2,kim-ahmad-kim-sangma2011hajong[p. 51],,,hajong:178:hajong_gopalpur:1
hajong_bhalukapara,,uɾi,to fly,,uɾi,lexical-similarity-group:2,kim-ahmad-kim-sangma2011hajong[p. 51],,,hajong:178:hajong_bhalukapara:1
hajong_nirghini,,uɾi,to fly,,uɾi,lexical-similarity-group:2,kim-ahmad-kim-sangma2011hajong[p. 51],,,hajong:178:hajong_nirghini:1
hajong_balachanda,,uɾidʒawa,to fly,,uɾidʒawa,lexical-similarity-group:2,kim-ahmad-kim-sangma2011hajong[p. 51],,,hajong:178:hajong_balachanda:1
hajong_nugapara,,uɾik,to fly,,uɾik,lexical-similarity-group:2,kim-ahmad-kim-sangma2011hajong[p. 51],,,hajong:178:hajong_nugapara:1
hajong_dalugau,,uɾiwa,to fly,,uɾiwa,lexical-similarity-group:2,kim-ahmad-kim-sangma2011hajong[p. 51],,,hajong:178:hajong_dalugau:1
hajong_gopalbari,,uɾɯ,to fly,,uɾɯ,lexical-similarity-group:2,kim-ahmad-kim-sangma2011hajong[p. 51],,,hajong:178:hajong_gopalbari:1
hajong_nokshi,,uɾɯ,to fly,,uɾɯ,lexical-similarity-group:2,kim-ahmad-kim-sangma2011hajong[p. 51],,,hajong:178:hajong_nokshi:1
hajong_nugapara,,hamau,to enter,,hamau,lexical-similarity-group:1,kim-ahmad-kim-sangma2011hajong[p. 51],,,hajong:179:hajong_nugapara:1
hajong_chilapara,,hamau,to enter,,hamau,lexical-similarity-group:1,kim-ahmad-kim-sangma2011hajong[p. 51],,,hajong:179:hajong_chilapara:1
hajong_nirghini,,hamau,to enter,,hamau,lexical-similarity-group:1,kim-ahmad-kim-sangma2011hajong[p. 51],,,hajong:179:hajong_nirghini:1
hajong_dhamor,,hamau,to enter,,hamau,lexical-similarity-group:1,kim-ahmad-kim-sangma2011hajong[p. 51],,,hajong:179:hajong_dhamor:1
hajong_gopalpur,,hamawa,to enter,,hamawa,lexical-similarity-group:1,kim-ahmad-kim-sangma2011hajong[p. 51],,,hajong:179:hajong_gopalpur:1
hajong_bhalukapara,,hamawa,to enter,,hamawa,lexical-similarity-group:1,kim-ahmad-kim-sangma2011hajong[p. 51],,,hajong:179:hajong_bhalukapara:1
hajong_dalugau,,hamawa,to enter,,hamawa,lexical-similarity-group:1,kim-ahmad-kim-sangma2011hajong[p. 51],,,hajong:179:hajong_dalugau:1
hajong_balachanda,,dʰukə,to enter,,dʰukə,lexical-similarity-group:2,kim-ahmad-kim-sangma2011hajong[p. 51],,,hajong:179:hajong_balachanda:1
hajong_gopalbari,,handa,to enter,,handa,lexical-similarity-group:3,kim-ahmad-kim-sangma2011hajong[p. 51],,,hajong:179:hajong_gopalbari:1
hajong_bhalukapara,,handa,to enter,,handa,lexical-similarity-group:3,kim-ahmad-kim-sangma2011hajong[p. 51],,,hajong:179:hajong_bhalukapara:2
hajong_nokshi,,handa,to enter,,handa,lexical-similarity-group:3,kim-ahmad-kim-sangma2011hajong[p. 51],,,hajong:179:hajong_nokshi:1
hajong_gopalpur,,ɡuɾabə,to kick,,ɡuɾabə,lexical-similarity-group:1,kim-ahmad-kim-sangma2011hajong[p. 51],,,hajong:180:hajong_gopalpur:1
hajong_dalugau,,ɡuɾabə,to kick,,ɡuɾabə,lexical-similarity-group:1,kim-ahmad-kim-sangma2011hajong[p. 51],,,hajong:180:hajong_dalugau:1
hajong_dhamor,,ɡuɾai,to kick,,ɡuɾai,lexical-similarity-group:1,kim-ahmad-kim-sangma2011hajong[p. 51],,,hajong:180:hajong_dhamor:1
hajong_balachanda,,ɡuɾani,to kick,,ɡuɾani,lexical-similarity-group:1,kim-ahmad-kim-sangma2011hajong[p. 51],,,hajong:180:hajong_balachanda:1
hajong_nugapara,,ɡuɾau,to kick,,ɡuɾau,lexical-similarity-group:1,kim-ahmad-kim-sangma2011hajong[p. 51],,,hajong:180:hajong_nugapara:1
hajong_chilapara,,ɡuɾau,to kick,,ɡuɾau,lexical-similarity-group:1,kim-ahmad-kim-sangma2011hajong[p. 51],,,hajong:180:hajong_chilapara:1
hajong_nirghini,,ɡuɾau,to kick,,ɡuɾau,lexical-similarity-group:1,kim-ahmad-kim-sangma2011hajong[p. 51],,,hajong:180:hajong_nirghini:1
hajong_nokshi,,ɡuɾɯ,to kick,,ɡuɾɯ,lexical-similarity-group:1,kim-ahmad-kim-sangma2011hajong[p. 51],,,hajong:180:hajong_nokshi:1
hajong_gopalbari,,lɯtʰo,to kick,,lɯtʰo,lexical-similarity-group:3,kim-ahmad-kim-sangma2011hajong[p. 51],,,hajong:180:hajong_gopalbari:1
hajong_bhalukapara,,lɯtʰo,to kick,,lɯtʰo,lexical-similarity-group:3,kim-ahmad-kim-sangma2011hajong[p. 51],,,hajong:180:hajong_bhalukapara:1
hajong_dalugau,,hataɾkata,to swim,,hataɾkata,lexical-similarity-group:1,kim-ahmad-kim-sangma2011hajong[p. 52],,,hajong:181:hajong_dalugau:1
hajong_nugapara,,hatiɾik,to swim,,hatiɾik,lexical-similarity-group:1,kim-ahmad-kim-sangma2011hajong[p. 52],,,hajong:181:hajong_nugapara:1
hajong_chilapara,,hatoɾa,to swim,,hatoɾa,lexical-similarity-group:1,kim-ahmad-kim-sangma2011hajong[p. 52],,,hajong:181:hajong_chilapara:1
hajong_nirghini,,hatoɾi,to swim,,hatoɾi,lexical-similarity-group:1,kim-ahmad-kim-sangma2011hajong[p. 52],,,hajong:181:hajong_nirghini:1
hajong_gopalbari,,hatɾa,to swim,,hatɾa,lexical-similarity-group:1,kim-ahmad-kim-sangma2011hajong[p. 52],,,hajong:181:hajong_gopalbari:1
hajong_gopalpur,,hatɾə,to swim,,hatɾə,lexical-similarity-group:1,kim-ahmad-kim-sangma2011hajong[p. 52],,,hajong:181:hajong_gopalpur:1
hajong_bhalukapara,,hatɾi,to swim,,hatɾi,lexical-similarity-group:1,kim-ahmad-kim-sangma2011hajong[p. 52],,,hajong:181:hajong_bhalukapara:1
hajong_nokshi,,hatɾi,to swim,,hatɾi,lexical-similarity-group:1,kim-ahmad-kim-sangma2011hajong[p. 52],,,hajong:181:hajong_nokshi:1
hajong_dhamor,,hat̪əɾe,to swim,,hat̪əɾe,lexical-similarity-group:1,kim-ahmad-kim-sangma2011hajong[p. 52],,,hajong:181:hajong_dhamor:1
hajong_dalugau,,hataɾkata,to swim,,hataɾkata,lexical-similarity-group:2,kim-ahmad-kim-sangma2011hajong[p. 52],,,hajong:181:hajong_dalugau:2
hajong_nugapara,,hatiɾik,to swim,,hatiɾik,lexical-similarity-group:2,kim-ahmad-kim-sangma2011hajong[p. 52],,,hajong:181:hajong_nugapara:2
hajong_chilapara,,hatoɾa,to swim,,hatoɾa,lexical-similarity-group:2,kim-ahmad-kim-sangma2011hajong[p. 52],,,hajong:181:hajong_chilapara:2
hajong_nirghini,,hatoɾi,to swim,,hatoɾi,lexical-similarity-group:2,kim-ahmad-kim-sangma2011hajong[p. 52],,,hajong:181:hajong_nirghini:2
hajong_dhamor,,hat̪əɾe,to swim,,hat̪əɾe,lexical-similarity-group:2,kim-ahmad-kim-sangma2011hajong[p. 52],,,hajong:181:hajong_dhamor:2
hajong_balachanda,,satuɾiwa,to swim,,satuɾiwa,lexical-similarity-group:2,kim-ahmad-kim-sangma2011hajong[p. 52],,,hajong:181:hajong_balachanda:1
hajong_dalugau,,hataɾkata,to swim,,hataɾkata,lexical-similarity-group:3,kim-ahmad-kim-sangma2011hajong[p. 52],,,hajong:181:hajong_dalugau:3
hajong_dalugau,,sawa,to see,,sawa,lexical-similarity-group:1,kim-ahmad-kim-sangma2011hajong[p. 52],,,hajong:182:hajong_dalugau:1
hajong_balachanda,,sawa,to see,,sawa,lexical-similarity-group:1,kim-ahmad-kim-sangma2011hajong[p. 52],,,hajong:182:hajong_balachanda:1
hajong_gopalpur,,dɛkʰa,to see,,dɛkʰa,lexical-similarity-group:2,kim-ahmad-kim-sangma2011hajong[p. 52],,,hajong:182:hajong_gopalpur:1
hajong_chilapara,,dekʰa,to see,,dekʰa,lexical-similarity-group:2,kim-ahmad-kim-sangma2011hajong[p. 52],,,hajong:182:hajong_chilapara:1
hajong_balachanda,,dekʰa,to see,,dekʰa,lexical-similarity-group:2,kim-ahmad-kim-sangma2011hajong[p. 52],,,hajong:182:hajong_balachanda:2
hajong_dhamor,,dekʰa,to see,,dekʰa,lexical-similarity-group:2,kim-ahmad-kim-sangma2011hajong[p. 52],,,hajong:182:hajong_dhamor:1
hajong_bhalukapara,,dekʰe,to see,,dekʰe,lexical-similarity-group:2,kim-ahmad-kim-sangma2011hajong[p. 52],,,hajong:182:hajong_bhalukapara:1
hajong_gopalbari,,dikʰa,to see,,dikʰa,lexical-similarity-group:2,kim-ahmad-kim-sangma2011hajong[p. 52],,,hajong:182:hajong_gopalbari:1
hajong_nokshi,,tʃa,to see,,tʃa,lexical-similarity-group:3,kim-ahmad-kim-sangma2011hajong[p. 52],,,hajong:182:hajong_nokshi:1
hajong_nugapara,,tʃa,to see,,tʃa,lexical-similarity-group:3,kim-ahmad-kim-sangma2011hajong[p. 52],,,hajong:182:hajong_nugapara:1
hajong_nirghini,,tʃa,to see,,tʃa,lexical-similarity-group:3,kim-ahmad-kim-sangma2011hajong[p. 52],,,hajong:182:hajong_nirghini:1
hajong_dhamor,,tʃa,to see,,tʃa,lexical-similarity-group:3,kim-ahmad-kim-sangma2011hajong[p. 52],,,hajong:182:hajong_dhamor:2
hajong_dhamor,,tʃe i,to see,,tʃe i,lexical-similarity-group:3,kim-ahmad-kim-sangma2011hajong[p. 52],,,hajong:182:hajong_dhamor:3
hajong_dhamor,,hone,to hear,,hone,lexical-similarity-group:1,kim-ahmad-kim-sangma2011hajong[p. 52],,,hajong:183:hajong_dhamor:1
hajong_nirghini,,hun,to hear,,hun,lexical-similarity-group:1,kim-ahmad-kim-sangma2011hajong[p. 52],,,hajong:183:hajong_nirghini:1
hajong_chilapara,,hunə,to hear,,hunə,lexical-similarity-group:1,kim-ahmad-kim-sangma2011hajong[p. 52],,,hajong:183:hajong_chilapara:1
hajong_gopalpur,,huni,to hear,,huni,lexical-similarity-group:1,kim-ahmad-kim-sangma2011hajong[p. 52],,,hajong:183:hajong_gopalpur:1
hajong_bhalukapara,,huni,to hear,,huni,lexical-similarity-group:1,kim-ahmad-kim-sangma2011hajong[p. 52],,,hajong:183:hajong_bhalukapara:1
hajong_nokshi,,huni,to hear,,huni,lexical-similarity-group:1,kim-ahmad-kim-sangma2011hajong[p. 52],,,hajong:183:hajong_nokshi:1
hajong_nugapara,,hunik,to hear,,hunik,lexical-similarity-group:1,kim-ahmad-kim-sangma2011hajong[p. 52],,,hajong:183:hajong_nugapara:1
hajong_dalugau,,huniwa,to hear,,huniwa,lexical-similarity-group:1,kim-ahmad-kim-sangma2011hajong[p. 52],,,hajong:183:hajong_dalugau:1
hajong_dhamor,,hone,to hear,,hone,lexical-similarity-group:2,kim-ahmad-kim-sangma2011hajong[p. 52],,,hajong:183:hajong_dhamor:2
hajong_chilapara,,hunə,to hear,,hunə,lexical-similarity-group:2,kim-ahmad-kim-sangma2011hajong[p. 52],,,hajong:183:hajong_chilapara:2
hajong_nugapara,,hunik,to hear,,hunik,lexical-similarity-group:2,kim-ahmad-kim-sangma2011hajong[p. 52],,,hajong:183:hajong_nugapara:2
hajong_dalugau,,huniwa,to hear,,huniwa,lexical-similarity-group:2,kim-ahmad-kim-sangma2011hajong[p. 52],,,hajong:183:hajong_dalugau:2
hajong_gopalbari,,ʃona,to hear,,ʃona,lexical-similarity-group:2,kim-ahmad-kim-sangma2011hajong[p. 52],,,hajong:183:hajong_gopalbari:1
hajong_balachanda,,suna,to hear,,suna,lexical-similarity-group:2,kim-ahmad-kim-sangma2011hajong[p. 52],,,hajong:183:hajong_balachanda:1
hajong_gopalbari,,basna,to wait,,basna,lexical-similarity-group:1,kim-ahmad-kim-sangma2011hajong[p. 52],,,hajong:184:hajong_gopalbari:1
hajong_gopalpur,,basna,to wait,,basna,lexical-similarity-group:1,kim-ahmad-kim-sangma2011hajong[p. 52],,,hajong:184:hajong_gopalpur:1
hajong_bhalukapara,,basna,to wait,,basna,lexical-similarity-group:1,kim-ahmad-kim-sangma2011hajong[p. 52],,,hajong:184:hajong_bhalukapara:1
hajong_nokshi,,basna,to wait,,basna,lexical-similarity-group:1,kim-ahmad-kim-sangma2011hajong[p. 52],,,hajong:184:hajong_nokshi:1
hajong_nugapara,,basnau,to wait,,basnau,lexical-similarity-group:1,kim-ahmad-kim-sangma2011hajong[p. 52],,,hajong:184:hajong_nugapara:1
hajong_chilapara,,basnau,to wait,,basnau,lexical-similarity-group:1,kim-ahmad-kim-sangma2011hajong[p. 52],,,hajong:184:hajong_chilapara:1
hajong_nirghini,,basnau,to wait,,basnau,lexical-similarity-group:1,kim-ahmad-kim-sangma2011hajong[p. 52],,,hajong:184:hajong_nirghini:1
hajong_dalugau,,basnawa,to wait,,basnawa,lexical-similarity-group:1,kim-ahmad-kim-sangma2011hajong[p. 52],,,hajong:184:hajong_dalugau:1
hajong_dhamor,,basne,to wait,,basne,lexical-similarity-group:1,kim-ahmad-kim-sangma2011hajong[p. 52],,,hajong:184:hajong_dhamor:1
hajong_nirghini,,tʰak,to wait,,tʰak,lexical-similarity-group:2,kim-ahmad-kim-sangma2011hajong[p. 52],,,hajong:184:hajong_nirghini:2
hajong_balachanda,,baɾtʃawa,to wait,,baɾtʃawa,lexical-similarity-group:3,kim-ahmad-kim-sangma2011hajong[p. 52],,,hajong:184:hajong_balachanda:1
hajong_balachanda,,kanda,to cry,,kanda,lexical-similarity-group:1,kim-ahmad-kim-sangma2011hajong[p. 52],,,hajong:185:hajong_balachanda:1
hajong_dhamor,,kanda,to cry,,kanda,lexical-similarity-group:1,kim-ahmad-kim-sangma2011hajong[p. 52],,,hajong:185:hajong_dhamor:1
hajong_gopalbari,,kande,to cry,,kande,lexical-similarity-group:1,kim-ahmad-kim-sangma2011hajong[p. 52],,,hajong:185:hajong_gopalbari:1
hajong_gopalpur,,kande,to cry,,kande,lexical-similarity-group:1,kim-ahmad-kim-sangma2011hajong[p. 52],,,hajong:185:hajong_gopalpur:1
hajong_bhalukapara,,kande,to cry,,kande,lexical-similarity-group:1,kim-ahmad-kim-sangma2011hajong[p. 52],,,hajong:185:hajong_bhalukapara:1
hajong_nirghini,,kande,to cry,,kande,lexical-similarity-group:1,kim-ahmad-kim-sangma2011hajong[p. 52],,,hajong:185:hajong_nirghini:1
hajong_nokshi,,kandi,to cry,,kandi,lexical-similarity-group:1,kim-ahmad-kim-sangma2011hajong[p. 52],,,hajong:185:hajong_nokshi:1
hajong_nugapara,,kandik,to cry,,kandik,lexical-similarity-group:1,kim-ahmad-kim-sangma2011hajong[p. 52],,,hajong:185:hajong_nugapara:1
hajong_dalugau,,kandiwa,to cry,,kandiwa,lexical-similarity-group:1,kim-ahmad-kim-sangma2011hajong[p. 52],,,hajong:185:hajong_dalugau:1
hajong_chilapara,,dukɾa,to cry,,dukɾa,lexical-similarity-group:2,kim-ahmad-kim-sangma2011hajong[p. 52],,,hajong:185:hajong_chilapara:1
hajong_gopalbari,,naɾa,to cook,,naɾa,lexical-similarity-group:1,kim-ahmad-kim-sangma2011hajong[p. 52],,,hajong:186:hajong_gopalbari:1
hajong_gopalpur,,naɾe,to cook,,naɾe,lexical-similarity-group:1,kim-ahmad-kim-sangma2011hajong[p. 52],,,hajong:186:hajong_gopalpur:1
hajong_bhalukapara,,naɾe,to cook,,naɾe,lexical-similarity-group:1,kim-ahmad-kim-sangma2011hajong[p. 52],,,hajong:186:hajong_bhalukapara:1
hajong_nugapara,,naɾek,to cook,,naɾek,lexical-similarity-group:1,kim-ahmad-kim-sangma2011hajong[p. 52],,,hajong:186:hajong_nugapara:1
hajong_dhamor,,naɾek,to cook,,naɾek,lexical-similarity-group:1,kim-ahmad-kim-sangma2011hajong[p. 52],,,hajong:186:hajong_dhamor:1
hajong_nokshi,,naɾi,to cook,,naɾi,lexical-similarity-group:1,kim-ahmad-kim-sangma2011hajong[p. 52],,,hajong:186:hajong_nokshi:1
hajong_dalugau,,naɾiwa,to cook,,naɾiwa,lexical-similarity-group:1,kim-ahmad-kim-sangma2011hajong[p. 52],,,hajong:186:hajong_dalugau:1
hajong_balachanda,,ɾanda,to cook,,ɾanda,lexical-similarity-group:2,kim-ahmad-kim-sangma2011hajong[p. 52],,,hajong:186:hajong_balachanda:1
hajong_chilapara,,ɾandʰa,to cook,,ɾandʰa,lexical-similarity-group:2,kim-ahmad-kim-sangma2011hajong[p. 52],,,hajong:186:hajong_chilapara:1
hajong_nirghini,,banai,to cook,,banai,lexical-similarity-group:3,kim-ahmad-kim-sangma2011hajong[p. 52],,,hajong:186:hajong_nirghini:1
hajong_chilapara,,ɡoɾom,to boil (water),,ɡoɾom,lexical-similarity-group:1,kim-ahmad-kim-sangma2011hajong[p. 52],,,hajong:187:hajong_chilapara:1
hajong_nirghini,,ɡoɾom,to boil (water),,ɡoɾom,lexical-similarity-group:1,kim-ahmad-kim-sangma2011hajong[p. 52],,,hajong:187:hajong_nirghini:1
hajong_nugapara,,ɡoɾomkoɾ,to boil (water),,ɡoɾomkoɾ,lexical-similarity-group:1,kim-ahmad-kim-sangma2011hajong[p. 52],,,hajong:187:hajong_nugapara:1
hajong_dalugau,,hadʒawa,to boil (water),,hadʒawa,lexical-similarity-group:2,kim-ahmad-kim-sangma2011hajong[p. 52],,,hajong:187:hajong_dalugau:1
hajong_gopalpur,,hiɖʒa,to boil (water),,hiɖʒa,lexical-similarity-group:2,kim-ahmad-kim-sangma2011hajong[p. 52],,,hajong:187:hajong_gopalpur:1
hajong_gopalbari,,hiɖʒo,to boil (water),,hiɖʒo,lexical-similarity-group:2,kim-ahmad-kim-sangma2011hajong[p. 52],,,hajong:187:hajong_gopalbari:1
hajong_bhalukapara,,hiɖʒɯ,to boil (water),,hiɖʒɯ,lexical-similarity-group:2,kim-ahmad-kim-sangma2011hajong[p. 52],,,hajong:187:hajong_bhalukapara:1
hajong_nokshi,,hiɖʒɯ,to boil (water),,hiɖʒɯ,lexical-similarity-group:2,kim-ahmad-kim-sangma2011hajong[p. 52],,,hajong:187:hajong_nokshi:1
hajong_dhamor,,hidʒani,to boil (water),,hidʒani,lexical-similarity-group:2,kim-ahmad-kim-sangma2011hajong[p. 52],,,hajong:187:hajong_dhamor:1
hajong_balachanda,,sidʒowa,to boil (water),,sidʒowa,lexical-similarity-group:2,kim-ahmad-kim-sangma2011hajong[p. 52],,,hajong:187:hajong_balachanda:1
hajong_gopalbari,,kʰa,to eat,,kʰa,lexical-similarity-group:1,kim-ahmad-kim-sangma2011hajong[p. 52],,,hajong:188:hajong_gopalbari:1
hajong_gopalpur,,kʰa,to eat,,kʰa,lexical-similarity-group:1,kim-ahmad-kim-sangma2011hajong[p. 52],,,hajong:188:hajong_gopalpur:1
hajong_bhalukapara,,kʰa,to eat,,kʰa,lexical-similarity-group:1,kim-ahmad-kim-sangma2011hajong[p. 52],,,hajong:188:hajong_bhalukapara:1
hajong_nokshi,,kʰa,to eat,,kʰa,lexical-similarity-group:1,kim-ahmad-kim-sangma2011hajong[p. 52],,,hajong:188:hajong_nokshi:1
hajong_nugapara,,kʰa,to eat,,kʰa,lexical-similarity-group:1,kim-ahmad-kim-sangma2011hajong[p. 52],,,hajong:188:hajong_nugapara:1
hajong_nirghini,,kʰa,to eat,,kʰa,lexical-similarity-group:1,kim-ahmad-kim-sangma2011hajong[p. 52],,,hajong:188:hajong_nirghini:1
hajong_dhamor,,kʰa,to eat,,kʰa,lexical-similarity-group:1,kim-ahmad-kim-sangma2011hajong[p. 52],,,hajong:188:hajong_dhamor:1
hajong_chilapara,,kʰawa,to eat,,kʰawa,lexical-similarity-group:1,kim-ahmad-kim-sangma2011hajong[p. 52],,,hajong:188:hajong_chilapara:1
hajong_dalugau,,kʰawa,to eat,,kʰawa,lexical-similarity-group:1,kim-ahmad-kim-sangma2011hajong[p. 52],,,hajong:188:hajong_dalugau:1
hajong_balachanda,,kʰawa,to eat,,kʰawa,lexical-similarity-group:1,kim-ahmad-kim-sangma2011hajong[p. 52],,,hajong:188:hajong_balachanda:1
hajong_nugapara,,kʰa,to drink,,kʰa,lexical-similarity-group:1,kim-ahmad-kim-sangma2011hajong[p. 53],,,hajong:189:hajong_nugapara:1
hajong_dhamor,,kʰa,to drink,,kʰa,lexical-similarity-group:1,kim-ahmad-kim-sangma2011hajong[p. 53],,,hajong:189:hajong_dhamor:1
hajong_balachanda,,kʰawa,to drink,,kʰawa,lexical-similarity-group:1,kim-ahmad-kim-sangma2011hajong[p. 53],,,hajong:189:hajong_balachanda:1
hajong_gopalbari,,panikʰa,to drink,,panikʰa,lexical-similarity-group:1,kim-ahmad-kim-sangma2011hajong[p. 53],,,hajong:189:hajong_gopalbari:1
hajong_gopalpur,,panikʰa,to drink,,panikʰa,lexical-similarity-group:1,kim-ahmad-kim-sangma2011hajong[p. 53],,,hajong:189:hajong_gopalpur:1
hajong_bhalukapara,,panikʰa,to drink,,panikʰa,lexical-similarity-group:1,kim-ahmad-kim-sangma2011hajong[p. 53],,,hajong:189:hajong_bhalukapara:1
hajong_nokshi,,panikʰa,to drink,,panikʰa,lexical-similarity-group:1,kim-ahmad-kim-sangma2011hajong[p. 53],,,hajong:189:hajong_nokshi:1
hajong_nirghini,,panikʰa,to drink,,panikʰa,lexical-similarity-group:1,kim-ahmad-kim-sangma2011hajong[p. 53],,,hajong:189:hajong_nirghini:1
hajong_chilapara,,panikʰawa,to drink,,panikʰawa,lexical-similarity-group:1,kim-ahmad-kim-sangma2011hajong[p. 53],,,hajong:189:hajong_chilapara:1
hajong_dalugau,,panikʰawa,to drink,,panikʰawa,lexical-similarity-group:1,kim-ahmad-kim-sangma2011hajong[p. 53],,,hajong:189:hajong_dalugau:1
hajong_nugapara,,ɡanɡauau,to sing,,ɡanɡauau,lexical-similarity-group:1,kim-ahmad-kim-sangma2011hajong[p. 53],,,hajong:190:hajong_nugapara:1
hajong_nirghini,,ɡanɡauau,to sing,,ɡanɡauau,lexical-similarity-group:1,kim-ahmad-kim-sangma2011hajong[p. 53],,,hajong:190:hajong_nirghini:1
hajong_gopalbari,,ɡanɡawa,to sing,,ɡanɡawa,lexical-similarity-group:1,kim-ahmad-kim-sangma2011hajong[p. 53],,,hajong:190:hajong_gopalbari:1
hajong_gopalpur,,ɡanɡawa,to sing,,ɡanɡawa,lexical-similarity-group:1,kim-ahmad-kim-sangma2011hajong[p. 53],,,hajong:190:hajong_gopalpur:1
hajong_bhalukapara,,ɡanɡawa,to sing,,ɡanɡawa,lexical-similarity-group:1,kim-ahmad-kim-sangma2011hajong[p. 53],,,hajong:190:hajong_bhalukapara:1
hajong_dalugau,,ɡanɡawa,to sing,,ɡanɡawa,lexical-similarity-group:1,kim-ahmad-kim-sangma2011hajong[p. 53],,,hajong:190:hajong_dalugau:1
hajong_balachanda,,ɡanɡawa,to sing,,ɡanɡawa,lexical-similarity-group:1,kim-ahmad-kim-sangma2011hajong[p. 53],,,hajong:190:hajong_balachanda:1
hajong_chilapara,,ɡawa,to sing,,ɡawa,lexical-similarity-group:1,kim-ahmad-kim-sangma2011hajong[p. 53],,,hajong:190:hajong_chilapara:1
hajong_dhamor,,ɡawa,to sing,,ɡawa,lexical-similarity-group:1,kim-ahmad-kim-sangma2011hajong[p. 53],,,hajong:190:hajong_dhamor:1
hajong_dalugau,,ɡawawa,to sing,,ɡawawa,lexical-similarity-group:1,kim-ahmad-kim-sangma2011hajong[p. 53],,,hajong:190:hajong_dalugau:2
hajong_nokshi,,ɡahɛn,to sing,,ɡahɛn,lexical-similarity-group:2,kim-ahmad-kim-sangma2011hajong[p. 53],,,hajong:190:hajong_nokshi:1
hajong_gopalbari,,kamɾa,to bite,,kamɾa,lexical-similarity-group:1,kim-ahmad-kim-sangma2011hajong[p. 53],,,hajong:191:hajong_gopalbari:1
hajong_gopalpur,,kamɾa,to bite,,kamɾa,lexical-similarity-group:1,kim-ahmad-kim-sangma2011hajong[p. 53],,,hajong:191:hajong_gopalpur:1
hajong_bhalukapara,,kamɾa,to bite,,kamɾa,lexical-similarity-group:1,kim-ahmad-kim-sangma2011hajong[p. 53],,,hajong:191:hajong_bhalukapara:1
hajong_nokshi,,kamɾa,to bite,,kamɾa,lexical-similarity-group:1,kim-ahmad-kim-sangma2011hajong[p. 53],,,hajong:191:hajong_nokshi:1
hajong_dhamor,,kamɾai,to bite,,kamɾai,lexical-similarity-group:1,kim-ahmad-kim-sangma2011hajong[p. 53],,,hajong:191:hajong_dhamor:1
hajong_nugapara,,kamɾau,to bite,,kamɾau,lexical-similarity-group:1,kim-ahmad-kim-sangma2011hajong[p. 53],,,hajong:191:hajong_nugapara:1
hajong_chilapara,,kamɾau,to bite,,kamɾau,lexical-similarity-group:1,kim-ahmad-kim-sangma2011hajong[p. 53],,,hajong:191:hajong_chilapara:1
hajong_nirghini,,kamɾau,to bite,,kamɾau,lexical-similarity-group:1,kim-ahmad-kim-sangma2011hajong[p. 53],,,hajong:191:hajong_nirghini:1
hajong_dalugau,,kamɾawa,to bite,,kamɾawa,lexical-similarity-group:1,kim-ahmad-kim-sangma2011hajong[p. 53],,,hajong:191:hajong_dalugau:1
hajong_balachanda,,kamɾawa,to bite,,kamɾawa,lexical-similarity-group:1,kim-ahmad-kim-sangma2011hajong[p. 53],,,hajong:191:hajong_balachanda:1
hajong_dhamor,,hai,to laugh,,hai,lexical-similarity-group:1,kim-ahmad-kim-sangma2011hajong[p. 53],,,hajong:192:hajong_dhamor:1
hajong_chilapara,,hatʃa,to laugh,,hatʃa,lexical-similarity-group:2,kim-ahmad-kim-sangma2011hajong[p. 53],,,hajong:192:hajong_chilapara:1
hajong_balachanda,,hatʃa,to laugh,,hatʃa,lexical-similarity-group:2,kim-ahmad-kim-sangma2011hajong[p. 53],,,hajong:192:hajong_balachanda:1
hajong_gopalbari,,ahi,to laugh,,ahi,lexical-similarity-group:3,kim-ahmad-kim-sangma2011hajong[p. 53],,,hajong:192:hajong_gopalbari:1
hajong_gopalpur,,ahi,to laugh,,ahi,lexical-similarity-group:3,kim-ahmad-kim-sangma2011hajong[p. 53],,,hajong:192:hajong_gopalpur:1
hajong_bhalukapara,,ahi,to laugh,,ahi,lexical-similarity-group:3,kim-ahmad-kim-sangma2011hajong[p. 53],,,hajong:192:hajong_bhalukapara:1
hajong_nokshi,,ahi,to laugh,,ahi,lexical-similarity-group:3,kim-ahmad-kim-sangma2011hajong[p. 53],,,hajong:192:hajong_nokshi:1
hajong_nugapara,,ahibaɾau,to laugh,,ahibaɾau,lexical-similarity-group:3,kim-ahmad-kim-sangma2011hajong[p. 53],,,hajong:192:hajong_nugapara:1
hajong_dalugau,,ahibaɾewa,to laugh,,ahibaɾewa,lexical-similarity-group:3,kim-ahmad-kim-sangma2011hajong[p. 53],,,hajong:192:hajong_dalugau:1
hajong_dhamor,,hibəɾe,to laugh,,hibəɾe,lexical-similarity-group:4,kim-ahmad-kim-sangma2011hajong[p. 53],,,hajong:192:hajong_dhamor:2
hajong_nirghini,,batʃibəɾa,to laugh,,batʃibəɾa,lexical-similarity-group:5,kim-ahmad-kim-sangma2011hajong[p. 53],,,hajong:192:hajong_nirghini:1
hajong_gopalpur,,ko,to speak,,ko,lexical-similarity-group:1,kim-ahmad-kim-sangma2011hajong[p. 53],,,hajong:193:hajong_gopalpur:1
hajong_nugapara,,ko,to speak,,ko,lexical-similarity-group:1,kim-ahmad-kim-sangma2011hajong[p. 53],,,hajong:193:hajong_nugapara:1
hajong_nirghini,,ko,to speak,,ko,lexical-similarity-group:1,kim-ahmad-kim-sangma2011hajong[p. 53],,,hajong:193:hajong_nirghini:1
hajong_chilapara,,kowa,to speak,,kowa,lexical-similarity-group:1,kim-ahmad-kim-sangma2011hajong[p. 53],,,hajong:193:hajong_chilapara:1
hajong_bhalukapara,,ku,to speak,,ku,lexical-similarity-group:1,kim-ahmad-kim-sangma2011hajong[p. 53],,,hajong:193:hajong_bhalukapara:1
hajong_nokshi,,ku,to speak,,ku,lexical-similarity-group:1,kim-ahmad-kim-sangma2011hajong[p. 53],,,hajong:193:hajong_nokshi:1
hajong_dalugau,,kutakuwa,to speak,,kutakuwa,lexical-similarity-group:1,kim-ahmad-kim-sangma2011hajong[p. 53],,,hajong:193:hajong_dalugau:1
hajong_gopalbari,,kuwa,to speak,,kuwa,lexical-similarity-group:1,kim-ahmad-kim-sangma2011hajong[p. 53],,,hajong:193:hajong_gopalbari:1
hajong_dhamor,,ɾaukoe,to speak,,ɾaukoe,lexical-similarity-group:1,kim-ahmad-kim-sangma2011hajong[p. 53],,,hajong:193:hajong_dhamor:1
hajong_balachanda,,ɾaukowa,to speak,,ɾaukowa,lexical-similarity-group:1,kim-ahmad-kim-sangma2011hajong[p. 53],,,hajong:193:hajong_balachanda:1
hajong_nugapara,,ko,to tell,,ko,lexical-similarity-group:1,kim-ahmad-kim-sangma2011hajong[p. 53],,,hajong:194:hajong_nugapara:1
hajong_nirghini,,ko,to tell,,ko,lexical-similarity-group:1,kim-ahmad-kim-sangma2011hajong[p. 53],,,hajong:194:hajong_nirghini:1
hajong_dhamor,,kot̪hakʰo,to tell,,kot̪hakʰo,lexical-similarity-group:1,kim-ahmad-kim-sangma2011hajong[p. 53],,,hajong:194:hajong_dhamor:1
hajong_chilapara,,kowa,to tell,,kowa,lexical-similarity-group:1,kim-ahmad-kim-sangma2011hajong[p. 53],,,hajong:194:hajong_chilapara:1
hajong_dalugau,,kowa,to tell,,kowa,lexical-similarity-group:1,kim-ahmad-kim-sangma2011hajong[p. 53],,,hajong:194:hajong_dalugau:1
hajong_balachanda,,kowa,to tell,,kowa,lexical-similarity-group:1,kim-ahmad-kim-sangma2011hajong[p. 53],,,hajong:194:hajong_balachanda:1
hajong_gopalbari,,ku,to tell,,ku,lexical-similarity-group:1,kim-ahmad-kim-sangma2011hajong[p. 53],,,hajong:194:hajong_gopalbari:1
hajong_gopalpur,,ku,to tell,,ku,lexical-similarity-group:1,kim-ahmad-kim-sangma2011hajong[p. 53],,,hajong:194:hajong_gopalpur:1
hajong_bhalukapara,,ku,to tell,,ku,lexical-similarity-group:1,kim-ahmad-kim-sangma2011hajong[p. 53],,,hajong:194:hajong_bhalukapara:1
hajong_nokshi,,ku,to tell,,ku,lexical-similarity-group:1,kim-ahmad-kim-sangma2011hajong[p. 53],,,hajong:194:hajong_nokshi:1
hajong_nugapara,,budʒi,to know,,budʒi,lexical-similarity-group:1,kim-ahmad-kim-sangma2011hajong[p. 53],,,hajong:195:hajong_nugapara:1
hajong_chilapara,,dʒana,to know,,dʒana,lexical-similarity-group:2,kim-ahmad-kim-sangma2011hajong[p. 53],,,hajong:195:hajong_chilapara:1
hajong_balachanda,,dʒana,to know,,dʒana,lexical-similarity-group:2,kim-ahmad-kim-sangma2011hajong[p. 53],,,hajong:195:hajong_balachanda:1
hajong_nirghini,,dʒane,to know,,dʒane,lexical-similarity-group:2,kim-ahmad-kim-sangma2011hajong[p. 53],,,hajong:195:hajong_nirghini:1
hajong_dhamor,,dʒane,to know,,dʒane,lexical-similarity-group:2,kim-ahmad-kim-sangma2011hajong[p. 53],,,hajong:195:hajong_dhamor:1
hajong_gopalbari,,dʒani,to know,,dʒani,lexical-similarity-group:2,kim-ahmad-kim-sangma2011hajong[p. 53],,,hajong:195:hajong_gopalbari:1
hajong_gopalpur,,dʒani,to know,,dʒani,lexical-similarity-group:2,kim-ahmad-kim-sangma2011hajong[p. 53],,,hajong:195:hajong_gopalpur:1
hajong_bhalukapara,,dʒani,to know,,dʒani,lexical-similarity-group:2,kim-ahmad-kim-sangma2011hajong[p. 53],,,hajong:195:hajong_bhalukapara:1
hajong_nokshi,,dʒani,to know,,dʒani,lexical-similarity-group:2,kim-ahmad-kim-sangma2011hajong[p. 53],,,hajong:195:hajong_nokshi:1
hajong_dalugau,,dʒaniwa,to know,,dʒaniwa,lexical-similarity-group:2,kim-ahmad-kim-sangma2011hajong[p. 53],,,hajong:195:hajong_dalugau:1
hajong_gopalpur,,tʰalpai̯,to know,,tʰalpai̯,lexical-similarity-group:3,kim-ahmad-kim-sangma2011hajong[p. 53],,,hajong:195:hajong_gopalpur:2
hajong_bhalukapara,,tʰalpai̯,to know,,tʰalpai̯,lexical-similarity-group:3,kim-ahmad-kim-sangma2011hajong[p. 53],,,hajong:195:hajong_bhalukapara:2
hajong_nokshi,,tʰalpai̯,to know,,tʰalpai̯,lexical-similarity-group:3,kim-ahmad-kim-sangma2011hajong[p. 53],,,hajong:195:hajong_nokshi:2
hajong_nugapara,,monopʰəɾek,to forget,,monopʰəɾek,lexical-similarity-group:1,kim-ahmad-kim-sangma2011hajong[p. 53],,,hajong:196:hajong_nugapara:1
hajong_gopalbari,,monotpahaɾa,to forget,,monotpahaɾa,lexical-similarity-group:1,kim-ahmad-kim-sangma2011hajong[p. 53],,,hajong:196:hajong_gopalbari:1
hajong_gopalpur,,monotpahi,to forget,,monotpahi,lexical-similarity-group:1,kim-ahmad-kim-sangma2011hajong[p. 53],,,hajong:196:hajong_gopalpur:1
hajong_nokshi,,monotpari,to forget,,monotpari,lexical-similarity-group:1,kim-ahmad-kim-sangma2011hajong[p. 53],,,hajong:196:hajong_nokshi:1
hajong_bhalukapara,,monotpʰari,to forget,,monotpʰari,lexical-similarity-group:1,kim-ahmad-kim-sangma2011hajong[p. 53],,,hajong:196:hajong_bhalukapara:1
hajong_chilapara,,monotpʰauɾa,to forget,,monotpʰauɾa,lexical-similarity-group:1,kim-ahmad-kim-sangma2011hajong[p. 53],,,hajong:196:hajong_chilapara:1
hajong_nirghini,,bʰul,to forget,,bʰul,lexical-similarity-group:2,kim-ahmad-kim-sangma2011hajong[p. 53],,,hajong:196:hajong_nirghini:1
hajong_dhamor,,bʰulidʒa,to forget,,bʰulidʒa,lexical-similarity-group:2,kim-ahmad-kim-sangma2011hajong[p. 53],,,hajong:196:hajong_dhamor:1
hajong_dalugau,,bʰuliwa,to forget,,bʰuliwa,lexical-similarity-group:2,kim-ahmad-kim-sangma2011hajong[p. 53],,,hajong:196:hajong_dalugau:1
hajong_balachanda,,pasuɾidʒawa,to forget,,pasuɾidʒawa,lexical-similarity-group:3,kim-ahmad-kim-sangma2011hajong[p. 53],,,hajong:196:hajong_balachanda:1
hajong_bhalukapara,,ɡʰuma,to sleep,,ɡʰuma,lexical-similarity-group:1,kim-ahmad-kim-sangma2011hajong[p. 53],,,hajong:197:hajong_bhalukapara:1
hajong_chilapara,,ɡʰuma,to sleep,,ɡʰuma,lexical-similarity-group:1,kim-ahmad-kim-sangma2011hajong[p. 53],,,hajong:197:hajong_chilapara:1
hajong_nirghini,,ɡʰuma,to sleep,,ɡʰuma,lexical-similarity-group:1,kim-ahmad-kim-sangma2011hajong[p. 53],,,hajong:197:hajong_nirghini:1
hajong_dhamor,,ɡʰumabo,to sleep,,ɡʰumabo,lexical-similarity-group:1,kim-ahmad-kim-sangma2011hajong[p. 53],,,hajong:197:hajong_dhamor:1
hajong_balachanda,,ɡʰumani,to sleep,,ɡʰumani,lexical-similarity-group:1,kim-ahmad-kim-sangma2011hajong[p. 53],,,hajong:197:hajong_balachanda:1
hajong_nugapara,,ɡʰumau,to sleep,,ɡʰumau,lexical-similarity-group:1,kim-ahmad-kim-sangma2011hajong[p. 53],,,hajong:197:hajong_nugapara:1
hajong_dalugau,,ɡʰumuwə,to sleep,,ɡʰumuwə,lexical-similarity-group:1,kim-ahmad-kim-sangma2011hajong[p. 53],,,hajong:197:hajong_dalugau:1
hajong_gopalbari,,ɡum,to sleep,,ɡum,lexical-similarity-group:1,kim-ahmad-kim-sangma2011hajong[p. 53],,,hajong:197:hajong_gopalbari:1
hajong_gopalpur,,ɡum,to sleep,,ɡum,lexical-similarity-group:1,kim-ahmad-kim-sangma2011hajong[p. 53],,,hajong:197:hajong_gopalpur:1
hajong_nokshi,,ɡum,to sleep,,ɡum,lexical-similarity-group:1,kim-ahmad-kim-sangma2011hajong[p. 53],,,hajong:197:hajong_nokshi:1
hajong_gopalbari,,hopon,to dream,,hopon,lexical-similarity-group:1,kim-ahmad-kim-sangma2011hajong[p. 53],,,hajong:198:hajong_gopalbari:1
hajong_gopalpur,,hopon,to dream,,hopon,lexical-similarity-group:1,kim-ahmad-kim-sangma2011hajong[p. 53],,,hajong:198:hajong_gopalpur:1
hajong_bhalukapara,,hopon,to dream,,hopon,lexical-similarity-group:1,kim-ahmad-kim-sangma2011hajong[p. 53],,,hajong:198:hajong_bhalukapara:1
hajong_nokshi,,hopon,to dream,,hopon,lexical-similarity-group:1,kim-ahmad-kim-sangma2011hajong[p. 53],,,hajong:198:hajong_nokshi:1
hajong_chilapara,,hopon,to dream,,hopon,lexical-similarity-group:1,kim-ahmad-kim-sangma2011hajong[p. 53],,,hajong:198:hajong_chilapara:1
hajong_dalugau,,hopon,to dream,,hopon,lexical-similarity-group:1,kim-ahmad-kim-sangma2011hajong[p. 53],,,hajong:198:hajong_dalugau:1
hajong_dhamor,,hopon,to dream,,hopon,lexical-similarity-group:1,kim-ahmad-kim-sangma2011hajong[p. 53],,,hajong:198:hajong_dhamor:1
hajong_nugapara,,hopondekʰe,to dream,,hopondekʰe,lexical-similarity-group:1,kim-ahmad-kim-sangma2011hajong[p. 53],,,hajong:198:hajong_nugapara:1
hajong_balachanda,,sopondekʰa,to dream,,sopondekʰa,lexical-similarity-group:1,kim-ahmad-kim-sangma2011hajong[p. 53],,,hajong:198:hajong_balachanda:1
hajong_nirghini,,sopna,to dream,,sopna,lexical-similarity-group:2,kim-ahmad-kim-sangma2011hajong[p. 53],,,hajong:198:hajong_nirghini:1
hajong_nirghini,,sopna,to dream,,sopna,lexical-similarity-group:3,kim-ahmad-kim-sangma2011hajong[p. 53],,,hajong:198:hajong_nirghini:2
hajong_balachanda,,sopondekʰa,to dream,,sopondekʰa,lexical-similarity-group:3,kim-ahmad-kim-sangma2011hajong[p. 53],,,hajong:198:hajong_balachanda:2
hajong_dhamor,,koje,to do/make,,koje,lexical-similarity-group:1,kim-ahmad-kim-sangma2011hajong[p. 54],,,hajong:199:hajong_dhamor:1
hajong_gopalbari,,koɾa,to do/make,,koɾa,lexical-similarity-group:1,kim-ahmad-kim-sangma2011hajong[p. 54],,,hajong:199:hajong_gopalbari:1
hajong_gopalpur,,koɾa,to do/make,,koɾa,lexical-similarity-group:1,kim-ahmad-kim-sangma2011hajong[p. 54],,,hajong:199:hajong_gopalpur:1
hajong_bhalukapara,,koɾa,to do/make,,koɾa,lexical-similarity-group:1,kim-ahmad-kim-sangma2011hajong[p. 54],,,hajong:199:hajong_bhalukapara:1
hajong_nokshi,,koɾa,to do/make,,koɾa,lexical-similarity-group:1,kim-ahmad-kim-sangma2011hajong[p. 54],,,hajong:199:hajong_nokshi:1
hajong_dalugau,,koɾa,to do/make,,koɾa,lexical-similarity-group:1,kim-ahmad-kim-sangma2011hajong[p. 54],,,hajong:199:hajong_dalugau:1
hajong_balachanda,,koɾa,to do/make,,koɾa,lexical-similarity-group:1,kim-ahmad-kim-sangma2011hajong[p. 54],,,hajong:199:hajong_balachanda:1
hajong_dhamor,,koɾe,to do/make,,koɾe,lexical-similarity-group:1,kim-ahmad-kim-sangma2011hajong[p. 54],,,hajong:199:hajong_dhamor:2
hajong_chilapara,,kuɾa,to do/make,,kuɾa,lexical-similarity-group:1,kim-ahmad-kim-sangma2011hajong[p. 54],,,hajong:199:hajong_chilapara:1
hajong_nirghini,,kuɾa,to do/make,,kuɾa,lexical-similarity-group:1,kim-ahmad-kim-sangma2011hajong[p. 54],,,hajong:199:hajong_nirghini:1
hajong_nugapara,,koɾ,to do/make,,koɾ,lexical-similarity-group:2,kim-ahmad-kim-sangma2011hajong[p. 54],,,hajong:199:hajong_nugapara:1
hajong_gopalbari,,koɾa,to do/make,,koɾa,lexical-similarity-group:2,kim-ahmad-kim-sangma2011hajong[p. 54],,,hajong:199:hajong_gopalbari:2
hajong_gopalpur,,koɾa,to do/make,,koɾa,lexical-similarity-group:2,kim-ahmad-kim-sangma2011hajong[p. 54],,,hajong:199:hajong_gopalpur:2
hajong_bhalukapara,,koɾa,to do/make,,koɾa,lexical-similarity-group:2,kim-ahmad-kim-sangma2011hajong[p. 54],,,hajong:199:hajong_bhalukapara:2
hajong_nokshi,,koɾa,to do/make,,koɾa,lexical-similarity-group:2,kim-ahmad-kim-sangma2011hajong[p. 54],,,hajong:199:hajong_nokshi:2
hajong_dalugau,,koɾa,to do/make,,koɾa,lexical-similarity-group:2,kim-ahmad-kim-sangma2011hajong[p. 54],,,hajong:199:hajong_dalugau:2
hajong_balachanda,,koɾa,to do/make,,koɾa,lexical-similarity-group:2,kim-ahmad-kim-sangma2011hajong[p. 54],,,hajong:199:hajong_balachanda:2
hajong_dhamor,,koɾe,to do/make,,koɾe,lexical-similarity-group:2,kim-ahmad-kim-sangma2011hajong[p. 54],,,hajong:199:hajong_dhamor:3
hajong_chilapara,,kuɾa,to do/make,,kuɾa,lexical-similarity-group:2,kim-ahmad-kim-sangma2011hajong[p. 54],,,hajong:199:hajong_chilapara:2
hajong_nirghini,,kuɾa,to do/make,,kuɾa,lexical-similarity-group:2,kim-ahmad-kim-sangma2011hajong[p. 54],,,hajong:199:hajong_nirghini:2
hajong_gopalbari,,bana,to do/make,,bana,lexical-similarity-group:3,kim-ahmad-kim-sangma2011hajong[p. 54],,,hajong:199:hajong_gopalbari:3
hajong_gopalpur,,bana,to do/make,,bana,lexical-similarity-group:3,kim-ahmad-kim-sangma2011hajong[p. 54],,,hajong:199:hajong_gopalpur:3
hajong_bhalukapara,,bana,to do/make,,bana,lexical-similarity-group:3,kim-ahmad-kim-sangma2011hajong[p. 54],,,hajong:199:hajong_bhalukapara:3
hajong_nokshi,,bana,to do/make,,bana,lexical-similarity-group:3,kim-ahmad-kim-sangma2011hajong[p. 54],,,hajong:199:hajong_nokshi:3
hajong_chilapara,,kam,to work,,kam,lexical-similarity-group:1,kim-ahmad-kim-sangma2011hajong[p. 54],,,hajong:200:hajong_chilapara:1
hajong_nugapara,,kamkoɾ,to work,,kamkoɾ,lexical-similarity-group:1,kim-ahmad-kim-sangma2011hajong[p. 54],,,hajong:200:hajong_nugapara:1
hajong_gopalbari,,kamkoɾa,to work,,kamkoɾa,lexical-similarity-group:1,kim-ahmad-kim-sangma2011hajong[p. 54],,,hajong:200:hajong_gopalbari:1
hajong_gopalpur,,kamkoɾa,to work,,kamkoɾa,lexical-similarity-group:1,kim-ahmad-kim-sangma2011hajong[p. 54],,,hajong:200:hajong_gopalpur:1
hajong_bhalukapara,,kamkoɾa,to work,,kamkoɾa,lexical-similarity-group:1,kim-ahmad-kim-sangma2011hajong[p. 54],,,hajong:200:hajong_bhalukapara:1
hajong_nokshi,,kamkoɾa,to work,,kamkoɾa,lexical-similarity-group:1,kim-ahmad-kim-sangma2011hajong[p. 54],,,hajong:200:hajong_nokshi:1
hajong_dalugau,,kamkoɾa,to work,,kamkoɾa,lexical-similarity-group:1,kim-ahmad-kim-sangma2011hajong[p. 54],,,hajong:200:hajong_dalugau:1
hajong_balachanda,,kamkoɾa,to work,,kamkoɾa,lexical-similarity-group:1,kim-ahmad-kim-sangma2011hajong[p. 54],,,hajong:200:hajong_balachanda:1
hajong_dhamor,,kamkoɾna,to work,,kamkoɾna,lexical-similarity-group:1,kim-ahmad-kim-sangma2011hajong[p. 54],,,hajong:200:hajong_dhamor:1
hajong_nirghini,,kamkuɾa,to work,,kamkuɾa,lexical-similarity-group:1,kim-ahmad-kim-sangma2011hajong[p. 54],,,hajong:200:hajong_nirghini:1
hajong_bhalukapara,,kʰela,to play,,kʰela,lexical-similarity-group:1,kim-ahmad-kim-sangma2011hajong[p. 54],,,hajong:201:hajong_bhalukapara:1
hajong_chilapara,,kʰela,to play,,kʰela,lexical-similarity-group:1,kim-ahmad-kim-sangma2011hajong[p. 54],,,hajong:201:hajong_chilapara:1
hajong_balachanda,,kʰela,to play,,kʰela,lexical-similarity-group:1,kim-ahmad-kim-sangma2011hajong[p. 54],,,hajong:201:hajong_balachanda:1
hajong_dhamor,,kʰela,to play,,kʰela,lexical-similarity-group:1,kim-ahmad-kim-sangma2011hajong[p. 54],,,hajong:201:hajong_dhamor:1
hajong_nirghini,,kʰelau,to play,,kʰelau,lexical-similarity-group:1,kim-ahmad-kim-sangma2011hajong[p. 54],,,hajong:201:hajong_nirghini:1
hajong_gopalbari,,kʰila,to play,,kʰila,lexical-similarity-group:1,kim-ahmad-kim-sangma2011hajong[p. 54],,,hajong:201:hajong_gopalbari:1
hajong_gopalpur,,kʰila,to play,,kʰila,lexical-similarity-group:1,kim-ahmad-kim-sangma2011hajong[p. 54],,,hajong:201:hajong_gopalpur:1
hajong_nokshi,,kʰila,to play,,kʰila,lexical-similarity-group:1,kim-ahmad-kim-sangma2011hajong[p. 54],,,hajong:201:hajong_nokshi:1
hajong_nugapara,,kʰilabo,to play,,kʰilabo,lexical-similarity-group:1,kim-ahmad-kim-sangma2011hajong[p. 54],,,hajong:201:hajong_nugapara:1
hajong_dalugau,,kʰilawa,to play,,kʰilawa,lexical-similarity-group:1,kim-ahmad-kim-sangma2011hajong[p. 54],,,hajong:201:hajong_dalugau:1
hajong_gopalbari,,naʃa,to dance,,naʃa,lexical-similarity-group:1,kim-ahmad-kim-sangma2011hajong[p. 54],,,hajong:202:hajong_gopalbari:1
hajong_gopalpur,,naʃa,to dance,,naʃa,lexical-similarity-group:1,kim-ahmad-kim-sangma2011hajong[p. 54],,,hajong:202:hajong_gopalpur:1
hajong_bhalukapara,,naʃi,to dance,,naʃi,lexical-similarity-group:1,kim-ahmad-kim-sangma2011hajong[p. 54],,,hajong:202:hajong_bhalukapara:1
hajong_nokshi,,naʃi,to dance,,naʃi,lexical-similarity-group:1,kim-ahmad-kim-sangma2011hajong[p. 54],,,hajong:202:hajong_nokshi:1
hajong_nugapara,,naʃibo,to dance,,naʃibo,lexical-similarity-group:1,kim-ahmad-kim-sangma2011hajong[p. 54],,,hajong:202:hajong_nugapara:1
hajong_dalugau,,naʃiwə,to dance,,naʃiwə,lexical-similarity-group:1,kim-ahmad-kim-sangma2011hajong[p. 54],,,hajong:202:hajong_dalugau:1
hajong_chilapara,,natʃa,to dance,,natʃa,lexical-similarity-group:1,kim-ahmad-kim-sangma2011hajong[p. 54],,,hajong:202:hajong_chilapara:1
hajong_nirghini,,natʃa,to dance,,natʃa,lexical-similarity-group:1,kim-ahmad-kim-sangma2011hajong[p. 54],,,hajong:202:hajong_nirghini:1
hajong_balachanda,,natʃa,to dance,,natʃa,lexical-similarity-group:1,kim-ahmad-kim-sangma2011hajong[p. 54],,,hajong:202:hajong_balachanda:1
hajong_dhamor,,natʃa,to dance,,natʃa,lexical-similarity-group:1,kim-ahmad-kim-sangma2011hajong[p. 54],,,hajong:202:hajong_dhamor:1
hajong_chilapara,,dapʰa,to throw,,dapʰa,lexical-similarity-group:1,kim-ahmad-kim-sangma2011hajong[p. 54],,,hajong:203:hajong_chilapara:1
hajong_dhamor,,dapʰam,to throw,,dapʰam,lexical-similarity-group:1,kim-ahmad-kim-sangma2011hajong[p. 54],,,hajong:203:hajong_dhamor:1
hajong_nugapara,,dapʰau,to throw,,dapʰau,lexical-similarity-group:1,kim-ahmad-kim-sangma2011hajong[p. 54],,,hajong:203:hajong_nugapara:1
hajong_dalugau,,dapʰewa,to throw,,dapʰewa,lexical-similarity-group:1,kim-ahmad-kim-sangma2011hajong[p. 54],,,hajong:203:hajong_dalugau:1
hajong_balachanda,,dapʰidewa,to throw,,dapʰidewa,lexical-similarity-group:1,kim-ahmad-kim-sangma2011hajong[p. 54],,,hajong:203:hajong_balachanda:1
hajong_gopalbari,,dɯpʰɯ,to throw,,dɯpʰɯ,lexical-similarity-group:1,kim-ahmad-kim-sangma2011hajong[p. 54],,,hajong:203:hajong_gopalbari:1
hajong_gopalpur,,dɯpʰɯ,to throw,,dɯpʰɯ,lexical-similarity-group:1,kim-ahmad-kim-sangma2011hajong[p. 54],,,hajong:203:hajong_gopalpur:1
hajong_bhalukapara,,dɯpʰɯ,to throw,,dɯpʰɯ,lexical-similarity-group:1,kim-ahmad-kim-sangma2011hajong[p. 54],,,hajong:203:hajong_bhalukapara:1
hajong_nokshi,,dɯpʰɯ,to throw,,dɯpʰɯ,lexical-similarity-group:1,kim-ahmad-kim-sangma2011hajong[p. 54],,,hajong:203:hajong_nokshi:1
hajong_nirghini,,pʰelaide,to throw,,pʰelaide,lexical-similarity-group:2,kim-ahmad-kim-sangma2011hajong[p. 54],,,hajong:203:hajong_nirghini:1
hajong_nugapara,,dulik,to lift,,dulik,lexical-similarity-group:1,kim-ahmad-kim-sangma2011hajong[p. 54],,,hajong:204:hajong_nugapara:1
hajong_balachanda,,tule,to lift,,tule,lexical-similarity-group:1,kim-ahmad-kim-sangma2011hajong[p. 54],,,hajong:204:hajong_balachanda:1
hajong_bhalukapara,,tuli,to lift,,tuli,lexical-similarity-group:1,kim-ahmad-kim-sangma2011hajong[p. 54],,,hajong:204:hajong_bhalukapara:1
hajong_nokshi,,tuli,to lift,,tuli,lexical-similarity-group:1,kim-ahmad-kim-sangma2011hajong[p. 54],,,hajong:204:hajong_nokshi:1
hajong_nirghini,,tul,to lift,,tul,lexical-similarity-group:2,kim-ahmad-kim-sangma2011hajong[p. 54],,,hajong:204:hajong_nirghini:1
hajong_gopalbari,,tula,to lift,,tula,lexical-similarity-group:2,kim-ahmad-kim-sangma2011hajong[p. 54],,,hajong:204:hajong_gopalbari:1
hajong_chilapara,,tula,to lift,,tula,lexical-similarity-group:2,kim-ahmad-kim-sangma2011hajong[p. 54],,,hajong:204:hajong_chilapara:1
hajong_dalugau,,tula,to lift,,tula,lexical-similarity-group:2,kim-ahmad-kim-sangma2011hajong[p. 54],,,hajong:204:hajong_dalugau:1
hajong_dhamor,,tula,to lift,,tula,lexical-similarity-group:2,kim-ahmad-kim-sangma2011hajong[p. 54],,,hajong:204:hajong_dhamor:1
hajong_balachanda,,tule,to lift,,tule,lexical-similarity-group:2,kim-ahmad-kim-sangma2011hajong[p. 54],,,hajong:204:hajong_balachanda:2
hajong_bhalukapara,,tuli,to lift,,tuli,lexical-similarity-group:2,kim-ahmad-kim-sangma2011hajong[p. 54],,,hajong:204:hajong_bhalukapara:2
hajong_nokshi,,tuli,to lift,,tuli,lexical-similarity-group:2,kim-ahmad-kim-sangma2011hajong[p. 54],,,hajong:204:hajong_nokshi:2
hajong_nirghini,,tulo,to lift,,tulo,lexical-similarity-group:2,kim-ahmad-kim-sangma2011hajong[p. 54],,,hajong:204:hajong_nirghini:2
hajong_gopalpur,,tulɯ,to lift,,tulɯ,lexical-similarity-group:2,kim-ahmad-kim-sangma2011hajong[p. 54],,,hajong:204:hajong_gopalpur:1
hajong_nirghini,,dakʰadewa,to push,,dakʰadewa,lexical-similarity-group:1,kim-ahmad-kim-sangma2011hajong[p. 54],,,hajong:205:hajong_nirghini:1
hajong_gopalpur,,dɛka,to push,,dɛka,lexical-similarity-group:1,kim-ahmad-kim-sangma2011hajong[p. 54],,,hajong:205:hajong_gopalpur:1
hajong_bhalukapara,,dʰika,to push,,dʰika,lexical-similarity-group:1,kim-ahmad-kim-sangma2011hajong[p. 54],,,hajong:205:hajong_bhalukapara:1
hajong_nokshi,,dʰika,to push,,dʰika,lexical-similarity-group:1,kim-ahmad-kim-sangma2011hajong[p. 54],,,hajong:205:hajong_nokshi:1
hajong_chilapara,,tʰela,to push,,tʰela,lexical-similarity-group:2,kim-ahmad-kim-sangma2011hajong[p. 54],,,hajong:205:hajong_chilapara:1
hajong_balachanda,,tʰela,to push,,tʰela,lexical-similarity-group:2,kim-ahmad-kim-sangma2011hajong[p. 54],,,hajong:205:hajong_balachanda:1
hajong_dhamor,,tʰela,to push,,tʰela,lexical-similarity-group:2,kim-ahmad-kim-sangma2011hajong[p. 54],,,hajong:205:hajong_dhamor:1
hajong_balachanda,,tʰilidiwa,to push,,tʰilidiwa,lexical-similarity-group:2,kim-ahmad-kim-sangma2011hajong[p. 54],,,hajong:205:hajong_balachanda:2
hajong_dalugau,,tʰiliwa,to push,,tʰiliwa,lexical-similarity-group:2,kim-ahmad-kim-sangma2011hajong[p. 54],,,hajong:205:hajong_dalugau:1
hajong_nirghini,,dakʰadewa,to push,,dakʰadewa,lexical-similarity-group:3,kim-ahmad-kim-sangma2011hajong[p. 54],,,hajong:205:hajong_nirghini:2
hajong_gopalpur,,dɛka,to push,,dɛka,lexical-similarity-group:3,kim-ahmad-kim-sangma2011hajong[p. 54],,,hajong:205:hajong_gopalpur:2
hajong_bhalukapara,,dʰika,to push,,dʰika,lexical-similarity-group:3,kim-ahmad-kim-sangma2011hajong[p. 54],,,hajong:205:hajong_bhalukapara:2
hajong_nokshi,,dʰika,to push,,dʰika,lexical-similarity-group:3,kim-ahmad-kim-sangma2011hajong[p. 54],,,hajong:205:hajong_nokshi:2
hajong_gopalbari,,dika,to push,,dika,lexical-similarity-group:3,kim-ahmad-kim-sangma2011hajong[p. 54],,,hajong:205:hajong_gopalbari:1
hajong_nugapara,,dikʰadik,to push,,dikʰadik,lexical-similarity-group:3,kim-ahmad-kim-sangma2011hajong[p. 54],,,hajong:205:hajong_nugapara:1
hajong_gopalbari,,tana,to pull,,tana,lexical-similarity-group:1,kim-ahmad-kim-sangma2011hajong[p. 54],,,hajong:206:hajong_gopalbari:1
hajong_chilapara,,tana,to pull,,tana,lexical-similarity-group:1,kim-ahmad-kim-sangma2011hajong[p. 54],,,hajong:206:hajong_chilapara:1
hajong_nirghini,,tana,to pull,,tana,lexical-similarity-group:1,kim-ahmad-kim-sangma2011hajong[p. 54],,,hajong:206:hajong_nirghini:1
hajong_balachanda,,tana,to pull,,tana,lexical-similarity-group:1,kim-ahmad-kim-sangma2011hajong[p. 54],,,hajong:206:hajong_balachanda:1
hajong_dhamor,,tana,to pull,,tana,lexical-similarity-group:1,kim-ahmad-kim-sangma2011hajong[p. 54],,,hajong:206:hajong_dhamor:1
hajong_gopalpur,,tane,to pull,,tane,lexical-similarity-group:1,kim-ahmad-kim-sangma2011hajong[p. 54],,,hajong:206:hajong_gopalpur:1
hajong_nugapara,,tanijatul,to pull,,tanijatul,lexical-similarity-group:1,kim-ahmad-kim-sangma2011hajong[p. 54],,,hajong:206:hajong_nugapara:1
hajong_bhalukapara,,taniwa,to pull,,taniwa,lexical-similarity-group:1,kim-ahmad-kim-sangma2011hajong[p. 54],,,hajong:206:hajong_bhalukapara:1
hajong_nokshi,,taniwa,to pull,,taniwa,lexical-similarity-group:1,kim-ahmad-kim-sangma2011hajong[p. 54],,,hajong:206:hajong_nokshi:1
hajong_dalugau,,taniwa,to pull,,taniwa,lexical-similarity-group:1,kim-ahmad-kim-sangma2011hajong[p. 54],,,hajong:206:hajong_dalugau:1
hajong_gopalbari,,bana,to tie,,bana,lexical-similarity-group:1,kim-ahmad-kim-sangma2011hajong[p. 55],,,hajong:207:hajong_gopalbari:1
hajong_nirghini,,bana,to tie,,bana,lexical-similarity-group:1,kim-ahmad-kim-sangma2011hajong[p. 55],,,hajong:207:hajong_nirghini:1
hajong_balachanda,,banda,to tie,,banda,lexical-similarity-group:1,kim-ahmad-kim-sangma2011hajong[p. 55],,,hajong:207:hajong_balachanda:1
hajong_chilapara,,bandʰa,to tie,,bandʰa,lexical-similarity-group:1,kim-ahmad-kim-sangma2011hajong[p. 55],,,hajong:207:hajong_chilapara:1
hajong_nugapara,,banik,to tie,,banik,lexical-similarity-group:1,kim-ahmad-kim-sangma2011hajong[p. 55],,,hajong:207:hajong_nugapara:1
hajong_dhamor,,banik,to tie,,banik,lexical-similarity-group:1,kim-ahmad-kim-sangma2011hajong[p. 55],,,hajong:207:hajong_dhamor:1
hajong_gopalpur,,baniwa,to tie,,baniwa,lexical-similarity-group:1,kim-ahmad-kim-sangma2011hajong[p. 55],,,hajong:207:hajong_gopalpur:1
hajong_bhalukapara,,baniwa,to tie,,baniwa,lexical-similarity-group:1,kim-ahmad-kim-sangma2011hajong[p. 55],,,hajong:207:hajong_bhalukapara:1
hajong_nokshi,,baniwa,to tie,,baniwa,lexical-similarity-group:1,kim-ahmad-kim-sangma2011hajong[p. 55],,,hajong:207:hajong_nokshi:1
hajong_dalugau,,baniwa,to tie,,baniwa,lexical-similarity-group:1,kim-ahmad-kim-sangma2011hajong[p. 55],,,hajong:207:hajong_dalugau:1
hajong_chilapara,,motʃa,to wipe,,motʃa,lexical-similarity-group:1,kim-ahmad-kim-sangma2011hajong[p. 55],,,hajong:208:hajong_chilapara:1
hajong_nirghini,,motʃa,to wipe,,motʃa,lexical-similarity-group:1,kim-ahmad-kim-sangma2011hajong[p. 55],,,hajong:208:hajong_nirghini:1
hajong_balachanda,,motʃa,to wipe,,motʃa,lexical-similarity-group:1,kim-ahmad-kim-sangma2011hajong[p. 55],,,hajong:208:hajong_balachanda:1
hajong_gopalpur,,muʃiwa,to wipe,,muʃiwa,lexical-similarity-group:1,kim-ahmad-kim-sangma2011hajong[p. 55],,,hajong:208:hajong_gopalpur:1
hajong_dalugau,,muʃiwa,to wipe,,muʃiwa,lexical-similarity-group:1,kim-ahmad-kim-sangma2011hajong[p. 55],,,hajong:208:hajong_dalugau:1
hajong_gopalbari,,muʃɯ,to wipe,,muʃɯ,lexical-similarity-group:1,kim-ahmad-kim-sangma2011hajong[p. 55],,,hajong:208:hajong_gopalbari:1
hajong_bhalukapara,,mutʃʰi,to wipe,,mutʃʰi,lexical-similarity-group:1,kim-ahmad-kim-sangma2011hajong[p. 55],,,hajong:208:hajong_bhalukapara:1
hajong_nokshi,,mutʃʰi,to wipe,,mutʃʰi,lexical-similarity-group:1,kim-ahmad-kim-sangma2011hajong[p. 55],,,hajong:208:hajong_nokshi:1
hajong_nugapara,,mutʃik,to wipe,,mutʃik,lexical-similarity-group:1,kim-ahmad-kim-sangma2011hajong[p. 55],,,hajong:208:hajong_nugapara:1
hajong_dhamor,,likai,to wipe,,likai,lexical-similarity-group:2,kim-ahmad-kim-sangma2011hajong[p. 55],,,hajong:208:hajong_dhamor:1
hajong_chilapara,,banaɡuɾa,to weave (on loom),,banaɡuɾa,lexical-similarity-group:1,kim-ahmad-kim-sangma2011hajong[p. 55],,,hajong:209:hajong_chilapara:1
hajong_nugapara,,ɡurau,to weave (on loom),,ɡurau,lexical-similarity-group:1,kim-ahmad-kim-sangma2011hajong[p. 55],,,hajong:209:hajong_nugapara:1
hajong_gopalbari,,bana,to weave (on loom),,bana,lexical-similarity-group:2,kim-ahmad-kim-sangma2011hajong[p. 55],,,hajong:209:hajong_gopalbari:1
hajong_gopalpur,,bana,to weave (on loom),,bana,lexical-similarity-group:2,kim-ahmad-kim-sangma2011hajong[p. 55],,,hajong:209:hajong_gopalpur:1
hajong_bhalukapara,,bana,to weave (on loom),,bana,lexical-similarity-group:2,kim-ahmad-kim-sangma2011hajong[p. 55],,,hajong:209:hajong_bhalukapara:1
hajong_nokshi,,bana,to weave (on loom),,bana,lexical-similarity-group:2,kim-ahmad-kim-sangma2011hajong[p. 55],,,hajong:209:hajong_nokshi:1
hajong_dalugau,,bana,to weave (on loom),,bana,lexical-similarity-group:2,kim-ahmad-kim-sangma2011hajong[p. 55],,,hajong:209:hajong_dalugau:1
hajong_dhamor,,bana,to weave (on loom),,bana,lexical-similarity-group:2,kim-ahmad-kim-sangma2011hajong[p. 55],,,hajong:209:hajong_dhamor:1
hajong_chilapara,,banaɡuɾa,to weave (on loom),,banaɡuɾa,lexical-similarity-group:2,kim-ahmad-kim-sangma2011hajong[p. 55],,,hajong:209:hajong_chilapara:2
hajong_nirghini,,kapuɾbona,to weave (on loom),,kapuɾbona,lexical-similarity-group:2,kim-ahmad-kim-sangma2011hajong[p. 55],,,hajong:209:hajong_nirghini:1
hajong_balachanda,,tatbana,to weave (on loom),,tatbana,lexical-similarity-group:2,kim-ahmad-kim-sangma2011hajong[p. 55],,,hajong:209:hajong_balachanda:1
hajong_nugapara,,hiŋau,to sew,,hiŋau,lexical-similarity-group:1,kim-ahmad-kim-sangma2011hajong[p. 55],,,hajong:210:hajong_nugapara:1
hajong_nirghini,,hiŋau,to sew,,hiŋau,lexical-similarity-group:1,kim-ahmad-kim-sangma2011hajong[p. 55],,,hajong:210:hajong_nirghini:1
hajong_dalugau,,hiŋawa,to sew,,hiŋawa,lexical-similarity-group:1,kim-ahmad-kim-sangma2011hajong[p. 55],,,hajong:210:hajong_dalugau:1
hajong_gopalbari,,hiŋɯ,to sew,,hiŋɯ,lexical-similarity-group:1,kim-ahmad-kim-sangma2011hajong[p. 55],,,hajong:210:hajong_gopalbari:1
hajong_gopalpur,,hiŋɯ,to sew,,hiŋɯ,lexical-similarity-group:1,kim-ahmad-kim-sangma2011hajong[p. 55],,,hajong:210:hajong_gopalpur:1
hajong_bhalukapara,,hiŋɯ,to sew,,hiŋɯ,lexical-similarity-group:1,kim-ahmad-kim-sangma2011hajong[p. 55],,,hajong:210:hajong_bhalukapara:1
hajong_nokshi,,hiŋɯ,to sew,,hiŋɯ,lexical-similarity-group:1,kim-ahmad-kim-sangma2011hajong[p. 55],,,hajong:210:hajong_nokshi:1
hajong_dhamor,,siŋani,to sew,,siŋani,lexical-similarity-group:1,kim-ahmad-kim-sangma2011hajong[p. 55],,,hajong:210:hajong_dhamor:1
hajong_chilapara,,sila,to sew,,sila,lexical-similarity-group:2,kim-ahmad-kim-sangma2011hajong[p. 55],,,hajong:210:hajong_chilapara:1
hajong_dhamor,,sila,to sew,,sila,lexical-similarity-group:2,kim-ahmad-kim-sangma2011hajong[p. 55],,,hajong:210:hajong_dhamor:2
hajong_balachanda,,silaikoɾa,to sew,,silaikoɾa,lexical-similarity-group:2,kim-ahmad-kim-sangma2011hajong[p. 55],,,hajong:210:hajong_balachanda:1
hajong_dhamor,,siŋani,to sew,,siŋani,lexical-similarity-group:2,kim-ahmad-kim-sangma2011hajong[p. 55],,,hajong:210:hajong_dhamor:3
hajong_gopalpur,,dʰoi̯,to wash,,dʰoi̯,lexical-similarity-group:1,kim-ahmad-kim-sangma2011hajong[p. 55],,,hajong:211:hajong_gopalpur:1
hajong_dalugau,,dʰowawa,to wash,,dʰowawa,lexical-similarity-group:1,kim-ahmad-kim-sangma2011hajong[p. 55],,,hajong:211:hajong_dalugau:1
hajong_bhalukapara,,dʰu,to wash,,dʰu,lexical-similarity-group:1,kim-ahmad-kim-sangma2011hajong[p. 55],,,hajong:211:hajong_bhalukapara:1
hajong_nokshi,,dʰu,to wash,,dʰu,lexical-similarity-group:1,kim-ahmad-kim-sangma2011hajong[p. 55],,,hajong:211:hajong_nokshi:1
hajong_chilapara,,dʰuwa,to wash,,dʰuwa,lexical-similarity-group:1,kim-ahmad-kim-sangma2011hajong[p. 55],,,hajong:211:hajong_chilapara:1
hajong_nirghini,,dʰuwa,to wash,,dʰuwa,lexical-similarity-group:1,kim-ahmad-kim-sangma2011hajong[p. 55],,,hajong:211:hajong_nirghini:1
hajong_balachanda,,dʰuwa,to wash,,dʰuwa,lexical-similarity-group:1,kim-ahmad-kim-sangma2011hajong[p. 55],,,hajong:211:hajong_balachanda:1
hajong_dhamor,,dʰuwa,to wash,,dʰuwa,lexical-similarity-group:1,kim-ahmad-kim-sangma2011hajong[p. 55],,,hajong:211:hajong_dhamor:1
hajong_nugapara,,dʰuwa u,to wash,,dʰuwa u,lexical-similarity-group:1,kim-ahmad-kim-sangma2011hajong[p. 55],,,hajong:211:hajong_nugapara:1
hajong_gopalbari,,du,to wash,,du,lexical-similarity-group:2,kim-ahmad-kim-sangma2011hajong[p. 55],,,hajong:211:hajong_gopalbari:1
hajong_nugapara,,ɡadʰo,to take bath,,ɡadʰo,lexical-similarity-group:1,kim-ahmad-kim-sangma2011hajong[p. 55],,,hajong:212:hajong_nugapara:1
hajong_gopalpur,,ɡadʰoi̯,to take bath,,ɡadʰoi̯,lexical-similarity-group:1,kim-ahmad-kim-sangma2011hajong[p. 55],,,hajong:212:hajong_gopalpur:1
hajong_bhalukapara,,ɡadʰu,to take bath,,ɡadʰu,lexical-similarity-group:1,kim-ahmad-kim-sangma2011hajong[p. 55],,,hajong:212:hajong_bhalukapara:1
hajong_nokshi,,ɡadʰu,to take bath,,ɡadʰu,lexical-similarity-group:1,kim-ahmad-kim-sangma2011hajong[p. 55],,,hajong:212:hajong_nokshi:1
hajong_chilapara,,ɡadʰuwa,to take bath,,ɡadʰuwa,lexical-similarity-group:1,kim-ahmad-kim-sangma2011hajong[p. 55],,,hajong:212:hajong_chilapara:1
hajong_nirghini,,ɡadʰuwa,to take bath,,ɡadʰuwa,lexical-similarity-group:1,kim-ahmad-kim-sangma2011hajong[p. 55],,,hajong:212:hajong_nirghini:1
hajong_dalugau,,ɡadʰuwa,to take bath,,ɡadʰuwa,lexical-similarity-group:1,kim-ahmad-kim-sangma2011hajong[p. 55],,,hajong:212:hajong_dalugau:1
hajong_gopalbari,,ɡaduwa,to take bath,,ɡaduwa,lexical-similarity-group:1,kim-ahmad-kim-sangma2011hajong[p. 55],,,hajong:212:hajong_gopalbari:1
hajong_balachanda,,ɡaudʰuwa,to take bath,,ɡaudʰuwa,lexical-similarity-group:1,kim-ahmad-kim-sangma2011hajong[p. 55],,,hajong:212:hajong_balachanda:1
hajong_dhamor,,ɡaudʰuwa,to take bath,,ɡaudʰuwa,lexical-similarity-group:1,kim-ahmad-kim-sangma2011hajong[p. 55],,,hajong:212:hajong_dhamor:1
hajong_nugapara,,kibakatik,to cut something,,kibakatik,lexical-similarity-group:1,kim-ahmad-kim-sangma2011hajong[p. 55],,,hajong:213:hajong_nugapara:1
hajong_gopalbari,,kata,to cut something,,kata,lexical-similarity-group:2,kim-ahmad-kim-sangma2011hajong[p. 55],,,hajong:213:hajong_gopalbari:1
hajong_gopalpur,,kata,to cut something,,kata,lexical-similarity-group:2,kim-ahmad-kim-sangma2011hajong[p. 55],,,hajong:213:hajong_gopalpur:1
hajong_chilapara,,kata,to cut something,,kata,lexical-similarity-group:2,kim-ahmad-kim-sangma2011hajong[p. 55],,,hajong:213:hajong_chilapara:1
hajong_balachanda,,kata,to cut something,,kata,lexical-similarity-group:2,kim-ahmad-kim-sangma2011hajong[p. 55],,,hajong:213:hajong_balachanda:1
hajong_nirghini,,katek,to cut something,,katek,lexical-similarity-group:2,kim-ahmad-kim-sangma2011hajong[p. 55],,,hajong:213:hajong_nirghini:1
hajong_dhamor,,katek,to cut something,,katek,lexical-similarity-group:2,kim-ahmad-kim-sangma2011hajong[p. 55],,,hajong:213:hajong_dhamor:1
hajong_bhalukapara,,kati,to cut something,,kati,lexical-similarity-group:2,kim-ahmad-kim-sangma2011hajong[p. 55],,,hajong:213:hajong_bhalukapara:1
hajong_nokshi,,kati,to cut something,,kati,lexical-similarity-group:2,kim-ahmad-kim-sangma2011hajong[p. 55],,,hajong:213:hajong_nokshi:1
hajong_dalugau,,katiwə,to cut something,,katiwə,lexical-similarity-group:2,kim-ahmad-kim-sangma2011hajong[p. 55],,,hajong:213:hajong_dalugau:1
hajong_nugapara,,dʒulau,to burn,,dʒulau,lexical-similarity-group:1,kim-ahmad-kim-sangma2011hajong[p. 55],,,hajong:214:hajong_nugapara:1
hajong_dhamor,,dʒulau,to burn,,dʒulau,lexical-similarity-group:1,kim-ahmad-kim-sangma2011hajong[p. 55],,,hajong:214:hajong_dhamor:1
hajong_dalugau,,dʒulawa,to burn,,dʒulawa,lexical-similarity-group:1,kim-ahmad-kim-sangma2011hajong[p. 55],,,hajong:214:hajong_dalugau:1
hajong_bhalukapara,,poɾa,to burn,,poɾa,lexical-similarity-group:2,kim-ahmad-kim-sangma2011hajong[p. 55],,,hajong:214:hajong_bhalukapara:1
hajong_dhamor,,poɾa,to burn,,poɾa,lexical-similarity-group:2,kim-ahmad-kim-sangma2011hajong[p. 55],,,hajong:214:hajong_dhamor:2
hajong_gopalbari,,puɾa,to burn,,puɾa,lexical-similarity-group:2,kim-ahmad-kim-sangma2011hajong[p. 55],,,hajong:214:hajong_gopalbari:1
hajong_gopalpur,,puɾa,to burn,,puɾa,lexical-similarity-group:2,kim-ahmad-kim-sangma2011hajong[p. 55],,,hajong:214:hajong_gopalpur:1
hajong_nokshi,,puɾa,to burn,,puɾa,lexical-similarity-group:2,kim-ahmad-kim-sangma2011hajong[p. 55],,,hajong:214:hajong_nokshi:1
hajong_chilapara,,puɾa,to burn,,puɾa,lexical-similarity-group:2,kim-ahmad-kim-sangma2011hajong[p. 55],,,hajong:214:hajong_chilapara:1
hajong_nirghini,,puɾa,to burn,,puɾa,lexical-similarity-group:2,kim-ahmad-kim-sangma2011hajong[p. 55],,,hajong:214:hajong_nirghini:1
hajong_balachanda,,puɾadʒawa,to burn,,puɾadʒawa,lexical-similarity-group:2,kim-ahmad-kim-sangma2011hajong[p. 55],,,hajong:214:hajong_balachanda:1
hajong_chilapara,,kina,to buy,,kina,lexical-similarity-group:1,kim-ahmad-kim-sangma2011hajong[p. 55],,,hajong:215:hajong_chilapara:1
hajong_balachanda,,kina,to buy,,kina,lexical-similarity-group:1,kim-ahmad-kim-sangma2011hajong[p. 55],,,hajong:215:hajong_balachanda:1
hajong_gopalpur,,kini,to buy,,kini,lexical-similarity-group:1,kim-ahmad-kim-sangma2011hajong[p. 55],,,hajong:215:hajong_gopalpur:1
hajong_bhalukapara,,kini,to buy,,kini,lexical-similarity-group:1,kim-ahmad-kim-sangma2011hajong[p. 55],,,hajong:215:hajong_bhalukapara:1
hajong_nokshi,,kini,to buy,,kini,lexical-similarity-group:1,kim-ahmad-kim-sangma2011hajong[p. 55],,,hajong:215:hajong_nokshi:1
hajong_nirghini,,kini,to buy,,kini,lexical-similarity-group:1,kim-ahmad-kim-sangma2011hajong[p. 55],,,hajong:215:hajong_nirghini:1
hajong_dhamor,,kini,to buy,,kini,lexical-similarity-group:1,kim-ahmad-kim-sangma2011hajong[p. 55],,,hajong:215:hajong_dhamor:1
hajong_nugapara,,kinik,to buy,,kinik,lexical-similarity-group:1,kim-ahmad-kim-sangma2011hajong[p. 55],,,hajong:215:hajong_nugapara:1
hajong_dalugau,,kiniwa,to buy,,kiniwa,lexical-similarity-group:1,kim-ahmad-kim-sangma2011hajong[p. 55],,,hajong:215:hajong_dalugau:1
hajong_gopalbari,,kinɯ,to buy,,kinɯ,lexical-similarity-group:1,kim-ahmad-kim-sangma2011hajong[p. 55],,,hajong:215:hajong_gopalbari:1
hajong_chilapara,,betʃa,to sell,,betʃa,lexical-similarity-group:1,kim-ahmad-kim-sangma2011hajong[p. 55],,,hajong:216:hajong_chilapara:1
hajong_nirghini,,betʃa,to sell,,betʃa,lexical-similarity-group:1,kim-ahmad-kim-sangma2011hajong[p. 55],,,hajong:216:hajong_nirghini:1
hajong_balachanda,,betʃa,to sell,,betʃa,lexical-similarity-group:1,kim-ahmad-kim-sangma2011hajong[p. 55],,,hajong:216:hajong_balachanda:1
hajong_gopalpur,,biʃa,to sell,,biʃa,lexical-similarity-group:1,kim-ahmad-kim-sangma2011hajong[p. 55],,,hajong:216:hajong_gopalpur:1
hajong_bhalukapara,,biʃa,to sell,,biʃa,lexical-similarity-group:1,kim-ahmad-kim-sangma2011hajong[p. 55],,,hajong:216:hajong_bhalukapara:1
hajong_nokshi,,biʃa,to sell,,biʃa,lexical-similarity-group:1,kim-ahmad-kim-sangma2011hajong[p. 55],,,hajong:216:hajong_nokshi:1
hajong_gopalbari,,biʃaw,to sell,,biʃaw,lexical-similarity-group:1,kim-ahmad-kim-sangma2011hajong[p. 55],,,hajong:216:hajong_gopalbari:1
hajong_nugapara,,bitʃabo,to sell,,bitʃabo,lexical-similarity-group:1,kim-ahmad-kim-sangma2011hajong[p. 55],,,hajong:216:hajong_nugapara:1
hajong_dhamor,,bitʃabo,to sell,,bitʃabo,lexical-similarity-group:1,kim-ahmad-kim-sangma2011hajong[p. 55],,,hajong:216:hajong_dhamor:1
hajong_dalugau,,bitʃawa,to sell,,bitʃawa,lexical-similarity-group:1,kim-ahmad-kim-sangma2011hajong[p. 55],,,hajong:216:hajong_dalugau:1
hajong_dhamor,,tʃoɾi,to steal,,tʃoɾi,lexical-similarity-group:1,kim-ahmad-kim-sangma2011hajong[p. 56],,,hajong:217:hajong_dhamor:1
hajong_nugapara,,tʃoɾkoɾ,to steal,,tʃoɾkoɾ,lexical-similarity-group:1,kim-ahmad-kim-sangma2011hajong[p. 56],,,hajong:217:hajong_nugapara:1
hajong_gopalbari,,tʃoɾkoɾa,to steal,,tʃoɾkoɾa,lexical-similarity-group:1,kim-ahmad-kim-sangma2011hajong[p. 56],,,hajong:217:hajong_gopalbari:1
hajong_gopalpur,,tʃoɾkoɾa,to steal,,tʃoɾkoɾa,lexical-similarity-group:1,kim-ahmad-kim-sangma2011hajong[p. 56],,,hajong:217:hajong_gopalpur:1
hajong_bhalukapara,,tʃoɾkoɾa,to steal,,tʃoɾkoɾa,lexical-similarity-group:1,kim-ahmad-kim-sangma2011hajong[p. 56],,,hajong:217:hajong_bhalukapara:1
hajong_nokshi,,tʃoɾkoɾa,to steal,,tʃoɾkoɾa,lexical-similarity-group:1,kim-ahmad-kim-sangma2011hajong[p. 56],,,hajong:217:hajong_nokshi:1
hajong_dalugau,,tʃoɾkoɾa,to steal,,tʃoɾkoɾa,lexical-similarity-group:1,kim-ahmad-kim-sangma2011hajong[p. 56],,,hajong:217:hajong_dalugau:1
hajong_balachanda,,tʃoɾkoɾa,to steal,,tʃoɾkoɾa,lexical-similarity-group:1,kim-ahmad-kim-sangma2011hajong[p. 56],,,hajong:217:hajong_balachanda:1
hajong_chilapara,,tʃuɾkuɾa,to steal,,tʃuɾkuɾa,lexical-similarity-group:1,kim-ahmad-kim-sangma2011hajong[p. 56],,,hajong:217:hajong_chilapara:1
hajong_nirghini,,tʃuɾkuɾa,to steal,,tʃuɾkuɾa,lexical-similarity-group:1,kim-ahmad-kim-sangma2011hajong[p. 56],,,hajong:217:hajong_nirghini:1
hajong_nugapara,,tʃikau,"to lie, fib",,tʃikau,lexical-similarity-group:1,kim-ahmad-kim-sangma2011hajong[p. 56],,,hajong:218:hajong_nugapara:1
hajong_nokshi,,pʰatɾa,"to lie, fib",,pʰatɾa,lexical-similarity-group:2,kim-ahmad-kim-sangma2011hajong[p. 56],,,hajong:218:hajong_nokshi:1
hajong_chilapara,,pʰatɾa,"to lie, fib",,pʰatɾa,lexical-similarity-group:2,kim-ahmad-kim-sangma2011hajong[p. 56],,,hajong:218:hajong_chilapara:1
hajong_dalugau,,pʰatɾa,"to lie, fib",,pʰatɾa,lexical-similarity-group:2,kim-ahmad-kim-sangma2011hajong[p. 56],,,hajong:218:hajong_dalugau:1
hajong_balachanda,,pʰatɾa,"to lie, fib",,pʰatɾa,lexical-similarity-group:2,kim-ahmad-kim-sangma2011hajong[p. 56],,,hajong:218:hajong_balachanda:1
hajong_dhamor,,pʰatɾa,"to lie, fib",,pʰatɾa,lexical-similarity-group:2,kim-ahmad-kim-sangma2011hajong[p. 56],,,hajong:218:hajong_dhamor:1
hajong_gopalpur,,miʃɯ,"to lie, fib",,miʃɯ,lexical-similarity-group:3,kim-ahmad-kim-sangma2011hajong[p. 56],,,hajong:218:hajong_gopalpur:1
hajong_bhalukapara,,miʃɯ,"to lie, fib",,miʃɯ,lexical-similarity-group:3,kim-ahmad-kim-sangma2011hajong[p. 56],,,hajong:218:hajong_bhalukapara:1
hajong_nirghini,,misa,"to lie, fib",,misa,lexical-similarity-group:3,kim-ahmad-kim-sangma2011hajong[p. 56],,,hajong:218:hajong_nirghini:1
hajong_dalugau,,misakota,"to lie, fib",,misakota,lexical-similarity-group:3,kim-ahmad-kim-sangma2011hajong[p. 56],,,hajong:218:hajong_dalugau:2
hajong_gopalbari,,mitʰɯ,"to lie, fib",,mitʰɯ,lexical-similarity-group:3,kim-ahmad-kim-sangma2011hajong[p. 56],,,hajong:218:hajong_gopalbari:1
hajong_gopalbari,,mitʰɯ,"to lie, fib",,mitʰɯ,lexical-similarity-group:4,kim-ahmad-kim-sangma2011hajong[p. 56],,,hajong:218:hajong_gopalbari:2
hajong_gopalpur,,ne,to take,,ne,lexical-similarity-group:1,kim-ahmad-kim-sangma2011hajong[p. 56],,,hajong:219:hajong_gopalpur:1
hajong_bhalukapara,,ne,to take,,ne,lexical-similarity-group:1,kim-ahmad-kim-sangma2011hajong[p. 56],,,hajong:219:hajong_bhalukapara:1
hajong_dalugau,,newa,to take,,newa,lexical-similarity-group:1,kim-ahmad-kim-sangma2011hajong[p. 56],,,hajong:219:hajong_dalugau:1
hajong_dhamor,,newa,to take,,newa,lexical-similarity-group:1,kim-ahmad-kim-sangma2011hajong[p. 56],,,hajong:219:hajong_dhamor:1
hajong_nugapara,,nibo,to take,,nibo,lexical-similarity-group:1,kim-ahmad-kim-sangma2011hajong[p. 56],,,hajong:219:hajong_nugapara:1
hajong_gopalbari,,niwa,to take,,niwa,lexical-similarity-group:1,kim-ahmad-kim-sangma2011hajong[p. 56],,,hajong:219:hajong_gopalbari:1
hajong_nokshi,,niwa,to take,,niwa,lexical-similarity-group:1,kim-ahmad-kim-sangma2011hajong[p. 56],,,hajong:219:hajong_nokshi:1
hajong_chilapara,,niwa,to take,,niwa,lexical-similarity-group:1,kim-ahmad-kim-sangma2011hajong[p. 56],,,hajong:219:hajong_chilapara:1
hajong_balachanda,,niwa,to take,,niwa,lexical-similarity-group:1,kim-ahmad-kim-sangma2011hajong[p. 56],,,hajong:219:hajong_balachanda:1
hajong_dhamor,,anik,to take,,anik,lexical-similarity-group:2,kim-ahmad-kim-sangma2011hajong[p. 56],,,hajong:219:hajong_dhamor:2
hajong_gopalpur,,dewa,to give,,dewa,lexical-similarity-group:1,kim-ahmad-kim-sangma2011hajong[p. 56],,,hajong:220:hajong_gopalpur:1
hajong_dalugau,,dewa,to give,,dewa,lexical-similarity-group:1,kim-ahmad-kim-sangma2011hajong[p. 56],,,hajong:220:hajong_dalugau:1
hajong_balachanda,,dewa,to give,,dewa,lexical-similarity-group:1,kim-ahmad-kim-sangma2011hajong[p. 56],,,hajong:220:hajong_balachanda:1
hajong_gopalbari,,di,to give,,di,lexical-similarity-group:1,kim-ahmad-kim-sangma2011hajong[p. 56],,,hajong:220:hajong_gopalbari:1
hajong_bhalukapara,,di,to give,,di,lexical-similarity-group:1,kim-ahmad-kim-sangma2011hajong[p. 56],,,hajong:220:hajong_bhalukapara:1
hajong_nokshi,,di,to give,,di,lexical-similarity-group:1,kim-ahmad-kim-sangma2011hajong[p. 56],,,hajong:220:hajong_nokshi:1
hajong_nugapara,,di,to give,,di,lexical-similarity-group:1,kim-ahmad-kim-sangma2011hajong[p. 56],,,hajong:220:hajong_nugapara:1
hajong_nirghini,,di,to give,,di,lexical-similarity-group:1,kim-ahmad-kim-sangma2011hajong[p. 56],,,hajong:220:hajong_nirghini:1
hajong_chilapara,,diwa,to give,,diwa,lexical-similarity-group:1,kim-ahmad-kim-sangma2011hajong[p. 56],,,hajong:220:hajong_chilapara:1
hajong_dhamor,,diwa,to give,,diwa,lexical-similarity-group:1,kim-ahmad-kim-sangma2011hajong[p. 56],,,hajong:220:hajong_dhamor:1
hajong_nirghini,,maɾa,to kill,,maɾa,lexical-similarity-group:1,kim-ahmad-kim-sangma2011hajong[p. 56],,,hajong:221:hajong_nirghini:1
hajong_balachanda,,maɾa,to kill,,maɾa,lexical-similarity-group:1,kim-ahmad-kim-sangma2011hajong[p. 56],,,hajong:221:hajong_balachanda:1
hajong_dhamor,,maɾa,to kill,,maɾa,lexical-similarity-group:1,kim-ahmad-kim-sangma2011hajong[p. 56],,,hajong:221:hajong_dhamor:1
hajong_gopalbari,,maɾek,to kill,,maɾek,lexical-similarity-group:1,kim-ahmad-kim-sangma2011hajong[p. 56],,,hajong:221:hajong_gopalbari:1
hajong_nugapara,,maɾek,to kill,,maɾek,lexical-similarity-group:1,kim-ahmad-kim-sangma2011hajong[p. 56],,,hajong:221:hajong_nugapara:1
hajong_bhalukapara,,maɾiwa,to kill,,maɾiwa,lexical-similarity-group:1,kim-ahmad-kim-sangma2011hajong[p. 56],,,hajong:221:hajong_bhalukapara:1
hajong_dalugau,,maɾiwa,to kill,,maɾiwa,lexical-similarity-group:1,kim-ahmad-kim-sangma2011hajong[p. 56],,,hajong:221:hajong_dalugau:1
hajong_chilapara,,muɾa,to kill,,muɾa,lexical-similarity-group:1,kim-ahmad-kim-sangma2011hajong[p. 56],,,hajong:221:hajong_chilapara:1
hajong_gopalpur,,mɯr,to kill,,mɯr,lexical-similarity-group:2,kim-ahmad-kim-sangma2011hajong[p. 56],,,hajong:221:hajong_gopalpur:1
hajong_chilapara,,muɾa,to kill,,muɾa,lexical-similarity-group:2,kim-ahmad-kim-sangma2011hajong[p. 56],,,hajong:221:hajong_chilapara:2
hajong_gopalbari,,moɾa,to die,,moɾa,lexical-similarity-group:1,kim-ahmad-kim-sangma2011hajong[p. 56],,,hajong:222:hajong_gopalbari:1
hajong_chilapara,,moɾa,to die,,moɾa,lexical-similarity-group:1,kim-ahmad-kim-sangma2011hajong[p. 56],,,hajong:222:hajong_chilapara:1
hajong_nirghini,,moɾa,to die,,moɾa,lexical-similarity-group:1,kim-ahmad-kim-sangma2011hajong[p. 56],,,hajong:222:hajong_nirghini:1
hajong_balachanda,,moɾa,to die,,moɾa,lexical-similarity-group:1,kim-ahmad-kim-sangma2011hajong[p. 56],,,hajong:222:hajong_balachanda:1
hajong_dhamor,,moɾa,to die,,moɾa,lexical-similarity-group:1,kim-ahmad-kim-sangma2011hajong[p. 56],,,hajong:222:hajong_dhamor:1
hajong_nugapara,,muɾek,to die,,muɾek,lexical-similarity-group:1,kim-ahmad-kim-sangma2011hajong[p. 56],,,hajong:222:hajong_nugapara:1
hajong_gopalpur,,muɾiwa,to die,,muɾiwa,lexical-similarity-group:1,kim-ahmad-kim-sangma2011hajong[p. 56],,,hajong:222:hajong_gopalpur:1
hajong_bhalukapara,,muɾiwa,to die,,muɾiwa,lexical-similarity-group:1,kim-ahmad-kim-sangma2011hajong[p. 56],,,hajong:222:hajong_bhalukapara:1
hajong_nokshi,,muɾiwa,to die,,muɾiwa,lexical-similarity-group:1,kim-ahmad-kim-sangma2011hajong[p. 56],,,hajong:222:hajong_nokshi:1
hajong_dalugau,,muɾiwa,to die,,muɾiwa,lexical-similarity-group:1,kim-ahmad-kim-sangma2011hajong[p. 56],,,hajong:222:hajong_dalugau:1
hajong_nugapara,,majakoɾ,to love,,majakoɾ,lexical-similarity-group:1,kim-ahmad-kim-sangma2011hajong[p. 56],,,hajong:223:hajong_nugapara:1
hajong_dhamor,,bʰalapai,to love,,bʰalapai,lexical-similarity-group:2,kim-ahmad-kim-sangma2011hajong[p. 56],,,hajong:223:hajong_dhamor:1
hajong_balachanda,,bʰalapowa,to love,,bʰalapowa,lexical-similarity-group:2,kim-ahmad-kim-sangma2011hajong[p. 56],,,hajong:223:hajong_balachanda:1
hajong_chilapara,,bʰalapua,to love,,bʰalapua,lexical-similarity-group:2,kim-ahmad-kim-sangma2011hajong[p. 56],,,hajong:223:hajong_chilapara:1
hajong_nirghini,,bʰalapua,to love,,bʰalapua,lexical-similarity-group:2,kim-ahmad-kim-sangma2011hajong[p. 56],,,hajong:223:hajong_nirghini:1
hajong_dalugau,,bʰalapua,to love,,bʰalapua,lexical-similarity-group:2,kim-ahmad-kim-sangma2011hajong[p. 56],,,hajong:223:hajong_dalugau:1
hajong_dhamor,,monkʰawa,to love,,monkʰawa,lexical-similarity-group:3,kim-ahmad-kim-sangma2011hajong[p. 56],,,hajong:223:hajong_dhamor:2
hajong_nugapara,,nitʰadekʰek,to hate,,nitʰadekʰek,lexical-similarity-group:1,kim-ahmad-kim-sangma2011hajong[p. 56],,,hajong:224:hajong_nugapara:1
hajong_chilapara,,kʰeda,to hate,,kʰeda,lexical-similarity-group:2,kim-ahmad-kim-sangma2011hajong[p. 56],,,hajong:224:hajong_chilapara:1
hajong_nirghini,,kʰaɾap,to hate,,kʰaɾap,lexical-similarity-group:3,kim-ahmad-kim-sangma2011hajong[p. 56],,,hajong:224:hajong_nirghini:1
hajong_dhamor,,ɡʰina,to hate,,ɡʰina,lexical-similarity-group:4,kim-ahmad-kim-sangma2011hajong[p. 56],,,hajong:224:hajong_dhamor:1
hajong_balachanda,,ɡʰinkuɾa,to hate,,ɡʰinkuɾa,lexical-similarity-group:4,kim-ahmad-kim-sangma2011hajong[p. 56],,,hajong:224:hajong_balachanda:1
hajong_dalugau,,ɡʰinpowa,to hate,,ɡʰinpowa,lexical-similarity-group:4,kim-ahmad-kim-sangma2011hajong[p. 56],,,hajong:224:hajong_dalugau:1
hajong_gopalbari,,ɡinɯ,to hate,,ɡinɯ,lexical-similarity-group:4,kim-ahmad-kim-sangma2011hajong[p. 56],,,hajong:224:hajong_gopalbari:1
hajong_gopalpur,,ɡinɯ,to hate,,ɡinɯ,lexical-similarity-group:4,kim-ahmad-kim-sangma2011hajong[p. 56],,,hajong:224:hajong_gopalpur:1
hajong_nokshi,,ɡinɯ,to hate,,ɡinɯ,lexical-similarity-group:4,kim-ahmad-kim-sangma2011hajong[p. 56],,,hajong:224:hajong_nokshi:1
hajong_dhamor,,ɡʰina,to hate,,ɡʰina,lexical-similarity-group:5,kim-ahmad-kim-sangma2011hajong[p. 56],,,hajong:224:hajong_dhamor:2
hajong_bhalukapara,,hiŋtʃɯ,to hate,,hiŋtʃɯ,lexical-similarity-group:6,kim-ahmad-kim-sangma2011hajong[p. 56],,,hajong:224:hajong_bhalukapara:1
hajong_gopalbari,,ek,one,,ek,lexical-similarity-group:1,kim-ahmad-kim-sangma2011hajong[p. 56],,,hajong:225:hajong_gopalbari:1
hajong_gopalpur,,ek,one,,ek,lexical-similarity-group:1,kim-ahmad-kim-sangma2011hajong[p. 56],,,hajong:225:hajong_gopalpur:1
hajong_bhalukapara,,ek,one,,ek,lexical-similarity-group:1,kim-ahmad-kim-sangma2011hajong[p. 56],,,hajong:225:hajong_bhalukapara:1
hajong_nokshi,,ek,one,,ek,lexical-similarity-group:1,kim-ahmad-kim-sangma2011hajong[p. 56],,,hajong:225:hajong_nokshi:1
hajong_nugapara,,ek,one,,ek,lexical-similarity-group:1,kim-ahmad-kim-sangma2011hajong[p. 56],,,hajong:225:hajong_nugapara:1
hajong_chilapara,,ek,one,,ek,lexical-similarity-group:1,kim-ahmad-kim-sangma2011hajong[p. 56],,,hajong:225:hajong_chilapara:1
hajong_nirghini,,ek,one,,ek,lexical-similarity-group:1,kim-ahmad-kim-sangma2011hajong[p. 56],,,hajong:225:hajong_nirghini:1
hajong_dalugau,,ek,one,,ek,lexical-similarity-group:1,kim-ahmad-kim-sangma2011hajong[p. 56],,,hajong:225:hajong_dalugau:1
hajong_balachanda,,ek,one,,ek,lexical-similarity-group:1,kim-ahmad-kim-sangma2011hajong[p. 56],,,hajong:225:hajong_balachanda:1
hajong_dhamor,,ek,one,,ek,lexical-similarity-group:1,kim-ahmad-kim-sangma2011hajong[p. 56],,,hajong:225:hajong_dhamor:1
hajong_nugapara,,dui,two,,dui,lexical-similarity-group:1,kim-ahmad-kim-sangma2011hajong[p. 56],,,hajong:226:hajong_nugapara:1
hajong_chilapara,,dui,two,,dui,lexical-similarity-group:1,kim-ahmad-kim-sangma2011hajong[p. 56],,,hajong:226:hajong_chilapara:1
hajong_nirghini,,dui,two,,dui,lexical-similarity-group:1,kim-ahmad-kim-sangma2011hajong[p. 56],,,hajong:226:hajong_nirghini:1
hajong_dalugau,,dui,two,,dui,lexical-similarity-group:1,kim-ahmad-kim-sangma2011hajong[p. 56],,,hajong:226:hajong_dalugau:1
hajong_balachanda,,dui,two,,dui,lexical-similarity-group:1,kim-ahmad-kim-sangma2011hajong[p. 56],,,hajong:226:hajong_balachanda:1
hajong_dhamor,,dui,two,,dui,lexical-similarity-group:1,kim-ahmad-kim-sangma2011hajong[p. 56],,,hajong:226:hajong_dhamor:1
hajong_gopalbari,,dui̯,two,,dui̯,lexical-similarity-group:1,kim-ahmad-kim-sangma2011hajong[p. 56],,,hajong:226:hajong_gopalbari:1
hajong_gopalpur,,dui̯,two,,dui̯,lexical-similarity-group:1,kim-ahmad-kim-sangma2011hajong[p. 56],,,hajong:226:hajong_gopalpur:1
hajong_bhalukapara,,dui̯,two,,dui̯,lexical-similarity-group:1,kim-ahmad-kim-sangma2011hajong[p. 56],,,hajong:226:hajong_bhalukapara:1
hajong_nokshi,,dui̯,two,,dui̯,lexical-similarity-group:1,kim-ahmad-kim-sangma2011hajong[p. 56],,,hajong:226:hajong_nokshi:1
hajong_gopalbari,,tɪn,three,,tɪn,lexical-similarity-group:1,kim-ahmad-kim-sangma2011hajong[p. 56],,,hajong:227:hajong_gopalbari:1
hajong_gopalpur,,tɪn,three,,tɪn,lexical-similarity-group:1,kim-ahmad-kim-sangma2011hajong[p. 56],,,hajong:227:hajong_gopalpur:1
hajong_bhalukapara,,tɪn,three,,tɪn,lexical-similarity-group:1,kim-ahmad-kim-sangma2011hajong[p. 56],,,hajong:227:hajong_bhalukapara:1
hajong_nokshi,,tɪn,three,,tɪn,lexical-similarity-group:1,kim-ahmad-kim-sangma2011hajong[p. 56],,,hajong:227:hajong_nokshi:1
hajong_nugapara,,tin,three,,tin,lexical-similarity-group:1,kim-ahmad-kim-sangma2011hajong[p. 56],,,hajong:227:hajong_nugapara:1
hajong_chilapara,,tin,three,,tin,lexical-similarity-group:1,kim-ahmad-kim-sangma2011hajong[p. 56],,,hajong:227:hajong_chilapara:1
hajong_nirghini,,tin,three,,tin,lexical-similarity-group:1,kim-ahmad-kim-sangma2011hajong[p. 56],,,hajong:227:hajong_nirghini:1
hajong_dalugau,,tin,three,,tin,lexical-similarity-group:1,kim-ahmad-kim-sangma2011hajong[p. 56],,,hajong:227:hajong_dalugau:1
hajong_balachanda,,tin,three,,tin,lexical-similarity-group:1,kim-ahmad-kim-sangma2011hajong[p. 56],,,hajong:227:hajong_balachanda:1
hajong_dhamor,,tin,three,,tin,lexical-similarity-group:1,kim-ahmad-kim-sangma2011hajong[p. 56],,,hajong:227:hajong_dhamor:1
hajong_gopalbari,,tʃɯr,four,,tʃɯr,lexical-similarity-group:1,kim-ahmad-kim-sangma2011hajong[p. 56],,,hajong:228:hajong_gopalbari:1
hajong_gopalpur,,tʃɯr,four,,tʃɯr,lexical-similarity-group:1,kim-ahmad-kim-sangma2011hajong[p. 56],,,hajong:228:hajong_gopalpur:1
hajong_bhalukapara,,tʃɯr,four,,tʃɯr,lexical-similarity-group:1,kim-ahmad-kim-sangma2011hajong[p. 56],,,hajong:228:hajong_bhalukapara:1
hajong_nokshi,,tʃɯr,four,,tʃɯr,lexical-similarity-group:1,kim-ahmad-kim-sangma2011hajong[p. 56],,,hajong:228:hajong_nokshi:1
hajong_nugapara,,tʃar,four,,tʃar,lexical-similarity-group:1,kim-ahmad-kim-sangma2011hajong[p. 56],,,hajong:228:hajong_nugapara:1
hajong_dalugau,,tʃar,four,,tʃar,lexical-similarity-group:1,kim-ahmad-kim-sangma2011hajong[p. 56],,,hajong:228:hajong_dalugau:1
hajong_balachanda,,tʃar,four,,tʃar,lexical-similarity-group:1,kim-ahmad-kim-sangma2011hajong[p. 56],,,hajong:228:hajong_balachanda:1
hajong_dhamor,,tʃar,four,,tʃar,lexical-similarity-group:1,kim-ahmad-kim-sangma2011hajong[p. 56],,,hajong:228:hajong_dhamor:1
hajong_chilapara,,tʃaɾi,four,,tʃaɾi,lexical-similarity-group:1,kim-ahmad-kim-sangma2011hajong[p. 56],,,hajong:228:hajong_chilapara:1
hajong_nirghini,,tʃaɾi,four,,tʃaɾi,lexical-similarity-group:1,kim-ahmad-kim-sangma2011hajong[p. 56],,,hajong:228:hajong_nirghini:1
hajong_nugapara,,pas,five,,pas,lexical-similarity-group:1,kim-ahmad-kim-sangma2011hajong[p. 57],,,hajong:229:hajong_nugapara:1
hajong_chilapara,,pas,five,,pas,lexical-similarity-group:1,kim-ahmad-kim-sangma2011hajong[p. 57],,,hajong:229:hajong_chilapara:1
hajong_nirghini,,pas,five,,pas,lexical-similarity-group:1,kim-ahmad-kim-sangma2011hajong[p. 57],,,hajong:229:hajong_nirghini:1
hajong_dalugau,,pas,five,,pas,lexical-similarity-group:1,kim-ahmad-kim-sangma2011hajong[p. 57],,,hajong:229:hajong_dalugau:1
hajong_balachanda,,pas,five,,pas,lexical-similarity-group:1,kim-ahmad-kim-sangma2011hajong[p. 57],,,hajong:229:hajong_balachanda:1
hajong_dhamor,,pas,five,,pas,lexical-similarity-group:1,kim-ahmad-kim-sangma2011hajong[p. 57],,,hajong:229:hajong_dhamor:1
hajong_gopalbari,,patʃ,five,,patʃ,lexical-similarity-group:2,kim-ahmad-kim-sangma2011hajong[p. 57],,,hajong:229:hajong_gopalbari:1
hajong_gopalpur,,patʃ,five,,patʃ,lexical-similarity-group:2,kim-ahmad-kim-sangma2011hajong[p. 57],,,hajong:229:hajong_gopalpur:1
hajong_bhalukapara,,patʃ,five,,patʃ,lexical-similarity-group:2,kim-ahmad-kim-sangma2011hajong[p. 57],,,hajong:229:hajong_bhalukapara:1
hajong_nokshi,,patʃ,five,,patʃ,lexical-similarity-group:2,kim-ahmad-kim-sangma2011hajong[p. 57],,,hajong:229:hajong_nokshi:1
hajong_gopalbari,,tʃʰɔi̯,six,,tʃʰɔi̯,lexical-similarity-group:1,kim-ahmad-kim-sangma2011hajong[p. 57],,,hajong:230:hajong_gopalbari:1
hajong_gopalpur,,tʃʰɔi̯,six,,tʃʰɔi̯,lexical-similarity-group:1,kim-ahmad-kim-sangma2011hajong[p. 57],,,hajong:230:hajong_gopalpur:1
hajong_bhalukapara,,tʃʰɔi̯,six,,tʃʰɔi̯,lexical-similarity-group:1,kim-ahmad-kim-sangma2011hajong[p. 57],,,hajong:230:hajong_bhalukapara:1
hajong_nokshi,,tʃʰɔi̯,six,,tʃʰɔi̯,lexical-similarity-group:1,kim-ahmad-kim-sangma2011hajong[p. 57],,,hajong:230:hajong_nokshi:1
hajong_nugapara,,tʃoi,six,,tʃoi,lexical-similarity-group:1,kim-ahmad-kim-sangma2011hajong[p. 57],,,hajong:230:hajong_nugapara:1
hajong_chilapara,,tʃoi,six,,tʃoi,lexical-similarity-group:1,kim-ahmad-kim-sangma2011hajong[p. 57],,,hajong:230:hajong_chilapara:1
hajong_nirghini,,tʃoi,six,,tʃoi,lexical-similarity-group:1,kim-ahmad-kim-sangma2011hajong[p. 57],,,hajong:230:hajong_nirghini:1
hajong_dalugau,,tʃoi,six,,tʃoi,lexical-similarity-group:1,kim-ahmad-kim-sangma2011hajong[p. 57],,,hajong:230:hajong_dalugau:1
hajong_balachanda,,tʃoi,six,,tʃoi,lexical-similarity-group:1,kim-ahmad-kim-sangma2011hajong[p. 57],,,hajong:230:hajong_balachanda:1
hajong_dhamor,,tʃoi,six,,tʃoi,lexical-similarity-group:1,kim-ahmad-kim-sangma2011hajong[p. 57],,,hajong:230:hajong_dhamor:1
hajong_gopalbari,,ʃat,seven,,ʃat,lexical-similarity-group:1,kim-ahmad-kim-sangma2011hajong[p. 57],,,hajong:231:hajong_gopalbari:1
hajong_gopalpur,,ʃat,seven,,ʃat,lexical-similarity-group:1,kim-ahmad-kim-sangma2011hajong[p. 57],,,hajong:231:hajong_gopalpur:1
hajong_bhalukapara,,ʃat,seven,,ʃat,lexical-similarity-group:1,kim-ahmad-kim-sangma2011hajong[p. 57],,,hajong:231:hajong_bhalukapara:1
hajong_nokshi,,ʃat,seven,,ʃat,lexical-similarity-group:1,kim-ahmad-kim-sangma2011hajong[p. 57],,,hajong:231:hajong_nokshi:1
hajong_nugapara,,sat,seven,,sat,lexical-similarity-group:1,kim-ahmad-kim-sangma2011hajong[p. 57],,,hajong:231:hajong_nugapara:1
hajong_chilapara,,sat,seven,,sat,lexical-similarity-group:1,kim-ahmad-kim-sangma2011hajong[p. 57],,,hajong:231:hajong_chilapara:1
hajong_nirghini,,sat,seven,,sat,lexical-similarity-group:1,kim-ahmad-kim-sangma2011hajong[p. 57],,,hajong:231:hajong_nirghini:1
hajong_dalugau,,sat,seven,,sat,lexical-similarity-group:1,kim-ahmad-kim-sangma2011hajong[p. 57],,,hajong:231:hajong_dalugau:1
hajong_balachanda,,sat,seven,,sat,lexical-similarity-group:1,kim-ahmad-kim-sangma2011hajong[p. 57],,,hajong:231:hajong_balachanda:1
hajong_dhamor,,sat,seven,,sat,lexical-similarity-group:1,kim-ahmad-kim-sangma2011hajong[p. 57],,,hajong:231:hajong_dhamor:1
hajong_nugapara,,at,eight,,at,lexical-similarity-group:1,kim-ahmad-kim-sangma2011hajong[p. 57],,,hajong:232:hajong_nugapara:1
hajong_chilapara,,at,eight,,at,lexical-similarity-group:1,kim-ahmad-kim-sangma2011hajong[p. 57],,,hajong:232:hajong_chilapara:1
hajong_nirghini,,at,eight,,at,lexical-similarity-group:1,kim-ahmad-kim-sangma2011hajong[p. 57],,,hajong:232:hajong_nirghini:1
hajong_dalugau,,at,eight,,at,lexical-similarity-group:1,kim-ahmad-kim-sangma2011hajong[p. 57],,,hajong:232:hajong_dalugau:1
hajong_balachanda,,at,eight,,at,lexical-similarity-group:1,kim-ahmad-kim-sangma2011hajong[p. 57],,,hajong:232:hajong_balachanda:1
hajong_dhamor,,at,eight,,at,lexical-similarity-group:1,kim-ahmad-kim-sangma2011hajong[p. 57],,,hajong:232:hajong_dhamor:1
hajong_gopalbari,,aʈ,eight,,aʈ,lexical-similarity-group:1,kim-ahmad-kim-sangma2011hajong[p. 57],,,hajong:232:hajong_gopalbari:1
hajong_gopalpur,,aʈ,eight,,aʈ,lexical-similarity-group:1,kim-ahmad-kim-sangma2011hajong[p. 57],,,hajong:232:hajong_gopalpur:1
hajong_bhalukapara,,aʈ,eight,,aʈ,lexical-similarity-group:1,kim-ahmad-kim-sangma2011hajong[p. 57],,,hajong:232:hajong_bhalukapara:1
hajong_nokshi,,aʈ,eight,,aʈ,lexical-similarity-group:1,kim-ahmad-kim-sangma2011hajong[p. 57],,,hajong:232:hajong_nokshi:1
hajong_gopalbari,,nɔi̯,nine,,nɔi̯,lexical-similarity-group:1,kim-ahmad-kim-sangma2011hajong[p. 57],,,hajong:233:hajong_gopalbari:1
hajong_gopalpur,,nɔi̯,nine,,nɔi̯,lexical-similarity-group:1,kim-ahmad-kim-sangma2011hajong[p. 57],,,hajong:233:hajong_gopalpur:1
hajong_bhalukapara,,nɔi̯,nine,,nɔi̯,lexical-similarity-group:1,kim-ahmad-kim-sangma2011hajong[p. 57],,,hajong:233:hajong_bhalukapara:1
hajong_nokshi,,nɔi̯,nine,,nɔi̯,lexical-similarity-group:1,kim-ahmad-kim-sangma2011hajong[p. 57],,,hajong:233:hajong_nokshi:1
hajong_nugapara,,noi,nine,,noi,lexical-similarity-group:1,kim-ahmad-kim-sangma2011hajong[p. 57],,,hajong:233:hajong_nugapara:1
hajong_chilapara,,noi,nine,,noi,lexical-similarity-group:1,kim-ahmad-kim-sangma2011hajong[p. 57],,,hajong:233:hajong_chilapara:1
hajong_nirghini,,noi,nine,,noi,lexical-similarity-group:1,kim-ahmad-kim-sangma2011hajong[p. 57],,,hajong:233:hajong_nirghini:1
hajong_dalugau,,noi,nine,,noi,lexical-similarity-group:1,kim-ahmad-kim-sangma2011hajong[p. 57],,,hajong:233:hajong_dalugau:1
hajong_balachanda,,noi,nine,,noi,lexical-similarity-group:1,kim-ahmad-kim-sangma2011hajong[p. 57],,,hajong:233:hajong_balachanda:1
hajong_dhamor,,noi,nine,,noi,lexical-similarity-group:1,kim-ahmad-kim-sangma2011hajong[p. 57],,,hajong:233:hajong_dhamor:1
hajong_gopalbari,,dɔʃ,ten,,dɔʃ,lexical-similarity-group:1,kim-ahmad-kim-sangma2011hajong[p. 57],,,hajong:234:hajong_gopalbari:1
hajong_gopalpur,,dɔʃ,ten,,dɔʃ,lexical-similarity-group:1,kim-ahmad-kim-sangma2011hajong[p. 57],,,hajong:234:hajong_gopalpur:1
hajong_bhalukapara,,dɔʃ,ten,,dɔʃ,lexical-similarity-group:1,kim-ahmad-kim-sangma2011hajong[p. 57],,,hajong:234:hajong_bhalukapara:1
hajong_nokshi,,dɔʃ,ten,,dɔʃ,lexical-similarity-group:1,kim-ahmad-kim-sangma2011hajong[p. 57],,,hajong:234:hajong_nokshi:1
hajong_nugapara,,dos,ten,,dos,lexical-similarity-group:1,kim-ahmad-kim-sangma2011hajong[p. 57],,,hajong:234:hajong_nugapara:1
hajong_chilapara,,dos,ten,,dos,lexical-similarity-group:1,kim-ahmad-kim-sangma2011hajong[p. 57],,,hajong:234:hajong_chilapara:1
hajong_nirghini,,dos,ten,,dos,lexical-similarity-group:1,kim-ahmad-kim-sangma2011hajong[p. 57],,,hajong:234:hajong_nirghini:1
hajong_dalugau,,dos,ten,,dos,lexical-similarity-group:1,kim-ahmad-kim-sangma2011hajong[p. 57],,,hajong:234:hajong_dalugau:1
hajong_balachanda,,dos,ten,,dos,lexical-similarity-group:1,kim-ahmad-kim-sangma2011hajong[p. 57],,,hajong:234:hajong_balachanda:1
hajong_dhamor,,dos,ten,,dos,lexical-similarity-group:1,kim-ahmad-kim-sangma2011hajong[p. 57],,,hajong:234:hajong_dhamor:1
hajong_nugapara,,eɡaɾo,eleven,,eɡaɾo,lexical-similarity-group:1,kim-ahmad-kim-sangma2011hajong[p. 57],,,hajong:235:hajong_nugapara:1
hajong_chilapara,,eɡaɾo,eleven,,eɡaɾo,lexical-similarity-group:1,kim-ahmad-kim-sangma2011hajong[p. 57],,,hajong:235:hajong_chilapara:1
hajong_nirghini,,eɡaɾo,eleven,,eɡaɾo,lexical-similarity-group:1,kim-ahmad-kim-sangma2011hajong[p. 57],,,hajong:235:hajong_nirghini:1
hajong_dalugau,,eɡaɾo,eleven,,eɡaɾo,lexical-similarity-group:1,kim-ahmad-kim-sangma2011hajong[p. 57],,,hajong:235:hajong_dalugau:1
hajong_balachanda,,eɡaɾo,eleven,,eɡaɾo,lexical-similarity-group:1,kim-ahmad-kim-sangma2011hajong[p. 57],,,hajong:235:hajong_balachanda:1
hajong_dhamor,,eɡaɾo,eleven,,eɡaɾo,lexical-similarity-group:1,kim-ahmad-kim-sangma2011hajong[p. 57],,,hajong:235:hajong_dhamor:1
hajong_gopalbari,,iɡaɾo,eleven,,iɡaɾo,lexical-similarity-group:1,kim-ahmad-kim-sangma2011hajong[p. 57],,,hajong:235:hajong_gopalbari:1
hajong_gopalpur,,iɡaɾo,eleven,,iɡaɾo,lexical-similarity-group:1,kim-ahmad-kim-sangma2011hajong[p. 57],,,hajong:235:hajong_gopalpur:1
hajong_bhalukapara,,iɡaɾo,eleven,,iɡaɾo,lexical-similarity-group:1,kim-ahmad-kim-sangma2011hajong[p. 57],,,hajong:235:hajong_bhalukapara:1
hajong_nokshi,,iɡaɾo,eleven,,iɡaɾo,lexical-similarity-group:1,kim-ahmad-kim-sangma2011hajong[p. 57],,,hajong:235:hajong_nokshi:1
hajong_gopalbari,,baɾo,twelve,,baɾo,lexical-similarity-group:1,kim-ahmad-kim-sangma2011hajong[p. 57],,,hajong:236:hajong_gopalbari:1
hajong_gopalpur,,baɾo,twelve,,baɾo,lexical-similarity-group:1,kim-ahmad-kim-sangma2011hajong[p. 57],,,hajong:236:hajong_gopalpur:1
hajong_bhalukapara,,baɾo,twelve,,baɾo,lexical-similarity-group:1,kim-ahmad-kim-sangma2011hajong[p. 57],,,hajong:236:hajong_bhalukapara:1
hajong_nokshi,,baɾo,twelve,,baɾo,lexical-similarity-group:1,kim-ahmad-kim-sangma2011hajong[p. 57],,,hajong:236:hajong_nokshi:1
hajong_nugapara,,baɾo,twelve,,baɾo,lexical-similarity-group:1,kim-ahmad-kim-sangma2011hajong[p. 57],,,hajong:236:hajong_nugapara:1
hajong_chilapara,,baɾo,twelve,,baɾo,lexical-similarity-group:1,kim-ahmad-kim-sangma2011hajong[p. 57],,,hajong:236:hajong_chilapara:1
hajong_nirghini,,baɾo,twelve,,baɾo,lexical-similarity-group:1,kim-ahmad-kim-sangma2011hajong[p. 57],,,hajong:236:hajong_nirghini:1
hajong_dalugau,,baɾo,twelve,,baɾo,lexical-similarity-group:1,kim-ahmad-kim-sangma2011hajong[p. 57],,,hajong:236:hajong_dalugau:1
hajong_balachanda,,baɾo,twelve,,baɾo,lexical-similarity-group:1,kim-ahmad-kim-sangma2011hajong[p. 57],,,hajong:236:hajong_balachanda:1
hajong_dhamor,,baɾo,twelve,,baɾo,lexical-similarity-group:1,kim-ahmad-kim-sangma2011hajong[p. 57],,,hajong:236:hajong_dhamor:1
hajong_nugapara,,bis,twenty,,bis,lexical-similarity-group:1,kim-ahmad-kim-sangma2011hajong[p. 57],,,hajong:237:hajong_nugapara:1
hajong_chilapara,,bis,twenty,,bis,lexical-similarity-group:1,kim-ahmad-kim-sangma2011hajong[p. 57],,,hajong:237:hajong_chilapara:1
hajong_nirghini,,bis,twenty,,bis,lexical-similarity-group:1,kim-ahmad-kim-sangma2011hajong[p. 57],,,hajong:237:hajong_nirghini:1
hajong_dalugau,,bis,twenty,,bis,lexical-similarity-group:1,kim-ahmad-kim-sangma2011hajong[p. 57],,,hajong:237:hajong_dalugau:1
hajong_balachanda,,bis,twenty,,bis,lexical-similarity-group:1,kim-ahmad-kim-sangma2011hajong[p. 57],,,hajong:237:hajong_balachanda:1
hajong_dhamor,,bis,twenty,,bis,lexical-similarity-group:1,kim-ahmad-kim-sangma2011hajong[p. 57],,,hajong:237:hajong_dhamor:1
hajong_gopalbari,,biʃ,twenty,,biʃ,lexical-similarity-group:1,kim-ahmad-kim-sangma2011hajong[p. 57],,,hajong:237:hajong_gopalbari:1
hajong_gopalpur,,biʃ,twenty,,biʃ,lexical-similarity-group:1,kim-ahmad-kim-sangma2011hajong[p. 57],,,hajong:237:hajong_gopalpur:1
hajong_bhalukapara,,biʃ,twenty,,biʃ,lexical-similarity-group:1,kim-ahmad-kim-sangma2011hajong[p. 57],,,hajong:237:hajong_bhalukapara:1
hajong_nokshi,,biʃ,twenty,,biʃ,lexical-similarity-group:1,kim-ahmad-kim-sangma2011hajong[p. 57],,,hajong:237:hajong_nokshi:1
hajong_gopalbari,,kuɾi,twenty,,kuɾi,lexical-similarity-group:2,kim-ahmad-kim-sangma2011hajong[p. 57],,,hajong:237:hajong_gopalbari:2
hajong_gopalpur,,kuɾi,twenty,,kuɾi,lexical-similarity-group:2,kim-ahmad-kim-sangma2011hajong[p. 57],,,hajong:237:hajong_gopalpur:2
hajong_bhalukapara,,kuɾi,twenty,,kuɾi,lexical-similarity-group:2,kim-ahmad-kim-sangma2011hajong[p. 57],,,hajong:237:hajong_bhalukapara:2
hajong_nokshi,,kuɾi,twenty,,kuɾi,lexical-similarity-group:2,kim-ahmad-kim-sangma2011hajong[p. 57],,,hajong:237:hajong_nokshi:2
hajong_dalugau,,kuɾi,twenty,,kuɾi,lexical-similarity-group:2,kim-ahmad-kim-sangma2011hajong[p. 57],,,hajong:237:hajong_dalugau:2
hajong_gopalbari,,ʃɔ,hundred,,ʃɔ,lexical-similarity-group:1,kim-ahmad-kim-sangma2011hajong[p. 57],,,hajong:238:hajong_gopalbari:1
hajong_gopalpur,,ʃɔ,hundred,,ʃɔ,lexical-similarity-group:1,kim-ahmad-kim-sangma2011hajong[p. 57],,,hajong:238:hajong_gopalpur:1
hajong_bhalukapara,,ʃɔ,hundred,,ʃɔ,lexical-similarity-group:1,kim-ahmad-kim-sangma2011hajong[p. 57],,,hajong:238:hajong_bhalukapara:1
hajong_nokshi,,ʃɔ,hundred,,ʃɔ,lexical-similarity-group:1,kim-ahmad-kim-sangma2011hajong[p. 57],,,hajong:238:hajong_nokshi:1
hajong_nugapara,,so,hundred,,so,lexical-similarity-group:2,kim-ahmad-kim-sangma2011hajong[p. 57],,,hajong:238:hajong_nugapara:1
hajong_chilapara,,so,hundred,,so,lexical-similarity-group:2,kim-ahmad-kim-sangma2011hajong[p. 57],,,hajong:238:hajong_chilapara:1
hajong_nirghini,,so,hundred,,so,lexical-similarity-group:2,kim-ahmad-kim-sangma2011hajong[p. 57],,,hajong:238:hajong_nirghini:1
hajong_dalugau,,so,hundred,,so,lexical-similarity-group:2,kim-ahmad-kim-sangma2011hajong[p. 57],,,hajong:238:hajong_dalugau:1
hajong_balachanda,,so,hundred,,so,lexical-similarity-group:2,kim-ahmad-kim-sangma2011hajong[p. 57],,,hajong:238:hajong_balachanda:1
hajong_dhamor,,so,hundred,,so,lexical-similarity-group:2,kim-ahmad-kim-sangma2011hajong[p. 57],,,hajong:238:hajong_dhamor:1
hajong_gopalbari,,hadʒar,thousand,,hadʒar,lexical-similarity-group:1,kim-ahmad-kim-sangma2011hajong[p. 57],,,hajong:239:hajong_gopalbari:1
hajong_gopalpur,,hadʒar,thousand,,hadʒar,lexical-similarity-group:1,kim-ahmad-kim-sangma2011hajong[p. 57],,,hajong:239:hajong_gopalpur:1
hajong_bhalukapara,,hadʒar,thousand,,hadʒar,lexical-similarity-group:1,kim-ahmad-kim-sangma2011hajong[p. 57],,,hajong:239:hajong_bhalukapara:1
hajong_nokshi,,hadʒar,thousand,,hadʒar,lexical-similarity-group:1,kim-ahmad-kim-sangma2011hajong[p. 57],,,hajong:239:hajong_nokshi:1
hajong_chilapara,,hadʒaɾ,thousand,,hadʒaɾ,lexical-similarity-group:1,kim-ahmad-kim-sangma2011hajong[p. 57],,,hajong:239:hajong_chilapara:1
hajong_nirghini,,hadʒaɾ,thousand,,hadʒaɾ,lexical-similarity-group:1,kim-ahmad-kim-sangma2011hajong[p. 57],,,hajong:239:hajong_nirghini:1
hajong_dalugau,,hadʒaɾ,thousand,,hadʒaɾ,lexical-similarity-group:1,kim-ahmad-kim-sangma2011hajong[p. 57],,,hajong:239:hajong_dalugau:1
hajong_balachanda,,hadʒaɾ,thousand,,hadʒaɾ,lexical-similarity-group:1,kim-ahmad-kim-sangma2011hajong[p. 57],,,hajong:239:hajong_balachanda:1
hajong_dhamor,,hadʒaɾ,thousand,,hadʒaɾ,lexical-similarity-group:1,kim-ahmad-kim-sangma2011hajong[p. 57],,,hajong:239:hajong_dhamor:1
hajong_chilapara,,hadʒaɾ,thousand,,hadʒaɾ,lexical-similarity-group:2,kim-ahmad-kim-sangma2011hajong[p. 57],,,hajong:239:hajong_chilapara:2
hajong_nirghini,,hadʒaɾ,thousand,,hadʒaɾ,lexical-similarity-group:2,kim-ahmad-kim-sangma2011hajong[p. 57],,,hajong:239:hajong_nirghini:2
hajong_dalugau,,hadʒaɾ,thousand,,hadʒaɾ,lexical-similarity-group:2,kim-ahmad-kim-sangma2011hajong[p. 57],,,hajong:239:hajong_dalugau:2
hajong_balachanda,,hadʒaɾ,thousand,,hadʒaɾ,lexical-similarity-group:2,kim-ahmad-kim-sangma2011hajong[p. 57],,,hajong:239:hajong_balachanda:2
hajong_dhamor,,hadʒaɾ,thousand,,hadʒaɾ,lexical-similarity-group:2,kim-ahmad-kim-sangma2011hajong[p. 57],,,hajong:239:hajong_dhamor:2
hajong_nugapara,,hazaɾi,thousand,,hazaɾi,lexical-similarity-group:2,kim-ahmad-kim-sangma2011hajong[p. 57],,,hajong:239:hajong_nugapara:1
hajong_nugapara,,opasa,some,,opasa,lexical-similarity-group:1,kim-ahmad-kim-sangma2011hajong[p. 57],,,hajong:241:hajong_nugapara:1
hajong_dhamor,,kiʃu,some,,kiʃu,lexical-similarity-group:2,kim-ahmad-kim-sangma2011hajong[p. 57],,,hajong:241:hajong_dhamor:1
hajong_chilapara,,kitʃu,some,,kitʃu,lexical-similarity-group:2,kim-ahmad-kim-sangma2011hajong[p. 57],,,hajong:241:hajong_chilapara:1
hajong_nirghini,,olpo,some,,olpo,lexical-similarity-group:3,kim-ahmad-kim-sangma2011hajong[p. 57],,,hajong:241:hajong_nirghini:1
hajong_dalugau,,olpo,some,,olpo,lexical-similarity-group:3,kim-ahmad-kim-sangma2011hajong[p. 57],,,hajong:241:hajong_dalugau:1
hajong_dhamor,,olpo,some,,olpo,lexical-similarity-group:3,kim-ahmad-kim-sangma2011hajong[p. 57],,,hajong:241:hajong_dhamor:2
hajong_balachanda,,koita,some,,koita,lexical-similarity-group:4,kim-ahmad-kim-sangma2011hajong[p. 57],,,hajong:241:hajong_balachanda:1
hajong_gopalbari,,bakʰaɾ,many,,bakʰaɾ,lexical-similarity-group:1,kim-ahmad-kim-sangma2011hajong[p. 57],,,hajong:242:hajong_gopalbari:1
hajong_gopalpur,,bakʰaɾ,many,,bakʰaɾ,lexical-similarity-group:1,kim-ahmad-kim-sangma2011hajong[p. 57],,,hajong:242:hajong_gopalpur:1
hajong_bhalukapara,,bakʰaɾ,many,,bakʰaɾ,lexical-similarity-group:1,kim-ahmad-kim-sangma2011hajong[p. 57],,,hajong:242:hajong_bhalukapara:1
hajong_nokshi,,bakʰaɾ,many,,bakʰaɾ,lexical-similarity-group:1,kim-ahmad-kim-sangma2011hajong[p. 57],,,hajong:242:hajong_nokshi:1
hajong_nugapara,,bakʰaɾ,many,,bakʰaɾ,lexical-similarity-group:1,kim-ahmad-kim-sangma2011hajong[p. 57],,,hajong:242:hajong_nugapara:1
hajong_chilapara,,bakʰaɾ,many,,bakʰaɾ,lexical-similarity-group:1,kim-ahmad-kim-sangma2011hajong[p. 57],,,hajong:242:hajong_chilapara:1
hajong_nirghini,,bakʰaɾ,many,,bakʰaɾ,lexical-similarity-group:1,kim-ahmad-kim-sangma2011hajong[p. 57],,,hajong:242:hajong_nirghini:1
hajong_dalugau,,bakʰaɾ,many,,bakʰaɾ,lexical-similarity-group:1,kim-ahmad-kim-sangma2011hajong[p. 57],,,hajong:242:hajong_dalugau:1
hajong_dhamor,,bakʰaɾsa,many,,bakʰaɾsa,lexical-similarity-group:1,kim-ahmad-kim-sangma2011hajong[p. 57],,,hajong:242:hajong_dhamor:1
hajong_dalugau,,bis hi,many,,bis hi,lexical-similarity-group:2,kim-ahmad-kim-sangma2011hajong[p. 57],,,hajong:242:hajong_dalugau:2
hajong_balachanda,,mela,many,,mela,lexical-similarity-group:3,kim-ahmad-kim-sangma2011hajong[p. 57],,,hajong:242:hajong_balachanda:1
hajong_balachanda,,bohut,many,,bohut,lexical-similarity-group:4,kim-ahmad-kim-sangma2011hajong[p. 57],,,hajong:242:hajong_balachanda:2
hajong_nugapara,,beki,all,,beki,lexical-similarity-group:1,kim-ahmad-kim-sangma2011hajong[p. 57],,,hajong:243:hajong_nugapara:1
hajong_gopalbari,,bekti,all,,bekti,lexical-similarity-group:1,kim-ahmad-kim-sangma2011hajong[p. 57],,,hajong:243:hajong_gopalbari:1
hajong_gopalpur,,bekti,all,,bekti,lexical-similarity-group:1,kim-ahmad-kim-sangma2011hajong[p. 57],,,hajong:243:hajong_gopalpur:1
hajong_bhalukapara,,bekti,all,,bekti,lexical-similarity-group:1,kim-ahmad-kim-sangma2011hajong[p. 57],,,hajong:243:hajong_bhalukapara:1
hajong_nokshi,,bekti,all,,bekti,lexical-similarity-group:1,kim-ahmad-kim-sangma2011hajong[p. 57],,,hajong:243:hajong_nokshi:1
hajong_dalugau,,bekti,all,,bekti,lexical-similarity-group:1,kim-ahmad-kim-sangma2011hajong[p. 57],,,hajong:243:hajong_dalugau:1
hajong_dhamor,,hobai,all,,hobai,lexical-similarity-group:2,kim-ahmad-kim-sangma2011hajong[p. 57],,,hajong:243:hajong_dhamor:1
hajong_chilapara,,hubai,all,,hubai,lexical-similarity-group:2,kim-ahmad-kim-sangma2011hajong[p. 57],,,hajong:243:hajong_chilapara:1
hajong_dalugau,,hubai,all,,hubai,lexical-similarity-group:2,kim-ahmad-kim-sangma2011hajong[p. 57],,,hajong:243:hajong_dalugau:2
hajong_balachanda,,sobai,all,,sobai,lexical-similarity-group:2,kim-ahmad-kim-sangma2011hajong[p. 57],,,hajong:243:hajong_balachanda:1
hajong_nugapara,,sop,all,,sop,lexical-similarity-group:4,kim-ahmad-kim-sangma2011hajong[p. 57],,,hajong:243:hajong_nugapara:2
hajong_nirghini,,sop,all,,sop,lexical-similarity-group:4,kim-ahmad-kim-sangma2011hajong[p. 57],,,hajong:243:hajong_nirghini:1
hajong_nugapara,,daŋɡoɾ,big,,daŋɡoɾ,lexical-similarity-group:1,kim-ahmad-kim-sangma2011hajong[p. 57],,,hajong:244:hajong_nugapara:1
hajong_chilapara,,daŋɡoɾ,big,,daŋɡoɾ,lexical-similarity-group:1,kim-ahmad-kim-sangma2011hajong[p. 57],,,hajong:244:hajong_chilapara:1
hajong_nirghini,,daŋɡoɾ,big,,daŋɡoɾ,lexical-similarity-group:1,kim-ahmad-kim-sangma2011hajong[p. 57],,,hajong:244:hajong_nirghini:1
hajong_dalugau,,daŋɡoɾ,big,,daŋɡoɾ,lexical-similarity-group:1,kim-ahmad-kim-sangma2011hajong[p. 57],,,hajong:244:hajong_dalugau:1
hajong_balachanda,,daŋɡoɾ,big,,daŋɡoɾ,lexical-similarity-group:1,kim-ahmad-kim-sangma2011hajong[p. 57],,,hajong:244:hajong_balachanda:1
hajong_dhamor,,daŋɡoɾ,big,,daŋɡoɾ,lexical-similarity-group:1,kim-ahmad-kim-sangma2011hajong[p. 57],,,hajong:244:hajong_dhamor:1
hajong_gopalbari,,daŋor,big,,daŋor,lexical-similarity-group:1,kim-ahmad-kim-sangma2011hajong[p. 57],,,hajong:244:hajong_gopalbari:1
hajong_gopalpur,,daŋor,big,,daŋor,lexical-similarity-group:1,kim-ahmad-kim-sangma2011hajong[p. 57],,,hajong:244:hajong_gopalpur:1
hajong_bhalukapara,,daŋor,big,,daŋor,lexical-similarity-group:1,kim-ahmad-kim-sangma2011hajong[p. 57],,,hajong:244:hajong_bhalukapara:1
hajong_nokshi,,daŋor,big,,daŋor,lexical-similarity-group:1,kim-ahmad-kim-sangma2011hajong[p. 57],,,hajong:244:hajong_nokshi:1
hajong_chilapara,,huɾu,small,,huɾu,lexical-similarity-group:1,kim-ahmad-kim-sangma2011hajong[p. 58],,,hajong:245:hajong_chilapara:1
hajong_nirghini,,huɾu,small,,huɾu,lexical-similarity-group:1,kim-ahmad-kim-sangma2011hajong[p. 58],,,hajong:245:hajong_nirghini:1
hajong_dhamor,,huɾu,small,,huɾu,lexical-similarity-group:1,kim-ahmad-kim-sangma2011hajong[p. 58],,,hajong:245:hajong_dhamor:1
hajong_gopalbari,,hutu,small,,hutu,lexical-similarity-group:1,kim-ahmad-kim-sangma2011hajong[p. 58],,,hajong:245:hajong_gopalbari:1
hajong_gopalpur,,hutu,small,,hutu,lexical-similarity-group:1,kim-ahmad-kim-sangma2011hajong[p. 58],,,hajong:245:hajong_gopalpur:1
hajong_bhalukapara,,hutu,small,,hutu,lexical-similarity-group:1,kim-ahmad-kim-sangma2011hajong[p. 58],,,hajong:245:hajong_bhalukapara:1
hajong_nokshi,,hutu,small,,hutu,lexical-similarity-group:1,kim-ahmad-kim-sangma2011hajong[p. 58],,,hajong:245:hajong_nokshi:1
hajong_nugapara,,hutu,small,,hutu,lexical-similarity-group:1,kim-ahmad-kim-sangma2011hajong[p. 58],,,hajong:245:hajong_nugapara:1
hajong_dalugau,,hutu,small,,hutu,lexical-similarity-group:1,kim-ahmad-kim-sangma2011hajong[p. 58],,,hajong:245:hajong_dalugau:1
hajong_gopalbari,,hutu,small,,hutu,lexical-similarity-group:2,kim-ahmad-kim-sangma2011hajong[p. 58],,,hajong:245:hajong_gopalbari:2
hajong_gopalpur,,hutu,small,,hutu,lexical-similarity-group:2,kim-ahmad-kim-sangma2011hajong[p. 58],,,hajong:245:hajong_gopalpur:2
hajong_bhalukapara,,hutu,small,,hutu,lexical-similarity-group:2,kim-ahmad-kim-sangma2011hajong[p. 58],,,hajong:245:hajong_bhalukapara:2
hajong_nokshi,,hutu,small,,hutu,lexical-similarity-group:2,kim-ahmad-kim-sangma2011hajong[p. 58],,,hajong:245:hajong_nokshi:2
hajong_nugapara,,hutu,small,,hutu,lexical-similarity-group:2,kim-ahmad-kim-sangma2011hajong[p. 58],,,hajong:245:hajong_nugapara:2
hajong_dalugau,,hutu,small,,hutu,lexical-similarity-group:2,kim-ahmad-kim-sangma2011hajong[p. 58],,,hajong:245:hajong_dalugau:2
hajong_balachanda,,soto,small,,soto,lexical-similarity-group:2,kim-ahmad-kim-sangma2011hajong[p. 58],,,hajong:245:hajong_balachanda:1
hajong_gopalbari,,lamba,long,,lamba,lexical-similarity-group:1,kim-ahmad-kim-sangma2011hajong[p. 58],,,hajong:246:hajong_gopalbari:1
hajong_gopalpur,,lamba,long,,lamba,lexical-similarity-group:1,kim-ahmad-kim-sangma2011hajong[p. 58],,,hajong:246:hajong_gopalpur:1
hajong_bhalukapara,,lamba,long,,lamba,lexical-similarity-group:1,kim-ahmad-kim-sangma2011hajong[p. 58],,,hajong:246:hajong_bhalukapara:1
hajong_nokshi,,lamba,long,,lamba,lexical-similarity-group:1,kim-ahmad-kim-sangma2011hajong[p. 58],,,hajong:246:hajong_nokshi:1
hajong_nugapara,,lamba,long,,lamba,lexical-similarity-group:1,kim-ahmad-kim-sangma2011hajong[p. 58],,,hajong:246:hajong_nugapara:1
hajong_nirghini,,lamba,long,,lamba,lexical-similarity-group:1,kim-ahmad-kim-sangma2011hajong[p. 58],,,hajong:246:hajong_nirghini:1
hajong_dalugau,,lamba,long,,lamba,lexical-similarity-group:1,kim-ahmad-kim-sangma2011hajong[p. 58],,,hajong:246:hajong_dalugau:1
hajong_dhamor,,lamba,long,,lamba,lexical-similarity-group:1,kim-ahmad-kim-sangma2011hajong[p. 58],,,hajong:246:hajong_dhamor:1
hajong_chilapara,,lomba,long,,lomba,lexical-similarity-group:1,kim-ahmad-kim-sangma2011hajong[p. 58],,,hajong:246:hajong_chilapara:1
hajong_balachanda,,diɡile,long,,diɡile,lexical-similarity-group:2,kim-ahmad-kim-sangma2011hajong[p. 58],,,hajong:246:hajong_balachanda:1
hajong_balachanda,,kʰata,short (length),,kʰata,lexical-similarity-group:1,kim-ahmad-kim-sangma2011hajong[p. 58],,,hajong:247:hajong_balachanda:1
hajong_dhamor,,huɾu,short (length),,huɾu,lexical-similarity-group:2,kim-ahmad-kim-sangma2011hajong[p. 58],,,hajong:247:hajong_dhamor:1
hajong_balachanda,,kʰata,short (length),,kʰata,lexical-similarity-group:3,kim-ahmad-kim-sangma2011hajong[p. 58],,,hajong:247:hajong_balachanda:2
hajong_gopalbari,,kʰatak,short (length),,kʰatak,lexical-similarity-group:3,kim-ahmad-kim-sangma2011hajong[p. 58],,,hajong:247:hajong_gopalbari:1
hajong_gopalpur,,kʰatak,short (length),,kʰatak,lexical-similarity-group:3,kim-ahmad-kim-sangma2011hajong[p. 58],,,hajong:247:hajong_gopalpur:1
hajong_bhalukapara,,kʰatak,short (length),,kʰatak,lexical-similarity-group:3,kim-ahmad-kim-sangma2011hajong[p. 58],,,hajong:247:hajong_bhalukapara:1
hajong_nokshi,,kʰatak,short (length),,kʰatak,lexical-similarity-group:3,kim-ahmad-kim-sangma2011hajong[p. 58],,,hajong:247:hajong_nokshi:1
hajong_nugapara,,kʰatak,short (length),,kʰatak,lexical-similarity-group:3,kim-ahmad-kim-sangma2011hajong[p. 58],,,hajong:247:hajong_nugapara:1
hajong_chilapara,,kʰatak,short (length),,kʰatak,lexical-similarity-group:3,kim-ahmad-kim-sangma2011hajong[p. 58],,,hajong:247:hajong_chilapara:1
hajong_nirghini,,kʰatak,short (length),,kʰatak,lexical-similarity-group:3,kim-ahmad-kim-sangma2011hajong[p. 58],,,hajong:247:hajong_nirghini:1
hajong_dalugau,,kʰatak,short (length),,kʰatak,lexical-similarity-group:3,kim-ahmad-kim-sangma2011hajong[p. 58],,,hajong:247:hajong_dalugau:1
hajong_nugapara,,bʰaɾ,heavy,,bʰaɾ,lexical-similarity-group:1,kim-ahmad-kim-sangma2011hajong[p. 58],,,hajong:248:hajong_nugapara:1
hajong_dhamor,,bʰaɾ,heavy,,bʰaɾ,lexical-similarity-group:1,kim-ahmad-kim-sangma2011hajong[p. 58],,,hajong:248:hajong_dhamor:1
hajong_nokshi,,bʰaɾi,heavy,,bʰaɾi,lexical-similarity-group:1,kim-ahmad-kim-sangma2011hajong[p. 58],,,hajong:248:hajong_nokshi:1
hajong_chilapara,,bʰaɾi,heavy,,bʰaɾi,lexical-similarity-group:1,kim-ahmad-kim-sangma2011hajong[p. 58],,,hajong:248:hajong_chilapara:1
hajong_nirghini,,bʰaɾi,heavy,,bʰaɾi,lexical-similarity-group:1,kim-ahmad-kim-sangma2011hajong[p. 58],,,hajong:248:hajong_nirghini:1
hajong_dalugau,,bʰaɾi,heavy,,bʰaɾi,lexical-similarity-group:1,kim-ahmad-kim-sangma2011hajong[p. 58],,,hajong:248:hajong_dalugau:1
hajong_balachanda,,bʰaɾi,heavy,,bʰaɾi,lexical-similarity-group:1,kim-ahmad-kim-sangma2011hajong[p. 58],,,hajong:248:hajong_balachanda:1
hajong_gopalbari,,buɖʒa,heavy,,buɖʒa,lexical-similarity-group:2,kim-ahmad-kim-sangma2011hajong[p. 58],,,hajong:248:hajong_gopalbari:1
hajong_gopalpur,,buɖʒa,heavy,,buɖʒa,lexical-similarity-group:2,kim-ahmad-kim-sangma2011hajong[p. 58],,,hajong:248:hajong_gopalpur:1
hajong_bhalukapara,,buɖʒa,heavy,,buɖʒa,lexical-similarity-group:2,kim-ahmad-kim-sangma2011hajong[p. 58],,,hajong:248:hajong_bhalukapara:1
hajong_dalugau,,hudʒai,heavy,,hudʒai,lexical-similarity-group:3,kim-ahmad-kim-sangma2011hajong[p. 58],,,hajong:248:hajong_dalugau:2
hajong_nugapara,,patala,light (not heavy),,patala,lexical-similarity-group:1,kim-ahmad-kim-sangma2011hajong[p. 58],,,hajong:249:hajong_nugapara:1
hajong_gopalbari,,patla,light (not heavy),,patla,lexical-similarity-group:1,kim-ahmad-kim-sangma2011hajong[p. 58],,,hajong:249:hajong_gopalbari:1
hajong_gopalpur,,patla,light (not heavy),,patla,lexical-similarity-group:1,kim-ahmad-kim-sangma2011hajong[p. 58],,,hajong:249:hajong_gopalpur:1
hajong_bhalukapara,,patla,light (not heavy),,patla,lexical-similarity-group:1,kim-ahmad-kim-sangma2011hajong[p. 58],,,hajong:249:hajong_bhalukapara:1
hajong_nokshi,,patla,light (not heavy),,patla,lexical-similarity-group:1,kim-ahmad-kim-sangma2011hajong[p. 58],,,hajong:249:hajong_nokshi:1
hajong_chilapara,,patla,light (not heavy),,patla,lexical-similarity-group:1,kim-ahmad-kim-sangma2011hajong[p. 58],,,hajong:249:hajong_chilapara:1
hajong_nirghini,,patla,light (not heavy),,patla,lexical-similarity-group:1,kim-ahmad-kim-sangma2011hajong[p. 58],,,hajong:249:hajong_nirghini:1
hajong_dalugau,,patla,light (not heavy),,patla,lexical-similarity-group:1,kim-ahmad-kim-sangma2011hajong[p. 58],,,hajong:249:hajong_dalugau:1
hajong_balachanda,,patla,light (not heavy),,patla,lexical-similarity-group:1,kim-ahmad-kim-sangma2011hajong[p. 58],,,hajong:249:hajong_balachanda:1
hajong_dhamor,,patla,light (not heavy),,patla,lexical-similarity-group:1,kim-ahmad-kim-sangma2011hajong[p. 58],,,hajong:249:hajong_dhamor:1
hajong_nugapara,,mot̪a,fat,,mot̪a,lexical-similarity-group:1,kim-ahmad-kim-sangma2011hajong[p. 58],,,hajong:250:hajong_nugapara:1
hajong_gopalbari,,tʃadɾa,fat,,tʃadɾa,lexical-similarity-group:2,kim-ahmad-kim-sangma2011hajong[p. 58],,,hajong:250:hajong_gopalbari:1
hajong_gopalpur,,tʃadɾa,fat,,tʃadɾa,lexical-similarity-group:2,kim-ahmad-kim-sangma2011hajong[p. 58],,,hajong:250:hajong_gopalpur:1
hajong_bhalukapara,,tʃadɾa,fat,,tʃadɾa,lexical-similarity-group:2,kim-ahmad-kim-sangma2011hajong[p. 58],,,hajong:250:hajong_bhalukapara:1
hajong_nokshi,,tʃadɾa,fat,,tʃadɾa,lexical-similarity-group:2,kim-ahmad-kim-sangma2011hajong[p. 58],,,hajong:250:hajong_nokshi:1
hajong_chilapara,,tʃadɾa,fat,,tʃadɾa,lexical-similarity-group:2,kim-ahmad-kim-sangma2011hajong[p. 58],,,hajong:250:hajong_chilapara:1
hajong_nirghini,,tʃadɾa,fat,,tʃadɾa,lexical-similarity-group:2,kim-ahmad-kim-sangma2011hajong[p. 58],,,hajong:250:hajong_nirghini:1
hajong_dalugau,,tʃadɾa,fat,,tʃadɾa,lexical-similarity-group:2,kim-ahmad-kim-sangma2011hajong[p. 58],,,hajong:250:hajong_dalugau:1
hajong_balachanda,,tʃadɾa,fat,,tʃadɾa,lexical-similarity-group:2,kim-ahmad-kim-sangma2011hajong[p. 58],,,hajong:250:hajong_balachanda:1
hajong_dhamor,,tʃadɾa,fat,,tʃadɾa,lexical-similarity-group:2,kim-ahmad-kim-sangma2011hajong[p. 58],,,hajong:250:hajong_dhamor:1
hajong_nugapara,,tʃataɾa,fat,,tʃataɾa,lexical-similarity-group:3,kim-ahmad-kim-sangma2011hajong[p. 58],,,hajong:250:hajong_nugapara:2
hajong_nugapara,,hukase,thin,,hukase,lexical-similarity-group:1,kim-ahmad-kim-sangma2011hajong[p. 58],,,hajong:251:hajong_nugapara:1
hajong_chilapara,,patla,thin,,patla,lexical-similarity-group:2,kim-ahmad-kim-sangma2011hajong[p. 58],,,hajong:251:hajong_chilapara:1
hajong_nirghini,,patla,thin,,patla,lexical-similarity-group:2,kim-ahmad-kim-sangma2011hajong[p. 58],,,hajong:251:hajong_nirghini:1
hajong_dalugau,,patla,thin,,patla,lexical-similarity-group:2,kim-ahmad-kim-sangma2011hajong[p. 58],,,hajong:251:hajong_dalugau:1
hajong_balachanda,,patla,thin,,patla,lexical-similarity-group:2,kim-ahmad-kim-sangma2011hajong[p. 58],,,hajong:251:hajong_balachanda:1
hajong_dhamor,,patla,thin,,patla,lexical-similarity-group:2,kim-ahmad-kim-sangma2011hajong[p. 58],,,hajong:251:hajong_dhamor:1
hajong_dalugau,,kiŋkɾa,thin,,kiŋkɾa,lexical-similarity-group:3,kim-ahmad-kim-sangma2011hajong[p. 58],,,hajong:251:hajong_dalugau:2
hajong_balachanda,,haɾaŋɾaŋ,thin,,haɾaŋɾaŋ,lexical-similarity-group:4,kim-ahmad-kim-sangma2011hajong[p. 58],,,hajong:251:hajong_balachanda:2
hajong_bhalukapara,,huknɯ,thin,,huknɯ,lexical-similarity-group:6,kim-ahmad-kim-sangma2011hajong[p. 58],,,hajong:251:hajong_bhalukapara:1
hajong_nokshi,,huknɯ,thin,,huknɯ,lexical-similarity-group:6,kim-ahmad-kim-sangma2011hajong[p. 58],,,hajong:251:hajong_nokshi:1
hajong_gopalpur,,kɛɾɛ ɾɛŋa,thin,,kɛɾɛ ɾɛŋa,lexical-similarity-group:7,kim-ahmad-kim-sangma2011hajong[p. 58],,,hajong:251:hajong_gopalpur:1
hajong_bhalukapara,,kɛɾɛ ɾɛŋa,thin,,kɛɾɛ ɾɛŋa,lexical-similarity-group:7,kim-ahmad-kim-sangma2011hajong[p. 58],,,hajong:251:hajong_bhalukapara:2
hajong_nokshi,,kɛɾɛ ɾɛŋa,thin,,kɛɾɛ ɾɛŋa,lexical-similarity-group:7,kim-ahmad-kim-sangma2011hajong[p. 58],,,hajong:251:hajong_nokshi:2
hajong_gopalbari,,hiŋla,thin,,hiŋla,lexical-similarity-group:8,kim-ahmad-kim-sangma2011hajong[p. 58],,,hajong:251:hajong_gopalbari:1
hajong_gopalbari,,dʰapa,"wide, broad",,dʰapa,lexical-similarity-group:1,kim-ahmad-kim-sangma2011hajong[p. 58],,,hajong:252:hajong_gopalbari:1
hajong_gopalpur,,dʰapa,"wide, broad",,dʰapa,lexical-similarity-group:1,kim-ahmad-kim-sangma2011hajong[p. 58],,,hajong:252:hajong_gopalpur:1
hajong_bhalukapara,,dʰapa,"wide, broad",,dʰapa,lexical-similarity-group:1,kim-ahmad-kim-sangma2011hajong[p. 58],,,hajong:252:hajong_bhalukapara:1
hajong_nokshi,,dʰapa,"wide, broad",,dʰapa,lexical-similarity-group:1,kim-ahmad-kim-sangma2011hajong[p. 58],,,hajong:252:hajong_nokshi:1
hajong_nugapara,,dʰapa,"wide, broad",,dʰapa,lexical-similarity-group:1,kim-ahmad-kim-sangma2011hajong[p. 58],,,hajong:252:hajong_nugapara:1
hajong_chilapara,,dʰapa,"wide, broad",,dʰapa,lexical-similarity-group:1,kim-ahmad-kim-sangma2011hajong[p. 58],,,hajong:252:hajong_chilapara:1
hajong_nirghini,,dʰapa,"wide, broad",,dʰapa,lexical-similarity-group:1,kim-ahmad-kim-sangma2011hajong[p. 58],,,hajong:252:hajong_nirghini:1
hajong_dalugau,,dʰapa,"wide, broad",,dʰapa,lexical-similarity-group:1,kim-ahmad-kim-sangma2011hajong[p. 58],,,hajong:252:hajong_dalugau:1
hajong_balachanda,,dʰapa,"wide, broad",,dʰapa,lexical-similarity-group:1,kim-ahmad-kim-sangma2011hajong[p. 58],,,hajong:252:hajong_balachanda:1
hajong_dhamor,,dʰapa,"wide, broad",,dʰapa,lexical-similarity-group:1,kim-ahmad-kim-sangma2011hajong[p. 58],,,hajong:252:hajong_dhamor:1
hajong_gopalbari,,tʃipɯ,narrow,,tʃipɯ,lexical-similarity-group:1,kim-ahmad-kim-sangma2011hajong[p. 58],,,hajong:253:hajong_gopalbari:1
hajong_gopalpur,,tʃipɯ,narrow,,tʃipɯ,lexical-similarity-group:1,kim-ahmad-kim-sangma2011hajong[p. 58],,,hajong:253:hajong_gopalpur:1
hajong_bhalukapara,,tʃipɯ,narrow,,tʃipɯ,lexical-similarity-group:1,kim-ahmad-kim-sangma2011hajong[p. 58],,,hajong:253:hajong_bhalukapara:1
hajong_nokshi,,tʃipɯ,narrow,,tʃipɯ,lexical-similarity-group:1,kim-ahmad-kim-sangma2011hajong[p. 58],,,hajong:253:hajong_nokshi:1
hajong_chilapara,,tʃipa,narrow,,tʃipa,lexical-similarity-group:1,kim-ahmad-kim-sangma2011hajong[p. 58],,,hajong:253:hajong_chilapara:1
hajong_nirghini,,tʃipa,narrow,,tʃipa,lexical-similarity-group:1,kim-ahmad-kim-sangma2011hajong[p. 58],,,hajong:253:hajong_nirghini:1
hajong_nugapara,,tʃipə,narrow,,tʃipə,lexical-similarity-group:1,kim-ahmad-kim-sangma2011hajong[p. 58],,,hajong:253:hajong_nugapara:1
hajong_dalugau,,tʃipə,narrow,,tʃipə,lexical-similarity-group:1,kim-ahmad-kim-sangma2011hajong[p. 58],,,hajong:253:hajong_dalugau:1
hajong_balachanda,,tʃipə,narrow,,tʃipə,lexical-similarity-group:1,kim-ahmad-kim-sangma2011hajong[p. 58],,,hajong:253:hajong_balachanda:1
hajong_dhamor,,tʃipə,narrow,,tʃipə,lexical-similarity-group:1,kim-ahmad-kim-sangma2011hajong[p. 58],,,hajong:253:hajong_dhamor:1
hajong_nirghini,,hutu,narrow,,hutu,lexical-similarity-group:2,kim-ahmad-kim-sangma2011hajong[p. 58],,,hajong:253:hajong_nirghini:2
hajong_gopalbari,,tuɾuŋ,deep,,tuɾuŋ,lexical-similarity-group:1,kim-ahmad-kim-sangma2011hajong[p. 58],,,hajong:254:hajong_gopalbari:1
hajong_gopalpur,,tuɾuŋ,deep,,tuɾuŋ,lexical-similarity-group:1,kim-ahmad-kim-sangma2011hajong[p. 58],,,hajong:254:hajong_gopalpur:1
hajong_nugapara,,tuɾuŋ,deep,,tuɾuŋ,lexical-similarity-group:1,kim-ahmad-kim-sangma2011hajong[p. 58],,,hajong:254:hajong_nugapara:1
hajong_dhamor,,ɡaɾa,deep,,ɡaɾa,lexical-similarity-group:2,kim-ahmad-kim-sangma2011hajong[p. 58],,,hajong:254:hajong_dhamor:1
hajong_dalugau,,ɡata,deep,,ɡata,lexical-similarity-group:2,kim-ahmad-kim-sangma2011hajong[p. 58],,,hajong:254:hajong_dalugau:1
hajong_dhamor,,ɡata,deep,,ɡata,lexical-similarity-group:2,kim-ahmad-kim-sangma2011hajong[p. 58],,,hajong:254:hajong_dhamor:2
hajong_nirghini,,daŋoɾpani,deep,,daŋoɾpani,lexical-similarity-group:3,kim-ahmad-kim-sangma2011hajong[p. 58],,,hajong:254:hajong_nirghini:1
hajong_dalugau,,daŋoɾpani,deep,,daŋoɾpani,lexical-similarity-group:3,kim-ahmad-kim-sangma2011hajong[p. 58],,,hajong:254:hajong_dalugau:2
hajong_balachanda,,daŋoɾpani,deep,,daŋoɾpani,lexical-similarity-group:3,kim-ahmad-kim-sangma2011hajong[p. 58],,,hajong:254:hajong_balachanda:1
hajong_bhalukapara,,duŋɡar,deep,,duŋɡar,lexical-similarity-group:3,kim-ahmad-kim-sangma2011hajong[p. 58],,,hajong:254:hajong_bhalukapara:1
hajong_dalugau,,tol,deep,,tol,lexical-similarity-group:4,kim-ahmad-kim-sangma2011hajong[p. 58],,,hajong:254:hajong_dalugau:3
hajong_nokshi,,hatar,deep,,hatar,lexical-similarity-group:5,kim-ahmad-kim-sangma2011hajong[p. 58],,,hajong:254:hajong_nokshi:1
hajong_dalugau,,ɡata,deep,,ɡata,lexical-similarity-group:6,kim-ahmad-kim-sangma2011hajong[p. 58],,,hajong:254:hajong_dalugau:4
hajong_dhamor,,ɡata,deep,,ɡata,lexical-similarity-group:6,kim-ahmad-kim-sangma2011hajong[p. 58],,,hajong:254:hajong_dhamor:3
hajong_chilapara,,ɡatka,deep,,ɡatka,lexical-similarity-group:6,kim-ahmad-kim-sangma2011hajong[p. 58],,,hajong:254:hajong_chilapara:1
hajong_chilapara,,huɾu,shallow,,huɾu,lexical-similarity-group:1,kim-ahmad-kim-sangma2011hajong[p. 58],,,hajong:255:hajong_chilapara:1
hajong_gopalpur,,hutu,shallow,,hutu,lexical-similarity-group:1,kim-ahmad-kim-sangma2011hajong[p. 58],,,hajong:255:hajong_gopalpur:1
hajong_bhalukapara,,hutu,shallow,,hutu,lexical-similarity-group:1,kim-ahmad-kim-sangma2011hajong[p. 58],,,hajong:255:hajong_bhalukapara:1
hajong_nokshi,,hutu,shallow,,hutu,lexical-similarity-group:1,kim-ahmad-kim-sangma2011hajong[p. 58],,,hajong:255:hajong_nokshi:1
hajong_nugapara,,hutu,shallow,,hutu,lexical-similarity-group:1,kim-ahmad-kim-sangma2011hajong[p. 58],,,hajong:255:hajong_nugapara:1
hajong_nirghini,,hutupani,shallow,,hutupani,lexical-similarity-group:1,kim-ahmad-kim-sangma2011hajong[p. 58],,,hajong:255:hajong_nirghini:1
hajong_dalugau,,hutupani,shallow,,hutupani,lexical-similarity-group:1,kim-ahmad-kim-sangma2011hajong[p. 58],,,hajong:255:hajong_dalugau:1
hajong_dhamor,,tʃeleleŋa,shallow,,tʃeleleŋa,lexical-similarity-group:2,kim-ahmad-kim-sangma2011hajong[p. 58],,,hajong:255:hajong_dhamor:1
hajong_gopalpur,,hutu,shallow,,hutu,lexical-similarity-group:4,kim-ahmad-kim-sangma2011hajong[p. 58],,,hajong:255:hajong_gopalpur:2
hajong_bhalukapara,,hutu,shallow,,hutu,lexical-similarity-group:4,kim-ahmad-kim-sangma2011hajong[p. 58],,,hajong:255:hajong_bhalukapara:2
hajong_nokshi,,hutu,shallow,,hutu,lexical-similarity-group:4,kim-ahmad-kim-sangma2011hajong[p. 58],,,hajong:255:hajong_nokshi:2
hajong_nugapara,,hutu,shallow,,hutu,lexical-similarity-group:4,kim-ahmad-kim-sangma2011hajong[p. 58],,,hajong:255:hajong_nugapara:2
hajong_nirghini,,hutupani,shallow,,hutupani,lexical-similarity-group:4,kim-ahmad-kim-sangma2011hajong[p. 58],,,hajong:255:hajong_nirghini:2
hajong_dalugau,,hutupani,shallow,,hutupani,lexical-similarity-group:4,kim-ahmad-kim-sangma2011hajong[p. 58],,,hajong:255:hajong_dalugau:2
hajong_balachanda,,sotupani,shallow,,sotupani,lexical-similarity-group:4,kim-ahmad-kim-sangma2011hajong[p. 58],,,hajong:255:hajong_balachanda:1
hajong_gopalpur,,bʰoɾa,full,,bʰoɾa,lexical-similarity-group:1,kim-ahmad-kim-sangma2011hajong[p. 59],,,hajong:256:hajong_gopalpur:1
hajong_nokshi,,bʰoɾa,full,,bʰoɾa,lexical-similarity-group:1,kim-ahmad-kim-sangma2011hajong[p. 59],,,hajong:256:hajong_nokshi:1
hajong_chilapara,,bʰoɾa,full,,bʰoɾa,lexical-similarity-group:1,kim-ahmad-kim-sangma2011hajong[p. 59],,,hajong:256:hajong_chilapara:1
hajong_nirghini,,bʰoɾa,full,,bʰoɾa,lexical-similarity-group:1,kim-ahmad-kim-sangma2011hajong[p. 59],,,hajong:256:hajong_nirghini:1
hajong_dalugau,,bʰoɾa,full,,bʰoɾa,lexical-similarity-group:1,kim-ahmad-kim-sangma2011hajong[p. 59],,,hajong:256:hajong_dalugau:1
hajong_balachanda,,bʰoɾa,full,,bʰoɾa,lexical-similarity-group:1,kim-ahmad-kim-sangma2011hajong[p. 59],,,hajong:256:hajong_balachanda:1
hajong_dhamor,,bʰoɾai,full,,bʰoɾai,lexical-similarity-group:1,kim-ahmad-kim-sangma2011hajong[p. 59],,,hajong:256:hajong_dhamor:1
hajong_bhalukapara,,bʰuɾa,full,,bʰuɾa,lexical-similarity-group:1,kim-ahmad-kim-sangma2011hajong[p. 59],,,hajong:256:hajong_bhalukapara:1
hajong_nugapara,,bʰuɾa,full,,bʰuɾa,lexical-similarity-group:1,kim-ahmad-kim-sangma2011hajong[p. 59],,,hajong:256:hajong_nugapara:1
hajong_nugapara,,bʰuɾti,full,,bʰuɾti,lexical-similarity-group:1,kim-ahmad-kim-sangma2011hajong[p. 59],,,hajong:256:hajong_nugapara:2
hajong_gopalpur,,bʰoɾa,full,,bʰoɾa,lexical-similarity-group:2,kim-ahmad-kim-sangma2011hajong[p. 59],,,hajong:256:hajong_gopalpur:2
hajong_nokshi,,bʰoɾa,full,,bʰoɾa,lexical-similarity-group:2,kim-ahmad-kim-sangma2011hajong[p. 59],,,hajong:256:hajong_nokshi:2
hajong_chilapara,,bʰoɾa,full,,bʰoɾa,lexical-similarity-group:2,kim-ahmad-kim-sangma2011hajong[p. 59],,,hajong:256:hajong_chilapara:2
hajong_nirghini,,bʰoɾa,full,,bʰoɾa,lexical-similarity-group:2,kim-ahmad-kim-sangma2011hajong[p. 59],,,hajong:256:hajong_nirghini:2
hajong_dalugau,,bʰoɾa,full,,bʰoɾa,lexical-similarity-group:2,kim-ahmad-kim-sangma2011hajong[p. 59],,,hajong:256:hajong_dalugau:2
hajong_balachanda,,bʰoɾa,full,,bʰoɾa,lexical-similarity-group:2,kim-ahmad-kim-sangma2011hajong[p. 59],,,hajong:256:hajong_balachanda:2
hajong_dhamor,,bʰoɾai,full,,bʰoɾai,lexical-similarity-group:2,kim-ahmad-kim-sangma2011hajong[p. 59],,,hajong:256:hajong_dhamor:2
hajong_bhalukapara,,bʰuɾa,full,,bʰuɾa,lexical-similarity-group:2,kim-ahmad-kim-sangma2011hajong[p. 59],,,hajong:256:hajong_bhalukapara:2
hajong_nugapara,,bʰuɾa,full,,bʰuɾa,lexical-similarity-group:2,kim-ahmad-kim-sangma2011hajong[p. 59],,,hajong:256:hajong_nugapara:3
hajong_gopalbari,,boɾa,full,,boɾa,lexical-similarity-group:2,kim-ahmad-kim-sangma2011hajong[p. 59],,,hajong:256:hajong_gopalbari:1
hajong_balachanda,,puɾa,full,,puɾa,lexical-similarity-group:2,kim-ahmad-kim-sangma2011hajong[p. 59],,,hajong:256:hajong_balachanda:3
hajong_gopalbari,,kʰali,empty,,kʰali,lexical-similarity-group:1,kim-ahmad-kim-sangma2011hajong[p. 59],,,hajong:257:hajong_gopalbari:1
hajong_gopalpur,,kʰali,empty,,kʰali,lexical-similarity-group:1,kim-ahmad-kim-sangma2011hajong[p. 59],,,hajong:257:hajong_gopalpur:1
hajong_bhalukapara,,kʰali,empty,,kʰali,lexical-similarity-group:1,kim-ahmad-kim-sangma2011hajong[p. 59],,,hajong:257:hajong_bhalukapara:1
hajong_nokshi,,kʰali,empty,,kʰali,lexical-similarity-group:1,kim-ahmad-kim-sangma2011hajong[p. 59],,,hajong:257:hajong_nokshi:1
hajong_nugapara,,kʰali,empty,,kʰali,lexical-similarity-group:1,kim-ahmad-kim-sangma2011hajong[p. 59],,,hajong:257:hajong_nugapara:1
hajong_chilapara,,kʰali,empty,,kʰali,lexical-similarity-group:1,kim-ahmad-kim-sangma2011hajong[p. 59],,,hajong:257:hajong_chilapara:1
hajong_nirghini,,kʰali,empty,,kʰali,lexical-similarity-group:1,kim-ahmad-kim-sangma2011hajong[p. 59],,,hajong:257:hajong_nirghini:1
hajong_dalugau,,kʰali,empty,,kʰali,lexical-similarity-group:1,kim-ahmad-kim-sangma2011hajong[p. 59],,,hajong:257:hajong_dalugau:1
hajong_balachanda,,kʰali,empty,,kʰali,lexical-similarity-group:1,kim-ahmad-kim-sangma2011hajong[p. 59],,,hajong:257:hajong_balachanda:1
hajong_dhamor,,kʰali,empty,,kʰali,lexical-similarity-group:1,kim-ahmad-kim-sangma2011hajong[p. 59],,,hajong:257:hajong_dhamor:1
hajong_nirghini,,bʰuk,hungry,,bʰuk,lexical-similarity-group:1,kim-ahmad-kim-sangma2011hajong[p. 59],,,hajong:258:hajong_nirghini:1
hajong_nokshi,,bʰɔk,hungry,,bʰɔk,lexical-similarity-group:1,kim-ahmad-kim-sangma2011hajong[p. 59],,,hajong:258:hajong_nokshi:1
hajong_bhalukapara,,bʰok,hungry,,bʰok,lexical-similarity-group:1,kim-ahmad-kim-sangma2011hajong[p. 59],,,hajong:258:hajong_bhalukapara:1
hajong_nugapara,,bʰok,hungry,,bʰok,lexical-similarity-group:1,kim-ahmad-kim-sangma2011hajong[p. 59],,,hajong:258:hajong_nugapara:1
hajong_chilapara,,bʰok,hungry,,bʰok,lexical-similarity-group:1,kim-ahmad-kim-sangma2011hajong[p. 59],,,hajong:258:hajong_chilapara:1
hajong_dalugau,,bʰok,hungry,,bʰok,lexical-similarity-group:1,kim-ahmad-kim-sangma2011hajong[p. 59],,,hajong:258:hajong_dalugau:1
hajong_dhamor,,bʰok,hungry,,bʰok,lexical-similarity-group:1,kim-ahmad-kim-sangma2011hajong[p. 59],,,hajong:258:hajong_dhamor:1
hajong_balachanda,,bʰuklaɡa,hungry,,bʰuklaɡa,lexical-similarity-group:1,kim-ahmad-kim-sangma2011hajong[p. 59],,,hajong:258:hajong_balachanda:1
hajong_gopalbari,,bɔk,hungry,,bɔk,lexical-similarity-group:1,kim-ahmad-kim-sangma2011hajong[p. 59],,,hajong:258:hajong_gopalbari:1
hajong_gopalpur,,bok,hungry,,bok,lexical-similarity-group:1,kim-ahmad-kim-sangma2011hajong[p. 59],,,hajong:258:hajong_gopalpur:1
hajong_chilapara,,pias,thirsty,,pias,lexical-similarity-group:1,kim-ahmad-kim-sangma2011hajong[p. 59],,,hajong:259:hajong_chilapara:1
hajong_dhamor,,panti,thirsty,,panti,lexical-similarity-group:2,kim-ahmad-kim-sangma2011hajong[p. 59],,,hajong:259:hajong_dhamor:1
hajong_nugapara,,panitanlakse,thirsty,,panitanlakse,lexical-similarity-group:3,kim-ahmad-kim-sangma2011hajong[p. 59],,,hajong:259:hajong_nugapara:1
hajong_dalugau,,panitanlakse,thirsty,,panitanlakse,lexical-similarity-group:3,kim-ahmad-kim-sangma2011hajong[p. 59],,,hajong:259:hajong_dalugau:1
hajong_nirghini,,paniteslaɡise,thirsty,,paniteslaɡise,lexical-similarity-group:3,kim-ahmad-kim-sangma2011hajong[p. 59],,,hajong:259:hajong_nirghini:1
hajong_nugapara,,panikʰaŋkuse,thirsty,,panikʰaŋkuse,lexical-similarity-group:4,kim-ahmad-kim-sangma2011hajong[p. 59],,,hajong:259:hajong_nugapara:2
hajong_chilapara,,pias,thirsty,,pias,lexical-similarity-group:5,kim-ahmad-kim-sangma2011hajong[p. 59],,,hajong:259:hajong_chilapara:2
hajong_balachanda,,ties,thirsty,,ties,lexical-similarity-group:5,kim-ahmad-kim-sangma2011hajong[p. 59],,,hajong:259:hajong_balachanda:1
hajong_chilapara,,mitʰa,sweet,,mitʰa,lexical-similarity-group:1,kim-ahmad-kim-sangma2011hajong[p. 59],,,hajong:260:hajong_chilapara:1
hajong_nirghini,,mitʰa,sweet,,mitʰa,lexical-similarity-group:1,kim-ahmad-kim-sangma2011hajong[p. 59],,,hajong:260:hajong_nirghini:1
hajong_balachanda,,mitʰa,sweet,,mitʰa,lexical-similarity-group:1,kim-ahmad-kim-sangma2011hajong[p. 59],,,hajong:260:hajong_balachanda:1
hajong_dhamor,,mitʰa,sweet,,mitʰa,lexical-similarity-group:1,kim-ahmad-kim-sangma2011hajong[p. 59],,,hajong:260:hajong_dhamor:1
hajong_nugapara,,mitʰə,sweet,,mitʰə,lexical-similarity-group:1,kim-ahmad-kim-sangma2011hajong[p. 59],,,hajong:260:hajong_nugapara:1
hajong_dalugau,,mitʰə,sweet,,mitʰə,lexical-similarity-group:1,kim-ahmad-kim-sangma2011hajong[p. 59],,,hajong:260:hajong_dalugau:1
hajong_gopalbari,,mitʰɯ,sweet,,mitʰɯ,lexical-similarity-group:1,kim-ahmad-kim-sangma2011hajong[p. 59],,,hajong:260:hajong_gopalbari:1
hajong_gopalpur,,mitʰɯ,sweet,,mitʰɯ,lexical-similarity-group:1,kim-ahmad-kim-sangma2011hajong[p. 59],,,hajong:260:hajong_gopalpur:1
hajong_bhalukapara,,mitʰɯ,sweet,,mitʰɯ,lexical-similarity-group:1,kim-ahmad-kim-sangma2011hajong[p. 59],,,hajong:260:hajong_bhalukapara:1
hajong_nokshi,,mitʰɯ,sweet,,mitʰɯ,lexical-similarity-group:1,kim-ahmad-kim-sangma2011hajong[p. 59],,,hajong:260:hajong_nokshi:1
hajong_nugapara,,teŋa,sour,,teŋa,lexical-similarity-group:1,kim-ahmad-kim-sangma2011hajong[p. 59],,,hajong:261:hajong_nugapara:1
hajong_chilapara,,teŋa,sour,,teŋa,lexical-similarity-group:1,kim-ahmad-kim-sangma2011hajong[p. 59],,,hajong:261:hajong_chilapara:1
hajong_nirghini,,teŋa,sour,,teŋa,lexical-similarity-group:1,kim-ahmad-kim-sangma2011hajong[p. 59],,,hajong:261:hajong_nirghini:1
hajong_balachanda,,teŋa,sour,,teŋa,lexical-similarity-group:1,kim-ahmad-kim-sangma2011hajong[p. 59],,,hajong:261:hajong_balachanda:1
hajong_dhamor,,teŋa,sour,,teŋa,lexical-similarity-group:1,kim-ahmad-kim-sangma2011hajong[p. 59],,,hajong:261:hajong_dhamor:1
hajong_nokshi,,tiŋa,sour,,tiŋa,lexical-similarity-group:1,kim-ahmad-kim-sangma2011hajong[p. 59],,,hajong:261:hajong_nokshi:1
hajong_gopalbari,,tʃukɯ,sour,,tʃukɯ,lexical-similarity-group:2,kim-ahmad-kim-sangma2011hajong[p. 59],,,hajong:261:hajong_gopalbari:1
hajong_gopalpur,,tʃukɯ,sour,,tʃukɯ,lexical-similarity-group:2,kim-ahmad-kim-sangma2011hajong[p. 59],,,hajong:261:hajong_gopalpur:1
hajong_bhalukapara,,tʃukɯ,sour,,tʃukɯ,lexical-similarity-group:2,kim-ahmad-kim-sangma2011hajong[p. 59],,,hajong:261:hajong_bhalukapara:1
hajong_nokshi,,tʃukɯ,sour,,tʃukɯ,lexical-similarity-group:2,kim-ahmad-kim-sangma2011hajong[p. 59],,,hajong:261:hajong_nokshi:2
hajong_nugapara,,tʃukau,sour,,tʃukau,lexical-similarity-group:2,kim-ahmad-kim-sangma2011hajong[p. 59],,,hajong:261:hajong_nugapara:2
hajong_dalugau,,tʃukə,sour,,tʃukə,lexical-similarity-group:2,kim-ahmad-kim-sangma2011hajong[p. 59],,,hajong:261:hajong_dalugau:1
hajong_nugapara,,tita,bitter,,tita,lexical-similarity-group:1,kim-ahmad-kim-sangma2011hajong[p. 59],,,hajong:262:hajong_nugapara:1
hajong_chilapara,,tita,bitter,,tita,lexical-similarity-group:1,kim-ahmad-kim-sangma2011hajong[p. 59],,,hajong:262:hajong_chilapara:1
hajong_nirghini,,tita,bitter,,tita,lexical-similarity-group:1,kim-ahmad-kim-sangma2011hajong[p. 59],,,hajong:262:hajong_nirghini:1
hajong_balachanda,,tita,bitter,,tita,lexical-similarity-group:1,kim-ahmad-kim-sangma2011hajong[p. 59],,,hajong:262:hajong_balachanda:1
hajong_dhamor,,tita,bitter,,tita,lexical-similarity-group:1,kim-ahmad-kim-sangma2011hajong[p. 59],,,hajong:262:hajong_dhamor:1
hajong_dalugau,,titə,bitter,,titə,lexical-similarity-group:1,kim-ahmad-kim-sangma2011hajong[p. 59],,,hajong:262:hajong_dalugau:1
hajong_gopalbari,,titɯ,bitter,,titɯ,lexical-similarity-group:1,kim-ahmad-kim-sangma2011hajong[p. 59],,,hajong:262:hajong_gopalbari:1
hajong_gopalpur,,titɯ,bitter,,titɯ,lexical-similarity-group:1,kim-ahmad-kim-sangma2011hajong[p. 59],,,hajong:262:hajong_gopalpur:1
hajong_bhalukapara,,titɯ,bitter,,titɯ,lexical-similarity-group:1,kim-ahmad-kim-sangma2011hajong[p. 59],,,hajong:262:hajong_bhalukapara:1
hajong_nokshi,,titɯ,bitter,,titɯ,lexical-similarity-group:1,kim-ahmad-kim-sangma2011hajong[p. 59],,,hajong:262:hajong_nokshi:1
hajong_bhalukapara,,ɖʒʰala,"spicy, hot",,ɖʒʰala,lexical-similarity-group:1,kim-ahmad-kim-sangma2011hajong[p. 59],,,hajong:263:hajong_bhalukapara:1
hajong_nokshi,,ɖʒʰala,"spicy, hot",,ɖʒʰala,lexical-similarity-group:1,kim-ahmad-kim-sangma2011hajong[p. 59],,,hajong:263:hajong_nokshi:1
hajong_gopalbari,,dʒala,"spicy, hot",,dʒala,lexical-similarity-group:1,kim-ahmad-kim-sangma2011hajong[p. 59],,,hajong:263:hajong_gopalbari:1
hajong_gopalpur,,dʒala,"spicy, hot",,dʒala,lexical-similarity-group:1,kim-ahmad-kim-sangma2011hajong[p. 59],,,hajong:263:hajong_gopalpur:1
hajong_nugapara,,dʒala,"spicy, hot",,dʒala,lexical-similarity-group:1,kim-ahmad-kim-sangma2011hajong[p. 59],,,hajong:263:hajong_nugapara:1
hajong_chilapara,,dʒala,"spicy, hot",,dʒala,lexical-similarity-group:1,kim-ahmad-kim-sangma2011hajong[p. 59],,,hajong:263:hajong_chilapara:1
hajong_nirghini,,dʒala,"spicy, hot",,dʒala,lexical-similarity-group:1,kim-ahmad-kim-sangma2011hajong[p. 59],,,hajong:263:hajong_nirghini:1
hajong_dalugau,,dʒala,"spicy, hot",,dʒala,lexical-similarity-group:1,kim-ahmad-kim-sangma2011hajong[p. 59],,,hajong:263:hajong_dalugau:1
hajong_balachanda,,dʒala,"spicy, hot",,dʒala,lexical-similarity-group:1,kim-ahmad-kim-sangma2011hajong[p. 59],,,hajong:263:hajong_balachanda:1
hajong_dhamor,,dʒala,"spicy, hot",,dʒala,lexical-similarity-group:1,kim-ahmad-kim-sangma2011hajong[p. 59],,,hajong:263:hajong_dhamor:1
hajong_gopalbari,,bika,ripe,,bika,lexical-similarity-group:1,kim-ahmad-kim-sangma2011hajong[p. 59],,,hajong:264:hajong_gopalbari:1
hajong_gopalpur,,paka,ripe,,paka,lexical-similarity-group:1,kim-ahmad-kim-sangma2011hajong[p. 59],,,hajong:264:hajong_gopalpur:1
hajong_bhalukapara,,paka,ripe,,paka,lexical-similarity-group:1,kim-ahmad-kim-sangma2011hajong[p. 59],,,hajong:264:hajong_bhalukapara:1
hajong_nokshi,,paka,ripe,,paka,lexical-similarity-group:1,kim-ahmad-kim-sangma2011hajong[p. 59],,,hajong:264:hajong_nokshi:1
hajong_nugapara,,paka,ripe,,paka,lexical-similarity-group:1,kim-ahmad-kim-sangma2011hajong[p. 59],,,hajong:264:hajong_nugapara:1
hajong_chilapara,,paka,ripe,,paka,lexical-similarity-group:1,kim-ahmad-kim-sangma2011hajong[p. 59],,,hajong:264:hajong_chilapara:1
hajong_nirghini,,paka,ripe,,paka,lexical-similarity-group:1,kim-ahmad-kim-sangma2011hajong[p. 59],,,hajong:264:hajong_nirghini:1
hajong_dalugau,,paka,ripe,,paka,lexical-similarity-group:1,kim-ahmad-kim-sangma2011hajong[p. 59],,,hajong:264:hajong_dalugau:1
hajong_balachanda,,paka,ripe,,paka,lexical-similarity-group:1,kim-ahmad-kim-sangma2011hajong[p. 59],,,hajong:264:hajong_balachanda:1
hajong_gopalpur,,paka,ripe,,paka,lexical-similarity-group:2,kim-ahmad-kim-sangma2011hajong[p. 59],,,hajong:264:hajong_gopalpur:2
hajong_bhalukapara,,paka,ripe,,paka,lexical-similarity-group:2,kim-ahmad-kim-sangma2011hajong[p. 59],,,hajong:264:hajong_bhalukapara:2
hajong_nokshi,,paka,ripe,,paka,lexical-similarity-group:2,kim-ahmad-kim-sangma2011hajong[p. 59],,,hajong:264:hajong_nokshi:2
hajong_nugapara,,paka,ripe,,paka,lexical-similarity-group:2,kim-ahmad-kim-sangma2011hajong[p. 59],,,hajong:264:hajong_nugapara:2
hajong_chilapara,,paka,ripe,,paka,lexical-similarity-group:2,kim-ahmad-kim-sangma2011hajong[p. 59],,,hajong:264:hajong_chilapara:2
hajong_nirghini,,paka,ripe,,paka,lexical-similarity-group:2,kim-ahmad-kim-sangma2011hajong[p. 59],,,hajong:264:hajong_nirghini:2
hajong_dalugau,,paka,ripe,,paka,lexical-similarity-group:2,kim-ahmad-kim-sangma2011hajong[p. 59],,,hajong:264:hajong_dalugau:2
hajong_balachanda,,paka,ripe,,paka,lexical-similarity-group:2,kim-ahmad-kim-sangma2011hajong[p. 59],,,hajong:264:hajong_balachanda:2
hajong_dhamor,,pakise,ripe,,pakise,lexical-similarity-group:2,kim-ahmad-kim-sangma2011hajong[p. 59],,,hajong:264:hajong_dhamor:1
hajong_gopalbari,,poʃa,rotten (fruit),,poʃa,lexical-similarity-group:1,kim-ahmad-kim-sangma2011hajong[p. 59],,,hajong:265:hajong_gopalbari:1
hajong_gopalpur,,poʃa,rotten (fruit),,poʃa,lexical-similarity-group:1,kim-ahmad-kim-sangma2011hajong[p. 59],,,hajong:265:hajong_gopalpur:1
hajong_balachanda,,potʃa,rotten (fruit),,potʃa,lexical-similarity-group:1,kim-ahmad-kim-sangma2011hajong[p. 59],,,hajong:265:hajong_balachanda:1
hajong_nirghini,,potʃi,rotten (fruit),,potʃi,lexical-similarity-group:1,kim-ahmad-kim-sangma2011hajong[p. 59],,,hajong:265:hajong_nirghini:1
hajong_bhalukapara,,pusa,rotten (fruit),,pusa,lexical-similarity-group:1,kim-ahmad-kim-sangma2011hajong[p. 59],,,hajong:265:hajong_bhalukapara:1
hajong_nokshi,,pusa,rotten (fruit),,pusa,lexical-similarity-group:1,kim-ahmad-kim-sangma2011hajong[p. 59],,,hajong:265:hajong_nokshi:1
hajong_nugapara,,putʃa,rotten (fruit),,putʃa,lexical-similarity-group:1,kim-ahmad-kim-sangma2011hajong[p. 59],,,hajong:265:hajong_nugapara:1
hajong_chilapara,,putʃa,rotten (fruit),,putʃa,lexical-similarity-group:1,kim-ahmad-kim-sangma2011hajong[p. 59],,,hajong:265:hajong_chilapara:1
hajong_dalugau,,putʃa,rotten (fruit),,putʃa,lexical-similarity-group:1,kim-ahmad-kim-sangma2011hajong[p. 59],,,hajong:265:hajong_dalugau:1
hajong_dhamor,,putʃa,rotten (fruit),,putʃa,lexical-similarity-group:1,kim-ahmad-kim-sangma2011hajong[p. 59],,,hajong:265:hajong_dhamor:1
hajong_chilapara,,aɡe,fast,,aɡe,lexical-similarity-group:1,kim-ahmad-kim-sangma2011hajong[p. 59],,,hajong:266:hajong_chilapara:1
hajong_nugapara,,taɾataɾi,fast,,taɾataɾi,lexical-similarity-group:2,kim-ahmad-kim-sangma2011hajong[p. 59],,,hajong:266:hajong_nugapara:1
hajong_nirghini,,taɾataɾi,fast,,taɾataɾi,lexical-similarity-group:2,kim-ahmad-kim-sangma2011hajong[p. 59],,,hajong:266:hajong_nirghini:1
hajong_dalugau,,taɾataɾi,fast,,taɾataɾi,lexical-similarity-group:2,kim-ahmad-kim-sangma2011hajong[p. 59],,,hajong:266:hajong_dalugau:1
hajong_balachanda,,taɾataɾi,fast,,taɾataɾi,lexical-similarity-group:2,kim-ahmad-kim-sangma2011hajong[p. 59],,,hajong:266:hajong_balachanda:1
hajong_dhamor,,tataɾi,fast,,tataɾi,lexical-similarity-group:2,kim-ahmad-kim-sangma2011hajong[p. 59],,,hajong:266:hajong_dhamor:1
hajong_nugapara,,dʒuɾidʒai,fast,,dʒuɾidʒai,lexical-similarity-group:3,kim-ahmad-kim-sangma2011hajong[p. 59],,,hajong:266:hajong_nugapara:2
hajong_bhalukapara,,aste,slow,,aste,lexical-similarity-group:1,kim-ahmad-kim-sangma2011hajong[p. 59],,,hajong:267:hajong_bhalukapara:1
hajong_nokshi,,aste,slow,,aste,lexical-similarity-group:1,kim-ahmad-kim-sangma2011hajong[p. 59],,,hajong:267:hajong_nokshi:1
hajong_nugapara,,aste,slow,,aste,lexical-similarity-group:1,kim-ahmad-kim-sangma2011hajong[p. 59],,,hajong:267:hajong_nugapara:1
hajong_chilapara,,aste,slow,,aste,lexical-similarity-group:1,kim-ahmad-kim-sangma2011hajong[p. 59],,,hajong:267:hajong_chilapara:1
hajong_nirghini,,aste,slow,,aste,lexical-similarity-group:1,kim-ahmad-kim-sangma2011hajong[p. 59],,,hajong:267:hajong_nirghini:1
hajong_dalugau,,aste,slow,,aste,lexical-similarity-group:1,kim-ahmad-kim-sangma2011hajong[p. 59],,,hajong:267:hajong_dalugau:1
hajong_balachanda,,aste,slow,,aste,lexical-similarity-group:1,kim-ahmad-kim-sangma2011hajong[p. 59],,,hajong:267:hajong_balachanda:1
hajong_dhamor,,aste,slow,,aste,lexical-similarity-group:1,kim-ahmad-kim-sangma2011hajong[p. 59],,,hajong:267:hajong_dhamor:1
hajong_gopalbari,,ɯste,slow,,ɯste,lexical-similarity-group:1,kim-ahmad-kim-sangma2011hajong[p. 59],,,hajong:267:hajong_gopalbari:1
hajong_gopalpur,,ɾebɾeb,slow,,ɾebɾeb,lexical-similarity-group:3,kim-ahmad-kim-sangma2011hajong[p. 59],,,hajong:267:hajong_gopalpur:1
hajong_bhalukapara,,ɾebɾeb,slow,,ɾebɾeb,lexical-similarity-group:3,kim-ahmad-kim-sangma2011hajong[p. 59],,,hajong:267:hajong_bhalukapara:2
hajong_chilapara,,eke,same,,eke,lexical-similarity-group:1,kim-ahmad-kim-sangma2011hajong[p. 60],,,hajong:268:hajong_chilapara:1
hajong_nirghini,,eke,same,,eke,lexical-similarity-group:1,kim-ahmad-kim-sangma2011hajong[p. 60],,,hajong:268:hajong_nirghini:1
hajong_dalugau,,eke,same,,eke,lexical-similarity-group:1,kim-ahmad-kim-sangma2011hajong[p. 60],,,hajong:268:hajong_dalugau:1
hajong_balachanda,,eke,same,,eke,lexical-similarity-group:1,kim-ahmad-kim-sangma2011hajong[p. 60],,,hajong:268:hajong_balachanda:1
hajong_bhalukapara,,eɡɾai,same,,eɡɾai,lexical-similarity-group:2,kim-ahmad-kim-sangma2011hajong[p. 60],,,hajong:268:hajong_bhalukapara:1
hajong_nokshi,,eɡɾai,same,,eɡɾai,lexical-similarity-group:2,kim-ahmad-kim-sangma2011hajong[p. 60],,,hajong:268:hajong_nokshi:1
hajong_dhamor,,ekɾai,same,,ekɾai,lexical-similarity-group:2,kim-ahmad-kim-sangma2011hajong[p. 60],,,hajong:268:hajong_dhamor:1
hajong_nugapara,,eksoman,same,,eksoman,lexical-similarity-group:3,kim-ahmad-kim-sangma2011hajong[p. 60],,,hajong:268:hajong_nugapara:1
hajong_gopalbari,,ekɖʒat,same,,ekɖʒat,lexical-similarity-group:4,kim-ahmad-kim-sangma2011hajong[p. 60],,,hajong:268:hajong_gopalbari:1
hajong_gopalpur,,eklɔɡɔn,same,,eklɔɡɔn,lexical-similarity-group:5,kim-ahmad-kim-sangma2011hajong[p. 60],,,hajong:268:hajong_gopalpur:1
hajong_gopalpur,,alda,different,,alda,lexical-similarity-group:1,kim-ahmad-kim-sangma2011hajong[p. 60],,,hajong:269:hajong_gopalpur:1
hajong_nugapara,,alda,different,,alda,lexical-similarity-group:1,kim-ahmad-kim-sangma2011hajong[p. 60],,,hajong:269:hajong_nugapara:1
hajong_chilapara,,alda,different,,alda,lexical-similarity-group:1,kim-ahmad-kim-sangma2011hajong[p. 60],,,hajong:269:hajong_chilapara:1
hajong_nirghini,,alda,different,,alda,lexical-similarity-group:1,kim-ahmad-kim-sangma2011hajong[p. 60],,,hajong:269:hajong_nirghini:1
hajong_dalugau,,alda,different,,alda,lexical-similarity-group:1,kim-ahmad-kim-sangma2011hajong[p. 60],,,hajong:269:hajong_dalugau:1
hajong_balachanda,,alda,different,,alda,lexical-similarity-group:1,kim-ahmad-kim-sangma2011hajong[p. 60],,,hajong:269:hajong_balachanda:1
hajong_dhamor,,alɡa,different,,alɡa,lexical-similarity-group:1,kim-ahmad-kim-sangma2011hajong[p. 60],,,hajong:269:hajong_dhamor:1
hajong_gopalbari,,alada,different,,alada,lexical-similarity-group:3,kim-ahmad-kim-sangma2011hajong[p. 60],,,hajong:269:hajong_gopalbari:1
hajong_bhalukapara,,alada,different,,alada,lexical-similarity-group:3,kim-ahmad-kim-sangma2011hajong[p. 60],,,hajong:269:hajong_bhalukapara:1
hajong_nokshi,,alada,different,,alada,lexical-similarity-group:3,kim-ahmad-kim-sangma2011hajong[p. 60],,,hajong:269:hajong_nokshi:1
hajong_gopalpur,,alda,different,,alda,lexical-similarity-group:3,kim-ahmad-kim-sangma2011hajong[p. 60],,,hajong:269:hajong_gopalpur:2
hajong_nugapara,,alda,different,,alda,lexical-similarity-group:3,kim-ahmad-kim-sangma2011hajong[p. 60],,,hajong:269:hajong_nugapara:2
hajong_chilapara,,alda,different,,alda,lexical-similarity-group:3,kim-ahmad-kim-sangma2011hajong[p. 60],,,hajong:269:hajong_chilapara:2
hajong_nirghini,,alda,different,,alda,lexical-similarity-group:3,kim-ahmad-kim-sangma2011hajong[p. 60],,,hajong:269:hajong_nirghini:2
hajong_dalugau,,alda,different,,alda,lexical-similarity-group:3,kim-ahmad-kim-sangma2011hajong[p. 60],,,hajong:269:hajong_dalugau:2
hajong_balachanda,,alda,different,,alda,lexical-similarity-group:3,kim-ahmad-kim-sangma2011hajong[p. 60],,,hajong:269:hajong_balachanda:2
hajong_nirghini,,hukase,dry,,hukase,lexical-similarity-group:1,kim-ahmad-kim-sangma2011hajong[p. 60],,,hajong:270:hajong_nirghini:1
hajong_dhamor,,hukase,dry,,hukase,lexical-similarity-group:1,kim-ahmad-kim-sangma2011hajong[p. 60],,,hajong:270:hajong_dhamor:1
hajong_nugapara,,hukə,dry,,hukə,lexical-similarity-group:1,kim-ahmad-kim-sangma2011hajong[p. 60],,,hajong:270:hajong_nugapara:1
hajong_chilapara,,hukna,dry,,hukna,lexical-similarity-group:2,kim-ahmad-kim-sangma2011hajong[p. 60],,,hajong:270:hajong_chilapara:1
hajong_dalugau,,hukna,dry,,hukna,lexical-similarity-group:2,kim-ahmad-kim-sangma2011hajong[p. 60],,,hajong:270:hajong_dalugau:1
hajong_gopalbari,,huknɯ,dry,,huknɯ,lexical-similarity-group:2,kim-ahmad-kim-sangma2011hajong[p. 60],,,hajong:270:hajong_gopalbari:1
hajong_gopalpur,,huknɯ,dry,,huknɯ,lexical-similarity-group:2,kim-ahmad-kim-sangma2011hajong[p. 60],,,hajong:270:hajong_gopalpur:1
hajong_bhalukapara,,huknɯ,dry,,huknɯ,lexical-similarity-group:2,kim-ahmad-kim-sangma2011hajong[p. 60],,,hajong:270:hajong_bhalukapara:1
hajong_nokshi,,huknɯ,dry,,huknɯ,lexical-similarity-group:2,kim-ahmad-kim-sangma2011hajong[p. 60],,,hajong:270:hajong_nokshi:1
hajong_balachanda,,sukan,dry,,sukan,lexical-similarity-group:3,kim-ahmad-kim-sangma2011hajong[p. 60],,,hajong:270:hajong_balachanda:1
hajong_nugapara,,hukə,dry,,hukə,lexical-similarity-group:4,kim-ahmad-kim-sangma2011hajong[p. 60],,,hajong:270:hajong_nugapara:2
hajong_chilapara,,hukna,dry,,hukna,lexical-similarity-group:4,kim-ahmad-kim-sangma2011hajong[p. 60],,,hajong:270:hajong_chilapara:2
hajong_dalugau,,hukna,dry,,hukna,lexical-similarity-group:4,kim-ahmad-kim-sangma2011hajong[p. 60],,,hajong:270:hajong_dalugau:2
hajong_gopalbari,,huknɯ,dry,,huknɯ,lexical-similarity-group:4,kim-ahmad-kim-sangma2011hajong[p. 60],,,hajong:270:hajong_gopalbari:2
hajong_gopalpur,,huknɯ,dry,,huknɯ,lexical-similarity-group:4,kim-ahmad-kim-sangma2011hajong[p. 60],,,hajong:270:hajong_gopalpur:2
hajong_bhalukapara,,huknɯ,dry,,huknɯ,lexical-similarity-group:4,kim-ahmad-kim-sangma2011hajong[p. 60],,,hajong:270:hajong_bhalukapara:2
hajong_nokshi,,huknɯ,dry,,huknɯ,lexical-similarity-group:4,kim-ahmad-kim-sangma2011hajong[p. 60],,,hajong:270:hajong_nokshi:2
hajong_bhalukapara,,bʰiɖʒɯ,wet,,bʰiɖʒɯ,lexical-similarity-group:1,kim-ahmad-kim-sangma2011hajong[p. 60],,,hajong:271:hajong_bhalukapara:1
hajong_nokshi,,bʰiɖʒɯ,wet,,bʰiɖʒɯ,lexical-similarity-group:1,kim-ahmad-kim-sangma2011hajong[p. 60],,,hajong:271:hajong_nokshi:1
hajong_chilapara,,bʰidʒa,wet,,bʰidʒa,lexical-similarity-group:1,kim-ahmad-kim-sangma2011hajong[p. 60],,,hajong:271:hajong_chilapara:1
hajong_gopalbari,,biɖʒɯ,wet,,biɖʒɯ,lexical-similarity-group:1,kim-ahmad-kim-sangma2011hajong[p. 60],,,hajong:271:hajong_gopalbari:1
hajong_gopalpur,,biɖʒɯ,wet,,biɖʒɯ,lexical-similarity-group:1,kim-ahmad-kim-sangma2011hajong[p. 60],,,hajong:271:hajong_gopalpur:1
hajong_nugapara,,bidʒa,wet,,bidʒa,lexical-similarity-group:1,kim-ahmad-kim-sangma2011hajong[p. 60],,,hajong:271:hajong_nugapara:1
hajong_dalugau,,bidʒa,wet,,bidʒa,lexical-similarity-group:1,kim-ahmad-kim-sangma2011hajong[p. 60],,,hajong:271:hajong_dalugau:1
hajong_balachanda,,bidʒa,wet,,bidʒa,lexical-similarity-group:1,kim-ahmad-kim-sangma2011hajong[p. 60],,,hajong:271:hajong_balachanda:1
hajong_dhamor,,bidʒa,wet,,bidʒa,lexical-similarity-group:1,kim-ahmad-kim-sangma2011hajong[p. 60],,,hajong:271:hajong_dhamor:1
hajong_nirghini,,bidʒise,wet,,bidʒise,lexical-similarity-group:1,kim-ahmad-kim-sangma2011hajong[p. 60],,,hajong:271:hajong_nirghini:1
hajong_gopalbari,,ɡɔɾɔm,hot,,ɡɔɾɔm,lexical-similarity-group:1,kim-ahmad-kim-sangma2011hajong[p. 60],,,hajong:272:hajong_gopalbari:1
hajong_gopalpur,,ɡɔɾɔm,hot,,ɡɔɾɔm,lexical-similarity-group:1,kim-ahmad-kim-sangma2011hajong[p. 60],,,hajong:272:hajong_gopalpur:1
hajong_bhalukapara,,ɡɔɾɔm,hot,,ɡɔɾɔm,lexical-similarity-group:1,kim-ahmad-kim-sangma2011hajong[p. 60],,,hajong:272:hajong_bhalukapara:1
hajong_nokshi,,ɡɔɾɔm,hot,,ɡɔɾɔm,lexical-similarity-group:1,kim-ahmad-kim-sangma2011hajong[p. 60],,,hajong:272:hajong_nokshi:1
hajong_nugapara,,ɡoɾom,hot,,ɡoɾom,lexical-similarity-group:1,kim-ahmad-kim-sangma2011hajong[p. 60],,,hajong:272:hajong_nugapara:1
hajong_chilapara,,ɡoɾom,hot,,ɡoɾom,lexical-similarity-group:1,kim-ahmad-kim-sangma2011hajong[p. 60],,,hajong:272:hajong_chilapara:1
hajong_nirghini,,ɡoɾom,hot,,ɡoɾom,lexical-similarity-group:1,kim-ahmad-kim-sangma2011hajong[p. 60],,,hajong:272:hajong_nirghini:1
hajong_dalugau,,ɡoɾom,hot,,ɡoɾom,lexical-similarity-group:1,kim-ahmad-kim-sangma2011hajong[p. 60],,,hajong:272:hajong_dalugau:1
hajong_balachanda,,ɡoɾom,hot,,ɡoɾom,lexical-similarity-group:1,kim-ahmad-kim-sangma2011hajong[p. 60],,,hajong:272:hajong_balachanda:1
hajong_dhamor,,ɡoɾom,hot,,ɡoɾom,lexical-similarity-group:1,kim-ahmad-kim-sangma2011hajong[p. 60],,,hajong:272:hajong_dhamor:1
hajong_gopalbari,,ʈʰanda,cold,,ʈʰanda,lexical-similarity-group:1,kim-ahmad-kim-sangma2011hajong[p. 60],,,hajong:273:hajong_gopalbari:1
hajong_gopalpur,,ʈʰanda,cold,,ʈʰanda,lexical-similarity-group:1,kim-ahmad-kim-sangma2011hajong[p. 60],,,hajong:273:hajong_gopalpur:1
hajong_bhalukapara,,tʰanda,cold,,tʰanda,lexical-similarity-group:1,kim-ahmad-kim-sangma2011hajong[p. 60],,,hajong:273:hajong_bhalukapara:1
hajong_nokshi,,tʰanda,cold,,tʰanda,lexical-similarity-group:1,kim-ahmad-kim-sangma2011hajong[p. 60],,,hajong:273:hajong_nokshi:1
hajong_nugapara,,tʰanda,cold,,tʰanda,lexical-similarity-group:1,kim-ahmad-kim-sangma2011hajong[p. 60],,,hajong:273:hajong_nugapara:1
hajong_chilapara,,tʰanda,cold,,tʰanda,lexical-similarity-group:1,kim-ahmad-kim-sangma2011hajong[p. 60],,,hajong:273:hajong_chilapara:1
hajong_nirghini,,tʰanda,cold,,tʰanda,lexical-similarity-group:1,kim-ahmad-kim-sangma2011hajong[p. 60],,,hajong:273:hajong_nirghini:1
hajong_dalugau,,tʰanda,cold,,tʰanda,lexical-similarity-group:1,kim-ahmad-kim-sangma2011hajong[p. 60],,,hajong:273:hajong_dalugau:1
hajong_balachanda,,tʰanda,cold,,tʰanda,lexical-similarity-group:1,kim-ahmad-kim-sangma2011hajong[p. 60],,,hajong:273:hajong_balachanda:1
hajong_dhamor,,tʰanda,cold,,tʰanda,lexical-similarity-group:1,kim-ahmad-kim-sangma2011hajong[p. 60],,,hajong:273:hajong_dhamor:1
hajong_gopalbari,,bala,good,,bala,lexical-similarity-group:1,kim-ahmad-kim-sangma2011hajong[p. 60],,,hajong:274:hajong_gopalbari:1
hajong_gopalpur,,bala,good,,bala,lexical-similarity-group:1,kim-ahmad-kim-sangma2011hajong[p. 60],,,hajong:274:hajong_gopalpur:1
hajong_bhalukapara,,bʰala,good,,bʰala,lexical-similarity-group:1,kim-ahmad-kim-sangma2011hajong[p. 60],,,hajong:274:hajong_bhalukapara:1
hajong_nokshi,,bʰala,good,,bʰala,lexical-similarity-group:1,kim-ahmad-kim-sangma2011hajong[p. 60],,,hajong:274:hajong_nokshi:1
hajong_nugapara,,bʰala,good,,bʰala,lexical-similarity-group:1,kim-ahmad-kim-sangma2011hajong[p. 60],,,hajong:274:hajong_nugapara:1
hajong_chilapara,,bʰala,good,,bʰala,lexical-similarity-group:1,kim-ahmad-kim-sangma2011hajong[p. 60],,,hajong:274:hajong_chilapara:1
hajong_nirghini,,bʰala,good,,bʰala,lexical-similarity-group:1,kim-ahmad-kim-sangma2011hajong[p. 60],,,hajong:274:hajong_nirghini:1
hajong_dalugau,,bʰala,good,,bʰala,lexical-similarity-group:1,kim-ahmad-kim-sangma2011hajong[p. 60],,,hajong:274:hajong_dalugau:1
hajong_balachanda,,bʰala,good,,bʰala,lexical-similarity-group:1,kim-ahmad-kim-sangma2011hajong[p. 60],,,hajong:274:hajong_balachanda:1
hajong_dhamor,,bʰala,good,,bʰala,lexical-similarity-group:1,kim-ahmad-kim-sangma2011hajong[p. 60],,,hajong:274:hajong_dhamor:1
hajong_nugapara,,neta,bad,,neta,lexical-similarity-group:1,kim-ahmad-kim-sangma2011hajong[p. 60],,,hajong:275:hajong_nugapara:1
hajong_chilapara,,netʰa,bad,,netʰa,lexical-similarity-group:1,kim-ahmad-kim-sangma2011hajong[p. 60],,,hajong:275:hajong_chilapara:1
hajong_dalugau,,netʰa,bad,,netʰa,lexical-similarity-group:1,kim-ahmad-kim-sangma2011hajong[p. 60],,,hajong:275:hajong_dalugau:1
hajong_balachanda,,netʰa,bad,,netʰa,lexical-similarity-group:1,kim-ahmad-kim-sangma2011hajong[p. 60],,,hajong:275:hajong_balachanda:1
hajong_dhamor,,netʰa,bad,,netʰa,lexical-similarity-group:1,kim-ahmad-kim-sangma2011hajong[p. 60],,,hajong:275:hajong_dhamor:1
hajong_gopalbari,,nitʰa,bad,,nitʰa,lexical-similarity-group:1,kim-ahmad-kim-sangma2011hajong[p. 60],,,hajong:275:hajong_gopalbari:1
hajong_gopalpur,,nitʰa,bad,,nitʰa,lexical-similarity-group:1,kim-ahmad-kim-sangma2011hajong[p. 60],,,hajong:275:hajong_gopalpur:1
hajong_bhalukapara,,nitʰa,bad,,nitʰa,lexical-similarity-group:1,kim-ahmad-kim-sangma2011hajong[p. 60],,,hajong:275:hajong_bhalukapara:1
hajong_nokshi,,nitʰa,bad,,nitʰa,lexical-similarity-group:1,kim-ahmad-kim-sangma2011hajong[p. 60],,,hajong:275:hajong_nokshi:1
hajong_nirghini,,kʰaɾab,bad,,kʰaɾab,lexical-similarity-group:2,kim-ahmad-kim-sangma2011hajong[p. 60],,,hajong:275:hajong_nirghini:1
hajong_gopalbari,,noija,new,,noija,lexical-similarity-group:1,kim-ahmad-kim-sangma2011hajong[p. 60],,,hajong:276:hajong_gopalbari:1
hajong_bhalukapara,,noija,new,,noija,lexical-similarity-group:1,kim-ahmad-kim-sangma2011hajong[p. 60],,,hajong:276:hajong_bhalukapara:1
hajong_nugapara,,noija,new,,noija,lexical-similarity-group:1,kim-ahmad-kim-sangma2011hajong[p. 60],,,hajong:276:hajong_nugapara:1
hajong_chilapara,,noija,new,,noija,lexical-similarity-group:1,kim-ahmad-kim-sangma2011hajong[p. 60],,,hajong:276:hajong_chilapara:1
hajong_dalugau,,noija,new,,noija,lexical-similarity-group:1,kim-ahmad-kim-sangma2011hajong[p. 60],,,hajong:276:hajong_dalugau:1
hajong_gopalpur,,noja,new,,noja,lexical-similarity-group:1,kim-ahmad-kim-sangma2011hajong[p. 60],,,hajong:276:hajong_gopalpur:1
hajong_nokshi,,noja,new,,noja,lexical-similarity-group:1,kim-ahmad-kim-sangma2011hajong[p. 60],,,hajong:276:hajong_nokshi:1
hajong_balachanda,,noja,new,,noja,lexical-similarity-group:1,kim-ahmad-kim-sangma2011hajong[p. 60],,,hajong:276:hajong_balachanda:1
hajong_dhamor,,noja,new,,noja,lexical-similarity-group:1,kim-ahmad-kim-sangma2011hajong[p. 60],,,hajong:276:hajong_dhamor:1
hajong_nirghini,,nautun,new,,nautun,lexical-similarity-group:2,kim-ahmad-kim-sangma2011hajong[p. 60],,,hajong:276:hajong_nirghini:1
hajong_gopalbari,,puɾan,old,,puɾan,lexical-similarity-group:1,kim-ahmad-kim-sangma2011hajong[p. 60],,,hajong:277:hajong_gopalbari:1
hajong_nugapara,,puɾan,old,,puɾan,lexical-similarity-group:1,kim-ahmad-kim-sangma2011hajong[p. 60],,,hajong:277:hajong_nugapara:1
hajong_chilapara,,puɾan,old,,puɾan,lexical-similarity-group:1,kim-ahmad-kim-sangma2011hajong[p. 60],,,hajong:277:hajong_chilapara:1
hajong_nirghini,,puɾan,old,,puɾan,lexical-similarity-group:1,kim-ahmad-kim-sangma2011hajong[p. 60],,,hajong:277:hajong_nirghini:1
hajong_dalugau,,puɾan,old,,puɾan,lexical-similarity-group:1,kim-ahmad-kim-sangma2011hajong[p. 60],,,hajong:277:hajong_dalugau:1
hajong_dhamor,,puɾan,old,,puɾan,lexical-similarity-group:1,kim-ahmad-kim-sangma2011hajong[p. 60],,,hajong:277:hajong_dhamor:1
hajong_balachanda,,puɾani,old,,puɾani,lexical-similarity-group:1,kim-ahmad-kim-sangma2011hajong[p. 60],,,hajong:277:hajong_balachanda:1
hajong_gopalpur,,puɾɯn,old,,puɾɯn,lexical-similarity-group:1,kim-ahmad-kim-sangma2011hajong[p. 60],,,hajong:277:hajong_gopalpur:1
hajong_bhalukapara,,puɾɯn,old,,puɾɯn,lexical-similarity-group:1,kim-ahmad-kim-sangma2011hajong[p. 60],,,hajong:277:hajong_bhalukapara:1
hajong_nokshi,,puɾɯn,old,,puɾɯn,lexical-similarity-group:1,kim-ahmad-kim-sangma2011hajong[p. 60],,,hajong:277:hajong_nokshi:1
hajong_nirghini,,baŋɡise,broken,,baŋɡise,lexical-similarity-group:1,kim-ahmad-kim-sangma2011hajong[p. 60],,,hajong:278:hajong_nirghini:1
hajong_dhamor,,pʰaɾa,broken,,pʰaɾa,lexical-similarity-group:2,kim-ahmad-kim-sangma2011hajong[p. 60],,,hajong:278:hajong_dhamor:1
hajong_gopalbari,,bʰaŋa,broken,,bʰaŋa,lexical-similarity-group:2,kim-ahmad-kim-sangma2011hajong[p. 60],,,hajong:278:hajong_gopalbari:1
hajong_gopalpur,,bʰaŋa,broken,,bʰaŋa,lexical-similarity-group:2,kim-ahmad-kim-sangma2011hajong[p. 60],,,hajong:278:hajong_gopalpur:1
hajong_bhalukapara,,bʰaŋa,broken,,bʰaŋa,lexical-similarity-group:2,kim-ahmad-kim-sangma2011hajong[p. 60],,,hajong:278:hajong_bhalukapara:1
hajong_nokshi,,bʰaŋa,broken,,bʰaŋa,lexical-similarity-group:2,kim-ahmad-kim-sangma2011hajong[p. 60],,,hajong:278:hajong_nokshi:1
hajong_nugapara,,bʰaŋa,broken,,bʰaŋa,lexical-similarity-group:2,kim-ahmad-kim-sangma2011hajong[p. 60],,,hajong:278:hajong_nugapara:1
hajong_chilapara,,bʰaŋa,broken,,bʰaŋa,lexical-similarity-group:2,kim-ahmad-kim-sangma2011hajong[p. 60],,,hajong:278:hajong_chilapara:1
hajong_dalugau,,bʰaŋa,broken,,bʰaŋa,lexical-similarity-group:2,kim-ahmad-kim-sangma2011hajong[p. 60],,,hajong:278:hajong_dalugau:1
hajong_balachanda,,bʰaŋa,broken,,bʰaŋa,lexical-similarity-group:2,kim-ahmad-kim-sangma2011hajong[p. 60],,,hajong:278:hajong_balachanda:1
hajong_dhamor,,bʰaŋa,broken,,bʰaŋa,lexical-similarity-group:2,kim-ahmad-kim-sangma2011hajong[p. 60],,,hajong:278:hajong_dhamor:2
hajong_gopalbari,,bʰaŋa,broken,,bʰaŋa,lexical-similarity-group:3,kim-ahmad-kim-sangma2011hajong[p. 60],,,hajong:278:hajong_gopalbari:2
hajong_gopalpur,,bʰaŋa,broken,,bʰaŋa,lexical-similarity-group:3,kim-ahmad-kim-sangma2011hajong[p. 60],,,hajong:278:hajong_gopalpur:2
hajong_bhalukapara,,bʰaŋa,broken,,bʰaŋa,lexical-similarity-group:3,kim-ahmad-kim-sangma2011hajong[p. 60],,,hajong:278:hajong_bhalukapara:2
hajong_nokshi,,bʰaŋa,broken,,bʰaŋa,lexical-similarity-group:3,kim-ahmad-kim-sangma2011hajong[p. 60],,,hajong:278:hajong_nokshi:2
hajong_nugapara,,bʰaŋa,broken,,bʰaŋa,lexical-similarity-group:3,kim-ahmad-kim-sangma2011hajong[p. 60],,,hajong:278:hajong_nugapara:2
hajong_chilapara,,bʰaŋa,broken,,bʰaŋa,lexical-similarity-group:3,kim-ahmad-kim-sangma2011hajong[p. 60],,,hajong:278:hajong_chilapara:2
hajong_dalugau,,bʰaŋa,broken,,bʰaŋa,lexical-similarity-group:3,kim-ahmad-kim-sangma2011hajong[p. 60],,,hajong:278:hajong_dalugau:2
hajong_balachanda,,bʰaŋa,broken,,bʰaŋa,lexical-similarity-group:3,kim-ahmad-kim-sangma2011hajong[p. 60],,,hajong:278:hajong_balachanda:2
hajong_dhamor,,bʰaŋa,broken,,bʰaŋa,lexical-similarity-group:3,kim-ahmad-kim-sangma2011hajong[p. 60],,,hajong:278:hajong_dhamor:3
hajong_gopalbari,,upʰuɾ,above,,upʰuɾ,lexical-similarity-group:1,kim-ahmad-kim-sangma2011hajong[p. 60],,,hajong:279:hajong_gopalbari:1
hajong_gopalpur,,upʰuɾ,above,,upʰuɾ,lexical-similarity-group:1,kim-ahmad-kim-sangma2011hajong[p. 60],,,hajong:279:hajong_gopalpur:1
hajong_bhalukapara,,upʰuɾ,above,,upʰuɾ,lexical-similarity-group:1,kim-ahmad-kim-sangma2011hajong[p. 60],,,hajong:279:hajong_bhalukapara:1
hajong_nokshi,,upʰuɾ,above,,upʰuɾ,lexical-similarity-group:1,kim-ahmad-kim-sangma2011hajong[p. 60],,,hajong:279:hajong_nokshi:1
hajong_nugapara,,upʰuɾ,above,,upʰuɾ,lexical-similarity-group:1,kim-ahmad-kim-sangma2011hajong[p. 60],,,hajong:279:hajong_nugapara:1
hajong_chilapara,,upoɾot,above,,upoɾot,lexical-similarity-group:1,kim-ahmad-kim-sangma2011hajong[p. 60],,,hajong:279:hajong_chilapara:1
hajong_balachanda,,upoɾot,above,,upoɾot,lexical-similarity-group:1,kim-ahmad-kim-sangma2011hajong[p. 60],,,hajong:279:hajong_balachanda:1
hajong_nirghini,,upuɾ,above,,upuɾ,lexical-similarity-group:1,kim-ahmad-kim-sangma2011hajong[p. 60],,,hajong:279:hajong_nirghini:1
hajong_dhamor,,upuɾ,above,,upuɾ,lexical-similarity-group:1,kim-ahmad-kim-sangma2011hajong[p. 60],,,hajong:279:hajong_dhamor:1
hajong_dalugau,,upuɾbʰai,above,,upuɾbʰai,lexical-similarity-group:1,kim-ahmad-kim-sangma2011hajong[p. 60],,,hajong:279:hajong_dalugau:1
hajong_nugapara,,nama,below,,nama,lexical-similarity-group:1,kim-ahmad-kim-sangma2011hajong[p. 60],,,hajong:280:hajong_nugapara:1
hajong_dalugau,,nama,below,,nama,lexical-similarity-group:1,kim-ahmad-kim-sangma2011hajong[p. 60],,,hajong:280:hajong_dalugau:1
hajong_nirghini,,namat,below,,namat,lexical-similarity-group:1,kim-ahmad-kim-sangma2011hajong[p. 60],,,hajong:280:hajong_nirghini:1
hajong_gopalbari,,tol,below,,tol,lexical-similarity-group:2,kim-ahmad-kim-sangma2011hajong[p. 60],,,hajong:280:hajong_gopalbari:1
hajong_gopalpur,,tol,below,,tol,lexical-similarity-group:2,kim-ahmad-kim-sangma2011hajong[p. 60],,,hajong:280:hajong_gopalpur:1
hajong_bhalukapara,,tol,below,,tol,lexical-similarity-group:2,kim-ahmad-kim-sangma2011hajong[p. 60],,,hajong:280:hajong_bhalukapara:1
hajong_nokshi,,tol,below,,tol,lexical-similarity-group:2,kim-ahmad-kim-sangma2011hajong[p. 60],,,hajong:280:hajong_nokshi:1
hajong_dhamor,,tol,below,,tol,lexical-similarity-group:2,kim-ahmad-kim-sangma2011hajong[p. 60],,,hajong:280:hajong_dhamor:1
hajong_dalugau,,tolbʰai,below,,tolbʰai,lexical-similarity-group:2,kim-ahmad-kim-sangma2011hajong[p. 60],,,hajong:280:hajong_dalugau:2
hajong_chilapara,,tolot,below,,tolot,lexical-similarity-group:2,kim-ahmad-kim-sangma2011hajong[p. 60],,,hajong:280:hajong_chilapara:1
hajong_balachanda,,tolot,below,,tolot,lexical-similarity-group:2,kim-ahmad-kim-sangma2011hajong[p. 60],,,hajong:280:hajong_balachanda:1
hajong_nugapara,,bakʰaduɾ,far,,bakʰaduɾ,lexical-similarity-group:1,kim-ahmad-kim-sangma2011hajong[p. 61],,,hajong:281:hajong_nugapara:1
hajong_nirghini,,bakʰaduɾ,far,,bakʰaduɾ,lexical-similarity-group:1,kim-ahmad-kim-sangma2011hajong[p. 61],,,hajong:281:hajong_nirghini:1
hajong_gopalbari,,duɾ,far,,duɾ,lexical-similarity-group:1,kim-ahmad-kim-sangma2011hajong[p. 61],,,hajong:281:hajong_gopalbari:1
hajong_gopalpur,,duɾ,far,,duɾ,lexical-similarity-group:1,kim-ahmad-kim-sangma2011hajong[p. 61],,,hajong:281:hajong_gopalpur:1
hajong_bhalukapara,,duɾ,far,,duɾ,lexical-similarity-group:1,kim-ahmad-kim-sangma2011hajong[p. 61],,,hajong:281:hajong_bhalukapara:1
hajong_nokshi,,duɾ,far,,duɾ,lexical-similarity-group:1,kim-ahmad-kim-sangma2011hajong[p. 61],,,hajong:281:hajong_nokshi:1
hajong_chilapara,,duɾ,far,,duɾ,lexical-similarity-group:1,kim-ahmad-kim-sangma2011hajong[p. 61],,,hajong:281:hajong_chilapara:1
hajong_dalugau,,duɾ,far,,duɾ,lexical-similarity-group:1,kim-ahmad-kim-sangma2011hajong[p. 61],,,hajong:281:hajong_dalugau:1
hajong_dhamor,,duɾ,far,,duɾ,lexical-similarity-group:1,kim-ahmad-kim-sangma2011hajong[p. 61],,,hajong:281:hajong_dhamor:1
hajong_balachanda,,duɾut,far,,duɾut,lexical-similarity-group:1,kim-ahmad-kim-sangma2011hajong[p. 61],,,hajong:281:hajong_balachanda:1
hajong_nirghini,,pas,near,,pas,lexical-similarity-group:1,kim-ahmad-kim-sangma2011hajong[p. 61],,,hajong:282:hajong_nirghini:1
hajong_nugapara,,otʃoɾ,near,,otʃoɾ,lexical-similarity-group:2,kim-ahmad-kim-sangma2011hajong[p. 61],,,hajong:282:hajong_nugapara:1
hajong_dalugau,,otʃoɾ,near,,otʃoɾ,lexical-similarity-group:2,kim-ahmad-kim-sangma2011hajong[p. 61],,,hajong:282:hajong_dalugau:1
hajong_dhamor,,otʃoɾ,near,,otʃoɾ,lexical-similarity-group:2,kim-ahmad-kim-sangma2011hajong[p. 61],,,hajong:282:hajong_dhamor:1
hajong_gopalbari,,baɾate,near,,baɾate,lexical-similarity-group:3,kim-ahmad-kim-sangma2011hajong[p. 61],,,hajong:282:hajong_gopalbari:1
hajong_gopalpur,,baɾate,near,,baɾate,lexical-similarity-group:3,kim-ahmad-kim-sangma2011hajong[p. 61],,,hajong:282:hajong_gopalpur:1
hajong_bhalukapara,,baɾate,near,,baɾate,lexical-similarity-group:3,kim-ahmad-kim-sangma2011hajong[p. 61],,,hajong:282:hajong_bhalukapara:1
hajong_dalugau,,kaɾani,near,,kaɾani,lexical-similarity-group:3,kim-ahmad-kim-sangma2011hajong[p. 61],,,hajong:282:hajong_dalugau:2
hajong_chilapara,,kaɾat,near,,kaɾat,lexical-similarity-group:3,kim-ahmad-kim-sangma2011hajong[p. 61],,,hajong:282:hajong_chilapara:1
hajong_nirghini,,kaɾat,near,,kaɾat,lexical-similarity-group:3,kim-ahmad-kim-sangma2011hajong[p. 61],,,hajong:282:hajong_nirghini:2
hajong_nokshi,,kaɾate,near,,kaɾate,lexical-similarity-group:3,kim-ahmad-kim-sangma2011hajong[p. 61],,,hajong:282:hajong_nokshi:1
hajong_dhamor,,kaɾate,near,,kaɾate,lexical-similarity-group:3,kim-ahmad-kim-sangma2011hajong[p. 61],,,hajong:282:hajong_dhamor:2
hajong_balachanda,,kandat,near,,kandat,lexical-similarity-group:4,kim-ahmad-kim-sangma2011hajong[p. 61],,,hajong:282:hajong_balachanda:1
hajong_chilapara,,kaɾat,near,,kaɾat,lexical-similarity-group:4,kim-ahmad-kim-sangma2011hajong[p. 61],,,hajong:282:hajong_chilapara:2
hajong_nirghini,,kaɾat,near,,kaɾat,lexical-similarity-group:4,kim-ahmad-kim-sangma2011hajong[p. 61],,,hajong:282:hajong_nirghini:3
hajong_nirghini,,dan,right,,dan,lexical-similarity-group:1,kim-ahmad-kim-sangma2011hajong[p. 61],,,hajong:283:hajong_nirghini:1
hajong_dhamor,,dan,right,,dan,lexical-similarity-group:1,kim-ahmad-kim-sangma2011hajong[p. 61],,,hajong:283:hajong_dhamor:1
hajong_nugapara,,bʰatua,right,,bʰatua,lexical-similarity-group:2,kim-ahmad-kim-sangma2011hajong[p. 61],,,hajong:283:hajong_nugapara:1
hajong_chilapara,,bʰatua,right,,bʰatua,lexical-similarity-group:2,kim-ahmad-kim-sangma2011hajong[p. 61],,,hajong:283:hajong_chilapara:1
hajong_dalugau,,bʰatua,right,,bʰatua,lexical-similarity-group:2,kim-ahmad-kim-sangma2011hajong[p. 61],,,hajong:283:hajong_dalugau:1
hajong_gopalbari,,bɯtuə̯,right,,bɯtuə̯,lexical-similarity-group:2,kim-ahmad-kim-sangma2011hajong[p. 61],,,hajong:283:hajong_gopalbari:1
hajong_gopalpur,,bɯtuə̯,right,,bɯtuə̯,lexical-similarity-group:2,kim-ahmad-kim-sangma2011hajong[p. 61],,,hajong:283:hajong_gopalpur:1
hajong_bhalukapara,,bɯtuə̯,right,,bɯtuə̯,lexical-similarity-group:2,kim-ahmad-kim-sangma2011hajong[p. 61],,,hajong:283:hajong_bhalukapara:1
hajong_nokshi,,bɯtuə̯,right,,bɯtuə̯,lexical-similarity-group:2,kim-ahmad-kim-sangma2011hajong[p. 61],,,hajong:283:hajong_nokshi:1
hajong_balachanda,,bʰatkʰawapʰale,right,,bʰatkʰawapʰale,lexical-similarity-group:3,kim-ahmad-kim-sangma2011hajong[p. 61],,,hajong:283:hajong_balachanda:1
hajong_nirghini,,bai,left,,bai,lexical-similarity-group:1,kim-ahmad-kim-sangma2011hajong[p. 61],,,hajong:284:hajong_nirghini:1
hajong_dhamor,,bai,left,,bai,lexical-similarity-group:1,kim-ahmad-kim-sangma2011hajong[p. 61],,,hajong:284:hajong_dhamor:1
hajong_chilapara,,debɾa,left,,debɾa,lexical-similarity-group:2,kim-ahmad-kim-sangma2011hajong[p. 61],,,hajong:284:hajong_chilapara:1
hajong_dalugau,,debɾa,left,,debɾa,lexical-similarity-group:2,kim-ahmad-kim-sangma2011hajong[p. 61],,,hajong:284:hajong_dalugau:1
hajong_nokshi,,dibɾa,left,,dibɾa,lexical-similarity-group:2,kim-ahmad-kim-sangma2011hajong[p. 61],,,hajong:284:hajong_nokshi:1
hajong_balachanda,,lebɾa,left,,lebɾa,lexical-similarity-group:2,kim-ahmad-kim-sangma2011hajong[p. 61],,,hajong:284:hajong_balachanda:1
hajong_gopalbari,,nebɾa,left,,nebɾa,lexical-similarity-group:2,kim-ahmad-kim-sangma2011hajong[p. 61],,,hajong:284:hajong_gopalbari:1
hajong_nugapara,,nebɾa,left,,nebɾa,lexical-similarity-group:2,kim-ahmad-kim-sangma2011hajong[p. 61],,,hajong:284:hajong_nugapara:1
hajong_gopalpur,,nibɾa,left,,nibɾa,lexical-similarity-group:2,kim-ahmad-kim-sangma2011hajong[p. 61],,,hajong:284:hajong_gopalpur:1
hajong_bhalukapara,,nibɾa,left,,nibɾa,lexical-similarity-group:2,kim-ahmad-kim-sangma2011hajong[p. 61],,,hajong:284:hajong_bhalukapara:1
hajong_gopalbari,,kala,black,,kala,lexical-similarity-group:1,kim-ahmad-kim-sangma2011hajong[p. 61],,,hajong:285:hajong_gopalbari:1
hajong_gopalpur,,kala,black,,kala,lexical-similarity-group:1,kim-ahmad-kim-sangma2011hajong[p. 61],,,hajong:285:hajong_gopalpur:1
hajong_bhalukapara,,kala,black,,kala,lexical-similarity-group:1,kim-ahmad-kim-sangma2011hajong[p. 61],,,hajong:285:hajong_bhalukapara:1
hajong_nokshi,,kala,black,,kala,lexical-similarity-group:1,kim-ahmad-kim-sangma2011hajong[p. 61],,,hajong:285:hajong_nokshi:1
hajong_nugapara,,kala,black,,kala,lexical-similarity-group:1,kim-ahmad-kim-sangma2011hajong[p. 61],,,hajong:285:hajong_nugapara:1
hajong_chilapara,,kala,black,,kala,lexical-similarity-group:1,kim-ahmad-kim-sangma2011hajong[p. 61],,,hajong:285:hajong_chilapara:1
hajong_nirghini,,kala,black,,kala,lexical-similarity-group:1,kim-ahmad-kim-sangma2011hajong[p. 61],,,hajong:285:hajong_nirghini:1
hajong_dalugau,,kala,black,,kala,lexical-similarity-group:1,kim-ahmad-kim-sangma2011hajong[p. 61],,,hajong:285:hajong_dalugau:1
hajong_balachanda,,kala,black,,kala,lexical-similarity-group:1,kim-ahmad-kim-sangma2011hajong[p. 61],,,hajong:285:hajong_balachanda:1
hajong_dhamor,,kala,black,,kala,lexical-similarity-group:1,kim-ahmad-kim-sangma2011hajong[p. 61],,,hajong:285:hajong_dhamor:1
hajong_nugapara,,dʰola,white,,dʰola,lexical-similarity-group:1,kim-ahmad-kim-sangma2011hajong[p. 61],,,hajong:286:hajong_nugapara:1
hajong_chilapara,,dʰola,white,,dʰola,lexical-similarity-group:1,kim-ahmad-kim-sangma2011hajong[p. 61],,,hajong:286:hajong_chilapara:1
hajong_nirghini,,dʰola,white,,dʰola,lexical-similarity-group:1,kim-ahmad-kim-sangma2011hajong[p. 61],,,hajong:286:hajong_nirghini:1
hajong_dalugau,,dʰola,white,,dʰola,lexical-similarity-group:1,kim-ahmad-kim-sangma2011hajong[p. 61],,,hajong:286:hajong_dalugau:1
hajong_balachanda,,dʰola,white,,dʰola,lexical-similarity-group:1,kim-ahmad-kim-sangma2011hajong[p. 61],,,hajong:286:hajong_balachanda:1
hajong_dhamor,,dʰola,white,,dʰola,lexical-similarity-group:1,kim-ahmad-kim-sangma2011hajong[p. 61],,,hajong:286:hajong_dhamor:1
hajong_bhalukapara,,dʰula,white,,dʰula,lexical-similarity-group:1,kim-ahmad-kim-sangma2011hajong[p. 61],,,hajong:286:hajong_bhalukapara:1
hajong_nokshi,,dʰula,white,,dʰula,lexical-similarity-group:1,kim-ahmad-kim-sangma2011hajong[p. 61],,,hajong:286:hajong_nokshi:1
hajong_gopalbari,,dola,white,,dola,lexical-similarity-group:1,kim-ahmad-kim-sangma2011hajong[p. 61],,,hajong:286:hajong_gopalbari:1
hajong_gopalpur,,dola,white,,dola,lexical-similarity-group:1,kim-ahmad-kim-sangma2011hajong[p. 61],,,hajong:286:hajong_gopalpur:1
hajong_nugapara,,sada,white,,sada,lexical-similarity-group:2,kim-ahmad-kim-sangma2011hajong[p. 61],,,hajong:286:hajong_nugapara:2
hajong_balachanda,,sada,white,,sada,lexical-similarity-group:2,kim-ahmad-kim-sangma2011hajong[p. 61],,,hajong:286:hajong_balachanda:2
hajong_gopalbari,,ɾaŋa,red,,ɾaŋa,lexical-similarity-group:1,kim-ahmad-kim-sangma2011hajong[p. 61],,,hajong:287:hajong_gopalbari:1
hajong_gopalpur,,ɾaŋa,red,,ɾaŋa,lexical-similarity-group:1,kim-ahmad-kim-sangma2011hajong[p. 61],,,hajong:287:hajong_gopalpur:1
hajong_bhalukapara,,ɾaŋa,red,,ɾaŋa,lexical-similarity-group:1,kim-ahmad-kim-sangma2011hajong[p. 61],,,hajong:287:hajong_bhalukapara:1
hajong_nokshi,,ɾaŋa,red,,ɾaŋa,lexical-similarity-group:1,kim-ahmad-kim-sangma2011hajong[p. 61],,,hajong:287:hajong_nokshi:1
hajong_nugapara,,ɾaŋa,red,,ɾaŋa,lexical-similarity-group:1,kim-ahmad-kim-sangma2011hajong[p. 61],,,hajong:287:hajong_nugapara:1
hajong_chilapara,,ɾaŋa,red,,ɾaŋa,lexical-similarity-group:1,kim-ahmad-kim-sangma2011hajong[p. 61],,,hajong:287:hajong_chilapara:1
hajong_nirghini,,ɾaŋa,red,,ɾaŋa,lexical-similarity-group:1,kim-ahmad-kim-sangma2011hajong[p. 61],,,hajong:287:hajong_nirghini:1
hajong_dalugau,,ɾaŋa,red,,ɾaŋa,lexical-similarity-group:1,kim-ahmad-kim-sangma2011hajong[p. 61],,,hajong:287:hajong_dalugau:1
hajong_balachanda,,ɾaŋa,red,,ɾaŋa,lexical-similarity-group:1,kim-ahmad-kim-sangma2011hajong[p. 61],,,hajong:287:hajong_balachanda:1
hajong_dhamor,,ɾaŋa,red,,ɾaŋa,lexical-similarity-group:1,kim-ahmad-kim-sangma2011hajong[p. 61],,,hajong:287:hajong_dhamor:1
hajong_nugapara,,pataɾoŋ,green,,pataɾoŋ,lexical-similarity-group:1,kim-ahmad-kim-sangma2011hajong[p. 61],,,hajong:288:hajong_nugapara:1
hajong_chilapara,,pataɾoŋ,green,,pataɾoŋ,lexical-similarity-group:1,kim-ahmad-kim-sangma2011hajong[p. 61],,,hajong:288:hajong_chilapara:1
hajong_nirghini,,pataɾoŋ,green,,pataɾoŋ,lexical-similarity-group:1,kim-ahmad-kim-sangma2011hajong[p. 61],,,hajong:288:hajong_nirghini:1
hajong_dalugau,,pataɾoŋ,green,,pataɾoŋ,lexical-similarity-group:1,kim-ahmad-kim-sangma2011hajong[p. 61],,,hajong:288:hajong_dalugau:1
hajong_chilapara,,simlai,green,,simlai,lexical-similarity-group:2,kim-ahmad-kim-sangma2011hajong[p. 61],,,hajong:288:hajong_chilapara:2
hajong_balachanda,,siŋlei,green,,siŋlei,lexical-similarity-group:2,kim-ahmad-kim-sangma2011hajong[p. 61],,,hajong:288:hajong_balachanda:1
hajong_dhamor,,suɡus,green,,suɡus,lexical-similarity-group:3,kim-ahmad-kim-sangma2011hajong[p. 61],,,hajong:288:hajong_dhamor:1
hajong_nugapara,,hildə,yellow,,hildə,lexical-similarity-group:1,kim-ahmad-kim-sangma2011hajong[p. 61],,,hajong:289:hajong_nugapara:1
hajong_chilapara,,hildə,yellow,,hildə,lexical-similarity-group:1,kim-ahmad-kim-sangma2011hajong[p. 61],,,hajong:289:hajong_chilapara:1
hajong_dhamor,,hildə,yellow,,hildə,lexical-similarity-group:1,kim-ahmad-kim-sangma2011hajong[p. 61],,,hajong:289:hajong_dhamor:1
hajong_nirghini,,hildi,yellow,,hildi,lexical-similarity-group:1,kim-ahmad-kim-sangma2011hajong[p. 61],,,hajong:289:hajong_nirghini:1
hajong_dalugau,,hildi,yellow,,hildi,lexical-similarity-group:1,kim-ahmad-kim-sangma2011hajong[p. 61],,,hajong:289:hajong_dalugau:1
hajong_balachanda,,hildija,yellow,,hildija,lexical-similarity-group:1,kim-ahmad-kim-sangma2011hajong[p. 61],,,hajong:289:hajong_balachanda:1
hajong_bhalukapara,,hildɯ,yellow,,hildɯ,lexical-similarity-group:1,kim-ahmad-kim-sangma2011hajong[p. 61],,,hajong:289:hajong_bhalukapara:1
hajong_nokshi,,hildɯ,yellow,,hildɯ,lexical-similarity-group:1,kim-ahmad-kim-sangma2011hajong[p. 61],,,hajong:289:hajong_nokshi:1
hajong_gopalbari,,ildɯ,yellow,,ildɯ,lexical-similarity-group:1,kim-ahmad-kim-sangma2011hajong[p. 61],,,hajong:289:hajong_gopalbari:1
hajong_gopalpur,,ildɯ,yellow,,ildɯ,lexical-similarity-group:1,kim-ahmad-kim-sangma2011hajong[p. 61],,,hajong:289:hajong_gopalpur:1
hajong_nugapara,,kunbʰula,when (near future),,kunbʰula,lexical-similarity-group:1,kim-ahmad-kim-sangma2011hajong[p. 61],,,hajong:290:hajong_nugapara:1
hajong_nirghini,,kundinə,when (near future),,kundinə,lexical-similarity-group:1,kim-ahmad-kim-sangma2011hajong[p. 61],,,hajong:290:hajong_nirghini:1
hajong_nugapara,,kunbʰula,when (near future),,kunbʰula,lexical-similarity-group:2,kim-ahmad-kim-sangma2011hajong[p. 61],,,hajong:290:hajong_nugapara:2
hajong_chilapara,,kunsumai,when (near future),,kunsumai,lexical-similarity-group:2,kim-ahmad-kim-sangma2011hajong[p. 61],,,hajong:290:hajong_chilapara:1
hajong_dalugau,,kunsumai,when (near future),,kunsumai,lexical-similarity-group:2,kim-ahmad-kim-sangma2011hajong[p. 61],,,hajong:290:hajong_dalugau:1
hajong_balachanda,,kunsumai,when (near future),,kunsumai,lexical-similarity-group:2,kim-ahmad-kim-sangma2011hajong[p. 61],,,hajong:290:hajong_balachanda:1
hajong_dhamor,,kunsumai,when (near future),,kunsumai,lexical-similarity-group:2,kim-ahmad-kim-sangma2011hajong[p. 61],,,hajong:290:hajong_dhamor:1
hajong_gopalbari,,kumala,when (near future),,kumala,lexical-similarity-group:4,kim-ahmad-kim-sangma2011hajong[p. 61],,,hajong:290:hajong_gopalbari:1
hajong_gopalpur,,kumbala,when (near future),,kumbala,lexical-similarity-group:4,kim-ahmad-kim-sangma2011hajong[p. 61],,,hajong:290:hajong_gopalpur:1
hajong_bhalukapara,,kumbala,when (near future),,kumbala,lexical-similarity-group:4,kim-ahmad-kim-sangma2011hajong[p. 61],,,hajong:290:hajong_bhalukapara:1
hajong_nokshi,,kumbala,when (near future),,kumbala,lexical-similarity-group:4,kim-ahmad-kim-sangma2011hajong[p. 61],,,hajong:290:hajong_nokshi:1
hajong_nugapara,,kunbʰula,when (near future),,kunbʰula,lexical-similarity-group:4,kim-ahmad-kim-sangma2011hajong[p. 61],,,hajong:290:hajong_nugapara:3
hajong_chilapara,,kot,where,,kot,lexical-similarity-group:1,kim-ahmad-kim-sangma2011hajong[p. 61],,,hajong:291:hajong_chilapara:1
hajong_nirghini,,kot,where,,kot,lexical-similarity-group:1,kim-ahmad-kim-sangma2011hajong[p. 61],,,hajong:291:hajong_nirghini:1
hajong_dalugau,,komai,where,,komai,lexical-similarity-group:2,kim-ahmad-kim-sangma2011hajong[p. 61],,,hajong:291:hajong_dalugau:1
hajong_gopalbari,,kumai,where,,kumai,lexical-similarity-group:2,kim-ahmad-kim-sangma2011hajong[p. 61],,,hajong:291:hajong_gopalbari:1
hajong_gopalpur,,kumai,where,,kumai,lexical-similarity-group:2,kim-ahmad-kim-sangma2011hajong[p. 61],,,hajong:291:hajong_gopalpur:1
hajong_bhalukapara,,kumai,where,,kumai,lexical-similarity-group:2,kim-ahmad-kim-sangma2011hajong[p. 61],,,hajong:291:hajong_bhalukapara:1
hajong_nokshi,,kumai,where,,kumai,lexical-similarity-group:2,kim-ahmad-kim-sangma2011hajong[p. 61],,,hajong:291:hajong_nokshi:1
hajong_nugapara,,kumai,where,,kumai,lexical-similarity-group:2,kim-ahmad-kim-sangma2011hajong[p. 61],,,hajong:291:hajong_nugapara:1
hajong_dhamor,,kumai,where,,kumai,lexical-similarity-group:2,kim-ahmad-kim-sangma2011hajong[p. 61],,,hajong:291:hajong_dhamor:1
hajong_balachanda,,kutʰai,where,,kutʰai,lexical-similarity-group:2,kim-ahmad-kim-sangma2011hajong[p. 61],,,hajong:291:hajong_balachanda:1
hajong_nugapara,,kai,who,,kai,lexical-similarity-group:1,kim-ahmad-kim-sangma2011hajong[p. 61],,,hajong:292:hajong_nugapara:1
hajong_chilapara,,kai,who,,kai,lexical-similarity-group:1,kim-ahmad-kim-sangma2011hajong[p. 61],,,hajong:292:hajong_chilapara:1
hajong_nirghini,,kai,who,,kai,lexical-similarity-group:1,kim-ahmad-kim-sangma2011hajong[p. 61],,,hajong:292:hajong_nirghini:1
hajong_dalugau,,kai,who,,kai,lexical-similarity-group:1,kim-ahmad-kim-sangma2011hajong[p. 61],,,hajong:292:hajong_dalugau:1
hajong_balachanda,,kai,who,,kai,lexical-similarity-group:1,kim-ahmad-kim-sangma2011hajong[p. 61],,,hajong:292:hajong_balachanda:1
hajong_dhamor,,kai,who,,kai,lexical-similarity-group:1,kim-ahmad-kim-sangma2011hajong[p. 61],,,hajong:292:hajong_dhamor:1
hajong_gopalbari,,kɯi,who,,kɯi,lexical-similarity-group:1,kim-ahmad-kim-sangma2011hajong[p. 61],,,hajong:292:hajong_gopalbari:1
hajong_gopalpur,,kɯi,who,,kɯi,lexical-similarity-group:1,kim-ahmad-kim-sangma2011hajong[p. 61],,,hajong:292:hajong_gopalpur:1
hajong_bhalukapara,,kɯi,who,,kɯi,lexical-similarity-group:1,kim-ahmad-kim-sangma2011hajong[p. 61],,,hajong:292:hajong_bhalukapara:1
hajong_nokshi,,kɯi,who,,kɯi,lexical-similarity-group:1,kim-ahmad-kim-sangma2011hajong[p. 61],,,hajong:292:hajong_nokshi:1
hajong_gopalbari,,ki,what,,ki,lexical-similarity-group:1,kim-ahmad-kim-sangma2011hajong[p. 61],,,hajong:293:hajong_gopalbari:1
hajong_gopalpur,,ki,what,,ki,lexical-similarity-group:1,kim-ahmad-kim-sangma2011hajong[p. 61],,,hajong:293:hajong_gopalpur:1
hajong_bhalukapara,,ki,what,,ki,lexical-similarity-group:1,kim-ahmad-kim-sangma2011hajong[p. 61],,,hajong:293:hajong_bhalukapara:1
hajong_nokshi,,ki,what,,ki,lexical-similarity-group:1,kim-ahmad-kim-sangma2011hajong[p. 61],,,hajong:293:hajong_nokshi:1
hajong_nugapara,,ki,what,,ki,lexical-similarity-group:1,kim-ahmad-kim-sangma2011hajong[p. 61],,,hajong:293:hajong_nugapara:1
hajong_chilapara,,ki,what,,ki,lexical-similarity-group:1,kim-ahmad-kim-sangma2011hajong[p. 61],,,hajong:293:hajong_chilapara:1
hajong_nirghini,,ki,what,,ki,lexical-similarity-group:1,kim-ahmad-kim-sangma2011hajong[p. 61],,,hajong:293:hajong_nirghini:1
hajong_dalugau,,ki,what,,ki,lexical-similarity-group:1,kim-ahmad-kim-sangma2011hajong[p. 61],,,hajong:293:hajong_dalugau:1
hajong_balachanda,,ki,what,,ki,lexical-similarity-group:1,kim-ahmad-kim-sangma2011hajong[p. 61],,,hajong:293:hajong_balachanda:1
hajong_dhamor,,ki,what,,ki,lexical-similarity-group:1,kim-ahmad-kim-sangma2011hajong[p. 61],,,hajong:293:hajong_dhamor:1
hajong_balachanda,,koita,how many,,koita,lexical-similarity-group:1,kim-ahmad-kim-sangma2011hajong[p. 62],,,hajong:294:hajong_balachanda:1
hajong_nugapara,,koto,how many,,koto,lexical-similarity-group:1,kim-ahmad-kim-sangma2011hajong[p. 62],,,hajong:294:hajong_nugapara:1
hajong_nirghini,,koto,how many,,koto,lexical-similarity-group:1,kim-ahmad-kim-sangma2011hajong[p. 62],,,hajong:294:hajong_nirghini:1
hajong_chilapara,,kotoɡila,how many,,kotoɡila,lexical-similarity-group:1,kim-ahmad-kim-sangma2011hajong[p. 62],,,hajong:294:hajong_chilapara:1
hajong_dalugau,,kotoɡila,how many,,kotoɡila,lexical-similarity-group:1,kim-ahmad-kim-sangma2011hajong[p. 62],,,hajong:294:hajong_dalugau:1
hajong_dhamor,,kotokola,how many,,kotokola,lexical-similarity-group:1,kim-ahmad-kim-sangma2011hajong[p. 62],,,hajong:294:hajong_dhamor:1
hajong_gopalbari,,koiɾa,how many,,koiɾa,lexical-similarity-group:2,kim-ahmad-kim-sangma2011hajong[p. 62],,,hajong:294:hajong_gopalbari:1
hajong_gopalpur,,koiɾa,how many,,koiɾa,lexical-similarity-group:2,kim-ahmad-kim-sangma2011hajong[p. 62],,,hajong:294:hajong_gopalpur:1
hajong_bhalukapara,,koiɾa,how many,,koiɾa,lexical-similarity-group:2,kim-ahmad-kim-sangma2011hajong[p. 62],,,hajong:294:hajong_bhalukapara:1
hajong_nokshi,,koiɾa,how many,,koiɾa,lexical-similarity-group:2,kim-ahmad-kim-sangma2011hajong[p. 62],,,hajong:294:hajong_nokshi:1
hajong_balachanda,,koita,how many,,koita,lexical-similarity-group:2,kim-ahmad-kim-sangma2011hajong[p. 62],,,hajong:294:hajong_balachanda:2
hajong_chilapara,,ida,this thing,,ida,lexical-similarity-group:1,kim-ahmad-kim-sangma2011hajong[p. 62],,,hajong:295:hajong_chilapara:1
hajong_nirghini,,ida,this thing,,ida,lexical-similarity-group:1,kim-ahmad-kim-sangma2011hajong[p. 62],,,hajong:295:hajong_nirghini:1
hajong_dalugau,,eidʒinis,this thing,,eidʒinis,lexical-similarity-group:2,kim-ahmad-kim-sangma2011hajong[p. 62],,,hajong:295:hajong_dalugau:1
hajong_balachanda,,eidʒinis,this thing,,eidʒinis,lexical-similarity-group:2,kim-ahmad-kim-sangma2011hajong[p. 62],,,hajong:295:hajong_balachanda:1
hajong_dhamor,,eidʒinis,this thing,,eidʒinis,lexical-similarity-group:2,kim-ahmad-kim-sangma2011hajong[p. 62],,,hajong:295:hajong_dhamor:1
hajong_nugapara,,ejdʒinis,this thing,,ejdʒinis,lexical-similarity-group:2,kim-ahmad-kim-sangma2011hajong[p. 62],,,hajong:295:hajong_nugapara:1
hajong_chilapara,,ida,this thing,,ida,lexical-similarity-group:3,kim-ahmad-kim-sangma2011hajong[p. 62],,,hajong:295:hajong_chilapara:2
hajong_nirghini,,ida,this thing,,ida,lexical-similarity-group:3,kim-ahmad-kim-sangma2011hajong[p. 62],,,hajong:295:hajong_nirghini:2
hajong_gopalbari,,idɯ,this thing,,idɯ,lexical-similarity-group:3,kim-ahmad-kim-sangma2011hajong[p. 62],,,hajong:295:hajong_gopalbari:1
hajong_gopalpur,,idɯ,this thing,,idɯ,lexical-similarity-group:3,kim-ahmad-kim-sangma2011hajong[p. 62],,,hajong:295:hajong_gopalpur:1
hajong_bhalukapara,,idɯ,this thing,,idɯ,lexical-similarity-group:3,kim-ahmad-kim-sangma2011hajong[p. 62],,,hajong:295:hajong_bhalukapara:1
hajong_nokshi,,idɯ,this thing,,idɯ,lexical-similarity-group:3,kim-ahmad-kim-sangma2011hajong[p. 62],,,hajong:295:hajong_nokshi:1
hajong_dhamor,,udə,that thing,,udə,lexical-similarity-group:1,kim-ahmad-kim-sangma2011hajong[p. 62],,,hajong:296:hajong_dhamor:1
hajong_gopalbari,,udɯ,that thing,,udɯ,lexical-similarity-group:1,kim-ahmad-kim-sangma2011hajong[p. 62],,,hajong:296:hajong_gopalbari:1
hajong_gopalpur,,udɯ,that thing,,udɯ,lexical-similarity-group:1,kim-ahmad-kim-sangma2011hajong[p. 62],,,hajong:296:hajong_gopalpur:1
hajong_bhalukapara,,udɯ,that thing,,udɯ,lexical-similarity-group:1,kim-ahmad-kim-sangma2011hajong[p. 62],,,hajong:296:hajong_bhalukapara:1
hajong_nokshi,,udɯ,that thing,,udɯ,lexical-similarity-group:1,kim-ahmad-kim-sangma2011hajong[p. 62],,,hajong:296:hajong_nokshi:1
hajong_chilapara,,u idə,that thing,,u idə,lexical-similarity-group:1,kim-ahmad-kim-sangma2011hajong[p. 62],,,hajong:296:hajong_chilapara:1
hajong_dalugau,,oidʒinis,that thing,,oidʒinis,lexical-similarity-group:2,kim-ahmad-kim-sangma2011hajong[p. 62],,,hajong:296:hajong_dalugau:1
hajong_balachanda,,oidʒinis,that thing,,oidʒinis,lexical-similarity-group:2,kim-ahmad-kim-sangma2011hajong[p. 62],,,hajong:296:hajong_balachanda:1
hajong_nugapara,,hoɾdʒinis,that thing,,hoɾdʒinis,lexical-similarity-group:3,kim-ahmad-kim-sangma2011hajong[p. 62],,,hajong:296:hajong_nugapara:1
hajong_nirghini,,huda,that thing,,huda,lexical-similarity-group:4,kim-ahmad-kim-sangma2011hajong[p. 62],,,hajong:296:hajong_nirghini:1
hajong_dalugau,,eidʒinisɡila,these things,,eidʒinisɡila,lexical-similarity-group:1,kim-ahmad-kim-sangma2011hajong[p. 62],,,hajong:297:hajong_dalugau:1
hajong_balachanda,,eidʒinisɡulə,these things,,eidʒinisɡulə,lexical-similarity-group:1,kim-ahmad-kim-sangma2011hajong[p. 62],,,hajong:297:hajong_balachanda:1
hajong_chilapara,,eiɡila,these things,,eiɡila,lexical-similarity-group:1,kim-ahmad-kim-sangma2011hajong[p. 62],,,hajong:297:hajong_chilapara:1
hajong_nirghini,,eiɡila,these things,,eiɡila,lexical-similarity-group:1,kim-ahmad-kim-sangma2011hajong[p. 62],,,hajong:297:hajong_nirghini:1
hajong_dhamor,,eiɡila,these things,,eiɡila,lexical-similarity-group:1,kim-ahmad-kim-sangma2011hajong[p. 62],,,hajong:297:hajong_dhamor:1
hajong_nugapara,,ejdʒinis,these things,,ejdʒinis,lexical-similarity-group:1,kim-ahmad-kim-sangma2011hajong[p. 62],,,hajong:297:hajong_nugapara:1
hajong_dalugau,,eidʒinisɡila,these things,,eidʒinisɡila,lexical-similarity-group:2,kim-ahmad-kim-sangma2011hajong[p. 62],,,hajong:297:hajong_dalugau:2
hajong_balachanda,,eidʒinisɡulə,these things,,eidʒinisɡulə,lexical-similarity-group:2,kim-ahmad-kim-sangma2011hajong[p. 62],,,hajong:297:hajong_balachanda:2
hajong_nugapara,,ejdʒinis,these things,,ejdʒinis,lexical-similarity-group:2,kim-ahmad-kim-sangma2011hajong[p. 62],,,hajong:297:hajong_nugapara:2
hajong_bhalukapara,,iɡlɯ,these things,,iɡlɯ,lexical-similarity-group:3,kim-ahmad-kim-sangma2011hajong[p. 62],,,hajong:297:hajong_bhalukapara:1
hajong_nokshi,,iɡlɯ,these things,,iɡlɯ,lexical-similarity-group:3,kim-ahmad-kim-sangma2011hajong[p. 62],,,hajong:297:hajong_nokshi:1
hajong_gopalbari,,iŋlɯ,these things,,iŋlɯ,lexical-similarity-group:3,kim-ahmad-kim-sangma2011hajong[p. 62],,,hajong:297:hajong_gopalbari:1
hajong_gopalpur,,iŋlɯ,these things,,iŋlɯ,lexical-similarity-group:3,kim-ahmad-kim-sangma2011hajong[p. 62],,,hajong:297:hajong_gopalpur:1
hajong_bhalukapara,,iŋlɯ,these things,,iŋlɯ,lexical-similarity-group:3,kim-ahmad-kim-sangma2011hajong[p. 62],,,hajong:297:hajong_bhalukapara:2
hajong_chilapara,,oiɡila,those things,,oiɡila,lexical-similarity-group:1,kim-ahmad-kim-sangma2011hajong[p. 62],,,hajong:298:hajong_chilapara:1
hajong_nirghini,,oiɡila,those things,,oiɡila,lexical-similarity-group:1,kim-ahmad-kim-sangma2011hajong[p. 62],,,hajong:298:hajong_nirghini:1
hajong_dhamor,,oiɡila,those things,,oiɡila,lexical-similarity-group:1,kim-ahmad-kim-sangma2011hajong[p. 62],,,hajong:298:hajong_dhamor:1
hajong_nugapara,,hoɾdʒinisɡela,those things,,hoɾdʒinisɡela,lexical-similarity-group:2,kim-ahmad-kim-sangma2011hajong[p. 62],,,hajong:298:hajong_nugapara:1
hajong_dalugau,,oidʒinisɡila,those things,,oidʒinisɡila,lexical-similarity-group:2,kim-ahmad-kim-sangma2011hajong[p. 62],,,hajong:298:hajong_dalugau:1
hajong_balachanda,,oidʒinisɡulə,those things,,oidʒinisɡulə,lexical-similarity-group:2,kim-ahmad-kim-sangma2011hajong[p. 62],,,hajong:298:hajong_balachanda:1
hajong_gopalpur,,uɡlɯ,those things,,uɡlɯ,lexical-similarity-group:3,kim-ahmad-kim-sangma2011hajong[p. 62],,,hajong:298:hajong_gopalpur:1
hajong_bhalukapara,,uɡlɯ,those things,,uɡlɯ,lexical-similarity-group:3,kim-ahmad-kim-sangma2011hajong[p. 62],,,hajong:298:hajong_bhalukapara:1
hajong_gopalbari,,uŋlɯ,those things,,uŋlɯ,lexical-similarity-group:3,kim-ahmad-kim-sangma2011hajong[p. 62],,,hajong:298:hajong_gopalbari:1
hajong_bhalukapara,,uŋlɯ,those things,,uŋlɯ,lexical-similarity-group:3,kim-ahmad-kim-sangma2011hajong[p. 62],,,hajong:298:hajong_bhalukapara:2
hajong_nokshi,,uŋlɯ,those things,,uŋlɯ,lexical-similarity-group:3,kim-ahmad-kim-sangma2011hajong[p. 62],,,hajong:298:hajong_nokshi:1
hajong_gopalbari,,moi,1st sg. (I),,moi,lexical-similarity-group:1,kim-ahmad-kim-sangma2011hajong[p. 62],,,hajong:299:hajong_gopalbari:1
hajong_gopalpur,,moi,1st sg. (I),,moi,lexical-similarity-group:1,kim-ahmad-kim-sangma2011hajong[p. 62],,,hajong:299:hajong_gopalpur:1
hajong_bhalukapara,,moi,1st sg. (I),,moi,lexical-similarity-group:1,kim-ahmad-kim-sangma2011hajong[p. 62],,,hajong:299:hajong_bhalukapara:1
hajong_nokshi,,moi,1st sg. (I),,moi,lexical-similarity-group:1,kim-ahmad-kim-sangma2011hajong[p. 62],,,hajong:299:hajong_nokshi:1
hajong_nugapara,,moi,1st sg. (I),,moi,lexical-similarity-group:1,kim-ahmad-kim-sangma2011hajong[p. 62],,,hajong:299:hajong_nugapara:1
hajong_chilapara,,moi,1st sg. (I),,moi,lexical-similarity-group:1,kim-ahmad-kim-sangma2011hajong[p. 62],,,hajong:299:hajong_chilapara:1
hajong_nirghini,,moi,1st sg. (I),,moi,lexical-similarity-group:1,kim-ahmad-kim-sangma2011hajong[p. 62],,,hajong:299:hajong_nirghini:1
hajong_dalugau,,moi,1st sg. (I),,moi,lexical-similarity-group:1,kim-ahmad-kim-sangma2011hajong[p. 62],,,hajong:299:hajong_dalugau:1
hajong_dhamor,,moi,1st sg. (I),,moi,lexical-similarity-group:1,kim-ahmad-kim-sangma2011hajong[p. 62],,,hajong:299:hajong_dhamor:1
hajong_balachanda,,mui,1st sg. (I),,mui,lexical-similarity-group:1,kim-ahmad-kim-sangma2011hajong[p. 62],,,hajong:299:hajong_balachanda:1
hajong_gopalbari,,toi,2nd sg. (familiar),,toi,lexical-similarity-group:1,kim-ahmad-kim-sangma2011hajong[p. 62],,,hajong:300:hajong_gopalbari:1
hajong_gopalpur,,toi,2nd sg. (familiar),,toi,lexical-similarity-group:1,kim-ahmad-kim-sangma2011hajong[p. 62],,,hajong:300:hajong_gopalpur:1
hajong_bhalukapara,,toi,2nd sg. (familiar),,toi,lexical-similarity-group:1,kim-ahmad-kim-sangma2011hajong[p. 62],,,hajong:300:hajong_bhalukapara:1
hajong_nokshi,,toi,2nd sg. (familiar),,toi,lexical-similarity-group:1,kim-ahmad-kim-sangma2011hajong[p. 62],,,hajong:300:hajong_nokshi:1
hajong_nugapara,,toi,2nd sg. (familiar),,toi,lexical-similarity-group:1,kim-ahmad-kim-sangma2011hajong[p. 62],,,hajong:300:hajong_nugapara:1
hajong_chilapara,,toi,2nd sg. (familiar),,toi,lexical-similarity-group:1,kim-ahmad-kim-sangma2011hajong[p. 62],,,hajong:300:hajong_chilapara:1
hajong_nirghini,,toi,2nd sg. (familiar),,toi,lexical-similarity-group:1,kim-ahmad-kim-sangma2011hajong[p. 62],,,hajong:300:hajong_nirghini:1
hajong_dalugau,,toi,2nd sg. (familiar),,toi,lexical-similarity-group:1,kim-ahmad-kim-sangma2011hajong[p. 62],,,hajong:300:hajong_dalugau:1
hajong_dhamor,,toi,2nd sg. (familiar),,toi,lexical-similarity-group:1,kim-ahmad-kim-sangma2011hajong[p. 62],,,hajong:300:hajong_dhamor:1
hajong_balachanda,,tui,2nd sg. (familiar),,tui,lexical-similarity-group:1,kim-ahmad-kim-sangma2011hajong[p. 62],,,hajong:300:hajong_balachanda:1
hajong_nugapara,,toi,2nd sg. (honorific),,toi,lexical-similarity-group:1,kim-ahmad-kim-sangma2011hajong[p. 62],,,hajong:301:hajong_nugapara:1
hajong_chilapara,,toi,2nd sg. (honorific),,toi,lexical-similarity-group:1,kim-ahmad-kim-sangma2011hajong[p. 62],,,hajong:301:hajong_chilapara:1
hajong_nirghini,,toi,2nd sg. (honorific),,toi,lexical-similarity-group:1,kim-ahmad-kim-sangma2011hajong[p. 62],,,hajong:301:hajong_nirghini:1
hajong_balachanda,,tui,2nd sg. (honorific),,tui,lexical-similarity-group:1,kim-ahmad-kim-sangma2011hajong[p. 62],,,hajong:301:hajong_balachanda:1
hajong_gopalbari,,apne,2nd sg. (honorific),,apne,lexical-similarity-group:2,kim-ahmad-kim-sangma2011hajong[p. 62],,,hajong:301:hajong_gopalbari:1
hajong_gopalpur,,apne,2nd sg. (honorific),,apne,lexical-similarity-group:2,kim-ahmad-kim-sangma2011hajong[p. 62],,,hajong:301:hajong_gopalpur:1
hajong_bhalukapara,,apne,2nd sg. (honorific),,apne,lexical-similarity-group:2,kim-ahmad-kim-sangma2011hajong[p. 62],,,hajong:301:hajong_bhalukapara:1
hajong_dalugau,,apne,2nd sg. (honorific),,apne,lexical-similarity-group:2,kim-ahmad-kim-sangma2011hajong[p. 62],,,hajong:301:hajong_dalugau:1
hajong_dhamor,,apne,2nd sg. (honorific),,apne,lexical-similarity-group:2,kim-ahmad-kim-sangma2011hajong[p. 62],,,hajong:301:hajong_dhamor:1
hajong_nokshi,,apni,2nd sg. (honorific),,apni,lexical-similarity-group:2,kim-ahmad-kim-sangma2011hajong[p. 62],,,hajong:301:hajong_nokshi:1
hajong_dhamor,,toi,3rd sg. (generic/male),,toi,lexical-similarity-group:2,kim-ahmad-kim-sangma2011hajong[p. 62],,,hajong:302:hajong_dhamor:1
hajong_gopalbari,,oi,3rd sg. (generic/male),,oi,lexical-similarity-group:3,kim-ahmad-kim-sangma2011hajong[p. 62],,,hajong:302:hajong_gopalbari:1
hajong_gopalpur,,oi,3rd sg. (generic/male),,oi,lexical-similarity-group:3,kim-ahmad-kim-sangma2011hajong[p. 62],,,hajong:302:hajong_gopalpur:1
hajong_bhalukapara,,oi,3rd sg. (generic/male),,oi,lexical-similarity-group:3,kim-ahmad-kim-sangma2011hajong[p. 62],,,hajong:302:hajong_bhalukapara:1
hajong_nokshi,,oi,3rd sg. (generic/male),,oi,lexical-similarity-group:3,kim-ahmad-kim-sangma2011hajong[p. 62],,,hajong:302:hajong_nokshi:1
hajong_nugapara,,oi,3rd sg. (generic/male),,oi,lexical-similarity-group:3,kim-ahmad-kim-sangma2011hajong[p. 62],,,hajong:302:hajong_nugapara:1
hajong_chilapara,,oi,3rd sg. (generic/male),,oi,lexical-similarity-group:3,kim-ahmad-kim-sangma2011hajong[p. 62],,,hajong:302:hajong_chilapara:1
hajong_nirghini,,oi,3rd sg. (generic/male),,oi,lexical-similarity-group:3,kim-ahmad-kim-sangma2011hajong[p. 62],,,hajong:302:hajong_nirghini:1
hajong_dalugau,,oi,3rd sg. (generic/male),,oi,lexical-similarity-group:3,kim-ahmad-kim-sangma2011hajong[p. 62],,,hajong:302:hajong_dalugau:1
hajong_balachanda,,oi,3rd sg. (generic/male),,oi,lexical-similarity-group:3,kim-ahmad-kim-sangma2011hajong[p. 62],,,hajong:302:hajong_balachanda:1
hajong_chilapara,,ami,1st pl.,,ami,lexical-similarity-group:1,kim-ahmad-kim-sangma2011hajong[p. 62],,,hajong:304:hajong_chilapara:1
hajong_nugapara,,amɾa,1st pl.,,amɾa,lexical-similarity-group:2,kim-ahmad-kim-sangma2011hajong[p. 62],,,hajong:304:hajong_nugapara:1
hajong_nirghini,,amɾa,1st pl.,,amɾa,lexical-similarity-group:2,kim-ahmad-kim-sangma2011hajong[p. 62],,,hajong:304:hajong_nirghini:1
hajong_dalugau,,amɾa,1st pl.,,amɾa,lexical-similarity-group:2,kim-ahmad-kim-sangma2011hajong[p. 62],,,hajong:304:hajong_dalugau:1
hajong_dhamor,,amɾa,1st pl.,,amɾa,lexical-similarity-group:2,kim-ahmad-kim-sangma2011hajong[p. 62],,,hajong:304:hajong_dhamor:1
hajong_bhalukapara,,amɾɯ,1st pl.,,amɾɯ,lexical-similarity-group:2,kim-ahmad-kim-sangma2011hajong[p. 62],,,hajong:304:hajong_bhalukapara:1
hajong_nokshi,,amɾɯ,1st pl.,,amɾɯ,lexical-similarity-group:2,kim-ahmad-kim-sangma2011hajong[p. 62],,,hajong:304:hajong_nokshi:1
hajong_gopalbari,,ɯmɾɯ,1st pl.,,ɯmɾɯ,lexical-similarity-group:2,kim-ahmad-kim-sangma2011hajong[p. 62],,,hajong:304:hajong_gopalbari:1
hajong_gopalpur,,ɯmɾɯ,1st pl.,,ɯmɾɯ,lexical-similarity-group:2,kim-ahmad-kim-sangma2011hajong[p. 62],,,hajong:304:hajong_gopalpur:1
hajong_balachanda,,amaɡilə,1st pl.,,amaɡilə,lexical-similarity-group:3,kim-ahmad-kim-sangma2011hajong[p. 62],,,hajong:304:hajong_balachanda:1
hajong_gopalpur,,oɾa,2nd pl. (familiar),,oɾa,lexical-similarity-group:1,kim-ahmad-kim-sangma2011hajong[p. 63],,,hajong:305:hajong_gopalpur:1
hajong_gopalbari,,toɾa,2nd pl. (familiar),,toɾa,lexical-similarity-group:1,kim-ahmad-kim-sangma2011hajong[p. 63],,,hajong:305:hajong_gopalbari:1
hajong_dalugau,,toɾa,2nd pl. (familiar),,toɾa,lexical-similarity-group:1,kim-ahmad-kim-sangma2011hajong[p. 63],,,hajong:305:hajong_dalugau:1
hajong_bhalukapara,,tuɾa,2nd pl. (familiar),,tuɾa,lexical-similarity-group:1,kim-ahmad-kim-sangma2011hajong[p. 63],,,hajong:305:hajong_bhalukapara:1
hajong_nokshi,,tuɾa,2nd pl. (familiar),,tuɾa,lexical-similarity-group:1,kim-ahmad-kim-sangma2011hajong[p. 63],,,hajong:305:hajong_nokshi:1
hajong_dhamor,,tuɾa,2nd pl. (familiar),,tuɾa,lexical-similarity-group:1,kim-ahmad-kim-sangma2011hajong[p. 63],,,hajong:305:hajong_dhamor:1
hajong_nirghini,,uɾa,2nd pl. (familiar),,uɾa,lexical-similarity-group:1,kim-ahmad-kim-sangma2011hajong[p. 63],,,hajong:305:hajong_nirghini:1
hajong_nugapara,,toi,2nd pl. (familiar),,toi,lexical-similarity-group:2,kim-ahmad-kim-sangma2011hajong[p. 63],,,hajong:305:hajong_nugapara:1
hajong_chilapara,,tukla,2nd pl. (familiar),,tukla,lexical-similarity-group:3,kim-ahmad-kim-sangma2011hajong[p. 63],,,hajong:305:hajong_chilapara:1
hajong_balachanda,,tuməɡilə,2nd pl. (familiar),,tuməɡilə,lexical-similarity-group:4,kim-ahmad-kim-sangma2011hajong[p. 63],,,hajong:305:hajong_balachanda:1
hajong_gopalbari,,toɾa,2nd pl. (familiar),,toɾa,lexical-similarity-group:5,kim-ahmad-kim-sangma2011hajong[p. 63],,,hajong:305:hajong_gopalbari:2
hajong_dalugau,,toɾa,2nd pl. (familiar),,toɾa,lexical-similarity-group:5,kim-ahmad-kim-sangma2011hajong[p. 63],,,hajong:305:hajong_dalugau:2
hajong_bhalukapara,,tuɾa,2nd pl. (familiar),,tuɾa,lexical-similarity-group:5,kim-ahmad-kim-sangma2011hajong[p. 63],,,hajong:305:hajong_bhalukapara:2
hajong_nokshi,,tuɾa,2nd pl. (familiar),,tuɾa,lexical-similarity-group:5,kim-ahmad-kim-sangma2011hajong[p. 63],,,hajong:305:hajong_nokshi:2
hajong_dhamor,,tuɾa,2nd pl. (familiar),,tuɾa,lexical-similarity-group:5,kim-ahmad-kim-sangma2011hajong[p. 63],,,hajong:305:hajong_dhamor:2
hajong_dalugau,,toɾa,2nd pl. (honorific),,toɾa,lexical-similarity-group:1,kim-ahmad-kim-sangma2011hajong[p. 63],,,hajong:306:hajong_dalugau:1
hajong_nirghini,,uɾa,2nd pl. (honorific),,uɾa,lexical-similarity-group:1,kim-ahmad-kim-sangma2011hajong[p. 63],,,hajong:306:hajong_nirghini:1
hajong_nugapara,,toi,2nd pl. (honorific),,toi,lexical-similarity-group:2,kim-ahmad-kim-sangma2011hajong[p. 63],,,hajong:306:hajong_nugapara:1
hajong_dalugau,,toɾa,2nd pl. (honorific),,toɾa,lexical-similarity-group:2,kim-ahmad-kim-sangma2011hajong[p. 63],,,hajong:306:hajong_dalugau:2
hajong_chilapara,,tukla,2nd pl. (honorific),,tukla,lexical-similarity-group:3,kim-ahmad-kim-sangma2011hajong[p. 63],,,hajong:306:hajong_chilapara:1
hajong_dhamor,,apnaɾa,2nd pl. (honorific),,apnaɾa,lexical-similarity-group:4,kim-ahmad-kim-sangma2011hajong[p. 63],,,hajong:306:hajong_dhamor:1
hajong_balachanda,,tuməɡilə,2nd pl. (honorific),,tuməɡilə,lexical-similarity-group:5,kim-ahmad-kim-sangma2011hajong[p. 63],,,hajong:306:hajong_balachanda:1
hajong_nirghini,,eɾa,3rd pl.,,eɾa,lexical-similarity-group:1,kim-ahmad-kim-sangma2011hajong[p. 63],,,hajong:307:hajong_nirghini:1
hajong_gopalbari,,oɾa,3rd pl.,,oɾa,lexical-similarity-group:1,kim-ahmad-kim-sangma2011hajong[p. 63],,,hajong:307:hajong_gopalbari:1
hajong_gopalpur,,oɾa,3rd pl.,,oɾa,lexical-similarity-group:1,kim-ahmad-kim-sangma2011hajong[p. 63],,,hajong:307:hajong_gopalpur:1
hajong_bhalukapara,,oɾa,3rd pl.,,oɾa,lexical-similarity-group:1,kim-ahmad-kim-sangma2011hajong[p. 63],,,hajong:307:hajong_bhalukapara:1
hajong_nokshi,,oɾa,3rd pl.,,oɾa,lexical-similarity-group:1,kim-ahmad-kim-sangma2011hajong[p. 63],,,hajong:307:hajong_nokshi:1
hajong_nugapara,,oɾa,3rd pl.,,oɾa,lexical-similarity-group:1,kim-ahmad-kim-sangma2011hajong[p. 63],,,hajong:307:hajong_nugapara:1
hajong_dalugau,,oɾa,3rd pl.,,oɾa,lexical-similarity-group:1,kim-ahmad-kim-sangma2011hajong[p. 63],,,hajong:307:hajong_dalugau:1
hajong_dhamor,,oɾa,3rd pl.,,oɾa,lexical-similarity-group:1,kim-ahmad-kim-sangma2011hajong[p. 63],,,hajong:307:hajong_dhamor:1
hajong_chilapara,,uɡla,3rd pl.,,uɡla,lexical-similarity-group:2,kim-ahmad-kim-sangma2011hajong[p. 63],,,hajong:307:hajong_chilapara:1
hajong_balachanda,,umaɡilə,3rd pl.,,umaɡilə,lexical-similarity-group:3,kim-ahmad-kim-sangma2011hajong[p. 63],,,hajong:307:hajong_balachanda:1
