Ko,,əccu,mould,,,,"ghatage-konkani1963[p. 120, col. 1, entry 1]",,,ghatage-konkani1963:p120:c1:e1,,,,dialect:Ko:ghatage-konkani1963:South%20Kanara%20Chitrapur%20Sarasvat%20Konkani
Ko,,əṭhra,eighteen,,,,"ghatage-konkani1963[p. 120, col. 1, entry 2]",,,ghatage-konkani1963:p120:c1:e2,,,,dialect:Ko:ghatage-konkani1963:South%20Kanara%20Chitrapur%20Sarasvat%20Konkani
Ko,,əḍḍe:cə,two and half.,,,,"ghatage-konkani1963[p. 120, col. 1, entry 3]",,,ghatage-konkani1963:p120:c1:e3,,,,dialect:Ko:ghatage-konkani1963:South%20Kanara%20Chitrapur%20Sarasvat%20Konkani
Ko,,əgdi,fully,,,,"ghatage-konkani1963[p. 120, col. 1, entry 4]",,,ghatage-konkani1963:p120:c1:e4,,,,dialect:Ko:ghatage-konkani1963:South%20Kanara%20Chitrapur%20Sarasvat%20Konkani
Ko,,əpma:nu,insult,,,,"ghatage-konkani1963[p. 120, col. 1, entry 5]",,,ghatage-konkani1963:p120:c1:e5,,,,dialect:Ko:ghatage-konkani1963:South%20Kanara%20Chitrapur%20Sarasvat%20Konkani
Ko,,əbhrəkə,mica,,,,"ghatage-konkani1963[p. 120, col. 1, entry 6]",,,ghatage-konkani1963:p120:c1:e6,,,,dialect:Ko:ghatage-konkani1963:South%20Kanara%20Chitrapur%20Sarasvat%20Konkani
Ko,,əbya:su,habit,,,,"ghatage-konkani1963[p. 120, col. 1, entry 7]",,,ghatage-konkani1963:p120:c1:e7,,,,dialect:Ko:ghatage-konkani1963:South%20Kanara%20Chitrapur%20Sarasvat%20Konkani
Ko,,əma:sə,new moon day,,,,"ghatage-konkani1963[p. 120, col. 1, entry 8]",,,ghatage-konkani1963:p120:c1:e8,,,,dialect:Ko:ghatage-konkani1963:South%20Kanara%20Chitrapur%20Sarasvat%20Konkani
Ko,,ə̃yśi,eighty,,,,"ghatage-konkani1963[p. 120, col. 1, entry 9]",,,ghatage-konkani1963:p120:c1:e9,,,,dialect:Ko:ghatage-konkani1963:South%20Kanara%20Chitrapur%20Sarasvat%20Konkani
Ko,,ərdə,half,,,,"ghatage-konkani1963[p. 120, col. 1, entry 10]",,,ghatage-konkani1963:p120:c1:e10,,,,dialect:Ko:ghatage-konkani1963:South%20Kanara%20Chitrapur%20Sarasvat%20Konkani
Ko,,əšəktə,weak,,,,"ghatage-konkani1963[p. 120, col. 1, entry 11]",,,ghatage-konkani1963:p120:c1:e11,,,,dialect:Ko:ghatage-konkani1963:South%20Kanara%20Chitrapur%20Sarasvat%20Konkani
Ko,,əšši,thus,,,,"ghatage-konkani1963[p. 120, col. 1, entry 12]",,,ghatage-konkani1963:p120:c1:e12,,,,dialect:Ko:ghatage-konkani1963:South%20Kanara%20Chitrapur%20Sarasvat%20Konkani
Ko,,əslɛ̃,such,,,,"ghatage-konkani1963[p. 120, col. 1, entry 13]",,,ghatage-konkani1963:p120:c1:e13,,,,dialect:Ko:ghatage-konkani1963:South%20Kanara%20Chitrapur%20Sarasvat%20Konkani
Ko,,əsvələ,bear,,,,"ghatage-konkani1963[p. 120, col. 1, entry 14]",,,ghatage-konkani1963:p120:c1:e14,,,,dialect:Ko:ghatage-konkani1963:South%20Kanara%20Chitrapur%20Sarasvat%20Konkani
Ko,,ə:ṭə,condition,,,,"ghatage-konkani1963[p. 120, col. 1, entry 15]",,,ghatage-konkani1963:p120:c1:e15,,,,dialect:Ko:ghatage-konkani1963:South%20Kanara%20Chitrapur%20Sarasvat%20Konkani
Ko,,aka:šə,sky,,,,"ghatage-konkani1963[p. 120, col. 1, entry 16]",,,ghatage-konkani1963:p120:c1:e16,,,,dialect:Ko:ghatage-konkani1963:South%20Kanara%20Chitrapur%20Sarasvat%20Konkani
Ko,,akro:ḍə,walnut,,,,"ghatage-konkani1963[p. 120, col. 1, entry 17]",,,ghatage-konkani1963:p120:c1:e17,,,,dialect:Ko:ghatage-konkani1963:South%20Kanara%20Chitrapur%20Sarasvat%20Konkani
Ko,,agga:ḍi,train,,,,"ghatage-konkani1963[p. 120, col. 1, entry 18]",,,ghatage-konkani1963:p120:c1:e18,,,,dialect:Ko:ghatage-konkani1963:South%20Kanara%20Chitrapur%20Sarasvat%20Konkani
Ko,,aŋgəṇə,courtyard,,,,"ghatage-konkani1963[p. 120, col. 1, entry 19]",,,ghatage-konkani1963:p120:c1:e19,,,,dialect:Ko:ghatage-konkani1963:South%20Kanara%20Chitrapur%20Sarasvat%20Konkani
Ko,,aŋgə,body,,,,"ghatage-konkani1963[p. 120, col. 1, entry 20]",,,ghatage-konkani1963:p120:c1:e20,,,,dialect:Ko:ghatage-konkani1963:South%20Kanara%20Chitrapur%20Sarasvat%20Konkani
Ko,,ajjə,grandfather,,,,"ghatage-konkani1963[p. 120, col. 1, entry 21]",,,ghatage-konkani1963:p120:c1:e21,,,,dialect:Ko:ghatage-konkani1963:South%20Kanara%20Chitrapur%20Sarasvat%20Konkani
Ko,,aǰǰi,grandmother,,,,"ghatage-konkani1963[p. 120, col. 1, entry 22]",,,ghatage-konkani1963:p120:c1:e22,,,,dialect:Ko:ghatage-konkani1963:South%20Kanara%20Chitrapur%20Sarasvat%20Konkani
Ko,,aṭṭi,cooking pot,,,,"ghatage-konkani1963[p. 120, col. 1, entry 23]",,,ghatage-konkani1963:p120:c1:e23,,,,dialect:Ko:ghatage-konkani1963:South%20Kanara%20Chitrapur%20Sarasvat%20Konkani
Ko,,aṭhəvḍə,week,,,,"ghatage-konkani1963[p. 120, col. 1, entry 24]",,,ghatage-konkani1963:p120:c1:e24,,,,dialect:Ko:ghatage-konkani1963:South%20Kanara%20Chitrapur%20Sarasvat%20Konkani
Ko,,adkittə,nut-cutter,,,,"ghatage-konkani1963[p. 120, col. 1, entry 25]",,,ghatage-konkani1963:p120:c1:e25,,,,dialect:Ko:ghatage-konkani1963:South%20Kanara%20Chitrapur%20Sarasvat%20Konkani
Ko,,aḍli,blade fixed to a plank,,,,"ghatage-konkani1963[p. 120, col. 1, entry 26]",,,ghatage-konkani1963:p120:c1:e26,,,,dialect:Ko:ghatage-konkani1963:South%20Kanara%20Chitrapur%20Sarasvat%20Konkani
Ko,,attã,now,,,,"ghatage-konkani1963[p. 120, col. 1, entry 27]",,,ghatage-konkani1963:p120:c1:e27,,,,dialect:Ko:ghatage-konkani1963:South%20Kanara%20Chitrapur%20Sarasvat%20Konkani
Ko,,attebhəyṇi,paternal aunt’s daughter,,,,"ghatage-konkani1963[p. 120, col. 2, entry 1]",,,ghatage-konkani1963:p120:c2:e1,,,,dialect:Ko:ghatage-konkani1963:South%20Kanara%20Chitrapur%20Sarasvat%20Konkani
Ko,,attebha:vu,paternal aunt’s son,,,,"ghatage-konkani1963[p. 120, col. 2, entry 2]",,,ghatage-konkani1963:p120:c2:e2,,,,dialect:Ko:ghatage-konkani1963:South%20Kanara%20Chitrapur%20Sarasvat%20Konkani
Ko,,ani,and,,,,"ghatage-konkani1963[p. 120, col. 2, entry 3]",,,ghatage-konkani1963:p120:c2:e3,,,,dialect:Ko:ghatage-konkani1963:South%20Kanara%20Chitrapur%20Sarasvat%20Konkani
Ko,,appəḍi,to touch,,,,"ghatage-konkani1963[p. 120, col. 2, entry 4]",,,ghatage-konkani1963:p120:c2:e4,,,,dialect:Ko:ghatage-konkani1963:South%20Kanara%20Chitrapur%20Sarasvat%20Konkani
Ko,,appəyi,to call,,,,"ghatage-konkani1963[p. 120, col. 2, entry 5]",,,ghatage-konkani1963:p120:c2:e5,,,,dialect:Ko:ghatage-konkani1963:South%20Kanara%20Chitrapur%20Sarasvat%20Konkani
Ko,,ambə,mango,,,,"ghatage-konkani1963[p. 120, col. 2, entry 6]",,,ghatage-konkani1963:p120:c2:e6,,,,dialect:Ko:ghatage-konkani1963:South%20Kanara%20Chitrapur%20Sarasvat%20Konkani
Ko,,ammi,we,,,,"ghatage-konkani1963[p. 120, col. 2, entry 7]",,,ghatage-konkani1963:p120:c2:e7,,,,dialect:Ko:ghatage-konkani1963:South%20Kanara%20Chitrapur%20Sarasvat%20Konkani
Ko,,amšɛ̃,sour,,,,"ghatage-konkani1963[p. 120, col. 2, entry 8]",,,ghatage-konkani1963:p120:c2:e8,,,,dialect:Ko:ghatage-konkani1963:South%20Kanara%20Chitrapur%20Sarasvat%20Konkani
Ko,,ayta:ru,sunday,,,,"ghatage-konkani1963[p. 120, col. 2, entry 9]",,,ghatage-konkani1963:p120:c2:e9,,,,dialect:Ko:ghatage-konkani1963:South%20Kanara%20Chitrapur%20Sarasvat%20Konkani
Ko,,ayda:nə,pot,,,,"ghatage-konkani1963[p. 120, col. 2, entry 10]",,,ghatage-konkani1963:p120:c2:e10,,,,dialect:Ko:ghatage-konkani1963:South%20Kanara%20Chitrapur%20Sarasvat%20Konkani
Ko,,alsandə,beans,,,,"ghatage-konkani1963[p. 120, col. 2, entry 12]",,,ghatage-konkani1963:p120:c2:e12,,,,dialect:Ko:ghatage-konkani1963:South%20Kanara%20Chitrapur%20Sarasvat%20Konkani
Ko,,aḷši,lazy,,,,"ghatage-konkani1963[p. 120, col. 2, entry 13]",,,ghatage-konkani1963:p120:c2:e13,,,,dialect:Ko:ghatage-konkani1963:South%20Kanara%20Chitrapur%20Sarasvat%20Konkani
Ko,,ava:ju,noise,,,,"ghatage-konkani1963[p. 120, col. 2, entry 14]",,,ghatage-konkani1963:p120:c2:e14,,,,dialect:Ko:ghatage-konkani1963:South%20Kanara%20Chitrapur%20Sarasvat%20Konkani
Ko,,avkhəḷə,naughty,,,,"ghatage-konkani1963[p. 120, col. 2, entry 15]",,,ghatage-konkani1963:p120:c2:e15,,,,dialect:Ko:ghatage-konkani1963:South%20Kanara%20Chitrapur%20Sarasvat%20Konkani
Ko,,avŋgalɛ̃,cloth,,,,"ghatage-konkani1963[p. 120, col. 2, entry 16]",,,ghatage-konkani1963:p120:c2:e16,,,,dialect:Ko:ghatage-konkani1963:South%20Kanara%20Chitrapur%20Sarasvat%20Konkani
Ko,,avrɛ̃,kidney beans,,,,"ghatage-konkani1963[p. 120, col. 2, entry 17]",,,ghatage-konkani1963:p120:c2:e17,,,,dialect:Ko:ghatage-konkani1963:South%20Kanara%20Chitrapur%20Sarasvat%20Konkani
Ko,,assuḍi,to winnow,,,,"ghatage-konkani1963[p. 120, col. 2, entry 18]",,,ghatage-konkani1963:p120:c2:e18,,,,dialect:Ko:ghatage-konkani1963:South%20Kanara%20Chitrapur%20Sarasvat%20Konkani
Ko,,asti,estate,,,,"ghatage-konkani1963[p. 120, col. 2, entry 19]",,,ghatage-konkani1963:p120:c2:e19,,,,dialect:Ko:ghatage-konkani1963:South%20Kanara%20Chitrapur%20Sarasvat%20Konkani
Ko,,a:ǰi,today,,,,"ghatage-konkani1963[p. 120, col. 2, entry 20]",,,ghatage-konkani1963:p120:c2:e20,,,,dialect:Ko:ghatage-konkani1963:South%20Kanara%20Chitrapur%20Sarasvat%20Konkani
Ko,,a:ṭə,eight,,,,"ghatage-konkani1963[p. 120, col. 2, entry 21]",,,ghatage-konkani1963:p120:c2:e21,,,,dialect:Ko:ghatage-konkani1963:South%20Kanara%20Chitrapur%20Sarasvat%20Konkani
Ko,,a:tma,soul,,,,"ghatage-konkani1963[p. 120, col. 2, entry 22]",,,ghatage-konkani1963:p120:c2:e22,,,,dialect:Ko:ghatage-konkani1963:South%20Kanara%20Chitrapur%20Sarasvat%20Konkani
Ko,,a:tya,paternal aunt,,,,"ghatage-konkani1963[p. 120, col. 2, entry 23]",,,ghatage-konkani1963:p120:c2:e23,,,,dialect:Ko:ghatage-konkani1963:South%20Kanara%20Chitrapur%20Sarasvat%20Konkani
Ko,,a:mbɛ̃ru:ku,mango tree,,,,"ghatage-konkani1963[p. 120, col. 2, entry 24]",,,ghatage-konkani1963:p120:c2:e24,,,,dialect:Ko:ghatage-konkani1963:South%20Kanara%20Chitrapur%20Sarasvat%20Konkani
Ko,,a:ya:lə,mane,,,,"ghatage-konkani1963[p. 121, col. 1, entry 1]",,,ghatage-konkani1963:p121:c1:e1,,,,dialect:Ko:ghatage-konkani1963:South%20Kanara%20Chitrapur%20Sarasvat%20Konkani ocr-review uncertain
Ko,,a:ykə,hear,,,,"ghatage-konkani1963[p. 121, col. 1, entry 2]",,,ghatage-konkani1963:p121:c1:e2,,,,dialect:Ko:ghatage-konkani1963:South%20Kanara%20Chitrapur%20Sarasvat%20Konkani ocr-review uncertain
Ko,,a:yda:nə,utensils,,,,"ghatage-konkani1963[p. 121, col. 1, entry 3]",,,ghatage-konkani1963:p121:c1:e3,,,,dialect:Ko:ghatage-konkani1963:South%20Kanara%20Chitrapur%20Sarasvat%20Konkani ocr-review uncertain
Ko,,a:fu,opium,,,,"ghatage-konkani1963[p. 121, col. 1, entry 4]",,,ghatage-konkani1963:p121:c1:e4,,,,dialect:Ko:ghatage-konkani1963:South%20Kanara%20Chitrapur%20Sarasvat%20Konkani ocr-review uncertain
Ko,,a:rop korc,to accuse,,,,"ghatage-konkani1963[p. 121, col. 1, entry 5]",,,ghatage-konkani1963:p121:c1:e5,,,,dialect:Ko:ghatage-konkani1963:South%20Kanara%20Chitrapur%20Sarasvat%20Konkani ocr-review uncertain
Ko,,a:rti,lamp wor- ship,,,,"ghatage-konkani1963[p. 121, col. 1, entry 6]",,,ghatage-konkani1963:p121:c1:e6,,,,dialect:Ko:ghatage-konkani1963:South%20Kanara%20Chitrapur%20Sarasvat%20Konkani ocr-review uncertain
Ko,,a:vədčē,to like,,,,"ghatage-konkani1963[p. 121, col. 1, entry 7]",,,ghatage-konkani1963:p121:c1:e7,,,,dialect:Ko:ghatage-konkani1963:South%20Kanara%20Chitrapur%20Sarasvat%20Konkani ocr-review uncertain
Ko,,a:vsu,mother,,,,"ghatage-konkani1963[p. 121, col. 1, entry 8]",,,ghatage-konkani1963:p121:c1:e8,,,,dialect:Ko:ghatage-konkani1963:South%20Kanara%20Chitrapur%20Sarasvat%20Konkani ocr-review uncertain
Ko,,a:ša,hope,,,,"ghatage-konkani1963[p. 121, col. 1, entry 9]",,,ghatage-konkani1963:p121:c1:e9,,,,dialect:Ko:ghatage-konkani1963:South%20Kanara%20Chitrapur%20Sarasvat%20Konkani ocr-review uncertain
Ko,,a:ščɛ̃,to be,,,,"ghatage-konkani1963[p. 121, col. 1, entry 11]",,,ghatage-konkani1963:p121:c1:e11,,,,dialect:Ko:ghatage-konkani1963:South%20Kanara%20Chitrapur%20Sarasvat%20Konkani
Ko,,a:stikə,theist,,,,"ghatage-konkani1963[p. 121, col. 1, entry 12]",,,ghatage-konkani1963:p121:c1:e12,,,,dialect:Ko:ghatage-konkani1963:South%20Kanara%20Chitrapur%20Sarasvat%20Konkani ocr-review uncertain
Ko,,ã:gə,body,,,,"ghatage-konkani1963[p. 121, col. 1, entry 13]",,,ghatage-konkani1963:p121:c1:e13,,,,dialect:Ko:ghatage-konkani1963:South%20Kanara%20Chitrapur%20Sarasvat%20Konkani ocr-review uncertain
Ko,,ā:tdē,intestine p,,,,"ghatage-konkani1963[p. 121, col. 1, entry 14]",,,ghatage-konkani1963:p121:c1:e14,,,,dialect:Ko:ghatage-konkani1963:South%20Kanara%20Chitrapur%20Sarasvat%20Konkani ocr-review uncertain
Ko,,ikra,eleyen,,,,"ghatage-konkani1963[p. 121, col. 1, entry 15]",,,ghatage-konkani1963:p121:c1:e15,,,,dialect:Ko:ghatage-konkani1963:South%20Kanara%20Chitrapur%20Sarasvat%20Konkani ocr-review uncertain
Ko,,iččha,wish,,,,"ghatage-konkani1963[p. 121, col. 1, entry 16]",,,ghatage-konkani1963:p121:c1:e16,,,,dialect:Ko:ghatage-konkani1963:South%20Kanara%20Chitrapur%20Sarasvat%20Konkani ocr-review uncertain
Ko,,idra:ri,in front of,,,,"ghatage-konkani1963[p. 121, col. 1, entry 17]",,,ghatage-konkani1963:p121:c1:e17,,,,dialect:Ko:ghatage-konkani1963:South%20Kanara%20Chitrapur%20Sarasvat%20Konkani ocr-review uncertain
Ko,,indrədhənušyə,rainbow,,,,"ghatage-konkani1963[p. 121, col. 1, entry 18]",,,ghatage-konkani1963:p121:c1:e18,,,,dialect:Ko:ghatage-konkani1963:South%20Kanara%20Chitrapur%20Sarasvat%20Konkani ocr-review uncertain
Ko,,istri,iron,,,,"ghatage-konkani1963[p. 121, col. 1, entry 19]",,,ghatage-konkani1963:p121:c1:e19,,,,dialect:Ko:ghatage-konkani1963:South%20Kanara%20Chitrapur%20Sarasvat%20Konkani ocr-review uncertain
Ko,,ukkəli,to lift,,,,"ghatage-konkani1963[p. 121, col. 1, entry 20]",,,ghatage-konkani1963:p121:c1:e20,,,,dialect:Ko:ghatage-konkani1963:South%20Kanara%20Chitrapur%20Sarasvat%20Konkani ocr-review uncertain
Ko,,ukdə tandu:- ļu,boiled rice,,,,"ghatage-konkani1963[p. 121, col. 1, entry 21]",,,ghatage-konkani1963:p121:c1:e21,,,,dialect:Ko:ghatage-konkani1963:South%20Kanara%20Chitrapur%20Sarasvat%20Konkani ocr-review uncertain
Ko,,uggədi,to open,,,,"ghatage-konkani1963[p. 121, col. 1, entry 22]",,,ghatage-konkani1963:p121:c1:e22,,,,dialect:Ko:ghatage-konkani1963:South%20Kanara%20Chitrapur%20Sarasvat%20Konkani ocr-review uncertain
Ko,,ugda:s kəri,to remember|,,,,"ghatage-konkani1963[p. 121, col. 1, entry 23]",,,ghatage-konkani1963:p121:c1:e23,,,,dialect:Ko:ghatage-konkani1963:South%20Kanara%20Chitrapur%20Sarasvat%20Konkani ocr-review uncertain
Ko,,uij to,thumb,,,,"ghatage-konkani1963[p. 121, col. 1, entry 24]",,,ghatage-konkani1963:p121:c1:e24,,,,dialect:Ko:ghatage-konkani1963:South%20Kanara%20Chitrapur%20Sarasvat%20Konkani ocr-review uncertain
Ko,,ujjə kə:ri,to kindle,,,,"ghatage-konkani1963[p. 121, col. 1, entry 26]",,,ghatage-konkani1963:p121:c1:e26,,,,dialect:Ko:ghatage-konkani1963:South%20Kanara%20Chitrapur%20Sarasvat%20Konkani ocr-review uncertain
Ko,,ujjə,fire,,,,"ghatage-konkani1963[p. 121, col. 1, entry 27]",,,ghatage-konkani1963:p121:c1:e27,,,,dialect:Ko:ghatage-konkani1963:South%20Kanara%20Chitrapur%20Sarasvat%20Konkani ocr-review uncertain
Ko,,ujvə,right,,,,"ghatage-konkani1963[p. 121, col. 1, entry 28]",,,ghatage-konkani1963:p121:c1:e28,,,,dialect:Ko:ghatage-konkani1963:South%20Kanara%20Chitrapur%20Sarasvat%20Konkani ocr-review uncertain
Ko,,ujja kaddi,match stick,,,,"ghatage-konkani1963[p. 121, col. 1, entry 29]",,,ghatage-konkani1963:p121:c1:e29,,,,dialect:Ko:ghatage-konkani1963:South%20Kanara%20Chitrapur%20Sarasvat%20Konkani ocr-review uncertain
Ko,,uțța,to rise,,,,"ghatage-konkani1963[p. 121, col. 1, entry 30]",,,ghatage-konkani1963:p121:c1:e30,,,,dialect:Ko:ghatage-konkani1963:South%20Kanara%20Chitrapur%20Sarasvat%20Konkani ocr-review uncertain
Ko,,udidu,black gram,,,,"ghatage-konkani1963[p. 121, col. 1, entry 31]",,,ghatage-konkani1963:p121:c1:e31,,,,dialect:Ko:ghatage-konkani1963:South%20Kanara%20Chitrapur%20Sarasvat%20Konkani ocr-review uncertain
Ko,,uddəyi,to throw,,,,"ghatage-konkani1963[p. 121, col. 1, entry 32]",,,ghatage-konkani1963:p121:c1:e32,,,,dialect:Ko:ghatage-konkani1963:South%20Kanara%20Chitrapur%20Sarasvat%20Konkani ocr-review uncertain
Ko,,uttərss,the north,,,,"ghatage-konkani1963[p. 121, col. 1, entry 33]",,,ghatage-konkani1963:p121:c1:e33,,,,dialect:Ko:ghatage-konkani1963:South%20Kanara%20Chitrapur%20Sarasvat%20Konkani ocr-review uncertain
Ko,,utkads vəkkədð,purgative,,,,"ghatage-konkani1963[p. 121, col. 1, entry 34]",,,ghatage-konkani1963:p121:c1:e34,,,,dialect:Ko:ghatage-konkani1963:South%20Kanara%20Chitrapur%20Sarasvat%20Konkani ocr-review uncertain
Ko,,úthələ:i:,shallow,,,,"ghatage-konkani1963[p. 121, col. 1, entry 35]",,,ghatage-konkani1963:p121:c1:e35,,,,dialect:Ko:ghatage-konkani1963:South%20Kanara%20Chitrapur%20Sarasvat%20Konkani ocr-review uncertain
Ko,,udari,l open,,,,"ghatage-konkani1963[p. 121, col. 2, entry 1]",,,ghatage-konkani1963:p121:c2:e1,,,,dialect:Ko:ghatage-konkani1963:South%20Kanara%20Chitrapur%20Sarasvat%20Konkani ocr-review uncertain
Ko,,udde:šu,intention,,,,"ghatage-konkani1963[p. 121, col. 2, entry 3]",,,ghatage-konkani1963:p121:c2:e3,,,,dialect:Ko:ghatage-konkani1963:South%20Kanara%20Chitrapur%20Sarasvat%20Konkani ocr-review uncertain
Ko,,udda:kə,water,,,,"ghatage-konkani1963[p. 121, col. 2, entry 4]",,,ghatage-konkani1963:p121:c2:e4,,,,dialect:Ko:ghatage-konkani1963:South%20Kanara%20Chitrapur%20Sarasvat%20Konkani ocr-review uncertain
Ko,,unduru,rat,,,,"ghatage-konkani1963[p. 121, col. 2, entry 5]",,,ghatage-konkani1963:p121:c2:e5,,,,dialect:Ko:ghatage-konkani1963:South%20Kanara%20Chitrapur%20Sarasvat%20Konkani ocr-review uncertain
Ko,,upa:su,fast,,,,"ghatage-konkani1963[p. 121, col. 2, entry 6]",,,ghatage-konkani1963:p121:c2:e6,,,,dialect:Ko:ghatage-konkani1963:South%20Kanara%20Chitrapur%20Sarasvat%20Konkani ocr-review uncertain
Ko,,upča:ru,treatment,,,,"ghatage-konkani1963[p. 121, col. 2, entry 7]",,,ghatage-konkani1963:p121:c2:e7,,,,dialect:Ko:ghatage-konkani1963:South%20Kanara%20Chitrapur%20Sarasvat%20Konkani ocr-review uncertain
Ko,,ubtë,measles,,,,"ghatage-konkani1963[p. 121, col. 2, entry 8]",,,ghatage-konkani1963:p121:c2:e8,,,,dialect:Ko:ghatage-konkani1963:South%20Kanara%20Chitrapur%20Sarasvat%20Konkani ocr-review uncertain
Ko,,ubra,to stand,,,,"ghatage-konkani1963[p. 121, col. 2, entry 9]",,,ghatage-konkani1963:p121:c2:e9,,,,dialect:Ko:ghatage-konkani1963:South%20Kanara%20Chitrapur%20Sarasvat%20Konkani ocr-review uncertain
Ko,,ummə ghe,to kiss,,,,"ghatage-konkani1963[p. 121, col. 2, entry 10]",,,ghatage-konkani1963:p121:c2:e10,,,,dialect:Ko:ghatage-konkani1963:South%20Kanara%20Chitrapur%20Sarasvat%20Konkani ocr-review uncertain
Ko,,uləț,on the con- trary,,,,"ghatage-konkani1963[p. 121, col. 2, entry 11]",,,ghatage-konkani1963:p121:c2:e11,,,,dialect:Ko:ghatage-konkani1963:South%20Kanara%20Chitrapur%20Sarasvat%20Konkani ocr-review uncertain
Ko,,uru:țə,round,,,,"ghatage-konkani1963[p. 121, col. 2, entry 12]",,,ghatage-konkani1963:p121:c2:e12,,,,dialect:Ko:ghatage-konkani1963:South%20Kanara%20Chitrapur%20Sarasvat%20Konkani ocr-review uncertain
Ko,,ussal,to surge up,,,,"ghatage-konkani1963[p. 121, col. 2, entry 13]",,,ghatage-konkani1963:p121:c2:e13,,,,dialect:Ko:ghatage-konkani1963:South%20Kanara%20Chitrapur%20Sarasvat%20Konkani ocr-review uncertain
Ko,,ulləyi,to say,,,,"ghatage-konkani1963[p. 121, col. 2, entry 14]",,,ghatage-konkani1963:p121:c2:e14,,,,dialect:Ko:ghatage-konkani1963:South%20Kanara%20Chitrapur%20Sarasvat%20Konkani ocr-review uncertain
Ko,,uššē,pillow,,,,"ghatage-konkani1963[p. 121, col. 2, entry 15]",,,ghatage-konkani1963:p121:c2:e15,,,,dialect:Ko:ghatage-konkani1963:South%20Kanara%20Chitrapur%20Sarasvat%20Konkani ocr-review uncertain
Ko,,u:qdə,to fly,,,,"ghatage-konkani1963[p. 121, col. 2, entry 16]",,,ghatage-konkani1963:p121:c2:e16,,,,dialect:Ko:ghatage-konkani1963:South%20Kanara%20Chitrapur%20Sarasvat%20Konkani ocr-review uncertain
Ko,,u:də,to jump,,,,"ghatage-konkani1963[p. 121, col. 2, entry 17]",,,ghatage-konkani1963:p121:c2:e17,,,,dialect:Ko:ghatage-konkani1963:South%20Kanara%20Chitrapur%20Sarasvat%20Konkani ocr-review uncertain
Ko,,u:ņë kəri,to subtract,,,,"ghatage-konkani1963[p. 121, col. 2, entry 18]",,,ghatage-konkani1963:p121:c2:e18,,,,dialect:Ko:ghatage-konkani1963:South%20Kanara%20Chitrapur%20Sarasvat%20Konkani ocr-review uncertain
Ko,,u:və,louse,,,,"ghatage-konkani1963[p. 121, col. 2, entry 19]",,,ghatage-konkani1963:p121:c2:e19,,,,dialect:Ko:ghatage-konkani1963:South%20Kanara%20Chitrapur%20Sarasvat%20Konkani
Ko,,u:varu,flood,,,,"ghatage-konkani1963[p. 121, col. 2, entry 20]",,,ghatage-konkani1963:p121:c2:e20,,,,dialect:Ko:ghatage-konkani1963:South%20Kanara%20Chitrapur%20Sarasvat%20Konkani ocr-review uncertain
Ko,,ü:cə,tall,,,,"ghatage-konkani1963[p. 121, col. 2, entry 21]",,,ghatage-konkani1963:p121:c2:e21,,,,dialect:Ko:ghatage-konkani1963:South%20Kanara%20Chitrapur%20Sarasvat%20Konkani ocr-review uncertain
Ko,,ü:cə,top i,,,,"ghatage-konkani1963[p. 121, col. 2, entry 22]",,,ghatage-konkani1963:p121:c2:e22,,,,dialect:Ko:ghatage-konkani1963:South%20Kanara%20Chitrapur%20Sarasvat%20Konkani ocr-review uncertain
Ko,,ü:țu,camel,,,,"ghatage-konkani1963[p. 121, col. 2, entry 23]",,,ghatage-konkani1963:p121:c2:e23,,,,dialect:Ko:ghatage-konkani1963:South%20Kanara%20Chitrapur%20Sarasvat%20Konkani ocr-review uncertain
Ko,,ekoņi:sə,nineteen,,,,"ghatage-konkani1963[p. 121, col. 2, entry 24]",,,ghatage-konkani1963:p121:c2:e24,,,,dialect:Ko:ghatage-konkani1963:South%20Kanara%20Chitrapur%20Sarasvat%20Konkani ocr-review uncertain
Ko,,ekdəmə,suddenly,,,,"ghatage-konkani1963[p. 121, col. 2, entry 25]",,,ghatage-konkani1963:p121:c2:e25,,,,dialect:Ko:ghatage-konkani1963:South%20Kanara%20Chitrapur%20Sarasvat%20Konkani ocr-review uncertain
Ko,,e:kə,one,,,,"ghatage-konkani1963[p. 121, col. 2, entry 26]",,,ghatage-konkani1963:p121:c2:e26,,,,dialect:Ko:ghatage-konkani1963:South%20Kanara%20Chitrapur%20Sarasvat%20Konkani ocr-review uncertain
Ko,,ekdə kəri,to gather,,,,"ghatage-konkani1963[p. 121, col. 2, entry 27]",,,ghatage-konkani1963:p121:c2:e27,,,,dialect:Ko:ghatage-konkani1963:South%20Kanara%20Chitrapur%20Sarasvat%20Konkani ocr-review uncertain
Ko,,eklo:či,alone,,,,"ghatage-konkani1963[p. 121, col. 2, entry 28]",,,ghatage-konkani1963:p121:c2:e28,,,,dialect:Ko:ghatage-konkani1963:South%20Kanara%20Chitrapur%20Sarasvat%20Konkani ocr-review uncertain
Ko,,erdel telə,caster oil,,,,"ghatage-konkani1963[p. 121, col. 2, entry 29]",,,ghatage-konkani1963:p121:c2:e29,,,,dialect:Ko:ghatage-konkani1963:South%20Kanara%20Chitrapur%20Sarasvat%20Konkani ocr-review uncertain
Ko,,kəṭhin,hard,,,,"ghatage-konkani1963[p. 121, col. 2, entry 31]",,,ghatage-konkani1963:p121:c2:e31,,,,dialect:Ko:ghatage-konkani1963:South%20Kanara%20Chitrapur%20Sarasvat%20Konkani
Ko,,kəjjəlļə,collyrium,,,,"ghatage-konkani1963[p. 121, col. 2, entry 32]",,,ghatage-konkani1963:p121:c2:e32,,,,dialect:Ko:ghatage-konkani1963:South%20Kanara%20Chitrapur%20Sarasvat%20Konkani ocr-review uncertain
Ko,,kədë:cə,last,,,,"ghatage-konkani1963[p. 121, col. 2, entry 33]",,,ghatage-konkani1963:p121:c2:e33,,,,dialect:Ko:ghatage-konkani1963:South%20Kanara%20Chitrapur%20Sarasvat%20Konkani ocr-review uncertain
Ko,,kəņəngə,sweet potato,,,,"ghatage-konkani1963[p. 121, col. 2, entry 34]",,,ghatage-konkani1963:p121:c2:e34,,,,dialect:Ko:ghatage-konkani1963:South%20Kanara%20Chitrapur%20Sarasvat%20Konkani ocr-review uncertain
Ko,,kəndi,window,,,,"ghatage-konkani1963[p. 121, col. 2, entry 35]",,,ghatage-konkani1963:p121:c2:e35,,,,dialect:Ko:ghatage-konkani1963:South%20Kanara%20Chitrapur%20Sarasvat%20Konkani ocr-review uncertain
Ko,,kəņkəņu,headache,,,,"ghatage-konkani1963[p. 121, col. 2, entry 36]",,,ghatage-konkani1963:p121:c2:e36,,,,dialect:Ko:ghatage-konkani1963:South%20Kanara%20Chitrapur%20Sarasvat%20Konkani ocr-review uncertain
Ko,,kənju:sə,miser,,,,"ghatage-konkani1963[p. 121, col. 2, entry 37]",,,ghatage-konkani1963:p121:c2:e37,,,,dialect:Ko:ghatage-konkani1963:South%20Kanara%20Chitrapur%20Sarasvat%20Konkani ocr-review uncertain
Ko,,kəpa:tə,cupboard,,,,"ghatage-konkani1963[p. 122, col. 1, entry 1]",,,ghatage-konkani1963:p122:c1:e1,,,,dialect:Ko:ghatage-konkani1963:South%20Kanara%20Chitrapur%20Sarasvat%20Konkani ocr-review uncertain
Ko,,kəpa:lə,forehead,,,,"ghatage-konkani1963[p. 122, col. 1, entry 2]",,,ghatage-konkani1963:p122:c1:e2,,,,dialect:Ko:ghatage-konkani1963:South%20Kanara%20Chitrapur%20Sarasvat%20Konkani ocr-review uncertain
Ko,,kəppə,cup,,,,"ghatage-konkani1963[p. 122, col. 1, entry 3]",,,ghatage-konkani1963:p122:c1:e3,,,,dialect:Ko:ghatage-konkani1963:South%20Kanara%20Chitrapur%20Sarasvat%20Konkani ocr-review uncertain
Ko,,kəbu:tərə,pigeon,,,,"ghatage-konkani1963[p. 122, col. 1, entry 4]",,,ghatage-konkani1963:p122:c1:e4,,,,dialect:Ko:ghatage-konkani1963:South%20Kanara%20Chitrapur%20Sarasvat%20Konkani ocr-review uncertain
Ko,,kəbbu,sugarcane,,,,"ghatage-konkani1963[p. 122, col. 1, entry 5]",,,ghatage-konkani1963:p122:c1:e5,,,,dialect:Ko:ghatage-konkani1963:South%20Kanara%20Chitrapur%20Sarasvat%20Konkani
Ko,,kəmələ,lotus,,,,"ghatage-konkani1963[p. 122, col. 1, entry 6]",,,ghatage-konkani1963:p122:c1:e6,,,,dialect:Ko:ghatage-konkani1963:South%20Kanara%20Chitrapur%20Sarasvat%20Konkani ocr-review uncertain
Ko,,kəma:nə,arch,,,,"ghatage-konkani1963[p. 122, col. 1, entry 7]",,,ghatage-konkani1963:p122:c1:e7,,,,dialect:Ko:ghatage-konkani1963:South%20Kanara%20Chitrapur%20Sarasvat%20Konkani ocr-review uncertain
Ko,,kəyru,rubbish,,,,"ghatage-konkani1963[p. 122, col. 1, entry 8]",,,ghatage-konkani1963:p122:c1:e8,,,,dialect:Ko:ghatage-konkani1963:South%20Kanara%20Chitrapur%20Sarasvat%20Konkani ocr-review uncertain
Ko,,kər kadi,to sweep,,,,"ghatage-konkani1963[p. 122, col. 1, entry 9]",,,ghatage-konkani1963:p122:c1:e9,,,,dialect:Ko:ghatage-konkani1963:South%20Kanara%20Chitrapur%20Sarasvat%20Konkani ocr-review uncertain
Ko,,kərgəyi,to dissolve,,,,"ghatage-konkani1963[p. 122, col. 1, entry 10]",,,ghatage-konkani1963:p122:c1:e10,,,,dialect:Ko:ghatage-konkani1963:South%20Kanara%20Chitrapur%20Sarasvat%20Konkani ocr-review uncertain
Ko,,kərgəyi,to melt,,,,"ghatage-konkani1963[p. 122, col. 1, entry 11]",,,ghatage-konkani1963:p122:c1:e11,,,,dialect:Ko:ghatage-konkani1963:South%20Kanara%20Chitrapur%20Sarasvat%20Konkani ocr-review uncertain
Ko,,kərņdəkə,spectacles,,,,"ghatage-konkani1963[p. 122, col. 1, entry 12]",,,ghatage-konkani1963:p122:c1:e12,,,,dialect:Ko:ghatage-konkani1963:South%20Kanara%20Chitrapur%20Sarasvat%20Konkani ocr-review uncertain
Ko,,kəliygədə,water melon|,,,,"ghatage-konkani1963[p. 122, col. 1, entry 13]",,,ghatage-konkani1963:p122:c1:e13,,,,dialect:Ko:ghatage-konkani1963:South%20Kanara%20Chitrapur%20Sarasvat%20Konkani ocr-review uncertain
Ko,,kəllekə,why“,,,,"ghatage-konkani1963[p. 122, col. 1, entry 14]",,,ghatage-konkani1963:p122:c1:e14,,,,dialect:Ko:ghatage-konkani1963:South%20Kanara%20Chitrapur%20Sarasvat%20Konkani ocr-review uncertain
Ko,,kəslekə,why,,,,"ghatage-konkani1963[p. 122, col. 1, entry 15]",,,ghatage-konkani1963:p122:c1:e15,,,,dialect:Ko:ghatage-konkani1963:South%20Kanara%20Chitrapur%20Sarasvat%20Konkani ocr-review uncertain
Ko,,kəllë,what,,,,"ghatage-konkani1963[p. 122, col. 1, entry 16]",,,ghatage-konkani1963:p122:c1:e16,,,,dialect:Ko:ghatage-konkani1963:South%20Kanara%20Chitrapur%20Sarasvat%20Konkani ocr-review uncertain
Ko,,kəslë,what,,,,"ghatage-konkani1963[p. 122, col. 1, entry 17]",,,ghatage-konkani1963:p122:c1:e17,,,,dialect:Ko:ghatage-konkani1963:South%20Kanara%20Chitrapur%20Sarasvat%20Konkani ocr-review uncertain
Ko,,kəlčě,to under- stand,,,,"ghatage-konkani1963[p. 122, col. 1, entry 18]",,,ghatage-konkani1963:p122:c1:e18,,,,dialect:Ko:ghatage-konkani1963:South%20Kanara%20Chitrapur%20Sarasvat%20Konkani ocr-review uncertain
Ko,,kəši,how,,,,"ghatage-konkani1963[p. 122, col. 1, entry 19]",,,ghatage-konkani1963:p122:c1:e19,,,,dialect:Ko:ghatage-konkani1963:South%20Kanara%20Chitrapur%20Sarasvat%20Konkani ocr-review uncertain
Ko,,kəšipuņi,somehow,,,,"ghatage-konkani1963[p. 122, col. 1, entry 20]",,,ghatage-konkani1963:p122:c1:e20,,,,dialect:Ko:ghatage-konkani1963:South%20Kanara%20Chitrapur%20Sarasvat%20Konkani ocr-review uncertain
Ko,,kəštə,labour,,,,"ghatage-konkani1963[p. 122, col. 1, entry 21]",,,ghatage-konkani1963:p122:c1:e21,,,,dialect:Ko:ghatage-konkani1963:South%20Kanara%20Chitrapur%20Sarasvat%20Konkani ocr-review uncertain
Ko,,kəsrətə,acrobatics,,,,"ghatage-konkani1963[p. 122, col. 1, entry 22]",,,ghatage-konkani1963:p122:c1:e22,,,,dialect:Ko:ghatage-konkani1963:South%20Kanara%20Chitrapur%20Sarasvat%20Konkani ocr-review uncertain
Ko,,kə:du,bitter,,,,"ghatage-konkani1963[p. 122, col. 1, entry 24]",,,ghatage-konkani1963:p122:c1:e24,,,,dialect:Ko:ghatage-konkani1963:South%20Kanara%20Chitrapur%20Sarasvat%20Konkani ocr-review uncertain
Ko,,kə:də,cliff,,,,"ghatage-konkani1963[p. 122, col. 1, entry 25]",,,ghatage-konkani1963:p122:c1:e25,,,,dialect:Ko:ghatage-konkani1963:South%20Kanara%20Chitrapur%20Sarasvat%20Konkani ocr-review uncertain
Ko,,kə:phə,phlegm,,,,"ghatage-konkani1963[p. 122, col. 1, entry 26]",,,ghatage-konkani1963:p122:c1:e26,,,,dialect:Ko:ghatage-konkani1963:South%20Kanara%20Chitrapur%20Sarasvat%20Konkani ocr-review uncertain
Ko,,kə:yi,than,,,,"ghatage-konkani1963[p. 122, col. 1, entry 27]",,,ghatage-konkani1963:p122:c1:e27,,,,dialect:Ko:ghatage-konkani1963:South%20Kanara%20Chitrapur%20Sarasvat%20Konkani ocr-review uncertain
Ko,,kə:ri,to do,,,,"ghatage-konkani1963[p. 122, col. 1, entry 28]",,,ghatage-konkani1963:p122:c1:e28,,,,dialect:Ko:ghatage-konkani1963:South%20Kanara%20Chitrapur%20Sarasvat%20Konkani ocr-review uncertain
Ko,,kə:sayi,butcher,,,,"ghatage-konkani1963[p. 122, col. 1, entry 29]",,,ghatage-konkani1963:p122:c1:e29,,,,dialect:Ko:ghatage-konkani1963:South%20Kanara%20Chitrapur%20Sarasvat%20Konkani ocr-review uncertain
Ko,,kə:vəru,envelope,,,,"ghatage-konkani1963[p. 122, col. 1, entry 30]",,,ghatage-konkani1963:p122:c1:e30,,,,dialect:Ko:ghatage-konkani1963:South%20Kanara%20Chitrapur%20Sarasvat%20Konkani ocr-review uncertain
Ko,,kakqi,cucumber,,,,"ghatage-konkani1963[p. 122, col. 1, entry 31]",,,ghatage-konkani1963:p122:c1:e31,,,,dialect:Ko:ghatage-konkani1963:South%20Kanara%20Chitrapur%20Sarasvat%20Konkani ocr-review uncertain
Ko,,kankəņə,bracelet,,,,"ghatage-konkani1963[p. 122, col. 1, entry 32]",,,ghatage-konkani1963:p122:c1:e32,,,,dialect:Ko:ghatage-konkani1963:South%20Kanara%20Chitrapur%20Sarasvat%20Konkani ocr-review uncertain
Ko,,kajju,cashew fruit),,,,"ghatage-konkani1963[p. 122, col. 1, entry 33]",,,ghatage-konkani1963:p122:c1:e33,,,,dialect:Ko:ghatage-konkani1963:South%20Kanara%20Chitrapur%20Sarasvat%20Konkani ocr-review uncertain
Ko,,kaju bi,cashew nut,,,,"ghatage-konkani1963[p. 122, col. 1, entry 34]",,,ghatage-konkani1963:p122:c1:e34,,,,dialect:Ko:ghatage-konkani1963:South%20Kanara%20Chitrapur%20Sarasvat%20Konkani ocr-review uncertain
Ko,,kajjulə,glow-worm,,,,"ghatage-konkani1963[p. 122, col. 1, entry 35]",,,ghatage-konkani1963:p122:c1:e35,,,,dialect:Ko:ghatage-konkani1963:South%20Kanara%20Chitrapur%20Sarasvat%20Konkani ocr-review uncertain
Ko,,kantțegoni,centipede,,,,"ghatage-konkani1963[p. 122, col. 1, entry 36]",,,ghatage-konkani1963:p122:c1:e36,,,,dialect:Ko:ghatage-konkani1963:South%20Kanara%20Chitrapur%20Sarasvat%20Konkani ocr-review uncertain
Ko,,kattə,mango stone:,,,,"ghatage-konkani1963[p. 122, col. 1, entry 37]",,,ghatage-konkani1963:p122:c1:e37,,,,dialect:Ko:ghatage-konkani1963:South%20Kanara%20Chitrapur%20Sarasvat%20Konkani ocr-review uncertain
Ko,,katḍi,skin,,,,"ghatage-konkani1963[p. 122, col. 2, entry 1]",,,ghatage-konkani1963:p122:c2:e1,,,,dialect:Ko:ghatage-konkani1963:South%20Kanara%20Chitrapur%20Sarasvat%20Konkani
Ko,,katri,Scissors,,,,"ghatage-konkani1963[p. 122, col. 2, entry 2]",,,ghatage-konkani1963:p122:c2:e2,,,,dialect:Ko:ghatage-konkani1963:South%20Kanara%20Chitrapur%20Sarasvat%20Konkani ocr-review uncertain
Ko,,kanəsə,file,,,,"ghatage-konkani1963[p. 122, col. 2, entry 3]",,,ghatage-konkani1963:p122:c2:e3,,,,dialect:Ko:ghatage-konkani1963:South%20Kanara%20Chitrapur%20Sarasvat%20Konkani ocr-review uncertain
Ko,,kandə,onion,,,,"ghatage-konkani1963[p. 122, col. 2, entry 4]",,,ghatage-konkani1963:p122:c2:e4,,,,dialect:Ko:ghatage-konkani1963:South%20Kanara%20Chitrapur%20Sarasvat%20Konkani ocr-review uncertain
Ko,,kanddi,mirror,,,,"ghatage-konkani1963[p. 122, col. 2, entry 5]",,,ghatage-konkani1963:p122:c2:e5,,,,dialect:Ko:ghatage-konkani1963:South%20Kanara%20Chitrapur%20Sarasvat%20Konkani ocr-review uncertain
Ko,,kappusu,cotton,,,,"ghatage-konkani1963[p. 122, col. 2, entry 6]",,,ghatage-konkani1963:p122:c2:e6,,,,dialect:Ko:ghatage-konkani1963:South%20Kanara%20Chitrapur%20Sarasvat%20Konkani ocr-review uncertain
Ko,,kapsaljha:- də,cotton plant,,,,"ghatage-konkani1963[p. 122, col. 2, entry 7]",,,ghatage-konkani1963:p122:c2:e7,,,,dialect:Ko:ghatage-konkani1963:South%20Kanara%20Chitrapur%20Sarasvat%20Konkani ocr-review uncertain
Ko,,kambəḷi,blanket,,,,"ghatage-konkani1963[p. 122, col. 2, entry 8]",,,ghatage-konkani1963:p122:c2:e8,,,,dialect:Ko:ghatage-konkani1963:South%20Kanara%20Chitrapur%20Sarasvat%20Konkani
Ko,,kambəlgo:ru,sheep,,,,"ghatage-konkani1963[p. 122, col. 2, entry 9]",,,ghatage-konkani1963:p122:c2:e9,,,,dialect:Ko:ghatage-konkani1963:South%20Kanara%20Chitrapur%20Sarasvat%20Konkani ocr-review uncertain
Ko,,kaydə,law,,,,"ghatage-konkani1963[p. 122, col. 2, entry 10]",,,ghatage-konkani1963:p122:c2:e10,,,,dialect:Ko:ghatage-konkani1963:South%20Kanara%20Chitrapur%20Sarasvat%20Konkani ocr-review uncertain
Ko,,kaylə,crow,,,,"ghatage-konkani1963[p. 122, col. 2, entry 11]",,,ghatage-konkani1963:p122:c2:e11,,,,dialect:Ko:ghatage-konkani1963:South%20Kanara%20Chitrapur%20Sarasvat%20Konkani ocr-review uncertain
Ko,,karatē,bitter gourd,,,,"ghatage-konkani1963[p. 122, col. 2, entry 12]",,,ghatage-konkani1963:p122:c2:e12,,,,dialect:Ko:ghatage-konkani1963:South%20Kanara%20Chitrapur%20Sarasvat%20Konkani ocr-review uncertain
Ko,,kaloku,darkness,,,,"ghatage-konkani1963[p. 122, col. 2, entry 13]",,,ghatage-konkani1963:p122:c2:e13,,,,dialect:Ko:ghatage-konkani1963:South%20Kanara%20Chitrapur%20Sarasvat%20Konkani ocr-review uncertain
Ko,,kasəvə,tortoise,,,,"ghatage-konkani1963[p. 122, col. 2, entry 14]",,,ghatage-konkani1963:p122:c2:e14,,,,dialect:Ko:ghatage-konkani1963:South%20Kanara%20Chitrapur%20Sarasvat%20Konkani ocr-review uncertain
Ko,,ka:ki,paternal uncle’s wife,,,,"ghatage-konkani1963[p. 122, col. 2, entry 15]",,,ghatage-konkani1963:p122:c2:e15,,,,dialect:Ko:ghatage-konkani1963:South%20Kanara%20Chitrapur%20Sarasvat%20Konkani ocr-review uncertain
Ko,,ka:ka,paternal uncle,,,,"ghatage-konkani1963[p. 122, col. 2, entry 16]",,,ghatage-konkani1963:p122:c2:e16,,,,dialect:Ko:ghatage-konkani1963:South%20Kanara%20Chitrapur%20Sarasvat%20Konkani ocr-review uncertain
Ko,,ka:gədə,letter,,,,"ghatage-konkani1963[p. 122, col. 2, entry 17]",,,ghatage-konkani1963:p122:c2:e17,,,,dialect:Ko:ghatage-konkani1963:South%20Kanara%20Chitrapur%20Sarasvat%20Konkani ocr-review uncertain
Ko,,ka:gədu,paper,,,,"ghatage-konkani1963[p. 122, col. 2, entry 18]",,,ghatage-konkani1963:p122:c2:e18,,,,dialect:Ko:ghatage-konkani1963:South%20Kanara%20Chitrapur%20Sarasvat%20Konkani ocr-review uncertain
Ko,,ka:cə,glass,,,,"ghatage-konkani1963[p. 122, col. 2, entry 19]",,,ghatage-konkani1963:p122:c2:e19,,,,dialect:Ko:ghatage-konkani1963:South%20Kanara%20Chitrapur%20Sarasvat%20Konkani
Ko,,ka:pi,to cut,,,,"ghatage-konkani1963[p. 122, col. 2, entry 20]",,,ghatage-konkani1963:p122:c2:e20,,,,dialect:Ko:ghatage-konkani1963:South%20Kanara%20Chitrapur%20Sarasvat%20Konkani ocr-review uncertain
Ko,,ka:m kəri,to work,,,,"ghatage-konkani1963[p. 122, col. 2, entry 21]",,,ghatage-konkani1963:p122:c2:e21,,,,dialect:Ko:ghatage-konkani1963:South%20Kanara%20Chitrapur%20Sarasvat%20Konkani ocr-review uncertain
Ko,,ka:yli,frying pan,,,,"ghatage-konkani1963[p. 122, col. 2, entry 22]",,,ghatage-konkani1963:p122:c2:e22,,,,dialect:Ko:ghatage-konkani1963:South%20Kanara%20Chitrapur%20Sarasvat%20Konkani ocr-review uncertain
Ko,,ka:rəņə,cause,,,,"ghatage-konkani1963[p. 122, col. 2, entry 23]",,,ghatage-konkani1963:p122:c2:e23,,,,dialect:Ko:ghatage-konkani1963:South%20Kanara%20Chitrapur%20Sarasvat%20Konkani ocr-review uncertain
Ko,,ka:l,time,,,,"ghatage-konkani1963[p. 122, col. 2, entry 24]",,,ghatage-konkani1963:p122:c2:e24,,,,dialect:Ko:ghatage-konkani1963:South%20Kanara%20Chitrapur%20Sarasvat%20Konkani ocr-review uncertain
Ko,,kali,yesterday,,,,"ghatage-konkani1963[p. 122, col. 2, entry 25]",,,ghatage-konkani1963:p122:c2:e25,,,,dialect:Ko:ghatage-konkani1963:South%20Kanara%20Chitrapur%20Sarasvat%20Konkani ocr-review uncertain
Ko,,ka:lə,black,,,,"ghatage-konkani1963[p. 122, col. 2, entry 26]",,,ghatage-konkani1963:p122:c2:e26,,,,dialect:Ko:ghatage-konkani1963:South%20Kanara%20Chitrapur%20Sarasvat%20Konkani ocr-review uncertain
Ko,,ka:ḷmi:ri,black pepper,,,,"ghatage-konkani1963[p. 122, col. 2, entry 27]",,,ghatage-konkani1963:p122:c2:e27,,,,dialect:Ko:ghatage-konkani1963:South%20Kanara%20Chitrapur%20Sarasvat%20Konkani
Ko,,ka:šč,bell metal,,,,"ghatage-konkani1963[p. 122, col. 2, entry 28]",,,ghatage-konkani1963:p122:c2:e28,,,,dialect:Ko:ghatage-konkani1963:South%20Kanara%20Chitrapur%20Sarasvat%20Konkani ocr-review uncertain
Ko,,ka:šți,loin cloth,,,,"ghatage-konkani1963[p. 122, col. 2, entry 29]",,,ghatage-konkani1963:p122:c2:e29,,,,dialect:Ko:ghatage-konkani1963:South%20Kanara%20Chitrapur%20Sarasvat%20Konkani ocr-review uncertain
Ko,,kã:thu,coast,,,,"ghatage-konkani1963[p. 122, col. 2, entry 30]",,,ghatage-konkani1963:p122:c2:e30,,,,dialect:Ko:ghatage-konkani1963:South%20Kanara%20Chitrapur%20Sarasvat%20Konkani ocr-review uncertain
Ko,,kā:thu,edge,,,,"ghatage-konkani1963[p. 122, col. 2, entry 31]",,,ghatage-konkani1963:p122:c2:e31,,,,dialect:Ko:ghatage-konkani1963:South%20Kanara%20Chitrapur%20Sarasvat%20Konkani ocr-review uncertain
Ko,,kā:ti,to carve,,,,"ghatage-konkani1963[p. 122, col. 2, entry 32]",,,ghatage-konkani1963:p122:c2:e32,,,,dialect:Ko:ghatage-konkani1963:South%20Kanara%20Chitrapur%20Sarasvat%20Konkani ocr-review uncertain
Ko,,ki,that,,,,"ghatage-konkani1963[p. 122, col. 2, entry 33]",,,ghatage-konkani1963:p122:c2:e33,,,,dialect:Ko:ghatage-konkani1963:South%20Kanara%20Chitrapur%20Sarasvat%20Konkani ocr-review uncertain
Ko,,kițli,kettle,,,,"ghatage-konkani1963[p. 122, col. 2, entry 34]",,,ghatage-konkani1963:p122:c2:e34,,,,dialect:Ko:ghatage-konkani1963:South%20Kanara%20Chitrapur%20Sarasvat%20Konkani ocr-review uncertain
Ko,,kirgəņə,skirt,,,,"ghatage-konkani1963[p. 122, col. 2, entry 35]",,,ghatage-konkani1963:p122:c2:e35,,,,dialect:Ko:ghatage-konkani1963:South%20Kanara%20Chitrapur%20Sarasvat%20Konkani ocr-review uncertain
Ko,,kirnaṭilə,very weak,,,,"ghatage-konkani1963[p. 123, col. 1, entry 1]",,,ghatage-konkani1963:p123:c1:e1,,,,dialect:Ko:ghatage-konkani1963:South%20Kanara%20Chitrapur%20Sarasvat%20Konkani
Ko,,killə,fort,,,,"ghatage-konkani1963[p. 123, col. 1, entry 2]",,,ghatage-konkani1963:p123:c1:e2,,,,dialect:Ko:ghatage-konkani1963:South%20Kanara%20Chitrapur%20Sarasvat%20Konkani ocr-review uncertain
Ko,,killoņi,hiccough,,,,"ghatage-konkani1963[p. 123, col. 1, entry 3]",,,ghatage-konkani1963:p123:c1:e3,,,,dialect:Ko:ghatage-konkani1963:South%20Kanara%20Chitrapur%20Sarasvat%20Konkani ocr-review uncertain
Ko,,ki:də,insect,,,,"ghatage-konkani1963[p. 123, col. 1, entry 4]",,,ghatage-konkani1963:p123:c1:e4,,,,dialect:Ko:ghatage-konkani1963:South%20Kanara%20Chitrapur%20Sarasvat%20Konkani ocr-review uncertain
Ko,,kuy kədə,cock,,,,"ghatage-konkani1963[p. 123, col. 1, entry 5]",,,ghatage-konkani1963:p123:c1:e5,,,,dialect:Ko:ghatage-konkani1963:South%20Kanara%20Chitrapur%20Sarasvat%20Konkani ocr-review uncertain
Ko,,kuykdapi:lə,chicken,,,,"ghatage-konkani1963[p. 123, col. 1, entry 6]",,,ghatage-konkani1963:p123:c1:e6,,,,dialect:Ko:ghatage-konkani1963:South%20Kanara%20Chitrapur%20Sarasvat%20Konkani ocr-review uncertain
Ko,,kuttukə,"ear orna- ment,",,,,"ghatage-konkani1963[p. 123, col. 1, entry 7]",,,ghatage-konkani1963:p123:c1:e7,,,,dialect:Ko:ghatage-konkani1963:South%20Kanara%20Chitrapur%20Sarasvat%20Konkani ocr-review uncertain
Ko,,kundi,pot (for plant),,,,"ghatage-konkani1963[p. 123, col. 1, entry 8]",,,ghatage-konkani1963:p123:c1:e8,,,,dialect:Ko:ghatage-konkani1963:South%20Kanara%20Chitrapur%20Sarasvat%20Konkani ocr-review uncertain
Ko,,kumbaru,potter,,,,"ghatage-konkani1963[p. 123, col. 1, entry 9]",,,ghatage-konkani1963:p123:c1:e9,,,,dialect:Ko:ghatage-konkani1963:South%20Kanara%20Chitrapur%20Sarasvat%20Konkani ocr-review uncertain
Ko,,kuradi,axe,,,,"ghatage-konkani1963[p. 123, col. 1, entry 10]",,,ghatage-konkani1963:p123:c1:e10,,,,dialect:Ko:ghatage-konkani1963:South%20Kanara%20Chitrapur%20Sarasvat%20Konkani ocr-review uncertain
Ko,,kuru:pə,ugly,,,,"ghatage-konkani1963[p. 123, col. 1, entry 11]",,,ghatage-konkani1963:p123:c1:e11,,,,dialect:Ko:ghatage-konkani1963:South%20Kanara%20Chitrapur%20Sarasvat%20Konkani ocr-review uncertain
Ko,,kurdə,blind,,,,"ghatage-konkani1963[p. 123, col. 1, entry 12]",,,ghatage-konkani1963:p123:c1:e12,,,,dialect:Ko:ghatage-konkani1963:South%20Kanara%20Chitrapur%20Sarasvat%20Konkani ocr-review uncertain
Ko,,kullə,buttock al,,,,"ghatage-konkani1963[p. 123, col. 1, entry 13]",,,ghatage-konkani1963:p123:c1:e13,,,,dialect:Ko:ghatage-konkani1963:South%20Kanara%20Chitrapur%20Sarasvat%20Konkani ocr-review uncertain
Ko,,kulitu,horse gram,,,,"ghatage-konkani1963[p. 123, col. 1, entry 14]",,,ghatage-konkani1963:p123:c1:e14,,,,dialect:Ko:ghatage-konkani1963:South%20Kanara%20Chitrapur%20Sarasvat%20Konkani ocr-review uncertain
Ko,,kulļarə,girľ’s mother’s home,,,,"ghatage-konkani1963[p. 123, col. 1, entry 15]",,,ghatage-konkani1963:p123:c1:e15,,,,dialect:Ko:ghatage-konkani1963:South%20Kanara%20Chitrapur%20Sarasvat%20Konkani ocr-review uncertain
Ko,,kullə,dwarf,,,,"ghatage-konkani1963[p. 123, col. 1, entry 16]",,,ghatage-konkani1963:p123:c1:e16,,,,dialect:Ko:ghatage-konkani1963:South%20Kanara%20Chitrapur%20Sarasvat%20Konkani ocr-review uncertain
Ko,,kuššilē,rotton,,,,"ghatage-konkani1963[p. 123, col. 1, entry 17]",,,ghatage-konkani1963:p123:c1:e17,,,,dialect:Ko:ghatage-konkani1963:South%20Kanara%20Chitrapur%20Sarasvat%20Konkani ocr-review uncertain
Ko,,kuščē,to rot,,,,"ghatage-konkani1963[p. 123, col. 1, entry 18]",,,ghatage-konkani1963:p123:c1:e18,,,,dialect:Ko:ghatage-konkani1963:South%20Kanara%20Chitrapur%20Sarasvat%20Konkani ocr-review uncertain
Ko,,kusti,wrestling,,,,"ghatage-konkani1963[p. 123, col. 1, entry 19]",,,ghatage-konkani1963:p123:c1:e19,,,,dialect:Ko:ghatage-konkani1963:South%20Kanara%20Chitrapur%20Sarasvat%20Konkani ocr-review uncertain
Ko,,ku:də,room,,,,"ghatage-konkani1963[p. 123, col. 1, entry 20]",,,ghatage-konkani1963:p123:c1:e20,,,,dialect:Ko:ghatage-konkani1963:South%20Kanara%20Chitrapur%20Sarasvat%20Konkani ocr-review uncertain
Ko,,ku:rțu,waist,,,,"ghatage-konkani1963[p. 123, col. 1, entry 21]",,,ghatage-konkani1963:p123:c1:e21,,,,dialect:Ko:ghatage-konkani1963:South%20Kanara%20Chitrapur%20Sarasvat%20Konkani ocr-review uncertain
Ko,,ku:li,labourer,,,,"ghatage-konkani1963[p. 123, col. 1, entry 22]",,,ghatage-konkani1963:p123:c1:e22,,,,dialect:Ko:ghatage-konkani1963:South%20Kanara%20Chitrapur%20Sarasvat%20Konkani ocr-review uncertain
Ko,,kemunņdə,water melon|,,,,"ghatage-konkani1963[p. 123, col. 1, entry 23]",,,ghatage-konkani1963:p123:c1:e23,,,,dialect:Ko:ghatage-konkani1963:South%20Kanara%20Chitrapur%20Sarasvat%20Konkani ocr-review uncertain
Ko,,kempə,ruby,,,,"ghatage-konkani1963[p. 123, col. 1, entry 24]",,,ghatage-konkani1963:p123:c1:e24,,,,dialect:Ko:ghatage-konkani1963:South%20Kanara%20Chitrapur%20Sarasvat%20Konkani ocr-review uncertain
Ko,,kelphu:lə,plantain flower,,,,"ghatage-konkani1963[p. 123, col. 1, entry 25]",,,ghatage-konkani1963:p123:c1:e25,,,,dialect:Ko:ghatage-konkani1963:South%20Kanara%20Chitrapur%20Sarasvat%20Konkani ocr-review uncertain
Ko,,ke:kə,cake,,,,"ghatage-konkani1963[p. 123, col. 1, entry 26]",,,ghatage-konkani1963:p123:c1:e26,,,,dialect:Ko:ghatage-konkani1963:South%20Kanara%20Chitrapur%20Sarasvat%20Konkani ocr-review uncertain
Ko,,ke:li,plantain tree|,,,,"ghatage-konkani1963[p. 123, col. 1, entry 27]",,,ghatage-konkani1963:p123:c1:e27,,,,dialect:Ko:ghatage-konkani1963:South%20Kanara%20Chitrapur%20Sarasvat%20Konkani ocr-review uncertain
Ko,,ke:səri,saffron,,,,"ghatage-konkani1963[p. 123, col. 1, entry 28]",,,ghatage-konkani1963:p123:c1:e28,,,,dialect:Ko:ghatage-konkani1963:South%20Kanara%20Chitrapur%20Sarasvat%20Konkani ocr-review uncertain
Ko,,kennə,when,,,,"ghatage-konkani1963[p. 123, col. 1, entry 29]",,,ghatage-konkani1963:p123:c1:e29,,,,dialect:Ko:ghatage-konkani1963:South%20Kanara%20Chitrapur%20Sarasvat%20Konkani ocr-review uncertain
Ko,,kednə,when,,,,"ghatage-konkani1963[p. 123, col. 1, entry 30]",,,ghatage-konkani1963:p123:c1:e30,,,,dialect:Ko:ghatage-konkani1963:South%20Kanara%20Chitrapur%20Sarasvat%20Konkani ocr-review uncertain
Ko,,kennayi,any time,,,,"ghatage-konkani1963[p. 123, col. 1, entry 31]",,,ghatage-konkani1963:p123:c1:e31,,,,dialect:Ko:ghatage-konkani1963:South%20Kanara%20Chitrapur%20Sarasvat%20Konkani ocr-review uncertain
Ko,,ke nnaytəri,sometimes,,,,"ghatage-konkani1963[p. 123, col. 1, entry 32]",,,ghatage-konkani1963:p123:c1:e32,,,,dialect:Ko:ghatage-konkani1963:South%20Kanara%20Chitrapur%20Sarasvat%20Konkani ocr-review uncertain
Ko,,keppe,deaf,,,,"ghatage-konkani1963[p. 123, col. 1, entry 33]",,,ghatage-konkani1963:p123:c1:e33,,,,dialect:Ko:ghatage-konkani1963:South%20Kanara%20Chitrapur%20Sarasvat%20Konkani ocr-review uncertain
Ko,,kebeğïə,cabbage,,,,"ghatage-konkani1963[p. 123, col. 2, entry 1]",,,ghatage-konkani1963:p123:c2:e1,,,,dialect:Ko:ghatage-konkani1963:South%20Kanara%20Chitrapur%20Sarasvat%20Konkani ocr-review uncertain
Ko,,kelļë,banana,,,,"ghatage-konkani1963[p. 123, col. 2, entry 2]",,,ghatage-konkani1963:p123:c2:e2,,,,dialect:Ko:ghatage-konkani1963:South%20Kanara%20Chitrapur%20Sarasvat%20Konkani ocr-review uncertain
Ko,,kotəmbəri,coriander seed,,,,"ghatage-konkani1963[p. 123, col. 2, entry 3]",,,ghatage-konkani1963:p123:c2:e3,,,,dialect:Ko:ghatage-konkani1963:South%20Kanara%20Chitrapur%20Sarasvat%20Konkani ocr-review uncertain
Ko,,komdi,hen,,,,"ghatage-konkani1963[p. 123, col. 2, entry 4]",,,ghatage-konkani1963:p123:c2:e4,,,,dialect:Ko:ghatage-konkani1963:South%20Kanara%20Chitrapur%20Sarasvat%20Konkani ocr-review uncertain
Ko,,korā:tüvčē,to bore,,,,"ghatage-konkani1963[p. 123, col. 2, entry 5]",,,ghatage-konkani1963:p123:c2:e5,,,,dialect:Ko:ghatage-konkani1963:South%20Kanara%20Chitrapur%20Sarasvat%20Konkani ocr-review uncertain
Ko,,korțə,court,,,,"ghatage-konkani1963[p. 123, col. 2, entry 6]",,,ghatage-konkani1963:p123:c2:e6,,,,dialect:Ko:ghatage-konkani1963:South%20Kanara%20Chitrapur%20Sarasvat%20Konkani ocr-review uncertain
Ko,,koļolu,flute,,,,"ghatage-konkani1963[p. 123, col. 2, entry 7]",,,ghatage-konkani1963:p123:c2:e7,,,,dialect:Ko:ghatage-konkani1963:South%20Kanara%20Chitrapur%20Sarasvat%20Konkani ocr-review uncertain
Ko,,kolunduru,big rat,,,,"ghatage-konkani1963[p. 123, col. 2, entry 8]",,,ghatage-konkani1963:p123:c2:e8,,,,dialect:Ko:ghatage-konkani1963:South%20Kanara%20Chitrapur%20Sarasvat%20Konkani ocr-review uncertain
Ko,,ko:kila,cuckoo,,,,"ghatage-konkani1963[p. 123, col. 2, entry 9]",,,ghatage-konkani1963:p123:c2:e9,,,,dialect:Ko:ghatage-konkani1963:South%20Kanara%20Chitrapur%20Sarasvat%20Konkani ocr-review uncertain
Ko,,ko:țu,coat,,,,"ghatage-konkani1963[p. 123, col. 2, entry 10]",,,ghatage-konkani1963:p123:c2:e10,,,,dialect:Ko:ghatage-konkani1963:South%20Kanara%20Chitrapur%20Sarasvat%20Konkani ocr-review uncertain
Ko,,ko:që,puzzle,,,,"ghatage-konkani1963[p. 123, col. 2, entry 11]",,,ghatage-konkani1963:p123:c2:e11,,,,dialect:Ko:ghatage-konkani1963:South%20Kanara%20Chitrapur%20Sarasvat%20Konkani ocr-review uncertain
Ko,,ko:pu,anger,,,,"ghatage-konkani1963[p. 123, col. 2, entry 12]",,,ghatage-konkani1963:p123:c2:e12,,,,dialect:Ko:ghatage-konkani1963:South%20Kanara%20Chitrapur%20Sarasvat%20Konkani ocr-review uncertain
Ko,,ko:ļi,fisherman,,,,"ghatage-konkani1963[p. 123, col. 2, entry 13]",,,ghatage-konkani1963:p123:c2:e13,,,,dialect:Ko:ghatage-konkani1963:South%20Kanara%20Chitrapur%20Sarasvat%20Konkani ocr-review uncertain
Ko,,Kəțgē,cowshed,,,,"ghatage-konkani1963[p. 123, col. 2, entry 14]",,,ghatage-konkani1963:p123:c2:e14,,,,dialect:Ko:ghatage-konkani1963:South%20Kanara%20Chitrapur%20Sarasvat%20Konkani ocr-review uncertain
Ko,,kəņə,who,,,,"ghatage-konkani1963[p. 123, col. 2, entry 15]",,,ghatage-konkani1963:p123:c2:e15,,,,dialect:Ko:ghatage-konkani1963:South%20Kanara%20Chitrapur%20Sarasvat%20Konkani ocr-review uncertain
Ko,,ko:ņu,who,,,,"ghatage-konkani1963[p. 123, col. 2, entry 16]",,,ghatage-konkani1963:p123:c2:e16,,,,dialect:Ko:ghatage-konkani1963:South%20Kanara%20Chitrapur%20Sarasvat%20Konkani ocr-review uncertain
Ko,,kəpčɛ̃,to get angry,,,,"ghatage-konkani1963[p. 123, col. 2, entry 17]",,,ghatage-konkani1963:p123:c2:e17,,,,dialect:Ko:ghatage-konkani1963:South%20Kanara%20Chitrapur%20Sarasvat%20Konkani
Ko,,kəmdə,cock,,,,"ghatage-konkani1963[p. 123, col. 2, entry 18]",,,ghatage-konkani1963:p123:c2:e18,,,,dialect:Ko:ghatage-konkani1963:South%20Kanara%20Chitrapur%20Sarasvat%20Konkani ocr-review uncertain
Ko,,kəytə,sickle,,,,"ghatage-konkani1963[p. 123, col. 2, entry 19]",,,ghatage-konkani1963:p123:c2:e19,,,,dialect:Ko:ghatage-konkani1963:South%20Kanara%20Chitrapur%20Sarasvat%20Konkani ocr-review uncertain
Ko,,kəllə,fox,,,,"ghatage-konkani1963[p. 123, col. 2, entry 20]",,,ghatage-konkani1963:p123:c2:e20,,,,dialect:Ko:ghatage-konkani1963:South%20Kanara%20Chitrapur%20Sarasvat%20Konkani ocr-review uncertain
Ko,,kəḷə,bud,,,,"ghatage-konkani1963[p. 123, col. 2, entry 21]",,,ghatage-konkani1963:p123:c2:e21,,,,dialect:Ko:ghatage-konkani1963:South%20Kanara%20Chitrapur%20Sarasvat%20Konkani
Ko,,kəli,bud,,,,"ghatage-konkani1963[p. 123, col. 2, entry 22]",,,ghatage-konkani1963:p123:c2:e22,,,,dialect:Ko:ghatage-konkani1963:South%20Kanara%20Chitrapur%20Sarasvat%20Konkani ocr-review uncertain
Ko,,kəltə,spider,,,,"ghatage-konkani1963[p. 123, col. 2, entry 23]",,,ghatage-konkani1963:p123:c2:e23,,,,dialect:Ko:ghatage-konkani1963:South%20Kanara%20Chitrapur%20Sarasvat%20Konkani ocr-review uncertain
Ko,,kəlsə,coal,,,,"ghatage-konkani1963[p. 123, col. 2, entry 24]",,,ghatage-konkani1963:p123:c2:e24,,,,dialect:Ko:ghatage-konkani1963:South%20Kanara%20Chitrapur%20Sarasvat%20Konkani ocr-review uncertain
Ko,,kəfi,coffee,,,,"ghatage-konkani1963[p. 123, col. 2, entry 25]",,,ghatage-konkani1963:p123:c2:e25,,,,dialect:Ko:ghatage-konkani1963:South%20Kanara%20Chitrapur%20Sarasvat%20Konkani ocr-review uncertain
Ko,,kru:rə,cruel,,,,"ghatage-konkani1963[p. 123, col. 2, entry 26]",,,ghatage-konkani1963:p123:c2:e26,,,,dialect:Ko:ghatage-konkani1963:South%20Kanara%20Chitrapur%20Sarasvat%20Konkani ocr-review uncertain
Ko,,kla:rku,clerk,,,,"ghatage-konkani1963[p. 123, col. 2, entry 27]",,,ghatage-konkani1963:p123:c2:e27,,,,dialect:Ko:ghatage-konkani1963:South%20Kanara%20Chitrapur%20Sarasvat%20Konkani ocr-review uncertain
Ko,,kšə:m korči,to forgive,,,,"ghatage-konkani1963[p. 123, col. 2, entry 28]",,,ghatage-konkani1963:p123:c2:e28,,,,dialect:Ko:ghatage-konkani1963:South%20Kanara%20Chitrapur%20Sarasvat%20Konkani ocr-review uncertain
Ko,,khəjjuru,date palm,,,,"ghatage-konkani1963[p. 123, col. 2, entry 29]",,,ghatage-konkani1963:p123:c2:e29,,,,dialect:Ko:ghatage-konkani1963:South%20Kanara%20Chitrapur%20Sarasvat%20Konkani ocr-review uncertain
Ko,,khəțlə,law suit,,,,"ghatage-konkani1963[p. 123, col. 2, entry 30]",,,ghatage-konkani1963:p123:c2:e30,,,,dialect:Ko:ghatage-konkani1963:South%20Kanara%20Chitrapur%20Sarasvat%20Konkani ocr-review uncertain
Ko,,khətirə,for,,,,"ghatage-konkani1963[p. 123, col. 2, entry 31]",,,ghatage-konkani1963:p123:c2:e31,,,,dialect:Ko:ghatage-konkani1963:South%20Kanara%20Chitrapur%20Sarasvat%20Konkani ocr-review uncertain
Ko,,khətkhətayi,to boil,,,,"ghatage-konkani1963[p. 123, col. 2, entry 32]",,,ghatage-konkani1963:p123:c2:e32,,,,dialect:Ko:ghatage-konkani1963:South%20Kanara%20Chitrapur%20Sarasvat%20Konkani ocr-review uncertain
Ko,,khənčë,which,,,,"ghatage-konkani1963[p. 123, col. 2, entry 33]",,,ghatage-konkani1963:p123:c2:e33,,,,dialect:Ko:ghatage-konkani1963:South%20Kanara%20Chitrapur%20Sarasvat%20Konkani ocr-review uncertain
Ko,,khəre:pəņə ş,truthfulness,,,,"ghatage-konkani1963[p. 123, col. 2, entry 34]",,,ghatage-konkani1963:p123:c2:e34,,,,dialect:Ko:ghatage-konkani1963:South%20Kanara%20Chitrapur%20Sarasvat%20Konkani ocr-review uncertain
Ko,,khərkəțë,defiled,,,,"ghatage-konkani1963[p. 123, col. 2, entry 35]",,,ghatage-konkani1963:p123:c2:e35,,,,dialect:Ko:ghatage-konkani1963:South%20Kanara%20Chitrapur%20Sarasvat%20Konkani ocr-review uncertain
Ko,,khərkhəri,rough,,,,"ghatage-konkani1963[p. 123, col. 2, entry 36]",,,ghatage-konkani1963:p123:c2:e36,,,,dialect:Ko:ghatage-konkani1963:South%20Kanara%20Chitrapur%20Sarasvat%20Konkani ocr-review uncertain
Ko,,khərgəsə,saw,,,,"ghatage-konkani1963[p. 123, col. 2, entry 37]",,,ghatage-konkani1963:p123:c2:e37,,,,dialect:Ko:ghatage-konkani1963:South%20Kanara%20Chitrapur%20Sarasvat%20Konkani ocr-review uncertain
Ko,,khərcəyi,to spend,,,,"ghatage-konkani1963[p. 124, col. 1, entry 1]",,,ghatage-konkani1963:p124:c1:e1,,,,dialect:Ko:ghatage-konkani1963:South%20Kanara%20Chitrapur%20Sarasvat%20Konkani ocr-review uncertain
Ko,,khərju,itch,,,,"ghatage-konkani1963[p. 124, col. 1, entry 2]",,,ghatage-konkani1963:p124:c1:e2,,,,dialect:Ko:ghatage-konkani1963:South%20Kanara%20Chitrapur%20Sarasvat%20Konkani ocr-review uncertain
Ko,,khəvlə,churning rod),,,,"ghatage-konkani1963[p. 124, col. 1, entry 3]",,,ghatage-konkani1963:p124:c1:e3,,,,dialect:Ko:ghatage-konkani1963:South%20Kanara%20Chitrapur%20Sarasvat%20Konkani ocr-review uncertain
Ko,,khə:tə,manure,,,,"ghatage-konkani1963[p. 124, col. 1, entry 4]",,,ghatage-konkani1963:p124:c1:e4,,,,dialect:Ko:ghatage-konkani1963:South%20Kanara%20Chitrapur%20Sarasvat%20Konkani ocr-review uncertain
Ko,,khə:du,chalk,,,,"ghatage-konkani1963[p. 124, col. 1, entry 5]",,,ghatage-konkani1963:p124:c1:e5,,,,dialect:Ko:ghatage-konkani1963:South%20Kanara%20Chitrapur%20Sarasvat%20Konkani ocr-review uncertain
Ko,,khə:ņi,to dig,,,,"ghatage-konkani1963[p. 124, col. 1, entry 6]",,,ghatage-konkani1963:p124:c1:e6,,,,dialect:Ko:ghatage-konkani1963:South%20Kanara%20Chitrapur%20Sarasvat%20Konkani ocr-review uncertain
Ko,,khə:ņi,mine,,,,"ghatage-konkani1963[p. 124, col. 1, entry 7]",,,ghatage-konkani1963:p124:c1:e7,,,,dialect:Ko:ghatage-konkani1963:South%20Kanara%20Chitrapur%20Sarasvat%20Konkani ocr-review uncertain
Ko,,kha:ņi,mine,,,,"ghatage-konkani1963[p. 124, col. 1, entry 8]",,,ghatage-konkani1963:p124:c1:e8,,,,dialect:Ko:ghatage-konkani1963:South%20Kanara%20Chitrapur%20Sarasvat%20Konkani ocr-review uncertain
Ko,,khə:ņu,drawer,,,,"ghatage-konkani1963[p. 124, col. 1, entry 9]",,,ghatage-konkani1963:p124:c1:e9,,,,dialect:Ko:ghatage-konkani1963:South%20Kanara%20Chitrapur%20Sarasvat%20Konkani ocr-review uncertain
Ko,,khə:yĩ,where,,,,"ghatage-konkani1963[p. 124, col. 1, entry 10]",,,ghatage-konkani1963:p124:c1:e10,,,,dialect:Ko:ghatage-konkani1963:South%20Kanara%20Chitrapur%20Sarasvat%20Konkani
Ko,,khə:rë,truth,,,,"ghatage-konkani1963[p. 124, col. 1, entry 11]",,,ghatage-konkani1963:p124:c1:e11,,,,dialect:Ko:ghatage-konkani1963:South%20Kanara%20Chitrapur%20Sarasvat%20Konkani ocr-review uncertain
Ko,,khə:rpi,to scratch,,,,"ghatage-konkani1963[p. 124, col. 1, entry 12]",,,ghatage-konkani1963:p124:c1:e12,,,,dialect:Ko:ghatage-konkani1963:South%20Kanara%20Chitrapur%20Sarasvat%20Konkani ocr-review uncertain
Ko,,kha,to eat,,,,"ghatage-konkani1963[p. 124, col. 1, entry 13]",,,ghatage-konkani1963:p124:c1:e13,,,,dialect:Ko:ghatage-konkani1963:South%20Kanara%20Chitrapur%20Sarasvat%20Konkani ocr-review uncertain
Ko,,khakkɛ̃,arm-pit,,,,"ghatage-konkani1963[p. 124, col. 1, entry 14]",,,ghatage-konkani1963:p124:c1:e14,,,,dialect:Ko:ghatage-konkani1963:South%20Kanara%20Chitrapur%20Sarasvat%20Konkani
Ko,,khațiku,butcher,,,,"ghatage-konkani1963[p. 124, col. 1, entry 15]",,,ghatage-konkani1963:p124:c1:e15,,,,dialect:Ko:ghatage-konkani1963:South%20Kanara%20Chitrapur%20Sarasvat%20Konkani ocr-review uncertain
Ko,,khaņq,to cut,,,,"ghatage-konkani1963[p. 124, col. 1, entry 16]",,,ghatage-konkani1963:p124:c1:e16,,,,dialect:Ko:ghatage-konkani1963:South%20Kanara%20Chitrapur%20Sarasvat%20Konkani ocr-review uncertain
Ko,,khandə,shoulder,,,,"ghatage-konkani1963[p. 124, col. 1, entry 17]",,,ghatage-konkani1963:p124:c1:e17,,,,dialect:Ko:ghatage-konkani1963:South%20Kanara%20Chitrapur%20Sarasvat%20Konkani ocr-review uncertain
Ko,,khambə,pillar,,,,"ghatage-konkani1963[p. 124, col. 1, entry 18]",,,ghatage-konkani1963:p124:c1:e18,,,,dialect:Ko:ghatage-konkani1963:South%20Kanara%20Chitrapur%20Sarasvat%20Konkani ocr-review uncertain
Ko,,kha:də,beard,,,,"ghatage-konkani1963[p. 124, col. 1, entry 19]",,,ghatage-konkani1963:p124:c1:e19,,,,dialect:Ko:ghatage-konkani1963:South%20Kanara%20Chitrapur%20Sarasvat%20Konkani ocr-review uncertain
Ko,,kha:li,idle,,,,"ghatage-konkani1963[p. 124, col. 1, entry 20]",,,ghatage-konkani1963:p124:c1:e20,,,,dialect:Ko:ghatage-konkani1963:South%20Kanara%20Chitrapur%20Sarasvat%20Konkani ocr-review uncertain
Ko,,kha:li,empty,,,,"ghatage-konkani1963[p. 124, col. 1, entry 21]",,,ghatage-konkani1963:p124:c1:e21,,,,dialect:Ko:ghatage-konkani1963:South%20Kanara%20Chitrapur%20Sarasvat%20Konkani ocr-review uncertain
Ko,,khã:ki,cough,,,,"ghatage-konkani1963[p. 124, col. 1, entry 22]",,,ghatage-konkani1963:p124:c1:e22,,,,dialect:Ko:ghatage-konkani1963:South%20Kanara%20Chitrapur%20Sarasvat%20Konkani ocr-review uncertain
Ko,,khiccəyi,to stick,,,,"ghatage-konkani1963[p. 124, col. 1, entry 23]",,,ghatage-konkani1963:p124:c1:e23,,,,dialect:Ko:ghatage-konkani1963:South%20Kanara%20Chitrapur%20Sarasvat%20Konkani ocr-review uncertain
Ko,,khisə,pocket,,,,"ghatage-konkani1963[p. 124, col. 1, entry 24]",,,ghatage-konkani1963:p124:c1:e24,,,,dialect:Ko:ghatage-konkani1963:South%20Kanara%20Chitrapur%20Sarasvat%20Konkani ocr-review uncertain
Ko,,khi:li,bolt,,,,"ghatage-konkani1963[p. 124, col. 1, entry 25]",,,ghatage-konkani1963:p124:c1:e25,,,,dialect:Ko:ghatage-konkani1963:South%20Kanara%20Chitrapur%20Sarasvat%20Konkani ocr-review uncertain
Ko,,khi:ši,to scrape,,,,"ghatage-konkani1963[p. 124, col. 1, entry 26]",,,ghatage-konkani1963:p124:c1:e26,,,,dialect:Ko:ghatage-konkani1963:South%20Kanara%20Chitrapur%20Sarasvat%20Konkani ocr-review uncertain
Ko,,khunți,peg,,,,"ghatage-konkani1963[p. 124, col. 1, entry 27]",,,ghatage-konkani1963:p124:c1:e27,,,,dialect:Ko:ghatage-konkani1963:South%20Kanara%20Chitrapur%20Sarasvat%20Konkani ocr-review uncertain
Ko,,khurči,chair,,,,"ghatage-konkani1963[p. 124, col. 1, entry 28]",,,ghatage-konkani1963:p124:c1:e28,,,,dialect:Ko:ghatage-konkani1963:South%20Kanara%20Chitrapur%20Sarasvat%20Konkani ocr-review uncertain
Ko,,khu:lu,heel,,,,"ghatage-konkani1963[p. 124, col. 1, entry 30]",,,ghatage-konkani1963:p124:c1:e30,,,,dialect:Ko:ghatage-konkani1963:South%20Kanara%20Chitrapur%20Sarasvat%20Konkani ocr-review uncertain
Ko,,khu:ši,delight,,,,"ghatage-konkani1963[p. 124, col. 1, entry 31]",,,ghatage-konkani1963:p124:c1:e31,,,,dialect:Ko:ghatage-konkani1963:South%20Kanara%20Chitrapur%20Sarasvat%20Konkani ocr-review uncertain
Ko,,khekdə,crab í,,,,"ghatage-konkani1963[p. 124, col. 1, entry 32]",,,ghatage-konkani1963:p124:c1:e32,,,,dialect:Ko:ghatage-konkani1963:South%20Kanara%20Chitrapur%20Sarasvat%20Konkani ocr-review uncertain
Ko,,khe:ļu,game,,,,"ghatage-konkani1963[p. 124, col. 1, entry 33]",,,ghatage-konkani1963:p124:c1:e33,,,,dialect:Ko:ghatage-konkani1963:South%20Kanara%20Chitrapur%20Sarasvat%20Konkani ocr-review uncertain
Ko,,khelə,to play,,,,"ghatage-konkani1963[p. 124, col. 1, entry 34]",,,ghatage-konkani1963:p124:c1:e34,,,,dialect:Ko:ghatage-konkani1963:South%20Kanara%20Chitrapur%20Sarasvat%20Konkani ocr-review uncertain
Ko,,khogirə,saddle,,,,"ghatage-konkani1963[p. 124, col. 1, entry 35]",,,ghatage-konkani1963:p124:c1:e35,,,,dialect:Ko:ghatage-konkani1963:South%20Kanara%20Chitrapur%20Sarasvat%20Konkani ocr-review uncertain
Ko,,khopporu,elbow-,,,,"ghatage-konkani1963[p. 124, col. 1, entry 36]",,,ghatage-konkani1963:p124:c1:e36,,,,dialect:Ko:ghatage-konkani1963:South%20Kanara%20Chitrapur%20Sarasvat%20Konkani ocr-review uncertain
Ko,,kho:lə,deep,,,,"ghatage-konkani1963[p. 124, col. 2, entry 1]",,,ghatage-konkani1963:p124:c2:e1,,,,dialect:Ko:ghatage-konkani1963:South%20Kanara%20Chitrapur%20Sarasvat%20Konkani ocr-review uncertain
Ko,,khõ:þi,to prick,,,,"ghatage-konkani1963[p. 124, col. 2, entry 2]",,,ghatage-konkani1963:p124:c2:e2,,,,dialect:Ko:ghatage-konkani1963:South%20Kanara%20Chitrapur%20Sarasvat%20Konkani ocr-review uncertain
Ko,,khəbrë,coconut kernel,,,,"ghatage-konkani1963[p. 124, col. 2, entry 3]",,,ghatage-konkani1963:p124:c2:e3,,,,dialect:Ko:ghatage-konkani1963:South%20Kanara%20Chitrapur%20Sarasvat%20Konkani ocr-review uncertain
Ko,,khərë,spade,,,,"ghatage-konkani1963[p. 124, col. 2, entry 4]",,,ghatage-konkani1963:p124:c2:e4,,,,dialect:Ko:ghatage-konkani1963:South%20Kanara%20Chitrapur%20Sarasvat%20Konkani ocr-review uncertain
Ko,,gəndhəkə,sulpher,,,,"ghatage-konkani1963[p. 124, col. 2, entry 5]",,,ghatage-konkani1963:p124:c2:e5,,,,dialect:Ko:ghatage-konkani1963:South%20Kanara%20Chitrapur%20Sarasvat%20Konkani ocr-review uncertain
Ko,,gəbbaščě,to be silent,,,,"ghatage-konkani1963[p. 124, col. 2, entry 6]",,,ghatage-konkani1963:p124:c2:e6,,,,dialect:Ko:ghatage-konkani1963:South%20Kanara%20Chitrapur%20Sarasvat%20Konkani ocr-review uncertain
Ko,,gəri:bə,poor,,,,"ghatage-konkani1963[p. 124, col. 2, entry 7]",,,ghatage-konkani1963:p124:c2:e7,,,,dialect:Ko:ghatage-konkani1963:South%20Kanara%20Chitrapur%20Sarasvat%20Konkani ocr-review uncertain
Ko,,gəruđdu,eagle,,,,"ghatage-konkani1963[p. 124, col. 2, entry 8]",,,ghatage-konkani1963:p124:c2:e8,,,,dialect:Ko:ghatage-konkani1963:South%20Kanara%20Chitrapur%20Sarasvat%20Konkani ocr-review uncertain
Ko,,gərduddi,smooth i gourd,,,,"ghatage-konkani1963[p. 124, col. 2, entry 9]",,,ghatage-konkani1963:p124:c2:e9,,,,dialect:Ko:ghatage-konkani1963:South%20Kanara%20Chitrapur%20Sarasvat%20Konkani ocr-review uncertain
Ko,,gəvli,milkman,,,,"ghatage-konkani1963[p. 124, col. 2, entry 10]",,,ghatage-konkani1963:p124:c2:e10,,,,dialect:Ko:ghatage-konkani1963:South%20Kanara%20Chitrapur%20Sarasvat%20Konkani ocr-review uncertain
Ko,,gə:lə,neck,,,,"ghatage-konkani1963[p. 124, col. 2, entry 11]",,,ghatage-konkani1963:p124:c2:e11,,,,dialect:Ko:ghatage-konkani1963:South%20Kanara%20Chitrapur%20Sarasvat%20Konkani ocr-review uncertain
Ko,,gə:vu,wheat,,,,"ghatage-konkani1963[p. 124, col. 2, entry 12]",,,ghatage-konkani1963:p124:c2:e12,,,,dialect:Ko:ghatage-konkani1963:South%20Kanara%20Chitrapur%20Sarasvat%20Konkani ocr-review uncertain
Ko,,gaddəvə,ass i,,,,"ghatage-konkani1963[p. 124, col. 2, entry 13]",,,ghatage-konkani1963:p124:c2:e13,,,,dialect:Ko:ghatage-konkani1963:South%20Kanara%20Chitrapur%20Sarasvat%20Konkani ocr-review uncertain
Ko,,ganda jha:də,sandlewood,,,,"ghatage-konkani1963[p. 124, col. 2, entry 14]",,,ghatage-konkani1963:p124:c2:e14,,,,dialect:Ko:ghatage-konkani1963:South%20Kanara%20Chitrapur%20Sarasvat%20Konkani ocr-review uncertain
Ko,,gəvndi,mason,,,,"ghatage-konkani1963[p. 124, col. 2, entry 15]",,,ghatage-konkani1963:p124:c2:e15,,,,dialect:Ko:ghatage-konkani1963:South%20Kanara%20Chitrapur%20Sarasvat%20Konkani ocr-review uncertain
Ko,,gāydulə,earthworm,,,,"ghatage-konkani1963[p. 124, col. 2, entry 16]",,,ghatage-konkani1963:p124:c2:e16,,,,dialect:Ko:ghatage-konkani1963:South%20Kanara%20Chitrapur%20Sarasvat%20Konkani ocr-review uncertain
Ko,,ga:yi,cow,,,,"ghatage-konkani1963[p. 124, col. 2, entry 17]",,,ghatage-konkani1963:p124:c2:e17,,,,dialect:Ko:ghatage-konkani1963:South%20Kanara%20Chitrapur%20Sarasvat%20Konkani ocr-review uncertain
Ko,,ga:r,hail É,,,,"ghatage-konkani1963[p. 124, col. 2, entry 18]",,,ghatage-konkani1963:p124:c2:e18,,,,dialect:Ko:ghatage-konkani1963:South%20Kanara%20Chitrapur%20Sarasvat%20Konkani ocr-review uncertain
Ko,,ga:jərə,carrot,,,,"ghatage-konkani1963[p. 124, col. 2, entry 19]",,,ghatage-konkani1963:p124:c2:e19,,,,dialect:Ko:ghatage-konkani1963:South%20Kanara%20Chitrapur%20Sarasvat%20Konkani ocr-review uncertain
Ko,,ga:lu,cheek,,,,"ghatage-konkani1963[p. 124, col. 2, entry 20]",,,ghatage-konkani1963:p124:c2:e20,,,,dialect:Ko:ghatage-konkani1963:South%20Kanara%20Chitrapur%20Sarasvat%20Konkani ocr-review uncertain
Ko,,ga:və,village,,,,"ghatage-konkani1963[p. 124, col. 2, entry 21]",,,ghatage-konkani1963:p124:c2:e21,,,,dialect:Ko:ghatage-konkani1963:South%20Kanara%20Chitrapur%20Sarasvat%20Konkani ocr-review uncertain
Ko,,ga:lļi,to filter,,,,"ghatage-konkani1963[p. 124, col. 2, entry 22]",,,ghatage-konkani1963:p124:c2:e22,,,,dialect:Ko:ghatage-konkani1963:South%20Kanara%20Chitrapur%20Sarasvat%20Konkani ocr-review uncertain
Ko,,ga:lņě,strainer l,,,,"ghatage-konkani1963[p. 124, col. 2, entry 23]",,,ghatage-konkani1963:p124:c2:e23,,,,dialect:Ko:ghatage-konkani1963:South%20Kanara%20Chitrapur%20Sarasvat%20Konkani ocr-review uncertain
Ko,,gã:tțə,to meet,,,,"ghatage-konkani1963[p. 124, col. 2, entry 24]",,,ghatage-konkani1963:p124:c2:e24,,,,dialect:Ko:ghatage-konkani1963:South%20Kanara%20Chitrapur%20Sarasvat%20Konkani ocr-review uncertain
Ko,,gāã:ți,joint,,,,"ghatage-konkani1963[p. 124, col. 2, entry 25]",,,ghatage-konkani1963:p124:c2:e25,,,,dialect:Ko:ghatage-konkani1963:South%20Kanara%20Chitrapur%20Sarasvat%20Konkani ocr-review uncertain
Ko,,gāã:dilma:ši,wasp,,,,"ghatage-konkani1963[p. 124, col. 2, entry 26]",,,ghatage-konkani1963:p124:c2:e26,,,,dialect:Ko:ghatage-konkani1963:South%20Kanara%20Chitrapur%20Sarasvat%20Konkani ocr-review uncertain
Ko,,gidhadə,vulture,,,,"ghatage-konkani1963[p. 124, col. 2, entry 27]",,,ghatage-konkani1963:p124:c2:e27,,,,dialect:Ko:ghatage-konkani1963:South%20Kanara%20Chitrapur%20Sarasvat%20Konkani ocr-review uncertain
Ko,,gija,to swallow,,,,"ghatage-konkani1963[p. 124, col. 2, entry 28]",,,ghatage-konkani1963:p124:c2:e28,,,,dialect:Ko:ghatage-konkani1963:South%20Kanara%20Chitrapur%20Sarasvat%20Konkani ocr-review uncertain
Ko,,gu,excrement,,,,"ghatage-konkani1963[p. 124, col. 2, entry 29]",,,ghatage-konkani1963:p124:c2:e29,,,,dialect:Ko:ghatage-konkani1963:South%20Kanara%20Chitrapur%20Sarasvat%20Konkani ocr-review uncertain
Ko,,guggumu,awi,,,,"ghatage-konkani1963[p. 124, col. 2, entry 30]",,,ghatage-konkani1963:p124:c2:e30,,,,dialect:Ko:ghatage-konkani1963:South%20Kanara%20Chitrapur%20Sarasvat%20Konkani ocr-review uncertain
Ko,,guțtu,a secret PIR,,,,"ghatage-konkani1963[p. 124, col. 2, entry 31]",,,ghatage-konkani1963:p124:c2:e31,,,,dialect:Ko:ghatage-konkani1963:South%20Kanara%20Chitrapur%20Sarasvat%20Konkani ocr-review uncertain
Ko,,guddē,short,,,,"ghatage-konkani1963[p. 124, col. 2, entry 32]",,,ghatage-konkani1963:p124:c2:e32,,,,dialect:Ko:ghatage-konkani1963:South%20Kanara%20Chitrapur%20Sarasvat%20Konkani ocr-review uncertain
Ko,,guddə,hill,,,,"ghatage-konkani1963[p. 124, col. 2, entry 33]",,,ghatage-konkani1963:p124:c2:e33,,,,dialect:Ko:ghatage-konkani1963:South%20Kanara%20Chitrapur%20Sarasvat%20Konkani ocr-review uncertain
Ko,,gudgudu,thunderbolt,,,,"ghatage-konkani1963[p. 124, col. 2, entry 34]",,,ghatage-konkani1963:p124:c2:e34,,,,dialect:Ko:ghatage-konkani1963:South%20Kanara%20Chitrapur%20Sarasvat%20Konkani ocr-review uncertain
Ko,,guṇ,virtue,,,,"ghatage-konkani1963[p. 124, col. 2, entry 35]",,,ghatage-konkani1963:p124:c2:e35,,,,dialect:Ko:ghatage-konkani1963:South%20Kanara%20Chitrapur%20Sarasvat%20Konkani
Ko,,gunsuvə,pin,,,,"ghatage-konkani1963[p. 124, col. 2, entry 36]",,,ghatage-konkani1963:p124:c2:e36,,,,dialect:Ko:ghatage-konkani1963:South%20Kanara%20Chitrapur%20Sarasvat%20Konkani ocr-review uncertain
Ko,,gupitə,secret,,,,"ghatage-konkani1963[p. 125, col. 1, entry 1]",,,ghatage-konkani1963:p125:c1:e1,,,,dialect:Ko:ghatage-konkani1963:South%20Kanara%20Chitrapur%20Sarasvat%20Konkani ocr-review uncertain
Ko,,gupči,sparrow,,,,"ghatage-konkani1963[p. 125, col. 1, entry 2]",,,ghatage-konkani1963:p125:c1:e2,,,,dialect:Ko:ghatage-konkani1963:South%20Kanara%20Chitrapur%20Sarasvat%20Konkani ocr-review uncertain
Ko,,guptə,secret,,,,"ghatage-konkani1963[p. 125, col. 1, entry 3]",,,ghatage-konkani1963:p125:c1:e3,,,,dialect:Ko:ghatage-konkani1963:South%20Kanara%20Chitrapur%20Sarasvat%20Konkani ocr-review uncertain
Ko,,gurbiņi,pregnant,,,,"ghatage-konkani1963[p. 125, col. 1, entry 4]",,,ghatage-konkani1963:p125:c1:e4,,,,dialect:Ko:ghatage-konkani1963:South%20Kanara%20Chitrapur%20Sarasvat%20Konkani ocr-review uncertain
Ko,,gurva:ru,thursday,,,,"ghatage-konkani1963[p. 125, col. 1, entry 5]",,,ghatage-konkani1963:p125:c1:e5,,,,dialect:Ko:ghatage-konkani1963:South%20Kanara%20Chitrapur%20Sarasvat%20Konkani ocr-review uncertain
Ko,,gulabə,rose,,,,"ghatage-konkani1963[p. 125, col. 1, entry 6]",,,ghatage-konkani1963:p125:c1:e6,,,,dialect:Ko:ghatage-konkani1963:South%20Kanara%20Chitrapur%20Sarasvat%20Konkani ocr-review uncertain
Ko,,guini,to multiply,,,,"ghatage-konkani1963[p. 125, col. 1, entry 7]",,,ghatage-konkani1963:p125:c1:e7,,,,dialect:Ko:ghatage-konkani1963:South%20Kanara%20Chitrapur%20Sarasvat%20Konkani ocr-review uncertain
Ko,,gu:li,pill,,,,"ghatage-konkani1963[p. 125, col. 1, entry 8]",,,ghatage-konkani1963:p125:c1:e8,,,,dialect:Ko:ghatage-konkani1963:South%20Kanara%20Chitrapur%20Sarasvat%20Konkani ocr-review uncertain
Ko,,gu:li,tablet,,,,"ghatage-konkani1963[p. 125, col. 1, entry 9]",,,ghatage-konkani1963:p125:c1:e9,,,,dialect:Ko:ghatage-konkani1963:South%20Kanara%20Chitrapur%20Sarasvat%20Konkani ocr-review uncertain
Ko,,gu:ha,cave,,,,"ghatage-konkani1963[p. 125, col. 1, entry 10]",,,ghatage-konkani1963:p125:c1:e10,,,,dialect:Ko:ghatage-konkani1963:South%20Kanara%20Chitrapur%20Sarasvat%20Konkani ocr-review uncertain
Ko,,grə:həņə,eclipse,,,,"ghatage-konkani1963[p. 125, col. 1, entry 11]",,,ghatage-konkani1963:p125:c1:e11,,,,dialect:Ko:ghatage-konkani1963:South%20Kanara%20Chitrapur%20Sarasvat%20Konkani ocr-review uncertain
Ko,,gla:sə,glass,,,,"ghatage-konkani1963[p. 125, col. 1, entry 12]",,,ghatage-konkani1963:p125:c1:e12,,,,dialect:Ko:ghatage-konkani1963:South%20Kanara%20Chitrapur%20Sarasvat%20Konkani ocr-review uncertain
Ko,,gene,span,,,,"ghatage-konkani1963[p. 125, col. 1, entry 13]",,,ghatage-konkani1963:p125:c1:e13,,,,dialect:Ko:ghatage-konkani1963:South%20Kanara%20Chitrapur%20Sarasvat%20Konkani ocr-review uncertain
Ko,,gero,line,,,,"ghatage-konkani1963[p. 125, col. 1, entry 14]",,,ghatage-konkani1963:p125:c1:e14,,,,dialect:Ko:ghatage-konkani1963:South%20Kanara%20Chitrapur%20Sarasvat%20Konkani ocr-review uncertain
Ko,,godel telə,ground nut |4 oil,,,,"ghatage-konkani1963[p. 125, col. 1, entry 15]",,,ghatage-konkani1963:p125:c1:e15,,,,dialect:Ko:ghatage-konkani1963:South%20Kanara%20Chitrapur%20Sarasvat%20Konkani ocr-review uncertain
Ko,,gottu assə,to know,,,,"ghatage-konkani1963[p. 125, col. 1, entry 16]",,,ghatage-konkani1963:p125:c1:e16,,,,dialect:Ko:ghatage-konkani1963:South%20Kanara%20Chitrapur%20Sarasvat%20Konkani ocr-review uncertain
Ko,,gobboru,ash,,,,"ghatage-konkani1963[p. 125, col. 1, entry 17]",,,ghatage-konkani1963:p125:c1:e17,,,,dialect:Ko:ghatage-konkani1963:South%20Kanara%20Chitrapur%20Sarasvat%20Konkani ocr-review uncertain
Ko,,gomțë,charming,,,,"ghatage-konkani1963[p. 125, col. 1, entry 18]",,,ghatage-konkani1963:p125:c1:e18,,,,dialect:Ko:ghatage-konkani1963:South%20Kanara%20Chitrapur%20Sarasvat%20Konkani ocr-review uncertain
Ko,,go:ndu,gum,,,,"ghatage-konkani1963[p. 125, col. 1, entry 19]",,,ghatage-konkani1963:p125:c1:e19,,,,dialect:Ko:ghatage-konkani1963:South%20Kanara%20Chitrapur%20Sarasvat%20Konkani
Ko,,go:li,bullet,,,,"ghatage-konkani1963[p. 125, col. 1, entry 20]",,,ghatage-konkani1963:p125:c1:e20,,,,dialect:Ko:ghatage-konkani1963:South%20Kanara%20Chitrapur%20Sarasvat%20Konkani ocr-review uncertain
Ko,,gədə,gur,,,,"ghatage-konkani1963[p. 125, col. 1, entry 21]",,,ghatage-konkani1963:p125:c1:e21,,,,dialect:Ko:ghatage-konkani1963:South%20Kanara%20Chitrapur%20Sarasvat%20Konkani ocr-review uncertain
Ko,,gədə,sweet,,,,"ghatage-konkani1963[p. 125, col. 1, entry 22]",,,ghatage-konkani1963:p125:c1:e22,,,,dialect:Ko:ghatage-konkani1963:South%20Kanara%20Chitrapur%20Sarasvat%20Konkani ocr-review uncertain
Ko,,ghəțți,hard,,,,"ghatage-konkani1963[p. 125, col. 1, entry 23]",,,ghatage-konkani1963:p125:c1:e23,,,,dialect:Ko:ghatage-konkani1963:South%20Kanara%20Chitrapur%20Sarasvat%20Konkani ocr-review uncertain
Ko,,ghəttți,solid,,,,"ghatage-konkani1963[p. 125, col. 1, entry 24]",,,ghatage-konkani1963:p125:c1:e24,,,,dialect:Ko:ghatage-konkani1963:South%20Kanara%20Chitrapur%20Sarasvat%20Konkani ocr-review uncertain
Ko,,ghəțți kəri,to tighten,,,,"ghatage-konkani1963[p. 125, col. 1, entry 25]",,,ghatage-konkani1963:p125:c1:e25,,,,dialect:Ko:ghatage-konkani1963:South%20Kanara%20Chitrapur%20Sarasvat%20Konkani ocr-review uncertain
Ko,,ghədya:lə,clock,,,,"ghatage-konkani1963[p. 125, col. 1, entry 26]",,,ghatage-konkani1963:p125:c1:e26,,,,dialect:Ko:ghatage-konkani1963:South%20Kanara%20Chitrapur%20Sarasvat%20Konkani ocr-review uncertain
Ko,,ghə:qi,fold,,,,"ghatage-konkani1963[p. 125, col. 1, entry 27]",,,ghatage-konkani1963:p125:c1:e27,,,,dialect:Ko:ghatage-konkani1963:South%20Kanara%20Chitrapur%20Sarasvat%20Konkani ocr-review uncertain
Ko,,ghə:qdi kəri,to fold,,,,"ghatage-konkani1963[p. 125, col. 1, entry 28]",,,ghatage-konkani1963:p125:c1:e28,,,,dialect:Ko:ghatage-konkani1963:South%20Kanara%20Chitrapur%20Sarasvat%20Konkani ocr-review uncertain
Ko,,ghə:rə,house,,,,"ghatage-konkani1963[p. 125, col. 1, entry 29]",,,ghatage-konkani1963:p125:c1:e29,,,,dialect:Ko:ghatage-konkani1963:South%20Kanara%20Chitrapur%20Sarasvat%20Konkani ocr-review uncertain
Ko,,ghaņyarə,dirty,,,,"ghatage-konkani1963[p. 125, col. 1, entry 30]",,,ghatage-konkani1963:p125:c1:e30,,,,dialect:Ko:ghatage-konkani1963:South%20Kanara%20Chitrapur%20Sarasvat%20Konkani ocr-review uncertain
Ko,,ghaln ghé,to wear,,,,"ghatage-konkani1963[p. 125, col. 1, entry 31]",,,ghatage-konkani1963:p125:c1:e31,,,,dialect:Ko:ghatage-konkani1963:South%20Kanara%20Chitrapur%20Sarasvat%20Konkani ocr-review uncertain
Ko,,gha:ți,to churn,,,,"ghatage-konkani1963[p. 125, col. 1, entry 32]",,,ghatage-konkani1963:p125:c1:e32,,,,dialect:Ko:ghatage-konkani1963:South%20Kanara%20Chitrapur%20Sarasvat%20Konkani ocr-review uncertain
Ko,,gha:tțu,ghat,,,,"ghatage-konkani1963[p. 125, col. 1, entry 33]",,,ghatage-konkani1963:p125:c1:e33,,,,dialect:Ko:ghatage-konkani1963:South%20Kanara%20Chitrapur%20Sarasvat%20Konkani ocr-review uncertain
Ko,,gha:yu,wound,,,,"ghatage-konkani1963[p. 125, col. 1, entry 34]",,,ghatage-konkani1963:p125:c1:e34,,,,dialect:Ko:ghatage-konkani1963:South%20Kanara%20Chitrapur%20Sarasvat%20Konkani ocr-review uncertain
Ko,,gha:li,to put,,,,"ghatage-konkani1963[p. 125, col. 1, entry 35]",,,ghatage-konkani1963:p125:c1:e35,,,,dialect:Ko:ghatage-konkani1963:South%20Kanara%20Chitrapur%20Sarasvat%20Konkani ocr-review uncertain
Ko,,gha:ši,to rub,,,,"ghatage-konkani1963[p. 125, col. 1, entry 36]",,,ghatage-konkani1963:p125:c1:e36,,,,dialect:Ko:ghatage-konkani1963:South%20Kanara%20Chitrapur%20Sarasvat%20Konkani ocr-review uncertain
Ko,,ghã:țə,bell,,,,"ghatage-konkani1963[p. 125, col. 1, entry 37]",,,ghatage-konkani1963:p125:c1:e37,,,,dialect:Ko:ghatage-konkani1963:South%20Kanara%20Chitrapur%20Sarasvat%20Konkani ocr-review uncertain
Ko,,ghu:qdu,cage i,,,,"ghatage-konkani1963[p. 125, col. 2, entry 1]",,,ghatage-konkani1963:p125:c2:e1,,,,dialect:Ko:ghatage-konkani1963:South%20Kanara%20Chitrapur%20Sarasvat%20Konkani ocr-review uncertain
Ko,,ghu:bədə,owl,,,,"ghatage-konkani1963[p. 125, col. 2, entry 2]",,,ghatage-konkani1963:p125:c2:e2,,,,dialect:Ko:ghatage-konkani1963:South%20Kanara%20Chitrapur%20Sarasvat%20Konkani ocr-review uncertain
Ko,,ghū və,to turn round,,,,"ghatage-konkani1963[p. 125, col. 2, entry 3]",,,ghatage-konkani1963:p125:c2:e3,,,,dialect:Ko:ghatage-konkani1963:South%20Kanara%20Chitrapur%20Sarasvat%20Konkani ocr-review uncertain
Ko,,ghē:də,rhinoceros,,,,"ghatage-konkani1963[p. 125, col. 2, entry 4]",,,ghatage-konkani1963:p125:c2:e4,,,,dialect:Ko:ghatage-konkani1963:South%20Kanara%20Chitrapur%20Sarasvat%20Konkani ocr-review uncertain
Ko,,ghe,to take,,,,"ghatage-konkani1963[p. 125, col. 2, entry 5]",,,ghatage-konkani1963:p125:c2:e5,,,,dialect:Ko:ghatage-konkani1963:South%20Kanara%20Chitrapur%20Sarasvat%20Konkani ocr-review uncertain
Ko,,ghədə,horse,,,,"ghatage-konkani1963[p. 125, col. 2, entry 6]",,,ghatage-konkani1963:p125:c2:e6,,,,dialect:Ko:ghatage-konkani1963:South%20Kanara%20Chitrapur%20Sarasvat%20Konkani ocr-review uncertain
Ko,,ghosa:l ë,ribbed gourd,,,,"ghatage-konkani1963[p. 125, col. 2, entry 7]",,,ghatage-konkani1963:p125:c2:e7,,,,dialect:Ko:ghatage-konkani1963:South%20Kanara%20Chitrapur%20Sarasvat%20Konkani ocr-review uncertain
Ko,,čəkrə,wheel,,,,"ghatage-konkani1963[p. 125, col. 2, entry 8]",,,ghatage-konkani1963:p125:c2:e8,,,,dialect:Ko:ghatage-konkani1963:South%20Kanara%20Chitrapur%20Sarasvat%20Konkani ocr-review uncertain
Ko,,čətnņi,chutney,,,,"ghatage-konkani1963[p. 125, col. 2, entry 9]",,,ghatage-konkani1963:p125:c2:e9,,,,dialect:Ko:ghatage-konkani1963:South%20Kanara%20Chitrapur%20Sarasvat%20Konkani ocr-review uncertain
Ko,,čəndru,moon,,,,"ghatage-konkani1963[p. 125, col. 2, entry 10]",,,ghatage-konkani1963:p125:c2:e10,,,,dialect:Ko:ghatage-konkani1963:South%20Kanara%20Chitrapur%20Sarasvat%20Konkani ocr-review uncertain
Ko,,čəppələ,sandals,,,,"ghatage-konkani1963[p. 125, col. 2, entry 11]",,,ghatage-konkani1963:p125:c2:e11,,,,dialect:Ko:ghatage-konkani1963:South%20Kanara%20Chitrapur%20Sarasvat%20Konkani ocr-review uncertain
Ko,,čərčə,church,,,,"ghatage-konkani1963[p. 125, col. 2, entry 13]",,,ghatage-konkani1963:p125:c2:e13,,,,dialect:Ko:ghatage-konkani1963:South%20Kanara%20Chitrapur%20Sarasvat%20Konkani ocr-review uncertain
Ko,,ča,tea,,,,"ghatage-konkani1963[p. 125, col. 2, entry 14]",,,ghatage-konkani1963:p125:c2:e14,,,,dialect:Ko:ghatage-konkani1963:South%20Kanara%20Chitrapur%20Sarasvat%20Konkani ocr-review uncertain
Ko,,čəḍḍi,shorts,,,,"ghatage-konkani1963[p. 125, col. 2, entry 15]",,,ghatage-konkani1963:p125:c2:e15,,,,dialect:Ko:ghatage-konkani1963:South%20Kanara%20Chitrapur%20Sarasvat%20Konkani
Ko,,čabuku,whip,,,,"ghatage-konkani1963[p. 125, col. 2, entry 16]",,,ghatage-konkani1963:p125:c2:e16,,,,dialect:Ko:ghatage-konkani1963:South%20Kanara%20Chitrapur%20Sarasvat%20Konkani ocr-review uncertain
Ko,,čalisə,forty,,,,"ghatage-konkani1963[p. 125, col. 2, entry 17]",,,ghatage-konkani1963:p125:c2:e17,,,,dialect:Ko:ghatage-konkani1963:South%20Kanara%20Chitrapur%20Sarasvat%20Konkani ocr-review uncertain
Ko,,ča:ku,knife,,,,"ghatage-konkani1963[p. 125, col. 2, entry 18]",,,ghatage-konkani1963:p125:c2:e18,,,,dialect:Ko:ghatage-konkani1963:South%20Kanara%20Chitrapur%20Sarasvat%20Konkani ocr-review uncertain
Ko,,ča:dərə,bed-sheet,,,,"ghatage-konkani1963[p. 125, col. 2, entry 19]",,,ghatage-konkani1963:p125:c2:e19,,,,dialect:Ko:ghatage-konkani1963:South%20Kanara%20Chitrapur%20Sarasvat%20Konkani ocr-review uncertain
Ko,,ča:ri,four,,,,"ghatage-konkani1963[p. 125, col. 2, entry 20]",,,ghatage-konkani1963:p125:c2:e20,,,,dialect:Ko:ghatage-konkani1963:South%20Kanara%20Chitrapur%20Sarasvat%20Konkani ocr-review uncertain
Ko,,čike,little .Ț,,,,"ghatage-konkani1963[p. 125, col. 2, entry 21]",,,ghatage-konkani1963:p125:c2:e21,,,,dialect:Ko:ghatage-konkani1963:South%20Kanara%20Chitrapur%20Sarasvat%20Konkani ocr-review uncertain
Ko,,čikkolu,mud,,,,"ghatage-konkani1963[p. 125, col. 2, entry 22]",,,ghatage-konkani1963:p125:c2:e22,,,,dialect:Ko:ghatage-konkani1963:South%20Kanara%20Chitrapur%20Sarasvat%20Konkani ocr-review uncertain
Ko,,čidayi,to tease,,,,"ghatage-konkani1963[p. 125, col. 2, entry 23]",,,ghatage-konkani1963:p125:c2:e23,,,,dialect:Ko:ghatage-konkani1963:South%20Kanara%20Chitrapur%20Sarasvat%20Konkani ocr-review uncertain
Ko,,čittələ,deer,,,,"ghatage-konkani1963[p. 125, col. 2, entry 24]",,,ghatage-konkani1963:p125:c2:e24,,,,dialect:Ko:ghatage-konkani1963:South%20Kanara%20Chitrapur%20Sarasvat%20Konkani ocr-review uncertain
Ko,,čittə,leopard,,,,"ghatage-konkani1963[p. 125, col. 2, entry 25]",,,ghatage-konkani1963:p125:c2:e25,,,,dialect:Ko:ghatage-konkani1963:South%20Kanara%20Chitrapur%20Sarasvat%20Konkani ocr-review uncertain
Ko,,činnə,sign,,,,"ghatage-konkani1963[p. 125, col. 2, entry 26]",,,ghatage-konkani1963:p125:c2:e26,,,,dialect:Ko:ghatage-konkani1963:South%20Kanara%20Chitrapur%20Sarasvat%20Konkani ocr-review uncertain
Ko,,čippuțə,wedding necklace,,,,"ghatage-konkani1963[p. 125, col. 2, entry 27]",,,ghatage-konkani1963:p125:c2:e27,,,,dialect:Ko:ghatage-konkani1963:South%20Kanara%20Chitrapur%20Sarasvat%20Konkani ocr-review uncertain
Ko,,čibbədə,water melon,,,,"ghatage-konkani1963[p. 125, col. 2, entry 28]",,,ghatage-konkani1963:p125:c2:e28,,,,dialect:Ko:ghatage-konkani1963:South%20Kanara%20Chitrapur%20Sarasvat%20Konkani ocr-review uncertain
Ko,,čimțə,tongs,,,,"ghatage-konkani1963[p. 125, col. 2, entry 29]",,,ghatage-konkani1963:p125:c2:e29,,,,dialect:Ko:ghatage-konkani1963:South%20Kanara%20Chitrapur%20Sarasvat%20Konkani ocr-review uncertain
Ko,,čimņi,sparrow,,,,"ghatage-konkani1963[p. 125, col. 2, entry 30]",,,ghatage-konkani1963:p125:c2:e30,,,,dialect:Ko:ghatage-konkani1963:South%20Kanara%20Chitrapur%20Sarasvat%20Konkani ocr-review uncertain
Ko,,čimnņel telə,kerosene,,,,"ghatage-konkani1963[p. 125, col. 2, entry 31]",,,ghatage-konkani1963:p125:c2:e31,,,,dialect:Ko:ghatage-konkani1963:South%20Kanara%20Chitrapur%20Sarasvat%20Konkani ocr-review uncertain
Ko,,čilkə,latch,,,,"ghatage-konkani1963[p. 125, col. 2, entry 32]",,,ghatage-konkani1963:p125:c2:e32,,,,dialect:Ko:ghatage-konkani1963:South%20Kanara%20Chitrapur%20Sarasvat%20Konkani ocr-review uncertain
Ko,,či:mți f,to pinch,,,,"ghatage-konkani1963[p. 125, col. 2, entry 33]",,,ghatage-konkani1963:p125:c2:e33,,,,dialect:Ko:ghatage-konkani1963:South%20Kanara%20Chitrapur%20Sarasvat%20Konkani ocr-review uncertain
Ko,,či:lə,bag,,,,"ghatage-konkani1963[p. 125, col. 2, entry 34]",,,ghatage-konkani1963:p125:c2:e34,,,,dialect:Ko:ghatage-konkani1963:South%20Kanara%20Chitrapur%20Sarasvat%20Konkani ocr-review uncertain
Ko,,čĩ:cə,tamarind,,,,"ghatage-konkani1963[p. 125, col. 2, entry 35]",,,ghatage-konkani1963:p125:c2:e35,,,,dialect:Ko:ghatage-konkani1963:South%20Kanara%20Chitrapur%20Sarasvat%20Konkani
Ko,,čendu,ball,,,,"ghatage-konkani1963[p. 125, col. 2, entry 36]",,,ghatage-konkani1963:p125:c2:e36,,,,dialect:Ko:ghatage-konkani1963:South%20Kanara%20Chitrapur%20Sarasvat%20Konkani ocr-review uncertain
Ko,,čerdű,child,,,,"ghatage-konkani1963[p. 126, col. 1, entry 1]",,,ghatage-konkani1963:p126:c1:e1,,,,dialect:Ko:ghatage-konkani1963:South%20Kanara%20Chitrapur%20Sarasvat%20Konkani ocr-review uncertain
Ko,,če:qdi,prostitute,,,,"ghatage-konkani1963[p. 126, col. 1, entry 2]",,,ghatage-konkani1963:p126:c1:e2,,,,dialect:Ko:ghatage-konkani1963:South%20Kanara%20Chitrapur%20Sarasvat%20Konkani ocr-review uncertain
Ko,,čha:pčč,to print,,,,"ghatage-konkani1963[p. 126, col. 1, entry 3]",,,ghatage-konkani1963:p126:c1:e3,,,,dialect:Ko:ghatage-konkani1963:South%20Kanara%20Chitrapur%20Sarasvat%20Konkani ocr-review uncertain
Ko,,Jəņygli,man from the forest,,,,"ghatage-konkani1963[p. 126, col. 1, entry 4]",,,ghatage-konkani1963:p126:c1:e4,,,,dialect:Ko:ghatage-konkani1963:South%20Kanara%20Chitrapur%20Sarasvat%20Konkani ocr-review uncertain
Ko,,fifu,judge,,,,"ghatage-konkani1963[p. 126, col. 1, entry 5]",,,ghatage-konkani1963:p126:c1:e5,,,,dialect:Ko:ghatage-konkani1963:South%20Kanara%20Chitrapur%20Sarasvat%20Konkani ocr-review uncertain
Ko,,jənmu,birth,,,,"ghatage-konkani1963[p. 126, col. 1, entry 6]",,,ghatage-konkani1963:p126:c1:e6,,,,dialect:Ko:ghatage-konkani1963:South%20Kanara%20Chitrapur%20Sarasvat%20Konkani ocr-review uncertain
Ko,,jə:gə,world,,,,"ghatage-konkani1963[p. 126, col. 1, entry 7]",,,ghatage-konkani1963:p126:c1:e7,,,,dialect:Ko:ghatage-konkani1963:South%20Kanara%20Chitrapur%20Sarasvat%20Konkani ocr-review uncertain
Ko,,Ja:du,witchcraft,,,,"ghatage-konkani1963[p. 126, col. 1, entry 8]",,,ghatage-konkani1963:p126:c1:e8,,,,dialect:Ko:ghatage-konkani1963:South%20Kanara%20Chitrapur%20Sarasvat%20Konkani ocr-review uncertain
Ko,,ja:dugaru,magician,,,,"ghatage-konkani1963[p. 126, col. 1, entry 9]",,,ghatage-konkani1963:p126:c1:e9,,,,dialect:Ko:ghatage-konkani1963:South%20Kanara%20Chitrapur%20Sarasvat%20Konkani ocr-review uncertain
Ko,,Jivši mari,to kill,,,,"ghatage-konkani1963[p. 126, col. 1, entry 10]",,,ghatage-konkani1963:p126:c1:e10,,,,dialect:Ko:ghatage-konkani1963:South%20Kanara%20Chitrapur%20Sarasvat%20Konkani ocr-review uncertain
Ko,,ji:bə,tongue,,,,"ghatage-konkani1963[p. 126, col. 1, entry 11]",,,ghatage-konkani1963:p126:c1:e11,,,,dialect:Ko:ghatage-konkani1963:South%20Kanara%20Chitrapur%20Sarasvat%20Konkani ocr-review uncertain
Ko,,Ji:rë,cumįnseed,,,,"ghatage-konkani1963[p. 126, col. 1, entry 12]",,,ghatage-konkani1963:p126:c1:e12,,,,dialect:Ko:ghatage-konkani1963:South%20Kanara%20Chitrapur%20Sarasvat%20Konkani ocr-review uncertain
Ko,,Ji:vəntu,alive,,,,"ghatage-konkani1963[p. 126, col. 1, entry 13]",,,ghatage-konkani1963:p126:c1:e13,,,,dialect:Ko:ghatage-konkani1963:South%20Kanara%20Chitrapur%20Sarasvat%20Konkani ocr-review uncertain
Ko,,ji:vu,life 3|,,,,"ghatage-konkani1963[p. 126, col. 1, entry 14]",,,ghatage-konkani1963:p126:c1:e14,,,,dialect:Ko:ghatage-konkani1963:South%20Kanara%20Chitrapur%20Sarasvat%20Konkani ocr-review uncertain
Ko,,ji ki,to win,,,,"ghatage-konkani1963[p. 126, col. 1, entry 15]",,,ghatage-konkani1963:p126:c1:e15,,,,dialect:Ko:ghatage-konkani1963:South%20Kanara%20Chitrapur%20Sarasvat%20Konkani ocr-review uncertain
Ko,,ïhē:də,flag,,,,"ghatage-konkani1963[p. 126, col. 1, entry 16]",,,ghatage-konkani1963:p126:c1:e16,,,,dialect:Ko:ghatage-konkani1963:South%20Kanara%20Chitrapur%20Sarasvat%20Konkani ocr-review uncertain
Ko,,ïjekețə,waist-coat,,,,"ghatage-konkani1963[p. 126, col. 1, entry 17]",,,ghatage-konkani1963:p126:c1:e17,,,,dialect:Ko:ghatage-konkani1963:South%20Kanara%20Chitrapur%20Sarasvat%20Konkani ocr-review uncertain
Ko,,ǰevəṇə,meal,,,,"ghatage-konkani1963[p. 126, col. 1, entry 18]",,,ghatage-konkani1963:p126:c1:e18,,,,dialect:Ko:ghatage-konkani1963:South%20Kanara%20Chitrapur%20Sarasvat%20Konkani
Ko,,ïo:tišu,astrologer,,,,"ghatage-konkani1963[p. 126, col. 1, entry 19]",,,ghatage-konkani1963:p126:c1:e19,,,,dialect:Ko:ghatage-konkani1963:South%20Kanara%20Chitrapur%20Sarasvat%20Konkani ocr-review uncertain
Ko,,cəptë,fiat,,,,"ghatage-konkani1963[p. 126, col. 1, entry 20]",,,ghatage-konkani1963:p126:c1:e20,,,,dialect:Ko:ghatage-konkani1963:South%20Kanara%20Chitrapur%20Sarasvat%20Konkani ocr-review uncertain
Ko,,cərtë,ring-worm,,,,"ghatage-konkani1963[p. 126, col. 1, entry 21]",,,ghatage-konkani1963:p126:c1:e21,,,,dialect:Ko:ghatage-konkani1963:South%20Kanara%20Chitrapur%20Sarasvat%20Konkani ocr-review uncertain
Ko,,cərkhə,spinning wheel,,,,"ghatage-konkani1963[p. 126, col. 1, entry 22]",,,ghatage-konkani1963:p126:c1:e22,,,,dialect:Ko:ghatage-konkani1963:South%20Kanara%20Chitrapur%20Sarasvat%20Konkani ocr-review uncertain
Ko,,calli,daughter,,,,"ghatage-konkani1963[p. 126, col. 1, entry 23]",,,ghatage-konkani1963:p126:c1:e23,,,,dialect:Ko:ghatage-konkani1963:South%20Kanara%20Chitrapur%20Sarasvat%20Konkani ocr-review uncertain
Ko,,cəlli,girl,,,,"ghatage-konkani1963[p. 126, col. 1, entry 24]",,,ghatage-konkani1963:p126:c1:e24,,,,dialect:Ko:ghatage-konkani1963:South%20Kanara%20Chitrapur%20Sarasvat%20Konkani ocr-review uncertain
Ko,,eəllə,"son, boy",,,,"ghatage-konkani1963[p. 126, col. 1, entry 25]",,,ghatage-konkani1963:p126:c1:e25,,,,dialect:Ko:ghatage-konkani1963:South%20Kanara%20Chitrapur%20Sarasvat%20Konkani ocr-review uncertain
Ko,,cəllovčě,to drive,,,,"ghatage-konkani1963[p. 126, col. 1, entry 26]",,,ghatage-konkani1963:p126:c1:e26,,,,dialect:Ko:ghatage-konkani1963:South%20Kanara%20Chitrapur%20Sarasvat%20Konkani ocr-review uncertain
Ko,,cəvəņdi,female ghost],,,,"ghatage-konkani1963[p. 126, col. 1, entry 27]",,,ghatage-konkani1963:p126:c1:e27,,,,dialect:Ko:ghatage-konkani1963:South%20Kanara%20Chitrapur%20Sarasvat%20Konkani ocr-review uncertain
Ko,,cəvts,fourth,,,,"ghatage-konkani1963[p. 126, col. 1, entry 28]",,,ghatage-konkani1963:p126:c1:e28,,,,dialect:Ko:ghatage-konkani1963:South%20Kanara%20Chitrapur%20Sarasvat%20Konkani ocr-review uncertain
Ko,,cəyda,fourteen,,,,"ghatage-konkani1963[p. 126, col. 1, entry 29]",,,ghatage-konkani1963:p126:c1:e29,,,,dialect:Ko:ghatage-konkani1963:South%20Kanara%20Chitrapur%20Sarasvat%20Konkani ocr-review uncertain
Ko,,cə:ḍə,to climb,,,,"ghatage-konkani1963[p. 126, col. 1, entry 30]",,,ghatage-konkani1963:p126:c1:e30,,,,dialect:Ko:ghatage-konkani1963:South%20Kanara%20Chitrapur%20Sarasvat%20Konkani
Ko,,cə:də,STORA,,,,"ghatage-konkani1963[p. 126, col. 1, entry 31]",,,ghatage-konkani1963:p126:c1:e31,,,,dialect:Ko:ghatage-konkani1963:South%20Kanara%20Chitrapur%20Sarasvat%20Konkani ocr-review uncertain
Ko,,cə:mkə,to walk,,,,"ghatage-konkani1963[p. 126, col. 1, entry 32]",,,ghatage-konkani1963:p126:c1:e32,,,,dialect:Ko:ghatage-konkani1963:South%20Kanara%20Chitrapur%20Sarasvat%20Konkani ocr-review uncertain
Ko,,cə:rəyi,to graze,,,,"ghatage-konkani1963[p. 126, col. 1, entry 33]",,,ghatage-konkani1963:p126:c1:e33,,,,dialect:Ko:ghatage-konkani1963:South%20Kanara%20Chitrapur%20Sarasvat%20Konkani ocr-review uncertain
Ko,,cə:və,taste,,,,"ghatage-konkani1963[p. 126, col. 1, entry 34]",,,ghatage-konkani1963:p126:c1:e34,,,,dialect:Ko:ghatage-konkani1963:South%20Kanara%20Chitrapur%20Sarasvat%20Konkani ocr-review uncertain
Ko,,canni,squirrel,,,,"ghatage-konkani1963[p. 126, col. 1, entry 35]",,,ghatage-konkani1963:p126:c1:e35,,,,dialect:Ko:ghatage-konkani1963:South%20Kanara%20Chitrapur%20Sarasvat%20Konkani ocr-review uncertain
Ko,,camp,champak,,,,"ghatage-konkani1963[p. 126, col. 1, entry 36]",,,ghatage-konkani1963:p126:c1:e36,,,,dialect:Ko:ghatage-konkani1963:South%20Kanara%20Chitrapur%20Sarasvat%20Konkani ocr-review uncertain
Ko,,cambaru,shoemaker,,,,"ghatage-konkani1963[p. 126, col. 2, entry 1]",,,ghatage-konkani1963:p126:c2:e1,,,,dialect:Ko:ghatage-konkani1963:South%20Kanara%20Chitrapur%20Sarasvat%20Konkani ocr-review uncertain
Ko,,camqdë,leather i,,,,"ghatage-konkani1963[p. 126, col. 2, entry 2]",,,ghatage-konkani1963:p126:c2:e2,,,,dialect:Ko:ghatage-konkani1963:South%20Kanara%20Chitrapur%20Sarasvat%20Konkani ocr-review uncertain
Ko,,camkəļu,wart i,,,,"ghatage-konkani1963[p. 126, col. 2, entry 3]",,,ghatage-konkani1963:p126:c2:e3,,,,dialect:Ko:ghatage-konkani1963:South%20Kanara%20Chitrapur%20Sarasvat%20Konkani ocr-review uncertain
Ko,,calņě,sieve,,,,"ghatage-konkani1963[p. 126, col. 2, entry 4]",,,ghatage-konkani1963:p126:c2:e4,,,,dialect:Ko:ghatage-konkani1963:South%20Kanara%20Chitrapur%20Sarasvat%20Konkani ocr-review uncertain
Ko,,ca:ndi,silver,,,,"ghatage-konkani1963[p. 126, col. 2, entry 5]",,,ghatage-konkani1963:p126:c2:e5,,,,dialect:Ko:ghatage-konkani1963:South%20Kanara%20Chitrapur%20Sarasvat%20Konkani ocr-review uncertain
Ko,,ca:bə,to bite,,,,"ghatage-konkani1963[p. 126, col. 2, entry 6]",,,ghatage-konkani1963:p126:c2:e6,,,,dialect:Ko:ghatage-konkani1963:South%20Kanara%20Chitrapur%20Sarasvat%20Konkani ocr-review uncertain
Ko,,cã:gə,good,,,,"ghatage-konkani1963[p. 126, col. 2, entry 7]",,,ghatage-konkani1963:p126:c2:e7,,,,dialect:Ko:ghatage-konkani1963:South%20Kanara%20Chitrapur%20Sarasvat%20Konkani ocr-review uncertain
Ko,,cã:dpë,moonlight,,,,"ghatage-konkani1963[p. 126, col. 2, entry 8]",,,ghatage-konkani1963:p126:c2:e8,,,,dialect:Ko:ghatage-konkani1963:South%20Kanara%20Chitrapur%20Sarasvat%20Konkani ocr-review uncertain
Ko,,cukkəyi,to avoid,,,,"ghatage-konkani1963[p. 126, col. 2, entry 9]",,,ghatage-konkani1963:p126:c2:e9,,,,dialect:Ko:ghatage-konkani1963:South%20Kanara%20Chitrapur%20Sarasvat%20Konkani ocr-review uncertain
Ko,,cunna,lime,,,,"ghatage-konkani1963[p. 126, col. 2, entry 10]",,,ghatage-konkani1963:p126:c2:e10,,,,dialect:Ko:ghatage-konkani1963:South%20Kanara%20Chitrapur%20Sarasvat%20Konkani ocr-review uncertain
Ko,,cu:kə,"fault, to make a mistake",,,,"ghatage-konkani1963[p. 126, col. 2, entry 11]",,,ghatage-konkani1963:p126:c2:e11,,,,dialect:Ko:ghatage-konkani1963:South%20Kanara%20Chitrapur%20Sarasvat%20Konkani ocr-review uncertain
Ko,,cu:pə,sharp,,,,"ghatage-konkani1963[p. 126, col. 2, entry 12]",,,ghatage-konkani1963:p126:c2:e12,,,,dialect:Ko:ghatage-konkani1963:South%20Kanara%20Chitrapur%20Sarasvat%20Konkani ocr-review uncertain
Ko,,cori kəri,to steal,,,,"ghatage-konkani1963[p. 126, col. 2, entry 13]",,,ghatage-konkani1963:p126:c2:e13,,,,dialect:Ko:ghatage-konkani1963:South%20Kanara%20Chitrapur%20Sarasvat%20Konkani ocr-review uncertain
Ko,,co:ri,to steal,,,,"ghatage-konkani1963[p. 126, col. 2, entry 14]",,,ghatage-konkani1963:p126:c2:e14,,,,dialect:Ko:ghatage-konkani1963:South%20Kanara%20Chitrapur%20Sarasvat%20Konkani ocr-review uncertain
Ko,,corčē,to rob i,,,,"ghatage-konkani1963[p. 126, col. 2, entry 15]",,,ghatage-konkani1963:p126:c2:e15,,,,dialect:Ko:ghatage-konkani1963:South%20Kanara%20Chitrapur%20Sarasvat%20Konkani ocr-review uncertain
Ko,,co:ri,theft,,,,"ghatage-konkani1963[p. 126, col. 2, entry 16]",,,ghatage-konkani1963:p126:c2:e16,,,,dialect:Ko:ghatage-konkani1963:South%20Kanara%20Chitrapur%20Sarasvat%20Konkani ocr-review uncertain
Ko,,co:ru,thief i,,,,"ghatage-konkani1963[p. 126, col. 2, entry 17]",,,ghatage-konkani1963:p126:c2:e17,,,,dialect:Ko:ghatage-konkani1963:South%20Kanara%20Chitrapur%20Sarasvat%20Konkani ocr-review uncertain
Ko,,cō:či,beak,,,,"ghatage-konkani1963[p. 126, col. 2, entry 18]",,,ghatage-konkani1963:p126:c2:e18,,,,dialect:Ko:ghatage-konkani1963:South%20Kanara%20Chitrapur%20Sarasvat%20Konkani ocr-review uncertain
Ko,,jəkhəmə,wound,,,,"ghatage-konkani1963[p. 126, col. 2, entry 19]",,,ghatage-konkani1963:p126:c2:e19,,,,dialect:Ko:ghatage-konkani1963:South%20Kanara%20Chitrapur%20Sarasvat%20Konkani ocr-review uncertain
Ko,,jəna:vərə,beast l,,,,"ghatage-konkani1963[p. 126, col. 2, entry 20]",,,ghatage-konkani1963:p126:c2:e20,,,,dialect:Ko:ghatage-konkani1963:South%20Kanara%20Chitrapur%20Sarasvat%20Konkani ocr-review uncertain
Ko,,jəbdə,jaw l,,,,"ghatage-konkani1963[p. 126, col. 2, entry 21]",,,ghatage-konkani1963:p126:c2:e21,,,,dialect:Ko:ghatage-konkani1963:South%20Kanara%20Chitrapur%20Sarasvat%20Konkani ocr-review uncertain
Ko,,jəminə,land j,,,,"ghatage-konkani1963[p. 126, col. 2, entry 22]",,,ghatage-konkani1963:p126:c2:e22,,,,dialect:Ko:ghatage-konkani1963:South%20Kanara%20Chitrapur%20Sarasvat%20Konkani ocr-review uncertain
Ko,,jəmkhanə,carpet,,,,"ghatage-konkani1963[p. 126, col. 2, entry 23]",,,ghatage-konkani1963:p126:c2:e23,,,,dialect:Ko:ghatage-konkani1963:South%20Kanara%20Chitrapur%20Sarasvat%20Konkani ocr-review uncertain
Ko,,jəla:rə,mosquito,,,,"ghatage-konkani1963[p. 126, col. 2, entry 24]",,,ghatage-konkani1963:p126:c2:e24,,,,dialect:Ko:ghatage-konkani1963:South%20Kanara%20Chitrapur%20Sarasvat%20Konkani ocr-review uncertain
Ko,,ja:gə,to live,,,,"ghatage-konkani1963[p. 126, col. 2, entry 25]",,,ghatage-konkani1963:p126:c2:e25,,,,dialect:Ko:ghatage-konkani1963:South%20Kanara%20Chitrapur%20Sarasvat%20Konkani ocr-review uncertain
Ko,,jə:qə,heavy i,,,,"ghatage-konkani1963[p. 126, col. 2, entry 26]",,,ghatage-konkani1963:p126:c2:e26,,,,dialect:Ko:ghatage-konkani1963:South%20Kanara%20Chitrapur%20Sarasvat%20Konkani ocr-review uncertain
Ko,,ja,to become,,,,"ghatage-konkani1963[p. 126, col. 2, entry 28]",,,ghatage-konkani1963:p126:c2:e28,,,,dialect:Ko:ghatage-konkani1963:South%20Kanara%20Chitrapur%20Sarasvat%20Konkani ocr-review uncertain
Ko,,jāvčč,to happen,,,,"ghatage-konkani1963[p. 126, col. 2, entry 30]",,,ghatage-konkani1963:p126:c2:e30,,,,dialect:Ko:ghatage-konkani1963:South%20Kanara%20Chitrapur%20Sarasvat%20Konkani ocr-review uncertain
Ko,,ja:ḍi,thickness,,,,"ghatage-konkani1963[p. 126, col. 2, entry 31]",,,ghatage-konkani1963:p126:c2:e31,,,,dialect:Ko:ghatage-konkani1963:South%20Kanara%20Chitrapur%20Sarasvat%20Konkani
Ko,,ja:nvě,sacred thread”,,,,"ghatage-konkani1963[p. 126, col. 2, entry 32]",,,ghatage-konkani1963:p126:c2:e32,,,,dialect:Ko:ghatage-konkani1963:South%20Kanara%20Chitrapur%20Sarasvat%20Konkani ocr-review uncertain
Ko,,ja:li,net (small),,,,"ghatage-konkani1963[p. 126, col. 2, entry 33]",,,ghatage-konkani1963:p126:c2:e33,,,,dialect:Ko:ghatage-konkani1963:South%20Kanara%20Chitrapur%20Sarasvat%20Konkani ocr-review uncertain
Ko,,ja:lə,envy,,,,"ghatage-konkani1963[p. 126, col. 2, entry 35]",,,ghatage-konkani1963:p126:c2:e35,,,,dialect:Ko:ghatage-konkani1963:South%20Kanara%20Chitrapur%20Sarasvat%20Konkani ocr-review uncertain
Ko,,ja:və,husband’s brother’s wife.,,,,"ghatage-konkani1963[p. 127, col. 1, entry 1]",,,ghatage-konkani1963:p127:c1:e1,,,,dialect:Ko:ghatage-konkani1963:South%20Kanara%20Chitrapur%20Sarasvat%20Konkani ocr-review uncertain
Ko,,jã:blə,violet,,,,"ghatage-konkani1963[p. 127, col. 1, entry 2]",,,ghatage-konkani1963:p127:c1:e2,,,,dialect:Ko:ghatage-konkani1963:South%20Kanara%20Chitrapur%20Sarasvat%20Konkani ocr-review uncertain
Ko,,jã:vəyi,son-in-law,,,,"ghatage-konkani1963[p. 127, col. 1, entry 3]",,,ghatage-konkani1963:p127:c1:e3,,,,dialect:Ko:ghatage-konkani1963:South%20Kanara%20Chitrapur%20Sarasvat%20Konkani ocr-review uncertain
Ko,,juga:ru,gambling,,,,"ghatage-konkani1963[p. 127, col. 1, entry 4]",,,ghatage-konkani1963:p127:c1:e4,,,,dialect:Ko:ghatage-konkani1963:South%20Kanara%20Chitrapur%20Sarasvat%20Konkani ocr-review uncertain
Ko,,jo:dsuyi,to join,,,,"ghatage-konkani1963[p. 127, col. 1, entry 5]",,,ghatage-konkani1963:p127:c1:e5,,,,dialect:Ko:ghatage-konkani1963:South%20Kanara%20Chitrapur%20Sarasvat%20Konkani ocr-review uncertain
Ko,,jo:r,force,,,,"ghatage-konkani1963[p. 127, col. 1, entry 6]",,,ghatage-konkani1963:p127:c1:e6,,,,dialect:Ko:ghatage-konkani1963:South%20Kanara%20Chitrapur%20Sarasvat%20Konkani ocr-review uncertain
Ko,,jəpalə,swing,,,,"ghatage-konkani1963[p. 127, col. 1, entry 7]",,,ghatage-konkani1963:p127:c1:e7,,,,dialect:Ko:ghatage-konkani1963:South%20Kanara%20Chitrapur%20Sarasvat%20Konkani ocr-review uncertain
Ko,,jədə,to earn,,,,"ghatage-konkani1963[p. 127, col. 1, entry 8]",,,ghatage-konkani1963:p127:c1:e8,,,,dialect:Ko:ghatage-konkani1963:South%20Kanara%20Chitrapur%20Sarasvat%20Konkani ocr-review uncertain
Ko,,jhəgjhəgčë,to shine,,,,"ghatage-konkani1963[p. 127, col. 1, entry 9]",,,ghatage-konkani1963:p127:c1:e9,,,,dialect:Ko:ghatage-konkani1963:South%20Kanara%20Chitrapur%20Sarasvat%20Konkani ocr-review uncertain
Ko,,jhəgədë,quarrel,,,,"ghatage-konkani1963[p. 127, col. 1, entry 10]",,,ghatage-konkani1963:p127:c1:e10,,,,dialect:Ko:ghatage-konkani1963:South%20Kanara%20Chitrapur%20Sarasvat%20Konkani ocr-review uncertain
Ko,,jhəggədi,to quarrel,,,,"ghatage-konkani1963[p. 127, col. 1, entry 11]",,,ghatage-konkani1963:p127:c1:e11,,,,dialect:Ko:ghatage-konkani1963:South%20Kanara%20Chitrapur%20Sarasvat%20Konkani ocr-review uncertain
Ko,,jhərlə,cockroach,,,,"ghatage-konkani1963[p. 127, col. 1, entry 12]",,,ghatage-konkani1963:p127:c1:e12,,,,dialect:Ko:ghatage-konkani1963:South%20Kanara%20Chitrapur%20Sarasvat%20Konkani ocr-review uncertain
Ko,,jhə:rə,stream,,,,"ghatage-konkani1963[p. 127, col. 1, entry 13]",,,ghatage-konkani1963:p127:c1:e13,,,,dialect:Ko:ghatage-konkani1963:South%20Kanara%20Chitrapur%20Sarasvat%20Konkani ocr-review uncertain
Ko,,jha:qə,plant,,,,"ghatage-konkani1963[p. 127, col. 1, entry 14]",,,ghatage-konkani1963:p127:c1:e14,,,,dialect:Ko:ghatage-konkani1963:South%20Kanara%20Chitrapur%20Sarasvat%20Konkani ocr-review uncertain
Ko,,jha:di,to sweep,,,,"ghatage-konkani1963[p. 127, col. 1, entry 15]",,,ghatage-konkani1963:p127:c1:e15,,,,dialect:Ko:ghatage-konkani1963:South%20Kanara%20Chitrapur%20Sarasvat%20Konkani ocr-review uncertain
Ko,,jha:qi,small wood,,,,"ghatage-konkani1963[p. 127, col. 1, entry 16]",,,ghatage-konkani1963:p127:c1:e16,,,,dialect:Ko:ghatage-konkani1963:South%20Kanara%20Chitrapur%20Sarasvat%20Konkani ocr-review uncertain
Ko,,jhaduvalə,sweeper,,,,"ghatage-konkani1963[p. 127, col. 1, entry 17]",,,ghatage-konkani1963:p127:c1:e17,,,,dialect:Ko:ghatage-konkani1963:South%20Kanara%20Chitrapur%20Sarasvat%20Konkani ocr-review uncertain
Ko,,jha:du,broom,,,,"ghatage-konkani1963[p. 127, col. 1, entry 18]",,,ghatage-konkani1963:p127:c1:e18,,,,dialect:Ko:ghatage-konkani1963:South%20Kanara%20Chitrapur%20Sarasvat%20Konkani ocr-review uncertain
Ko,,jha:qdla:yi,to plant,,,,"ghatage-konkani1963[p. 127, col. 1, entry 19]",,,ghatage-konkani1963:p127:c1:e19,,,,dialect:Ko:ghatage-konkani1963:South%20Kanara%20Chitrapur%20Sarasvat%20Konkani ocr-review uncertain
Ko,,jho:pdi,hut,,,,"ghatage-konkani1963[p. 127, col. 1, entry 20]",,,ghatage-konkani1963:p127:c1:e20,,,,dialect:Ko:ghatage-konkani1963:South%20Kanara%20Chitrapur%20Sarasvat%20Konkani ocr-review uncertain
Ko,,təkkələ,baldness,,,,"ghatage-konkani1963[p. 127, col. 1, entry 21]",,,ghatage-konkani1963:p127:c1:e21,,,,dialect:Ko:ghatage-konkani1963:South%20Kanara%20Chitrapur%20Sarasvat%20Konkani ocr-review uncertain
Ko,,ta:lə,cymbal,,,,"ghatage-konkani1963[p. 127, col. 1, entry 22]",,,ghatage-konkani1963:p127:c1:e22,,,,dialect:Ko:ghatage-konkani1963:South%20Kanara%20Chitrapur%20Sarasvat%20Konkani ocr-review uncertain
Ko,,tikta,it lasts,,,,"ghatage-konkani1963[p. 127, col. 1, entry 23]",,,ghatage-konkani1963:p127:c1:e23,,,,dialect:Ko:ghatage-konkani1963:South%20Kanara%20Chitrapur%20Sarasvat%20Konkani ocr-review uncertain
Ko,,ținnə,tin,,,,"ghatage-konkani1963[p. 127, col. 1, entry 24]",,,ghatage-konkani1963:p127:c1:e24,,,,dialect:Ko:ghatage-konkani1963:South%20Kanara%20Chitrapur%20Sarasvat%20Konkani ocr-review uncertain
Ko,,tuva:lə,towel,,,,"ghatage-konkani1963[p. 127, col. 1, entry 25]",,,ghatage-konkani1963:p127:c1:e25,,,,dialect:Ko:ghatage-konkani1963:South%20Kanara%20Chitrapur%20Sarasvat%20Konkani ocr-review uncertain
Ko,,tuva:lə,towel,,,,"ghatage-konkani1963[p. 127, col. 1, entry 26]",,,ghatage-konkani1963:p127:c1:e26,,,,dialect:Ko:ghatage-konkani1963:South%20Kanara%20Chitrapur%20Sarasvat%20Konkani ocr-review uncertain
Ko,,tebəalə,table,,,,"ghatage-konkani1963[p. 127, col. 1, entry 27]",,,ghatage-konkani1963:p127:c1:e27,,,,dialect:Ko:ghatage-konkani1963:South%20Kanara%20Chitrapur%20Sarasvat%20Konkani ocr-review uncertain
Ko,,tometțə,tomato,,,,"ghatage-konkani1963[p. 127, col. 1, entry 28]",,,ghatage-konkani1963:p127:c1:e28,,,,dialect:Ko:ghatage-konkani1963:South%20Kanara%20Chitrapur%20Sarasvat%20Konkani ocr-review uncertain
Ko,,toppi,FAR,,,,"ghatage-konkani1963[p. 127, col. 1, entry 29]",,,ghatage-konkani1963:p127:c1:e29,,,,dialect:Ko:ghatage-konkani1963:South%20Kanara%20Chitrapur%20Sarasvat%20Konkani ocr-review uncertain
Ko,,to:lə,locust,,,,"ghatage-konkani1963[p. 127, col. 1, entry 30]",,,ghatage-konkani1963:p127:c1:e30,,,,dialect:Ko:ghatage-konkani1963:South%20Kanara%20Chitrapur%20Sarasvat%20Konkani ocr-review uncertain
Ko,,ṭhərəyi,to decide,,,,"ghatage-konkani1963[p. 127, col. 1, entry 31]",,,ghatage-konkani1963:p127:c1:e31,,,,dialect:Ko:ghatage-konkani1963:South%20Kanara%20Chitrapur%20Sarasvat%20Konkani
Ko,,ṭhikki,nose ornament,,,,"ghatage-konkani1963[p. 127, col. 1, entry 32]",,,ghatage-konkani1963:p127:c1:e32,,,,dialect:Ko:ghatage-konkani1963:South%20Kanara%20Chitrapur%20Sarasvat%20Konkani
Ko,,da:və,left,,,,"ghatage-konkani1963[p. 127, col. 1, entry 33]",,,ghatage-konkani1963:p127:c1:e33,,,,dialect:Ko:ghatage-konkani1963:South%20Kanara%20Chitrapur%20Sarasvat%20Konkani ocr-review uncertain
Ko,,dukkərə,pig.,,,,"ghatage-konkani1963[p. 127, col. 1, entry 34]",,,ghatage-konkani1963:p127:c1:e34,,,,dialect:Ko:ghatage-konkani1963:South%20Kanara%20Chitrapur%20Sarasvat%20Konkani ocr-review uncertain
Ko,,dha:lə,shield,,,,"ghatage-konkani1963[p. 127, col. 2, entry 1]",,,ghatage-konkani1963:p127:c2:e1,,,,dialect:Ko:ghatage-konkani1963:South%20Kanara%20Chitrapur%20Sarasvat%20Konkani ocr-review uncertain
Ko,,qdhē:k di,to belch,,,,"ghatage-konkani1963[p. 127, col. 2, entry 2]",,,ghatage-konkani1963:p127:c2:e2,,,,dialect:Ko:ghatage-konkani1963:South%20Kanara%20Chitrapur%20Sarasvat%20Konkani ocr-review uncertain
Ko,,təggu,down,,,,"ghatage-konkani1963[p. 127, col. 2, entry 3]",,,ghatage-konkani1963:p127:c2:e3,,,,dialect:Ko:ghatage-konkani1963:South%20Kanara%20Chitrapur%20Sarasvat%20Konkani ocr-review uncertain
Ko,,təggu,bottom,,,,"ghatage-konkani1963[p. 127, col. 2, entry 4]",,,ghatage-konkani1963:p127:c2:e4,,,,dialect:Ko:ghatage-konkani1963:South%20Kanara%20Chitrapur%20Sarasvat%20Konkani ocr-review uncertain
Ko,,təṭṭu,pony,,,,"ghatage-konkani1963[p. 127, col. 2, entry 5]",,,ghatage-konkani1963:p127:c2:e5,,,,dialect:Ko:ghatage-konkani1963:South%20Kanara%20Chitrapur%20Sarasvat%20Konkani
Ko,,təmbaku,tobacco,,,,"ghatage-konkani1963[p. 127, col. 2, entry 6]",,,ghatage-konkani1963:p127:c2:e6,,,,dialect:Ko:ghatage-konkani1963:South%20Kanara%20Chitrapur%20Sarasvat%20Konkani ocr-review uncertain
Ko,,təmbu,tent,,,,"ghatage-konkani1963[p. 127, col. 2, entry 7]",,,ghatage-konkani1963:p127:c2:e7,,,,dialect:Ko:ghatage-konkani1963:South%20Kanara%20Chitrapur%20Sarasvat%20Konkani ocr-review uncertain
Ko,,təya:rə,ready,,,,"ghatage-konkani1963[p. 127, col. 2, entry 8]",,,ghatage-konkani1963:p127:c2:e8,,,,dialect:Ko:ghatage-konkani1963:South%20Kanara%20Chitrapur%20Sarasvat%20Konkani ocr-review uncertain
Ko,,təra:ju,balance,,,,"ghatage-konkani1963[p. 127, col. 2, entry 9]",,,ghatage-konkani1963:p127:c2:e9,,,,dialect:Ko:ghatage-konkani1963:South%20Kanara%20Chitrapur%20Sarasvat%20Konkani ocr-review uncertain
Ko,,tərčē,to float,,,,"ghatage-konkani1963[p. 127, col. 2, entry 10]",,,ghatage-konkani1963:p127:c2:e10,,,,dialect:Ko:ghatage-konkani1963:South%20Kanara%20Chitrapur%20Sarasvat%20Konkani ocr-review uncertain
Ko,,təlva:rə,sword,,,,"ghatage-konkani1963[p. 127, col. 2, entry 11]",,,ghatage-konkani1963:p127:c2:e11,,,,dialect:Ko:ghatage-konkani1963:South%20Kanara%20Chitrapur%20Sarasvat%20Konkani ocr-review uncertain
Ko,,təl ha:tu,palm,,,,"ghatage-konkani1963[p. 127, col. 2, entry 12]",,,ghatage-konkani1963:p127:c2:e12,,,,dialect:Ko:ghatage-konkani1963:South%20Kanara%20Chitrapur%20Sarasvat%20Konkani ocr-review uncertain
Ko,,tə:ņə,grass,,,,"ghatage-konkani1963[p. 127, col. 2, entry 13]",,,ghatage-konkani1963:p127:c2:e13,,,,dialect:Ko:ghatage-konkani1963:South%20Kanara%20Chitrapur%20Sarasvat%20Konkani ocr-review uncertain
Ko,,tə:li,to fry (oil),,,,"ghatage-konkani1963[p. 127, col. 2, entry 15]",,,ghatage-konkani1963:p127:c2:e15,,,,dialect:Ko:ghatage-konkani1963:South%20Kanara%20Chitrapur%20Sarasvat%20Konkani ocr-review uncertain
Ko,,tə:lə,bottom,,,,"ghatage-konkani1963[p. 127, col. 2, entry 17]",,,ghatage-konkani1963:p127:c2:e17,,,,dialect:Ko:ghatage-konkani1963:South%20Kanara%20Chitrapur%20Sarasvat%20Konkani ocr-review uncertain
Ko,,tə:ri,yet,,,,"ghatage-konkani1963[p. 127, col. 2, entry 18]",,,ghatage-konkani1963:p127:c2:e18,,,,dialect:Ko:ghatage-konkani1963:South%20Kanara%20Chitrapur%20Sarasvat%20Konkani ocr-review uncertain
Ko,,tə:və,plate,,,,"ghatage-konkani1963[p. 127, col. 2, entry 19]",,,ghatage-konkani1963:p127:c2:e19,,,,dialect:Ko:ghatage-konkani1963:South%20Kanara%20Chitrapur%20Sarasvat%20Konkani ocr-review uncertain
Ko,,takdi,balance,,,,"ghatage-konkani1963[p. 127, col. 2, entry 20]",,,ghatage-konkani1963:p127:c2:e20,,,,dialect:Ko:ghatage-konkani1963:South%20Kanara%20Chitrapur%20Sarasvat%20Konkani ocr-review uncertain
Ko,,tanduļu,rice,,,,"ghatage-konkani1963[p. 127, col. 2, entry 21]",,,ghatage-konkani1963:p127:c2:e21,,,,dialect:Ko:ghatage-konkani1963:South%20Kanara%20Chitrapur%20Sarasvat%20Konkani ocr-review uncertain
Ko,,tannekə,breakfast,,,,"ghatage-konkani1963[p. 127, col. 2, entry 22]",,,ghatage-konkani1963:p127:c2:e22,,,,dialect:Ko:ghatage-konkani1963:South%20Kanara%20Chitrapur%20Sarasvat%20Konkani ocr-review uncertain
Ko,,tamb,copper,,,,"ghatage-konkani1963[p. 127, col. 2, entry 23]",,,ghatage-konkani1963:p127:c2:e23,,,,dialect:Ko:ghatage-konkani1963:South%20Kanara%20Chitrapur%20Sarasvat%20Konkani ocr-review uncertain
Ko,,ta:ikə,butter milk,,,,"ghatage-konkani1963[p. 127, col. 2, entry 24]",,,ghatage-konkani1963:p127:c2:e24,,,,dialect:Ko:ghatage-konkani1963:South%20Kanara%20Chitrapur%20Sarasvat%20Konkani ocr-review uncertain
Ko,,ta:jë,fresh,,,,"ghatage-konkani1963[p. 127, col. 2, entry 25]",,,ghatage-konkani1963:p127:c2:e25,,,,dialect:Ko:ghatage-konkani1963:South%20Kanara%20Chitrapur%20Sarasvat%20Konkani ocr-review uncertain
Ko,,ta:ņi,to pull,,,,"ghatage-konkani1963[p. 127, col. 2, entry 26]",,,ghatage-konkani1963:p127:c2:e26,,,,dialect:Ko:ghatage-konkani1963:South%20Kanara%20Chitrapur%20Sarasvat%20Konkani ocr-review uncertain
Ko,,ta:nə,thirst i,,,,"ghatage-konkani1963[p. 127, col. 2, entry 27]",,,ghatage-konkani1963:p127:c2:e27,,,,dialect:Ko:ghatage-konkani1963:South%20Kanara%20Chitrapur%20Sarasvat%20Konkani ocr-review uncertain
Ko,,ta:pu,fever,,,,"ghatage-konkani1963[p. 127, col. 2, entry 28]",,,ghatage-konkani1963:p127:c2:e28,,,,dialect:Ko:ghatage-konkani1963:South%20Kanara%20Chitrapur%20Sarasvat%20Konkani ocr-review uncertain
Ko,,ta:mdə maa,pumkin,,,,"ghatage-konkani1963[p. 127, col. 2, entry 29]",,,ghatage-konkani1963:p127:c2:e29,,,,dialect:Ko:ghatage-konkani1963:South%20Kanara%20Chitrapur%20Sarasvat%20Konkani ocr-review uncertain
Ko,,ta:rikhə,m ate,,,,"ghatage-konkani1963[p. 127, col. 2, entry 30]",,,ghatage-konkani1963:p127:c2:e30,,,,dialect:Ko:ghatage-konkani1963:South%20Kanara%20Chitrapur%20Sarasvat%20Konkani ocr-review uncertain
Ko,,ta:ši,to scrape,,,,"ghatage-konkani1963[p. 127, col. 2, entry 31]",,,ghatage-konkani1963:p127:c2:e31,,,,dialect:Ko:ghatage-konkani1963:South%20Kanara%20Chitrapur%20Sarasvat%20Konkani ocr-review uncertain
Ko,,tsi,hour,,,,"ghatage-konkani1963[p. 127, col. 2, entry 32]",,,ghatage-konkani1963:p127:c2:e32,,,,dialect:Ko:ghatage-konkani1963:South%20Kanara%20Chitrapur%20Sarasvat%20Konkani ocr-review uncertain
Ko,,ti,she,,,,"ghatage-konkani1963[p. 127, col. 2, entry 34]",,,ghatage-konkani1963:p127:c2:e34,,,,dialect:Ko:ghatage-konkani1963:South%20Kanara%20Chitrapur%20Sarasvat%20Konkani ocr-review uncertain
Ko,,tittə,iħat much,,,,"ghatage-konkani1963[p. 127, col. 2, entry 35]",,,ghatage-konkani1963:p127:c2:e35,,,,dialect:Ko:ghatage-konkani1963:South%20Kanara%20Chitrapur%20Sarasvat%20Konkani ocr-review uncertain
Ko,,timbəyi,to soak,,,,"ghatage-konkani1963[p. 127, col. 2, entry 36]",,,ghatage-konkani1963:p127:c2:e36,,,,dialect:Ko:ghatage-konkani1963:South%20Kanara%20Chitrapur%20Sarasvat%20Konkani ocr-review uncertain
Ko,,timbils,drenched,,,,"ghatage-konkani1963[p. 127, col. 2, entry 37]",,,ghatage-konkani1963:p127:c2:e37,,,,dialect:Ko:ghatage-konkani1963:South%20Kanara%20Chitrapur%20Sarasvat%20Konkani ocr-review uncertain
Ko,,tilel telə,sesamum oil j,,,,"ghatage-konkani1963[p. 128, col. 1, entry 1]",,,ghatage-konkani1963:p128:c1:e1,,,,dialect:Ko:ghatage-konkani1963:South%20Kanara%20Chitrapur%20Sarasvat%20Konkani ocr-review uncertain
Ko,,tisrə,third,,,,"ghatage-konkani1963[p. 128, col. 1, entry 2]",,,ghatage-konkani1963:p128:c1:e2,,,,dialect:Ko:ghatage-konkani1963:South%20Kanara%20Chitrapur%20Sarasvat%20Konkani ocr-review uncertain
Ko,,ti:kə,hot (taste),,,,"ghatage-konkani1963[p. 128, col. 1, entry 3]",,,ghatage-konkani1963:p128:c1:e3,,,,dialect:Ko:ghatage-konkani1963:South%20Kanara%20Chitrapur%20Sarasvat%20Konkani
Ko,,ti:ni,three,,,,"ghatage-konkani1963[p. 128, col. 1, entry 4]",,,ghatage-konkani1963:p128:c1:e4,,,,dialect:Ko:ghatage-konkani1963:South%20Kanara%20Chitrapur%20Sarasvat%20Konkani ocr-review uncertain
Ko,,ti:ru,shore,,,,"ghatage-konkani1963[p. 128, col. 1, entry 5]",,,ghatage-konkani1963:p128:c1:e5,,,,dialect:Ko:ghatage-konkani1963:South%20Kanara%20Chitrapur%20Sarasvat%20Konkani ocr-review uncertain
Ko,,ti:ļu,sesame,,,,"ghatage-konkani1963[p. 128, col. 1, entry 6]",,,ghatage-konkani1963:p128:c1:e6,,,,dialect:Ko:ghatage-konkani1963:South%20Kanara%20Chitrapur%20Sarasvat%20Konkani ocr-review uncertain
Ko,,ti:sə,thirty,,,,"ghatage-konkani1963[p. 128, col. 1, entry 7]",,,ghatage-konkani1963:p128:c1:e7,,,,dialect:Ko:ghatage-konkani1963:South%20Kanara%20Chitrapur%20Sarasvat%20Konkani ocr-review uncertain
Ko,,tummi,you,,,,"ghatage-konkani1963[p. 128, col. 1, entry 8]",,,ghatage-konkani1963:p128:c1:e8,,,,dialect:Ko:ghatage-konkani1963:South%20Kanara%20Chitrapur%20Sarasvat%20Konkani pl ocr-review uncertain
Ko,,tulļəši,basil,,,,"ghatage-konkani1963[p. 128, col. 1, entry 9]",,,ghatage-konkani1963:p128:c1:e9,,,,dialect:Ko:ghatage-konkani1963:South%20Kanara%20Chitrapur%20Sarasvat%20Konkani ocr-review uncertain
Ko,,tū,you,,,,"ghatage-konkani1963[p. 128, col. 1, entry 10]",,,ghatage-konkani1963:p128:c1:e10,,,,dialect:Ko:ghatage-konkani1963:South%20Kanara%20Chitrapur%20Sarasvat%20Konkani sg ocr-review uncertain
Ko,,tu:pə,ghee,,,,"ghatage-konkani1963[p. 128, col. 1, entry 11]",,,ghatage-konkani1963:p128:c1:e11,,,,dialect:Ko:ghatage-konkani1963:South%20Kanara%20Chitrapur%20Sarasvat%20Konkani ocr-review uncertain
Ko,,tu:ri,point,,,,"ghatage-konkani1963[p. 128, col. 1, entry 12]",,,ghatage-konkani1963:p128:c1:e12,,,,dialect:Ko:ghatage-konkani1963:South%20Kanara%20Chitrapur%20Sarasvat%20Konkani ocr-review uncertain
Ko,,tē,it,,,,"ghatage-konkani1963[p. 128, col. 1, entry 13]",,,ghatage-konkani1963:p128:c1:e13,,,,dialect:Ko:ghatage-konkani1963:South%20Kanara%20Chitrapur%20Sarasvat%20Konkani ocr-review uncertain
Ko,,tera,thirteen,,,,"ghatage-konkani1963[p. 128, col. 1, entry 14]",,,ghatage-konkani1963:p128:c1:e14,,,,dialect:Ko:ghatage-konkani1963:South%20Kanara%20Chitrapur%20Sarasvat%20Konkani ocr-review uncertain
Ko,,telə,oil,,,,"ghatage-konkani1963[p. 128, col. 1, entry 15]",,,ghatage-konkani1963:p128:c1:e15,,,,dialect:Ko:ghatage-konkani1963:South%20Kanara%20Chitrapur%20Sarasvat%20Konkani ocr-review uncertain
Ko,,téllacəo,oilman,,,,"ghatage-konkani1963[p. 128, col. 1, entry 16]",,,ghatage-konkani1963:p128:c1:e16,,,,dialect:Ko:ghatage-konkani1963:South%20Kanara%20Chitrapur%20Sarasvat%20Konkani ocr-review uncertain
Ko,,tə,he,,,,"ghatage-konkani1963[p. 128, col. 1, entry 17]",,,ghatage-konkani1963:p128:c1:e17,,,,dialect:Ko:ghatage-konkani1963:South%20Kanara%20Chitrapur%20Sarasvat%20Konkani ocr-review uncertain
Ko,,tõdə,mouth,,,,"ghatage-konkani1963[p. 128, col. 1, entry 18]",,,ghatage-konkani1963:p128:c1:e18,,,,dialect:Ko:ghatage-konkani1963:South%20Kanara%20Chitrapur%20Sarasvat%20Konkani ocr-review uncertain
Ko,,tõdə,face,,,,"ghatage-konkani1963[p. 128, col. 1, entry 19]",,,ghatage-konkani1963:p128:c1:e19,,,,dialect:Ko:ghatage-konkani1963:South%20Kanara%20Chitrapur%20Sarasvat%20Konkani ocr-review uncertain
Ko,,to:ri,gram,,,,"ghatage-konkani1963[p. 128, col. 1, entry 20]",,,ghatage-konkani1963:p128:c1:e20,,,,dialect:Ko:ghatage-konkani1963:South%20Kanara%20Chitrapur%20Sarasvat%20Konkani ocr-review uncertain
Ko,,to:fə,cannon,,,,"ghatage-konkani1963[p. 128, col. 1, entry 21]",,,ghatage-konkani1963:p128:c1:e21,,,,dialect:Ko:ghatage-konkani1963:South%20Kanara%20Chitrapur%20Sarasvat%20Konkani ocr-review uncertain
Ko,,thəņdi,cold,,,,"ghatage-konkani1963[p. 128, col. 1, entry 22]",,,ghatage-konkani1963:p128:c1:e22,,,,dialect:Ko:ghatage-konkani1963:South%20Kanara%20Chitrapur%20Sarasvat%20Konkani ocr-review uncertain
Ko,,thə:yi,there,,,,"ghatage-konkani1963[p. 128, col. 1, entry 23]",,,ghatage-konkani1963:p128:c1:e23,,,,dialect:Ko:ghatage-konkani1963:South%20Kanara%20Chitrapur%20Sarasvat%20Konkani ocr-review uncertain
Ko,,thaynu,from,,,,"ghatage-konkani1963[p. 128, col. 1, entry 24]",,,ghatage-konkani1963:p128:c1:e24,,,,dialect:Ko:ghatage-konkani1963:South%20Kanara%20Chitrapur%20Sarasvat%20Konkani ocr-review uncertain
Ko,,thuņtəyi,to pluck,,,,"ghatage-konkani1963[p. 128, col. 1, entry 25]",,,ghatage-konkani1963:p128:c1:e25,,,,dialect:Ko:ghatage-konkani1963:South%20Kanara%20Chitrapur%20Sarasvat%20Konkani ocr-review uncertain
Ko,,thuņțtəyi,to break,,,,"ghatage-konkani1963[p. 128, col. 1, entry 26]",,,ghatage-konkani1963:p128:c1:e26,,,,dialect:Ko:ghatage-konkani1963:South%20Kanara%20Chitrapur%20Sarasvat%20Konkani ocr-review uncertain
Ko,,thu:kəri,to spit,,,,"ghatage-konkani1963[p. 128, col. 1, entry 27]",,,ghatage-konkani1963:p128:c1:e27,,,,dialect:Ko:ghatage-konkani1963:South%20Kanara%20Chitrapur%20Sarasvat%20Konkani ocr-review uncertain
Ko,,thəqdē,little,,,,"ghatage-konkani1963[p. 128, col. 1, entry 28]",,,ghatage-konkani1963:p128:c1:e28,,,,dialect:Ko:ghatage-konkani1963:South%20Kanara%20Chitrapur%20Sarasvat%20Konkani ocr-review uncertain
Ko,,tho:ru,fat,,,,"ghatage-konkani1963[p. 128, col. 1, entry 29]",,,ghatage-konkani1963:p128:c1:e29,,,,dialect:Ko:ghatage-konkani1963:South%20Kanara%20Chitrapur%20Sarasvat%20Konkani ocr-review uncertain
Ko,,dəkšiņə,south,,,,"ghatage-konkani1963[p. 128, col. 1, entry 30]",,,ghatage-konkani1963:p128:c1:e30,,,,dialect:Ko:ghatage-konkani1963:South%20Kanara%20Chitrapur%20Sarasvat%20Konkani ocr-review uncertain
Ko,,dəņu:lilə,tired,,,,"ghatage-konkani1963[p. 128, col. 1, entry 31]",,,ghatage-konkani1963:p128:c1:e31,,,,dialect:Ko:ghatage-konkani1963:South%20Kanara%20Chitrapur%20Sarasvat%20Konkani ocr-review uncertain
Ko,,dəņdə,fine,,,,"ghatage-konkani1963[p. 128, col. 1, entry 33]",,,ghatage-konkani1963:p128:c1:e33,,,,dialect:Ko:ghatage-konkani1963:South%20Kanara%20Chitrapur%20Sarasvat%20Konkani ocr-review uncertain
Ko,,dəmmə,asthma,,,,"ghatage-konkani1963[p. 128, col. 1, entry 34]",,,ghatage-konkani1963:p128:c1:e34,,,,dialect:Ko:ghatage-konkani1963:South%20Kanara%20Chitrapur%20Sarasvat%20Konkani ocr-review uncertain
Ko,,dəya:ļu,kind,,,,"ghatage-konkani1963[p. 128, col. 1, entry 35]",,,ghatage-konkani1963:p128:c1:e35,,,,dialect:Ko:ghatage-konkani1963:South%20Kanara%20Chitrapur%20Sarasvat%20Konkani ocr-review uncertain
Ko,,dəldələ,marsh,,,,"ghatage-konkani1963[p. 128, col. 1, entry 36]",,,ghatage-konkani1963:p128:c1:e36,,,,dialect:Ko:ghatage-konkani1963:South%20Kanara%20Chitrapur%20Sarasvat%20Konkani ocr-review uncertain
Ko,,dəvlə,ladle,,,,"ghatage-konkani1963[p. 128, col. 1, entry 37]",,,ghatage-konkani1963:p128:c1:e37,,,,dialect:Ko:ghatage-konkani1963:South%20Kanara%20Chitrapur%20Sarasvat%20Konkani ocr-review uncertain
Ko,,dəvvəri,to place,,,,"ghatage-konkani1963[p. 128, col. 1, entry 38]",,,ghatage-konkani1963:p128:c1:e38,,,,dialect:Ko:ghatage-konkani1963:South%20Kanara%20Chitrapur%20Sarasvat%20Konkani ocr-review uncertain
Ko,,də:ri,valley,,,,"ghatage-konkani1963[p. 128, col. 2, entry 1]",,,ghatage-konkani1963:p128:c2:e1,,,,dialect:Ko:ghatage-konkani1963:South%20Kanara%20Chitrapur%20Sarasvat%20Konkani ocr-review uncertain
Ko,,də:li,to grind,,,,"ghatage-konkani1963[p. 128, col. 2, entry 2]",,,ghatage-konkani1963:p128:c2:e2,,,,dialect:Ko:ghatage-konkani1963:South%20Kanara%20Chitrapur%20Sarasvat%20Konkani ocr-review uncertain
Ko,,dakkəyi,to show,,,,"ghatage-konkani1963[p. 128, col. 2, entry 4]",,,ghatage-konkani1963:p128:c2:e4,,,,dialect:Ko:ghatage-konkani1963:South%20Kanara%20Chitrapur%20Sarasvat%20Konkani ocr-review uncertain
Ko,,dantë,grinding stone,,,,"ghatage-konkani1963[p. 128, col. 2, entry 5]",,,ghatage-konkani1963:p128:c2:e5,,,,dialect:Ko:ghatage-konkani1963:South%20Kanara%20Chitrapur%20Sarasvat%20Konkani ocr-review uncertain
Ko,,dəntu,worm,,,,"ghatage-konkani1963[p. 128, col. 2, entry 6]",,,ghatage-konkani1963:p128:c2:e6,,,,dialect:Ko:ghatage-konkani1963:South%20Kanara%20Chitrapur%20Sarasvat%20Konkani ocr-review uncertain
Ko,,dantu:ņi,comb,,,,"ghatage-konkani1963[p. 128, col. 2, entry 7]",,,ghatage-konkani1963:p128:c2:e7,,,,dialect:Ko:ghatage-konkani1963:South%20Kanara%20Chitrapur%20Sarasvat%20Konkani ocr-review uncertain
Ko,,darlə,man,,,,"ghatage-konkani1963[p. 128, col. 2, entry 8]",,,ghatage-konkani1963:p128:c2:e8,,,,dialect:Ko:ghatage-konkani1963:South%20Kanara%20Chitrapur%20Sarasvat%20Konkani ocr-review uncertain
Ko,,darlo,male,,,,"ghatage-konkani1963[p. 128, col. 2, entry 9]",,,ghatage-konkani1963:p128:c2:e9,,,,dialect:Ko:ghatage-konkani1963:South%20Kanara%20Chitrapur%20Sarasvat%20Konkani ocr-review uncertain
Ko,,da:ți,to press,,,,"ghatage-konkani1963[p. 128, col. 2, entry 10]",,,ghatage-konkani1963:p128:c2:e10,,,,dialect:Ko:ghatage-konkani1963:South%20Kanara%20Chitrapur%20Sarasvat%20Konkani ocr-review uncertain
Ko,,da:tə,thick,,,,"ghatage-konkani1963[p. 128, col. 2, entry 11]",,,ghatage-konkani1963:p128:c2:e11,,,,dialect:Ko:ghatage-konkani1963:South%20Kanara%20Chitrapur%20Sarasvat%20Konkani ocr-review uncertain
Ko,,da:qi,molar tooth,,,,"ghatage-konkani1963[p. 128, col. 2, entry 12]",,,ghatage-konkani1963:p128:c2:e12,,,,dialect:Ko:ghatage-konkani1963:South%20Kanara%20Chitrapur%20Sarasvat%20Konkani ocr-review uncertain
Ko,,da:ru,liquor,,,,"ghatage-konkani1963[p. 128, col. 2, entry 13]",,,ghatage-konkani1963:p128:c2:e13,,,,dialect:Ko:ghatage-konkani1963:South%20Kanara%20Chitrapur%20Sarasvat%20Konkani ocr-review uncertain
Ko,,da:ru,wine,,,,"ghatage-konkani1963[p. 128, col. 2, entry 14]",,,ghatage-konkani1963:p128:c2:e14,,,,dialect:Ko:ghatage-konkani1963:South%20Kanara%20Chitrapur%20Sarasvat%20Konkani ocr-review uncertain
Ko,,da:lčini,cinnamon,,,,"ghatage-konkani1963[p. 128, col. 2, entry 15]",,,ghatage-konkani1963:p128:c2:e15,,,,dialect:Ko:ghatage-konkani1963:South%20Kanara%20Chitrapur%20Sarasvat%20Konkani ocr-review uncertain
Ko,,dã:tu,tooth,,,,"ghatage-konkani1963[p. 128, col. 2, entry 16]",,,ghatage-konkani1963:p128:c2:e16,,,,dialect:Ko:ghatage-konkani1963:South%20Kanara%20Chitrapur%20Sarasvat%20Konkani ocr-review uncertain
Ko,,di,to give,,,,"ghatage-konkani1963[p. 128, col. 2, entry 17]",,,ghatage-konkani1963:p128:c2:e17,,,,dialect:Ko:ghatage-konkani1963:South%20Kanara%20Chitrapur%20Sarasvat%20Konkani ocr-review uncertain
Ko,,dimbi,knee,,,,"ghatage-konkani1963[p. 128, col. 2, entry 18]",,,ghatage-konkani1963:p128:c2:e18,,,,dialect:Ko:ghatage-konkani1963:South%20Kanara%20Chitrapur%20Sarasvat%20Konkani ocr-review uncertain
Ko,,divəsu,day,,,,"ghatage-konkani1963[p. 128, col. 2, entry 19]",,,ghatage-konkani1963:p128:c2:e19,,,,dialect:Ko:ghatage-konkani1963:South%20Kanara%20Chitrapur%20Sarasvat%20Konkani ocr-review uncertain
Ko,,divli,oil lamp,,,,"ghatage-konkani1963[p. 128, col. 2, entry 20]",,,ghatage-konkani1963:p128:c2:e20,,,,dialect:Ko:ghatage-konkani1963:South%20Kanara%20Chitrapur%20Sarasvat%20Konkani ocr-review uncertain
Ko,,dīvčč,to lend,,,,"ghatage-konkani1963[p. 128, col. 2, entry 21]",,,ghatage-konkani1963:p128:c2:e21,,,,dialect:Ko:ghatage-konkani1963:South%20Kanara%20Chitrapur%20Sarasvat%20Konkani ocr-review uncertain
Ko,,dis,to appear,,,,"ghatage-konkani1963[p. 128, col. 2, entry 22]",,,ghatage-konkani1963:p128:c2:e22,,,,dialect:Ko:ghatage-konkani1963:South%20Kanara%20Chitrapur%20Sarasvat%20Konkani ocr-review uncertain
Ko,,di:gə,long,,,,"ghatage-konkani1963[p. 128, col. 2, entry 23]",,,ghatage-konkani1963:p128:c2:e23,,,,dialect:Ko:ghatage-konkani1963:South%20Kanara%20Chitrapur%20Sarasvat%20Konkani ocr-review uncertain
Ko,,di:və,lamp,,,,"ghatage-konkani1963[p. 128, col. 2, entry 24]",,,ghatage-konkani1963:p128:c2:e24,,,,dialect:Ko:ghatage-konkani1963:South%20Kanara%20Chitrapur%20Sarasvat%20Konkani ocr-review uncertain
Ko,,di:su,day,,,,"ghatage-konkani1963[p. 128, col. 2, entry 25]",,,ghatage-konkani1963:p128:c2:e25,,,,dialect:Ko:ghatage-konkani1963:South%20Kanara%20Chitrapur%20Sarasvat%20Konkani ocr-review uncertain
Ko,,dukandaru,shopkeeper,,,,"ghatage-konkani1963[p. 128, col. 2, entry 26]",,,ghatage-konkani1963:p128:c2:e26,,,,dialect:Ko:ghatage-konkani1963:South%20Kanara%20Chitrapur%20Sarasvat%20Konkani ocr-review uncertain
Ko,,dukkə,pain,,,,"ghatage-konkani1963[p. 128, col. 2, entry 27]",,,ghatage-konkani1963:p128:c2:e27,,,,dialect:Ko:ghatage-konkani1963:South%20Kanara%20Chitrapur%20Sarasvat%20Konkani ocr-review uncertain
Ko,,dukkhə,sorrow,,,,"ghatage-konkani1963[p. 128, col. 2, entry 28]",,,ghatage-konkani1963:p128:c2:e28,,,,dialect:Ko:ghatage-konkani1963:South%20Kanara%20Chitrapur%20Sarasvat%20Konkani ocr-review uncertain
Ko,,duqdqdə,money,,,,"ghatage-konkani1963[p. 128, col. 2, entry 29]",,,ghatage-konkani1963:p128:c2:e29,,,,dialect:Ko:ghatage-konkani1963:South%20Kanara%20Chitrapur%20Sarasvat%20Konkani ocr-review uncertain
Ko,,dudqdu,wealth l,,,,"ghatage-konkani1963[p. 128, col. 2, entry 30]",,,ghatage-konkani1963:p128:c2:e30,,,,dialect:Ko:ghatage-konkani1963:South%20Kanara%20Chitrapur%20Sarasvat%20Konkani ocr-review uncertain
Ko,,dudvalə,milkman l,,,,"ghatage-konkani1963[p. 128, col. 2, entry 31]",,,ghatage-konkani1963:p128:c2:e31,,,,dialect:Ko:ghatage-konkani1963:South%20Kanara%20Chitrapur%20Sarasvat%20Konkani ocr-review uncertain
Ko,,durbə:lə,poor l,,,,"ghatage-konkani1963[p. 128, col. 2, entry 32]",,,ghatage-konkani1963:p128:c2:e32,,,,dialect:Ko:ghatage-konkani1963:South%20Kanara%20Chitrapur%20Sarasvat%20Konkani ocr-review uncertain
Ko,,dusro,second,,,,"ghatage-konkani1963[p. 128, col. 2, entry 33]",,,ghatage-konkani1963:p128:c2:e33,,,,dialect:Ko:ghatage-konkani1963:South%20Kanara%20Chitrapur%20Sarasvat%20Konkani ocr-review uncertain
Ko,,du:ki,pain,,,,"ghatage-konkani1963[p. 128, col. 2, entry 34]",,,ghatage-konkani1963:p128:c2:e34,,,,dialect:Ko:ghatage-konkani1963:South%20Kanara%20Chitrapur%20Sarasvat%20Konkani ocr-review uncertain
Ko,,du:də,milk 3,,,,"ghatage-konkani1963[p. 128, col. 2, entry 35]",,,ghatage-konkani1963:p128:c2:e35,,,,dialect:Ko:ghatage-konkani1963:South%20Kanara%20Chitrapur%20Sarasvat%20Konkani ocr-review uncertain
Ko,,de:du,one and a l half,,,,"ghatage-konkani1963[p. 128, col. 2, entry 36]",,,ghatage-konkani1963:p128:c2:e36,,,,dialect:Ko:ghatage-konkani1963:South%20Kanara%20Chitrapur%20Sarasvat%20Konkani ocr-review uncertain
Ko,,de:vi,small-pox,,,,"ghatage-konkani1963[p. 129, col. 1, entry 1]",,,ghatage-konkani1963:p129:c1:e1,,,,dialect:Ko:ghatage-konkani1963:South%20Kanara%20Chitrapur%20Sarasvat%20Konkani ocr-review uncertain
Ko,,de:vu,god,,,,"ghatage-konkani1963[p. 129, col. 1, entry 2]",,,ghatage-konkani1963:p129:c1:e2,,,,dialect:Ko:ghatage-konkani1963:South%20Kanara%20Chitrapur%20Sarasvat%20Konkani ocr-review uncertain
Ko,,de:ru,husband’s brother (younger),,,,"ghatage-konkani1963[p. 129, col. 1, entry 3]",,,ghatage-konkani1963:p129:c1:e3,,,,dialect:Ko:ghatage-konkani1963:South%20Kanara%20Chitrapur%20Sarasvat%20Konkani ocr-review uncertain
Ko,,devəlļə,temple,,,,"ghatage-konkani1963[p. 129, col. 1, entry 4]",,,ghatage-konkani1963:p129:c1:e4,,,,dialect:Ko:ghatage-konkani1963:South%20Kanara%20Chitrapur%20Sarasvat%20Konkani ocr-review uncertain
Ko,,de:vdutu,angel,,,,"ghatage-konkani1963[p. 129, col. 1, entry 5]",,,ghatage-konkani1963:p129:c1:e5,,,,dialect:Ko:ghatage-konkani1963:South%20Kanara%20Chitrapur%20Sarasvat%20Konkani ocr-review uncertain
Ko,,dēvə,to climb down,,,,"ghatage-konkani1963[p. 129, col. 1, entry 6]",,,ghatage-konkani1963:p129:c1:e6,,,,dialect:Ko:ghatage-konkani1963:South%20Kanara%20Chitrapur%20Sarasvat%20Konkani ocr-review uncertain
Ko,,doggə,both,,,,"ghatage-konkani1963[p. 129, col. 1, entry 7]",,,ghatage-konkani1963:p129:c1:e7,,,,dialect:Ko:ghatage-konkani1963:South%20Kanara%20Chitrapur%20Sarasvat%20Konkani ocr-review uncertain
Ko,,do:nņi,boat,,,,"ghatage-konkani1963[p. 129, col. 1, entry 8]",,,ghatage-konkani1963:p129:c1:e8,,,,dialect:Ko:ghatage-konkani1963:South%20Kanara%20Chitrapur%20Sarasvat%20Konkani ocr-review uncertain
Ko,,do:ni,two,,,,"ghatage-konkani1963[p. 129, col. 1, entry 9]",,,ghatage-konkani1963:p129:c1:e9,,,,dialect:Ko:ghatage-konkani1963:South%20Kanara%20Chitrapur%20Sarasvat%20Konkani ocr-review uncertain
Ko,,do:ri,string,,,,"ghatage-konkani1963[p. 129, col. 1, entry 10]",,,ghatage-konkani1963:p129:c1:e10,,,,dialect:Ko:ghatage-konkani1963:South%20Kanara%20Chitrapur%20Sarasvat%20Konkani ocr-review uncertain
Ko,,dələ,eye,,,,"ghatage-konkani1963[p. 129, col. 1, entry 11]",,,ghatage-konkani1963:p129:c1:e11,,,,dialect:Ko:ghatage-konkani1963:South%20Kanara%20Chitrapur%20Sarasvat%20Konkani ocr-review uncertain
Ko,,dra:kšu,grape,,,,"ghatage-konkani1963[p. 129, col. 1, entry 12]",,,ghatage-konkani1963:p129:c1:e12,,,,dialect:Ko:ghatage-konkani1963:South%20Kanara%20Chitrapur%20Sarasvat%20Konkani ocr-review uncertain
Ko,,dhə:dpədə,movement,,,,"ghatage-konkani1963[p. 129, col. 1, entry 13]",,,ghatage-konkani1963:p129:c1:e13,,,,dialect:Ko:ghatage-konkani1963:South%20Kanara%20Chitrapur%20Sarasvat%20Konkani ocr-review uncertain
Ko,,dhədavčē,to hammer f,,,,"ghatage-konkani1963[p. 129, col. 1, entry 14]",,,ghatage-konkani1963:p129:c1:e14,,,,dialect:Ko:ghatage-konkani1963:South%20Kanara%20Chitrapur%20Sarasvat%20Konkani ocr-review uncertain
Ko,,dhənušša,bow,,,,"ghatage-konkani1963[p. 129, col. 1, entry 15]",,,ghatage-konkani1963:p129:c1:e15,,,,dialect:Ko:ghatage-konkani1963:South%20Kanara%20Chitrapur%20Sarasvat%20Konkani ocr-review uncertain
Ko,,dhəbdhəbə,waterfall,,,,"ghatage-konkani1963[p. 129, col. 1, entry 16]",,,ghatage-konkani1963:p129:c1:e16,,,,dialect:Ko:ghatage-konkani1963:South%20Kanara%20Chitrapur%20Sarasvat%20Konkani ocr-review uncertain
Ko,,dhə:yi,curds,,,,"ghatage-konkani1963[p. 129, col. 1, entry 17]",,,ghatage-konkani1963:p129:c1:e17,,,,dialect:Ko:ghatage-konkani1963:South%20Kanara%20Chitrapur%20Sarasvat%20Konkani ocr-review uncertain
Ko,,dhə:ri,to hold,,,,"ghatage-konkani1963[p. 129, col. 1, entry 18]",,,ghatage-konkani1963:p129:c1:e18,,,,dialect:Ko:ghatage-konkani1963:South%20Kanara%20Chitrapur%20Sarasvat%20Konkani ocr-review uncertain
Ko,,dhə:ri,to catch,,,,"ghatage-konkani1963[p. 129, col. 1, entry 19]",,,ghatage-konkani1963:p129:c1:e19,,,,dialect:Ko:ghatage-konkani1963:South%20Kanara%20Chitrapur%20Sarasvat%20Konkani ocr-review uncertain
Ko,,dhə:və,white,,,,"ghatage-konkani1963[p. 129, col. 1, entry 20]",,,ghatage-konkani1963:p129:c1:e20,,,,dialect:Ko:ghatage-konkani1963:South%20Kanara%20Chitrapur%20Sarasvat%20Konkani ocr-review uncertain
Ko,,dha,ten,,,,"ghatage-konkani1963[p. 129, col. 1, entry 21]",,,ghatage-konkani1963:p129:c1:e21,,,,dialect:Ko:ghatage-konkani1963:South%20Kanara%20Chitrapur%20Sarasvat%20Konkani ocr-review uncertain
Ko,,dhaktți,co-wife (younger),,,,"ghatage-konkani1963[p. 129, col. 1, entry 22]",,,ghatage-konkani1963:p129:c1:e22,,,,dialect:Ko:ghatage-konkani1963:South%20Kanara%20Chitrapur%20Sarasvat%20Konkani ocr-review uncertain
Ko,,dha:țu,hot smell,,,,"ghatage-konkani1963[p. 129, col. 1, entry 23]",,,ghatage-konkani1963:p129:c1:e23,,,,dialect:Ko:ghatage-konkani1963:South%20Kanara%20Chitrapur%20Sarasvat%20Konkani ocr-review uncertain
Ko,,dhã:kņn,lid,,,,"ghatage-konkani1963[p. 129, col. 1, entry 24]",,,ghatage-konkani1963:p129:c1:e24,,,,dialect:Ko:ghatage-konkani1963:South%20Kanara%20Chitrapur%20Sarasvat%20Konkani ocr-review uncertain
Ko,,dhã:pī,to cover,,,,"ghatage-konkani1963[p. 129, col. 1, entry 25]",,,ghatage-konkani1963:p129:c1:e25,,,,dialect:Ko:ghatage-konkani1963:South%20Kanara%20Chitrapur%20Sarasvat%20Konkani ocr-review uncertain
Ko,,dhã:və,to run,,,,"ghatage-konkani1963[p. 129, col. 1, entry 26]",,,ghatage-konkani1963:p129:c1:e26,,,,dialect:Ko:ghatage-konkani1963:South%20Kanara%20Chitrapur%20Sarasvat%20Konkani ocr-review uncertain
Ko,,dhiņndo,naughty (child),,,,"ghatage-konkani1963[p. 129, col. 1, entry 27]",,,ghatage-konkani1963:p129:c1:e27,,,,dialect:Ko:ghatage-konkani1963:South%20Kanara%20Chitrapur%20Sarasvat%20Konkani ocr-review uncertain
Ko,,dhu:kē,mist,,,,"ghatage-konkani1963[p. 129, col. 1, entry 28]",,,ghatage-konkani1963:p129:c1:e28,,,,dialect:Ko:ghatage-konkani1963:South%20Kanara%20Chitrapur%20Sarasvat%20Konkani ocr-review uncertain
Ko,,dhu:di,man’s brothers daughter,,,,"ghatage-konkani1963[p. 129, col. 1, entry 29]",,,ghatage-konkani1963:p129:c1:e29,,,,dialect:Ko:ghatage-konkani1963:South%20Kanara%20Chitrapur%20Sarasvat%20Konkani ocr-review uncertain
Ko,,dhu:pə,incense,,,,"ghatage-konkani1963[p. 129, col. 1, entry 30]",,,ghatage-konkani1963:p129:c1:e30,,,,dialect:Ko:ghatage-konkani1963:South%20Kanara%20Chitrapur%20Sarasvat%20Konkani ocr-review uncertain
Ko,,dhu:yi,to wash,,,,"ghatage-konkani1963[p. 129, col. 1, entry 31]",,,ghatage-konkani1963:p129:c1:e31,,,,dialect:Ko:ghatage-konkani1963:South%20Kanara%20Chitrapur%20Sarasvat%20Konkani ocr-review uncertain
Ko,,dhu:rə,far away,,,,"ghatage-konkani1963[p. 129, col. 1, entry 32]",,,ghatage-konkani1963:p129:c1:e32,,,,dialect:Ko:ghatage-konkani1963:South%20Kanara%20Chitrapur%20Sarasvat%20Konkani ocr-review uncertain
Ko,,dhu:vəru,smoke,,,,"ghatage-konkani1963[p. 129, col. 2, entry 1]",,,ghatage-konkani1963:p129:c2:e1,,,,dialect:Ko:ghatage-konkani1963:South%20Kanara%20Chitrapur%20Sarasvat%20Konkani ocr-review uncertain
Ko,,dho:tərə,dhoti,,,,"ghatage-konkani1963[p. 129, col. 2, entry 2]",,,ghatage-konkani1963:p129:c2:e2,,,,dialect:Ko:ghatage-konkani1963:South%20Kanara%20Chitrapur%20Sarasvat%20Konkani ocr-review uncertain
Ko,,dho:bi,washerman,,,,"ghatage-konkani1963[p. 129, col. 2, entry 3]",,,ghatage-konkani1963:p129:c2:e3,,,,dialect:Ko:ghatage-konkani1963:South%20Kanara%20Chitrapur%20Sarasvat%20Konkani ocr-review uncertain
Ko,,dho:rnu,"onward, from",,,,"ghatage-konkani1963[p. 129, col. 2, entry 4]",,,ghatage-konkani1963:p129:c2:e4,,,,dialect:Ko:ghatage-konkani1963:South%20Kanara%20Chitrapur%20Sarasvat%20Konkani ocr-review uncertain
Ko,,dhənpa:rə,noon,,,,"ghatage-konkani1963[p. 129, col. 2, entry 5]",,,ghatage-konkani1963:p129:c2:e5,,,,dialect:Ko:ghatage-konkani1963:South%20Kanara%20Chitrapur%20Sarasvat%20Konkani
Ko,,nəkšətrə,star,,,,"ghatage-konkani1963[p. 129, col. 2, entry 6]",,,ghatage-konkani1963:p129:c2:e6,,,,dialect:Ko:ghatage-konkani1963:South%20Kanara%20Chitrapur%20Sarasvat%20Konkani ocr-review uncertain
Ko,,nəņədə,husband’s sister,,,,"ghatage-konkani1963[p. 129, col. 2, entry 7]",,,ghatage-konkani1963:p129:c2:e7,,,,dialect:Ko:ghatage-konkani1963:South%20Kanara%20Chitrapur%20Sarasvat%20Konkani ocr-review uncertain
Ko,,nəttu,nose ornament,,,,"ghatage-konkani1963[p. 129, col. 2, entry 8]",,,ghatage-konkani1963:p129:c2:e8,,,,dialect:Ko:ghatage-konkani1963:South%20Kanara%20Chitrapur%20Sarasvat%20Konkani ocr-review uncertain
Ko,,nəntə,besides,,,,"ghatage-konkani1963[p. 129, col. 2, entry 9]",,,ghatage-konkani1963:p129:c2:e9,,,,dialect:Ko:ghatage-konkani1963:South%20Kanara%20Chitrapur%20Sarasvat%20Konkani ocr-review uncertain
Ko,,nəntərə,after,,,,"ghatage-konkani1963[p. 129, col. 2, entry 10]",,,ghatage-konkani1963:p129:c2:e10,,,,dialect:Ko:ghatage-konkani1963:South%20Kanara%20Chitrapur%20Sarasvat%20Konkani ocr-review uncertain
Ko,,nərəkə,hell,,,,"ghatage-konkani1963[p. 129, col. 2, entry 11]",,,ghatage-konkani1963:p129:c2:e11,,,,dialect:Ko:ghatage-konkani1963:South%20Kanara%20Chitrapur%20Sarasvat%20Konkani ocr-review uncertain
Ko,,nəlya:ri,otherwise,,,,"ghatage-konkani1963[p. 129, col. 2, entry 12]",,,ghatage-konkani1963:p129:c2:e12,,,,dialect:Ko:ghatage-konkani1963:South%20Kanara%20Chitrapur%20Sarasvat%20Konkani ocr-review uncertain
Ko,,nəvvé,nine,,,,"ghatage-konkani1963[p. 129, col. 2, entry 13]",,,ghatage-konkani1963:p129:c2:e13,,,,dialect:Ko:ghatage-konkani1963:South%20Kanara%20Chitrapur%20Sarasvat%20Konkani ocr-review uncertain
Ko,,nəvvədə,ninety,,,,"ghatage-konkani1963[p. 129, col. 2, entry 14]",,,ghatage-konkani1963:p129:c2:e14,,,,dialect:Ko:ghatage-konkani1963:South%20Kanara%20Chitrapur%20Sarasvat%20Konkani ocr-review uncertain
Ko,,nə:yə,smooth,,,,"ghatage-konkani1963[p. 129, col. 2, entry 15]",,,ghatage-konkani1963:p129:c2:e15,,,,dialect:Ko:ghatage-konkani1963:South%20Kanara%20Chitrapur%20Sarasvat%20Konkani ocr-review uncertain
Ko,,nə:Ji,rolling pin,,,,"ghatage-konkani1963[p. 129, col. 2, entry 16]",,,ghatage-konkani1963:p129:c2:e16,,,,dialect:Ko:ghatage-konkani1963:South%20Kanara%20Chitrapur%20Sarasvat%20Konkani ocr-review uncertain
Ko,,nə:lə,tile,,,,"ghatage-konkani1963[p. 129, col. 2, entry 17]",,,ghatage-konkani1963:p129:c2:e17,,,,dialect:Ko:ghatage-konkani1963:South%20Kanara%20Chitrapur%20Sarasvat%20Konkani ocr-review uncertain
Ko,,nə:ļu,tap,,,,"ghatage-konkani1963[p. 129, col. 2, entry 18]",,,ghatage-konkani1963:p129:c2:e18,,,,dialect:Ko:ghatage-konkani1963:South%20Kanara%20Chitrapur%20Sarasvat%20Konkani ocr-review uncertain
Ko,,nə:vinə,new,,,,"ghatage-konkani1963[p. 129, col. 2, entry 19]",,,ghatage-konkani1963:p129:c2:e19,,,,dialect:Ko:ghatage-konkani1963:South%20Kanara%20Chitrapur%20Sarasvat%20Konkani ocr-review uncertain
Ko,,nə:v,new,,,,"ghatage-konkani1963[p. 129, col. 2, entry 20]",,,ghatage-konkani1963:p129:c2:e20,,,,dialect:Ko:ghatage-konkani1963:South%20Kanara%20Chitrapur%20Sarasvat%20Konkani ocr-review uncertain
Ko,,nagdə,naked,,,,"ghatage-konkani1963[p. 129, col. 2, entry 21]",,,ghatage-konkani1963:p129:c2:e21,,,,dialect:Ko:ghatage-konkani1963:South%20Kanara%20Chitrapur%20Sarasvat%20Konkani ocr-review uncertain
Ko,,naykuțə,nail,,,,"ghatage-konkani1963[p. 129, col. 2, entry 22]",,,ghatage-konkani1963:p129:c2:e22,,,,dialect:Ko:ghatage-konkani1963:South%20Kanara%20Chitrapur%20Sarasvat%20Konkani ocr-review uncertain
Ko,,naŋgəri,to plough,,,,"ghatage-konkani1963[p. 129, col. 2, entry 23]",,,ghatage-konkani1963:p129:c2:e23,,,,dialect:Ko:ghatage-konkani1963:South%20Kanara%20Chitrapur%20Sarasvat%20Konkani
Ko,,naygəru,plough,,,,"ghatage-konkani1963[p. 129, col. 2, entry 24]",,,ghatage-konkani1963:p129:c2:e24,,,,dialect:Ko:ghatage-konkani1963:South%20Kanara%20Chitrapur%20Sarasvat%20Konkani ocr-review uncertain
Ko,,nattu,grandson,,,,"ghatage-konkani1963[p. 129, col. 2, entry 25]",,,ghatage-konkani1963:p129:c2:e25,,,,dialect:Ko:ghatage-konkani1963:South%20Kanara%20Chitrapur%20Sarasvat%20Konkani ocr-review uncertain
Ko,,nariygə,orange,,,,"ghatage-konkani1963[p. 129, col. 2, entry 26]",,,ghatage-konkani1963:p129:c2:e26,,,,dialect:Ko:ghatage-konkani1963:South%20Kanara%20Chitrapur%20Sarasvat%20Konkani ocr-review uncertain
Ko,,narlel tēlə,coconut oil,,,,"ghatage-konkani1963[p. 129, col. 2, entry 27]",,,ghatage-konkani1963:p129:c2:e27,,,,dialect:Ko:ghatage-konkani1963:South%20Kanara%20Chitrapur%20Sarasvat%20Konkani ocr-review uncertain
Ko,,na:təkə,drama,,,,"ghatage-konkani1963[p. 129, col. 2, entry 28]",,,ghatage-konkani1963:p129:c2:e28,,,,dialect:Ko:ghatage-konkani1963:South%20Kanara%20Chitrapur%20Sarasvat%20Konkani ocr-review uncertain
Ko,,nain č,coin,,,,"ghatage-konkani1963[p. 129, col. 2, entry 29]",,,ghatage-konkani1963:p129:c2:e29,,,,dialect:Ko:ghatage-konkani1963:South%20Kanara%20Chitrapur%20Sarasvat%20Konkani ocr-review uncertain
Ko,,na:ti,grand daughter,,,,"ghatage-konkani1963[p. 129, col. 2, entry 30]",,,ghatage-konkani1963:p129:c2:e30,,,,dialect:Ko:ghatage-konkani1963:South%20Kanara%20Chitrapur%20Sarasvat%20Konkani ocr-review uncertain
Ko,,na:gu,cobra,,,,"ghatage-konkani1963[p. 129, col. 2, entry 31]",,,ghatage-konkani1963:p129:c2:e31,,,,dialect:Ko:ghatage-konkani1963:South%20Kanara%20Chitrapur%20Sarasvat%20Konkani ocr-review uncertain
Ko,,na:rlu,coconut,,,,"ghatage-konkani1963[p. 129, col. 2, entry 32]",,,ghatage-konkani1963:p129:c2:e32,,,,dialect:Ko:ghatage-konkani1963:South%20Kanara%20Chitrapur%20Sarasvat%20Konkani ocr-review uncertain
Ko,,nā:kə,nose,,,,"ghatage-konkani1963[p. 129, col. 2, entry 35]",,,ghatage-konkani1963:p129:c2:e35,,,,dialect:Ko:ghatage-konkani1963:South%20Kanara%20Chitrapur%20Sarasvat%20Konkani ocr-review uncertain
Ko,,nã:kpudə,noŞtril,,,,"ghatage-konkani1963[p. 129, col. 2, entry 36]",,,ghatage-konkani1963:p129:c2:e36,,,,dialect:Ko:ghatage-konkani1963:South%20Kanara%20Chitrapur%20Sarasvat%20Konkani ocr-review uncertain
Ko,,nã:či kəri,to dance,,,,"ghatage-konkani1963[p. 130, col. 1, entry 1]",,,ghatage-konkani1963:p130:c1:e1,,,,dialect:Ko:ghatage-konkani1963:South%20Kanara%20Chitrapur%20Sarasvat%20Konkani ocr-review uncertain
Ko,,nițhə,straight,,,,"ghatage-konkani1963[p. 130, col. 1, entry 2]",,,ghatage-konkani1963:p130:c1:e2,,,,dialect:Ko:ghatage-konkani1963:South%20Kanara%20Chitrapur%20Sarasvat%20Konkani ocr-review uncertain
Ko,,nityə,daily,,,,"ghatage-konkani1963[p. 130, col. 1, entry 3]",,,ghatage-konkani1963:p130:c1:e3,,,,dialect:Ko:ghatage-konkani1963:South%20Kanara%20Chitrapur%20Sarasvat%20Konkani ocr-review uncertain
Ko,,nityəyi,always,,,,"ghatage-konkani1963[p. 130, col. 1, entry 4]",,,ghatage-konkani1963:p130:c1:e4,,,,dialect:Ko:ghatage-konkani1963:South%20Kanara%20Chitrapur%20Sarasvat%20Konkani ocr-review uncertain
Ko,,nidde,to sleep,,,,"ghatage-konkani1963[p. 130, col. 1, entry 5]",,,ghatage-konkani1963:p130:c1:e5,,,,dialect:Ko:ghatage-konkani1963:South%20Kanara%20Chitrapur%20Sarasvat%20Konkani ocr-review uncertain
Ko,,nidde,to lie down,,,,"ghatage-konkani1963[p. 130, col. 1, entry 6]",,,ghatage-konkani1963:p130:c1:e6,,,,dialect:Ko:ghatage-konkani1963:South%20Kanara%20Chitrapur%20Sarasvat%20Konkani ocr-review uncertain
Ko,,nippəyi,to hide,,,,"ghatage-konkani1963[p. 130, col. 1, entry 7]",,,ghatage-konkani1963:p130:c1:e7,,,,dialect:Ko:ghatage-konkani1963:South%20Kanara%20Chitrapur%20Sarasvat%20Konkani ocr-review uncertain
Ko,,nibbə,nib,,,,"ghatage-konkani1963[p. 130, col. 1, entry 8]",,,ghatage-konkani1963:p130:c1:e8,,,,dialect:Ko:ghatage-konkani1963:South%20Kanara%20Chitrapur%20Sarasvat%20Konkani ocr-review uncertain
Ko,,nimbuvə,lemon,,,,"ghatage-konkani1963[p. 130, col. 1, entry 9]",,,ghatage-konkani1963:p130:c1:e9,,,,dialect:Ko:ghatage-konkani1963:South%20Kanara%20Chitrapur%20Sarasvat%20Konkani ocr-review uncertain
Ko,,nisəņi,ladder,,,,"ghatage-konkani1963[p. 130, col. 1, entry 10]",,,ghatage-konkani1963:p130:c1:e10,,,,dialect:Ko:ghatage-konkani1963:South%20Kanara%20Chitrapur%20Sarasvat%20Konkani ocr-review uncertain
Ko,,nisəri,to slip,,,,"ghatage-konkani1963[p. 130, col. 1, entry 11]",,,ghatage-konkani1963:p130:c1:e11,,,,dialect:Ko:ghatage-konkani1963:South%20Kanara%20Chitrapur%20Sarasvat%20Konkani ocr-review uncertain
Ko,,nividyu,offering,,,,"ghatage-konkani1963[p. 130, col. 1, entry 12]",,,ghatage-konkani1963:p130:c1:e12,,,,dialect:Ko:ghatage-konkani1963:South%20Kanara%20Chitrapur%20Sarasvat%20Konkani ocr-review uncertain
Ko,,ni:dələ,forehead,,,,"ghatage-konkani1963[p. 130, col. 1, entry 13]",,,ghatage-konkani1963:p130:c1:e13,,,,dialect:Ko:ghatage-konkani1963:South%20Kanara%20Chitrapur%20Sarasvat%20Konkani ocr-review uncertain
Ko,,ni:mgi,to ask,,,,"ghatage-konkani1963[p. 130, col. 1, entry 14]",,,ghatage-konkani1963:p130:c1:e14,,,,dialect:Ko:ghatage-konkani1963:South%20Kanara%20Chitrapur%20Sarasvat%20Konkani ocr-review uncertain
Ko,,ni:ri,wrinkle,,,,"ghatage-konkani1963[p. 130, col. 1, entry 15]",,,ghatage-konkani1963:p130:c1:e15,,,,dialect:Ko:ghatage-konkani1963:South%20Kanara%20Chitrapur%20Sarasvat%20Konkani ocr-review uncertain
Ko,,ni:lə,bluė 3,,,,"ghatage-konkani1963[p. 130, col. 1, entry 16]",,,ghatage-konkani1963:p130:c1:e16,,,,dialect:Ko:ghatage-konkani1963:South%20Kanara%20Chitrapur%20Sarasvat%20Konkani ocr-review uncertain
Ko,,nuksa:nə,loss,,,,"ghatage-konkani1963[p. 130, col. 1, entry 17]",,,ghatage-konkani1963:p130:c1:e17,,,,dialect:Ko:ghatage-konkani1963:South%20Kanara%20Chitrapur%20Sarasvat%20Konkani ocr-review uncertain
Ko,,nelə,floor,,,,"ghatage-konkani1963[p. 130, col. 1, entry 18]",,,ghatage-konkani1963:p130:c1:e18,,,,dialect:Ko:ghatage-konkani1963:South%20Kanara%20Chitrapur%20Sarasvat%20Konkani ocr-review uncertain
Ko,,no:kəru,servant,,,,"ghatage-konkani1963[p. 130, col. 1, entry 19]",,,ghatage-konkani1963:p130:c1:e19,,,,dialect:Ko:ghatage-konkani1963:South%20Kanara%20Chitrapur%20Sarasvat%20Konkani ocr-review uncertain
Ko,,nhə:yi,river,,,,"ghatage-konkani1963[p. 130, col. 1, entry 20]",,,ghatage-konkani1963:p130:c1:e20,,,,dialect:Ko:ghatage-konkani1963:South%20Kanara%20Chitrapur%20Sarasvat%20Konkani ocr-review uncertain
Ko,,nha,to bathe,,,,"ghatage-konkani1963[p. 130, col. 1, entry 21]",,,ghatage-konkani1963:p130:c1:e21,,,,dialect:Ko:ghatage-konkani1963:South%20Kanara%20Chitrapur%20Sarasvat%20Konkani ocr-review uncertain
Ko,,nha:ņi,bathroom,,,,"ghatage-konkani1963[p. 130, col. 1, entry 22]",,,ghatage-konkani1963:p130:c1:e22,,,,dialect:Ko:ghatage-konkani1963:South%20Kanara%20Chitrapur%20Sarasvat%20Konkani ocr-review uncertain
Ko,,nha:vi,barber,,,,"ghatage-konkani1963[p. 130, col. 1, entry 23]",,,ghatage-konkani1963:p130:c1:e23,,,,dialect:Ko:ghatage-konkani1963:South%20Kanara%20Chitrapur%20Sarasvat%20Konkani ocr-review uncertain
Ko,,pəkšu,bird,,,,"ghatage-konkani1963[p. 130, col. 1, entry 24]",,,ghatage-konkani1963:p130:c1:e24,,,,dialect:Ko:ghatage-konkani1963:South%20Kanara%20Chitrapur%20Sarasvat%20Konkani ocr-review uncertain
Ko,,pəgde,dice,,,,"ghatage-konkani1963[p. 130, col. 1, entry 25]",,,ghatage-konkani1963:p130:c1:e25,,,,dialect:Ko:ghatage-konkani1963:South%20Kanara%20Chitrapur%20Sarasvat%20Konkani ocr-review uncertain
Ko,,pəttə,belt,,,,"ghatage-konkani1963[p. 130, col. 1, entry 26]",,,ghatage-konkani1963:p130:c1:e26,,,,dialect:Ko:ghatage-konkani1963:South%20Kanara%20Chitrapur%20Sarasvat%20Konkani ocr-review uncertain
Ko,,pəduvələ,serpent gourd,,,,"ghatage-konkani1963[p. 130, col. 1, entry 27]",,,ghatage-konkani1963:p130:c1:e27,,,,dialect:Ko:ghatage-konkani1963:South%20Kanara%20Chitrapur%20Sarasvat%20Konkani ocr-review uncertain
Ko,,pəddə,curtain,,,,"ghatage-konkani1963[p. 130, col. 1, entry 28]",,,ghatage-konkani1963:p130:c1:e28,,,,dialect:Ko:ghatage-konkani1963:South%20Kanara%20Chitrapur%20Sarasvat%20Konkani ocr-review uncertain
Ko,,panti,great grand daughter,,,,"ghatage-konkani1963[p. 130, col. 1, entry 29]",,,ghatage-konkani1963:p130:c1:e29,,,,dialect:Ko:ghatage-konkani1963:South%20Kanara%20Chitrapur%20Sarasvat%20Konkani ocr-review uncertain
Ko,,pontu,great grand-| Sdn,,,,"ghatage-konkani1963[p. 130, col. 1, entry 30]",,,ghatage-konkani1963:p130:c1:e30,,,,dialect:Ko:ghatage-konkani1963:South%20Kanara%20Chitrapur%20Sarasvat%20Konkani ocr-review uncertain
Ko,,pənņjə,great grand: father,,,,"ghatage-konkani1963[p. 130, col. 1, entry 31]",,,ghatage-konkani1963:p130:c1:e31,,,,dialect:Ko:ghatage-konkani1963:South%20Kanara%20Chitrapur%20Sarasvat%20Konkani ocr-review uncertain
Ko,,pətəygu,kite,,,,"ghatage-konkani1963[p. 130, col. 2, entry 1]",,,ghatage-konkani1963:p130:c2:e1,,,,dialect:Ko:ghatage-konkani1963:South%20Kanara%20Chitrapur%20Sarasvat%20Konkani ocr-review uncertain
Ko,,pəttələ,sari,,,,"ghatage-konkani1963[p. 130, col. 2, entry 2]",,,ghatage-konkani1963:p130:c2:e2,,,,dialect:Ko:ghatage-konkani1963:South%20Kanara%20Chitrapur%20Sarasvat%20Konkani ocr-review uncertain
Ko,,pəthyə,diet,,,,"ghatage-konkani1963[p. 130, col. 2, entry 3]",,,ghatage-konkani1963:p130:c2:e3,,,,dialect:Ko:ghatage-konkani1963:South%20Kanara%20Chitrapur%20Sarasvat%20Konkani ocr-review uncertain
Ko,,pəd mhəņčëě,to sing,,,,"ghatage-konkani1963[p. 130, col. 2, entry 4]",,,ghatage-konkani1963:p130:c2:e4,,,,dialect:Ko:ghatage-konkani1963:South%20Kanara%20Chitrapur%20Sarasvat%20Konkani ocr-review uncertain
Ko,,pəntə,time (as in three times) l,,,,"ghatage-konkani1963[p. 130, col. 2, entry 5]",,,ghatage-konkani1963:p130:c2:e5,,,,dialect:Ko:ghatage-konkani1963:South%20Kanara%20Chitrapur%20Sarasvat%20Konkani ocr-review uncertain
Ko,,pəndra,fifteen,,,,"ghatage-konkani1963[p. 130, col. 2, entry 6]",,,ghatage-konkani1963:p130:c2:e6,,,,dialect:Ko:ghatage-konkani1963:South%20Kanara%20Chitrapur%20Sarasvat%20Konkani ocr-review uncertain
Ko,,pənnasə,fifty,,,,"ghatage-konkani1963[p. 130, col. 2, entry 7]",,,ghatage-konkani1963:p130:c2:e7,,,,dialect:Ko:ghatage-konkani1963:South%20Kanara%20Chitrapur%20Sarasvat%20Konkani ocr-review uncertain
Ko,,pəyri,day before yesterday,,,,"ghatage-konkani1963[p. 130, col. 2, entry 8]",,,ghatage-konkani1963:p130:c2:e8,,,,dialect:Ko:ghatage-konkani1963:South%20Kanara%20Chitrapur%20Sarasvat%20Konkani ocr-review uncertain
Ko,,pəylē,before,,,,"ghatage-konkani1963[p. 130, col. 2, entry 9]",,,ghatage-konkani1963:p130:c2:e9,,,,dialect:Ko:ghatage-konkani1963:South%20Kanara%20Chitrapur%20Sarasvat%20Konkani ocr-review uncertain
Ko,,pəylə,first,,,,"ghatage-konkani1963[p. 130, col. 2, entry 10]",,,ghatage-konkani1963:p130:c2:e10,,,,dialect:Ko:ghatage-konkani1963:South%20Kanara%20Chitrapur%20Sarasvat%20Konkani ocr-review uncertain
Ko,,pəyš,money,,,,"ghatage-konkani1963[p. 130, col. 2, entry 11]",,,ghatage-konkani1963:p130:c2:e11,,,,dialect:Ko:ghatage-konkani1963:South%20Kanara%20Chitrapur%20Sarasvat%20Konkani ocr-review uncertain
Ko,,pəri:kša,examination,,,,"ghatage-konkani1963[p. 130, col. 2, entry 12]",,,ghatage-konkani1963:p130:c2:e12,,,,dialect:Ko:ghatage-konkani1963:South%20Kanara%20Chitrapur%20Sarasvat%20Konkani ocr-review uncertain
Ko,,pərətə,again,,,,"ghatage-konkani1963[p. 130, col. 2, entry 13]",,,ghatage-konkani1963:p130:c2:e13,,,,dialect:Ko:ghatage-konkani1963:South%20Kanara%20Chitrapur%20Sarasvat%20Konkani ocr-review uncertain
Ko,,pərət yə,to return,,,,"ghatage-konkani1963[p. 130, col. 2, entry 14]",,,ghatage-konkani1963:p130:c2:e14,,,,dialect:Ko:ghatage-konkani1963:South%20Kanara%20Chitrapur%20Sarasvat%20Konkani ocr-review uncertain
Ko,,pərəbə,festival,,,,"ghatage-konkani1963[p. 130, col. 2, entry 15]",,,ghatage-konkani1963:p130:c2:e15,,,,dialect:Ko:ghatage-konkani1963:South%20Kanara%20Chitrapur%20Sarasvat%20Konkani
Ko,,pəra:ti,pan,,,,"ghatage-konkani1963[p. 130, col. 2, entry 16]",,,ghatage-konkani1963:p130:c2:e16,,,,dialect:Ko:ghatage-konkani1963:South%20Kanara%20Chitrapur%20Sarasvat%20Konkani ocr-review uncertain
Ko,,pərməlļu,essence,,,,"ghatage-konkani1963[p. 130, col. 2, entry 17]",,,ghatage-konkani1963:p130:c2:e17,,,,dialect:Ko:ghatage-konkani1963:South%20Kanara%20Chitrapur%20Sarasvat%20Konkani ocr-review uncertain
Ko,,pəršu,battle axe l,,,,"ghatage-konkani1963[p. 130, col. 2, entry 18]",,,ghatage-konkani1963:p130:c2:e18,,,,dialect:Ko:ghatage-konkani1963:South%20Kanara%20Chitrapur%20Sarasvat%20Konkani ocr-review uncertain
Ko,,pərvətu,mountain,,,,"ghatage-konkani1963[p. 130, col. 2, entry 19]",,,ghatage-konkani1963:p130:c2:e19,,,,dialect:Ko:ghatage-konkani1963:South%20Kanara%20Chitrapur%20Sarasvat%20Konkani ocr-review uncertain
Ko,,pərvu:ċč,to groan,,,,"ghatage-konkani1963[p. 130, col. 2, entry 20]",,,ghatage-konkani1963:p130:c2:e20,,,,dialect:Ko:ghatage-konkani1963:South%20Kanara%20Chitrapur%20Sarasvat%20Konkani ocr-review uncertain
Ko,,pələru,plate,,,,"ghatage-konkani1963[p. 130, col. 2, entry 21]",,,ghatage-konkani1963:p130:c2:e21,,,,dialect:Ko:ghatage-konkani1963:South%20Kanara%20Chitrapur%20Sarasvat%20Konkani
Ko,,pəščimə,west,,,,"ghatage-konkani1963[p. 130, col. 2, entry 22]",,,ghatage-konkani1963:p130:c2:e22,,,,dialect:Ko:ghatage-konkani1963:South%20Kanara%20Chitrapur%20Sarasvat%20Konkani ocr-review uncertain
Ko,,pəšča:tapu,repentence,,,,"ghatage-konkani1963[p. 130, col. 2, entry 23]",,,ghatage-konkani1963:p130:c2:e23,,,,dialect:Ko:ghatage-konkani1963:South%20Kanara%20Chitrapur%20Sarasvat%20Konkani ocr-review uncertain
Ko,,pəsəri,to spread,,,,"ghatage-konkani1963[p. 130, col. 2, entry 24]",,,ghatage-konkani1963:p130:c2:e24,,,,dialect:Ko:ghatage-konkani1963:South%20Kanara%20Chitrapur%20Sarasvat%20Konkani ocr-review uncertain
Ko,,pəsrəyi,to spread l,,,,"ghatage-konkani1963[p. 130, col. 2, entry 25]",,,ghatage-konkani1963:p130:c2:e25,,,,dialect:Ko:ghatage-konkani1963:South%20Kanara%20Chitrapur%20Sarasvat%20Konkani ocr-review uncertain
Ko,,pə:də,to fall l,,,,"ghatage-konkani1963[p. 130, col. 2, entry 26]",,,ghatage-konkani1963:p130:c2:e26,,,,dialect:Ko:ghatage-konkani1963:South%20Kanara%20Chitrapur%20Sarasvat%20Konkani ocr-review uncertain
Ko,,pəri,fairy j,,,,"ghatage-konkani1963[p. 130, col. 2, entry 27]",,,ghatage-konkani1963:p130:c2:e27,,,,dialect:Ko:ghatage-konkani1963:South%20Kanara%20Chitrapur%20Sarasvat%20Konkani ocr-review uncertain
Ko,,pə:rã,day after j to-morrow l,,,,"ghatage-konkani1963[p. 130, col. 2, entry 28]",,,ghatage-konkani1963:p130:c2:e28,,,,dialect:Ko:ghatage-konkani1963:South%20Kanara%20Chitrapur%20Sarasvat%20Konkani ocr-review uncertain
Ko,,pə:leru,plate,,,,"ghatage-konkani1963[p. 130, col. 2, entry 30]",,,ghatage-konkani1963:p130:c2:e30,,,,dialect:Ko:ghatage-konkani1963:South%20Kanara%20Chitrapur%20Sarasvat%20Konkani ocr-review uncertain
Ko,,pətJe,to see,,,,"ghatage-konkani1963[p. 130, col. 2, entry 31]",,,ghatage-konkani1963:p130:c2:e31,,,,dialect:Ko:ghatage-konkani1963:South%20Kanara%20Chitrapur%20Sarasvat%20Konkani ocr-review uncertain
Ko,,pakli,petal,,,,"ghatage-konkani1963[p. 130, col. 2, entry 32]",,,ghatage-konkani1963:p130:c2:e32,,,,dialect:Ko:ghatage-konkani1963:South%20Kanara%20Chitrapur%20Sarasvat%20Konkani ocr-review uncertain
Ko,,pačči,father’s j younger e g brother’s,,,,"ghatage-konkani1963[p. 130, col. 2, entry 33]",,,ghatage-konkani1963:p130:c2:e33,,,,dialect:Ko:ghatage-konkani1963:South%20Kanara%20Chitrapur%20Sarasvat%20Konkani ocr-review uncertain
Ko,,gae,wife,,,,"ghatage-konkani1963[p. 130, col. 2, entry 34]",,,ghatage-konkani1963:p130:c2:e34,,,,dialect:Ko:ghatage-konkani1963:South%20Kanara%20Chitrapur%20Sarasvat%20Konkani ocr-review uncertain
Ko,,pațtgoņi,centepede,,,,"ghatage-konkani1963[p. 131, col. 1, entry 1]",,,ghatage-konkani1963:p131:c1:e1,,,,dialect:Ko:ghatage-konkani1963:South%20Kanara%20Chitrapur%20Sarasvat%20Konkani ocr-review uncertain
Ko,,patti,eyelash,,,,"ghatage-konkani1963[p. 131, col. 1, entry 2]",,,ghatage-konkani1963:p131:c1:e2,,,,dialect:Ko:ghatage-konkani1963:South%20Kanara%20Chitrapur%20Sarasvat%20Konkani ocr-review uncertain
Ko,,pattələ,thin (density),,,,"ghatage-konkani1963[p. 131, col. 1, entry 3]",,,ghatage-konkani1963:p131:c1:e3,,,,dialect:Ko:ghatage-konkani1963:South%20Kanara%20Chitrapur%20Sarasvat%20Konkani
Ko,,patləyi,to spread,,,,"ghatage-konkani1963[p. 131, col. 1, entry 4]",,,ghatage-konkani1963:p131:c1:e4,,,,dialect:Ko:ghatage-konkani1963:South%20Kanara%20Chitrapur%20Sarasvat%20Konkani ocr-review uncertain
Ko,,pancvə,fifth,,,,"ghatage-konkani1963[p. 131, col. 1, entry 5]",,,ghatage-konkani1963:p131:c1:e5,,,,dialect:Ko:ghatage-konkani1963:South%20Kanara%20Chitrapur%20Sarasvat%20Konkani ocr-review uncertain
Ko,,panno,udder,,,,"ghatage-konkani1963[p. 131, col. 1, entry 6]",,,ghatage-konkani1963:p131:c1:e6,,,,dialect:Ko:ghatage-konkani1963:South%20Kanara%20Chitrapur%20Sarasvat%20Konkani ocr-review uncertain
Ko,,pappədu,papad,,,,"ghatage-konkani1963[p. 131, col. 1, entry 7]",,,ghatage-konkani1963:p131:c1:e7,,,,dialect:Ko:ghatage-konkani1963:South%20Kanara%20Chitrapur%20Sarasvat%20Konkani ocr-review uncertain
Ko,,paua:gāã:ți,ankle,,,,"ghatage-konkani1963[p. 131, col. 1, entry 8]",,,ghatage-konkani1963:p131:c1:e8,,,,dialect:Ko:ghatage-konkani1963:South%20Kanara%20Chitrapur%20Sarasvat%20Konkani ocr-review uncertain
Ko,,payjəmə,pajama,,,,"ghatage-konkani1963[p. 131, col. 1, entry 9]",,,ghatage-konkani1963:p131:c1:e9,,,,dialect:Ko:ghatage-konkani1963:South%20Kanara%20Chitrapur%20Sarasvat%20Konkani ocr-review uncertain
Ko,,parəyi,crowbar,,,,"ghatage-konkani1963[p. 131, col. 1, entry 10]",,,ghatage-konkani1963:p131:c1:e10,,,,dialect:Ko:ghatage-konkani1963:South%20Kanara%20Chitrapur%20Sarasvat%20Konkani
Ko,,parvo,pigeon,,,,"ghatage-konkani1963[p. 131, col. 1, entry 11]",,,ghatage-konkani1963:p131:c1:e11,,,,dialect:Ko:ghatage-konkani1963:South%20Kanara%20Chitrapur%20Sarasvat%20Konkani ocr-review uncertain
Ko,,pavəyi,to reach,,,,"ghatage-konkani1963[p. 131, col. 1, entry 12]",,,ghatage-konkani1963:p131:c1:e12,,,,dialect:Ko:ghatage-konkani1963:South%20Kanara%20Chitrapur%20Sarasvat%20Konkani
Ko,,pavuņə,three-fourth,,,,"ghatage-konkani1963[p. 131, col. 1, entry 13]",,,ghatage-konkani1963:p131:c1:e13,,,,dialect:Ko:ghatage-konkani1963:South%20Kanara%20Chitrapur%20Sarasvat%20Konkani ocr-review uncertain
Ko,,pavsadi,rainy season!,,,,"ghatage-konkani1963[p. 131, col. 1, entry 14]",,,ghatage-konkani1963:p131:c1:e14,,,,dialect:Ko:ghatage-konkani1963:South%20Kanara%20Chitrapur%20Sarasvat%20Konkani ocr-review uncertain
Ko,,pa:kə,wing |a,,,,"ghatage-konkani1963[p. 131, col. 1, entry 15]",,,ghatage-konkani1963:p131:c1:e15,,,,dialect:Ko:ghatage-konkani1963:South%20Kanara%20Chitrapur%20Sarasvat%20Konkani ocr-review uncertain
Ko,,pa:cvə,green,,,,"ghatage-konkani1963[p. 131, col. 1, entry 16]",,,ghatage-konkani1963:p131:c1:e16,,,,dialect:Ko:ghatage-konkani1963:South%20Kanara%20Chitrapur%20Sarasvat%20Konkani ocr-review uncertain
Ko,,pa:ti,slate,,,,"ghatage-konkani1963[p. 131, col. 1, entry 17]",,,ghatage-konkani1963:p131:c1:e17,,,,dialect:Ko:ghatage-konkani1963:South%20Kanara%20Chitrapur%20Sarasvat%20Konkani ocr-review uncertain
Ko,,pa:thu,lesson,,,,"ghatage-konkani1963[p. 131, col. 1, entry 18]",,,ghatage-konkani1963:p131:c1:e18,,,,dialect:Ko:ghatage-konkani1963:South%20Kanara%20Chitrapur%20Sarasvat%20Konkani ocr-review uncertain
Ko,,pa:nə,leaf,,,,"ghatage-konkani1963[p. 131, col. 1, entry 19]",,,ghatage-konkani1963:p131:c1:e19,,,,dialect:Ko:ghatage-konkani1963:South%20Kanara%20Chitrapur%20Sarasvat%20Konkani ocr-review uncertain
Ko,,pa:nə,page,,,,"ghatage-konkani1963[p. 131, col. 1, entry 20]",,,ghatage-konkani1963:p131:c1:e20,,,,dialect:Ko:ghatage-konkani1963:South%20Kanara%20Chitrapur%20Sarasvat%20Konkani ocr-review uncertain
Ko,,pa:pə,sin,,,,"ghatage-konkani1963[p. 131, col. 1, entry 21]",,,ghatage-konkani1963:p131:c1:e21,,,,dialect:Ko:ghatage-konkani1963:South%20Kanara%20Chitrapur%20Sarasvat%20Konkani ocr-review uncertain
Ko,,pa:yu,leg,,,,"ghatage-konkani1963[p. 131, col. 1, entry 22]",,,ghatage-konkani1963:p131:c1:e22,,,,dialect:Ko:ghatage-konkani1963:South%20Kanara%20Chitrapur%20Sarasvat%20Konkani ocr-review uncertain
Ko,,pa:yo,foundation,,,,"ghatage-konkani1963[p. 131, col. 1, entry 23]",,,ghatage-konkani1963:p131:c1:e23,,,,dialect:Ko:ghatage-konkani1963:South%20Kanara%20Chitrapur%20Sarasvat%20Konkani ocr-review uncertain
Ko,,pa:rəjə,mercury,,,,"ghatage-konkani1963[p. 131, col. 1, entry 24]",,,ghatage-konkani1963:p131:c1:e24,,,,dialect:Ko:ghatage-konkani1963:South%20Kanara%20Chitrapur%20Sarasvat%20Konkani ocr-review uncertain
Ko,,pa:lki,palanquin,,,,"ghatage-konkani1963[p. 131, col. 1, entry 25]",,,ghatage-konkani1963:p131:c1:e25,,,,dialect:Ko:ghatage-konkani1963:South%20Kanara%20Chitrapur%20Sarasvat%20Konkani ocr-review uncertain
Ko,,pa:la,wave,,,,"ghatage-konkani1963[p. 131, col. 1, entry 26]",,,ghatage-konkani1963:p131:c1:e26,,,,dialect:Ko:ghatage-konkani1963:South%20Kanara%20Chitrapur%20Sarasvat%20Konkani ocr-review uncertain
Ko,,pa:li,turn,,,,"ghatage-konkani1963[p. 131, col. 1, entry 27]",,,ghatage-konkani1963:p131:c1:e27,,,,dialect:Ko:ghatage-konkani1963:South%20Kanara%20Chitrapur%20Sarasvat%20Konkani ocr-review uncertain
Ko,,pa:və,quarter,,,,"ghatage-konkani1963[p. 131, col. 1, entry 28]",,,ghatage-konkani1963:p131:c1:e28,,,,dialect:Ko:ghatage-konkani1963:South%20Kanara%20Chitrapur%20Sarasvat%20Konkani ocr-review uncertain
Ko,,pa:vulə,foot,,,,"ghatage-konkani1963[p. 131, col. 1, entry 29]",,,ghatage-konkani1963:p131:c1:e29,,,,dialect:Ko:ghatage-konkani1963:South%20Kanara%20Chitrapur%20Sarasvat%20Konkani ocr-review uncertain
Ko,,pa:vsu,rain,,,,"ghatage-konkani1963[p. 131, col. 1, entry 30]",,,ghatage-konkani1963:p131:c1:e30,,,,dialect:Ko:ghatage-konkani1963:South%20Kanara%20Chitrapur%20Sarasvat%20Konkani ocr-review uncertain
Ko,,pã:cə,five,,,,"ghatage-konkani1963[p. 131, col. 1, entry 31]",,,ghatage-konkani1963:p131:c1:e31,,,,dialect:Ko:ghatage-konkani1963:South%20Kanara%20Chitrapur%20Sarasvat%20Konkani ocr-review uncertain
Ko,,pi,to drink,,,,"ghatage-konkani1963[p. 131, col. 1, entry 32]",,,ghatage-konkani1963:p131:c1:e32,,,,dialect:Ko:ghatage-konkani1963:South%20Kanara%20Chitrapur%20Sarasvat%20Konkani ocr-review uncertain
Ko,,pikkilē,ripe,,,,"ghatage-konkani1963[p. 131, col. 1, entry 33]",,,ghatage-konkani1963:p131:c1:e33,,,,dialect:Ko:ghatage-konkani1963:South%20Kanara%20Chitrapur%20Sarasvat%20Konkani ocr-review uncertain
Ko,,pitti,powder,,,,"ghatage-konkani1963[p. 131, col. 1, entry 34]",,,ghatage-konkani1963:p131:c1:e34,,,,dialect:Ko:ghatage-konkani1963:South%20Kanara%20Chitrapur%20Sarasvat%20Konkani ocr-review uncertain
Ko,,pittələ,brass,,,,"ghatage-konkani1963[p. 131, col. 1, entry 35]",,,ghatage-konkani1963:p131:c1:e35,,,,dialect:Ko:ghatage-konkani1963:South%20Kanara%20Chitrapur%20Sarasvat%20Konkani ocr-review uncertain
Ko,,pindi,to tear,,,,"ghatage-konkani1963[p. 131, col. 1, entry 36]",,,ghatage-konkani1963:p131:c1:e36,,,,dialect:Ko:ghatage-konkani1963:South%20Kanara%20Chitrapur%20Sarasvat%20Konkani ocr-review uncertain
Ko,,pinnə,pin,,,,"ghatage-konkani1963[p. 131, col. 2, entry 1]",,,ghatage-konkani1963:p131:c2:e1,,,,dialect:Ko:ghatage-konkani1963:South%20Kanara%20Chitrapur%20Sarasvat%20Konkani ocr-review uncertain
Ko,,pimpla:ru:ku,pipal tree,,,,"ghatage-konkani1963[p. 131, col. 2, entry 2]",,,ghatage-konkani1963:p131:c2:e2,,,,dialect:Ko:ghatage-konkani1963:South%20Kanara%20Chitrapur%20Sarasvat%20Konkani ocr-review uncertain
Ko,,piša:čə,devil,,,,"ghatage-konkani1963[p. 131, col. 2, entry 3]",,,ghatage-konkani1963:p131:c2:e3,,,,dialect:Ko:ghatage-konkani1963:South%20Kanara%20Chitrapur%20Sarasvat%20Konkani ocr-review uncertain
Ko,,piššē,insanity,,,,"ghatage-konkani1963[p. 131, col. 2, entry 4]",,,ghatage-konkani1963:p131:c2:e4,,,,dialect:Ko:ghatage-konkani1963:South%20Kanara%20Chitrapur%20Sarasvat%20Konkani ocr-review uncertain
Ko,,pistulə,pistol,,,,"ghatage-konkani1963[p. 131, col. 2, entry 5]",,,ghatage-konkani1963:p131:c2:e5,,,,dialect:Ko:ghatage-konkani1963:South%20Kanara%20Chitrapur%20Sarasvat%20Konkani ocr-review uncertain
Ko,,pissə,mad,,,,"ghatage-konkani1963[p. 131, col. 2, entry 6]",,,ghatage-konkani1963:p131:c2:e6,,,,dialect:Ko:ghatage-konkani1963:South%20Kanara%20Chitrapur%20Sarasvat%20Konkani ocr-review uncertain
Ko,,pi:ț mali,to kneed,,,,"ghatage-konkani1963[p. 131, col. 2, entry 8]",,,ghatage-konkani1963:p131:c2:e8,,,,dialect:Ko:ghatage-konkani1963:South%20Kanara%20Chitrapur%20Sarasvat%20Konkani ocr-review uncertain
Ko,,pi:lə,young one,,,,"ghatage-konkani1963[p. 131, col. 2, entry 9]",,,ghatage-konkani1963:p131:c2:e9,,,,dialect:Ko:ghatage-konkani1963:South%20Kanara%20Chitrapur%20Sarasvat%20Konkani ocr-review uncertain
Ko,,pi:li,to milk,,,,"ghatage-konkani1963[p. 131, col. 2, entry 10]",,,ghatage-konkani1963:p131:c2:e10,,,,dialect:Ko:ghatage-konkani1963:South%20Kanara%20Chitrapur%20Sarasvat%20Konkani ocr-review uncertain
Ko,,pi:li,to wring,,,,"ghatage-konkani1963[p. 131, col. 2, entry 11]",,,ghatage-konkani1963:p131:c2:e11,,,,dialect:Ko:ghatage-konkani1963:South%20Kanara%20Chitrapur%20Sarasvat%20Konkani ocr-review uncertain
Ko,,pi:sə,feather,,,,"ghatage-konkani1963[p. 131, col. 2, entry 12]",,,ghatage-konkani1963:p131:c2:e12,,,,dialect:Ko:ghatage-konkani1963:South%20Kanara%20Chitrapur%20Sarasvat%20Konkani ocr-review uncertain
Ko,,pu,pus,,,,"ghatage-konkani1963[p. 131, col. 2, entry 13]",,,ghatage-konkani1963:p131:c2:e13,,,,dialect:Ko:ghatage-konkani1963:South%20Kanara%20Chitrapur%20Sarasvat%20Konkani ocr-review uncertain
Ko,,puṇyə,merit,,,,"ghatage-konkani1963[p. 131, col. 2, entry 14]",,,ghatage-konkani1963:p131:c2:e14,,,,dialect:Ko:ghatage-konkani1963:South%20Kanara%20Chitrapur%20Sarasvat%20Konkani
Ko,,puttoņnyə,man’s broth- er’s son,,,,"ghatage-konkani1963[p. 131, col. 2, entry 15]",,,ghatage-konkani1963:p131:c2:e15,,,,dialect:Ko:ghatage-konkani1963:South%20Kanara%20Chitrapur%20Sarasvat%20Konkani ocr-review uncertain
Ko,,punnəvə,full moon day,,,,"ghatage-konkani1963[p. 131, col. 2, entry 16]",,,ghatage-konkani1963:p131:c2:e16,,,,dialect:Ko:ghatage-konkani1963:South%20Kanara%20Chitrapur%20Sarasvat%20Konkani ocr-review uncertain
Ko,,puro,enough,,,,"ghatage-konkani1963[p. 131, col. 2, entry 17]",,,ghatage-konkani1963:p131:c2:e17,,,,dialect:Ko:ghatage-konkani1963:South%20Kanara%20Chitrapur%20Sarasvat%20Konkani ocr-review uncertain
Ko,,purši,sufficient,,,,"ghatage-konkani1963[p. 131, col. 2, entry 18]",,,ghatage-konkani1963:p131:c2:e18,,,,dialect:Ko:ghatage-konkani1963:South%20Kanara%20Chitrapur%20Sarasvat%20Konkani ocr-review uncertain
Ko,,pustəkə,book,,,,"ghatage-konkani1963[p. 131, col. 2, entry 19]",,,ghatage-konkani1963:p131:c2:e19,,,,dialect:Ko:ghatage-konkani1963:South%20Kanara%20Chitrapur%20Sarasvat%20Konkani ocr-review uncertain
Ko,,pu:j kəri,to worship,,,,"ghatage-konkani1963[p. 131, col. 2, entry 20]",,,ghatage-konkani1963:p131:c2:e20,,,,dialect:Ko:ghatage-konkani1963:South%20Kanara%20Chitrapur%20Sarasvat%20Konkani ocr-review uncertain
Ko,,pu:ja,worship,,,,"ghatage-konkani1963[p. 131, col. 2, entry 21]",,,ghatage-konkani1963:p131:c2:e21,,,,dialect:Ko:ghatage-konkani1963:South%20Kanara%20Chitrapur%20Sarasvat%20Konkani ocr-review uncertain
Ko,,pu:rə,all,,,,"ghatage-konkani1963[p. 131, col. 2, entry 22]",,,ghatage-konkani1963:p131:c2:e22,,,,dialect:Ko:ghatage-konkani1963:South%20Kanara%20Chitrapur%20Sarasvat%20Konkani ocr-review uncertain
Ko,,pu:ri,to bury,,,,"ghatage-konkani1963[p. 131, col. 2, entry 23]",,,ghatage-konkani1963:p131:c2:e23,,,,dialect:Ko:ghatage-konkani1963:South%20Kanara%20Chitrapur%20Sarasvat%20Konkani ocr-review uncertain
Ko,,pu:rvə,the east,,,,"ghatage-konkani1963[p. 131, col. 2, entry 24]",,,ghatage-konkani1963:p131:c2:e24,,,,dialect:Ko:ghatage-konkani1963:South%20Kanara%20Chitrapur%20Sarasvat%20Konkani ocr-review uncertain
Ko,,pu:lə,bridge,,,,"ghatage-konkani1963[p. 131, col. 2, entry 25]",,,ghatage-konkani1963:p131:c2:e25,,,,dialect:Ko:ghatage-konkani1963:South%20Kanara%20Chitrapur%20Sarasvat%20Konkani ocr-review uncertain
Ko,,pețəyi,to send,,,,"ghatage-konkani1963[p. 131, col. 2, entry 26]",,,ghatage-konkani1963:p131:c2:e26,,,,dialect:Ko:ghatage-konkani1963:South%20Kanara%20Chitrapur%20Sarasvat%20Konkani ocr-review uncertain
Ko,,pețtți,box,,,,"ghatage-konkani1963[p. 131, col. 2, entry 27]",,,ghatage-konkani1963:p131:c2:e27,,,,dialect:Ko:ghatage-konkani1963:South%20Kanara%20Chitrapur%20Sarasvat%20Konkani ocr-review uncertain
Ko,,pettu,blow,,,,"ghatage-konkani1963[p. 131, col. 2, entry 28]",,,ghatage-konkani1963:p131:c2:e28,,,,dialect:Ko:ghatage-konkani1963:South%20Kanara%20Chitrapur%20Sarasvat%20Konkani ocr-review uncertain
Ko,,pennə,pen,,,,"ghatage-konkani1963[p. 131, col. 2, entry 29]",,,ghatage-konkani1963:p131:c2:e29,,,,dialect:Ko:ghatage-konkani1963:South%20Kanara%20Chitrapur%20Sarasvat%20Konkani ocr-review uncertain
Ko,,pe:ri,to sow,,,,"ghatage-konkani1963[p. 131, col. 2, entry 30]",,,ghatage-konkani1963:p131:c2:e30,,,,dialect:Ko:ghatage-konkani1963:South%20Kanara%20Chitrapur%20Sarasvat%20Konkani ocr-review uncertain
Ko,,pē:di,oil cake,,,,"ghatage-konkani1963[p. 131, col. 2, entry 31]",,,ghatage-konkani1963:p131:c2:e31,,,,dialect:Ko:ghatage-konkani1963:South%20Kanara%20Chitrapur%20Sarasvat%20Konkani ocr-review uncertain
Ko,,pejə,porridge,,,,"ghatage-konkani1963[p. 131, col. 2, entry 32]",,,ghatage-konkani1963:p131:c2:e32,,,,dialect:Ko:ghatage-konkani1963:South%20Kanara%20Chitrapur%20Sarasvat%20Konkani ocr-review uncertain
Ko,,pera,guava,,,,"ghatage-konkani1963[p. 131, col. 2, entry 33]",,,ghatage-konkani1963:p131:c2:e33,,,,dialect:Ko:ghatage-konkani1963:South%20Kanara%20Chitrapur%20Sarasvat%20Konkani ocr-review uncertain
Ko,,pelo,glass,,,,"ghatage-konkani1963[p. 131, col. 2, entry 34]",,,ghatage-konkani1963:p131:c2:e34,,,,dialect:Ko:ghatage-konkani1963:South%20Kanara%20Chitrapur%20Sarasvat%20Konkani ocr-review uncertain
Ko,,peska:ti,dagger,,,,"ghatage-konkani1963[p. 131, col. 2, entry 35]",,,ghatage-konkani1963:p131:c2:e35,,,,dialect:Ko:ghatage-konkani1963:South%20Kanara%20Chitrapur%20Sarasvat%20Konkani ocr-review uncertain
Ko,,peska:ti,knife,,,,"ghatage-konkani1963[p. 132, col. 1, entry 1]",,,ghatage-konkani1963:p132:c1:e1,,,,dialect:Ko:ghatage-konkani1963:South%20Kanara%20Chitrapur%20Sarasvat%20Konkani ocr-review uncertain
Ko,,pēta,trousers,,,,"ghatage-konkani1963[p. 132, col. 1, entry 2]",,,ghatage-konkani1963:p132:c1:e2,,,,dialect:Ko:ghatage-konkani1963:South%20Kanara%20Chitrapur%20Sarasvat%20Konkani ocr-review uncertain
Ko,,pokkəlļə,hollow,,,,"ghatage-konkani1963[p. 132, col. 1, entry 3]",,,ghatage-konkani1963:p132:c1:e3,,,,dialect:Ko:ghatage-konkani1963:South%20Kanara%20Chitrapur%20Sarasvat%20Konkani ocr-review uncertain
Ko,,poțri,calf (of leg),,,,"ghatage-konkani1963[p. 132, col. 1, entry 4]",,,ghatage-konkani1963:p132:c1:e4,,,,dialect:Ko:ghatage-konkani1963:South%20Kanara%20Chitrapur%20Sarasvat%20Konkani ocr-review uncertain
Ko,,po:ņņnuvəčě,to flee,,,,"ghatage-konkani1963[p. 132, col. 1, entry 5]",,,ghatage-konkani1963:p132:c1:e5,,,,dialect:Ko:ghatage-konkani1963:South%20Kanara%20Chitrapur%20Sarasvat%20Konkani ocr-review uncertain
Ko,,po:pəțu,parrot,,,,"ghatage-konkani1963[p. 132, col. 1, entry 6]",,,ghatage-konkani1963:p132:c1:e6,,,,dialect:Ko:ghatage-konkani1963:South%20Kanara%20Chitrapur%20Sarasvat%20Konkani ocr-review uncertain
Ko,,po:pəyi,papaw,,,,"ghatage-konkani1963[p. 132, col. 1, entry 7]",,,ghatage-konkani1963:p132:c1:e7,,,,dialect:Ko:ghatage-konkani1963:South%20Kanara%20Chitrapur%20Sarasvat%20Konkani
Ko,,po:ši,to support,,,,"ghatage-konkani1963[p. 132, col. 1, entry 8]",,,ghatage-konkani1963:p132:c1:e8,,,,dialect:Ko:ghatage-konkani1963:South%20Kanara%20Chitrapur%20Sarasvat%20Konkani ocr-review uncertain
Ko,,pətə,stomach old,,,,"ghatage-konkani1963[p. 132, col. 1, entry 9]",,,ghatage-konkani1963:p132:c1:e9,,,,dialect:Ko:ghatage-konkani1963:South%20Kanara%20Chitrapur%20Sarasvat%20Konkani ocr-review uncertain
Ko,,pəvə,to swim,,,,"ghatage-konkani1963[p. 132, col. 1, entry 11]",,,ghatage-konkani1963:p132:c1:e11,,,,dialect:Ko:ghatage-konkani1963:South%20Kanara%20Chitrapur%20Sarasvat%20Konkani ocr-review uncertain
Ko,,prətye:k,each,,,,"ghatage-konkani1963[p. 132, col. 1, entry 12]",,,ghatage-konkani1963:p132:c1:e12,,,,dialect:Ko:ghatage-konkani1963:South%20Kanara%20Chitrapur%20Sarasvat%20Konkani ocr-review uncertain
Ko,,prarthən kəri,to pray,,,,"ghatage-konkani1963[p. 132, col. 1, entry 13]",,,ghatage-konkani1963:p132:c1:e13,,,,dialect:Ko:ghatage-konkani1963:South%20Kanara%20Chitrapur%20Sarasvat%20Konkani ocr-review uncertain
Ko,,prəyətnə,effort,,,,"ghatage-konkani1963[p. 132, col. 1, entry 14]",,,ghatage-konkani1963:p132:c1:e14,,,,dialect:Ko:ghatage-konkani1963:South%20Kanara%20Chitrapur%20Sarasvat%20Konkani ocr-review uncertain
Ko,,pristi,love?,,,,"ghatage-konkani1963[p. 132, col. 1, entry 15]",,,ghatage-konkani1963:p132:c1:e15,,,,dialect:Ko:ghatage-konkani1963:South%20Kanara%20Chitrapur%20Sarasvat%20Konkani ocr-review uncertain
Ko,,pri:ticə,dear,,,,"ghatage-konkani1963[p. 132, col. 1, entry 16]",,,ghatage-konkani1963:p132:c1:e16,,,,dialect:Ko:ghatage-konkani1963:South%20Kanara%20Chitrapur%20Sarasvat%20Konkani ocr-review uncertain
Ko,,phətțțti,false,,,,"ghatage-konkani1963[p. 132, col. 1, entry 17]",,,ghatage-konkani1963:p132:c1:e17,,,,dialect:Ko:ghatage-konkani1963:South%20Kanara%20Chitrapur%20Sarasvat%20Konkani ocr-review uncertain
Ko,,phəņəsu,jackfruit,,,,"ghatage-konkani1963[p. 132, col. 1, entry 18]",,,ghatage-konkani1963:p132:c1:e18,,,,dialect:Ko:ghatage-konkani1963:South%20Kanara%20Chitrapur%20Sarasvat%20Konkani ocr-review uncertain
Ko,,phəņņə,seasoning of food,,,,"ghatage-konkani1963[p. 132, col. 1, entry 19]",,,ghatage-konkani1963:p132:c1:e19,,,,dialect:Ko:ghatage-konkani1963:South%20Kanara%20Chitrapur%20Sarasvat%20Konkani ocr-review uncertain
Ko,,phəņsa:ru:ku,jack tree,,,,"ghatage-konkani1963[p. 132, col. 1, entry 20]",,,ghatage-konkani1963:p132:c1:e20,,,,dialect:Ko:ghatage-konkani1963:South%20Kanara%20Chitrapur%20Sarasvat%20Konkani ocr-review uncertain
Ko,,phəsəyi,to cheat,,,,"ghatage-konkani1963[p. 132, col. 1, entry 21]",,,ghatage-konkani1963:p132:c1:e21,,,,dialect:Ko:ghatage-konkani1963:South%20Kanara%20Chitrapur%20Sarasvat%20Konkani ocr-review uncertain
Ko,,phə:ļə,fruit,,,,"ghatage-konkani1963[p. 132, col. 1, entry 22]",,,ghatage-konkani1963:p132:c1:e22,,,,dialect:Ko:ghatage-konkani1963:South%20Kanara%20Chitrapur%20Sarasvat%20Konkani ocr-review uncertain
Ko,,phattəru,stone,,,,"ghatage-konkani1963[p. 132, col. 1, entry 23]",,,ghatage-konkani1963:p132:c1:e23,,,,dialect:Ko:ghatage-konkani1963:South%20Kanara%20Chitrapur%20Sarasvat%20Konkani ocr-review uncertain
Ko,,phallë,dawn,,,,"ghatage-konkani1963[p. 132, col. 1, entry 24]",,,ghatage-konkani1963:p132:c1:e24,,,,dialect:Ko:ghatage-konkani1963:South%20Kanara%20Chitrapur%20Sarasvat%20Konkani ocr-review uncertain
Ko,,phavdë,spade,,,,"ghatage-konkani1963[p. 132, col. 1, entry 25]",,,ghatage-konkani1963:p132:c1:e25,,,,dialect:Ko:ghatage-konkani1963:South%20Kanara%20Chitrapur%20Sarasvat%20Konkani ocr-review uncertain
Ko,,pha:țti,back,,,,"ghatage-konkani1963[p. 132, col. 1, entry 26]",,,ghatage-konkani1963:p132:c1:e26,,,,dialect:Ko:ghatage-konkani1963:South%20Kanara%20Chitrapur%20Sarasvat%20Konkani ocr-review uncertain
Ko,,phã:di,branch,,,,"ghatage-konkani1963[p. 132, col. 1, entry 27]",,,ghatage-konkani1963:p132:c1:e27,,,,dialect:Ko:ghatage-konkani1963:South%20Kanara%20Chitrapur%20Sarasvat%20Konkani ocr-review uncertain
Ko,,pha:yi,tomorrow,,,,"ghatage-konkani1963[p. 132, col. 1, entry 28]",,,ghatage-konkani1963:p132:c1:e28,,,,dialect:Ko:ghatage-konkani1963:South%20Kanara%20Chitrapur%20Sarasvat%20Konkani ocr-review uncertain
Ko,,pha:ši,hanging,,,,"ghatage-konkani1963[p. 132, col. 1, entry 29]",,,ghatage-konkani1963:p132:c1:e29,,,,dialect:Ko:ghatage-konkani1963:South%20Kanara%20Chitrapur%20Sarasvat%20Konkani ocr-review uncertain
Ko,,phiṇsə,mucus,,,,"ghatage-konkani1963[p. 132, col. 1, entry 30]",,,ghatage-konkani1963:p132:c1:e30,,,,dialect:Ko:ghatage-konkani1963:South%20Kanara%20Chitrapur%20Sarasvat%20Konkani
Ko,,phirəyi,to turn,,,,"ghatage-konkani1963[p. 132, col. 1, entry 31]",,,ghatage-konkani1963:p132:c1:e31,,,,dialect:Ko:ghatage-konkani1963:South%20Kanara%20Chitrapur%20Sarasvat%20Konkani ocr-review uncertain
Ko,,phi:rəa,to turn around,,,,"ghatage-konkani1963[p. 132, col. 1, entry 32]",,,ghatage-konkani1963:p132:c1:e32,,,,dialect:Ko:ghatage-konkani1963:South%20Kanara%20Chitrapur%20Sarasvat%20Konkani ocr-review uncertain
Ko,,phudē,before,,,,"ghatage-konkani1963[p. 132, col. 1, entry 33]",,,ghatage-konkani1963:p132:c1:e33,,,,dialect:Ko:ghatage-konkani1963:South%20Kanara%20Chitrapur%20Sarasvat%20Konkani ocr-review uncertain
Ko,,phuppusə,lung,,,,"ghatage-konkani1963[p. 132, col. 1, entry 34]",,,ghatage-konkani1963:p132:c1:e34,,,,dialect:Ko:ghatage-konkani1963:South%20Kanara%20Chitrapur%20Sarasvat%20Konkani ocr-review uncertain
Ko,,phušarki marei,to boast,,,,"ghatage-konkani1963[p. 132, col. 1, entry 35]",,,ghatage-konkani1963:p132:c1:e35,,,,dialect:Ko:ghatage-konkani1963:South%20Kanara%20Chitrapur%20Sarasvat%20Konkani ocr-review uncertain
Ko,,phulpãā:khrū,butterfly,,,,"ghatage-konkani1963[p. 132, col. 1, entry 36]",,,ghatage-konkani1963:p132:c1:e36,,,,dialect:Ko:ghatage-konkani1963:South%20Kanara%20Chitrapur%20Sarasvat%20Konkani ocr-review uncertain
Ko,,phulta,it blooms,,,,"ghatage-konkani1963[p. 132, col. 2, entry 1]",,,ghatage-konkani1963:p132:c2:e1,,,,dialect:Ko:ghatage-konkani1963:South%20Kanara%20Chitrapur%20Sarasvat%20Konkani ocr-review uncertain
Ko,,phu:lə,flower,,,,"ghatage-konkani1963[p. 132, col. 2, entry 2]",,,ghatage-konkani1963:p132:c2:e2,,,,dialect:Ko:ghatage-konkani1963:South%20Kanara%20Chitrapur%20Sarasvat%20Konkani ocr-review uncertain
Ko,,phū:ki,to blow,,,,"ghatage-konkani1963[p. 132, col. 2, entry 3]",,,ghatage-konkani1963:p132:c2:e3,,,,dialect:Ko:ghatage-konkani1963:South%20Kanara%20Chitrapur%20Sarasvat%20Konkani ocr-review uncertain
Ko,,phe:q,to atone (sin),,,,"ghatage-konkani1963[p. 132, col. 2, entry 4]",,,ghatage-konkani1963:p132:c2:e4,,,,dialect:Ko:ghatage-konkani1963:South%20Kanara%20Chitrapur%20Sarasvat%20Konkani ocr-review uncertain
Ko,,phe:ņu,foam,,,,"ghatage-konkani1963[p. 132, col. 2, entry 5]",,,ghatage-konkani1963:p132:c2:e5,,,,dialect:Ko:ghatage-konkani1963:South%20Kanara%20Chitrapur%20Sarasvat%20Konkani ocr-review uncertain
Ko,,pho:vu,beaten rice,,,,"ghatage-konkani1963[p. 132, col. 2, entry 6]",,,ghatage-konkani1963:p132:c2:e6,,,,dialect:Ko:ghatage-konkani1963:South%20Kanara%20Chitrapur%20Sarasvat%20Konkani ocr-review uncertain
Ko,,phədə,cobra’s hood i,,,,"ghatage-konkani1963[p. 132, col. 2, entry 7]",,,ghatage-konkani1963:p132:c2:e7,,,,dialect:Ko:ghatage-konkani1963:South%20Kanara%20Chitrapur%20Sarasvat%20Konkani ocr-review uncertain
Ko,,bəglļəo,stork,,,,"ghatage-konkani1963[p. 132, col. 2, entry 8]",,,ghatage-konkani1963:p132:c2:e8,,,,dialect:Ko:ghatage-konkani1963:South%20Kanara%20Chitrapur%20Sarasvat%20Konkani ocr-review uncertain
Ko,,bəkši:s,reward,,,,"ghatage-konkani1963[p. 132, col. 2, entry 9]",,,ghatage-konkani1963:p132:c2:e9,,,,dialect:Ko:ghatage-konkani1963:South%20Kanara%20Chitrapur%20Sarasvat%20Konkani ocr-review uncertain
Ko,,bəttətə,potato l,,,,"ghatage-konkani1963[p. 132, col. 2, entry 10]",,,ghatage-konkani1963:p132:c2:e10,,,,dialect:Ko:ghatage-konkani1963:South%20Kanara%20Chitrapur%20Sarasvat%20Konkani ocr-review uncertain
Ko,,bətņə,button,,,,"ghatage-konkani1963[p. 132, col. 2, entry 11]",,,ghatage-konkani1963:p132:c2:e11,,,,dialect:Ko:ghatage-konkani1963:South%20Kanara%20Chitrapur%20Sarasvat%20Konkani ocr-review uncertain
Ko,,bəddi,stick,,,,"ghatage-konkani1963[p. 132, col. 2, entry 12]",,,ghatage-konkani1963:p132:c2:e12,,,,dialect:Ko:ghatage-konkani1963:South%20Kanara%20Chitrapur%20Sarasvat%20Konkani ocr-review uncertain
Ko,,bəddə,cudgel,,,,"ghatage-konkani1963[p. 132, col. 2, entry 13]",,,ghatage-konkani1963:p132:c2:e13,,,,dialect:Ko:ghatage-konkani1963:South%20Kanara%20Chitrapur%20Sarasvat%20Konkani ocr-review uncertain
Ko,,bəņņu,colour,,,,"ghatage-konkani1963[p. 132, col. 2, entry 14]",,,ghatage-konkani1963:p132:c2:e14,,,,dialect:Ko:ghatage-konkani1963:South%20Kanara%20Chitrapur%20Sarasvat%20Konkani ocr-review uncertain
Ko,,bəṇṇu,paint,,,,"ghatage-konkani1963[p. 132, col. 2, entry 15]",,,ghatage-konkani1963:p132:c2:e15,,,,dialect:Ko:ghatage-konkani1963:South%20Kanara%20Chitrapur%20Sarasvat%20Konkani
Ko,,bədəkə,duck,,,,"ghatage-konkani1963[p. 132, col. 2, entry 16]",,,ghatage-konkani1963:p132:c2:e16,,,,dialect:Ko:ghatage-konkani1963:South%20Kanara%20Chitrapur%20Sarasvat%20Konkani ocr-review uncertain
Ko,,bəda mə,almond,,,,"ghatage-konkani1963[p. 132, col. 2, entry 17]",,,ghatage-konkani1963:p132:c2:e17,,,,dialect:Ko:ghatage-konkani1963:South%20Kanara%20Chitrapur%20Sarasvat%20Konkani ocr-review uncertain
Ko,,bəndə,shut,,,,"ghatage-konkani1963[p. 132, col. 2, entry 18]",,,ghatage-konkani1963:p132:c2:e18,,,,dialect:Ko:ghatage-konkani1963:South%20Kanara%20Chitrapur%20Sarasvat%20Konkani ocr-review uncertain
Ko,,bəndərə,port,,,,"ghatage-konkani1963[p. 132, col. 2, entry 19]",,,ghatage-konkani1963:p132:c2:e19,,,,dialect:Ko:ghatage-konkani1963:South%20Kanara%20Chitrapur%20Sarasvat%20Konkani ocr-review uncertain
Ko,,bəndukə,gun,,,,"ghatage-konkani1963[p. 132, col. 2, entry 20]",,,ghatage-konkani1963:p132:c2:e20,,,,dialect:Ko:ghatage-konkani1963:South%20Kanara%20Chitrapur%20Sarasvat%20Konkani ocr-review uncertain
Ko,,bənd kəri,to shut,,,,"ghatage-konkani1963[p. 132, col. 2, entry 21]",,,ghatage-konkani1963:p132:c2:e21,,,,dialect:Ko:ghatage-konkani1963:South%20Kanara%20Chitrapur%20Sarasvat%20Konkani ocr-review uncertain
Ko,,bənyənə,banian,,,,"ghatage-konkani1963[p. 132, col. 2, entry 22]",,,ghatage-konkani1963:p132:c2:e22,,,,dialect:Ko:ghatage-konkani1963:South%20Kanara%20Chitrapur%20Sarasvat%20Konkani ocr-review uncertain
Ko,,bəysə,to sit,,,,"ghatage-konkani1963[p. 132, col. 2, entry 23]",,,ghatage-konkani1963:p132:c2:e23,,,,dialect:Ko:ghatage-konkani1963:South%20Kanara%20Chitrapur%20Sarasvat%20Konkani ocr-review uncertain
Ko,,bəyl gadi,bullock cart,,,,"ghatage-konkani1963[p. 132, col. 2, entry 24]",,,ghatage-konkani1963:p132:c2:e24,,,,dialect:Ko:ghatage-konkani1963:South%20Kanara%20Chitrapur%20Sarasvat%20Konkani ocr-review uncertain
Ko,,bəro:bərə,right,,,,"ghatage-konkani1963[p. 132, col. 2, entry 25]",,,ghatage-konkani1963:p132:c2:e25,,,,dialect:Ko:ghatage-konkani1963:South%20Kanara%20Chitrapur%20Sarasvat%20Konkani ocr-review uncertain
Ko,,bər korčē,to cure,,,,"ghatage-konkani1963[p. 132, col. 2, entry 26]",,,ghatage-konkani1963:p132:c2:e26,,,,dialect:Ko:ghatage-konkani1963:South%20Kanara%20Chitrapur%20Sarasvat%20Konkani ocr-review uncertain
Ko,,bərṇi,jar,,,,"ghatage-konkani1963[p. 132, col. 2, entry 27]",,,ghatage-konkani1963:p132:c2:e27,,,,dialect:Ko:ghatage-konkani1963:South%20Kanara%20Chitrapur%20Sarasvat%20Konkani
Ko,,bəssə,bus,,,,"ghatage-konkani1963[p. 132, col. 2, entry 28]",,,ghatage-konkani1963:p132:c2:e28,,,,dialect:Ko:ghatage-konkani1963:South%20Kanara%20Chitrapur%20Sarasvat%20Konkani ocr-review uncertain
Ko,,bə:jə,pakoda,,,,"ghatage-konkani1963[p. 132, col. 2, entry 29]",,,ghatage-konkani1963:p132:c2:e29,,,,dialect:Ko:ghatage-konkani1963:South%20Kanara%20Chitrapur%20Sarasvat%20Konkani ocr-review uncertain
Ko,,bə:ylu,bull,,,,"ghatage-konkani1963[p. 132, col. 2, entry 30]",,,ghatage-konkani1963:p132:c2:e30,,,,dialect:Ko:ghatage-konkani1963:South%20Kanara%20Chitrapur%20Sarasvat%20Konkani ocr-review uncertain
Ko,,bə:rəyi,to write,,,,"ghatage-konkani1963[p. 132, col. 2, entry 31]",,,ghatage-konkani1963:p132:c2:e31,,,,dialect:Ko:ghatage-konkani1963:South%20Kanara%20Chitrapur%20Sarasvat%20Konkani ocr-review uncertain
Ko,,bə:lə,strength,,,,"ghatage-konkani1963[p. 132, col. 2, entry 32]",,,ghatage-konkani1963:p132:c2:e32,,,,dialect:Ko:ghatage-konkani1963:South%20Kanara%20Chitrapur%20Sarasvat%20Konkani ocr-review uncertain
Ko,,bə:lë,net,,,,"ghatage-konkani1963[p. 132, col. 2, entry 33]",,,ghatage-konkani1963:p132:c2:e33,,,,dialect:Ko:ghatage-konkani1963:South%20Kanara%20Chitrapur%20Sarasvat%20Konkani ocr-review uncertain
Ko,,baki:čə,remaining,,,,"ghatage-konkani1963[p. 132, col. 2, entry 34]",,,ghatage-konkani1963:p132:c2:e34,,,,dialect:Ko:ghatage-konkani1963:South%20Kanara%20Chitrapur%20Sarasvat%20Konkani ocr-review uncertain
Ko,,bagilə,gate t,,,,"ghatage-konkani1963[p. 132, col. 2, entry 35]",,,ghatage-konkani1963:p132:c2:e35,,,,dialect:Ko:ghatage-konkani1963:South%20Kanara%20Chitrapur%20Sarasvat%20Konkani ocr-review uncertain
Ko,,bagilə,door,,,,"ghatage-konkani1963[p. 132, col. 2, entry 36]",,,ghatage-konkani1963:p132:c2:e36,,,,dialect:Ko:ghatage-konkani1963:South%20Kanara%20Chitrapur%20Sarasvat%20Konkani ocr-review uncertain
Ko,,bajarù,market,,,,"ghatage-konkani1963[p. 132, col. 2, entry 37]",,,ghatage-konkani1963:p132:c2:e37,,,,dialect:Ko:ghatage-konkani1963:South%20Kanara%20Chitrapur%20Sarasvat%20Konkani ocr-review uncertain
Ko,,bațtli,bottle,,,,"ghatage-konkani1963[p. 132, col. 2, entry 38]",,,ghatage-konkani1963:p132:c2:e38,,,,dialect:Ko:ghatage-konkani1963:South%20Kanara%20Chitrapur%20Sarasvat%20Konkani ocr-review uncertain
Ko,,bappa,father’s younger brother,,,,"ghatage-konkani1963[p. 133, col. 1, entry 1]",,,ghatage-konkani1963:p133:c1:e1,,,,dialect:Ko:ghatage-konkani1963:South%20Kanara%20Chitrapur%20Sarasvat%20Konkani ocr-review uncertain
Ko,,bappusu,father,,,,"ghatage-konkani1963[p. 133, col. 1, entry 2]",,,ghatage-konkani1963:p133:c1:e2,,,,dialect:Ko:ghatage-konkani1963:South%20Kanara%20Chitrapur%20Sarasvat%20Konkani ocr-review uncertain
Ko,,bappulbhəyņi,paternal uncle’s daughter,,,,"ghatage-konkani1963[p. 133, col. 1, entry 3]",,,ghatage-konkani1963:p133:c1:e3,,,,dialect:Ko:ghatage-konkani1963:South%20Kanara%20Chitrapur%20Sarasvat%20Konkani ocr-review uncertain
Ko,,bappulbha:-,paternal,,,,"ghatage-konkani1963[p. 133, col. 1, entry 4]",,,ghatage-konkani1963:p133:c1:e4,,,,dialect:Ko:ghatage-konkani1963:South%20Kanara%20Chitrapur%20Sarasvat%20Konkani ocr-review uncertain
Ko,,vu,uncle’sson!,,,,"ghatage-konkani1963[p. 133, col. 1, entry 5]",,,ghatage-konkani1963:p133:c1:e5,,,,dialect:Ko:ghatage-konkani1963:South%20Kanara%20Chitrapur%20Sarasvat%20Konkani ocr-review uncertain
Ko,,bambu,bamboo,,,,"ghatage-konkani1963[p. 133, col. 1, entry 6]",,,ghatage-konkani1963:p133:c1:e6,,,,dialect:Ko:ghatage-konkani1963:South%20Kanara%20Chitrapur%20Sarasvat%20Konkani ocr-review uncertain
Ko,,bammuņu,husband,,,,"ghatage-konkani1963[p. 133, col. 1, entry 7]",,,ghatage-konkani1963:p133:c1:e7,,,,dialect:Ko:ghatage-konkani1963:South%20Kanara%20Chitrapur%20Sarasvat%20Konkani ocr-review uncertain
Ko,,baylmuniši,woman,,,,"ghatage-konkani1963[p. 133, col. 1, entry 8]",,,ghatage-konkani1963:p133:c1:e8,,,,dialect:Ko:ghatage-konkani1963:South%20Kanara%20Chitrapur%20Sarasvat%20Konkani ocr-review uncertain
Ko,,baldi,bucket,,,,"ghatage-konkani1963[p. 133, col. 1, entry 9]",,,ghatage-konkani1963:p133:c1:e9,,,,dialect:Ko:ghatage-konkani1963:South%20Kanara%20Chitrapur%20Sarasvat%20Konkani ocr-review uncertain
Ko,,baskeṭə,basket,,,,"ghatage-konkani1963[p. 133, col. 1, entry 10]",,,ghatage-konkani1963:p133:c1:e10,,,,dialect:Ko:ghatage-konkani1963:South%20Kanara%20Chitrapur%20Sarasvat%20Konkani
Ko,,ba:gə,garden,,,,"ghatage-konkani1963[p. 133, col. 1, entry 11]",,,ghatage-konkani1963:p133:c1:e11,,,,dialect:Ko:ghatage-konkani1963:South%20Kanara%20Chitrapur%20Sarasvat%20Konkani ocr-review uncertain
Ko,,ba:ju,side,,,,"ghatage-konkani1963[p. 133, col. 1, entry 12]",,,ghatage-konkani1963:p133:c1:e12,,,,dialect:Ko:ghatage-konkani1963:South%20Kanara%20Chitrapur%20Sarasvat%20Konkani
Ko,,ba:nņu,arrow,,,,"ghatage-konkani1963[p. 133, col. 1, entry 13]",,,ghatage-konkani1963:p133:c1:e13,,,,dialect:Ko:ghatage-konkani1963:South%20Kanara%20Chitrapur%20Sarasvat%20Konkani ocr-review uncertain
Ko,,ba:ylə,wife,,,,"ghatage-konkani1963[p. 133, col. 1, entry 14]",,,ghatage-konkani1963:p133:c1:e14,,,,dialect:Ko:ghatage-konkani1963:South%20Kanara%20Chitrapur%20Sarasvat%20Konkani ocr-review uncertain
Ko,,ba:ra,twelve,,,,"ghatage-konkani1963[p. 133, col. 1, entry 15]",,,ghatage-konkani1963:p133:c1:e15,,,,dialect:Ko:ghatage-konkani1963:South%20Kanara%20Chitrapur%20Sarasvat%20Konkani ocr-review uncertain
Ko,,ba:lə,tail,,,,"ghatage-konkani1963[p. 133, col. 1, entry 16]",,,ghatage-konkani1963:p133:c1:e16,,,,dialect:Ko:ghatage-konkani1963:South%20Kanara%20Chitrapur%20Sarasvat%20Konkani ocr-review uncertain
Ko,,ba:lļə,child,,,,"ghatage-konkani1963[p. 133, col. 1, entry 17]",,,ghatage-konkani1963:p133:c1:e17,,,,dialect:Ko:ghatage-konkani1963:South%20Kanara%20Chitrapur%20Sarasvat%20Konkani ocr-review uncertain
Ko,,bã:di,to tie,,,,"ghatage-konkani1963[p. 133, col. 1, entry 18]",,,ghatage-konkani1963:p133:c1:e18,,,,dialect:Ko:ghatage-konkani1963:South%20Kanara%20Chitrapur%20Sarasvat%20Konkani ocr-review uncertain
Ko,,bāã:di,to build,,,,"ghatage-konkani1963[p. 133, col. 1, entry 19]",,,ghatage-konkani1963:p133:c1:e19,,,,dialect:Ko:ghatage-konkani1963:South%20Kanara%20Chitrapur%20Sarasvat%20Konkani ocr-review uncertain
Ko,,þi,seed,,,,"ghatage-konkani1963[p. 133, col. 1, entry 20]",,,ghatage-konkani1963:p133:c1:e20,,,,dialect:Ko:ghatage-konkani1963:South%20Kanara%20Chitrapur%20Sarasvat%20Konkani ocr-review uncertain
Ko,,bikkəņnqdə,jackfruit stone.,,,,"ghatage-konkani1963[p. 133, col. 1, entry 21]",,,ghatage-konkani1963:p133:c1:e21,,,,dialect:Ko:ghatage-konkani1963:South%20Kanara%20Chitrapur%20Sarasvat%20Konkani ocr-review uncertain
Ko,,bikkuņu,beď bug,,,,"ghatage-konkani1963[p. 133, col. 1, entry 22]",,,ghatage-konkani1963:p133:c1:e22,,,,dialect:Ko:ghatage-konkani1963:South%20Kanara%20Chitrapur%20Sarasvat%20Konkani ocr-review uncertain
Ko,,biga:hatu,key,,,,"ghatage-konkani1963[p. 133, col. 1, entry 23]",,,ghatage-konkani1963:p133:c1:e23,,,,dialect:Ko:ghatage-konkani1963:South%20Kanara%20Chitrapur%20Sarasvat%20Konkani ocr-review uncertain
Ko,,bija:giri,hinge,,,,"ghatage-konkani1963[p. 133, col. 1, entry 24]",,,ghatage-konkani1963:p133:c1:e24,,,,dialect:Ko:ghatage-konkani1963:South%20Kanara%20Chitrapur%20Sarasvat%20Konkani ocr-review uncertain
Ko,,bittər yə,to enter,,,,"ghatage-konkani1963[p. 133, col. 1, entry 25]",,,ghatage-konkani1963:p133:c1:e25,,,,dialect:Ko:ghatage-konkani1963:South%20Kanara%20Chitrapur%20Sarasvat%20Konkani ocr-review uncertain
Ko,,bibbə,cashew nut (green),,,,"ghatage-konkani1963[p. 133, col. 1, entry 26]",,,ghatage-konkani1963:p133:c1:e26,,,,dialect:Ko:ghatage-konkani1963:South%20Kanara%20Chitrapur%20Sarasvat%20Konkani ocr-review uncertain
Ko,,billu,arrow,,,,"ghatage-konkani1963[p. 133, col. 1, entry 27]",,,ghatage-konkani1963:p133:c1:e27,,,,dialect:Ko:ghatage-konkani1963:South%20Kanara%20Chitrapur%20Sarasvat%20Konkani ocr-review uncertain
Ko,,biskițə,biscuit,,,,"ghatage-konkani1963[p. 133, col. 1, entry 28]",,,ghatage-konkani1963:p133:c1:e28,,,,dialect:Ko:ghatage-konkani1963:South%20Kanara%20Chitrapur%20Sarasvat%20Konkani ocr-review uncertain
Ko,,biga,lock,,,,"ghatage-konkani1963[p. 133, col. 1, entry 29]",,,ghatage-konkani1963:p133:c1:e29,,,,dialect:Ko:ghatage-konkani1963:South%20Kanara%20Chitrapur%20Sarasvat%20Konkani ocr-review uncertain
Ko,,buddəyi,to sink,,,,"ghatage-konkani1963[p. 133, col. 1, entry 30]",,,ghatage-konkani1963:p133:c1:e30,,,,dialect:Ko:ghatage-konkani1963:South%20Kanara%20Chitrapur%20Sarasvat%20Konkani ocr-review uncertain
Ko,,buddhi,wisdom,,,,"ghatage-konkani1963[p. 133, col. 1, entry 31]",,,ghatage-konkani1963:p133:c1:e31,,,,dialect:Ko:ghatage-konkani1963:South%20Kanara%20Chitrapur%20Sarasvat%20Konkani ocr-review uncertain
Ko,,buddhi bəl,chess,,,,"ghatage-konkani1963[p. 133, col. 1, entry 32]",,,ghatage-konkani1963:p133:c1:e32,,,,dialect:Ko:ghatage-konkani1963:South%20Kanara%20Chitrapur%20Sarasvat%20Konkani ocr-review uncertain
Ko,,budvəntu,wise,,,,"ghatage-konkani1963[p. 133, col. 1, entry 33]",,,ghatage-konkani1963:p133:c1:e33,,,,dialect:Ko:ghatage-konkani1963:South%20Kanara%20Chitrapur%20Sarasvat%20Konkani ocr-review uncertain
Ko,,budva:ru,wednesday,,,,"ghatage-konkani1963[p. 133, col. 2, entry 1]",,,ghatage-konkani1963:p133:c2:e1,,,,dialect:Ko:ghatage-konkani1963:South%20Kanara%20Chitrapur%20Sarasvat%20Konkani ocr-review uncertain
Ko,,bu:kə,book,,,,"ghatage-konkani1963[p. 133, col. 2, entry 2]",,,ghatage-konkani1963:p133:c2:e2,,,,dialect:Ko:ghatage-konkani1963:South%20Kanara%20Chitrapur%20Sarasvat%20Konkani ocr-review uncertain
Ko,,bedyəs,hand cuffs,,,,"ghatage-konkani1963[p. 133, col. 2, entry 3]",,,ghatage-konkani1963:p133:c2:e3,,,,dialect:Ko:ghatage-konkani1963:South%20Kanara%20Chitrapur%20Sarasvat%20Konkani ocr-review uncertain
Ko,,benčə,bench,,,,"ghatage-konkani1963[p. 133, col. 2, entry 4]",,,ghatage-konkani1963:p133:c2:e4,,,,dialect:Ko:ghatage-konkani1963:South%20Kanara%20Chitrapur%20Sarasvat%20Konkani ocr-review uncertain
Ko,,ba:kə,bench,,,,"ghatage-konkani1963[p. 133, col. 2, entry 5]",,,ghatage-konkani1963:p133:c2:e5,,,,dialect:Ko:ghatage-konkani1963:South%20Kanara%20Chitrapur%20Sarasvat%20Konkani ocr-review uncertain
Ko,,be:tțə,island,,,,"ghatage-konkani1963[p. 133, col. 2, entry 6]",,,ghatage-konkani1963:p133:c2:e6,,,,dialect:Ko:ghatage-konkani1963:South%20Kanara%20Chitrapur%20Sarasvat%20Konkani ocr-review uncertain
Ko,,be lțù,belt,,,,"ghatage-konkani1963[p. 133, col. 2, entry 7]",,,ghatage-konkani1963:p133:c2:e7,,,,dialect:Ko:ghatage-konkani1963:South%20Kanara%20Chitrapur%20Sarasvat%20Konkani ocr-review uncertain
Ko,,bețə,bat,,,,"ghatage-konkani1963[p. 133, col. 2, entry 8]",,,ghatage-konkani1963:p133:c2:e8,,,,dialect:Ko:ghatage-konkani1963:South%20Kanara%20Chitrapur%20Sarasvat%20Konkani ocr-review uncertain
Ko,,betə,cane,,,,"ghatage-konkani1963[p. 133, col. 2, entry 9]",,,ghatage-konkani1963:p133:c2:e9,,,,dialect:Ko:ghatage-konkani1963:South%20Kanara%20Chitrapur%20Sarasvat%20Konkani ocr-review uncertain
Ko,,bokkəqdi,goat,,,,"ghatage-konkani1963[p. 133, col. 2, entry 10]",,,ghatage-konkani1963:p133:c2:e10,,,,dialect:Ko:ghatage-konkani1963:South%20Kanara%20Chitrapur%20Sarasvat%20Konkani ocr-review uncertain
Ko,,bokkodu,he-goat,,,,"ghatage-konkani1963[p. 133, col. 2, entry 11]",,,ghatage-konkani1963:p133:c2:e11,,,,dialect:Ko:ghatage-konkani1963:South%20Kanara%20Chitrapur%20Sarasvat%20Konkani ocr-review uncertain
Ko,,boddu,blunt,,,,"ghatage-konkani1963[p. 133, col. 2, entry 12]",,,ghatage-konkani1963:p133:c2:e12,,,,dialect:Ko:ghatage-konkani1963:South%20Kanara%20Chitrapur%20Sarasvat%20Konkani ocr-review uncertain
Ko,,bombli,navel,,,,"ghatage-konkani1963[p. 133, col. 2, entry 13]",,,ghatage-konkani1963:p133:c2:e13,,,,dialect:Ko:ghatage-konkani1963:South%20Kanara%20Chitrapur%20Sarasvat%20Konkani ocr-review uncertain
Ko,,bastis,ship,,,,"ghatage-konkani1963[p. 133, col. 2, entry 14]",,,ghatage-konkani1963:p133:c2:e14,,,,dialect:Ko:ghatage-konkani1963:South%20Kanara%20Chitrapur%20Sarasvat%20Konkani ocr-review uncertain
Ko,,bo:duyi,to beat,,,,"ghatage-konkani1963[p. 133, col. 2, entry 15]",,,ghatage-konkani1963:p133:c2:e15,,,,dialect:Ko:ghatage-konkani1963:South%20Kanara%20Chitrapur%20Sarasvat%20Konkani ocr-review uncertain
Ko,,bəkkə,boil,,,,"ghatage-konkani1963[p. 133, col. 2, entry 16]",,,ghatage-konkani1963:p133:c2:e16,,,,dialect:Ko:ghatage-konkani1963:South%20Kanara%20Chitrapur%20Sarasvat%20Konkani ocr-review uncertain
Ko,,bəțə,finger,,,,"ghatage-konkani1963[p. 133, col. 2, entry 17]",,,ghatage-konkani1963:p133:c2:e17,,,,dialect:Ko:ghatage-konkani1963:South%20Kanara%20Chitrapur%20Sarasvat%20Konkani ocr-review uncertain
Ko,,bombë,picture,,,,"ghatage-konkani1963[p. 133, col. 2, entry 18]",,,ghatage-konkani1963:p133:c2:e18,,,,dialect:Ko:ghatage-konkani1963:South%20Kanara%20Chitrapur%20Sarasvat%20Konkani ocr-review uncertain
Ko,,bombë,doll,,,,"ghatage-konkani1963[p. 133, col. 2, entry 19]",,,ghatage-konkani1963:p133:c2:e19,,,,dialect:Ko:ghatage-konkani1963:South%20Kanara%20Chitrapur%20Sarasvat%20Konkani ocr-review uncertain
Ko,,brəššə,brush,,,,"ghatage-konkani1963[p. 133, col. 2, entry 20]",,,ghatage-konkani1963:p133:c2:e20,,,,dialect:Ko:ghatage-konkani1963:South%20Kanara%20Chitrapur%20Sarasvat%20Konkani ocr-review uncertain
Ko,,bhəngi,sweeper,,,,"ghatage-konkani1963[p. 133, col. 2, entry 22]",,,ghatage-konkani1963:p133:c2:e22,,,,dialect:Ko:ghatage-konkani1963:South%20Kanara%20Chitrapur%20Sarasvat%20Konkani ocr-review uncertain
Ko,,bhəyyə,fear,,,,"ghatage-konkani1963[p. 133, col. 2, entry 23]",,,ghatage-konkani1963:p133:c2:e23,,,,dialect:Ko:ghatage-konkani1963:South%20Kanara%20Chitrapur%20Sarasvat%20Konkani ocr-review uncertain
Ko,,bhərti,high-tide,,,,"ghatage-konkani1963[p. 133, col. 2, entry 24]",,,ghatage-konkani1963:p133:c2:e24,,,,dialect:Ko:ghatage-konkani1963:South%20Kanara%20Chitrapur%20Sarasvat%20Konkani ocr-review uncertain
Ko,,bhərlilë,full,,,,"ghatage-konkani1963[p. 133, col. 2, entry 25]",,,ghatage-konkani1963:p133:c2:e25,,,,dialect:Ko:ghatage-konkani1963:South%20Kanara%20Chitrapur%20Sarasvat%20Konkani ocr-review uncertain
Ko,,bhəyņi,sister,,,,"ghatage-konkani1963[p. 133, col. 2, entry 26]",,,ghatage-konkani1963:p133:c2:e26,,,,dialect:Ko:ghatage-konkani1963:South%20Kanara%20Chitrapur%20Sarasvat%20Konkani ocr-review uncertain
Ko,,bhə:ri,to fill’,,,,"ghatage-konkani1963[p. 133, col. 2, entry 27]",,,ghatage-konkani1963:p133:c2:e27,,,,dialect:Ko:ghatage-konkani1963:South%20Kanara%20Chitrapur%20Sarasvat%20Konkani ocr-review uncertain
Ko,,bhanga:rə,gold,,,,"ghatage-konkani1963[p. 133, col. 2, entry 28]",,,ghatage-konkani1963:p133:c2:e28,,,,dialect:Ko:ghatage-konkani1963:South%20Kanara%20Chitrapur%20Sarasvat%20Konkani ocr-review uncertain
Ko,,bhaccə,sister’s son,,,,"ghatage-konkani1963[p. 133, col. 2, entry 29]",,,ghatage-konkani1963:p133:c2:e29,,,,dialect:Ko:ghatage-konkani1963:South%20Kanara%20Chitrapur%20Sarasvat%20Konkani ocr-review uncertain
Ko,,bhațtù,priest,,,,"ghatage-konkani1963[p. 133, col. 2, entry 30]",,,ghatage-konkani1963:p133:c2:e30,,,,dialect:Ko:ghatage-konkani1963:South%20Kanara%20Chitrapur%20Sarasvat%20Konkani ocr-review uncertain
Ko,,bhavəņndš,brothers and sisters,,,,"ghatage-konkani1963[p. 133, col. 2, entry 31]",,,ghatage-konkani1963:p133:c2:e31,,,,dialect:Ko:ghatage-konkani1963:South%20Kanara%20Chitrapur%20Sarasvat%20Konkani ocr-review uncertain
Ko,,bha:gčē,to divide,,,,"ghatage-konkani1963[p. 133, col. 2, entry 32]",,,ghatage-konkani1963:p133:c2:e32,,,,dialect:Ko:ghatage-konkani1963:South%20Kanara%20Chitrapur%20Sarasvat%20Konkani ocr-review uncertain
Ko,,bha:ǰi,to fry (without oil),,,,"ghatage-konkani1963[p. 133, col. 2, entry 33]",,,ghatage-konkani1963:p133:c2:e33,,,,dialect:Ko:ghatage-konkani1963:South%20Kanara%20Chitrapur%20Sarasvat%20Konkani
Ko,,bha:tə,paddy,,,,"ghatage-konkani1963[p. 133, col. 2, entry 34]",,,ghatage-konkani1963:p133:c2:e34,,,,dialect:Ko:ghatage-konkani1963:South%20Kanara%20Chitrapur%20Sarasvat%20Konkani ocr-review uncertain
Ko,,bha:ýrə,out,,,,"ghatage-konkani1963[p. 133, col. 2, entry 35]",,,ghatage-konkani1963:p133:c2:e35,,,,dialect:Ko:ghatage-konkani1963:South%20Kanara%20Chitrapur%20Sarasvat%20Konkani ocr-review uncertain
Ko,,bha:vəjə,brother’s wife,,,,"ghatage-konkani1963[p. 134, col. 1, entry 1]",,,ghatage-konkani1963:p134:c1:e1,,,,dialect:Ko:ghatage-konkani1963:South%20Kanara%20Chitrapur%20Sarasvat%20Konkani ocr-review uncertain
Ko,,bha:və,husband’s brother (elder),,,,"ghatage-konkani1963[p. 134, col. 1, entry 2]",,,ghatage-konkani1963:p134:c1:e2,,,,dialect:Ko:ghatage-konkani1963:South%20Kanara%20Chitrapur%20Sarasvat%20Konkani ocr-review uncertain
Ko,,Kiani,brother,,,,"ghatage-konkani1963[p. 134, col. 1, entry 3]",,,ghatage-konkani1963:p134:c1:e3,,,,dialect:Ko:ghatage-konkani1963:South%20Kanara%20Chitrapur%20Sarasvat%20Konkani ocr-review uncertain
Ko,,bhikari,beggar,,,,"ghatage-konkani1963[p. 134, col. 1, entry 4]",,,ghatage-konkani1963:p134:c1:e4,,,,dialect:Ko:ghatage-konkani1963:South%20Kanara%20Chitrapur%20Sarasvat%20Konkani ocr-review uncertain
Ko,,bhittəri,within,,,,"ghatage-konkani1963[p. 134, col. 1, entry 5]",,,ghatage-konkani1963:p134:c1:e5,,,,dialect:Ko:ghatage-konkani1963:South%20Kanara%20Chitrapur%20Sarasvat%20Konkani ocr-review uncertain
Ko,,n,timid,,,,"ghatage-konkani1963[p. 134, col. 1, entry 6]",,,ghatage-konkani1963:p134:c1:e6,,,,dialect:Ko:ghatage-konkani1963:South%20Kanara%20Chitrapur%20Sarasvat%20Konkani ocr-review uncertain
Ko,,bhurki,mosquito >a,,,,"ghatage-konkani1963[p. 134, col. 1, entry 7]",,,ghatage-konkani1963:p134:c1:e7,,,,dialect:Ko:ghatage-konkani1963:South%20Kanara%20Chitrapur%20Sarasvat%20Konkani ocr-review uncertain
Ko,,Phuri,dirty,,,,"ghatage-konkani1963[p. 134, col. 1, entry 8]",,,ghatage-konkani1963:p134:c1:e8,,,,dialect:Ko:ghatage-konkani1963:South%20Kanara%20Chitrapur%20Sarasvat%20Konkani ocr-review uncertain
Ko,,bhu:kə,hunger,,,,"ghatage-konkani1963[p. 134, col. 1, entry 9]",,,ghatage-konkani1963:p134:c1:e9,,,,dialect:Ko:ghatage-konkani1963:South%20Kanara%20Chitrapur%20Sarasvat%20Konkani ocr-review uncertain
Ko,,bhu:kəmpu,earthquake,,,,"ghatage-konkani1963[p. 134, col. 1, entry 10]",,,ghatage-konkani1963:p134:c1:e10,,,,dialect:Ko:ghatage-konkani1963:South%20Kanara%20Chitrapur%20Sarasvat%20Konkani ocr-review uncertain
Ko,,bhu:tə,ghost,,,,"ghatage-konkani1963[p. 134, col. 1, entry 11]",,,ghatage-konkani1963:p134:c1:e11,,,,dialect:Ko:ghatage-konkani1963:South%20Kanara%20Chitrapur%20Sarasvat%20Konkani ocr-review uncertain
Ko,,bheņdə,lady’s finger,,,,"ghatage-konkani1963[p. 134, col. 1, entry 12]",,,ghatage-konkani1963:p134:c1:e12,,,,dialect:Ko:ghatage-konkani1963:South%20Kanara%20Chitrapur%20Sarasvat%20Konkani ocr-review uncertain
Ko,,Pho,"muċh, ensam",,,,"ghatage-konkani1963[p. 134, col. 1, entry 13]",,,ghatage-konkani1963:p134:c1:e13,,,,dialect:Ko:ghatage-konkani1963:South%20Kanara%20Chitrapur%20Sarasvat%20Konkani ocr-review uncertain
Ko,,bhog cë,to suffer,,,,"ghatage-konkani1963[p. 134, col. 1, entry 14]",,,ghatage-konkani1963:p134:c1:e14,,,,dialect:Ko:ghatage-konkani1963:South%20Kanara%20Chitrapur%20Sarasvat%20Konkani ocr-review uncertain
Ko,,liea hiaai,to heal,,,,"ghatage-konkani1963[p. 134, col. 1, entry 15]",,,ghatage-konkani1963:p134:c1:e15,,,,dialect:Ko:ghatage-konkani1963:South%20Kanara%20Chitrapur%20Sarasvat%20Konkani ocr-review uncertain
Ko,,phawuu,aun,,,,"ghatage-konkani1963[p. 134, col. 1, entry 16]",,,ghatage-konkani1963:p134:c1:e16,,,,dialect:Ko:ghatage-konkani1963:South%20Kanara%20Chitrapur%20Sarasvat%20Konkani ocr-review uncertain
Ko,,sairi,to bark,,,,"ghatage-konkani1963[p. 134, col. 1, entry 18]",,,ghatage-konkani1963:p134:c1:e18,,,,dialect:Ko:ghatage-konkani1963:South%20Kanara%20Chitrapur%20Sarasvat%20Konkani ocr-review uncertain
Ko,,Pen,bútterāy,,,,"ghatage-konkani1963[p. 134, col. 1, entry 19]",,,ghatage-konkani1963:p134:c1:e19,,,,dialect:Ko:ghatage-konkani1963:South%20Kanara%20Chitrapur%20Sarasvat%20Konkani ocr-review uncertain
Ko,,məggɛ̃,cucumber (big),,,,"ghatage-konkani1963[p. 134, col. 1, entry 20]",,,ghatage-konkani1963:p134:c1:e20,,,,dialect:Ko:ghatage-konkani1963:South%20Kanara%20Chitrapur%20Sarasvat%20Konkani
Ko,,məggļla:ru,tuesday Dig pont,,,,"ghatage-konkani1963[p. 134, col. 1, entry 21]",,,ghatage-konkani1963:p134:c1:e21,,,,dialect:Ko:ghatage-konkani1963:South%20Kanara%20Chitrapur%20Sarasvat%20Konkani ocr-review uncertain
Ko,,mədē,dead body,,,,"ghatage-konkani1963[p. 134, col. 1, entry 23]",,,ghatage-konkani1963:p134:c1:e23,,,,dialect:Ko:ghatage-konkani1963:South%20Kanara%20Chitrapur%20Sarasvat%20Konkani ocr-review uncertain
Ko,,məḍcuyi,to fold,,,,"ghatage-konkani1963[p. 134, col. 1, entry 24]",,,ghatage-konkani1963:p134:c1:e24,,,,dialect:Ko:ghatage-konkani1963:South%20Kanara%20Chitrapur%20Sarasvat%20Konkani
Ko,,mədk č,picher,,,,"ghatage-konkani1963[p. 134, col. 1, entry 25]",,,ghatage-konkani1963:p134:c1:e25,,,,dialect:Ko:ghatage-konkani1963:South%20Kanara%20Chitrapur%20Sarasvat%20Konkani ocr-review uncertain
Ko,,mədət kəri,to help,,,,"ghatage-konkani1963[p. 134, col. 1, entry 26]",,,ghatage-konkani1963:p134:c1:e26,,,,dialect:Ko:ghatage-konkani1963:South%20Kanara%20Chitrapur%20Sarasvat%20Konkani ocr-review uncertain
Ko,,məddĉtū,between,,,,"ghatage-konkani1963[p. 134, col. 1, entry 27]",,,ghatage-konkani1963:p134:c1:e27,,,,dialect:Ko:ghatage-konkani1963:South%20Kanara%20Chitrapur%20Sarasvat%20Konkani ocr-review uncertain
Ko,,məddhyu,middle,,,,"ghatage-konkani1963[p. 134, col. 1, entry 28]",,,ghatage-konkani1963:p134:c1:e28,,,,dialect:Ko:ghatage-konkani1963:South%20Kanara%20Chitrapur%20Sarasvat%20Konkani ocr-review uncertain
Ko,,mədra:ti,midnight,,,,"ghatage-konkani1963[p. 134, col. 1, entry 29]",,,ghatage-konkani1963:p134:c1:e29,,,,dialect:Ko:ghatage-konkani1963:South%20Kanara%20Chitrapur%20Sarasvat%20Konkani ocr-review uncertain
Ko,,məntri,minister,,,,"ghatage-konkani1963[p. 134, col. 1, entry 30]",,,ghatage-konkani1963:p134:c1:e30,,,,dialect:Ko:ghatage-konkani1963:South%20Kanara%20Chitrapur%20Sarasvat%20Konkani ocr-review uncertain
Ko,,məntrə,hymn,,,,"ghatage-konkani1963[p. 134, col. 1, entry 31]",,,ghatage-konkani1963:p134:c1:e31,,,,dialect:Ko:ghatage-konkani1963:South%20Kanara%20Chitrapur%20Sarasvat%20Konkani ocr-review uncertain
Ko,,mənsəri,till,,,,"ghatage-konkani1963[p. 134, col. 1, entry 32]",,,ghatage-konkani1963:p134:c1:e32,,,,dialect:Ko:ghatage-konkani1963:South%20Kanara%20Chitrapur%20Sarasvat%20Konkani ocr-review uncertain
Ko,,məngəțtə,wrist,,,,"ghatage-konkani1963[p. 134, col. 1, entry 33]",,,ghatage-konkani1963:p134:c1:e33,,,,dialect:Ko:ghatage-konkani1963:South%20Kanara%20Chitrapur%20Sarasvat%20Konkani ocr-review uncertain
Ko,,məyda:nə,plain,,,,"ghatage-konkani1963[p. 134, col. 1, entry 34]",,,ghatage-konkani1963:p134:c1:e34,,,,dialect:Ko:ghatage-konkani1963:South%20Kanara%20Chitrapur%20Sarasvat%20Konkani ocr-review uncertain
Ko,,məylə,mile,,,,"ghatage-konkani1963[p. 134, col. 1, entry 35]",,,ghatage-konkani1963:p134:c1:e35,,,,dialect:Ko:ghatage-konkani1963:South%20Kanara%20Chitrapur%20Sarasvat%20Konkani
Ko,,mərəņə,death,,,,"ghatage-konkani1963[p. 134, col. 2, entry 1]",,,ghatage-konkani1963:p134:c2:e1,,,,dialect:Ko:ghatage-konkani1963:South%20Kanara%20Chitrapur%20Sarasvat%20Konkani ocr-review uncertain
Ko,,məšiygasã:gə,drum stick,,,,"ghatage-konkani1963[p. 134, col. 2, entry 2]",,,ghatage-konkani1963:p134:c2:e2,,,,dialect:Ko:ghatage-konkani1963:South%20Kanara%20Chitrapur%20Sarasvat%20Konkani ocr-review uncertain
Ko,,məši:di,mosque,,,,"ghatage-konkani1963[p. 134, col. 2, entry 3]",,,ghatage-konkani1963:p134:c2:e3,,,,dialect:Ko:ghatage-konkani1963:South%20Kanara%20Chitrapur%20Sarasvat%20Konkani ocr-review uncertain
Ko,,məstə,much,,,,"ghatage-konkani1963[p. 134, col. 2, entry 4]",,,ghatage-konkani1963:p134:c2:e4,,,,dialect:Ko:ghatage-konkani1963:South%20Kanara%20Chitrapur%20Sarasvat%20Konkani ocr-review uncertain
Ko,,məstə,various,,,,"ghatage-konkani1963[p. 134, col. 2, entry 5]",,,ghatage-konkani1963:p134:c2:e5,,,,dialect:Ko:ghatage-konkani1963:South%20Kanara%20Chitrapur%20Sarasvat%20Konkani ocr-review uncertain
Ko,,mə:kə,maize,,,,"ghatage-konkani1963[p. 134, col. 2, entry 6]",,,ghatage-konkani1963:p134:c2:e6,,,,dialect:Ko:ghatage-konkani1963:South%20Kanara%20Chitrapur%20Sarasvat%20Konkani ocr-review uncertain
Ko,,mə:ņi,bead,,,,"ghatage-konkani1963[p. 134, col. 2, entry 7]",,,ghatage-konkani1963:p134:c2:e7,,,,dialect:Ko:ghatage-konkani1963:South%20Kanara%20Chitrapur%20Sarasvat%20Konkani ocr-review uncertain
Ko,,mə:nə,maund,,,,"ghatage-konkani1963[p. 134, col. 2, entry 8]",,,ghatage-konkani1963:p134:c2:e8,,,,dialect:Ko:ghatage-konkani1963:South%20Kanara%20Chitrapur%20Sarasvat%20Konkani ocr-review uncertain
Ko,,mə:nušu,man,,,,"ghatage-konkani1963[p. 134, col. 2, entry 9]",,,ghatage-konkani1963:p134:c2:e9,,,,dialect:Ko:ghatage-konkani1963:South%20Kanara%20Chitrapur%20Sarasvat%20Konkani ocr-review uncertain
Ko,,əra,tidie,,,,"ghatage-konkani1963[p. 134, col. 2, entry 10]",,,ghatage-konkani1963:p134:c2:e10,,,,dialect:Ko:ghatage-konkani1963:South%20Kanara%20Chitrapur%20Sarasvat%20Konkani ocr-review uncertain
Ko,,mə:sti,to trample,,,,"ghatage-konkani1963[p. 134, col. 2, entry 11]",,,ghatage-konkani1963:p134:c2:e11,,,,dialect:Ko:ghatage-konkani1963:South%20Kanara%20Chitrapur%20Sarasvat%20Konkani ocr-review uncertain
Ko,,mə:vu,soft,,,,"ghatage-konkani1963[p. 134, col. 2, entry 12]",,,ghatage-konkani1963:p134:c2:e12,,,,dialect:Ko:ghatage-konkani1963:South%20Kanara%20Chitrapur%20Sarasvat%20Konkani ocr-review uncertain
Ko,,makši,behna,,,,"ghatage-konkani1963[p. 134, col. 2, entry 13]",,,ghatage-konkani1963:p134:c2:e13,,,,dialect:Ko:ghatage-konkani1963:South%20Kanara%20Chitrapur%20Sarasvat%20Konkani ocr-review uncertain
Ko,,makši gha:- i,to overtake,,,,"ghatage-konkani1963[p. 134, col. 2, entry 14]",,,ghatage-konkani1963:p134:c2:e14,,,,dialect:Ko:ghatage-konkani1963:South%20Kanara%20Chitrapur%20Sarasvat%20Konkani ocr-review uncertain
Ko,,makšthavnvə iii,to follow,,,,"ghatage-konkani1963[p. 134, col. 2, entry 15]",,,ghatage-konkani1963:p134:c2:e15,,,,dialect:Ko:ghatage-konkani1963:South%20Kanara%20Chitrapur%20Sarasvat%20Konkani ocr-review uncertain
Ko,,maggeri,afterwards,,,,"ghatage-konkani1963[p. 134, col. 2, entry 17]",,,ghatage-konkani1963:p134:c2:e17,,,,dialect:Ko:ghatage-konkani1963:South%20Kanara%20Chitrapur%20Sarasvat%20Konkani ocr-review uncertain
Ko,,mančē,to obey,,,,"ghatage-konkani1963[p. 134, col. 2, entry 18]",,,ghatage-konkani1963:p134:c2:e18,,,,dialect:Ko:ghatage-konkani1963:South%20Kanara%20Chitrapur%20Sarasvat%20Konkani ocr-review uncertain
Ko,,majbu:tə,strong,,,,"ghatage-konkani1963[p. 134, col. 2, entry 19]",,,ghatage-konkani1963:p134:c2:e19,,,,dialect:Ko:ghatage-konkani1963:South%20Kanara%20Chitrapur%20Sarasvat%20Konkani ocr-review uncertain
Ko,,majjərə,cat,,,,"ghatage-konkani1963[p. 134, col. 2, entry 20]",,,ghatage-konkani1963:p134:c2:e20,,,,dialect:Ko:ghatage-konkani1963:South%20Kanara%20Chitrapur%20Sarasvat%20Konkani ocr-review uncertain
Ko,,maḍya ru:ku,palm tree,,,,"ghatage-konkani1963[p. 134, col. 2, entry 21]",,,ghatage-konkani1963:p134:c2:e21,,,,dialect:Ko:ghatage-konkani1963:South%20Kanara%20Chitrapur%20Sarasvat%20Konkani
Ko,,maṇṭəvu,pandal,,,,"ghatage-konkani1963[p. 134, col. 2, entry 22]",,,ghatage-konkani1963:p134:c2:e22,,,,dialect:Ko:ghatage-konkani1963:South%20Kanara%20Chitrapur%20Sarasvat%20Konkani
Ko,,mandu:ku ia,frog,,,,"ghatage-konkani1963[p. 134, col. 2, entry 23]",,,ghatage-konkani1963:p134:c2:e23,,,,dialect:Ko:ghatage-konkani1963:South%20Kanara%20Chitrapur%20Sarasvat%20Konkani ocr-review uncertain
Ko,,matti,mud,,,,"ghatage-konkani1963[p. 134, col. 2, entry 24]",,,ghatage-konkani1963:p134:c2:e24,,,,dialect:Ko:ghatage-konkani1963:South%20Kanara%20Chitrapur%20Sarasvat%20Konkani ocr-review uncertain
Ko,,mattē,head,,,,"ghatage-konkani1963[p. 134, col. 2, entry 25]",,,ghatage-konkani1963:p134:c2:e25,,,,dialect:Ko:ghatage-konkani1963:South%20Kanara%20Chitrapur%20Sarasvat%20Konkani ocr-review uncertain
Ko,,matya kəvti,skull l,,,,"ghatage-konkani1963[p. 134, col. 2, entry 26]",,,ghatage-konkani1963:p134:c2:e26,,,,dialect:Ko:ghatage-konkani1963:South%20Kanara%20Chitrapur%20Sarasvat%20Konkani ocr-review uncertain
Ko,,mattyadu:ki,headache,,,,"ghatage-konkani1963[p. 134, col. 2, entry 27]",,,ghatage-konkani1963:p134:c2:e27,,,,dialect:Ko:ghatage-konkani1963:South%20Kanara%20Chitrapur%20Sarasvat%20Konkani ocr-review uncertain
Ko,,mandri,mat f,,,,"ghatage-konkani1963[p. 134, col. 2, entry 28]",,,ghatage-konkani1963:p134:c2:e28,,,,dialect:Ko:ghatage-konkani1963:South%20Kanara%20Chitrapur%20Sarasvat%20Konkani ocr-review uncertain
Ko,,manco,cot i,,,,"ghatage-konkani1963[p. 134, col. 2, entry 29]",,,ghatage-konkani1963:p134:c2:e29,,,,dialect:Ko:ghatage-konkani1963:South%20Kanara%20Chitrapur%20Sarasvat%20Konkani ocr-review uncertain
Ko,,maykədə,monkey,,,,"ghatage-konkani1963[p. 134, col. 2, entry 30]",,,ghatage-konkani1963:p134:c2:e30,,,,dialect:Ko:ghatage-konkani1963:South%20Kanara%20Chitrapur%20Sarasvat%20Konkani ocr-review uncertain
Ko,,mame bhəyņi,maternal üncle’s -sii daughter,,,,"ghatage-konkani1963[p. 134, col. 2, entry 31]",,,ghatage-konkani1963:p134:c2:e31,,,,dialect:Ko:ghatage-konkani1963:South%20Kanara%20Chitrapur%20Sarasvat%20Konkani ocr-review uncertain
Ko,,mame bha:vu,maternal unclesson,,,,"ghatage-konkani1963[p. 134, col. 2, entry 32]",,,ghatage-konkani1963:p134:c2:e32,,,,dialect:Ko:ghatage-konkani1963:South%20Kanara%20Chitrapur%20Sarasvat%20Konkani ocr-review uncertain
Ko,,mayəstə,kind,,,,"ghatage-konkani1963[p. 135, col. 1, entry 1]",,,ghatage-konkani1963:p135:c1:e1,,,,dialect:Ko:ghatage-konkani1963:South%20Kanara%20Chitrapur%20Sarasvat%20Konkani ocr-review uncertain
Ko,,masli,fish,,,,"ghatage-konkani1963[p. 135, col. 1, entry 2]",,,ghatage-konkani1963:p135:c1:e2,,,,dialect:Ko:ghatage-konkani1963:South%20Kanara%20Chitrapur%20Sarasvat%20Konkani ocr-review uncertain
Ko,,mavsbhəyņi,maternal aunt’s daughter.,,,,"ghatage-konkani1963[p. 135, col. 1, entry 3]",,,ghatage-konkani1963:p135:c1:e3,,,,dialect:Ko:ghatage-konkani1963:South%20Kanara%20Chitrapur%20Sarasvat%20Konkani ocr-review uncertain
Ko,,mavsbha:vu,maternal aunt’s son,,,,"ghatage-konkani1963[p. 135, col. 1, entry 4]",,,ghatage-konkani1963:p135:c1:e4,,,,dialect:Ko:ghatage-konkani1963:South%20Kanara%20Chitrapur%20Sarasvat%20Konkani ocr-review uncertain
Ko,,ma:gə,beg,,,,"ghatage-konkani1963[p. 135, col. 1, entry 5]",,,ghatage-konkani1963:p135:c1:e5,,,,dialect:Ko:ghatage-konkani1963:South%20Kanara%20Chitrapur%20Sarasvat%20Konkani ocr-review uncertain
Ko,,ma:də,root,,,,"ghatage-konkani1963[p. 135, col. 1, entry 6]",,,ghatage-konkani1963:p135:c1:e6,,,,dialect:Ko:ghatage-konkani1963:South%20Kanara%20Chitrapur%20Sarasvat%20Konkani ocr-review uncertain
Ko,,ma:pə,measure,,,,"ghatage-konkani1963[p. 135, col. 1, entry 7]",,,ghatage-konkani1963:p135:c1:e7,,,,dialect:Ko:ghatage-konkani1963:South%20Kanara%20Chitrapur%20Sarasvat%20Konkani ocr-review uncertain
Ko,,ma:pi,to measure,,,,"ghatage-konkani1963[p. 135, col. 1, entry 8]",,,ghatage-konkani1963:p135:c1:e8,,,,dialect:Ko:ghatage-konkani1963:South%20Kanara%20Chitrapur%20Sarasvat%20Konkani ocr-review uncertain
Ko,,ma:mi,"maternal aunt's wife,",,,,"ghatage-konkani1963[p. 135, col. 1, entry 9]",,,ghatage-konkani1963:p135:c1:e9,,,,dialect:Ko:ghatage-konkani1963:South%20Kanara%20Chitrapur%20Sarasvat%20Konkani ocr-review uncertain
Ko,,ma:mu,maternal uncle c,,,,"ghatage-konkani1963[p. 135, col. 1, entry 10]",,,ghatage-konkani1963:p135:c1:e10,,,,dialect:Ko:ghatage-konkani1963:South%20Kanara%20Chitrapur%20Sarasvat%20Konkani ocr-review uncertain
Ko,,ma:yi,mother-in- law,,,,"ghatage-konkani1963[p. 135, col. 1, entry 11]",,,ghatage-konkani1963:p135:c1:e11,,,,dialect:Ko:ghatage-konkani1963:South%20Kanara%20Chitrapur%20Sarasvat%20Konkani ocr-review uncertain
Ko,,ma:ri,to strike,,,,"ghatage-konkani1963[p. 135, col. 1, entry 12]",,,ghatage-konkani1963:p135:c1:e12,,,,dialect:Ko:ghatage-konkani1963:South%20Kanara%20Chitrapur%20Sarasvat%20Konkani ocr-review uncertain
Ko,,ma:lə,garland,,,,"ghatage-konkani1963[p. 135, col. 1, entry 13]",,,ghatage-konkani1963:p135:c1:e13,,,,dialect:Ko:ghatage-konkani1963:South%20Kanara%20Chitrapur%20Sarasvat%20Konkani ocr-review uncertain
Ko,,ma:lļi,gardener,,,,"ghatage-konkani1963[p. 135, col. 1, entry 14]",,,ghatage-konkani1963:p135:c1:e14,,,,dialect:Ko:ghatage-konkani1963:South%20Kanara%20Chitrapur%20Sarasvat%20Konkani ocr-review uncertain
Ko,,ma:li,storey,,,,"ghatage-konkani1963[p. 135, col. 1, entry 15]",,,ghatage-konkani1963:p135:c1:e15,,,,dialect:Ko:ghatage-konkani1963:South%20Kanara%20Chitrapur%20Sarasvat%20Konkani ocr-review uncertain
Ko,,ma:lə,attic,,,,"ghatage-konkani1963[p. 135, col. 1, entry 16]",,,ghatage-konkani1963:p135:c1:e16,,,,dialect:Ko:ghatage-konkani1963:South%20Kanara%20Chitrapur%20Sarasvat%20Konkani ocr-review uncertain
Ko,,ma:stəru,teacher,,,,"ghatage-konkani1963[p. 135, col. 1, entry 17]",,,ghatage-konkani1963:p135:c1:e17,,,,dialect:Ko:ghatage-konkani1963:South%20Kanara%20Chitrapur%20Sarasvat%20Konkani ocr-review uncertain
Ko,,ma:vši,maternal aunt,,,,"ghatage-konkani1963[p. 135, col. 1, entry 18]",,,ghatage-konkani1963:p135:c1:e18,,,,dialect:Ko:ghatage-konkani1963:South%20Kanara%20Chitrapur%20Sarasvat%20Konkani ocr-review uncertain
Ko,,mā:sə,meat,,,,"ghatage-konkani1963[p. 135, col. 1, entry 19]",,,ghatage-konkani1963:p135:c1:e19,,,,dialect:Ko:ghatage-konkani1963:South%20Kanara%20Chitrapur%20Sarasvat%20Konkani ocr-review uncertain
Ko,,mã:vů,father-in-law|,,,,"ghatage-konkani1963[p. 135, col. 1, entry 20]",,,ghatage-konkani1963:p135:c1:e20,,,,dialect:Ko:ghatage-konkani1963:South%20Kanara%20Chitrapur%20Sarasvat%20Konkani ocr-review uncertain
Ko,,mi:țə,salt,,,,"ghatage-konkani1963[p. 135, col. 1, entry 22]",,,ghatage-konkani1963:p135:c1:e22,,,,dialect:Ko:ghatage-konkani1963:South%20Kanara%20Chitrapur%20Sarasvat%20Konkani ocr-review uncertain
Ko,,mi:ri,pepper,,,,"ghatage-konkani1963[p. 135, col. 1, entry 23]",,,ghatage-konkani1963:p135:c1:e23,,,,dialect:Ko:ghatage-konkani1963:South%20Kanara%20Chitrapur%20Sarasvat%20Konkani ocr-review uncertain
Ko,,mi:ši,moustache,,,,"ghatage-konkani1963[p. 135, col. 1, entry 24]",,,ghatage-konkani1963:p135:c1:e24,,,,dialect:Ko:ghatage-konkani1963:South%20Kanara%20Chitrapur%20Sarasvat%20Konkani ocr-review uncertain
Ko,,mukhá:ri,in front,,,,"ghatage-konkani1963[p. 135, col. 1, entry 25]",,,ghatage-konkani1963:p135:c1:e25,,,,dialect:Ko:ghatage-konkani1963:South%20Kanara%20Chitrapur%20Sarasvat%20Konkani ocr-review uncertain
Ko,,mugu:sə,mongoose,,,,"ghatage-konkani1963[p. 135, col. 1, entry 26]",,,ghatage-konkani1963:p135:c1:e26,,,,dialect:Ko:ghatage-konkani1963:South%20Kanara%20Chitrapur%20Sarasvat%20Konkani ocr-review uncertain
Ko,,a,basket,,,,"ghatage-konkani1963[p. 135, col. 1, entry 27]",,,ghatage-konkani1963:p135:c1:e27,,,,dialect:Ko:ghatage-konkani1963:South%20Kanara%20Chitrapur%20Sarasvat%20Konkani ocr-review uncertain
Ko,,muləmu,ointment.,,,,"ghatage-konkani1963[p. 135, col. 1, entry 28]",,,ghatage-konkani1963:p135:c1:e28,,,,dialect:Ko:ghatage-konkani1963:South%20Kanara%20Chitrapur%20Sarasvat%20Konkani ocr-review uncertain
Ko,,mušti,fist,,,,"ghatage-konkani1963[p. 135, col. 1, entry 29]",,,ghatage-konkani1963:p135:c1:e29,,,,dialect:Ko:ghatage-konkani1963:South%20Kanara%20Chitrapur%20Sarasvat%20Konkani ocr-review uncertain
Ko,,musəļə,pestle,,,,"ghatage-konkani1963[p. 135, col. 2, entry 1]",,,ghatage-konkani1963:p135:c2:e1,,,,dialect:Ko:ghatage-konkani1963:South%20Kanara%20Chitrapur%20Sarasvat%20Konkani ocr-review uncertain
Ko,,mu:i tə,urine,,,,"ghatage-konkani1963[p. 135, col. 2, entry 3]",,,ghatage-konkani1963:p135:c2:e3,,,,dialect:Ko:ghatage-konkani1963:South%20Kanara%20Chitrapur%20Sarasvat%20Konkani ocr-review uncertain
Ko,,mu:iti,to urinate,,,,"ghatage-konkani1963[p. 135, col. 2, entry 4]",,,ghatage-konkani1963:p135:c2:e4,,,,dialect:Ko:ghatage-konkani1963:South%20Kanara%20Chitrapur%20Sarasvat%20Konkani ocr-review uncertain
Ko,,mu:ləngi,raddish,,,,"ghatage-konkani1963[p. 135, col. 2, entry 5]",,,ghatage-konkani1963:p135:c2:e5,,,,dialect:Ko:ghatage-konkani1963:South%20Kanara%20Chitrapur%20Sarasvat%20Konkani ocr-review uncertain
Ko,,mu:lə,root,,,,"ghatage-konkani1963[p. 135, col. 2, entry 6]",,,ghatage-konkani1963:p135:c2:e6,,,,dialect:Ko:ghatage-konkani1963:South%20Kanara%20Chitrapur%20Sarasvat%20Konkani ocr-review uncertain
Ko,,mu:su,fly,,,,"ghatage-konkani1963[p. 135, col. 2, entry 7]",,,ghatage-konkani1963:p135:c2:e7,,,,dialect:Ko:ghatage-konkani1963:South%20Kanara%20Chitrapur%20Sarasvat%20Konkani ocr-review uncertain
Ko,,mű:yi,ant,,,,"ghatage-konkani1963[p. 135, col. 2, entry 8]",,,ghatage-konkani1963:p135:c2:e8,,,,dialect:Ko:ghatage-konkani1963:South%20Kanara%20Chitrapur%20Sarasvat%20Konkani ocr-review uncertain
Ko,,meņbètti,wax candle,,,,"ghatage-konkani1963[p. 135, col. 2, entry 9]",,,ghatage-konkani1963:p135:c2:e9,,,,dialect:Ko:ghatage-konkani1963:South%20Kanara%20Chitrapur%20Sarasvat%20Konkani ocr-review uncertain
Ko,,meņvą:ti,wax candle,,,,"ghatage-konkani1963[p. 135, col. 2, entry 10]",,,ghatage-konkani1963:p135:c2:e10,,,,dialect:Ko:ghatage-konkani1963:South%20Kanara%20Chitrapur%20Sarasvat%20Konkani ocr-review uncertain
Ko,,mettu,step,,,,"ghatage-konkani1963[p. 135, col. 2, entry 11]",,,ghatage-konkani1963:p135:c2:e11,,,,dialect:Ko:ghatage-konkani1963:South%20Kanara%20Chitrapur%20Sarasvat%20Konkani ocr-review uncertain
Ko,,melčĝ,to find,,,,"ghatage-konkani1963[p. 135, col. 2, entry 12]",,,ghatage-konkani1963:p135:c2:e12,,,,dialect:Ko:ghatage-konkani1963:South%20Kanara%20Chitrapur%20Sarasvat%20Konkani ocr-review uncertain
Ko,,mevynņi,wife’s sister,,,,"ghatage-konkani1963[p. 135, col. 2, entry 13]",,,ghatage-konkani1963:p135:c2:e13,,,,dialect:Ko:ghatage-konkani1963:South%20Kanara%20Chitrapur%20Sarasvat%20Konkani ocr-review uncertain
Ko,,me:ləyi,to add,,,,"ghatage-konkani1963[p. 135, col. 2, entry 14]",,,ghatage-konkani1963:p135:c2:e14,,,,dialect:Ko:ghatage-konkani1963:South%20Kanara%20Chitrapur%20Sarasvat%20Konkani ocr-review uncertain
Ko,,me:ləyi,to mix,,,,"ghatage-konkani1963[p. 135, col. 2, entry 15]",,,ghatage-konkani1963:p135:c2:e15,,,,dialect:Ko:ghatage-konkani1963:South%20Kanara%20Chitrapur%20Sarasvat%20Konkani ocr-review uncertain
Ko,,me:ləyi,to earn,,,,"ghatage-konkani1963[p. 135, col. 2, entry 16]",,,ghatage-konkani1963:p135:c2:e16,,,,dialect:Ko:ghatage-konkani1963:South%20Kanara%20Chitrapur%20Sarasvat%20Konkani ocr-review uncertain
Ko,,me:vņi,sister-in-law,,,,"ghatage-konkani1963[p. 135, col. 2, entry 17]",,,ghatage-konkani1963:p135:c2:e17,,,,dialect:Ko:ghatage-konkani1963:South%20Kanara%20Chitrapur%20Sarasvat%20Konkani ocr-review uncertain
Ko,,mē:du,brain,,,,"ghatage-konkani1963[p. 135, col. 2, entry 18]",,,ghatage-konkani1963:p135:c2:e18,,,,dialect:Ko:ghatage-konkani1963:South%20Kanara%20Chitrapur%20Sarasvat%20Konkani ocr-review uncertain
Ko,,měllelb,dead,,,,"ghatage-konkani1963[p. 135, col. 2, entry 19]",,,ghatage-konkani1963:p135:c2:e19,,,,dialect:Ko:ghatage-konkani1963:South%20Kanara%20Chitrapur%20Sarasvat%20Konkani ocr-review uncertain
Ko,,mēvņə,wife’s brother,,,,"ghatage-konkani1963[p. 135, col. 2, entry 20]",,,ghatage-konkani1963:p135:c2:e20,,,,dialect:Ko:ghatage-konkani1963:South%20Kanara%20Chitrapur%20Sarasvat%20Konkani ocr-review uncertain
Ko,,mēvnə,brother-in- law,,,,"ghatage-konkani1963[p. 135, col. 2, entry 21]",,,ghatage-konkani1963:p135:c2:e21,,,,dialect:Ko:ghatage-konkani1963:South%20Kanara%20Chitrapur%20Sarasvat%20Konkani ocr-review uncertain
Ko,,mo:qdi,to break,,,,"ghatage-konkani1963[p. 135, col. 2, entry 22]",,,ghatage-konkani1963:p135:c2:e22,,,,dialect:Ko:ghatage-konkani1963:South%20Kanara%20Chitrapur%20Sarasvat%20Konkani ocr-review uncertain
Ko,,mo:ru,peacock,,,,"ghatage-konkani1963[p. 135, col. 2, entry 24]",,,ghatage-konkani1963:p135:c2:e24,,,,dialect:Ko:ghatage-konkani1963:South%20Kanara%20Chitrapur%20Sarasvat%20Konkani ocr-review uncertain
Ko,,məțərə,motorcar,,,,"ghatage-konkani1963[p. 135, col. 2, entry 25]",,,ghatage-konkani1963:p135:c2:e25,,,,dialect:Ko:ghatage-konkani1963:South%20Kanara%20Chitrapur%20Sarasvat%20Konkani ocr-review uncertain
Ko,,məțtë,egg,,,,"ghatage-konkani1963[p. 135, col. 2, entry 26]",,,ghatage-konkani1963:p135:c2:e26,,,,dialect:Ko:ghatage-konkani1963:South%20Kanara%20Chitrapur%20Sarasvat%20Konkani ocr-review uncertain
Ko,,mədə,cloud,,,,"ghatage-konkani1963[p. 135, col. 2, entry 27]",,,ghatage-konkani1963:p135:c2:e27,,,,dialect:Ko:ghatage-konkani1963:South%20Kanara%20Chitrapur%20Sarasvat%20Konkani ocr-review uncertain
Ko,,manto,lame,,,,"ghatage-konkani1963[p. 135, col. 2, entry 28]",,,ghatage-konkani1963:p135:c2:e28,,,,dialect:Ko:ghatage-konkani1963:South%20Kanara%20Chitrapur%20Sarasvat%20Konkani ocr-review uncertain
Ko,,mənnə,dumb,,,,"ghatage-konkani1963[p. 135, col. 2, entry 29]",,,ghatage-konkani1963:p135:c2:e29,,,,dialect:Ko:ghatage-konkani1963:South%20Kanara%20Chitrapur%20Sarasvat%20Konkani ocr-review uncertain
Ko,,moələ,nail,,,,"ghatage-konkani1963[p. 135, col. 2, entry 30]",,,ghatage-konkani1963:p135:c2:e30,,,,dialect:Ko:ghatage-konkani1963:South%20Kanara%20Chitrapur%20Sarasvat%20Konkani ocr-review uncertain
Ko,,mrutyu,death,,,,"ghatage-konkani1963[p. 135, col. 2, entry 31]",,,ghatage-konkani1963:p135:c2:e31,,,,dialect:Ko:ghatage-konkani1963:South%20Kanara%20Chitrapur%20Sarasvat%20Konkani ocr-review uncertain
Ko,,mhəynə,month,,,,"ghatage-konkani1963[p. 135, col. 2, entry 32]",,,ghatage-konkani1963:p135:c2:e32,,,,dialect:Ko:ghatage-konkani1963:South%20Kanara%20Chitrapur%20Sarasvat%20Konkani ocr-review uncertain
Ko,,mhəvs mu:su,honey bee,,,,"ghatage-konkani1963[p. 135, col. 2, entry 33]",,,ghatage-konkani1963:p135:c2:e33,,,,dialect:Ko:ghatage-konkani1963:South%20Kanara%20Chitrapur%20Sarasvat%20Konkani ocr-review uncertain
Ko,,mhə:ši,She-buffalo j,,,,"ghatage-konkani1963[p. 135, col. 2, entry 34]",,,ghatage-konkani1963:p135:c2:e34,,,,dialect:Ko:ghatage-konkani1963:South%20Kanara%20Chitrapur%20Sarasvat%20Konkani ocr-review uncertain
Ko,,mharəgə,costly,,,,"ghatage-konkani1963[p. 135, col. 2, entry 35]",,,ghatage-konkani1963:p135:c2:e35,,,,dialect:Ko:ghatage-konkani1963:South%20Kanara%20Chitrapur%20Sarasvat%20Konkani ocr-review uncertain
Ko,,mhãntarə,old,,,,"ghatage-konkani1963[p. 136, col. 1, entry 1]",,,ghatage-konkani1963:p136:c1:e1,,,,dialect:Ko:ghatage-konkani1963:South%20Kanara%20Chitrapur%20Sarasvat%20Konkani ocr-review uncertain
Ko,,mha:və,"father’s elde1 brother’s wife,",,,,"ghatage-konkani1963[p. 136, col. 1, entry 2]",,,ghatage-konkani1963:p136:c1:e2,,,,dialect:Ko:ghatage-konkani1963:South%20Kanara%20Chitrapur%20Sarasvat%20Konkani ocr-review uncertain
Ko,,mhã:tu,father’s elder!) brother,,,,"ghatage-konkani1963[p. 136, col. 1, entry 3]",,,ghatage-konkani1963:p136:c1:e3,,,,dialect:Ko:ghatage-konkani1963:South%20Kanara%20Chitrapur%20Sarasvat%20Konkani ocr-review uncertain
Ko,,mho:ṇu,so,,,,"ghatage-konkani1963[p. 136, col. 1, entry 4]",,,ghatage-konkani1963:p136:c1:e4,,,,dialect:Ko:ghatage-konkani1963:South%20Kanara%20Chitrapur%20Sarasvat%20Konkani
Ko,,mho:yu,honey,,,,"ghatage-konkani1963[p. 136, col. 1, entry 5]",,,ghatage-konkani1963:p136:c1:e5,,,,dialect:Ko:ghatage-konkani1963:South%20Kanara%20Chitrapur%20Sarasvat%20Konkani ocr-review uncertain
Ko,,yəttərə,high,,,,"ghatage-konkani1963[p. 136, col. 1, entry 6]",,,ghatage-konkani1963:p136:c1:e6,,,,dialect:Ko:ghatage-konkani1963:South%20Kanara%20Chitrapur%20Sarasvat%20Konkani ocr-review uncertain
Ko,,yuddhə,war,,,,"ghatage-konkani1963[p. 136, col. 1, entry 7]",,,ghatage-konkani1963:p136:c1:e7,,,,dialect:Ko:ghatage-konkani1963:South%20Kanara%20Chitrapur%20Sarasvat%20Konkani ocr-review uncertain
Ko,,yelə,cardamon,,,,"ghatage-konkani1963[p. 136, col. 1, entry 8]",,,ghatage-konkani1963:p136:c1:e8,,,,dialect:Ko:ghatage-konkani1963:South%20Kanara%20Chitrapur%20Sarasvat%20Konkani ocr-review uncertain
Ko,,yə,to come,,,,"ghatage-konkani1963[p. 136, col. 1, entry 9]",,,ghatage-konkani1963:p136:c1:e9,,,,dialect:Ko:ghatage-konkani1963:South%20Kanara%20Chitrapur%20Sarasvat%20Konkani ocr-review uncertain
Ko,,rəgətə,blood i,,,,"ghatage-konkani1963[p. 136, col. 1, entry 10]",,,ghatage-konkani1963:p136:c1:e10,,,,dialect:Ko:ghatage-konkani1963:South%20Kanara%20Chitrapur%20Sarasvat%20Konkani ocr-review uncertain
Ko,,rəgdə,mortar,,,,"ghatage-konkani1963[p. 136, col. 1, entry 11]",,,ghatage-konkani1963:p136:c1:e11,,,,dialect:Ko:ghatage-konkani1963:South%20Kanara%20Chitrapur%20Sarasvat%20Konkani ocr-review uncertain
Ko,,rəjəyi,quilt,,,,"ghatage-konkani1963[p. 136, col. 1, entry 12]",,,ghatage-konkani1963:p136:c1:e12,,,,dialect:Ko:ghatage-konkani1963:South%20Kanara%20Chitrapur%20Sarasvat%20Konkani ocr-review uncertain
Ko,,rəddə,"buffalows, (he)",,,,"ghatage-konkani1963[p. 136, col. 1, entry 13]",,,ghatage-konkani1963:p136:c1:e13,,,,dialect:Ko:ghatage-konkani1963:South%20Kanara%20Chitrapur%20Sarasvat%20Konkani ocr-review uncertain
Ko,,rəstə,road,,,,"ghatage-konkani1963[p. 136, col. 1, entry 14]",,,ghatage-konkani1963:p136:c1:e14,,,,dialect:Ko:ghatage-konkani1963:South%20Kanara%20Chitrapur%20Sarasvat%20Konkani ocr-review uncertain
Ko,,rəssu,squash,,,,"ghatage-konkani1963[p. 136, col. 1, entry 15]",,,ghatage-konkani1963:p136:c1:e15,,,,dialect:Ko:ghatage-konkani1963:South%20Kanara%20Chitrapur%20Sarasvat%20Konkani ocr-review uncertain
Ko,,rə:də,to cry,,,,"ghatage-konkani1963[p. 136, col. 1, entry 16]",,,ghatage-konkani1963:p136:c1:e16,,,,dialect:Ko:ghatage-konkani1963:South%20Kanara%20Chitrapur%20Sarasvat%20Konkani ocr-review uncertain
Ko,,ratkidə,cricket,,,,"ghatage-konkani1963[p. 136, col. 1, entry 17]",,,ghatage-konkani1963:p136:c1:e17,,,,dialect:Ko:ghatage-konkani1963:South%20Kanara%20Chitrapur%20Sarasvat%20Konkani ocr-review uncertain
Ko,,rande:kayi,vegitable,,,,"ghatage-konkani1963[p. 136, col. 1, entry 18]",,,ghatage-konkani1963:p136:c1:e18,,,,dialect:Ko:ghatage-konkani1963:South%20Kanara%20Chitrapur%20Sarasvat%20Konkani ocr-review uncertain
Ko,,randəp kəri,to cook,,,,"ghatage-konkani1963[p. 136, col. 1, entry 19]",,,ghatage-konkani1963:p136:c1:e19,,,,dialect:Ko:ghatage-konkani1963:South%20Kanara%20Chitrapur%20Sarasvat%20Konkani ocr-review uncertain
Ko,,randəyi,curry,,,,"ghatage-konkani1963[p. 136, col. 1, entry 20]",,,ghatage-konkani1963:p136:c1:e20,,,,dialect:Ko:ghatage-konkani1963:South%20Kanara%20Chitrapur%20Sarasvat%20Konkani ocr-review uncertain
Ko,,randpi,cook,,,,"ghatage-konkani1963[p. 136, col. 1, entry 21]",,,ghatage-konkani1963:p136:c1:e21,,,,dialect:Ko:ghatage-konkani1963:South%20Kanara%20Chitrapur%20Sarasvat%20Konkani ocr-review uncertain
Ko,,rabbəyi,to stop,,,,"ghatage-konkani1963[p. 136, col. 1, entry 22]",,,ghatage-konkani1963:p136:c1:e22,,,,dialect:Ko:ghatage-konkani1963:South%20Kanara%20Chitrapur%20Sarasvat%20Konkani ocr-review uncertain
Ko,,ra:kšəsu,giant,,,,"ghatage-konkani1963[p. 136, col. 1, entry 23]",,,ghatage-konkani1963:p136:c1:e23,,,,dialect:Ko:ghatage-konkani1963:South%20Kanara%20Chitrapur%20Sarasvat%20Konkani ocr-review uncertain
Ko,,ra:jyə,kingdom,,,,"ghatage-konkani1963[p. 136, col. 1, entry 24]",,,ghatage-konkani1963:p136:c1:e24,,,,dialect:Ko:ghatage-konkani1963:South%20Kanara%20Chitrapur%20Sarasvat%20Konkani ocr-review uncertain
Ko,,ra:ti,night l,,,,"ghatage-konkani1963[p. 136, col. 1, entry 25]",,,ghatage-konkani1963:p136:c1:e25,,,,dialect:Ko:ghatage-konkani1963:South%20Kanara%20Chitrapur%20Sarasvat%20Konkani ocr-review uncertain
Ko,,ra:tra:ņi,night queen,,,,"ghatage-konkani1963[p. 136, col. 1, entry 26]",,,ghatage-konkani1963:p136:c1:e26,,,,dialect:Ko:ghatage-konkani1963:South%20Kanara%20Chitrapur%20Sarasvat%20Konkani ocr-review uncertain
Ko,,ra:nə,forest,,,,"ghatage-konkani1963[p. 136, col. 1, entry 27]",,,ghatage-konkani1963:p136:c1:e27,,,,dialect:Ko:ghatage-konkani1963:South%20Kanara%20Chitrapur%20Sarasvat%20Konkani ocr-review uncertain
Ko,,ra:nți,wild,,,,"ghatage-konkani1963[p. 136, col. 1, entry 28]",,,ghatage-konkani1963:p136:c1:e28,,,,dialect:Ko:ghatage-konkani1963:South%20Kanara%20Chitrapur%20Sarasvat%20Konkani ocr-review uncertain
Ko,,Da,to. be,,,,"ghatage-konkani1963[p. 136, col. 1, entry 29]",,,ghatage-konkani1963:p136:c1:e29,,,,dialect:Ko:ghatage-konkani1963:South%20Kanara%20Chitrapur%20Sarasvat%20Konkani ocr-review uncertain
Ko,,ra:yu,king,,,,"ghatage-konkani1963[p. 136, col. 1, entry 30]",,,ghatage-konkani1963:p136:c1:e30,,,,dialect:Ko:ghatage-konkani1963:South%20Kanara%20Chitrapur%20Sarasvat%20Konkani ocr-review uncertain
Ko,,rikša,rickshaw,,,,"ghatage-konkani1963[p. 136, col. 1, entry 31]",,,ghatage-konkani1963:p136:c1:e31,,,,dialect:Ko:ghatage-konkani1963:South%20Kanara%20Chitrapur%20Sarasvat%20Konkani ocr-review uncertain
Ko,,ri:ņə,debt,,,,"ghatage-konkani1963[p. 136, col. 1, entry 32]",,,ghatage-konkani1963:p136:c1:e32,,,,dialect:Ko:ghatage-konkani1963:South%20Kanara%20Chitrapur%20Sarasvat%20Konkani ocr-review uncertain
Ko,,rudəyə,heart,,,,"ghatage-konkani1963[p. 136, col. 1, entry 33]",,,ghatage-konkani1963:p136:c1:e33,,,,dialect:Ko:ghatage-konkani1963:South%20Kanara%20Chitrapur%20Sarasvat%20Konkani ocr-review uncertain
Ko,,řuppř,silver:,,,,"ghatage-konkani1963[p. 136, col. 1, entry 34]",,,ghatage-konkani1963:p136:c1:e34,,,,dialect:Ko:ghatage-konkani1963:South%20Kanara%20Chitrapur%20Sarasvat%20Konkani ocr-review uncertain
Ko,,ruma:lu,handkerchief.,,,,"ghatage-konkani1963[p. 136, col. 1, entry 35]",,,ghatage-konkani1963:p136:c1:e35,,,,dialect:Ko:ghatage-konkani1963:South%20Kanara%20Chitrapur%20Sarasvat%20Konkani ocr-review uncertain
Ko,,ru:ku,tree i,,,,"ghatage-konkani1963[p. 136, col. 2, entry 1]",,,ghatage-konkani1963:p136:c2:e1,,,,dialect:Ko:ghatage-konkani1963:South%20Kanara%20Chitrapur%20Sarasvat%20Konkani ocr-review uncertain
Ko,,ru:či,taste l,,,,"ghatage-konkani1963[p. 136, col. 2, entry 2]",,,ghatage-konkani1963:p136:c2:e2,,,,dialect:Ko:ghatage-konkani1963:South%20Kanara%20Chitrapur%20Sarasvat%20Konkani ocr-review uncertain
Ko,,rũ:də,broad,,,,"ghatage-konkani1963[p. 136, col. 2, entry 3]",,,ghatage-konkani1963:p136:c2:e3,,,,dialect:Ko:ghatage-konkani1963:South%20Kanara%20Chitrapur%20Sarasvat%20Konkani
Ko,,ru:malu,turban,,,,"ghatage-konkani1963[p. 136, col. 2, entry 4]",,,ghatage-konkani1963:p136:c2:e4,,,,dialect:Ko:ghatage-konkani1963:South%20Kanara%20Chitrapur%20Sarasvat%20Konkani ocr-review uncertain
Ko,,rěvá,sand f,,,,"ghatage-konkani1963[p. 136, col. 2, entry 5]",,,ghatage-konkani1963:p136:c2:e5,,,,dialect:Ko:ghatage-konkani1963:South%20Kanara%20Chitrapur%20Sarasvat%20Konkani ocr-review uncertain
Ko,,roțți,coarse bread,,,,"ghatage-konkani1963[p. 136, col. 2, entry 6]",,,ghatage-konkani1963:p136:c2:e6,,,,dialect:Ko:ghatage-konkani1963:South%20Kanara%20Chitrapur%20Sarasvat%20Konkani ocr-review uncertain
Ko,,ro:gu,disease s,,,,"ghatage-konkani1963[p. 136, col. 2, entry 7]",,,ghatage-konkani1963:p136:c2:e7,,,,dialect:Ko:ghatage-konkani1963:South%20Kanara%20Chitrapur%20Sarasvat%20Konkani ocr-review uncertain
Ko,,ləkəyi,to push,,,,"ghatage-konkani1963[p. 136, col. 2, entry 8]",,,ghatage-konkani1963:p136:c2:e8,,,,dialect:Ko:ghatage-konkani1963:South%20Kanara%20Chitrapur%20Sarasvat%20Konkani ocr-review uncertain
Ko,,ləgnə,marriage,,,,"ghatage-konkani1963[p. 136, col. 2, entry 9]",,,ghatage-konkani1963:p136:c2:e9,,,,dialect:Ko:ghatage-konkani1963:South%20Kanara%20Chitrapur%20Sarasvat%20Konkani ocr-review uncertain
Ko,,ləņqdə,lame,,,,"ghatage-konkani1963[p. 136, col. 2, entry 10]",,,ghatage-konkani1963:p136:c2:e10,,,,dialect:Ko:ghatage-konkani1963:South%20Kanara%20Chitrapur%20Sarasvat%20Konkani ocr-review uncertain
Ko,,ləsuņə,garlic i,,,,"ghatage-konkani1963[p. 136, col. 2, entry 11]",,,ghatage-konkani1963:p136:c2:e11,,,,dialect:Ko:ghatage-konkani1963:South%20Kanara%20Chitrapur%20Sarasvat%20Konkani ocr-review uncertain
Ko,,ləvəygə,clove l,,,,"ghatage-konkani1963[p. 136, col. 2, entry 12]",,,ghatage-konkani1963:p136:c2:e12,,,,dialect:Ko:ghatage-konkani1963:South%20Kanara%20Chitrapur%20Sarasvat%20Konkani ocr-review uncertain
Ko,,laggi,near [i,,,,"ghatage-konkani1963[p. 136, col. 2, entry 13]",,,ghatage-konkani1963:p136:c2:e13,,,,dialect:Ko:ghatage-konkani1963:South%20Kanara%20Chitrapur%20Sarasvat%20Konkani ocr-review uncertain
Ko,,lajro,shy l,,,,"ghatage-konkani1963[p. 136, col. 2, entry 14]",,,ghatage-konkani1963:p136:c2:e14,,,,dialect:Ko:ghatage-konkani1963:South%20Kanara%20Chitrapur%20Sarasvat%20Konkani ocr-review uncertain
Ko,,lambþəyi,to hang,,,,"ghatage-konkani1963[p. 136, col. 2, entry 15]",,,ghatage-konkani1963:p136:c2:e15,,,,dialect:Ko:ghatage-konkani1963:South%20Kanara%20Chitrapur%20Sarasvat%20Konkani ocr-review uncertain
Ko,,la:gi,with j,,,,"ghatage-konkani1963[p. 136, col. 2, entry 16]",,,ghatage-konkani1963:p136:c2:e16,,,,dialect:Ko:ghatage-konkani1963:South%20Kanara%20Chitrapur%20Sarasvat%20Konkani ocr-review uncertain
Ko,,la:jə,shyness A,,,,"ghatage-konkani1963[p. 136, col. 2, entry 17]",,,ghatage-konkani1963:p136:c2:e17,,,,dialect:Ko:ghatage-konkani1963:South%20Kanara%20Chitrapur%20Sarasvat%20Konkani ocr-review uncertain
Ko,,la:jə,to blush l,,,,"ghatage-konkani1963[p. 136, col. 2, entry 18]",,,ghatage-konkani1963:p136:c2:e18,,,,dialect:Ko:ghatage-konkani1963:South%20Kanara%20Chitrapur%20Sarasvat%20Konkani ocr-review uncertain
Ko,,la:jə,shame,,,,"ghatage-konkani1963[p. 136, col. 2, entry 19]",,,ghatage-konkani1963:p136:c2:e19,,,,dialect:Ko:ghatage-konkani1963:South%20Kanara%20Chitrapur%20Sarasvat%20Konkani ocr-review uncertain
Ko,,la:ți,to roll knee- ded flour,,,,"ghatage-konkani1963[p. 136, col. 2, entry 20]",,,ghatage-konkani1963:p136:c2:e20,,,,dialect:Ko:ghatage-konkani1963:South%20Kanara%20Chitrapur%20Sarasvat%20Konkani ocr-review uncertain
Ko,,la:təṇə,lantern,,,,"ghatage-konkani1963[p. 136, col. 2, entry 21]",,,ghatage-konkani1963:p136:c2:e21,,,,dialect:Ko:ghatage-konkani1963:South%20Kanara%20Chitrapur%20Sarasvat%20Konkani
Ko,,la:qi,cudgel,,,,"ghatage-konkani1963[p. 136, col. 2, entry 22]",,,ghatage-konkani1963:p136:c2:e22,,,,dialect:Ko:ghatage-konkani1963:South%20Kanara%20Chitrapur%20Sarasvat%20Konkani ocr-review uncertain
Ko,,la:t mari,to kick,,,,"ghatage-konkani1963[p. 136, col. 2, entry 23]",,,ghatage-konkani1963:p136:c2:e23,,,,dialect:Ko:ghatage-konkani1963:South%20Kanara%20Chitrapur%20Sarasvat%20Konkani ocr-review uncertain
Ko,,la:yi,to smear to apply,,,,"ghatage-konkani1963[p. 136, col. 2, entry 24]",,,ghatage-konkani1963:p136:c2:e24,,,,dialect:Ko:ghatage-konkani1963:South%20Kanara%20Chitrapur%20Sarasvat%20Konkani ocr-review uncertain
Ko,,la:ļə,saliva,,,,"ghatage-konkani1963[p. 136, col. 2, entry 25]",,,ghatage-konkani1963:p136:c2:e25,,,,dialect:Ko:ghatage-konkani1963:South%20Kanara%20Chitrapur%20Sarasvat%20Konkani ocr-review uncertain
Ko,,lassi,to burn,,,,"ghatage-konkani1963[p. 136, col. 2, entry 26]",,,ghatage-konkani1963:p136:c2:e26,,,,dialect:Ko:ghatage-konkani1963:South%20Kanara%20Chitrapur%20Sarasvat%20Konkani ocr-review uncertain
Ko,,lā:dgə,wolf,,,,"ghatage-konkani1963[p. 136, col. 2, entry 27]",,,ghatage-konkani1963:p136:c2:e27,,,,dialect:Ko:ghatage-konkani1963:South%20Kanara%20Chitrapur%20Sarasvat%20Konkani ocr-review uncertain
Ko,,lã:včē,to apply,,,,"ghatage-konkani1963[p. 136, col. 2, entry 29]",,,ghatage-konkani1963:p136:c2:e29,,,,dialect:Ko:ghatage-konkani1963:South%20Kanara%20Chitrapur%20Sarasvat%20Konkani ocr-review uncertain
Ko,,lu:ṭi,trouble (children),,,,"ghatage-konkani1963[p. 136, col. 2, entry 30]",,,ghatage-konkani1963:p136:c2:e30,,,,dialect:Ko:ghatage-konkani1963:South%20Kanara%20Chitrapur%20Sarasvat%20Konkani
Ko,,lɛktəḷə,relative,,,,"ghatage-konkani1963[p. 136, col. 2, entry 31]",,,ghatage-konkani1963:p136:c2:e31,,,,dialect:Ko:ghatage-konkani1963:South%20Kanara%20Chitrapur%20Sarasvat%20Konkani
Ko,,lek kəri,to count,,,,"ghatage-konkani1963[p. 136, col. 2, entry 32]",,,ghatage-konkani1963:p136:c2:e32,,,,dialect:Ko:ghatage-konkani1963:South%20Kanara%20Chitrapur%20Sarasvat%20Konkani ocr-review uncertain
Ko,,lēvő,tó licks,,,,"ghatage-konkani1963[p. 136, col. 2, entry 33]",,,ghatage-konkani1963:p136:c2:e33,,,,dialect:Ko:ghatage-konkani1963:South%20Kanara%20Chitrapur%20Sarasvat%20Konkani ocr-review uncertain
Ko,,lo:ņi,butter.,,,,"ghatage-konkani1963[p. 136, col. 2, entry 34]",,,ghatage-konkani1963:p136:c2:e34,,,,dialect:Ko:ghatage-konkani1963:South%20Kanara%20Chitrapur%20Sarasvat%20Konkani ocr-review uncertain
Ko,,lo:bhi,greedy AE,,,,"ghatage-konkani1963[p. 136, col. 2, entry 35]",,,ghatage-konkani1963:p136:c2:e35,,,,dialect:Ko:ghatage-konkani1963:South%20Kanara%20Chitrapur%20Sarasvat%20Konkani ocr-review uncertain
Ko,,lo:lə,-to roll,,,,"ghatage-konkani1963[p. 136, col. 2, entry 36]",,,ghatage-konkani1963:p136:c2:e36,,,,dialect:Ko:ghatage-konkani1963:South%20Kanara%20Chitrapur%20Sarasvat%20Konkani ocr-review uncertain
Ko,,lo:haru,blacksmith,,,,"ghatage-konkani1963[p. 137, col. 1, entry 1]",,,ghatage-konkani1963:p137:c1:e1,,,,dialect:Ko:ghatage-konkani1963:South%20Kanara%20Chitrapur%20Sarasvat%20Konkani ocr-review uncertain
Ko,,ləkhəņdə,iron,,,,"ghatage-konkani1963[p. 137, col. 1, entry 2]",,,ghatage-konkani1963:p137:c1:e2,,,,dialect:Ko:ghatage-konkani1963:South%20Kanara%20Chitrapur%20Sarasvat%20Konkani ocr-review uncertain
Ko,,ləņčē,pickle,,,,"ghatage-konkani1963[p. 137, col. 1, entry 3]",,,ghatage-konkani1963:p137:c1:e3,,,,dialect:Ko:ghatage-konkani1963:South%20Kanara%20Chitrapur%20Sarasvat%20Konkani ocr-review uncertain
Ko,,lha:yi,popped corn,,,,"ghatage-konkani1963[p. 137, col. 1, entry 4]",,,ghatage-konkani1963:p137:c1:e4,,,,dialect:Ko:ghatage-konkani1963:South%20Kanara%20Chitrapur%20Sarasvat%20Konkani ocr-review uncertain
Ko,,vəki:lu,lawyer,,,,"ghatage-konkani1963[p. 137, col. 1, entry 5]",,,ghatage-konkani1963:p137:c1:e5,,,,dialect:Ko:ghatage-konkani1963:South%20Kanara%20Chitrapur%20Sarasvat%20Konkani ocr-review uncertain
Ko,,vəggi,soon,,,,"ghatage-konkani1963[p. 137, col. 1, entry 6]",,,ghatage-konkani1963:p137:c1:e6,,,,dialect:Ko:ghatage-konkani1963:South%20Kanara%20Chitrapur%20Sarasvat%20Konkani ocr-review uncertain
Ko,,vəggi kəri,to hurry,,,,"ghatage-konkani1963[p. 137, col. 1, entry 7]",,,ghatage-konkani1963:p137:c1:e7,,,,dialect:Ko:ghatage-konkani1963:South%20Kanara%20Chitrapur%20Sarasvat%20Konkani ocr-review uncertain
Ko,,vəgvəgi,quickly,,,,"ghatage-konkani1963[p. 137, col. 1, entry 8]",,,ghatage-konkani1963:p137:c1:e8,,,,dialect:Ko:ghatage-konkani1963:South%20Kanara%20Chitrapur%20Sarasvat%20Konkani ocr-review uncertain
Ko,,vəjənə,weight,,,,"ghatage-konkani1963[p. 137, col. 1, entry 9]",,,ghatage-konkani1963:p137:c1:e9,,,,dialect:Ko:ghatage-konkani1963:South%20Kanara%20Chitrapur%20Sarasvat%20Konkani ocr-review uncertain
Ko,,vəğrə,diamond,,,,"ghatage-konkani1963[p. 137, col. 1, entry 10]",,,ghatage-konkani1963:p137:c1:e10,,,,dialect:Ko:ghatage-konkani1963:South%20Kanara%20Chitrapur%20Sarasvat%20Konkani ocr-review uncertain
Ko,,vəțəņə,pea,,,,"ghatage-konkani1963[p. 137, col. 1, entry 11]",,,ghatage-konkani1963:p137:c1:e11,,,,dialect:Ko:ghatage-konkani1963:South%20Kanara%20Chitrapur%20Sarasvat%20Konkani ocr-review uncertain
Ko,,vəttə,hole,,,,"ghatage-konkani1963[p. 137, col. 1, entry 12]",,,ghatage-konkani1963:p137:c1:e12,,,,dialect:Ko:ghatage-konkani1963:South%20Kanara%20Chitrapur%20Sarasvat%20Konkani ocr-review uncertain
Ko,,vəțttu kəri,to gather,,,,"ghatage-konkani1963[p. 137, col. 1, entry 13]",,,ghatage-konkani1963:p137:c1:e13,,,,dialect:Ko:ghatage-konkani1963:South%20Kanara%20Chitrapur%20Sarasvat%20Konkani ocr-review uncertain
Ko,,vətva:ghulə,bat,,,,"ghatage-konkani1963[p. 137, col. 1, entry 14]",,,ghatage-konkani1963:p137:c1:e14,,,,dialect:Ko:ghatage-konkani1963:South%20Kanara%20Chitrapur%20Sarasvat%20Konkani ocr-review uncertain
Ko,,vəda:ru:ku,banyan tree,,,,"ghatage-konkani1963[p. 137, col. 1, entry 15]",,,ghatage-konkani1963:p137:c1:e15,,,,dialect:Ko:ghatage-konkani1963:South%20Kanara%20Chitrapur%20Sarasvat%20Konkani ocr-review uncertain
Ko,,vəņəti,wall,,,,"ghatage-konkani1963[p. 137, col. 1, entry 16]",,,ghatage-konkani1963:p137:c1:e16,,,,dialect:Ko:ghatage-konkani1963:South%20Kanara%20Chitrapur%20Sarasvat%20Konkani ocr-review uncertain
Ko,,vəyri,top,,,,"ghatage-konkani1963[p. 137, col. 1, entry 17]",,,ghatage-konkani1963:p137:c1:e17,,,,dialect:Ko:ghatage-konkani1963:South%20Kanara%20Chitrapur%20Sarasvat%20Konkani ocr-review uncertain
Ko,,vəyri,on,,,,"ghatage-konkani1963[p. 137, col. 1, entry 18]",,,ghatage-konkani1963:p137:c1:e18,,,,dialect:Ko:ghatage-konkani1963:South%20Kanara%20Chitrapur%20Sarasvat%20Konkani ocr-review uncertain
Ko,,vərənņdə,verandah,,,,"ghatage-konkani1963[p. 137, col. 1, entry 19]",,,ghatage-konkani1963:p137:c1:e19,,,,dialect:Ko:ghatage-konkani1963:South%20Kanara%20Chitrapur%20Sarasvat%20Konkani ocr-review uncertain
Ko,,vərəsə,year,,,,"ghatage-konkani1963[p. 137, col. 1, entry 20]",,,ghatage-konkani1963:p137:c1:e20,,,,dialect:Ko:ghatage-konkani1963:South%20Kanara%20Chitrapur%20Sarasvat%20Konkani ocr-review uncertain
Ko,,vərthuļə,circular,,,,"ghatage-konkani1963[p. 137, col. 1, entry 21]",,,ghatage-konkani1963:p137:c1:e21,,,,dialect:Ko:ghatage-konkani1963:South%20Kanara%20Chitrapur%20Sarasvat%20Konkani ocr-review uncertain
Ko,,vəllő,wet,,,,"ghatage-konkani1963[p. 137, col. 1, entry 22]",,,ghatage-konkani1963:p137:c1:e22,,,,dialect:Ko:ghatage-konkani1963:South%20Kanara%20Chitrapur%20Sarasvat%20Konkani ocr-review uncertain
Ko,,vəlhő:čě,to row,,,,"ghatage-konkani1963[p. 137, col. 1, entry 23]",,,ghatage-konkani1963:p137:c1:e23,,,,dialect:Ko:ghatage-konkani1963:South%20Kanara%20Chitrapur%20Sarasvat%20Konkani ocr-review uncertain
Ko,,vəstərə,cloth,,,,"ghatage-konkani1963[p. 137, col. 1, entry 24]",,,ghatage-konkani1963:p137:c1:e24,,,,dialect:Ko:ghatage-konkani1963:South%20Kanara%20Chitrapur%20Sarasvat%20Konkani ocr-review uncertain
Ko,,və:kə,to vomit,,,,"ghatage-konkani1963[p. 137, col. 1, entry 25]",,,ghatage-konkani1963:p137:c1:e25,,,,dialect:Ko:ghatage-konkani1963:South%20Kanara%20Chitrapur%20Sarasvat%20Konkani ocr-review uncertain
Ko,,və:cə,to go,,,,"ghatage-konkani1963[p. 137, col. 1, entry 26]",,,ghatage-konkani1963:p137:c1:e26,,,,dialect:Ko:ghatage-konkani1963:South%20Kanara%20Chitrapur%20Sarasvat%20Konkani ocr-review uncertain
Ko,,və:tu,lip,,,,"ghatage-konkani1963[p. 137, col. 1, entry 27]",,,ghatage-konkani1963:p137:c1:e27,,,,dialect:Ko:ghatage-konkani1963:South%20Kanara%20Chitrapur%20Sarasvat%20Konkani ocr-review uncertain
Ko,,və:tə,sunshine,,,,"ghatage-konkani1963[p. 137, col. 1, entry 28]",,,ghatage-konkani1963:p137:c1:e28,,,,dialect:Ko:ghatage-konkani1963:South%20Kanara%20Chitrapur%20Sarasvat%20Konkani ocr-review uncertain
Ko,,və:ti,to pour,,,,"ghatage-konkani1963[p. 137, col. 1, entry 29]",,,ghatage-konkani1963:p137:c1:e29,,,,dialect:Ko:ghatage-konkani1963:South%20Kanara%20Chitrapur%20Sarasvat%20Konkani ocr-review uncertain
Ko,,və:drə,to abuse,,,,"ghatage-konkani1963[p. 137, col. 1, entry 30]",,,ghatage-konkani1963:p137:c1:e30,,,,dialect:Ko:ghatage-konkani1963:South%20Kanara%20Chitrapur%20Sarasvat%20Konkani ocr-review uncertain
Ko,,və:yi,fence,,,,"ghatage-konkani1963[p. 137, col. 1, entry 31]",,,ghatage-konkani1963:p137:c1:e31,,,,dialect:Ko:ghatage-konkani1963:South%20Kanara%20Chitrapur%20Sarasvat%20Konkani ocr-review uncertain
Ko,,və:yi,to sow,,,,"ghatage-konkani1963[p. 137, col. 1, entry 32]",,,ghatage-konkani1963:p137:c1:e32,,,,dialect:Ko:ghatage-konkani1963:South%20Kanara%20Chitrapur%20Sarasvat%20Konkani ocr-review uncertain
Ko,,və:yi,age,,,,"ghatage-konkani1963[p. 137, col. 1, entry 33]",,,ghatage-konkani1963:p137:c1:e33,,,,dialect:Ko:ghatage-konkani1963:South%20Kanara%20Chitrapur%20Sarasvat%20Konkani ocr-review uncertain
Ko,,vakəyi,to bend,,,,"ghatage-konkani1963[p. 137, col. 1, entry 34]",,,ghatage-konkani1963:p137:c1:e34,,,,dialect:Ko:ghatage-konkani1963:South%20Kanara%20Chitrapur%20Sarasvat%20Konkani ocr-review uncertain
Ko,,vəņkqdë,curved,,,,"ghatage-konkani1963[p. 137, col. 1, entry 35]",,,ghatage-konkani1963:p137:c1:e35,,,,dialect:Ko:ghatage-konkani1963:South%20Kanara%20Chitrapur%20Sarasvat%20Konkani ocr-review uncertain
Ko,,vațli,dish,,,,"ghatage-konkani1963[p. 137, col. 1, entry 36]",,,ghatage-konkani1963:p137:c1:e36,,,,dialect:Ko:ghatage-konkani1963:South%20Kanara%20Chitrapur%20Sarasvat%20Konkani ocr-review uncertain
Ko,,vadta,it grows,,,,"ghatage-konkani1963[p. 137, col. 1, entry 37]",,,ghatage-konkani1963:p137:c1:e37,,,,dialect:Ko:ghatage-konkani1963:South%20Kanara%20Chitrapur%20Sarasvat%20Konkani ocr-review uncertain
Ko,,vapəsə,back RAVIN,,,,"ghatage-konkani1963[p. 137, col. 1, entry 38]",,,ghatage-konkani1963:p137:c1:e38,,,,dialect:Ko:ghatage-konkani1963:South%20Kanara%20Chitrapur%20Sarasvat%20Konkani ocr-review uncertain
Ko,,vapəs yə,to return,,,,"ghatage-konkani1963[p. 137, col. 2, entry 1]",,,ghatage-konkani1963:p137:c2:e1,,,,dialect:Ko:ghatage-konkani1963:South%20Kanara%20Chitrapur%20Sarasvat%20Konkani ocr-review uncertain
Ko,,vayțə,bad,,,,"ghatage-konkani1963[p. 137, col. 2, entry 2]",,,ghatage-konkani1963:p137:c2:e2,,,,dialect:Ko:ghatage-konkani1963:South%20Kanara%20Chitrapur%20Sarasvat%20Konkani ocr-review uncertain
Ko,,vayț korčē,to spoil,,,,"ghatage-konkani1963[p. 137, col. 2, entry 3]",,,ghatage-konkani1963:p137:c2:e3,,,,dialect:Ko:ghatage-konkani1963:South%20Kanara%20Chitrapur%20Sarasvat%20Konkani ocr-review uncertain
Ko,,vayygəņə,brinjal,,,,"ghatage-konkani1963[p. 137, col. 2, entry 4]",,,ghatage-konkani1963:p137:c2:e4,,,,dialect:Ko:ghatage-konkani1963:South%20Kanara%20Chitrapur%20Sarasvat%20Konkani ocr-review uncertain
Ko,,vəyri,enemy,,,,"ghatage-konkani1963[p. 137, col. 2, entry 5]",,,ghatage-konkani1963:p137:c2:e5,,,,dialect:Ko:ghatage-konkani1963:South%20Kanara%20Chitrapur%20Sarasvat%20Konkani ocr-review uncertain
Ko,,valvəņțə,desert,,,,"ghatage-konkani1963[p. 137, col. 2, entry 6]",,,ghatage-konkani1963:p137:c2:e6,,,,dialect:Ko:ghatage-konkani1963:South%20Kanara%20Chitrapur%20Sarasvat%20Konkani ocr-review uncertain
Ko,,vəlh ë,oar,,,,"ghatage-konkani1963[p. 137, col. 2, entry 7]",,,ghatage-konkani1963:p137:c2:e7,,,,dialect:Ko:ghatage-konkani1963:South%20Kanara%20Chitrapur%20Sarasvat%20Konkani ocr-review uncertain
Ko,,vasri,kitchen,,,,"ghatage-konkani1963[p. 137, col. 2, entry 8]",,,ghatage-konkani1963:p137:c2:e8,,,,dialect:Ko:ghatage-konkani1963:South%20Kanara%20Chitrapur%20Sarasvat%20Konkani ocr-review uncertain
Ko,,vasrũ,calf,,,,"ghatage-konkani1963[p. 137, col. 2, entry 9]",,,ghatage-konkani1963:p137:c2:e9,,,,dialect:Ko:ghatage-konkani1963:South%20Kanara%20Chitrapur%20Sarasvat%20Konkani
Ko,,vaigu,tiger,,,,"ghatage-konkani1963[p. 137, col. 2, entry 10]",,,ghatage-konkani1963:p137:c2:e10,,,,dialect:Ko:ghatage-konkani1963:South%20Kanara%20Chitrapur%20Sarasvat%20Konkani ocr-review uncertain
Ko,,va:či,to read,,,,"ghatage-konkani1963[p. 137, col. 2, entry 11]",,,ghatage-konkani1963:p137:c2:e11,,,,dialect:Ko:ghatage-konkani1963:South%20Kanara%20Chitrapur%20Sarasvat%20Konkani ocr-review uncertain
Ko,,va:ți,small bowl,,,,"ghatage-konkani1963[p. 137, col. 2, entry 12]",,,ghatage-konkani1963:p137:c2:e12,,,,dialect:Ko:ghatage-konkani1963:South%20Kanara%20Chitrapur%20Sarasvat%20Konkani ocr-review uncertain
Ko,,va:di,to serve food,,,,"ghatage-konkani1963[p. 137, col. 2, entry 13]",,,ghatage-konkani1963:p137:c2:e13,,,,dialect:Ko:ghatage-konkani1963:South%20Kanara%20Chitrapur%20Sarasvat%20Konkani ocr-review uncertain
Ko,,ga:dələ,cyclone,,,,"ghatage-konkani1963[p. 137, col. 2, entry 14]",,,ghatage-konkani1963:p137:c2:e14,,,,dialect:Ko:ghatage-konkani1963:South%20Kanara%20Chitrapur%20Sarasvat%20Konkani ocr-review uncertain
Ko,,va:rə,yard,,,,"ghatage-konkani1963[p. 137, col. 2, entry 15]",,,ghatage-konkani1963:p137:c2:e15,,,,dialect:Ko:ghatage-konkani1963:South%20Kanara%20Chitrapur%20Sarasvat%20Konkani ocr-review uncertain
Ko,,va:ri,like,,,,"ghatage-konkani1963[p. 137, col. 2, entry 16]",,,ghatage-konkani1963:p137:c2:e16,,,,dialect:Ko:ghatage-konkani1963:South%20Kanara%20Chitrapur%20Sarasvat%20Konkani ocr-review uncertain
Ko,,vairu,week day,,,,"ghatage-konkani1963[p. 137, col. 2, entry 17]",,,ghatage-konkani1963:p137:c2:e17,,,,dialect:Ko:ghatage-konkani1963:South%20Kanara%20Chitrapur%20Sarasvat%20Konkani ocr-review uncertain
Ko,,va:rə,wind,,,,"ghatage-konkani1963[p. 137, col. 2, entry 18]",,,ghatage-konkani1963:p137:c2:e18,,,,dialect:Ko:ghatage-konkani1963:South%20Kanara%20Chitrapur%20Sarasvat%20Konkani ocr-review uncertain
Ko,,va:li,creeper,,,,"ghatage-konkani1963[p. 137, col. 2, entry 19]",,,ghatage-konkani1963:p137:c2:e19,,,,dialect:Ko:ghatage-konkani1963:South%20Kanara%20Chitrapur%20Sarasvat%20Konkani
Ko,,va:sə,bamboo- råfter,,,,"ghatage-konkani1963[p. 137, col. 2, entry 20]",,,ghatage-konkani1963:p137:c2:e20,,,,dialect:Ko:ghatage-konkani1963:South%20Kanara%20Chitrapur%20Sarasvat%20Konkani ocr-review uncertain
Ko,,va:fə,steam,,,,"ghatage-konkani1963[p. 137, col. 2, entry 21]",,,ghatage-konkani1963:p137:c2:e21,,,,dialect:Ko:ghatage-konkani1963:South%20Kanara%20Chitrapur%20Sarasvat%20Konkani ocr-review uncertain
Ko,,vā:či,to survive,,,,"ghatage-konkani1963[p. 137, col. 2, entry 22]",,,ghatage-konkani1963:p137:c2:e22,,,,dialect:Ko:ghatage-konkani1963:South%20Kanara%20Chitrapur%20Sarasvat%20Konkani ocr-review uncertain
Ko,,vikət ghe,to buy,,,,"ghatage-konkani1963[p. 137, col. 2, entry 23]",,,ghatage-konkani1963:p137:c2:e23,,,,dialect:Ko:ghatage-konkani1963:South%20Kanara%20Chitrapur%20Sarasvat%20Konkani ocr-review uncertain
Ko,,viygədsuyi,to separate,,,,"ghatage-konkani1963[p. 137, col. 2, entry 24]",,,ghatage-konkani1963:p137:c2:e24,,,,dialect:Ko:ghatage-konkani1963:South%20Kanara%20Chitrapur%20Sarasvat%20Konkani ocr-review uncertain
Ko,,viyvijgəd,various,,,,"ghatage-konkani1963[p. 137, col. 2, entry 25]",,,ghatage-konkani1963:p137:c2:e25,,,,dialect:Ko:ghatage-konkani1963:South%20Kanara%20Chitrapur%20Sarasvat%20Konkani ocr-review uncertain
Ko,,viča:ru,idea,,,,"ghatage-konkani1963[p. 137, col. 2, entry 26]",,,ghatage-konkani1963:p137:c2:e26,,,,dialect:Ko:ghatage-konkani1963:South%20Kanara%20Chitrapur%20Sarasvat%20Konkani ocr-review uncertain
Ko,,vicari,to ask,,,,"ghatage-konkani1963[p. 137, col. 2, entry 27]",,,ghatage-konkani1963:p137:c2:e27,,,,dialect:Ko:ghatage-konkani1963:South%20Kanara%20Chitrapur%20Sarasvat%20Konkani ocr-review uncertain
Ko,,viccu,scorpion,,,,"ghatage-konkani1963[p. 137, col. 2, entry 28]",,,ghatage-konkani1963:p137:c2:e28,,,,dialect:Ko:ghatage-konkani1963:South%20Kanara%20Chitrapur%20Sarasvat%20Konkani ocr-review uncertain
Ko,,vidhəva,widow,,,,"ghatage-konkani1963[p. 137, col. 2, entry 29]",,,ghatage-konkani1963:p137:c2:e29,,,,dialect:Ko:ghatage-konkani1963:South%20Kanara%20Chitrapur%20Sarasvat%20Konkani ocr-review uncertain
Ko,,viruddhə,against,,,,"ghatage-konkani1963[p. 137, col. 2, entry 30]",,,ghatage-konkani1963:p137:c2:e30,,,,dialect:Ko:ghatage-konkani1963:South%20Kanara%20Chitrapur%20Sarasvat%20Konkani ocr-review uncertain
Ko,,višvas dəvəri,to believe,,,,"ghatage-konkani1963[p. 137, col. 2, entry 31]",,,ghatage-konkani1963:p137:c2:e31,,,,dialect:Ko:ghatage-konkani1963:South%20Kanara%20Chitrapur%20Sarasvat%20Konkani ocr-review uncertain
Ko,,visəri,to forget,,,,"ghatage-konkani1963[p. 137, col. 2, entry 32]",,,ghatage-konkani1963:p137:c2:e32,,,,dialect:Ko:ghatage-konkani1963:South%20Kanara%20Chitrapur%20Sarasvat%20Konkani ocr-review uncertain
Ko,,vi:kə,to sell,,,,"ghatage-konkani1963[p. 137, col. 2, entry 33]",,,ghatage-konkani1963:p137:c2:e33,,,,dialect:Ko:ghatage-konkani1963:South%20Kanara%20Chitrapur%20Sarasvat%20Konkani ocr-review uncertain
Ko,,vi:jə,lightning,,,,"ghatage-konkani1963[p. 137, col. 2, entry 34]",,,ghatage-konkani1963:p137:c2:e34,,,,dialect:Ko:ghatage-konkani1963:South%20Kanara%20Chitrapur%20Sarasvat%20Konkani ocr-review uncertain
Ko,,vizta,brick,,,,"ghatage-konkani1963[p. 137, col. 2, entry 35]",,,ghatage-konkani1963:p137:c2:e35,,,,dialect:Ko:ghatage-konkani1963:South%20Kanara%20Chitrapur%20Sarasvat%20Konkani ocr-review uncertain
Ko,,visni a,to weave to plait,,,,"ghatage-konkani1963[p. 137, col. 2, entry 36]",,,ghatage-konkani1963:p137:c2:e36,,,,dialect:Ko:ghatage-konkani1963:South%20Kanara%20Chitrapur%20Sarasvat%20Konkani ocr-review uncertain
Ko,,vi:ņa,lute,,,,"ghatage-konkani1963[p. 138, col. 1, entry 1]",,,ghatage-konkani1963:p138:c1:e1,,,,dialect:Ko:ghatage-konkani1963:South%20Kanara%20Chitrapur%20Sarasvat%20Konkani ocr-review uncertain
Ko,,višə,poison,,,,"ghatage-konkani1963[p. 138, col. 1, entry 2]",,,ghatage-konkani1963:p138:c1:e2,,,,dialect:Ko:ghatage-konkani1963:South%20Kanara%20Chitrapur%20Sarasvat%20Konkani ocr-review uncertain
Ko,,vi:sə,twenty,,,,"ghatage-konkani1963[p. 138, col. 1, entry 3]",,,ghatage-konkani1963:p138:c1:e3,,,,dialect:Ko:ghatage-konkani1963:South%20Kanara%20Chitrapur%20Sarasvat%20Konkani ocr-review uncertain
Ko,,vemi,daughter- or- son-in-law’s| mother,,,,"ghatage-konkani1963[p. 138, col. 1, entry 4]",,,ghatage-konkani1963:p138:c1:e4,,,,dialect:Ko:ghatage-konkani1963:South%20Kanara%20Chitrapur%20Sarasvat%20Konkani ocr-review uncertain
Ko,,ve:yu,"daughter- or| son-in-law°s, father.",,,,"ghatage-konkani1963[p. 138, col. 1, entry 5]",,,ghatage-konkani1963:p138:c1:e5,,,,dialect:Ko:ghatage-konkani1963:South%20Kanara%20Chitrapur%20Sarasvat%20Konkani ocr-review uncertain
Ko,,ve:li,covering (sh-) eet),,,,"ghatage-konkani1963[p. 138, col. 1, entry 6]",,,ghatage-konkani1963:p138:c1:e6,,,,dialect:Ko:ghatage-konkani1963:South%20Kanara%20Chitrapur%20Sarasvat%20Konkani ocr-review uncertain
Ko,,ve:lļu,delay,,,,"ghatage-konkani1963[p. 138, col. 1, entry 7]",,,ghatage-konkani1963:p138:c1:e7,,,,dialect:Ko:ghatage-konkani1963:South%20Kanara%20Chitrapur%20Sarasvat%20Konkani ocr-review uncertain
Ko,,ve:lu,time,,,,"ghatage-konkani1963[p. 138, col. 1, entry 8]",,,ghatage-konkani1963:p138:c1:e8,,,,dialect:Ko:ghatage-konkani1963:South%20Kanara%20Chitrapur%20Sarasvat%20Konkani ocr-review uncertain
Ko,,vya:jə,interest D,,,,"ghatage-konkani1963[p. 138, col. 1, entry 10]",,,ghatage-konkani1963:p138:c1:e10,,,,dialect:Ko:ghatage-konkani1963:South%20Kanara%20Chitrapur%20Sarasvat%20Konkani ocr-review uncertain
Ko,,vyapari,merchant,,,,"ghatage-konkani1963[p. 138, col. 1, entry 11]",,,ghatage-konkani1963:p138:c1:e11,,,,dialect:Ko:ghatage-konkani1963:South%20Kanara%20Chitrapur%20Sarasvat%20Konkani ocr-review uncertain
Ko,,vyapa:ru,trade,,,,"ghatage-konkani1963[p. 138, col. 1, entry 12]",,,ghatage-konkani1963:p138:c1:e12,,,,dialect:Ko:ghatage-konkani1963:South%20Kanara%20Chitrapur%20Sarasvat%20Konkani ocr-review uncertain
Ko,,vya:ya:məð,exercise,,,,"ghatage-konkani1963[p. 138, col. 1, entry 13]",,,ghatage-konkani1963:p138:c1:e13,,,,dialect:Ko:ghatage-konkani1963:South%20Kanara%20Chitrapur%20Sarasvat%20Konkani ocr-review uncertain
Ko,,vhə:yi,yes,,,,"ghatage-konkani1963[p. 138, col. 1, entry 14]",,,ghatage-konkani1963:p138:c1:e14,,,,dialect:Ko:ghatage-konkani1963:South%20Kanara%20Chitrapur%20Sarasvat%20Konkani ocr-review uncertain
Ko,,vhə:ri,to carry,,,,"ghatage-konkani1963[p. 138, col. 1, entry 15]",,,ghatage-konkani1963:p138:c1:e15,,,,dialect:Ko:ghatage-konkani1963:South%20Kanara%20Chitrapur%20Sarasvat%20Konkani ocr-review uncertain
Ko,,vhã:včē,to flow,,,,"ghatage-konkani1963[p. 138, col. 1, entry 16]",,,ghatage-konkani1963:p138:c1:e16,,,,dialect:Ko:ghatage-konkani1963:South%20Kanara%20Chitrapur%20Sarasvat%20Konkani ocr-review uncertain
Ko,,šəkunu,omen,,,,"ghatage-konkani1963[p. 138, col. 1, entry 17]",,,ghatage-konkani1963:p138:c1:e17,,,,dialect:Ko:ghatage-konkani1963:South%20Kanara%20Chitrapur%20Sarasvat%20Konkani ocr-review uncertain
Ko,,šəjka,doubt,,,,"ghatage-konkani1963[p. 138, col. 1, entry 18]",,,ghatage-konkani1963:p138:c1:e18,,,,dialect:Ko:ghatage-konkani1963:South%20Kanara%20Chitrapur%20Sarasvat%20Konkani ocr-review uncertain
Ko,,šətru,enemy,,,,"ghatage-konkani1963[p. 138, col. 1, entry 20]",,,ghatage-konkani1963:p138:c1:e20,,,,dialect:Ko:ghatage-konkani1963:South%20Kanara%20Chitrapur%20Sarasvat%20Konkani
Ko,,šəbdu,word,,,,"ghatage-konkani1963[p. 138, col. 1, entry 21]",,,ghatage-konkani1963:p138:c1:e21,,,,dialect:Ko:ghatage-konkani1963:South%20Kanara%20Chitrapur%20Sarasvat%20Konkani ocr-review uncertain
Ko,,šəmbərə,hundred,,,,"ghatage-konkani1963[p. 138, col. 1, entry 23]",,,ghatage-konkani1963:p138:c1:e23,,,,dialect:Ko:ghatage-konkani1963:South%20Kanara%20Chitrapur%20Sarasvat%20Konkani
Ko,,šəmbəri,hundred,,,,"ghatage-konkani1963[p. 138, col. 1, entry 24]",,,ghatage-konkani1963:p138:c1:e24,,,,dialect:Ko:ghatage-konkani1963:South%20Kanara%20Chitrapur%20Sarasvat%20Konkani ocr-review uncertain
Ko,,šəstrə,weapon,,,,"ghatage-konkani1963[p. 138, col. 1, entry 25]",,,ghatage-konkani1963:p138:c1:e25,,,,dialect:Ko:ghatage-konkani1963:South%20Kanara%20Chitrapur%20Sarasvat%20Konkani ocr-review uncertain
Ko,,šə:rtə,shirt,,,,"ghatage-konkani1963[p. 138, col. 1, entry 26]",,,ghatage-konkani1963:p138:c1:e26,,,,dialect:Ko:ghatage-konkani1963:South%20Kanara%20Chitrapur%20Sarasvat%20Konkani ocr-review uncertain
Ko,,šanva:ru,saturday,,,,"ghatage-konkani1963[p. 138, col. 1, entry 27]",,,ghatage-konkani1963:p138:c1:e27,,,,dialect:Ko:ghatage-konkani1963:South%20Kanara%20Chitrapur%20Sarasvat%20Konkani ocr-review uncertain
Ko,,ša:pu,curse,,,,"ghatage-konkani1963[p. 138, col. 1, entry 28]",,,ghatage-konkani1963:p138:c1:e28,,,,dialect:Ko:ghatage-konkani1963:South%20Kanara%20Chitrapur%20Sarasvat%20Konkani ocr-review uncertain
Ko,,y,shawl,,,,"ghatage-konkani1963[p. 138, col. 1, entry 31]",,,ghatage-konkani1963:p138:c1:e31,,,,dialect:Ko:ghatage-konkani1963:South%20Kanara%20Chitrapur%20Sarasvat%20Konkani ocr-review uncertain
Ko,,šikončč,to teach,,,,"ghatage-konkani1963[p. 138, col. 1, entry 34]",,,ghatage-konkani1963:p138:c1:e34,,,,dialect:Ko:ghatage-konkani1963:South%20Kanara%20Chitrapur%20Sarasvat%20Konkani ocr-review uncertain
Ko,,šikčē,to learn,,,,"ghatage-konkani1963[p. 138, col. 1, entry 35]",,,ghatage-konkani1963:p138:c1:e35,,,,dialect:Ko:ghatage-konkani1963:South%20Kanara%20Chitrapur%20Sarasvat%20Konkani ocr-review uncertain
Ko,,šikšə korči,to punish,,,,"ghatage-konkani1963[p. 138, col. 1, entry 36]",,,ghatage-konkani1963:p138:c1:e36,,,,dialect:Ko:ghatage-konkani1963:South%20Kanara%20Chitrapur%20Sarasvat%20Konkani ocr-review uncertain
Ko,,šikšəņə,educatior;,,,,"ghatage-konkani1963[p. 138, col. 2, entry 1]",,,ghatage-konkani1963:p138:c2:e1,,,,dialect:Ko:ghatage-konkani1963:South%20Kanara%20Chitrapur%20Sarasvat%20Konkani ocr-review uncertain
Ko,,šipa:yu,soldier i,,,,"ghatage-konkani1963[p. 138, col. 2, entry 2]",,,ghatage-konkani1963:p138:c2:e2,,,,dialect:Ko:ghatage-konkani1963:South%20Kanara%20Chitrapur%20Sarasvat%20Konkani ocr-review uncertain
Ko,,šimpi,tailor,,,,"ghatage-konkani1963[p. 138, col. 2, entry 3]",,,ghatage-konkani1963:p138:c2:e3,,,,dialect:Ko:ghatage-konkani1963:South%20Kanara%20Chitrapur%20Sarasvat%20Konkani ocr-review uncertain
Ko,,šiyālļē,green l coconut,,,,"ghatage-konkani1963[p. 138, col. 2, entry 4]",,,ghatage-konkani1963:p138:c2:e4,,,,dialect:Ko:ghatage-konkani1963:South%20Kanara%20Chitrapur%20Sarasvat%20Konkani ocr-review uncertain
Ko,,šisəri,crocodile,,,,"ghatage-konkani1963[p. 138, col. 2, entry 5]",,,ghatage-konkani1963:p138:c2:e5,,,,dialect:Ko:ghatage-konkani1963:South%20Kanara%20Chitrapur%20Sarasvat%20Konkani ocr-review uncertain
Ko,,šivəyi,to sew 3,,,,"ghatage-konkani1963[p. 138, col. 2, entry 6]",,,ghatage-konkani1963:p138:c2:e6,,,,dialect:Ko:ghatage-konkani1963:South%20Kanara%20Chitrapur%20Sarasvat%20Konkani ocr-review uncertain
Ko,,ši:kə,to study 3,,,,"ghatage-konkani1963[p. 138, col. 2, entry 7]",,,ghatage-konkani1963:p138:c2:e7,,,,dialect:Ko:ghatage-konkani1963:South%20Kanara%20Chitrapur%20Sarasvat%20Konkani ocr-review uncertain
Ko,,ši:gə,horn,,,,"ghatage-konkani1963[p. 138, col. 2, entry 8]",,,ghatage-konkani1963:p138:c2:e8,,,,dialect:Ko:ghatage-konkani1963:South%20Kanara%20Chitrapur%20Sarasvat%20Konkani ocr-review uncertain
Ko,,ši:ți,whistle l,,,,"ghatage-konkani1963[p. 138, col. 2, entry 9]",,,ghatage-konkani1963:p138:c2:e9,,,,dialect:Ko:ghatage-konkani1963:South%20Kanara%20Chitrapur%20Sarasvat%20Konkani ocr-review uncertain
Ko,,ši:də,sail,,,,"ghatage-konkani1963[p. 138, col. 2, entry 10]",,,ghatage-konkani1963:p138:c2:e10,,,,dialect:Ko:ghatage-konkani1963:South%20Kanara%20Chitrapur%20Sarasvat%20Konkani ocr-review uncertain
Ko,,šī:pi,to sprinkle f,,,,"ghatage-konkani1963[p. 138, col. 2, entry 11]",,,ghatage-konkani1963:p138:c2:e11,,,,dialect:Ko:ghatage-konkani1963:South%20Kanara%20Chitrapur%20Sarasvat%20Konkani ocr-review uncertain
Ko,,šukra:ru,friday,,,,"ghatage-konkani1963[p. 138, col. 2, entry 14]",,,ghatage-konkani1963:p138:c2:e14,,,,dialect:Ko:ghatage-konkani1963:South%20Kanara%20Chitrapur%20Sarasvat%20Konkani ocr-review uncertain
Ko,,šeņdanē,ground nut,,,,"ghatage-konkani1963[p. 138, col. 2, entry 15]",,,ghatage-konkani1963:p138:c2:e15,,,,dialect:Ko:ghatage-konkani1963:South%20Kanara%20Chitrapur%20Sarasvat%20Konkani ocr-review uncertain
Ko,,šetkəri,farmer,,,,"ghatage-konkani1963[p. 138, col. 2, entry 16]",,,ghatage-konkani1963:p138:c2:e16,,,,dialect:Ko:ghatage-konkani1963:South%20Kanara%20Chitrapur%20Sarasvat%20Konkani ocr-review uncertain
Ko,,še:li,dampness,,,,"ghatage-konkani1963[p. 138, col. 2, entry 17]",,,ghatage-konkani1963:p138:c2:e17,,,,dialect:Ko:ghatage-konkani1963:South%20Kanara%20Chitrapur%20Sarasvat%20Konkani ocr-review uncertain
Ko,,šē:di,tuft of hair,,,,"ghatage-konkani1963[p. 138, col. 2, entry 18]",,,ghatage-konkani1963:p138:c2:e18,,,,dialect:Ko:ghatage-konkani1963:South%20Kanara%20Chitrapur%20Sarasvat%20Konkani ocr-review uncertain
Ko,,šetə,field,,,,"ghatage-konkani1963[p. 138, col. 2, entry 19]",,,ghatage-konkani1963:p138:c2:e19,,,,dialect:Ko:ghatage-konkani1963:South%20Kanara%20Chitrapur%20Sarasvat%20Konkani ocr-review uncertain
Ko,,šelē,stale,,,,"ghatage-konkani1963[p. 138, col. 2, entry 20]",,,ghatage-konkani1963:p138:c2:e20,,,,dialect:Ko:ghatage-konkani1963:South%20Kanara%20Chitrapur%20Sarasvat%20Konkani ocr-review uncertain
Ko,,šva:s ghe,to breathe,,,,"ghatage-konkani1963[p. 138, col. 2, entry 21]",,,ghatage-konkani1963:p138:c2:e21,,,,dialect:Ko:ghatage-konkani1963:South%20Kanara%20Chitrapur%20Sarasvat%20Konkani ocr-review uncertain
Ko,,sə,six,,,,"ghatage-konkani1963[p. 138, col. 2, entry 22]",,,ghatage-konkani1963:p138:c2:e22,,,,dialect:Ko:ghatage-konkani1963:South%20Kanara%20Chitrapur%20Sarasvat%20Konkani ocr-review uncertain
Ko,,səkāä:ļi,morning,,,,"ghatage-konkani1963[p. 138, col. 2, entry 23]",,,ghatage-konkani1963:p138:c2:e23,,,,dialect:Ko:ghatage-konkani1963:South%20Kanara%20Chitrapur%20Sarasvat%20Konkani ocr-review uncertain
Ko,,səglě,all,,,,"ghatage-konkani1963[p. 138, col. 2, entry 24]",,,ghatage-konkani1963:p138:c2:e24,,,,dialect:Ko:ghatage-konkani1963:South%20Kanara%20Chitrapur%20Sarasvat%20Konkani ocr-review uncertain
Ko,,səygi:tə,music,,,,"ghatage-konkani1963[p. 138, col. 2, entry 25]",,,ghatage-konkani1963:p138:c2:e25,,,,dialect:Ko:ghatage-konkani1963:South%20Kanara%20Chitrapur%20Sarasvat%20Konkani ocr-review uncertain
Ko,,səttë,umbrella of leaves,,,,"ghatage-konkani1963[p. 138, col. 2, entry 26]",,,ghatage-konkani1963:p138:c2:e26,,,,dialect:Ko:ghatage-konkani1963:South%20Kanara%20Chitrapur%20Sarasvat%20Konkani ocr-review uncertain
Ko,,səttərə,seventy,,,,"ghatage-konkani1963[p. 138, col. 2, entry 27]",,,ghatage-konkani1963:p138:c2:e27,,,,dialect:Ko:ghatage-konkani1963:South%20Kanara%20Chitrapur%20Sarasvat%20Konkani ocr-review uncertain
Ko,,səttəri,seventy,,,,"ghatage-konkani1963[p. 138, col. 2, entry 28]",,,ghatage-konkani1963:p138:c2:e28,,,,dialect:Ko:ghatage-konkani1963:South%20Kanara%20Chitrapur%20Sarasvat%20Konkani ocr-review uncertain
Ko,,sətra,seventeen,,,,"ghatage-konkani1963[p. 138, col. 2, entry 29]",,,ghatage-konkani1963:p138:c2:e29,,,,dialect:Ko:ghatage-konkani1963:South%20Kanara%20Chitrapur%20Sarasvat%20Konkani ocr-review uncertain
Ko,,sənəyi,shahanai,,,,"ghatage-konkani1963[p. 138, col. 2, entry 30]",,,ghatage-konkani1963:p138:c2:e30,,,,dialect:Ko:ghatage-konkani1963:South%20Kanara%20Chitrapur%20Sarasvat%20Konkani ocr-review uncertain
Ko,,səntrə,orange,,,,"ghatage-konkani1963[p. 138, col. 2, entry 31]",,,ghatage-konkani1963:p138:c2:e31,,,,dialect:Ko:ghatage-konkani1963:South%20Kanara%20Chitrapur%20Sarasvat%20Konkani ocr-review uncertain
Ko,,səpa:tə,flat,,,,"ghatage-konkani1963[p. 138, col. 2, entry 32]",,,ghatage-konkani1963:p138:c2:e32,,,,dialect:Ko:ghatage-konkani1963:South%20Kanara%20Chitrapur%20Sarasvat%20Konkani ocr-review uncertain
Ko,,səpurə,narrow,,,,"ghatage-konkani1963[p. 138, col. 2, entry 33]",,,ghatage-konkani1963:p138:c2:e33,,,,dialect:Ko:ghatage-konkani1963:South%20Kanara%20Chitrapur%20Sarasvat%20Konkani ocr-review uncertain
Ko,,səmudru,sea,,,,"ghatage-konkani1963[p. 138, col. 2, entry 34]",,,ghatage-konkani1963:p138:c2:e34,,,,dialect:Ko:ghatage-konkani1963:South%20Kanara%20Chitrapur%20Sarasvat%20Konkani ocr-review uncertain
Ko,,səyta:nu,satan,,,,"ghatage-konkani1963[p. 138, col. 2, entry 36]",,,ghatage-konkani1963:p138:c2:e36,,,,dialect:Ko:ghatage-konkani1963:South%20Kanara%20Chitrapur%20Sarasvat%20Konkani ocr-review uncertain
Ko,,sərə:lə,straight A,,,,"ghatage-konkani1963[p. 138, col. 2, entry 37]",,,ghatage-konkani1963:p138:c2:e37,,,,dialect:Ko:ghatage-konkani1963:South%20Kanara%20Chitrapur%20Sarasvat%20Konkani ocr-review uncertain
Ko,,sərpəļí,chain,,,,"ghatage-konkani1963[p. 139, col. 1, entry 1]",,,ghatage-konkani1963:p139:c1:e1,,,,dialect:Ko:ghatage-konkani1963:South%20Kanara%20Chitrapur%20Sarasvat%20Konkani ocr-review uncertain
Ko,,sərpu,snake,,,,"ghatage-konkani1963[p. 139, col. 1, entry 2]",,,ghatage-konkani1963:p139:c1:e2,,,,dialect:Ko:ghatage-konkani1963:South%20Kanara%20Chitrapur%20Sarasvat%20Konkani ocr-review uncertain
Ko,,sərdə,chameleon,,,,"ghatage-konkani1963[p. 139, col. 1, entry 3]",,,ghatage-konkani1963:p139:c1:e3,,,,dialect:Ko:ghatage-konkani1963:South%20Kanara%20Chitrapur%20Sarasvat%20Konkani ocr-review uncertain
Ko,,səvayi,one and a quarter,,,,"ghatage-konkani1963[p. 139, col. 1, entry 4]",,,ghatage-konkani1963:p139:c1:e4,,,,dialect:Ko:ghatage-konkani1963:South%20Kanara%20Chitrapur%20Sarasvat%20Konkani ocr-review uncertain
Ko,,sý včē,to abuse,,,,"ghatage-konkani1963[p. 139, col. 1, entry 5]",,,ghatage-konkani1963:p139:c1:e5,,,,dialect:Ko:ghatage-konkani1963:South%20Kanara%20Chitrapur%20Sarasvat%20Konkani ocr-review uncertain
Ko,,səvrəgə,cheap,,,,"ghatage-konkani1963[p. 139, col. 1, entry 6]",,,ghatage-konkani1963:p139:c1:e6,,,,dialect:Ko:ghatage-konkani1963:South%20Kanara%20Chitrapur%20Sarasvat%20Konkani ocr-review uncertain
Ko,,səsa:rə,easy,,,,"ghatage-konkani1963[p. 139, col. 1, entry 7]",,,ghatage-konkani1963:p139:c1:e7,,,,dialect:Ko:ghatage-konkani1963:South%20Kanara%20Chitrapur%20Sarasvat%20Konkani ocr-review uncertain
Ko,,sə:rə,to move,,,,"ghatage-konkani1963[p. 139, col. 1, entry 8]",,,ghatage-konkani1963:p139:c1:e8,,,,dialect:Ko:ghatage-konkani1963:South%20Kanara%20Chitrapur%20Sarasvat%20Konkani ocr-review uncertain
Ko,,sə:və,to curse,,,,"ghatage-konkani1963[p. 139, col. 1, entry 10]",,,ghatage-konkani1963:p139:c1:e10,,,,dialect:Ko:ghatage-konkani1963:South%20Kanara%20Chitrapur%20Sarasvat%20Konkani ocr-review uncertain
Ko,,sã:ti,market day,,,,"ghatage-konkani1963[p. 139, col. 1, entry 11]",,,ghatage-konkani1963:p139:c1:e11,,,,dialect:Ko:ghatage-konkani1963:South%20Kanara%20Chitrapur%20Sarasvat%20Konkani ocr-review uncertain
Ko,,sakkhərə,sugar,,,,"ghatage-konkani1963[p. 139, col. 1, entry 12]",,,ghatage-konkani1963:p139:c1:e12,,,,dialect:Ko:ghatage-konkani1963:South%20Kanara%20Chitrapur%20Sarasvat%20Konkani ocr-review uncertain
Ko,,sadduku,wife’s sister’: husband |ø,,,,"ghatage-konkani1963[p. 139, col. 1, entry 13]",,,ghatage-konkani1963:p139:c1:e13,,,,dialect:Ko:ghatage-konkani1963:South%20Kanara%20Chitrapur%20Sarasvat%20Konkani ocr-review uncertain
Ko,,sanpəņə,childhood,,,,"ghatage-konkani1963[p. 139, col. 1, entry 14]",,,ghatage-konkani1963:p139:c1:e14,,,,dialect:Ko:ghatage-konkani1963:South%20Kanara%20Chitrapur%20Sarasvat%20Konkani ocr-review uncertain
Ko,,sabunu,soap,,,,"ghatage-konkani1963[p. 139, col. 1, entry 15]",,,ghatage-konkani1963:p139:c1:e15,,,,dialect:Ko:ghatage-konkani1963:South%20Kanara%20Chitrapur%20Sarasvat%20Konkani ocr-review uncertain
Ko,,sabu:daņə,sago,,,,"ghatage-konkani1963[p. 139, col. 1, entry 16]",,,ghatage-konkani1963:p139:c1:e16,,,,dialect:Ko:ghatage-konkani1963:South%20Kanara%20Chitrapur%20Sarasvat%20Konkani ocr-review uncertain
Ko,,sarəyi,to besmear (with cow dung),,,,"ghatage-konkani1963[p. 139, col. 1, entry 17]",,,ghatage-konkani1963:p139:c1:e17,,,,dialect:Ko:ghatage-konkani1963:South%20Kanara%20Chitrapur%20Sarasvat%20Konkani ocr-review uncertain
Ko,,savka:ru,money lender,,,,"ghatage-konkani1963[p. 139, col. 1, entry 18]",,,ghatage-konkani1963:p139:c1:e18,,,,dialect:Ko:ghatage-konkani1963:South%20Kanara%20Chitrapur%20Sarasvat%20Konkani ocr-review uncertain
Ko,,sa:gu,sago,,,,"ghatage-konkani1963[p. 139, col. 1, entry 19]",,,ghatage-konkani1963:p139:c1:e19,,,,dialect:Ko:ghatage-konkani1963:South%20Kanara%20Chitrapur%20Sarasvat%20Konkani ocr-review uncertain
Ko,,sa:țhə,sixty,,,,"ghatage-konkani1963[p. 139, col. 1, entry 20]",,,ghatage-konkani1963:p139:c1:e20,,,,dialect:Ko:ghatage-konkani1963:South%20Kanara%20Chitrapur%20Sarasvat%20Konkani ocr-review uncertain
Ko,,sa:țhi,sixty,,,,"ghatage-konkani1963[p. 139, col. 1, entry 21]",,,ghatage-konkani1963:p139:c1:e21,,,,dialect:Ko:ghatage-konkani1963:South%20Kanara%20Chitrapur%20Sarasvat%20Konkani ocr-review uncertain
Ko,,sa:tə,seven,,,,"ghatage-konkani1963[p. 139, col. 1, entry 22]",,,ghatage-konkani1963:p139:c1:e22,,,,dialect:Ko:ghatage-konkani1963:South%20Kanara%20Chitrapur%20Sarasvat%20Konkani ocr-review uncertain
Ko,,sa:dhu,mo,,,,"ghatage-konkani1963[p. 139, col. 1, entry 23]",,,ghatage-konkani1963:p139:c1:e23,,,,dialect:Ko:ghatage-konkani1963:South%20Kanara%20Chitrapur%20Sarasvat%20Konkani ocr-review uncertain
Ko,,o,e,,,,"ghatage-konkani1963[p. 139, col. 1, entry 24]",,,ghatage-konkani1963:p139:c1:e24,,,,dialect:Ko:ghatage-konkani1963:South%20Kanara%20Chitrapur%20Sarasvat%20Konkani ocr-review uncertain
Ko,,sa:nu,young,,,,"ghatage-konkani1963[p. 139, col. 1, entry 25]",,,ghatage-konkani1963:p139:c1:e25,,,,dialect:Ko:ghatage-konkani1963:South%20Kanara%20Chitrapur%20Sarasvat%20Konkani ocr-review uncertain
Ko,,sa:yi,Gream,,,,"ghatage-konkani1963[p. 139, col. 1, entry 26]",,,ghatage-konkani1963:p139:c1:e26,,,,dialect:Ko:ghatage-konkani1963:South%20Kanara%20Chitrapur%20Sarasvat%20Konkani ocr-review uncertain
Ko,,sa:rə,soup,,,,"ghatage-konkani1963[p. 139, col. 1, entry 27]",,,ghatage-konkani1963:p139:c1:e27,,,,dialect:Ko:ghatage-konkani1963:South%20Kanara%20Chitrapur%20Sarasvat%20Konkani ocr-review uncertain
Ko,,sa:rē,manure,,,,"ghatage-konkani1963[p. 139, col. 1, entry 28]",,,ghatage-konkani1963:p139:c1:e28,,,,dialect:Ko:ghatage-konkani1963:South%20Kanara%20Chitrapur%20Sarasvat%20Konkani ocr-review uncertain
Ko,,sa:li,bark,,,,"ghatage-konkani1963[p. 139, col. 1, entry 29]",,,ghatage-konkani1963:p139:c1:e29,,,,dialect:Ko:ghatage-konkani1963:South%20Kanara%20Chitrapur%20Sarasvat%20Konkani ocr-review uncertain
Ko,,sa:lni,broom,,,,"ghatage-konkani1963[p. 139, col. 1, entry 30]",,,ghatage-konkani1963:p139:c1:e30,,,,dialect:Ko:ghatage-konkani1963:South%20Kanara%20Chitrapur%20Sarasvat%20Konkani ocr-review uncertain
Ko,,sa:səmə,mustard,,,,"ghatage-konkani1963[p. 139, col. 1, entry 31]",,,ghatage-konkani1963:p139:c1:e31,,,,dialect:Ko:ghatage-konkani1963:South%20Kanara%20Chitrapur%20Sarasvat%20Konkani
Ko,,sa:vəțə,shade,,,,"ghatage-konkani1963[p. 139, col. 1, entry 32]",,,ghatage-konkani1963:p139:c1:e32,,,,dialect:Ko:ghatage-konkani1963:South%20Kanara%20Chitrapur%20Sarasvat%20Konkani ocr-review uncertain
Ko,,sã:jə,evening,,,,"ghatage-konkani1963[p. 139, col. 1, entry 33]",,,ghatage-konkani1963:p139:c1:e33,,,,dialect:Ko:ghatage-konkani1963:South%20Kanara%20Chitrapur%20Sarasvat%20Konkani ocr-review uncertain
Ko,,sã:jo,kind of sweet,,,,"ghatage-konkani1963[p. 139, col. 2, entry 1]",,,ghatage-konkani1963:p139:c2:e1,,,,dialect:Ko:ghatage-konkani1963:South%20Kanara%20Chitrapur%20Sarasvat%20Konkani ocr-review uncertain
Ko,,silkə,silk,,,,"ghatage-konkani1963[p. 139, col. 2, entry 2]",,,ghatage-konkani1963:p139:c2:e2,,,,dialect:Ko:ghatage-konkani1963:South%20Kanara%20Chitrapur%20Sarasvat%20Konkani ocr-review uncertain
Ko,,siva:sənə,throne,,,,"ghatage-konkani1963[p. 139, col. 2, entry 3]",,,ghatage-konkani1963:p139:c2:e3,,,,dialect:Ko:ghatage-konkani1963:South%20Kanara%20Chitrapur%20Sarasvat%20Konkani ocr-review uncertain
Ko,,sīvvu,lion,,,,"ghatage-konkani1963[p. 139, col. 2, entry 4]",,,ghatage-konkani1963:p139:c2:e4,,,,dialect:Ko:ghatage-konkani1963:South%20Kanara%20Chitrapur%20Sarasvat%20Konkani ocr-review uncertain
Ko,,si:ma,boundary,,,,"ghatage-konkani1963[p. 139, col. 2, entry 5]",,,ghatage-konkani1963:p139:c2:e5,,,,dialect:Ko:ghatage-konkani1963:South%20Kanara%20Chitrapur%20Sarasvat%20Konkani ocr-review uncertain
Ko,,suka:nu,rudder,,,,"ghatage-konkani1963[p. 139, col. 2, entry 6]",,,ghatage-konkani1963:p139:c2:e6,,,,dialect:Ko:ghatage-konkani1963:South%20Kanara%20Chitrapur%20Sarasvat%20Konkani ocr-review uncertain
Ko,,sukti,ebb tide,,,,"ghatage-konkani1963[p. 139, col. 2, entry 7]",,,ghatage-konkani1963:p139:c2:e7,,,,dialect:Ko:ghatage-konkani1963:South%20Kanara%20Chitrapur%20Sarasvat%20Konkani ocr-review uncertain
Ko,,suțsu:ți,active,,,,"ghatage-konkani1963[p. 139, col. 2, entry 8]",,,ghatage-konkani1963:p139:c2:e8,,,,dialect:Ko:ghatage-konkani1963:South%20Kanara%20Chitrapur%20Sarasvat%20Konkani ocr-review uncertain
Ko,,sukkilē,dry,,,,"ghatage-konkani1963[p. 139, col. 2, entry 9]",,,ghatage-konkani1963:p139:c2:e9,,,,dialect:Ko:ghatage-konkani1963:South%20Kanara%20Chitrapur%20Sarasvat%20Konkani ocr-review uncertain
Ko,,sukdə,lean,,,,"ghatage-konkani1963[p. 139, col. 2, entry 10]",,,ghatage-konkani1963:p139:c2:e10,,,,dialect:Ko:ghatage-konkani1963:South%20Kanara%20Chitrapur%20Sarasvat%20Konkani ocr-review uncertain
Ko,,su:pə,winnowing pan,,,,"ghatage-konkani1963[p. 139, col. 2, entry 11]",,,ghatage-konkani1963:p139:c2:e11,,,,dialect:Ko:ghatage-konkani1963:South%20Kanara%20Chitrapur%20Sarasvat%20Konkani ocr-review uncertain
Ko,,sutar,carpenter,,,,"ghatage-konkani1963[p. 139, col. 2, entry 12]",,,ghatage-konkani1963:p139:c2:e12,,,,dialect:Ko:ghatage-konkani1963:South%20Kanara%20Chitrapur%20Sarasvat%20Konkani ocr-review uncertain
Ko,,sùttəyi,to wind,,,,"ghatage-konkani1963[p. 139, col. 2, entry 13]",,,ghatage-konkani1963:p139:c2:e13,,,,dialect:Ko:ghatage-konkani1963:South%20Kanara%20Chitrapur%20Sarasvat%20Konkani ocr-review uncertain
Ko,,suttu,around,,,,"ghatage-konkani1963[p. 139, col. 2, entry 14]",,,ghatage-konkani1963:p139:c2:e14,,,,dialect:Ko:ghatage-konkani1963:South%20Kanara%20Chitrapur%20Sarasvat%20Konkani ocr-review uncertain
Ko,,supa:ri,areca nut,,,,"ghatage-konkani1963[p. 139, col. 2, entry 15]",,,ghatage-konkani1963:p139:c2:e15,,,,dialect:Ko:ghatage-konkani1963:South%20Kanara%20Chitrapur%20Sarasvat%20Konkani ocr-review uncertain
Ko,,su:khə,happiness,,,,"ghatage-konkani1963[p. 139, col. 2, entry 16]",,,ghatage-konkani1963:p139:c2:e16,,,,dialect:Ko:ghatage-konkani1963:South%20Kanara%20Chitrapur%20Sarasvat%20Konkani ocr-review uncertain
Ko,,su:t kati,to spin,,,,"ghatage-konkani1963[p. 139, col. 2, entry 19]",,,ghatage-konkani1963:p139:c2:e19,,,,dialect:Ko:ghatage-konkani1963:South%20Kanara%20Chitrapur%20Sarasvat%20Konkani ocr-review uncertain
Ko,,su:nə,daughter-in- law,,,,"ghatage-konkani1963[p. 139, col. 2, entry 20]",,,ghatage-konkani1963:p139:c2:e20,,,,dialect:Ko:ghatage-konkani1963:South%20Kanara%20Chitrapur%20Sarasvat%20Konkani ocr-review uncertain
Ko,,su:r kəri,to begin i,,,,"ghatage-konkani1963[p. 139, col. 2, entry 21]",,,ghatage-konkani1963:p139:c2:e21,,,,dialect:Ko:ghatage-konkani1963:South%20Kanara%20Chitrapur%20Sarasvat%20Konkani ocr-review uncertain
Ko,,su:ryu,sun,,,,"ghatage-konkani1963[p. 139, col. 2, entry 22]",,,ghatage-konkani1963:p139:c2:e22,,,,dialect:Ko:ghatage-konkani1963:South%20Kanara%20Chitrapur%20Sarasvat%20Konkani ocr-review uncertain
Ko,,su:və,needle,,,,"ghatage-konkani1963[p. 139, col. 2, entry 23]",,,ghatage-konkani1963:p139:c2:e23,,,,dialect:Ko:ghatage-konkani1963:South%20Kanara%20Chitrapur%20Sarasvat%20Konkani ocr-review uncertain
Ko,,sku:lə,school,,,,"ghatage-konkani1963[p. 139, col. 2, entry 24]",,,ghatage-konkani1963:p139:c2:e24,,,,dialect:Ko:ghatage-konkani1963:South%20Kanara%20Chitrapur%20Sarasvat%20Konkani ocr-review uncertain
Ko,,sna:yu,muscle,,,,"ghatage-konkani1963[p. 139, col. 2, entry 25]",,,ghatage-konkani1963:p139:c2:e25,,,,dialect:Ko:ghatage-konkani1963:South%20Kanara%20Chitrapur%20Sarasvat%20Konkani ocr-review uncertain
Ko,,sphəțikə,alum,,,,"ghatage-konkani1963[p. 139, col. 2, entry 26]",,,ghatage-konkani1963:p139:c2:e26,,,,dialect:Ko:ghatage-konkani1963:South%20Kanara%20Chitrapur%20Sarasvat%20Konkani ocr-review uncertain
Ko,,sokņi,i ouse-lizar li d,,,,"ghatage-konkani1963[p. 139, col. 2, entry 27]",,,ghatage-konkani1963:p139:c2:e27,,,,dialect:Ko:ghatage-konkani1963:South%20Kanara%20Chitrapur%20Sarasvat%20Konkani ocr-review uncertain
Ko,,solləyi,to peel,,,,"ghatage-konkani1963[p. 139, col. 2, entry 29]",,,ghatage-konkani1963:p139:c2:e29,,,,dialect:Ko:ghatage-konkani1963:South%20Kanara%20Chitrapur%20Sarasvat%20Konkani ocr-review uncertain
Ko,,so:qi,to release,,,,"ghatage-konkani1963[p. 139, col. 2, entry 30]",,,ghatage-konkani1963:p139:c2:e30,,,,dialect:Ko:ghatage-konkani1963:South%20Kanara%20Chitrapur%20Sarasvat%20Konkani ocr-review uncertain
Ko,,so:ḍi,to leave,,,,"ghatage-konkani1963[p. 139, col. 2, entry 31]",,,ghatage-konkani1963:p139:c2:e31,,,,dialect:Ko:ghatage-konkani1963:South%20Kanara%20Chitrapur%20Sarasvat%20Konkani
Ko,,so:dəyi ş,to loose,,,,"ghatage-konkani1963[p. 139, col. 2, entry 32]",,,ghatage-konkani1963:p139:c2:e32,,,,dialect:Ko:ghatage-konkani1963:South%20Kanara%20Chitrapur%20Sarasvat%20Konkani ocr-review uncertain
Ko,,so:di,to seek,,,,"ghatage-konkani1963[p. 139, col. 2, entry 33]",,,ghatage-konkani1963:p139:c2:e33,,,,dialect:Ko:ghatage-konkani1963:South%20Kanara%20Chitrapur%20Sarasvat%20Konkani ocr-review uncertain
Ko,,so:ma:ru,monday,,,,"ghatage-konkani1963[p. 139, col. 2, entry 34]",,,ghatage-konkani1963:p139:c2:e34,,,,dialect:Ko:ghatage-konkani1963:South%20Kanara%20Chitrapur%20Sarasvat%20Konkani ocr-review uncertain
Ko,,səla,sixteen,,,,"ghatage-konkani1963[p. 140, col. 1, entry 2]",,,ghatage-konkani1963:p140:c1:e2,,,,dialect:Ko:ghatage-konkani1963:South%20Kanara%20Chitrapur%20Sarasvat%20Konkani ocr-review uncertain
Ko,,həgurə,light,,,,"ghatage-konkani1963[p. 140, col. 1, entry 3]",,,ghatage-konkani1963:p140:c1:e3,,,,dialect:Ko:ghatage-konkani1963:South%20Kanara%20Chitrapur%20Sarasvat%20Konkani ocr-review uncertain
Ko,,həgu:rə:,slow,,,,"ghatage-konkani1963[p. 140, col. 1, entry 4]",,,ghatage-konkani1963:p140:c1:e4,,,,dialect:Ko:ghatage-konkani1963:South%20Kanara%20Chitrapur%20Sarasvat%20Konkani ocr-review uncertain
Ko,,həņuvə,chin,,,,"ghatage-konkani1963[p. 140, col. 1, entry 5]",,,ghatage-konkani1963:p140:c1:e5,,,,dialect:Ko:ghatage-konkani1963:South%20Kanara%20Chitrapur%20Sarasvat%20Konkani ocr-review uncertain
Ko,,həmalu,porter,,,,"ghatage-konkani1963[p. 140, col. 1, entry 6]",,,ghatage-konkani1963:p140:c1:e6,,,,dialect:Ko:ghatage-konkani1963:South%20Kanara%20Chitrapur%20Sarasvat%20Konkani ocr-review uncertain
Ko,,hərəṇə,deer,,,,"ghatage-konkani1963[p. 140, col. 1, entry 7]",,,ghatage-konkani1963:p140:c1:e7,,,,dialect:Ko:ghatage-konkani1963:South%20Kanara%20Chitrapur%20Sarasvat%20Konkani
Ko,,həriye,raw,,,,"ghatage-konkani1963[p. 140, col. 1, entry 8]",,,ghatage-konkani1963:p140:c1:e8,,,,dialect:Ko:ghatage-konkani1963:South%20Kanara%20Chitrapur%20Sarasvat%20Konkani ocr-review uncertain
Ko,,həļədi,turmaric,,,,"ghatage-konkani1963[p. 140, col. 1, entry 9]",,,ghatage-konkani1963:p140:c1:e9,,,,dialect:Ko:ghatage-konkani1963:South%20Kanara%20Chitrapur%20Sarasvat%20Konkani ocr-review uncertain
Ko,,həldu:və,yellow,,,,"ghatage-konkani1963[p. 140, col. 1, entry 10]",,,ghatage-konkani1963:p140:c1:e10,,,,dialect:Ko:ghatage-konkani1963:South%20Kanara%20Chitrapur%20Sarasvat%20Konkani ocr-review uncertain
Ko,,həlli,village,,,,"ghatage-konkani1963[p. 140, col. 1, entry 11]",,,ghatage-konkani1963:p140:c1:e11,,,,dialect:Ko:ghatage-konkani1963:South%20Kanara%20Chitrapur%20Sarasvat%20Konkani ocr-review uncertain
Ko,,həsti,elephant,,,,"ghatage-konkani1963[p. 140, col. 1, entry 12]",,,ghatage-konkani1963:p140:c1:e12,,,,dialect:Ko:ghatage-konkani1963:South%20Kanara%20Chitrapur%20Sarasvat%20Konkani ocr-review uncertain
Ko,,hővsu,"swan,",,,,"ghatage-konkani1963[p. 140, col. 1, entry 13]",,,ghatage-konkani1963:p140:c1:e13,,,,dialect:Ko:ghatage-konkani1963:South%20Kanara%20Chitrapur%20Sarasvat%20Konkani ocr-review uncertain
Ko,,hə:va,ait z,,,,"ghatage-konkani1963[p. 140, col. 1, entry 14]",,,ghatage-konkani1963:p140:c1:e14,,,,dialect:Ko:ghatage-konkani1963:South%20Kanara%20Chitrapur%20Sarasvat%20Konkani ocr-review uncertain
Ko,,hagurə,slowly 6|,,,,"ghatage-konkani1963[p. 140, col. 1, entry 15]",,,ghatage-konkani1963:p140:c1:e15,,,,dialect:Ko:ghatage-konkani1963:South%20Kanara%20Chitrapur%20Sarasvat%20Konkani ocr-review uncertain
Ko,,hajga,here,,,,"ghatage-konkani1963[p. 140, col. 1, entry 16]",,,ghatage-konkani1963:p140:c1:e16,,,,dialect:Ko:ghatage-konkani1963:South%20Kanara%20Chitrapur%20Sarasvat%20Konkani ocr-review uncertain
Ko,,hadda sa:pļo,skeleton,,,,"ghatage-konkani1963[p. 140, col. 1, entry 17]",,,ghatage-konkani1963:p140:c1:e17,,,,dialect:Ko:ghatage-konkani1963:South%20Kanara%20Chitrapur%20Sarasvat%20Konkani ocr-review uncertain
Ko,,hattoḍi,hammer,,,,"ghatage-konkani1963[p. 140, col. 1, entry 18]",,,ghatage-konkani1963:p140:c1:e18,,,,dialect:Ko:ghatage-konkani1963:South%20Kanara%20Chitrapur%20Sarasvat%20Konkani
Ko,,hantulļņə,bed,,,,"ghatage-konkani1963[p. 140, col. 1, entry 19]",,,ghatage-konkani1963:p140:c1:e19,,,,dialect:Ko:ghatage-konkani1963:South%20Kanara%20Chitrapur%20Sarasvat%20Konkani ocr-review uncertain
Ko,,halləyi,to move,,,,"ghatage-konkani1963[p. 140, col. 1, entry 20]",,,ghatage-konkani1963:p140:c1:e20,,,,dialect:Ko:ghatage-konkani1963:South%20Kanara%20Chitrapur%20Sarasvat%20Konkani
Ko,,havrə,greedy,,,,"ghatage-konkani1963[p. 140, col. 1, entry 21]",,,ghatage-konkani1963:p140:c1:e21,,,,dialect:Ko:ghatage-konkani1963:South%20Kanara%20Chitrapur%20Sarasvat%20Konkani ocr-review uncertain
Ko,,ha:gə,to go to stool l,,,,"ghatage-konkani1963[p. 140, col. 1, entry 22]",,,ghatage-konkani1963:p140:c1:e22,,,,dialect:Ko:ghatage-konkani1963:South%20Kanara%20Chitrapur%20Sarasvat%20Konkani ocr-review uncertain
Ko,,ha:də,bone afi,,,,"ghatage-konkani1963[p. 140, col. 1, entry 23]",,,ghatage-konkani1963:p140:c1:e23,,,,dialect:Ko:ghatage-konkani1963:South%20Kanara%20Chitrapur%20Sarasvat%20Konkani ocr-review uncertain
Ko,,ha:di,to bring,,,,"ghatage-konkani1963[p. 140, col. 1, entry 24]",,,ghatage-konkani1963:p140:c1:e24,,,,dialect:Ko:ghatage-konkani1963:South%20Kanara%20Chitrapur%20Sarasvat%20Konkani ocr-review uncertain
Ko,,ha:tu,hand,,,,"ghatage-konkani1963[p. 140, col. 2, entry 1]",,,ghatage-konkani1963:p140:c2:e1,,,,dialect:Ko:ghatage-konkani1963:South%20Kanara%20Chitrapur%20Sarasvat%20Konkani
Ko,,ha:rui,necklace’ d,,,,"ghatage-konkani1963[p. 140, col. 2, entry 2]",,,ghatage-konkani1963:p140:c2:e2,,,,dialect:Ko:ghatage-konkani1963:South%20Kanara%20Chitrapur%20Sarasvat%20Konkani ocr-review uncertain
Ko,,ha:lə,dining room,,,,"ghatage-konkani1963[p. 140, col. 2, entry 3]",,,ghatage-konkani1963:p140:c2:e3,,,,dialect:Ko:ghatage-konkani1963:South%20Kanara%20Chitrapur%20Sarasvat%20Konkani ocr-review uncertain
Ko,,ha:sə,to laugh,,,,"ghatage-konkani1963[p. 140, col. 2, entry 4]",,,ghatage-konkani1963:p140:c2:e4,,,,dialect:Ko:ghatage-konkani1963:South%20Kanara%20Chitrapur%20Sarasvat%20Konkani
Ko,,hi:gu,asafoetida,,,,"ghatage-konkani1963[p. 140, col. 2, entry 6]",,,ghatage-konkani1963:p140:c2:e6,,,,dialect:Ko:ghatage-konkani1963:South%20Kanara%20Chitrapur%20Sarasvat%20Konkani ocr-review uncertain
Ko,,hunsa:ṇi,heat,,,,"ghatage-konkani1963[p. 140, col. 2, entry 7]",,,ghatage-konkani1963:p140:c2:e7,,,,dialect:Ko:ghatage-konkani1963:South%20Kanara%20Chitrapur%20Sarasvat%20Konkani
Ko,,hummē:čē,to sweat,,,,"ghatage-konkani1963[p. 140, col. 2, entry 8]",,,ghatage-konkani1963:p140:c2:e8,,,,dialect:Ko:ghatage-konkani1963:South%20Kanara%20Chitrapur%20Sarasvat%20Konkani ocr-review uncertain
Ko,,hüša:ro-,S WIse s,,,,"ghatage-konkani1963[p. 140, col. 2, entry 9]",,,ghatage-konkani1963:p140:c2:e9,,,,dialect:Ko:ghatage-konkani1963:South%20Kanara%20Chitrapur%20Sarasvat%20Konkani ocr-review uncertain
Ko,,huskə,anxiety,,,,"ghatage-konkani1963[p. 140, col. 2, entry 10]",,,ghatage-konkani1963:p140:c2:e10,,,,dialect:Ko:ghatage-konkani1963:South%20Kanara%20Chitrapur%20Sarasvat%20Konkani ocr-review uncertain
Ko,,hu:mə,sweat,,,,"ghatage-konkani1963[p. 140, col. 2, entry 12]",,,ghatage-konkani1963:p140:c2:e12,,,,dialect:Ko:ghatage-konkani1963:South%20Kanara%20Chitrapur%20Sarasvat%20Konkani ocr-review uncertain
Ko,,hū:gə,to- smell,,,,"ghatage-konkani1963[p. 140, col. 2, entry 13]",,,ghatage-konkani1963:p140:c2:e13,,,,dialect:Ko:ghatage-konkani1963:South%20Kanara%20Chitrapur%20Sarasvat%20Konkani ocr-review uncertain
Ko,,he:rdi:su,next day,,,,"ghatage-konkani1963[p. 140, col. 2, entry 14]",,,ghatage-konkani1963:p140:c2:e14,,,,dialect:Ko:ghatage-konkani1963:South%20Kanara%20Chitrapur%20Sarasvat%20Konkani ocr-review uncertain
Ko,,hegə,branch,,,,"ghatage-konkani1963[p. 140, col. 2, entry 15]",,,ghatage-konkani1963:p140:c2:e15,,,,dialect:Ko:ghatage-konkani1963:South%20Kanara%20Chitrapur%20Sarasvat%20Konkani ocr-review uncertain
Ko,,herd,chest,,,,"ghatage-konkani1963[p. 140, col. 2, entry 16]",,,ghatage-konkani1963:p140:c2:e16,,,,dialect:Ko:ghatage-konkani1963:South%20Kanara%20Chitrapur%20Sarasvat%20Konkani ocr-review uncertain
Ko,,hokkələ,bride,,,,"ghatage-konkani1963[p. 140, col. 2, entry 17]",,,ghatage-konkani1963:p140:c2:e17,,,,dialect:Ko:ghatage-konkani1963:South%20Kanara%20Chitrapur%20Sarasvat%20Konkani
Ko,,horetu,bridegroom,,,,"ghatage-konkani1963[p. 140, col. 2, entry 18]",,,ghatage-konkani1963:p140:c2:e18,,,,dialect:Ko:ghatage-konkani1963:South%20Kanara%20Chitrapur%20Sarasvat%20Konkani ocr-review uncertain
Ko,,hoḷḷi,co-wife (first),,,,"ghatage-konkani1963[p. 140, col. 2, entry 19]",,,ghatage-konkani1963:p140:c2:e19,,,,dialect:Ko:ghatage-konkani1963:South%20Kanara%20Chitrapur%20Sarasvat%20Konkani
Ko,,ho,this,,,,"ghatage-konkani1963[p. 140, col. 2, entry 20]",,,ghatage-konkani1963:p140:c2:e20,,,,dialect:Ko:ghatage-konkani1963:South%20Kanara%20Chitrapur%20Sarasvat%20Konkani ocr-review uncertain
Ko,,hədə,big,,,,"ghatage-konkani1963[p. 140, col. 2, entry 21]",,,ghatage-konkani1963:p140:c2:e21,,,,dialect:Ko:ghatage-konkani1963:South%20Kanara%20Chitrapur%20Sarasvat%20Konkani ocr-review uncertain
Ko,,həda:ne,loudly fee,,,,"ghatage-konkani1963[p. 140, col. 2, entry 22]",,,ghatage-konkani1963:p140:c2:e22,,,,dialect:Ko:ghatage-konkani1963:South%20Kanara%20Chitrapur%20Sarasvat%20Konkani ocr-review uncertain
Ko,,faydo,profit,,,,"ghatage-konkani1963[p. 140, col. 2, entry 23]",,,ghatage-konkani1963:p140:c2:e23,,,,dialect:Ko:ghatage-konkani1963:South%20Kanara%20Chitrapur%20Sarasvat%20Konkani ocr-review uncertain
