Padri,,bab,father,,,Part of speech follows the English lexical head; the source glossary supplies no explicit POS label.,"bailey1908padari[Part III, p. 82, glossary, left column, item 1]",,,bailey1908padari:p82:left:item:1,,,,noun
Padri,,ij,mother,,,Part of speech follows the English lexical head; the source glossary supplies no explicit POS label.,"bailey1908padari[Part III, p. 82, glossary, left column, item 2]",,,bailey1908padari:p82:left:item:2,,,,noun
Padri,,bhāē,brother,,,Part of speech follows the English lexical head; the source glossary supplies no explicit POS label.,"bailey1908padari[Part III, p. 82, glossary, left column, item 3]",,,bailey1908padari:p82:left:item:3,,,,noun
Padri,,bhēṇ,sister,,,Part of speech follows the English lexical head; the source glossary supplies no explicit POS label.,"bailey1908padari[Part III, p. 82, glossary, left column, item 4]",,,bailey1908padari:p82:left:item:4,,,,noun
Padri,,kuā,son,,,Part of speech follows the English lexical head; the source glossary supplies no explicit POS label.,"bailey1908padari[Part III, p. 82, glossary, left column, item 5]",,,bailey1908padari:p82:left:item:5,,,,noun
Padri,,kōī,daughter,,,Part of speech follows the English lexical head; the source glossary supplies no explicit POS label.,"bailey1908padari[Part III, p. 82, glossary, left column, item 6]",,,bailey1908padari:p82:left:item:6,,,,noun
Padri,,dhaiṇī,husband,,,Part of speech follows the English lexical head; the source glossary supplies no explicit POS label.,"bailey1908padari[Part III, p. 82, glossary, left column, item 7]",,,bailey1908padari:p82:left:item:7,,,,noun
Padri,,dzuil,wife,,,Part of speech follows the English lexical head; the source glossary supplies no explicit POS label.,"bailey1908padari[Part III, p. 82, glossary, left column, item 8]",,,bailey1908padari:p82:left:item:8,,,,noun
Padri,,mauhṇu,man,,,Part of speech follows the English lexical head; the source glossary supplies no explicit POS label.,"bailey1908padari[Part III, p. 82, glossary, left column, item 9]",,,bailey1908padari:p82:left:item:9,,,,noun
Padri,,khihōn,woman,,,Part of speech follows the English lexical head; the source glossary supplies no explicit POS label.,"bailey1908padari[Part III, p. 82, glossary, left column, item 10]",,,bailey1908padari:p82:left:item:10,,,,noun
Padri,,ghiōṇŭ,woman,,,Ditto gloss woman repeats preceding line. Part of speech follows the English lexical head; the source glossary supplies no explicit POS label.,"bailey1908padari[Part III, p. 82, glossary, left column, item 11]",,,bailey1908padari:p82:left:item:11,,,,noun
Padri,,gĕŏbhar,boy,,,Part of speech follows the English lexical head; the source glossary supplies no explicit POS label.,"bailey1908padari[Part III, p. 82, glossary, left column, item 12]",,,bailey1908padari:p82:left:item:12,,,,noun
Padri,,kōī,girl,,,Part of speech follows the English lexical head; the source glossary supplies no explicit POS label.,"bailey1908padari[Part III, p. 82, glossary, left column, item 13]",,,bailey1908padari:p82:left:item:13,,,,noun
Padri,,pahāl,shepherd,,,Part of speech follows the English lexical head; the source glossary supplies no explicit POS label.,"bailey1908padari[Part III, p. 82, glossary, left column, item 14]",,,bailey1908padari:p82:left:item:14,,,,noun
Padri,,tsōr,thief,,,Part of speech follows the English lexical head; the source glossary supplies no explicit POS label.,"bailey1908padari[Part III, p. 82, glossary, left column, item 15]",,,bailey1908padari:p82:left:item:15,,,,noun
Padri,,ghōṛā,horse,,,Explicit printed stem/endings expanded; raw segmentation retained. Part of speech follows the English lexical head; the source glossary supplies no explicit POS label.,"bailey1908padari[Part III, p. 82, glossary, left column, item 16]",,,bailey1908padari:p82:left:item:16,,,,noun
Padri,,ghōṛī,mare,,,Explicit printed stem/endings expanded; raw segmentation retained. Part of speech follows the English lexical head; the source glossary supplies no explicit POS label.,"bailey1908padari[Part III, p. 82, glossary, left column, item 17]",,,bailey1908padari:p82:left:item:17,,,,noun
Padri,,badhēl,ox,,,Part of speech follows the English lexical head; the source glossary supplies no explicit POS label.,"bailey1908padari[Part III, p. 82, glossary, left column, item 18]",,,bailey1908padari:p82:left:item:18,,,,noun
Padri,,gā,cow,,,Part of speech follows the English lexical head; the source glossary supplies no explicit POS label.,"bailey1908padari[Part III, p. 82, glossary, left column, item 19]",,,bailey1908padari:p82:left:item:19,,,,noun
Padri,,maī̃h,buffalo,,,Part of speech follows the English lexical head; the source glossary supplies no explicit POS label.,"bailey1908padari[Part III, p. 82, glossary, left column, item 20]",,,bailey1908padari:p82:left:item:20,,,,noun
Padri,,bakrā,he-goat,,,Explicit printed stem/endings expanded; raw segmentation retained. Part of speech follows the English lexical head; the source glossary supplies no explicit POS label.,"bailey1908padari[Part III, p. 82, glossary, left column, item 21]",,,bailey1908padari:p82:left:item:21,,,,noun
Padri,,bakrī,she-goat,,,Explicit printed stem/endings expanded; raw segmentation retained. Part of speech follows the English lexical head; the source glossary supplies no explicit POS label.,"bailey1908padari[Part III, p. 82, glossary, left column, item 22]",,,bailey1908padari:p82:left:item:22,,,,noun
Padri,,daiŋgī,sheep,,,Part of speech follows the English lexical head; the source glossary supplies no explicit POS label.,"bailey1908padari[Part III, p. 82, glossary, left column, item 23]",,,bailey1908padari:p82:left:item:23,,,,noun
Padri,,kōtar,dog,,,Explicit printed stem/endings expanded; raw segmentation retained. Part of speech follows the English lexical head; the source glossary supplies no explicit POS label.,"bailey1908padari[Part III, p. 82, glossary, left column, item 24]",,,bailey1908padari:p82:left:item:24,,,,noun
Padri,,kōtĕr,bitch,,,Explicit printed stem/endings expanded; raw segmentation retained. Part of speech follows the English lexical head; the source glossary supplies no explicit POS label.,"bailey1908padari[Part III, p. 82, glossary, left column, item 25]",,,bailey1908padari:p82:left:item:25,,,,noun
Padri,,yatsh,bear,,,Part of speech follows the English lexical head; the source glossary supplies no explicit POS label.,"bailey1908padari[Part III, p. 82, glossary, left column, item 26]",,,bailey1908padari:p82:left:item:26,,,,noun
Padri,,dlāhg,leopard,,,Part of speech follows the English lexical head; the source glossary supplies no explicit POS label.,"bailey1908padari[Part III, p. 82, glossary, left column, item 27]",,,bailey1908padari:p82:left:item:27,,,,noun
Padri,,gadhā,ass,,,Part of speech follows the English lexical head; the source glossary supplies no explicit POS label.,"bailey1908padari[Part III, p. 82, glossary, left column, item 28]",,,bailey1908padari:p82:left:item:28,,,,noun
Padri,,sūr,pig,,,Part of speech follows the English lexical head; the source glossary supplies no explicit POS label.,"bailey1908padari[Part III, p. 82, glossary, right column, item 1]",,,bailey1908padari:p82:right:item:1,,,,noun
Padri,,kŏkkaṛ,cock,,,Part of speech follows the English lexical head; the source glossary supplies no explicit POS label.,"bailey1908padari[Part III, p. 82, glossary, right column, item 2]",,,bailey1908padari:p82:right:item:2,,,,noun
Padri,,kŏkaiṛ,hen,,,"Source medial ai is italic, denoting the special shortened vowel convention; literal letters retained pending profile interpretation. Part of speech follows the English lexical head; the source glossary supplies no explicit POS label.","bailey1908padari[Part III, p. 82, glossary, right column, item 3]",,,bailey1908padari:p82:right:item:3,,,,noun
Padri,,balā,male cat,,,Part of speech follows the English lexical head; the source glossary supplies no explicit POS label.,"bailey1908padari[Part III, p. 82, glossary, right column, item 4]",,,bailey1908padari:p82:right:item:4,,,,noun
Padri,,balai,female cat,,,Part of speech follows the English lexical head; the source glossary supplies no explicit POS label.,"bailey1908padari[Part III, p. 82, glossary, right column, item 5]",,,bailey1908padari:p82:right:item:5,,,,noun
Padri,,ū̃ṭh,camel,,,Part of speech follows the English lexical head; the source glossary supplies no explicit POS label.,"bailey1908padari[Part III, p. 82, glossary, right column, item 6]",,,bailey1908padari:p82:right:item:6,,,,noun
Padri,,pŏkkhar,bird,,,Part of speech follows the English lexical head; the source glossary supplies no explicit POS label.,"bailey1908padari[Part III, p. 82, glossary, right column, item 7]",,,bailey1908padari:p82:right:item:7,,,,noun
Padri,,glĕz,kite,,,Part of speech follows the English lexical head; the source glossary supplies no explicit POS label.,"bailey1908padari[Part III, p. 82, glossary, right column, item 8]",,,bailey1908padari:p82:right:item:8,,,,noun
Padri,,sugaⁱlⁱ,fox,,,Both i vowels are printed above the baseline as half-vowels. Part of speech follows the English lexical head; the source glossary supplies no explicit POS label.,"bailey1908padari[Part III, p. 82, glossary, right column, item 9]",,,bailey1908padari:p82:right:item:9,,,,noun
Padri,,hāthi,elephant,,,Part of speech follows the English lexical head; the source glossary supplies no explicit POS label.,"bailey1908padari[Part III, p. 82, glossary, right column, item 10]",,,bailey1908padari:p82:right:item:10,,,,noun
Padri,,hat,hand,,,Part of speech follows the English lexical head; the source glossary supplies no explicit POS label.,"bailey1908padari[Part III, p. 82, glossary, right column, item 11]",,,bailey1908padari:p82:right:item:11,,,,noun
Padri,,khur,foot,,,Part of speech follows the English lexical head; the source glossary supplies no explicit POS label.,"bailey1908padari[Part III, p. 82, glossary, right column, item 12]",,,bailey1908padari:p82:right:item:12,,,,noun
Padri,,nakk,nose,,,Part of speech follows the English lexical head; the source glossary supplies no explicit POS label.,"bailey1908padari[Part III, p. 82, glossary, right column, item 13]",,,bailey1908padari:p82:right:item:13,,,,noun
Padri,,ṭīr,eye,,,Part of speech follows the English lexical head; the source glossary supplies no explicit POS label.,"bailey1908padari[Part III, p. 82, glossary, right column, item 14]",,,bailey1908padari:p82:right:item:14,,,,noun
Padri,,tŏtar,face,,,Part of speech follows the English lexical head; the source glossary supplies no explicit POS label.,"bailey1908padari[Part III, p. 82, glossary, right column, item 15]",,,bailey1908padari:p82:right:item:15,,,,noun
Padri,,dann,tooth,,,Part of speech follows the English lexical head; the source glossary supplies no explicit POS label.,"bailey1908padari[Part III, p. 82, glossary, right column, item 16]",,,bailey1908padari:p82:right:item:16,,,,noun
Padri,,kann,ear,,,Part of speech follows the English lexical head; the source glossary supplies no explicit POS label.,"bailey1908padari[Part III, p. 82, glossary, right column, item 17]",,,bailey1908padari:p82:right:item:17,,,,noun
Padri,,rŏṭṭh,hair,,,"Same source attestation requoted by Zoller 2023, p.703, entry1352; not independent field evidence. Part of speech follows the English lexical head; the source glossary supplies no explicit POS label.","bailey1908padari[Part III, p. 82, glossary, right column, item 18]",,,bailey1908padari:p82:right:item:18,,,,noun
Padri,,magir,head,,,Part of speech follows the English lexical head; the source glossary supplies no explicit POS label.,"bailey1908padari[Part III, p. 82, glossary, right column, item 19]",,,bailey1908padari:p82:right:item:19,,,,noun
Padri,,dzĕbh,tongue,,,Part of speech follows the English lexical head; the source glossary supplies no explicit POS label.,"bailey1908padari[Part III, p. 82, glossary, right column, item 20]",,,bailey1908padari:p82:right:item:20,,,,noun
Padri,,pēṭ,stomach,,,Part of speech follows the English lexical head; the source glossary supplies no explicit POS label.,"bailey1908padari[Part III, p. 82, glossary, right column, item 21]",,,bailey1908padari:p82:right:item:21,,,,noun
Padri,,pyiṭṭh,back,,,Part of speech follows the English lexical head; the source glossary supplies no explicit POS label.,"bailey1908padari[Part III, p. 82, glossary, right column, item 22]",,,bailey1908padari:p82:right:item:22,,,,noun
Padri,,jān,body,,,Part of speech follows the English lexical head; the source glossary supplies no explicit POS label.,"bailey1908padari[Part III, p. 82, glossary, right column, item 23]",,,bailey1908padari:p82:right:item:23,,,,noun
Padri,,katāb,book,,,Part of speech follows the English lexical head; the source glossary supplies no explicit POS label.,"bailey1908padari[Part III, p. 82, glossary, right column, item 24]",,,bailey1908padari:p82:right:item:24,,,,noun
Padri,,kalam,pen,,,Part of speech follows the English lexical head; the source glossary supplies no explicit POS label.,"bailey1908padari[Part III, p. 82, glossary, right column, item 25]",,,bailey1908padari:p82:right:item:25,,,,noun
Padri,,manzā,bed,,,Part of speech follows the English lexical head; the source glossary supplies no explicit POS label.,"bailey1908padari[Part III, p. 82, glossary, right column, item 26]",,,bailey1908padari:p82:right:item:26,,,,noun
Padri,,ghar,house,,,Part of speech follows the English lexical head; the source glossary supplies no explicit POS label.,"bailey1908padari[Part III, p. 82, glossary, right column, item 27]",,,bailey1908padari:p82:right:item:27,,,,noun
Padri,,gaḍōṛ,river,,,Part of speech follows the English lexical head; the source glossary supplies no explicit POS label.,"bailey1908padari[Part III, p. 82, glossary, right column, item 28]",,,bailey1908padari:p82:right:item:28,,,,noun
Padri,,pāaiṇ,stream (water),,,Part of speech follows the English lexical head; the source glossary supplies no explicit POS label.,"bailey1908padari[Part III, p. 83, glossary, left column, item 1]",,,bailey1908padari:p83:left:item:1,,,,noun
Padri,,phāṭ,hill,,,Part of speech follows the English lexical head; the source glossary supplies no explicit POS label.,"bailey1908padari[Part III, p. 83, glossary, left column, item 2]",,,bailey1908padari:p83:left:item:2,,,,noun
Padri,,mādān,plain,,,Part of speech follows the English lexical head; the source glossary supplies no explicit POS label.,"bailey1908padari[Part III, p. 83, glossary, left column, item 3]",,,bailey1908padari:p83:left:item:3,,,,noun
Padri,,baigⁱ̄,field,,,Source final i is a superscript half-vowel. Part of speech follows the English lexical head; the source glossary supplies no explicit POS label.,"bailey1908padari[Part III, p. 83, glossary, left column, item 4]",,,bailey1908padari:p83:left:item:4,,,,noun
Padri,,ruaiṭⁱ̄,bread,,,Source final i is a superscript half-vowel. Part of speech follows the English lexical head; the source glossary supplies no explicit POS label.,"bailey1908padari[Part III, p. 83, glossary, left column, item 5]",,,bailey1908padari:p83:left:item:5,,,,noun
Padri,,pāaiṇ,water,,,Part of speech follows the English lexical head; the source glossary supplies no explicit POS label.,"bailey1908padari[Part III, p. 83, glossary, left column, item 6]",,,bailey1908padari:p83:left:item:6,,,,noun
Padri,,gĕō̃h,wheat,,,Part of speech follows the English lexical head; the source glossary supplies no explicit POS label.,"bailey1908padari[Part III, p. 83, glossary, left column, item 7]",,,bailey1908padari:p83:left:item:7,,,,noun
Padri,,kukkuṛⁱ̄,maize,,,Source final i is a superscript half-vowel. Part of speech follows the English lexical head; the source glossary supplies no explicit POS label.,"bailey1908padari[Part III, p. 83, glossary, left column, item 8]",,,bailey1908padari:p83:left:item:8,,,,noun
Padri,,bŏṭṭ,tree,,,Part of speech follows the English lexical head; the source glossary supplies no explicit POS label.,"bailey1908padari[Part III, p. 83, glossary, left column, item 9]",,,bailey1908padari:p83:left:item:9,,,,noun
Padri,,ṭhāō,village,,,Part of speech follows the English lexical head; the source glossary supplies no explicit POS label.,"bailey1908padari[Part III, p. 83, glossary, left column, item 10]",,,bailey1908padari:p83:left:item:10,,,,noun
Padri,,s̲h̲aihr,town,,,Source sh digraph is underlined; preserve the marked transcription distinction. Part of speech follows the English lexical head; the source glossary supplies no explicit POS label.,"bailey1908padari[Part III, p. 83, glossary, left column, item 11]",,,bailey1908padari:p83:left:item:11,,,,noun
Padri,,baṇ,jungle,,,Part of speech follows the English lexical head; the source glossary supplies no explicit POS label.,"bailey1908padari[Part III, p. 83, glossary, left column, item 12]",,,bailey1908padari:p83:left:item:12,,,,noun
Padri,,macchⁱ̄,fish,,,Source final i is a superscript half-vowel. Part of speech follows the English lexical head; the source glossary supplies no explicit POS label.,"bailey1908padari[Part III, p. 83, glossary, left column, item 13]",,,bailey1908padari:p83:left:item:13,,,,noun
Padri,,bat,way,,,Part of speech follows the English lexical head; the source glossary supplies no explicit POS label.,"bailey1908padari[Part III, p. 83, glossary, left column, item 14]",,,bailey1908padari:p83:left:item:14,,,,noun
Padri,,phal,fruit,,,Part of speech follows the English lexical head; the source glossary supplies no explicit POS label.,"bailey1908padari[Part III, p. 83, glossary, left column, item 15]",,,bailey1908padari:p83:left:item:15,,,,noun
Padri,,mās,meat,,,Part of speech follows the English lexical head; the source glossary supplies no explicit POS label.,"bailey1908padari[Part III, p. 83, glossary, left column, item 16]",,,bailey1908padari:p83:left:item:16,,,,noun
Padri,,duddh,milk,,,Part of speech follows the English lexical head; the source glossary supplies no explicit POS label.,"bailey1908padari[Part III, p. 83, glossary, left column, item 17]",,,bailey1908padari:p83:left:item:17,,,,noun
Padri,,ṭhūl,egg,,,Part of speech follows the English lexical head; the source glossary supplies no explicit POS label.,"bailey1908padari[Part III, p. 83, glossary, left column, item 18]",,,bailey1908padari:p83:left:item:18,,,,noun
Padri,,ghīū,ghi,,,Source explicitly accents the second syllable. Part of speech follows the English lexical head; the source glossary supplies no explicit POS label.,"bailey1908padari[Part III, p. 83, glossary, left column, item 19]",,,bailey1908padari:p83:left:item:19,,,,noun
Padri,,tēl,oil,,,Part of speech follows the English lexical head; the source glossary supplies no explicit POS label.,"bailey1908padari[Part III, p. 83, glossary, left column, item 20]",,,bailey1908padari:p83:left:item:20,,,,noun
Padri,,tshāh,buttermilk,,,Part of speech follows the English lexical head; the source glossary supplies no explicit POS label.,"bailey1908padari[Part III, p. 83, glossary, left column, item 21]",,,bailey1908padari:p83:left:item:21,,,,noun
Padri,,dīsū,day,,,Part of speech follows the English lexical head; the source glossary supplies no explicit POS label.,"bailey1908padari[Part III, p. 83, glossary, left column, item 22]",,,bailey1908padari:p83:left:item:22,,,,noun
Padri,,rāt,night,,,Part of speech follows the English lexical head; the source glossary supplies no explicit POS label.,"bailey1908padari[Part III, p. 83, glossary, left column, item 23]",,,bailey1908padari:p83:left:item:23,,,,noun
Padri,,dīus,sun,,,Part of speech follows the English lexical head; the source glossary supplies no explicit POS label.,"bailey1908padari[Part III, p. 83, glossary, left column, item 24]",,,bailey1908padari:p83:left:item:24,,,,noun
Padri,,tsainnē,moon,,,Part of speech follows the English lexical head; the source glossary supplies no explicit POS label.,"bailey1908padari[Part III, p. 83, glossary, left column, item 25]",,,bailey1908padari:p83:left:item:25,,,,noun
Padri,,tāra,star,,,Part of speech follows the English lexical head; the source glossary supplies no explicit POS label.,"bailey1908padari[Part III, p. 83, glossary, left column, item 26]",,,bailey1908padari:p83:left:item:26,,,,noun
Padri,,bāt,wind,,,Part of speech follows the English lexical head; the source glossary supplies no explicit POS label.,"bailey1908padari[Part III, p. 83, glossary, left column, item 27]",,,bailey1908padari:p83:left:item:27,,,,noun
Padri,,mēgh,rain,,,Part of speech follows the English lexical head; the source glossary supplies no explicit POS label.,"bailey1908padari[Part III, p. 83, glossary, left column, item 28]",,,bailey1908padari:p83:left:item:28,,,,noun
Padri,,dhupp,sunshine,,,Part of speech follows the English lexical head; the source glossary supplies no explicit POS label.,"bailey1908padari[Part III, p. 83, glossary, left column, item 29]",,,bailey1908padari:p83:left:item:29,,,,noun
Padri,,bhārā,load,,,Part of speech follows the English lexical head; the source glossary supplies no explicit POS label.,"bailey1908padari[Part III, p. 83, glossary, left column, item 30]",,,bailey1908padari:p83:left:item:30,,,,noun
Padri,,bēdzā,seed,,,Part of speech follows the English lexical head; the source glossary supplies no explicit POS label.,"bailey1908padari[Part III, p. 83, glossary, left column, item 31]",,,bailey1908padari:p83:left:item:31,,,,noun
Padri,,lōh,iron,,,Part of speech follows the English lexical head; the source glossary supplies no explicit POS label.,"bailey1908padari[Part III, p. 83, glossary, left column, item 32]",,,bailey1908padari:p83:left:item:32,,,,noun
Padri,,chēṛ,"good, clean, beautiful",,,Part of speech follows the English lexical head; the source glossary supplies no explicit POS label.,"bailey1908padari[Part III, p. 83, glossary, left column, item 33]",,,bailey1908padari:p83:left:item:33,,,,adj
Padri,,burā,bad,,,Part of speech follows the English lexical head; the source glossary supplies no explicit POS label.,"bailey1908padari[Part III, p. 83, glossary, left column, item 34]",,,bailey1908padari:p83:left:item:34,,,,adj
Padri,,bŏṛā,big,,,Part of speech follows the English lexical head; the source glossary supplies no explicit POS label.,"bailey1908padari[Part III, p. 83, glossary, left column, item 35]",,,bailey1908padari:p83:left:item:35,,,,adj
Padri,,māṭhaṛ,small,,,Part of speech follows the English lexical head; the source glossary supplies no explicit POS label.,"bailey1908padari[Part III, p. 83, glossary, left column, item 36]",,,bailey1908padari:p83:left:item:36,,,,adj
Padri,,nimtā,lazy,,,Part of speech follows the English lexical head; the source glossary supplies no explicit POS label.,"bailey1908padari[Part III, p. 83, glossary, left column, item 37]",,,bailey1908padari:p83:left:item:37,,,,adj
Padri,,khara,wise,,,Part of speech follows the English lexical head; the source glossary supplies no explicit POS label.,"bailey1908padari[Part III, p. 83, glossary, left column, item 38]",,,bailey1908padari:p83:left:item:38,,,,adj
Padri,,bētal,ignorant,,,Part of speech follows the English lexical head; the source glossary supplies no explicit POS label.,"bailey1908padari[Part III, p. 83, glossary, left column, item 39]",,,bailey1908padari:p83:left:item:39,,,,adj
Padri,,hasāl,swift,,,Part of speech follows the English lexical head; the source glossary supplies no explicit POS label.,"bailey1908padari[Part III, p. 83, glossary, left column, item 40]",,,bailey1908padari:p83:left:item:40,,,,adj
Padri,,pain,sharp,,,Part of speech follows the English lexical head; the source glossary supplies no explicit POS label.,"bailey1908padari[Part III, p. 83, glossary, left column, item 41]",,,bailey1908padari:p83:left:item:41,,,,adj
Padri,,adhām,high,,,Part of speech follows the English lexical head; the source glossary supplies no explicit POS label.,"bailey1908padari[Part III, p. 83, glossary, right column, item 1]",,,bailey1908padari:p83:right:item:1,,,,adj
Padri,,alag,ugly,,,Part of speech follows the English lexical head; the source glossary supplies no explicit POS label.,"bailey1908padari[Part III, p. 83, glossary, right column, item 2]",,,bailey1908padari:p83:right:item:2,,,,adj
Padri,,atărā,ugly,,,Source explicitly accents the second syllable. Part of speech follows the English lexical head; the source glossary supplies no explicit POS label.,"bailey1908padari[Part III, p. 83, glossary, right column, item 3]",,,bailey1908padari:p83:right:item:3,,,,adj
Padri,,ṭhaṇḍā,cold,,,Part of speech follows the English lexical head; the source glossary supplies no explicit POS label.,"bailey1908padari[Part III, p. 83, glossary, right column, item 4]",,,bailey1908padari:p83:right:item:4,,,,adj
Padri,,tāttā,hot,,,Part of speech follows the English lexical head; the source glossary supplies no explicit POS label.,"bailey1908padari[Part III, p. 83, glossary, right column, item 5]",,,bailey1908padari:p83:right:item:5,,,,adj
Padri,,mēṭṭhā,sweet,,,Part of speech follows the English lexical head; the source glossary supplies no explicit POS label.,"bailey1908padari[Part III, p. 83, glossary, right column, item 6]",,,bailey1908padari:p83:right:item:6,,,,adj
Padri,,tĕār,ready,,,Part of speech follows the English lexical head; the source glossary supplies no explicit POS label.,"bailey1908padari[Part III, p. 83, glossary, right column, item 7]",,,bailey1908padari:p83:right:item:7,,,,adj
Padri,,kam,"less, little",,,Part of speech follows the English lexical head; the source glossary supplies no explicit POS label.,"bailey1908padari[Part III, p. 83, glossary, right column, item 8]",,,bailey1908padari:p83:right:item:8,,,,adj
Padri,,matā,"more, much",,,Part of speech follows the English lexical head; the source glossary supplies no explicit POS label.,"bailey1908padari[Part III, p. 83, glossary, right column, item 9]",,,bailey1908padari:p83:right:item:9,,,,adj
Padri,,sōbh,all,,,Part of speech follows the English lexical head; the source glossary supplies no explicit POS label.,"bailey1908padari[Part III, p. 83, glossary, right column, item 10]",,,bailey1908padari:p83:right:item:10,,,,adj
Padri,,bhōṇ,be,,,Part of speech follows the English lexical head; the source glossary supplies no explicit POS label.,"bailey1908padari[Part III, p. 83, glossary, right column, item 11]",,,bailey1908padari:p83:right:item:11,,,,verb
Padri,,adzaṇ,come,,,Part of speech follows the English lexical head; the source glossary supplies no explicit POS label.,"bailey1908padari[Part III, p. 83, glossary, right column, item 12]",,,bailey1908padari:p83:right:item:12,,,,verb
Padri,,ghēṇ,go,,,Part of speech follows the English lexical head; the source glossary supplies no explicit POS label.,"bailey1908padari[Part III, p. 83, glossary, right column, item 13]",,,bailey1908padari:p83:right:item:13,,,,verb
Padri,,bēs̲h̲aṇ,"sit, remain",,,Part of speech follows the English lexical head; the source glossary supplies no explicit POS label.,"bailey1908padari[Part III, p. 83, glossary, right column, item 14]",,,bailey1908padari:p83:right:item:14,,,,verb
Padri,,lēṇ,take,,,Part of speech follows the English lexical head; the source glossary supplies no explicit POS label.,"bailey1908padari[Part III, p. 83, glossary, right column, item 15]",,,bailey1908padari:p83:right:item:15,,,,verb
Padri,,dīṇ,give,,,Part of speech follows the English lexical head; the source glossary supplies no explicit POS label.,"bailey1908padari[Part III, p. 83, glossary, right column, item 16]",,,bailey1908padari:p83:right:item:16,,,,verb
Padri,,dēṇ,give,,,Part of speech follows the English lexical head; the source glossary supplies no explicit POS label.,"bailey1908padari[Part III, p. 83, glossary, right column, item 16]",,,bailey1908padari:p83:right:item:16:variant:2,bailey1908padari:p83:right:item:16,,,verb
Padri,,dzhāṛaṇ,fall,,,Part of speech follows the English lexical head; the source glossary supplies no explicit POS label.,"bailey1908padari[Part III, p. 83, glossary, right column, item 17]",,,bailey1908padari:p83:right:item:17,,,,verb
Padri,,khaṛbhōṇ,stand,,,Source literal analysis: become standing. Part of speech follows the English lexical head; the source glossary supplies no explicit POS label.,"bailey1908padari[Part III, p. 83, glossary, right column, item 18]",,,bailey1908padari:p83:right:item:18,,,,verb
Padri,,hēraṇ,"see, look",,,Part of speech follows the English lexical head; the source glossary supplies no explicit POS label.,"bailey1908padari[Part III, p. 83, glossary, right column, item 19]",,,bailey1908padari:p83:right:item:19,,,,verb
Padri,,khāṇ,eat,,,Part of speech follows the English lexical head; the source glossary supplies no explicit POS label.,"bailey1908padari[Part III, p. 83, glossary, right column, item 20]",,,bailey1908padari:p83:right:item:20,,,,verb
Padri,,pīṇ,drink,,,Part of speech follows the English lexical head; the source glossary supplies no explicit POS label.,"bailey1908padari[Part III, p. 83, glossary, right column, item 21]",,,bailey1908padari:p83:right:item:21,,,,verb
Padri,,bōlaṇ,"speak, say",,,Part of speech follows the English lexical head; the source glossary supplies no explicit POS label.,"bailey1908padari[Part III, p. 83, glossary, right column, item 22]",,,bailey1908padari:p83:right:item:22,,,,verb
Padri,,uŋhaṇ,sleep,,,Part of speech follows the English lexical head; the source glossary supplies no explicit POS label.,"bailey1908padari[Part III, p. 83, glossary, right column, item 23]",,,bailey1908padari:p83:right:item:23,,,,verb
Padri,,karaṇ,do,,,Part of speech follows the English lexical head; the source glossary supplies no explicit POS label.,"bailey1908padari[Part III, p. 83, glossary, right column, item 24]",,,bailey1908padari:p83:right:item:24,,,,verb
Padri,,kŏṭaṇ,"beat, strike",,,Part of speech follows the English lexical head; the source glossary supplies no explicit POS label.,"bailey1908padari[Part III, p. 83, glossary, right column, item 25]",,,bailey1908padari:p83:right:item:25,,,,verb
Padri,,paryanaṇ,recognise,,,Part of speech follows the English lexical head; the source glossary supplies no explicit POS label.,"bailey1908padari[Part III, p. 83, glossary, right column, item 26]",,,bailey1908padari:p83:right:item:26,,,,verb
Padri,,puz̲h̲aṇ,arrive,,,Part of speech follows the English lexical head; the source glossary supplies no explicit POS label.,"bailey1908padari[Part III, p. 83, glossary, right column, item 27]",,,bailey1908padari:p83:right:item:27,,,,verb
Padri,,nas̲h̲aṇ,run,,,Part of speech follows the English lexical head; the source glossary supplies no explicit POS label.,"bailey1908padari[Part III, p. 83, glossary, right column, item 28]",,,bailey1908padari:p83:right:item:28,,,,verb
Padri,,nas̲h̲ ghēṇ,run away,,,Part of speech follows the English lexical head; the source glossary supplies no explicit POS label.,"bailey1908padari[Part III, p. 83, glossary, right column, item 29]",,,bailey1908padari:p83:right:item:29,,,,verb multiword-expression
Padri,,baṇāṇ,make,,,Part of speech follows the English lexical head; the source glossary supplies no explicit POS label.,"bailey1908padari[Part III, p. 83, glossary, right column, item 30]",,,bailey1908padari:p83:right:item:30,,,,verb
Padri,,rakkhaṇ,place,,,Part of speech follows the English lexical head; the source glossary supplies no explicit POS label.,"bailey1908padari[Part III, p. 83, glossary, right column, item 31]",,,bailey1908padari:p83:right:item:31,,,,verb
Padri,,hak dēṇ,call,,,Source literal analysis: give call; both explicitly printed verb alternatives retained. Part of speech follows the English lexical head; the source glossary supplies no explicit POS label.,"bailey1908padari[Part III, p. 83, glossary, right column, item 32]",,,bailey1908padari:p83:right:item:32,,,,verb multiword-expression
Padri,,hak dīṇ,call,,,Source literal analysis: give call; both explicitly printed verb alternatives retained. Part of speech follows the English lexical head; the source glossary supplies no explicit POS label.,"bailey1908padari[Part III, p. 83, glossary, right column, item 32]",,,bailey1908padari:p83:right:item:32:variant:2,bailey1908padari:p83:right:item:32,,,verb multiword-expression
Padri,,mēaṇ,"meet, be obtained",,,Part of speech follows the English lexical head; the source glossary supplies no explicit POS label.,"bailey1908padari[Part III, p. 83, glossary, right column, item 33]",,,bailey1908padari:p83:right:item:33,,,,verb
Padri,,s̲h̲itsaṇ,learn,,,Part of speech follows the English lexical head; the source glossary supplies no explicit POS label.,"bailey1908padari[Part III, p. 83, glossary, right column, item 34]",,,bailey1908padari:p83:right:item:34,,,,verb
Padri,,paṛhaṇ,read,,,Part of speech follows the English lexical head; the source glossary supplies no explicit POS label.,"bailey1908padari[Part III, p. 83, glossary, right column, item 35]",,,bailey1908padari:p83:right:item:35,,,,verb
Padri,,lyĕkhaṇ,write,,,Part of speech follows the English lexical head; the source glossary supplies no explicit POS label.,"bailey1908padari[Part III, p. 83, glossary, right column, item 36]",,,bailey1908padari:p83:right:item:36,,,,verb
Padri,,maraṇ,die,,,Part of speech follows the English lexical head; the source glossary supplies no explicit POS label.,"bailey1908padari[Part III, p. 83, glossary, right column, item 37]",,,bailey1908padari:p83:right:item:37,,,,verb
Padri,,khuṇaṇ,hear,,,Part of speech follows the English lexical head; the source glossary supplies no explicit POS label.,"bailey1908padari[Part III, p. 83, glossary, right column, item 38]",,,bailey1908padari:p83:right:item:38,,,,verb
Padri,,ghiraṇ,move away,,,Part of speech follows the English lexical head; the source glossary supplies no explicit POS label.,"bailey1908padari[Part III, p. 83, glossary, right column, item 39]",,,bailey1908padari:p83:right:item:39,,,,verb
Padri,,paiṭi adzaṇ,come back,,,Part of speech follows the English lexical head; the source glossary supplies no explicit POS label.,"bailey1908padari[Part III, p. 84, glossary, left column, item 1]",,,bailey1908padari:p84:left:item:1,,,,verb multiword-expression
Padri,,haṇḍaṇ,flow,,,Part of speech follows the English lexical head; the source glossary supplies no explicit POS label.,"bailey1908padari[Part III, p. 84, glossary, left column, item 2]",,,bailey1908padari:p84:left:item:2,,,,verb
Padri,,s̲h̲atsaṇ,fight,,,Part of speech follows the English lexical head; the source glossary supplies no explicit POS label.,"bailey1908padari[Part III, p. 84, glossary, left column, item 3]",,,bailey1908padari:p84:left:item:3,,,,verb
Padri,,dzittaṇ,win,,,Part of speech follows the English lexical head; the source glossary supplies no explicit POS label.,"bailey1908padari[Part III, p. 84, glossary, left column, item 4]",,,bailey1908padari:p84:left:item:4,,,,verb
Padri,,hāraṇ,be defeated,,,Part of speech follows the English lexical head; the source glossary supplies no explicit POS label.,"bailey1908padari[Part III, p. 84, glossary, left column, item 5]",,,bailey1908padari:p84:left:item:5,,,,verb
Padri,,haṇḍi ghēṇ,go away,,,Part of speech follows the English lexical head; the source glossary supplies no explicit POS label.,"bailey1908padari[Part III, p. 84, glossary, left column, item 6]",,,bailey1908padari:p84:left:item:6,,,,verb multiword-expression
Padri,,tshaṛaṇ,sow,,,Part of speech follows the English lexical head; the source glossary supplies no explicit POS label.,"bailey1908padari[Part III, p. 84, glossary, left column, item 7]",,,bailey1908padari:p84:left:item:7,,,,verb
Padri,,dzōṭē̃ dēṇ,plough,,,Part of speech follows the English lexical head; the source glossary supplies no explicit POS label.,"bailey1908padari[Part III, p. 84, glossary, right column, item 1]",,,bailey1908padari:p84:right:item:1,,,,verb multiword-expression
Padri,,khalaṇ,cause to eat,,,Part of speech follows the English lexical head; the source glossary supplies no explicit POS label.,"bailey1908padari[Part III, p. 84, glossary, right column, item 2]",,,bailey1908padari:p84:right:item:2,,,,verb caus
Padri,,piāṇ,cause to drink,,,Part of speech follows the English lexical head; the source glossary supplies no explicit POS label.,"bailey1908padari[Part III, p. 84, glossary, right column, item 3]",,,bailey1908padari:p84:right:item:3,,,,verb caus
Padri,,khuṇāṇ,cause to hear,,,Part of speech follows the English lexical head; the source glossary supplies no explicit POS label.,"bailey1908padari[Part III, p. 84, glossary, right column, item 4]",,,bailey1908padari:p84:right:item:4,,,,verb caus
Padri,,tsaraṇ,graze,,,Part of speech follows the English lexical head; the source glossary supplies no explicit POS label.,"bailey1908padari[Part III, p. 84, glossary, right column, item 5]",,,bailey1908padari:p84:right:item:5,,,,verb
Padri,,tsāraṇ,cause to graze,,,Part of speech follows the English lexical head; the source glossary supplies no explicit POS label.,"bailey1908padari[Part III, p. 84, glossary, right column, item 6]",,,bailey1908padari:p84:right:item:6,,,,verb caus
Padri,,uŋhaṇ,lie down,,,Part of speech follows the English lexical head; the source glossary supplies no explicit POS label.,"bailey1908padari[Part III, p. 84, glossary, right column, item 7]",,,bailey1908padari:p84:right:item:7,,,,verb
Padri,,yak,one,,,,"bailey1908padari[Part III, p. 81, numerals, left column, item 1]",,,bailey1908padari:p81:numeral:1,,,,num
Padri,,dūī,two,,,Source states that the first syllable is very long.,"bailey1908padari[Part III, p. 81, numerals, left column, item 2]",,,bailey1908padari:p81:numeral:2,,,,num
Padri,,tlāē,three,,,Source states that the first syllable is very long.,"bailey1908padari[Part III, p. 81, numerals, left column, item 3]",,,bailey1908padari:p81:numeral:3,,,,num
Padri,,tsōur,four,,,,"bailey1908padari[Part III, p. 81, numerals, left column, item 4]",,,bailey1908padari:p81:numeral:4,,,,num
Padri,,pānz,five,,,,"bailey1908padari[Part III, p. 81, numerals, left column, item 5]",,,bailey1908padari:p81:numeral:5,,,,num
Padri,,tshai,six,,,,"bailey1908padari[Part III, p. 81, numerals, left column, item 6]",,,bailey1908padari:p81:numeral:6,,,,num
Padri,,satt,seven,,,,"bailey1908padari[Part III, p. 81, numerals, left column, item 7]",,,bailey1908padari:p81:numeral:7,,,,num
Padri,,aṭṭh,eight,,,,"bailey1908padari[Part III, p. 81, numerals, left column, item 8]",,,bailey1908padari:p81:numeral:8,,,,num
Padri,,nau,nine,,,,"bailey1908padari[Part III, p. 81, numerals, left column, item 9]",,,bailey1908padari:p81:numeral:9,,,,num
Padri,,das̲h̲,ten,,,,"bailey1908padari[Part III, p. 81, numerals, left column, item 10]",,,bailey1908padari:p81:numeral:10,,,,num
Padri,,yārah,eleven,,,,"bailey1908padari[Part III, p. 81, numerals, right column, item 11]",,,bailey1908padari:p81:numeral:11,,,,num
Padri,,bārah,twelve,,,,"bailey1908padari[Part III, p. 81, numerals, right column, item 12]",,,bailey1908padari:p81:numeral:12,,,,num
Padri,,tēīrah,thirteen,,,,"bailey1908padari[Part III, p. 81, numerals, right column, item 13]",,,bailey1908padari:p81:numeral:13,,,,num
Padri,,caudah,fourteen,,,,"bailey1908padari[Part III, p. 81, numerals, right column, item 14]",,,bailey1908padari:p81:numeral:14,,,,num
Padri,,pandrah,fifteen,,,,"bailey1908padari[Part III, p. 81, numerals, right column, item 15]",,,bailey1908padari:p81:numeral:15,,,,num
Padri,,shōṛāh,sixteen,,,Source states that the first syllable is very long.,"bailey1908padari[Part III, p. 81, numerals, right column, item 16]",,,bailey1908padari:p81:numeral:16,,,,num
Padri,,satārah,seventeen,,,,"bailey1908padari[Part III, p. 81, numerals, right column, item 17]",,,bailey1908padari:p81:numeral:17,,,,num
Padri,,aṭhārah,eighteen,,,,"bailey1908padari[Part III, p. 81, numerals, right column, item 18]",,,bailey1908padari:p81:numeral:18,,,,num
Padri,,unnīh,nineteen,,,,"bailey1908padari[Part III, p. 81, numerals, right column, item 19]",,,bailey1908padari:p81:numeral:19,,,,num
Padri,,bīh,twenty,,,,"bailey1908padari[Part III, p. 81, numerals, right column, item 20]",,,bailey1908padari:p81:numeral:20,,,,num
Padri,,sau,hundred,,,"Source suggests common people count by scores, with other intermediate numerals attributed to town contact; this is the author’s qualified account.","bailey1908padari[Part III, p. 81, numeral-prose, full column, item 100]",,,bailey1908padari:p81:numeral-prose:100,,,,num
Padri,,sataiī,27,,,Source attributes use of these non-vigesimal intermediate numerals to contact with towns.,"bailey1908padari[Part III, p. 82, numerals, left column, item 27]",,,bailey1908padari:p82:numeral:27,,,,num
Padri,,uṇaitrī,29,,,Source attributes use of these non-vigesimal intermediate numerals to contact with towns.,"bailey1908padari[Part III, p. 82, numerals, left column, item 29]",,,bailey1908padari:p82:numeral:29,,,,num
Padri,,trīh,30,,,Source attributes use of these non-vigesimal intermediate numerals to contact with towns.,"bailey1908padari[Part III, p. 82, numerals, left column, item 30]",,,bailey1908padari:p82:numeral:30,,,,num
Padri,,satattrī,37,,,Source attributes use of these non-vigesimal intermediate numerals to contact with towns.,"bailey1908padari[Part III, p. 82, numerals, left column, item 37]",,,bailey1908padari:p82:numeral:37,,,,num
Padri,,uṇtālī,39,,,Source attributes use of these non-vigesimal intermediate numerals to contact with towns.,"bailey1908padari[Part III, p. 82, numerals, left column, item 39]",,,bailey1908padari:p82:numeral:39,,,,num
Padri,,cālīh,40,,,Source attributes use of these non-vigesimal intermediate numerals to contact with towns.,"bailey1908padari[Part III, p. 82, numerals, left column, item 40]",,,bailey1908padari:p82:numeral:40,,,,num
Padri,,satālī,47,,,Source attributes use of these non-vigesimal intermediate numerals to contact with towns.,"bailey1908padari[Part III, p. 82, numerals, left column, item 47]",,,bailey1908padari:p82:numeral:47,,,,num
Padri,,uṇunjā,49,,,Source attributes use of these non-vigesimal intermediate numerals to contact with towns.,"bailey1908padari[Part III, p. 82, numerals, left column, item 49]",,,bailey1908padari:p82:numeral:49,,,,num
Padri,,panjāh,50,,,Source attributes use of these non-vigesimal intermediate numerals to contact with towns.,"bailey1908padari[Part III, p. 82, numerals, left column, item 50]",,,bailey1908padari:p82:numeral:50,,,,num
Padri,,satunja,57,,,Source attributes use of these non-vigesimal intermediate numerals to contact with towns.,"bailey1908padari[Part III, p. 82, numerals, left column, item 57]",,,bailey1908padari:p82:numeral:57,,,,num
Padri,,unāṭh,59,,,Source attributes use of these non-vigesimal intermediate numerals to contact with towns.,"bailey1908padari[Part III, p. 82, numerals, left column, item 59]",,,bailey1908padari:p82:numeral:59,,,,num
Padri,,s̲h̲aṭṭh,60,,,Source attributes use of these non-vigesimal intermediate numerals to contact with towns.,"bailey1908padari[Part III, p. 82, numerals, left column, item 60]",,,bailey1908padari:p82:numeral:60,,,,num
Padri,,satāṭh,67,,,Source attributes use of these non-vigesimal intermediate numerals to contact with towns.,"bailey1908padari[Part III, p. 82, numerals, right column, item 67]",,,bailey1908padari:p82:numeral:67,,,,num
Padri,,unhattar,69,,,Source attributes use of these non-vigesimal intermediate numerals to contact with towns.,"bailey1908padari[Part III, p. 82, numerals, right column, item 69]",,,bailey1908padari:p82:numeral:69,,,,num
Padri,,sahattar,70,,,Source attributes use of these non-vigesimal intermediate numerals to contact with towns.,"bailey1908padari[Part III, p. 82, numerals, right column, item 70]",,,bailey1908padari:p82:numeral:70,,,,num
Padri,,sathattar,77,,,"Source explicitly specifies pronunciation sat-hattar, separating t and h.","bailey1908padari[Part III, p. 82, numerals, right column, item 77]",,,bailey1908padari:p82:numeral:77,,,,num
Padri,,uṇāsī,79,,,Source attributes use of these non-vigesimal intermediate numerals to contact with towns.,"bailey1908padari[Part III, p. 82, numerals, right column, item 79]",,,bailey1908padari:p82:numeral:79,,,,num
Padri,,assī,80,,,Source attributes use of these non-vigesimal intermediate numerals to contact with towns.,"bailey1908padari[Part III, p. 82, numerals, right column, item 80]",,,bailey1908padari:p82:numeral:80,,,,num
Padri,,satāsī,87,,,Source attributes use of these non-vigesimal intermediate numerals to contact with towns.,"bailey1908padari[Part III, p. 82, numerals, right column, item 87]",,,bailey1908padari:p82:numeral:87,,,,num
Padri,,uṇānmē,89,,,Source attributes use of these non-vigesimal intermediate numerals to contact with towns.,"bailey1908padari[Part III, p. 82, numerals, right column, item 89]",,,bailey1908padari:p82:numeral:89,,,,num
Padri,,nabbē,90,,,Source attributes use of these non-vigesimal intermediate numerals to contact with towns.,"bailey1908padari[Part III, p. 82, numerals, right column, item 90]",,,bailey1908padari:p82:numeral:90,,,,num
Padri,,satānmē,97,,,Source attributes use of these non-vigesimal intermediate numerals to contact with towns.,"bailey1908padari[Part III, p. 82, numerals, right column, item 97]",,,bailey1908padari:p82:numeral:97,,,,num
Padri,,sau,100,,,,"bailey1908padari[Part III, p. 82, numerals, right column, item 100]",,,bailey1908padari:p82:numeral:100,,,,num
Padri,,yikk,one,,,,"bailey1908padari[Part IV, p. 34, earlier-numbered-vocabulary, left column, item 1]",,,bailey1908padari:part4:p34:item:1,,,,num
Padri,,dōī,two,,,Source asterisk explicitly marks resemblance to Pangwali; no donor or cognacy edge inferred. Source asterisk marks resemblance to a corresponding Pangwali word; no etymological relationship is asserted here.,"bailey1908padari[Part IV, p. 34, earlier-numbered-vocabulary, left column, item 2]",,,bailey1908padari:part4:p34:item:2,,,,num
Padri,,tlāē,three,,,Source asterisk explicitly marks resemblance to Pangwali; no donor or cognacy edge inferred. Source asterisk marks resemblance to a corresponding Pangwali word; no etymological relationship is asserted here.,"bailey1908padari[Part IV, p. 34, earlier-numbered-vocabulary, left column, item 3]",,,bailey1908padari:part4:p34:item:3,,,,num
Padri,,tsōr,four,,,,"bailey1908padari[Part IV, p. 34, earlier-numbered-vocabulary, left column, item 4]",,,bailey1908padari:part4:p34:item:4,,,,num
Padri,,pānz,five,,,,"bailey1908padari[Part IV, p. 34, earlier-numbered-vocabulary, left column, item 5]",,,bailey1908padari:part4:p34:item:5,,,,num
Padri,,tshĕh,six,,,,"bailey1908padari[Part IV, p. 34, earlier-numbered-vocabulary, left column, item 6]",,,bailey1908padari:part4:p34:item:6,,,,num
Padri,,satt,seven,,,,"bailey1908padari[Part IV, p. 34, earlier-numbered-vocabulary, left column, item 7]",,,bailey1908padari:part4:p34:item:7,,,,num
Padri,,aṭṭh,eight,,,,"bailey1908padari[Part IV, p. 34, earlier-numbered-vocabulary, left column, item 8]",,,bailey1908padari:part4:p34:item:8,,,,num
Padri,,nau,nine,,,,"bailey1908padari[Part IV, p. 34, earlier-numbered-vocabulary, left column, item 9]",,,bailey1908padari:part4:p34:item:9,,,,num
Padri,,das̲h̲,ten,,,Source asterisk explicitly marks resemblance to Pangwali; no donor or cognacy edge inferred. Source asterisk marks resemblance to a corresponding Pangwali word; no etymological relationship is asserted here.,"bailey1908padari[Part IV, p. 34, earlier-numbered-vocabulary, left column, item 10]",,,bailey1908padari:part4:p34:item:10,,,,num
Padri,,bīh,twenty,,,,"bailey1908padari[Part IV, p. 34, earlier-numbered-vocabulary, left column, item 11]",,,bailey1908padari:part4:p34:item:11,,,,num
Padri,,panjāh,fifty,,,,"bailey1908padari[Part IV, p. 34, earlier-numbered-vocabulary, left column, item 12]",,,bailey1908padari:part4:p34:item:12,,,,num
Padri,,sau,hundred,,,,"bailey1908padari[Part IV, p. 34, earlier-numbered-vocabulary, left column, item 13]",,,bailey1908padari:part4:p34:item:13,,,,num
Padri,,hat,hand,,,,"bailey1908padari[Part IV, p. 34, earlier-numbered-vocabulary, left column, item 14]",,,bailey1908padari:part4:p34:item:14,,,,
Padri,,khur,foot,,,,"bailey1908padari[Part IV, p. 34, earlier-numbered-vocabulary, left column, item 15]",,,bailey1908padari:part4:p34:item:15,,,,
Padri,,nakk,nose,,,,"bailey1908padari[Part IV, p. 34, earlier-numbered-vocabulary, left column, item 16]",,,bailey1908padari:part4:p34:item:16,,,,
Padri,,ṭīr,eye,,,Source asterisk explicitly marks resemblance to Pangwali; no donor or cognacy edge inferred. Source asterisk marks resemblance to a corresponding Pangwali word; no etymological relationship is asserted here.,"bailey1908padari[Part IV, p. 34, earlier-numbered-vocabulary, left column, item 17]",,,bailey1908padari:part4:p34:item:17,,,,
Padri,,tŏtar,mouth,,,,"bailey1908padari[Part IV, p. 34, earlier-numbered-vocabulary, left column, item 18]",,,bailey1908padari:part4:p34:item:18,,,,
Padri,,dand,tooth,,,,"bailey1908padari[Part IV, p. 34, earlier-numbered-vocabulary, left column, item 19]",,,bailey1908padari:part4:p34:item:19,,,,
Padri,,kann,ear,,,,"bailey1908padari[Part IV, p. 34, earlier-numbered-vocabulary, left column, item 20]",,,bailey1908padari:part4:p34:item:20,,,,
Padri,,rŏṭ,hair,,,,"bailey1908padari[Part IV, p. 34, earlier-numbered-vocabulary, left column, item 21]",,,bailey1908padari:part4:p34:item:21,,,,
Padri,,magir,head,,,Source asterisk explicitly marks resemblance to Pangwali; no donor or cognacy edge inferred. Source asterisk marks resemblance to a corresponding Pangwali word; no etymological relationship is asserted here.,"bailey1908padari[Part IV, p. 34, earlier-numbered-vocabulary, left column, item 22]",,,bailey1908padari:part4:p34:item:22,,,,
Padri,,zibh,tongue,,,,"bailey1908padari[Part IV, p. 34, earlier-numbered-vocabulary, left column, item 23]",,,bailey1908padari:part4:p34:item:23,,,,
Padri,,pēṭ,belly,,,,"bailey1908padari[Part IV, p. 34, earlier-numbered-vocabulary, left column, item 24]",,,bailey1908padari:part4:p34:item:24,,,,
Padri,,pyiṭṭh,back,,,,"bailey1908padari[Part IV, p. 34, earlier-numbered-vocabulary, left column, item 25]",,,bailey1908padari:part4:p34:item:25,,,,
Padri,,lŏh,iron,,,,"bailey1908padari[Part IV, p. 34, earlier-numbered-vocabulary, left column, item 26]",,,bailey1908padari:part4:p34:item:26,,,,
Padri,,sŏnna,gold,,,,"bailey1908padari[Part IV, p. 34, earlier-numbered-vocabulary, left column, item 27]",,,bailey1908padari:part4:p34:item:27,,,,
Padri,,cāndī,silver,,,,"bailey1908padari[Part IV, p. 34, earlier-numbered-vocabulary, left column, item 28]",,,bailey1908padari:part4:p34:item:28,,,,
Padri,,bāb,father,,,,"bailey1908padari[Part IV, p. 34, earlier-numbered-vocabulary, left column, item 29]",,,bailey1908padari:part4:p34:item:29,,,,
Padri,,yīj,mother,,,,"bailey1908padari[Part IV, p. 34, earlier-numbered-vocabulary, left column, item 30]",,,bailey1908padari:part4:p34:item:30,,,,
Padri,,bhāī,brother,,,,"bailey1908padari[Part IV, p. 34, earlier-numbered-vocabulary, left column, item 31]",,,bailey1908padari:part4:p34:item:31,,,,
Padri,,bhēṇ,sister,,,,"bailey1908padari[Part IV, p. 34, earlier-numbered-vocabulary, left column, item 32]",,,bailey1908padari:part4:p34:item:32,,,,
Padri,,mōhaṇ,man,,,,"bailey1908padari[Part IV, p. 34, earlier-numbered-vocabulary, left column, item 33]",,,bailey1908padari:part4:p34:item:33,,,,
Padri,,ghiōṇ,woman,,,,"bailey1908padari[Part IV, p. 34, earlier-numbered-vocabulary, left column, item 34]",,,bailey1908padari:part4:p34:item:34,,,,
Padri,,zöⁱlⁱ,wife,,,Source asterisk explicitly marks resemblance to Pangwali; no donor or cognacy edge inferred. Source asterisk marks resemblance to a corresponding Pangwali word; no etymological relationship is asserted here.,"bailey1908padari[Part IV, p. 34, earlier-numbered-vocabulary, left column, item 35]",,,bailey1908padari:part4:p34:item:35,,,,
Padri,,kuā,child,,,Source asterisk explicitly marks resemblance to Pangwali; no donor or cognacy edge inferred. Source asterisk marks resemblance to a corresponding Pangwali word; no etymological relationship is asserted here.,"bailey1908padari[Part IV, p. 34, earlier-numbered-vocabulary, left column, item 36]",,,bailey1908padari:part4:p34:item:36,,,,
Padri,,kuā,son,,,Source asterisk explicitly marks resemblance to Pangwali; no donor or cognacy edge inferred. Source asterisk marks resemblance to a corresponding Pangwali word; no etymological relationship is asserted here.,"bailey1908padari[Part IV, p. 34, earlier-numbered-vocabulary, right column, item 37]",,,bailey1908padari:part4:p34:item:37,,,,
Padri,,kūī,daughter,,,Source asterisk explicitly marks resemblance to Pangwali; no donor or cognacy edge inferred. Source asterisk marks resemblance to a corresponding Pangwali word; no etymological relationship is asserted here.,"bailey1908padari[Part IV, p. 34, earlier-numbered-vocabulary, right column, item 38]",,,bailey1908padari:part4:p34:item:38,,,,
Padri,,kāmᵃ̆,slave,,,,"bailey1908padari[Part IV, p. 34, earlier-numbered-vocabulary, right column, item 39]",,,bailey1908padari:part4:p34:item:39,,,,
Padri,,jimᵃdār,cultivator,,,,"bailey1908padari[Part IV, p. 34, earlier-numbered-vocabulary, right column, item 40]",,,bailey1908padari:part4:p34:item:40,,,,
Padri,,guāl,shepherd,,,,"bailey1908padari[Part IV, p. 34, earlier-numbered-vocabulary, right column, item 41]",,,bailey1908padari:part4:p34:item:41,,,,
Padri,,Nārān,God,,,,"bailey1908padari[Part IV, p. 34, earlier-numbered-vocabulary, right column, item 42]",,,bailey1908padari:part4:p34:item:42,,,,
Padri,,Haṛmān,Devil,,,,"bailey1908padari[Part IV, p. 34, earlier-numbered-vocabulary, right column, item 43]",,,bailey1908padari:part4:p34:item:43,,,,
Padri,,dīus,sun,,,,"bailey1908padari[Part IV, p. 34, earlier-numbered-vocabulary, right column, item 44]",,,bailey1908padari:part4:p34:item:44,,,,
Padri,,tsanĕṛ,moon,,,,"bailey1908padari[Part IV, p. 34, earlier-numbered-vocabulary, right column, item 45]",,,bailey1908padari:part4:p34:item:45,,,,
Padri,,tārᵃ̆,star,,,,"bailey1908padari[Part IV, p. 34, earlier-numbered-vocabulary, right column, item 46]",,,bailey1908padari:part4:p34:item:46,,,,
Padri,,āg,fire,,,,"bailey1908padari[Part IV, p. 34, earlier-numbered-vocabulary, right column, item 47]",,,bailey1908padari:part4:p34:item:47,,,,
Padri,,paaiṇʸⁱ̆,water,,,,"bailey1908padari[Part IV, p. 34, earlier-numbered-vocabulary, right column, item 48]",,,bailey1908padari:part4:p34:item:48,,,,
Padri,,gīh,house,,,Source asterisk explicitly marks resemblance to Pangwali; no donor or cognacy edge inferred. Source asterisk marks resemblance to a corresponding Pangwali word; no etymological relationship is asserted here.,"bailey1908padari[Part IV, p. 34, earlier-numbered-vocabulary, right column, item 49]",,,bailey1908padari:part4:p34:item:49,,,,
Padri,,ghōṛᵃ̆,horse,,,,"bailey1908padari[Part IV, p. 34, earlier-numbered-vocabulary, right column, item 50]",,,bailey1908padari:part4:p34:item:50,,,,
Padri,,gā,cow,,,,"bailey1908padari[Part IV, p. 34, earlier-numbered-vocabulary, right column, item 51]",,,bailey1908padari:part4:p34:item:51,,,,
Padri,,kutar,dog,,,Source asterisk explicitly marks resemblance to Pangwali; no donor or cognacy edge inferred. Source asterisk marks resemblance to a corresponding Pangwali word; no etymological relationship is asserted here.,"bailey1908padari[Part IV, p. 34, earlier-numbered-vocabulary, right column, item 52]",,,bailey1908padari:part4:p34:item:52,,,,
Padri,,bilai,cat,,,,"bailey1908padari[Part IV, p. 34, earlier-numbered-vocabulary, right column, item 53]",,,bailey1908padari:part4:p34:item:53,,,,
Padri,,kukaṛ,cock,,,,"bailey1908padari[Part IV, p. 34, earlier-numbered-vocabulary, right column, item 54]",,,bailey1908padari:part4:p34:item:54,,,,
Padri,,āṛ,duck,,,,"bailey1908padari[Part IV, p. 34, earlier-numbered-vocabulary, right column, item 55]",,,bailey1908padari:part4:p34:item:55,,,,
Padri,,pŏk̲h̲ur,bird,,,,"bailey1908padari[Part IV, p. 34, earlier-numbered-vocabulary, right column, item 58]",,,bailey1908padari:part4:p34:item:58,,,,
Padri,,gānᵃ̆,go,,,,"bailey1908padari[Part IV, p. 34, earlier-numbered-vocabulary, right column, item 59]",,,bailey1908padari:part4:p34:item:59,,,,
Padri,,khānᵃ̆,eat,,,,"bailey1908padari[Part IV, p. 34, earlier-numbered-vocabulary, right column, item 60]",,,bailey1908padari:part4:p34:item:60,,,,
Padri,,bis̲h̲nă,sit,,,,"bailey1908padari[Part IV, p. 34, earlier-numbered-vocabulary, right column, item 61]",,,bailey1908padari:part4:p34:item:61,,,,
Padri,,ānᵃ̆,come,,,,"bailey1908padari[Part IV, p. 34, earlier-numbered-vocabulary, right column, item 62]",,,bailey1908padari:part4:p34:item:62,,,,
Padri,,kuṭṇᵃ,beat,,,,"bailey1908padari[Part IV, p. 34, earlier-numbered-vocabulary, right column, item 63]",,,bailey1908padari:part4:p34:item:63,,,,
Padri,,khaṛ bhōnᵃ,stand,,,Source asterisk explicitly marks resemblance to Pangwali; no donor or cognacy edge inferred. Source asterisk marks resemblance to a corresponding Pangwali word; no etymological relationship is asserted here.,"bailey1908padari[Part IV, p. 34, earlier-numbered-vocabulary, right column, item 64]",,,bailey1908padari:part4:p34:item:64,,,,multiword-expression
Padri,,marnᵃ̆,die,,,,"bailey1908padari[Part IV, p. 34, earlier-numbered-vocabulary, right column, item 65]",,,bailey1908padari:part4:p34:item:65,,,,
Padri,,diunᵃ̆,give,,,,"bailey1908padari[Part IV, p. 34, earlier-numbered-vocabulary, right column, item 66]",,,bailey1908padari:part4:p34:item:66,,,,
Padri,,dauṛ diunᵃ̆,run,,,,"bailey1908padari[Part IV, p. 34, earlier-numbered-vocabulary, right column, item 67]",,,bailey1908padari:part4:p34:item:67,,,,multiword-expression
Padri,,bahyuṛᵃ̆,up,,,,"bailey1908padari[Part IV, p. 34, earlier-numbered-vocabulary, right column, item 68]",,,bailey1908padari:part4:p34:item:68,,,,
Padri,,nēṛĭ,near,,,,"bailey1908padari[Part IV, p. 34, earlier-numbered-vocabulary, right column, item 69]",,,bailey1908padari:part4:p34:item:69,,,,
Padri,,wöndĭ,down,,,,"bailey1908padari[Part IV, p. 34, earlier-numbered-vocabulary, right column, item 70]",,,bailey1908padari:part4:p34:item:70,,,,
Padri,,dūr,far,,,,"bailey1908padari[Part IV, p. 34, earlier-numbered-vocabulary, right column, item 71]",,,bailey1908padari:part4:p34:item:71,,,,
Padri,,agar,before,,,Source asterisk explicitly marks resemblance to Pangwali; no donor or cognacy edge inferred. Source asterisk marks resemblance to a corresponding Pangwali word; no etymological relationship is asserted here.,"bailey1908padari[Part IV, p. 34, earlier-numbered-vocabulary, right column, item 72]",,,bailey1908padari:part4:p34:item:72,,,,
Padri,,pöⁱitr,behind,,,,"bailey1908padari[Part IV, p. 35, earlier-numbered-vocabulary, left column, item 73]",,,bailey1908padari:part4:p35:item:73,,,,
Padri,,kāhṇ,who,,,,"bailey1908padari[Part IV, p. 35, earlier-numbered-vocabulary, left column, item 74]",,,bailey1908padari:part4:p35:item:74,,,,
Padri,,kī,what,,,,"bailey1908padari[Part IV, p. 35, earlier-numbered-vocabulary, left column, item 75]",,,bailey1908padari:part4:p35:item:75,,,,
Padri,,kyas,why,,,"Source asterisk marks resemblance to Pangwali, not an inferred etymological relationship. Source asterisk marks resemblance to a corresponding Pangwali word; no etymological relationship is asserted here.","bailey1908padari[Part IV, p. 35, earlier-numbered-vocabulary, left column, item 76]",,,bailey1908padari:part4:p35:item:76,,,,
Padri,,tĕ,and,,,,"bailey1908padari[Part IV, p. 35, earlier-numbered-vocabulary, left column, item 77]",,,bailey1908padari:part4:p35:item:77,,,,conj
Padri,,tĕ,but,,,,"bailey1908padari[Part IV, p. 35, earlier-numbered-vocabulary, left column, item 78]",,,bailey1908padari:part4:p35:item:78,,,,conj
Padri,,agar,if,,,,"bailey1908padari[Part IV, p. 35, earlier-numbered-vocabulary, left column, item 79]",,,bailey1908padari:part4:p35:item:79,,,,conj
Padri,,ā̃,yes,,,,"bailey1908padari[Part IV, p. 35, earlier-numbered-vocabulary, left column, item 80]",,,bailey1908padari:part4:p35:item:80,,,,
Padri,,nĕhī̃,no,,,,"bailey1908padari[Part IV, p. 35, earlier-numbered-vocabulary, left column, item 81]",,,bailey1908padari:part4:p35:item:81,,,,
Padri,,hai hai,alas,,,,"bailey1908padari[Part IV, p. 35, earlier-numbered-vocabulary, left column, item 82]",,,bailey1908padari:part4:p35:item:82,,,,interj multiword-expression
Padri,,ghōṛᵃ̆,a horse,,,Explicit printed stem/endings expanded; raw segmentation retained.,"bailey1908padari[Part IV, p. 35, earlier-numbered-vocabulary, left column, item 83]",,,bailey1908padari:part4:p35:item:83,,,,noun sg
Padri,,ghōṛī,a mare,,,Explicit printed stem/endings expanded; raw segmentation retained.,"bailey1908padari[Part IV, p. 35, earlier-numbered-vocabulary, left column, item 84]",,,bailey1908padari:part4:p35:item:84,,,,noun sg
Padri,,ghōṛĕ,horses,,,Explicit printed stem/endings expanded; raw segmentation retained.,"bailey1908padari[Part IV, p. 35, earlier-numbered-vocabulary, left column, item 85]",,,bailey1908padari:part4:p35:item:85,,,,noun pl
Padri,,ghōrī,mares,,,"Printed plural has plain r, unlike the singular retroflex ṛ; retained as printed.","bailey1908padari[Part IV, p. 35, earlier-numbered-vocabulary, left column, item 86]",,,bailey1908padari:part4:p35:item:86,,,,noun pl
Padri,,badhēl,a bull,,,,"bailey1908padari[Part IV, p. 35, earlier-numbered-vocabulary, right column, item 87]",,,bailey1908padari:part4:p35:item:87,,,,noun sg
Padri,,gā,a cow,,,,"bailey1908padari[Part IV, p. 35, earlier-numbered-vocabulary, right column, item 88]",,,bailey1908padari:part4:p35:item:88,,,,noun sg
Padri,,badhēl,bulls,,,,"bailey1908padari[Part IV, p. 35, earlier-numbered-vocabulary, right column, item 89]",,,bailey1908padari:part4:p35:item:89,,,,noun pl
Padri,,göī,cows,,,,"bailey1908padari[Part IV, p. 35, earlier-numbered-vocabulary, right column, item 90]",,,bailey1908padari:part4:p35:item:90,,,,noun pl
Padri,,kutar,a dog,,,,"bailey1908padari[Part IV, p. 35, earlier-numbered-vocabulary, right column, item 91]",,,bailey1908padari:part4:p35:item:91,,,,noun sg
Padri,,kutö̆r,a bitch,,,,"bailey1908padari[Part IV, p. 35, earlier-numbered-vocabulary, right column, item 92]",,,bailey1908padari:part4:p35:item:92,,,,noun sg
Padri,,kutar,dogs,,,,"bailey1908padari[Part IV, p. 35, earlier-numbered-vocabulary, right column, item 93]",,,bailey1908padari:part4:p35:item:93,,,,noun pl
Padri,,kutör,bitches,,,,"bailey1908padari[Part IV, p. 35, earlier-numbered-vocabulary, right column, item 94]",,,bailey1908padari:part4:p35:item:94,,,,noun pl
Padri,,bakra,a he goat,,,Explicit printed stem/endings expanded; raw segmentation retained.,"bailey1908padari[Part IV, p. 35, earlier-numbered-vocabulary, right column, item 95]",,,bailey1908padari:part4:p35:item:95,,,,noun sg
Padri,,bakarⁱ̄,a female goat,,,Explicit printed stem/endings expanded; raw segmentation retained.,"bailey1908padari[Part IV, p. 35, earlier-numbered-vocabulary, right column, item 96]",,,bailey1908padari:part4:p35:item:96,,,,noun sg
Padri,,bakrĕ,goats,,,Explicit printed stem/endings expanded; raw segmentation retained.,"bailey1908padari[Part IV, p. 35, earlier-numbered-vocabulary, right column, item 97]",,,bailey1908padari:part4:p35:item:97,,,,noun pl
Padri,,Tau nā̃ kī hanᵃ̆,What is thy name?,,,,"bailey1908padari[Part III, p. 84, sentences, full column, item 1]",,,bailey1908padari:p84:sentence:1,,,,multiword-expression
Padri,,Ēh ghōṛar kat barh hanᵃ̆,How many years has his horse?,,,,"bailey1908padari[Part III, p. 84, sentences, full column, item 2]",,,bailey1908padari:p84:sentence:2,,,,multiword-expression
Padri,,Īṛī Kas̲h̲mīr katĕṛī dūr hainī,From here how far is Kashmir?,,,Source specially italicizes ai in hainī.,"bailey1908padari[Part III, p. 84, sentences, full column, item 3]",,,bailey1908padari:p84:sentence:3,,,,multiword-expression
Padri,,Tie͞uṇ bābbar kat gŏbhar hinĕ,How many sons has your father?,,,"Source prints e on the baseline for typographical reasons; its p81 note says this e should be superscript. Shared macron over eu represents one vowel, not separate ē and ū.","bailey1908padari[Part III, p. 84, sentences, full column, item 4]",,,bailey1908padari:p84:sentence:4,,,,multiword-expression
Padri,,Ādz aũ baṛā dūral aur hanᵃ,To-day I from very far have come.,,,,"bailey1908padari[Part III, p. 84, sentences, full column, item 5]",,,bailey1908padari:p84:sentence:5,,,,multiword-expression
Padri,,Mie͞uṇ māṭhaṛ bābbar gĕŏbhur tasĕr bhēṇī samēt bĕāh kĕō na,My uncle’s (small father’s) son has married his sister.,,,"Shared macron over eu represents one vowel, not separate ē and ū.","bailey1908padari[Part III, p. 84, sentences, full column, item 6]",,,bailey1908padari:p84:sentence:6,,,,multiword-expression
Padri,,Mie͞uṇ māṭhaṛ bābbar gĕŏbhur tasĕr bhēṇī samēt bĕāh kĕōr hanᵃ̆,My uncle’s (small father’s) son has married his sister.,,,"Shared macron over eu represents one vowel, not separate ē and ū.","bailey1908padari[Part III, p. 84, sentences, full column, item 6]",,,bailey1908padari:p84:sentence:6:variant:2,bailey1908padari:p84:sentence:6,,,multiword-expression
Padri,,Gih chĕta ghōṛar kāṭhī hinⁱ̄,In the house the white horse’s saddle is.,,,,"bailey1908padari[Part III, p. 84, sentences, full column, item 7]",,,bailey1908padari:p84:sentence:7,,,,multiword-expression
Padri,,Tasĕr piṭṭh par tshaṛē,Put it on his back.,,,,"bailey1908padari[Part III, p. 84, sentences, full column, item 8]",,,bailey1908padari:p84:sentence:8,,,,multiword-expression
Padri,,Maī̃ tasar kŏā matā kŏṭā,I beat his son much.,,,,"bailey1908padari[Part III, p. 84, sentences, full column, item 9]",,,bailey1908padari:p84:sentence:9,,,,multiword-expression
Padri,,Sē phāṭ peur gēī tĕ beuⁱkĕr tsārna,He on the hill is grazing cows and goats.,,,Source specially italicizes eu in peur and beu; typography retained in source analysis.,"bailey1908padari[Part III, p. 84, sentences, full column, item 10]",,,bailey1908padari:p84:sentence:10,,,,multiword-expression
Padri,,Sē tas bŏṭṭē paḍ ghōṛē peur biṭhōr hanᵃ,He under that tree is seated on a horse.,,,Source specially italicizes eu in peur.,"bailey1908padari[Part III, p. 84, sentences, full column, item 11]",,,bailey1908padari:p84:sentence:11,,,,multiword-expression
Padri,,Tasar bhāē apaṇ bhēṇal bŏṛa hanᵃ,His brother is bigger than his sister.,,,,"bailey1908padari[Part III, p. 84, sentences, full column, item 12]",,,bailey1908padari:p84:sentence:12,,,,multiword-expression
Padri,,Tasar mul tlāē rupaē hanĕ,Its price is three rupees.,,,Source prints final e on the baseline for typographical reasons; its p81 note says this e should be superscript.,"bailey1908padari[Part III, p. 84, sentences, full column, item 13]",,,bailey1908padari:p84:sentence:13,,,,multiword-expression
Padri,,Mie͞uṇ bāb tath māṭhaṛ kuṭhī āndar hauᵃ,My father is in that small house.,,,"Source English has a mechanical omission in “is n”; the gloss restores “is in”. Shared macron over eu represents one vowel, not separate ē and ū. Source final auxiliary is hauᵃ with u, unlike adjacent han forms; preserved literally.","bailey1908padari[Part III, p. 84, sentences, full column, item 14]",,,bailey1908padari:p84:sentence:14,,,,multiword-expression
Padri,,Tas rupaē dēī tshaṛē,Give him rupees.,,,,"bailey1908padari[Part III, p. 84, sentences, full column, item 15]",,,bailey1908padari:p84:sentence:15,,,,multiword-expression
Padri,,Tasal rupayyē ial adzai,From him bring rupees.,,,,"bailey1908padari[Part III, p. 84, sentences, full column, item 16]",,,bailey1908padari:p84:sentence:16,,,,multiword-expression
Padri,,Tas maihn kŏiṭikar radzūṛī kī dlaiṇḍhē,Having beaten him well bind him with ropes.,,,,"bailey1908padari[Part III, p. 84, sentences, full column, item 17]",,,bailey1908padari:p84:sentence:17,,,,multiword-expression
Padri,,Khūhal pāaiṇ kaḍḍh,From the well draw water.,,,,"bailey1908padari[Part III, p. 84, sentences, full column, item 18]",,,bailey1908padari:p84:sentence:18,,,,multiword-expression
Padri,,Māl agar agar haṇḍ,Before me walk.,,,,"bailey1908padari[Part III, p. 84, sentences, full column, item 19]",,,bailey1908padari:p84:sentence:19,,,,multiword-expression
Padri,,Māl agar agar haṇḍh,Before me walk.,,,,"bailey1908padari[Part III, p. 84, sentences, full column, item 19]",,,bailey1908padari:p84:sentence:19:variant:2,bailey1908padari:p84:sentence:19,,,multiword-expression
Padri,,Tie͞uṇ peuittar kasar kŏa hanᵃ,Whose boy is behind you?,,,"Source specially italicizes eu in peuittar. Shared macron over eu represents one vowel, not separate ē and ū.","bailey1908padari[Part III, p. 84, sentences, full column, item 20]",,,bailey1908padari:p84:sentence:20,,,,multiword-expression
Padri,,Sē kasal mullē āna,From whom did you buy that?,,,,"bailey1908padari[Part III, p. 84, sentences, full column, item 21]",,,bailey1908padari:p84:sentence:21,,,,multiword-expression
Padri,,Ṭhāwar haṭī ĕttah āna,From the shopkeeper of the village I brought it.,,,,"bailey1908padari[Part III, p. 84, sentences, full column, item 22]",,,bailey1908padari:p84:sentence:22,,,,multiword-expression
Padri,,ghōṛā,horse,,,,"bailey1908padari[Part III, p. 76, noun-paradigm, sg column, item 1:sg:nom]",,,bailey1908padari:p76:paradigm:1:sg:nom,,,,noun m sg nom
Padri,,ghōṛar,horse,,,,"bailey1908padari[Part III, p. 76, noun-paradigm, sg column, item 1:sg:gen]",,,bailey1908padari:p76:paradigm:1:sg:gen,,,,noun m sg gen
Padri,,ghōṛas,horse,,,,"bailey1908padari[Part III, p. 76, noun-paradigm, sg column, item 1:sg:dat]",,,bailey1908padari:p76:paradigm:1:sg:dat,,,,noun m sg dat
Padri,,ghōṛĕl,horse,,,,"bailey1908padari[Part III, p. 76, noun-paradigm, sg column, item 1:sg:abl]",,,bailey1908padari:p76:paradigm:1:sg:abl,,,,noun m sg abl
Padri,,ghōṛē,horse,,,Source calls this the Agent case (Ag.).,"bailey1908padari[Part III, p. 76, noun-paradigm, sg column, item 1:sg:erg]",,,bailey1908padari:p76:paradigm:1:sg:erg,,,,noun m sg erg
Padri,,ghōṛĕ,horse,,,,"bailey1908padari[Part III, p. 76, noun-paradigm, pl column, item 1:pl:nom]",,,bailey1908padari:p76:paradigm:1:pl:nom,,,,noun m pl nom
Padri,,ghōṛī kar,horse,,,,"bailey1908padari[Part III, p. 76, noun-paradigm, pl column, item 1:pl:gen]",,,bailey1908padari:p76:paradigm:1:pl:gen,,,,noun m pl gen multiword-expression
Padri,,ghōṛī,horse,,,,"bailey1908padari[Part III, p. 76, noun-paradigm, pl column, item 1:pl:dat]",,,bailey1908padari:p76:paradigm:1:pl:dat,,,,noun m pl dat
Padri,,ghōṛī kal,horse,,,,"bailey1908padari[Part III, p. 76, noun-paradigm, pl column, item 1:pl:abl]",,,bailey1908padari:p76:paradigm:1:pl:abl,,,,noun m pl abl multiword-expression
Padri,,ghōṛī,horse,,,Source calls this the Agent case (Ag.).,"bailey1908padari[Part III, p. 76, noun-paradigm, pl column, item 1:pl:erg]",,,bailey1908padari:p76:paradigm:1:pl:erg,,,,noun m pl erg
Padri,,badhēl,ox,,,,"bailey1908padari[Part III, p. 76, noun-paradigm, sg column, item 2:sg:nom]",,,bailey1908padari:p76:paradigm:2:sg:nom,,,,noun m sg nom
Padri,,badhēlar,ox,,,,"bailey1908padari[Part III, p. 76, noun-paradigm, sg column, item 2:sg:gen]",,,bailey1908padari:p76:paradigm:2:sg:gen,,,,noun m sg gen
Padri,,badhēlas,ox,,,,"bailey1908padari[Part III, p. 76, noun-paradigm, sg column, item 2:sg:dat]",,,bailey1908padari:p76:paradigm:2:sg:dat,,,,noun m sg dat
Padri,,badhēlĕl,ox,,,,"bailey1908padari[Part III, p. 76, noun-paradigm, sg column, item 2:sg:abl]",,,bailey1908padari:p76:paradigm:2:sg:abl,,,,noun m sg abl
Padri,,badhēlē,ox,,,Source calls this the Agent case (Ag.).,"bailey1908padari[Part III, p. 76, noun-paradigm, sg column, item 2:sg:erg]",,,bailey1908padari:p76:paradigm:2:sg:erg,,,,noun m sg erg
Padri,,badhēl,ox,,,,"bailey1908padari[Part III, p. 76, noun-paradigm, pl column, item 2:pl:nom]",,,bailey1908padari:p76:paradigm:2:pl:nom,,,,noun m pl nom
Padri,,badhēl kar,ox,,,,"bailey1908padari[Part III, p. 76, noun-paradigm, pl column, item 2:pl:gen]",,,bailey1908padari:p76:paradigm:2:pl:gen,,,,noun m pl gen multiword-expression
Padri,,badhēl,ox,,,,"bailey1908padari[Part III, p. 76, noun-paradigm, pl column, item 2:pl:dat]",,,bailey1908padari:p76:paradigm:2:pl:dat,,,,noun m pl dat
Padri,,badhēl kal,ox,,,,"bailey1908padari[Part III, p. 76, noun-paradigm, pl column, item 2:pl:abl]",,,bailey1908padari:p76:paradigm:2:pl:abl,,,,noun m pl abl multiword-expression
Padri,,badhēlē,ox,,,Source calls this the Agent case (Ag.).,"bailey1908padari[Part III, p. 76, noun-paradigm, pl column, item 2:pl:erg]",,,bailey1908padari:p76:paradigm:2:pl:erg,,,,noun m pl erg
Padri,,bab,father,,,,"bailey1908padari[Part III, p. 76, noun-prose, full column, item 1]",,,bailey1908padari:p76:prose:father:nom,,,,noun m sg nom
Padri,,bābbar,father,,,,"bailey1908padari[Part III, p. 76, noun-prose, full column, item 2]",,,bailey1908padari:p76:prose:father:gen,,,,noun m sg gen
Padri,,bābbas,father,,,,"bailey1908padari[Part III, p. 76, noun-prose, full column, item 3]",,,bailey1908padari:p76:prose:father:dat,,,,noun m sg dat
Padri,,bābbal,father,,,,"bailey1908padari[Part III, p. 76, noun-prose, full column, item 4]",,,bailey1908padari:p76:prose:father:abl,,,,noun m sg abl
Padri,,bābbē,father,,,Source calls this the Agent case (Ag.).,"bailey1908padari[Part III, p. 76, noun-prose, full column, item 5]",,,bailey1908padari:p76:prose:father:erg,,,,noun m sg erg
Padri,,hāithⁱ̄,,,,No English gloss is supplied for this paradigm.,"bailey1908padari[Part III, p. 76, noun-paradigms, item paradigm:3:sg:nom]",,,bailey1908padari:p76:paradigm:3:sg:nom,,,,noun m sg nom
Padri,,haithiar,,,,No English gloss is supplied for this paradigm.,"bailey1908padari[Part III, p. 76, noun-paradigms, item paradigm:3:sg:gen]",,,bailey1908padari:p76:paradigm:3:sg:gen,,,,noun m sg gen
Padri,,haithī,,,,No English gloss is supplied for this paradigm. Source Ag. denotes Agent case.,"bailey1908padari[Part III, p. 76, noun-paradigms, item paradigm:3:sg:erg]",,,bailey1908padari:p76:paradigm:3:sg:erg,,,,noun m sg erg
Padri,,hāthĭ,,,,No English gloss is supplied for this paradigm.,"bailey1908padari[Part III, p. 76, noun-paradigms, item paradigm:3:pl:nom]",,,bailey1908padari:p76:paradigm:3:pl:nom,,,,noun m pl nom
Padri,,haithī kar,,,,No English gloss is supplied for this paradigm.,"bailey1908padari[Part III, p. 76, noun-paradigms, item paradigm:3:pl:gen]",,,bailey1908padari:p76:paradigm:3:pl:gen,,,,noun m pl gen multiword-expression
Padri,,haithī,,,,No English gloss is supplied for this paradigm. Source Ag. denotes Agent case.,"bailey1908padari[Part III, p. 76, noun-paradigms, item paradigm:3:pl:erg]",,,bailey1908padari:p76:paradigm:3:pl:erg,,,,noun m pl erg
Padri,,kŏī,,,,No English gloss is supplied for this paradigm.,"bailey1908padari[Part III, p. 76, noun-paradigms, item paradigm:4:sg:nom]",,,bailey1908padari:p76:paradigm:4:sg:nom,,,,noun f sg nom
Padri,,kūyar,,,,No English gloss is supplied for this paradigm.,"bailey1908padari[Part III, p. 76, noun-paradigms, item paradigm:4:sg:gen]",,,bailey1908padari:p76:paradigm:4:sg:gen,,,,noun f sg gen
Padri,,kūyas,,,,No English gloss is supplied for this paradigm.,"bailey1908padari[Part III, p. 76, noun-paradigms, item paradigm:4:sg:dat]",,,bailey1908padari:p76:paradigm:4:sg:dat,,,,noun f sg dat
Padri,,kūyal,,,,No English gloss is supplied for this paradigm.,"bailey1908padari[Part III, p. 76, noun-paradigms, item paradigm:4:sg:abl]",,,bailey1908padari:p76:paradigm:4:sg:abl,,,,noun f sg abl
Padri,,kūī,,,,No English gloss is supplied for this paradigm. Source Ag. denotes Agent case.,"bailey1908padari[Part III, p. 76, noun-paradigms, item paradigm:4:sg:erg]",,,bailey1908padari:p76:paradigm:4:sg:erg,,,,noun f sg erg
Padri,,kūī,,,,No English gloss is supplied for this paradigm.,"bailey1908padari[Part III, p. 76, noun-paradigms, item paradigm:4:pl:nom]",,,bailey1908padari:p76:paradigm:4:pl:nom,,,,noun f pl nom
Padri,,kūī kar,,,,No English gloss is supplied for this paradigm.,"bailey1908padari[Part III, p. 76, noun-paradigms, item paradigm:4:pl:gen]",,,bailey1908padari:p76:paradigm:4:pl:gen,,,,noun f pl gen multiword-expression
Padri,,kūī,,,,No English gloss is supplied for this paradigm.,"bailey1908padari[Part III, p. 76, noun-paradigms, item paradigm:4:pl:dat]",,,bailey1908padari:p76:paradigm:4:pl:dat,,,,noun f pl dat
Padri,,kūī kal,,,,No English gloss is supplied for this paradigm.,"bailey1908padari[Part III, p. 76, noun-paradigms, item paradigm:4:pl:abl]",,,bailey1908padari:p76:paradigm:4:pl:abl,,,,noun f pl abl multiword-expression
Padri,,kūī,,,,No English gloss is supplied for this paradigm. Source Ag. denotes Agent case.,"bailey1908padari[Part III, p. 76, noun-paradigms, item paradigm:4:pl:erg]",,,bailey1908padari:p76:paradigm:4:pl:erg,,,,noun f pl erg
Padri,,ghōṛī,mare,,,,"bailey1908padari[Part III, p. 76, noun-paradigms, item prose:mare:nom]",,,bailey1908padari:p76:prose:mare:nom,,,,noun f sg nom
Padri,,ghūṛĕr,mare,,,,"bailey1908padari[Part III, p. 76, noun-paradigms, item prose:mare:gen]",,,bailey1908padari:p76:prose:mare:gen,,,,noun f sg gen
Padri,,ghūṛĕs,mare,,,,"bailey1908padari[Part III, p. 76, noun-paradigms, item prose:mare:dat]",,,bailey1908padari:p76:prose:mare:dat,,,,noun f sg dat
Padri,,bhēṇ,sister,,,,"bailey1908padari[Part III, p. 76, noun-paradigms, item prose:sister:sg:nom]",,,bailey1908padari:p76:prose:sister:sg:nom,,,,noun f sg nom
Padri,,bhēṇar,sister,,,,"bailey1908padari[Part III, p. 76, noun-paradigms, item prose:sister:sg:gen]",,,bailey1908padari:p76:prose:sister:sg:gen,,,,noun f sg gen
Padri,,bhīṇ,sister,,,,"bailey1908padari[Part III, p. 76, noun-paradigms, item prose:sister:pl:nom]",,,bailey1908padari:p76:prose:sister:pl:nom,,,,noun f pl nom
Padri,,bhīṇī kar,sister,,,,"bailey1908padari[Part III, p. 76, noun-paradigms, item prose:sister:pl:gen]",,,bailey1908padari:p76:prose:sister:pl:gen,,,,noun f pl gen multiword-expression
Padri,,aũ,I,,,,"bailey1908padari[Part III, p. 77, pronouns, 1 column, item nom]",,,bailey1908padari:p77:pronoun:1:sg:nom,,,,pron sg nom 1sg
Padri,,mĕe͞uṇ,I,,,"Shared source macron over eu denotes one long French-eu vowel, distinct from separately macronized ēū.","bailey1908padari[Part III, p. 77, pronouns, 1 column, item gen]",,,bailey1908padari:p77:pronoun:1:sg:gen,,,,pron sg gen 1sg
Padri,,mēṇ,I,,,"Shared source macron over eu denotes one long French-eu vowel, distinct from separately macronized ēū.","bailey1908padari[Part III, p. 77, pronouns, 1 column, item gen]",,,bailey1908padari:p77:pronoun:1:sg:gen:variant:2,bailey1908padari:p77:pronoun:1:sg:gen,,,pron sg gen 1sg
Padri,,meuĩ,I,,,"Source eu is italic, denoting a special vowel value in the Romanization legend. The second dative alternative has clear nasal long i; the first has ink-fused upper marks. Eu in the first is contrastively italic. Source-glyph uncertainty: ink-fused marks over the i in first alternative meuĩ do not securely distinguish dot from macron; second alternative clearly has long nasalized i.","bailey1908padari[Part III, p. 77, pronouns, 1 column, item dat]",,,bailey1908padari:p77:pronoun:1:sg:dat,,,,pron sg dat 1sg uncertain
Padri,,maī̃,I,,,"Source eu is italic, denoting a special vowel value in the Romanization legend. The second dative alternative has clear nasal long i; the first has ink-fused upper marks. Eu in the first is contrastively italic. Source-glyph uncertainty: ink-fused marks over the i in first alternative meuĩ do not securely distinguish dot from macron; second alternative clearly has long nasalized i.","bailey1908padari[Part III, p. 77, pronouns, 1 column, item dat]",,,bailey1908padari:p77:pronoun:1:sg:dat:variant:2,bailey1908padari:p77:pronoun:1:sg:dat,,,pron sg dat 1sg
Padri,,māl,I,,,,"bailey1908padari[Part III, p. 77, pronouns, 1 column, item abl]",,,bailey1908padari:p77:pronoun:1:sg:abl,,,,pron sg abl 1sg
Padri,,maĩ,I,,,Source Ag. denotes Agent case. Source-glyph uncertainty: ink-fused marks over i do not securely distinguish dot from macron; the readable nasalization is retained without asserting vowel length.,"bailey1908padari[Part III, p. 77, pronouns, 1 column, item erg]",,,bailey1908padari:p77:pronoun:1:sg:erg,,,,pron sg erg 1sg uncertain
Padri,,tū,thou,,,,"bailey1908padari[Part III, p. 77, pronouns, 2 column, item nom]",,,bailey1908padari:p77:pronoun:2:sg:nom,,,,pron sg nom 2sg
Padri,,tĕe͞uṇ,thou,,,"Shared source macron over eu denotes one long French-eu vowel, distinct from separately macronized ēū.","bailey1908padari[Part III, p. 77, pronouns, 2 column, item gen]",,,bailey1908padari:p77:pronoun:2:sg:gen,,,,pron sg gen 2sg
Padri,,tēṇ,thou,,,"Shared source macron over eu denotes one long French-eu vowel, distinct from separately macronized ēū.","bailey1908padari[Part III, p. 77, pronouns, 2 column, item gen]",,,bailey1908padari:p77:pronoun:2:sg:gen:variant:2,bailey1908padari:p77:pronoun:2:sg:gen,,,pron sg gen 2sg
Padri,,tōū,thou,,,,"bailey1908padari[Part III, p. 77, pronouns, 2 column, item dat]",,,bailey1908padari:p77:pronoun:2:sg:dat,,,,pron sg dat 2sg
Padri,,tāl,thou,,,,"bailey1908padari[Part III, p. 77, pronouns, 2 column, item abl]",,,bailey1908padari:p77:pronoun:2:sg:abl,,,,pron sg abl 2sg
Padri,,taĩ̄,thou,,,Source Ag. denotes Agent case.,"bailey1908padari[Part III, p. 77, pronouns, 2 column, item erg]",,,bailey1908padari:p77:pronoun:2:sg:erg,,,,pron sg erg 2sg
Padri,,ōh,he,,,,"bailey1908padari[Part III, p. 77, pronouns, 3 column, item nom]",,,bailey1908padari:p77:pronoun:3:sg:nom,,,,pron sg nom 3sg
Padri,,tasar,he,,,,"bailey1908padari[Part III, p. 77, pronouns, 3 column, item gen]",,,bailey1908padari:p77:pronoun:3:sg:gen,,,,pron sg gen 3sg
Padri,,tas,he,,,,"bailey1908padari[Part III, p. 77, pronouns, 3 column, item dat]",,,bailey1908padari:p77:pronoun:3:sg:dat,,,,pron sg dat 3sg
Padri,,tasal,he,,,,"bailey1908padari[Part III, p. 77, pronouns, 3 column, item abl]",,,bailey1908padari:p77:pronoun:3:sg:abl,,,,pron sg abl 3sg
Padri,,tēīnī,he,,,Source Ag. denotes Agent case.,"bailey1908padari[Part III, p. 77, pronouns, 3 column, item erg]",,,bailey1908padari:p77:pronoun:3:sg:erg,,,,pron sg erg 3sg
Padri,,ēh,this,,,,"bailey1908padari[Part III, p. 77, pronouns, dem column, item nom]",,,bailey1908padari:p77:pronoun:dem:sg:nom,,,,pron sg nom demonstrative
Padri,,asar,this,,,,"bailey1908padari[Part III, p. 77, pronouns, dem column, item gen]",,,bailey1908padari:p77:pronoun:dem:sg:gen,,,,pron sg gen demonstrative
Padri,,as,this,,,,"bailey1908padari[Part III, p. 77, pronouns, dem column, item dat]",,,bailey1908padari:p77:pronoun:dem:sg:dat,,,,pron sg dat demonstrative
Padri,,asal,this,,,,"bailey1908padari[Part III, p. 77, pronouns, dem column, item abl]",,,bailey1908padari:p77:pronoun:dem:sg:abl,,,,pron sg abl demonstrative
Padri,,ēīnī,this,,,Source Ag. denotes Agent case.,"bailey1908padari[Part III, p. 77, pronouns, dem column, item erg]",,,bailey1908padari:p77:pronoun:dem:sg:erg,,,,pron sg erg demonstrative
Padri,,as,we,,,,"bailey1908padari[Part III, p. 77, pronouns, 1 column, item nom]",,,bailey1908padari:p77:pronoun:1:pl:nom,,,,pron pl nom 1pl
Padri,,hie͞uṇ,we,,,"Shared source macron over eu denotes one long French-eu vowel, distinct from separately macronized ēū.","bailey1908padari[Part III, p. 77, pronouns, 1 column, item gen]",,,bailey1908padari:p77:pronoun:1:pl:gen,,,,pron pl gen 1pl
Padri,,āsē,we,,,,"bailey1908padari[Part III, p. 77, pronouns, 1 column, item dat]",,,bailey1908padari:p77:pronoun:1:pl:dat,,,,pron pl dat 1pl
Padri,,as kal,we,,,,"bailey1908padari[Part III, p. 77, pronouns, 1 column, item abl]",,,bailey1908padari:p77:pronoun:1:pl:abl,,,,pron pl abl 1pl multiword-expression
Padri,,āsē,we,,,Source Ag. denotes Agent case.,"bailey1908padari[Part III, p. 77, pronouns, 1 column, item erg]",,,bailey1908padari:p77:pronoun:1:pl:erg,,,,pron pl erg 1pl
Padri,,tus,you,,,,"bailey1908padari[Part III, p. 77, pronouns, 2 column, item nom]",,,bailey1908padari:p77:pronoun:2:pl:nom,,,,pron pl nom 2pl
Padri,,tōhṇ,you,,,,"bailey1908padari[Part III, p. 77, pronouns, 2 column, item gen]",,,bailey1908padari:p77:pronoun:2:pl:gen,,,,pron pl gen 2pl
Padri,,tusē,you,,,,"bailey1908padari[Part III, p. 77, pronouns, 2 column, item dat]",,,bailey1908padari:p77:pronoun:2:pl:dat,,,,pron pl dat 2pl
Padri,,tus kal,you,,,,"bailey1908padari[Part III, p. 77, pronouns, 2 column, item abl]",,,bailey1908padari:p77:pronoun:2:pl:abl,,,,pron pl abl 2pl multiword-expression
Padri,,tusē,you,,,Source Ag. denotes Agent case.,"bailey1908padari[Part III, p. 77, pronouns, 2 column, item erg]",,,bailey1908padari:p77:pronoun:2:pl:erg,,,,pron pl erg 2pl
Padri,,ūhṇ,they,,,,"bailey1908padari[Part III, p. 77, pronouns, 3 column, item nom]",,,bailey1908padari:p77:pronoun:3:pl:nom,,,,pron pl nom 3pl
Padri,,taĩ̄ kar,they,,,,"bailey1908padari[Part III, p. 77, pronouns, 3 column, item gen]",,,bailey1908padari:p77:pronoun:3:pl:gen,,,,pron pl gen 3pl multiword-expression
Padri,,taiṇhē,they,,,,"bailey1908padari[Part III, p. 77, pronouns, 3 column, item dat]",,,bailey1908padari:p77:pronoun:3:pl:dat,,,,pron pl dat 3pl
Padri,,taĩ̄ kal,they,,,,"bailey1908padari[Part III, p. 77, pronouns, 3 column, item abl]",,,bailey1908padari:p77:pronoun:3:pl:abl,,,,pron pl abl 3pl multiword-expression
Padri,,taṇhē,they,,,Source Ag. denotes Agent case.,"bailey1908padari[Part III, p. 77, pronouns, 3 column, item erg]",,,bailey1908padari:p77:pronoun:3:pl:erg,,,,pron pl erg 3pl
Padri,,ĕe͞uhṇ,these,,,"Shared source macron over eu denotes one long French-eu vowel, distinct from separately macronized ēū.","bailey1908padari[Part III, p. 77, pronouns, dem column, item nom]",,,bailey1908padari:p77:pronoun:dem:pl:nom,,,,pron pl nom demonstrative
Padri,,aĩ kar,these,,,,"bailey1908padari[Part III, p. 77, pronouns, dem column, item gen]",,,bailey1908padari:p77:pronoun:dem:pl:gen,,,,pron pl gen demonstrative multiword-expression
Padri,,aiṇhē,these,,,,"bailey1908padari[Part III, p. 77, pronouns, dem column, item dat]",,,bailey1908padari:p77:pronoun:dem:pl:dat,,,,pron pl dat demonstrative
Padri,,aĩ kal,these,,,,"bailey1908padari[Part III, p. 77, pronouns, dem column, item abl]",,,bailey1908padari:p77:pronoun:dem:pl:abl,,,,pron pl abl demonstrative multiword-expression
Padri,,aiṇhē,these,,,Source Ag. denotes Agent case.,"bailey1908padari[Part III, p. 77, pronouns, dem column, item erg]",,,bailey1908padari:p77:pronoun:dem:pl:erg,,,,pron pl erg demonstrative
Padri,,kāṇh,who?,,,,"bailey1908padari[Part III, p. 77, pronoun-adjective-prose, item who:nom]",,,bailey1908padari:p77:who:nom,,,,pron interr nom
Padri,,kasar,who?,,,,"bailey1908padari[Part III, p. 77, pronoun-adjective-prose, item who:gen]",,,bailey1908padari:p77:who:gen,,,,pron interr gen
Padri,,kasal,who?,,,,"bailey1908padari[Part III, p. 77, pronoun-adjective-prose, item who:abl]",,,bailey1908padari:p77:who:abl,,,,pron interr abl
Padri,,kēīn,who?,,,,"bailey1908padari[Part III, p. 77, pronoun-adjective-prose, item who:erg]",,,bailey1908padari:p77:who:erg,,,,pron interr erg
Padri,,kī,what?,,,,"bailey1908padari[Part III, p. 77, pronoun-adjective-prose, item what:nom]",,,bailey1908padari:p77:what:nom,,,,pron interr nom
Padri,,kuṛĕr,what?,,,,"bailey1908padari[Part III, p. 77, pronoun-adjective-prose, item what:gen]",,,bailey1908padari:p77:what:gen,,,,pron interr gen
Padri,,dzē,who,,,,"bailey1908padari[Part III, p. 77, pronoun-adjective-prose, item other-pronoun:1]",,,bailey1908padari:p77:other-pronoun:1,,,,pron
Padri,,kĭch,"something, anything",,,,"bailey1908padari[Part III, p. 77, pronoun-adjective-prose, item other-pronoun:2]",,,bailey1908padari:p77:other-pronoun:2,,,,pron
Padri,,dzē kuṇē,whoever,,,,"bailey1908padari[Part III, p. 77, pronoun-adjective-prose, item other-pronoun:3]",,,bailey1908padari:p77:other-pronoun:3,,,,pron multiword-expression
Padri,,dzē kĭch,whatever,,,,"bailey1908padari[Part III, p. 77, pronoun-adjective-prose, item other-pronoun:4]",,,bailey1908padari:p77:other-pronoun:4,,,,pron multiword-expression
Padri,,tath kuṭhī āndar,in that house,,,Source describes the demonstrative as a neuter third-person pronoun used with locative postpositions for inanimate objects.,"bailey1908padari[Part III, p. 77, pronoun-adjective-prose, item neuter-example]",,,bailey1908padari:p77:neuter-example,,,,multiword-expression
Padri,,tath,that,,,Explicit neuter third-person demonstrative identified within the source example tath kuṭhī āndar; used for inanimate objects with locative postpositions.,"bailey1908padari[Part III, p. 77, pronoun-adjective-prose, item neuter-pronoun]",,,bailey1908padari:p77:neuter-pronoun,,,,pron n personal third-person inanimate
Padri,,chĕta,white,,,,"bailey1908padari[Part III, p. 77, pronoun-adjective-prose, item adjective:white]",,,bailey1908padari:p77:adjective:white,,,,adj
Padri,,tasal chĕta,whiter than that,,,Source expresses comparison with the positive adjective and ablative of the noun or pronoun compared. Adjectival degree is expressed by the complete comparison construction; no comparative or superlative inflection is inferred.,"bailey1908padari[Part III, p. 77, pronoun-adjective-prose, item adjective:comparison]",,,bailey1908padari:p77:adjective:comparison,,,,multiword-expression adj degree
Padri,,eurh,like this,,,"Source column: Demonstrative. Source eu is italic, denoting a special vowel value in the Romanization legend.","bailey1908padari[Part III, p. 77, pronoun-adjective-prose, item correlative:1]",,,bailey1908padari:p77:correlative:1,,,,adj demonstrative
Padri,,tōūrh,like that,,,Source column: Correlative.,"bailey1908padari[Part III, p. 77, pronoun-adjective-prose, item correlative:2]",,,bailey1908padari:p77:correlative:2,,,,adj correlative
Padri,,kĕōrh,like what?,,,Source column: Interrogative.,"bailey1908padari[Part III, p. 77, pronoun-adjective-prose, item correlative:3]",,,bailey1908padari:p77:correlative:3,,,,adj interr
Padri,,dzĕōrh,like which,,,Source column: Relative.,"bailey1908padari[Part III, p. 77, pronoun-adjective-prose, item correlative:4]",,,bailey1908padari:p77:correlative:4,,,,adj relative
Padri,,attaṛ,so much or many,,,Source column: Demonstrative.,"bailey1908padari[Part III, p. 77, pronoun-adjective-prose, item correlative:5]",,,bailey1908padari:p77:correlative:5,,,,adj demonstrative
Padri,,tattaṛ,so much or many,,,Source column: Correlative.,"bailey1908padari[Part III, p. 77, pronoun-adjective-prose, item correlative:6]",,,bailey1908padari:p77:correlative:6,,,,adj correlative
Padri,,kattaṛ,how much or many?,,,Source column: Interrogative.,"bailey1908padari[Part III, p. 77, pronoun-adjective-prose, item correlative:7]",,,bailey1908padari:p77:correlative:7,,,,adj interr
Padri,,dzattaṛ,as much or many,,,Source column: Relative.,"bailey1908padari[Part III, p. 77, pronoun-adjective-prose, item correlative:8]",,,bailey1908padari:p77:correlative:8,,,,adj relative
Padri,,himmī̃,now,,,,"bailey1908padari[Part III, p. 78, time-adverbs, item 1]",,,bailey1908padari:p78:time-adverbs:1,,,,adv temporal
Padri,,tapal,then,,,,"bailey1908padari[Part III, p. 78, time-adverbs, item 2]",,,bailey1908padari:p78:time-adverbs:2,,,,adv temporal
Padri,,kapal,when?,,,,"bailey1908padari[Part III, p. 78, time-adverbs, item 3]",,,bailey1908padari:p78:time-adverbs:3,,,,adv temporal
Padri,,dzapal,when,,,,"bailey1908padari[Part III, p. 78, time-adverbs, item 4]",,,bailey1908padari:p78:time-adverbs:4,,,,adv temporal
Padri,,s̲h̲ūī,tomorrow,,,,"bailey1908padari[Part III, p. 78, time-adverbs, item 5]",,,bailey1908padari:p78:time-adverbs:5,,,,adv temporal
Padri,,tlĕan,day after tomorrow,,,,"bailey1908padari[Part III, p. 78, time-adverbs, item 6]",,,bailey1908padari:p78:time-adverbs:6,,,,adv temporal
Padri,,tsōūthī,day after that,,,,"bailey1908padari[Part III, p. 78, time-adverbs, item 7]",,,bailey1908padari:p78:time-adverbs:7,,,,adv temporal
Padri,,hī,yesterday,,,,"bailey1908padari[Part III, p. 78, time-adverbs, item 8]",,,bailey1908padari:p78:time-adverbs:8,,,,adv temporal
Padri,,parē,day before yesterday,,,,"bailey1908padari[Part III, p. 78, time-adverbs, item 9]",,,bailey1908padari:p78:time-adverbs:9,,,,adv temporal
Padri,,tsōūthī,day before that,,,,"bailey1908padari[Part III, p. 78, time-adverbs, item 10]",,,bailey1908padari:p78:time-adverbs:10,,,,adv temporal
Padri,,kaⁱdⁱ̄,"sometimes, ever",,,,"bailey1908padari[Part III, p. 78, time-adverbs, item 11]",,,bailey1908padari:p78:time-adverbs:11,,,,adv temporal
Padri,,kaⁱdⁱ̄ na,never,,,,"bailey1908padari[Part III, p. 78, time-adverbs, item 12]",,,bailey1908padari:p78:time-adverbs:12,,,,adv temporal multiword-expression
Padri,,kaⁱdⁱ̄ kaⁱdⁱ̄,sometimes,,,,"bailey1908padari[Part III, p. 78, time-adverbs, item 13]",,,bailey1908padari:p78:time-adverbs:13,,,,adv temporal multiword-expression
Padri,,īe͞uṛ,here,,,"Source has a shared macron over eu, distinct from separately long ēū.","bailey1908padari[Part III, p. 78, place-adverbs, item 1]",,,bailey1908padari:p78:place-adverbs:1,,,,adv spatial
Padri,,ĕe͞ul,here,,,"Source has a shared macron over eu, distinct from separately long ēū.","bailey1908padari[Part III, p. 78, place-adverbs, item 2]",,,bailey1908padari:p78:place-adverbs:2,,,,adv spatial
Padri,,ĕṭṭh,here,,,,"bailey1908padari[Part III, p. 78, place-adverbs, item 3]",,,bailey1908padari:p78:place-adverbs:3,,,,adv spatial
Padri,,tāṛ,there,,,,"bailey1908padari[Part III, p. 78, place-adverbs, item 4]",,,bailey1908padari:p78:place-adverbs:4,,,,adv spatial
Padri,,tōṛ,there,,,,"bailey1908padari[Part III, p. 78, place-adverbs, item 4]",,,bailey1908padari:p78:place-adverbs:4:variant:2,bailey1908padari:p78:place-adverbs:4,,,adv spatial
Padri,,ŏl,there,,,,"bailey1908padari[Part III, p. 78, place-adverbs, item 5]",,,bailey1908padari:p78:place-adverbs:5,,,,adv spatial
Padri,,ōṭṭh,there,,,,"bailey1908padari[Part III, p. 78, place-adverbs, item 6]",,,bailey1908padari:p78:place-adverbs:6,,,,adv spatial
Padri,,taṭṭh,there,,,,"bailey1908padari[Part III, p. 78, place-adverbs, item 7]",,,bailey1908padari:p78:place-adverbs:7,,,,adv spatial
Padri,,tal,there,,,,"bailey1908padari[Part III, p. 78, place-adverbs, item 8]",,,bailey1908padari:p78:place-adverbs:8,,,,adv spatial
Padri,,kōṛ,where?,,,,"bailey1908padari[Part III, p. 78, place-adverbs, item 9]",,,bailey1908padari:p78:place-adverbs:9,,,,adv spatial
Padri,,kŏl,where?,,,,"bailey1908padari[Part III, p. 78, place-adverbs, item 10]",,,bailey1908padari:p78:place-adverbs:10,,,,adv spatial
Padri,,kŏṭṭh,where?,,,,"bailey1908padari[Part III, p. 78, place-adverbs, item 11]",,,bailey1908padari:p78:place-adverbs:11,,,,adv spatial
Padri,,dzāṛ,where,,,,"bailey1908padari[Part III, p. 78, place-adverbs, item 12]",,,bailey1908padari:p78:place-adverbs:12,,,,adv spatial
Padri,,dzal,where,,,,"bailey1908padari[Part III, p. 78, place-adverbs, item 13]",,,bailey1908padari:p78:place-adverbs:13,,,,adv spatial
Padri,,dzaṭṭh,where,,,,"bailey1908padari[Part III, p. 78, place-adverbs, item 14]",,,bailey1908padari:p78:place-adverbs:14,,,,adv spatial
Padri,,ie͞uṛ tikar,up to here,,,"Source has a shared macron over eu, distinct from separately long ēū.","bailey1908padari[Part III, p. 78, place-adverbs, item 15]",,,bailey1908padari:p78:place-adverbs:15,,,,adv spatial multiword-expression
Padri,,īṛī,from here,,,,"bailey1908padari[Part III, p. 78, place-adverbs, item 16]",,,bailey1908padari:p78:place-adverbs:16,,,,adv spatial
Padri,,bī̃h,up,,,,"bailey1908padari[Part III, p. 78, place-adverbs, item 17]",,,bailey1908padari:p78:place-adverbs:17,,,,adv spatial
Padri,,naiṇḍ,down,,,,"bailey1908padari[Part III, p. 78, place-adverbs, item 18]",,,bailey1908padari:p78:place-adverbs:18,,,,adv spatial
Padri,,nēṛĕ,near,,,,"bailey1908padari[Part III, p. 78, place-adverbs, item 19]",,,bailey1908padari:p78:place-adverbs:19,,,,adv spatial
Padri,,dūr,far,,,,"bailey1908padari[Part III, p. 78, place-adverbs, item 20]",,,bailey1908padari:p78:place-adverbs:20,,,,adv spatial
Padri,,agar,in front,,,,"bailey1908padari[Part III, p. 78, place-adverbs, item 21]",,,bailey1908padari:p78:place-adverbs:21,,,,adv spatial
Padri,,païttar,behind,,,,"bailey1908padari[Part III, p. 78, place-adverbs, item 22]",,,bailey1908padari:p78:place-adverbs:22,,,,adv spatial
Padri,,āndar,inside,,,,"bailey1908padari[Part III, p. 78, place-adverbs, item 23]",,,bailey1908padari:p78:place-adverbs:23,,,,adv spatial
Padri,,bāhr,outside,,,,"bailey1908padari[Part III, p. 78, place-adverbs, item 24]",,,bailey1908padari:p78:place-adverbs:24,,,,adv spatial
Padri,,kyĕs,why,,,,"bailey1908padari[Part III, p. 78, other-adverbs, item 1]",,,bailey1908padari:p78:other-adverbs:1,,,,adv
Padri,,ã̄,yes,,,,"bailey1908padari[Part III, p. 78, other-adverbs, item 2]",,,bailey1908padari:p78:other-adverbs:2,,,,adv
Padri,,na,no,,,,"bailey1908padari[Part III, p. 78, other-adverbs, item 3]",,,bailey1908padari:p78:other-adverbs:3,,,,adv
Padri,,chēṛ,well,,,,"bailey1908padari[Part III, p. 78, other-adverbs, item 4]",,,bailey1908padari:p78:other-adverbs:4,,,,adv
Padri,,hasāl,quickly,,,,"bailey1908padari[Part III, p. 78, other-adverbs, item 5]",,,bailey1908padari:p78:other-adverbs:5,,,,adv
Padri,,is galar dōstī,for this reason,,,,"bailey1908padari[Part III, p. 78, other-adverbs, item 6]",,,bailey1908padari:p78:other-adverbs:6,,,,adv multiword-expression
Padri,,dzai,if,,,,"bailey1908padari[Part III, p. 78, conjunction, item 1]",,,bailey1908padari:p78:conjunction:1,,,,conj
Padri,,pār,beyond,,,,"bailey1908padari[Part III, p. 78, prepositions, item 1]",,,bailey1908padari:p78:prepositions:1,,,,prep
Padri,,wār,on this side,,,,"bailey1908padari[Part III, p. 78, prepositions, item 2]",,,bailey1908padari:p78:prepositions:2,,,,prep
Padri,,āndar,in,,,,"bailey1908padari[Part III, p. 78, prepositions, item 3]",,,bailey1908padari:p78:prepositions:3,,,,prep
Padri,,paḍ,beneath,,,,"bailey1908padari[Part III, p. 78, prepositions, item 4]",,,bailey1908padari:p78:prepositions:4,,,,prep
Padri,,peur,upon,,,"Source eu is italic, denoting a special vowel value in the Romanization legend.","bailey1908padari[Part III, p. 78, prepositions, item 5]",,,bailey1908padari:p78:prepositions:5,,,,prep
Padri,,maī̃ peur,near me,,,"Source eu is italic, denoting a special vowel value in the Romanization legend.","bailey1908padari[Part III, p. 78, preposition-examples, item 1]",,,bailey1908padari:p78:preposition-examples:1,,,,multiword-expression
Padri,,maī̃ samēt,with me,,,,"bailey1908padari[Part III, p. 78, preposition-examples, item 2]",,,bailey1908padari:p78:preposition-examples:2,,,,multiword-expression
Padri,,tasar dōstī,for him,,,,"bailey1908padari[Part III, p. 78, preposition-examples, item 3]",,,bailey1908padari:p78:preposition-examples:3,,,,multiword-expression
Padri,,tānē peur,towards them,,,"Source eu is italic, denoting a special vowel value in the Romanization legend.","bailey1908padari[Part III, p. 78, preposition-examples, item 4]",,,bailey1908padari:p78:preposition-examples:4,,,,multiword-expression
Padri,,hanᵃ,be,,,Present forms apply throughout the paradigm.,"bailey1908padari[Part III, p. 79, verb-paradigms, item pres:m]",,,bailey1908padari:p79:verb:be:pres:m,,,,verb auxiliary pres m
Padri,,hinⁱ,be,,,Present forms apply throughout the paradigm.,"bailey1908padari[Part III, p. 79, verb-paradigms, item pres:f]",,,bailey1908padari:p79:verb:be:pres:f,,,,verb auxiliary pres f
Padri,,thēᵃ,be,,,,"bailey1908padari[Part III, p. 79, verb-paradigms, item past:sg:m]",,,bailey1908padari:p79:verb:be:past:sg:m,,,,verb auxiliary pret sg m
Padri,,thī,be,,,,"bailey1908padari[Part III, p. 79, verb-paradigms, item past:sg:f]",,,bailey1908padari:p79:verb:be:past:sg:f,,,,verb auxiliary pret sg f
Padri,,thēĕ,be,,,Source p81 explains that final ĕ is intended above the line but printed on baseline owing to typesetting limitations; literal baseline retained.,"bailey1908padari[Part III, p. 79, verb-paradigms, item past:pl:m]",,,bailey1908padari:p79:verb:be:past:pl:m,,,,verb auxiliary pret pl m
Padri,,thī,be,,,,"bailey1908padari[Part III, p. 79, verb-paradigms, item past:pl:f]",,,bailey1908padari:p79:verb:be:past:pl:f,,,,verb auxiliary pret pl f
Padri,,dzhāṛaṇ,fall,,,,"bailey1908padari[Part III, p. 79, verb-paradigms, item head]",,,bailey1908padari:p79:verb:fall:head,,,,verb intr inf
Padri,,dzhāṛal,fall,,,Source future table cell 1 of six; explicit repeated abbreviated stem expanded.,"bailey1908padari[Part III, p. 79, verb-paradigms, item fut:m:1]",,,bailey1908padari:p79:verb:fall:fut:m:1,,,,verb intr fut m
Padri,,dzhāṛal,fall,,,Source future table cell 2 of six; explicit repeated abbreviated stem expanded.,"bailey1908padari[Part III, p. 79, verb-paradigms, item fut:m:2]",,,bailey1908padari:p79:verb:fall:fut:m:2,,,,verb intr fut m
Padri,,dzhāṛal,fall,,,Source future table cell 3 of six; explicit repeated abbreviated stem expanded.,"bailey1908padari[Part III, p. 79, verb-paradigms, item fut:m:3]",,,bailey1908padari:p79:verb:fall:fut:m:3,,,,verb intr fut m
Padri,,dzhuṛul,fall,,,Source future table cell 4 of six; explicit repeated abbreviated stem expanded.,"bailey1908padari[Part III, p. 79, verb-paradigms, item fut:m:4]",,,bailey1908padari:p79:verb:fall:fut:m:4,,,,verb intr fut m
Padri,,dzhāṛnal,fall,,,Source future table cell 5 of six; explicit repeated abbreviated stem expanded.,"bailey1908padari[Part III, p. 79, verb-paradigms, item fut:m:5]",,,bailey1908padari:p79:verb:fall:fut:m:5,,,,verb intr fut m
Padri,,dzhāṛnal,fall,,,Source future table cell 6 of six; explicit repeated abbreviated stem expanded.,"bailey1908padari[Part III, p. 79, verb-paradigms, item fut:m:6]",,,bailey1908padari:p79:verb:fall:fut:m:6,,,,verb intr fut m
Padri,,dzhaiṛĕl,fall,,,Source future table cell 1 of six; explicit repeated abbreviated stem expanded.,"bailey1908padari[Part III, p. 79, verb-paradigms, item fut:f:1]",,,bailey1908padari:p79:verb:fall:fut:f:1,,,,verb intr fut f
Padri,,dzhaiṛĕl,fall,,,Source future table cell 2 of six; explicit repeated abbreviated stem expanded.,"bailey1908padari[Part III, p. 79, verb-paradigms, item fut:f:2]",,,bailey1908padari:p79:verb:fall:fut:f:2,,,,verb intr fut f
Padri,,dzhaiṛĕl,fall,,,Source future table cell 3 of six; explicit repeated abbreviated stem expanded.,"bailey1908padari[Part III, p. 79, verb-paradigms, item fut:f:3]",,,bailey1908padari:p79:verb:fall:fut:f:3,,,,verb intr fut f
Padri,,dzhuṛĕl,fall,,,Source future table cell 4 of six; explicit repeated abbreviated stem expanded.,"bailey1908padari[Part III, p. 79, verb-paradigms, item fut:f:4]",,,bailey1908padari:p79:verb:fall:fut:f:4,,,,verb intr fut f
Padri,,dzhaiṛnĕⁱlⁱ,fall,,,Source future table cell 5 of six; explicit repeated abbreviated stem expanded.,"bailey1908padari[Part III, p. 79, verb-paradigms, item fut:f:5]",,,bailey1908padari:p79:verb:fall:fut:f:5,,,,verb intr fut f
Padri,,dzhaiṛnĕⁱlⁱ,fall,,,Source future table cell 6 of six; explicit repeated abbreviated stem expanded.,"bailey1908padari[Part III, p. 79, verb-paradigms, item fut:f:6]",,,bailey1908padari:p79:verb:fall:fut:f:6,,,,verb intr fut f
Padri,,dzhāṛ,fall,,,,"bailey1908padari[Part III, p. 79, verb-paradigms, item imper]",,,bailey1908padari:p79:verb:fall:imper,,,,verb intr impv
Padri,,dzhāṛna,fall,,,Source labels this Past Conditional or Present Indicative; both analyses retained without selecting one.,"bailey1908padari[Part III, p. 79, verb-paradigms, item present:sg:m]",,,bailey1908padari:p79:verb:fall:present:sg:m,,,,verb intr m sg
Padri,,dzhaiṛnĕ,fall,,,Source labels this Past Conditional or Present Indicative; both analyses retained without selecting one.,"bailey1908padari[Part III, p. 79, verb-paradigms, item present:pl:m]",,,bailey1908padari:p79:verb:fall:present:pl:m,,,,verb intr m pl
Padri,,dzhaiṛnī,fall,,,Source labels this Past Conditional or Present Indicative; both analyses retained without selecting one.,"bailey1908padari[Part III, p. 79, verb-paradigms, item present:f]",,,bailey1908padari:p79:verb:fall:present:f,,,,verb intr f
Padri,,dzhāṛna thēᵃ,fall,,,Source label: Imperfect Indicative.,"bailey1908padari[Part III, p. 79, verb-paradigms, item imperfect:sg:m]",,,bailey1908padari:p79:verb:fall:imperfect:sg:m,,,,verb intr ipfv m sg ind multiword-expression
Padri,,dzhaiṛnĕ thēĕ,fall,,,Source label: Imperfect Indicative. Source p81 explains that final ĕ in the auxiliary is intended above the line but printed on baseline owing to typesetting limitations; literal baseline retained.,"bailey1908padari[Part III, p. 79, verb-paradigms, item imperfect:pl:m]",,,bailey1908padari:p79:verb:fall:imperfect:pl:m,,,,verb intr ipfv m pl ind multiword-expression
Padri,,dzhaiṛnī thī,fall,,,Source label: Imperfect Indicative.,"bailey1908padari[Part III, p. 79, verb-paradigms, item imperfect:f]",,,bailey1908padari:p79:verb:fall:imperfect:f,,,,verb intr ipfv f ind multiword-expression
Padri,,dzhāṛa,fall,,,Source label: Past Indicative.,"bailey1908padari[Part III, p. 79, verb-paradigms, item past:sg:m]",,,bailey1908padari:p79:verb:fall:past:sg:m,,,,verb intr pret m sg ind
Padri,,dzhaiṛē,fall,,,Source label: Past Indicative.,"bailey1908padari[Part III, p. 79, verb-paradigms, item past:pl:m]",,,bailey1908padari:p79:verb:fall:past:pl:m,,,,verb intr pret m pl ind
Padri,,dzhaiṛī,fall,,,Source label: Past Indicative.,"bailey1908padari[Part III, p. 79, verb-paradigms, item past:f]",,,bailey1908padari:p79:verb:fall:past:f,,,,verb intr pret f ind
Padri,,dzhāṛna,falling,,,,"bailey1908padari[Part III, p. 79, verb-paradigms, item part:1]",,,bailey1908padari:p79:verb:fall:part:1,,,,verb intr participle
Padri,,dzhaiṛⁱ̄-kar,having fallen,,,,"bailey1908padari[Part III, p. 79, verb-paradigms, item part:2]",,,bailey1908padari:p79:verb:fall:part:2,,,,verb intr participle
Padri,,bhōṇ,"be, become",,,,"bailey1908padari[Part III, p. 79, verb-paradigms, item head]",,,bailey1908padari:p79:verb:become:head,,,,verb intr inf
Padri,,bhōl,"be, become",,,Source future table cell 1.,"bailey1908padari[Part III, p. 79, verb-paradigms, item fut:m:1]",,,bailey1908padari:p79:verb:become:fut:m:1,,,,verb intr fut m
Padri,,bhōl,"be, become",,,Source future table cell 2.,"bailey1908padari[Part III, p. 79, verb-paradigms, item fut:m:2]",,,bailey1908padari:p79:verb:become:fut:m:2,,,,verb intr fut m
Padri,,bhōl,"be, become",,,Source future table cell 3.,"bailey1908padari[Part III, p. 79, verb-paradigms, item fut:m:3]",,,bailey1908padari:p79:verb:become:fut:m:3,,,,verb intr fut m
Padri,,bhōl,"be, become",,,Source future table cell 4.,"bailey1908padari[Part III, p. 79, verb-paradigms, item fut:m:4]",,,bailey1908padari:p79:verb:become:fut:m:4,,,,verb intr fut m
Padri,,bhōnal,"be, become",,,Source future table cell 5.,"bailey1908padari[Part III, p. 79, verb-paradigms, item fut:m:5]",,,bailey1908padari:p79:verb:become:fut:m:5,,,,verb intr fut m
Padri,,bhōnal,"be, become",,,Source future table cell 6.,"bailey1908padari[Part III, p. 79, verb-paradigms, item fut:m:6]",,,bailey1908padari:p79:verb:become:fut:m:6,,,,verb intr fut m
Padri,,adzaṇ,come,,,,"bailey1908padari[Part III, p. 79, verb-paradigms, item head]",,,bailey1908padari:p79:verb:come:head,,,,verb intr inf
Padri,,ŏzul,come,,,Source future table cell 1.,"bailey1908padari[Part III, p. 79, verb-paradigms, item fut:m:1]",,,bailey1908padari:p79:verb:come:fut:m:1,,,,verb intr fut m
Padri,,ŏzul,come,,,Source future table cell 2.,"bailey1908padari[Part III, p. 79, verb-paradigms, item fut:m:2]",,,bailey1908padari:p79:verb:come:fut:m:2,,,,verb intr fut m
Padri,,ŏzul,come,,,Source future table cell 3.,"bailey1908padari[Part III, p. 79, verb-paradigms, item fut:m:3]",,,bailey1908padari:p79:verb:come:fut:m:3,,,,verb intr fut m
Padri,,ŏzul,come,,,Source future table cell 4.,"bailey1908padari[Part III, p. 79, verb-paradigms, item fut:m:4]",,,bailey1908padari:p79:verb:come:fut:m:4,,,,verb intr fut m
Padri,,aznal,come,,,Source future table cell 5.,"bailey1908padari[Part III, p. 79, verb-paradigms, item fut:m:5]",,,bailey1908padari:p79:verb:come:fut:m:5,,,,verb intr fut m
Padri,,aznal,come,,,Source future table cell 6.,"bailey1908padari[Part III, p. 79, verb-paradigms, item fut:m:6]",,,bailey1908padari:p79:verb:come:fut:m:6,,,,verb intr fut m
Padri,,ghēṇ,go,,,,"bailey1908padari[Part III, p. 79, verb-paradigms, item head]",,,bailey1908padari:p79:verb:go:head,,,,verb intr inf
Padri,,ghaũ,go,,,Source future table cell 1. Source prints etc. after cell 3; unprinted cells are not reconstructed.,"bailey1908padari[Part III, p. 79, verb-paradigms, item fut:m:1]",,,bailey1908padari:p79:verb:go:fut:m:1,,,,verb intr fut m
Padri,,ghēl,go,,,Source future table cell 2. Source prints etc. after cell 3; unprinted cells are not reconstructed.,"bailey1908padari[Part III, p. 79, verb-paradigms, item fut:m:2]",,,bailey1908padari:p79:verb:go:fut:m:2,,,,verb intr fut m
Padri,,ghēl,go,,,Source future table cell 3. Source prints etc. after cell 3; unprinted cells are not reconstructed.,"bailey1908padari[Part III, p. 79, verb-paradigms, item fut:m:3]",,,bailey1908padari:p79:verb:go:fut:m:3,,,,verb intr fut m
Padri,,bhōⁱl,"be, become",,,Two feminine forms are printed without explicit person/number labels.,"bailey1908padari[Part III, p. 79, verb-paradigms, item fut:f:1]",,,bailey1908padari:p79:verb:become:fut:f:1,,,,verb intr fut f
Padri,,bhunēⁱlⁱ,"be, become",,,Two feminine forms are printed without explicit person/number labels.,"bailey1908padari[Part III, p. 79, verb-paradigms, item fut:f:2]",,,bailey1908padari:p79:verb:become:fut:f:2,,,,verb intr fut f
Padri,,azil,come,,,Two feminine forms are printed without explicit person/number labels.,"bailey1908padari[Part III, p. 79, verb-paradigms, item fut:f:1]",,,bailey1908padari:p79:verb:come:fut:f:1,,,,verb intr fut f
Padri,,ĕznil,come,,,Two feminine forms are printed without explicit person/number labels.,"bailey1908padari[Part III, p. 79, verb-paradigms, item fut:f:2]",,,bailey1908padari:p79:verb:come:fut:f:2,,,,verb intr fut f
Padri,,bhōnna,"be, become",,,Source labels this Past Conditional or Present Indicative; both analyses retained without selecting one.,"bailey1908padari[Part III, p. 79, verb-paradigms, item present:m]",,,bailey1908padari:p79:verb:become:present:m,,,,verb intr m
Padri,,bhuⁱnnⁱ̄,"be, become",,,Source labels this Past Conditional or Present Indicative; both analyses retained without selecting one.,"bailey1908padari[Part III, p. 79, verb-paradigms, item present:f]",,,bailey1908padari:p79:verb:become:present:f,,,,verb intr f
Padri,,bhō,"be, become",,,,"bailey1908padari[Part III, p. 79, verb-paradigms, item past:sg:m]",,,bailey1908padari:p79:verb:become:past:sg:m,,,,verb intr pret sg m ind
Padri,,bhōē,"be, become",,,,"bailey1908padari[Part III, p. 79, verb-paradigms, item past:pl:m]",,,bailey1908padari:p79:verb:become:past:pl:m,,,,verb intr pret pl m ind
Padri,,bhūī,"be, become",,,,"bailey1908padari[Part III, p. 79, verb-paradigms, item past:f]",,,bailey1908padari:p79:verb:become:past:f,,,,verb intr pret f ind
Padri,,aih,come,,,,"bailey1908padari[Part III, p. 79, verb-paradigms, item imper:1]",,,bailey1908padari:p79:verb:come:imper:1,,,,verb intr impv
Padri,,adzai,come,,,,"bailey1908padari[Part III, p. 79, verb-paradigms, item imper:2]",,,bailey1908padari:p79:verb:come:imper:2,,,,verb intr impv
Padri,,azna,come,,,,"bailey1908padari[Part III, p. 79, verb-paradigms, item present:sg:m]",,,bailey1908padari:p79:verb:come:present:sg:m,,,,verb intr pres sg m ind
Padri,,aznē,come,,,,"bailey1908padari[Part III, p. 79, verb-paradigms, item present:pl:m]",,,bailey1908padari:p79:verb:come:present:pl:m,,,,verb intr pres pl m ind
Padri,,aiznī,come,,,,"bailey1908padari[Part III, p. 79, verb-paradigms, item present:f]",,,bailey1908padari:p79:verb:come:present:f,,,,verb intr pres f ind
Padri,,ā,come,,,,"bailey1908padari[Part III, p. 79, verb-paradigms, item past:sg:m]",,,bailey1908padari:p79:verb:come:past:sg:m,,,,verb intr pret sg m
Padri,,āē,come,,,,"bailey1908padari[Part III, p. 79, verb-paradigms, item past:sg:f]",,,bailey1908padari:p79:verb:come:past:sg:f,,,,verb intr pret sg f
Padri,,āē,come,,,,"bailey1908padari[Part III, p. 79, verb-paradigms, item past:pl:m]",,,bailey1908padari:p79:verb:come:past:pl:m,,,,verb intr pret pl m
Padri,,ēī,come,,,,"bailey1908padari[Part III, p. 79, verb-paradigms, item past:pl:f]",,,bailey1908padari:p79:verb:come:past:pl:f,,,,verb intr pret pl f
Padri,,gah,go,,,,"bailey1908padari[Part III, p. 79, verb-paradigms, item imper:1]",,,bailey1908padari:p79:verb:go:imper:1,,,,verb intr impv
Padri,,ghē,go,,,,"bailey1908padari[Part III, p. 79, verb-paradigms, item imper:2]",,,bailey1908padari:p79:verb:go:imper:2,,,,verb intr impv
Padri,,ghĕna,go,,,,"bailey1908padari[Part III, p. 79, verb-paradigms, item present]",,,bailey1908padari:p79:verb:go:present,,,,verb intr pres ind
Padri,,gā,go,,,,"bailey1908padari[Part III, p. 79, verb-paradigms, item past:sg:m]",,,bailey1908padari:p79:verb:go:past:sg:m,,,,verb intr pret sg m
Padri,,gēī,go,,,,"bailey1908padari[Part III, p. 79, verb-paradigms, item past:sg:f]",,,bailey1908padari:p79:verb:go:past:sg:f,,,,verb intr pret sg f
Padri,,gāē,go,,,,"bailey1908padari[Part III, p. 79, verb-paradigms, item past:pl:m]",,,bailey1908padari:p79:verb:go:past:pl:m,,,,verb intr pret pl m
Padri,,gēī,go,,,,"bailey1908padari[Part III, p. 79, verb-paradigms, item past:pl:f]",,,bailey1908padari:p79:verb:go:past:pl:f,,,,verb intr pret pl f
Padri,,bēs̲h̲aṇ,"remain, sit",,,,"bailey1908padari[Part III, p. 80, verb-paradigms, item head]",,,bailey1908padari:p80:verb:sit:head,,,,verb intr inf
Padri,,bīs̲h̲ul,"remain, sit",,,Source future table cell 1 of six.,"bailey1908padari[Part III, p. 80, verb-paradigms, item fut:m:1]",,,bailey1908padari:p80:verb:sit:fut:m:1,,,,verb intr fut m
Padri,,bēs̲h̲al,"remain, sit",,,Source future table cell 2 of six.,"bailey1908padari[Part III, p. 80, verb-paradigms, item fut:m:2]",,,bailey1908padari:p80:verb:sit:fut:m:2,,,,verb intr fut m
Padri,,bēs̲h̲al,"remain, sit",,,Source future table cell 3 of six.,"bailey1908padari[Part III, p. 80, verb-paradigms, item fut:m:3]",,,bailey1908padari:p80:verb:sit:fut:m:3,,,,verb intr fut m
Padri,,bīs̲h̲ul,"remain, sit",,,Source future table cell 4 of six.,"bailey1908padari[Part III, p. 80, verb-paradigms, item fut:m:4]",,,bailey1908padari:p80:verb:sit:fut:m:4,,,,verb intr fut m
Padri,,bēs̲h̲nal,"remain, sit",,,Source future table cell 5 of six.,"bailey1908padari[Part III, p. 80, verb-paradigms, item fut:m:5]",,,bailey1908padari:p80:verb:sit:fut:m:5,,,,verb intr fut m
Padri,,bēs̲h̲nal,"remain, sit",,,Source future table cell 6 of six.,"bailey1908padari[Part III, p. 80, verb-paradigms, item fut:m:6]",,,bailey1908padari:p80:verb:sit:fut:m:6,,,,verb intr fut m
Padri,,bēs̲h̲ĕl,"remain, sit",,,,"bailey1908padari[Part III, p. 80, verb-paradigms, item fut:f]",,,bailey1908padari:p80:verb:sit:fut:f,,,,verb intr fut f
Padri,,bĕs̲h̲,"remain, sit",,,,"bailey1908padari[Part III, p. 80, verb-paradigms, item imper:1]",,,bailey1908padari:p80:verb:sit:imper:1,,,,verb intr impv
Padri,,bĕs̲h̲ai,"remain, sit",,,,"bailey1908padari[Part III, p. 80, verb-paradigms, item imper:2]",,,bailey1908padari:p80:verb:sit:imper:2,,,,verb intr impv
Padri,,bēs̲h̲na,"remain, sit",,,,"bailey1908padari[Part III, p. 80, verb-paradigms, item present]",,,bailey1908padari:p80:verb:sit:present,,,,verb intr pres ind
Padri,,bēṭhā,"remain, sit",,,,"bailey1908padari[Part III, p. 80, verb-paradigms, item past]",,,bailey1908padari:p80:verb:sit:past,,,,verb intr pret
Padri,,biṭhōr,in the state of having sat,,,,"bailey1908padari[Part III, p. 80, verb-paradigms, item part]",,,bailey1908padari:p80:verb:sit:part,,,,verb intr participle
Padri,,kŏṭaṇ,beat,,,"Head has no English gloss, but explicit participial glosses establish beat.","bailey1908padari[Part III, p. 80, verb-paradigms, item head]",,,bailey1908padari:p80:verb:beat:head,,,,verb tr inf
Padri,,kūṭal,beat,,,Source future table cell 1 of six.,"bailey1908padari[Part III, p. 80, verb-paradigms, item fut:m:1]",,,bailey1908padari:p80:verb:beat:fut:m:1,,,,verb tr fut m
Padri,,kŏṭal,beat,,,Source future table cell 2 of six.,"bailey1908padari[Part III, p. 80, verb-paradigms, item fut:m:2]",,,bailey1908padari:p80:verb:beat:fut:m:2,,,,verb tr fut m
Padri,,kŏṭal,beat,,,Source future table cell 3 of six.,"bailey1908padari[Part III, p. 80, verb-paradigms, item fut:m:3]",,,bailey1908padari:p80:verb:beat:fut:m:3,,,,verb tr fut m
Padri,,kūṭal,beat,,,Source future table cell 4 of six.,"bailey1908padari[Part III, p. 80, verb-paradigms, item fut:m:4]",,,bailey1908padari:p80:verb:beat:fut:m:4,,,,verb tr fut m
Padri,,kŏṭnal,beat,,,Source future table cell 5 of six.,"bailey1908padari[Part III, p. 80, verb-paradigms, item fut:m:5]",,,bailey1908padari:p80:verb:beat:fut:m:5,,,,verb tr fut m
Padri,,kŏṭnal,beat,,,Source future table cell 6 of six.,"bailey1908padari[Part III, p. 80, verb-paradigms, item fut:m:6]",,,bailey1908padari:p80:verb:beat:fut:m:6,,,,verb tr fut m
Padri,,kūṭal,beat,,,Source future table cell 1 of six.,"bailey1908padari[Part III, p. 80, verb-paradigms, item fut:f:1]",,,bailey1908padari:p80:verb:beat:fut:f:1,,,,verb tr fut f
Padri,,kŏĕṭĕl,beat,,,Source future table cell 2 of six.,"bailey1908padari[Part III, p. 80, verb-paradigms, item fut:f:2]",,,bailey1908padari:p80:verb:beat:fut:f:2,,,,verb tr fut f
Padri,,kŏĕṭĕl,beat,,,Source future table cell 3 of six.,"bailey1908padari[Part III, p. 80, verb-paradigms, item fut:f:3]",,,bailey1908padari:p80:verb:beat:fut:f:3,,,,verb tr fut f
Padri,,kūṭal,beat,,,Source future table cell 4 of six.,"bailey1908padari[Part III, p. 80, verb-paradigms, item fut:f:4]",,,bailey1908padari:p80:verb:beat:fut:f:4,,,,verb tr fut f
Padri,,kuṭnĕⁱlⁱ,beat,,,Source future table cell 5 of six.,"bailey1908padari[Part III, p. 80, verb-paradigms, item fut:f:5]",,,bailey1908padari:p80:verb:beat:fut:f:5,,,,verb tr fut f
Padri,,kuṭnĕⁱlⁱ,beat,,,Source future table cell 6 of six.,"bailey1908padari[Part III, p. 80, verb-paradigms, item fut:f:6]",,,bailey1908padari:p80:verb:beat:fut:f:6,,,,verb tr fut f
Padri,,kŏṭ,beat,,,,"bailey1908padari[Part III, p. 80, verb-paradigms, item imper:1]",,,bailey1908padari:p80:verb:beat:imper:1,,,,verb tr impv
Padri,,kŏṭai,beat,,,,"bailey1908padari[Part III, p. 80, verb-paradigms, item imper:2]",,,bailey1908padari:p80:verb:beat:imper:2,,,,verb tr impv
Padri,,kŏṭnă,beat,,,Source labels this Present Indicative or Past Conditional; both analyses retained without selecting one.,"bailey1908padari[Part III, p. 80, verb-paradigms, item present:sg:m]",,,bailey1908padari:p80:verb:beat:present:sg:m,,,,verb tr sg m
Padri,,kŏṭnĕ,beat,,,Source labels this Present Indicative or Past Conditional; both analyses retained without selecting one.,"bailey1908padari[Part III, p. 80, verb-paradigms, item present:pl:m]",,,bailey1908padari:p80:verb:beat:present:pl:m,,,,verb tr pl m
Padri,,kŏĕṭnī,beat,,,Source labels this Present Indicative or Past Conditional; both analyses retained without selecting one. Source p81 says ĕ is intended above the line but printed on baseline due to typesetting limitations; literal print retained.,"bailey1908padari[Part III, p. 80, verb-paradigms, item present:f]",,,bailey1908padari:p80:verb:beat:present:f,,,,verb tr f
Padri,,kōṭnath,beat,,,Source Imperfect table cell 1 of six; explicit abbreviated stem expanded.,"bailey1908padari[Part III, p. 80, verb-paradigms, item imperfect:m:1]",,,bailey1908padari:p80:verb:beat:imperfect:m:1,,,,verb tr ipfv m
Padri,,kōṭnath,beat,,,Source Imperfect table cell 2 of six; explicit abbreviated stem expanded.,"bailey1908padari[Part III, p. 80, verb-paradigms, item imperfect:m:2]",,,bailey1908padari:p80:verb:beat:imperfect:m:2,,,,verb tr ipfv m
Padri,,kōṭnath,beat,,,Source Imperfect table cell 3 of six; explicit abbreviated stem expanded.,"bailey1908padari[Part III, p. 80, verb-paradigms, item imperfect:m:3]",,,bailey1908padari:p80:verb:beat:imperfect:m:3,,,,verb tr ipfv m
Padri,,kōṭnĕth,beat,,,Source Imperfect table cell 4 of six; explicit abbreviated stem expanded.,"bailey1908padari[Part III, p. 80, verb-paradigms, item imperfect:m:4]",,,bailey1908padari:p80:verb:beat:imperfect:m:4,,,,verb tr ipfv m
Padri,,kōṭnĕth,beat,,,Source Imperfect table cell 5 of six; explicit abbreviated stem expanded.,"bailey1908padari[Part III, p. 80, verb-paradigms, item imperfect:m:5]",,,bailey1908padari:p80:verb:beat:imperfect:m:5,,,,verb tr ipfv m
Padri,,kōṭnĕth,beat,,,Source Imperfect table cell 6 of six; explicit abbreviated stem expanded.,"bailey1908padari[Part III, p. 80, verb-paradigms, item imperfect:m:6]",,,bailey1908padari:p80:verb:beat:imperfect:m:6,,,,verb tr ipfv m
Padri,,kŏĕṭnĕthⁱ̄,beat,,,Source Imperfect feminine applies throughout.,"bailey1908padari[Part III, p. 80, verb-paradigms, item imperfect:f]",,,bailey1908padari:p80:verb:beat:imperfect:f,,,,verb tr ipfv f
Padri,,kŏṭṭa,beat,,,Source states that the subject takes the Agent case and the verb agrees with the object.,"bailey1908padari[Part III, p. 80, verb-paradigms, item past:sg:m]",,,bailey1908padari:p80:verb:beat:past:sg:m,,,,verb tr pret sg m
Padri,,kŏṭṭē,beat,,,Source states that the subject takes the Agent case and the verb agrees with the object.,"bailey1908padari[Part III, p. 80, verb-paradigms, item past:pl:m]",,,bailey1908padari:p80:verb:beat:past:pl:m,,,,verb tr pret pl m
Padri,,kŏĕṭṭī,beat,,,Source states that the subject takes the Agent case and the verb agrees with the object.,"bailey1908padari[Part III, p. 80, verb-paradigms, item past:f]",,,bailey1908padari:p80:verb:beat:past:f,,,,verb tr pret f
Padri,,kŏṭnă,beating,,,,"bailey1908padari[Part III, p. 80, verb-paradigms, item part:1]",,,bailey1908padari:p80:verb:beat:part:1,,,,verb tr participle
Padri,,kŏṭṭa,beaten,,,,"bailey1908padari[Part III, p. 80, verb-paradigms, item part:2]",,,bailey1908padari:p80:verb:beat:part:2,,,,verb tr participle
Padri,,kŏṭōr,in the state of having been beaten,,,,"bailey1908padari[Part III, p. 80, verb-paradigms, item part:3]",,,bailey1908padari:p80:verb:beat:part:3,,,,verb tr participle
Padri,,kŏiṭikar,having beaten,,,,"bailey1908padari[Part III, p. 80, verb-paradigms, item part:4]",,,bailey1908padari:p80:verb:beat:part:4,,,,verb tr participle
Padri,,khāṇ,eat,,,,"bailey1908padari[Part III, p. 80, verb-paradigms, item head]",,,bailey1908padari:p80:verb:eat:head,,,,verb tr inf
Padri,,khānna,eat,,,,"bailey1908padari[Part III, p. 80, verb-paradigms, item present]",,,bailey1908padari:p80:verb:eat:present,,,,verb tr pres ind
Padri,,khā,eat,,,,"bailey1908padari[Part III, p. 80, verb-paradigms, item past:m]",,,bailey1908padari:p80:verb:eat:past:m,,,,verb tr pret m
Padri,,khaiī,eat,,,,"bailey1908padari[Part III, p. 80, verb-paradigms, item past:f]",,,bailey1908padari:p80:verb:eat:past:f,,,,verb tr pret f
Padri,,pīṇ,drink,,,,"bailey1908padari[Part III, p. 80, verb-paradigms, item head]",,,bailey1908padari:p80:verb:drink:head,,,,verb tr inf
Padri,,pīnă,drink,,,,"bailey1908padari[Part III, p. 80, verb-paradigms, item present]",,,bailey1908padari:p80:verb:drink:present,,,,verb tr pres ind
Padri,,pīā,drink,,,,"bailey1908padari[Part III, p. 80, verb-paradigms, item past:m]",,,bailey1908padari:p80:verb:drink:past:m,,,,verb tr pret m
Padri,,pī,drink,,,,"bailey1908padari[Part III, p. 80, verb-paradigms, item past:f]",,,bailey1908padari:p80:verb:drink:past:f,,,,verb tr pret f
Padri,,dīṇ,give,,,,"bailey1908padari[Part III, p. 80, verb-paradigms, item head]",,,bailey1908padari:p80:verb:give:head,,,,verb tr inf
Padri,,dēṇ,give,,,,"bailey1908padari[Part III, p. 80, verb-paradigms, item head]",,,bailey1908padari:p80:verb:give:head:variant:2,bailey1908padari:p80:verb:give:head,,,verb tr inf
Padri,,dyĕnᵃ,give,,,,"bailey1908padari[Part III, p. 80, verb-paradigms, item present]",,,bailey1908padari:p80:verb:give:present,,,,verb tr pres ind
Padri,,daũ,give,,,,"bailey1908padari[Part III, p. 80, verb-paradigms, item fut:1]",,,bailey1908padari:p80:verb:give:fut:1,,,,verb tr fut
Padri,,dēăl,give,,,Source prints etc. after the second future cell; unprinted cells are not reconstructed.,"bailey1908padari[Part III, p. 80, verb-paradigms, item fut:2]",,,bailey1908padari:p80:verb:give:fut:2,,,,verb tr fut
Padri,,dyittā,give,,,,"bailey1908padari[Part III, p. 80, verb-paradigms, item past]",,,bailey1908padari:p80:verb:give:past,,,,verb tr pret
Padri,,lēṇ,take,,,,"bailey1908padari[Part III, p. 80, verb-paradigms, item head]",,,bailey1908padari:p80:verb:take:head,,,,verb tr inf
Padri,,lēnă,take,,,,"bailey1908padari[Part III, p. 80, verb-paradigms, item present]",,,bailey1908padari:p80:verb:take:present,,,,verb tr pres ind
Padri,,lĕū̃,take,,,,"bailey1908padari[Part III, p. 80, verb-paradigms, item fut:1]",,,bailey1908padari:p80:verb:take:fut:1,,,,verb tr fut
Padri,,lēăl,take,,,Source prints etc. after the second future cell; unprinted cells are not reconstructed.,"bailey1908padari[Part III, p. 80, verb-paradigms, item fut:2]",,,bailey1908padari:p80:verb:take:fut:2,,,,verb tr fut
Padri,,lēa,take,,,,"bailey1908padari[Part III, p. 80, verb-paradigms, item past]",,,bailey1908padari:p80:verb:take:past,,,,verb tr pret
Padri,,bōlaṇ,speak,,,,"bailey1908padari[Part III, p. 80, verb-paradigms, item head]",,,bailey1908padari:p80:verb:speak:head,,,,verb tr inf
Padri,,bōnna,speak,,,,"bailey1908padari[Part III, p. 80, verb-paradigms, item present]",,,bailey1908padari:p80:verb:speak:present,,,,verb tr pres ind
Padri,,pīōr,in the state of having been drunk,,,,"bailey1908padari[Part III, p. 80, verb-paradigms, item part]",,,bailey1908padari:p80:verb:drink:part,,,,verb tr participle
Padri,,lĕaur,in the state of having been taken,,,,"bailey1908padari[Part III, p. 80, verb-paradigms, item part]",,,bailey1908padari:p80:verb:take:part,,,,verb tr participle
Padri,,bŏlōr,in the state of having spoken,,,,"bailey1908padari[Part III, p. 80, verb-paradigms, item part]",,,bailey1908padari:p80:verb:speak:part,,,,verb tr participle
Padri,,karaṇ,do,,,,"bailey1908padari[Part III, p. 81, verb-prose, item verb:do:head]",,,bailey1908padari:p81:verb:do:head,,,,verb tr inf
Padri,,karna,do,,,,"bailey1908padari[Part III, p. 81, verb-prose, item verb:do:present]",,,bailey1908padari:p81:verb:do:present,,,,verb tr pres
Padri,,kŏrul,do,,,,"bailey1908padari[Part III, p. 81, verb-prose, item verb:do:future]",,,bailey1908padari:p81:verb:do:future,,,,verb tr fut
Padri,,kēā,do,,,,"bailey1908padari[Part III, p. 81, verb-prose, item verb:do:past]",,,bailey1908padari:p81:verb:do:past,,,,verb tr pret
Padri,,kĕaur,in the state of having been done,,,,"bailey1908padari[Part III, p. 81, verb-prose, item verb:do:part]",,,bailey1908padari:p81:verb:do:part,,,,verb tr participle
Padri,,ghīn adzaṇ,bring,,,"Source supplies ghīn (ghin) adzaṇ and states that it is conjugated like adzaṇ, come.","bailey1908padari[Part III, p. 81, verb-prose, item bring]",,,bailey1908padari:p81:bring,,,,verb multiword-expression
Padri,,ghin adzaṇ,bring,,,"Source supplies ghīn (ghin) adzaṇ and states that it is conjugated like adzaṇ, come.","bailey1908padari[Part III, p. 81, verb-prose, item bring]",,,bailey1908padari:p81:bring:variant:2,bailey1908padari:p81:bring,,,verb multiword-expression
Padri,,ghin ghēṇ,take away,,,"Source states that it is conjugated like ghēṇ, go.","bailey1908padari[Part III, p. 81, verb-prose, item take-away]",,,bailey1908padari:p81:take-away,,,,verb multiword-expression
Padri,,ghin,take,,,"Explicitly glossed as take within the bring/take-away discussion. Source compares Lahnda ghinnā, take; comparison is not automatically a borrowing or etymological edge.","bailey1908padari[Part III, p. 81, verb-prose, item take-component]",,,bailey1908padari:p81:take-component,,,,verb
Padri,,ghaũ,go,,,Explicit first singular future example in prose.,"bailey1908padari[Part III, p. 81, verb-prose, item future-prose:go]",,,bailey1908padari:p81:future-prose:go,,,,verb fut 1sg
Padri,,daũ,give,,,Explicit first singular future example in prose.,"bailey1908padari[Part III, p. 81, verb-prose, item future-prose:give]",,,bailey1908padari:p81:future-prose:give,,,,verb fut 1sg
Padri,,lĕū̃,take,,,Explicit first singular future example in prose.,"bailey1908padari[Part III, p. 81, verb-prose, item future-prose:take]",,,bailey1908padari:p81:future-prose:take,,,,verb fut 1sg
Padri,,kŏrul,do,,,Explicit first singular future example in prose.,"bailey1908padari[Part III, p. 81, verb-prose, item future-prose:do]",,,bailey1908padari:p81:future-prose:do,,,,verb fut 1sg
Padri,,bīs̲h̲ul,sit,,,Explicit first singular future example in prose.,"bailey1908padari[Part III, p. 81, verb-prose, item future-prose:sit]",,,bailey1908padari:p81:future-prose:sit,,,,verb fut 1sg
Padri,,baṇāṇ,make,,,Source head in epenthetic vowel change examples.,"bailey1908padari[Part III, p. 81, verb-prose, item epenthesis:head:make]",,,bailey1908padari:p81:epenthesis:head:make,,,,verb inf
Padri,,rakkhaṇ,place,,,Source head in epenthetic vowel change examples.,"bailey1908padari[Part III, p. 81, verb-prose, item epenthesis:head:place]",,,bailey1908padari:p81:epenthesis:head:place,,,,verb inf
Padri,,paṛhaṇ,read,,,Source head in epenthetic vowel change examples.,"bailey1908padari[Part III, p. 81, verb-prose, item epenthesis:head:read]",,,bailey1908padari:p81:epenthesis:head:read,,,,verb inf
Padri,,baṇaiṇ dēṇ,,,,"Source gives these as epenthetic constructions from banāṇ, make; comparison Urdu banā dēnā is retained as commentary, not substituted as an English gloss.","bailey1908padari[Part III, p. 81, verb-prose, item epenthesis:make]",,,bailey1908padari:p81:epenthesis:make,,,,verb multiword-expression
Padri,,baṇaiṇī dĕṇ,,,,"Source gives these as epenthetic constructions from banāṇ, make; comparison Urdu banā dēnā is retained as commentary, not substituted as an English gloss.","bailey1908padari[Part III, p. 81, verb-prose, item epenthesis:make]",,,bailey1908padari:p81:epenthesis:make:variant:2,bailey1908padari:p81:epenthesis:make,,,verb multiword-expression
Padri,,raikh tshar,,,,"Source gives these as epenthetic constructions from rakkhaṇ, place; compares Urdu rakh chōṛ.","bailey1908padari[Part III, p. 81, verb-prose, item epenthesis:place]",,,bailey1908padari:p81:epenthesis:place,,,,verb multiword-expression
Padri,,raikhī tshar,,,,"Source gives these as epenthetic constructions from rakkhaṇ, place; compares Urdu rakh chōṛ.","bailey1908padari[Part III, p. 81, verb-prose, item epenthesis:place]",,,bailey1908padari:p81:epenthesis:place:variant:2,bailey1908padari:p81:epenthesis:place,,,verb multiword-expression
Padri,,paṛhaiṇ dē,,,,"Source gives these as epenthetic constructions from parhaṇ, read; compares Urdu paṛh dē.","bailey1908padari[Part III, p. 81, verb-prose, item epenthesis:read]",,,bailey1908padari:p81:epenthesis:read,,,,verb multiword-expression
Padri,,paṛhaiṇī dē,,,,"Source gives these as epenthetic constructions from parhaṇ, read; compares Urdu paṛh dē.","bailey1908padari[Part III, p. 81, verb-prose, item epenthesis:read]",,,bailey1908padari:p81:epenthesis:read:variant:2,bailey1908padari:p81:epenthesis:read,,,verb multiword-expression
Padri,,khalaṇ,cause to eat,,,,"bailey1908padari[Part III, p. 81, verb-prose, item epenthesis:feed:head]",,,bailey1908padari:p81:epenthesis:feed:head,,,,verb caus inf
Padri,,khalaiṇ,cause to eat,,,Source states that this form agrees with a feminine noun.,"bailey1908padari[Part III, p. 81, verb-prose, item epenthesis:feed:f]",,,bailey1908padari:p81:epenthesis:feed:f,,,,verb caus f
Padri,,dzhāṛna,falling,,,Source epenthesis prose example; local spelling and grammatical scope preserved independently of the paradigm.,"bailey1908padari[Part III, p. 81, verb-prose, item epenthesis:falling:head]",,,bailey1908padari:p81:epenthesis:falling:head,,,,verb participle
Padri,,dzhaiṛnĕ,falling,,,Source epenthesis prose example; local spelling and grammatical scope preserved independently of the paradigm.,"bailey1908padari[Part III, p. 81, verb-prose, item epenthesis:falling:pl]",,,bailey1908padari:p81:epenthesis:falling:pl,,,,verb participle pl
Padri,,dzhaiṛnⁱ̄,falling,,,Source epenthesis prose example; local spelling and grammatical scope preserved independently of the paradigm.,"bailey1908padari[Part III, p. 81, verb-prose, item epenthesis:falling:f]",,,bailey1908padari:p81:epenthesis:falling:f,,,,verb participle f
Padri,,dzhuṛⁱ̄ kar,having fallen,,,Source epenthesis prose example; local spelling and grammatical scope preserved independently of the paradigm.,"bailey1908padari[Part III, p. 81, verb-prose, item epenthesis:fallen]",,,bailey1908padari:p81:epenthesis:fallen,,,,verb participle multiword-expression
Padri,,dzhāṛnal,fall,,,Source epenthesis prose example; local spelling and grammatical scope preserved independently of the paradigm.,"bailey1908padari[Part III, p. 81, verb-prose, item epenthesis:fall:future]",,,bailey1908padari:p81:epenthesis:fall:future,,,,verb fut
Padri,,dzhaiṛnĕⁱlⁱ,fall,,,Source epenthesis prose example; local spelling and grammatical scope preserved independently of the paradigm.,"bailey1908padari[Part III, p. 81, verb-prose, item epenthesis:fall:future:f]",,,bailey1908padari:p81:epenthesis:fall:future:f,,,,verb fut f
Padri,,bhōnna,being,,,Source epenthesis prose example; local spelling and grammatical scope preserved independently of the paradigm.,"bailey1908padari[Part III, p. 81, verb-prose, item epenthesis:being:head]",,,bailey1908padari:p81:epenthesis:being:head,,,,verb participle
Padri,,bhuⁱnnⁱ̄,being,,,Source epenthesis prose example; local spelling and grammatical scope preserved independently of the paradigm.,"bailey1908padari[Part III, p. 81, verb-prose, item epenthesis:being:f]",,,bailey1908padari:p81:epenthesis:being:f,,,,verb participle f
Padri,,bhōnal,I shall be,,,"Source epenthesis prose example; local spelling and grammatical scope preserved independently of the paradigm. Source explicitly glosses bhōnal as I shall be, although its paradigm placement differs; no reconciliation imposed.","bailey1908padari[Part III, p. 81, verb-prose, item epenthesis:be:future]",,,bailey1908padari:p81:epenthesis:be:future,,,,verb fut
Padri,,bhunēⁱlⁱ,I shall be,,,"Source epenthesis prose example; local spelling and grammatical scope preserved independently of the paradigm. Source explicitly glosses bhōnal as I shall be, although its paradigm placement differs; no reconciliation imposed.","bailey1908padari[Part III, p. 81, verb-prose, item epenthesis:be:future:f]",,,bailey1908padari:p81:epenthesis:be:future:f,,,,verb fut f
Padri,,thēĕ,,,,Source explicitly says ĕ should be above the line but is printed on the line because of typesetting difficulties. Literal baseline print retained; sentence examples refer to 4 and 13.,"bailey1908padari[Part III, p. 81, verb-prose, item typography-note:1]",,,bailey1908padari:p81:typography-note:1,,,,
Padri,,kŏĕṭnī,,,,Source explicitly says ĕ should be above the line but is printed on the line because of typesetting difficulties. Literal baseline print retained; sentence examples refer to 4 and 13.,"bailey1908padari[Part III, p. 81, verb-prose, item typography-note:2]",,,bailey1908padari:p81:typography-note:2,,,,
Padri,,hinĕ,,,,Source explicitly says ĕ should be above the line but is printed on the line because of typesetting difficulties. Literal baseline print retained; sentence examples refer to 4 and 13.,"bailey1908padari[Part III, p. 81, verb-prose, item typography-note:3]",,,bailey1908padari:p81:typography-note:3,,,,
Padri,,hanĕ,,,,Source explicitly says ĕ should be above the line but is printed on the line because of typesetting difficulties. Literal baseline print retained; sentence examples refer to 4 and 13.,"bailey1908padari[Part III, p. 81, verb-prose, item typography-note:4]",,,bailey1908padari:p81:typography-note:4,,,,
Padri,,bāb,father,,,Only explicitly printed stem abbreviations expanded.,"bailey1908padari[Part IV, p. 33, earlier-grammar, item father:sg:nom]",,,bailey1908padari:part4:p33:father:sg:nom,,,,noun sg nom
Padri,,babar,father,,,Only explicitly printed stem abbreviations expanded.,"bailey1908padari[Part IV, p. 33, earlier-grammar, item father:sg:gen]",,,bailey1908padari:part4:p33:father:sg:gen,,,,noun sg gen
Padri,,babas,father,,,Only explicitly printed stem abbreviations expanded.,"bailey1908padari[Part IV, p. 33, earlier-grammar, item father:sg:dat]",,,bailey1908padari:part4:p33:father:sg:dat,,,,noun sg dat
Padri,,babal,father,,,Only explicitly printed stem abbreviations expanded.,"bailey1908padari[Part IV, p. 33, earlier-grammar, item father:sg:abl]",,,bailey1908padari:part4:p33:father:sg:abl,,,,noun sg abl
Padri,,bāb,father,,,Only explicitly printed stem abbreviations expanded.,"bailey1908padari[Part IV, p. 33, earlier-grammar, item father:pl:nom]",,,bailey1908padari:part4:p33:father:pl:nom,,,,noun pl nom
Padri,,babau kar,father,,,Only explicitly printed stem abbreviations expanded.,"bailey1908padari[Part IV, p. 33, earlier-grammar, item father:pl:gen]",,,bailey1908padari:part4:p33:father:pl:gen,,,,noun pl gen multiword-expression
Padri,,babau,father,,,Only explicitly printed stem abbreviations expanded.,"bailey1908padari[Part IV, p. 33, earlier-grammar, item father:pl:dat]",,,bailey1908padari:part4:p33:father:pl:dat,,,,noun pl dat
Padri,,babau kŏl,father,,,Only explicitly printed stem abbreviations expanded.,"bailey1908padari[Part IV, p. 33, earlier-grammar, item father:pl:abl]",,,bailey1908padari:part4:p33:father:pl:abl,,,,noun pl abl multiword-expression
Padri,,mōhaṇ,man,,,Source says this follows the father declension.,"bailey1908padari[Part IV, p. 33, earlier-grammar, item noun:man]",,,bailey1908padari:part4:p33:noun:man,,,,noun
Padri,,badhēl,ox,,,Source says this follows the father declension.,"bailey1908padari[Part IV, p. 33, earlier-grammar, item noun:ox]",,,bailey1908padari:part4:p33:noun:ox,,,,noun
Padri,,ghōṛă,horse,,,,"bailey1908padari[Part IV, p. 33, earlier-grammar, item noun:horse:sg]",,,bailey1908padari:part4:p33:noun:horse:sg,,,,noun sg
Padri,,ghōṛŭ,horse,,,"The earlier account prints a breve-u shaped final vowel in this example, distinct from the preceding singular breve-a; retained literally despite the general preceding plural-ending statement.","bailey1908padari[Part IV, p. 33, earlier-grammar, item noun:horse:pl]",,,bailey1908padari:part4:p33:noun:horse:pl,,,,noun pl
Padri,,bakra,goat,,,,"bailey1908padari[Part IV, p. 33, earlier-grammar, item noun:goat:sg]",,,bailey1908padari:part4:p33:noun:goat:sg,,,,noun sg
Padri,,bakrĕ,goat,,,,"bailey1908padari[Part IV, p. 33, earlier-grammar, item noun:goat:pl]",,,bailey1908padari:part4:p33:noun:goat:pl,,,,noun pl
Padri,,kŭtar,dog,,,,"bailey1908padari[Part IV, p. 33, earlier-grammar, item noun:dog:sg]",,,bailey1908padari:part4:p33:noun:dog:sg,,,,noun sg
Padri,,kutör,bitch,,,,"bailey1908padari[Part IV, p. 33, earlier-grammar, item noun:bitch]",,,bailey1908padari:part4:p33:noun:bitch,,,,noun f
Padri,,kŭtar,dogs,,,,"bailey1908padari[Part IV, p. 33, earlier-grammar, item noun:dog:pl]",,,bailey1908padari:part4:p33:noun:dog:pl,,,,noun pl
Padri,,kūī,"girl, daughter",,,Only explicitly printed stem abbreviations expanded; source changes kū- to ku- in plural oblique forms.,"bailey1908padari[Part IV, p. 33, earlier-grammar, item girl:sg:nom]",,,bailey1908padari:part4:p33:girl:sg:nom,,,,noun f sg nom
Padri,,kūyar,"girl, daughter",,,Only explicitly printed stem abbreviations expanded; source changes kū- to ku- in plural oblique forms.,"bailey1908padari[Part IV, p. 33, earlier-grammar, item girl:sg:gen]",,,bailey1908padari:part4:p33:girl:sg:gen,,,,noun f sg gen
Padri,,kūyas,"girl, daughter",,,Only explicitly printed stem abbreviations expanded; source changes kū- to ku- in plural oblique forms.,"bailey1908padari[Part IV, p. 33, earlier-grammar, item girl:sg:dat]",,,bailey1908padari:part4:p33:girl:sg:dat,,,,noun f sg dat
Padri,,kūyal,"girl, daughter",,,Only explicitly printed stem abbreviations expanded; source changes kū- to ku- in plural oblique forms.,"bailey1908padari[Part IV, p. 33, earlier-grammar, item girl:sg:abl]",,,bailey1908padari:part4:p33:girl:sg:abl,,,,noun f sg abl
Padri,,kūī,"girl, daughter",,,Only explicitly printed stem abbreviations expanded; source changes kū- to ku- in plural oblique forms.,"bailey1908padari[Part IV, p. 33, earlier-grammar, item girl:pl:nom]",,,bailey1908padari:part4:p33:girl:pl:nom,,,,noun f pl nom
Padri,,kuyau kar,"girl, daughter",,,Only explicitly printed stem abbreviations expanded; source changes kū- to ku- in plural oblique forms.,"bailey1908padari[Part IV, p. 33, earlier-grammar, item girl:pl:gen]",,,bailey1908padari:part4:p33:girl:pl:gen,,,,noun f pl gen multiword-expression
Padri,,kuyau,"girl, daughter",,,Only explicitly printed stem abbreviations expanded; source changes kū- to ku- in plural oblique forms.,"bailey1908padari[Part IV, p. 33, earlier-grammar, item girl:pl:dat]",,,bailey1908padari:part4:p33:girl:pl:dat,,,,noun f pl dat
Padri,,kuyau kŏl,"girl, daughter",,,Only explicitly printed stem abbreviations expanded; source changes kū- to ku- in plural oblique forms.,"bailey1908padari[Part IV, p. 33, earlier-grammar, item girl:pl:abl]",,,bailey1908padari:part4:p33:girl:pl:abl,,,,noun f pl abl multiword-expression
Padri,,gā,cow,,,,"bailey1908padari[Part IV, p. 33, earlier-grammar, item cow:sg]",,,bailey1908padari:part4:p33:cow:sg,,,,noun f sg nom
Padri,,göī,cow,,,,"bailey1908padari[Part IV, p. 33, earlier-grammar, item cow:pl]",,,bailey1908padari:part4:p33:cow:pl,,,,noun f pl nom
Padri,,aũ,I,,,Source personal pronoun: person 1.,"bailey1908padari[Part IV, p. 33, earlier-grammar, item pronoun:1:sg:nom]",,,bailey1908padari:part4:p33:pronoun:1:sg:nom,,,,pron sg nom 1sg
Padri,,miōṇᵃ̆,I,,,Source personal pronoun: person 1.,"bailey1908padari[Part IV, p. 33, earlier-grammar, item pronoun:1:sg:gen]",,,bailey1908padari:part4:p33:pronoun:1:sg:gen,,,,pron sg gen 1sg
Padri,,tū,thou,,,Source personal pronoun: person 2.,"bailey1908padari[Part IV, p. 33, earlier-grammar, item pronoun:2:sg:nom]",,,bailey1908padari:part4:p33:pronoun:2:sg:nom,,,,pron sg nom 2sg
Padri,,tiōṇᵃ̆,thou,,,Source personal pronoun: person 2.,"bailey1908padari[Part IV, p. 33, earlier-grammar, item pronoun:2:sg:gen]",,,bailey1908padari:part4:p33:pronoun:2:sg:gen,,,,pron sg gen 2sg
Padri,,sĕ,he,,,Source personal pronoun: person 3.,"bailey1908padari[Part IV, p. 33, earlier-grammar, item pronoun:3:sg:nom]",,,bailey1908padari:part4:p33:pronoun:3:sg:nom,,,,pron sg nom 3sg
Padri,,tasar,he,,,Source personal pronoun: person 3.,"bailey1908padari[Part IV, p. 33, earlier-grammar, item pronoun:3:sg:gen]",,,bailey1908padari:part4:p33:pronoun:3:sg:gen,,,,pron sg gen 3sg
Padri,,as,we,,,Source personal pronoun: person 1.,"bailey1908padari[Part IV, p. 33, earlier-grammar, item pronoun:1:pl:nom]",,,bailey1908padari:part4:p33:pronoun:1:pl:nom,,,,pron pl nom 1pl
Padri,,hiṇ,we,,,Source personal pronoun: person 1.,"bailey1908padari[Part IV, p. 33, earlier-grammar, item pronoun:1:pl:gen]",,,bailey1908padari:part4:p33:pronoun:1:pl:gen,,,,pron pl gen 1pl
Padri,,tus,you,,,Source personal pronoun: person 2.,"bailey1908padari[Part IV, p. 33, earlier-grammar, item pronoun:2:pl:nom]",,,bailey1908padari:part4:p33:pronoun:2:pl:nom,,,,pron pl nom 2pl
Padri,,tuṇ,you,,,Source personal pronoun: person 2.,"bailey1908padari[Part IV, p. 33, earlier-grammar, item pronoun:2:pl:gen]",,,bailey1908padari:part4:p33:pronoun:2:pl:gen,,,,pron pl gen 2pl
Padri,,tāhṇᵃ,they,,,Source personal pronoun: person 3.,"bailey1908padari[Part IV, p. 33, earlier-grammar, item pronoun:3:pl:nom]",,,bailey1908padari:part4:p33:pronoun:3:pl:nom,,,,pron pl nom 3pl
Padri,,ĕṇkar,they,,,Source personal pronoun: person 3.,"bailey1908padari[Part IV, p. 33, earlier-grammar, item pronoun:3:pl:gen]",,,bailey1908padari:part4:p33:pronoun:3:pl:gen,,,,pron pl gen 3pl
Padri,,Kāhṇ,who?,,,,"bailey1908padari[Part IV, p. 33, earlier-grammar, item pronoun:who]",,,bailey1908padari:part4:p33:pronoun:who,,,,pron interr
Padri,,kī,what?,,,,"bailey1908padari[Part IV, p. 33, earlier-grammar, item pronoun:what]",,,bailey1908padari:part4:p33:pronoun:what,,,,pron interr
Padri,,kharā,good,,,Source records feminine kharī and says no number/case inflection was noticed.,"bailey1908padari[Part IV, p. 33, earlier-grammar, item adjective:good]",,,bailey1908padari:part4:p33:adjective:good,,,,adj
Padri,,kharī,good,,,,"bailey1908padari[Part IV, p. 33, earlier-grammar, item adjective:good:f]",,,bailey1908padari:part4:p33:adjective:good:f,,,,adj f
Padri,,kharā,good,,,Source comparison example repeats the positive form.,"bailey1908padari[Part IV, p. 33, earlier-grammar, item comparison:good]",,,bailey1908padari:part4:p33:comparison:good,,,,adj
Padri,,tsar kharā,better than,,,"Source presents an open comparative construction, printed —tsar kharā and translated better than—. Adjectival degree is expressed by the complete comparison construction; no comparative or superlative inflection is inferred.","bailey1908padari[Part IV, p. 33, earlier-grammar, item comparison:better]",,,bailey1908padari:part4:p33:comparison:better,,,,multiword-expression adj degree
Padri,,Sabni kŏl kharā,"better than all, best",,,Adjectival degree is expressed by the complete comparison construction; no comparative or superlative inflection is inferred.,"bailey1908padari[Part IV, p. 33, earlier-grammar, item comparison:best]",,,bailey1908padari:part4:p33:comparison:best,,,,multiword-expression adj degree
Padri,,hauᵃ̆,be,,,"Source present paradigm cell 1 of six. First printed auxiliary cell has u, distinct from following han cells; local variation retained.","bailey1908padari[Part IV, p. 33, earlier-grammar, item aux:pres:1]",,,bailey1908padari:part4:p33:aux:pres:1,,,,verb auxiliary pres
Padri,,hanᵃ̆,be,,,Source present paradigm cell 2 of six.,"bailey1908padari[Part IV, p. 33, earlier-grammar, item aux:pres:2]",,,bailey1908padari:part4:p33:aux:pres:2,,,,verb auxiliary pres
Padri,,hanᵃ̆,be,,,Source present paradigm cell 3 of six.,"bailey1908padari[Part IV, p. 33, earlier-grammar, item aux:pres:3]",,,bailey1908padari:part4:p33:aux:pres:3,,,,verb auxiliary pres
Padri,,hinᵃ̆,be,,,Source present paradigm cell 4 of six.,"bailey1908padari[Part IV, p. 33, earlier-grammar, item aux:pres:4]",,,bailey1908padari:part4:p33:aux:pres:4,,,,verb auxiliary pres
Padri,,hinᵃ̆,be,,,Source present paradigm cell 5 of six.,"bailey1908padari[Part IV, p. 33, earlier-grammar, item aux:pres:5]",,,bailey1908padari:part4:p33:aux:pres:5,,,,verb auxiliary pres
Padri,,hinᵃ̆,be,,,Source present paradigm cell 6 of six.,"bailey1908padari[Part IV, p. 33, earlier-grammar, item aux:pres:6]",,,bailey1908padari:part4:p33:aux:pres:6,,,,verb auxiliary pres
Padri,,hinⁱ,be,,,,"bailey1908padari[Part IV, p. 33, earlier-grammar, item aux:pres:f]",,,bailey1908padari:part4:p33:aux:pres:f,,,,verb auxiliary pres f
Padri,,thēᵃ̆,be,,,Source states this form applies throughout the past paradigm.,"bailey1908padari[Part IV, p. 33, earlier-grammar, item aux:past]",,,bailey1908padari:part4:p33:aux:past,,,,verb auxiliary pret
Padri,,thīᵃ̆,be,,,,"bailey1908padari[Part IV, p. 33, earlier-grammar, item aux:past:f]",,,bailey1908padari:part4:p33:aux:past:f,,,,verb auxiliary pret f
Padri,,ghōṛar,of a horse,,,Explicitly labelled Padari within the Curahi comparison of genitive constructions. Other-language forms are outside this package.,"bailey1908padari[Part III, p. 28, explicit-padari-comparison, item sg]",,,bailey1908padari:p28:comparison:horse:sg,,,,noun gen sg
Padri,,ghōṛī kar,of horses,,,Explicitly labelled Padari within the Curahi comparison of genitive constructions. Other-language forms are outside this package.,"bailey1908padari[Part III, p. 28, explicit-padari-comparison, item pl]",,,bailey1908padari:p28:comparison:horse:pl,,,,noun gen pl multiword-expression
Padri,,ghēṇ,go,,,"Explicit Padari form contrasted with Bhadrawahi, Bhalesi and Kashmiri.","bailey1908padari[Part III, p. 53, explicit-padari-introduction, item go]",,,bailey1908padari:p53:introduction:go,,,,verb
Padri,,hanᵃ,is or are,,,Source examples of half vowels printed above the line; hinᵃ is retained as printed although the paradigm elsewhere has hinⁱ.,"bailey1908padari[Part III, p. 53, explicit-padari-introduction, item present]",,,bailey1908padari:p53:introduction:present,,,,verb auxiliary pres
Padri,,hinᵃ,is or are,,,Source examples of half vowels printed above the line; hinᵃ is retained as printed although the paradigm elsewhere has hinⁱ.,"bailey1908padari[Part III, p. 53, explicit-padari-introduction, item present]",,,bailey1908padari:p53:introduction:present:variant:2,bailey1908padari:p53:introduction:present,,,verb auxiliary pres
Padri,,thēᵃ,was,,,Example of half vowels printed above the line.,"bailey1908padari[Part III, p. 53, explicit-padari-introduction, item past]",,,bailey1908padari:p53:introduction:past,,,,verb auxiliary pret
Padri,,lyĕkhaṇ,write,,,Example of y before e or i.,"bailey1908padari[Part III, p. 53, explicit-padari-introduction, item write]",,,bailey1908padari:p53:introduction:write,,,,verb
Padri,,dyĕnᵃ,I shall give,,,This introduction explicitly glosses the form I shall give; its different main-paradigm label is not silently reconciled.,"bailey1908padari[Part III, p. 53, explicit-padari-introduction, item give]",,,bailey1908padari:p53:introduction:give,,,,verb fut
Padri,,dyittā,gave,,,,"bailey1908padari[Part III, p. 53, explicit-padari-introduction, item gave]",,,bailey1908padari:p53:introduction:gave,,,,verb pret
Padri,,mĕe͞uṇ,my,,,,"bailey1908padari[Part III, p. 53, explicit-padari-introduction, item my]",,,bailey1908padari:p53:introduction:my,,,,pron
Padri,,mēṇ,my,,,,"bailey1908padari[Part III, p. 53, explicit-padari-introduction, item my]",,,bailey1908padari:p53:introduction:my:variant:2,bailey1908padari:p53:introduction:my,,,pron
Padri,,tĕe͞uṇ,thy,,,,"bailey1908padari[Part III, p. 53, explicit-padari-introduction, item thy]",,,bailey1908padari:p53:introduction:thy,,,,pron
Padri,,tĕṇ,thy,,,,"bailey1908padari[Part III, p. 53, explicit-padari-introduction, item thy]",,,bailey1908padari:p53:introduction:thy:variant:2,bailey1908padari:p53:introduction:thy,,,pron
Padri,,he͞uṇ,our,,,,"bailey1908padari[Part III, p. 53, explicit-padari-introduction, item our]",,,bailey1908padari:p53:introduction:our,,,,pron
Padri,,tōhṇ,your,,,,"bailey1908padari[Part III, p. 53, explicit-padari-introduction, item your]",,,bailey1908padari:p53:introduction:your,,,,pron
Padri,,tath,that,,,Source identifies this as the third-person neuter pronoun.,"bailey1908padari[Part III, p. 53, explicit-padari-introduction, item that]",,,bailey1908padari:p53:introduction:that,,,,pron n
Padri,,kyĕ,why,,,,"bailey1908padari[Part III, p. 53, explicit-padari-introduction, item why]",,,bailey1908padari:p53:introduction:why,,,,adv
Padri,,īj,mother,,,Source explicitly gives both forms as irregular y introduction.,"bailey1908padari[Part III, p. 53, explicit-padari-introduction, item mother]",,,bailey1908padari:p53:introduction:mother,,,,noun
Padri,,yīj,mother,,,Source explicitly gives both forms as irregular y introduction.,"bailey1908padari[Part III, p. 53, explicit-padari-introduction, item mother]",,,bailey1908padari:p53:introduction:mother:variant:2,bailey1908padari:p53:introduction:mother,,,noun
Padri,,piṭṭh,back,,,Source explicitly gives both forms as irregular y introduction.,"bailey1908padari[Part III, p. 53, explicit-padari-introduction, item back]",,,bailey1908padari:p53:introduction:back,,,,noun
Padri,,pyiṭṭh,back,,,Source explicitly gives both forms as irregular y introduction.,"bailey1908padari[Part III, p. 53, explicit-padari-introduction, item back]",,,bailey1908padari:p53:introduction:back:variant:2,bailey1908padari:p53:introduction:back,,,noun
Padri,,ikk,one,,,Source explicitly gives both forms as irregular y introduction.,"bailey1908padari[Part III, p. 53, explicit-padari-introduction, item one]",,,bailey1908padari:p53:introduction:one,,,,num
Padri,,yikk,one,,,Source explicitly gives both forms as irregular y introduction.,"bailey1908padari[Part III, p. 53, explicit-padari-introduction, item one]",,,bailey1908padari:p53:introduction:one:variant:2,bailey1908padari:p53:introduction:one,,,num
Padri,,kōṛ,where?,,,Explicitly Padari in comparison continued from previous page.,"bailey1908padari[Part III, p. 54, explicit-padari-introduction, item where:interr]",,,bailey1908padari:p54:introduction:where:interr,,,,adv interr
Padri,,zāṛ,where,,,Explicitly Padari in comparison continued from previous page; initial z preserved despite dz elsewhere.,"bailey1908padari[Part III, p. 54, explicit-padari-introduction, item where:relative]",,,bailey1908padari:p54:introduction:where:relative,,,,adv
Padri,,dlainḍhē,bind,,,Explicitly Padari in discussion of consonant changes; comparative bāndhō is not claimed as a separate Padari variant.,"bailey1908padari[Part III, p. 54, explicit-padari-introduction, item bind]",,,bailey1908padari:p54:introduction:bind,,,,verb
Padri,,tlāē,three,,,,"bailey1908padari[Part III, p. 54, explicit-padari-introduction, item three]",,,bailey1908padari:p54:introduction:three,,,,num
Padri,,tlĕan,day after tomorrow,,,,"bailey1908padari[Part III, p. 54, explicit-padari-introduction, item day-after-tomorrow]",,,bailey1908padari:p54:introduction:day-after-tomorrow,,,,adv
Padri,,-ar,,,,Source explicitly identifies this as the genitive singular ending.,"bailey1908padari[Part III, p. 54, explicit-padari-introduction, item gen-sg]",,,bailey1908padari:p54:introduction:gen-sg,,,,suffix gen sg
Padri,,kar,,,,Source explicitly identifies this as the genitive plural marker.,"bailey1908padari[Part III, p. 54, explicit-padari-introduction, item gen-pl]",,,bailey1908padari:p54:introduction:gen-pl,,,,prep gen pl
Padri,,as,,,,Source explicitly identifies this as the dative singular marker.,"bailey1908padari[Part III, p. 54, explicit-padari-introduction, item dat-sg]",,,bailey1908padari:p54:introduction:dat-sg,,,,suffix dat sg
Padri,,ĕl,,,,Source explicitly identifies this as the ablative singular marker.,"bailey1908padari[Part III, p. 54, explicit-padari-introduction, item abl-sg]",,,bailey1908padari:p54:introduction:abl-sg,,,,suffix abl sg
Padri,,kal,,,,Source explicitly identifies this as the ablative plural marker.,"bailey1908padari[Part III, p. 54, explicit-padari-introduction, item abl-pl]",,,bailey1908padari:p54:introduction:abl-pl,,,,prep abl pl
Padri,,l,,,,Source states the future takes l throughout except second and third plural nl.,"bailey1908padari[Part III, p. 54, explicit-padari-introduction, item future-l]",,,bailey1908padari:p54:introduction:future-l,,,,suffix fut
Padri,,nl,,,,Source states this future ending occurs in second and third plural.,"bailey1908padari[Part III, p. 54, explicit-padari-introduction, item future-nl]",,,bailey1908padari:p54:introduction:future-nl,,,,suffix fut pl
Padri,,-ul,,,,Source says first singular future uses -ul after consonant-final roots.,"bailey1908padari[Part III, p. 55, explicit-padari-introduction, item future-ul]",,,bailey1908padari:p55:introduction:future-ul,,,,suffix fut 1sg
Padri,,n,,,,Source describes this as nasal n after vowel-final roots; literal source label retained rather than inventing a segmental realization.,"bailey1908padari[Part III, p. 55, explicit-padari-introduction, item future-n]",,,bailey1908padari:p55:introduction:future-n,,,,suffix fut 1sg
Padri,,-ōr,,,,Source stative participle ending.,"bailey1908padari[Part III, p. 55, explicit-padari-introduction, item stative-or]",,,bailey1908padari:p55:introduction:stative-or,,,,suffix participle
Padri,,-aur,,,,Source stative participle ending.,"bailey1908padari[Part III, p. 55, explicit-padari-introduction, item stative-aur]",,,bailey1908padari:p55:introduction:stative-aur,,,,suffix participle
Padri,,-ⁱ kar,,,,Source conjunctive participle ending; superscript i retained.,"bailey1908padari[Part III, p. 55, explicit-padari-introduction, item conjunctive]",,,bailey1908padari:p55:introduction:conjunctive,,,,suffix participle
Padri,,harmān,devil,,,"Bailey notes resemblance to Ahriman but explicitly calls a connection doubtful. This is retained as a tentative source comparison, not a confident etymology or borrowing edge.","bailey1908padari[Part III, p. 55, explicit-padari-introduction, item devil]",,,bailey1908padari:p55:introduction:devil,,,,noun
Padri,,aũ,I,,,Explicit Padari member of a grouped comparison row.,"bailey1908padari[Part IV, p. 70, explicit-padari-comparison, Compare column, item first-singular]",,,bailey1908padari:part4:p70:sasi-comparison:first-singular,,,,pron nom sg
Padri,,thēᵃ̆,be,,,"Explicit Padari pair in past auxiliary comparison; comparison columns do not unambiguously specify the Padari pair’s gender/number alignment, so no additional alignment inferred.","bailey1908padari[Part IV, p. 71, explicit-padari-comparison, Compare column, item past-auxiliary]",,,bailey1908padari:part4:p71:sasi-comparison:past-auxiliary,,,,verb auxiliary pret
Padri,,thīᵃ̆,be,,,"Explicit Padari pair in past auxiliary comparison; comparison columns do not unambiguously specify the Padari pair’s gender/number alignment, so no additional alignment inferred.","bailey1908padari[Part IV, p. 71, explicit-padari-comparison, Compare column, item past-auxiliary]",,,bailey1908padari:part4:p71:sasi-comparison:past-auxiliary:variant:2,bailey1908padari:part4:p71:sasi-comparison:past-auxiliary,,,verb auxiliary pret
Padri,,aũ,I,,,Explicit Padari in grouped first-person comparison following the table.,"bailey1908padari[Part III, p. 89, explicit-padari-comparison, item first-person]",,,bailey1908padari:p89:sasi-comparison:first-person,,,,pron nom
Padri,,kōṛ,when?,,,"Source table headed Adverbs of place prints the column label when?; elsewhere the identical form is glossed where?. Header discrepancy retained, not silently corrected.","bailey1908padari[Part III, p. 89, explicit-padari-comparison, item where-interr]",,,bailey1908padari:p89:sasi-comparison:where-interr,,,,adv interr
Padri,,zāṛ,where?,,,Literal column label where? retained although the matching introductory comparison treats this as relative where.,"bailey1908padari[Part III, p. 89, explicit-padari-comparison, item where-relative]",,,bailey1908padari:p89:sasi-comparison:where-relative,,,,adv
Padri,,-tā,,,,"Source explicitly attributes present participle -tā to Curahi, Bhadrawahi, Bhalesi and Padari. This general comparison is retained as its own claim despite differing Padari paradigm examples.","bailey1908padari[Part III, p. 90, explicit-padari-comparison, item present-participle]",,,bailey1908padari:p90:sasi-comparison:present-participle,,,,suffix participle pres
Padri,,l,,,,"Introduction explicitly includes Padari among dialects with future l in every person, singular and plural.","bailey1908padari[Part III, p. ii, explicit-padari-introduction, item future-l]",,,bailey1908padari:part3:pii:future-comparison,,,,suffix fut
