Sv,,paːɬu,leaf,,paːɬu,,"knobloch2020sauji[p. 13, Table 2, /p/ initial];knobloch2020sauji[p. 13, Table 2, /ɬ/ medial]",,,knobloch2020sauji:t2:p:initial,,,,dialect:Sv:HKAT-sdg:Sau
Sv,,paːpi,paternal aunt,,paːpi,,"knobloch2020sauji[p. 13, Table 2, /p/ medial]",,,knobloch2020sauji:t2:p:medial,,,,dialect:Sv:HKAT-sdg:Sau
Sv,,gap,word,,gap,,"knobloch2020sauji[p. 13, Table 2, /p/ final];buddruss1967sau[p. 99]",,,knobloch2020sauji:t2:p:final,,,,dialect:Sv:HKAT-sdg:Sau
Sv,,pʰaːnt,path,,pʰaːnt,,"knobloch2020sauji[p. 13, Table 2, /pʰ/ initial];knobloch2020sauji[p. 15, example (1) CVCC]",,,knobloch2020sauji:t2:pʰ:initial,,,,dialect:Sv:HKAT-sdg:Sau
Sv,,musaːpʰar,"traveler, journey",,musaːpʰar,,"knobloch2020sauji[p. 13, Table 2, /pʰ/ medial]",,,knobloch2020sauji:t2:pʰ:medial,,,,dialect:Sv:HKAT-sdg:Sau
Sv,,baːbu,father,,baːbu,,"knobloch2020sauji[p. 13, Table 2, /b/ initial];knobloch2020sauji[p. 13, Table 2, /b/ medial]",,,knobloch2020sauji:t2:b:initial,,,,dialect:Sv:HKAT-sdg:Sau
Sv,,d͡ʒib,tongue,,d͡ʒib,,"knobloch2020sauji[p. 13, Table 2, /b/ final]",,,knobloch2020sauji:t2:b:final,,,,dialect:Sv:HKAT-sdg:Sau
Sv,,tuː,you,,tuː,,"knobloch2020sauji[p. 13, Table 2, /t/ initial]",,,knobloch2020sauji:t2:t:initial,,,,dialect:Sv:HKAT-sdg:Sau
Sv,,rateː,on,,rateː,,"knobloch2020sauji[p. 13, Table 2, /t/ medial];knobloch2020sauji[p. 13, Table 2, /r/ initial]",,,knobloch2020sauji:t2:t:medial,,,,dialect:Sv:HKAT-sdg:Sau
Sv,,raːt,blood,,raːt,,"knobloch2020sauji[p. 13, Table 2, /t/ final]",,,knobloch2020sauji:t2:t:final,,,,dialect:Sv:HKAT-sdg:Sau
Sv,,tʰaanu,do,,tʰaanu,,"knobloch2020sauji[p. 13, Table 2, /tʰ/ initial]",,,knobloch2020sauji:t2:tʰ:initial,,,,verb pres dialect:Sv:HKAT-sdg:Sau
Sv,,haːtʰ,hand,,haːtʰ,,"knobloch2020sauji[p. 13, Table 2, /tʰ/ final]",,,knobloch2020sauji:t2:tʰ:final,,,,dialect:Sv:HKAT-sdg:Sau
Sv,,duː,two,,duː,,"knobloch2020sauji[p. 13, Table 2, /d/ initial]",,,knobloch2020sauji:t2:d:initial,,,,dialect:Sv:HKAT-sdg:Sau
Sv,,daːnda,teeth,,daːnda,,"knobloch2020sauji[p. 13, Table 2, /d/ medial]",,,knobloch2020sauji:t2:d:medial,,,,dialect:Sv:HKAT-sdg:Sau
Sv,,daːnd,tooth,,daːnd,,"knobloch2020sauji[p. 13, Table 2, /d/ final]",,,knobloch2020sauji:t2:d:final,,,,dialect:Sv:HKAT-sdg:Sau
Sv,,ʈe,to,,ʈe,,"knobloch2020sauji[p. 13, Table 2, /ʈ/ initial]",,,knobloch2020sauji:t2:ʈ:initial,,,,dialect:Sv:HKAT-sdg:Sau
Sv,,baːʈa,stones,,baːʈa,,"knobloch2020sauji[p. 13, Table 2, /ʈ/ medial]",,,knobloch2020sauji:t2:ʈ:medial,,,,dialect:Sv:HKAT-sdg:Sau
Sv,,baːʈ,stone,,baːʈ,,"knobloch2020sauji[p. 13, Table 2, /ʈ/ final]",,,knobloch2020sauji:t2:ʈ:final,,,,dialect:Sv:HKAT-sdg:Sau
Sv,,ɖaːgu,old,,ɖaːgu,,"knobloch2020sauji[p. 13, Table 2, /ɖ/ initial]",,,knobloch2020sauji:t2:ɖ:initial,,,,dialect:Sv:HKAT-sdg:Sau
Sv,,munɖaːko,frog,,munɖaːko,,"knobloch2020sauji[p. 13, Table 2, /ɖ/ medial]",,,knobloch2020sauji:t2:ɖ:medial,,,,dialect:Sv:HKAT-sdg:Sau
Sv,,haːɖ,bone,,haːɖ,,"knobloch2020sauji[p. 13, Table 2, /ɖ/ final]",,,knobloch2020sauji:t2:ɖ:final,,,,dialect:Sv:HKAT-sdg:Sau
Sv,,kaːɳ,ear,,kaːɳ,,"knobloch2020sauji[p. 13, Table 2, /k/ initial]",,,knobloch2020sauji:t2:k:initial,,,,dialect:Sv:HKAT-sdg:Sau
Sv,,jakɑːʃ,11,,jakɑːʃ,,"knobloch2020sauji[p. 13, Table 2, /k/ medial]",,,knobloch2020sauji:t2:k:medial,,,,dialect:Sv:HKAT-sdg:Sau
Sv,,jak,1,,jak,,"knobloch2020sauji[p. 13, Table 2, /k/ final]",,,knobloch2020sauji:t2:k:final,,,,dialect:Sv:HKAT-sdg:Sau
Sv,,kʰa:lo,eat,,kʰa:lo,,"knobloch2020sauji[p. 13, Table 2, /kʰ/ initial]",,,knobloch2020sauji:t2:kʰ:initial,,,,dialect:Sv:HKAT-sdg:Sau
Sv,,naːkʰ,fingernail,,naːkʰ,,"knobloch2020sauji[p. 13, Table 2, /kʰ/ final]",,,knobloch2020sauji:t2:kʰ:final,,,,dialect:Sv:HKAT-sdg:Sau
Sv,,gaːnu,big,,gaːnu,,"knobloch2020sauji[p. 13, Table 2, /g/ initial]",,,knobloch2020sauji:t2:g:initial,,,,dialect:Sv:HKAT-sdg:Sau
Sv,,hangaːru,fire,,hangaːru,,"knobloch2020sauji[p. 13, Table 2, /g/ medial]",,,knobloch2020sauji:t2:g:medial,,,,dialect:Sv:HKAT-sdg:Sau
Sv,,jaŋg,"fight, conflict",,jaŋg,,"knobloch2020sauji[p. 13, Table 2, /g/ final]",,,knobloch2020sauji:t2:g:final,,,,dialect:Sv:HKAT-sdg:Sau
Sv,,qaziː,judge,,qaziː,,"knobloch2020sauji[p. 13, Table 2, /q/ initial];buddruss1967sau[p. 125];knobloch2020sauji[p. 13, Table 2, /z/ medial]",,,knobloch2020sauji:t2:q:initial,,,,dialect:Sv:HKAT-sdg:Sau
Sv,,kamaqal,stupid,,kamaqal,,"knobloch2020sauji[p. 13, Table 2, /q/ medial];buddruss1967sau[p. 107]",,,knobloch2020sauji:t2:q:medial,,,,dialect:Sv:HKAT-sdg:Sau
Sv,,qaʃuq,spoon,,qaʃuq,,"knobloch2020sauji[p. 13, Table 2, /q/ final];buddruss1967sau[p. 124]",,,knobloch2020sauji:t2:q:final,,,,dialect:Sv:HKAT-sdg:Sau
Sv,,ʈ͡ʂir,milk,,ʈ͡ʂir,,"knobloch2020sauji[p. 13, Table 2, /ʈ͡ʂ/ initial]",,,knobloch2020sauji:t2:ʈ͡ʂ:initial,,,,dialect:Sv:HKAT-sdg:Sau
Sv,,anʈ͡ʂiː,eye,,anʈ͡ʂiː,,"knobloch2020sauji[p. 13, Table 2, /ʈ͡ʂ/ medial]",,,knobloch2020sauji:t2:ʈ͡ʂ:medial,,,,dialect:Sv:HKAT-sdg:Sau
Sv,,inʈ͡ʂ,bear,,inʈ͡ʂ,,"knobloch2020sauji[p. 13, Table 2, /ʈ͡ʂ/ final]",,,knobloch2020sauji:t2:ʈ͡ʂ:final,,,,dialect:Sv:HKAT-sdg:Sau
Sv,,t͡ʃut͡ʃuː,breast,,t͡ʃut͡ʃuː,,"knobloch2020sauji[p. 13, Table 2, /t͡ʃ/ initial];knobloch2020sauji[p. 14, Table 4, /u/ example 2]",,,knobloch2020sauji:t2:t͡ʃ:initial,,,,dialect:Sv:HKAT-sdg:Sau
Sv,,kut͡ʃuroː,dog,,kut͡ʃuroː,,"knobloch2020sauji[p. 13, Table 2, /t͡ʃ/ medial]",,,knobloch2020sauji:t2:t͡ʃ:medial,,,,dialect:Sv:HKAT-sdg:Sau
Sv,,ʈikut͡ʃ,scorpion,,ʈikut͡ʃ,,"knobloch2020sauji[p. 13, Table 2, /t͡ʃ/ final]",,,knobloch2020sauji:t2:t͡ʃ:final,,,,dialect:Sv:HKAT-sdg:Sau
Sv,,t͡ʃʰɑːlɛ,goat,,t͡ʃʰɑːlɛ,,"knobloch2020sauji[p. 13, Table 2, /t͡ʃʰ/ initial]",,,knobloch2020sauji:t2:t͡ʃʰ:initial,,,,dialect:Sv:HKAT-sdg:Sau
Sv,,d͡ʒuj,louse,,d͡ʒuj,,"knobloch2020sauji[p. 13, Table 2, /d͡ʒ/ initial]",,,knobloch2020sauji:t2:d͡ʒ:initial,,,,dialect:Sv:HKAT-sdg:Sau
Sv,,bud͡ʒiloː,hear,,bud͡ʒiloː,,"knobloch2020sauji[p. 13, Table 2, /d͡ʒ/ medial]",,,knobloch2020sauji:t2:d͡ʒ:medial,,,,verb pres m sg dialect:Sv:HKAT-sdg:Sau
Sv,,suːri,sun,,suːri,,"knobloch2020sauji[p. 13, Table 2, /s/ initial];knobloch2020sauji[p. 14, Table 4, /u/ example 1]",,,knobloch2020sauji:t2:s:initial,,,,dialect:Sv:HKAT-sdg:Sau
Sv,,asi,we,,asi,,"knobloch2020sauji[p. 13, Table 2, /s/ medial];knobloch2020sauji[p. 20, Table 6, Ergative/Genitive 1pl];knobloch2020sauji[p. 20, example (24) word 1, data 36_S_100213];knobloch2020sauji[p. 20, example (25) word 2, data 36_S_100213];knobloch2020sauji[p. 32, example (60) word 1, data 36_S_100213]",,,knobloch2020sauji:t2:s:medial,,,,1pl pron erg dialect:Sv:HKAT-sdg:Sau gen personal
Sv,,naːs,nose,,naːs,,"knobloch2020sauji[p. 13, Table 2, /s/ final];knobloch2020sauji[p. 13, Table 2, /n/ initial]",,,knobloch2020sauji:t2:s:final,,,,dialect:Sv:HKAT-sdg:Sau
Sv,,zindagi,life,,zindagi,,"knobloch2020sauji[p. 13, Table 2, /z/ initial]",,,knobloch2020sauji:t2:z:initial,,,,dialect:Sv:HKAT-sdg:Sau
Sv,,meːz,table,,meːz,,"knobloch2020sauji[p. 13, Table 2, /z/ final]",,,knobloch2020sauji:t2:z:final,,,,dialect:Sv:HKAT-sdg:Sau
Sv,,ʂinga,horn,,ʂinga,,"knobloch2020sauji[p. 13, Table 2, /ʂ/ initial]",,,knobloch2020sauji:t2:ʂ:initial,,,,dialect:Sv:HKAT-sdg:Sau
Sv,,deːʂoː,see,,deːʂoː,,"knobloch2020sauji[p. 13, Table 2, /ʂ/ medial]",,,knobloch2020sauji:t2:ʂ:medial,,,,verb pret dialect:Sv:HKAT-sdg:Sau
Sv,,baːriʂ,year,,baːriʂ,,"knobloch2020sauji[p. 13, Table 2, /ʂ/ final]",,,knobloch2020sauji:t2:ʂ:final,,,,dialect:Sv:HKAT-sdg:Sau
Sv,,ʃaŋko,wood,,ʃaŋko,,"knobloch2020sauji[p. 13, Table 2, /ʃ/ initial]",,,knobloch2020sauji:t2:ʃ:initial,,,,noun dialect:Sv:HKAT-sdg:Sau
Sv,,uːʃiː,wind,,uːʃiː; uː.ʃiː,,"knobloch2020sauji[p. 13, Table 2, /ʃ/ medial];knobloch2020sauji[p. 15, example (1) V]",,,knobloch2020sauji:t2:ʃ:medial,,,,dialect:Sv:HKAT-sdg:Sau
Sv,,biʃ,twenty,,biʃ,,"knobloch2020sauji[p. 13, Table 2, /ʃ/ final]",,,knobloch2020sauji:t2:ʃ:final,,,,dialect:Sv:HKAT-sdg:Sau
Sv,,xalaka,people,,xalaka,,"knobloch2020sauji[p. 13, Table 2, /x/ initial];knobloch2020sauji[p. 15, example (2)c word 2];knobloch2020sauji[p. 25, example (39) word 6, data 19_NU_000819];knobloch2020sauji[p. 30, example (54) word 6, data 19_NU_000819];knobloch2020sauji[p. 49, example (82) word 2, data 20_NU_000819];knobloch2020sauji[p. 50, example (83) word 2, data 10_MAN_000512]",,,knobloch2020sauji:t2:x:initial,,,,dialect:Sv:HKAT-sdg:Sau
Sv,,vaxti,time,,vaxti,,"knobloch2020sauji[p. 13, Table 2, /x/ medial];knobloch2020sauji[p. 13, Table 2, /v/ initial]",,,knobloch2020sauji:t2:x:medial,,,,dialect:Sv:HKAT-sdg:Sau
Sv,,xwax,good,,xwax,,"knobloch2020sauji[p. 13, Table 2, /x/ final]",,,knobloch2020sauji:t2:x:final,,,,dialect:Sv:HKAT-sdg:Sau
Sv,,paːɣas,clean,,paːɣas,,"knobloch2020sauji[p. 13, Table 2, /ɣ/ medial]",,,knobloch2020sauji:t2:ɣ:medial,,,,dialect:Sv:HKAT-sdg:Sau
Sv,,hino,be,,hino,,"knobloch2020sauji[p. 13, Table 2, /h/ initial]",,,knobloch2020sauji:t2:h:initial,,,,verb copula pres m sg dialect:Sv:HKAT-sdg:Sau
Sv,,taːri,star,,taːri,,"knobloch2020sauji[p. 13, Table 2, /r/ medial];knobloch2020sauji[p. 14, Table 4, /aː/ example 1]",,,knobloch2020sauji:t2:r:medial,,,,dialect:Sv:HKAT-sdg:Sau
Sv,,t͡ʃoːr,four,,t͡ʃoːr,,"knobloch2020sauji[p. 13, Table 2, /r/ final];knobloch2020sauji[p. 14, Table 4, /o/ example 2]",,,knobloch2020sauji:t2:r:final,,,,dialect:Sv:HKAT-sdg:Sau
Sv,,bowɽi,paternal uncle,,bowɽi,,"knobloch2020sauji[p. 13, Table 2, /ɽ/ medial];knobloch2020sauji[p. 14, Table 4, /ɔ/ example 2]",,,knobloch2020sauji:t2:ɽ:medial,,,,dialect:Sv:HKAT-sdg:Sau
Sv,,doːɽ,yesterday,,doːɽ,,"knobloch2020sauji[p. 13, Table 2, /ɽ/ final]",,,knobloch2020sauji:t2:ɽ:final,,,,dialect:Sv:HKAT-sdg:Sau
Sv,,ɬɑː,three,,ɬɑː,,"knobloch2020sauji[p. 13, Table 2, /ɬ/ initial]",,,knobloch2020sauji:t2:ɬ:initial,,,,dialect:Sv:HKAT-sdg:Sau
Sv,,gaːɬ,skin,,gaːɬ,,"knobloch2020sauji[p. 13, Table 2, /ɬ/ final]",,,knobloch2020sauji:t2:ɬ:final,,,,dialect:Sv:HKAT-sdg:Sau
Sv,,lɑː,this,,lɑː,,"knobloch2020sauji[p. 13, Table 2, /l/ initial]",,,knobloch2020sauji:t2:l:initial,,,,dialect:Sv:HKAT-sdg:Sau
Sv,,alo,be,,alo ‘be (pst.msg),,"knobloch2020sauji[p. 13, Table 2, /l/ medial]",,,knobloch2020sauji:t2:l:medial,,,,verb copula pret m sg dialect:Sv:HKAT-sdg:Sau
Sv,,bal,good,,bal,,"knobloch2020sauji[p. 13, Table 2, /l/ final]",,,knobloch2020sauji:t2:l:final,,,,dialect:Sv:HKAT-sdg:Sau
Sv,,laːvu,"child, small",,laːvu,,"knobloch2020sauji[p. 13, Table 2, /v/ medial]",,,knobloch2020sauji:t2:v:medial,,,,dialect:Sv:HKAT-sdg:Sau
Sv,,ǰandraːv,snake,,ǰandraːv,,"knobloch2020sauji[p. 13, Table 2, /v/ final]",,,knobloch2020sauji:t2:v:final,,,,dialect:Sv:HKAT-sdg:Sau
Sv,,jiːnuː,liver,,jiːnuː,,"knobloch2020sauji[p. 13, Table 2, /j/ initial];knobloch2020sauji[p. 13, Table 2, /n/ medial];knobloch2020sauji[p. 14, Table 4, /i/ example 1]",,,knobloch2020sauji:t2:j:initial,,,,dialect:Sv:HKAT-sdg:Sau
Sv,,diːja,both,,diːja,,"knobloch2020sauji[p. 13, Table 2, /j/ medial]",,,knobloch2020sauji:t2:j:medial,,,,dialect:Sv:HKAT-sdg:Sau
Sv,,jeːj,mother,,jeːj,,"knobloch2020sauji[p. 13, Table 2, /j/ final]",,,knobloch2020sauji:t2:j:final,,,,dialect:Sv:HKAT-sdg:Sau
Sv,,miʃa,husband,,miʃa,,"knobloch2020sauji[p. 13, Table 2, /m/ initial];knobloch2020sauji[p. 14, Table 4, /i/ example 2]",,,knobloch2020sauji:t2:m:initial,,,,dialect:Sv:HKAT-sdg:Sau
Sv,,kirmi,worm,,kirmi,,"knobloch2020sauji[p. 13, Table 2, /m/ medial]",,,knobloch2020sauji:t2:m:medial,,,,dialect:Sv:HKAT-sdg:Sau
Sv,,naːm,name,,naːm,,"knobloch2020sauji[p. 13, Table 2, /m/ final]",,,knobloch2020sauji:t2:m:final,,,,dialect:Sv:HKAT-sdg:Sau
Sv,,ban,close,,ban,,"knobloch2020sauji[p. 13, Table 2, /n/ final]",,,knobloch2020sauji:t2:n:final,,,,dialect:Sv:HKAT-sdg:Sau
Sv,,aɳɖoː,egg,,aɳɖoː,,"knobloch2020sauji[p. 13, Table 2, /ɳ/ medial]",,,knobloch2020sauji:t2:ɳ:medial,,,,dialect:Sv:HKAT-sdg:Sau
Sv,,beːɳ,sister,,beːɳ,,"knobloch2020sauji[p. 13, Table 2, /ɳ/ final]",,,knobloch2020sauji:t2:ɳ:final,,,,dialect:Sv:HKAT-sdg:Sau
Sv,,be,we,,be,,"knobloch2020sauji[p. 14, Table 4, /e/ example 1];knobloch2020sauji[p. 20, Table 6, Nominative 1pl];knobloch2020sauji[p. 38, Table 14, row 10];knobloch2020sauji[p. 50, example (86) word 2, data 10_MAN_000512]",,,knobloch2020sauji:t4:e:1,,,,dialect:Sv:HKAT-sdg:Sau nom 1pl pron personal
Sv,,hine:,be,,hine:,,"knobloch2020sauji[p. 14, Table 4, /e/ example 2]",,,knobloch2020sauji:t4:e:2,,,,verb copula m pl dialect:Sv:HKAT-sdg:Sau
Sv,,dɛʃ,ten,,dɛʃ,,"knobloch2020sauji[p. 14, Table 4, /ɛ/ example 1]",,,knobloch2020sauji:t4:ɛ:1,,,,dialect:Sv:HKAT-sdg:Sau
Sv,,hinɛ,be,,hinɛ,,"knobloch2020sauji[p. 14, Table 4, /ɛ/ example 2]",,,knobloch2020sauji:t4:ɛ:2,,,,verb copula f pl dialect:Sv:HKAT-sdg:Sau
Sv,,jak,one,,jak,,"knobloch2020sauji[p. 14, Table 4, /a/ example 1]",,,knobloch2020sauji:t4:a:1,,,,dialect:Sv:HKAT-sdg:Sau
Sv,,mat͡siɳ,fish,,mat͡siɳ,,"knobloch2020sauji[p. 14, Table 4, /a/ example 2]",,,knobloch2020sauji:t4:a:2,,,,dialect:Sv:HKAT-sdg:Sau
Sv,,kitaːb,book,,kitaːb,,"knobloch2020sauji[p. 14, Table 4, /aː/ example 2]",,,knobloch2020sauji:t4:aː:2,,,,dialect:Sv:HKAT-sdg:Sau
Sv,,ʂo,six,,ʂo,,"knobloch2020sauji[p. 14, Table 4, /ɔ/ example 1]",,,knobloch2020sauji:t4:ɔ:1,,,,dialect:Sv:HKAT-sdg:Sau
Sv,,goːš,house,,goːš,,"knobloch2020sauji[p. 14, Table 4, /o/ example 1]",,,knobloch2020sauji:t4:o:1,,,,dialect:Sv:HKAT-sdg:Sau
Sv,,haːɖu,bone,,haː.ɖu,,"knobloch2020sauji[p. 15, example (1) CV]",,,knobloch2020sauji:phon:CV:1,,,,dialect:Sv:HKAT-sdg:Sau
Sv,,daːndu,tooth,,daːn.du,,"knobloch2020sauji[p. 15, example (1) CVC]",,,knobloch2020sauji:phon:CVC:1,,,,dialect:Sv:HKAT-sdg:Sau
Sv,,brɑː,brother,,brɑː,,"knobloch2020sauji[p. 15, example (1) CCV(C)]",,,knobloch2020sauji:phon:CCV(C):1,,,,dialect:Sv:HKAT-sdg:Sau
Sv,,grɑːm,village,,grɑːm,,"knobloch2020sauji[p. 15, example (1) CCV(C)]",,,knobloch2020sauji:phon:CCV(C):2,,,,dialect:Sv:HKAT-sdg:Sau
Sv,,ma,I,,,,"knobloch2020sauji[p. 20, Table 6, Nominative 1sg];knobloch2020sauji[p. 20, Table 6, Accusative 1sg];knobloch2020sauji[p. 20, Table 6, Postpositional 1sg];knobloch2020sauji[p. 38, Table 14, row 8];knobloch2020sauji[p. 20, example (23) word 4, data 36_S_100213];knobloch2020sauji[p. 30, example (49) word 1, data 10_MAN_000512];knobloch2020sauji[p. 30, example (50) word 6, data 14_HR_000519];knobloch2020sauji[p. 31, example (58) word 3, data 17_NU_000613];knobloch2020sauji[p. 33, example (62) word 6, data 14_HR_000519];knobloch2020sauji[p. 34, example (68) word 1, data 46_FS_100213];knobloch2020sauji[p. 49, example (79) word 6, data 14_HR_000519];knobloch2020sauji[p. 50, example (84) word 1, data 10_MAN_000512]",,,knobloch2020sauji:t6:Nominative:1sg:1,,,,nom 1sg pron personal dialect:Sv:HKAT-sdg:Sau acc postp
Sv,,tu,you (singular),,,,"knobloch2020sauji[p. 20, Table 6, Nominative 2sg];knobloch2020sauji[p. 20, Table 6, Accusative 2sg];knobloch2020sauji[p. 20, Table 6, Postpositional 2sg];knobloch2020sauji[p. 38, Table 14, row 9];knobloch2020sauji[p. 20, example (21) word 1, data 36_S_100213];knobloch2020sauji[p. 21, example (27) word 4, data 36_S_100213];knobloch2020sauji[p. 34, example (71) word 1, data 36_S_100213]",,,knobloch2020sauji:t6:Nominative:2sg:1,,,,nom 2sg pron personal dialect:Sv:HKAT-sdg:Sau acc postp
Sv,,tu,you (plural),,,,"knobloch2020sauji[p. 20, Table 6, Nominative 2pl];knobloch2020sauji[p. 20, example (22) word 1, data 36_S_100213]",,,knobloch2020sauji:t6:Nominative:2pl:1,,,,nom 2pl pron personal dialect:Sv:HKAT-sdg:Sau
Sv,,asoo,we,,,,"knobloch2020sauji[p. 20, Table 6, Accusative 1pl]",,,knobloch2020sauji:t6:Accusative:1pl:1,,,,acc 1pl pron personal dialect:Sv:HKAT-sdg:Sau
Sv,,tusoo,you (plural),,,,"knobloch2020sauji[p. 20, Table 6, Accusative 2pl];knobloch2020sauji[p. 22, example (32) word 3, data 36_S_100213];knobloch2020sauji[p. 32, example (59) word 2, data 36_S_100213];knobloch2020sauji[p. 34, example (67) word 2, data 36_S_100213]",,,knobloch2020sauji:t6:Accusative:2pl:1,,,,acc 2pl pron personal dialect:Sv:HKAT-sdg:Sau
Sv,,mi,I,,,,"knobloch2020sauji[p. 20, Table 6, Ergative/Genitive 1sg];knobloch2020sauji[p. 27, example (47) word 1, data 51_FR_170405];knobloch2020sauji[p. 30, example (51) word 1, data 36_S_100213];knobloch2020sauji[p. 31, example (57) word 2, data 46_FS_100213];knobloch2020sauji[p. 31, example (58) word 1, data 17_NU_000613]",,,knobloch2020sauji:t6:Ergative/Genitive:1sg:1,,,,erg gen 1sg pron personal dialect:Sv:HKAT-sdg:Sau
Sv,,či,you (singular),,,,"knobloch2020sauji[p. 20, Table 6, Ergative/Genitive 2sg];knobloch2020sauji[p. 20, example (25) word 1, data 36_S_100213];knobloch2020sauji[p. 22, example (31) word 1, data 36_S_100213];knobloch2020sauji[p. 34, example (69) word 1, data 36_S_100213]",,,knobloch2020sauji:t6:Ergative/Genitive:2sg:1,,,,erg gen 2sg pron personal dialect:Sv:HKAT-sdg:Sau
Sv,,tusi,you (plural),,,,"knobloch2020sauji[p. 20, Table 6, Ergative/Genitive 2pl]",,,knobloch2020sauji:t6:Ergative/Genitive:2pl:1,,,,erg gen 2pl pron personal dialect:Sv:HKAT-sdg:Sau
Sv,,ason,we,,,,"knobloch2020sauji[p. 20, Table 6, Postpositional 1pl]",,,knobloch2020sauji:t6:Postpositional:1pl:1,,,,postp 1pl pron personal dialect:Sv:HKAT-sdg:Sau
Sv,,tuson,you (plural),,,,"knobloch2020sauji[p. 20, Table 6, Postpositional 2pl]",,,knobloch2020sauji:t6:Postpositional:2pl:1,,,,postp 2pl pron personal dialect:Sv:HKAT-sdg:Sau
Sv,,la,this,,,dative and postpositional paradigm reproduced from Buddruss (1967: 41-43),"knobloch2020sauji[p. 21, Table 7, nom prox.det.sg];knobloch2020sauji[p. 21, Table 7, acc prox.det.sg];knobloch2020sauji[p. 22, Table 8, dat prox.det.sg];buddruss1967sau[pp. 41-43];knobloch2020sauji[p. 22, Table 8, postp prox.det.sg];knobloch2020sauji[p. 21, example (26) word 2, data 36_S_100213];knobloch2020sauji[p. 21, example (27) word 2, data 36_S_100213];knobloch2020sauji[p. 22, example (28)a word 1, data 56_FR_170403];knobloch2020sauji[p. 23, example (36) word 1, data 3_MOZ_000425];knobloch2020sauji[p. 32, example (61) word 1, data 19_NU_000819]",,,knobloch2020sauji:t7:nom:prox.det.sg:1,,,,nom prox demonstrative sg determiner dialect:Sv:HKAT-sdg:Sau acc dat postp obl
Sv,,le,this (plural),,,,"knobloch2020sauji[p. 21, Table 7, nom prox.det.pl]",,,knobloch2020sauji:t7:nom:prox.det.pl:1,,,,nom prox demonstrative pl determiner dialect:Sv:HKAT-sdg:Sau
Sv,,la,"he, she, it (proximate)",,,,"knobloch2020sauji[p. 21, Table 7, nom prox.pron.sg];knobloch2020sauji[p. 22, example (28)b word 1, data 36_S_100213];knobloch2020sauji[p. 32, example (59) word 1, data 36_S_100213];knobloch2020sauji[p. 34, example (67) word 1, data 36_S_100213]",,,knobloch2020sauji:t7:nom:prox.pron.sg:1,,,,nom prox demonstrative sg pron 3sg dialect:Sv:HKAT-sdg:Sau
Sv,,le,they (proximate),,,,"knobloch2020sauji[p. 21, Table 7, nom prox.pron.pl]",,,knobloch2020sauji:t7:nom:prox.pron.pl:1,,,,nom prox demonstrative pl pron 3pl dialect:Sv:HKAT-sdg:Sau
Sv,,se,that,,,,"knobloch2020sauji[p. 21, Table 7, nom rem.det.sg];knobloch2020sauji[p. 16, example (6)a word 1, data 56_FR_170403]",,,knobloch2020sauji:t7:nom:rem.det.sg:1,,,,nom dist demonstrative sg determiner dialect:Sv:HKAT-sdg:Sau
Sv,,se,that (plural),,,,"knobloch2020sauji[p. 21, Table 7, nom rem.det.pl]",,,knobloch2020sauji:t7:nom:rem.det.pl:1,,,,nom dist demonstrative pl determiner dialect:Sv:HKAT-sdg:Sau
Sv,,se,"he, she, it (remote)",,,,"knobloch2020sauji[p. 21, Table 7, nom rem.pron.sg];knobloch2020sauji[p. 19, example (18) word 1, data 36_S_100213];knobloch2020sauji[p. 22, example (29) word 1, data 46_FS_100213];knobloch2020sauji[p. 22, example (30) word 1, data 46_FS_100213];knobloch2020sauji[p. 25, example (37) word 7, data 10_MAN_000512];knobloch2020sauji[p. 34, example (70) word 1, data 46_FS_100213];knobloch2020sauji[p. 36, example (75) word 1, data 46_FS_100213];knobloch2020sauji[p. 50, example (90) word 7, data 10_MAN_000512];knobloch2020sauji[p. 50, example (92) word 4, data 10_MAN_000512]",,,knobloch2020sauji:t7:nom:rem.pron.sg:1,,,,nom dist demonstrative sg pron 3sg dialect:Sv:HKAT-sdg:Sau
Sv,,se,they (remote),,,,"knobloch2020sauji[p. 21, Table 7, nom rem.pron.pl]",,,knobloch2020sauji:t7:nom:rem.pron.pl:1,,,,nom dist demonstrative pl pron 3pl dialect:Sv:HKAT-sdg:Sau
Sv,,lena,this (plural),,,dative and postpositional paradigm reproduced from Buddruss (1967: 41-43),"knobloch2020sauji[p. 21, Table 7, acc prox.det.pl];knobloch2020sauji[p. 22, Table 8, dat prox.det.pl];buddruss1967sau[pp. 41-43];knobloch2020sauji[p. 22, Table 8, postp prox.det.pl]",,,knobloch2020sauji:t7:acc:prox.det.pl:1,,,,acc prox demonstrative pl determiner dialect:Sv:HKAT-sdg:Sau dat postp
Sv,,lasee,"he, she, it (proximate)",,,,"knobloch2020sauji[p. 21, Table 7, acc prox.pron.sg];knobloch2020sauji[p. 20, example (21) word 2, data 36_S_100213]",,,knobloch2020sauji:t7:acc:prox.pron.sg:1,,,,acc prox demonstrative sg pron 3sg dialect:Sv:HKAT-sdg:Sau
Sv,,lena,they (proximate),,,dative and postpositional paradigm reproduced from Buddruss (1967: 41-43),"knobloch2020sauji[p. 21, Table 7, acc prox.pron.pl];knobloch2020sauji[p. 22, Table 8, dat prox.pron.pl];buddruss1967sau[pp. 41-43];knobloch2020sauji[p. 22, Table 8, postp prox.pron.pl]",,,knobloch2020sauji:t7:acc:prox.pron.pl:1,,,,acc prox demonstrative pl pron 3pl dialect:Sv:HKAT-sdg:Sau dat postp
Sv,,ta,that,,,dative and postpositional paradigm reproduced from Buddruss (1967: 41-43),"knobloch2020sauji[p. 21, Table 7, acc rem.det.sg];knobloch2020sauji[p. 22, Table 8, dat rem.det.sg];buddruss1967sau[pp. 41-43];knobloch2020sauji[p. 22, Table 8, postp rem.det.sg];knobloch2020sauji[p. 20, example (23) word 2, data 36_S_100213]",,,knobloch2020sauji:t7:acc:rem.det.sg:1,,,,acc dist demonstrative sg determiner dialect:Sv:HKAT-sdg:Sau dat postp nom
Sv,,tena,that (plural),,,dative and postpositional paradigm reproduced from Buddruss (1967: 41-43),"knobloch2020sauji[p. 21, Table 7, acc rem.det.pl];knobloch2020sauji[p. 22, Table 8, dat rem.det.pl];buddruss1967sau[pp. 41-43];knobloch2020sauji[p. 22, Table 8, postp rem.det.pl]",,,knobloch2020sauji:t7:acc:rem.det.pl:1,,,,acc dist demonstrative pl determiner dialect:Sv:HKAT-sdg:Sau dat postp
Sv,,tasee,"he, she, it (remote)",,,,"knobloch2020sauji[p. 21, Table 7, acc rem.pron.sg];knobloch2020sauji[p. 20, example (24) word 2, data 36_S_100213];knobloch2020sauji[p. 22, example (31) word 3, data 36_S_100213];knobloch2020sauji[p. 32, example (60) word 2, data 36_S_100213];knobloch2020sauji[p. 34, example (69) word 3, data 36_S_100213]",,,knobloch2020sauji:t7:acc:rem.pron.sg:1,,,,acc dist demonstrative sg pron 3sg dialect:Sv:HKAT-sdg:Sau obl
Sv,,tena,they (remote),,,dative and postpositional paradigm reproduced from Buddruss (1967: 41-43),"knobloch2020sauji[p. 21, Table 7, acc rem.pron.pl];knobloch2020sauji[p. 22, Table 8, dat rem.pron.pl];buddruss1967sau[pp. 41-43]",,,knobloch2020sauji:t7:acc:rem.pron.pl:1,,,,acc dist demonstrative pl pron 3pl dialect:Sv:HKAT-sdg:Sau dat
Sv,,li,this,,,,"knobloch2020sauji[p. 21, Table 7, erg prox.det.sg]",,,knobloch2020sauji:t7:erg:prox.det.sg:1,,,,erg prox demonstrative sg determiner dialect:Sv:HKAT-sdg:Sau
Sv,,lini,this (plural),,,,"knobloch2020sauji[p. 21, Table 7, erg prox.det.pl]",,,knobloch2020sauji:t7:erg:prox.det.pl:1,,,,erg prox demonstrative pl determiner dialect:Sv:HKAT-sdg:Sau
Sv,,leni,this (plural),,,not confirmed in the field data; supplied from Buddruss (1967: 41-43),"knobloch2020sauji[p. 21, Table 7, erg prox.det.pl];buddruss1967sau[pp. 41-43];knobloch2020sauji[p. 21, Table 7, gen prox.det.pl]",,,knobloch2020sauji:t7:erg:prox.det.pl:2,,,,erg prox demonstrative pl determiner dialect:Sv:HKAT-sdg:Sau gen
Sv,,li,"he, she, it (proximate)",,,,"knobloch2020sauji[p. 21, Table 7, erg prox.pron.sg]",,,knobloch2020sauji:t7:erg:prox.pron.sg:1,,,,erg prox demonstrative sg pron 3sg dialect:Sv:HKAT-sdg:Sau
Sv,,lini,they (proximate),,,,"knobloch2020sauji[p. 21, Table 7, erg prox.pron.pl]",,,knobloch2020sauji:t7:erg:prox.pron.pl:1,,,,erg prox demonstrative pl pron 3pl dialect:Sv:HKAT-sdg:Sau
Sv,,leni,they (proximate),,,not confirmed in the field data; supplied from Buddruss (1967: 41-43),"knobloch2020sauji[p. 21, Table 7, erg prox.pron.pl];buddruss1967sau[pp. 41-43];knobloch2020sauji[p. 21, Table 7, gen prox.pron.pl]",,,knobloch2020sauji:t7:erg:prox.pron.pl:2,,,,erg prox demonstrative pl pron 3pl dialect:Sv:HKAT-sdg:Sau gen
Sv,,ti,that,,,,"knobloch2020sauji[p. 21, Table 7, erg rem.det.sg]",,,knobloch2020sauji:t7:erg:rem.det.sg:1,,,,erg dist demonstrative sg determiner dialect:Sv:HKAT-sdg:Sau
Sv,,tini,that (plural),,,,"knobloch2020sauji[p. 21, Table 7, erg rem.det.pl];knobloch2020sauji[p. 21, Table 7, gen rem.det.pl]",,,knobloch2020sauji:t7:erg:rem.det.pl:1,,,,erg dist demonstrative pl determiner dialect:Sv:HKAT-sdg:Sau gen
Sv,,teni,that (plural),,,not confirmed in the field data; supplied from Buddruss (1967: 41-43),"knobloch2020sauji[p. 21, Table 7, erg rem.det.pl];buddruss1967sau[pp. 41-43];knobloch2020sauji[p. 21, Table 7, gen rem.det.pl]",,,knobloch2020sauji:t7:erg:rem.det.pl:2,,,,erg dist demonstrative pl determiner dialect:Sv:HKAT-sdg:Sau gen
Sv,,ti,"he, she, it (remote)",,,,"knobloch2020sauji[p. 21, Table 7, erg rem.pron.sg];knobloch2020sauji[p. 21, example (26) word 1, data 36_S_100213];knobloch2020sauji[p. 21, example (27) word 1, data 36_S_100213];knobloch2020sauji[p. 22, example (32) word 1, data 36_S_100213]",,,knobloch2020sauji:t7:erg:rem.pron.sg:1,,,,erg dist demonstrative sg pron 3sg dialect:Sv:HKAT-sdg:Sau
Sv,,tini,they (remote),,,,"knobloch2020sauji[p. 21, Table 7, erg rem.pron.pl];knobloch2020sauji[p. 21, Table 7, gen rem.pron.pl]",,,knobloch2020sauji:t7:erg:rem.pron.pl:1,,,,erg dist demonstrative pl pron 3pl dialect:Sv:HKAT-sdg:Sau gen
Sv,,teni,they (remote),,,not confirmed in the field data; supplied from Buddruss (1967: 41-43),"knobloch2020sauji[p. 21, Table 7, erg rem.pron.pl];buddruss1967sau[pp. 41-43];knobloch2020sauji[p. 21, Table 7, gen rem.pron.pl]",,,knobloch2020sauji:t7:erg:rem.pron.pl:2,,,,erg dist demonstrative pl pron 3pl dialect:Sv:HKAT-sdg:Sau gen
Sv,,lesi,this,,,not confirmed in the field data; supplied from Buddruss (1967: 41-43),"knobloch2020sauji[p. 21, Table 7, gen prox.det.sg];buddruss1967sau[pp. 41-43]",,,knobloch2020sauji:t7:gen:prox.det.sg:1,,,,gen prox demonstrative sg determiner dialect:Sv:HKAT-sdg:Sau
Sv,,lesi,"he, she, it (proximate)",,,not confirmed in the field data; supplied from Buddruss (1967: 41-43),"knobloch2020sauji[p. 21, Table 7, gen prox.pron.sg];buddruss1967sau[pp. 41-43]",,,knobloch2020sauji:t7:gen:prox.pron.sg:1,,,,gen prox demonstrative sg pron 3sg dialect:Sv:HKAT-sdg:Sau
Sv,,tesi,that,,,not confirmed in the field data; supplied from Buddruss (1967: 41-43),"knobloch2020sauji[p. 21, Table 7, gen rem.det.sg];buddruss1967sau[pp. 41-43]",,,knobloch2020sauji:t7:gen:rem.det.sg:1,,,,gen dist demonstrative sg determiner dialect:Sv:HKAT-sdg:Sau
Sv,,tesi,"he, she, it (remote)",,,not confirmed in the field data; supplied from Buddruss (1967: 41-43),"knobloch2020sauji[p. 21, Table 7, gen rem.pron.sg];buddruss1967sau[pp. 41-43]",,,knobloch2020sauji:t7:gen:rem.pron.sg:1,,,,gen dist demonstrative sg pron 3sg dialect:Sv:HKAT-sdg:Sau
Sv,,lase,"he, she, it (proximate)",,,dative and postpositional paradigm reproduced from Buddruss (1967: 41-43),"knobloch2020sauji[p. 22, Table 8, dat prox.pron.sg];buddruss1967sau[pp. 41-43];knobloch2020sauji[p. 22, Table 8, postp prox.pron.sg]",,,knobloch2020sauji:t8:dat:prox.pron.sg:1,,,,dat prox demonstrative sg pron 3sg dialect:Sv:HKAT-sdg:Sau postp
Sv,,tase,"he, she, it (remote)",,,dative and postpositional paradigm reproduced from Buddruss (1967: 41-43),"knobloch2020sauji[p. 22, Table 8, dat rem.pron.sg];buddruss1967sau[pp. 41-43];knobloch2020sauji[p. 22, Table 8, postp rem.pron.sg]",,,knobloch2020sauji:t8:dat:rem.pron.sg:1,,,,dat dist demonstrative sg pron 3sg dialect:Sv:HKAT-sdg:Sau postp
Sv,,lase,this,,,dative and postpositional paradigm reproduced from Buddruss (1967: 41-43),"knobloch2020sauji[p. 22, Table 8, dat prox.det.sg];buddruss1967sau[pp. 41-43];knobloch2020sauji[p. 22, Table 8, postp prox.det.sg]",,,knobloch2020sauji:t8:dat:prox.det.sg:2,,,,dat prox demonstrative sg determiner dialect:Sv:HKAT-sdg:Sau postp
Sv,,lasi,"he, she, it (proximate)",,,dative and postpositional paradigm reproduced from Buddruss (1967: 41-43),"knobloch2020sauji[p. 22, Table 8, dat prox.pron.sg];buddruss1967sau[pp. 41-43]",,,knobloch2020sauji:t8:dat:prox.pron.sg:2,,,,dat prox demonstrative sg pron 3sg dialect:Sv:HKAT-sdg:Sau
Sv,,tasi,that,,,dative and postpositional paradigm reproduced from Buddruss (1967: 41-43),"knobloch2020sauji[p. 22, Table 8, dat rem.det.sg];buddruss1967sau[pp. 41-43]",,,knobloch2020sauji:t8:dat:rem.det.sg:2,,,,dat dist demonstrative sg determiner dialect:Sv:HKAT-sdg:Sau
Sv,,teno,that (plural),,,dative and postpositional paradigm reproduced from Buddruss (1967: 41-43),"knobloch2020sauji[p. 22, Table 8, dat rem.det.pl];buddruss1967sau[pp. 41-43]",,,knobloch2020sauji:t8:dat:rem.det.pl:2,,,,dat dist demonstrative pl determiner dialect:Sv:HKAT-sdg:Sau
Sv,,taseṭe,"he, she, it (remote)",,,dative and postpositional paradigm reproduced from Buddruss (1967: 41-43),"knobloch2020sauji[p. 22, Table 8, dat rem.pron.sg];buddruss1967sau[pp. 41-43]",,,knobloch2020sauji:t8:dat:rem.pron.sg:2,,,,dat dist demonstrative sg pron 3sg dialect:Sv:HKAT-sdg:Sau
Sv,,teno,they (remote),,,dative and postpositional paradigm reproduced from Buddruss (1967: 41-43),"knobloch2020sauji[p. 22, Table 8, dat rem.pron.pl];buddruss1967sau[pp. 41-43]",,,knobloch2020sauji:t8:dat:rem.pron.pl:2,,,,dat dist demonstrative pl pron 3pl dialect:Sv:HKAT-sdg:Sau
Sv,,lasi,this,,,dative and postpositional paradigm reproduced from Buddruss (1967: 41-43),"knobloch2020sauji[p. 22, Table 8, dat prox.det.sg];buddruss1967sau[pp. 41-43]",,,knobloch2020sauji:t8:dat:prox.det.sg:3,,,,dat prox demonstrative sg determiner dialect:Sv:HKAT-sdg:Sau
Sv,,laseṭe,"he, she, it (proximate)",,,dative and postpositional paradigm reproduced from Buddruss (1967: 41-43),"knobloch2020sauji[p. 22, Table 8, dat prox.pron.sg];buddruss1967sau[pp. 41-43]",,,knobloch2020sauji:t8:dat:prox.pron.sg:3,,,,dat prox demonstrative sg pron 3sg dialect:Sv:HKAT-sdg:Sau
Sv,,taṭe,"he, she, it (remote)",,,dative and postpositional paradigm reproduced from Buddruss (1967: 41-43),"knobloch2020sauji[p. 22, Table 8, dat rem.pron.sg];buddruss1967sau[pp. 41-43]",,,knobloch2020sauji:t8:dat:rem.pron.sg:3,,,,dat dist demonstrative sg pron 3sg dialect:Sv:HKAT-sdg:Sau
Sv,,tenoṭe,they (remote),,,dative and postpositional paradigm reproduced from Buddruss (1967: 41-43),"knobloch2020sauji[p. 22, Table 8, dat rem.pron.pl];buddruss1967sau[pp. 41-43]",,,knobloch2020sauji:t8:dat:rem.pron.pl:3,,,,dat dist demonstrative pl pron 3pl dialect:Sv:HKAT-sdg:Sau
Sv,,ta,"he, she, it (remote)",,,dative and postpositional paradigm reproduced from Buddruss (1967: 41-43),"knobloch2020sauji[p. 22, Table 8, postp rem.pron.sg];buddruss1967sau[pp. 41-43]",,,knobloch2020sauji:t8:postp:rem.pron.sg:1,,,,postp dist demonstrative sg pron 3sg dialect:Sv:HKAT-sdg:Sau
Sv,,tene,they (remote),,,dative and postpositional paradigm reproduced from Buddruss (1967: 41-43),"knobloch2020sauji[p. 22, Table 8, postp rem.pron.pl];buddruss1967sau[pp. 41-43]",,,knobloch2020sauji:t8:postp:rem.pron.pl:1,,,,postp dist demonstrative pl pron 3pl dialect:Sv:HKAT-sdg:Sau
Sv,,laa,"he, she, it (proximate)",,,dative and postpositional paradigm reproduced from Buddruss (1967: 41-43),"knobloch2020sauji[p. 22, Table 8, postp prox.pron.sg];buddruss1967sau[pp. 41-43]",,,knobloch2020sauji:t8:postp:prox.pron.sg:2,,,,postp prox demonstrative sg pron 3sg dialect:Sv:HKAT-sdg:Sau
Sv,,tase,that,,,dative and postpositional paradigm reproduced from Buddruss (1967: 41-43),"knobloch2020sauji[p. 22, Table 8, postp rem.det.sg];buddruss1967sau[pp. 41-43]",,,knobloch2020sauji:t8:postp:rem.det.sg:2,,,,postp dist demonstrative sg determiner dialect:Sv:HKAT-sdg:Sau
Sv,,tasi,"he, she, it (remote)",,,dative and postpositional paradigm reproduced from Buddruss (1967: 41-43),"knobloch2020sauji[p. 22, Table 8, postp rem.pron.sg];buddruss1967sau[pp. 41-43];knobloch2020sauji[p. 26, example (44) word 3, data 16_NU_000613]",,,knobloch2020sauji:t8:postp:rem.pron.sg:3,,,,postp dist demonstrative sg pron 3sg dialect:Sv:HKAT-sdg:Sau gen
Sv,,yak,one,,,,"knobloch2020sauji[p. 24, Table 9, numeral 1];knobloch2020sauji[p. 38, Table 14, row 11]",,,knobloch2020sauji:t9:1,,,,num dialect:Sv:HKAT-sdg:Sau
Sv,,du,two,,,,"knobloch2020sauji[p. 24, Table 9, numeral 2]",,,knobloch2020sauji:t9:2,,,,num dialect:Sv:HKAT-sdg:Sau
Sv,,ɬaa,three,,,,"knobloch2020sauji[p. 24, Table 9, numeral 3];knobloch2020sauji[p. 38, Table 14, row 13]",,,knobloch2020sauji:t9:3,,,,num dialect:Sv:HKAT-sdg:Sau
Sv,,čoor,four,,,,"knobloch2020sauji[p. 24, Table 9, numeral 4]",,,knobloch2020sauji:t9:4,,,,num dialect:Sv:HKAT-sdg:Sau
Sv,,paanǰ,five,,,,"knobloch2020sauji[p. 24, Table 9, numeral 5]",,,knobloch2020sauji:t9:5,,,,num dialect:Sv:HKAT-sdg:Sau
Sv,,ṣo,six,,,,"knobloch2020sauji[p. 24, Table 9, numeral 6]",,,knobloch2020sauji:t9:6,,,,num dialect:Sv:HKAT-sdg:Sau
Sv,,saat,seven,,,,"knobloch2020sauji[p. 24, Table 9, numeral 7]",,,knobloch2020sauji:t9:7,,,,num dialect:Sv:HKAT-sdg:Sau
Sv,,aaš,eight,,,,"knobloch2020sauji[p. 24, Table 9, numeral 8]",,,knobloch2020sauji:t9:8,,,,num dialect:Sv:HKAT-sdg:Sau
Sv,,nu,nine,,,,"knobloch2020sauji[p. 24, Table 9, numeral 9]",,,knobloch2020sauji:t9:9,,,,num dialect:Sv:HKAT-sdg:Sau
Sv,,deš,ten,,,,"knobloch2020sauji[p. 24, Table 9, numeral 10]",,,knobloch2020sauji:t9:10,,,,num dialect:Sv:HKAT-sdg:Sau
Sv,,yekaaš,eleven,,,,"knobloch2020sauji[p. 24, Table 9, numeral 11]",,,knobloch2020sauji:t9:11,,,,num dialect:Sv:HKAT-sdg:Sau
Sv,,baaš,twelve,,,,"knobloch2020sauji[p. 24, Table 9, numeral 12]",,,knobloch2020sauji:t9:12,,,,num dialect:Sv:HKAT-sdg:Sau
Sv,,troyiš,thirteen,,,,"knobloch2020sauji[p. 24, Table 9, numeral 13]",,,knobloch2020sauji:t9:13,,,,num dialect:Sv:HKAT-sdg:Sau
Sv,,čadiš,fourteen,,,,"knobloch2020sauji[p. 24, Table 9, numeral 14]",,,knobloch2020sauji:t9:14,,,,num dialect:Sv:HKAT-sdg:Sau
Sv,,panǰiš,fifteen,,,,"knobloch2020sauji[p. 24, Table 9, numeral 15]",,,knobloch2020sauji:t9:15,,,,num dialect:Sv:HKAT-sdg:Sau
Sv,,ṣuṛaš,sixteen,,,,"knobloch2020sauji[p. 24, Table 9, numeral 16]",,,knobloch2020sauji:t9:16,,,,num dialect:Sv:HKAT-sdg:Sau
Sv,,satiyaš,seventeen,,,,"knobloch2020sauji[p. 24, Table 9, numeral 17]",,,knobloch2020sauji:t9:17,,,,num dialect:Sv:HKAT-sdg:Sau
Sv,,aštiyaš,eighteen,,,,"knobloch2020sauji[p. 24, Table 9, numeral 18]",,,knobloch2020sauji:t9:18,,,,num dialect:Sv:HKAT-sdg:Sau
Sv,,uṛiš,nineteen,,,,"knobloch2020sauji[p. 24, Table 9, numeral 19]",,,knobloch2020sauji:t9:19,,,,num dialect:Sv:HKAT-sdg:Sau
Sv,,biš,twenty,,,,"knobloch2020sauji[p. 24, Table 9, numeral 20]",,,knobloch2020sauji:t9:20,,,,num dialect:Sv:HKAT-sdg:Sau
Sv,,yakaan biš,twenty-one,,,,"knobloch2020sauji[p. 24, Table 9, numeral 21]",,,knobloch2020sauji:t9:21,,,,num dialect:Sv:HKAT-sdg:Sau
Sv,,duwaan biš,twenty-two,,,,"knobloch2020sauji[p. 24, Table 9, numeral 22]",,,knobloch2020sauji:t9:22,,,,num dialect:Sv:HKAT-sdg:Sau
Sv,,ɬaawaan biš,twenty-three,,,,"knobloch2020sauji[p. 24, Table 9, numeral 23]",,,knobloch2020sauji:t9:23,,,,num dialect:Sv:HKAT-sdg:Sau
Sv,,čuraan biš,twenty-four,,,,"knobloch2020sauji[p. 24, Table 9, numeral 24]",,,knobloch2020sauji:t9:24,,,,num dialect:Sv:HKAT-sdg:Sau
Sv,,paanǰaan biš,twenty-five,,,,"knobloch2020sauji[p. 24, Table 9, numeral 25]",,,knobloch2020sauji:t9:25,,,,num dialect:Sv:HKAT-sdg:Sau
Sv,,ṣuwaan biš,twenty-six,,,,"knobloch2020sauji[p. 24, Table 9, numeral 26]",,,knobloch2020sauji:t9:26,,,,num dialect:Sv:HKAT-sdg:Sau
Sv,,saataan biš,twenty-seven,,,,"knobloch2020sauji[p. 24, Table 9, numeral 27]",,,knobloch2020sauji:t9:27,,,,num dialect:Sv:HKAT-sdg:Sau
Sv,,aašaan biš,twenty-eight,,,,"knobloch2020sauji[p. 24, Table 9, numeral 28]",,,knobloch2020sauji:t9:28,,,,num dialect:Sv:HKAT-sdg:Sau
Sv,,nuwaan biš,twenty-nine,,,,"knobloch2020sauji[p. 24, Table 9, numeral 29]",,,knobloch2020sauji:t9:29,,,,num dialect:Sv:HKAT-sdg:Sau
Sv,,dešaan biš,thirty,,,,"knobloch2020sauji[p. 24, Table 9, numeral 30]",,,knobloch2020sauji:t9:30,,,,num dialect:Sv:HKAT-sdg:Sau
Sv,,yakaašaan biš,thirty-one,,,,"knobloch2020sauji[p. 24, Table 9, numeral 31]",,,knobloch2020sauji:t9:31,,,,num dialect:Sv:HKAT-sdg:Sau
Sv,,baašaan biš,thirty-two,,,,"knobloch2020sauji[p. 24, Table 9, numeral 32]",,,knobloch2020sauji:t9:32,,,,num dialect:Sv:HKAT-sdg:Sau
Sv,,troyišaan biš,thirty-three,,,,"knobloch2020sauji[p. 24, Table 9, numeral 33]",,,knobloch2020sauji:t9:33,,,,num dialect:Sv:HKAT-sdg:Sau
Sv,,čadišaan biš,thirty-four,,,,"knobloch2020sauji[p. 24, Table 9, numeral 34]",,,knobloch2020sauji:t9:34,,,,num dialect:Sv:HKAT-sdg:Sau
Sv,,panǰišaan biš,thirty-five,,,,"knobloch2020sauji[p. 24, Table 9, numeral 35]",,,knobloch2020sauji:t9:35,,,,num dialect:Sv:HKAT-sdg:Sau
Sv,,ṣuṛešaan biš,thirty-six,,,,"knobloch2020sauji[p. 24, Table 9, numeral 36]",,,knobloch2020sauji:t9:36,,,,num dialect:Sv:HKAT-sdg:Sau
Sv,,satiyaašaan biš,thirty-seven,,,,"knobloch2020sauji[p. 24, Table 9, numeral 37]",,,knobloch2020sauji:t9:37,,,,num dialect:Sv:HKAT-sdg:Sau
Sv,,aštiyašaan biš,thirty-eight,,,,"knobloch2020sauji[p. 24, Table 9, numeral 38]",,,knobloch2020sauji:t9:38,,,,num dialect:Sv:HKAT-sdg:Sau
Sv,,uṛišaan biš,thirty-nine,,,,"knobloch2020sauji[p. 24, Table 9, numeral 39]",,,knobloch2020sauji:t9:39,,,,num dialect:Sv:HKAT-sdg:Sau
Sv,,dubiša,forty,,,,"knobloch2020sauji[p. 24, Table 9, numeral 40]",,,knobloch2020sauji:t9:40,,,,num dialect:Sv:HKAT-sdg:Sau
Sv,,dešaan dubiša,fifty,,,,"knobloch2020sauji[p. 24, Table 9, numeral 50]",,,knobloch2020sauji:t9:50,,,,num dialect:Sv:HKAT-sdg:Sau
Sv,,ɬaabiša,sixty,,,,"knobloch2020sauji[p. 24, Table 9, numeral 60]",,,knobloch2020sauji:t9:60,,,,num dialect:Sv:HKAT-sdg:Sau
Sv,,dešaan ɬaabiša,seventy,,,,"knobloch2020sauji[p. 24, Table 9, numeral 70]",,,knobloch2020sauji:t9:70,,,,num dialect:Sv:HKAT-sdg:Sau
Sv,,paanǰbiša,hundred,,,,"knobloch2020sauji[p. 24, Table 9, numeral 100]",,,knobloch2020sauji:t9:100,,,,num dialect:Sv:HKAT-sdg:Sau
Sv,,dešaan paanǰbiša,hundred and ten,,,,"knobloch2020sauji[p. 24, Table 9, numeral 110]",,,knobloch2020sauji:t9:110,,,,num dialect:Sv:HKAT-sdg:Sau
Sv,,ṣubiša,hundred and twenty,,,,"knobloch2020sauji[p. 24, Table 9, numeral 120]",,,knobloch2020sauji:t9:120,,,,num dialect:Sv:HKAT-sdg:Sau
Sv,,thaan-,do,,,,"knobloch2020sauji[p. 28, Table 10, class 1(-il) ipfv stem]",,,knobloch2020sauji:t10:1(-il):to do:ipfv:1,,,,verb stem Sauji-verb-class-1 m dialect:Sv:HKAT-sdg:Sau
Sv,,theen-,do,,,,"knobloch2020sauji[p. 28, Table 10, class 1(-il) ipfv stem]",,,knobloch2020sauji:t10:1(-il):to do:ipfv:2,,,,verb stem Sauji-verb-class-1 f dialect:Sv:HKAT-sdg:Sau
Sv,,thil-,do,,,,"knobloch2020sauji[p. 28, Table 10, class 1(-il) pfv stem]",,,knobloch2020sauji:t10:1(-il):to do:pfv:1,,,,verb stem Sauji-verb-class-1 dialect:Sv:HKAT-sdg:Sau
Sv,,moraan-,kill,,,,"knobloch2020sauji[p. 28, Table 10, class 1(-il) ipfv stem]",,,knobloch2020sauji:t10:1(-il):to kill:ipfv:1,,,,verb stem Sauji-verb-class-1 m dialect:Sv:HKAT-sdg:Sau
Sv,,moreen-,kill,,,,"knobloch2020sauji[p. 28, Table 10, class 1(-il) ipfv stem]",,,knobloch2020sauji:t10:1(-il):to kill:ipfv:2,,,,verb stem Sauji-verb-class-1 f dialect:Sv:HKAT-sdg:Sau
Sv,,moril-,kill,,,,"knobloch2020sauji[p. 28, Table 10, class 1(-il) pfv stem]",,,knobloch2020sauji:t10:1(-il):to kill:pfv:1,,,,verb stem Sauji-verb-class-1 dialect:Sv:HKAT-sdg:Sau
Sv,,khuwaan-,eat,,,,"knobloch2020sauji[p. 28, Table 10, class 2(-al) ipfv stem]",,,knobloch2020sauji:t10:2(-al):to eat:ipfv:1,,,,verb stem Sauji-verb-class-2 dialect:Sv:HKAT-sdg:Sau
Sv,,khaal-,eat,,,,"knobloch2020sauji[p. 28, Table 10, class 2(-al) pfv stem]",,,knobloch2020sauji:t10:2(-al):to eat:pfv:1,,,,verb stem Sauji-verb-class-2 dialect:Sv:HKAT-sdg:Sau
Sv,,pačowaan-,cook,,,,"knobloch2020sauji[p. 28, Table 10, class 2(-al) ipfv stem]",,,knobloch2020sauji:t10:2(-al):to cook:ipfv:1,,,,verb stem Sauji-verb-class-2 dialect:Sv:HKAT-sdg:Sau
Sv,,pačoaal-,cook,,,,"knobloch2020sauji[p. 28, Table 10, class 2(-al) pfv stem]",,,knobloch2020sauji:t10:2(-al):to cook:pfv:1,,,,verb stem Sauji-verb-class-2 dialect:Sv:HKAT-sdg:Sau
Sv,,daan-,give,,,,"knobloch2020sauji[p. 28, Table 10, class 3(-t) ipfv stem]",,,knobloch2020sauji:t10:3(-t):to give:ipfv:1,,,,verb stem Sauji-verb-class-3 dialect:Sv:HKAT-sdg:Sau
Sv,,dit-,give,,,,"knobloch2020sauji[p. 28, Table 10, class 3(-t) pfv stem]",,,knobloch2020sauji:t10:3(-t):to give:pfv:1,,,,verb stem Sauji-verb-class-3 dialect:Sv:HKAT-sdg:Sau
Sv,,suaan-,sleep,,,,"knobloch2020sauji[p. 28, Table 10, class 3(-t) ipfv stem]",,,knobloch2020sauji:t10:3(-t):to sleep:ipfv:1,,,,verb stem Sauji-verb-class-3 m dialect:Sv:HKAT-sdg:Sau
Sv,,sueen-,sleep,,,,"knobloch2020sauji[p. 28, Table 10, class 3(-t) ipfv stem]",,,knobloch2020sauji:t10:3(-t):to sleep:ipfv:2,,,,verb stem Sauji-verb-class-3 f dialect:Sv:HKAT-sdg:Sau
Sv,,sot-,sleep,,,,"knobloch2020sauji[p. 28, Table 10, class 3(-t) pfv stem]",,,knobloch2020sauji:t10:3(-t):to sleep:pfv:1,,,,verb stem Sauji-verb-class-3 dialect:Sv:HKAT-sdg:Sau
Sv,,yaan-,come,,,,"knobloch2020sauji[p. 28, Table 10, class 4(suppletive) ipfv stem]",,,knobloch2020sauji:t10:4(suppletive):to come:ipfv:1,,,,verb stem Sauji-verb-class-4 m dialect:Sv:HKAT-sdg:Sau
Sv,,yeen-,come,,,,"knobloch2020sauji[p. 28, Table 10, class 4(suppletive) ipfv stem]",,,knobloch2020sauji:t10:4(suppletive):to come:ipfv:2,,,,verb stem Sauji-verb-class-4 f dialect:Sv:HKAT-sdg:Sau
Sv,,wol-,come,,,,"knobloch2020sauji[p. 28, Table 10, class 4(suppletive) pfv stem]",,,knobloch2020sauji:t10:4(suppletive):to come:pfv:1,,,,verb stem Sauji-verb-class-4 dialect:Sv:HKAT-sdg:Sau
Sv,,baan-,go,,,,"knobloch2020sauji[p. 28, Table 10, class 4(suppletive) ipfv stem]",,,knobloch2020sauji:t10:4(suppletive):to go:ipfv:1,,,,verb stem Sauji-verb-class-4 dialect:Sv:HKAT-sdg:Sau
Sv,,g-,go,,,,"knobloch2020sauji[p. 28, Table 10, class 4(suppletive) pfv stem]",,,knobloch2020sauji:t10:4(suppletive):to go:pfv:1,,,,verb stem Sauji-verb-class-4 dialect:Sv:HKAT-sdg:Sau
Sv,,thaan-u,do,,,,"knobloch2020sauji[p. 29, Table 11, PresentImperfective];knobloch2020sauji[p. 22, example (29) word 3, data 46_FS_100213];knobloch2020sauji[p. 36, example (75) word 4, data 46_FS_100213]",,,knobloch2020sauji:t11:PresentImperfective:1,,,,ipfv m sg verb dialect:Sv:HKAT-sdg:Sau
Sv,,pašaan-oo,see,,,,"knobloch2020sauji[p. 29, Table 11, PresentImperfective]",,,knobloch2020sauji:t11:PresentImperfective:2,,,,ipfv m sg verb dialect:Sv:HKAT-sdg:Sau
Sv,,thaan-al-oo,do,,,,"knobloch2020sauji[p. 29, Table 11, PastImperfective]",,,knobloch2020sauji:t11:PastImperfective:1,,,,ipfv pret m sg verb dialect:Sv:HKAT-sdg:Sau
Sv,,baan-al-e,"go, become",,,,"knobloch2020sauji[p. 29, Table 11, PastImperfective]",,,knobloch2020sauji:t11:PastImperfective:2,,,,ipfv pret f pl verb dialect:Sv:HKAT-sdg:Sau
Sv,,moril-oo,kill,,,,"knobloch2020sauji[p. 29, Table 11, PastPerfective];knobloch2020sauji[p. 20, example (24) word 3, data 36_S_100213];knobloch2020sauji[p. 32, example (60) word 3, data 36_S_100213]",,,knobloch2020sauji:t11:PastPerfective:1,,,,pfv m sg verb dialect:Sv:HKAT-sdg:Sau
Sv,,khaal-oo,eat,,,,"knobloch2020sauji[p. 29, Table 11, PastPerfective]",,,knobloch2020sauji:t11:PastPerfective:2,,,,pfv m sg verb dialect:Sv:HKAT-sdg:Sau
Sv,,nilbel-ee-n-ee,grow,,,,"knobloch2020sauji[p. 29, Table 11, Perfect];knobloch2020sauji[p. 23, example (33) word 1, data 14_HR_000519];knobloch2020sauji[p. 49, example (78) word 5, data 14_HR_000519]",,,knobloch2020sauji:t11:Perfect:1,,,,verb pfv m pl pres dialect:Sv:HKAT-sdg:Sau
Sv,,khaal-oo-n-oo,eat,,,,"knobloch2020sauji[p. 29, Table 11, Perfect];knobloch2020sauji[p. 31, example (55) word 3, data 16_NU_000613]",,,knobloch2020sauji:t11:Perfect:2,,,,verb pfv m sg pres dialect:Sv:HKAT-sdg:Sau
Sv,,deš-aal-oo,see,,,,"knobloch2020sauji[p. 29, Table 11, Pluperfect]",,,knobloch2020sauji:t11:Pluperfect:1,,,,pfv pret m sg verb dialect:Sv:HKAT-sdg:Sau
Sv,,men-aal-oo,say,,,,"knobloch2020sauji[p. 29, Table 11, Pluperfect];knobloch2020sauji[p. 31, example (56) word 5]",,,knobloch2020sauji:t11:Pluperfect:2,,,,pfv pret m sg verb dialect:Sv:HKAT-sdg:Sau
Sv,,y-om-oo,come,,,,"knobloch2020sauji[p. 29, Table 11, Future]",,,knobloch2020sauji:t11:Future:1,,,,fut m sg verb dialect:Sv:HKAT-sdg:Sau
Sv,,th-omn-ee,do,,,,"knobloch2020sauji[p. 29, Table 11, Future]",,,knobloch2020sauji:t11:Future:2,,,,fut m pl verb dialect:Sv:HKAT-sdg:Sau
Sv,,čoor-ee,disturb,,,,"knobloch2020sauji[p. 29, Table 11, Imperative]",,,knobloch2020sauji:t11:Imperative:1,,,,impv verb uncertain dialect:Sv:HKAT-sdg:Sau
Sv,,d-ee,give,,,,"knobloch2020sauji[p. 29, Table 11, Imperative];knobloch2020sauji[p. 31, example (58) word 4, data 17_NU_000613]",,,knobloch2020sauji:t11:Imperative:2,,,,impv verb dialect:Sv:HKAT-sdg:Sau
Sv,,hinu,is,,,,"knobloch2020sauji[p. 38, Table 14, row 1]",,,knobloch2020sauji:t14:1:1,,,,verb pres dialect:Sv:HKAT-sdg:Sau
Sv,,alu,was,,,,"knobloch2020sauji[p. 38, Table 14, row 1]",,,knobloch2020sauji:t14:1:2,,,,verb pret dialect:Sv:HKAT-sdg:Sau
Sv,,baanu,becomes,,,,"knobloch2020sauji[p. 38, Table 14, row 2]",,,knobloch2020sauji:t14:2:1,,,,verb pres dialect:Sv:HKAT-sdg:Sau
Sv,,bilo,became,,,,"knobloch2020sauji[p. 38, Table 14, row 2]",,,knobloch2020sauji:t14:2:2,,,,verb pret dialect:Sv:HKAT-sdg:Sau
Sv,,thaanu,does,,,,"knobloch2020sauji[p. 38, Table 14, row 3]",,,knobloch2020sauji:t14:3:1,,,,verb pres dialect:Sv:HKAT-sdg:Sau
Sv,,thilo,did,,,,"knobloch2020sauji[p. 38, Table 14, row 3]",,,knobloch2020sauji:t14:3:2,,,,verb pret dialect:Sv:HKAT-sdg:Sau
Sv,,baanu,goes,,,,"knobloch2020sauji[p. 38, Table 14, row 4]",,,knobloch2020sauji:t14:4:1,,,,verb pres dialect:Sv:HKAT-sdg:Sau
Sv,,go,went,,,,"knobloch2020sauji[p. 38, Table 14, row 4]",,,knobloch2020sauji:t14:4:2,,,,verb pret dialect:Sv:HKAT-sdg:Sau
Sv,,daano,gives,,,,"knobloch2020sauji[p. 38, Table 14, row 5]",,,knobloch2020sauji:t14:5:1,,,,verb pres dialect:Sv:HKAT-sdg:Sau
Sv,,dito,gave,,,,"knobloch2020sauji[p. 38, Table 14, row 5]",,,knobloch2020sauji:t14:5:2,,,,verb pret dialect:Sv:HKAT-sdg:Sau
Sv,,baabu,father,,,,"knobloch2020sauji[p. 38, Table 14, row 6]",,,knobloch2020sauji:t14:6:1,,,,noun dialect:Sv:HKAT-sdg:Sau
Sv,,yeey,mother,,,,"knobloch2020sauji[p. 38, Table 14, row 7]",,,knobloch2020sauji:t14:7:1,,,,noun dialect:Sv:HKAT-sdg:Sau
Sv,,duu,two,,,,"knobloch2020sauji[p. 38, Table 14, row 12]",,,knobloch2020sauji:t14:12:1,,,,num dialect:Sv:HKAT-sdg:Sau
Sv,,leew-i,little,,,,"knobloch2020sauji[p. 15, example (2)a word 1];knobloch2020sauji[p. 33, example (66) word 1, data 51_FR_170405]",,,knobloch2020sauji:ex2a:t1:w1,,,,f sg adj dialect:Sv:HKAT-sdg:Sau
Sv,,pu-yee,girl,,,,"knobloch2020sauji[p. 15, example (2)a word 2];knobloch2020sauji[p. 18, example (15) word 1, data 51_FR_170405];knobloch2020sauji[p. 33, example (66) word 2, data 51_FR_170405]",,,knobloch2020sauji:ex2a:t1:w2,,,,obl noun dialect:Sv:HKAT-sdg:Sau
Sv,,čur,four,,,,"knobloch2020sauji[p. 15, example (2)b word 1];knobloch2020sauji[p. 25, example (38) word 1, data 17_NU_000613]",,,knobloch2020sauji:ex2b:t1:w1,,,,dialect:Sv:HKAT-sdg:Sau
Sv,,yon-e,month,,,,"knobloch2020sauji[p. 15, example (2)b word 2];knobloch2020sauji[p. 25, example (38) word 2, data 17_NU_000613]",,,knobloch2020sauji:ex2b:t1:w2,,,,pl dialect:Sv:HKAT-sdg:Sau
Sv,,le,this,,,,"knobloch2020sauji[p. 15, example (2)c word 1];knobloch2020sauji[p. 49, example (82) word 1, data 20_NU_000819];knobloch2020sauji[p. 50, example (83) word 1, data 10_MAN_000512]",,,knobloch2020sauji:ex2c:t1:w1,,,,determiner demonstrative prox pl nom dialect:Sv:HKAT-sdg:Sau
Sv,,gooš,house,,,,"knobloch2020sauji[p. 16, example (6)a word 2, data 56_FR_170403];knobloch2020sauji[p. 18, example (12) word 4, data 51_FR_170405];knobloch2020sauji[p. 20, example (25) word 3, data 36_S_100213];knobloch2020sauji[p. 23, example (36) word 2, data 3_MOZ_000425]",,,knobloch2020sauji:ex6a:t1:w2,,,,dialect:Sv:HKAT-sdg:Sau nom noun
Sv,,šubaaṇ-u,beautiful,,,,"knobloch2020sauji[p. 16, example (6)a word 3, data 56_FR_170403]",,,knobloch2020sauji:ex6a:t1:w3,,,,m sg adj dialect:Sv:HKAT-sdg:Sau
Sv,,hin-u,be,,,,"knobloch2020sauji[p. 16, example (6)a word 4, data 56_FR_170403];knobloch2020sauji[p. 35, example (73) word 5, data 56_FR_170403]",,,knobloch2020sauji:ex6a:t1:w4,,,,pres m sg verb dialect:Sv:HKAT-sdg:Sau
Sv,,goš-ee,house,,,,"knobloch2020sauji[p. 16, example (6)b word 1, data 14_HR_000519];knobloch2020sauji[p. 23, example (33) word 1, data 14_HR_000519];knobloch2020sauji[p. 49, example (77) word 1, data 14_HR_000519]",,,knobloch2020sauji:ex6b:t1:w1,,,,obl noun dialect:Sv:HKAT-sdg:Sau
Sv,,muškani,in front of,,,,"knobloch2020sauji[p. 16, example (6)b word 2, data 14_HR_000519];knobloch2020sauji[p. 23, example (33) word 2, data 14_HR_000519];knobloch2020sauji[p. 49, example (77) word 2, data 14_HR_000519];knobloch2020sauji[p. 26]",,,knobloch2020sauji:ex6b:t1:w2,,,,dialect:Sv:HKAT-sdg:Sau postp
Sv,,ek,one,,,,"knobloch2020sauji[p. 16, example (6)b word 3, data 14_HR_000519];knobloch2020sauji[p. 23, example (33) word 3, data 14_HR_000519];knobloch2020sauji[p. 25, example (40) word 1, data 17_NU_000613];knobloch2020sauji[p. 27, example (46) word 1, data 16_NU_000613];knobloch2020sauji[p. 35, example (74) word 2, data 16_NU_000613];knobloch2020sauji[p. 49, example (77) word 3, data 14_HR_000519]",,,knobloch2020sauji:ex6b:t1:w3,,,,dialect:Sv:HKAT-sdg:Sau
Sv,,nil-i,green,,,,"knobloch2020sauji[p. 16, example (6)b word 4, data 14_HR_000519];knobloch2020sauji[p. 23, example (33) word 4, data 14_HR_000519];knobloch2020sauji[p. 49, example (77) word 4, data 14_HR_000519]",,,knobloch2020sauji:ex6b:t1:w4,,,,f sg adj dialect:Sv:HKAT-sdg:Sau
Sv,,drab,grass,,,,"knobloch2020sauji[p. 16, example (6)b word 5, data 14_HR_000519];knobloch2020sauji[p. 23, example (33) word 5, data 14_HR_000519];knobloch2020sauji[p. 49, example (77) word 5, data 14_HR_000519]",,,knobloch2020sauji:ex6b:t1:w5,,,,dialect:Sv:HKAT-sdg:Sau
Sv,,hin-i,be,,,,"knobloch2020sauji[p. 16, example (6)b word 6, data 14_HR_000519];knobloch2020sauji[p. 19, example (18) word 4, data 36_S_100213];knobloch2020sauji[p. 23, example (33) word 6, data 14_HR_000519];knobloch2020sauji[p. 49, example (77) word 6, data 14_HR_000519]",,,knobloch2020sauji:ex6b:t1:w6,,,,pres f sg verb dialect:Sv:HKAT-sdg:Sau
Sv,,maanuṣ,man,,,,"knobloch2020sauji[p. 18, example (10)a word 1];knobloch2020sauji[p. 16];knobloch2020sauji[p. 18]",,,knobloch2020sauji:ex10a:t1:w1,,,,nom sg noun dialect:Sv:HKAT-sdg:Sau Sauji-noun-class-1
Sv,,maanuṣ-a,man,,,,"knobloch2020sauji[p. 18, example (10)a word 2]",,,knobloch2020sauji:ex10a:t1:w2,,,,nom pl noun dialect:Sv:HKAT-sdg:Sau
Sv,,maanuṣ-ee,man,,,,"knobloch2020sauji[p. 18, example (10)a word 3];knobloch2020sauji[p. 18, example (14)a word 1, data 51_FR_170405];knobloch2020sauji[p. 18, example (14)b word 2, data 51_FR_170405];knobloch2020sauji[p. 26, example (42) word 1, data 51_FR_170405];knobloch2020sauji[p. 33, example (63) word 1, data 51_FR_170405];knobloch2020sauji[p. 33, example (64) word 2, data 51_FR_170405]",,,knobloch2020sauji:ex10a:t1:w3,,,,obl sg noun dialect:Sv:HKAT-sdg:Sau
Sv,,maanuṣ-u,man,,,,"knobloch2020sauji[p. 18, example (10)a word 4]",,,knobloch2020sauji:ex10a:t1:w4,,,,obl pl noun dialect:Sv:HKAT-sdg:Sau
Sv,,pu,boy,,,,"knobloch2020sauji[p. 18, example (11)a word 1];knobloch2020sauji[p. 18, example (12) word 2, data 51_FR_170405];knobloch2020sauji[p. 17];knobloch2020sauji[p. 18]",,,knobloch2020sauji:ex11a:t1:w1,,,,nom sg noun dialect:Sv:HKAT-sdg:Sau
Sv,,ǰitak-a,boy,,,,"knobloch2020sauji[p. 18, example (11)a word 2]",,,knobloch2020sauji:ex11a:t1:w2,,,,nom pl noun dialect:Sv:HKAT-sdg:Sau
Sv,,pi-yee,boy,,,,"knobloch2020sauji[p. 18, example (11)a word 3];knobloch2020sauji[p. 18, example (15) word 2, data 51_FR_170405];knobloch2020sauji[p. 19, example (16) word 1, data 51_FR_170405];knobloch2020sauji[p. 19, example (20) word 1, data 51_FR_170405]",,,knobloch2020sauji:ex11a:t1:w3,,,,obl sg noun dialect:Sv:HKAT-sdg:Sau
Sv,,ǰitak-u,boy,,,,"knobloch2020sauji[p. 18, example (11)a word 4];knobloch2020sauji[p. 27, example (47) word 2, data 51_FR_170405]",,,knobloch2020sauji:ex11a:t1:w4,,,,obl pl noun dialect:Sv:HKAT-sdg:Sau
Sv,,laaw-u,little,,,,"knobloch2020sauji[p. 18, example (12) word 1, data 51_FR_170405]",,,knobloch2020sauji:ex12:t1:w1,,,,m sg adj dialect:Sv:HKAT-sdg:Sau
Sv,,buṣaag-u,hungry,,,,"knobloch2020sauji[p. 18, example (12) word 3, data 51_FR_170405]",,,knobloch2020sauji:ex12:t1:w3,,,,m sg adj dialect:Sv:HKAT-sdg:Sau
Sv,,daǰaan-u,burn,,,,"knobloch2020sauji[p. 18, example (12) word 5, data 51_FR_170405]",,,knobloch2020sauji:ex12:t1:w5,,,,ipfv m sg verb dialect:Sv:HKAT-sdg:Sau
Sv,,inčeṛi,bear,,,,"knobloch2020sauji[p. 18, example (14)a word 2, data 51_FR_170405];knobloch2020sauji[p. 33, example (63) word 2, data 51_FR_170405]",,,knobloch2020sauji:ex14a:t1:w2,,,,f nom noun dialect:Sv:HKAT-sdg:Sau sg
Sv,,deeš-i,see,,,,"knobloch2020sauji[p. 18, example (14)a word 3, data 51_FR_170405];knobloch2020sauji[p. 33, example (63) word 3, data 51_FR_170405]",,,knobloch2020sauji:ex14a:t1:w3,,,,pfv f sg verb dialect:Sv:HKAT-sdg:Sau
Sv,,inčeṛi-yee,bear,,,,"knobloch2020sauji[p. 18, example (14)b word 1, data 51_FR_170405];knobloch2020sauji[p. 33, example (64) word 1, data 51_FR_170405]",,,knobloch2020sauji:ex14b:t1:w1,,,,f obl noun dialect:Sv:HKAT-sdg:Sau
Sv,,biyaal-u,frighten,,,,"knobloch2020sauji[p. 18, example (14)b word 3, data 51_FR_170405];knobloch2020sauji[p. 33, example (64) word 3, data 51_FR_170405]",,,knobloch2020sauji:ex14b:t1:w3,,,,pfv m sg verb dialect:Sv:HKAT-sdg:Sau
Sv,,piyaanil-u,know,,,,"knobloch2020sauji[p. 18, example (15) word 3, data 51_FR_170405]",,,knobloch2020sauji:ex15:t1:w3,,,,pfv m sg verb dialect:Sv:HKAT-sdg:Sau
Sv,,poo-yee,girl,,,,"knobloch2020sauji[p. 19, example (16) word 2, data 51_FR_170405]",,,knobloch2020sauji:ex16:t1:w2,,,,obl noun dialect:Sv:HKAT-sdg:Sau
Sv,,ṭee,to,,,,"knobloch2020sauji[p. 19, example (16) word 3, data 51_FR_170405];knobloch2020sauji[p. 21, example (27) word 5, data 36_S_100213];knobloch2020sauji[p. 25, example (40) word 4, data 17_NU_000613];knobloch2020sauji[p. 20];knobloch2020sauji[p. 23];knobloch2020sauji[p. 25]",,,knobloch2020sauji:ex16:t1:w3,,,,dialect:Sv:HKAT-sdg:Sau postp
Sv,,agil-u,look,,,,"knobloch2020sauji[p. 19, example (16) word 4, data 51_FR_170405]",,,knobloch2020sauji:ex16:t1:w4,,,,pfv m sg verb dialect:Sv:HKAT-sdg:Sau
Sv,,dwi,other,,,,"knobloch2020sauji[p. 19, example (18) word 2, data 36_S_100213]",,,knobloch2020sauji:ex18:t1:w2,,,,dialect:Sv:HKAT-sdg:Sau
Sv,,gooš-ee,room,,,,"knobloch2020sauji[p. 19, example (18) word 3, data 36_S_100213]",,,knobloch2020sauji:ex18:t1:w3,,,,obl noun dialect:Sv:HKAT-sdg:Sau
Sv,,ɬeṛ-u,woman,,,,"knobloch2020sauji[p. 19, example (19) word 1, data 51_FR_170405]",,,knobloch2020sauji:ex19:t1:w1,,,,pl obl noun dialect:Sv:HKAT-sdg:Sau
Sv,,meez-aan,table,,,,"knobloch2020sauji[p. 19, example (19) word 2, data 51_FR_170405]",,,knobloch2020sauji:ex19:t1:w2,,,,abl noun dialect:Sv:HKAT-sdg:Sau
Sv,,sum,soil,,,,"knobloch2020sauji[p. 19, example (19) word 3, data 51_FR_170405]",,,knobloch2020sauji:ex19:t1:w3,,,,dialect:Sv:HKAT-sdg:Sau
Sv,,paaɣas,clean,,,,"knobloch2020sauji[p. 19, example (19) word 4, data 51_FR_170405]",,,knobloch2020sauji:ex19:t1:w4,,,,dialect:Sv:HKAT-sdg:Sau
Sv,,til-u,do,,,,"knobloch2020sauji[p. 19, example (19) word 5, data 51_FR_170405]",,,knobloch2020sauji:ex19:t1:w5,,,,pfv m sg verb dialect:Sv:HKAT-sdg:Sau
Sv,,ǰandraaw-ee,snake,,,,"knobloch2020sauji[p. 19, example (20) word 2, data 51_FR_170405]",,,knobloch2020sauji:ex20:t1:w2,,,,obl noun dialect:Sv:HKAT-sdg:Sau
Sv,,ratee,on,,,,"knobloch2020sauji[p. 19, example (20) word 3, data 51_FR_170405]",,,knobloch2020sauji:ex20:t1:w3,,,,dialect:Sv:HKAT-sdg:Sau
Sv,,šaank-ee,stick,,,,"knobloch2020sauji[p. 19, example (20) word 4, data 51_FR_170405]",,,knobloch2020sauji:ex20:t1:w4,,,,obl noun dialect:Sv:HKAT-sdg:Sau
Sv,,dee,with,,,,"knobloch2020sauji[p. 19, example (20) word 5, data 51_FR_170405];knobloch2020sauji[p. 26, example (42) word 3, data 51_FR_170405]",,,knobloch2020sauji:ex20:t1:w5,,,,dialect:Sv:HKAT-sdg:Sau
Sv,,sarsari,,,,,"knobloch2020sauji[p. 19, example (20) word 6, data 51_FR_170405]",,,knobloch2020sauji:ex20:t1:w6,,,,uncertain dialect:Sv:HKAT-sdg:Sau
Sv,,ṣaaṭ,,,,,"knobloch2020sauji[p. 19, example (20) word 7, data 51_FR_170405]",,,knobloch2020sauji:ex20:t1:w7,,,,uncertain dialect:Sv:HKAT-sdg:Sau
Sv,,dit-i,give,,,,"knobloch2020sauji[p. 19, example (20) word 8, data 51_FR_170405]",,,knobloch2020sauji:ex20:t1:w8,,,,pfv f sg verb dialect:Sv:HKAT-sdg:Sau
Sv,,piyonaan-o,know,,,,"knobloch2020sauji[p. 20, example (21) word 3, data 36_S_100213];knobloch2020sauji[p. 34, example (67) word 3, data 36_S_100213]",,,knobloch2020sauji:ex21:t1:w3,,,,ipfv m sg verb dialect:Sv:HKAT-sdg:Sau
Sv,,kanee,where,,,,"knobloch2020sauji[p. 20, example (22) word 2, data 36_S_100213];knobloch2020sauji[p. 34, example (71) word 2, data 36_S_100213];knobloch2020sauji[p. 34]",,,knobloch2020sauji:ex22:t1:w2,,,,dialect:Sv:HKAT-sdg:Sau interr pron
Sv,,beeṭ-ee-n-ee,sit,,,,"knobloch2020sauji[p. 20, example (22) word 3, data 36_S_100213]",,,knobloch2020sauji:ex22:t1:w3,,,,verb pfv m pl pres dialect:Sv:HKAT-sdg:Sau
Sv,,dooṛ,yesterday,,,,"knobloch2020sauji[p. 20, example (23) word 1, data 36_S_100213];knobloch2020sauji[p. 22, example (31) word 2, data 36_S_100213];knobloch2020sauji[p. 34, example (69) word 2, data 36_S_100213]",,,knobloch2020sauji:ex23:t1:w1,,,,dialect:Sv:HKAT-sdg:Sau
Sv,,piyee,boy,,,,"knobloch2020sauji[p. 20, example (23) word 3, data 36_S_100213]",,,knobloch2020sauji:ex23:t1:w3,,,,dialect:Sv:HKAT-sdg:Sau
Sv,,deeṣ-oo,see,,,,"knobloch2020sauji[p. 20, example (23) word 5, data 36_S_100213];knobloch2020sauji[p. 20, example (25) word 4, data 36_S_100213];knobloch2020sauji[p. 22, example (31) word 4, data 36_S_100213];knobloch2020sauji[p. 34, example (69) word 4, data 36_S_100213]",,,knobloch2020sauji:ex23:t1:w5,,,,pfv m sg verb dialect:Sv:HKAT-sdg:Sau
Sv,,kitaab,book,,,,"knobloch2020sauji[p. 21, example (26) word 3, data 36_S_100213];knobloch2020sauji[p. 21, example (27) word 3, data 36_S_100213];knobloch2020sauji[p. 31, example (57) word 3, data 46_FS_100213];knobloch2020sauji[p. 35, example (73) word 4, data 56_FR_170403];knobloch2020sauji[p. 17]",,,knobloch2020sauji:ex26:t1:w3,,,,dialect:Sv:HKAT-sdg:Sau noun m
Sv,,tuṭee,you (singular),,,,"knobloch2020sauji[p. 21, example (26) word 4, data 36_S_100213]",,,knobloch2020sauji:ex26:t1:w4,,,,2sg pron dat dialect:Sv:HKAT-sdg:Sau
Sv,,dit-oo,give,,,,"knobloch2020sauji[p. 21, example (26) word 5, data 36_S_100213];knobloch2020sauji[p. 21, example (27) word 6, data 36_S_100213]",,,knobloch2020sauji:ex26:t1:w5,,,,pfv m sg verb dialect:Sv:HKAT-sdg:Sau
Sv,,aŋguri,finger,,,,"knobloch2020sauji[p. 22, example (28)a word 2, data 56_FR_170403];knobloch2020sauji[p. 30, example (48) word 2, data 56_FR_170403]",,,knobloch2020sauji:ex28a:t1:w2,,,,dialect:Sv:HKAT-sdg:Sau
Sv,,ǰaleen-i,hurt,,,,"knobloch2020sauji[p. 22, example (28)a word 3, data 56_FR_170403];knobloch2020sauji[p. 30, example (48) word 3, data 56_FR_170403]",,,knobloch2020sauji:ex28a:t1:w3,,,,ipfv f sg verb dialect:Sv:HKAT-sdg:Sau
Sv,,laadee,here,,,,"knobloch2020sauji[p. 22, example (28)b word 2, data 36_S_100213]",,,knobloch2020sauji:ex28b:t1:w2,,,,dialect:Sv:HKAT-sdg:Sau
Sv,,beeṭ-oo-n-oo,sit,,,,"knobloch2020sauji[p. 22, example (28)b word 3, data 36_S_100213];knobloch2020sauji[p. 34, example (71) word 3, data 36_S_100213]",,,knobloch2020sauji:ex28b:t1:w3,,,,verb pfv m sg pres dialect:Sv:HKAT-sdg:Sau
Sv,,kraam,work,,,,"knobloch2020sauji[p. 22, example (29) word 2, data 46_FS_100213];knobloch2020sauji[p. 36, example (75) word 2, data 46_FS_100213]",,,knobloch2020sauji:ex29:t1:w2,,,,dialect:Sv:HKAT-sdg:Sau
Sv,,riŋɡeen-i,cry,,,,"knobloch2020sauji[p. 22, example (30) word 2, data 46_FS_100213]",,,knobloch2020sauji:ex30:t1:w2,,,,ipfv f sg verb dialect:Sv:HKAT-sdg:Sau
Sv,,gašeyṭe,why,,,,"knobloch2020sauji[p. 22, example (32) word 2, data 36_S_100213];knobloch2020sauji[p. 34]",,,knobloch2020sauji:ex32:t1:w2,,,,dialect:Sv:HKAT-sdg:Sau interr pron
Sv,,na,not,,,,"knobloch2020sauji[p. 22, example (32) word 4, data 36_S_100213];knobloch2020sauji[p. 36, example (75) word 3, data 46_FS_100213]",,,knobloch2020sauji:ex32:t1:w4,,,,neg dialect:Sv:HKAT-sdg:Sau
Sv,,moril-ee,kill,,,,"knobloch2020sauji[p. 22, example (32) word 5, data 36_S_100213]",,,knobloch2020sauji:ex32:t1:w5,,,,pfv m pl verb dialect:Sv:HKAT-sdg:Sau
Sv,,aw,and,,,,"knobloch2020sauji[p. 23, example (33) word 7, data 14_HR_000519];knobloch2020sauji[p. 23, example (35) word 6, data 20_NU_000819];knobloch2020sauji[p. 25, example (39) word 9, data 19_NU_000819];knobloch2020sauji[p. 26, example (44) word 6, data 16_NU_000613];knobloch2020sauji[p. 26, example (45) word 1, data 16_NU_000613];knobloch2020sauji[p. 26, example (45) word 5, data 16_NU_000613];knobloch2020sauji[p. 27, example (46) word 4, data 16_NU_000613];knobloch2020sauji[p. 30, example (50) word 1, data 14_HR_000519];knobloch2020sauji[p. 30, example (50) word 4, data 14_HR_000519];knobloch2020sauji[p. 30, example (52) word 1, data 16_NU_000613];knobloch2020sauji[p. 30, example (52) word 5, data 16_NU_000613];knobloch2020sauji[p. 30, example (53) word 2, data 16_NU_000613];knobloch2020sauji[p. 30, example (54) word 9, data 19_NU_000819];knobloch2020sauji[p. 31, example (55) word 8, data 16_NU_000613];knobloch2020sauji[p. 33, example (62) word 1, data 14_HR_000519];knobloch2020sauji[p. 33, example (62) word 4, data 14_HR_000519];knobloch2020sauji[p. 34, example (72) word 3, data 16_NU_000613];knobloch2020sauji[p. 36, example (76) word 4, data 18_BS_000709];knobloch2020sauji[p. 49, example (78) word 1, data 14_HR_000519];knobloch2020sauji[p. 49, example (79) word 1, data 14_HR_000519];knobloch2020sauji[p. 49, example (79) word 4, data 14_HR_000519];knobloch2020sauji[p. 49, example (80) word 6, data 20_NU_000819];knobloch2020sauji[p. 49, example (82) word 5, data 20_NU_000819];knobloch2020sauji[p. 49, example (82) word 9, data 20_NU_000819]",,,knobloch2020sauji:ex33:t1:w7,,,,dialect:Sv:HKAT-sdg:Sau
Sv,,rakam,different,,,,"knobloch2020sauji[p. 23, example (33) word 8, data 14_HR_000519];knobloch2020sauji[p. 23, example (33) word 9, data 14_HR_000519];knobloch2020sauji[p. 49, example (78) word 2, data 14_HR_000519];knobloch2020sauji[p. 49, example (78) word 3, data 14_HR_000519]",,,knobloch2020sauji:ex33:t1:w8,,,,dialect:Sv:HKAT-sdg:Sau
Sv,,poš-a,flower,,,,"knobloch2020sauji[p. 23, example (33) word 10, data 14_HR_000519];knobloch2020sauji[p. 49, example (78) word 4, data 14_HR_000519]",,,knobloch2020sauji:ex33:t1:w10,,,,pl nom noun dialect:Sv:HKAT-sdg:Sau
Sv,,eki,one,,,,"knobloch2020sauji[p. 23, example (34) word 1, data 18_BS_000709];knobloch2020sauji[p. 36, example (76) word 1, data 18_BS_000709]",,,knobloch2020sauji:ex34:t1:w1,,,,dialect:Sv:HKAT-sdg:Sau
Sv,,daṛi,beard,,,,"knobloch2020sauji[p. 23, example (34) word 2, data 18_BS_000709];knobloch2020sauji[p. 36, example (76) word 7, data 18_BS_000709]",,,knobloch2020sauji:ex34:t1:w2,,,,dialect:Sv:HKAT-sdg:Sau
Sv,,kašaṇ-i,black,,,,"knobloch2020sauji[p. 23, example (34) word 3, data 18_BS_000709]",,,knobloch2020sauji:ex34:t1:w3,,,,f sg adj dialect:Sv:HKAT-sdg:Sau
Sv,,al-i,be,,,,"knobloch2020sauji[p. 23, example (34) word 4, data 18_BS_000709]",,,knobloch2020sauji:ex34:t1:w4,,,,pret f sg verb dialect:Sv:HKAT-sdg:Sau
Sv,,šeš,head,,,,"knobloch2020sauji[p. 23, example (34) word 5, data 18_BS_000709];knobloch2020sauji[p. 36, example (76) word 2, data 18_BS_000709]",,,knobloch2020sauji:ex34:t1:w5,,,,dialect:Sv:HKAT-sdg:Sau
Sv,,paṛaṇ-o,white,,,,"knobloch2020sauji[p. 23, example (34) word 6, data 18_BS_000709]",,,knobloch2020sauji:ex34:t1:w6,,,,m sg adj dialect:Sv:HKAT-sdg:Sau
Sv,,al-o,be,,,,"knobloch2020sauji[p. 23, example (34) word 7, data 18_BS_000709]",,,knobloch2020sauji:ex34:t1:w7,,,,pret m sg verb dialect:Sv:HKAT-sdg:Sau
Sv,,sau,Sau,,,,"knobloch2020sauji[p. 23, example (35) word 1, data 20_NU_000819];knobloch2020sauji[p. 49, example (80) word 1, data 20_NU_000819]",,,knobloch2020sauji:ex35:t1:w1,,,,proper-noun dialect:Sv:HKAT-sdg:Sau
Sv,,grom-e,village,,,,"knobloch2020sauji[p. 23, example (35) word 2, data 20_NU_000819];knobloch2020sauji[p. 25, example (39) word 2, data 19_NU_000819];knobloch2020sauji[p. 30, example (54) word 2, data 19_NU_000819];knobloch2020sauji[p. 49, example (80) word 2, data 20_NU_000819]",,,knobloch2020sauji:ex35:t1:w2,,,,obl noun dialect:Sv:HKAT-sdg:Sau loc
Sv,,terčapera,around,,,,"knobloch2020sauji[p. 23, example (35) word 3, data 20_NU_000819]",,,knobloch2020sauji:ex35:t1:w3,,,,dialect:Sv:HKAT-sdg:Sau
Sv,,ade,some,,,,"knobloch2020sauji[p. 23, example (35) word 4, data 20_NU_000819];knobloch2020sauji[p. 49, example (80) word 4, data 20_NU_000819]",,,knobloch2020sauji:ex35:t1:w4,,,,dialect:Sv:HKAT-sdg:Sau
Sv,,law-ee,small,,,,"knobloch2020sauji[p. 23, example (35) word 5, data 20_NU_000819];knobloch2020sauji[p. 49, example (80) word 5, data 20_NU_000819]",,,knobloch2020sauji:ex35:t1:w5,,,,m pl adj dialect:Sv:HKAT-sdg:Sau
Sv,,gan-ee,big,,,,"knobloch2020sauji[p. 23, example (35) word 7, data 20_NU_000819];knobloch2020sauji[p. 49, example (80) word 7, data 20_NU_000819]",,,knobloch2020sauji:ex35:t1:w7,,,,m pl adj dialect:Sv:HKAT-sdg:Sau
Sv,,grom-a,village,,,,"knobloch2020sauji[p. 23, example (35) word 8, data 20_NU_000819];knobloch2020sauji[p. 49, example (80) word 8, data 20_NU_000819]",,,knobloch2020sauji:ex35:t1:w8,,,,pl nom noun dialect:Sv:HKAT-sdg:Sau
Sv,,hin-ee,be,,,,"knobloch2020sauji[p. 23, example (35) word 9, data 20_NU_000819];knobloch2020sauji[p. 49, example (80) word 9, data 20_NU_000819]",,,knobloch2020sauji:ex35:t1:w9,,,,pres m pl verb dialect:Sv:HKAT-sdg:Sau
Sv,,tase,,,,,"knobloch2020sauji[p. 23, example (36) word 3, data 3_MOZ_000425]",,,knobloch2020sauji:ex36:t1:w3,,,,uncertain dialect:Sv:HKAT-sdg:Sau
Sv,,gooš-a,house,,,,"knobloch2020sauji[p. 23, example (36) word 4, data 3_MOZ_000425]",,,knobloch2020sauji:ex36:t1:w4,,,,obl noun dialect:Sv:HKAT-sdg:Sau
Sv,,diyon,from,,,,"knobloch2020sauji[p. 23, example (36) word 5, data 3_MOZ_000425]",,,knobloch2020sauji:ex36:t1:w5,,,,dialect:Sv:HKAT-sdg:Sau
Sv,,gaan-o,big,,,,"knobloch2020sauji[p. 23, example (36) word 6, data 3_MOZ_000425]",,,knobloch2020sauji:ex36:t1:w6,,,,m sg adj dialect:Sv:HKAT-sdg:Sau
Sv,,hin-o,be,,,,"knobloch2020sauji[p. 23, example (36) word 7, data 3_MOZ_000425];knobloch2020sauji[p. 35, example (74) word 6, data 16_NU_000613]",,,knobloch2020sauji:ex36:t1:w7,,,,pres m sg verb dialect:Sv:HKAT-sdg:Sau
Sv,,gozel-e,knead,,,,"knobloch2020sauji[p. 25, example (37) word 1, data 10_MAN_000512];knobloch2020sauji[p. 50, example (90) word 1, data 10_MAN_000512]",,,knobloch2020sauji:ex37:t1:w1,,,,pfv f pl verb dialect:Sv:HKAT-sdg:Sau
Sv,,bi,then,,,,"knobloch2020sauji[p. 25, example (37) word 2, data 10_MAN_000512];knobloch2020sauji[p. 50, example (90) word 2, data 10_MAN_000512]",,,knobloch2020sauji:ex37:t1:w2,,,,uncertain dialect:Sv:HKAT-sdg:Sau
Sv,,daš,ten,,,,"knobloch2020sauji[p. 25, example (37) word 3, data 10_MAN_000512];knobloch2020sauji[p. 50, example (90) word 3, data 10_MAN_000512]",,,knobloch2020sauji:ex37:t1:w3,,,,dialect:Sv:HKAT-sdg:Sau
Sv,,menat-a,minute,,,,"knobloch2020sauji[p. 25, example (37) word 4, data 10_MAN_000512];knobloch2020sauji[p. 50, example (90) word 4, data 10_MAN_000512]",,,knobloch2020sauji:ex37:t1:w4,,,,pl nom noun dialect:Sv:HKAT-sdg:Sau
Sv,,bat,after,,,,"knobloch2020sauji[p. 25, example (37) word 5, data 10_MAN_000512];knobloch2020sauji[p. 50, example (90) word 5, data 10_MAN_000512]",,,knobloch2020sauji:ex37:t1:w5,,,,dialect:Sv:HKAT-sdg:Sau
Sv,,giri,then,,,,"knobloch2020sauji[p. 25, example (37) word 6, data 10_MAN_000512];knobloch2020sauji[p. 50, example (86) word 1, data 10_MAN_000512];knobloch2020sauji[p. 50, example (87) word 5, data 10_MAN_000512];knobloch2020sauji[p. 50, example (88) word 3, data 10_MAN_000512];knobloch2020sauji[p. 50, example (89) word 2, data 10_MAN_000512];knobloch2020sauji[p. 50, example (90) word 6, data 10_MAN_000512];knobloch2020sauji[p. 50, example (91) word 1, data 10_MAN_000512];knobloch2020sauji[p. 50, example (92) word 6, data 10_MAN_000512]",,,knobloch2020sauji:ex37:t1:w6,,,,dialect:Sv:HKAT-sdg:Sau
Sv,,tayar,prepare,,,,"knobloch2020sauji[p. 25, example (37) word 8, data 10_MAN_000512];knobloch2020sauji[p. 50, example (90) word 8, data 10_MAN_000512]",,,knobloch2020sauji:ex37:t1:w8,,,,dialect:Sv:HKAT-sdg:Sau
Sv,,baan-u,become,,,,"knobloch2020sauji[p. 25, example (37) word 9, data 10_MAN_000512];knobloch2020sauji[p. 50, example (90) word 9, data 10_MAN_000512]",,,knobloch2020sauji:ex37:t1:w9,,,,ipfv m sg verb dialect:Sv:HKAT-sdg:Sau
Sv,,baan-e,become,,,,"knobloch2020sauji[p. 25, example (38) word 3, data 17_NU_000613]",,,knobloch2020sauji:ex38:t1:w3,,,,ipfv f pl verb dialect:Sv:HKAT-sdg:Sau
Sv,,la,that,,,,"knobloch2020sauji[p. 25, example (39) word 1, data 19_NU_000819];knobloch2020sauji[p. 30, example (54) word 1, data 19_NU_000819]",,,knobloch2020sauji:ex39:t1:w1,,,,determiner demonstrative dist nom dialect:Sv:HKAT-sdg:Sau
Sv,,taqriban,approximately,,,,"knobloch2020sauji[p. 25, example (39) word 3, data 19_NU_000819];knobloch2020sauji[p. 30, example (54) word 3, data 19_NU_000819]",,,knobloch2020sauji:ex39:t1:w3,,,,dialect:Sv:HKAT-sdg:Sau
Sv,,saat-sawa,seven hundred,,,,"knobloch2020sauji[p. 25, example (39) word 4, data 19_NU_000819]",,,knobloch2020sauji:ex39:t1:w4,,,,num dialect:Sv:HKAT-sdg:Sau
Sv,,goš-a,house,,,,"knobloch2020sauji[p. 25, example (39) word 5, data 19_NU_000819];knobloch2020sauji[p. 30, example (54) word 5, data 19_NU_000819];knobloch2020sauji[p. 50, example (85) word 4, data 10_MAN_000512]",,,knobloch2020sauji:ex39:t1:w5,,,,pl dialect:Sv:HKAT-sdg:Sau loc noun
Sv,,zahir,Zahir,,,,"knobloch2020sauji[p. 25, example (39) word 7, data 19_NU_000819];knobloch2020sauji[p. 30, example (54) word 7, data 19_NU_000819]",,,knobloch2020sauji:ex39:t1:w7,,,,proper-noun dialect:Sv:HKAT-sdg:Sau
Sv,,ša,Sha,,,,"knobloch2020sauji[p. 25, example (39) word 8, data 19_NU_000819];knobloch2020sauji[p. 30, example (54) word 8, data 19_NU_000819]",,,knobloch2020sauji:ex39:t1:w8,,,,proper-noun dialect:Sv:HKAT-sdg:Sau
Sv,,dawudi,Dawud,,,,"knobloch2020sauji[p. 25, example (39) word 1, data 19_NU_000819];knobloch2020sauji[p. 30, example (54) word 10, data 19_NU_000819]",,,knobloch2020sauji:ex39:t2:w1,,,,proper-noun dialect:Sv:HKAT-sdg:Sau
Sv,,yarime,government,,,,"knobloch2020sauji[p. 25, example (39) word 2, data 19_NU_000819];knobloch2020sauji[p. 30, example (54) word 1, data 19_NU_000819]",,,knobloch2020sauji:ex39:t2:w2,,,,dialect:Sv:HKAT-sdg:Sau
Sv,,waxta,time,,,,"knobloch2020sauji[p. 25, example (39) word 3, data 19_NU_000819];knobloch2020sauji[p. 30, example (54) word 2, data 19_NU_000819]",,,knobloch2020sauji:ex39:t2:w3,,,,dialect:Sv:HKAT-sdg:Sau
Sv,,wosedal,live,,,,"knobloch2020sauji[p. 25, example (39) word 4, data 19_NU_000819];knobloch2020sauji[p. 30, example (54) word 3, data 19_NU_000819]",,,knobloch2020sauji:ex39:t2:w4,,,,uncertain dialect:Sv:HKAT-sdg:Sau
Sv,,baan-al-ee,"become, go",,,,"knobloch2020sauji[p. 25, example (39) word 5, data 19_NU_000819];knobloch2020sauji[p. 30, example (54) word 4, data 19_NU_000819]",,,knobloch2020sauji:ex39:t2:w5,,,,verb ipfv pret m pl dialect:Sv:HKAT-sdg:Sau
Sv,,garazaṛ-ee,lender,,,,"knobloch2020sauji[p. 25, example (40) word 2, data 17_NU_000613]",,,knobloch2020sauji:ex40:t1:w2,,,,obl noun dialect:Sv:HKAT-sdg:Sau
Sv,,čeduaṇ-ee,borrower,,,,"knobloch2020sauji[p. 25, example (40) word 3, data 17_NU_000613]",,,knobloch2020sauji:ex40:t1:w3,,,,obl noun dialect:Sv:HKAT-sdg:Sau
Sv,,men-oo,say,,,,"knobloch2020sauji[p. 25, example (40) word 5, data 17_NU_000613];knobloch2020sauji[p. 31, example (55) word 2, data 16_NU_000613];knobloch2020sauji[p. 31, example (56) word 2]",,,knobloch2020sauji:ex40:t1:w5,,,,pfv m sg verb dialect:Sv:HKAT-sdg:Sau
Sv,,muṣaaṛ-ee,thief,,,,"knobloch2020sauji[p. 25, example (41) word 1, data 51_FR_170405]",,,knobloch2020sauji:ex41:t1:w1,,,,obl noun dialect:Sv:HKAT-sdg:Sau
Sv,,ḍag-i,old,,,,"knobloch2020sauji[p. 25, example (41) word 2, data 51_FR_170405]",,,knobloch2020sauji:ex41:t1:w2,,,,f sg adj dialect:Sv:HKAT-sdg:Sau
Sv,,ɬeṛi,woman,,,,"knobloch2020sauji[p. 25, example (41) word 3, data 51_FR_170405]",,,knobloch2020sauji:ex41:t1:w3,,,,obl noun dialect:Sv:HKAT-sdg:Sau
Sv,,diyaan,from,,,,"knobloch2020sauji[p. 25, example (41) word 4, data 51_FR_170405];knobloch2020sauji[p. 23]",,,knobloch2020sauji:ex41:t1:w4,,,,dialect:Sv:HKAT-sdg:Sau postp
Sv,,rupa-ya,money,,,,"knobloch2020sauji[p. 25, example (41) word 5, data 51_FR_170405]",,,knobloch2020sauji:ex41:t1:w5,,,,pl nom noun dialect:Sv:HKAT-sdg:Sau
Sv,,muṣaaṛi,thief,,,,"knobloch2020sauji[p. 25, example (41) word 6, data 51_FR_170405]",,,knobloch2020sauji:ex41:t1:w6,,,,dialect:Sv:HKAT-sdg:Sau
Sv,,til-ee,do,,,,"knobloch2020sauji[p. 25, example (41) word 7, data 51_FR_170405]",,,knobloch2020sauji:ex41:t1:w7,,,,pfv m pl verb dialect:Sv:HKAT-sdg:Sau
Sv,,paṛa-yee,rope,,,,"knobloch2020sauji[p. 26, example (42) word 2, data 51_FR_170405]",,,knobloch2020sauji:ex42:t1:w2,,,,obl noun dialect:Sv:HKAT-sdg:Sau
Sv,,guṛu,horse,,,,"knobloch2020sauji[p. 26, example (42) word 4, data 51_FR_170405]",,,knobloch2020sauji:ex42:t1:w4,,,,dialect:Sv:HKAT-sdg:Sau
Sv,,ǰul-e,tree,,,,"knobloch2020sauji[p. 26, example (42) word 5, data 51_FR_170405]",,,knobloch2020sauji:ex42:t1:w5,,,,obl noun dialect:Sv:HKAT-sdg:Sau
Sv,,si,together,,,,"knobloch2020sauji[p. 26, example (42) word 6, data 51_FR_170405];knobloch2020sauji[p. 27, example (47) word 3, data 51_FR_170405]",,,knobloch2020sauji:ex42:t1:w6,,,,dialect:Sv:HKAT-sdg:Sau
Sv,,gan,tie,,,,"knobloch2020sauji[p. 26, example (42) word 7, data 51_FR_170405]",,,knobloch2020sauji:ex42:t1:w7,,,,dialect:Sv:HKAT-sdg:Sau
Sv,,ṭil-u,do,,,,"knobloch2020sauji[p. 26, example (42) word 8, data 51_FR_170405]",,,knobloch2020sauji:ex42:t1:w8,,,,pfv m sg verb dialect:Sv:HKAT-sdg:Sau
Sv,,kučuroo,dog,,,,"knobloch2020sauji[p. 26, example (44) word 1, data 16_NU_000613];knobloch2020sauji[p. 26, example (45) word 2, data 16_NU_000613];knobloch2020sauji[p. 30, example (52) word 2, data 16_NU_000613];knobloch2020sauji[p. 30, example (53) word 1, data 16_NU_000613];knobloch2020sauji[p. 16]",,,knobloch2020sauji:ex44:t1:w1,,,,dialect:Sv:HKAT-sdg:Sau noun Sauji-noun-class-2
Sv,,patkeṇo,behind,,,,"knobloch2020sauji[p. 26, example (44) word 4, data 16_NU_000613];knobloch2020sauji[p. 26]",,,knobloch2020sauji:ex44:t1:w4,,,,dialect:Sv:HKAT-sdg:Sau postp
Sv,,baan-oo,walk,,,,"knobloch2020sauji[p. 26, example (44) word 5, data 16_NU_000613]",,,knobloch2020sauji:ex44:t1:w5,,,,ipfv m sg verb dialect:Sv:HKAT-sdg:Sau
Sv,,čambaan-o,bark,,,,"knobloch2020sauji[p. 26, example (44) word 7, data 16_NU_000613]",,,knobloch2020sauji:ex44:t1:w7,,,,ipfv m sg verb dialect:Sv:HKAT-sdg:Sau
Sv,,čhaal-u,goat,,,,"knobloch2020sauji[p. 26, example (45) word 3, data 16_NU_000613];knobloch2020sauji[p. 30, example (52) word 3, data 16_NU_000613]",,,knobloch2020sauji:ex45:t1:w3,,,,pl obl noun dialect:Sv:HKAT-sdg:Sau
Sv,,keči,near,,,,"knobloch2020sauji[p. 26, example (45) word 4, data 16_NU_000613];knobloch2020sauji[p. 26, example (45) word 8, data 16_NU_000613];knobloch2020sauji[p. 30, example (52) word 4, data 16_NU_000613];knobloch2020sauji[p. 30, example (52) word 8, data 16_NU_000613];knobloch2020sauji[p. 26]",,,knobloch2020sauji:ex45:t1:w4,,,,dialect:Sv:HKAT-sdg:Sau postp
Sv,,lambaṛi,fox,,,,"knobloch2020sauji[p. 26, example (45) word 6, data 16_NU_000613];knobloch2020sauji[p. 30, example (52) word 6, data 16_NU_000613];knobloch2020sauji[p. 34, example (72) word 4, data 16_NU_000613]",,,knobloch2020sauji:ex45:t1:w6,,,,dialect:Sv:HKAT-sdg:Sau
Sv,,kukuṛ-u,hen,,,,"knobloch2020sauji[p. 26, example (45) word 7, data 16_NU_000613];knobloch2020sauji[p. 30, example (52) word 7, data 16_NU_000613]",,,knobloch2020sauji:ex45:t1:w7,,,,pl obl noun dialect:Sv:HKAT-sdg:Sau
Sv,,sot-i,sleep,,,,"knobloch2020sauji[p. 26, example (45) word 9, data 16_NU_000613];knobloch2020sauji[p. 30, example (52) word 9, data 16_NU_000613]",,,knobloch2020sauji:ex45:t1:w9,,,,pfv f sg verb dialect:Sv:HKAT-sdg:Sau
Sv,,zaŋgali,forest,,,,"knobloch2020sauji[p. 27, example (46) word 2, data 16_NU_000613]",,,knobloch2020sauji:ex46:t1:w2,,,,dialect:Sv:HKAT-sdg:Sau
Sv,,lumbaṛi,fox,,,,"knobloch2020sauji[p. 27, example (46) word 3, data 16_NU_000613];knobloch2020sauji[p. 30, example (53) word 3, data 16_NU_000613]",,,knobloch2020sauji:ex46:t1:w3,,,,dialect:Sv:HKAT-sdg:Sau
Sv,,kučuri,dog,,,,"knobloch2020sauji[p. 27, example (46) word 5, data 16_NU_000613]",,,knobloch2020sauji:ex46:t1:w5,,,,dialect:Sv:HKAT-sdg:Sau
Sv,,yang,"battle, conflict",,,,"knobloch2020sauji[p. 27, example (46) word 6, data 16_NU_000613]",,,knobloch2020sauji:ex46:t1:w6,,,,noun f dialect:Sv:HKAT-sdg:Sau
Sv,,bil-i,become,,,,"knobloch2020sauji[p. 27, example (46) word 7, data 16_NU_000613]",,,knobloch2020sauji:ex46:t1:w7,,,,pfv f sg verb dialect:Sv:HKAT-sdg:Sau
Sv,,kumaak,help,,,,"knobloch2020sauji[p. 27, example (47) word 4, data 51_FR_170405];knobloch2020sauji[p. 39]",,Knobloch identifies this as a loan from Pashto.,knobloch2020sauji:ex47:t1:w4,,,,dialect:Sv:HKAT-sdg:Sau loanword
Sv,,til-i,do,,,,"knobloch2020sauji[p. 27, example (47) word 5, data 51_FR_170405]",,,knobloch2020sauji:ex47:t1:w5,,,,pfv f sg verb dialect:Sv:HKAT-sdg:Sau
Sv,,laa,this,,,,"knobloch2020sauji[p. 30, example (48) word 1, data 56_FR_170403];knobloch2020sauji[p. 35, example (73) word 2, data 56_FR_170403]",,,knobloch2020sauji:ex48:t1:w1,,,,determiner demonstrative sg prox nom dialect:Sv:HKAT-sdg:Sau
Sv,,bazaar-ee,market,,,,"knobloch2020sauji[p. 30, example (49) word 2, data 10_MAN_000512];knobloch2020sauji[p. 50, example (84) word 2, data 10_MAN_000512]",,,knobloch2020sauji:ex49:t1:w2,,,,obl noun dialect:Sv:HKAT-sdg:Sau
Sv,,pišo,flour,,,,"knobloch2020sauji[p. 30, example (49) word 3, data 10_MAN_000512];knobloch2020sauji[p. 50, example (84) word 3, data 10_MAN_000512];knobloch2020sauji[p. 50, example (85) word 1, data 10_MAN_000512];knobloch2020sauji[p. 50, example (85) word 6, data 10_MAN_000512];knobloch2020sauji[p. 50, example (88) word 4, data 10_MAN_000512]",,,knobloch2020sauji:ex49:t1:w3,,,,dialect:Sv:HKAT-sdg:Sau
Sv,,ataan-o,bring,,,,"knobloch2020sauji[p. 30, example (49) word 4, data 10_MAN_000512];knobloch2020sauji[p. 50, example (84) word 4, data 10_MAN_000512]",,,knobloch2020sauji:ex49:t1:w4,,,,ipfv m sg verb dialect:Sv:HKAT-sdg:Sau
Sv,,har,every,,,,"knobloch2020sauji[p. 30, example (50) word 2, data 14_HR_000519];knobloch2020sauji[p. 33, example (62) word 2, data 14_HR_000519];knobloch2020sauji[p. 49, example (79) word 2, data 14_HR_000519]",,,knobloch2020sauji:ex50:t1:w2,,,,dialect:Sv:HKAT-sdg:Sau
Sv,,degar,evening,,,,"knobloch2020sauji[p. 30, example (50) word 3, data 14_HR_000519];knobloch2020sauji[p. 33, example (62) word 3, data 14_HR_000519];knobloch2020sauji[p. 49, example (79) word 3, data 14_HR_000519]",,,knobloch2020sauji:ex50:t1:w3,,,,dialect:Sv:HKAT-sdg:Sau
Sv,,laalapare,morning,,,,"knobloch2020sauji[p. 30, example (50) word 5, data 14_HR_000519];knobloch2020sauji[p. 33, example (62) word 5, data 14_HR_000519];knobloch2020sauji[p. 49, example (79) word 5, data 14_HR_000519]",,,knobloch2020sauji:ex50:t1:w5,,,,dialect:Sv:HKAT-sdg:Sau
Sv,,i,water,,,,"knobloch2020sauji[p. 30, example (50) word 7, data 14_HR_000519];knobloch2020sauji[p. 33, example (62) word 7, data 14_HR_000519];knobloch2020sauji[p. 49, example (79) word 7, data 14_HR_000519];knobloch2020sauji[p. 50, example (86) word 3, data 10_MAN_000512];knobloch2020sauji[p. 50, example (87) word 6, data 10_MAN_000512]",,,knobloch2020sauji:ex50:t1:w7,,,,dialect:Sv:HKAT-sdg:Sau
Sv,,talaan-oo,pour,,,,"knobloch2020sauji[p. 30, example (50) word 8, data 14_HR_000519];knobloch2020sauji[p. 33, example (62) word 8, data 14_HR_000519];knobloch2020sauji[p. 49, example (79) word 8, data 14_HR_000519]",,,knobloch2020sauji:ex50:t1:w8,,,,ipfv m sg verb dialect:Sv:HKAT-sdg:Sau
Sv,,ɬeeṛi,woman,,,,"knobloch2020sauji[p. 30, example (51) word 2, data 36_S_100213];knobloch2020sauji[p. 18]",,,knobloch2020sauji:ex51:t1:w2,,,,dialect:Sv:HKAT-sdg:Sau noun f
Sv,,moril-i,kill,,,,"knobloch2020sauji[p. 30, example (51) word 3, data 36_S_100213]",,,knobloch2020sauji:ex51:t1:w3,,,,pfv f sg verb dialect:Sv:HKAT-sdg:Sau
Sv,,sagardan,nervous,,,,"knobloch2020sauji[p. 30, example (53) word 4, data 16_NU_000613]",,,knobloch2020sauji:ex53:t1:w4,,,,dialect:Sv:HKAT-sdg:Sau
Sv,,geraan-al-ee,walk around,,,,"knobloch2020sauji[p. 30, example (53) word 5, data 16_NU_000613]",,,knobloch2020sauji:ex53:t1:w5,,,,ipfv pret m pl verb dialect:Sv:HKAT-sdg:Sau
Sv,,saatsawa,seven hundred,,,,"knobloch2020sauji[p. 30, example (54) word 4, data 19_NU_000819]",,,knobloch2020sauji:ex54:t1:w4,,,,num dialect:Sv:HKAT-sdg:Sau
Sv,,špank-ay,shepherd,,,,"knobloch2020sauji[p. 31, example (55) word 1, data 16_NU_000613]",,,knobloch2020sauji:ex55:t1:w1,,,,obl noun dialect:Sv:HKAT-sdg:Sau
Sv,,kukuṛ-ee,chicken,,,,"knobloch2020sauji[p. 31, example (55) word 3, data 16_NU_000613]",,,knobloch2020sauji:ex55:t1:w3,,,,gen noun dialect:Sv:HKAT-sdg:Sau
Sv,,phanti,feather,,,,"knobloch2020sauji[p. 31, example (55) word 4, data 16_NU_000613]",,,knobloch2020sauji:ex55:t1:w4,,,,dialect:Sv:HKAT-sdg:Sau
Sv,,torati,,,,,"knobloch2020sauji[p. 31, example (55) word 5, data 16_NU_000613]",,,knobloch2020sauji:ex55:t1:w5,,,,uncertain dialect:Sv:HKAT-sdg:Sau
Sv,,šahedi,,,,,"knobloch2020sauji[p. 31, example (55) word 6, data 16_NU_000613]",,,knobloch2020sauji:ex55:t1:w6,,,,uncertain dialect:Sv:HKAT-sdg:Sau
Sv,,man-ani,"say, speak, read",,,,"knobloch2020sauji[p. 31, example (55) word 7, data 16_NU_000613]",,,knobloch2020sauji:ex55:t1:w7,,,,verb ipfv f sg dialect:Sv:HKAT-sdg:Sau
Sv,,kukuṛ,chicken,,,,"knobloch2020sauji[p. 31, example (55) word 1, data 16_NU_000613]",,,knobloch2020sauji:ex55:t2:w1,,,,dialect:Sv:HKAT-sdg:Sau
Sv,,thi,you,,,,"knobloch2020sauji[p. 31, example (55) word 2, data 16_NU_000613]",,,knobloch2020sauji:ex55:t2:w2,,,,dialect:Sv:HKAT-sdg:Sau
Sv,,šair-e,poet,,,,"knobloch2020sauji[p. 31, example (56) word 1]",,,knobloch2020sauji:ex56:t1:w1,,,,obl noun dialect:Sv:HKAT-sdg:Sau
Sv,,ti,you (singular),,,,"knobloch2020sauji[p. 31, example (56) word 3]",,,knobloch2020sauji:ex56:t1:w3,,,,2sg pron erg dialect:Sv:HKAT-sdg:Sau
Sv,,maṭe,to me,,,,"knobloch2020sauji[p. 31, example (56) word 4]",,,knobloch2020sauji:ex56:t1:w4,,,,1sg pron acc dialect:Sv:HKAT-sdg:Sau
Sv,,salim,Saleem,,,,"knobloch2020sauji[p. 31, example (57) word 1, data 46_FS_100213]",,,knobloch2020sauji:ex57:t1:w1,,,,proper-noun dialect:Sv:HKAT-sdg:Sau
Sv,,aṭ-oom-oo,bring,,,,"knobloch2020sauji[p. 31, example (57) word 4, data 46_FS_100213]",,,knobloch2020sauji:ex57:t1:w4,,,,fut m sg verb dialect:Sv:HKAT-sdg:Sau
Sv,,čed,loan,,,,"knobloch2020sauji[p. 31, example (58) word 2, data 17_NU_000613]",,,knobloch2020sauji:ex58:t1:w2,,,,dialect:Sv:HKAT-sdg:Sau
Sv,,piyonaan-oo,know,,,,"knobloch2020sauji[p. 32, example (59) word 3, data 36_S_100213]",,,knobloch2020sauji:ex59:t1:w3,,,,ipfv m sg verb dialect:Sv:HKAT-sdg:Sau
Sv,,grome,village,,,,"knobloch2020sauji[p. 32, example (61) word 2, data 19_NU_000819]",,,knobloch2020sauji:ex61:t1:w2,,,,dialect:Sv:HKAT-sdg:Sau
Sv,,sami,all,,,,"knobloch2020sauji[p. 32, example (61) word 3, data 19_NU_000819];knobloch2020sauji[p. 50, example (83) word 3, data 10_MAN_000512]",,,knobloch2020sauji:ex61:t1:w3,,,,dialect:Sv:HKAT-sdg:Sau
Sv,,xalak-a,people,,,,"knobloch2020sauji[p. 32, example (61) word 4, data 19_NU_000819]",,,knobloch2020sauji:ex61:t1:w4,,,,pl nom noun dialect:Sv:HKAT-sdg:Sau
Sv,,saujibid-ee,Sauji language,,,,"knobloch2020sauji[p. 32, example (61) word 5, data 19_NU_000819]",,,knobloch2020sauji:ex61:t1:w5,,,,noun obl dialect:Sv:HKAT-sdg:Sau
Sv,,bati,speech,,,,"knobloch2020sauji[p. 32, example (61) word 6, data 19_NU_000819]",,,knobloch2020sauji:ex61:t1:w6,,,,dialect:Sv:HKAT-sdg:Sau
Sv,,thaan-ee,do,,,,"knobloch2020sauji[p. 32, example (61) word 7, data 19_NU_000819]",,,knobloch2020sauji:ex61:t1:w7,,,,ipfv m pl verb dialect:Sv:HKAT-sdg:Sau
Sv,,ǰandraaw,snake,,,,"knobloch2020sauji[p. 33, example (65) word 1, data 51_FR_170405]",,,knobloch2020sauji:ex65:t1:w1,,,,nom noun dialect:Sv:HKAT-sdg:Sau
Sv,,muṛ-oo,die,,,,"knobloch2020sauji[p. 33, example (65) word 2, data 51_FR_170405]",,,knobloch2020sauji:ex65:t1:w2,,,,pfv m sg verb dialect:Sv:HKAT-sdg:Sau
Sv,,hansil-i,laugh,,,,"knobloch2020sauji[p. 33, example (66) word 3, data 51_FR_170405]",,,knobloch2020sauji:ex66:t1:w3,,,,pfv f sg verb dialect:Sv:HKAT-sdg:Sau
Sv,,yaan-u,come,,,,"knobloch2020sauji[p. 34, example (68) word 2, data 46_FS_100213]",,,knobloch2020sauji:ex68:t1:w2,,,,ipfv m sg verb dialect:Sv:HKAT-sdg:Sau
Sv,,wol-aal-oo,come,,,,"knobloch2020sauji[p. 34, example (70) word 2, data 46_FS_100213]",,,knobloch2020sauji:ex70:t1:w2,,,,pfv pret m sg verb dialect:Sv:HKAT-sdg:Sau
Sv,,kučure,dog,,,,"knobloch2020sauji[p. 34, example (72) word 2, data 16_NU_000613]",,,knobloch2020sauji:ex72:t1:w2,,,,dialect:Sv:HKAT-sdg:Sau
Sv,,diya,to,,,,"knobloch2020sauji[p. 34, example (72) word 5, data 16_NU_000613]",,,knobloch2020sauji:ex72:t1:w5,,,,uncertain dialect:Sv:HKAT-sdg:Sau
Sv,,topos,question,,,,"knobloch2020sauji[p. 34, example (72) word 6, data 16_NU_000613];knobloch2020sauji[p. 39]",,Knobloch identifies this as a loan from Pashto.,knobloch2020sauji:ex72:t1:w6,,,,dialect:Sv:HKAT-sdg:Sau loanword
Sv,,thil-i,do,,,,"knobloch2020sauji[p. 34, example (72) word 7, data 16_NU_000613]",,,knobloch2020sauji:ex72:t1:w7,,,,pfv f sg verb dialect:Sv:HKAT-sdg:Sau
Sv,,kukuṛi,hen,,,,"knobloch2020sauji[p. 34, example (72) word 8, data 16_NU_000613];knobloch2020sauji[p. 17]",,,knobloch2020sauji:ex72:t1:w8,,,,dialect:Sv:HKAT-sdg:Sau noun f
Sv,,ga,what,,,,"knobloch2020sauji[p. 34, example (72) word 9, data 16_NU_000613];knobloch2020sauji[p. 34]",,,knobloch2020sauji:ex72:t1:w9,,,,dialect:Sv:HKAT-sdg:Sau interr pron
Sv,,bil-o,become,,,,"knobloch2020sauji[p. 34, example (72) word 10, data 16_NU_000613]",,,knobloch2020sauji:ex72:t1:w10,,,,pfv m sg verb dialect:Sv:HKAT-sdg:Sau
Sv,,aya,question marker,,,,"knobloch2020sauji[p. 35, example (73) word 1, data 56_FR_170403]",,,knobloch2020sauji:ex73:t1:w1,,,,interr part dialect:Sv:HKAT-sdg:Sau
Sv,,tusi,you (singular),,,,"knobloch2020sauji[p. 35, example (73) word 3, data 56_FR_170403]",,,knobloch2020sauji:ex73:t1:w3,,,,2sg pron gen dialect:Sv:HKAT-sdg:Sau
Sv,,gan-oo,big,,,,"knobloch2020sauji[p. 35, example (74) word 3, data 16_NU_000613]",,,knobloch2020sauji:ex74:t1:w3,,,,m sg adj dialect:Sv:HKAT-sdg:Sau
Sv,,kukuṛ,hen,,,,"knobloch2020sauji[p. 35, example (74) word 4, data 16_NU_000613]",,,knobloch2020sauji:ex74:t1:w4,,,,dialect:Sv:HKAT-sdg:Sau
Sv,,ne,not,,,,"knobloch2020sauji[p. 35, example (74) word 5, data 16_NU_000613]",,,knobloch2020sauji:ex74:t1:w5,,,,dialect:Sv:HKAT-sdg:Sau
Sv,,rati,on,,,,"knobloch2020sauji[p. 36, example (76) word 3, data 18_BS_000709];knobloch2020sauji[p. 36, example (76) word 6, data 18_BS_000709];knobloch2020sauji[p. 49, example (82) word 8, data 20_NU_000819]",,,knobloch2020sauji:ex76:t1:w3,,,,dialect:Sv:HKAT-sdg:Sau
Sv,,mox-e,face,,,,"knobloch2020sauji[p. 36, example (76) word 5, data 18_BS_000709]",,,knobloch2020sauji:ex76:t1:w5,,,,obl noun dialect:Sv:HKAT-sdg:Sau
Sv,,n-eel-i,not be,,,,"knobloch2020sauji[p. 36, example (76) word 8, data 18_BS_000709]",,,knobloch2020sauji:ex76:t1:w8,,,,verb neg pret f sg dialect:Sv:HKAT-sdg:Sau
Sv,,terčapera,surrounding,,,,"knobloch2020sauji[p. 49, example (80) word 3, data 20_NU_000819]",,,knobloch2020sauji:ex80:t1:w3,,,,dialect:Sv:HKAT-sdg:Sau
Sv,,leka,counting,,,,"knobloch2020sauji[p. 49, example (81) word 1, data 20_NU_000819]",,,knobloch2020sauji:ex81:t1:w1,,,,dialect:Sv:HKAT-sdg:Sau
Sv,,azirgala,Azgiral,,,,"knobloch2020sauji[p. 49, example (81) word 2, data 20_NU_000819]",,,knobloch2020sauji:ex81:t1:w2,,,,proper-noun dialect:Sv:HKAT-sdg:Sau
Sv,,grom,village,,,,"knobloch2020sauji[p. 49, example (81) word 3, data 20_NU_000819];knobloch2020sauji[p. 49, example (81) word 5, data 20_NU_000819]",,,knobloch2020sauji:ex81:t1:w3,,,,dialect:Sv:HKAT-sdg:Sau
Sv,,šergala,Shergal,,,,"knobloch2020sauji[p. 49, example (81) word 4, data 20_NU_000819]",,,knobloch2020sauji:ex81:t1:w4,,,,proper-noun dialect:Sv:HKAT-sdg:Sau
Sv,,sau-gaṛi,Sau,,,,"knobloch2020sauji[p. 49, example (81) word 6, data 20_NU_000819]",,,knobloch2020sauji:ex81:t1:w6,,,,proper-noun dialect:Sv:HKAT-sdg:Sau
Sv,,torsan,Torsan,,,,"knobloch2020sauji[p. 49, example (81) word 7, data 20_NU_000819]",,,knobloch2020sauji:ex81:t1:w7,,,,proper-noun dialect:Sv:HKAT-sdg:Sau
Sv,,zaŋgabošo,Zangabosho,,,,"knobloch2020sauji[p. 49, example (81) word 8, data 20_NU_000819]",,,knobloch2020sauji:ex81:t1:w8,,,,proper-noun dialect:Sv:HKAT-sdg:Sau
Sv,,kamtili,Kamtili,,,,"knobloch2020sauji[p. 49, example (81) word 9, data 20_NU_000819]",,,knobloch2020sauji:ex81:t1:w9,,,,proper-noun dialect:Sv:HKAT-sdg:Sau
Sv,,aḍe,some,,,,"knobloch2020sauji[p. 49, example (82) word 3, data 20_NU_000819]",,,knobloch2020sauji:ex82:t1:w3,,,,dialect:Sv:HKAT-sdg:Sau
Sv,,xawar,flat,,,,"knobloch2020sauji[p. 49, example (82) word 4, data 20_NU_000819];knobloch2020sauji[p. 39]",,Knobloch identifies this as a loan from Pashto.,knobloch2020sauji:ex82:t1:w4,,,,dialect:Sv:HKAT-sdg:Sau loanword
Sv,,aḍi-bi,"some, also",,,,"knobloch2020sauji[p. 49, example (82) word 6, data 20_NU_000819];knobloch2020sauji[p. 49, example (82) word 10, data 20_NU_000819]",,,knobloch2020sauji:ex82:t1:w6,,,,dialect:Sv:HKAT-sdg:Sau
Sv,,moṛ-u,mountain,,,,"knobloch2020sauji[p. 49, example (82) word 7, data 20_NU_000819]",,,knobloch2020sauji:ex82:t1:w7,,,,obl pl noun dialect:Sv:HKAT-sdg:Sau
Sv,,daro,valley,,,,"knobloch2020sauji[p. 49, example (82) word 1, data 20_NU_000819]",,,knobloch2020sauji:ex82:t2:w1,,,,dialect:Sv:HKAT-sdg:Sau
Sv,,wasedal,live,,,,"knobloch2020sauji[p. 49, example (82) word 2, data 20_NU_000819]",,,knobloch2020sauji:ex82:t2:w2,,,,dialect:Sv:HKAT-sdg:Sau
Sv,,baan-ee,become,,,,"knobloch2020sauji[p. 49, example (82) word 3, data 20_NU_000819]",,,knobloch2020sauji:ex82:t2:w3,,,,ipfv m pl verb dialect:Sv:HKAT-sdg:Sau
Sv,,bora-bato,Pashto language,,,,"knobloch2020sauji[p. 50, example (83) word 4, data 10_MAN_000512]",,,knobloch2020sauji:ex83:t1:w4,,,,noun dialect:Sv:HKAT-sdg:Sau
Sv,,bata,speech,,,,"knobloch2020sauji[p. 50, example (83) word 5, data 10_MAN_000512]",,,knobloch2020sauji:ex83:t1:w5,,,,dialect:Sv:HKAT-sdg:Sau
Sv,,than-ee,do,,,,"knobloch2020sauji[p. 50, example (83) word 6, data 10_MAN_000512]",,,knobloch2020sauji:ex83:t1:w6,,,,ipfv m pl verb dialect:Sv:HKAT-sdg:Sau
Sv,,ataan-oo,bring,,,,"knobloch2020sauji[p. 50, example (85) word 2, data 10_MAN_000512]",,,knobloch2020sauji:ex85:t1:w2,,,,ipfv m sg verb dialect:Sv:HKAT-sdg:Sau
Sv,,lade,here,,,,"knobloch2020sauji[p. 50, example (85) word 3, data 10_MAN_000512]",,,knobloch2020sauji:ex85:t1:w3,,,,dialect:Sv:HKAT-sdg:Sau
Sv,,ɬer-a,woman,,,,"knobloch2020sauji[p. 50, example (85) word 5, data 10_MAN_000512]",,,knobloch2020sauji:ex85:t1:w5,,,,pl dialect:Sv:HKAT-sdg:Sau
Sv,,čaŋ,sieve,,,,"knobloch2020sauji[p. 50, example (85) word 7, data 10_MAN_000512]",,,knobloch2020sauji:ex85:t1:w7,,,,dialect:Sv:HKAT-sdg:Sau
Sv,,theen-e,do,,,,"knobloch2020sauji[p. 50, example (85) word 8, data 10_MAN_000512];knobloch2020sauji[p. 50, example (86) word 8, data 10_MAN_000512]",,,knobloch2020sauji:ex85:t1:w8,,,,ipfv f pl verb dialect:Sv:HKAT-sdg:Sau
Sv,,taleen-e,pour,,,,"knobloch2020sauji[p. 50, example (86) word 4, data 10_MAN_000512]",,,knobloch2020sauji:ex86:t1:w4,,,,ipfv f pl verb dialect:Sv:HKAT-sdg:Sau
Sv,,kačo,particles,,,,"knobloch2020sauji[p. 50, example (86) word 5, data 10_MAN_000512];knobloch2020sauji[p. 50, example (87) word 1, data 10_MAN_000512]",,,knobloch2020sauji:ex86:t1:w5,,,,dialect:Sv:HKAT-sdg:Sau
Sv,,mačo,echo,,,,"knobloch2020sauji[p. 50, example (86) word 6, data 10_MAN_000512]",,,knobloch2020sauji:ex86:t1:w6,,,,dialect:Sv:HKAT-sdg:Sau
Sv,,pare,away,,,,"knobloch2020sauji[p. 50, example (86) word 7, data 10_MAN_000512];knobloch2020sauji[p. 50, example (87) word 2, data 10_MAN_000512]",,,knobloch2020sauji:ex86:t1:w7,,,,dialect:Sv:HKAT-sdg:Sau
Sv,,thil-o,do,,,,"knobloch2020sauji[p. 50, example (87) word 3, data 10_MAN_000512]",,,knobloch2020sauji:ex87:t1:w3,,,,pfv m sg verb dialect:Sv:HKAT-sdg:Sau
Sv,,bo,when,,,,"knobloch2020sauji[p. 50, example (87) word 4, data 10_MAN_000512];knobloch2020sauji[p. 50, example (92) word 3, data 10_MAN_000512]",,,knobloch2020sauji:ex87:t1:w4,,,,uncertain dialect:Sv:HKAT-sdg:Sau
Sv,,talaan-e,pour,,,,"knobloch2020sauji[p. 50, example (87) word 7, data 10_MAN_000512];knobloch2020sauji[p. 50, example (88) word 5, data 10_MAN_000512]",,,knobloch2020sauji:ex87:t1:w7,,,,ipfv f pl verb dialect:Sv:HKAT-sdg:Sau sg
Sv,,laganema,baking board,,,,"knobloch2020sauji[p. 50, example (87) word 8, data 10_MAN_000512]",,,knobloch2020sauji:ex87:t1:w8,,,,dialect:Sv:HKAT-sdg:Sau
Sv,,laganama,baking board,,,,"knobloch2020sauji[p. 50, example (88) word 1, data 10_MAN_000512]",,,knobloch2020sauji:ex88:t1:w1,,,,dialect:Sv:HKAT-sdg:Sau
Sv,,tel-oo,pour,,,,"knobloch2020sauji[p. 50, example (88) word 2, data 10_MAN_000512]",,,knobloch2020sauji:ex88:t1:w2,,,,pfv m sg verb dialect:Sv:HKAT-sdg:Sau
Sv,,pišu,flour,,,,"knobloch2020sauji[p. 50, example (89) word 1, data 10_MAN_000512]",,,knobloch2020sauji:ex89:t1:w1,,,,dialect:Sv:HKAT-sdg:Sau
Sv,,gozan-e,knead,,,,"knobloch2020sauji[p. 50, example (89) word 3, data 10_MAN_000512]",,,knobloch2020sauji:ex89:t1:w3,,,,ipfv f pl verb dialect:Sv:HKAT-sdg:Sau
Sv,,due,"two, both",,,,"knobloch2020sauji[p. 50, example (89) word 4, data 10_MAN_000512]",,,knobloch2020sauji:ex89:t1:w4,,,,num dialect:Sv:HKAT-sdg:Sau
Sv,,haat-o-de,hand,,,,"knobloch2020sauji[p. 50, example (89) word 5, data 10_MAN_000512]",,,knobloch2020sauji:ex89:t1:w5,,,,noun obl pl dialect:Sv:HKAT-sdg:Sau
Sv,,taandor-e,oven,,,,"knobloch2020sauji[p. 50, example (91) word 2, data 10_MAN_000512]",,,knobloch2020sauji:ex91:t1:w2,,,,obl noun dialect:Sv:HKAT-sdg:Sau
Sv,,mandili,bread,,,,"knobloch2020sauji[p. 50, example (91) word 3, data 10_MAN_000512];knobloch2020sauji[p. 50, example (92) word 1, data 10_MAN_000512]",,,knobloch2020sauji:ex91:t1:w3,,,,dialect:Sv:HKAT-sdg:Sau
Sv,,pačowaan-i,cook,,,,"knobloch2020sauji[p. 50, example (91) word 4, data 10_MAN_000512]",,,knobloch2020sauji:ex91:t1:w4,,,,ipfv f sg verb dialect:Sv:HKAT-sdg:Sau
Sv,,pačoaal-i,cook,,,,"knobloch2020sauji[p. 50, example (92) word 2, data 10_MAN_000512]",,,knobloch2020sauji:ex92:t1:w2,,,,pfv f sg verb dialect:Sv:HKAT-sdg:Sau
Sv,,peekibo,cooked,,,,"knobloch2020sauji[p. 50, example (92) word 5, data 10_MAN_000512]",,,knobloch2020sauji:ex92:t1:w5,,,,uncertain dialect:Sv:HKAT-sdg:Sau
Sv,,khuwaan-e,eat,,,,"knobloch2020sauji[p. 50, example (92) word 7, data 10_MAN_000512]",,,knobloch2020sauji:ex92:t1:w7,,,,ipfv f pl verb dialect:Sv:HKAT-sdg:Sau
Sv,,bhyeṇ,sister,,,,knobloch2020sauji[p. 12],,,knobloch2020sauji:p16:c1,,,,noun dialect:Sv:HKAT-sdg:Sau
Sv,,musaaferi,journey,,,,knobloch2020sauji[p. 12],,,knobloch2020sauji:p16:c2,,,,noun dialect:Sv:HKAT-sdg:Sau
Sv,,piši,cat,,,,knobloch2020sauji[p. 16],,,knobloch2020sauji:p20:c3,,,,noun f Sauji-noun-class-3 dialect:Sv:HKAT-sdg:Sau
Sv,,si,bridge,,,,knobloch2020sauji[p. 16];knobloch2020sauji[p. 17],,,knobloch2020sauji:p20:c4,,,,noun f Sauji-noun-class-1 dialect:Sv:HKAT-sdg:Sau
Sv,,piloo,ant,,,,knobloch2020sauji[p. 16];knobloch2020sauji[p. 17],,,knobloch2020sauji:p20:c5,,,,noun Sauji-noun-class-2 dialect:Sv:HKAT-sdg:Sau m
Sv,,suri,sun,,,,knobloch2020sauji[p. 16];knobloch2020sauji[p. 17],,,knobloch2020sauji:p20:c6,,,,noun Sauji-noun-class-3 dialect:Sv:HKAT-sdg:Sau f
Sv,,kučuroo,male dog,,,,knobloch2020sauji[p. 16];knobloch2020sauji[p. 17],,,knobloch2020sauji:p20:c7,,,,noun m dialect:Sv:HKAT-sdg:Sau
Sv,,kučuri,female dog,,,,knobloch2020sauji[p. 16],,,knobloch2020sauji:p20:c8,,,,noun f dialect:Sv:HKAT-sdg:Sau
Sv,,nawaasu,grandson,,,,knobloch2020sauji[p. 16],,,knobloch2020sauji:p20:c9,,,,noun m dialect:Sv:HKAT-sdg:Sau
Sv,,nawaasi,granddaughter,,,,knobloch2020sauji[p. 16],,,knobloch2020sauji:p20:c10,,,,noun f dialect:Sv:HKAT-sdg:Sau
Sv,,kukur,male chicken,,,,knobloch2020sauji[p. 16],,,knobloch2020sauji:p20:c11,,,,noun m dialect:Sv:HKAT-sdg:Sau
Sv,,kukuri,female chicken,,,,knobloch2020sauji[p. 16],,,knobloch2020sauji:p20:c12,,,,noun f dialect:Sv:HKAT-sdg:Sau
Sv,,inč,male bear,,,,knobloch2020sauji[p. 16],,,knobloch2020sauji:p20:c13,,,,noun m dialect:Sv:HKAT-sdg:Sau
Sv,,inčeṛi,female bear,,,,knobloch2020sauji[p. 16],,,knobloch2020sauji:p20:c14,,,,noun f dialect:Sv:HKAT-sdg:Sau
Sv,,anguri,finger,,,,knobloch2020sauji[p. 16];knobloch2020sauji[p. 17],,,knobloch2020sauji:p20:c15,,,,noun dialect:Sv:HKAT-sdg:Sau f
Sv,,anguṭo,thumb,,,,knobloch2020sauji[p. 16],,,knobloch2020sauji:p20:c16,,,,noun dialect:Sv:HKAT-sdg:Sau
Sv,,kitaaba,books,,,,knobloch2020sauji[p. 17],,,knobloch2020sauji:p21:c2,,,,noun pl dialect:Sv:HKAT-sdg:Sau
Sv,,meez,table,,,,knobloch2020sauji[p. 17],,,knobloch2020sauji:p21:c3,,,,noun m dialect:Sv:HKAT-sdg:Sau
Sv,,meeza,tables,,,,knobloch2020sauji[p. 17],,,knobloch2020sauji:p21:c4,,,,noun pl dialect:Sv:HKAT-sdg:Sau
Sv,,sia,bridges,,,,knobloch2020sauji[p. 17],,,knobloch2020sauji:p21:c6,,,,noun pl dialect:Sv:HKAT-sdg:Sau
Sv,,kučuree,dogs,,,,knobloch2020sauji[p. 17],,,knobloch2020sauji:p21:c8,,,,noun pl dialect:Sv:HKAT-sdg:Sau
Sv,,pilee,ants,,,,knobloch2020sauji[p. 17],,,knobloch2020sauji:p21:c10,,,,noun pl dialect:Sv:HKAT-sdg:Sau
Sv,,sure,suns,,,,knobloch2020sauji[p. 17],,,knobloch2020sauji:p21:c12,,,,noun pl dialect:Sv:HKAT-sdg:Sau
Sv,,angure,fingers,,,,knobloch2020sauji[p. 17],,,knobloch2020sauji:p21:c14,,,,noun pl dialect:Sv:HKAT-sdg:Sau
Sv,,kukuṛe,hens,,,,knobloch2020sauji[p. 17],,,knobloch2020sauji:p21:c16,,,,noun pl dialect:Sv:HKAT-sdg:Sau
Sv,,bra,brother,,,,knobloch2020sauji[p. 17],,,knobloch2020sauji:p21:c17,,,,noun dialect:Sv:HKAT-sdg:Sau
Sv,,ṭee,"to, towards, at",,,,knobloch2020sauji[p. 19],,,knobloch2020sauji:p23:c1,,,,postp dialect:Sv:HKAT-sdg:Sau
Sv,,bowṛiyee ɬeṛi,paternal uncle’s wife,,,,knobloch2020sauji[p. 19],,,knobloch2020sauji:p23:c2,,,,multiword-expression dialect:Sv:HKAT-sdg:Sau
Sv,,saraaṇiyee miš,wife’s sisters husband,,,,knobloch2020sauji[p. 19],,,knobloch2020sauji:p23:c3,,,,multiword-expression dialect:Sv:HKAT-sdg:Sau
Sv,,bowṛi,paternal uncle,,,,knobloch2020sauji[p. 19],,,knobloch2020sauji:p23:c4,,,,noun dialect:Sv:HKAT-sdg:Sau
Sv,,saraaṇi,wife’s sister,,,,knobloch2020sauji[p. 19],,,knobloch2020sauji:p23:c5,,,,noun dialect:Sv:HKAT-sdg:Sau
Sv,,asondiyo,from us,,,,knobloch2020sauji[p. 21],,,knobloch2020sauji:p25:c1,,,,dialect:Sv:HKAT-sdg:Sau pron 1pl postp
Sv,,diyo,from,,,,knobloch2020sauji[p. 21],,,knobloch2020sauji:p25:c2,,,,postp dialect:Sv:HKAT-sdg:Sau
Sv,,ganu,"old, big, tall",,,,knobloch2020sauji[p. 23],,,knobloch2020sauji:p27:c2,,,,adj dialect:Sv:HKAT-sdg:Sau
Sv,,lawu,"young, small",,,,knobloch2020sauji[p. 23],,,knobloch2020sauji:p27:c3,,,,adj dialect:Sv:HKAT-sdg:Sau
Sv,,ganeeroo,older,,,,knobloch2020sauji[p. 23],,,knobloch2020sauji:p27:c4,,,,adj degree dialect:Sv:HKAT-sdg:Sau
Sv,,ganeere,"the elders, leaders",,,,knobloch2020sauji[p. 23],,,knobloch2020sauji:p27:c5,,,,noun pl dialect:Sv:HKAT-sdg:Sau
Sv,,saat,7,,,,knobloch2020sauji[p. 25],,,knobloch2020sauji:p29:c1,,,,num dialect:Sv:HKAT-sdg:Sau
Sv,,rate,on,,,,knobloch2020sauji[p. 26];knobloch2020sauji[p. 39],,Knobloch identifies this as a loan from Gawarbati.,knobloch2020sauji:p30:c1,,,,postp dialect:Sv:HKAT-sdg:Sau loanword
Sv,,menǰi,between,,,,knobloch2020sauji[p. 26],,,knobloch2020sauji:p30:c4,,,,postp dialect:Sv:HKAT-sdg:Sau
Sv,,ṣači,because of,,,,knobloch2020sauji[p. 26],,,knobloch2020sauji:p30:c6,,,,postp dialect:Sv:HKAT-sdg:Sau
Sv,,di,"to, towards",,,,knobloch2020sauji[p. 26],,,knobloch2020sauji:p30:c7,,,,postp dialect:Sv:HKAT-sdg:Sau
Sv,,gošte,similar to,,,,knobloch2020sauji[p. 26],,,knobloch2020sauji:p30:c8,,,,postp dialect:Sv:HKAT-sdg:Sau
Sv,,keeṇi,"towards, in the direction of",,,,knobloch2020sauji[p. 26],,,knobloch2020sauji:p30:c9,,,,postp dialect:Sv:HKAT-sdg:Sau
Sv,,ṣaa,into,,,,knobloch2020sauji[p. 26],,,knobloch2020sauji:p30:c10,,,,postp dialect:Sv:HKAT-sdg:Sau
Sv,,si,together with,,,,knobloch2020sauji[p. 26],,,knobloch2020sauji:p30:c11,,,,postp dialect:Sv:HKAT-sdg:Sau
Sv,,muxaamšuṇi,in front of,,,,knobloch2020sauji[p. 26],,,knobloch2020sauji:p30:c12,,,,postp dialect:Sv:HKAT-sdg:Sau
Sv,,ṭoopee,under,,,,knobloch2020sauji[p. 26],,,knobloch2020sauji:p30:c13,,,,postp dialect:Sv:HKAT-sdg:Sau
Sv,,pa,after (temporal),,,printed as pa/patuno,knobloch2020sauji[p. 26],,,knobloch2020sauji:p30:c14,,,,postp dialect:Sv:HKAT-sdg:Sau
Sv,,patuno,after (temporal),,,printed as pa/patuno,knobloch2020sauji[p. 26],,,knobloch2020sauji:p30:c14:v2,knobloch2020sauji:p30:c14,,,postp dialect:Sv:HKAT-sdg:Sau
Sv,,daḍee,in the direction of,,,,knobloch2020sauji[p. 26],,,knobloch2020sauji:p30:c15,,,,postp dialect:Sv:HKAT-sdg:Sau
Sv,,patkeṇi,behind,,,,knobloch2020sauji[p. 26],,,knobloch2020sauji:p30:c20,,,,postp dialect:Sv:HKAT-sdg:Sau
Sv,,khamno,will eat,,,,knobloch2020sauji[p. 29],,,knobloch2020sauji:p33:c15,,,,verb fut dialect:Sv:HKAT-sdg:Sau
Sv,,yomo,will come,,,printed as yomo/yomi,knobloch2020sauji[p. 29],,,knobloch2020sauji:p33:c16,,,,verb fut dialect:Sv:HKAT-sdg:Sau
Sv,,yomi,will come,,,printed as yomo/yomi,knobloch2020sauji[p. 29],,,knobloch2020sauji:p33:c16:v2,knobloch2020sauji:p33:c16,,,verb fut dialect:Sv:HKAT-sdg:Sau
Sv,,aṭomo,will bring,,,,knobloch2020sauji[p. 29],,,knobloch2020sauji:p33:c17,,,,verb fut dialect:Sv:HKAT-sdg:Sau
Sv,,paša,show!,,,,knobloch2020sauji[p. 29],,,knobloch2020sauji:p33:c18,,,,verb impv dialect:Sv:HKAT-sdg:Sau
Sv,,khaa,eat!,,,,knobloch2020sauji[p. 29],,,knobloch2020sauji:p33:c19,,,,verb impv dialect:Sv:HKAT-sdg:Sau
Sv,,pašuwanu,show,,,printed as pašu(w)anu,knobloch2020sauji[p. 29],,,knobloch2020sauji:p33:c20,,,,verb caus dialect:Sv:HKAT-sdg:Sau
Sv,,pašuanu,show,,,printed as pašu(w)anu,knobloch2020sauji[p. 29],,,knobloch2020sauji:p33:c20:v2,knobloch2020sauji:p33:c20,,,verb caus dialect:Sv:HKAT-sdg:Sau
Sv,,pašaanu,see,,,,knobloch2020sauji[p. 29],,,knobloch2020sauji:p33:c21,,,,verb dialect:Sv:HKAT-sdg:Sau
Sv,,muro,died,,,,knobloch2020sauji[p. 29],,,knobloch2020sauji:p33:c22,,,,verb pfv dialect:Sv:HKAT-sdg:Sau
Sv,,morilo,killed,,,,knobloch2020sauji[p. 29],,,knobloch2020sauji:p33:c23,,,,verb pfv caus dialect:Sv:HKAT-sdg:Sau
Sv,,ko,who,,,,knobloch2020sauji[p. 34],,,knobloch2020sauji:p38:c4,,,,interr pron dialect:Sv:HKAT-sdg:Sau
Sv,,keti,how many,,,,knobloch2020sauji[p. 34],,,knobloch2020sauji:p38:c5,,,,interr pron dialect:Sv:HKAT-sdg:Sau
Sv,,kaaree,when,,,printed as kaaree/karee,knobloch2020sauji[p. 34],,,knobloch2020sauji:p38:c6,,,,interr pron dialect:Sv:HKAT-sdg:Sau
Sv,,karee,when,,,printed as kaaree/karee,knobloch2020sauji[p. 34],,,knobloch2020sauji:p38:c6:v2,knobloch2020sauji:p38:c6,,,interr pron dialect:Sv:HKAT-sdg:Sau
Sv,,hino,is,,,,knobloch2020sauji[p. 39],,,knobloch2020sauji:p43:c2,,,,verb copula pres dialect:Sv:HKAT-sdg:Sau
Sv,,thomno,will do,,,,knobloch2020sauji[p. 39],,,knobloch2020sauji:p43:c3,,,,verb fut dialect:Sv:HKAT-sdg:Sau
Sv,,rupai,money,,,,knobloch2020sauji[p. 39],,Knobloch identifies this as a loan from Gawarbati.,knobloch2020sauji:p43:c5,,,,loanword dialect:Sv:HKAT-sdg:Sau
Sv,,ḍuṅgo,knee,,,,knobloch2020sauji[p. 39],,Knobloch identifies this as a loan from Gawarbati.,knobloch2020sauji:p43:c6,,,,loanword dialect:Sv:HKAT-sdg:Sau
Sv,,giri,"then, again",,,,knobloch2020sauji[p. 39],,Knobloch identifies this as a loan from Gawarbati.,knobloch2020sauji:p43:c7,,,,loanword dialect:Sv:HKAT-sdg:Sau
Sv,,xo,"but, however",,,,knobloch2020sauji[p. 39],,Knobloch identifies this as a loan from Pashto.,knobloch2020sauji:p43:c10,,,,loanword dialect:Sv:HKAT-sdg:Sau
Sv,,mana,apple,,,,knobloch2020sauji[p. 39],,Knobloch identifies this as a loan from Pashto.,knobloch2020sauji:p43:c11,,,,loanword dialect:Sv:HKAT-sdg:Sau
Sv,,brawu,brothers,,,,knobloch2020sauji[p. 17],,,knobloch2020sauji:prose:p17:1,,,,noun pl dialect:Sv:HKAT-sdg:Sau
Sv,,ǰitaka,boys,,,,knobloch2020sauji[p. 17],,,knobloch2020sauji:prose:p17:2,,,,noun pl dialect:Sv:HKAT-sdg:Sau
Sv,,ǰib,tongue,,,,knobloch2020sauji[p. 17],,,knobloch2020sauji:prose:p17:3,,,,noun dialect:Sv:HKAT-sdg:Sau
Sv,,ǰiba,tongues,,,,knobloch2020sauji[p. 17],,,knobloch2020sauji:prose:p17:4,,,,noun pl dialect:Sv:HKAT-sdg:Sau
Sv,,beeṇ,sister,,,,knobloch2020sauji[p. 17],,,knobloch2020sauji:prose:p17:5,,,,noun dialect:Sv:HKAT-sdg:Sau
Sv,,beeṇa,sisters,,,,knobloch2020sauji[p. 17],,,knobloch2020sauji:prose:p17:6,,,,noun pl dialect:Sv:HKAT-sdg:Sau
Sv,,maṭee,to me,,,,knobloch2020sauji[p. 20];buddruss1967sau[p. 39],,,knobloch2020sauji:prose:p20:1,,,,pron 1sg dat dialect:Sv:HKAT-sdg:Sau
Sv,,tuṭee,to you (singular),,,,knobloch2020sauji[p. 20];buddruss1967sau[p. 39],,,knobloch2020sauji:prose:p20:2,,,,pron 2sg dat dialect:Sv:HKAT-sdg:Sau
Sv,,asonṭee,to us,,,,knobloch2020sauji[p. 20];buddruss1967sau[p. 39],,,knobloch2020sauji:prose:p20:3,,,,pron 1pl dat dialect:Sv:HKAT-sdg:Sau
Sv,,tusoṇṭee,to you (plural),,,,knobloch2020sauji[p. 20];buddruss1967sau[p. 39],,,knobloch2020sauji:prose:p20:4,,,,pron 2pl dat dialect:Sv:HKAT-sdg:Sau
Sv,,asan,us,,,,knobloch2020sauji[p. 21];buddruss1967sau[p. 39],,,knobloch2020sauji:prose:p21:1,,,,pron 1pl postp dialect:Sv:HKAT-sdg:Sau
Sv,,asa,us,,,,knobloch2020sauji[p. 21];buddruss1967sau[p. 39],,,knobloch2020sauji:prose:p21:2,,,,pron 1pl postp dialect:Sv:HKAT-sdg:Sau
Sv,,tusan,you (plural),,,,knobloch2020sauji[p. 21];buddruss1967sau[p. 39],,,knobloch2020sauji:prose:p21:3,,,,pron 2pl postp dialect:Sv:HKAT-sdg:Sau
Sv,,tusa,you (plural),,,,knobloch2020sauji[p. 21];buddruss1967sau[p. 39],,,knobloch2020sauji:prose:p21:4,,,,pron 2pl postp dialect:Sv:HKAT-sdg:Sau
Sv,,paanǰbisa,hundred,,,,knobloch2020sauji[p. 23],,,knobloch2020sauji:prose:p23:1,,,,num dialect:Sv:HKAT-sdg:Sau
Sv,,sawa,hundred,,,,knobloch2020sauji[p. 25],,Knobloch identifies this as a loan from Pashto.,knobloch2020sauji:prose:p25:1,,,,num loanword dialect:Sv:HKAT-sdg:Sau
Sv,,khomno,will eat,,,,knobloch2020sauji[p. 29];buddruss1967sau[p. 54],,,knobloch2020sauji:prose:p29:1,,,,verb fut dialect:Sv:HKAT-sdg:Sau
Sv,,musafari,journey,,,,knobloch2020sauji[p. 40],,,knobloch2020sauji:prose:p40:1,,,,noun dialect:Sv:HKAT-sdg:Sau
Sv,,musaphari,journey,,,,knobloch2020sauji[p. 40],,,knobloch2020sauji:prose:p40:2,,,,noun dialect:Sv:HKAT-sdg:Sau
