dotyali_doti,,həɾ,body,,həɾ,,eichentopf-tupper2019dotyali[p. 28],,,dotyali:1:doti:1
dotyali_baitadi,,səril,body,,səril,,eichentopf-tupper2019dotyali[p. 28],,,dotyali:1:baitadi:1
dotyali_darchula,,səriʒ,body,,səriʒ,,eichentopf-tupper2019dotyali[p. 28],,,dotyali:1:darchula:1
dotyali_darchula,,həɾ,body,,həɾ,,eichentopf-tupper2019dotyali[p. 28],,,dotyali:1:darchula:2
dotyali_bajhang,,həɾ,body,,həɾ,,eichentopf-tupper2019dotyali[p. 28],,,dotyali:1:bajhang:1
dotyali_doti,,munto,head,,munto,,eichentopf-tupper2019dotyali[p. 28],,,dotyali:2:doti:1
dotyali_baitadi,,munto,head,,munto,,eichentopf-tupper2019dotyali[p. 28],,,dotyali:2:baitadi:1
dotyali_darchula,,mundo,head,,mundo,,eichentopf-tupper2019dotyali[p. 28],,,dotyali:2:darchula:1
dotyali_bajhang,,munʈo,head,,munʈo,,eichentopf-tupper2019dotyali[p. 28],,,dotyali:2:bajhang:1
dotyali_doti,,roũ,hair,,roũ,,eichentopf-tupper2019dotyali[p. 28],,,dotyali:3:doti:1
dotyali_baitadi,,roɑ̃,hair,,roɑ̃,,eichentopf-tupper2019dotyali[p. 28],,,dotyali:3:baitadi:1
dotyali_darchula,,rɑõ,hair,,rɑõ,,eichentopf-tupper2019dotyali[p. 28],,,dotyali:3:darchula:1
dotyali_bajhang,,rumɑ,hair,,rumɑ,,eichentopf-tupper2019dotyali[p. 28],,,dotyali:3:bajhang:1
dotyali_doti,,ənɑr,face,,ənɑr,,eichentopf-tupper2019dotyali[p. 28],,,dotyali:4:doti:1
dotyali_baitadi,,ɑnɑr,face,,ɑnɑr,,eichentopf-tupper2019dotyali[p. 28],,,dotyali:4:baitadi:1
dotyali_darchula,,ɑnɑr,face,,ɑnɑr,,eichentopf-tupper2019dotyali[p. 28],,,dotyali:4:darchula:1
dotyali_bajhang,,ɑnuwɑr,face,,ɑnuwɑr,,eichentopf-tupper2019dotyali[p. 28],,,dotyali:4:bajhang:1
dotyali_doti,,ɑ̃kɑ,eye,,ɑ̃kɑ,,eichentopf-tupper2019dotyali[p. 28],,,dotyali:5:doti:1
dotyali_baitadi,,ɑ̃khɑ,eye,,ɑ̃khɑ,,eichentopf-tupper2019dotyali[p. 28],,,dotyali:5:baitadi:1
dotyali_darchula,,ɑ̃khɑ,eye,,ɑ̃khɑ,,eichentopf-tupper2019dotyali[p. 28],,,dotyali:5:darchula:1
dotyali_bajhang,,ɑ̃khɑ,eye,,ɑ̃khɑ,,eichentopf-tupper2019dotyali[p. 28],,,dotyali:5:bajhang:1
dotyali_doti,,kɑn,ear,,kɑn,,eichentopf-tupper2019dotyali[p. 28],,,dotyali:6:doti:1
dotyali_baitadi,,kɑn,ear,,kɑn,,eichentopf-tupper2019dotyali[p. 28],,,dotyali:6:baitadi:1
dotyali_darchula,,kɑn,ear,,kɑn,,eichentopf-tupper2019dotyali[p. 28],,,dotyali:6:darchula:1
dotyali_bajhang,,kɑn,ear,,kɑn,,eichentopf-tupper2019dotyali[p. 28],,,dotyali:6:bajhang:1
dotyali_doti,,nɑk,nose,,nɑk,,eichentopf-tupper2019dotyali[p. 28],,,dotyali:7:doti:1
dotyali_baitadi,,nɑk,nose,,nɑk,,eichentopf-tupper2019dotyali[p. 28],,,dotyali:7:baitadi:1
dotyali_darchula,,nɑk,nose,,nɑk,,eichentopf-tupper2019dotyali[p. 28],,,dotyali:7:darchula:1
dotyali_bajhang,,nɑk,nose,,nɑk,,eichentopf-tupper2019dotyali[p. 28],,,dotyali:7:bajhang:1
dotyali_doti,,muk,mouth,,muk,,eichentopf-tupper2019dotyali[p. 28],,,dotyali:8:doti:1
dotyali_baitadi,,muk,mouth,,muk,,eichentopf-tupper2019dotyali[p. 28],,,dotyali:8:baitadi:1
dotyali_darchula,,mukʰ,mouth,,mukʰ,,eichentopf-tupper2019dotyali[p. 28],,,dotyali:8:darchula:1
dotyali_bajhang,,mukʰ,mouth,,mukʰ,,eichentopf-tupper2019dotyali[p. 28],,,dotyali:8:bajhang:1
dotyali_doti,,tʰol,lips,,tʰol,,eichentopf-tupper2019dotyali[p. 28],,,dotyali:9:doti:1
dotyali_baitadi,,tʰol,lips,,tʰol,,eichentopf-tupper2019dotyali[p. 28],,,dotyali:9:baitadi:1
dotyali_darchula,,tʰol,lips,,tʰol,,eichentopf-tupper2019dotyali[p. 28],,,dotyali:9:darchula:1
dotyali_bajhang,,tʰol,lips,,tʰol,,eichentopf-tupper2019dotyali[p. 28],,,dotyali:9:bajhang:1
dotyali_bajhang,,oʈʰ,lips,,oʈʰ,,eichentopf-tupper2019dotyali[p. 28],,,dotyali:9:bajhang:2
dotyali_doti,,dɑ̃t,tooth,,dɑ̃t,,eichentopf-tupper2019dotyali[p. 28],,,dotyali:10:doti:1
dotyali_baitadi,,dɑ̃dɑ,tooth,,dɑ̃dɑ,,eichentopf-tupper2019dotyali[p. 28],,,dotyali:10:baitadi:1
dotyali_darchula,,dɑ̃t,tooth,,dɑ̃t,,eichentopf-tupper2019dotyali[p. 28],,,dotyali:10:darchula:1
dotyali_bajhang,,dɑɖɑ,tooth,,dɑɖɑ,,eichentopf-tupper2019dotyali[p. 28],,,dotyali:10:bajhang:1
dotyali_bajhang,,dɑ̃t,tooth,,dɑ̃t,,eichentopf-tupper2019dotyali[p. 28],,,dotyali:10:bajhang:2
dotyali_doti,,dʒibəɾo,tongue,,dʒibəɾo,,eichentopf-tupper2019dotyali[p. 28],,,dotyali:11:doti:1
dotyali_baitadi,,dʒibəro,tongue,,dʒibəro,,eichentopf-tupper2019dotyali[p. 28],,,dotyali:11:baitadi:1
dotyali_darchula,,dʒibəro,tongue,,dʒibəro,,eichentopf-tupper2019dotyali[p. 28],,,dotyali:11:darchula:1
dotyali_bajhang,,dʒibəro,tongue,,dʒibəro,,eichentopf-tupper2019dotyali[p. 28],,,dotyali:11:bajhang:1
dotyali_doti,,tʃʰɑti,chest,,tʃʰɑti,,eichentopf-tupper2019dotyali[p. 28],,,dotyali:12:doti:1
dotyali_baitadi,,tʃʰɑti,chest,,tʃʰɑti,,eichentopf-tupper2019dotyali[p. 28],,,dotyali:12:baitadi:1
dotyali_darchula,,tʃʰɑti,chest,,tʃʰɑti,,eichentopf-tupper2019dotyali[p. 28],,,dotyali:12:darchula:1
dotyali_bajhang,,tʃʰɑti,chest,,tʃʰɑti,,eichentopf-tupper2019dotyali[p. 28],,,dotyali:12:bajhang:1
dotyali_doti,,pet,belly,,pet,,eichentopf-tupper2019dotyali[p. 28],,,dotyali:13:doti:1
dotyali_baitadi,,pet,belly,,pet,,eichentopf-tupper2019dotyali[p. 28],,,dotyali:13:baitadi:1
dotyali_darchula,,ɖʰɑɖ,belly,,ɖʰɑɖ,,eichentopf-tupper2019dotyali[p. 28],,,dotyali:13:darchula:1
dotyali_bajhang,,lɑd̪ʰo,belly,,lɑd̪ʰo,,eichentopf-tupper2019dotyali[p. 28],,,dotyali:13:bajhang:1
dotyali_doti,,kəɳɳə,waist,,kəɳɳə,,eichentopf-tupper2019dotyali[p. 28],,,dotyali:14:doti:1
dotyali_baitadi,,kənnu,waist,,kənnu,,eichentopf-tupper2019dotyali[p. 28],,,dotyali:14:baitadi:1
dotyali_darchula,,kəmər,waist,,kəmər,,eichentopf-tupper2019dotyali[p. 28],,,dotyali:14:darchula:1
dotyali_bajhang,,kəmmər,waist,,kəmmər,,eichentopf-tupper2019dotyali[p. 28],,,dotyali:14:bajhang:1
dotyali_doti,,pəkʰuɾɑ,whole arm,,pəkʰuɾɑ,,eichentopf-tupper2019dotyali[p. 28],,,dotyali:15:doti:1
dotyali_baitadi,,hɑt̪,whole arm,,hɑt̪,,eichentopf-tupper2019dotyali[p. 28],,,dotyali:15:baitadi:1
dotyali_darchula,,hɑt̪,whole arm,,hɑt̪,,eichentopf-tupper2019dotyali[p. 28],,,dotyali:15:darchula:1
dotyali_bajhang,,hɑt̪,whole arm,,hɑt̪,,eichentopf-tupper2019dotyali[p. 28],,,dotyali:15:bajhang:1
dotyali_doti,,kum,elbow,,kum,,eichentopf-tupper2019dotyali[p. 28],,,dotyali:16:doti:1
dotyali_baitadi,,kum,elbow,,kum,,eichentopf-tupper2019dotyali[p. 28],,,dotyali:16:baitadi:1
dotyali_darchula,,kum,elbow,,kum,,eichentopf-tupper2019dotyali[p. 28],,,dotyali:16:darchula:1
dotyali_bajhang,,kũnu,elbow,,kũnu,,eichentopf-tupper2019dotyali[p. 28],,,dotyali:16:bajhang:1
dotyali_doti,,hətkelɑ,palm,,hətkelɑ,,eichentopf-tupper2019dotyali[p. 28],,,dotyali:17:doti:1
dotyali_baitadi,,hətolɑ,palm,,hətolɑ,,eichentopf-tupper2019dotyali[p. 28],,,dotyali:17:baitadi:1
dotyali_darchula,,hɑtkəlɑ,palm,,hɑtkəlɑ,,eichentopf-tupper2019dotyali[p. 28],,,dotyali:17:darchula:1
dotyali_bajhang,,hətəlo,palm,,hətəlo,,eichentopf-tupper2019dotyali[p. 28],,,dotyali:17:bajhang:1
dotyali_bajhang,,hətkelɑ,palm,,hətkelɑ,,eichentopf-tupper2019dotyali[p. 28],,,dotyali:17:bajhang:2
dotyali_doti,,ɑũlɑ,finger,,ɑũlɑ,,eichentopf-tupper2019dotyali[p. 28],,,dotyali:18:doti:1
dotyali_baitadi,,ɑŋglo,finger,,ɑŋglo,,eichentopf-tupper2019dotyali[p. 28],,,dotyali:18:baitadi:1
dotyali_darchula,,əᵘnlɑ,finger,,əᵘnlɑ,,eichentopf-tupper2019dotyali[p. 28],,,dotyali:18:darchula:1
dotyali_bajhang,,əᵘnlɑ,finger,,əᵘnlɑ,,eichentopf-tupper2019dotyali[p. 28],,,dotyali:18:bajhang:1
dotyali_doti,,nəŋ,fingernail,,nəŋ,,eichentopf-tupper2019dotyali[p. 28],,,dotyali:19:doti:1
dotyali_baitadi,,nəŋ,fingernail,,nəŋ,,eichentopf-tupper2019dotyali[p. 28],,,dotyali:19:baitadi:1
dotyali_darchula,,nəŋ,fingernail,,nəŋ,,eichentopf-tupper2019dotyali[p. 28],,,dotyali:19:darchula:1
dotyali_bajhang,,nəŋ,fingernail,,nəŋ,,eichentopf-tupper2019dotyali[p. 28],,,dotyali:19:bajhang:1
dotyali_doti,,kuʈɑ,leg,,kuʈɑ,,eichentopf-tupper2019dotyali[p. 28],,,dotyali:20:doti:1
dotyali_baitadi,,kʰuttɑ,leg,,kʰuttɑ,,eichentopf-tupper2019dotyali[p. 28],,,dotyali:20:baitadi:1
dotyali_darchula,,kʰuttɑ,leg,,kʰuttɑ,,eichentopf-tupper2019dotyali[p. 28],,,dotyali:20:darchula:1
dotyali_bajhang,,dʒəŋɳo,leg,,dʒəŋɳo,,eichentopf-tupper2019dotyali[p. 28],,,dotyali:20:bajhang:1
dotyali_doti,,gũɳɑ̃,knee,,gũɳɑ̃,,eichentopf-tupper2019dotyali[p. 28],,,dotyali:21:doti:1
dotyali_baitadi,,gʰuɳɑ,knee,,gʰuɳɑ,,eichentopf-tupper2019dotyali[p. 28],,,dotyali:21:baitadi:1
dotyali_darchula,,gʰũɳɑ,knee,,gʰũɳɑ,,eichentopf-tupper2019dotyali[p. 28],,,dotyali:21:darchula:1
dotyali_bajhang,,gʰudɑ,knee,,gʰudɑ,,eichentopf-tupper2019dotyali[p. 28],,,dotyali:21:bajhang:1
dotyali_doti,,tʃʰɑlɑ,skin,,tʃʰɑlɑ,,eichentopf-tupper2019dotyali[p. 28],,,dotyali:22:doti:1
dotyali_baitadi,,tʃʰɑlɑ,skin,,tʃʰɑlɑ,,eichentopf-tupper2019dotyali[p. 28],,,dotyali:22:baitadi:1
dotyali_darchula,,tʃʰɑlɑ,skin,,tʃʰɑlɑ,,eichentopf-tupper2019dotyali[p. 28],,,dotyali:22:darchula:1
dotyali_bajhang,,tʃʰɑlɑ,skin,,tʃʰɑlɑ,,eichentopf-tupper2019dotyali[p. 28],,,dotyali:22:bajhang:1
dotyali_doti,,hɑɖ,bone,,hɑɖ,,eichentopf-tupper2019dotyali[p. 28],,,dotyali:23:doti:1
dotyali_baitadi,,hɑrd,bone,,hɑrd,,eichentopf-tupper2019dotyali[p. 28],,,dotyali:23:baitadi:1
dotyali_darchula,,hɑrd,bone,,hɑrd,,eichentopf-tupper2019dotyali[p. 28],,,dotyali:23:darchula:1
dotyali_bajhang,,hɑd,bone,,hɑd,,eichentopf-tupper2019dotyali[p. 28],,,dotyali:23:bajhang:1
dotyali_doti,,muʈu,heart,,muʈu,,eichentopf-tupper2019dotyali[p. 28],,,dotyali:24:doti:1
dotyali_baitadi,,muʈu,heart,,muʈu,,eichentopf-tupper2019dotyali[p. 28],,,dotyali:24:baitadi:1
dotyali_darchula,,mutu,heart,,mutu,,eichentopf-tupper2019dotyali[p. 28],,,dotyali:24:darchula:1
dotyali_bajhang,,mutu,heart,,mutu,,eichentopf-tupper2019dotyali[p. 28],,,dotyali:24:bajhang:1
dotyali_doti,,rəgət,blood,,rəgət,,eichentopf-tupper2019dotyali[p. 29],,,dotyali:25:doti:1
dotyali_doti,,kʰun,blood,,kʰun,,eichentopf-tupper2019dotyali[p. 29],,,dotyali:25:doti:2
dotyali_baitadi,,rəgət,blood,,rəgət,,eichentopf-tupper2019dotyali[p. 29],,,dotyali:25:baitadi:1
dotyali_darchula,,rəgət,blood,,rəgət,,eichentopf-tupper2019dotyali[p. 29],,,dotyali:25:darchula:1
dotyali_bajhang,,rəgət,blood,,rəgət,,eichentopf-tupper2019dotyali[p. 29],,,dotyali:25:bajhang:1
dotyali_doti,,muʈ̚,urine,,muʈ̚,,eichentopf-tupper2019dotyali[p. 29],,,dotyali:26:doti:1
dotyali_baitadi,,mut̚,urine,,mut̚,,eichentopf-tupper2019dotyali[p. 29],,,dotyali:26:baitadi:1
dotyali_darchula,,mutʰ,urine,,mutʰ,,eichentopf-tupper2019dotyali[p. 29],,,dotyali:26:darchula:1
dotyali_doti,,gu,feces,,gu,,eichentopf-tupper2019dotyali[p. 29],,,dotyali:27:doti:1
dotyali_baitadi,,gu,feces,,gu,,eichentopf-tupper2019dotyali[p. 29],,,dotyali:27:baitadi:1
dotyali_darchula,,gũ,feces,,gũ,,eichentopf-tupper2019dotyali[p. 29],,,dotyali:27:darchula:1
dotyali_bajhang,,gu,feces,,gu,,eichentopf-tupper2019dotyali[p. 29],,,dotyali:27:bajhang:1
dotyali_doti,,gɑũ,village,,gɑũ,,eichentopf-tupper2019dotyali[p. 29],,,dotyali:28:doti:1
dotyali_baitadi,,gɑũ,village,,gɑũ,,eichentopf-tupper2019dotyali[p. 29],,,dotyali:28:baitadi:1
dotyali_darchula,,gɑũ,village,,gɑũ,,eichentopf-tupper2019dotyali[p. 29],,,dotyali:28:darchula:1
dotyali_bajhang,,gɑũ,village,,gɑũ,,eichentopf-tupper2019dotyali[p. 29],,,dotyali:28:bajhang:1
dotyali_doti,,gʰɑr,house,,gʰɑr,,eichentopf-tupper2019dotyali[p. 29],,,dotyali:29:doti:1
dotyali_baitadi,,gʰɑr,house,,gʰɑr,,eichentopf-tupper2019dotyali[p. 29],,,dotyali:29:baitadi:1
dotyali_darchula,,gʰər,house,,gʰər,,eichentopf-tupper2019dotyali[p. 29],,,dotyali:29:darchula:1
dotyali_bajhang,,gʰɑr,house,,gʰɑr,,eichentopf-tupper2019dotyali[p. 29],,,dotyali:29:bajhang:1
dotyali_doti,,pɑkho,roof,,pɑkho,,eichentopf-tupper2019dotyali[p. 29],,,dotyali:30:doti:1
dotyali_baitadi,,pɑkho,roof,,pɑkho,,eichentopf-tupper2019dotyali[p. 29],,,dotyali:30:baitadi:1
dotyali_darchula,,pɑkho,roof,,pɑkho,,eichentopf-tupper2019dotyali[p. 29],,,dotyali:30:darchula:1
dotyali_bajhang,,pɑkho,roof,,pɑkho,,eichentopf-tupper2019dotyali[p. 29],,,dotyali:30:bajhang:1
dotyali_doti,,dwər,door,,dwər,,eichentopf-tupper2019dotyali[p. 29],,,dotyali:31:doti:1
dotyali_baitadi,,delo,door,,delo,,eichentopf-tupper2019dotyali[p. 29],,,dotyali:31:baitadi:1
dotyali_darchula,,d̪elo,door,,d̪elo,,eichentopf-tupper2019dotyali[p. 29],,,dotyali:31:darchula:1
dotyali_bajhang,,delo,door,,delo,,eichentopf-tupper2019dotyali[p. 29],,,dotyali:31:bajhang:1
dotyali_bajhang,,dwɑr,door,,dwɑr,,eichentopf-tupper2019dotyali[p. 29],,,dotyali:31:bajhang:2
dotyali_doti,,dərwə̃,firewood,,dərwə̃,,eichentopf-tupper2019dotyali[p. 29],,,dotyali:32:doti:1
dotyali_baitadi,,dəruŋo,firewood,,dəruŋo,,eichentopf-tupper2019dotyali[p. 29],,,dotyali:32:baitadi:1
dotyali_darchula,,dəruwɑ̃,firewood,,dəruwɑ̃,,eichentopf-tupper2019dotyali[p. 29],,,dotyali:32:darchula:1
dotyali_bajhang,,dourɑ,firewood,,dourɑ,,eichentopf-tupper2019dotyali[p. 29],,,dotyali:32:bajhang:1
dotyali_doti,,kutʃo,broom,,kutʃo,,eichentopf-tupper2019dotyali[p. 29],,,dotyali:33:doti:1
dotyali_baitadi,,kutʃo,broom,,kutʃo,,eichentopf-tupper2019dotyali[p. 29],,,dotyali:33:baitadi:1
dotyali_darchula,,kutso,broom,,kutso,,eichentopf-tupper2019dotyali[p. 29],,,dotyali:33:darchula:1
dotyali_bajhang,,kutʃo,broom,,kutʃo,,eichentopf-tupper2019dotyali[p. 29],,,dotyali:33:bajhang:1
dotyali_doti,,lɑuro,stick,,lɑuro,,eichentopf-tupper2019dotyali[p. 29],,,dotyali:34:doti:1
dotyali_baitadi,,lɑuro,stick,,lɑuro,,eichentopf-tupper2019dotyali[p. 29],,,dotyali:34:baitadi:1
dotyali_darchula,,lət̚tʰi,stick,,lət̚tʰi,,eichentopf-tupper2019dotyali[p. 29],,,dotyali:34:darchula:1
dotyali_bajhang,,louɖi,stick,,louɖi,,eichentopf-tupper2019dotyali[p. 29],,,dotyali:34:bajhang:1
dotyali_doti,,loro,pestle,,loro,,eichentopf-tupper2019dotyali[p. 29],,,dotyali:35:doti:1
dotyali_baitadi,,loro,pestle,,loro,,eichentopf-tupper2019dotyali[p. 29],,,dotyali:35:baitadi:1
dotyali_darchula,,loro,pestle,,loro,,eichentopf-tupper2019dotyali[p. 29],,,dotyali:35:darchula:1
dotyali_bajhang,,loɾo,pestle,,loɾo,,eichentopf-tupper2019dotyali[p. 29],,,dotyali:35:bajhang:1
dotyali_doti,,silɑuʈo,spices mortar,,silɑuʈo,,eichentopf-tupper2019dotyali[p. 29],,,dotyali:36:doti:1
dotyali_baitadi,,silo,spices mortar,,silo,,eichentopf-tupper2019dotyali[p. 29],,,dotyali:36:baitadi:1
dotyali_baitadi,,silɑuto,spices mortar,,silɑuto,,eichentopf-tupper2019dotyali[p. 29],,,dotyali:36:baitadi:2
dotyali_darchula,,ʃilo,spices mortar,,ʃilo,,eichentopf-tupper2019dotyali[p. 29],,,dotyali:36:darchula:1
dotyali_bajhang,,silo,spices mortar,,silo,,eichentopf-tupper2019dotyali[p. 29],,,dotyali:36:bajhang:1
dotyali_doti,,gʰən,hammer,,gʰən,,eichentopf-tupper2019dotyali[p. 29],,,dotyali:37:doti:1
dotyali_baitadi,,gʰən,hammer,,gʰən,,eichentopf-tupper2019dotyali[p. 29],,,dotyali:37:baitadi:1
dotyali_darchula,,gʰən,hammer,,gʰən,,eichentopf-tupper2019dotyali[p. 29],,,dotyali:37:darchula:1
dotyali_bajhang,,gʰən,hammer,,gʰən,,eichentopf-tupper2019dotyali[p. 29],,,dotyali:37:bajhang:1
dotyali_doti,,kʰukuri,large Nepali knife,,kʰukuri,,eichentopf-tupper2019dotyali[p. 29],,,dotyali:38:doti:1
dotyali_baitadi,,kʰukuri,large Nepali knife,,kʰukuri,,eichentopf-tupper2019dotyali[p. 29],,,dotyali:38:baitadi:1
dotyali_darchula,,kʰukuri,large Nepali knife,,kʰukuri,,eichentopf-tupper2019dotyali[p. 29],,,dotyali:38:darchula:1
dotyali_bajhang,,kʰukuɾi,large Nepali knife,,kʰukuɾi,,eichentopf-tupper2019dotyali[p. 29],,,dotyali:38:bajhang:1
dotyali_doti,,ɑ̃ʃi,sickle,,ɑ̃ʃi,,eichentopf-tupper2019dotyali[p. 29],,,dotyali:39:doti:1
dotyali_baitadi,,ɑ̃ʃi,sickle,,ɑ̃ʃi,,eichentopf-tupper2019dotyali[p. 29],,,dotyali:39:baitadi:1
dotyali_darchula,,ɑ̃ʃi,sickle,,ɑ̃ʃi,,eichentopf-tupper2019dotyali[p. 29],,,dotyali:39:darchula:1
dotyali_bajhang,,ɑ̃si,sickle,,ɑ̃si,,eichentopf-tupper2019dotyali[p. 29],,,dotyali:39:bajhang:1
dotyali_doti,,bəntʃəro,axe,,bəntʃəro,,eichentopf-tupper2019dotyali[p. 29],,,dotyali:40:doti:1
dotyali_baitadi,,bəntʃəro,axe,,bəntʃəro,,eichentopf-tupper2019dotyali[p. 29],,,dotyali:40:baitadi:1
dotyali_darchula,,bəntʃəro,axe,,bəntʃəro,,eichentopf-tupper2019dotyali[p. 29],,,dotyali:40:darchula:1
dotyali_bajhang,,bəntʃəro,axe,,bəntʃəro,,eichentopf-tupper2019dotyali[p. 29],,,dotyali:40:bajhang:1
dotyali_doti,,rəsi,rope,,rəsi,,eichentopf-tupper2019dotyali[p. 29],,,dotyali:41:doti:1
dotyali_baitadi,,dʒəᵘro,rope,,dʒəᵘro,,eichentopf-tupper2019dotyali[p. 29],,,dotyali:41:baitadi:1
dotyali_darchula,,dʒəᵘro,rope,,dʒəᵘro,,eichentopf-tupper2019dotyali[p. 29],,,dotyali:41:darchula:1
dotyali_bajhang,,ɖor,rope,,ɖor,,eichentopf-tupper2019dotyali[p. 29],,,dotyali:41:bajhang:1
dotyali_doti,,dʰɑgo,thread,,dʰɑgo,,eichentopf-tupper2019dotyali[p. 29],,,dotyali:42:doti:1
dotyali_baitadi,,dʰɑgo,thread,,dʰɑgo,,eichentopf-tupper2019dotyali[p. 29],,,dotyali:42:baitadi:1
dotyali_darchula,,dʰɑgo,thread,,dʰɑgo,,eichentopf-tupper2019dotyali[p. 29],,,dotyali:42:darchula:1
dotyali_bajhang,,dʰɑgo,thread,,dʰɑgo,,eichentopf-tupper2019dotyali[p. 29],,,dotyali:42:bajhang:1
dotyali_doti,,ʃujo,needle,,ʃujo,,eichentopf-tupper2019dotyali[p. 29],,,dotyali:43:doti:1
dotyali_baitadi,,ʃuⁱje,needle,,ʃuⁱje,,eichentopf-tupper2019dotyali[p. 29],,,dotyali:43:baitadi:1
dotyali_darchula,,ʃuijo,needle,,ʃuijo,,eichentopf-tupper2019dotyali[p. 29],,,dotyali:43:darchula:1
dotyali_bajhang,,sijo,needle,,sijo,,eichentopf-tupper2019dotyali[p. 29],,,dotyali:43:bajhang:1
dotyali_doti,,kəpəɾɑ,cloth,,kəpəɾɑ,,eichentopf-tupper2019dotyali[p. 29],,,dotyali:44:doti:1
dotyali_baitadi,,kəpərɑ,cloth,,kəpərɑ,,eichentopf-tupper2019dotyali[p. 29],,,dotyali:44:baitadi:1
dotyali_darchula,,lət̚tɑ,cloth,,lət̚tɑ,,eichentopf-tupper2019dotyali[p. 29],,,dotyali:44:darchula:1
dotyali_bajhang,,nɑt̚tɑ,cloth,,nɑt̚tɑ,,eichentopf-tupper2019dotyali[p. 29],,,dotyali:44:bajhang:1
dotyali_doti,,tɑkʰi,hat,,tɑkʰi,,eichentopf-tupper2019dotyali[p. 29],,,dotyali:45:doti:1
dotyali_baitadi,,kulo,hat,,kulo,,eichentopf-tupper2019dotyali[p. 29],,,dotyali:45:baitadi:1
dotyali_darchula,,topi,hat,,topi,,eichentopf-tupper2019dotyali[p. 29],,,dotyali:45:darchula:1
dotyali_bajhang,,topi,hat,,topi,,eichentopf-tupper2019dotyali[p. 29],,,dotyali:45:bajhang:1
dotyali_doti,,ɑũʈʰi,ring,,ɑũʈʰi,,eichentopf-tupper2019dotyali[p. 29],,,dotyali:46:doti:1
dotyali_baitadi,,munɑɖo,ring,,munɑɖo,,eichentopf-tupper2019dotyali[p. 29],,,dotyali:46:baitadi:1
dotyali_darchula,,ɑũtʰi,ring,,ɑũtʰi,,eichentopf-tupper2019dotyali[p. 29],,,dotyali:46:darchula:1
dotyali_bajhang,,mundəɾo,ring,,mundəɾo,,eichentopf-tupper2019dotyali[p. 29],,,dotyali:46:bajhang:1
dotyali_doti,,sun,gold,,sun,,eichentopf-tupper2019dotyali[p. 29],,,dotyali:47:doti:1
dotyali_baitadi,,sun,gold,,sun,,eichentopf-tupper2019dotyali[p. 29],,,dotyali:47:baitadi:1
dotyali_darchula,,sun,gold,,sun,,eichentopf-tupper2019dotyali[p. 29],,,dotyali:47:darchula:1
dotyali_bajhang,,sun,gold,,sun,,eichentopf-tupper2019dotyali[p. 29],,,dotyali:47:bajhang:1
dotyali_doti,,surʒʲæ,sun,,surʒʲæ,,eichentopf-tupper2019dotyali[p. 29],,,dotyali:48:doti:1
dotyali_baitadi,,bel,sun,,bel,,eichentopf-tupper2019dotyali[p. 29],,,dotyali:48:baitadi:1
dotyali_darchula,,surdʒʰə,sun,,surdʒʰə,,eichentopf-tupper2019dotyali[p. 29],,,dotyali:48:darchula:1
dotyali_bajhang,,bel,sun,,bel,,eichentopf-tupper2019dotyali[p. 29],,,dotyali:48:bajhang:1
dotyali_doti,,dʒun,moon,,dʒun,,eichentopf-tupper2019dotyali[p. 29],,,dotyali:49:doti:1
dotyali_baitadi,,dʒun,moon,,dʒun,,eichentopf-tupper2019dotyali[p. 29],,,dotyali:49:baitadi:1
dotyali_darchula,,dʒun,moon,,dʒun,,eichentopf-tupper2019dotyali[p. 29],,,dotyali:49:darchula:1
dotyali_bajhang,,dʒun,moon,,dʒun,,eichentopf-tupper2019dotyali[p. 29],,,dotyali:49:bajhang:1
dotyali_doti,,sərgə,sky,,sərgə,,eichentopf-tupper2019dotyali[p. 29],,,dotyali:50:doti:1
dotyali_baitadi,,sərku,sky,,sərku,,eichentopf-tupper2019dotyali[p. 29],,,dotyali:50:baitadi:1
dotyali_darchula,,ʃərəgɑ,sky,,ʃərəgɑ,,eichentopf-tupper2019dotyali[p. 29],,,dotyali:50:darchula:1
dotyali_bajhang,,sərək,sky,,sərək,,eichentopf-tupper2019dotyali[p. 29],,,dotyali:50:bajhang:1
dotyali_doti,,tɑrɑ,star,,tɑrɑ,,eichentopf-tupper2019dotyali[p. 29],,,dotyali:51:doti:1
dotyali_baitadi,,tɑrɑ,star,,tɑrɑ,,eichentopf-tupper2019dotyali[p. 29],,,dotyali:51:baitadi:1
dotyali_darchula,,tɑrɑ,star,,tɑrɑ,,eichentopf-tupper2019dotyali[p. 29],,,dotyali:51:darchula:1
dotyali_bajhang,,tɑɾɑ,star,,tɑɾɑ,,eichentopf-tupper2019dotyali[p. 29],,,dotyali:51:bajhang:1
dotyali_doti,,meg,rain,,meg,,eichentopf-tupper2019dotyali[p. 29],,,dotyali:52:doti:1
dotyali_baitadi,,pɑni,rain,,pɑni,,eichentopf-tupper2019dotyali[p. 29],,,dotyali:52:baitadi:1
dotyali_darchula,,mek,rain,,mek,,eichentopf-tupper2019dotyali[p. 29],,,dotyali:52:darchula:1
dotyali_darchula,,pɑni,rain,,pɑni,,eichentopf-tupper2019dotyali[p. 29],,,dotyali:52:darchula:2
dotyali_bajhang,,bərʃə,rain,,bərʃə,,eichentopf-tupper2019dotyali[p. 29],,,dotyali:52:bajhang:1
dotyali_doti,,pɑni,water,,pɑni,,eichentopf-tupper2019dotyali[p. 29],,,dotyali:53:doti:1
dotyali_baitadi,,pɑni,water,,pɑni,,eichentopf-tupper2019dotyali[p. 29],,,dotyali:53:baitadi:1
dotyali_darchula,,pɑni,water,,pɑni,,eichentopf-tupper2019dotyali[p. 29],,,dotyali:53:darchula:1
dotyali_bajhang,,pɑni,water,,pɑni,,eichentopf-tupper2019dotyali[p. 29],,,dotyali:53:bajhang:1
dotyali_doti,,kʰolɑ,small river,,kʰolɑ,,eichentopf-tupper2019dotyali[p. 29],,,dotyali:54:doti:1
dotyali_baitadi,,kʰolɑ,small river,,kʰolɑ,,eichentopf-tupper2019dotyali[p. 29],,,dotyali:54:baitadi:1
dotyali_darchula,,kʰolo,small river,,kʰolo,,eichentopf-tupper2019dotyali[p. 29],,,dotyali:54:darchula:1
dotyali_bajhang,,kʰolɑ,small river,,kʰolɑ,,eichentopf-tupper2019dotyali[p. 29],,,dotyali:54:bajhang:1
dotyali_doti,,bɑdəl,cloud,,bɑdəl,,eichentopf-tupper2019dotyali[p. 29],,,dotyali:55:doti:1
dotyali_baitadi,,bɑdəl,cloud,,bɑdəl,,eichentopf-tupper2019dotyali[p. 29],,,dotyali:55:baitadi:1
dotyali_darchula,,bɑ̃dəl,cloud,,bɑ̃dəl,,eichentopf-tupper2019dotyali[p. 29],,,dotyali:55:darchula:1
dotyali_bajhang,,bɑld̪o,cloud,,bɑld̪o,,eichentopf-tupper2019dotyali[p. 29],,,dotyali:55:bajhang:1
dotyali_doti,,tʃilko,bolt of lightning,,tʃilko,,eichentopf-tupper2019dotyali[p. 30],,,dotyali:56:doti:1
dotyali_baitadi,,tʃirəko,bolt of lightning,,tʃirəko,,eichentopf-tupper2019dotyali[p. 30],,,dotyali:56:baitadi:1
dotyali_darchula,,tʃiɾəko,bolt of lightning,,tʃiɾəko,,eichentopf-tupper2019dotyali[p. 30],,,dotyali:56:darchula:1
dotyali_bajhang,,tʃirəko,bolt of lightning,,tʃirəko,,eichentopf-tupper2019dotyali[p. 30],,,dotyali:56:bajhang:1
dotyali_doti,,indrəini,rainbow,,indrəini,,eichentopf-tupper2019dotyali[p. 30],,,dotyali:57:doti:1
dotyali_baitadi,,ʃinərɑin,rainbow,,ʃinərɑin,,eichentopf-tupper2019dotyali[p. 30],,,dotyali:57:baitadi:1
dotyali_darchula,,ʃinɑrɑin,rainbow,,ʃinɑrɑin,,eichentopf-tupper2019dotyali[p. 30],,,dotyali:57:darchula:1
dotyali_bajhang,,indrɑini,rainbow,,indrɑini,,eichentopf-tupper2019dotyali[p. 30],,,dotyali:57:bajhang:1
dotyali_doti,,bətɑs,wind,,bətɑs,,eichentopf-tupper2019dotyali[p. 30],,,dotyali:58:doti:1
dotyali_baitadi,,bətɑs,wind,,bətɑs,,eichentopf-tupper2019dotyali[p. 30],,,dotyali:58:baitadi:1
dotyali_darchula,,bətɑs,wind,,bətɑs,,eichentopf-tupper2019dotyali[p. 30],,,dotyali:58:darchula:1
dotyali_bajhang,,bɑĩhɑlo,wind,,bɑĩhɑlo,,eichentopf-tupper2019dotyali[p. 30],,,dotyali:58:bajhang:1
dotyali_doti,,duŋɑ,small stone,,duŋɑ,,eichentopf-tupper2019dotyali[p. 30],,,dotyali:59:doti:1
dotyali_baitadi,,ɖʰũŋɑ,small stone,,ɖʰũŋɑ,,eichentopf-tupper2019dotyali[p. 30],,,dotyali:59:baitadi:1
dotyali_darchula,,ɖuŋɑ,small stone,,ɖuŋɑ,,eichentopf-tupper2019dotyali[p. 30],,,dotyali:59:darchula:1
dotyali_bajhang,,ɖʰuŋɑ,small stone,,ɖʰuŋɑ,,eichentopf-tupper2019dotyali[p. 30],,,dotyali:59:bajhang:1
dotyali_doti,,bɑri,unirrigated field,,bɑri,,eichentopf-tupper2019dotyali[p. 30],,,dotyali:60:doti:1
dotyali_baitadi,,swɑ̃ɖo,unirrigated field,,swɑ̃ɖo,,eichentopf-tupper2019dotyali[p. 30],,,dotyali:60:baitadi:1
dotyali_darchula,,swɑ̃ɖo,unirrigated field,,swɑ̃ɖo,,eichentopf-tupper2019dotyali[p. 30],,,dotyali:60:darchula:1
dotyali_bajhang,,sʷɑrdo,unirrigated field,,sʷɑrdo,,eichentopf-tupper2019dotyali[p. 30],,,dotyali:60:bajhang:1
dotyali_doti,,kʰet,irrigated field,,kʰet,,eichentopf-tupper2019dotyali[p. 30],,,dotyali:61:doti:1
dotyali_baitadi,,gɑɖɑ,irrigated field,,gɑɖɑ,,eichentopf-tupper2019dotyali[p. 30],,,dotyali:61:baitadi:1
dotyali_darchula,,kʰet,irrigated field,,kʰet,,eichentopf-tupper2019dotyali[p. 30],,,dotyali:61:darchula:1
dotyali_bajhang,,kʰet,irrigated field,,kʰet,,eichentopf-tupper2019dotyali[p. 30],,,dotyali:61:bajhang:1
dotyali_doti,,bɑʈo,road,,bɑʈo,,eichentopf-tupper2019dotyali[p. 30],,,dotyali:62:doti:1
dotyali_baitadi,,bɑʈo,road,,bɑʈo,,eichentopf-tupper2019dotyali[p. 30],,,dotyali:62:baitadi:1
dotyali_darchula,,bɑʈo,road,,bɑʈo,,eichentopf-tupper2019dotyali[p. 30],,,dotyali:62:darchula:1
dotyali_bajhang,,bɑʈo,road,,bɑʈo,,eichentopf-tupper2019dotyali[p. 30],,,dotyali:62:bajhang:1
dotyali_doti,,ɑgo,fire,,ɑgo,,eichentopf-tupper2019dotyali[p. 30],,,dotyali:63:doti:1
dotyali_baitadi,,ɑgo,fire,,ɑgo,,eichentopf-tupper2019dotyali[p. 30],,,dotyali:63:baitadi:1
dotyali_darchula,,ɑgo,fire,,ɑgo,,eichentopf-tupper2019dotyali[p. 30],,,dotyali:63:darchula:1
dotyali_bajhang,,ɑgo,fire,,ɑgo,,eichentopf-tupper2019dotyali[p. 30],,,dotyali:63:bajhang:1
dotyali_doti,,dʰukəl,smoke,,dʰukəl,,eichentopf-tupper2019dotyali[p. 30],,,dotyali:64:doti:1
dotyali_baitadi,,dʰukɑl,smoke,,dʰukɑl,,eichentopf-tupper2019dotyali[p. 30],,,dotyali:64:baitadi:1
dotyali_darchula,,dʰũkɑ,smoke,,dʰũkɑ,,eichentopf-tupper2019dotyali[p. 30],,,dotyali:64:darchula:1
dotyali_bajhang,,dʰukɑl,smoke,,dʰukɑl,,eichentopf-tupper2019dotyali[p. 30],,,dotyali:64:bajhang:1
dotyali_doti,,tʃɑɾ,ash,,tʃɑɾ,,eichentopf-tupper2019dotyali[p. 30],,,dotyali:65:doti:1
dotyali_baitadi,,ʃɑdʒi,ash,,ʃɑdʒi,,eichentopf-tupper2019dotyali[p. 30],,,dotyali:65:baitadi:1
dotyali_darchula,,ʃɑdʒi,ash,,ʃɑdʒi,,eichentopf-tupper2019dotyali[p. 30],,,dotyali:65:darchula:1
dotyali_bajhang,,ʃɑdʒi,ash,,ʃɑdʒi,,eichentopf-tupper2019dotyali[p. 30],,,dotyali:65:bajhang:1
dotyali_doti,,mɑʈi,soil/clay,,mɑʈi,,eichentopf-tupper2019dotyali[p. 30],,,dotyali:66:doti:1
dotyali_baitadi,,məʈi,soil/clay,,məʈi,,eichentopf-tupper2019dotyali[p. 30],,,dotyali:66:baitadi:1
dotyali_baitadi,,mɑto,soil/clay,,mɑto,,eichentopf-tupper2019dotyali[p. 30],,,dotyali:66:baitadi:2
dotyali_darchula,,mɑto,soil/clay,,mɑto,,eichentopf-tupper2019dotyali[p. 30],,,dotyali:66:darchula:1
dotyali_bajhang,,mɑto,soil/clay,,mɑto,,eichentopf-tupper2019dotyali[p. 30],,,dotyali:66:bajhang:1
dotyali_doti,,dʰulo,dust,,dʰulo,,eichentopf-tupper2019dotyali[p. 30],,,dotyali:67:doti:1
dotyali_baitadi,,dʰulo,dust,,dʰulo,,eichentopf-tupper2019dotyali[p. 30],,,dotyali:67:baitadi:1
dotyali_darchula,,dʰulo,dust,,dʰulo,,eichentopf-tupper2019dotyali[p. 30],,,dotyali:67:darchula:1
dotyali_bajhang,,dʰulo,dust,,dʰulo,,eichentopf-tupper2019dotyali[p. 30],,,dotyali:67:bajhang:1
dotyali_doti,,rukʰ,tree,,rukʰ,,eichentopf-tupper2019dotyali[p. 30],,,dotyali:68:doti:1
dotyali_baitadi,,rukʰ,tree,,rukʰ,,eichentopf-tupper2019dotyali[p. 30],,,dotyali:68:baitadi:1
dotyali_darchula,,rukʰ,tree,,rukʰ,,eichentopf-tupper2019dotyali[p. 30],,,dotyali:68:darchula:1
dotyali_bajhang,,rukʰ,tree,,rukʰ,,eichentopf-tupper2019dotyali[p. 30],,,dotyali:68:bajhang:1
dotyali_doti,,pɑt,leaf,,pɑt,,eichentopf-tupper2019dotyali[p. 30],,,dotyali:69:doti:1
dotyali_baitadi,,pɑt,leaf,,pɑt,,eichentopf-tupper2019dotyali[p. 30],,,dotyali:69:baitadi:1
dotyali_darchula,,pɑt,leaf,,pɑt,,eichentopf-tupper2019dotyali[p. 30],,,dotyali:69:darchula:1
dotyali_bajhang,,pɑt,leaf,,pɑt,,eichentopf-tupper2019dotyali[p. 30],,,dotyali:69:bajhang:1
dotyali_doti,,dʒəɖɑ,root,,dʒəɖɑ,,eichentopf-tupper2019dotyali[p. 30],,,dotyali:70:doti:1
dotyali_baitadi,,dʒəɖɑ,root,,dʒəɖɑ,,eichentopf-tupper2019dotyali[p. 30],,,dotyali:70:baitadi:1
dotyali_darchula,,dʒəɖɑ,root,,dʒəɖɑ,,eichentopf-tupper2019dotyali[p. 30],,,dotyali:70:darchula:1
dotyali_bajhang,,dʒəɖɑ,root,,dʒəɖɑ,,eichentopf-tupper2019dotyali[p. 30],,,dotyali:70:bajhang:1
dotyali_doti,,bi,seed,,bi,,eichentopf-tupper2019dotyali[p. 30],,,dotyali:71:doti:1
dotyali_baitadi,,biu,seed,,biu,,eichentopf-tupper2019dotyali[p. 30],,,dotyali:71:baitadi:1
dotyali_darchula,,bi,seed,,bi,,eichentopf-tupper2019dotyali[p. 30],,,dotyali:71:darchula:1
dotyali_bajhang,,biu,seed,,biu,,eichentopf-tupper2019dotyali[p. 30],,,dotyali:71:bajhang:1
dotyali_doti,,bokəɖɑ,bark,,bokəɖɑ,,eichentopf-tupper2019dotyali[p. 30],,,dotyali:72:doti:1
dotyali_baitadi,,bokoɖo,bark,,bokoɖo,,eichentopf-tupper2019dotyali[p. 30],,,dotyali:72:baitadi:1
dotyali_darchula,,bokoɖo,bark,,bokoɖo,,eichentopf-tupper2019dotyali[p. 30],,,dotyali:72:darchula:1
dotyali_bajhang,,bokəɖɑ,bark,,bokəɖɑ,,eichentopf-tupper2019dotyali[p. 30],,,dotyali:72:bajhang:1
dotyali_doti,,kɑ̃ɖɑ̃,thorn,,kɑ̃ɖɑ̃,,eichentopf-tupper2019dotyali[p. 30],,,dotyali:73:doti:1
dotyali_baitadi,,kɑ̃ɖõ,thorn,,kɑ̃ɖõ,,eichentopf-tupper2019dotyali[p. 30],,,dotyali:73:baitadi:1
dotyali_darchula,,kɑ̃ɖõ,thorn,,kɑ̃ɖõ,,eichentopf-tupper2019dotyali[p. 30],,,dotyali:73:darchula:1
dotyali_bajhang,,kɑ̃do,thorn,,kɑ̃do,,eichentopf-tupper2019dotyali[p. 30],,,dotyali:73:bajhang:1
dotyali_doti,,pʰul,flower,,pʰul,,eichentopf-tupper2019dotyali[p. 30],,,dotyali:74:doti:1
dotyali_baitadi,,pʰul,flower,,pʰul,,eichentopf-tupper2019dotyali[p. 30],,,dotyali:74:baitadi:1
dotyali_darchula,,pʰul,flower,,pʰul,,eichentopf-tupper2019dotyali[p. 30],,,dotyali:74:darchula:1
dotyali_bajhang,,pʰul,flower,,pʰul,,eichentopf-tupper2019dotyali[p. 30],,,dotyali:74:bajhang:1
dotyali_doti,,bɑ̃s,bamboo tree,,bɑ̃s,,eichentopf-tupper2019dotyali[p. 30],,,dotyali:75:doti:1
dotyali_baitadi,,bɑ̃s,bamboo tree,,bɑ̃s,,eichentopf-tupper2019dotyali[p. 30],,,dotyali:75:baitadi:1
dotyali_darchula,,bɑ̃s,bamboo tree,,bɑ̃s,,eichentopf-tupper2019dotyali[p. 30],,,dotyali:75:darchula:1
dotyali_bajhang,,bɑ̃s,bamboo tree,,bɑ̃s,,eichentopf-tupper2019dotyali[p. 30],,,dotyali:75:bajhang:1
dotyali_doti,,kəllɑ,bamboo shoot,,kəllɑ,,eichentopf-tupper2019dotyali[p. 30],,,dotyali:76:doti:1
dotyali_baitadi,,tuʃo,bamboo shoot,,tuʃo,,eichentopf-tupper2019dotyali[p. 30],,,dotyali:76:baitadi:1
dotyali_darchula,,bʰuto,bamboo shoot,,bʰuto,,eichentopf-tupper2019dotyali[p. 30],,,dotyali:76:darchula:1
dotyali_bajhang,,tɑmɑ,bamboo shoot,,tɑmɑ,,eichentopf-tupper2019dotyali[p. 30],,,dotyali:76:bajhang:1
dotyali_doti,,pʰəl pʰul,fruit,,pʰəl pʰul,,eichentopf-tupper2019dotyali[p. 30],,,dotyali:77:doti:1
dotyali_baitadi,,pʰəl pʰul,fruit,,pʰəl pʰul,,eichentopf-tupper2019dotyali[p. 30],,,dotyali:77:baitadi:1
dotyali_darchula,,pʰəl pʰul,fruit,,pʰəl pʰul,,eichentopf-tupper2019dotyali[p. 30],,,dotyali:77:darchula:1
dotyali_bajhang,,pʰəl pʰul,fruit,,pʰəl pʰul,,eichentopf-tupper2019dotyali[p. 30],,,dotyali:77:bajhang:1
dotyali_doti,,ɑm,mango,,ɑm,,eichentopf-tupper2019dotyali[p. 30],,,dotyali:78:doti:1
dotyali_baitadi,,ɑm,mango,,ɑm,,eichentopf-tupper2019dotyali[p. 30],,,dotyali:78:baitadi:1
dotyali_darchula,,ɑm,mango,,ɑm,,eichentopf-tupper2019dotyali[p. 30],,,dotyali:78:darchula:1
dotyali_bajhang,,ɑm,mango,,ɑm,,eichentopf-tupper2019dotyali[p. 30],,,dotyali:78:bajhang:1
dotyali_doti,,kelɑ,banana,,kelɑ,,eichentopf-tupper2019dotyali[p. 30],,,dotyali:79:doti:1
dotyali_baitadi,,kelɑ,banana,,kelɑ,,eichentopf-tupper2019dotyali[p. 30],,,dotyali:79:baitadi:1
dotyali_darchula,,kelɑ,banana,,kelɑ,,eichentopf-tupper2019dotyali[p. 30],,,dotyali:79:darchula:1
dotyali_bajhang,,kelɑ,banana,,kelɑ,,eichentopf-tupper2019dotyali[p. 30],,,dotyali:79:bajhang:1
dotyali_doti,,gõu,wheat,,gõu,,eichentopf-tupper2019dotyali[p. 30],,,dotyali:80:doti:1
dotyali_baitadi,,gõu,wheat,,gõu,,eichentopf-tupper2019dotyali[p. 30],,,dotyali:80:baitadi:1
dotyali_darchula,,gõ,wheat,,gõ,,eichentopf-tupper2019dotyali[p. 30],,,dotyali:80:darchula:1
dotyali_bajhang,,goũ,wheat,,goũ,,eichentopf-tupper2019dotyali[p. 30],,,dotyali:80:bajhang:1
dotyali_doti,,tʃɑməl,uncooked rice,,tʃɑməl,,eichentopf-tupper2019dotyali[p. 30],,,dotyali:81:doti:1
dotyali_baitadi,,tʃɑŋəl,uncooked rice,,tʃɑŋəl,,eichentopf-tupper2019dotyali[p. 30],,,dotyali:81:baitadi:1
dotyali_darchula,,tʃʰɑmɑl,uncooked rice,,tʃʰɑmɑl,,eichentopf-tupper2019dotyali[p. 30],,,dotyali:81:darchula:1
dotyali_bajhang,,tʃɑməl,uncooked rice,,tʃɑməl,,eichentopf-tupper2019dotyali[p. 30],,,dotyali:81:bajhang:1
dotyali_doti,,dʰɑn,unhusked rice,,dʰɑn,,eichentopf-tupper2019dotyali[p. 31],,,dotyali:82:doti:1
dotyali_baitadi,,dʰɑn,unhusked rice,,dʰɑn,,eichentopf-tupper2019dotyali[p. 31],,,dotyali:82:baitadi:1
dotyali_darchula,,dʰɑn,unhusked rice,,dʰɑn,,eichentopf-tupper2019dotyali[p. 31],,,dotyali:82:darchula:1
dotyali_bajhang,,dʰɑn,unhusked rice,,dʰɑn,,eichentopf-tupper2019dotyali[p. 31],,,dotyali:82:bajhang:1
dotyali_doti,,bʰɑt,cooked rice,,bʰɑt,,eichentopf-tupper2019dotyali[p. 31],,,dotyali:83:doti:1
dotyali_baitadi,,bʰɑt,cooked rice,,bʰɑt,,eichentopf-tupper2019dotyali[p. 31],,,dotyali:83:baitadi:1
dotyali_darchula,,bʰɑt,cooked rice,,bʰɑt,,eichentopf-tupper2019dotyali[p. 31],,,dotyali:83:darchula:1
dotyali_bajhang,,bʰɑt,cooked rice,,bʰɑt,,eichentopf-tupper2019dotyali[p. 31],,,dotyali:83:bajhang:1
dotyali_doti,,tərkɑri,vegetable,,tərkɑri,,eichentopf-tupper2019dotyali[p. 31],,,dotyali:84:doti:1
dotyali_doti,,sɑg,vegetable,,sɑg,,eichentopf-tupper2019dotyali[p. 31],,,dotyali:84:doti:2
dotyali_baitadi,,sɑg,vegetable,,sɑg,,eichentopf-tupper2019dotyali[p. 31],,,dotyali:84:baitadi:1
dotyali_darchula,,sɑg,vegetable,,sɑg,,eichentopf-tupper2019dotyali[p. 31],,,dotyali:84:darchula:1
dotyali_bajhang,,sɑg,vegetable,,sɑg,,eichentopf-tupper2019dotyali[p. 31],,,dotyali:84:bajhang:1
dotyali_doti,,ɑlu,potato,,ɑlu,,eichentopf-tupper2019dotyali[p. 31],,,dotyali:85:doti:1
dotyali_baitadi,,ɑlu,potato,,ɑlu,,eichentopf-tupper2019dotyali[p. 31],,,dotyali:85:baitadi:1
dotyali_darchula,,ɑlu,potato,,ɑlu,,eichentopf-tupper2019dotyali[p. 31],,,dotyali:85:darchula:1
dotyali_bajhang,,ɑlu,potato,,ɑlu,,eichentopf-tupper2019dotyali[p. 31],,,dotyali:85:bajhang:1
dotyali_doti,,bɑigun,egg plant,,bɑigun,,eichentopf-tupper2019dotyali[p. 31],,,dotyali:86:doti:1
dotyali_baitadi,,bʰɑikən,egg plant,,bʰɑikən,,eichentopf-tupper2019dotyali[p. 31],,,dotyali:86:baitadi:1
dotyali_darchula,,bʰɑigən,egg plant,,bʰɑigən,,eichentopf-tupper2019dotyali[p. 31],,,dotyali:86:darchula:1
dotyali_bajhang,,bʰĩɖo,egg plant,,bʰĩɖo,,eichentopf-tupper2019dotyali[p. 31],,,dotyali:86:bajhang:1
dotyali_doti,,məmpʰəli,ground nut,,məmpʰəli,,eichentopf-tupper2019dotyali[p. 31],,,dotyali:87:doti:1
dotyali_baitadi,,mukʰpəli,ground nut,,mukʰpəli,,eichentopf-tupper2019dotyali[p. 31],,,dotyali:87:baitadi:1
dotyali_darchula,,mumpʰəli,ground nut,,mumpʰəli,,eichentopf-tupper2019dotyali[p. 31],,,dotyali:87:darchula:1
dotyali_bajhang,,məmpʰəli,ground nut,,məmpʰəli,,eichentopf-tupper2019dotyali[p. 31],,,dotyali:87:bajhang:1
dotyali_doti,,ɖɑ,chili,,ɖɑ,,eichentopf-tupper2019dotyali[p. 31],,,dotyali:88:doti:1
dotyali_baitadi,,ɖɑ,chili,,ɖɑ,,eichentopf-tupper2019dotyali[p. 31],,,dotyali:88:baitadi:1
dotyali_darchula,,korsɑni,chili,,korsɑni,,eichentopf-tupper2019dotyali[p. 31],,,dotyali:88:darchula:1
dotyali_bajhang,,kursɑni,chili,,kursɑni,,eichentopf-tupper2019dotyali[p. 31],,,dotyali:88:bajhang:1
dotyali_doti,,həldo,tumeric,,həldo,,eichentopf-tupper2019dotyali[p. 31],,,dotyali:89:doti:1
dotyali_baitadi,,həlɖu,tumeric,,həlɖu,,eichentopf-tupper2019dotyali[p. 31],,,dotyali:89:baitadi:1
dotyali_darchula,,həld̪o,tumeric,,həld̪o,,eichentopf-tupper2019dotyali[p. 31],,,dotyali:89:darchula:1
dotyali_bajhang,,həɖʲəlo,tumeric,,həɖʲəlo,,eichentopf-tupper2019dotyali[p. 31],,,dotyali:89:bajhang:1
dotyali_doti,,lɑʃun,garlic,,lɑʃun,,eichentopf-tupper2019dotyali[p. 31],,,dotyali:90:doti:1
dotyali_baitadi,,ləʃon,garlic,,ləʃon,,eichentopf-tupper2019dotyali[p. 31],,,dotyali:90:baitadi:1
dotyali_darchula,,ləsun,garlic,,ləsun,,eichentopf-tupper2019dotyali[p. 31],,,dotyali:90:darchula:1
dotyali_bajhang,,ləsun,garlic,,ləsun,,eichentopf-tupper2019dotyali[p. 31],,,dotyali:90:bajhang:1
dotyali_doti,,pjædʒ,onion,,pjædʒ,,eichentopf-tupper2019dotyali[p. 31],,,dotyali:91:doti:1
dotyali_baitadi,,pjædʒ,onion,,pjædʒ,,eichentopf-tupper2019dotyali[p. 31],,,dotyali:91:baitadi:1
dotyali_darchula,,pjædʒ,onion,,pjædʒ,,eichentopf-tupper2019dotyali[p. 31],,,dotyali:91:darchula:1
dotyali_bajhang,,pʲædʒ,onion,,pʲædʒ,,eichentopf-tupper2019dotyali[p. 31],,,dotyali:91:bajhang:1
dotyali_doti,,gopi,cauli- flower,,gopi,,eichentopf-tupper2019dotyali[p. 31],,,dotyali:92:doti:1
dotyali_baitadi,,pʰulgʰobi,cauli- flower,,pʰulgʰobi,,eichentopf-tupper2019dotyali[p. 31],,,dotyali:92:baitadi:1
dotyali_darchula,,pʰulgʰobi,cauli- flower,,pʰulgʰobi,,eichentopf-tupper2019dotyali[p. 31],,,dotyali:92:darchula:1
dotyali_bajhang,,gop̚pi,cauli- flower,,gop̚pi,,eichentopf-tupper2019dotyali[p. 31],,,dotyali:92:bajhang:1
dotyali_doti,,ɑɖo,ginger,,ɑɖo,,eichentopf-tupper2019dotyali[p. 31],,,dotyali:93:doti:1
dotyali_baitadi,,ɑdo,ginger,,ɑdo,,eichentopf-tupper2019dotyali[p. 31],,,dotyali:93:baitadi:1
dotyali_darchula,,ɑɖo,ginger,,ɑɖo,,eichentopf-tupper2019dotyali[p. 31],,,dotyali:93:darchula:1
dotyali_bajhang,,ɑd̚do,ginger,,ɑd̚do,,eichentopf-tupper2019dotyali[p. 31],,,dotyali:93:bajhang:1
dotyali_doti,,golbĩɾɑ,tomato,,golbĩɾɑ,,eichentopf-tupper2019dotyali[p. 31],,,dotyali:94:doti:1
dotyali_baitadi,,tæmmiʈər,tomato,,tæmmiʈər,,eichentopf-tupper2019dotyali[p. 31],,,dotyali:94:baitadi:1
dotyali_darchula,,golibʰĩɳɑ,tomato,,golibʰĩɳɑ,,eichentopf-tupper2019dotyali[p. 31],,,dotyali:94:darchula:1
dotyali_bajhang,,golbʰeɖɑ,tomato,,golbʰeɖɑ,,eichentopf-tupper2019dotyali[p. 31],,,dotyali:94:bajhang:1
dotyali_doti,,bəndɑgopi,cɑbbage,,bəndɑgopi,,eichentopf-tupper2019dotyali[p. 31],,,dotyali:95:doti:1
dotyali_baitadi,,bəndɑgobi,cɑbbage,,bəndɑgobi,,eichentopf-tupper2019dotyali[p. 31],,,dotyali:95:baitadi:1
dotyali_darchula,,bəndɑkopi,cɑbbage,,bəndɑkopi,,eichentopf-tupper2019dotyali[p. 31],,,dotyali:95:darchula:1
dotyali_bajhang,,bəndə,cɑbbage,,bəndə,,eichentopf-tupper2019dotyali[p. 31],,,dotyali:95:bajhang:1
dotyali_doti,,kɑ̃kõɖo,cucumber,,kɑ̃kõɖo,,eichentopf-tupper2019dotyali[p. 31],,,dotyali:96:doti:1
dotyali_baitadi,,kɑ̃koɖo,cucumber,,kɑ̃koɖo,,eichentopf-tupper2019dotyali[p. 31],,,dotyali:96:baitadi:1
dotyali_darchula,,kɑ̃kodo,cucumber,,kɑ̃kodo,,eichentopf-tupper2019dotyali[p. 31],,,dotyali:96:darchula:1
dotyali_bajhang,,kɑ̃kdo,cucumber,,kɑ̃kdo,,eichentopf-tupper2019dotyali[p. 31],,,dotyali:96:bajhang:1
dotyali_doti,,tel,oil,,tel,,eichentopf-tupper2019dotyali[p. 31],,,dotyali:97:doti:1
dotyali_baitadi,,Tel,oil,,Tel,,eichentopf-tupper2019dotyali[p. 31],,,dotyali:97:baitadi:1
dotyali_darchula,,tel,oil,,tel,,eichentopf-tupper2019dotyali[p. 31],,,dotyali:97:darchula:1
dotyali_bajhang,,tel,oil,,tel,,eichentopf-tupper2019dotyali[p. 31],,,dotyali:97:bajhang:1
dotyali_doti,,nun,salt,,nun,,eichentopf-tupper2019dotyali[p. 31],,,dotyali:98:doti:1
dotyali_baitadi,,Nun,salt,,Nun,,eichentopf-tupper2019dotyali[p. 31],,,dotyali:98:baitadi:1
dotyali_darchula,,nun,salt,,nun,,eichentopf-tupper2019dotyali[p. 31],,,dotyali:98:darchula:1
dotyali_bajhang,,nun,salt,,nun,,eichentopf-tupper2019dotyali[p. 31],,,dotyali:98:bajhang:1
dotyali_doti,,sikɑr,meat,,sikɑr,,eichentopf-tupper2019dotyali[p. 31],,,dotyali:99:doti:1
dotyali_baitadi,,sikɑr,meat,,sikɑr,,eichentopf-tupper2019dotyali[p. 31],,,dotyali:99:baitadi:1
dotyali_darchula,,sikɑr,meat,,sikɑr,,eichentopf-tupper2019dotyali[p. 31],,,dotyali:99:darchula:1
dotyali_bajhang,,sikɑr,meat,,sikɑr,,eichentopf-tupper2019dotyali[p. 31],,,dotyali:99:bajhang:1
dotyali_doti,,boso,fat part of flesh,,boso,,eichentopf-tupper2019dotyali[p. 31],,,dotyali:100:doti:1
dotyali_baitadi,,Boso,fat part of flesh,,Boso,,eichentopf-tupper2019dotyali[p. 31],,,dotyali:100:baitadi:1
dotyali_darchula,,boso,fat part of flesh,,boso,,eichentopf-tupper2019dotyali[p. 31],,,dotyali:100:darchula:1
dotyali_bajhang,,boso,fat part of flesh,,boso,,eichentopf-tupper2019dotyali[p. 31],,,dotyali:100:bajhang:1
dotyali_doti,,mɑtʃʰɑ,fish,,mɑtʃʰɑ,,eichentopf-tupper2019dotyali[p. 31],,,dotyali:101:doti:1
dotyali_baitadi,,mɑtʃʰɑ,fish,,mɑtʃʰɑ,,eichentopf-tupper2019dotyali[p. 31],,,dotyali:101:baitadi:1
dotyali_darchula,,mɑtʃʰɑ,fish,,mɑtʃʰɑ,,eichentopf-tupper2019dotyali[p. 31],,,dotyali:101:darchula:1
dotyali_bajhang,,mɑtʃʰɑ,fish,,mɑtʃʰɑ,,eichentopf-tupper2019dotyali[p. 31],,,dotyali:101:bajhang:1
dotyali_doti,,kukurɑ,chicken,,kukurɑ,,eichentopf-tupper2019dotyali[p. 31],,,dotyali:102:doti:1
dotyali_baitadi,,kukʰudɑ,chicken,,kukʰudɑ,,eichentopf-tupper2019dotyali[p. 31],,,dotyali:102:baitadi:1
dotyali_darchula,,kukʰudɑ,chicken,,kukʰudɑ,,eichentopf-tupper2019dotyali[p. 31],,,dotyali:102:darchula:1
dotyali_bajhang,,kukʰudɑ,chicken,,kukʰudɑ,,eichentopf-tupper2019dotyali[p. 31],,,dotyali:102:bajhang:1
dotyali_doti,,əndɑ,egg,,əndɑ,,eichentopf-tupper2019dotyali[p. 31],,,dotyali:103:doti:1
dotyali_doti,,pʰul,egg,,pʰul,,eichentopf-tupper2019dotyali[p. 31],,,dotyali:103:doti:2
dotyali_baitadi,,əndɑ,egg,,əndɑ,,eichentopf-tupper2019dotyali[p. 31],,,dotyali:103:baitadi:1
dotyali_darchula,,ɑ̃ɳɑ̃,egg,,ɑ̃ɳɑ̃,,eichentopf-tupper2019dotyali[p. 31],,,dotyali:103:darchula:1
dotyali_bajhang,,pʰul,egg,,pʰul,,eichentopf-tupper2019dotyali[p. 31],,,dotyali:103:bajhang:1
dotyali_doti,,gɑi,cow,,gɑi,,eichentopf-tupper2019dotyali[p. 31],,,dotyali:104:doti:1
dotyali_baitadi,,gɑi,cow,,gɑi,,eichentopf-tupper2019dotyali[p. 31],,,dotyali:104:baitadi:1
dotyali_darchula,,goru,cow,,goru,,eichentopf-tupper2019dotyali[p. 31],,,dotyali:104:darchula:1
dotyali_darchula,,gɑi,cow,,gɑi,,eichentopf-tupper2019dotyali[p. 31],,,dotyali:104:darchula:2
dotyali_bajhang,,gɑi,cow,,gɑi,,eichentopf-tupper2019dotyali[p. 31],,,dotyali:104:bajhang:1
dotyali_doti,,bʰɑĩso,buffalo,,bʰɑĩso,,eichentopf-tupper2019dotyali[p. 31],,,dotyali:105:doti:1
dotyali_baitadi,,bʰɑiso,buffalo,,bʰɑiso,,eichentopf-tupper2019dotyali[p. 31],,,dotyali:105:baitadi:1
dotyali_darchula,,bʰɑiso,buffalo,,bʰɑiso,,eichentopf-tupper2019dotyali[p. 31],,,dotyali:105:darchula:1
dotyali_bajhang,,bʰɑĩso,buffalo,,bʰɑĩso,,eichentopf-tupper2019dotyali[p. 31],,,dotyali:105:bajhang:1
dotyali_doti,,dud,milk,,dud,,eichentopf-tupper2019dotyali[p. 31],,,dotyali:106:doti:1
dotyali_baitadi,,dud̪,milk,,dud̪,,eichentopf-tupper2019dotyali[p. 31],,,dotyali:106:baitadi:1
dotyali_darchula,,dud,milk,,dud,,eichentopf-tupper2019dotyali[p. 31],,,dotyali:106:darchula:1
dotyali_bajhang,,dudʰ,milk,,dudʰ,,eichentopf-tupper2019dotyali[p. 31],,,dotyali:106:bajhang:1
dotyali_doti,,ʃiŋ,horn,,ʃiŋ,,eichentopf-tupper2019dotyali[p. 31],,,dotyali:107:doti:1
dotyali_baitadi,,ʃiŋ,horn,,ʃiŋ,,eichentopf-tupper2019dotyali[p. 31],,,dotyali:107:baitadi:1
dotyali_darchula,,siŋ,horn,,siŋ,,eichentopf-tupper2019dotyali[p. 31],,,dotyali:107:darchula:1
dotyali_bajhang,,siŋ,horn,,siŋ,,eichentopf-tupper2019dotyali[p. 31],,,dotyali:107:bajhang:1
dotyali_doti,,putʃəɾi,tail,,putʃəɾi,,eichentopf-tupper2019dotyali[p. 31],,,dotyali:108:doti:1
dotyali_baitadi,,putʃɑr,tail,,putʃɑr,,eichentopf-tupper2019dotyali[p. 31],,,dotyali:108:baitadi:1
dotyali_darchula,,putʃɑr,tail,,putʃɑr,,eichentopf-tupper2019dotyali[p. 31],,,dotyali:108:darchula:1
dotyali_bajhang,,putʃʰɑr,tail,,putʃʰɑr,,eichentopf-tupper2019dotyali[p. 31],,,dotyali:108:bajhang:1
dotyali_doti,,bəkɑrɑ,goat,,bəkɑrɑ,,eichentopf-tupper2019dotyali[p. 32],,,dotyali:109:doti:1
dotyali_baitadi,,bɑkʰoro,goat,,bɑkʰoro,,eichentopf-tupper2019dotyali[p. 32],,,dotyali:109:baitadi:1
dotyali_darchula,,bɑkʰərɑ,goat,,bɑkʰərɑ,,eichentopf-tupper2019dotyali[p. 32],,,dotyali:109:darchula:1
dotyali_bajhang,,bɑkʰro,goat,,bɑkʰro,,eichentopf-tupper2019dotyali[p. 32],,,dotyali:109:bajhang:1
dotyali_doti,,sumər,pig,,sumər,,eichentopf-tupper2019dotyali[p. 32],,,dotyali:110:doti:1
dotyali_baitadi,,sũŋər̃,pig,,sũŋər̃,,eichentopf-tupper2019dotyali[p. 32],,,dotyali:110:baitadi:1
dotyali_darchula,,suŋər,pig,,suŋər,,eichentopf-tupper2019dotyali[p. 32],,,dotyali:110:darchula:1
dotyali_bajhang,,suŋgɑr,pig,,suŋgɑr,,eichentopf-tupper2019dotyali[p. 32],,,dotyali:110:bajhang:1
dotyali_doti,,kukur,dog,,kukur,,eichentopf-tupper2019dotyali[p. 32],,,dotyali:111:doti:1
dotyali_baitadi,,kukur,dog,,kukur,,eichentopf-tupper2019dotyali[p. 32],,,dotyali:111:baitadi:1
dotyali_darchula,,kukur,dog,,kukur,,eichentopf-tupper2019dotyali[p. 32],,,dotyali:111:darchula:1
dotyali_bajhang,,kukur,dog,,kukur,,eichentopf-tupper2019dotyali[p. 32],,,dotyali:111:bajhang:1
dotyali_doti,,billo,cat,,billo,,eichentopf-tupper2019dotyali[p. 32],,,dotyali:112:doti:1
dotyali_baitadi,,billu,cat,,billu,,eichentopf-tupper2019dotyali[p. 32],,,dotyali:112:baitadi:1
dotyali_darchula,,billo,cat,,billo,,eichentopf-tupper2019dotyali[p. 32],,,dotyali:112:darchula:1
dotyali_bajhang,,billo,cat,,billo,,eichentopf-tupper2019dotyali[p. 32],,,dotyali:112:bajhang:1
dotyali_doti,,ʃjæp,snake,,ʃjæp,,eichentopf-tupper2019dotyali[p. 32],,,dotyali:113:doti:1
dotyali_baitadi,,ʃjæp,snake,,ʃjæp,,eichentopf-tupper2019dotyali[p. 32],,,dotyali:113:baitadi:1
dotyali_darchula,,ʃʲæp,snake,,ʃʲæp,,eichentopf-tupper2019dotyali[p. 32],,,dotyali:113:darchula:1
dotyali_bajhang,,sʲæp,snake,,sʲæp,,eichentopf-tupper2019dotyali[p. 32],,,dotyali:113:bajhang:1
dotyali_doti,,bɑnər,monkey,,bɑnər,,eichentopf-tupper2019dotyali[p. 32],,,dotyali:114:doti:1
dotyali_baitadi,,bɑnər,monkey,,bɑnər,,eichentopf-tupper2019dotyali[p. 32],,,dotyali:114:baitadi:1
dotyali_darchula,,bɑ̃nɑr,monkey,,bɑ̃nɑr,,eichentopf-tupper2019dotyali[p. 32],,,dotyali:114:darchula:1
dotyali_bajhang,,bɑ̃nɑr,monkey,,bɑ̃nɑr,,eichentopf-tupper2019dotyali[p. 32],,,dotyali:114:bajhang:1
dotyali_doti,,tʃərɑ,bird,,tʃərɑ,,eichentopf-tupper2019dotyali[p. 32],,,dotyali:115:doti:1
dotyali_baitadi,,tʃəɳo,bird,,tʃəɳo,,eichentopf-tupper2019dotyali[p. 32],,,dotyali:115:baitadi:1
dotyali_darchula,,tʃərɑ,bird,,tʃərɑ,,eichentopf-tupper2019dotyali[p. 32],,,dotyali:115:darchula:1
dotyali_bajhang,,tʃəɖo,bird,,tʃəɖo,,eichentopf-tupper2019dotyali[p. 32],,,dotyali:115:bajhang:1
dotyali_doti,,pəkʰetɑ,wings,,pəkʰetɑ,,eichentopf-tupper2019dotyali[p. 32],,,dotyali:116:doti:1
dotyali_baitadi,,pɑkʰitɑ,wings,,pɑkʰitɑ,,eichentopf-tupper2019dotyali[p. 32],,,dotyali:116:baitadi:1
dotyali_darchula,,pɑ̃k,wings,,pɑ̃k,,eichentopf-tupper2019dotyali[p. 32],,,dotyali:116:darchula:1
dotyali_bajhang,,pəkʰetɑ,wings,,pəkʰetɑ,,eichentopf-tupper2019dotyali[p. 32],,,dotyali:116:bajhang:1
dotyali_doti,,pəkʰjɑr,feather,,pəkʰjɑr,,eichentopf-tupper2019dotyali[p. 32],,,dotyali:117:doti:1
dotyali_baitadi,,pɑk,feather,,pɑk,,eichentopf-tupper2019dotyali[p. 32],,,dotyali:117:baitadi:1
dotyali_darchula,,pɑ̃k,feather,,pɑ̃k,,eichentopf-tupper2019dotyali[p. 32],,,dotyali:117:darchula:1
dotyali_bajhang,,pɑ̃k,feather,,pɑ̃k,,eichentopf-tupper2019dotyali[p. 32],,,dotyali:117:bajhang:1
dotyali_doti,,musɑ,rat/mouse,,musɑ,,eichentopf-tupper2019dotyali[p. 32],,,dotyali:118:doti:1
dotyali_baitadi,,musɑ,rat/mouse,,musɑ,,eichentopf-tupper2019dotyali[p. 32],,,dotyali:118:baitadi:1
dotyali_darchula,,muso,rat/mouse,,muso,,eichentopf-tupper2019dotyali[p. 32],,,dotyali:118:darchula:1
dotyali_bajhang,,muso,rat/mouse,,muso,,eichentopf-tupper2019dotyali[p. 32],,,dotyali:118:bajhang:1
dotyali_doti,,mətʃəɾ,mosquito,,mətʃəɾ,,eichentopf-tupper2019dotyali[p. 32],,,dotyali:119:doti:1
dotyali_baitadi,,mətʃʰəɾ,mosquito,,mətʃʰəɾ,,eichentopf-tupper2019dotyali[p. 32],,,dotyali:119:baitadi:1
dotyali_darchula,,mətʃʰɑr,mosquito,,mətʃʰɑr,,eichentopf-tupper2019dotyali[p. 32],,,dotyali:119:darchula:1
dotyali_bajhang,,mətʃʰɑɾ,mosquito,,mətʃʰɑɾ,,eichentopf-tupper2019dotyali[p. 32],,,dotyali:119:bajhang:1
dotyali_doti,,mɑkʰɑ,fly,,mɑkʰɑ,,eichentopf-tupper2019dotyali[p. 32],,,dotyali:120:doti:1
dotyali_baitadi,,mækʰɑ,fly,,mækʰɑ,,eichentopf-tupper2019dotyali[p. 32],,,dotyali:120:baitadi:1
dotyali_darchula,,mɑkʰɑ,fly,,mɑkʰɑ,,eichentopf-tupper2019dotyali[p. 32],,,dotyali:120:darchula:1
dotyali_bajhang,,mɑkʰo,fly,,mɑkʰo,,eichentopf-tupper2019dotyali[p. 32],,,dotyali:120:bajhang:1
dotyali_doti,,mourɑ,honey bee,,mourɑ,,eichentopf-tupper2019dotyali[p. 32],,,dotyali:121:doti:1
dotyali_baitadi,,mɑurɑ,honey bee,,mɑurɑ,,eichentopf-tupper2019dotyali[p. 32],,,dotyali:121:baitadi:1
dotyali_darchula,,mourɑ,honey bee,,mourɑ,,eichentopf-tupper2019dotyali[p. 32],,,dotyali:121:darchula:1
dotyali_bajhang,,mourɑ,honey bee,,mourɑ,,eichentopf-tupper2019dotyali[p. 32],,,dotyali:121:bajhang:1
dotyali_doti,,kirmilo,ant,,kirmilo,,eichentopf-tupper2019dotyali[p. 32],,,dotyali:122:doti:1
dotyali_baitadi,,kirmulo,ant,,kirmulo,,eichentopf-tupper2019dotyali[p. 32],,,dotyali:122:baitadi:1
dotyali_darchula,,kirməlɑ,ant,,kirməlɑ,,eichentopf-tupper2019dotyali[p. 32],,,dotyali:122:darchula:1
dotyali_bajhang,,kirəmulo,ant,,kirəmulo,,eichentopf-tupper2019dotyali[p. 32],,,dotyali:122:bajhang:1
dotyali_doti,,bəɖuwɑ,spider,,bəɖuwɑ,,eichentopf-tupper2019dotyali[p. 32],,,dotyali:123:doti:1
dotyali_baitadi,,bəɖuwɑ,spider,,bəɖuwɑ,,eichentopf-tupper2019dotyali[p. 32],,,dotyali:123:baitadi:1
dotyali_darchula,,bəɖuwɑ,spider,,bəɖuwɑ,,eichentopf-tupper2019dotyali[p. 32],,,dotyali:123:darchula:1
dotyali_bajhang,,bõɖeⁱ,spider,,bõɖeⁱ,,eichentopf-tupper2019dotyali[p. 32],,,dotyali:123:bajhang:1
dotyali_doti,,dʒoɽɑ̃,louse,,dʒoɽɑ̃,,eichentopf-tupper2019dotyali[p. 32],,,dotyali:124:doti:1
dotyali_baitadi,,dʒoɽo,louse,,dʒoɽo,,eichentopf-tupper2019dotyali[p. 32],,,dotyali:124:baitadi:1
dotyali_darchula,,dʒorɑ,louse,,dʒorɑ,,eichentopf-tupper2019dotyali[p. 32],,,dotyali:124:darchula:1
dotyali_bajhang,,dʒũdɑ,louse,,dʒũdɑ,,eichentopf-tupper2019dotyali[p. 32],,,dotyali:124:bajhang:1
dotyali_doti,,uɖus,bed bug,,uɖus,,eichentopf-tupper2019dotyali[p. 32],,,dotyali:125:doti:1
dotyali_baitadi,,kətməl,bed bug,,kətməl,,eichentopf-tupper2019dotyali[p. 32],,,dotyali:125:baitadi:1
dotyali_darchula,,uɖus,bed bug,,uɖus,,eichentopf-tupper2019dotyali[p. 32],,,dotyali:125:darchula:1
dotyali_darchula,,ʃələʃ,bed bug,,ʃələʃ,,eichentopf-tupper2019dotyali[p. 32],,,dotyali:125:darchula:2
dotyali_bajhang,,kʰətməl,bed bug,,kʰətməl,,eichentopf-tupper2019dotyali[p. 32],,,dotyali:125:bajhang:1
dotyali_doti,,upəjæ̃,flea,,upəjæ̃,,eichentopf-tupper2019dotyali[p. 32],,,dotyali:126:doti:1
dotyali_baitadi,,upɑijẽ,flea,,upɑijẽ,,eichentopf-tupper2019dotyali[p. 32],,,dotyali:126:baitadi:1
dotyali_darchula,,upʲɑ,flea,,upʲɑ,,eichentopf-tupper2019dotyali[p. 32],,,dotyali:126:darchula:1
dotyali_bajhang,,upɑijũ,flea,,upɑijũ,,eichentopf-tupper2019dotyali[p. 32],,,dotyali:126:bajhang:1
dotyali_doti,,dʒugɑ,leech,,dʒugɑ,,eichentopf-tupper2019dotyali[p. 32],,,dotyali:127:doti:1
dotyali_baitadi,,dʒukɑ,leech,,dʒukɑ,,eichentopf-tupper2019dotyali[p. 32],,,dotyali:127:baitadi:1
dotyali_darchula,,dʒugɑ,leech,,dʒugɑ,,eichentopf-tupper2019dotyali[p. 32],,,dotyali:127:darchula:1
dotyali_bajhang,,dʒukɑ,leech,,dʒukɑ,,eichentopf-tupper2019dotyali[p. 32],,,dotyali:127:bajhang:1
dotyali_doti,,mɑntʒʰe,person,,mɑntʒʰe,,eichentopf-tupper2019dotyali[p. 32],,,dotyali:128:doti:1
dotyali_baitadi,,mɑis,person,,mɑis,,eichentopf-tupper2019dotyali[p. 32],,,dotyali:128:baitadi:1
dotyali_darchula,,mɑnse,person,,mɑnse,,eichentopf-tupper2019dotyali[p. 32],,,dotyali:128:darchula:1
dotyali_bajhang,,mɑⁱʃə,person,,mɑⁱʃə,,eichentopf-tupper2019dotyali[p. 32],,,dotyali:128:bajhang:1
dotyali_doti,,bəikɑn,man,,bəikɑn,,eichentopf-tupper2019dotyali[p. 32],,,dotyali:129:doti:1
dotyali_baitadi,,bɑikɑn,man,,bɑikɑn,,eichentopf-tupper2019dotyali[p. 32],,,dotyali:129:baitadi:1
dotyali_baitadi,,bɑuse,man,,bɑuse,,eichentopf-tupper2019dotyali[p. 32],,,dotyali:129:baitadi:2
dotyali_darchula,,bɑrse,man,,bɑrse,,eichentopf-tupper2019dotyali[p. 32],,,dotyali:129:darchula:1
dotyali_bajhang,,logənɑⁱ,man,,logənɑⁱ,,eichentopf-tupper2019dotyali[p. 32],,,dotyali:129:bajhang:1
dotyali_doti,,swɑini,woman/ female,,swɑini,,eichentopf-tupper2019dotyali[p. 32],,,dotyali:130:doti:1
dotyali_baitadi,,swɑni,woman/ female,,swɑni,,eichentopf-tupper2019dotyali[p. 32],,,dotyali:130:baitadi:1
dotyali_darchula,,putɑri,woman/ female,,putɑri,,eichentopf-tupper2019dotyali[p. 32],,,dotyali:130:darchula:1
dotyali_bajhang,,swɑini,woman/ female,,swɑini,,eichentopf-tupper2019dotyali[p. 32],,,dotyali:130:bajhang:1
dotyali_doti,,dʒɑtku,baby,,dʒɑtku,,eichentopf-tupper2019dotyali[p. 32],,,dotyali:131:doti:1
dotyali_baitadi,,bɑlək,baby,,bɑlək,,eichentopf-tupper2019dotyali[p. 32],,,dotyali:131:baitadi:1
dotyali_darchula,,gedɑ,baby,,gedɑ,,eichentopf-tupper2019dotyali[p. 32],,,dotyali:131:darchula:1
dotyali_bajhang,,tʃərɑ tʃəri,baby,,tʃərɑ tʃəri,,eichentopf-tupper2019dotyali[p. 32],,,dotyali:131:bajhang:1
dotyali_doti,,ketɑ,boy,,ketɑ,,eichentopf-tupper2019dotyali[p. 32],,,dotyali:132:doti:1
dotyali_baitadi,,tʃelo,boy,,tʃelo,,eichentopf-tupper2019dotyali[p. 32],,,dotyali:132:baitadi:1
dotyali_darchula,,ketɑ,boy,,ketɑ,,eichentopf-tupper2019dotyali[p. 32],,,dotyali:132:darchula:1
dotyali_bajhang,,tʃoret̚to,boy,,tʃoret̚to,,eichentopf-tupper2019dotyali[p. 32],,,dotyali:132:bajhang:1
dotyali_doti,,keti,girl,,keti,,eichentopf-tupper2019dotyali[p. 32],,,dotyali:133:doti:1
dotyali_baitadi,,tʃeli,girl,,tʃeli,,eichentopf-tupper2019dotyali[p. 32],,,dotyali:133:baitadi:1
dotyali_darchula,,keti,girl,,keti,,eichentopf-tupper2019dotyali[p. 32],,,dotyali:133:darchula:1
dotyali_bajhang,,tʃoret̚ti,girl,,tʃoret̚ti,,eichentopf-tupper2019dotyali[p. 32],,,dotyali:133:bajhang:1
dotyali_doti,,bɑ,father,,bɑ,,eichentopf-tupper2019dotyali[p. 32],,,dotyali:134:doti:1
dotyali_baitadi,,buɑ,father,,buɑ,,eichentopf-tupper2019dotyali[p. 32],,,dotyali:134:baitadi:1
dotyali_darchula,,bɑbɑ,father,,bɑbɑ,,eichentopf-tupper2019dotyali[p. 32],,,dotyali:134:darchula:1
dotyali_bajhang,,bɑ,father,,bɑ,,eichentopf-tupper2019dotyali[p. 32],,,dotyali:134:bajhang:1
dotyali_doti,,iʒɑ,mother,,iʒɑ,,eichentopf-tupper2019dotyali[p. 32],,,dotyali:135:doti:1
dotyali_baitadi,,idʒɑ,mother,,idʒɑ,,eichentopf-tupper2019dotyali[p. 32],,,dotyali:135:baitadi:1
dotyali_darchula,,idʒɑ,mother,,idʒɑ,,eichentopf-tupper2019dotyali[p. 32],,,dotyali:135:darchula:1
dotyali_bajhang,,ɑmɑ,mother,,ɑmɑ,,eichentopf-tupper2019dotyali[p. 32],,,dotyali:135:bajhang:1
dotyali_doti,,dɑi,older brother,,dɑi,,eichentopf-tupper2019dotyali[p. 32],,,dotyali:136:doti:1
dotyali_baitadi,,dɑdɑ,older brother,,dɑdɑ,,eichentopf-tupper2019dotyali[p. 32],,,dotyali:136:baitadi:1
dotyali_darchula,,dɑdɑ,older brother,,dɑdɑ,,eichentopf-tupper2019dotyali[p. 32],,,dotyali:136:darchula:1
dotyali_bajhang,,dɑdʒu,older brother,,dɑdʒu,,eichentopf-tupper2019dotyali[p. 32],,,dotyali:136:bajhang:1
dotyali_doti,,bʰɑi,younger brother,,bʰɑi,,eichentopf-tupper2019dotyali[p. 32],,,dotyali:137:doti:1
dotyali_baitadi,,bʰɑi,younger brother,,bʰɑi,,eichentopf-tupper2019dotyali[p. 32],,,dotyali:137:baitadi:1
dotyali_darchula,,bʰɑi,younger brother,,bʰɑi,,eichentopf-tupper2019dotyali[p. 32],,,dotyali:137:darchula:1
dotyali_bajhang,,bʰɑdʒɑ,younger brother,,bʰɑdʒɑ,,eichentopf-tupper2019dotyali[p. 32],,,dotyali:137:bajhang:1
dotyali_doti,,didi,older sister,,didi,,eichentopf-tupper2019dotyali[p. 33],,,dotyali:138:doti:1
dotyali_baitadi,,didi,older sister,,didi,,eichentopf-tupper2019dotyali[p. 33],,,dotyali:138:baitadi:1
dotyali_darchula,,didi,older sister,,didi,,eichentopf-tupper2019dotyali[p. 33],,,dotyali:138:darchula:1
dotyali_bajhang,,di,older sister,,di,,eichentopf-tupper2019dotyali[p. 33],,,dotyali:138:bajhang:1
dotyali_doti,,bəhini,younger sister,,bəhini,,eichentopf-tupper2019dotyali[p. 33],,,dotyali:139:doti:1
dotyali_baitadi,,bəhini,younger sister,,bəhini,,eichentopf-tupper2019dotyali[p. 33],,,dotyali:139:baitadi:1
dotyali_darchula,,bəhini,younger sister,,bəhini,,eichentopf-tupper2019dotyali[p. 33],,,dotyali:139:darchula:1
dotyali_bajhang,,bɑdʒi,younger sister,,bɑdʒi,,eichentopf-tupper2019dotyali[p. 33],,,dotyali:139:bajhang:1
dotyali_doti,,tʃelo,son,,tʃelo,,eichentopf-tupper2019dotyali[p. 33],,,dotyali:140:doti:1
dotyali_baitadi,,tʃelo,son,,tʃelo,,eichentopf-tupper2019dotyali[p. 33],,,dotyali:140:baitadi:1
dotyali_darchula,,tʃelo,son,,tʃelo,,eichentopf-tupper2019dotyali[p. 33],,,dotyali:140:darchula:1
dotyali_bajhang,,tʃelo,son,,tʃelo,,eichentopf-tupper2019dotyali[p. 33],,,dotyali:140:bajhang:1
dotyali_doti,,tʃeli,daughter,,tʃeli,,eichentopf-tupper2019dotyali[p. 33],,,dotyali:141:doti:1
dotyali_baitadi,,tʃeli,daughter,,tʃeli,,eichentopf-tupper2019dotyali[p. 33],,,dotyali:141:baitadi:1
dotyali_darchula,,tʃeli,daughter,,tʃeli,,eichentopf-tupper2019dotyali[p. 33],,,dotyali:141:darchula:1
dotyali_bajhang,,tʃeli,daughter,,tʃeli,,eichentopf-tupper2019dotyali[p. 33],,,dotyali:141:bajhang:1
dotyali_doti,,bɑikɑn,husband,,bɑikɑn,,eichentopf-tupper2019dotyali[p. 33],,,dotyali:142:doti:1
dotyali_baitadi,,poi,husband,,poi,,eichentopf-tupper2019dotyali[p. 33],,,dotyali:142:baitadi:1
dotyali_darchula,,bɑᵘse,husband,,bɑᵘse,,eichentopf-tupper2019dotyali[p. 33],,,dotyali:142:darchula:1
dotyali_bajhang,,logənʲe,husband,,logənʲe,,eichentopf-tupper2019dotyali[p. 33],,,dotyali:142:bajhang:1
dotyali_doti,,swɑⁱni,wife,,swɑⁱni,,eichentopf-tupper2019dotyali[p. 33],,,dotyali:143:doti:1
dotyali_baitadi,,dʒoi,wife,,dʒoi,,eichentopf-tupper2019dotyali[p. 33],,,dotyali:143:baitadi:1
dotyali_baitadi,,swɑni,wife,,swɑni,,eichentopf-tupper2019dotyali[p. 33],,,dotyali:143:baitadi:2
dotyali_darchula,,ʃwɑin,wife,,ʃwɑin,,eichentopf-tupper2019dotyali[p. 33],,,dotyali:143:darchula:1
dotyali_bajhang,,swɑini,wife,,swɑini,,eichentopf-tupper2019dotyali[p. 33],,,dotyali:143:bajhang:1
dotyali_doti,,bədʒe,grand- father,,bədʒe,,eichentopf-tupper2019dotyali[p. 33],,,dotyali:144:doti:1
dotyali_baitadi,,bɑdʒe,grand- father,,bɑdʒe,,eichentopf-tupper2019dotyali[p. 33],,,dotyali:144:baitadi:1
dotyali_darchula,,bədʒe,grand- father,,bədʒe,,eichentopf-tupper2019dotyali[p. 33],,,dotyali:144:darchula:1
dotyali_bajhang,,bɑdʒʲɑ,grand- father,,bɑdʒʲɑ,,eichentopf-tupper2019dotyali[p. 33],,,dotyali:144:bajhang:1
dotyali_doti,,bədʒeⁱ,grand- mother,,bədʒeⁱ,,eichentopf-tupper2019dotyali[p. 33],,,dotyali:145:doti:1
dotyali_baitadi,,ɑmɑ,grand- mother,,ɑmɑ,,eichentopf-tupper2019dotyali[p. 33],,,dotyali:145:baitadi:1
dotyali_darchula,,ɑmɑ,grand- mother,,ɑmɑ,,eichentopf-tupper2019dotyali[p. 33],,,dotyali:145:darchula:1
dotyali_bajhang,,bədʒʲe,grand- mother,,bədʒʲe,,eichentopf-tupper2019dotyali[p. 33],,,dotyali:145:bajhang:1
dotyali_doti,,nɑti,grandson,,nɑti,,eichentopf-tupper2019dotyali[p. 33],,,dotyali:146:doti:1
dotyali_baitadi,,nɑti,grandson,,nɑti,,eichentopf-tupper2019dotyali[p. 33],,,dotyali:146:baitadi:1
dotyali_darchula,,nɑti,grandson,,nɑti,,eichentopf-tupper2019dotyali[p. 33],,,dotyali:146:darchula:1
dotyali_bajhang,,nɑti,grandson,,nɑti,,eichentopf-tupper2019dotyali[p. 33],,,dotyali:146:bajhang:1
dotyali_doti,,nɑtini,grand- daughter,,nɑtini,,eichentopf-tupper2019dotyali[p. 33],,,dotyali:147:doti:1
dotyali_baitadi,,nɑtini,grand- daughter,,nɑtini,,eichentopf-tupper2019dotyali[p. 33],,,dotyali:147:baitadi:1
dotyali_darchula,,nɑtini,grand- daughter,,nɑtini,,eichentopf-tupper2019dotyali[p. 33],,,dotyali:147:darchula:1
dotyali_bajhang,,nɑtini,grand- daughter,,nɑtini,,eichentopf-tupper2019dotyali[p. 33],,,dotyali:147:bajhang:1
dotyali_doti,,dʒetɑ bɑ,father’s older brother,,dʒetɑ bɑ,,eichentopf-tupper2019dotyali[p. 33],,,dotyali:148:doti:1
dotyali_baitadi,,dʒetɑ buɑ,father’s older brother,,dʒetɑ buɑ,,eichentopf-tupper2019dotyali[p. 33],,,dotyali:148:baitadi:1
dotyali_darchula,,dʒetɑ bɑbɑ,father’s older brother,,dʒetɑ bɑbɑ,,eichentopf-tupper2019dotyali[p. 33],,,dotyali:148:darchula:1
dotyali_bajhang,,dʒetɑ bɑ,father’s older brother,,dʒetɑ bɑ,,eichentopf-tupper2019dotyali[p. 33],,,dotyali:148:bajhang:1
dotyali_doti,,kɑntʃɑ bɑ,father’s younger brother,,kɑntʃɑ bɑ,,eichentopf-tupper2019dotyali[p. 33],,,dotyali:149:doti:1
dotyali_baitadi,,kɑkɑ,father’s younger brother,,kɑkɑ,,eichentopf-tupper2019dotyali[p. 33],,,dotyali:149:baitadi:1
dotyali_darchula,,kɑkɑ,father’s younger brother,,kɑkɑ,,eichentopf-tupper2019dotyali[p. 33],,,dotyali:149:darchula:1
dotyali_bajhang,,kɑkɑ,father’s younger brother,,kɑkɑ,,eichentopf-tupper2019dotyali[p. 33],,,dotyali:149:bajhang:1
dotyali_doti,,phupʰu,father’s older sister,,phupʰu,,eichentopf-tupper2019dotyali[p. 33],,,dotyali:150:doti:1
dotyali_baitadi,,phuidʒu,father’s older sister,,phuidʒu,,eichentopf-tupper2019dotyali[p. 33],,,dotyali:150:baitadi:1
dotyali_darchula,,pʰuidʒu,father’s older sister,,pʰuidʒu,,eichentopf-tupper2019dotyali[p. 33],,,dotyali:150:darchula:1
dotyali_darchula,,phupu,father’s older sister,,phupu,,eichentopf-tupper2019dotyali[p. 33],,,dotyali:150:darchula:2
dotyali_bajhang,,puidʒu,father’s older sister,,puidʒu,,eichentopf-tupper2019dotyali[p. 33],,,dotyali:150:bajhang:1
dotyali_doti,,mɑmɑ,mother’s older brother,,mɑmɑ,,eichentopf-tupper2019dotyali[p. 33],,,dotyali:151:doti:1
dotyali_baitadi,,mɑmɑ,mother’s older brother,,mɑmɑ,,eichentopf-tupper2019dotyali[p. 33],,,dotyali:151:baitadi:1
dotyali_darchula,,mɑmɑ,mother’s older brother,,mɑmɑ,,eichentopf-tupper2019dotyali[p. 33],,,dotyali:151:darchula:1
dotyali_bajhang,,mɑmɑ,mother’s older brother,,mɑmɑ,,eichentopf-tupper2019dotyali[p. 33],,,dotyali:151:bajhang:1
dotyali_doti,,dʒeti ɑmɑ,mother’s older sister,,dʒeti ɑmɑ,,eichentopf-tupper2019dotyali[p. 33],,,dotyali:152:doti:1
dotyali_baitadi,,dʒeidʒɑ,mother’s older sister,,dʒeidʒɑ,,eichentopf-tupper2019dotyali[p. 33],,,dotyali:152:baitadi:1
dotyali_darchula,,dʒedʒɑ,mother’s older sister,,dʒedʒɑ,,eichentopf-tupper2019dotyali[p. 33],,,dotyali:152:darchula:1
dotyali_bajhang,,dʒetɑ ɑmɑ,mother’s older sister,,dʒetɑ ɑmɑ,,eichentopf-tupper2019dotyali[p. 33],,,dotyali:152:bajhang:1
dotyali_doti,,kɑntʃi ɑmɑ,mother’s younger sister,,kɑntʃi ɑmɑ,,eichentopf-tupper2019dotyali[p. 33],,,dotyali:153:doti:1
dotyali_baitadi,,kõiʃi,mother’s younger sister,,kõiʃi,,eichentopf-tupper2019dotyali[p. 33],,,dotyali:153:baitadi:1
dotyali_darchula,,kɑⁱdʒɑ,mother’s younger sister,,kɑⁱdʒɑ,,eichentopf-tupper2019dotyali[p. 33],,,dotyali:153:darchula:1
dotyali_bajhang,,nɑni,mother’s younger sister,,nɑni,,eichentopf-tupper2019dotyali[p. 33],,,dotyali:153:bajhang:1
dotyali_doti,,sɑtʰi,friend,,sɑtʰi,,eichentopf-tupper2019dotyali[p. 33],,,dotyali:154:doti:1
dotyali_baitadi,,sɑtʰi,friend,,sɑtʰi,,eichentopf-tupper2019dotyali[p. 33],,,dotyali:154:baitadi:1
dotyali_darchula,,səŋʲi,friend,,səŋʲi,,eichentopf-tupper2019dotyali[p. 33],,,dotyali:154:darchula:1
dotyali_bajhang,,soᵘɖi,friend,,soᵘɖi,,eichentopf-tupper2019dotyali[p. 33],,,dotyali:154:bajhang:1
dotyali_doti,,nɑu,name,,nɑu,,eichentopf-tupper2019dotyali[p. 33],,,dotyali:155:doti:1
dotyali_baitadi,,nɑu,name,,nɑu,,eichentopf-tupper2019dotyali[p. 33],,,dotyali:155:baitadi:1
dotyali_darchula,,nõ,name,,nõ,,eichentopf-tupper2019dotyali[p. 33],,,dotyali:155:darchula:1
dotyali_bajhang,,nɑũ,name,,nɑũ,,eichentopf-tupper2019dotyali[p. 33],,,dotyali:155:bajhang:1
dotyali_doti,,bʰɑsɑ,language,,bʰɑsɑ,,eichentopf-tupper2019dotyali[p. 33],,,dotyali:156:doti:1
dotyali_baitadi,,bhɑsɑ,language,,bhɑsɑ,,eichentopf-tupper2019dotyali[p. 33],,,dotyali:156:baitadi:1
dotyali_darchula,,bhɑsɑ,language,,bhɑsɑ,,eichentopf-tupper2019dotyali[p. 33],,,dotyali:156:darchula:1
dotyali_bajhang,,bhɑsɑ,language,,bhɑsɑ,,eichentopf-tupper2019dotyali[p. 33],,,dotyali:156:bajhang:1
dotyali_doti,,din,day,,din,,eichentopf-tupper2019dotyali[p. 33],,,dotyali:157:doti:1
dotyali_baitadi,,din,day,,din,,eichentopf-tupper2019dotyali[p. 33],,,dotyali:157:baitadi:1
dotyali_darchula,,din,day,,din,,eichentopf-tupper2019dotyali[p. 33],,,dotyali:157:darchula:1
dotyali_bajhang,,Din,day,,Din,,eichentopf-tupper2019dotyali[p. 33],,,dotyali:157:bajhang:1
dotyali_doti,,rɑt,night,,rɑt,,eichentopf-tupper2019dotyali[p. 33],,,dotyali:158:doti:1
dotyali_baitadi,,rɑt,night,,rɑt,,eichentopf-tupper2019dotyali[p. 33],,,dotyali:158:baitadi:1
dotyali_darchula,,rɑt,night,,rɑt,,eichentopf-tupper2019dotyali[p. 33],,,dotyali:158:darchula:1
dotyali_bajhang,,rɑt,night,,rɑt,,eichentopf-tupper2019dotyali[p. 33],,,dotyali:158:bajhang:1
dotyali_doti,,bihɑnə,morning,,bihɑnə,,eichentopf-tupper2019dotyali[p. 33],,,dotyali:159:doti:1
dotyali_baitadi,,pɑrbhɑt,morning,,pɑrbhɑt,,eichentopf-tupper2019dotyali[p. 33],,,dotyali:159:baitadi:1
dotyali_darchula,,pɑrəwɑ̃t,morning,,pɑrəwɑ̃t,,eichentopf-tupper2019dotyali[p. 33],,,dotyali:159:darchula:1
dotyali_bajhang,,tʃəkɑlɑ,morning,,tʃəkɑlɑ,,eichentopf-tupper2019dotyali[p. 33],,,dotyali:159:bajhang:1
dotyali_doti,,dinə,afternoon,,dinə,,eichentopf-tupper2019dotyali[p. 34],,,dotyali:160:doti:1
dotyali_baitadi,,dopɑri,afternoon,,dopɑri,Source qualifier: (noon),eichentopf-tupper2019dotyali[p. 34],,,dotyali:160:baitadi:1
dotyali_darchula,,tʃɑkəlɑ,afternoon,,tʃɑkəlɑ,Source qualifier: (12– 2pm),eichentopf-tupper2019dotyali[p. 34],,,dotyali:160:darchula:1
dotyali_bajhang,,dʲopəri,afternoon,,dʲopəri,,eichentopf-tupper2019dotyali[p. 34],,,dotyali:160:bajhang:1
dotyali_doti,,bəsɑitikə,evening,,bəsɑitikə,,eichentopf-tupper2019dotyali[p. 34],,,dotyali:161:doti:1
dotyali_baitadi,,bɑʃɑ,evening,,bɑʃɑ,,eichentopf-tupper2019dotyali[p. 34],,,dotyali:161:baitadi:1
dotyali_darchula,,bɑsɑ,evening,,bɑsɑ,,eichentopf-tupper2019dotyali[p. 34],,,dotyali:161:darchula:1
dotyali_bajhang,,bɑsɑ,evening,,bɑsɑ,,eichentopf-tupper2019dotyali[p. 34],,,dotyali:161:bajhang:1
dotyali_doti,,ɑdʒə,today,,ɑdʒə,,eichentopf-tupper2019dotyali[p. 34],,,dotyali:162:doti:1
dotyali_baitadi,,ɑdʒ,today,,ɑdʒ,,eichentopf-tupper2019dotyali[p. 34],,,dotyali:162:baitadi:1
dotyali_darchula,,ɑdʒ,today,,ɑdʒ,,eichentopf-tupper2019dotyali[p. 34],,,dotyali:162:darchula:1
dotyali_bajhang,,ɑdʒi,today,,ɑdʒi,,eichentopf-tupper2019dotyali[p. 34],,,dotyali:162:bajhang:1
dotyali_doti,,beli,yesterday,,beli,,eichentopf-tupper2019dotyali[p. 34],,,dotyali:163:doti:1
dotyali_baitadi,,beli,yesterday,,beli,,eichentopf-tupper2019dotyali[p. 34],,,dotyali:163:baitadi:1
dotyali_darchula,,beli,yesterday,,beli,,eichentopf-tupper2019dotyali[p. 34],,,dotyali:163:darchula:1
dotyali_bajhang,,beli,yesterday,,beli,,eichentopf-tupper2019dotyali[p. 34],,,dotyali:163:bajhang:1
dotyali_doti,,bʰolɑ,tomorrow,,bʰolɑ,,eichentopf-tupper2019dotyali[p. 34],,,dotyali:164:doti:1
dotyali_baitadi,,bʰolə,tomorrow,,bʰolə,,eichentopf-tupper2019dotyali[p. 34],,,dotyali:164:baitadi:1
dotyali_darchula,,bʰolə,tomorrow,,bʰolə,,eichentopf-tupper2019dotyali[p. 34],,,dotyali:164:darchula:1
dotyali_bajhang,,bʰolə,tomorrow,,bʰolə,,eichentopf-tupper2019dotyali[p. 34],,,dotyali:164:bajhang:1
dotyali_doti,,həptɑ,week,,həptɑ,,eichentopf-tupper2019dotyali[p. 34],,,dotyali:165:doti:1
dotyali_baitadi,,həptɑ,week,,həptɑ,,eichentopf-tupper2019dotyali[p. 34],,,dotyali:165:baitadi:1
dotyali_darchula,,həptɑ,week,,həptɑ,,eichentopf-tupper2019dotyali[p. 34],,,dotyali:165:darchula:1
dotyali_bajhang,,həptɑ,week,,həptɑ,,eichentopf-tupper2019dotyali[p. 34],,,dotyali:165:bajhang:1
dotyali_doti,,mɑinɑ,month,,mɑinɑ,,eichentopf-tupper2019dotyali[p. 34],,,dotyali:166:doti:1
dotyali_baitadi,,mɑinɑ,month,,mɑinɑ,,eichentopf-tupper2019dotyali[p. 34],,,dotyali:166:baitadi:1
dotyali_darchula,,mɑⁱnɑ,month,,mɑⁱnɑ,,eichentopf-tupper2019dotyali[p. 34],,,dotyali:166:darchula:1
dotyali_bajhang,,muⁱnɑ,month,,muⁱnɑ,,eichentopf-tupper2019dotyali[p. 34],,,dotyali:166:bajhang:1
dotyali_doti,,bərsɑ,year,,bərsɑ,,eichentopf-tupper2019dotyali[p. 34],,,dotyali:167:doti:1
dotyali_doti,,sɑl,year,,sɑl,,eichentopf-tupper2019dotyali[p. 34],,,dotyali:167:doti:2
dotyali_baitadi,,bərsɑ,year,,bərsɑ,,eichentopf-tupper2019dotyali[p. 34],,,dotyali:167:baitadi:1
dotyali_baitadi,,sɑl,year,,sɑl,,eichentopf-tupper2019dotyali[p. 34],,,dotyali:167:baitadi:2
dotyali_darchula,,bərsɑ,year,,bərsɑ,,eichentopf-tupper2019dotyali[p. 34],,,dotyali:167:darchula:1
dotyali_bajhang,,bərʃɑ,year,,bərʃɑ,,eichentopf-tupper2019dotyali[p. 34],,,dotyali:167:bajhang:1
dotyali_doti,,bəɖo,big,,bəɖo,,eichentopf-tupper2019dotyali[p. 34],,,dotyali:168:doti:1
dotyali_baitadi,,ʈʰulo,big,,ʈʰulo,,eichentopf-tupper2019dotyali[p. 34],,,dotyali:168:baitadi:1
dotyali_darchula,,tʰulo,big,,tʰulo,,eichentopf-tupper2019dotyali[p. 34],,,dotyali:168:darchula:1
dotyali_bajhang,,tʰulo,big,,tʰulo,,eichentopf-tupper2019dotyali[p. 34],,,dotyali:168:bajhang:1
dotyali_doti,,nɑno,small,,nɑno,,eichentopf-tupper2019dotyali[p. 34],,,dotyali:169:doti:1
dotyali_baitadi,,nɑno,small,,nɑno,,eichentopf-tupper2019dotyali[p. 34],,,dotyali:169:baitadi:1
dotyali_darchula,,nɑno,small,,nɑno,,eichentopf-tupper2019dotyali[p. 34],,,dotyali:169:darchula:1
dotyali_bajhang,,nɑno,small,,nɑno,,eichentopf-tupper2019dotyali[p. 34],,,dotyali:169:bajhang:1
dotyali_doti,,bʰɑri,heavy,,bʰɑri,,eichentopf-tupper2019dotyali[p. 34],,,dotyali:170:doti:1
dotyali_baitadi,,gəruɳõ,heavy,,gəruɳõ,,eichentopf-tupper2019dotyali[p. 34],,,dotyali:170:baitadi:1
dotyali_darchula,,gəruwɑ,heavy,,gəruwɑ,,eichentopf-tupper2019dotyali[p. 34],,,dotyali:170:darchula:1
dotyali_bajhang,,gəro,heavy,,gəro,,eichentopf-tupper2019dotyali[p. 34],,,dotyali:170:bajhang:1
dotyali_doti,,həluko,light,,həluko,,eichentopf-tupper2019dotyali[p. 34],,,dotyali:171:doti:1
dotyali_baitadi,,həlko,light,,həlko,,eichentopf-tupper2019dotyali[p. 34],,,dotyali:171:baitadi:1
dotyali_darchula,,həluko,light,,həluko,,eichentopf-tupper2019dotyali[p. 34],,,dotyali:171:darchula:1
dotyali_bajhang,,həllo,light,,həllo,,eichentopf-tupper2019dotyali[p. 34],,,dotyali:171:bajhang:1
dotyali_doti,,purɑno,old,,purɑno,,eichentopf-tupper2019dotyali[p. 34],,,dotyali:172:doti:1
dotyali_baitadi,,purɑno,old,,purɑno,,eichentopf-tupper2019dotyali[p. 34],,,dotyali:172:baitadi:1
dotyali_darchula,,purɑno,old,,purɑno,,eichentopf-tupper2019dotyali[p. 34],,,dotyali:172:darchula:1
dotyali_bajhang,,purɑnu,old,,purɑnu,,eichentopf-tupper2019dotyali[p. 34],,,dotyali:172:bajhang:1
dotyali_doti,,nəjɑ,new,,nəjɑ,,eichentopf-tupper2019dotyali[p. 34],,,dotyali:173:doti:1
dotyali_doti,,nõlu,new,,nõlu,,eichentopf-tupper2019dotyali[p. 34],,,dotyali:173:doti:2
dotyali_baitadi,,nɔj̃e,new,,nɔj̃e,,eichentopf-tupper2019dotyali[p. 34],,,dotyali:173:baitadi:1
dotyali_darchula,,nəjɑ̃,new,,nəjɑ̃,,eichentopf-tupper2019dotyali[p. 34],,,dotyali:173:darchula:1
dotyali_bajhang,,nolu,new,,nolu,,eichentopf-tupper2019dotyali[p. 34],,,dotyali:173:bajhang:1
dotyali_doti,,rɑməro,good,,rɑməro,,eichentopf-tupper2019dotyali[p. 34],,,dotyali:174:doti:1
dotyali_baitadi,,niko,good,,niko,,eichentopf-tupper2019dotyali[p. 34],,,dotyali:174:baitadi:1
dotyali_baitadi,,rɑməro,good,,rɑməro,,eichentopf-tupper2019dotyali[p. 34],,,dotyali:174:baitadi:2
dotyali_darchula,,niko,good,,niko,,eichentopf-tupper2019dotyali[p. 34],,,dotyali:174:darchula:1
dotyali_bajhang,,niko,good,,niko,,eichentopf-tupper2019dotyali[p. 34],,,dotyali:174:bajhang:1
dotyali_doti,,nərɑməro,bad,,nərɑməro,,eichentopf-tupper2019dotyali[p. 34],,,dotyali:175:doti:1
dotyali_doti,,nəniko,bad,,nəniko,,eichentopf-tupper2019dotyali[p. 34],,,dotyali:175:doti:2
dotyali_baitadi,,nərɑməro,bad,,nərɑməro,,eichentopf-tupper2019dotyali[p. 34],,,dotyali:175:baitadi:1
dotyali_baitadi,,gətto,bad,,gətto,,eichentopf-tupper2019dotyali[p. 34],,,dotyali:175:baitadi:2
dotyali_darchula,,gət̚to,bad,,gət̚to,,eichentopf-tupper2019dotyali[p. 34],,,dotyali:175:darchula:1
dotyali_bajhang,,kətʃʰəko,bad,,kətʃʰəko,,eichentopf-tupper2019dotyali[p. 34],,,dotyali:175:bajhang:1
dotyali_doti,,ruʒeko,wet,,ruʒeko,,eichentopf-tupper2019dotyali[p. 34],,,dotyali:176:doti:1
dotyali_baitadi,,bhidʒeko,wet,,bhidʒeko,,eichentopf-tupper2019dotyali[p. 34],,,dotyali:176:baitadi:1
dotyali_darchula,,rudʒeⁱko,wet,,rudʒeⁱko,,eichentopf-tupper2019dotyali[p. 34],,,dotyali:176:darchula:1
dotyali_bajhang,,rudʒʲæko,wet,,rudʒʲæko,,eichentopf-tupper2019dotyali[p. 34],,,dotyali:176:bajhang:1
dotyali_doti,,sukeko,dry,,sukeko,,eichentopf-tupper2019dotyali[p. 34],,,dotyali:177:doti:1
dotyali_baitadi,,sukeko,dry,,sukeko,,eichentopf-tupper2019dotyali[p. 34],,,dotyali:177:baitadi:1
dotyali_darchula,,əkʰəreɑ,dry,,əkʰəreɑ,,eichentopf-tupper2019dotyali[p. 34],,,dotyali:177:darchula:1
dotyali_bajhang,,sukʲæko,dry,,sukʲæko,,eichentopf-tupper2019dotyali[p. 34],,,dotyali:177:bajhang:1
dotyali_doti,,lɑmo,long,,lɑmo,,eichentopf-tupper2019dotyali[p. 34],,,dotyali:178:doti:1
dotyali_baitadi,,lɑmo,long,,lɑmo,,eichentopf-tupper2019dotyali[p. 34],,,dotyali:178:baitadi:1
dotyali_darchula,,lɑmo,long,,lɑmo,,eichentopf-tupper2019dotyali[p. 34],,,dotyali:178:darchula:1
dotyali_bajhang,,lɑmõ,long,,lɑmõ,,eichentopf-tupper2019dotyali[p. 34],,,dotyali:178:bajhang:1
dotyali_doti,,tʃʰoto,short,,tʃʰoto,,eichentopf-tupper2019dotyali[p. 34],,,dotyali:179:doti:1
dotyali_baitadi,,tʃʰoto,short,,tʃʰoto,,eichentopf-tupper2019dotyali[p. 34],,,dotyali:179:baitadi:1
dotyali_darchula,,tʃʰoto,short,,tʃʰoto,,eichentopf-tupper2019dotyali[p. 34],,,dotyali:179:darchula:1
dotyali_bajhang,,tʃoto,short,,tʃoto,,eichentopf-tupper2019dotyali[p. 34],,,dotyali:179:bajhang:1
dotyali_doti,,dubəlo,thin,,dubəlo,,eichentopf-tupper2019dotyali[p. 34],,,dotyali:180:doti:1
dotyali_baitadi,,dubəlo,thin,,dubəlo,,eichentopf-tupper2019dotyali[p. 34],,,dotyali:180:baitadi:1
dotyali_darchula,,dubəlo,thin,,dubəlo,,eichentopf-tupper2019dotyali[p. 34],,,dotyali:180:darchula:1
dotyali_bajhang,,dublo,thin,,dublo,,eichentopf-tupper2019dotyali[p. 34],,,dotyali:180:bajhang:1
dotyali_doti,,gərəm,hot (weather),,gərəm,,eichentopf-tupper2019dotyali[p. 34],,,dotyali:181:doti:1
dotyali_doti,,ghɑm,hot (weather),,ghɑm,,eichentopf-tupper2019dotyali[p. 34],,,dotyali:181:doti:2
dotyali_baitadi,,gərəm,hot (weather),,gərəm,,eichentopf-tupper2019dotyali[p. 34],,,dotyali:181:baitadi:1
dotyali_darchula,,gərəm,hot (weather),,gərəm,,eichentopf-tupper2019dotyali[p. 34],,,dotyali:181:darchula:1
dotyali_darchula,,ghɑm,hot (weather),,ghɑm,,eichentopf-tupper2019dotyali[p. 34],,,dotyali:181:darchula:2
dotyali_bajhang,,gərəm,hot (weather),,gərəm,,eichentopf-tupper2019dotyali[p. 34],,,dotyali:181:bajhang:1
dotyali_doti,,dʒɑɖi,cold (weather),,dʒɑɖi,,eichentopf-tupper2019dotyali[p. 34],,,dotyali:182:doti:1
dotyali_doti,,ʈənni,cold (weather),,ʈənni,,eichentopf-tupper2019dotyali[p. 34],,,dotyali:182:doti:2
dotyali_baitadi,,ʈʰənni,cold (weather),,ʈʰənni,,eichentopf-tupper2019dotyali[p. 34],,,dotyali:182:baitadi:1
dotyali_darchula,,tʰənni,cold (weather),,tʰənni,,eichentopf-tupper2019dotyali[p. 34],,,dotyali:182:darchula:1
dotyali_bajhang,,dʒɑɖi,cold (weather),,dʒɑɖi,,eichentopf-tupper2019dotyali[p. 34],,,dotyali:182:bajhang:1
dotyali_doti,,tɑto,hot (water),,tɑto,,eichentopf-tupper2019dotyali[p. 34],,,dotyali:183:doti:1
dotyali_baitadi,,tɑto,hot (water),,tɑto,,eichentopf-tupper2019dotyali[p. 34],,,dotyali:183:baitadi:1
dotyali_darchula,,tɑto,hot (water),,tɑto,,eichentopf-tupper2019dotyali[p. 34],,,dotyali:183:darchula:1
dotyali_bajhang,,tɑto,hot (water),,tɑto,,eichentopf-tupper2019dotyali[p. 34],,,dotyali:183:bajhang:1
dotyali_doti,,tʰənni,cold (water),,tʰənni,,eichentopf-tupper2019dotyali[p. 34],,,dotyali:184:doti:1
dotyali_baitadi,,tʰənno,cold (water),,tʰənno,,eichentopf-tupper2019dotyali[p. 34],,,dotyali:184:baitadi:1
dotyali_darchula,,tʰənnũ,cold (water),,tʰənnũ,,eichentopf-tupper2019dotyali[p. 34],,,dotyali:184:darchula:1
dotyali_bajhang,,tʰənnə,cold (water),,tʰənnə,,eichentopf-tupper2019dotyali[p. 34],,,dotyali:184:bajhang:1
dotyali_doti,,pʰutjæ,cracked/ burst,,pʰutjæ,,eichentopf-tupper2019dotyali[p. 35],,,dotyali:185:doti:1
dotyali_baitadi,,pʰuteko,cracked/ burst,,pʰuteko,,eichentopf-tupper2019dotyali[p. 35],,,dotyali:185:baitadi:1
dotyali_darchula,,pʰuteko,cracked/ burst,,pʰuteko,,eichentopf-tupper2019dotyali[p. 35],,,dotyali:185:darchula:1
dotyali_bajhang,,pʰuteⁱko,cracked/ burst,,pʰuteⁱko,,eichentopf-tupper2019dotyali[p. 35],,,dotyali:185:bajhang:1
dotyali_doti,,bigərjæ,broken/ damaged,,bigərjæ,,eichentopf-tupper2019dotyali[p. 35],,,dotyali:186:doti:1
dotyali_baitadi,,bigəreko,broken/ damaged,,bigəreko,,eichentopf-tupper2019dotyali[p. 35],,,dotyali:186:baitadi:1
dotyali_darchula,,bigəreko,broken/ damaged,,bigəreko,,eichentopf-tupper2019dotyali[p. 35],,,dotyali:186:darchula:1
dotyali_bajhang,,bigreⁱko,broken/ damaged,,bigreⁱko,,eichentopf-tupper2019dotyali[p. 35],,,dotyali:186:bajhang:1
dotyali_doti,,tutjæ,broken,,tutjæ,,eichentopf-tupper2019dotyali[p. 35],,,dotyali:187:doti:1
dotyali_baitadi,,bhɑtʃeko,broken,,bhɑtʃeko,,eichentopf-tupper2019dotyali[p. 35],,,dotyali:187:baitadi:1
dotyali_darchula,,tuteko,broken,,tuteko,,eichentopf-tupper2019dotyali[p. 35],,,dotyali:187:darchula:1
dotyali_bajhang,,bʰɑtʃeko,broken,,bʰɑtʃeko,,eichentopf-tupper2019dotyali[p. 35],,,dotyali:187:bajhang:1
dotyali_doti,,kʰɑli,empty,,kʰɑli,,eichentopf-tupper2019dotyali[p. 35],,,dotyali:188:doti:1
dotyali_baitadi,,rito,empty,,rito,,eichentopf-tupper2019dotyali[p. 35],,,dotyali:188:baitadi:1
dotyali_baitadi,,kʰɑli,empty,,kʰɑli,,eichentopf-tupper2019dotyali[p. 35],,,dotyali:188:baitadi:2
dotyali_darchula,,kʰɑli,empty,,kʰɑli,,eichentopf-tupper2019dotyali[p. 35],,,dotyali:188:darchula:1
dotyali_bajhang,,kʰɑli,empty,,kʰɑli,,eichentopf-tupper2019dotyali[p. 35],,,dotyali:188:bajhang:1
dotyali_doti,,bʰəri,full,,bʰəri,,eichentopf-tupper2019dotyali[p. 35],,,dotyali:189:doti:1
dotyali_baitadi,,bʰəri,full,,bʰəri,,eichentopf-tupper2019dotyali[p. 35],,,dotyali:189:baitadi:1
dotyali_darchula,,bʰəri,full,,bʰəri,,eichentopf-tupper2019dotyali[p. 35],,,dotyali:189:darchula:1
dotyali_bajhang,,bʰəri,full,,bʰəri,,eichentopf-tupper2019dotyali[p. 35],,,dotyali:189:bajhang:1
dotyali_doti,,tokɑi,few,,tokɑi,,eichentopf-tupper2019dotyali[p. 35],,,dotyali:190:doti:1
dotyali_baitadi,,təkɑi,few,,təkɑi,,eichentopf-tupper2019dotyali[p. 35],,,dotyali:190:baitadi:1
dotyali_darchula,,tʰokɑⁱ,few,,tʰokɑⁱ,,eichentopf-tupper2019dotyali[p. 35],,,dotyali:190:darchula:1
dotyali_bajhang,,nəmɑi,few,,nəmɑi,,eichentopf-tupper2019dotyali[p. 35],,,dotyali:190:bajhang:1
dotyali_doti,,dʒikəi,many,,dʒikəi,,eichentopf-tupper2019dotyali[p. 35],,,dotyali:191:doti:1
dotyali_baitadi,,dherɑi,many,,dherɑi,,eichentopf-tupper2019dotyali[p. 35],,,dotyali:191:baitadi:1
dotyali_baitadi,,dʒikhɑ,many,,dʒikhɑ,,eichentopf-tupper2019dotyali[p. 35],,,dotyali:191:baitadi:2
dotyali_darchula,,dʒikɑ,many,,dʒikɑ,,eichentopf-tupper2019dotyali[p. 35],,,dotyali:191:darchula:1
dotyali_bajhang,,məstə,many,,məstə,,eichentopf-tupper2019dotyali[p. 35],,,dotyali:191:bajhang:1
dotyali_doti,,səbɑi,all,,səbɑi,,eichentopf-tupper2019dotyali[p. 35],,,dotyali:192:doti:1
dotyali_baitadi,,sep̚pɑi,all,,sep̚pɑi,,eichentopf-tupper2019dotyali[p. 35],,,dotyali:192:baitadi:1
dotyali_darchula,,səbɑi,all,,səbɑi,,eichentopf-tupper2019dotyali[p. 35],,,dotyali:192:darchula:1
dotyali_bajhang,,səbwi,all,,səbwi,,eichentopf-tupper2019dotyali[p. 35],,,dotyali:192:bajhang:1
dotyali_doti,,bərɑbər,equal,,bərɑbər,,eichentopf-tupper2019dotyali[p. 35],,,dotyali:193:doti:1
dotyali_baitadi,,bɑrɑbər,equal,,bɑrɑbər,,eichentopf-tupper2019dotyali[p. 35],,,dotyali:193:baitadi:1
dotyali_darchula,,bɑrɑbər,equal,,bɑrɑbər,,eichentopf-tupper2019dotyali[p. 35],,,dotyali:193:darchula:1
dotyali_bajhang,,səri,equal,,səri,,eichentopf-tupper2019dotyali[p. 35],,,dotyali:193:bajhang:1
dotyali_doti,,usɑi,similar/ same,,usɑi,,eichentopf-tupper2019dotyali[p. 35],,,dotyali:194:doti:1
dotyali_baitadi,,uʃwɑi,similar/ same,,uʃwɑi,,eichentopf-tupper2019dotyali[p. 35],,,dotyali:194:baitadi:1
dotyali_darchula,,uʃwɑi,similar/ same,,uʃwɑi,,eichentopf-tupper2019dotyali[p. 35],,,dotyali:194:darchula:1
dotyali_bajhang,,ustɑi,similar/ same,,ustɑi,,eichentopf-tupper2019dotyali[p. 35],,,dotyali:194:bajhang:1
dotyali_doti,,njænjærɑi,different,,njænjærɑi,,eichentopf-tupper2019dotyali[p. 35],,,dotyali:195:doti:1
dotyali_baitadi,,bʰinɑ̃i,different,,bʰinɑ̃i,,eichentopf-tupper2019dotyali[p. 35],,,dotyali:195:baitadi:1
dotyali_darchula,,dʒudui,different,,dʒudui,,eichentopf-tupper2019dotyali[p. 35],,,dotyali:195:darchula:1
dotyali_bajhang,,pʰərək,different,,pʰərək,,eichentopf-tupper2019dotyali[p. 35],,,dotyali:195:bajhang:1
dotyali_doti,,njænjærɑi,various,,njænjærɑi,,eichentopf-tupper2019dotyali[p. 35],,,dotyali:196:doti:1
dotyali_baitadi,,ɑlɑkɑlɑk,various,,ɑlɑkɑlɑk,,eichentopf-tupper2019dotyali[p. 35],,,dotyali:196:baitadi:1
dotyali_darchula,,bibʰinə,various,,bibʰinə,,eichentopf-tupper2019dotyali[p. 35],,,dotyali:196:darchula:1
dotyali_bajhang,,ɑlɑgɑlɑg,various,,ɑlɑgɑlɑg,,eichentopf-tupper2019dotyali[p. 35],,,dotyali:196:bajhang:1
dotyali_doti,,dɑulo,white,,dɑulo,,eichentopf-tupper2019dotyali[p. 35],,,dotyali:211:doti:1
dotyali_baitadi,,doulo,white,,doulo,,eichentopf-tupper2019dotyali[p. 35],,,dotyali:211:baitadi:1
dotyali_darchula,,ʃukilo,white,,ʃukilo,,eichentopf-tupper2019dotyali[p. 35],,,dotyali:211:darchula:1
dotyali_darchula,,doulo,white,,doulo,,eichentopf-tupper2019dotyali[p. 35],,,dotyali:211:darchula:2
dotyali_bajhang,,sukilo,white,,sukilo,,eichentopf-tupper2019dotyali[p. 35],,,dotyali:211:bajhang:1
dotyali_doti,,kɑlo,black,,kɑlo,,eichentopf-tupper2019dotyali[p. 35],,,dotyali:212:doti:1
dotyali_baitadi,,kɑlo,black,,kɑlo,,eichentopf-tupper2019dotyali[p. 35],,,dotyali:212:baitadi:1
dotyali_darchula,,kɑlo,black,,kɑlo,,eichentopf-tupper2019dotyali[p. 35],,,dotyali:212:darchula:1
dotyali_bajhang,,kɑlo,black,,kɑlo,,eichentopf-tupper2019dotyali[p. 35],,,dotyali:212:bajhang:1
dotyali_doti,,rɑto,red,,rɑto,,eichentopf-tupper2019dotyali[p. 35],,,dotyali:213:doti:1
dotyali_baitadi,,rɑto,red,,rɑto,,eichentopf-tupper2019dotyali[p. 35],,,dotyali:213:baitadi:1
dotyali_darchula,,rɑto,red,,rɑto,,eichentopf-tupper2019dotyali[p. 35],,,dotyali:213:darchula:1
dotyali_bajhang,,rɑto,red,,rɑto,,eichentopf-tupper2019dotyali[p. 35],,,dotyali:213:bajhang:1
dotyali_doti,,dɑjɑ̃,right,,dɑjɑ̃,,eichentopf-tupper2019dotyali[p. 35],,,dotyali:214:doti:1
dotyali_baitadi,,dɑjɑ̃,right,,dɑjɑ̃,,eichentopf-tupper2019dotyali[p. 35],,,dotyali:214:baitadi:1
dotyali_darchula,,dɑⁱne,right,,dɑⁱne,,eichentopf-tupper2019dotyali[p. 35],,,dotyali:214:darchula:1
dotyali_bajhang,,dɑⁱnu,right,,dɑⁱnu,,eichentopf-tupper2019dotyali[p. 35],,,dotyali:214:bajhang:1
dotyali_doti,,bɑjɑ̃,left,,bɑjɑ̃,,eichentopf-tupper2019dotyali[p. 35],,,dotyali:215:doti:1
dotyali_baitadi,,bɑjɑ̃,left,,bɑjɑ̃,,eichentopf-tupper2019dotyali[p. 35],,,dotyali:215:baitadi:1
dotyali_darchula,,boũ,left,,boũ,,eichentopf-tupper2019dotyali[p. 35],,,dotyali:215:darchula:1
dotyali_bajhang,,bɑũ,left,,bɑũ,,eichentopf-tupper2019dotyali[p. 35],,,dotyali:215:bajhang:1
dotyali_doti,,ləgə,near,,ləgə,,eichentopf-tupper2019dotyali[p. 35],,,dotyali:216:doti:1
dotyali_baitadi,,nəgikʰ,near,,nəgikʰ,,eichentopf-tupper2019dotyali[p. 35],,,dotyali:216:baitadi:1
dotyali_darchula,,nədʒik,near,,nədʒik,,eichentopf-tupper2019dotyali[p. 35],,,dotyali:216:darchula:1
dotyali_bajhang,,ləgə,near,,ləgə,,eichentopf-tupper2019dotyali[p. 35],,,dotyali:216:bajhang:1
dotyali_doti,,durə,far,,durə,,eichentopf-tupper2019dotyali[p. 35],,,dotyali:217:doti:1
dotyali_baitadi,,ʈɑɳɑ,far,,ʈɑɳɑ,,eichentopf-tupper2019dotyali[p. 35],,,dotyali:217:baitadi:1
dotyali_darchula,,tɑrɑ,far,,tɑrɑ,,eichentopf-tupper2019dotyali[p. 35],,,dotyali:217:darchula:1
dotyali_bajhang,,tɑɾɑ,far,,tɑɾɑ,,eichentopf-tupper2019dotyali[p. 35],,,dotyali:217:bajhang:1
dotyali_doti,,jɑ̃,here,,jɑ̃,,eichentopf-tupper2019dotyali[p. 35],,,dotyali:218:doti:1
dotyali_baitadi,,ɳɑ̃,here,,ɳɑ̃,,eichentopf-tupper2019dotyali[p. 35],,,dotyali:218:baitadi:1
dotyali_darchula,,jehikɑi,here,,jehikɑi,,eichentopf-tupper2019dotyali[p. 35],,,dotyali:218:darchula:1
dotyali_bajhang,,jiɑ̃,here,,jiɑ̃,,eichentopf-tupper2019dotyali[p. 35],,,dotyali:218:bajhang:1
dotyali_doti,,tjɑ̃,there,,tjɑ̃,,eichentopf-tupper2019dotyali[p. 35],,,dotyali:219:doti:1
dotyali_baitadi,,tjɑ̃,there,,tjɑ̃,,eichentopf-tupper2019dotyali[p. 35],,,dotyali:219:baitadi:1
dotyali_darchula,,wɑkʰɑ̃i,there,,wɑkʰɑ̃i,,eichentopf-tupper2019dotyali[p. 35],,,dotyali:219:darchula:1
dotyali_bajhang,,tjiɑ̃,there,,tjiɑ̃,,eichentopf-tupper2019dotyali[p. 35],,,dotyali:219:bajhang:1
dotyali_doti,,mɑ,at,,mɑ,,eichentopf-tupper2019dotyali[p. 35],,,dotyali:220:doti:1
dotyali_baitadi,,mɑ,at,,mɑ,,eichentopf-tupper2019dotyali[p. 35],,,dotyali:220:baitadi:1
dotyali_darchula,,mɑ,at,,mɑ,,eichentopf-tupper2019dotyali[p. 35],,,dotyali:220:darchula:1
dotyali_bajhang,,mĩ,at,,mĩ,,eichentopf-tupper2019dotyali[p. 35],,,dotyali:220:bajhang:1
dotyali_doti,,jɛllɑi,beside,,jɛllɑi,,eichentopf-tupper2019dotyali[p. 35],,,dotyali:221:doti:1
dotyali_baitadi,,nədʒikʰ,beside,,nədʒikʰ,,eichentopf-tupper2019dotyali[p. 35],,,dotyali:221:baitadi:1
dotyali_darchula,,tʃɑlmɑ,beside,,tʃɑlmɑ,,eichentopf-tupper2019dotyali[p. 35],,,dotyali:221:darchula:1
dotyali_bajhang,,ləg̚gɑi,beside,,ləg̚gɑi,,eichentopf-tupper2019dotyali[p. 35],,,dotyali:221:bajhang:1
dotyali_doti,,bitəɾə,inside,,bitəɾə,,eichentopf-tupper2019dotyali[p. 35],,,dotyali:222:doti:1
dotyali_baitadi,,bʰitərɑ,inside,,bʰitərɑ,,eichentopf-tupper2019dotyali[p. 35],,,dotyali:222:baitadi:1
dotyali_darchula,,bʰitərɑ,inside,,bʰitərɑ,,eichentopf-tupper2019dotyali[p. 35],,,dotyali:222:darchula:1
dotyali_bajhang,,bʰit̚trə,inside,,bʰit̚trə,,eichentopf-tupper2019dotyali[p. 35],,,dotyali:222:bajhang:1
dotyali_doti,,bɑiɾə,outside,,bɑiɾə,,eichentopf-tupper2019dotyali[p. 35],,,dotyali:223:doti:1
dotyali_baitadi,,bɑirə,outside,,bɑirə,,eichentopf-tupper2019dotyali[p. 35],,,dotyali:223:baitadi:1
dotyali_darchula,,bʰɑirə,outside,,bʰɑirə,,eichentopf-tupper2019dotyali[p. 35],,,dotyali:223:darchula:1
dotyali_bajhang,,bɑⁱrə,outside,,bɑⁱrə,,eichentopf-tupper2019dotyali[p. 35],,,dotyali:223:bajhang:1
dotyali_doti,,mətʰi,above,,mətʰi,,eichentopf-tupper2019dotyali[p. 35],,,dotyali:224:doti:1
dotyali_baitadi,,mɑtʰi,above,,mɑtʰi,,eichentopf-tupper2019dotyali[p. 35],,,dotyali:224:baitadi:1
dotyali_darchula,,mətʰi,above,,mətʰi,,eichentopf-tupper2019dotyali[p. 35],,,dotyali:224:darchula:1
dotyali_bajhang,,mutʰi,above,,mutʰi,,eichentopf-tupper2019dotyali[p. 35],,,dotyali:224:bajhang:1
dotyali_doti,,təltiɾə,below,,təltiɾə,,eichentopf-tupper2019dotyali[p. 35],,,dotyali:225:doti:1
dotyali_baitadi,,təlɑ,below,,təlɑ,,eichentopf-tupper2019dotyali[p. 35],,,dotyali:225:baitadi:1
dotyali_darchula,,təli,below,,təli,,eichentopf-tupper2019dotyali[p. 35],,,dotyali:225:darchula:1
dotyali_bajhang,,muni,below,,muni,,eichentopf-tupper2019dotyali[p. 35],,,dotyali:225:bajhang:1
dotyali_doti,,jeheɾə wietə,around,,jeheɾə wietə,,eichentopf-tupper2019dotyali[p. 36],,,dotyali:226:doti:1
dotyali_baitadi,,wɑripəri,around,,wɑripəri,,eichentopf-tupper2019dotyali[p. 36],,,dotyali:226:baitadi:1
dotyali_darchula,,itʰə utʰə,around,,itʰə utʰə,,eichentopf-tupper2019dotyali[p. 36],,,dotyali:226:darchula:1
dotyali_bajhang,,wərɑpərɑ,around,,wərɑpərɑ,,eichentopf-tupper2019dotyali[p. 36],,,dotyali:226:bajhang:1
dotyali_doti,,ko,who,,ko,,eichentopf-tupper2019dotyali[p. 36],,,dotyali:227:doti:1
dotyali_baitadi,,ko,who,,ko,,eichentopf-tupper2019dotyali[p. 36],,,dotyali:227:baitadi:1
dotyali_darchula,,ko,who,,ko,,eichentopf-tupper2019dotyali[p. 36],,,dotyali:227:darchula:1
dotyali_bajhang,,ko,who,,ko,,eichentopf-tupper2019dotyali[p. 36],,,dotyali:227:bajhang:1
dotyali_doti,,kɑiko,whose,,kɑiko,,eichentopf-tupper2019dotyali[p. 36],,,dotyali:228:doti:1
dotyali_baitadi,,kɑiko,whose,,kɑiko,,eichentopf-tupper2019dotyali[p. 36],,,dotyali:228:baitadi:1
dotyali_darchula,,kɑiko,whose,,kɑiko,,eichentopf-tupper2019dotyali[p. 36],,,dotyali:228:darchula:1
dotyali_bajhang,,kɑiko,whose,,kɑiko,,eichentopf-tupper2019dotyali[p. 36],,,dotyali:228:bajhang:1
dotyali_doti,,ke,what,,ke,,eichentopf-tupper2019dotyali[p. 36],,,dotyali:229:doti:1
dotyali_baitadi,,ke,what,,ke,,eichentopf-tupper2019dotyali[p. 36],,,dotyali:229:baitadi:1
dotyali_darchula,,ke,what,,ke,,eichentopf-tupper2019dotyali[p. 36],,,dotyali:229:darchula:1
dotyali_bajhang,,kʲɑ,what,,kʲɑ,,eichentopf-tupper2019dotyali[p. 36],,,dotyali:229:bajhang:1
dotyali_doti,,kelɑi,why,,kelɑi,,eichentopf-tupper2019dotyali[p. 36],,,dotyali:230:doti:1
dotyali_baitadi,,kʲɑki,why,,kʲɑki,,eichentopf-tupper2019dotyali[p. 36],,,dotyali:230:baitadi:1
dotyali_darchula,,kʲɑⁱki,why,,kʲɑⁱki,,eichentopf-tupper2019dotyali[p. 36],,,dotyali:230:darchula:1
dotyali_bajhang,,kʲei,why,,kʲei,,eichentopf-tupper2019dotyali[p. 36],,,dotyali:230:bajhang:1
dotyali_doti,,kɑ̃,where,,kɑ̃,,eichentopf-tupper2019dotyali[p. 36],,,dotyali:231:doti:1
dotyali_baitadi,,kɑ̃,where,,kɑ̃,,eichentopf-tupper2019dotyali[p. 36],,,dotyali:231:baitadi:1
dotyali_darchula,,kɑ̃,where,,kɑ̃,,eichentopf-tupper2019dotyali[p. 36],,,dotyali:231:darchula:1
dotyali_bajhang,,kɑ̃,where,,kɑ̃,,eichentopf-tupper2019dotyali[p. 36],,,dotyali:231:bajhang:1
dotyali_doti,,kɑile,when,,kɑile,,eichentopf-tupper2019dotyali[p. 36],,,dotyali:232:doti:1
dotyali_baitadi,,kəbə,when,,kəbə,,eichentopf-tupper2019dotyali[p. 36],,,dotyali:232:baitadi:1
dotyali_darchula,,kəbə,when,,kəbə,,eichentopf-tupper2019dotyali[p. 36],,,dotyali:232:darchula:1
dotyali_bajhang,,kɑilɑ,when,,kɑilɑ,,eichentopf-tupper2019dotyali[p. 36],,,dotyali:232:bajhang:1
dotyali_doti,,ko,which,,ko,,eichentopf-tupper2019dotyali[p. 36],,,dotyali:233:doti:1
dotyali_baitadi,,ko,which,,ko,,eichentopf-tupper2019dotyali[p. 36],,,dotyali:233:baitadi:1
dotyali_darchula,,ko,which,,ko,,eichentopf-tupper2019dotyali[p. 36],,,dotyali:233:darchula:1
dotyali_bajhang,,ko,which,,ko,,eichentopf-tupper2019dotyali[p. 36],,,dotyali:233:bajhang:1
dotyali_doti,,kəti,how many,,kəti,,eichentopf-tupper2019dotyali[p. 36],,,dotyali:234:doti:1
dotyali_baitadi,,kəti,how many,,kəti,,eichentopf-tupper2019dotyali[p. 36],,,dotyali:234:baitadi:1
dotyali_darchula,,kəti,how many,,kəti,,eichentopf-tupper2019dotyali[p. 36],,,dotyali:234:darchula:1
dotyali_bajhang,,kəti,how many,,kəti,,eichentopf-tupper2019dotyali[p. 36],,,dotyali:234:bajhang:1
dotyali_doti,,kəso,how (what is it like),,kəso,,eichentopf-tupper2019dotyali[p. 36],,,dotyali:235:doti:1
dotyali_baitadi,,kəso,how (what is it like),,kəso,,eichentopf-tupper2019dotyali[p. 36],,,dotyali:235:baitadi:1
dotyali_darchula,,kəso,how (what is it like),,kəso,,eichentopf-tupper2019dotyali[p. 36],,,dotyali:235:darchula:1
dotyali_bajhang,,kəsto,how (what is it like),,kəsto,,eichentopf-tupper2019dotyali[p. 36],,,dotyali:235:bajhang:1
dotyali_doti,,kəsəri,how (to do something),,kəsəri,,eichentopf-tupper2019dotyali[p. 36],,,dotyali:236:doti:1
dotyali_baitadi,,kəsəri,how (to do something),,kəsəri,,eichentopf-tupper2019dotyali[p. 36],,,dotyali:236:baitadi:1
dotyali_darchula,,kɑseɾ,how (to do something),,kɑseɾ,,eichentopf-tupper2019dotyali[p. 36],,,dotyali:236:darchula:1
dotyali_bajhang,,kəsəri,how (to do something),,kəsəri,,eichentopf-tupper2019dotyali[p. 36],,,dotyali:236:bajhang:1
dotyali_doti,,jo,this,,jo,,eichentopf-tupper2019dotyali[p. 36],,,dotyali:237:doti:1
dotyali_baitadi,,jo,this,,jo,,eichentopf-tupper2019dotyali[p. 36],,,dotyali:237:baitadi:1
dotyali_darchula,,jo,this,,jo,,eichentopf-tupper2019dotyali[p. 36],,,dotyali:237:darchula:1
dotyali_bajhang,,jo,this,,jo,,eichentopf-tupper2019dotyali[p. 36],,,dotyali:237:bajhang:1
dotyali_doti,,tjo,that,,tjo,,eichentopf-tupper2019dotyali[p. 36],,,dotyali:238:doti:1
dotyali_baitadi,,tjo,that,,tjo,,eichentopf-tupper2019dotyali[p. 36],,,dotyali:238:baitadi:1
dotyali_darchula,,tjo,that,,tjo,,eichentopf-tupper2019dotyali[p. 36],,,dotyali:238:darchula:1
dotyali_bajhang,,tjo,that,,tjo,,eichentopf-tupper2019dotyali[p. 36],,,dotyali:238:bajhang:1
dotyali_doti,,gəjo,go,,gəjo,,eichentopf-tupper2019dotyali[p. 36],,,dotyali:239:doti:1
dotyali_baitadi,,gəjo,go,,gəjo,,eichentopf-tupper2019dotyali[p. 36],,,dotyali:239:baitadi:1
dotyali_darchula,,gəjo,go,,gəjo,,eichentopf-tupper2019dotyali[p. 36],,,dotyali:239:darchula:1
dotyali_bajhang,,gɑⁱjo,go,,gɑⁱjo,,eichentopf-tupper2019dotyali[p. 36],,,dotyali:239:bajhang:1
dotyali_doti,,dʒən dʒɑ,don’t go,,dʒən dʒɑ,,eichentopf-tupper2019dotyali[p. 36],,,dotyali:240:doti:1
dotyali_baitadi,,dʒin dʒɑi,don’t go,,dʒin dʒɑi,,eichentopf-tupper2019dotyali[p. 36],,,dotyali:240:baitadi:1
dotyali_darchula,,dʒən dʒɑi,don’t go,,dʒən dʒɑi,,eichentopf-tupper2019dotyali[p. 36],,,dotyali:240:darchula:1
dotyali_bajhang,,dʒən dʒɑu,don’t go,,dʒən dʒɑu,,eichentopf-tupper2019dotyali[p. 36],,,dotyali:240:bajhang:1
dotyali_doti,,ɑjo,come,,ɑjo,,eichentopf-tupper2019dotyali[p. 36],,,dotyali:241:doti:1
dotyali_baitadi,,ɑjo,come,,ɑjo,,eichentopf-tupper2019dotyali[p. 36],,,dotyali:241:baitadi:1
dotyali_darchula,,ɑjo,come,,ɑjo,,eichentopf-tupper2019dotyali[p. 36],,,dotyali:241:darchula:1
dotyali_bajhang,,ɑjo,come,,ɑjo,,eichentopf-tupper2019dotyali[p. 36],,,dotyali:241:bajhang:1
dotyali_doti,,dʒən ɑ,don’t come,,dʒən ɑ,,eichentopf-tupper2019dotyali[p. 36],,,dotyali:242:doti:1
dotyali_baitadi,,dʒin ɑi,don’t come,,dʒin ɑi,,eichentopf-tupper2019dotyali[p. 36],,,dotyali:242:baitadi:1
dotyali_darchula,,dʒən ɑi,don’t come,,dʒən ɑi,,eichentopf-tupper2019dotyali[p. 36],,,dotyali:242:darchula:1
dotyali_bajhang,,dʒən ɑu,don’t come,,dʒən ɑu,,eichentopf-tupper2019dotyali[p. 36],,,dotyali:242:bajhang:1
dotyali_doti,,dʒərjo,come down,,dʒərjo,,eichentopf-tupper2019dotyali[p. 36],,,dotyali:243:doti:1
dotyali_baitadi,,dʒəɾjo,come down,,dʒəɾjo,,eichentopf-tupper2019dotyali[p. 36],,,dotyali:243:baitadi:1
dotyali_darchula,,dʒərjo,come down,,dʒərjo,,eichentopf-tupper2019dotyali[p. 36],,,dotyali:243:darchula:1
dotyali_bajhang,,dʒərjo,come down,,dʒərjo,,eichentopf-tupper2019dotyali[p. 36],,,dotyali:243:bajhang:1
dotyali_doti,,dʒən dʒərə,don’t come down,,dʒən dʒərə,,eichentopf-tupper2019dotyali[p. 36],,,dotyali:244:doti:1
dotyali_baitadi,,dʒin dʒərɑi,don’t come down,,dʒin dʒərɑi,,eichentopf-tupper2019dotyali[p. 36],,,dotyali:244:baitadi:1
dotyali_darchula,,dʒən dʒərɑⁱ,don’t come down,,dʒən dʒərɑⁱ,,eichentopf-tupper2019dotyali[p. 36],,,dotyali:244:darchula:1
dotyali_bajhang,,dʒən dʒəɾ,don’t come down,,dʒən dʒəɾ,,eichentopf-tupper2019dotyali[p. 36],,,dotyali:244:bajhang:1
dotyali_doti,,tʃərdjo,climb up,,tʃərdjo,,eichentopf-tupper2019dotyali[p. 36],,,dotyali:245:doti:1
dotyali_baitadi,,tʃoɽjo,climb up,,tʃoɽjo,,eichentopf-tupper2019dotyali[p. 36],,,dotyali:245:baitadi:1
dotyali_darchula,,tʃorijo,climb up,,tʃorijo,,eichentopf-tupper2019dotyali[p. 36],,,dotyali:245:darchula:1
dotyali_bajhang,,tʃorjo,climb up,,tʃorjo,,eichentopf-tupper2019dotyali[p. 36],,,dotyali:245:bajhang:1
dotyali_doti,,dʒən tʃərɖɑ,don’t climb up,,dʒən tʃərɖɑ,,eichentopf-tupper2019dotyali[p. 36],,,dotyali:246:doti:1
dotyali_baitadi,,dʒin tʃoɾɑi,don’t climb up,,dʒin tʃoɾɑi,,eichentopf-tupper2019dotyali[p. 36],,,dotyali:246:baitadi:1
dotyali_darchula,,dʒən tʃorɑⁱ,don’t climb up,,dʒən tʃorɑⁱ,,eichentopf-tupper2019dotyali[p. 36],,,dotyali:246:darchula:1
dotyali_bajhang,,dʒən tʃəɾə,don’t climb up,,dʒən tʃəɾə,,eichentopf-tupper2019dotyali[p. 36],,,dotyali:246:bajhang:1
dotyali_doti,,oljo,climb down,,oljo,,eichentopf-tupper2019dotyali[p. 36],,,dotyali:247:doti:1
dotyali_baitadi,,orijo,climb down,,orijo,,eichentopf-tupper2019dotyali[p. 36],,,dotyali:247:baitadi:1
dotyali_darchula,,orəljo,climb down,,orəljo,,eichentopf-tupper2019dotyali[p. 36],,,dotyali:247:darchula:1
dotyali_bajhang,,uljo,climb down,,uljo,,eichentopf-tupper2019dotyali[p. 36],,,dotyali:247:bajhang:1
dotyali_doti,,dʒən ol,don’t climb down,,dʒən ol,,eichentopf-tupper2019dotyali[p. 36],,,dotyali:248:doti:1
dotyali_baitadi,,dʒin orɑi,don’t climb down,,dʒin orɑi,,eichentopf-tupper2019dotyali[p. 36],,,dotyali:248:baitadi:1
dotyali_darchula,,dʒən orəlɑi,don’t climb down,,dʒən orəlɑi,,eichentopf-tupper2019dotyali[p. 36],,,dotyali:248:darchula:1
dotyali_bajhang,,dʒən uljo,don’t climb down,,dʒən uljo,,eichentopf-tupper2019dotyali[p. 36],,,dotyali:248:bajhang:1
dotyali_doti,,lejo,bring,,lejo,,eichentopf-tupper2019dotyali[p. 36],,,dotyali:249:doti:1
dotyali_baitadi,,ləʃjo,bring,,ləʃjo,,eichentopf-tupper2019dotyali[p. 36],,,dotyali:249:baitadi:1
dotyali_darchula,,lejo,bring,,lejo,,eichentopf-tupper2019dotyali[p. 36],,,dotyali:249:darchula:1
dotyali_bajhang,,ɑnjo,bring,,ɑnjo,,eichentopf-tupper2019dotyali[p. 36],,,dotyali:249:bajhang:1
dotyali_doti,,dʒən ljæ,don’t bring,,dʒən ljæ,,eichentopf-tupper2019dotyali[p. 36],,,dotyali:250:doti:1
dotyali_baitadi,,dʒin ləʃɑi,don’t bring,,dʒin ləʃɑi,,eichentopf-tupper2019dotyali[p. 36],,,dotyali:250:baitadi:1
dotyali_darchula,,dʒən le,don’t bring,,dʒən le,,eichentopf-tupper2019dotyali[p. 36],,,dotyali:250:darchula:1
dotyali_bajhang,,dʒən ɑnə,don’t bring,,dʒən ɑnə,,eichentopf-tupper2019dotyali[p. 36],,,dotyali:250:bajhang:1
dotyali_doti,,lɑigjo,take,,lɑigjo,,eichentopf-tupper2019dotyali[p. 37],,,dotyali:251:doti:1
dotyali_baitadi,,ləigjo,take,,ləigjo,,eichentopf-tupper2019dotyali[p. 37],,,dotyali:251:baitadi:1
dotyali_darchula,,ləⁱgjo,take,,ləⁱgjo,,eichentopf-tupper2019dotyali[p. 37],,,dotyali:251:darchula:1
dotyali_bajhang,,ləgjo,take,,ləgjo,,eichentopf-tupper2019dotyali[p. 37],,,dotyali:251:bajhang:1
dotyali_doti,,dʒən ləgə,don’t take,,dʒən ləgə,,eichentopf-tupper2019dotyali[p. 37],,,dotyali:252:doti:1
dotyali_baitadi,,dʒin ləgɑi,don’t take,,dʒin ləgɑi,,eichentopf-tupper2019dotyali[p. 37],,,dotyali:252:baitadi:1
dotyali_darchula,,dʒən ləⁱdʒʰɑⁱ,don’t take,,dʒən ləⁱdʒʰɑⁱ,,eichentopf-tupper2019dotyali[p. 37],,,dotyali:252:darchula:1
dotyali_bajhang,,dʒən leⁱ,don’t take,,dʒən leⁱ,,eichentopf-tupper2019dotyali[p. 37],,,dotyali:252:bajhang:1
dotyali_doti,,nikɑljo,take out,,nikɑljo,,eichentopf-tupper2019dotyali[p. 37],,,dotyali:253:doti:1
dotyali_baitadi,,nikɑljo,take out,,nikɑljo,,eichentopf-tupper2019dotyali[p. 37],,,dotyali:253:baitadi:1
dotyali_darchula,,gɑdjo,take out,,gɑdjo,,eichentopf-tupper2019dotyali[p. 37],,,dotyali:253:darchula:1
dotyali_bajhang,,dʒʰikjo,take out,,dʒʰikjo,,eichentopf-tupper2019dotyali[p. 37],,,dotyali:253:bajhang:1
dotyali_doti,,dʒən nikɑlə,don’t take out,,dʒən nikɑlə,,eichentopf-tupper2019dotyali[p. 37],,,dotyali:254:doti:1
dotyali_baitadi,,dʒin nikɑllɑi,don’t take out,,dʒin nikɑllɑi,,eichentopf-tupper2019dotyali[p. 37],,,dotyali:254:baitadi:1
dotyali_darchula,,dʒən gɑrɑ,don’t take out,,dʒən gɑrɑ,,eichentopf-tupper2019dotyali[p. 37],,,dotyali:254:darchula:1
dotyali_bajhang,,dʒən dʒʰikə,don’t take out,,dʒən dʒʰikə,,eichentopf-tupper2019dotyali[p. 37],,,dotyali:254:bajhang:1
dotyali_doti,,rɑkjo,put in,,rɑkjo,,eichentopf-tupper2019dotyali[p. 37],,,dotyali:255:doti:1
dotyali_baitadi,,rɑkʰjo,put in,,rɑkʰjo,,eichentopf-tupper2019dotyali[p. 37],,,dotyali:255:baitadi:1
dotyali_darchula,,rɑkʰjo,put in,,rɑkʰjo,,eichentopf-tupper2019dotyali[p. 37],,,dotyali:255:darchula:1
dotyali_bajhang,,rɑkʰjo,put in,,rɑkʰjo,,eichentopf-tupper2019dotyali[p. 37],,,dotyali:255:bajhang:1
dotyali_doti,,dʒən rɑkə,don’t put in,,dʒən rɑkə,,eichentopf-tupper2019dotyali[p. 37],,,dotyali:256:doti:1
dotyali_baitadi,,dʒin rɑkʰɑi,don’t put in,,dʒin rɑkʰɑi,,eichentopf-tupper2019dotyali[p. 37],,,dotyali:256:baitadi:1
dotyali_darchula,,dʒən rɑkɑⁱ,don’t put in,,dʒən rɑkɑⁱ,,eichentopf-tupper2019dotyali[p. 37],,,dotyali:256:darchula:1
dotyali_bajhang,,dʒən rɑkhə,don’t put in,,dʒən rɑkhə,,eichentopf-tupper2019dotyali[p. 37],,,dotyali:256:bajhang:1
dotyali_doti,,mərjo,die,,mərjo,,eichentopf-tupper2019dotyali[p. 37],,,dotyali:257:doti:1
dotyali_baitadi,,mərjo,die,,mərjo,,eichentopf-tupper2019dotyali[p. 37],,,dotyali:257:baitadi:1
dotyali_darchula,,mərjo,die,,mərjo,,eichentopf-tupper2019dotyali[p. 37],,,dotyali:257:darchula:1
dotyali_bajhang,,mərjo,die,,mərjo,,eichentopf-tupper2019dotyali[p. 37],,,dotyali:257:bajhang:1
dotyali_doti,,dʒən mərə,don’t die,,dʒən mərə,,eichentopf-tupper2019dotyali[p. 37],,,dotyali:258:doti:1
dotyali_baitadi,,dʒin mərɑi,don’t die,,dʒin mərɑi,,eichentopf-tupper2019dotyali[p. 37],,,dotyali:258:baitadi:1
dotyali_darchula,,dʒən mərɑⁱ,don’t die,,dʒən mərɑⁱ,,eichentopf-tupper2019dotyali[p. 37],,,dotyali:258:darchula:1
dotyali_bajhang,,dʒən mərə,don’t die,,dʒən mərə,,eichentopf-tupper2019dotyali[p. 37],,,dotyali:258:bajhang:1
dotyali_doti,,bok lɑgjo,be hungry,,bok lɑgjo,,eichentopf-tupper2019dotyali[p. 37],,,dotyali:259:doti:1
dotyali_baitadi,,bʰok lɑgjo,be hungry,,bʰok lɑgjo,,eichentopf-tupper2019dotyali[p. 37],,,dotyali:259:baitadi:1
dotyali_darchula,,bʰok lɑgjo,be hungry,,bʰok lɑgjo,,eichentopf-tupper2019dotyali[p. 37],,,dotyali:259:darchula:1
dotyali_bajhang,,bʰok lɑgjo,be hungry,,bʰok lɑgjo,,eichentopf-tupper2019dotyali[p. 37],,,dotyali:259:bajhang:1
dotyali_doti,,tis lɑgjo,be thirsty,,tis lɑgjo,,eichentopf-tupper2019dotyali[p. 37],,,dotyali:260:doti:1
dotyali_baitadi,,tis lɑgjo,be thirsty,,tis lɑgjo,,eichentopf-tupper2019dotyali[p. 37],,,dotyali:260:baitadi:1
dotyali_darchula,,tis lɑgjo,be thirsty,,tis lɑgjo,,eichentopf-tupper2019dotyali[p. 37],,,dotyali:260:darchula:1
dotyali_bajhang,,tis lɑgjo,be thirsty,,tis lɑgjo,,eichentopf-tupper2019dotyali[p. 37],,,dotyali:260:bajhang:1
dotyali_doti,,sijo,sleep,,sijo,,eichentopf-tupper2019dotyali[p. 37],,,dotyali:261:doti:1
dotyali_baitadi,,ʃejo,sleep,,ʃejo,,eichentopf-tupper2019dotyali[p. 37],,,dotyali:261:baitadi:1
dotyali_darchula,,ʃijo,sleep,,ʃijo,,eichentopf-tupper2019dotyali[p. 37],,,dotyali:261:darchula:1
dotyali_bajhang,,sutjo,sleep,,sutjo,,eichentopf-tupper2019dotyali[p. 37],,,dotyali:261:bajhang:1
dotyali_doti,,dʒən sijə,don’t sleep,,dʒən sijə,,eichentopf-tupper2019dotyali[p. 37],,,dotyali:262:doti:1
dotyali_baitadi,,dʒin ʃei,don’t sleep,,dʒin ʃei,,eichentopf-tupper2019dotyali[p. 37],,,dotyali:262:baitadi:1
dotyali_darchula,,dʒən ʃei,don’t sleep,,dʒən ʃei,,eichentopf-tupper2019dotyali[p. 37],,,dotyali:262:darchula:1
dotyali_bajhang,,dʒən sutə,don’t sleep,,dʒən sutə,,eichentopf-tupper2019dotyali[p. 37],,,dotyali:262:bajhang:1
dotyali_doti,,tertʃjo,lie down,,tertʃjo,,eichentopf-tupper2019dotyali[p. 37],,,dotyali:263:doti:1
dotyali_baitadi,,pɑrjo,lie down,,pɑrjo,,eichentopf-tupper2019dotyali[p. 37],,,dotyali:263:baitadi:1
dotyali_darchula,,pɑrjo,lie down,,pɑrjo,,eichentopf-tupper2019dotyali[p. 37],,,dotyali:263:darchula:1
dotyali_bajhang,,pəltjo,lie down,,pəltjo,,eichentopf-tupper2019dotyali[p. 37],,,dotyali:263:bajhang:1
dotyali_doti,,dʒən tertʃje,don’t lie down,,dʒən tertʃje,,eichentopf-tupper2019dotyali[p. 37],,,dotyali:264:doti:1
dotyali_baitadi,,dʒin pɑrɑi,don’t lie down,,dʒin pɑrɑi,,eichentopf-tupper2019dotyali[p. 37],,,dotyali:264:baitadi:1
dotyali_darchula,,dʒən pɑrɑⁱ,don’t lie down,,dʒən pɑrɑⁱ,,eichentopf-tupper2019dotyali[p. 37],,,dotyali:264:darchula:1
dotyali_bajhang,,dʒən pəltɑ,don’t lie down,,dʒən pəltɑ,,eichentopf-tupper2019dotyali[p. 37],,,dotyali:264:bajhang:1
dotyali_doti,,bəsjo,sit down,,bəsjo,,eichentopf-tupper2019dotyali[p. 37],,,dotyali:265:doti:1
dotyali_baitadi,,bəsjo,sit down,,bəsjo,,eichentopf-tupper2019dotyali[p. 37],,,dotyali:265:baitadi:1
dotyali_darchula,,bəsjo,sit down,,bəsjo,,eichentopf-tupper2019dotyali[p. 37],,,dotyali:265:darchula:1
dotyali_bajhang,,bəsjo,sit down,,bəsjo,,eichentopf-tupper2019dotyali[p. 37],,,dotyali:265:bajhang:1
dotyali_doti,,dʒən bəsə,don’t sit down,,dʒən bəsə,,eichentopf-tupper2019dotyali[p. 37],,,dotyali:266:doti:1
dotyali_baitadi,,dʒin bəsɑi,don’t sit down,,dʒin bəsɑi,,eichentopf-tupper2019dotyali[p. 37],,,dotyali:266:baitadi:1
dotyali_darchula,,dʒən bəsɑⁱ,don’t sit down,,dʒən bəsɑⁱ,,eichentopf-tupper2019dotyali[p. 37],,,dotyali:266:darchula:1
dotyali_bajhang,,dʒən bəsə,don’t sit down,,dʒən bəsə,,eichentopf-tupper2019dotyali[p. 37],,,dotyali:266:bajhang:1
dotyali_doti,,uʈʰjo,get up,,uʈʰjo,,eichentopf-tupper2019dotyali[p. 37],,,dotyali:267:doti:1
dotyali_baitadi,,uʈʰjo,get up,,uʈʰjo,,eichentopf-tupper2019dotyali[p. 37],,,dotyali:267:baitadi:1
dotyali_darchula,,uʈʰjo,get up,,uʈʰjo,,eichentopf-tupper2019dotyali[p. 37],,,dotyali:267:darchula:1
dotyali_bajhang,,utʰjo,get up,,utʰjo,,eichentopf-tupper2019dotyali[p. 37],,,dotyali:267:bajhang:1
dotyali_doti,,dʒən uʈʰə,don’t get up,,dʒən uʈʰə,,eichentopf-tupper2019dotyali[p. 37],,,dotyali:268:doti:1
dotyali_baitadi,,dʒin uʈʰɑi,don’t get up,,dʒin uʈʰɑi,,eichentopf-tupper2019dotyali[p. 37],,,dotyali:268:baitadi:1
dotyali_darchula,,dʒən uʈᵗɑⁱ,don’t get up,,dʒən uʈᵗɑⁱ,,eichentopf-tupper2019dotyali[p. 37],,,dotyali:268:darchula:1
dotyali_bajhang,,dʒən utʰə,don’t get up,,dʒən utʰə,,eichentopf-tupper2019dotyali[p. 37],,,dotyali:268:bajhang:1
dotyali_doti,,kəlijo,stand,,kəlijo,,eichentopf-tupper2019dotyali[p. 37],,,dotyali:269:doti:1
dotyali_baitadi,,kəljo,stand,,kəljo,,eichentopf-tupper2019dotyali[p. 37],,,dotyali:269:baitadi:1
dotyali_darchula,,kəlijo,stand,,kəlijo,,eichentopf-tupper2019dotyali[p. 37],,,dotyali:269:darchula:1
dotyali_bajhang,,ubhjo,stand,,ubhjo,,eichentopf-tupper2019dotyali[p. 37],,,dotyali:269:bajhang:1
dotyali_doti,,dʒən kəliɑ,don’t stand,,dʒən kəliɑ,,eichentopf-tupper2019dotyali[p. 37],,,dotyali:270:doti:1
dotyali_baitadi,,dʒin kəle,don’t stand,,dʒin kəle,,eichentopf-tupper2019dotyali[p. 37],,,dotyali:270:baitadi:1
dotyali_darchula,,dʒən kəlie,don’t stand,,dʒən kəlie,,eichentopf-tupper2019dotyali[p. 37],,,dotyali:270:darchula:1
dotyali_bajhang,,dʒən ubhjo,don’t stand,,dʒən ubhjo,,eichentopf-tupper2019dotyali[p. 37],,,dotyali:270:bajhang:1
dotyali_doti,,hĩɖjõ,walk,,hĩɖjõ,,eichentopf-tupper2019dotyali[p. 37],,,dotyali:271:doti:1
dotyali_baitadi,,hĩʈjo,walk,,hĩʈjo,,eichentopf-tupper2019dotyali[p. 37],,,dotyali:271:baitadi:1
dotyali_darchula,,hitjo,walk,,hitjo,,eichentopf-tupper2019dotyali[p. 37],,,dotyali:271:darchula:1
dotyali_bajhang,,hĩdjo,walk,,hĩdjo,,eichentopf-tupper2019dotyali[p. 37],,,dotyali:271:bajhang:1
dotyali_doti,,dʒən hĩɖə,don’t walk,,dʒən hĩɖə,,eichentopf-tupper2019dotyali[p. 37],,,dotyali:272:doti:1
dotyali_baitadi,,dʒin hit̚tɑi,don’t walk,,dʒin hit̚tɑi,,eichentopf-tupper2019dotyali[p. 37],,,dotyali:272:baitadi:1
dotyali_darchula,,dʒən hitɑⁱ,don’t walk,,dʒən hitɑⁱ,,eichentopf-tupper2019dotyali[p. 37],,,dotyali:272:darchula:1
dotyali_bajhang,,dʒən hidə,don’t walk,,dʒən hidə,,eichentopf-tupper2019dotyali[p. 37],,,dotyali:272:bajhang:1
dotyali_doti,,uɖjo,fly (verb),,uɖjo,,eichentopf-tupper2019dotyali[p. 37],,,dotyali:273:doti:1
dotyali_baitadi,,uɖjo,fly (verb),,uɖjo,,eichentopf-tupper2019dotyali[p. 37],,,dotyali:273:baitadi:1
dotyali_darchula,,uɖjo,fly (verb),,uɖjo,,eichentopf-tupper2019dotyali[p. 37],,,dotyali:273:darchula:1
dotyali_bajhang,,uɖjo,fly (verb),,uɖjo,,eichentopf-tupper2019dotyali[p. 37],,,dotyali:273:bajhang:1
dotyali_doti,,dʒən uɖə,don’t fly,,dʒən uɖə,,eichentopf-tupper2019dotyali[p. 37],,,dotyali:274:doti:1
dotyali_baitadi,,dʒin uɖɑi,don’t fly,,dʒin uɖɑi,,eichentopf-tupper2019dotyali[p. 37],,,dotyali:274:baitadi:1
dotyali_darchula,,dʒən udɑⁱ,don’t fly,,dʒən udɑⁱ,,eichentopf-tupper2019dotyali[p. 37],,,dotyali:274:darchula:1
dotyali_bajhang,,dʒən uɖə,don’t fly,,dʒən uɖə,,eichentopf-tupper2019dotyali[p. 37],,,dotyali:274:bajhang:1
dotyali_doti,,dourjo,run,,dourjo,,eichentopf-tupper2019dotyali[p. 38],,,dotyali:275:doti:1
dotyali_baitadi,,bisəljo,run,,bisəljo,,eichentopf-tupper2019dotyali[p. 38],,,dotyali:275:baitadi:1
dotyali_darchula,,dəgurjo,run,,dəgurjo,,eichentopf-tupper2019dotyali[p. 38],,,dotyali:275:darchula:1
dotyali_bajhang,,pʰɑljo,run,,pʰɑljo,,eichentopf-tupper2019dotyali[p. 38],,,dotyali:275:bajhang:1
dotyali_doti,,dʒən dourə,don’t run,,dʒən dourə,,eichentopf-tupper2019dotyali[p. 38],,,dotyali:276:doti:1
dotyali_baitadi,,dʒin bisɑlɑi,don’t run,,dʒin bisɑlɑi,,eichentopf-tupper2019dotyali[p. 38],,,dotyali:276:baitadi:1
dotyali_darchula,,dʒən dəgurɑⁱ,don’t run,,dʒən dəgurɑⁱ,,eichentopf-tupper2019dotyali[p. 38],,,dotyali:276:darchula:1
dotyali_bajhang,,dʒən pʰɑljo,don’t run,,dʒən pʰɑljo,,eichentopf-tupper2019dotyali[p. 38],,,dotyali:276:bajhang:1
dotyali_doti,,hɑ̃sjo,laugh,,hɑ̃sjo,,eichentopf-tupper2019dotyali[p. 38],,,dotyali:277:doti:1
dotyali_baitadi,,hɑ̃sjo,laugh,,hɑ̃sjo,,eichentopf-tupper2019dotyali[p. 38],,,dotyali:277:baitadi:1
dotyali_darchula,,hɑ̃sjo,laugh,,hɑ̃sjo,,eichentopf-tupper2019dotyali[p. 38],,,dotyali:277:darchula:1
dotyali_bajhang,,hɑ̃sjo,laugh,,hɑ̃sjo,,eichentopf-tupper2019dotyali[p. 38],,,dotyali:277:bajhang:1
dotyali_doti,,dʒən hɑ̃sə,don’t laugh,,dʒən hɑ̃sə,,eichentopf-tupper2019dotyali[p. 38],,,dotyali:278:doti:1
dotyali_baitadi,,dʒin hɑsɑi,don’t laugh,,dʒin hɑsɑi,,eichentopf-tupper2019dotyali[p. 38],,,dotyali:278:baitadi:1
dotyali_darchula,,dʒən hɑ̃sɑⁱ,don’t laugh,,dʒən hɑ̃sɑⁱ,,eichentopf-tupper2019dotyali[p. 38],,,dotyali:278:darchula:1
dotyali_bajhang,,dʒən hɑ̃sɑ,don’t laugh,,dʒən hɑ̃sɑ,,eichentopf-tupper2019dotyali[p. 38],,,dotyali:278:bajhang:1
dotyali_doti,,rojo,cry,,rojo,,eichentopf-tupper2019dotyali[p. 38],,,dotyali:279:doti:1
dotyali_baitadi,,rojo,cry,,rojo,,eichentopf-tupper2019dotyali[p. 38],,,dotyali:279:baitadi:1
dotyali_darchula,,rojo,cry,,rojo,,eichentopf-tupper2019dotyali[p. 38],,,dotyali:279:darchula:1
dotyali_bajhang,,rojo,cry,,rojo,,eichentopf-tupper2019dotyali[p. 38],,,dotyali:279:bajhang:1
dotyali_doti,,dʒən ro,don’t cry,,dʒən ro,,eichentopf-tupper2019dotyali[p. 38],,,dotyali:280:doti:1
dotyali_baitadi,,dʒin roje,don’t cry,,dʒin roje,,eichentopf-tupper2019dotyali[p. 38],,,dotyali:280:baitadi:1
dotyali_darchula,,dʒən roⁱ,don’t cry,,dʒən roⁱ,,eichentopf-tupper2019dotyali[p. 38],,,dotyali:280:darchula:1
dotyali_bajhang,,dʒən rou,don’t cry,,dʒən rou,,eichentopf-tupper2019dotyali[p. 38],,,dotyali:280:bajhang:1
dotyali_doti,,ulti gɑrjo,vomit,,ulti gɑrjo,,eichentopf-tupper2019dotyali[p. 38],,,dotyali:281:doti:1
dotyali_baitadi,,ulti gɑrjo,vomit,,ulti gɑrjo,,eichentopf-tupper2019dotyali[p. 38],,,dotyali:281:baitadi:1
dotyali_baitadi,,okʰɑljo,vomit,,okʰɑljo,,eichentopf-tupper2019dotyali[p. 38],,,dotyali:281:baitadi:2
dotyali_darchula,,ukɑljo,vomit,,ukɑljo,,eichentopf-tupper2019dotyali[p. 38],,,dotyali:281:darchula:1
dotyali_bajhang,,okʰɑljo,vomit,,okʰɑljo,,eichentopf-tupper2019dotyali[p. 38],,,dotyali:281:bajhang:1
dotyali_doti,,ulti dʒən gərə,don’t vomit,,ulti dʒən gərə,,eichentopf-tupper2019dotyali[p. 38],,,dotyali:282:doti:1
dotyali_baitadi,,ulti dʒin gɑrɑi,don’t vomit,,ulti dʒin gɑrɑi,,eichentopf-tupper2019dotyali[p. 38],,,dotyali:282:baitadi:1
dotyali_baitadi,,dʒin okʰɑlɑi,don’t vomit,,dʒin okʰɑlɑi,,eichentopf-tupper2019dotyali[p. 38],,,dotyali:282:baitadi:2
dotyali_darchula,,dʒən okɑlɑⁱ,don’t vomit,,dʒən okɑlɑⁱ,,eichentopf-tupper2019dotyali[p. 38],,,dotyali:282:darchula:1
dotyali_bajhang,,dʒən okʰɑlə,don’t vomit,,dʒən okʰɑlə,,eichentopf-tupper2019dotyali[p. 38],,,dotyali:282:bajhang:1
dotyali_doti,,tʰukjo,spit,,tʰukjo,,eichentopf-tupper2019dotyali[p. 38],,,dotyali:283:doti:1
dotyali_baitadi,,tʰukjo,spit,,tʰukjo,,eichentopf-tupper2019dotyali[p. 38],,,dotyali:283:baitadi:1
dotyali_darchula,,tʰukjo,spit,,tʰukjo,,eichentopf-tupper2019dotyali[p. 38],,,dotyali:283:darchula:1
dotyali_bajhang,,tʰukjo,spit,,tʰukjo,,eichentopf-tupper2019dotyali[p. 38],,,dotyali:283:bajhang:1
dotyali_doti,,dʒən tʰəkə,don’t spit,,dʒən tʰəkə,,eichentopf-tupper2019dotyali[p. 38],,,dotyali:284:doti:1
dotyali_baitadi,,dʒin tʰukɑi,don’t spit,,dʒin tʰukɑi,,eichentopf-tupper2019dotyali[p. 38],,,dotyali:284:baitadi:1
dotyali_darchula,,dʒən tʰukɑⁱ,don’t spit,,dʒən tʰukɑⁱ,,eichentopf-tupper2019dotyali[p. 38],,,dotyali:284:darchula:1
dotyali_bajhang,,dʒən tʰukə,don’t spit,,dʒən tʰukə,,eichentopf-tupper2019dotyali[p. 38],,,dotyali:284:bajhang:1
dotyali_doti,,kʰɑjo,eat,,kʰɑjo,,eichentopf-tupper2019dotyali[p. 38],,,dotyali:285:doti:1
dotyali_baitadi,,kʰɑⁱjo,eat,,kʰɑⁱjo,,eichentopf-tupper2019dotyali[p. 38],,,dotyali:285:baitadi:1
dotyali_darchula,,kʰɑjo,eat,,kʰɑjo,,eichentopf-tupper2019dotyali[p. 38],,,dotyali:285:darchula:1
dotyali_bajhang,,kʰɑⁱjo,eat,,kʰɑⁱjo,,eichentopf-tupper2019dotyali[p. 38],,,dotyali:285:bajhang:1
dotyali_doti,,dʒən kʰɑ,don’t eat,,dʒən kʰɑ,,eichentopf-tupper2019dotyali[p. 38],,,dotyali:286:doti:1
dotyali_baitadi,,dʒin kʰɑi,don’t eat,,dʒin kʰɑi,,eichentopf-tupper2019dotyali[p. 38],,,dotyali:286:baitadi:1
dotyali_darchula,,dʒən kʰɑⁱ,don’t eat,,dʒən kʰɑⁱ,,eichentopf-tupper2019dotyali[p. 38],,,dotyali:286:darchula:1
dotyali_bajhang,,dʒən kʰɑᵘ,don’t eat,,dʒən kʰɑᵘ,,eichentopf-tupper2019dotyali[p. 38],,,dotyali:286:bajhang:1
dotyali_doti,,kɑʈjo,bite,,kɑʈjo,,eichentopf-tupper2019dotyali[p. 38],,,dotyali:287:doti:1
dotyali_baitadi,,kɑʈjo,bite,,kɑʈjo,,eichentopf-tupper2019dotyali[p. 38],,,dotyali:287:baitadi:1
dotyali_darchula,,kɑtjo,bite,,kɑtjo,,eichentopf-tupper2019dotyali[p. 38],,,dotyali:287:darchula:1
dotyali_bajhang,,kɑtjo,bite,,kɑtjo,,eichentopf-tupper2019dotyali[p. 38],,,dotyali:287:bajhang:1
dotyali_doti,,dʒən kɑʈə,don’t bite,,dʒən kɑʈə,,eichentopf-tupper2019dotyali[p. 38],,,dotyali:288:doti:1
dotyali_baitadi,,dʒin kɑʈɑi,don’t bite,,dʒin kɑʈɑi,,eichentopf-tupper2019dotyali[p. 38],,,dotyali:288:baitadi:1
dotyali_darchula,,dʒən kɑtɑⁱ,don’t bite,,dʒən kɑtɑⁱ,,eichentopf-tupper2019dotyali[p. 38],,,dotyali:288:darchula:1
dotyali_bajhang,,dʒən tokə,don’t bite,,dʒən tokə,,eichentopf-tupper2019dotyali[p. 38],,,dotyali:288:bajhang:1
dotyali_doti,,pijo,drink,,pijo,,eichentopf-tupper2019dotyali[p. 38],,,dotyali:289:doti:1
dotyali_baitadi,,pijo,drink,,pijo,,eichentopf-tupper2019dotyali[p. 38],,,dotyali:289:baitadi:1
dotyali_darchula,,kʰɑjo,drink,,kʰɑjo,,eichentopf-tupper2019dotyali[p. 38],,,dotyali:289:darchula:1
dotyali_bajhang,,kʰɑjo,drink,,kʰɑjo,,eichentopf-tupper2019dotyali[p. 38],,,dotyali:289:bajhang:1
dotyali_doti,,dʒən pe,don’t drink,,dʒən pe,,eichentopf-tupper2019dotyali[p. 38],,,dotyali:290:doti:1
dotyali_baitadi,,dʒin pie,don’t drink,,dʒin pie,,eichentopf-tupper2019dotyali[p. 38],,,dotyali:290:baitadi:1
dotyali_darchula,,dʒən kʰɑⁱ,don’t drink,,dʒən kʰɑⁱ,,eichentopf-tupper2019dotyali[p. 38],,,dotyali:290:darchula:1
dotyali_bajhang,,dʒən kʰɑu,don’t drink,,dʒən kʰɑu,,eichentopf-tupper2019dotyali[p. 38],,,dotyali:290:bajhang:1
dotyali_doti,,dijo,give,,dijo,,eichentopf-tupper2019dotyali[p. 38],,,dotyali:291:doti:1
dotyali_baitadi,,dijo,give,,dijo,,eichentopf-tupper2019dotyali[p. 38],,,dotyali:291:baitadi:1
dotyali_darchula,,dijoᵘ,give,,dijoᵘ,,eichentopf-tupper2019dotyali[p. 38],,,dotyali:291:darchula:1
dotyali_bajhang,,dijo,give,,dijo,,eichentopf-tupper2019dotyali[p. 38],,,dotyali:291:bajhang:1
dotyali_doti,,dʒən de,don’t give,,dʒən de,,eichentopf-tupper2019dotyali[p. 38],,,dotyali:292:doti:1
dotyali_baitadi,,dʒin die,don’t give,,dʒin die,,eichentopf-tupper2019dotyali[p. 38],,,dotyali:292:baitadi:1
dotyali_darchula,,dʒən deⁱ,don’t give,,dʒən deⁱ,,eichentopf-tupper2019dotyali[p. 38],,,dotyali:292:darchula:1
dotyali_bajhang,,dʒən deu,don’t give,,dʒən deu,,eichentopf-tupper2019dotyali[p. 38],,,dotyali:292:bajhang:1
dotyali_doti,,səlkɑjo,burn,,səlkɑjo,,eichentopf-tupper2019dotyali[p. 38],,,dotyali:293:doti:1
dotyali_baitadi,,bɑljo,burn,,bɑljo,,eichentopf-tupper2019dotyali[p. 38],,,dotyali:293:baitadi:1
dotyali_darchula,,bɑljo,burn,,bɑljo,,eichentopf-tupper2019dotyali[p. 38],,,dotyali:293:darchula:1
dotyali_bajhang,,bɑljo,burn,,bɑljo,,eichentopf-tupper2019dotyali[p. 38],,,dotyali:293:bajhang:1
dotyali_doti,,dʒən səlkɑ,don’t burn,,dʒən səlkɑ,,eichentopf-tupper2019dotyali[p. 38],,,dotyali:294:doti:1
dotyali_baitadi,,dʒin bɑlɑi,don’t burn,,dʒin bɑlɑi,,eichentopf-tupper2019dotyali[p. 38],,,dotyali:294:baitadi:1
dotyali_darchula,,dʒən bɑlɑⁱ,don’t burn,,dʒən bɑlɑⁱ,,eichentopf-tupper2019dotyali[p. 38],,,dotyali:294:darchula:1
dotyali_bajhang,,dʒən bɑlə,don’t burn,,dʒən bɑlə,,eichentopf-tupper2019dotyali[p. 38],,,dotyali:294:bajhang:1
dotyali_doti,,dəbɑrjo,bury,,dəbɑrjo,,eichentopf-tupper2019dotyali[p. 38],,,dotyali:295:doti:1
dotyali_baitadi,,kədejo,bury,,kədejo,,eichentopf-tupper2019dotyali[p. 38],,,dotyali:295:baitadi:1
dotyali_darchula,,dərejo,bury,,dərejo,,eichentopf-tupper2019dotyali[p. 38],,,dotyali:295:darchula:1
dotyali_bajhang,,kədejo,bury,,kədejo,,eichentopf-tupper2019dotyali[p. 38],,,dotyali:295:bajhang:1
dotyali_doti,,dʒən dəbɑrə,don’t bury,,dʒən dəbɑrə,,eichentopf-tupper2019dotyali[p. 38],,,dotyali:296:doti:1
dotyali_baitadi,,dʒin kədei,don’t bury,,dʒin kədei,,eichentopf-tupper2019dotyali[p. 38],,,dotyali:296:baitadi:1
dotyali_darchula,,dʒən dəreⁱ,don’t bury,,dʒən dəreⁱ,,eichentopf-tupper2019dotyali[p. 38],,,dotyali:296:darchula:1
dotyali_bajhang,,dʒən kədejo,don’t bury,,dʒən kədejo,,eichentopf-tupper2019dotyali[p. 38],,,dotyali:296:bajhang:1
dotyali_doti,,mɑrjo,kill,,mɑrjo,,eichentopf-tupper2019dotyali[p. 38],,,dotyali:297:doti:1
dotyali_baitadi,,mɑrjo,kill,,mɑrjo,,eichentopf-tupper2019dotyali[p. 38],,,dotyali:297:baitadi:1
dotyali_darchula,,mɑrjo,kill,,mɑrjo,,eichentopf-tupper2019dotyali[p. 38],,,dotyali:297:darchula:1
dotyali_bajhang,,mɑrjo,kill,,mɑrjo,,eichentopf-tupper2019dotyali[p. 38],,,dotyali:297:bajhang:1
dotyali_doti,,dʒən mɑrə,don’t kill,,dʒən mɑrə,,eichentopf-tupper2019dotyali[p. 39],,,dotyali:298:doti:1
dotyali_baitadi,,dʒin mɑrɑi,don’t kill,,dʒin mɑrɑi,,eichentopf-tupper2019dotyali[p. 39],,,dotyali:298:baitadi:1
dotyali_darchula,,dʒən mɑrɑⁱ,don’t kill,,dʒən mɑrɑⁱ,,eichentopf-tupper2019dotyali[p. 39],,,dotyali:298:darchula:1
dotyali_bajhang,,dʒən mɑrə,don’t kill,,dʒən mɑrə,,eichentopf-tupper2019dotyali[p. 39],,,dotyali:298:bajhang:1
dotyali_doti,,kɑʈjo,cut,,kɑʈjo,,eichentopf-tupper2019dotyali[p. 39],,,dotyali:299:doti:1
dotyali_baitadi,,kɑtjo,cut,,kɑtjo,,eichentopf-tupper2019dotyali[p. 39],,,dotyali:299:baitadi:1
dotyali_darchula,,kɑtjo,cut,,kɑtjo,,eichentopf-tupper2019dotyali[p. 39],,,dotyali:299:darchula:1
dotyali_bajhang,,kɑtjo,cut,,kɑtjo,,eichentopf-tupper2019dotyali[p. 39],,,dotyali:299:bajhang:1
dotyali_doti,,dʒən kɑʈə,don’t cut,,dʒən kɑʈə,,eichentopf-tupper2019dotyali[p. 39],,,dotyali:300:doti:1
dotyali_baitadi,,dʒin kɑtɑi,don’t cut,,dʒin kɑtɑi,,eichentopf-tupper2019dotyali[p. 39],,,dotyali:300:baitadi:1
dotyali_darchula,,dʒən kɑteⁱ,don’t cut,,dʒən kɑteⁱ,,eichentopf-tupper2019dotyali[p. 39],,,dotyali:300:darchula:1
dotyali_bajhang,,dʒən kɑtə,don’t cut,,dʒən kɑtə,,eichentopf-tupper2019dotyali[p. 39],,,dotyali:300:bajhang:1
dotyali_doti,,hɑpʰɑljo,throw,,hɑpʰɑljo,,eichentopf-tupper2019dotyali[p. 39],,,dotyali:301:doti:1
dotyali_baitadi,,hɑpɑlijo,throw,,hɑpɑlijo,,eichentopf-tupper2019dotyali[p. 39],,,dotyali:301:baitadi:1
dotyali_darchula,,kitjo,throw,,kitjo,,eichentopf-tupper2019dotyali[p. 39],,,dotyali:301:darchula:1
dotyali_bajhang,,hɑpəljo,throw,,hɑpəljo,,eichentopf-tupper2019dotyali[p. 39],,,dotyali:301:bajhang:1
dotyali_doti,,dʒən hɑpʰələ,don’t throw,,dʒən hɑpʰələ,,eichentopf-tupper2019dotyali[p. 39],,,dotyali:302:doti:1
dotyali_baitadi,,dʒin hɑpɑlɑi,don’t throw,,dʒin hɑpɑlɑi,,eichentopf-tupper2019dotyali[p. 39],,,dotyali:302:baitadi:1
dotyali_darchula,,dʒən kitɑⁱ,don’t throw,,dʒən kitɑⁱ,,eichentopf-tupper2019dotyali[p. 39],,,dotyali:302:darchula:1
dotyali_bajhang,,dʒən hɑpələ,don’t throw,,dʒən hɑpələ,,eichentopf-tupper2019dotyali[p. 39],,,dotyali:302:bajhang:1
dotyali_doti,,tʃəl pəl ɑrjo,talk/chat,,tʃəl pəl ɑrjo,,eichentopf-tupper2019dotyali[p. 39],,,dotyali:303:doti:1
dotyali_baitadi,,kureri gɑrjo,talk/chat,,kureri gɑrjo,,eichentopf-tupper2019dotyali[p. 39],,,dotyali:303:baitadi:1
dotyali_darchula,,kurəri kɑnɑ gɑrjo,talk/chat,,kurəri kɑnɑ gɑrjo,,eichentopf-tupper2019dotyali[p. 39],,,dotyali:303:darchula:1
dotyali_bajhang,,kurɑ kɑni gɑrjo,talk/chat,,kurɑ kɑni gɑrjo,,eichentopf-tupper2019dotyali[p. 39],,,dotyali:303:bajhang:1
dotyali_bajhang,,tʃəl pʰəl gɑrjo,talk/chat,,tʃəl pʰəl gɑrjo,,eichentopf-tupper2019dotyali[p. 39],,,dotyali:303:bajhang:2
dotyali_doti,,tʃəl pəl dʒən ɑrɑ,don’t talk/chat,,tʃəl pəl dʒən ɑrɑ,,eichentopf-tupper2019dotyali[p. 39],,,dotyali:304:doti:1
dotyali_baitadi,,kureri dʒin gɑrɑi,don’t talk/chat,,kureri dʒin gɑrɑi,,eichentopf-tupper2019dotyali[p. 39],,,dotyali:304:baitadi:1
dotyali_darchula,,kurəri kɑnɑ dʒən gɑro,don’t talk/chat,,kurəri kɑnɑ dʒən gɑro,,eichentopf-tupper2019dotyali[p. 39],,,dotyali:304:darchula:1
dotyali_bajhang,,kurɑ kɑni dʒən gɑrə,don’t talk/chat,,kurɑ kɑni dʒən gɑrə,,eichentopf-tupper2019dotyali[p. 39],,,dotyali:304:bajhang:1
dotyali_bajhang,,tʃəl pʰəl dʒən gɑrə,don’t talk/chat,,tʃəl pʰəl dʒən gɑrə,,eichentopf-tupper2019dotyali[p. 39],,,dotyali:304:bajhang:2
dotyali_doti,,bɑ̃ɳjo,say,,bɑ̃ɳjo,,eichentopf-tupper2019dotyali[p. 39],,,dotyali:305:doti:1
dotyali_baitadi,,bʰənjo,say,,bʰənjo,,eichentopf-tupper2019dotyali[p. 39],,,dotyali:305:baitadi:1
dotyali_darchula,,bəɳjo,say,,bəɳjo,,eichentopf-tupper2019dotyali[p. 39],,,dotyali:305:darchula:1
dotyali_bajhang,,bʰənjo,say,,bʰənjo,,eichentopf-tupper2019dotyali[p. 39],,,dotyali:305:bajhang:1
dotyali_doti,,dʒən bəñə,don’t say,,dʒən bəñə,,eichentopf-tupper2019dotyali[p. 39],,,dotyali:306:doti:1
dotyali_baitadi,,dʒin bʰəne,don’t say,,dʒin bʰəne,,eichentopf-tupper2019dotyali[p. 39],,,dotyali:306:baitadi:1
dotyali_darchula,,dʒən bəɳɑⁱ,don’t say,,dʒən bəɳɑⁱ,,eichentopf-tupper2019dotyali[p. 39],,,dotyali:306:darchula:1
dotyali_bajhang,,dʒən bənə,don’t say,,dʒən bənə,,eichentopf-tupper2019dotyali[p. 39],,,dotyali:306:bajhang:1
dotyali_doti,,sunjo,listen,,sunjo,,eichentopf-tupper2019dotyali[p. 39],,,dotyali:307:doti:1
dotyali_baitadi,,sunjo,listen,,sunjo,,eichentopf-tupper2019dotyali[p. 39],,,dotyali:307:baitadi:1
dotyali_darchula,,suɳjo,listen,,suɳjo,,eichentopf-tupper2019dotyali[p. 39],,,dotyali:307:darchula:1
dotyali_bajhang,,sunjo,listen,,sunjo,,eichentopf-tupper2019dotyali[p. 39],,,dotyali:307:bajhang:1
dotyali_doti,,dʒən sunə,don’t listen,,dʒən sunə,,eichentopf-tupper2019dotyali[p. 39],,,dotyali:308:doti:1
dotyali_baitadi,,dʒin sunɑi,don’t listen,,dʒin sunɑi,,eichentopf-tupper2019dotyali[p. 39],,,dotyali:308:baitadi:1
dotyali_darchula,,dʒən suɳɑⁱ,don’t listen,,dʒən suɳɑⁱ,,eichentopf-tupper2019dotyali[p. 39],,,dotyali:308:darchula:1
dotyali_bajhang,,dʒən sunə,don’t listen,,dʒən sunə,,eichentopf-tupper2019dotyali[p. 39],,,dotyali:308:bajhang:1
dotyali_doti,,dʰekjo,watch/see,,dʰekjo,,eichentopf-tupper2019dotyali[p. 39],,,dotyali:309:doti:1
dotyali_baitadi,,dʰekjo,watch/see,,dʰekjo,,eichentopf-tupper2019dotyali[p. 39],,,dotyali:309:baitadi:1
dotyali_darchula,,dʰekjo,watch/see,,dʰekjo,,eichentopf-tupper2019dotyali[p. 39],,,dotyali:309:darchula:1
dotyali_bajhang,,dʰekjo,watch/see,,dʰekjo,,eichentopf-tupper2019dotyali[p. 39],,,dotyali:309:bajhang:1
dotyali_doti,,herjo,look,,herjo,,eichentopf-tupper2019dotyali[p. 39],,,dotyali:310:doti:1
dotyali_baitadi,,herjo,look,,herjo,,eichentopf-tupper2019dotyali[p. 39],,,dotyali:310:baitadi:1
dotyali_darchula,,herjo,look,,herjo,,eichentopf-tupper2019dotyali[p. 39],,,dotyali:310:darchula:1
dotyali_bajhang,,herjo,look,,herjo,,eichentopf-tupper2019dotyali[p. 39],,,dotyali:310:bajhang:1
dotyali_doti,,dʒən herə,don’t look,,dʒən herə,,eichentopf-tupper2019dotyali[p. 39],,,dotyali:311:doti:1
dotyali_baitadi,,dʒin herɑi,don’t look,,dʒin herɑi,,eichentopf-tupper2019dotyali[p. 39],,,dotyali:311:baitadi:1
dotyali_darchula,,dʒən herɑⁱ,don’t look,,dʒən herɑⁱ,,eichentopf-tupper2019dotyali[p. 39],,,dotyali:311:darchula:1
dotyali_bajhang,,dʒən hərə,don’t look,,dʒən hərə,,eichentopf-tupper2019dotyali[p. 39],,,dotyali:311:bajhang:1
dotyali_doti,,pəkʰɑljo,wash,,pəkʰɑljo,,eichentopf-tupper2019dotyali[p. 39],,,dotyali:312:doti:1
dotyali_baitadi,,dʰojo,wash,,dʰojo,,eichentopf-tupper2019dotyali[p. 39],,,dotyali:312:baitadi:1
dotyali_darchula,,dʰojo,wash,,dʰojo,,eichentopf-tupper2019dotyali[p. 39],,,dotyali:312:darchula:1
dotyali_bajhang,,dʰojo,wash,,dʰojo,,eichentopf-tupper2019dotyali[p. 39],,,dotyali:312:bajhang:1
dotyali_doti,,dʒən pəkʰɑlə,don’t wash,,dʒən pəkʰɑlə,,eichentopf-tupper2019dotyali[p. 39],,,dotyali:313:doti:1
dotyali_baitadi,,dʒin dʰoe,don’t wash,,dʒin dʰoe,,eichentopf-tupper2019dotyali[p. 39],,,dotyali:313:baitadi:1
dotyali_darchula,,dʒən dʰoⁱ,don’t wash,,dʒən dʰoⁱ,,eichentopf-tupper2019dotyali[p. 39],,,dotyali:313:darchula:1
dotyali_bajhang,,dʒən dʰo,don’t wash,,dʒən dʰo,,eichentopf-tupper2019dotyali[p. 39],,,dotyali:313:bajhang:1
dotyali_doti,,mero,my,,mero,,eichentopf-tupper2019dotyali[p. 39],,,dotyali:314:doti:1
dotyali_baitadi,,mero,my,,mero,,eichentopf-tupper2019dotyali[p. 39],,,dotyali:314:baitadi:1
dotyali_darchula,,mero,my,,mero,,eichentopf-tupper2019dotyali[p. 39],,,dotyali:314:darchula:1
dotyali_bajhang,,mero,my,,mero,,eichentopf-tupper2019dotyali[p. 39],,,dotyali:314:bajhang:1
dotyali_doti,,həməro,our,,həməro,,eichentopf-tupper2019dotyali[p. 39],,,dotyali:315:doti:1
dotyali_baitadi,,həməro,our,,həməro,,eichentopf-tupper2019dotyali[p. 39],,,dotyali:315:baitadi:1
dotyali_darchula,,həməro,our,,həməro,,eichentopf-tupper2019dotyali[p. 39],,,dotyali:315:darchula:1
dotyali_bajhang,,həᵘ̃ŋro,our,,həᵘ̃ŋro,,eichentopf-tupper2019dotyali[p. 39],,,dotyali:315:bajhang:1
dotyali_doti,,təməro,your (singular),,təməro,,eichentopf-tupper2019dotyali[p. 39],,,dotyali:316:doti:1
dotyali_baitadi,,təməro,your (singular),,təməro,,eichentopf-tupper2019dotyali[p. 39],,,dotyali:316:baitadi:1
dotyali_darchula,,təməro,your (singular),,təməro,,eichentopf-tupper2019dotyali[p. 39],,,dotyali:316:darchula:1
dotyali_bajhang,,təᵘ̃ro,your (singular),,təᵘ̃ro,,eichentopf-tupper2019dotyali[p. 39],,,dotyali:316:bajhang:1
dotyali_baitadi,,təməro,your (plural),,təməro,Source: same as item 316,eichentopf-tupper2019dotyali[p. 39],,,dotyali:317:baitadi:1
dotyali_darchula,,təmərõnko,your (plural),,təmərõnko,,eichentopf-tupper2019dotyali[p. 39],,,dotyali:317:darchula:1
dotyali_bajhang,,təᵘ̃musəbuⁱko,your (plural),,təᵘ̃musəbuⁱko,,eichentopf-tupper2019dotyali[p. 39],,,dotyali:317:bajhang:1
dotyali_doti,,unəro,his (singular),,unəro,,eichentopf-tupper2019dotyali[p. 39],,,dotyali:318:doti:1
dotyali_baitadi,,unəro,his (singular),,unəro,,eichentopf-tupper2019dotyali[p. 39],,,dotyali:318:baitadi:1
dotyali_darchula,,unəro,his (singular),,unəro,,eichentopf-tupper2019dotyali[p. 39],,,dotyali:318:darchula:1
dotyali_bajhang,,təᵘ̃nuko,his (singular),,təᵘ̃nuko,,eichentopf-tupper2019dotyali[p. 39],,,dotyali:318:bajhang:1
dotyali_darchula,,unərõnko,their (plural),,unərõnko,,eichentopf-tupper2019dotyali[p. 39],,,dotyali:319:darchula:1
dotyali_bajhang,,unuko,their (plural),,unuko,,eichentopf-tupper2019dotyali[p. 39],,,dotyali:319:bajhang:1
dotyali_doti,,mə̃,I,,mə̃,,eichentopf-tupper2019dotyali[p. 40],,,dotyali:320:doti:1
dotyali_baitadi,,mũ,I,,mũ,,eichentopf-tupper2019dotyali[p. 40],,,dotyali:320:baitadi:1
dotyali_darchula,,mui,I,,mui,,eichentopf-tupper2019dotyali[p. 40],,,dotyali:320:darchula:1
dotyali_bajhang,,mũ,I,,mũ,,eichentopf-tupper2019dotyali[p. 40],,,dotyali:320:bajhang:1
dotyali_doti,,təm,you (singular),,təm,,eichentopf-tupper2019dotyali[p. 40],,,dotyali:321:doti:1
dotyali_baitadi,,təm,you (singular),,təm,,eichentopf-tupper2019dotyali[p. 40],,,dotyali:321:baitadi:1
dotyali_darchula,,təm,you (singular),,təm,,eichentopf-tupper2019dotyali[p. 40],,,dotyali:321:darchula:1
dotyali_bajhang,,təᵘ̃mu,you (singular),,təᵘ̃mu,,eichentopf-tupper2019dotyali[p. 40],,,dotyali:321:bajhang:1
dotyali_doti,,un,he/she,,un,,eichentopf-tupper2019dotyali[p. 40],,,dotyali:322:doti:1
dotyali_baitadi,,un,he/she,,un,,eichentopf-tupper2019dotyali[p. 40],,,dotyali:322:baitadi:1
dotyali_darchula,,un,he/she,,un,,eichentopf-tupper2019dotyali[p. 40],,,dotyali:322:darchula:1
dotyali_bajhang,,tĩ,he/she,,tĩ,,eichentopf-tupper2019dotyali[p. 40],,,dotyali:322:bajhang:1
dotyali_bajhang,,uwɑ,he/she,,uwɑ,,eichentopf-tupper2019dotyali[p. 40],,,dotyali:322:bajhang:2
dotyali_doti,,həm,we,,həm,,eichentopf-tupper2019dotyali[p. 40],,,dotyali:323:doti:1
dotyali_baitadi,,həm,we,,həm,,eichentopf-tupper2019dotyali[p. 40],,,dotyali:323:baitadi:1
dotyali_darchula,,həmun,we,,həmun,,eichentopf-tupper2019dotyali[p. 40],,,dotyali:323:darchula:1
dotyali_bajhang,,həmẽ,we,,həmẽ,,eichentopf-tupper2019dotyali[p. 40],,,dotyali:323:bajhang:1
dotyali_doti,,təmihəru,you (plural),,təmihəru,,eichentopf-tupper2019dotyali[p. 40],,,dotyali:324:doti:1
dotyali_darchula,,təmun,you (plural),,təmun,,eichentopf-tupper2019dotyali[p. 40],,,dotyali:324:darchula:1
dotyali_bajhang,,təmihəru,you (plural),,təmihəru,,eichentopf-tupper2019dotyali[p. 40],,,dotyali:324:bajhang:1
dotyali_darchula,,unun,they,,unun,,eichentopf-tupper2019dotyali[p. 40],,,dotyali:325:darchula:1
dotyali_bajhang,,ũwɑ̃hɑru,they,,ũwɑ̃hɑru,,eichentopf-tupper2019dotyali[p. 40],,,dotyali:325:bajhang:1
