Sh,,-a,interrogative particle: perhaps?,,,etwa? [Gramm. 5.8.1],"degener-shina2008[p. 243, glossary entry 1]",,,degener-shina2008:p243:e01,,,,part interr dialect:Sh:gil:Gilgit
Sh,,-a,interrogative particle: ... or ...?,,,... oder ...?,"degener-shina2008[p. 243, glossary entry 2]",,,degener-shina2008:p243:e02,,,,part interr dialect:Sh:gil:Gilgit
Sh,,abáak,"wordless, mute",,,"wortlos, stumm","degener-shina2008[p. 243, glossary entry 3]",,,degener-shina2008:p243:e03,,,,adj m f dialect:Sh:gil:Gilgit
Sh,,abáš,"difficulty, distress",,,"Schwierigkeit, Not","degener-shina2008[p. 243, glossary entry 4]",,"[= Bur., Berger 1966, 81; Ikoh ʌbʌ̀s needless, bad]",degener-shina2008:p243:e04,,,,f dialect:Sh:gil:Gilgit
Sh,,abaáto,"sluggish, lazy",,,"träge, faul","degener-shina2008[p. 243, glossary entry 5]",,[Bur. abádo],degener-shina2008:p243:e05,,,,adj m dialect:Sh:gil:Gilgit
Sh,,aboóm,"the wrong way around, wrong",,,"verkehrtherum, falsch","degener-shina2008[p. 243, glossary entry 6]",,,degener-shina2008:p243:e06,,,,adj m f dialect:Sh:gil:Gilgit
Sh,227,ač-,"enter, go in, penetrate",,,"eintreten, hineingehen, eindringen","degener-shina2008[p. 243, glossary entry 7]",,Degener directly assigns this headword to Turner/CDIAL 227. [T. 227],degener-shina2008:p243:e07,,,,intr dialect:Sh:gil:Gilgit
Sh,47,ac̣héemo,"evil, malicious",,,"böse, böswillig","degener-shina2008[p. 243, glossary entry 8]",,"Degener directly assigns this headword to Turner/CDIAL 47. [= Bur., Berger 1966, 82, T. 47]",degener-shina2008:p243:e08,,,,adj m dialect:Sh:gil:Gilgit
Sh,,ac̣hii,eye,,,Auge,"degener-shina2008[p. 243, glossary entry 9]",,"[T. 43. Ikoh ayc̣^i, Atlas 98-99]",degener-shina2008:p243:e09,,,,f dialect:Sh:gil:Gilgit
Sh,7701,ac̣hi-páṭi,eyelid,,,Augenlid,"degener-shina2008[p. 243, glossary entry 10]",,Degener directly assigns this headword to Turner/CDIAL 7701. [T. 7701],degener-shina2008:p243:e10,,,,f dialect:Sh:gil:Gilgit
Sh,48,ac̣hóoi,"walnut, walnut tree",,,"Walnuss, Walnussbaum","degener-shina2008[p. 243, glossary entry 11]",,"Degener directly assigns this headword to Turner/CDIAL 48. [T. 48, Atlas 95]",degener-shina2008:p243:e11,,,,dialect:Sh:gil:Gilgit
Sh,,adáp,"politeness, education, manners",,,"Höflichkeit, Bildung, Umgangsformen. Vgl. bee-adap","degener-shina2008[p. 243, glossary entry 12]",,[← Ar.-Ur. adab],degener-shina2008:p243:e12,,,,loanword dialect:Sh:gil:Gilgit
Sh,,adáapi,(a girl) who was not given a dowry (dáap),,,"(ein Mädchen), dem keine Mitgift (dáap) gegeben wurde","degener-shina2008[p. 243, glossary entry 13]",,,degener-shina2008:p243:e13,,,,adj f dialect:Sh:gil:Gilgit
Sh,,aadát,habit,,,Gewohnheit,"degener-shina2008[p. 243, glossary entry 14]",,[← Ar.-Pers. ʿaadat],degener-shina2008:p243:e14,,,,f loanword dialect:Sh:gil:Gilgit
Sh,,adée,"so, in such a way",,,"so, solchermaßen","degener-shina2008[p. 243, glossary entry 15]",,,degener-shina2008:p243:e15,,,,adv dialect:Sh:gil:Gilgit
Sh,,agáar,fire,,,printed as a cross-reference: s. hagáar.,"degener-shina2008[p. 243, glossary entry 16]",,,degener-shina2008:p243:e16,degener-shina2008:p267:e18,,,dialect:Sh:gil:Gilgit
Sh,,agaṭyar-,slander,,,verleumden,"degener-shina2008[p. 243, glossary entry 17]",,[vgl. agaṭ(y)- verleumden],degener-shina2008:p243:e17,,,,dialect:Sh:gil:Gilgit
Sh,,agúi,"finger, toe",,,printed as a cross-reference: s. hagúi.,"degener-shina2008[p. 243, glossary entry 18]",,,degener-shina2008:p243:e18,degener-shina2008:p267:e19,,,dialect:Sh:gil:Gilgit
Sh,,agúro,heavy,,,printed as a cross-reference: s. hagúro.,"degener-shina2008[p. 243, glossary entry 19]",,,degener-shina2008:p243:e19,degener-shina2008:p267:e20,,,dialect:Sh:gil:Gilgit
Sh,,ai,goat,,,Ziege,"degener-shina2008[p. 243, glossary entry 20]",,"[T. 145, 887]",degener-shina2008:p243:e20,,,,f dialect:Sh:gil:Gilgit
Sh,1533,áa~i,mouth,,,Mund,"degener-shina2008[p. 243, glossary entry 21]",,"Degener directly assigns this headword to Turner/CDIAL 1533. [T. 1533, Atlas 23, Ikoh ʌy~]",degener-shina2008:p243:e21,,,,f dialect:Sh:gil:Gilgit
Sh,,aáil,there,,,printed as a cross-reference: s. aál.,"degener-shina2008[p. 243, glossary entry 22]",,,degener-shina2008:p243:e22,degener-shina2008:p244:e13,,,dialect:Sh:gil:Gilgit
Sh,274,aǰí,"above, upwards",,,"oben, nach oben. 195, 239, 317, 370, 407, 584, 588.4, 622, 630, 680, 681, 682, 761, 766.1, 776. Dat-s aǰíṭ hinauf 351","degener-shina2008[p. 243, glossary entry 23]",,Degener directly assigns this headword to Turner/CDIAL 274. [T. 274],degener-shina2008:p243:e23,,,,adv dialect:Sh:gil:Gilgit
Sh,1351,aáǰi,mother,,,Mutter,"degener-shina2008[p. 244, glossary entry 1]",,Degener directly assigns this headword to Turner/CDIAL 1351. [T. 1351],degener-shina2008:p244:e01,,,,f dialect:Sh:gil:Gilgit
Sh,,aǰiíno,"located above; following (year, day)",,,"oben befindlich; folgend (Jahr, Tag)","degener-shina2008[p. 244, glossary entry 2]",,,degener-shina2008:p244:e02,,,,adj m dialect:Sh:gil:Gilgit
Sh,,aǰinóo,from above,,,von oben,"degener-shina2008[p. 244, glossary entry 3]",,,degener-shina2008:p244:e03,,,,adv dialect:Sh:gil:Gilgit
Sh,,aǰóono,"foreign, stranger",,,"fremd, Fremder","degener-shina2008[p. 244, glossary entry 4]",,"[= Bur., s. Berger s. v.]",degener-shina2008:p244:e04,,,,adj m dialect:Sh:gil:Gilgit
Sh,,aǰú,this year,,,dieses Jahr,"degener-shina2008[p. 244, glossary entry 5]",,,degener-shina2008:p244:e05,,,,adv dialect:Sh:gil:Gilgit
Sh,,akéṣ,stupid,,,dumm,"degener-shina2008[p. 244, glossary entry 6]",,"[vielleicht zu Bur. akhéṣ seltsam, Gegensatz zu Shina sukéṣ / Bur. sukhéṣ wohlvertraut, Ikoh sukhīṣ intelligent, ʌkhḗṣ broken, terrible?]",degener-shina2008:p244:e06,,,,adj m f dialect:Sh:gil:Gilgit
Sh,,akí,"particle: just, precisely",,,"eben, gleich","degener-shina2008[p. 244, glossary entry 7]",,[= akí selbst; Gramm. 5.8.2],degener-shina2008:p244:e07,,,,part dialect:Sh:gil:Gilgit
Sh,,akí,"self, oneself",,,selbst [Gramm. 2.4.2],"degener-shina2008[p. 244, glossary entry 8]",,,degener-shina2008:p244:e08,,,,dialect:Sh:gil:Gilgit
Sh,,akíi,"self, oneself",,,selbst [Gramm. 2.4.2],"degener-shina2008[p. 244, glossary entry 8]",,,degener-shina2008:p244:e08:v2,degener-shina2008:p244:e08,,,alternate dialect:Sh:gil:Gilgit
Sh,,akhán,if,,,conj. falls,"degener-shina2008[p. 244, glossary entry 9]",,"[Bailey akhanaá, Bur. aqhanaá; Gramm. 5.2.4]",degener-shina2008:p244:e09,,,,dialect:Sh:gil:Gilgit
Sh,,akhanaá,(with ... to ga) although,,,... to ga obwohl,"degener-shina2008[p. 244, glossary entry 10]",,[vgl. akhán],degener-shina2008:p244:e10,,,,dialect:Sh:gil:Gilgit
Sh,,akhár,blacksmith,,,Schmied,"degener-shina2008[p. 244, glossary entry 11]",,"[Ikoh ʌkhā́r, < ayaskāra-]",degener-shina2008:p244:e11,,,,m dialect:Sh:gil:Gilgit
Sh,,akhón,(Shiite) cleric,,,(schiitischer) Geistlicher,"degener-shina2008[p. 244, glossary entry 12]",,[← Pers.-Ur. aaxun],degener-shina2008:p244:e12,,,,m loanword dialect:Sh:gil:Gilgit
Sh,,axón,(Shiite) cleric,,,(schiitischer) Geistlicher,"degener-shina2008[p. 244, glossary entry 12]",,[← Pers.-Ur. aaxun],degener-shina2008:p244:e12:v2,degener-shina2008:p244:e12,,,m loanword alternate dialect:Sh:gil:Gilgit
Sh,,aál,there,,,dort,"degener-shina2008[p. 244, glossary entry 13]",,[Bailey āli],degener-shina2008:p244:e13,,,,adv dialect:Sh:gil:Gilgit
Sh,1288,áal-,come (only perfect stem),,,kommen (nur Perfektstamm),"degener-shina2008[p. 244, glossary entry 14]",,Degener directly assigns this headword to Turner/CDIAL 1288. [T. 1288],degener-shina2008:p244:e14,,,,dialect:Sh:gil:Gilgit
Sh,,aalím,"scholar, Islamic legal scholar",,,"Gelehrter, islamischer Rechtsgelehrter","degener-shina2008[p. 244, glossary entry 15]",,[← Ar.-Ur. ʿaalim],degener-shina2008:p244:e15,,,,m loanword dialect:Sh:gil:Gilgit
Sh,,áali-nagáali,here and there,,,hier und dort,"degener-shina2008[p. 244, glossary entry 16]",,,degener-shina2008:p244:e16,,,,adv dialect:Sh:gil:Gilgit
Sh,,aalú-phunár,potato blossom,,,Kartoffelblüte,"degener-shina2008[p. 244, glossary entry 17]",,[Urdu aaluu + phunár],degener-shina2008:p244:e17,,,,f dialect:Sh:gil:Gilgit
Sh,,aály,there,,,printed as a cross-reference: s. aál.,"degener-shina2008[p. 244, glossary entry 18]",,,degener-shina2008:p244:e18,degener-shina2008:p244:e13,,,dialect:Sh:gil:Gilgit
Sh,,amagác̣,"larger leather bag, leather sack",,,"größere Ledertasche, lederner Sack","degener-shina2008[p. 244, glossary entry 19]",,,degener-shina2008:p244:e19,,,,f dialect:Sh:gil:Gilgit
Sh,,amíir,rich man,,,Reicher,"degener-shina2008[p. 244, glossary entry 20]",,[← Ar.-Ur. amiir],degener-shina2008:p244:e20,,,,m loanword dialect:Sh:gil:Gilgit
Sh,1265,amuš-,forget,,,vergessen,"degener-shina2008[p. 244, glossary entry 21]",,Degener directly assigns this headword to Turner/CDIAL 1265. [T. 1265],degener-shina2008:p244:e21,,,,intr dialect:Sh:gil:Gilgit
Sh,,áno,millet,,,Hirse,"degener-shina2008[p. 244, glossary entry 22]",,[T. 192?],degener-shina2008:p244:e22,,,,m dialect:Sh:gil:Gilgit
Sh,283,anú,this,,,dieser,"degener-shina2008[p. 244, glossary entry 23]",,Degener directly assigns this headword to Turner/CDIAL 283. [T. 283],degener-shina2008:p244:e23,,,,demonstrative pron m dialect:Sh:gil:Gilgit
Sh,,aáŋ th-,cry out (of a donkey),,,schreien (Esel),"degener-shina2008[p. 245, glossary entry 1]",,,degener-shina2008:p245:e01,,,,dialect:Sh:gil:Gilgit
Sh,722,aápo,"little, slight",,,"wenig, geringfügig","degener-shina2008[p. 245, glossary entry 2]",,Degener directly assigns this headword to Turner/CDIAL 722. [T. 722],degener-shina2008:p245:e02,,,,adj m dialect:Sh:gil:Gilgit
Sh,,aql,"intellect, understanding",,,Verstand,"degener-shina2008[p. 245, glossary entry 3]",,[← Ar.-Ur. ʿaql],degener-shina2008:p245:e03,,,,loanword dialect:Sh:gil:Gilgit
Sh,,ariíno,"inner, own",,,"inner, eigen","degener-shina2008[p. 245, glossary entry 4]",,,degener-shina2008:p245:e04,,,,adj m dialect:Sh:gil:Gilgit
Sh,,áro,"awl, leather needle",,,"Ahle, Ledernadel","degener-shina2008[p. 245, glossary entry 5]",,,degener-shina2008:p245:e05,,,,dialect:Sh:gil:Gilgit
Sh,,arr,"fear, terror; frightful, dangerous, tense",,,"Furcht, Schrecken; adj./ adv. fürchterlich, gefährlich, gespannt","degener-shina2008[p. 245, glossary entry 6]",,"[Bur. ar -mán- sich fürchten, ar ~-t- in Furcht versetzen]",degener-shina2008:p245:e06,,,,dialect:Sh:gil:Gilgit
Sh,,arú,inside,,,innen. Vgl. darú,"degener-shina2008[p. 245, glossary entry 7]",,,degener-shina2008:p245:e07,,,,adv dialect:Sh:gil:Gilgit
Sh,,arunóo,from inside,,,von innen,"degener-shina2008[p. 245, glossary entry 8]",,,degener-shina2008:p245:e08,,,,adv dialect:Sh:gil:Gilgit
Sh,977,as-,be,,,sein,"degener-shina2008[p. 245, glossary entry 10]",,Degener directly assigns this headword to Turner/CDIAL 977.3. The printed sub-number 977.3 is linked to its CDIAL parent entry 977. [T. 977.3],degener-shina2008:p245:e10,,,,intr dialect:Sh:gil:Gilgit
Sh,1473,asát,name of a month,,,Monatsname,"degener-shina2008[p. 245, glossary entry 11]",,Degener directly assigns this headword to Turner/CDIAL 1473. [T. 1473],degener-shina2008:p245:e11,,,,dialect:Sh:gil:Gilgit
Sh,,asár,"trace, effect",,,"Spur, Wirkung","degener-shina2008[p. 245, glossary entry 12]",,[← Ar.-Ur. as̱ar],degener-shina2008:p245:e12,,,,f loanword dialect:Sh:gil:Gilgit
Sh,,asmáan,"sky, heaven",,,Himmel,"degener-shina2008[p. 245, glossary entry 13]",,[← Pers.-Ur. aasmaan],degener-shina2008:p245:e13,,,,loanword dialect:Sh:gil:Gilgit
Sh,,astakáal,old man,,,"Greis, Alter","degener-shina2008[p. 245, glossary entry 14]",,[Bur. astaqáal],degener-shina2008:p245:e14,,,,m dialect:Sh:gil:Gilgit
Sh,,astóom,justice; legal case,,,Gerechtigkeit; Rechtsfall,"degener-shina2008[p. 245, glossary entry 15]",,[Bur. astám gerichtliche Entscheidung; Prozess. T. 1517],degener-shina2008:p245:e15,,,,f dialect:Sh:gil:Gilgit
Sh,,Astóor,place name,,,Astor,"degener-shina2008[p. 245, glossary entry 16]",,,degener-shina2008:p245:e16,,,,proper-noun dialect:Sh:gil:Gilgit
Sh,242,aš,today,,,heute,"degener-shina2008[p. 245, glossary entry 17]",,"Degener directly assigns this headword to Turner/CDIAL 242. [T. 242, Atlas 16]",degener-shina2008:p245:e17,,,,adv dialect:Sh:gil:Gilgit
Sh,905,ašaáto,weak,,,schwach,"degener-shina2008[p. 245, glossary entry 18]",,"Degener directly assigns this headword to Turner/CDIAL 905. [T. 905, = Bur.]",degener-shina2008:p245:e18,,,,adj m dialect:Sh:gil:Gilgit
Sh,,áši,be,,,printed as a cross-reference: s. as-.,"degener-shina2008[p. 245, glossary entry 19]",,,degener-shina2008:p245:e19,degener-shina2008:p245:e10,,,dialect:Sh:gil:Gilgit
Sh,,ašíl,be,,,printed as a cross-reference: s. as-.,"degener-shina2008[p. 245, glossary entry 19]",,,degener-shina2008:p245:e19:v2,degener-shina2008:p245:e10,,,dialect:Sh:gil:Gilgit
Sh,,ašiŋáayo,suddenly,,,plötzlich,"degener-shina2008[p. 245, glossary entry 20]",,[Bur. aśaṅaáyo],degener-shina2008:p245:e20,,,,adv dialect:Sh:gil:Gilgit
Sh,920,á~špo,horse,,,Pferd,"degener-shina2008[p. 245, glossary entry 21]",,"Degener directly assigns this headword to Turner/CDIAL 920. [T. 920, Atlas 31]",degener-shina2008:p245:e21,,,,m dialect:Sh:gil:Gilgit
Sh,,aštóon,"groom, stable hand",,,Pferdeknecht,"degener-shina2008[p. 246, glossary entry 1]",,[Bur. aśtán],degener-shina2008:p246:e01,,,,m dialect:Sh:gil:Gilgit
Sh,919,aá~ṣo,tear,,,Träne,"degener-shina2008[p. 246, glossary entry 2]",,Degener directly assigns this headword to Turner/CDIAL 919. [T. 919],degener-shina2008:p246:e02,,,,m dialect:Sh:gil:Gilgit
Sh,,atúulo,weak,,,schwach,"degener-shina2008[p. 246, glossary entry 3]",,[Bur. =],degener-shina2008:p246:e03,,,,adj m dialect:Sh:gil:Gilgit
Sh,178,aṭ-,bring,,,bringen,"degener-shina2008[p. 246, glossary entry 4]",,Degener directly assigns this headword to Turner/CDIAL 178. [T. 178],degener-shina2008:p246:e04,,,,dialect:Sh:gil:Gilgit
Sh,1338,áa~ṭe,flour,,,(nur pl.). Mehl,"degener-shina2008[p. 246, glossary entry 5]",,"Degener directly assigns this headword to Turner/CDIAL 1338. [T. 1338, Atlas 53]",degener-shina2008:p246:e05,,,,m dialect:Sh:gil:Gilgit
Sh,958,á~ṭi,bone,,,Knochen,"degener-shina2008[p. 246, glossary entry 6]",,"Degener directly assigns this headword to Turner/CDIAL 958. [T. 958, Atlas 107]",degener-shina2008:p246:e06,,,,f dialect:Sh:gil:Gilgit
Sh,,áa~u báṛo,loudmouth; braggart,,,"Großmaul, Angeber","degener-shina2008[p. 246, glossary entry 7]",,"[áa~u = großer Mund, zu áa~i]",degener-shina2008:p246:e07,,,,m dialect:Sh:gil:Gilgit
Sh,,auláad,"offspring, children",,,"Nachkommenschaft, Kinder","degener-shina2008[p. 246, glossary entry 8]",,[← Ar.-Ur.],degener-shina2008:p246:e08,,,,f loanword dialect:Sh:gil:Gilgit
Sh,,awaáǰ-,be necessary,,,nötig sein (+ Inf.: nötig sein zu ....; + Dat.: für etwas/ jmdn..),"degener-shina2008[p. 246, glossary entry 9]",,[T. 1197 oder 1221. → Bur. awaáji nötig],degener-shina2008:p246:e09,,,,intr dialect:Sh:gil:Gilgit
Sh,,awoó,"unit of weight for measuring grain, equal to 2 ser (ca. 2 kilos)",,,"Gewichtseinheit zum Messen von Getreide, entspricht 2 ser (ca. 2 Kilo)","degener-shina2008[p. 246, glossary entry 10]",,,degener-shina2008:p246:e10,,,,dialect:Sh:gil:Gilgit
Sh,1611,ayóo,"such, such a",,,"solch, solch ein","degener-shina2008[p. 246, glossary entry 11]",,Degener directly assigns this headword to Turner/CDIAL 1611. [T. 1611],degener-shina2008:p246:e11,,,,adj m dialect:Sh:gil:Gilgit
Sh,,azmát,greatness,,,Größe,"degener-shina2008[p. 246, glossary entry 12]",,[← Ar.-Ur. ʿaẓmat],degener-shina2008:p246:e12,,,,loanword dialect:Sh:gil:Gilgit
Sh,,áẓo,"rain, moisture; cloud",,,"Regen, Feuchtes; Wolke. Vgl. uwáalo-áẓo","degener-shina2008[p. 246, glossary entry 13]",,"[T. 549 oder 1340? Ikoh ʌẓ rain, aẓ wet, Atlas 96]",degener-shina2008:p246:e13,,,,m dialect:Sh:gil:Gilgit
Sh,,b-,become,,,werden,"degener-shina2008[p. 246, glossary entry 14]",,"[T. 9416, 9552. Gramm. 5.7.2]",degener-shina2008:p246:e14,,,,intr dialect:Sh:gil:Gilgit
Sh,11480,báa,"stable for small livestock, pen, fold",,,"Viehstall für Kleintiere, Pferch, Hürde","degener-shina2008[p. 247, glossary entry 1]",,Degener directly assigns this headword to Turner/CDIAL 11480. [T. 11480],degener-shina2008:p247:e01,,,,m dialect:Sh:gil:Gilgit
Sh,,babalá,"above, over the ground",,,"oben, über dem Boden","degener-shina2008[p. 247, glossary entry 2]",,"[Bur. babalá schwebend, in Eile]",degener-shina2008:p247:e02,,,,adv dialect:Sh:gil:Gilgit
Sh,9209,baábo,father (also as polite form of address),,,Vater (auch als höfliche Anrede),"degener-shina2008[p. 247, glossary entry 3]",,Degener directly assigns this headword to Turner/CDIAL 9209. [T. 9209],degener-shina2008:p247:e03,,,,m dialect:Sh:gil:Gilgit
Sh,11241,bačhár,calf (older than bačhóo),,,Kalb (älter als bačhóo),"degener-shina2008[p. 247, glossary entry 4]",,Degener directly assigns this headword to Turner/CDIAL 11241. [T. 11241],degener-shina2008:p247:e04,,,,m dialect:Sh:gil:Gilgit
Sh,11239,bačhóo,calf,,,Kalb,"degener-shina2008[p. 247, glossary entry 5]",,Degener directly assigns this headword to Turner/CDIAL 11239. [T. 11239],degener-shina2008:p247:e05,,,,m dialect:Sh:gil:Gilgit
Sh,,bač,thunderclap,,,Donnerschlag,"degener-shina2008[p. 247, glossary entry 6]",,[T. 11204 zweifelhaft],degener-shina2008:p247:e06,,,,m dialect:Sh:gil:Gilgit
Sh,,baačháa,king,,,König,"degener-shina2008[p. 247, glossary entry 7]",,[← Pers.-Ur. baadšaah],degener-shina2008:p247:e07,,,,m loanword dialect:Sh:gil:Gilgit
Sh,,baačhaíi,"kingship, royal rule",,,"Königtum, Königsherrschaft","degener-shina2008[p. 247, glossary entry 8]",,,degener-shina2008:p247:e08,,,,f dialect:Sh:gil:Gilgit
Sh,,bac̣ík,"give credence to something, believe",,,"etwas Glauben schenken, glauben","degener-shina2008[p. 247, glossary entry 9]",,[Bur. bac̣ík Glaube],degener-shina2008:p247:e09,,,,dialect:Sh:gil:Gilgit
Sh,,aṭ-,"give credence to something, believe",,,"etwas Glauben schenken, glauben","degener-shina2008[p. 247, glossary entry 9]",,[Bur. bac̣ík Glaube],degener-shina2008:p247:e09:v2,degener-shina2008:p247:e09,,,alternate dialect:Sh:gil:Gilgit
Sh,,badaxšáan,place name,,,Badakhshan,"degener-shina2008[p. 247, glossary entry 10]",,,degener-shina2008:p247:e10,,,,proper-noun dialect:Sh:gil:Gilgit
Sh,,badéi,"misfortune, badness; captivity",,,"Unglück, Schlechtigkeit.; Gefangenschaft","degener-shina2008[p. 247, glossary entry 11]",,[← Pers.-Ur. badii?] [T. 9126 + -i?],degener-shina2008:p247:e11,,,,loanword dialect:Sh:gil:Gilgit
Sh,,baadíi,"wind sickness, disorder caused by ""wind"" (e.g. rheumatism, flatulence, etc.)",,,"Windkrankheit, durch ""Wind"" verursachte Störung (z. B. Rheumatismus, Flatulenz u. a.)","degener-shina2008[p. 247, glossary entry 12]",,[← Pers.-Ur.],degener-shina2008:p247:e12,,,,f loanword dialect:Sh:gil:Gilgit
Sh,9126,bádo,"prisoner, slave; exile",,,"Gefangener, Sklave; Verbannter","degener-shina2008[p. 247, glossary entry 13]",,"Degener directly assigns this headword to Turner/CDIAL 9126. [T. 9126, = Bur.]",degener-shina2008:p247:e13,,,,m dialect:Sh:gil:Gilgit
Sh,,baadšáa,king,,,printed as a cross-reference: s. baačháa.,"degener-shina2008[p. 247, glossary entry 14]",,,degener-shina2008:p247:e14,degener-shina2008:p247:e07,,,dialect:Sh:gil:Gilgit
Sh,,bafuúr,"silky little hairs, down",,,"seidene Härchen, Flaum","degener-shina2008[p. 247, glossary entry 15]",,"[Bur. bupúr Flaum, Daunen, feine Wolle]",degener-shina2008:p247:e15,,,,m dialect:Sh:gil:Gilgit
Sh,,bagáaro,distributor of food,,,Essensverteiler,"degener-shina2008[p. 247, glossary entry 16]",,"[Bur. bagaáro, vgl. Bur. bagareéś -t- verteilen]",degener-shina2008:p247:e16,,,,m dialect:Sh:gil:Gilgit
Sh,,Bagdúri,personal name,,,,"degener-shina2008[p. 247, glossary entry 17]",,,degener-shina2008:p247:e17,,,,proper-noun f dialect:Sh:gil:Gilgit
Sh,9435,báage th-,distribute,,,verteilen,"degener-shina2008[p. 247, glossary entry 18]",,"Degener directly assigns this headword to Turner/CDIAL 9435. [T. 9435, Shina/ Bur. báago Anteil]",degener-shina2008:p247:e18,,,,tr dialect:Sh:gil:Gilgit
Sh,,bahaná,pretext,,,Vorwand,"degener-shina2008[p. 247, glossary entry 19]",,[← Pers.-Ur. bahaana],degener-shina2008:p247:e19,,,,loanword dialect:Sh:gil:Gilgit
Sh,6658,báai,twelve,,,zwölf,"degener-shina2008[p. 247, glossary entry 20]",,"Degener directly assigns this headword to Turner/CDIAL 6658. [T. 6658, Atlas 43]",degener-shina2008:p247:e20,,,,num dialect:Sh:gil:Gilgit
Sh,9134,baǰ-,freeze,,,gefrieren,"degener-shina2008[p. 247, glossary entry 21]",,Degener directly assigns this headword to Turner/CDIAL 9134. [T. 9134],degener-shina2008:p247:e21,,,,intr dialect:Sh:gil:Gilgit
Sh,,báak d-,"talk, speak",,,reden,"degener-shina2008[p. 247, glossary entry 22]",,[T. 9117 oder 11468?],degener-shina2008:p247:e22,,,,intr dialect:Sh:gil:Gilgit
Sh,,báko,branch,,,Ast,"degener-shina2008[p. 247, glossary entry 23]",,[Ikoh bak^hu],degener-shina2008:p247:e23,,,,m dialect:Sh:gil:Gilgit
Sh,,bal b-,"hang on, cling to",,,(sich) hängen an,"degener-shina2008[p. 247, glossary entry 24]",,[Bur. bal],degener-shina2008:p247:e24,,,,intr dialect:Sh:gil:Gilgit
Sh,,bal th-,"hang up, suspend",,,"an-, aufhängen","degener-shina2008[p. 248, glossary entry 1]",,[Bur. bal ~-t- herunterhängen lassen],degener-shina2008:p248:e01,,,,tr dialect:Sh:gil:Gilgit
Sh,9216,baál,"child, boy",,,"Kind, Junge","degener-shina2008[p. 248, glossary entry 2]",,Degener directly assigns this headword to Turner/CDIAL 9216. [T. 9216],degener-shina2008:p248:e02,,,,m dialect:Sh:gil:Gilgit
Sh,,balaċ,bird,,,Vogel,"degener-shina2008[p. 248, glossary entry 3]",,[Bur. =] Cross-reference: s. briŋ-balaċi.,degener-shina2008:p248:e03,,,,dialect:Sh:gil:Gilgit
Sh,11625,baláaṭeṭ,"in the evening, in the late afternoon",,,"abends, spätnachmittags","degener-shina2008[p. 248, glossary entry 4]",,Degener directly assigns this headword to Turner/CDIAL 11625. [T. 11625],degener-shina2008:p248:e04,,,,adv dialect:Sh:gil:Gilgit
Sh,,baláa,"misfortune, evil",,,"Unglück, Übel. Vgl. ǰin-baláa","degener-shina2008[p. 248, glossary entry 5]",,[← Ar.-Ur.],degener-shina2008:p248:e05,,,,loanword dialect:Sh:gil:Gilgit
Sh,,balaái,"misfortune, evil",,,"Unglück, Übel","degener-shina2008[p. 248, glossary entry 6]",,[← Ar.-Ur.],degener-shina2008:p248:e06,,,,loanword dialect:Sh:gil:Gilgit
Sh,,balgán,sore (of a horse),,,wund (Pferd),"degener-shina2008[p. 248, glossary entry 7]",,[Bur. balġán],degener-shina2008:p248:e07,,,,adj m f dialect:Sh:gil:Gilgit
Sh,11572,báali,rope,,,Seil,"degener-shina2008[p. 248, glossary entry 8]",,Degener directly assigns this headword to Turner/CDIAL 11572. [T. 11572],degener-shina2008:p248:e08,,,,f dialect:Sh:gil:Gilgit
Sh,11572,báalo,hair,,,Haar,"degener-shina2008[p. 248, glossary entry 9]",,Degener directly assigns this headword to Turner/CDIAL 11572. [T. 11572],degener-shina2008:p248:e09,,,,m dialect:Sh:gil:Gilgit
Sh,,balóo,"leech, tick",,,"Blutegel, Holzbock","degener-shina2008[p. 248, glossary entry 10]",,,degener-shina2008:p248:e10,,,,m dialect:Sh:gil:Gilgit
Sh,11503,balúgun,tomato,,,Tomate,"degener-shina2008[p. 248, glossary entry 11]",,"Degener directly assigns this headword to Turner/CDIAL 11503.3. The printed sub-number 11503.3 is linked to its CDIAL parent entry 11503. [Bur. balógan, T. 11503.3]",degener-shina2008:p248:e11,,,,m dialect:Sh:gil:Gilgit
Sh,,bam d-,"howl, weep loudly",,,"heulen, laut weinen","degener-shina2008[p. 248, glossary entry 12]",,,degener-shina2008:p248:e12,,,,dialect:Sh:gil:Gilgit
Sh,,báam,mare,,,Stute,"degener-shina2008[p. 248, glossary entry 13]",,[Bur. báŷum],degener-shina2008:p248:e13,,,,f dialect:Sh:gil:Gilgit
Sh,9136,ban,joint,,,Gelenk,"degener-shina2008[p. 248, glossary entry 14]",,Degener directly assigns this headword to Turner/CDIAL 9136. [T. 9136],degener-shina2008:p248:e14,,,,m dialect:Sh:gil:Gilgit
Sh,9136,ban b-,"stop, cease; be closed (of the hand)",,,aufhören; geschlossen sein (Hand),"degener-shina2008[p. 248, glossary entry 15]",,"Degener directly assigns this headword to Turner/CDIAL 9136. [von ban Damm, T. 9136]",degener-shina2008:p248:e15,,,,dialect:Sh:gil:Gilgit
Sh,9139,ban-,put on (clothes),,,(Kleider) anziehen,"degener-shina2008[p. 248, glossary entry 16]",,Degener directly assigns this headword to Turner/CDIAL 9139. [T. 9139],degener-shina2008:p248:e16,,,,tr dialect:Sh:gil:Gilgit
Sh,11523,báan,cultivated field,,,bestelltes Feld,"degener-shina2008[p. 248, glossary entry 17]",,Degener directly assigns this headword to Turner/CDIAL 11523. [T. 11523],degener-shina2008:p248:e17,,,,m dialect:Sh:gil:Gilgit
Sh,11523,báan th-,"cultivate, till the field",,,"anbauen, das Feld bestellen","degener-shina2008[p. 248, glossary entry 18]",,Degener directly assigns this headword to Turner/CDIAL 11523. [T. 11523],degener-shina2008:p248:e18,,,,dialect:Sh:gil:Gilgit
Sh,,bandá,"servant, human being (as opposed to God)",,,"Diener, Mensch (im Gegensatz zu Gott)","degener-shina2008[p. 248, glossary entry 19]",,[← Pers.-Ur.],degener-shina2008:p248:e19,,,,m loanword dialect:Sh:gil:Gilgit
Sh,,baŋ d-,put (something small) on the palm of one's hand and toss it into one's mouth,,,sich (etwas Kleines) auf die Handfläche tun und in den Mund werfen,"degener-shina2008[p. 248, glossary entry 20]",,,degener-shina2008:p248:e20,,,,dialect:Sh:gil:Gilgit
Sh,,baáŋ d-,crow,,,krähen,"degener-shina2008[p. 248, glossary entry 21]",,"[← Pers.-Ur. baang Ruf, Aufruf (zum Aufbruch, Gebet), Hahnenschrei]",degener-shina2008:p248:e21,,,,loanword dialect:Sh:gil:Gilgit
Sh,9475,baáo,"implement, object, vessel",,,"Gerät, Gegenstand, Gefäß","degener-shina2008[p. 248, glossary entry 22]",,Degener directly assigns this headword to Turner/CDIAL 9475. [T. 9475],degener-shina2008:p248:e22,,,,m dialect:Sh:gil:Gilgit
Sh,,baphuúr,"silky little hairs, down",,,printed as a cross-reference: s. bafuúr.,"degener-shina2008[p. 248, glossary entry 23]",,,degener-shina2008:p248:e23,degener-shina2008:p247:e15,,,dialect:Sh:gil:Gilgit
Sh,,bar nikha-,surpass,,,(jmdn. + Abl) itr. übertreffen,"degener-shina2008[p. 248, glossary entry 24]",,,degener-shina2008:p248:e24,,,,dialect:Sh:gil:Gilgit
Sh,9459,baár,"load, burden",,,Last,"degener-shina2008[p. 248, glossary entry 25]",,Degener directly assigns this headword to Turner/CDIAL 9459. [T. 9459],degener-shina2008:p248:e25,,,,m dialect:Sh:gil:Gilgit
Sh,,baara d-,"cackle, crow",,,"gackern, krähen","degener-shina2008[p. 249, glossary entry 1]",,,degener-shina2008:p249:e01,,,,dialect:Sh:gil:Gilgit
Sh,,baraabár,equal,,,gleich,"degener-shina2008[p. 249, glossary entry 2]",,[← Pers.-Ur.],degener-shina2008:p249:e02,,,,adj m f loanword dialect:Sh:gil:Gilgit
Sh,,barádo,(!) pregnant,,,(!) schwanger,"degener-shina2008[p. 249, glossary entry 3]",,,degener-shina2008:p249:e03,,,,adj m dialect:Sh:gil:Gilgit
Sh,,barálas,lead animal (in threshing),,,Leittier (beim Dreschen),"degener-shina2008[p. 249, glossary entry 4]",,[= Bur.],degener-shina2008:p249:e04,,,,m dialect:Sh:gil:Gilgit
Sh,,baráali,"porter, carrier",,,Träger,"degener-shina2008[p. 249, glossary entry 5]",,[vgl. baár Last],degener-shina2008:p249:e05,,,,m dialect:Sh:gil:Gilgit
Sh,,baaráar,over,,,+ Obl: über,"degener-shina2008[p. 249, glossary entry 6]",,[Lehnübersetzung von Urdu ke baare me~?],degener-shina2008:p249:e06,,,,dialect:Sh:gil:Gilgit
Sh,,baraáo,buckwheat,,,Buchweizen,"degener-shina2008[p. 249, glossary entry 7]",,[= Bur.; vgl. Zoller s. v. Ikoh bʌrū´a kind of millet],degener-shina2008:p249:e07,,,,f dialect:Sh:gil:Gilgit
Sh,9467,baráo,husband,,,Ehemann,"degener-shina2008[p. 249, glossary entry 8]",,Degener directly assigns this headword to Turner/CDIAL 9467. [T. 9467],degener-shina2008:p249:e08,,,,m dialect:Sh:gil:Gilgit
Sh,11556,bári,pond,,,Teich,"degener-shina2008[p. 249, glossary entry 9]",,"Degener directly assigns this headword to Turner/CDIAL 11556. [Ikoh bhʌy ´r^i(?), Bur. phári, T. 11556]",degener-shina2008:p249:e09,,,,f uncertain dialect:Sh:gil:Gilgit
Sh,,bári,level field,,,ebenes Feld,"degener-shina2008[p. 249, glossary entry 10]",,[Bur. phári],degener-shina2008:p249:e10,,,,f dialect:Sh:gil:Gilgit
Sh,,barii,free (from ...),,,frei (von... + Abl),"degener-shina2008[p. 249, glossary entry 11]",,[← Ar.-Ur. barii],degener-shina2008:p249:e11,,,,loanword dialect:Sh:gil:Gilgit
Sh,11392,baríṣ,year,,,Jahr,"degener-shina2008[p. 249, glossary entry 12]",,Degener directly assigns this headword to Turner/CDIAL 11392. [T. 11392],degener-shina2008:p249:e12,,,,dialect:Sh:gil:Gilgit
Sh,,barkát,blessing,,,Segen,"degener-shina2008[p. 249, glossary entry 13]",,[← Ar.-Ur.],degener-shina2008:p249:e13,,,,f loanword dialect:Sh:gil:Gilgit
Sh,,baróno,ring,,,Ring,"degener-shina2008[p. 249, glossary entry 14]",,[Bur. buróndo],degener-shina2008:p249:e14,,,,dialect:Sh:gil:Gilgit
Sh,,baáruṣ,duck,,,m.f. Ente,"degener-shina2008[p. 249, glossary entry 15]",,[Bur. pháriṣ],degener-shina2008:p249:e15,,,,dialect:Sh:gil:Gilgit
Sh,,baṛ-,"finish, complete",,,"erledigen, vollenden","degener-shina2008[p. 249, glossary entry 16]",,,degener-shina2008:p249:e16,,,,tr dialect:Sh:gil:Gilgit
Sh,11376,baṛi-,grow,,,wachsen,"degener-shina2008[p. 249, glossary entry 17]",,Degener directly assigns this headword to Turner/CDIAL 11376. [T. 11376],degener-shina2008:p249:e17,,,,intr dialect:Sh:gil:Gilgit
Sh,,baṛiǰ-,"come to an end, be completed",,,"(pass. von baṛ-) zu Ende gehen, vollendet werden","degener-shina2008[p. 249, glossary entry 18]",,,degener-shina2008:p249:e18,,,,intr dialect:Sh:gil:Gilgit
Sh,11225,báṛo,big,,,groß. Vgl. áa~u báṛo,"degener-shina2008[p. 249, glossary entry 19]",,Degener directly assigns this headword to Turner/CDIAL 11225. [T. 11225],degener-shina2008:p249:e19,,,,adj m dialect:Sh:gil:Gilgit
Sh,,baṛyaár,size,,,Größe,"degener-shina2008[p. 249, glossary entry 20]",,,degener-shina2008:p249:e20,,,,f dialect:Sh:gil:Gilgit
Sh,11591,baás,"night's lodging, residence",,,"Nachtaufenthalt, Wohnsitz","degener-shina2008[p. 249, glossary entry 21]",,Degener directly assigns this headword to Turner/CDIAL 11591. [T. 11591],degener-shina2008:p249:e21,,,,f dialect:Sh:gil:Gilgit
Sh,,baski-,increase,,,zunehmen,"degener-shina2008[p. 249, glossary entry 22]",,[vgl. básko],degener-shina2008:p249:e22,,,,dialect:Sh:gil:Gilgit
Sh,,básko,"more, superabundant",,,"mehr, überreich","degener-shina2008[p. 249, glossary entry 23]",,[Bur. bask],degener-shina2008:p249:e23,,,,adj m dialect:Sh:gil:Gilgit
Sh,,baspúur,grain (horse feed),,,Körner (Pferdefutter),"degener-shina2008[p. 250, glossary entry 1]",,[Bur. baspúr Futtergetreide für Pferde],degener-shina2008:p250:e01,,,,m dialect:Sh:gil:Gilgit
Sh,11589,baš-,"sound, speak, play (an instrument)",,,"tönen, reden, (Instrument) spielen. Vgl. surnéi-báaš","degener-shina2008[p. 250, glossary entry 2]",,Degener directly assigns this headword to Turner/CDIAL 11589. [T. 11589],degener-shina2008:p250:e02,,,,intr tr dialect:Sh:gil:Gilgit
Sh,,baṣ,"about to ..., presumably ...",,,"nahe daran zu ..., voraussichtlich ... (+ Inf.)","degener-shina2008[p. 250, glossary entry 3]",,[Shina/ Bur. baṣ b- erscheinen],degener-shina2008:p250:e03,,,,dialect:Sh:gil:Gilgit
Sh,9479,báaṣ,"language, voice",,,"Sprache, Stimme","degener-shina2008[p. 250, glossary entry 4]",,Degener directly assigns this headword to Turner/CDIAL 9479. [T. 9479; Bur. =],degener-shina2008:p250:e04,,,,f dialect:Sh:gil:Gilgit
Sh,11188,baáṣ,lung,,,Lunge,"degener-shina2008[p. 250, glossary entry 5]",,Degener directly assigns this headword to Turner/CDIAL 11188. [T. 11188],degener-shina2008:p250:e05,,,,dialect:Sh:gil:Gilgit
Sh,12008,batháari,"bedding, sleeping place",,,"Bettstatt, Lager","degener-shina2008[p. 250, glossary entry 6]",,Degener directly assigns this headword to Turner/CDIAL 12008. [T. 12008],degener-shina2008:p250:e06,,,,f dialect:Sh:gil:Gilgit
Sh,,bathuŋári,hearthstone,,,Herdstein,"degener-shina2008[p. 250, glossary entry 7]",,,degener-shina2008:p250:e07,,,,f dialect:Sh:gil:Gilgit
Sh,11348,baṭ,stone,,,Stein,"degener-shina2008[p. 250, glossary entry 8]",,"Degener directly assigns this headword to Turner/CDIAL 11348. [T. 11348, Bur. bat, Atlas 114]",degener-shina2008:p250:e08,,,,m dialect:Sh:gil:Gilgit
Sh,12010,baṭ-káaṭo,stone and wood: material things; hardships of daily life,,,Stein und Holz: materielle Dinge; Härten des täglichen Lebens,"degener-shina2008[p. 250, glossary entry 9]",,Degener directly assigns this headword to Turner/CDIAL 12010. [T. 12010],degener-shina2008:p250:e09,,,,dialect:Sh:gil:Gilgit
Sh,,baaṭh-,"find room, fit",,,Platz finden,"degener-shina2008[p. 250, glossary entry 10]",,,degener-shina2008:p250:e10,,,,intr dialect:Sh:gil:Gilgit
Sh,,bayoó~š,falcon,,,Falke,"degener-shina2008[p. 250, glossary entry 11]",,,degener-shina2008:p250:e11,,,,f dialect:Sh:gil:Gilgit
Sh,,báaz,falcon,,,Falke,"degener-shina2008[p. 250, glossary entry 12]",,[← Pers.-Ur.],degener-shina2008:p250:e12,,,,loanword dialect:Sh:gil:Gilgit
Sh,,baazáar,bazaar,,,Basar,"degener-shina2008[p. 250, glossary entry 13]",,[← Pers.-Ur.],degener-shina2008:p250:e13,,,,f loanword dialect:Sh:gil:Gilgit
Sh,11439,bazoóno,spring,,,Frühling,"degener-shina2008[p. 250, glossary entry 14]",,"Degener directly assigns this headword to Turner/CDIAL 11439. [T. 11439, Atlas 120]",degener-shina2008:p250:e14,,,,m dialect:Sh:gil:Gilgit
Sh,11302,be,we,,,wir,"degener-shina2008[p. 250, glossary entry 15]",,Degener directly assigns this headword to Turner/CDIAL 11302. [T. 11302],degener-shina2008:p250:e15,,,,dialect:Sh:gil:Gilgit
Sh,,bee-adap,"uneducated, impolite",,,"ungebildet, unhöflich","degener-shina2008[p. 250, glossary entry 16]",,[← Pers.-Ur. be-adab],degener-shina2008:p250:e16,,,,adj m f loanword dialect:Sh:gil:Gilgit
Sh,,bee-barkatií,lack of blessing,,,Unsegen,"degener-shina2008[p. 250, glossary entry 17]",,"[wahrscheinlich nicht ← Ur., sondern Neubildung aus Pers.-Ur. be + Ar.-Ur. barkat „heillos“ + Abstraktsuffix -ii]",degener-shina2008:p250:e17,,,,f dialect:Sh:gil:Gilgit
Sh,,béec̣,"armor, coat of mail",,,"Panzer, Rüstung","degener-shina2008[p. 250, glossary entry 18]",,[Bur. belc̣],degener-shina2008:p250:e18,,,,f dialect:Sh:gil:Gilgit
Sh,,behéš,paradise,,,Paradies,"degener-shina2008[p. 250, glossary entry 19]",,[← Pers.-Ur. bihišt],degener-shina2008:p250:e19,,,,loanword dialect:Sh:gil:Gilgit
Sh,2245,beéi-,"sit, sit down, stay",,,"sitzen, sich setzen, bleiben","degener-shina2008[p. 250, glossary entry 20]",,"Degener directly assigns this headword to Turner/CDIAL 2245. [T. 2245, s. Buddruss 1996, 41]",degener-shina2008:p250:e20,,,,intr dialect:Sh:gil:Gilgit
Sh,,béel,offspring,,,Nachkommenschaft,"degener-shina2008[p. 251, glossary entry 1]",,"[Bur. bel Stammbaum, Geschlecht]",degener-shina2008:p251:e01,,,,m dialect:Sh:gil:Gilgit
Sh,12145,béeri,enemy,,,"Feind, Feindin","degener-shina2008[p. 251, glossary entry 2]",,Degener directly assigns this headword to Turner/CDIAL 12145. [T. 12145],degener-shina2008:p251:e02,,,,dialect:Sh:gil:Gilgit
Sh,12129,beéṣ,"flattering trick, coquetry",,,"Schmeicheltrick, Koketterie","degener-shina2008[p. 251, glossary entry 3]",,"Degener directly assigns this headword to Turner/CDIAL 12129. [Bur. beéṣ Tanzgesten, etc., T. 12129]",degener-shina2008:p251:e03,,,,f dialect:Sh:gil:Gilgit
Sh,,beyariǰ-,be made to sit down,,,"veranlasst werden, sich zu setzen (pass. vom Kaus. von beéi-)","degener-shina2008[p. 251, glossary entry 4]",,,degener-shina2008:p251:e04,,,,intr dialect:Sh:gil:Gilgit
Sh,,bé~ye,both,,,pl. beide,"degener-shina2008[p. 251, glossary entry 5]",,,degener-shina2008:p251:e05,,,,adj m f dialect:Sh:gil:Gilgit
Sh,12051,béeẓi,"clear sky, fine weather",,,"klarer Himmel, schönes Wetter","degener-shina2008[p. 251, glossary entry 6]",,"Degener directly assigns this headword to Turner/CDIAL 12051. [T. 12051, Atlas 34]",degener-shina2008:p251:e06,,,,f dialect:Sh:gil:Gilgit
Sh,,bii,seed,,,"Saat. 89, 656.1, 656.3","degener-shina2008[p. 251, glossary entry 7]",,,degener-shina2008:p251:e07,,,,dialect:Sh:gil:Gilgit
Sh,9484,bičh-,"request, ask for",,,"erbitten, bitten um","degener-shina2008[p. 251, glossary entry 8]",,Degener directly assigns this headword to Turner/CDIAL 9484. [T. 9484],degener-shina2008:p251:e08,,,,tr dialect:Sh:gil:Gilgit
Sh,,biǰ-,"be spilled, be spread out",,,printed as a cross-reference: s. biriǰ-.,"degener-shina2008[p. 251, glossary entry 9]",,,degener-shina2008:p251:e09,degener-shina2008:p251:e19,,,dialect:Sh:gil:Gilgit
Sh,9515,biǰ-,be afraid,,,"sich fürchten (vor + Dat, Abl)","degener-shina2008[p. 251, glossary entry 10]",,Degener directly assigns this headword to Turner/CDIAL 9515. [T. 9515],degener-shina2008:p251:e10,,,,intr dialect:Sh:gil:Gilgit
Sh,11906,bil-,"dip in, moisten, melt",,,"eintauchen, befeuchten, schmelzen","degener-shina2008[p. 251, glossary entry 11]",,Degener directly assigns this headword to Turner/CDIAL 11906. [T. 11906],degener-shina2008:p251:e11,,,,tr dialect:Sh:gil:Gilgit
Sh,,biléelo,darling,,,Liebling,"degener-shina2008[p. 251, glossary entry 12]",,[Bur. biléeli Braut],degener-shina2008:p251:e12,,,,m dialect:Sh:gil:Gilgit
Sh,11892,biléen,medicine,,,Arznei,"degener-shina2008[p. 251, glossary entry 13]",,Degener directly assigns this headword to Turner/CDIAL 11892. [T. 11892],degener-shina2008:p251:e13,,,,m dialect:Sh:gil:Gilgit
Sh,,biliǰ-,"become wet, be moistened; melt",,,"itr.(pass. von bil-). nass werden, befeuchtet werden; schmilzen","degener-shina2008[p. 251, glossary entry 14]",,,degener-shina2008:p251:e14,,,,dialect:Sh:gil:Gilgit
Sh,,bilkiiṣ,treasure,,,Schatz,"degener-shina2008[p. 251, glossary entry 15]",,[Bur. birkiṣ],degener-shina2008:p251:e15,,,,f dialect:Sh:gil:Gilgit
Sh,,birkiiṣ,treasure,,,Schatz,"degener-shina2008[p. 251, glossary entry 15]",,[Bur. birkiṣ],degener-shina2008:p251:e15:v2,degener-shina2008:p251:e15,,,f alternate dialect:Sh:gil:Gilgit
Sh,,biiphao,sowing; sowing festival,,,Aussaat; Saatfest,"degener-shina2008[p. 251, glossary entry 16]",,"[bii + -phao vgl. Bur. pháo ~-t- streuen, säen, Ikoh phʌ´v karʌ´v~]",degener-shina2008:p251:e16,,,,dialect:Sh:gil:Gilgit
Sh,,bir-,"spill, pour out",,,(ver)schütten,"degener-shina2008[p. 251, glossary entry 17]",,[T. 11874?],degener-shina2008:p251:e17,,,,tr dialect:Sh:gil:Gilgit
Sh,,birdí,earth,,,Erde. 776,"degener-shina2008[p. 251, glossary entry 18]",,[= Bur.],degener-shina2008:p251:e18,,,,f dialect:Sh:gil:Gilgit
Sh,,biriǰ-,"be spilled, be spread out",,,"(pass. von bir-). verschüttet werden, ausgebreitet werden. Auch (Allegroform?) biǰ-","degener-shina2008[p. 251, glossary entry 19]",,,degener-shina2008:p251:e19,,,,intr dialect:Sh:gil:Gilgit
Sh,11668,birgá,"battle, fight",,,"Schlacht, Kampf","degener-shina2008[p. 251, glossary entry 20]",,Degener directly assigns this headword to Turner/CDIAL 11668. [= Bur.; T. 11668],degener-shina2008:p251:e20,,,,f dialect:Sh:gil:Gilgit
Sh,12056,biiro,male,,,männlich,"degener-shina2008[p. 251, glossary entry 21]",,"Degener directly assigns this headword to Turner/CDIAL 12056. [T. 12056, = Bur.]",degener-shina2008:p251:e21,,,,adj m dialect:Sh:gil:Gilgit
Sh,,bisáac̣,sickle,,,Sichel,"degener-shina2008[p. 251, glossary entry 22]",,"[Atlas 54, ← Bur. bisárṣ]",degener-shina2008:p251:e22,,,,dialect:Sh:gil:Gilgit
Sh,,biṣóoč-,"remain lying, lie down",,,"liegen bleiben, sich legen","degener-shina2008[p. 251, glossary entry 23]",,,degener-shina2008:p251:e23,,,,intr dialect:Sh:gil:Gilgit
Sh,12052,biẓoón,rainbow,,,Regenbogen,"degener-shina2008[p. 251, glossary entry 24]",,"Degener directly assigns this headword to Turner/CDIAL 12052. [T. 12052, Bur. biŷoón, Berger 1966, 85; Ikoh biẓō´~ṛ, s.d.]",degener-shina2008:p251:e24,,,,f dialect:Sh:gil:Gilgit
Sh,,bódo,"much, many",,,viel,"degener-shina2008[p. 252, glossary entry 1]",,,degener-shina2008:p252:e01,,,,adj m adv dialect:Sh:gil:Gilgit
Sh,9322,bóodo,Wednesday,,,Mittwoch,"degener-shina2008[p. 252, glossary entry 2]",,"Degener directly assigns this headword to Turner/CDIAL 9322. [= Bur., T. 9322]",degener-shina2008:p252:e02,,,,m dialect:Sh:gil:Gilgit
Sh,9229,bóo~i,sleeve,,,Ärmel,"degener-shina2008[p. 252, glossary entry 3]",,Degener directly assigns this headword to Turner/CDIAL 9229. [T. 9229],degener-shina2008:p252:e03,,,,f dialect:Sh:gil:Gilgit
Sh,,boolo,echo word of oolo,,,Echowort zu oolo,"degener-shina2008[p. 252, glossary entry 4]",,,degener-shina2008:p252:e04,,,,dialect:Sh:gil:Gilgit
Sh,9272,boṛ-,ache (in shoulder and neck),,,(an Schulter und Nacken) schmerzen,"degener-shina2008[p. 252, glossary entry 5]",,"Degener directly assigns this headword to Turner/CDIAL 9272. [T. 9272, = buṛ- versenken?]",degener-shina2008:p252:e05,,,,intr dialect:Sh:gil:Gilgit
Sh,9272,boṛiǰ-,"sink, go under, be sunk",,,"(pass. von boṛ- versenken) versinken, untergehen, versenkt werden","degener-shina2008[p. 252, glossary entry 6]",,"Degener directly assigns this headword to Turner/CDIAL 9272. [T. 9272, Berger 1961, 60]",degener-shina2008:p252:e06,,,,intr dialect:Sh:gil:Gilgit
Sh,,bos,"enough, sufficient",,,genügend,"degener-shina2008[p. 252, glossary entry 7]",,"[Bur. bos, ← Ur. bas]",degener-shina2008:p252:e07,,,,adj m f adv dialect:Sh:gil:Gilgit
Sh,,botal,bottle,,,Flasche,"degener-shina2008[p. 252, glossary entry 8]",,[Englisch-Urdu boṭal],degener-shina2008:p252:e08,,,,dialect:Sh:gil:Gilgit
Sh,,brak,"wrinkle, fold",,,"Runzel, Falte","degener-shina2008[p. 252, glossary entry 9]",,[= Bur.],degener-shina2008:p252:e09,,,,f dialect:Sh:gil:Gilgit
Sh,9677,bram-,whirl around,,,herumwirbeln,"degener-shina2008[p. 252, glossary entry 10]",,Degener directly assigns this headword to Turner/CDIAL 9677. [T. 9677],degener-shina2008:p252:e10,,,,tr dialect:Sh:gil:Gilgit
Sh,9303,bréspat,Thursday,,,Donnerstag,"degener-shina2008[p. 252, glossary entry 11]",,Degener directly assigns this headword to Turner/CDIAL 9303. [T. 9303],degener-shina2008:p252:e11,,,,dialect:Sh:gil:Gilgit
Sh,,brin,swarm,,,Schwarm,"degener-shina2008[p. 252, glossary entry 12]",,[= Bur.],degener-shina2008:p252:e12,,,,m dialect:Sh:gil:Gilgit
Sh,10264,briŋ,bird,,,Vogel,"degener-shina2008[p. 252, glossary entry 13]",,Degener directly assigns this headword to Turner/CDIAL 10264. [T. 10264],degener-shina2008:p252:e13,,,,m dialect:Sh:gil:Gilgit
Sh,,búubu th-,"mumble, babble (of a small child)",,,"brummeln, lallen (Kleinkind)","degener-shina2008[p. 252, glossary entry 14]",,,degener-shina2008:p252:e14,,,,dialect:Sh:gil:Gilgit
Sh,,bubuúlo,lukewarm,,,lauwarm,"degener-shina2008[p. 252, glossary entry 15]",,"[Bur. bubúlo, Ikoh bubúl]",degener-shina2008:p252:e15,,,,adj m dialect:Sh:gil:Gilgit
Sh,,bučhéero,little calf; also as personal name,,,"Kälbchen, als EN","degener-shina2008[p. 252, glossary entry 16]",,[Nebenform von bačharóo],degener-shina2008:p252:e16,,,,m dialect:Sh:gil:Gilgit
Sh,12067,buc̣,"chinar, plane tree",,,"Chenar, Platane","degener-shina2008[p. 252, glossary entry 17]",,"Degener directly assigns this headword to Turner/CDIAL 12067. [T. 12067, Bur. =]",degener-shina2008:p252:e17,,,,m dialect:Sh:gil:Gilgit
Sh,,budúl,rag,,,Lumpen,"degener-shina2008[p. 252, glossary entry 18]",,"[Bur. =; Ikoh bùdul, s. Zoller s. v.]",degener-shina2008:p252:e18,,,,m dialect:Sh:gil:Gilgit
Sh,,buǰ-,go; hence secondarily also: become,,,gehen; daher sekundär auch: werden,"degener-shina2008[p. 252, glossary entry 19]",,"[T. 12225 + 4008, 11208?, Atlas 7]",degener-shina2008:p252:e19,,,,intr dialect:Sh:gil:Gilgit
Sh,,buǰuúko,worm; insect,,,Wurm; Insekt,"degener-shina2008[p. 252, glossary entry 20]",,,degener-shina2008:p252:e20,,,,dialect:Sh:gil:Gilgit
Sh,10198,bukák,beans,,,Bohnen,"degener-shina2008[p. 252, glossary entry 21]",,"Degener directly assigns this headword to Turner/CDIAL 10198. [= Bur., T. 10198]",degener-shina2008:p252:e21,,,,dialect:Sh:gil:Gilgit
Sh,,buleéǰ,a bird (kind of partridge),,,ein Vogel (Rebhuhnart),"degener-shina2008[p. 253, glossary entry 1]",,"[Ikoh bulā̃š type of pheasant or partridge, s. Zoller s. v.]",degener-shina2008:p253:e01,,,,dialect:Sh:gil:Gilgit
Sh,11258,bun,"high pasture, forest",,,"Hochweide, Wald","degener-shina2008[p. 253, glossary entry 2]",,"Degener directly assigns this headword to Turner/CDIAL 11258. [T. 11258; = Bur., s. d.]",degener-shina2008:p253:e02,,,,m dialect:Sh:gil:Gilgit
Sh,,buúr b-,set (of the sun),,,untergehen (Sonne),"degener-shina2008[p. 253, glossary entry 3]",,[Bur. buúr Untergang],degener-shina2008:p253:e03,,,,intr dialect:Sh:gil:Gilgit
Sh,,búro,name of a thorny shrub,,,Name eines dornigen Strauches,"degener-shina2008[p. 253, glossary entry 4]",,,degener-shina2008:p253:e04,,,,m dialect:Sh:gil:Gilgit
Sh,,búuši,cat,,,Katze,"degener-shina2008[p. 253, glossary entry 5]",,"[Atlas 30, Bur. bus]",degener-shina2008:p253:e05,,,,f dialect:Sh:gil:Gilgit
Sh,,búuši,pansy,,,Stiefmütterchen,"degener-shina2008[p. 253, glossary entry 6]",,,degener-shina2008:p253:e06,,,,dialect:Sh:gil:Gilgit
Sh,,búṭo,"whole, all",,,"ganz, alle","degener-shina2008[p. 253, glossary entry 7]",,"[T. 9190, 9568]",degener-shina2008:p253:e07,,,,adj m dialect:Sh:gil:Gilgit
Sh,,buúwo,(unpaid) helper,,,(unbezahlter) Helfer,"degener-shina2008[p. 253, glossary entry 8]",,[Bur. búuo],degener-shina2008:p253:e08,,,,m dialect:Sh:gil:Gilgit
Sh,9550,buyá~l,earthquake,,,Erdbeben,"degener-shina2008[p. 253, glossary entry 9]",,"Degener directly assigns this headword to Turner/CDIAL 9550. [T. 9550, Atlas 155, Bur. buyál]",degener-shina2008:p253:e09,,,,f dialect:Sh:gil:Gilgit
Sh,,buzurúk,a saint,,,ein Heiliger,"degener-shina2008[p. 253, glossary entry 10]",,"[= Bur., ← Pers.-Ur. buzurg]",degener-shina2008:p253:e10,,,,m dialect:Sh:gil:Gilgit
Sh,12097,byáo,willow (salix),,,Weide (salix),"degener-shina2008[p. 253, glossary entry 11]",,Degener directly assigns this headword to Turner/CDIAL 12097. [T. 12097],degener-shina2008:p253:e11,,,,f dialect:Sh:gil:Gilgit
Sh,,čak b-,"stop, wait",,,"einhalten, warten","degener-shina2008[p. 253, glossary entry 12]",,,degener-shina2008:p253:e12,,,,intr dialect:Sh:gil:Gilgit
Sh,,čakuthi-,"stand still, straighten up",,,"stehenbleiben, sich aufrichten","degener-shina2008[p. 253, glossary entry 13]",,"[zu Shina čako Wasser-Sperre, Bur. čako ~-t- aufstellen, errichten]",degener-shina2008:p253:e13,,,,intr dialect:Sh:gil:Gilgit
Sh,,čanálo,trousers,,,Hose,"degener-shina2008[p. 253, glossary entry 14]",,,degener-shina2008:p253:e14,,,,m dialect:Sh:gil:Gilgit
Sh,,čapléi,sandal,,,Sandale,"degener-shina2008[p. 253, glossary entry 15]",,[← Pashto čaplə(?)i],degener-shina2008:p253:e15,,,,loanword uncertain dialect:Sh:gil:Gilgit
Sh,,čarákbaṭ,"braggart, show-off",,,Angeber,"degener-shina2008[p. 253, glossary entry 16]",,,degener-shina2008:p253:e16,,,,dialect:Sh:gil:Gilgit
Sh,,čau~,hissing,,,Zischen,"degener-shina2008[p. 253, glossary entry 17]",,,degener-shina2008:p253:e17,,,,f dialect:Sh:gil:Gilgit
Sh,,čeéri,"chip (of wood), small piece",,,"Span (von Holz), Stückchen","degener-shina2008[p. 253, glossary entry 18]",,[T. 4844?],degener-shina2008:p253:e18,,,,f dialect:Sh:gil:Gilgit
Sh,,čhipenóos,"cold, flu",,,"Erkältung, Grippe","degener-shina2008[p. 253, glossary entry 19]",,[Bur. čupunós erkältet im Kopf],degener-shina2008:p253:e19,,,,dialect:Sh:gil:Gilgit
Sh,,čhiir,"row, line",,,Reihe,"degener-shina2008[p. 253, glossary entry 20]",,[Bur. čhir],degener-shina2008:p253:e20,,,,f dialect:Sh:gil:Gilgit
Sh,4586,č-,give birth,,,gebären,"degener-shina2008[p. 253, glossary entry 21]",,Degener directly assigns this headword to Turner/CDIAL 4586. [T. 4586],degener-shina2008:p253:e21,,,,dialect:Sh:gil:Gilgit
Sh,,čága,story,,,Geschichte,"degener-shina2008[p. 254, glossary entry 1]",,"[Ikoh čʌgā news, message, Bur. čáġa]",degener-shina2008:p254:e01,,,,f dialect:Sh:gil:Gilgit
Sh,,čaá~i,"bird; (small) penis, clitoris",,,"Vogel; (kleiner) Penis, Klitoris","degener-shina2008[p. 254, glossary entry 2]",,[T. 4785?],degener-shina2008:p254:e02,,,,f dialect:Sh:gil:Gilgit
Sh,,čak,"axe; crack, incision",,,"Axt; Riss, Einschnitt","degener-shina2008[p. 254, glossary entry 3]",,"[Bur. čak Spitzhacke, Ikoh c̣ʌ́kh]",degener-shina2008:p254:e03,,,,f dialect:Sh:gil:Gilgit
Sh,,čaák,bite,,,Biss,"degener-shina2008[p. 254, glossary entry 4]",,[Bur. čaq ~-t- kauen; zu T. 4557?],degener-shina2008:p254:e04,,,,f dialect:Sh:gil:Gilgit
Sh,,čal,"soon, early, earlier, first",,,"bald, früh, früher, zuerst","degener-shina2008[p. 254, glossary entry 5]",,,degener-shina2008:p254:e05,,,,adv dialect:Sh:gil:Gilgit
Sh,,čalbuǰii,early in the morning,,,frühmorgens,"degener-shina2008[p. 254, glossary entry 6]",,,degener-shina2008:p254:e06,,,,adv dialect:Sh:gil:Gilgit
Sh,,čalbuǰčal,early in the morning,,,frühmorgens,"degener-shina2008[p. 254, glossary entry 7]",,,degener-shina2008:p254:e07,,,,adv dialect:Sh:gil:Gilgit
Sh,,čáa~lo,"open (of the hand), wide, broad",,,"offen (Hand), weit, breit","degener-shina2008[p. 254, glossary entry 8]",,,degener-shina2008:p254:e08,,,,adj m dialect:Sh:gil:Gilgit
Sh,,čandá,pocket (in clothing),,,Tasche (in der Kleidung),"degener-shina2008[p. 254, glossary entry 9]",,[= Bur.],degener-shina2008:p254:e09,,,,m dialect:Sh:gil:Gilgit
Sh,4675,čap-,"chew, bite",,,"kauen, beißen","degener-shina2008[p. 254, glossary entry 10]",,Degener directly assigns this headword to Turner/CDIAL 4675. [T. 4675],degener-shina2008:p254:e10,,,,tr dialect:Sh:gil:Gilgit
Sh,,čapiï-,"be bitten, chewed",,,"(pass. von čap-) gebissen, gekaut werden","degener-shina2008[p. 254, glossary entry 11]",,,degener-shina2008:p254:e11,,,,intr dialect:Sh:gil:Gilgit
Sh,,čaápo,"spot, piece",,,"Fleck, Stück","degener-shina2008[p. 254, glossary entry 12]",,,degener-shina2008:p254:e12,,,,m dialect:Sh:gil:Gilgit
Sh,4655,čáar,four,,,vier,"degener-shina2008[p. 254, glossary entry 13]",,Degener directly assigns this headword to Turner/CDIAL 4655. [T. 4655],degener-shina2008:p254:e13,,,,num dialect:Sh:gil:Gilgit
Sh,4686,čaár-,graze,,,weiden,"degener-shina2008[p. 254, glossary entry 14]",,Degener directly assigns this headword to Turner/CDIAL 4686. [T. 4686],degener-shina2008:p254:e14,,,,intr dialect:Sh:gil:Gilgit
Sh,,čariǰ-,"graze, pasture",,,"weiden, grasen","degener-shina2008[p. 254, glossary entry 15]",,[T. 4686 *čariyyate?],degener-shina2008:p254:e15,,,,intr dialect:Sh:gil:Gilgit
Sh,,čaá~r theé,straight,,,gerade,"degener-shina2008[p. 254, glossary entry 16]",,"[Ikoh čā́r straight, Bur. čaár gegenüber]",degener-shina2008:p254:e16,,,,adv dialect:Sh:gil:Gilgit
Sh,,čarápo,lip,,,printed as a cross-reference: s. óo~ṭo čarápo.,"degener-shina2008[p. 254, glossary entry 17]",,,degener-shina2008:p254:e17,degener-shina2008:p290:e07,,,dialect:Sh:gil:Gilgit
Sh,,čaráaṭi,separation,,,Trennung,"degener-shina2008[p. 254, glossary entry 18]",,[= Bur.],degener-shina2008:p254:e18,,,,f dialect:Sh:gil:Gilgit
Sh,,čaargoón,"""fourfold"", i.e. occurring at four-day intervals",,,"""vierfältig"", d. h. in viertägigem Abstand auftretend","degener-shina2008[p. 254, glossary entry 19]",,[← Pers.-Ur.],degener-shina2008:p254:e19,,,,adj m f loanword dialect:Sh:gil:Gilgit
Sh,,čarkaṭiǰ-,"be jammed, pinched",,,(pass. von čarkaṭ- zermalmen) eingeklemmt werden,"degener-shina2008[p. 254, glossary entry 20]",,[Bur. čarkáṭ -mán- verwundet werden],degener-shina2008:p254:e20,,,,intr dialect:Sh:gil:Gilgit
Sh,,čarkáṭi,beating,,,Prügel,"degener-shina2008[p. 254, glossary entry 21]",,"[Bur. čarkáṭ -mán- verwundet werden, Ikoh čarkav~ to cut meat or firewood, wound]",degener-shina2008:p254:e21,,,,dialect:Sh:gil:Gilgit
Sh,,čarók,"anus, arse",,,"After, Anus, Arsch","degener-shina2008[p. 254, glossary entry 22]",,"[Bur. čarák gereinigter Tierkadaver, Hinterteile des Menschen; wohl nicht T. 4538]",degener-shina2008:p254:e22,,,,m dialect:Sh:gil:Gilgit
Sh,,čar-páawo,quadruped,,,Vierfüßler,"degener-shina2008[p. 254, glossary entry 23]",,[čáar + páa; vgl. auch Pers.-Ur. čaar-paa(ya)],degener-shina2008:p254:e23,,,,m dialect:Sh:gil:Gilgit
Sh,,čas b-,come out (of a tree stump),,,herauskommen (Baumstumpf),"degener-shina2008[p. 254, glossary entry 24]",,"[= Bur.; Ikoh čas pinch, sudden pull]",degener-shina2008:p254:e24,,,,dialect:Sh:gil:Gilgit
Sh,,čáatar,"giving birth, childbed",,,"Gebären, Wochenbett","degener-shina2008[p. 255, glossary entry 1]",,,degener-shina2008:p255:e01,,,,dialect:Sh:gil:Gilgit
Sh,,čaṭ b-,tear,,,reißen,"degener-shina2008[p. 255, glossary entry 2]",,,degener-shina2008:p255:e02,,,,intr dialect:Sh:gil:Gilgit
Sh,,čaṭál,axe,,,Axt,"degener-shina2008[p. 255, glossary entry 3]",,"[Bur. =, Ikoh čhaṭʌʈ(?)]",degener-shina2008:p255:e03,,,,f uncertain dialect:Sh:gil:Gilgit
Sh,,čáa~ṭo,"mute, weak; mute person; fool",,,"stumm, schwach; Stummer; Dummkopf","degener-shina2008[p. 255, glossary entry 4]",,,degener-shina2008:p255:e04,,,,adj m dialect:Sh:gil:Gilgit
Sh,13736,čei,woman,,,Frau,"degener-shina2008[p. 255, glossary entry 5]",,Degener directly assigns this headword to Turner/CDIAL 13736. [T. 13736],degener-shina2008:p255:e05,,,,f dialect:Sh:gil:Gilgit
Sh,,čičóoro,"chip, splinter",,,"Span, Splitter","degener-shina2008[p. 255, glossary entry 6]",,"[Ikoh čïčōr, Bur. jučór]",degener-shina2008:p255:e06,,,,m dialect:Sh:gil:Gilgit
Sh,,čičyu~ th-,"chirp, twitter",,,zwitschern,"degener-shina2008[p. 255, glossary entry 7]",,,degener-shina2008:p255:e07,,,,dialect:Sh:gil:Gilgit
Sh,,čiláas,place name Chilas,,,Chilas,"degener-shina2008[p. 255, glossary entry 8]",,,degener-shina2008:p255:e08,,,,proper-noun dialect:Sh:gil:Gilgit
Sh,,čilíi,juniper,,,Wacholder,"degener-shina2008[p. 255, glossary entry 9]",,"[Ikoh čhilī, čhirgī́]",degener-shina2008:p255:e09,,,,dialect:Sh:gil:Gilgit
Sh,14496,čimár,iron,,,Eisen,"degener-shina2008[p. 255, glossary entry 10]",,"Degener directly assigns this headword to Turner/CDIAL 14496. [T. 14496; vgl. Tikkanen 1988, 305 fn. 5]",degener-shina2008:p255:e10,,,,m dialect:Sh:gil:Gilgit
Sh,,čimaáro,"iron, made of iron",,,eisern,"degener-shina2008[p. 255, glossary entry 11]",,,degener-shina2008:p255:e11,,,,adj m dialect:Sh:gil:Gilgit
Sh,,čiiz,"thing, object",,,Gegenstand,"degener-shina2008[p. 255, glossary entry 12]",,[← Pers.-Ur.],degener-shina2008:p255:e12,,,,f loanword dialect:Sh:gil:Gilgit
Sh,4931,čoór,thief,,,Dieb,"degener-shina2008[p. 255, glossary entry 13]",,Degener directly assigns this headword to Turner/CDIAL 4931. [T. 4931],degener-shina2008:p255:e13,,,,m dialect:Sh:gil:Gilgit
Sh,,čukán,"latrine, toilet",,,Abort,"degener-shina2008[p. 255, glossary entry 14]",,[Bur. jukáṅ],degener-shina2008:p255:e14,,,,dialect:Sh:gil:Gilgit
Sh,,čukunáar,peach tree,,,Pfirsichbaum,"degener-shina2008[p. 255, glossary entry 15]",,"[T. 4850 + 6298 (Berger), Bur. čúgudar]",degener-shina2008:p255:e15,,,,m dialect:Sh:gil:Gilgit
Sh,,čumuṭkér,"girl, young woman",,,"Mädchen, junge Frau","degener-shina2008[p. 255, glossary entry 16]",,"[= Bur., T. 5071 + 3303 (Berger)]",degener-shina2008:p255:e16,,,,dialect:Sh:gil:Gilgit
Sh,4889,čúno,small,,,klein,"degener-shina2008[p. 255, glossary entry 17]",,Degener directly assigns this headword to Turner/CDIAL 4889. [T. 4889],degener-shina2008:p255:e17,,,,adj m dialect:Sh:gil:Gilgit
Sh,,čur th-,pour,,,gießen,"degener-shina2008[p. 255, glossary entry 18]",,[= Bur.],degener-shina2008:p255:e18,,,,tr dialect:Sh:gil:Gilgit
Sh,4850,čúrko,sour,,,sauer,"degener-shina2008[p. 255, glossary entry 19]",,"Degener directly assigns this headword to Turner/CDIAL 4850. [T. 4850, Atlas 4]",degener-shina2008:p255:e19,,,,adj m dialect:Sh:gil:Gilgit
Sh,,čúrtan,a bird (swallow-like),,,ein Vogel (schwalbenähnlich),"degener-shina2008[p. 255, glossary entry 20]",,,degener-shina2008:p255:e20,,,,m dialect:Sh:gil:Gilgit
Sh,,čúru th-,"cut, trim (beard)",,,"schneiden, (Bart) stutzen","degener-shina2008[p. 255, glossary entry 21]",,,degener-shina2008:p255:e21,,,,tr dialect:Sh:gil:Gilgit
Sh,,čurúu,end; tip,,,Ende; Spitze,"degener-shina2008[p. 255, glossary entry 22]",,"[Bur. čurúuŷo Gipfel, Spitze]",degener-shina2008:p255:e22,,,,m dialect:Sh:gil:Gilgit
Sh,,čurúṭ th-,"prick, pinch",,,"stechen, kneifen (+ Loci: in ...)","degener-shina2008[p. 256, glossary entry 1]",,"[Ikoh čʌrʌ́ṭ^h karʌ~ to sting or bite (insect), Bur. čurúṭ ~-t-]",degener-shina2008:p256:e01,,,,dialect:Sh:gil:Gilgit
Sh,4931,čurúṭo,thief,,,Dieb,"degener-shina2008[p. 256, glossary entry 2]",,Degener directly assigns this headword to Turner/CDIAL 4931. [T. 4931],degener-shina2008:p256:e02,,,,m dialect:Sh:gil:Gilgit
Sh,,čuruṭuúi,spark,,,Funke,"degener-shina2008[p. 256, glossary entry 3]",,"[Ikoh čuruṭ^h^i, Bur. čïṭaríis, s. Zoller 2005, 167]",degener-shina2008:p256:e03,,,,f dialect:Sh:gil:Gilgit
Sh,,čúuto,"rag, cloth",,,"Lumpen, Lappen","degener-shina2008[p. 256, glossary entry 4]",,,degener-shina2008:p256:e04,,,,dialect:Sh:gil:Gilgit
Sh,,čhačiil,green husk of walnuts,,,grüne Schale der Walnüsse,"degener-shina2008[p. 256, glossary entry 5]",,[Bur. čhanjíl],degener-shina2008:p256:e05,,,,m dialect:Sh:gil:Gilgit
Sh,,čhak,day,,,Tag,"degener-shina2008[p. 256, glossary entry 6]",,[vgl. Tib. źag?],degener-shina2008:p256:e06,,,,f dialect:Sh:gil:Gilgit
Sh,4963,čhaál,kid (young goat),,,Zicklein,"degener-shina2008[p. 256, glossary entry 7]",,Degener directly assigns this headword to Turner/CDIAL 4963. [T. 4963],degener-shina2008:p256:e07,,,,m dialect:Sh:gil:Gilgit
Sh,,čhaál-baál,children,,,Kinder,"degener-shina2008[p. 256, glossary entry 8]",,[Zicklein + Ur. baal Kind],degener-shina2008:p256:e08,,,,dialect:Sh:gil:Gilgit
Sh,,čhaŋ,vomiting,,,Erbrechen,"degener-shina2008[p. 256, glossary entry 9]",,[Bur. čhaŋ],degener-shina2008:p256:e09,,,,f dialect:Sh:gil:Gilgit
Sh,,čháar,"mountain cliff, rock",,,"Bergklippe, Fels","degener-shina2008[p. 256, glossary entry 10]",,"[Bur. čhar, Khowar čhar, s. Buddruss 1996, 41, s. Berger p. 98 s. v.]",degener-shina2008:p256:e10,,,,m dialect:Sh:gil:Gilgit
Sh,,čharbú,"watchman, guard",,,"Wachmann, Wächter","degener-shina2008[p. 256, glossary entry 11]",,[Bur. čarbú],degener-shina2008:p256:e11,,,,m dialect:Sh:gil:Gilgit
Sh,,čhardá,"stallion, breeding stallion",,,"Hengst, Zuchthengst","degener-shina2008[p. 256, glossary entry 12]",,[= Bur.],degener-shina2008:p256:e12,,,,m dialect:Sh:gil:Gilgit
Sh,,čhatíilo,young billy goat (up to 1 year),,,junger Ziegenbock (bis 1 Jahr),"degener-shina2008[p. 256, glossary entry 13]",,[vgl. Shina/ Bur. čháto Zicklein],degener-shina2008:p256:e13,,,,m dialect:Sh:gil:Gilgit
Sh,,čhaṭṭóki,name of a shamanic ceremony,,,Name einer schamanischen Zeremonie,"degener-shina2008[p. 256, glossary entry 14]",,,degener-shina2008:p256:e14,,,,dialect:Sh:gil:Gilgit
Sh,,čhičhiíri,cricket,,,Grille,"degener-shina2008[p. 256, glossary entry 15]",,,degener-shina2008:p256:e15,,,,f dialect:Sh:gil:Gilgit
Sh,5042,čhiǰ-,"be divided; be cut off, separated from; be trimmed, reduced",,,"zerteilt werden; abgeschnitten, getrennt werden von (+ Abl); beschnitten, verringert werden","degener-shina2008[p. 256, glossary entry 16]",,"Degener directly assigns this headword to Turner/CDIAL 5042. [T. 5042, vgl. čhin-]",degener-shina2008:p256:e16,,,,intr dialect:Sh:gil:Gilgit
Sh,5027,čhiǰóoṭ,"shadow, shade",,,Schatten,"degener-shina2008[p. 256, glossary entry 17]",,Degener directly assigns this headword to Turner/CDIAL 5027. [T. 5027],degener-shina2008:p256:e17,,,,f dialect:Sh:gil:Gilgit
Sh,5046,čhin-,"cut off, trim",,,"ab-, beschneiden","degener-shina2008[p. 256, glossary entry 18]",,Degener directly assigns this headword to Turner/CDIAL 5046. [T. 5046],degener-shina2008:p256:e18,,,,tr dialect:Sh:gil:Gilgit
Sh,,čhinar-,have cut off,,,(Kaus. von čhin-) abschneiden lassen,"degener-shina2008[p. 256, glossary entry 19]",,,degener-shina2008:p256:e19,,,,tr dialect:Sh:gil:Gilgit
Sh,,čhii~ṣ,mountain,,,Berg,"degener-shina2008[p. 256, glossary entry 20]",,"[Ikoh c̣hī̀ẓ, Bur. čhiṣ, Atlas 90]",degener-shina2008:p256:e20,,,,f dialect:Sh:gil:Gilgit
Sh,5055,čhiw-,"let, set, place",,,"lassen, setzen, stellen","degener-shina2008[p. 256, glossary entry 21]",,"Degener directly assigns this headword to Turner/CDIAL 5055. [T. 5055, Ikoh čháv~]",degener-shina2008:p256:e21,,,,tr dialect:Sh:gil:Gilgit
Sh,4820,čhom,chin,,,Kinn,"degener-shina2008[p. 256, glossary entry 22]",,Degener directly assigns this headword to Turner/CDIAL 4820. [T. 4820],degener-shina2008:p256:e22,,,,f dialect:Sh:gil:Gilgit
Sh,,čhópo,small mound of earth,,,Erdhäufchen,"degener-shina2008[p. 256, glossary entry 23]",,"[Bur. čop, Ikoh čòp^h]",degener-shina2008:p256:e23,,,,m dialect:Sh:gil:Gilgit
Sh,,čhub-,"set, place",,,setzen,"degener-shina2008[p. 257, glossary entry 1]",,[vgl. T. 5055],degener-shina2008:p257:e01,,,,tr dialect:Sh:gil:Gilgit
Sh,,čhumo,fish,,,Fisch,"degener-shina2008[p. 257, glossary entry 2]",,"[Ikoh čhīm, Bur. čhímo, Atlas 116]",degener-shina2008:p257:e02,,,,m dialect:Sh:gil:Gilgit
Sh,,čhup,end,,,Ende,"degener-shina2008[p. 257, glossary entry 3]",,,degener-shina2008:p257:e03,,,,m dialect:Sh:gil:Gilgit
Sh,4696,čhupáṭi,a thick bread,,,ein dickes Brot,"degener-shina2008[p. 257, glossary entry 4]",,Degener directly assigns this headword to Turner/CDIAL 4696. [T. 4696],degener-shina2008:p257:e04,,,,f dialect:Sh:gil:Gilgit
Sh,14512,čhur-,"set, lay, put down, place; hold",,,"setzen, legen, hinstellen, abstellen; halten","degener-shina2008[p. 257, glossary entry 5]",,Degener directly assigns this headword to Turner/CDIAL 14512. [T. 14512],degener-shina2008:p257:e05,,,,tr dialect:Sh:gil:Gilgit
Sh,,čhuút,slowly; late,,,langsam; spät,"degener-shina2008[p. 257, glossary entry 6]",,,degener-shina2008:p257:e06,,,,adv dialect:Sh:gil:Gilgit
Sh,,c̣áa,"up!, come on!",,,Auf!,"degener-shina2008[p. 257, glossary entry 7]",,,degener-shina2008:p257:e07,,,,interj dialect:Sh:gil:Gilgit
Sh,5716,c̣ak-,"look, gaze",,,"blicken, schauen","degener-shina2008[p. 257, glossary entry 8]",,Degener directly assigns this headword to Turner/CDIAL 5716. [T. 5716],degener-shina2008:p257:e08,,,,tr dialect:Sh:gil:Gilgit
Sh,,c̣akáai,"scales, balance",,,Waage,"degener-shina2008[p. 257, glossary entry 9]",,"[T. 5716 (Berger 1998, 232)]",degener-shina2008:p257:e09,,,,f dialect:Sh:gil:Gilgit
Sh,,c̣aloó,"lamp, torch",,,"Lampe, Fackel","degener-shina2008[p. 257, glossary entry 10]",,[T. 8711 oder 8766],degener-shina2008:p257:e10,,,,m dialect:Sh:gil:Gilgit
Sh,,c̣aa~r th-,"crunch, creak, screech (e.g. a door, an infant)",,,"knirschen, knarren, kreischen (z. B. Tür, Säugling)","degener-shina2008[p. 257, glossary entry 11]",,,degener-shina2008:p257:e11,,,,tr dialect:Sh:gil:Gilgit
Sh,5994,c̣ée,three,,,drei,"degener-shina2008[p. 257, glossary entry 12]",,Degener directly assigns this headword to Turner/CDIAL 5994. [T. 5994],degener-shina2008:p257:e12,,,,num dialect:Sh:gil:Gilgit
Sh,,c̣emoói~,third,,,dritt(e),"degener-shina2008[p. 257, glossary entry 13]",,,degener-shina2008:p257:e13,,,,adj f dialect:Sh:gil:Gilgit
Sh,,c̣epón,(place) where three paths meet,,,(Stelle) wo sich drei Wege treffen,"degener-shina2008[p. 257, glossary entry 14]",,[Ikoh c̣apʌ̀n],degener-shina2008:p257:e14,,,,adj m f dialect:Sh:gil:Gilgit
Sh,,c̣ípi,supporting stone in a wall,,,Stützstein in der Mauer,"degener-shina2008[p. 257, glossary entry 15]",,[= Bur.],degener-shina2008:p257:e15,,,,dialect:Sh:gil:Gilgit
Sh,,c̣ii~r th-,"rustle, make a scratching sound",,,"rascheln, kratzendes Geräusch machen","degener-shina2008[p. 257, glossary entry 16]",,,degener-shina2008:p257:e16,,,,tr dialect:Sh:gil:Gilgit
Sh,5938,c̣íṭo,bitter,,,bitter,"degener-shina2008[p. 257, glossary entry 17]",,"Degener directly assigns this headword to Turner/CDIAL 5938. [T. 5938, Atlas 9]",degener-shina2008:p257:e17,,,,adj m dialect:Sh:gil:Gilgit
Sh,,c̣óko,"weak, brittle",,,"schwach, brüchig","degener-shina2008[p. 257, glossary entry 18]",,,degener-shina2008:p257:e18,,,,adj m dialect:Sh:gil:Gilgit
Sh,,c̣oóm,slag (from smelting iron),,,Schlacke (beim Schmelzen von Eisen),"degener-shina2008[p. 257, glossary entry 19]",,,degener-shina2008:p257:e19,,,,m dialect:Sh:gil:Gilgit
Sh,,c̣oṭ,"running, race",,,Rennen,"degener-shina2008[p. 257, glossary entry 20]",,,degener-shina2008:p257:e20,,,,f dialect:Sh:gil:Gilgit
Sh,,c̣oṭiǰ-,"run, race",,,"(pass. von c̣oṭ-) laufen, rennen","degener-shina2008[p. 257, glossary entry 21]",,,degener-shina2008:p257:e21,,,,intr dialect:Sh:gil:Gilgit
Sh,,c̣oṭ-,drive away,,,vertreiben,"degener-shina2008[p. 258, glossary entry 1]",,,degener-shina2008:p258:e01,,,,tr dialect:Sh:gil:Gilgit
Sh,,c̣uk-,plant,,,pflanzen,"degener-shina2008[p. 258, glossary entry 2]",,,degener-shina2008:p258:e02,,,,tr dialect:Sh:gil:Gilgit
Sh,,c̣úuko,blade of straw,,,Strohhalm,"degener-shina2008[p. 258, glossary entry 3]",,,degener-shina2008:p258:e03,,,,m dialect:Sh:gil:Gilgit
Sh,,c̣háa th-,cross over,,,überqueren,"degener-shina2008[p. 258, glossary entry 4]",,[= Bur.],degener-shina2008:p258:e04,,,,tr dialect:Sh:gil:Gilgit
Sh,3735,c̣héec̣,field,,,Feld,"degener-shina2008[p. 258, glossary entry 5]",,Degener directly assigns this headword to Turner/CDIAL 3735. [T. 3735],degener-shina2008:p258:e05,,,,m dialect:Sh:gil:Gilgit
Sh,3646,c̣hei,"danger, harm, loss",,,"Gefahr, Schaden, Verlust","degener-shina2008[p. 258, glossary entry 6]",,"Degener directly assigns this headword to Turner/CDIAL 3646. [T. 3646, Bur. c̣háŷo]",degener-shina2008:p258:e06,,,,f dialect:Sh:gil:Gilgit
Sh,,c̣hik-,"excrete, shit",,,"ausscheiden, scheißen","degener-shina2008[p. 258, glossary entry 7]",,,degener-shina2008:p258:e07,,,,dialect:Sh:gil:Gilgit
Sh,,c̣híike,shit,,,Scheiße,"degener-shina2008[p. 258, glossary entry 8]",,,degener-shina2008:p258:e08,,,,dialect:Sh:gil:Gilgit
Sh,,c̣hiilo,"garment, clothing",,,"Kleid, Kleidung","degener-shina2008[p. 258, glossary entry 9]",,"[s. Buddruss 1996, 42]",degener-shina2008:p258:e09,,,,m dialect:Sh:gil:Gilgit
Sh,3704,c̣híiri,udder,,,Euter,"degener-shina2008[p. 258, glossary entry 10]",,Degener directly assigns this headword to Turner/CDIAL 3704. [T. 3704],degener-shina2008:p258:e10,,,,f dialect:Sh:gil:Gilgit
Sh,3727,c̣hur,small knife,,,kleines Messer,"degener-shina2008[p. 258, glossary entry 11]",,"Degener directly assigns this headword to Turner/CDIAL 3727. [T. 3727, Bur. =]",degener-shina2008:p258:e11,,,,f dialect:Sh:gil:Gilgit
Sh,,d-,"give; throw, hit",,,"geben; werfen (+ ge zur Markierung des Patiens), schlagen","degener-shina2008[p. 258, glossary entry 12]",,"[T. 6141. 6145, Atlas 20, 42]",degener-shina2008:p258:e12,,,,tr dialect:Sh:gil:Gilgit
Sh,6180,dabóon,"lord, master",,,"Herr, Gebieter","degener-shina2008[p. 258, glossary entry 14]",,"Degener directly assigns this headword to Turner/CDIAL 6180. [T. 6180, Bur. damán]",degener-shina2008:p258:e14,,,,m dialect:Sh:gil:Gilgit
Sh,6119,dac̣híno,right(-hand),,,recht(s),"degener-shina2008[p. 258, glossary entry 15]",,Degener directly assigns this headword to Turner/CDIAL 6119. [T. 6119],degener-shina2008:p258:e15,,,,adj m dialect:Sh:gil:Gilgit
Sh,6261,dadii,grandmother,,,Großmutter,"degener-shina2008[p. 258, glossary entry 16]",,Degener directly assigns this headword to Turner/CDIAL 6261. [T. 6261],degener-shina2008:p258:e16,,,,f dialect:Sh:gil:Gilgit
Sh,6261,dáado,grandfather,,,Großvater,"degener-shina2008[p. 258, glossary entry 17]",,"Degener directly assigns this headword to Turner/CDIAL 6261. [T. 6261, = Bur.]",degener-shina2008:p258:e17,,,,m dialect:Sh:gil:Gilgit
Sh,6324,dai-,burn,,,brennen,"degener-shina2008[p. 258, glossary entry 18]",,Degener directly assigns this headword to Turner/CDIAL 6324. [T. 6324],degener-shina2008:p258:e18,,,,tr dialect:Sh:gil:Gilgit
Sh,6250,dáai~,beard,,,Bart,"degener-shina2008[p. 258, glossary entry 19]",,"Degener directly assigns this headword to Turner/CDIAL 6250. [T. 6250, Atlas 19]",degener-shina2008:p258:e19,,,,f dialect:Sh:gil:Gilgit
Sh,6248,daǰ-,burn; worry,,,brennen; sich sorgen. Vgl. day-,"degener-shina2008[p. 259, glossary entry 1]",,Degener directly assigns this headword to Turner/CDIAL 6248. [T. 6248],degener-shina2008:p259:e01,,,,intr dialect:Sh:gil:Gilgit
Sh,,dáal,ash,,,Asche,"degener-shina2008[p. 259, glossary entry 2]",,[Atlas 26],degener-shina2008:p259:e02,,,,m dialect:Sh:gil:Gilgit
Sh,,dálo,name of a month,,,Monatsname,"degener-shina2008[p. 259, glossary entry 3]",,,degener-shina2008:p259:e03,,,,dialect:Sh:gil:Gilgit
Sh,,dáli,harrow,,,Egge,"degener-shina2008[p. 259, glossary entry 4]",,[= Bur.],degener-shina2008:p259:e04,,,,dialect:Sh:gil:Gilgit
Sh,6182,damiǰaár,"misfortune, trouble",,,"Unglück, Ärger","degener-shina2008[p. 259, glossary entry 5]",,"Degener directly assigns this headword to Turner/CDIAL 6182. [T. 6182, Bur. damjaár]",degener-shina2008:p259:e05,,,,f dialect:Sh:gil:Gilgit
Sh,,dáni,a certain melody,,,eine bestimmte Melodie,"degener-shina2008[p. 259, glossary entry 6]",,[= Bur.],degener-shina2008:p259:e06,,,,f dialect:Sh:gil:Gilgit
Sh,,daanáa,"clever, learned",,,"klug, gelehrt","degener-shina2008[p. 259, glossary entry 7]",,[← Pers.-Ur.],degener-shina2008:p259:e07,,,,adj m f loanword dialect:Sh:gil:Gilgit
Sh,6726,daáno,bow,,,Bogen,"degener-shina2008[p. 259, glossary entry 8]",,Degener directly assigns this headword to Turner/CDIAL 6726. [T. 6726],degener-shina2008:p259:e08,,,,m dialect:Sh:gil:Gilgit
Sh,6254,danuú,pomegranate,,,Granatapfel,"degener-shina2008[p. 259, glossary entry 9]",,"Degener directly assigns this headword to Turner/CDIAL 6254. [T. 6254, Atlas 68]",degener-shina2008:p259:e09,,,,m dialect:Sh:gil:Gilgit
Sh,,dan-phaṭoór,pomegranate rind,,,Granatapfel-Schale,"degener-shina2008[p. 259, glossary entry 10]",,"[danuú, phoṭ; Ikoh phʌṭṑr sun-dried fruit; Bur. -pháṭar schälen]",degener-shina2008:p259:e10,,,,dialect:Sh:gil:Gilgit
Sh,6279,dáap,dowry,,,Mitgift,"degener-shina2008[p. 259, glossary entry 11]",,Degener directly assigns this headword to Turner/CDIAL 6279. [T. 6279],degener-shina2008:p259:e11,,,,f dialect:Sh:gil:Gilgit
Sh,,dapár,"along, on, over, through",,,"entlang, auf, über, durch (+ casus rect.)","degener-shina2008[p. 259, glossary entry 12]",,,degener-shina2008:p259:e12,,,,postp adv dialect:Sh:gil:Gilgit
Sh,,daáphar-,"turn around, turn inside out",,,"umdrehen, umkrempeln","degener-shina2008[p. 259, glossary entry 13]",,[zu phar-],degener-shina2008:p259:e13,,,,tr dialect:Sh:gil:Gilgit
Sh,,daáphariǰ-,be turned inside out,,,(pass. von daáphar-) umgekrempelt werden,"degener-shina2008[p. 259, glossary entry 14]",,,degener-shina2008:p259:e14,,,,intr dialect:Sh:gil:Gilgit
Sh,6651,dar,door,,,Tür,"degener-shina2008[p. 259, glossary entry 15]",,Degener directly assigns this headword to Turner/CDIAL 6651. [T. 6651],degener-shina2008:p259:e15,,,,m dialect:Sh:gil:Gilgit
Sh,6793,dáar,"mountain, hill",,,"Berg, Hügel","degener-shina2008[p. 259, glossary entry 16]",,Degener directly assigns this headword to Turner/CDIAL 6793. [T. 6793],degener-shina2008:p259:e16,,,,f dialect:Sh:gil:Gilgit
Sh,6294,daár,son,,,Sohn,"degener-shina2008[p. 259, glossary entry 17]",,Degener directly assigns this headword to Turner/CDIAL 6294. [T. 6294],degener-shina2008:p259:e17,,,,m dialect:Sh:gil:Gilgit
Sh,,daráa,a tree with reddish hard wood,,,ein Baum mit rötlichem hartem Holz,"degener-shina2008[p. 259, glossary entry 18]",,[zu T. 6298],degener-shina2008:p259:e18,,,,dialect:Sh:gil:Gilgit
Sh,,darelaá d-,dance in the Darel manner,,,auf Darel-Art tanzen,"degener-shina2008[p. 259, glossary entry 19]",,,degener-shina2008:p259:e19,,,,dialect:Sh:gil:Gilgit
Sh,,dargéi,"door frame, gate; generation",,,1) Türrahmen; Tor; 2) Generation,"degener-shina2008[p. 259, glossary entry 20]",,[← Pers.-Ur. dargaah],degener-shina2008:p259:e20,,,,f loanword dialect:Sh:gil:Gilgit
Sh,6651,dariino,"located outside, foreign",,,"außen-befindlich, fremd","degener-shina2008[p. 259, glossary entry 21]",,Degener directly assigns this headword to Turner/CDIAL 6651. [T. 6651],degener-shina2008:p259:e21,,,,adj m dialect:Sh:gil:Gilgit
Sh,,darkáar,"appropriate, fitting, necessary",,,"angebracht, angemessen, nötig","degener-shina2008[p. 259, glossary entry 22]",,[← Pers.-Ur.],degener-shina2008:p259:e22,,,,adj m f loanword dialect:Sh:gil:Gilgit
Sh,,daróm ga,still; even now,,,immer noch,"degener-shina2008[p. 259, glossary entry 23]",,"[Bur. darúm, ← Tib.]",degener-shina2008:p259:e23,,,,adv dialect:Sh:gil:Gilgit
Sh,6651,darú,"outside, out",,,"draußen, heraus","degener-shina2008[p. 260, glossary entry 1]",,Degener directly assigns this headword to Turner/CDIAL 6651. [T. 6651],degener-shina2008:p260:e01,,,,adv dialect:Sh:gil:Gilgit
Sh,,darú,"have diarrhea (""go out"")",,,"Durchfall haben („hinausgehen“; Bailey: „go out, relieve nature“)","degener-shina2008[p. 260, glossary entry 2]",,,degener-shina2008:p260:e02,,,,intr dialect:Sh:gil:Gilgit
Sh,,buǰ-,"have diarrhea (""go out"")",,,"Durchfall haben („hinausgehen“; Bailey: „go out, relieve nature“)","degener-shina2008[p. 260, glossary entry 2]",,,degener-shina2008:p260:e02:v2,degener-shina2008:p260:e02,,,intr alternate dialect:Sh:gil:Gilgit
Sh,,darú,into,,,(= da arú) (+ Rectus) hinein,"degener-shina2008[p. 260, glossary entry 3]",,,degener-shina2008:p260:e03,,,,postp dialect:Sh:gil:Gilgit
Sh,,daruú,hunt,,,Jagd,"degener-shina2008[p. 260, glossary entry 4]",,"[Bur. darú, Ikoh dʌrù^h]",degener-shina2008:p260:e04,,,,f dialect:Sh:gil:Gilgit
Sh,,darúuċ,hunter,,,Jäger,"degener-shina2008[p. 260, glossary entry 5]",,"[Bur. darúć, Ikoh dʌrū́ć]",degener-shina2008:p260:e05,,,,m dialect:Sh:gil:Gilgit
Sh,,darunóo,from outside,,,von draußen,"degener-shina2008[p. 260, glossary entry 6]",,,degener-shina2008:p260:e06,,,,adv dialect:Sh:gil:Gilgit
Sh,6807,dáas,"desert, uncultivated land",,,"Wüste, unkultiviertes Land","degener-shina2008[p. 260, glossary entry 7]",,"Degener directly assigns this headword to Turner/CDIAL 6807. [T. 6807, Ikoh dhā̀s, Bur. das]",degener-shina2008:p260:e07,,,,dialect:Sh:gil:Gilgit
Sh,,dáas-gayáas,wasteland,,,Wüstenei,"degener-shina2008[p. 260, glossary entry 8]",,,degener-shina2008:p260:e08,,,,dialect:Sh:gil:Gilgit
Sh,14589,daṣ th-,"know, recognize",,,"wissen, erkennen","degener-shina2008[p. 260, glossary entry 9]",,Degener directly assigns this headword to Turner/CDIAL 14589. [T. 14589],degener-shina2008:p260:e09,,,,tr dialect:Sh:gil:Gilgit
Sh,,daṣṭ-,"know, recognize",,,printed as a cross-reference: s. daṣ th-.,"degener-shina2008[p. 260, glossary entry 10]",,,degener-shina2008:p260:e10,degener-shina2008:p260:e09,,,dialect:Sh:gil:Gilgit
Sh,,dawáno,"crazy, mad",,,verrückt,"degener-shina2008[p. 260, glossary entry 11]",,[← Pers.-Ur. dewaana],degener-shina2008:p260:e11,,,,adj m loanword dialect:Sh:gil:Gilgit
Sh,,da~yál,shaman,,,Schamane,"degener-shina2008[p. 260, glossary entry 12]",,"[Bur. ḍayál; vgl. Zoller, s. v. díā~l₂]",degener-shina2008:p260:e12,,,,m dialect:Sh:gil:Gilgit
Sh,,dayar-,burn (something),,,verbrennen (Kaus. von dai-),"degener-shina2008[p. 260, glossary entry 13]",,,degener-shina2008:p260:e13,,,,tr dialect:Sh:gil:Gilgit
Sh,,dayuuzii,"immorality, cuckoldry",,,"Unmoral, Hahnreitum","degener-shina2008[p. 260, glossary entry 14]",,[← Ar.-Ur. dayuus̱ Hahnrei],degener-shina2008:p260:e14,,,,f loanword dialect:Sh:gil:Gilgit
Sh,,de,in,,,(+ casus rectus): in.,"degener-shina2008[p. 260, glossary entry 15]",,,degener-shina2008:p260:e15,,,,postp dialect:Sh:gil:Gilgit
Sh,,déde,look there!,,,Sieh da!,"degener-shina2008[p. 260, glossary entry 16]",,,degener-shina2008:p260:e16,,,,dialect:Sh:gil:Gilgit
Sh,6333,dées,day,,,Tag,"degener-shina2008[p. 260, glossary entry 17]",,"Degener directly assigns this headword to Turner/CDIAL 6333. [T. 6333, Atlas 76; Bailey dez/ dēze]",degener-shina2008:p260:e17,,,,dialect:Sh:gil:Gilgit
Sh,,dii,daughter,,,Tochter. Vgl. dii-sóo~c̣i,"degener-shina2008[p. 260, glossary entry 18]",,"[Atlas 59, vgl. Zoller p. 254 s. v. Ikoh dhižū́]",degener-shina2008:p260:e18,,,,f dialect:Sh:gil:Gilgit
Sh,6694,dii~,leopard,,,Leopard,"degener-shina2008[p. 260, glossary entry 19]",,"Degener directly assigns this headword to Turner/CDIAL 6694. [T. 6694, Atlas 80]",degener-shina2008:p260:e19,,,,m dialect:Sh:gil:Gilgit
Sh,6110,dii~ċo,horsefly,,,Bremse (horsefly),"degener-shina2008[p. 260, glossary entry 20]",,Degener directly assigns this headword to Turner/CDIAL 6110. [T. 6110],degener-shina2008:p260:e20,,,,m dialect:Sh:gil:Gilgit
Sh,6366,diǰ-,"fall, cave in",,,"fallen, einfallen","degener-shina2008[p. 260, glossary entry 21]",,Degener directly assigns this headword to Turner/CDIAL 6366. [T. 6366],degener-shina2008:p260:e21,,,,intr dialect:Sh:gil:Gilgit
Sh,,diǰ-,be given,,,(pass von d-) gegeben werden,"degener-shina2008[p. 260, glossary entry 22]",,,degener-shina2008:p260:e22,,,,intr dialect:Sh:gil:Gilgit
Sh,,diin,religion,,,Religion,"degener-shina2008[p. 260, glossary entry 23]",,[← Pers.-Ur.],degener-shina2008:p260:e23,,,,f loanword dialect:Sh:gil:Gilgit
Sh,,dii-puc̣,"daughter and son, children",,,"Tochter und Sohn, Kinder","degener-shina2008[p. 260, glossary entry 24]",,,degener-shina2008:p260:e24,,,,dialect:Sh:gil:Gilgit
Sh,,dir,boundary,,,Grenze,"degener-shina2008[p. 260, glossary entry 25]",,"[Bur., Ikoh ḍir; zu d statt ḍ vgl. da~yál]",degener-shina2008:p260:e25,,,,f dialect:Sh:gil:Gilgit
Sh,,dii-sóo~c̣i,"women, girls (coll.); female descendants of a clan",,,"Frauen, Mädchen (Koll.); weibliche Nachkommen eines Clans","degener-shina2008[p. 261, glossary entry 1]",,"[dii + T. 13604; Bur. sóoc̣i weiblich. Vgl. zu diesem Begriff Gratz 2006, 600-603]",degener-shina2008:p261:e01,,,,f dialect:Sh:gil:Gilgit
Sh,6339,diš,place,,,Ort,"degener-shina2008[p. 261, glossary entry 2]",,Degener directly assigns this headword to Turner/CDIAL 6339. [T. 6339],degener-shina2008:p261:e02,,,,f dialect:Sh:gil:Gilgit
Sh,6504,diši-,speak ill of,,,schlecht reden über,"degener-shina2008[p. 261, glossary entry 3]",,Degener directly assigns this headword to Turner/CDIAL 6504. [T. 6504],degener-shina2008:p261:e03,,,,tr dialect:Sh:gil:Gilgit
Sh,,diṣáo,fruit juice from grapes or mulberries,,,Fruchtsaft aus Trauben oder Maulbeeren,"degener-shina2008[p. 261, glossary entry 4]",,[= Bur.; Ikoh diṣtʌ́v~ wine or spirits made from grapes],degener-shina2008:p261:e04,,,,dialect:Sh:gil:Gilgit
Sh,6343,diṭ,measure of length: span,,,Längenmaß: Spanne,"degener-shina2008[p. 261, glossary entry 5]",,"Degener directly assigns this headword to Turner/CDIAL 6343. [Ikoh diṭ^h, T. 6343, Atlas 48]",degener-shina2008:p261:e05,,,,m dialect:Sh:gil:Gilgit
Sh,,do,this,,,dieser,"degener-shina2008[p. 261, glossary entry 6]",,,degener-shina2008:p261:e06,,,,dialect:Sh:gil:Gilgit
Sh,6777,doó~,"roasted grain (coll., but also pl. grains)",,,"geröstetes Korn (coll., aber auch pl. Körner)","degener-shina2008[p. 261, glossary entry 7]",,Degener directly assigns this headword to Turner/CDIAL 6777. [T. 6777],degener-shina2008:p261:e07,,,,dialect:Sh:gil:Gilgit
Sh,,dodóŋ b-,rejoice over something one does not understand or that does not concern one; wrongly give credence to something,,,"sich über etwas freuen, das man nicht versteht oder das einen nicht betrifft; etwas zu unrecht Glauben schenken","degener-shina2008[p. 261, glossary entry 8]",,,degener-shina2008:p261:e08,,,,dialect:Sh:gil:Gilgit
Sh,6152,don,tooth,,,Zahn,"degener-shina2008[p. 261, glossary entry 9]",,Degener directly assigns this headword to Turner/CDIAL 6152. [T. 6152],degener-shina2008:p261:e09,,,,m dialect:Sh:gil:Gilgit
Sh,6717,don,herd,,,Herde,"degener-shina2008[p. 261, glossary entry 10]",,"Degener directly assigns this headword to Turner/CDIAL 6717. [= Bur., Ikoh dùnd̥, T. 6717]",degener-shina2008:p261:e10,,,,m dialect:Sh:gil:Gilgit
Sh,6273,dóono,"ox, bull",,,"Ochse, Bulle","degener-shina2008[p. 261, glossary entry 11]",,Degener directly assigns this headword to Turner/CDIAL 6273. [T. 6273],degener-shina2008:p261:e11,,,,m dialect:Sh:gil:Gilgit
Sh,,dóor,turn (one's turn),,,Reihe (an der Reihe),"degener-shina2008[p. 261, glossary entry 12]",,[← Ar.-Ur. daur],degener-shina2008:p261:e12,,,,f loanword dialect:Sh:gil:Gilgit
Sh,,dóos,friend,,,Freund:,"degener-shina2008[p. 261, glossary entry 13]",,Cross-reference: s. yáar-dóos.,degener-shina2008:p261:e13,,,,dialect:Sh:gil:Gilgit
Sh,,dozáx,hell,,,Hölle,"degener-shina2008[p. 261, glossary entry 14]",,[← Pers.-Ur.],degener-shina2008:p261:e14,,,,loanword dialect:Sh:gil:Gilgit
Sh,,dóoẓo,rope,,,Seil,"degener-shina2008[p. 261, glossary entry 15]",,,degener-shina2008:p261:e15,,,,dialect:Sh:gil:Gilgit
Sh,6648,dúu,two,,,zwei,"degener-shina2008[p. 261, glossary entry 16]",,Degener directly assigns this headword to Turner/CDIAL 6648. [T. 6648],degener-shina2008:p261:e16,,,,num dialect:Sh:gil:Gilgit
Sh,,dub-,be unable,,,nicht können,"degener-shina2008[p. 261, glossary entry 17]",,"[s. Buddruss 1996, 42]",degener-shina2008:p261:e17,,,,intr dialect:Sh:gil:Gilgit
Sh,,Dudháa,personal name,,,,"degener-shina2008[p. 261, glossary entry 18]",,,degener-shina2008:p261:e18,,,,proper-noun m dialect:Sh:gil:Gilgit
Sh,6677,dugúnyo,"again, once more",,,"wieder, nochmals","degener-shina2008[p. 261, glossary entry 19]",,Degener directly assigns this headword to Turner/CDIAL 6677. [T. 6677],degener-shina2008:p261:e19,,,,adv dialect:Sh:gil:Gilgit
Sh,6864,duǰ-,"wash (oneself), wash (something)",,,"(sich) waschen, (etwas) waschen","degener-shina2008[p. 261, glossary entry 20]",,"Degener directly assigns this headword to Turner/CDIAL 6864. [T. 6864, Berger 1961, 60, Atlas 79]",degener-shina2008:p261:e20,,,,tr dialect:Sh:gil:Gilgit
Sh,,duǰar-,"wash, pour water over something",,,"(Kaus. von duǰ-). waschen, über etwas Wasser gießen","degener-shina2008[p. 261, glossary entry 21]",,,degener-shina2008:p261:e21,,,,tr dialect:Sh:gil:Gilgit
Sh,,duǰariǰ-,be washed,,,(pass. von duǰar-). gewaschen werden,"degener-shina2008[p. 261, glossary entry 22]",,,degener-shina2008:p261:e22,,,,intr dialect:Sh:gil:Gilgit
Sh,,duǰiǰ-,"wash oneself, be washed by itself",,,"sich waschen, durch sich selbst gewaschen werden (pass. von duǰ-)","degener-shina2008[p. 262, glossary entry 1]",,,degener-shina2008:p262:e01,,,,dialect:Sh:gil:Gilgit
Sh,6375,duuk,"guilt, fault",,,Schuld,"degener-shina2008[p. 262, glossary entry 2]",,Degener directly assigns this headword to Turner/CDIAL 6375. [T. 6375],degener-shina2008:p262:e02,,,,dialect:Sh:gil:Gilgit
Sh,,dukáan,shop,,,Laden,"degener-shina2008[p. 262, glossary entry 3]",,[← Ar.-Ur. dukaan],degener-shina2008:p262:e03,,,,f loanword dialect:Sh:gil:Gilgit
Sh,,dul,zinc; collyrium,,,Zink; Kollyrium,"degener-shina2008[p. 262, glossary entry 4]",,[= Bur.],degener-shina2008:p262:e04,,,,m dialect:Sh:gil:Gilgit
Sh,,duli-,build,,,bauen,"degener-shina2008[p. 262, glossary entry 5]",,,degener-shina2008:p262:e05,,,,tr dialect:Sh:gil:Gilgit
Sh,,dulyar-,build,,,bauen,"degener-shina2008[p. 262, glossary entry 6]",,"[vgl. duli-; Bailey 39, Berger 1961, 58]",degener-shina2008:p262:e06,,,,tr dialect:Sh:gil:Gilgit
Sh,6849,duúm,smoke,,,Rauch,"degener-shina2008[p. 262, glossary entry 7]",,"Degener directly assigns this headword to Turner/CDIAL 6849. [T. 6849, Atlas 65]",degener-shina2008:p262:e07,,,,m dialect:Sh:gil:Gilgit
Sh,,dumá b-,fall ill with gonorrhea,,,an Gonorrhöe erkranken,"degener-shina2008[p. 262, glossary entry 8]",,,degener-shina2008:p262:e08,,,,intr dialect:Sh:gil:Gilgit
Sh,,dumoói~,second,,,zweit(er),"degener-shina2008[p. 262, glossary entry 9]",,,degener-shina2008:p262:e09,,,,dialect:Sh:gil:Gilgit
Sh,,dunyáat,world,,,Welt,"degener-shina2008[p. 262, glossary entry 10]",,"[Bur. duináat, ← Ar.-Ur. dunyaa]",degener-shina2008:p262:e10,,,,dialect:Sh:gil:Gilgit
Sh,,du-páawo,"biped, two-footed creature",,,Zweifüßler,"degener-shina2008[p. 262, glossary entry 11]",,,degener-shina2008:p262:e11,,,,m dialect:Sh:gil:Gilgit
Sh,6495,duúr,far,,,fern,"degener-shina2008[p. 262, glossary entry 12]",,"Degener directly assigns this headword to Turner/CDIAL 6495. [ T. 6495, Atlas 83]",degener-shina2008:p262:e12,,,,adj m f dialect:Sh:gil:Gilgit
Sh,,dušmán,enemy,,,Feind,"degener-shina2008[p. 262, glossary entry 13]",,[← Pers.-Ur.],degener-shina2008:p262:e13,,,,m loanword dialect:Sh:gil:Gilgit
Sh,,duṣṭaníi,"envy, ill will",,,Missgunst,"degener-shina2008[p. 262, glossary entry 14]",,[T. 6472 + ?],degener-shina2008:p262:e14,,,,f dialect:Sh:gil:Gilgit
Sh,6391,dut,milk,,,Milch,"degener-shina2008[p. 262, glossary entry 15]",,"Degener directly assigns this headword to Turner/CDIAL 6391. [T. 6391, Atlas 77]",degener-shina2008:p262:e15,,,,m dialect:Sh:gil:Gilgit
Sh,5576,ḍaḍáŋ,drum,,,Trommel,"degener-shina2008[p. 262, glossary entry 16]",,"Degener directly assigns this headword to Turner/CDIAL 5576. [= Bur.; Ikoh ḍhaṛʌ́ṅg, T. 5576]",degener-shina2008:p262:e16,,,,m dialect:Sh:gil:Gilgit
Sh,,ḍáḍar,scree slope,,,Geröllhalde,"degener-shina2008[p. 262, glossary entry 17]",,"[= Bur., Ikoh ḍáḍʌr]",degener-shina2008:p262:e17,,,,m dialect:Sh:gil:Gilgit
Sh,14641,ḍak,"hammer blow, sound of hammering",,,"Hammerschlag, Geräusch beim Hämmern","degener-shina2008[p. 262, glossary entry 18]",,Degener directly assigns this headword to Turner/CDIAL 14641. [Bur. ḍak ~-t- hämmern; T. 14641],degener-shina2008:p262:e18,,,,m dialect:Sh:gil:Gilgit
Sh,,ḍak d-,rely on,,,sich verlassen auf,"degener-shina2008[p. 262, glossary entry 19]",,,degener-shina2008:p262:e19,,,,dialect:Sh:gil:Gilgit
Sh,,ḍak b-,"be struck, collide",,,"geschlagen werden, zusammenstoßen","degener-shina2008[p. 262, glossary entry 20]",,,degener-shina2008:p262:e20,,,,intr dialect:Sh:gil:Gilgit
Sh,,ḍak th-,"strike, beat",,,schlagen,"degener-shina2008[p. 262, glossary entry 21]",,[= Bur.],degener-shina2008:p262:e21,,,,tr dialect:Sh:gil:Gilgit
Sh,5582,ḍáaki,back,,,Rücken,"degener-shina2008[p. 262, glossary entry 22]",,Degener directly assigns this headword to Turner/CDIAL 5582. [T. 5582],degener-shina2008:p262:e22,,,,f dialect:Sh:gil:Gilgit
Sh,,ḍam,time (occasion),,,Mal (fois),"degener-shina2008[p. 262, glossary entry 23]",,"[Bur. =, Ikoh ḍhʌ́m]",degener-shina2008:p262:e23,,,,f dialect:Sh:gil:Gilgit
Sh,,ḍar b-,"slide off, roll off",,,"abgleiten, abrollen","degener-shina2008[p. 263, glossary entry 1]",,[← Bur. ḍar man ´-],degener-shina2008:p263:e01,,,,intr loanword dialect:Sh:gil:Gilgit
Sh,,ḍeék,pot,,,Topf,"degener-shina2008[p. 263, glossary entry 2]",,[wegen ḍ und wegen des Akzents nicht Pers-Ur. deg],degener-shina2008:p263:e02,,,,f dialect:Sh:gil:Gilgit
Sh,5589,ḍeér,"belly, stomach",,,"Bauch, Magen","degener-shina2008[p. 263, glossary entry 3]",,"Degener directly assigns this headword to Turner/CDIAL 5589. [T. 5589, Atlas 160]",degener-shina2008:p263:e03,,,,f dialect:Sh:gil:Gilgit
Sh,14547,ḍiḍo,ball,,,Kugel,"degener-shina2008[p. 263, glossary entry 4]",,"Degener directly assigns this headword to Turner/CDIAL 14547. [Bur. ḍiro Kügelchen, Pille, T. 14547]",degener-shina2008:p263:e04,,,,dialect:Sh:gil:Gilgit
Sh,5551,ḍim,body; self,,,"Körper, Leib; Selbst","degener-shina2008[p. 263, glossary entry 5]",,"Degener directly assigns this headword to Turner/CDIAL 5551. [T. 5551, Bur. -ḍím]",degener-shina2008:p263:e05,,,,m dialect:Sh:gil:Gilgit
Sh,,ḍiŋ-ḍáŋ b-,"bump into one another, collide; quarrel",,,"aneinander stoßen, zusammenstoßen; streiten","degener-shina2008[p. 263, glossary entry 6]",,[ḍaŋ Zusammenstoß],degener-shina2008:p263:e06,,,,dialect:Sh:gil:Gilgit
Sh,,ḍir b-,"be shoved down, roll on the ground, sacrifice oneself",,,"hingeschubst werden, am Boden rollen, sich aufopfern","degener-shina2008[p. 263, glossary entry 7]",,"[← Bur. ḍir man ´-, im Bur. Deminutiv von ḍar]",degener-shina2008:p263:e07,,,,intr loanword dialect:Sh:gil:Gilgit
Sh,5592,ḍok b-,"meet, come together",,,zusammentreffen,"degener-shina2008[p. 263, glossary entry 8]",,Degener directly assigns this headword to Turner/CDIAL 5592. [T. 5592],degener-shina2008:p263:e08,,,,intr dialect:Sh:gil:Gilgit
Sh,,ḍóoki,dimple,,,Grübchen,"degener-shina2008[p. 263, glossary entry 9]",,"[zu Bur.-Shina ḍóoko kleine Kornhocke, kleiner Teich]",degener-shina2008:p263:e09,,,,f dialect:Sh:gil:Gilgit
Sh,5570,ḍoóm,"Dom, member of the blacksmith and musician caste of Gilgit, Hunza, and Nager",,,"Dom, Angehörige der Schmiede- und Musikerkaste von Gilgit, Hunza u. Nager","degener-shina2008[p. 263, glossary entry 10]",,Degener directly assigns this headword to Turner/CDIAL 5570. [T. 5570],degener-shina2008:p263:e10,,,,dialect:Sh:gil:Gilgit
Sh,,ḍóŋhar,mustard,,,Senf,"degener-shina2008[p. 263, glossary entry 11]",,[= Bur.],degener-shina2008:p263:e11,,,,m dialect:Sh:gil:Gilgit
Sh,5573,ḍóori,ladle,,,Schöpflöffel,"degener-shina2008[p. 263, glossary entry 12]",,"Degener directly assigns this headword to Turner/CDIAL 5573. [Bur. =, T. 5573]",degener-shina2008:p263:e12,,,,dialect:Sh:gil:Gilgit
Sh,,ḍuk,crashed together,,,aufeinandergeprallt,"degener-shina2008[p. 263, glossary entry 13]",,[zu T. 5557],degener-shina2008:p263:e13,,,,dialect:Sh:gil:Gilgit
Sh,,ḍukúṭo,basket,,,Korb,"degener-shina2008[p. 263, glossary entry 14]",,[Ikoh ṭukrō ],degener-shina2008:p263:e14,,,,m dialect:Sh:gil:Gilgit
Sh,,ḍuúkur,"kinship group, lineage",,,"Verwandtschaft, lineage; vgl. Jettmar 1975, 229, Sökefeld 1997, 86-7","degener-shina2008[p. 263, glossary entry 15]",,,degener-shina2008:p263:e15,,,,dialect:Sh:gil:Gilgit
Sh,,ḍukúri,small hut,,,kleine Hütte,"degener-shina2008[p. 263, glossary entry 16]",,"[= Bur., Ikoh]",degener-shina2008:p263:e16,,,,f dialect:Sh:gil:Gilgit
Sh,,eé,this (the one previously mentioned),,,diese(r) (zuvor genannte); korrel. zu kóo. siehe auch s. v. oó,"degener-shina2008[p. 263, glossary entry 17]",,,degener-shina2008:p263:e17,,,,demonstrative pron f dialect:Sh:gil:Gilgit
Sh,,eip,"fault, mistake",,,Fehler,"degener-shina2008[p. 263, glossary entry 18]",,[← Ar.-Ur. ʿaib],degener-shina2008:p263:e18,,,,loanword dialect:Sh:gil:Gilgit
Sh,2462,ek,one; one and the same,,,"ein, einer, eins; ein und dasselbe","degener-shina2008[p. 263, glossary entry 19]",,Degener directly assigns this headword to Turner/CDIAL 2462. [T. 2462],degener-shina2008:p263:e19,,,,indef num dialect:Sh:gil:Gilgit
Sh,,ekaálo,"only, sole",,,einzig,"degener-shina2008[p. 263, glossary entry 20]",,,degener-shina2008:p263:e20,,,,adj m dialect:Sh:gil:Gilgit
Sh,,ekčhíro,one-year-old (billy goat),,,einjährig (Ziegenbock),"degener-shina2008[p. 264, glossary entry 1]",,,degener-shina2008:p264:e01,,,,adj m dialect:Sh:gil:Gilgit
Sh,,ekošaár,"solitude, loneliness",,,Einsamkeit,"degener-shina2008[p. 264, glossary entry 2]",,,degener-shina2008:p264:e02,,,,f dialect:Sh:gil:Gilgit
Sh,,ek-zéel,"equal, alike",,,gleich,"degener-shina2008[p. 264, glossary entry 3]",,,degener-shina2008:p264:e03,,,,adj m f dialect:Sh:gil:Gilgit
Sh,,eéno,mirror,,,Spiegel,"degener-shina2008[p. 264, glossary entry 4]",,[← Pers. aa ʿiina],degener-shina2008:p264:e04,,,,m loanword dialect:Sh:gil:Gilgit
Sh,,farištá,angel,,,Engel,"degener-shina2008[p. 264, glossary entry 5]",,[← Pers.-Ur.],degener-shina2008:p264:e05,,,,loanword dialect:Sh:gil:Gilgit
Sh,4402,ga,,,,,"degener-shina2008[p. 264, glossary entry 7]",,Degener directly assigns this headword to Turner/CDIAL 4402. [T. 4402],degener-shina2008:p264:e07,,,,dialect:Sh:gil:Gilgit
Sh,,gáac̣,"value, price",,,"Wert, Preis","degener-shina2008[p. 264, glossary entry 8]",,[Bur. gaṣ],degener-shina2008:p264:e08,,,,f dialect:Sh:gil:Gilgit
Sh,3949,gac̣hí,"rod, twig",,,"Rute, Zweig","degener-shina2008[p. 264, glossary entry 9]",,Degener directly assigns this headword to Turner/CDIAL 3949. [T. 3949; Bur. gac̣hé],degener-shina2008:p264:e09,,,,f dialect:Sh:gil:Gilgit
Sh,4126,gáae,songs (pl),,,Lieder (pl),"degener-shina2008[p. 264, glossary entry 10]",,Degener directly assigns this headword to Turner/CDIAL 4126. [T. 4126],degener-shina2008:p264:e10,,,,dialect:Sh:gil:Gilgit
Sh,,gahúur,wave,,,Welle,"degener-shina2008[p. 264, glossary entry 11]",,"[Ikoh gahūr ""a huge splash""]",degener-shina2008:p264:e11,,,,f dialect:Sh:gil:Gilgit
Sh,4460,gaál,wound,,,Wunde,"degener-shina2008[p. 264, glossary entry 12]",,"Degener directly assigns this headword to Turner/CDIAL 4460. [T. 4460, Bur. =]",degener-shina2008:p264:e12,,,,f dialect:Sh:gil:Gilgit
Sh,,galalíto,wounded,,,verwundet,"degener-shina2008[p. 264, glossary entry 13]",,,degener-shina2008:p264:e13,,,,adj m dialect:Sh:gil:Gilgit
Sh,,galaṭíǰ-,"become confused, get mixed up",,,"verwirrt werden, durcheinandergeraten","degener-shina2008[p. 264, glossary entry 14]",,,degener-shina2008:p264:e14,,,,intr dialect:Sh:gil:Gilgit
Sh,,gaáli,"mountain pass, mountain ridge",,,"Bergpass, Berggrat, -rücken","degener-shina2008[p. 264, glossary entry 15]",,,degener-shina2008:p264:e15,,,,f dialect:Sh:gil:Gilgit
Sh,,galiim,enemy,,,Feind,"degener-shina2008[p. 264, glossary entry 16]",,[← Pashto γaliim],degener-shina2008:p264:e16,,,,m loanword dialect:Sh:gil:Gilgit
Sh,,gáaliŋ,retaining wall along a path or river,,,Stützmauer an Weg oder Fluss,"degener-shina2008[p. 264, glossary entry 17]",,[Bur. gáliṅ Stufen; Balken für den Straßenbau],degener-shina2008:p264:e17,,,,f dialect:Sh:gil:Gilgit
Sh,,galíp,victorious,,,siegreich,"degener-shina2008[p. 264, glossary entry 18]",,[Ar.-Ur. γaalib],degener-shina2008:p264:e18,,,,adj m f dialect:Sh:gil:Gilgit
Sh,,galíis,sick,,,krank,"degener-shina2008[p. 264, glossary entry 19]",,"[Bur. ġalíis, ← Ur. γaliiẓ]",degener-shina2008:p264:e19,,,,adj m f dialect:Sh:gil:Gilgit
Sh,4368,gáam,village,,,Dorf,"degener-shina2008[p. 265, glossary entry 1]",,Degener directly assigns this headword to Turner/CDIAL 4368. [T. 4368],degener-shina2008:p265:e01,,,,f dialect:Sh:gil:Gilgit
Sh,,gambéšo,neighbor,,,Nachbar,"degener-shina2008[p. 265, glossary entry 2]",,[T. 4374?],degener-shina2008:p265:e02,,,,m dialect:Sh:gil:Gilgit
Sh,,gamúk,"ice, glacier",,,"Eis, Gletscher","degener-shina2008[p. 265, glossary entry 3]",,[Bur. ġamú],degener-shina2008:p265:e03,,,,m dialect:Sh:gil:Gilgit
Sh,4353,gan-,bind,,,binden,"degener-shina2008[p. 265, glossary entry 4]",,"Degener directly assigns this headword to Turner/CDIAL 4353. [T. 4353, Berger 1961, 59. Radloff 1999, 121 und Bailey gaṇ-]",degener-shina2008:p265:e04,,,,tr dialect:Sh:gil:Gilgit
Sh,,gáan,"leg, especially the lower part of the leg",,,"Bein, v. a. unterer Teil des Beines","degener-shina2008[p. 265, glossary entry 5]",,[Bur. -ġáan Ferse],degener-shina2008:p265:e05,,,,f dialect:Sh:gil:Gilgit
Sh,,gandál,"squabbling, bickering",,,printed as a cross-reference: s. gaš-gandál.,"degener-shina2008[p. 265, glossary entry 6]",,,degener-shina2008:p265:e06,degener-shina2008:p265:e16,,,dialect:Sh:gil:Gilgit
Sh,3994,gaáni,"immoral woman, whore",,,"sittenlose Frau, Hure","degener-shina2008[p. 265, glossary entry 7]",,"Degener directly assigns this headword to Turner/CDIAL 3994. [T. 3994, = Bur.]",degener-shina2008:p265:e07,,,,f dialect:Sh:gil:Gilgit
Sh,4428,gar,wedding,,,Hochzeit,"degener-shina2008[p. 265, glossary entry 8]",,"Degener directly assigns this headword to Turner/CDIAL 4428. [T. 4428, Bur. =]",degener-shina2008:p265:e08,,,,f dialect:Sh:gil:Gilgit
Sh,,gárak,ruin,,,Ruin,"degener-shina2008[p. 265, glossary entry 9]",,[← Ar.-Ur. γarq],degener-shina2008:p265:e09,,,,loanword dialect:Sh:gil:Gilgit
Sh,,garguúr d-,"carry much water, roar loudly (of a river)",,,"viel Wasser führen, heftig rauschen (Fluss)","degener-shina2008[p. 265, glossary entry 10]",,"[vgl. Ikoh γʌr-γʌr roar, Shina gargará/ Bur. ġargará Gurgeln?]",degener-shina2008:p265:e10,,,,dialect:Sh:gil:Gilgit
Sh,,garíib,poor; poor person,,,arm; Armer,"degener-shina2008[p. 265, glossary entry 11]",,[←Ar.-Ur. γariib],degener-shina2008:p265:e11,,,,adj m f loanword dialect:Sh:gil:Gilgit
Sh,,garibii,poverty,,,Armut,"degener-shina2008[p. 265, glossary entry 12]",,[garíib + Abstraktsuffix -ii; gariibíi ← Urdu γariibii mit „gelehrter“ Aussprache?],degener-shina2008:p265:e12,,,,f dialect:Sh:gil:Gilgit
Sh,,garúuwo,"goitrous, person with a goiter",,,"kropfig, Kropfiger","degener-shina2008[p. 265, glossary entry 13]",,"[gáaro Kropf, Bur. ġáaro, Ikoh γʌrʌv~]",degener-shina2008:p265:e13,,,,adj m dialect:Sh:gil:Gilgit
Sh,,gasmáli,a plant,,,eine Pflanze,"degener-shina2008[p. 265, glossary entry 14]",,[Bur. gasmáli Art aromatische Blume],degener-shina2008:p265:e14,,,,dialect:Sh:gil:Gilgit
Sh,,gaš,quarrel,,,Streit,"degener-shina2008[p. 265, glossary entry 15]",,[= Bur.],degener-shina2008:p265:e15,,,,dialect:Sh:gil:Gilgit
Sh,,gaš-gandál,"squabbling, bickering",,,Gezänk,"degener-shina2008[p. 265, glossary entry 16]",,[gandál nur in gaš-gandál],degener-shina2008:p265:e16,,,,dialect:Sh:gil:Gilgit
Sh,,gaṭ-,win,,,gewinnen,"degener-shina2008[p. 265, glossary entry 17]",,"[Ikoh gaṭav~, zu T. 4418 (Zoller)]",degener-shina2008:p265:e17,,,,tr dialect:Sh:gil:Gilgit
Sh,,gáṭi b-,"gather, assemble",,,sich versammeln,"degener-shina2008[p. 265, glossary entry 18]",,"[= Bur.; vgl. Buddruss 1996, 43]",degener-shina2008:p265:e18,,,,intr dialect:Sh:gil:Gilgit
Sh,4450,gaẓ-,"grind, rub",,,"mahlen, reiben","degener-shina2008[p. 265, glossary entry 19]",,Degener directly assigns this headword to Turner/CDIAL 4450. [T. 4450],degener-shina2008:p265:e19,,,,tr dialect:Sh:gil:Gilgit
Sh,4236,ge,"with, through",,,"gi mit, durch (+ casus rect.)","degener-shina2008[p. 265, glossary entry 20]",,Degener directly assigns this headword to Turner/CDIAL 4236. [T. 4236],degener-shina2008:p265:e20,,,,dialect:Sh:gil:Gilgit
Sh,4245,géen,wife,,,Ehefrau,"degener-shina2008[p. 265, glossary entry 21]",,Degener directly assigns this headword to Turner/CDIAL 4245. [T. 4245],degener-shina2008:p265:e21,,,,f dialect:Sh:gil:Gilgit
Sh,4501,gíi,ghee,,,Ghee,"degener-shina2008[p. 265, glossary entry 22]",,Degener directly assigns this headword to Turner/CDIAL 4501. [T. 4501],degener-shina2008:p265:e22,,,,m dialect:Sh:gil:Gilgit
Sh,,Giliít,place name Gilgit,,,Gilgit,"degener-shina2008[p. 266, glossary entry 1]",,,degener-shina2008:p266:e01,,,,proper-noun dialect:Sh:gil:Gilgit
Sh,4236,gin-,take,,,nehmen,"degener-shina2008[p. 266, glossary entry 2]",,Degener directly assigns this headword to Turner/CDIAL 4236. [T. 4236. Gramm. 5.3.5],degener-shina2008:p266:e02,,,,tr dialect:Sh:gil:Gilgit
Sh,,giráan,"difficult, hard",,,"schwierig, schwer","degener-shina2008[p. 266, glossary entry 3]",,[← Pers.-Ur.],degener-shina2008:p266:e03,,,,adj m f loanword dialect:Sh:gil:Gilgit
Sh,4231,gireéǰ,vulture,,,Geier,"degener-shina2008[p. 266, glossary entry 4]",,Degener directly assigns this headword to Turner/CDIAL 4231. [T. 4231],degener-shina2008:p266:e04,,,,f dialect:Sh:gil:Gilgit
Sh,4161,gíri,"large stone, boulder",,,"großer Stein, Felsblock","degener-shina2008[p. 266, glossary entry 5]",,Degener directly assigns this headword to Turner/CDIAL 4161. [T. 4161],degener-shina2008:p266:e05,,,,f dialect:Sh:gil:Gilgit
Sh,,giriíṭ th-,swallow,,,schlucken,"degener-shina2008[p. 266, glossary entry 6]",,"[Bur. ġiríṭ, Ikoh γuruṭ^h]",degener-shina2008:p266:e06,,,,tr dialect:Sh:gil:Gilgit
Sh,,góo,cow (sg. and pl.),,,Kuh (Sg. und Pl.),"degener-shina2008[p. 266, glossary entry 7]",,"[T. 4093, 4255]",degener-shina2008:p266:e07,,,,f dialect:Sh:gil:Gilgit
Sh,,góko,donkey foal,,,Eselsfüllen,"degener-shina2008[p. 266, glossary entry 8]",,[= Bur.],degener-shina2008:p266:e08,,,,m dialect:Sh:gil:Gilgit
Sh,,goloó,"of a cow, cow-",,,Kuh-,"degener-shina2008[p. 266, glossary entry 9]",,,degener-shina2008:p266:e09,,,,adj m dialect:Sh:gil:Gilgit
Sh,,góom,"grief, sorrow",,,Kummer (um: + Gen),"degener-shina2008[p. 266, glossary entry 10]",,[← Ar.-Pers. γam],degener-shina2008:p266:e10,,,,f loanword dialect:Sh:gil:Gilgit
Sh,,góo-máal,"livestock, cattle",,,Vieh,"degener-shina2008[p. 266, glossary entry 11]",,,degener-shina2008:p266:e11,,,,dialect:Sh:gil:Gilgit
Sh,,goón,"order of turns, ranking (at the mill)",,,"Reihenfolge, Rangliste (in der Mühle)","degener-shina2008[p. 266, glossary entry 12]",,,degener-shina2008:p266:e12,,,,f dialect:Sh:gil:Gilgit
Sh,4354,goṇ,seam (on a cap),,,Naht (an der Mütze),"degener-shina2008[p. 266, glossary entry 13]",,Degener directly assigns this headword to Turner/CDIAL 4354. [T. 4354],degener-shina2008:p266:e13,,,,f dialect:Sh:gil:Gilgit
Sh,4354,goṇ d-,"clench, cramp",,,verkrampfen,"degener-shina2008[p. 266, glossary entry 14]",,"Degener directly assigns this headword to Turner/CDIAL 4354. [goṇ Knoten, T. 4354]",degener-shina2008:p266:e14,,,,tr dialect:Sh:gil:Gilgit
Sh,4336,goóṭ,house,,,Haus,"degener-shina2008[p. 266, glossary entry 15]",,"Degener directly assigns this headword to Turner/CDIAL 4336. [T. 4336, Ikoh goṭ ´, Atlas 86]",degener-shina2008:p266:e15,,,,m dialect:Sh:gil:Gilgit
Sh,,go~yálo,"from the cowshed, also as a personal name",,,"aus dem Kuhstall, als EN","degener-shina2008[p. 266, glossary entry 16]",,,degener-shina2008:p266:e16,,,,adj m dialect:Sh:gil:Gilgit
Sh,,graá~,"devourer (of the moon, cause of lunar eclipses)",,,"Verschlinger (des Mondes, Ursache der Mondfinsternis)","degener-shina2008[p. 266, glossary entry 17]",,[T. 4364. Bur. gra],degener-shina2008:p266:e17,,,,m dialect:Sh:gil:Gilgit
Sh,4387,gríi~,collar,,,Kragen,"degener-shina2008[p. 266, glossary entry 18]",,Degener directly assigns this headword to Turner/CDIAL 4387. [T. 4387],degener-shina2008:p266:e18,,,,f dialect:Sh:gil:Gilgit
Sh,,grup,(threshed) straw,,,(ausgedroschenes) Stroh,"degener-shina2008[p. 266, glossary entry 19]",,,degener-shina2008:p266:e19,,,,m dialect:Sh:gil:Gilgit
Sh,4225,gúu,"excrement, feces",,,"Kot, Exkrement","degener-shina2008[p. 266, glossary entry 20]",,Degener directly assigns this headword to Turner/CDIAL 4225. [T. 4225],degener-shina2008:p266:e20,,,,m dialect:Sh:gil:Gilgit
Sh,,gúčo,"free from; somehow, without reason, to no purpose",,,"frei von; adv. irgendwie, grundlos, zwecklos","degener-shina2008[p. 266, glossary entry 21]",,,degener-shina2008:p266:e21,,,,adj m dialect:Sh:gil:Gilgit
Sh,,gúču,"otherwise, or else",,,"sonst, andernfalls","degener-shina2008[p. 267, glossary entry 1]",,,degener-shina2008:p267:e01,,,,adv dialect:Sh:gil:Gilgit
Sh,,gúuc̣o,irrigation channel,,,Bewässerungsgraben,"degener-shina2008[p. 267, glossary entry 2]",,"[Bur. guc̣ Winkel; Abschlusslinie im Feld, von der aus die Bewässerungsströme ausgehen]",degener-shina2008:p267:e02,,,,m dialect:Sh:gil:Gilgit
Sh,,gúi,flame,,,Flamme,"degener-shina2008[p. 267, glossary entry 3]",,[vgl. Ikoh guyáv~ to kindle (a fire)],degener-shina2008:p267:e03,,,,f dialect:Sh:gil:Gilgit
Sh,,guǰaali,"woman, lady of the house",,,"Frau, Frau des Hauses","degener-shina2008[p. 267, glossary entry 4]",,,degener-shina2008:p267:e04,,,,f dialect:Sh:gil:Gilgit
Sh,4210,Gúǰur,Gujur,,,Gujur,"degener-shina2008[p. 267, glossary entry 5]",,Degener directly assigns this headword to Turner/CDIAL 4210. [T. 4210],degener-shina2008:p267:e05,,,,m dialect:Sh:gil:Gilgit
Sh,4287,gúum,wheat,,,Weizen,"degener-shina2008[p. 267, glossary entry 6]",,Degener directly assigns this headword to Turner/CDIAL 4287. [T. 4287],degener-shina2008:p267:e06,,,,m dialect:Sh:gil:Gilgit
Sh,4190,gun,bowstring,,,Bogensehne,"degener-shina2008[p. 267, glossary entry 7]",,"Degener directly assigns this headword to Turner/CDIAL 4190. [T. 4190, Ikoh ghūṇ]",degener-shina2008:p267:e07,,,,f dialect:Sh:gil:Gilgit
Sh,,gunanii,thought,,,Gedanke,"degener-shina2008[p. 267, glossary entry 8]",,[zu T. 4191],degener-shina2008:p267:e08,,,,f dialect:Sh:gil:Gilgit
Sh,,gunaáuk,"something thought, a thought",,,ein Gedachtes,"degener-shina2008[p. 267, glossary entry 9]",,,degener-shina2008:p267:e09,,,,m dialect:Sh:gil:Gilgit
Sh,4190,guúni,thread,,,Faden,"degener-shina2008[p. 267, glossary entry 10]",,Degener directly assigns this headword to Turner/CDIAL 4190. [T. 4190],degener-shina2008:p267:e10,,,,f dialect:Sh:gil:Gilgit
Sh,,gunóo,"seed, seed grains (coll.)",,,"Samen, -körner (koll.)","degener-shina2008[p. 267, glossary entry 11]",,[Bur. ġunó],degener-shina2008:p267:e11,,,,m dialect:Sh:gil:Gilgit
Sh,,guṛúki,hiccups,,,Schluckauf,"degener-shina2008[p. 267, glossary entry 12]",,[Bur. kuḍúk],degener-shina2008:p267:e12,,,,f dialect:Sh:gil:Gilgit
Sh,,guṣpúr,barn for straw,,,Scheune für Stroh,"degener-shina2008[p. 267, glossary entry 13]",,[Bur. ġurpúṣ; cf. Ikoh ghuṣil^i],degener-shina2008:p267:e13,,,,dialect:Sh:gil:Gilgit
Sh,,guṭúmo,deep,,,tief,"degener-shina2008[p. 267, glossary entry 14]",,"[Ikoh guṭum, Bur. ġuṭúm, s. Zoller 144]",degener-shina2008:p267:e14,,,,adj m dialect:Sh:gil:Gilgit
Sh,,haác̣um,cheek,,,Wange,"degener-shina2008[p. 267, glossary entry 15]",,,degener-shina2008:p267:e15,,,,f dialect:Sh:gil:Gilgit
Sh,1009,hagaái,sky,,,Himmel,"degener-shina2008[p. 267, glossary entry 16]",,"Degener directly assigns this headword to Turner/CDIAL 1009. [T. 1009, Atlas 33]",degener-shina2008:p267:e16,,,,f dialect:Sh:gil:Gilgit
Sh,,hagaái-kuṭ,wall of the sky,,,Himmelswand,"degener-shina2008[p. 267, glossary entry 17]",,,degener-shina2008:p267:e17,,,,dialect:Sh:gil:Gilgit
Sh,125,hagáar,fire,,,Feuer,"degener-shina2008[p. 267, glossary entry 18]",,"Degener directly assigns this headword to Turner/CDIAL 125. [Ikoh ʌŋgā̀r, T. 125, Atlas 56]",degener-shina2008:p267:e18,,,,m dialect:Sh:gil:Gilgit
Sh,135,hagúi,"finger, toe",,,"Finger, Zeh","degener-shina2008[p. 267, glossary entry 19]",,"Degener directly assigns this headword to Turner/CDIAL 135. [Ikoh ʌŋgu ī̀, T. 135]",degener-shina2008:p267:e19,,,,f dialect:Sh:gil:Gilgit
Sh,1962,hagúro,heavy,,,schwer,"degener-shina2008[p. 267, glossary entry 20]",,Degener directly assigns this headword to Turner/CDIAL 1962. [T. 1962],degener-shina2008:p267:e20,,,,adj m dialect:Sh:gil:Gilgit
Sh,137,hagúṭo,"big toe, thumb",,,"großer Zeh, Daumen","degener-shina2008[p. 267, glossary entry 21]",,"Degener directly assigns this headword to Turner/CDIAL 137. [T. 137, Atlas 119]",degener-shina2008:p267:e21,,,,m dialect:Sh:gil:Gilgit
Sh,,hai th-,"run, race",,,"laufen, rennen","degener-shina2008[p. 268, glossary entry 1]",,[Bur. hái ét-],degener-shina2008:p268:e01,,,,dialect:Sh:gil:Gilgit
Sh,14068,háai,"laughter, joke",,,"Lachen, Scherz","degener-shina2008[p. 268, glossary entry 2]",,"Degener directly assigns this headword to Turner/CDIAL 14068. [T. 14068, Atlas 133]",degener-shina2008:p268:e02,,,,m dialect:Sh:gil:Gilgit
Sh,,háai,"grain measure, unit of weight equal to 2 seer, ca. 2 kg",,,"Getreidemaß, Gewichtseinheit entsprechend 2 seer, ca. 2 kg","degener-shina2008[p. 268, glossary entry 3]",,,degener-shina2008:p268:e03,,,,dialect:Sh:gil:Gilgit
Sh,,haaǰát,"wish, hope",,,"Wunsch, Hoffnung","degener-shina2008[p. 268, glossary entry 4]",,[← Ar.-Ur. ḥaajat],degener-shina2008:p268:e04,,,,loanword dialect:Sh:gil:Gilgit
Sh,,háakim,"high official, judge",,,"hoher Beamter, Richter","degener-shina2008[p. 268, glossary entry 5]",,[← Ar.-Ur. ḥaakim],degener-shina2008:p268:e05,,,,m loanword dialect:Sh:gil:Gilgit
Sh,14000,hal,"plow, plow beam",,,"Pflug, Pflugbaum","degener-shina2008[p. 268, glossary entry 6]",,Degener directly assigns this headword to Turner/CDIAL 14000. [T. 14000],degener-shina2008:p268:e06,,,,m dialect:Sh:gil:Gilgit
Sh,14001,hal d-,jump (over),,,(über)springen,"degener-shina2008[p. 268, glossary entry 7]",,"Degener directly assigns this headword to Turner/CDIAL 14001. [T. 14001, Bur. hal del-]",degener-shina2008:p268:e07,,,,dialect:Sh:gil:Gilgit
Sh,,háal,"condition, state; good condition, prosperity",,,"Zustand; guter Zustand, Wohlstand","degener-shina2008[p. 268, glossary entry 8]",,[← Ar.-Ur. ḥaal],degener-shina2008:p268:e08,,,,m loanword dialect:Sh:gil:Gilgit
Sh,,halál,"fat, ghee",,,"Fett, Ghee","degener-shina2008[p. 268, glossary entry 9]",,[Bur. halél],degener-shina2008:p268:e09,,,,m dialect:Sh:gil:Gilgit
Sh,,haláal,"religiously permitted, halal",,,"religiös erlaubt, halal","degener-shina2008[p. 268, glossary entry 10]",,[← Ar.-Ur. ḥalaal],degener-shina2008:p268:e10,,,,adj m f loanword dialect:Sh:gil:Gilgit
Sh,,halčiik,"no score (in polo, when no goal has been shot)",,,"Aus (beim Polo, wenn kein Tor geschossen worden ist)","degener-shina2008[p. 268, glossary entry 11]",,"[Bur. halčík Teil neben dem Tor, wo der Ball ins Aus geht]",degener-shina2008:p268:e11,,,,dialect:Sh:gil:Gilgit
Sh,,haliboón,"bet, wager",,,Wette,"degener-shina2008[p. 268, glossary entry 12]",,[Bur. halimoón],degener-shina2008:p268:e12,,,,f dialect:Sh:gil:Gilgit
Sh,,haliẓ-,turn yellow (of the complexion),,,gelb werden (vom Teint),"degener-shina2008[p. 268, glossary entry 13]",,,degener-shina2008:p268:e13,,,,intr dialect:Sh:gil:Gilgit
Sh,13990,halíẓo,yellow,,,gelb,"degener-shina2008[p. 268, glossary entry 14]",,Degener directly assigns this headword to Turner/CDIAL 13990. [T. 13990],degener-shina2008:p268:e14,,,,adj m dialect:Sh:gil:Gilgit
Sh,,háalo,"goal (shot, in polo)",,,"Tor (-schuss, beim Polo)","degener-shina2008[p. 268, glossary entry 15]",,[Bur. hála],degener-shina2008:p268:e15,,,,dialect:Sh:gil:Gilgit
Sh,,haloól,"web (of spiders), nest (of wasps, bees, ants)",,,"Netz (von Spinnen), Nest, Bau (von Wespen, Bienen, Ameisen)","degener-shina2008[p. 268, glossary entry 16]",,"[Buddruss 1996, 44]",degener-shina2008:p268:e16,,,,m dialect:Sh:gil:Gilgit
Sh,,hamal,neighbor,,,Nachbar,"degener-shina2008[p. 268, glossary entry 17]",,"[Pers-Ur. hamaal Freund, Genosse]",degener-shina2008:p268:e17,,,,dialect:Sh:gil:Gilgit
Sh,,hamár,"grain pit, storage vessel",,,"Korngrube, Vorratsgefäß","degener-shina2008[p. 268, glossary entry 18]",,[Bur. hamár Speicherraum für Gefäße usw.],degener-shina2008:p268:e18,,,,f dialect:Sh:gil:Gilgit
Sh,9416,han,is (verbum substantivum); with genitive expresses possession,,,"Verbum substantivum, mit Genitiv zur Anzeige eines Possessivverhältnisses","degener-shina2008[p. 268, glossary entry 19]",,"Degener directly assigns this headword to Turner/CDIAL 9416. [T. 9416, Buddruss 1996, 44. Gramm. 5.7.1]",degener-shina2008:p268:e19,,,,dialect:Sh:gil:Gilgit
Sh,,Hanasaári,name of the Gilgit River,,,Name des Gilgit-Flusses,"degener-shina2008[p. 268, glossary entry 20]",,[Bur. hanisaári],degener-shina2008:p268:e20,,,,f dialect:Sh:gil:Gilgit
Sh,1111,haneé,egg,,,Ei,"degener-shina2008[p. 269, glossary entry 1]",,"Degener directly assigns this headword to Turner/CDIAL 1111. [Ikoh ā~ʌy, T. 1111, Atlas 100]",degener-shina2008:p269:e01,,,,f dialect:Sh:gil:Gilgit
Sh,,hanii,"fruit stone, kernel",,,"Fruchtstein, Kern","degener-shina2008[p. 269, glossary entry 2]",,[Bur. haní],degener-shina2008:p269:e02,,,,f dialect:Sh:gil:Gilgit
Sh,13937,hans,goose,,,Gans,"degener-shina2008[p. 269, glossary entry 3]",,Degener directly assigns this headword to Turner/CDIAL 13937. [T. 13937],degener-shina2008:p269:e03,,,,m dialect:Sh:gil:Gilgit
Sh,,haáo,answer (to the call hóo),,,Antwort (auf den Ruf hóo),"degener-shina2008[p. 269, glossary entry 4]",,[vgl. Bur. áao],degener-shina2008:p269:e04,,,,f dialect:Sh:gil:Gilgit
Sh,,har,"each, every",,,indef.pron.: jede(r),"degener-shina2008[p. 269, glossary entry 5]",,[← Pers.-Ur. Gramm. 2.4.5.3],degener-shina2008:p269:e05,,,,loanword dialect:Sh:gil:Gilgit
Sh,13980,har-,"take, take away; lay, put",,,"nehmen, wegnehmen; legen, setzen","degener-shina2008[p. 269, glossary entry 6]",,Degener directly assigns this headword to Turner/CDIAL 13980. [T. 13980],degener-shina2008:p269:e06,,,,dialect:Sh:gil:Gilgit
Sh,,haráam,"religiously forbidden, haram",,,"religiös verboten, haram","degener-shina2008[p. 269, glossary entry 7]",,[← Ar.-Ur. ḥaraam],degener-shina2008:p269:e07,,,,adj m f loanword dialect:Sh:gil:Gilgit
Sh,,haram,cheek,,,Wange,"degener-shina2008[p. 269, glossary entry 8]",,,degener-shina2008:p269:e08,,,,dialect:Sh:gil:Gilgit
Sh,,harar-,lose,,,(kaus. von har-) verlieren,"degener-shina2008[p. 269, glossary entry 9]",,,degener-shina2008:p269:e09,,,,tr dialect:Sh:gil:Gilgit
Sh,,harkát,movement,,,Bewegung,"degener-shina2008[p. 269, glossary entry 10]",,[← Ar.-Ur. ḥar(a)kat],degener-shina2008:p269:e10,,,,loanword dialect:Sh:gil:Gilgit
Sh,14039,há~sto,elephant,,,Elefant,"degener-shina2008[p. 269, glossary entry 11]",,Degener directly assigns this headword to Turner/CDIAL 14039. [T. 14039],degener-shina2008:p269:e11,,,,m f dialect:Sh:gil:Gilgit
Sh,14024,hat,hand,,,Hand,"degener-shina2008[p. 269, glossary entry 12]",,"Degener directly assigns this headword to Turner/CDIAL 14024. [T. 14024, Atlas 85]",degener-shina2008:p269:e12,,,,m dialect:Sh:gil:Gilgit
Sh,,Hatám Thai,personal name,,,Thai EN m,"degener-shina2008[p. 269, glossary entry 13]",,,degener-shina2008:p269:e13,,,,proper-noun m dialect:Sh:gil:Gilgit
Sh,14029,hata-táa,palm(s) of the hand (pl),,,Handfläche(n) (pl),"degener-shina2008[p. 269, glossary entry 14]",,"Degener directly assigns this headword to Turner/CDIAL 14029. [T. 14029, Atlas 110]",degener-shina2008:p269:e14,,,,dialect:Sh:gil:Gilgit
Sh,,hawás,"desire, wish",,,"Lust, Wunsch","degener-shina2008[p. 269, glossary entry 15]",,[← Ar.-Ur. hawas],degener-shina2008:p269:e15,,,,f loanword dialect:Sh:gil:Gilgit
Sh,,hayar-,make laugh,,,(Kaus. von hai-) zum Lachen bringen,"degener-shina2008[p. 269, glossary entry 16]",,,degener-shina2008:p269:e16,,,,tr dialect:Sh:gil:Gilgit
Sh,516,hayóon,sign; target mark (in archery); gift,,,"Zeichen, daher 1) Zielmarke (beim Bogenschießen), 2) Geschenk","degener-shina2008[p. 269, glossary entry 17]",,"Degener directly assigns this headword to Turner/CDIAL 516. [T. 516, Ikoh hʌyō´ṇḍ, Bur. hayán]",degener-shina2008:p269:e17,,,,m dialect:Sh:gil:Gilgit
Sh,,héeš,time (occasion),,,Mal (fois),"degener-shina2008[p. 269, glossary entry 18]",,[← Bur. héesĩ],degener-shina2008:p269:e18,,,,loanword dialect:Sh:gil:Gilgit
Sh,,hetwáal,trader (obsolete),,,Händler (obsolet),"degener-shina2008[p. 269, glossary entry 19]",,,degener-shina2008:p269:e19,,,,dialect:Sh:gil:Gilgit
Sh,,heṭ,free,,,frei,"degener-shina2008[p. 269, glossary entry 20]",,"[Bur. =, Ikoh héṛ^h]",degener-shina2008:p269:e20,,,,adj m f dialect:Sh:gil:Gilgit
Sh,,héṭo,free,,,frei,"degener-shina2008[p. 269, glossary entry 21]",,,degener-shina2008:p269:e21,,,,adj m dialect:Sh:gil:Gilgit
Sh,,hifaá b-,be sad,,,traurig sein,"degener-shina2008[p. 269, glossary entry 22]",,[← Ar.-Ur. ḥaif + Adverbialendung -aá],degener-shina2008:p269:e22,,,,loanword dialect:Sh:gil:Gilgit
Sh,,híiǰi th-,think of,,,denken an,"degener-shina2008[p. 270, glossary entry 1]",,[T. 14154?],degener-shina2008:p270:e01,,,,dialect:Sh:gil:Gilgit
Sh,,hiláal,bride,,,Braut,"degener-shina2008[p. 270, glossary entry 2]",,"[Bur. =, Ikoh helā~l]",degener-shina2008:p270:e02,,,,f dialect:Sh:gil:Gilgit
Sh,,hilalóo,bridegroom,,,Bräutigam,"degener-shina2008[p. 270, glossary entry 3]",,[Ikoh hellō~ ],degener-shina2008:p270:e03,,,,m dialect:Sh:gil:Gilgit
Sh,,hin,snow,,,Schnee,"degener-shina2008[p. 270, glossary entry 4]",,"[T. 13798, 14840, Atlas 93]",degener-shina2008:p270:e04,,,,m dialect:Sh:gil:Gilgit
Sh,,hii~ṣ,breath,,,Atem,"degener-shina2008[p. 270, glossary entry 5]",,"[vgl. Zoller, Ikoh s. v. dhī`ṣ]",degener-shina2008:p270:e05,,,,dialect:Sh:gil:Gilgit
Sh,14152,híyo,heart,,,Herz,"degener-shina2008[p. 270, glossary entry 6]",,"Degener directly assigns this headword to Turner/CDIAL 14152. [T. 14152, Atlas 35]",degener-shina2008:p270:e06,,,,m dialect:Sh:gil:Gilgit
Sh,,hóo th-,call; call out to someone,,,"rufen, jmdm. zurufen","degener-shina2008[p. 270, glossary entry 7]",,,degener-shina2008:p270:e07,,,,dialect:Sh:gil:Gilgit
Sh,,hókoto,then,,,dann,"degener-shina2008[p. 270, glossary entry 8]",,,degener-shina2008:p270:e08,,,,adv dialect:Sh:gil:Gilgit
Sh,,Hólo,personal name,,,,"degener-shina2008[p. 270, glossary entry 9]",,,degener-shina2008:p270:e09,,,,proper-noun m dialect:Sh:gil:Gilgit
Sh,,hor-,collapse; fall down,,,"ein-, abstürzen","degener-shina2008[p. 270, glossary entry 10]",,,degener-shina2008:p270:e10,,,,intr dialect:Sh:gil:Gilgit
Sh,,horyar-,tear down,,,(Kaus. von hor(y)-). niederreißen,"degener-shina2008[p. 270, glossary entry 11]",,,degener-shina2008:p270:e11,,,,tr dialect:Sh:gil:Gilgit
Sh,,húu,owl,,,Eule,"degener-shina2008[p. 270, glossary entry 12]",,[wohl onomat.; Bur. húuỹ(?)o],degener-shina2008:p270:e12,,,,m uncertain dialect:Sh:gil:Gilgit
Sh,,hubáabal,thistle,,,Distel,"degener-shina2008[p. 270, glossary entry 13]",,,degener-shina2008:p270:e13,,,,m dialect:Sh:gil:Gilgit
Sh,,huc̣,field wall; wall,,,"Feldmauer, Wand","degener-shina2008[p. 270, glossary entry 14]",,"[Bur. hurt, s. Berger s. v.]",degener-shina2008:p270:e14,,,,m dialect:Sh:gil:Gilgit
Sh,,hun b-,get up; be awake,,,"aufstehen, wach sein","degener-shina2008[p. 270, glossary entry 15]",,[hun = húun],degener-shina2008:p270:e15,,,,intr dialect:Sh:gil:Gilgit
Sh,,húun th-,pick up; lift up,,,"aufheben, hochheben","degener-shina2008[p. 270, glossary entry 16]",,"[s. Buddruss 1996, 44: T. 2426?]",degener-shina2008:p270:e16,,,,dialect:Sh:gil:Gilgit
Sh,,hunár,cleverness; skill; virtue,,,"Klugheit, Kunst, Tugend","degener-shina2008[p. 270, glossary entry 17]",,[← Pers.-Ur.],degener-shina2008:p270:e17,,,,f loanword dialect:Sh:gil:Gilgit
Sh,,húuŋ,vow; oath,,,"Schwur, Eid","degener-shina2008[p. 270, glossary entry 18]",,,degener-shina2008:p270:e18,,,,m dialect:Sh:gil:Gilgit
Sh,,húur,houri; beautiful woman of paradise,,,"Huri, paradiesisch schöne Frau","degener-shina2008[p. 270, glossary entry 19]",,[← Ar.-Ur. ḥuur],degener-shina2008:p270:e19,,,,f loanword dialect:Sh:gil:Gilgit
Sh,,huṣ,glad,,,froh,"degener-shina2008[p. 270, glossary entry 20]",,[← Pers.-Ur. xuš?],degener-shina2008:p270:e20,,,,adj loanword dialect:Sh:gil:Gilgit
Sh,,huúṣ-wá,Come here! (call to cattle),,,Komm her! (Zuruf an Rinder),"degener-shina2008[p. 270, glossary entry 21]",,,degener-shina2008:p270:e21,,,,dialect:Sh:gil:Gilgit
Sh,,húut,name of a month (February-March),,,Monatsname (Februar-März),"degener-shina2008[p. 270, glossary entry 22]",,[← Ar.-Ur. ḥuut pisces],degener-shina2008:p270:e22,,,,loanword dialect:Sh:gil:Gilgit
Sh,2445,ic̣,bear,,,Bär,"degener-shina2008[p. 271, glossary entry 1]",,Degener directly assigns this headword to Turner/CDIAL 2445. [T. 2445],degener-shina2008:p271:e01,,,,m dialect:Sh:gil:Gilgit
Sh,2445,i~c̣,bear,,,Bär,"degener-shina2008[p. 271, glossary entry 1]",,Degener directly assigns this headword to Turner/CDIAL 2445. [T. 2445],degener-shina2008:p271:e01:v2,degener-shina2008:p271:e01,,,m alternate dialect:Sh:gil:Gilgit
Sh,,insáan,human being,,,Mensch,"degener-shina2008[p. 271, glossary entry 2]",,[← Ar.-Ur.],degener-shina2008:p271:e02,,,,loanword dialect:Sh:gil:Gilgit
Sh,,irgaṭák,around,,,um ... herum (+ Gen.),"degener-shina2008[p. 271, glossary entry 3]",,[Bur. -ḍigáariṭak],degener-shina2008:p271:e03,,,,postp dialect:Sh:gil:Gilgit
Sh,,isí,then,,,dann,"degener-shina2008[p. 271, glossary entry 4]",,[Bur. -c̄(?)i Kasusendung],degener-shina2008:p271:e04,,,,adv uncertain dialect:Sh:gil:Gilgit
Sh,13923,ispáa,taste,,,Geschmack,"degener-shina2008[p. 271, glossary entry 5]",,Degener directly assigns this headword to Turner/CDIAL 13923. [T. 13923],degener-shina2008:p271:e05,,,,m dialect:Sh:gil:Gilgit
Sh,,ispándur,"rue, also used as a medicinal plant",,,"Raute, auch als Heilpflanze","degener-shina2008[p. 271, glossary entry 6]",,"[Bur. supándur, Pers.-Ur. sipand]",degener-shina2008:p271:e06,,,,dialect:Sh:gil:Gilgit
Sh,13924,ispáao,sweet; tasty,,,"süß, schmachhaft","degener-shina2008[p. 271, glossary entry 7]",,Degener directly assigns this headword to Turner/CDIAL 13924. [T. 13924],degener-shina2008:p271:e07,,,,adj m dialect:Sh:gil:Gilgit
Sh,,iškanaáči,a vegetable (chicory?),,,ein Gemüse (Wegwarte?),"degener-shina2008[p. 271, glossary entry 8]",,[= Bur.],degener-shina2008:p271:e08,,,,f dialect:Sh:gil:Gilgit
Sh,,iškiin,a kind of barberry,,,Berberitzenart,"degener-shina2008[p. 271, glossary entry 9]",,[= Bur.],degener-shina2008:p271:e09,,,,f dialect:Sh:gil:Gilgit
Sh,,išperii,a festive dish,,,eine festliche Speise,"degener-shina2008[p. 271, glossary entry 10]",,"[Bur. iṣpiri Wacholderrauch, Schale mit Speisen für Gäste usw., s. Berger s. v.]",degener-shina2008:p271:e10,,,,f dialect:Sh:gil:Gilgit
Sh,,iṣkaáo,rolling pin; dough roller,,,"Nudelrolle, Teigroller","degener-shina2008[p. 271, glossary entry 11]",,,degener-shina2008:p271:e11,,,,dialect:Sh:gil:Gilgit
Sh,,iṣkár,yellow-green,,,gelbgrün,"degener-shina2008[p. 271, glossary entry 12]",,"[← Bur. ṣikárk gelb, fahl]",degener-shina2008:p271:e12,,,,adj m f loanword dialect:Sh:gil:Gilgit
Sh,5204,ǰ-,be born,,,geboren werden,"degener-shina2008[p. 271, glossary entry 13]",,Degener directly assigns this headword to Turner/CDIAL 5204. [T. 5204],degener-shina2008:p271:e13,,,,intr dialect:Sh:gil:Gilgit
Sh,,ǰáa,where to?,,,interr. wohin? [Gramm. 2.4.3.5],"degener-shina2008[p. 271, glossary entry 14]",,,degener-shina2008:p271:e14,,,,dialect:Sh:gil:Gilgit
Sh,,ǰag,(other) people,,,(andere) Leute,"degener-shina2008[p. 271, glossary entry 15]",,"[Buddruss 1996, 44]",degener-shina2008:p271:e15,,,,dialect:Sh:gil:Gilgit
Sh,,ǰaák,pain,,,Schmerz,"degener-shina2008[p. 271, glossary entry 16]",,[← Bur. ǰak],degener-shina2008:p271:e16,,,,f loanword dialect:Sh:gil:Gilgit
Sh,5075,ǰakúr,hair (of the head),,,"(Kopf-)Haar (sg. und pl, koll.)","degener-shina2008[p. 271, glossary entry 17]",,Degener directly assigns this headword to Turner/CDIAL 5075. [T. 5075],degener-shina2008:p271:e17,,,,dialect:Sh:gil:Gilgit
Sh,,ǰal b-,be dishevelled (of hair),,,zerzaust sein (Haare),"degener-shina2008[p. 271, glossary entry 18]",,"[zu ǰal Netz, T. 5213?]",degener-shina2008:p271:e18,,,,dialect:Sh:gil:Gilgit
Sh,,ǰaliǰ-,spread out,,,(pass. von ǰal-) sich ausbreiten,"degener-shina2008[p. 271, glossary entry 19]",,,degener-shina2008:p271:e19,,,,intr dialect:Sh:gil:Gilgit
Sh,,ǰaám b-,be singed,,,angesengt werden,"degener-shina2008[p. 271, glossary entry 20]",,[Bur. jam man ´(?)- verbrannt werden],degener-shina2008:p271:e20,,,,uncertain dialect:Sh:gil:Gilgit
Sh,5198,ǰamac̣oó,son-in-law,,,Schwiegersohn,"degener-shina2008[p. 271, glossary entry 21]",,Degener directly assigns this headword to Turner/CDIAL 5198. [T. 5198],degener-shina2008:p271:e21,,,,m dialect:Sh:gil:Gilgit
Sh,,ǰamáat,family; relatives (also used for: wife),,,"(pl.) Familie, Angehörige (auch für: Ehefrau)","degener-shina2008[p. 272, glossary entry 1]",,[← Ar.-Ur. jamaa'(?)at],degener-shina2008:p272:e01,,,,loanword uncertain dialect:Sh:gil:Gilgit
Sh,5265,ǰamiǰ-,yawn,,,gähnen,"degener-shina2008[p. 272, glossary entry 2]",,"Degener directly assigns this headword to Turner/CDIAL 5265. [T. 5265, jṛmbhiyyate?,vgl. Ikoh žamíz a yawn]",degener-shina2008:p272:e02,,,,intr dialect:Sh:gil:Gilgit
Sh,,ǰaŋali,forest-; wild,,,"Wald-, wild","degener-shina2008[p. 272, glossary entry 3]",,[← Ur. jang(a)lii],degener-shina2008:p272:e03,,,,adj m f loanword dialect:Sh:gil:Gilgit
Sh,,ǰap th-,hide,,,verbergen,"degener-shina2008[p. 272, glossary entry 4]",,,degener-shina2008:p272:e04,,,,tr dialect:Sh:gil:Gilgit
Sh,5150,ǰari-,grow old,,,altern,"degener-shina2008[p. 272, glossary entry 5]",,Degener directly assigns this headword to Turner/CDIAL 5150. [T. 5150],degener-shina2008:p272:e05,,,,intr dialect:Sh:gil:Gilgit
Sh,5206,ǰaár,friend; lover,,,"Freund, Liebhaber","degener-shina2008[p. 272, glossary entry 6]",,Degener directly assigns this headword to Turner/CDIAL 5206. [T. 5206],degener-shina2008:p272:e06,,,,m dialect:Sh:gil:Gilgit
Sh,5150,ǰará b-,be digested,,,verdaut werden,"degener-shina2008[p. 272, glossary entry 7]",,Degener directly assigns this headword to Turner/CDIAL 5150. [T. 5150; Bur. jaré man ´(?)-],degener-shina2008:p272:e07,,,,uncertain dialect:Sh:gil:Gilgit
Sh,,ǰaráa,placenta,,,Plazenta,"degener-shina2008[p. 272, glossary entry 8]",,,degener-shina2008:p272:e08,,,,m dialect:Sh:gil:Gilgit
Sh,5150,ǰariǰ-,grow old,,,altern,"degener-shina2008[p. 272, glossary entry 9]",,Degener directly assigns this headword to Turner/CDIAL 5150. [T. 5150],degener-shina2008:p272:e09,,,,intr dialect:Sh:gil:Gilgit
Sh,5145,ǰáro,old,,,alt,"degener-shina2008[p. 272, glossary entry 10]",,Degener directly assigns this headword to Turner/CDIAL 5145. [T. 5145],degener-shina2008:p272:e10,,,,adj m dialect:Sh:gil:Gilgit
Sh,,ǰaróo,"orphaned, orphan-; orphan boy",,,"verwaist, Waisen-; m. Waisenknabe","degener-shina2008[p. 272, glossary entry 11]",,,degener-shina2008:p272:e11,,,,adj m dialect:Sh:gil:Gilgit
Sh,,ǰaát,birth,,,Geburt,"degener-shina2008[p. 272, glossary entry 12]",,"[← Hindi ǰaati, oder tatsama Skt. ǰāti?]",degener-shina2008:p272:e12,,,,f loanword dialect:Sh:gil:Gilgit
Sh,5095,ǰaṭ,body hair,,,Körperhaar,"degener-shina2008[p. 272, glossary entry 13]",,Degener directly assigns this headword to Turner/CDIAL 5095. [T. 5095],degener-shina2008:p272:e13,,,,dialect:Sh:gil:Gilgit
Sh,,ǰawáan,youth; young man,,,"Jugendlicher, Jüngling","degener-shina2008[p. 272, glossary entry 14]",,[← Pers.-Ur.],degener-shina2008:p272:e14,,,,m loanword dialect:Sh:gil:Gilgit
Sh,,ǰe,preverbal modal particle,,,präverbale Abtönungspartikel [Gramm. 5.8.4],"degener-shina2008[p. 272, glossary entry 15]",,,degener-shina2008:p272:e15,,,,dialect:Sh:gil:Gilgit
Sh,,ǰe,interrogative pronoun,,,Interrogativpronomen [Gramm. 2.4.3.2],"degener-shina2008[p. 272, glossary entry 16]",,,degener-shina2008:p272:e16,,,,dialect:Sh:gil:Gilgit
Sh,,ǰée,prenominal interrogative pronoun,,,pränominales Interrogativpron [Gramm. 2.4.3.2],"degener-shina2008[p. 272, glossary entry 17]",,,degener-shina2008:p272:e17,,,,dialect:Sh:gil:Gilgit
Sh,,ǰéek,"interrogative, relative, and indefinite pronoun",,,"Interr.-, Relativ-, Indefinitpronomen [Gramm. 2.4.3.3, 2.4.4.2, 2.4.5.2]","degener-shina2008[p. 272, glossary entry 18]",,,degener-shina2008:p272:e18,,,,dialect:Sh:gil:Gilgit
Sh,,ǰii~,sneezing,,,Niesen,"degener-shina2008[p. 272, glossary entry 19]",,,degener-shina2008:p272:e19,,,,f dialect:Sh:gil:Gilgit
Sh,5247,ǰiil,life,,,Leben,"degener-shina2008[p. 272, glossary entry 20]",,Degener directly assigns this headword to Turner/CDIAL 5247. [T. 5247],degener-shina2008:p272:e20,,,,f dialect:Sh:gil:Gilgit
Sh,,ǰin,spirit; jinn,,,"Geist, Jinn","degener-shina2008[p. 273, glossary entry 1]",,[← Ar.-Ur. jinn],degener-shina2008:p273:e01,,,,loanword dialect:Sh:gil:Gilgit
Sh,,ǰin-baláa,spirits,,,(nur im pl ǰin-baláai) Geister,"degener-shina2008[p. 273, glossary entry 2]",,"[Ar.-Ur. jinn + balaaī, vgl. Ikoh balʌ´y a miserable creature, witch who eats human beings. Im Shina scheint das auslautende -ī als Plural-Morphem verstanden zu werden, scheinbar zu baláa Unglück]",degener-shina2008:p273:e02,,,,dialect:Sh:gil:Gilgit
Sh,,ǰinaá,living; alive,,,"lebend, am Leben","degener-shina2008[p. 273, glossary entry 3]",,,degener-shina2008:p273:e03,,,,adv dialect:Sh:gil:Gilgit
Sh,5244,ǰiino,alive; healthy,,,"lebendig, gesund","degener-shina2008[p. 273, glossary entry 4]",,Degener directly assigns this headword to Turner/CDIAL 5244. [T. 5244],degener-shina2008:p273:e04,,,,adj m dialect:Sh:gil:Gilgit
Sh,5228,ǰip,tongue,,,Zunge,"degener-shina2008[p. 273, glossary entry 5]",,"Degener directly assigns this headword to Turner/CDIAL 5228. [T. 5228, Atlas 78]",degener-shina2008:p273:e05,,,,f dialect:Sh:gil:Gilgit
Sh,,ǰóoli,blanket made of cloth,,,Decke aus Stoff,"degener-shina2008[p. 273, glossary entry 6]",,,degener-shina2008:p273:e06,,,,dialect:Sh:gil:Gilgit
Sh,5110,ǰon,snake,,,Schlange,"degener-shina2008[p. 273, glossary entry 7]",,"Degener directly assigns this headword to Turner/CDIAL 5110. [Buddruss 1975, T. 5110, Atlas 143]",degener-shina2008:p273:e07,,,,m dialect:Sh:gil:Gilgit
Sh,5244,ǰoóno,alive; living,,,"am Leben, lebend","degener-shina2008[p. 273, glossary entry 8]",,Degener directly assigns this headword to Turner/CDIAL 5244. [T. 5244],degener-shina2008:p273:e08,,,,adj m dialect:Sh:gil:Gilgit
Sh,,ǰóṭi,chick; obsolete word for beloved?,,,Küken. In 543 Loci-s ǰoṭiiǰ veraltetes Wort für Geliebte?,"degener-shina2008[p. 273, glossary entry 9]",,,degener-shina2008:p273:e09,,,,f dialect:Sh:gil:Gilgit
Sh,10512,ǰuú,louse,,,Laus,"degener-shina2008[p. 273, glossary entry 10]",,"Degener directly assigns this headword to Turner/CDIAL 10512. [T. 10512, Atlas 118]",degener-shina2008:p273:e10,,,,f dialect:Sh:gil:Gilgit
Sh,10512,ǰuú~,louse,,,Laus,"degener-shina2008[p. 273, glossary entry 10]",,"Degener directly assigns this headword to Turner/CDIAL 10512. [T. 10512, Atlas 118]",degener-shina2008:p273:e10:v2,degener-shina2008:p273:e10,,,f alternate dialect:Sh:gil:Gilgit
Sh,,ǰuk,wood; firewood,,,"Holz, Brennholz","degener-shina2008[p. 273, glossary entry 11]",,,degener-shina2008:p273:e11,,,,dialect:Sh:gil:Gilgit
Sh,,ǰúuk,pain,,,Schmerz,"degener-shina2008[p. 273, glossary entry 12]",,,degener-shina2008:p273:e12,,,,f dialect:Sh:gil:Gilgit
Sh,5416,ǰúuli,broth; sauce (with meat),,,"Brühe, Soße (mit Fleisch)","degener-shina2008[p. 273, glossary entry 13]",,"Degener directly assigns this headword to Turner/CDIAL 5416. [T. 5416, Bur. =]",degener-shina2008:p273:e13,,,,f dialect:Sh:gil:Gilgit
Sh,,ǰuŋ d-,squat on one's thighs,,,auf den Oberschenkeln hocken,"degener-shina2008[p. 273, glossary entry 14]",,[Bur. joṅ man´-],degener-shina2008:p273:e14,,,,dialect:Sh:gil:Gilgit
Sh,,ǰur,sluggishness; slackness,,,"Trägheit, Schlaffheit","degener-shina2008[p. 273, glossary entry 15]",,,degener-shina2008:p273:e15,,,,m dialect:Sh:gil:Gilgit
Sh,,ǰúrum,crime; guilt,,,"Verbrechen, Schuld","degener-shina2008[p. 273, glossary entry 16]",,[← Ar.-Ur. jurm],degener-shina2008:p273:e16,,,,f loanword dialect:Sh:gil:Gilgit
Sh,,ǰut,greenery; grass; meadow,,,"Grünes, Gras, Wiese","degener-shina2008[p. 273, glossary entry 17]",,,degener-shina2008:p273:e17,,,,f dialect:Sh:gil:Gilgit
Sh,10514,ǰuwáno,lice-ridden,,,verlaust,"degener-shina2008[p. 273, glossary entry 18]",,Degener directly assigns this headword to Turner/CDIAL 10514. [ǰuú~ Laus; T. 10514],degener-shina2008:p273:e18,,,,adj m dialect:Sh:gil:Gilgit
Sh,9570,ǰuẓ,birch bark,,,Birkenrinde,"degener-shina2008[p. 273, glossary entry 19]",,"Degener directly assigns this headword to Turner/CDIAL 9570. [T. 9570; Ikoh ẓhúṣ, Atlas 24]",degener-shina2008:p273:e19,,,,m dialect:Sh:gil:Gilgit
Sh,2993,káa~,crow,,,Krähe,"degener-shina2008[p. 273, glossary entry 20]",,"Degener directly assigns this headword to Turner/CDIAL 2993. [T. 2993, Atlas 38]",degener-shina2008:p273:e20,,,,m dialect:Sh:gil:Gilgit
Sh,,káa~,caw (of the crow),,,káa~ th- krächzen (von der Krähe),"degener-shina2008[p. 273, glossary entry 21]",,,degener-shina2008:p273:e21,,,,dialect:Sh:gil:Gilgit
Sh,,kábur,grave,,,Grab,"degener-shina2008[p. 273, glossary entry 22]",,[← Ar.-Ur. qabr],degener-shina2008:p273:e22,,,,m loanword dialect:Sh:gil:Gilgit
Sh,,káči,near,,,in der Nähe von (+ Obl.),"degener-shina2008[p. 274, glossary entry 2]",,,degener-shina2008:p274:e02,,,,postp dialect:Sh:gil:Gilgit
Sh,2618,káči,nearby,,,"in der Nähe (von: + Gen., Dat.)","degener-shina2008[p. 274, glossary entry 3]",,Degener directly assigns this headword to Turner/CDIAL 2618. [T. 2618],degener-shina2008:p274:e03,,,,adv dialect:Sh:gil:Gilgit
Sh,,kačíiṣ,awn; husk; chaff,,,"Granne, Kornhülse, Spelzen","degener-shina2008[p. 274, glossary entry 4]",,[Bur. ġačíṣ],degener-shina2008:p274:e04,,,,m dialect:Sh:gil:Gilgit
Sh,,káfar,ungrateful; unscrupulous,,,"undankbar, skrupellos","degener-shina2008[p. 274, glossary entry 5]",,[← Ar.-Ur. kaafir],degener-shina2008:p274:e05,,,,adj m f loanword dialect:Sh:gil:Gilgit
Sh,3001,kagúuni,widow; widowed,,,"Witwe, verwitwet","degener-shina2008[p. 274, glossary entry 6]",,Degener directly assigns this headword to Turner/CDIAL 3001. [T. 3001],degener-shina2008:p274:e06,,,,f dialect:Sh:gil:Gilgit
Sh,,káhat,famine,,,Hungersnot,"degener-shina2008[p. 274, glossary entry 7]",,[← Ar.-Ur. qaḥṭ],degener-shina2008:p274:e07,,,,loanword dialect:Sh:gil:Gilgit
Sh,3635,kai-,cook,,,kochen,"degener-shina2008[p. 274, glossary entry 8]",,Degener directly assigns this headword to Turner/CDIAL 3635. [T. 3635],degener-shina2008:p274:e08,,,,tr dialect:Sh:gil:Gilgit
Sh,,kaái,wish; longing,,,"Wunsch, Sehnsucht","degener-shina2008[p. 274, glossary entry 9]",,[vgl. kaáyo],degener-shina2008:p274:e09,,,,f dialect:Sh:gil:Gilgit
Sh,,kaá~k,noise; cackling,,,"Lärm, Gegacker","degener-shina2008[p. 274, glossary entry 10]",,,degener-shina2008:p274:e10,,,,f dialect:Sh:gil:Gilgit
Sh,,ká-ka th-,bleat (of a goat),,,meckern (einer Ziege),"degener-shina2008[p. 274, glossary entry 11]",,,degener-shina2008:p274:e11,,,,dialect:Sh:gil:Gilgit
Sh,,kaá~kaċ,partridge; chukar,,,"Rebhuhn, Chukar-Huhn","degener-shina2008[p. 274, glossary entry 12]",,,degener-shina2008:p274:e12,,,,m dialect:Sh:gil:Gilgit
Sh,3084,kaál,year,,,Jahr,"degener-shina2008[p. 274, glossary entry 13]",,"Degener directly assigns this headword to Turner/CDIAL 3084. [T. 3084, Atlas 11]",degener-shina2008:p274:e13,,,,dialect:Sh:gil:Gilgit
Sh,2918,káalan,counting; calculation,,,"Zählung, Rechnung","degener-shina2008[p. 274, glossary entry 14]",,"Degener directly assigns this headword to Turner/CDIAL 2918. [Bur. =, T. 2918]",degener-shina2008:p274:e14,,,,f dialect:Sh:gil:Gilgit
Sh,,kaále,scrap of cloth; patch,,,"und pl. Tuchfetzen, Flicken","degener-shina2008[p. 274, glossary entry 15]",,"[Buddruss 1996, 45]",degener-shina2008:p274:e15,,,,f sg dialect:Sh:gil:Gilgit
Sh,2933,káli,quarrel,,,Streit,"degener-shina2008[p. 274, glossary entry 16]",,Degener directly assigns this headword to Turner/CDIAL 2933. [T. 2933],degener-shina2008:p274:e16,,,,f dialect:Sh:gil:Gilgit
Sh,2918,kali-,regard as,,,ansehen als,"degener-shina2008[p. 274, glossary entry 17]",,Degener directly assigns this headword to Turner/CDIAL 2918. [T. 2918],degener-shina2008:p274:e17,,,,tr dialect:Sh:gil:Gilgit
Sh,,kaliǰ-,be counted; be considered as,,,"(pass. von kali-) gezählt werden, gelten als","degener-shina2008[p. 274, glossary entry 18]",,,degener-shina2008:p274:e18,,,,intr dialect:Sh:gil:Gilgit
Sh,,kalyar-,regard as,,,ansehen als,"degener-shina2008[p. 274, glossary entry 19]",,[vgl. kali-],degener-shina2008:p274:e19,,,,tr dialect:Sh:gil:Gilgit
Sh,,kam,little; scarce,,,"gering, knapp","degener-shina2008[p. 274, glossary entry 20]",,[← Pers.-Ur.],degener-shina2008:p274:e20,,,,adj m f loanword dialect:Sh:gil:Gilgit
Sh,2894,kam-,earn,,,verdienen,"degener-shina2008[p. 274, glossary entry 21]",,"Degener directly assigns this headword to Turner/CDIAL 2894. [T. 2894, Ikoh kamav~]",degener-shina2008:p274:e21,,,,dialect:Sh:gil:Gilgit
Sh,,káam,kinship group; relative,,,Verwandtschaftsgruppe; Verwandter,"degener-shina2008[p. 274, glossary entry 22]",,[←Ar.-Ur. qaum],degener-shina2008:p274:e22,,,,loanword dialect:Sh:gil:Gilgit
Sh,3044,kaamál,jaundice; liver disease,,,"Gelbsucht, Leberkrankheit","degener-shina2008[p. 275, glossary entry 1]",,"Degener directly assigns this headword to Turner/CDIAL 3044. [T. 3044, Bur. kaanál]",degener-shina2008:p275:e01,,,,f dialect:Sh:gil:Gilgit
Sh,2900,kamín,name of a qaum; member of that qaum,,,Name eines qaum; dessen Angehöriger,"degener-shina2008[p. 275, glossary entry 2]",,Degener directly assigns this headword to Turner/CDIAL 2900. [T. 2900],degener-shina2008:p275:e02,,,,dialect:Sh:gil:Gilgit
Sh,,kanaáo,advice,,,Ratschlag,"degener-shina2008[p. 275, glossary entry 3]",,[Bur. kanáao],degener-shina2008:p275:e03,,,,f dialect:Sh:gil:Gilgit
Sh,,kanḍáp,pharyngeal tonsil,,,Rachenmandel,"degener-shina2008[p. 275, glossary entry 4]",,,degener-shina2008:p275:e04,,,,f dialect:Sh:gil:Gilgit
Sh,,kanṭéi,a bird of prey (harrier),,,ein Raubvogel (Weihe),"degener-shina2008[p. 275, glossary entry 5]",,[= Bur.],degener-shina2008:p275:e05,,,,f dialect:Sh:gil:Gilgit
Sh,,kaŋkaróočo,rooster,,,Hahn,"degener-shina2008[p. 275, glossary entry 6]",,"[Bur. qamqurúučo ét- krähen, Atlas 36]",degener-shina2008:p275:e06,,,,m dialect:Sh:gil:Gilgit
Sh,,ka~óolo,crooked,,,printed as a cross-reference: s. kóolo.,"degener-shina2008[p. 275, glossary entry 7]",,,degener-shina2008:p275:e07,degener-shina2008:p276:e18,,,dialect:Sh:gil:Gilgit
Sh,,kar th-,"shave (head hair, beard)",,,"(Kopfhaar, Bart) rasieren","degener-shina2008[p. 275, glossary entry 8]",,[Bur. qar],degener-shina2008:p275:e08,,,,tr dialect:Sh:gil:Gilgit
Sh,,karáṭ th-,break (something of one's own),,,(sich etwas) brechen,"degener-shina2008[p. 275, glossary entry 9]",,[= Bur.],degener-shina2008:p275:e09,,,,tr dialect:Sh:gil:Gilgit
Sh,,kareé,when?,,,"interr. wann? [Gramm. 2.4.3.6, 2.4.5.5]","degener-shina2008[p. 275, glossary entry 10]",,,degener-shina2008:p275:e10,,,,dialect:Sh:gil:Gilgit
Sh,,karéi,basket,,,Korb,"degener-shina2008[p. 275, glossary entry 11]",,"[Bur. kharéṭi, Ikoh kʌrēṭ(?)^h]",degener-shina2008:p275:e11,,,,f uncertain dialect:Sh:gil:Gilgit
Sh,,kaá~ri,coal,,,Kohle,"degener-shina2008[p. 275, glossary entry 12]",,"[T. 3055, + T. 131? Oder 13649?]",degener-shina2008:p275:e12,,,,f dialect:Sh:gil:Gilgit
Sh,,karkaámuš,hen,,,Henne,"degener-shina2008[p. 275, glossary entry 13]",,[Bur. qarqaámuć],degener-shina2008:p275:e13,,,,f dialect:Sh:gil:Gilgit
Sh,,kaá~ro,carrion-eating bird; eagle,,,"aasfressender Vogel, Adler","degener-shina2008[p. 275, glossary entry 14]",,,degener-shina2008:p275:e14,,,,m dialect:Sh:gil:Gilgit
Sh,,kaá~ro,larger piece of burning coal,,,größeres Stück brennender Kohle,"degener-shina2008[p. 275, glossary entry 15]",,,degener-shina2008:p275:e15,,,,m dialect:Sh:gil:Gilgit
Sh,,karóowo,crooked,,,krumm,"degener-shina2008[p. 275, glossary entry 16]",,"[vgl. Bur. karóoŷo, Ikoh kʌrā´ a ram whose horns are turned inwards]",degener-shina2008:p275:e16,,,,adj m dialect:Sh:gil:Gilgit
Sh,3078,káary,for the sake of; because of,,,"um ... willen, wegen (+ Obl)","degener-shina2008[p. 275, glossary entry 17]",,Degener directly assigns this headword to Turner/CDIAL 3078. [T. 3078],degener-shina2008:p275:e17,,,,postp dialect:Sh:gil:Gilgit
Sh,2968,Kašiiro,"Kashmiri, coming from Kashmir",,,"Kashmiri, aus Kashmir (Shina kašiir) stammend","degener-shina2008[p. 275, glossary entry 18]",,Degener directly assigns this headword to Turner/CDIAL 2968. [T. 2968],degener-shina2008:p275:e18,,,,m dialect:Sh:gil:Gilgit
Sh,,kašú,onion,,,Zwiebel,"degener-shina2008[p. 275, glossary entry 19]",,"[Ikoh kʌšu, Bur. ġaṣú]",degener-shina2008:p275:e19,,,,m dialect:Sh:gil:Gilgit
Sh,,kaṣáp,a bird of prey; magpie,,,"ein Greifvogel, Elster","degener-shina2008[p. 275, glossary entry 20]",,[Bur. ġaṣép Elster],degener-shina2008:p275:e20,,,,f dialect:Sh:gil:Gilgit
Sh,,kaṣaáp,violent jerky movement; tugging at something; flailing about,,,"heftige ruckartige Bewegung, Zerren an etwas (+ Loci), Herumfuchteln","degener-shina2008[p. 275, glossary entry 21]",,[Bur. ġaṣáp],degener-shina2008:p275:e21,,,,dialect:Sh:gil:Gilgit
Sh,,kat,garment; clothing,,,"Kleid, Kleidung","degener-shina2008[p. 275, glossary entry 22]",,[= Bur.],degener-shina2008:p275:e22,,,,m dialect:Sh:gil:Gilgit
Sh,2855,kaṭ-,spin,,,spinnen,"degener-shina2008[p. 275, glossary entry 23]",,Degener directly assigns this headword to Turner/CDIAL 2855. [T. 2855],degener-shina2008:p275:e23,,,,tr dialect:Sh:gil:Gilgit
Sh,,kaṭéi,misfortune,,,Unglück,"degener-shina2008[p. 276, glossary entry 1]",,,degener-shina2008:p276:e01,,,,f dialect:Sh:gil:Gilgit
Sh,3120,káaṭo,"wood; branch, stick",,,"Holz; Zweig, Stecken. Vgl. baṭ-káaṭo","degener-shina2008[p. 276, glossary entry 2]",,Degener directly assigns this headword to Turner/CDIAL 3120. [T. 3120],degener-shina2008:p276:e02,,,,m dialect:Sh:gil:Gilgit
Sh,,kaáyo,wish; longing,,,printed as a cross-reference: s. kaái.,"degener-shina2008[p. 276, glossary entry 3]",,,degener-shina2008:p276:e03,degener-shina2008:p274:e09,,,dialect:Sh:gil:Gilgit
Sh,,keé,"interrogative, relative, and indefinite pronoun",,,printed as a cross-reference: s. koó.,"degener-shina2008[p. 276, glossary entry 4]",,,degener-shina2008:p276:e04,degener-shina2008:p276:e12,,,dialect:Sh:gil:Gilgit
Sh,,-keč,at; to; on,,,"bei, zu, an (+ Obl)","degener-shina2008[p. 276, glossary entry 5]",,,degener-shina2008:p276:e05,,,,postp dialect:Sh:gil:Gilgit
Sh,,keései,"interrogative, relative, and indefinite pronoun",,,printed as a cross-reference: s. koó.,"degener-shina2008[p. 276, glossary entry 6]",,,degener-shina2008:p276:e06,degener-shina2008:p276:e12,,,dialect:Sh:gil:Gilgit
Sh,,ki,that,,,conj. dass,"degener-shina2008[p. 276, glossary entry 7]",,[← Pers.-Ur. ki. Gramm. 5.2.5],degener-shina2008:p276:e07,,,,loanword dialect:Sh:gil:Gilgit
Sh,,kil-ai,female ibex,,,"weibl. Ibex, Steinbockweibchen","degener-shina2008[p. 276, glossary entry 8]",,[Shina/ Bur. kil Steinbock],degener-shina2008:p276:e08,,,,f dialect:Sh:gil:Gilgit
Sh,3202,kíli,nail; wedge,,,"Nagel, Keil","degener-shina2008[p. 276, glossary entry 9]",,"Degener directly assigns this headword to Turner/CDIAL 3202. [T. 3202, Bur. gíli]",degener-shina2008:p276:e09,,,,f dialect:Sh:gil:Gilgit
Sh,3594,kin-,sell,,,verkaufen,"degener-shina2008[p. 276, glossary entry 10]",,Degener directly assigns this headword to Turner/CDIAL 3594. [T. 3594],degener-shina2008:p276:e10,,,,dialect:Sh:gil:Gilgit
Sh,3451,kino,black,,,"m, schwarz","degener-shina2008[p. 276, glossary entry 11]",,"Degener directly assigns this headword to Turner/CDIAL 3451. [T. 3451, Atlas 94]",degener-shina2008:p276:e11,,,,adj dialect:Sh:gil:Gilgit
Sh,,koó,"interrogative, relative, and indefinite pronoun",,,"keé Interrogativ-, Relativ-, Indefinitpronomen","degener-shina2008[p. 276, glossary entry 12]",,"[T. 2574. Gramm. 2.4.3.1, 2.4.4.1, 2.4.5.1]",degener-shina2008:p276:e12,,,,f dialect:Sh:gil:Gilgit
Sh,,koó~,shoulder blade,,,Schulterblatt,"degener-shina2008[p. 276, glossary entry 13]",,,degener-shina2008:p276:e13,,,,dialect:Sh:gil:Gilgit
Sh,,koó~ th-,moo,,,muhen,"degener-shina2008[p. 276, glossary entry 14]",,[Bur. qoṅ],degener-shina2008:p276:e14,,,,dialect:Sh:gil:Gilgit
Sh,,koóin,somewhere,,,irgendwo [Gramm. 2.4.5.4],"degener-shina2008[p. 276, glossary entry 15]",,,degener-shina2008:p276:e15,,,,adv dialect:Sh:gil:Gilgit
Sh,,koóintye,to somewhere,,,irgendwohin [Gramm. 2.4.5.4],"degener-shina2008[p. 276, glossary entry 16]",,,degener-shina2008:p276:e16,,,,adv dialect:Sh:gil:Gilgit
Sh,,koliǰ-,"become crooked, warp; remain silent, without answer",,,"krumm werden, sich verziehen; stumm, ohne Antwort bleiben","degener-shina2008[p. 276, glossary entry 17]",,,degener-shina2008:p276:e17,,,,dialect:Sh:gil:Gilgit
Sh,3533,kóolo,crooked,,,krumm,"degener-shina2008[p. 276, glossary entry 18]",,Degener directly assigns this headword to Turner/CDIAL 3533. [Ikoh kōl; T. 3533],degener-shina2008:p276:e18,,,,adj dialect:Sh:gil:Gilgit
Sh,,kóolo ka~óolo,dishonest; crooked person,,,"unehrlich, „krummer Hund“","degener-shina2008[p. 276, glossary entry 19]",,[kóolo krumm + Echowort],degener-shina2008:p276:e19,,,,adj m dialect:Sh:gil:Gilgit
Sh,2892,kom,work; deed,,,"Arbeit, Werk","degener-shina2008[p. 276, glossary entry 20]",,"Degener directly assigns this headword to Turner/CDIAL 2892. [T. 2892, Atlas 153]",degener-shina2008:p276:e20,,,,m dialect:Sh:gil:Gilgit
Sh,,kom-káarak,an activity,,,eine Tätigkeit,"degener-shina2008[p. 277, glossary entry 1]",,"[kom + Ur.-Pers. kaar, nach Urdu kaam-kaar]",degener-shina2008:p277:e01,,,,dialect:Sh:gil:Gilgit
Sh,2830,kon,ear,,,Ohr,"degener-shina2008[p. 277, glossary entry 2]",,Degener directly assigns this headword to Turner/CDIAL 2830. [T. 2830],degener-shina2008:p277:e02,,,,m dialect:Sh:gil:Gilgit
Sh,,koóner,famine,,,Hungersnot,"degener-shina2008[p. 277, glossary entry 3]",,,degener-shina2008:p277:e03,,,,m dialect:Sh:gil:Gilgit
Sh,,kon,blanket? (word unintelligible in Lorimer's manuscript),,,(?) Decke (MAZ war dieses Wort in Lorimers Ms. unverständlich),"degener-shina2008[p. 277, glossary entry 4]",,[Ikoh khín Lumpendecke?],degener-shina2008:p277:e04,,,,dialect:Sh:gil:Gilgit
Sh,3023,kóon,arrow,,,Pfeil,"degener-shina2008[p. 277, glossary entry 5]",,"Degener directly assigns this headword to Turner/CDIAL 3023. [T. 3023, Atlas 61]",degener-shina2008:p277:e05,,,,m dialect:Sh:gil:Gilgit
Sh,,kóno,thorn,,,Dorn,"degener-shina2008[p. 277, glossary entry 6]",,"[Radloff 1999, 122 kóṇo. T. 2668]",degener-shina2008:p277:e06,,,,m dialect:Sh:gil:Gilgit
Sh,,koónyo,from where?,,,"interr. woher? [Gramm. 2.4.3.5, 2.4.5.4]","degener-shina2008[p. 277, glossary entry 7]",,,degener-shina2008:p277:e07,,,,dialect:Sh:gil:Gilgit
Sh,,kor th-,"creak (of boots), rustle (of paper)",,,"knarren (Stiefel), knistern (Papier)","degener-shina2008[p. 277, glossary entry 8]",,[Bur. quár],degener-shina2008:p277:e08,,,,dialect:Sh:gil:Gilgit
Sh,,kóori,boot of ibex or goat leather,,,"Stiefel aus Ibex-, Ziegenleder","degener-shina2008[p. 277, glossary entry 9]",,[= Bur.],degener-shina2008:p277:e09,,,,f dialect:Sh:gil:Gilgit
Sh,,koošíš,effort,,,Anstrengung,"degener-shina2008[p. 277, glossary entry 10]",,[← Pers-Ur. košiš],degener-shina2008:p277:e10,,,,loanword dialect:Sh:gil:Gilgit
Sh,3364,košóli,broken bowl; shards,,,"zerbrochene Schüssel, Scherben","degener-shina2008[p. 277, glossary entry 11]",,Degener directly assigns this headword to Turner/CDIAL 3364. [T. 3364],degener-shina2008:p277:e11,,,,f dialect:Sh:gil:Gilgit
Sh,,koṣ-,"detach, remove (meat from the bones)",,,"ablösen, entfernen (Fleisch von den Knochen)","degener-shina2008[p. 277, glossary entry 12]",,[zu T. 2908?],degener-shina2008:p277:e12,,,,tr dialect:Sh:gil:Gilgit
Sh,,kóto,"recently, just now",,,"kürzlich, eben erst","degener-shina2008[p. 277, glossary entry 13]",,,degener-shina2008:p277:e13,,,,adv dialect:Sh:gil:Gilgit
Sh,3500,kóoṭ,village fort,,,Dorffestung,"degener-shina2008[p. 277, glossary entry 14]",,Degener directly assigns this headword to Turner/CDIAL 3500. [T. 3500],degener-shina2008:p277:e14,,,,m dialect:Sh:gil:Gilgit
Sh,3438,krí~,worm,,,Wurm,"degener-shina2008[p. 277, glossary entry 15]",,Degener directly assigns this headword to Turner/CDIAL 3438. [T. 3438],degener-shina2008:p277:e15,,,,m dialect:Sh:gil:Gilgit
Sh,,krum b-,be embraced,,,umfasst werden,"degener-shina2008[p. 277, glossary entry 16]",,,degener-shina2008:p277:e16,,,,dialect:Sh:gil:Gilgit
Sh,2744,kuáa~lo,skull,,,Schädel,"degener-shina2008[p. 277, glossary entry 17]",,Degener directly assigns this headword to Turner/CDIAL 2744. [T. 2744; Bur. quáalo],degener-shina2008:p277:e17,,,,m dialect:Sh:gil:Gilgit
Sh,,kúč,heart; insides,,,"Herz, Inneres","degener-shina2008[p. 277, glossary entry 18]",,"[T. 3213?, vgl. kúči Unterleib]",degener-shina2008:p277:e18,,,,dialect:Sh:gil:Gilgit
Sh,3216,kúčo,chest; body between chest and belly,,,"Brust, Körper zwischen Brust und Bauch","degener-shina2008[p. 277, glossary entry 19]",,Degener directly assigns this headword to Turner/CDIAL 3216. [T. 3216],degener-shina2008:p277:e19,,,,m dialect:Sh:gil:Gilgit
Sh,,kúui,land; field,,,"Land, Feld","degener-shina2008[p. 277, glossary entry 20]",,"[T. 14393? s. Buddruss 1996, 45]",degener-shina2008:p277:e20,,,,f dialect:Sh:gil:Gilgit
Sh,,kuk,cackling; clucking,,,"Gackern, Glucken","degener-shina2008[p. 277, glossary entry 21]",,[= Bur.],degener-shina2008:p277:e21,,,,dialect:Sh:gil:Gilgit
Sh,3331,kúlo,grain; grains (collective),,,"Korn, Körner (koll.)","degener-shina2008[p. 277, glossary entry 22]",,Degener directly assigns this headword to Turner/CDIAL 3331. [T. 3331],degener-shina2008:p277:e22,,,,m dialect:Sh:gil:Gilgit
Sh,,kúmo,eyelash,,,Wimper,"degener-shina2008[p. 277, glossary entry 23]",,[Ikoh kumɜ(?)],degener-shina2008:p277:e23,,,,uncertain dialect:Sh:gil:Gilgit
Sh,,kunaáli,stick; walking staff,,,"Stock, Wanderstab","degener-shina2008[p. 278, glossary entry 1]",,[Bur. kunáli; T. 3289 u. 14396],degener-shina2008:p278:e01,,,,f dialect:Sh:gil:Gilgit
Sh,3257,kúno,corpse,,,Leiche,"degener-shina2008[p. 278, glossary entry 2]",,Degener directly assigns this headword to Turner/CDIAL 3257. [T. 3257],degener-shina2008:p278:e02,,,,dialect:Sh:gil:Gilgit
Sh,,kunú,belly,,,Bauch,"degener-shina2008[p. 278, glossary entry 3]",,,degener-shina2008:p278:e03,,,,f dialect:Sh:gil:Gilgit
Sh,,kunúuli,dove,,,Taube,"degener-shina2008[p. 278, glossary entry 4]",,,degener-shina2008:p278:e04,,,,f dialect:Sh:gil:Gilgit
Sh,,kurtáni,shirt,,,Hemd,"degener-shina2008[p. 278, glossary entry 5]",,[Pers.-Ur. kurta + ? tani Band?],degener-shina2008:p278:e05,,,,dialect:Sh:gil:Gilgit
Sh,3602,kúro,mighty; strong,,,"mächtig, stark","degener-shina2008[p. 278, glossary entry 6]",,Degener directly assigns this headword to Turner/CDIAL 3602. [T. 3602],degener-shina2008:p278:e06,,,,adj m dialect:Sh:gil:Gilgit
Sh,,kúus,hostility,,,Feindseligkeit,"degener-shina2008[p. 278, glossary entry 8]",,"[Bur. kúus ét- zaubern, verzaubern; neidisch sein]",degener-shina2008:p278:e08,,,,f dialect:Sh:gil:Gilgit
Sh,,kusagáṭo,malicious,,,böswillig,"degener-shina2008[p. 278, glossary entry 9]",,,degener-shina2008:p278:e09,,,,adj m dialect:Sh:gil:Gilgit
Sh,,kúuti,goatskin bag,,,Ziegenfelltasche,"degener-shina2008[p. 278, glossary entry 10]",,[kleinere Version von kúuto],degener-shina2008:p278:e10,,,,f dialect:Sh:gil:Gilgit
Sh,3273,kúuto,leather or skin sack,,,"Leder-, Fellsack","degener-shina2008[p. 278, glossary entry 11]",,Degener directly assigns this headword to Turner/CDIAL 3273. [T. 3273; Bur. =],degener-shina2008:p278:e11,,,,m dialect:Sh:gil:Gilgit
Sh,3278,kutúri,"female dog, also as a personal name",,,"Hündin, als EN","degener-shina2008[p. 278, glossary entry 12]",,Degener directly assigns this headword to Turner/CDIAL 3278. [T. 3278],degener-shina2008:p278:e12,,,,f dialect:Sh:gil:Gilgit
Sh,3251,kuṭ,wall,,,"Wand, Mauer","degener-shina2008[p. 278, glossary entry 13]",,Degener directly assigns this headword to Turner/CDIAL 3251. [T. 3251],degener-shina2008:p278:e13,,,,f dialect:Sh:gil:Gilgit
Sh,,kuṭ,thunder,,,donnern,"degener-shina2008[p. 278, glossary entry 14]",,[zu kuṭ Wand],degener-shina2008:p278:e14,,,,dialect:Sh:gil:Gilgit
Sh,,diǰ-,thunder,,,donnern,"degener-shina2008[p. 278, glossary entry 14]",,[zu kuṭ Wand],degener-shina2008:p278:e14:v2,degener-shina2008:p278:e14,,,alternate dialect:Sh:gil:Gilgit
Sh,3241,kuṭ-,"beat, thresh; castrate",,,"schlagen, dreschen; kastrieren","degener-shina2008[p. 278, glossary entry 15]",,Degener directly assigns this headword to Turner/CDIAL 3241. [T. 3241],degener-shina2008:p278:e15,,,,tr dialect:Sh:gil:Gilgit
Sh,3243,kúṭo,knee,,,Knie,"degener-shina2008[p. 278, glossary entry 16]",,Degener directly assigns this headword to Turner/CDIAL 3243. [T. 3243],degener-shina2008:p278:e16,,,,m dialect:Sh:gil:Gilgit
Sh,,kúuṭo,deaf,,,taub,"degener-shina2008[p. 278, glossary entry 17]",,[Bur. ġuṭ und kúuṭo taub],degener-shina2008:p278:e17,,,,adj m dialect:Sh:gil:Gilgit
Sh,,kuyoóč,subject(s),,,Untertan(en),"degener-shina2008[p. 278, glossary entry 18]",,"[Bur. =; T. 3406, 14404]",degener-shina2008:p278:e18,,,,dialect:Sh:gil:Gilgit
Sh,,kya,what?,,,interr. was?,"degener-shina2008[p. 278, glossary entry 19]",,[← Ur. kyaa. Gramm. 2.4.3.4],degener-shina2008:p278:e19,,,,loanword dialect:Sh:gil:Gilgit
Sh,,kye,why?,,,interr. warum? [Gramm. 2.4.3.7],"degener-shina2008[p. 278, glossary entry 20]",,,degener-shina2008:p278:e20,,,,dialect:Sh:gil:Gilgit
Sh,3865,kha-,eat,,,essen,"degener-shina2008[p. 278, glossary entry 21]",,"Degener directly assigns this headword to Turner/CDIAL 3865. [T. 3865, Atlas 87]",degener-shina2008:p278:e21,,,,tr dialect:Sh:gil:Gilgit
Sh,,khabár,news,,,Nachricht,"degener-shina2008[p. 279, glossary entry 1]",,[← Ar.-Ur. xabar],degener-shina2008:p279:e01,,,,f loanword dialect:Sh:gil:Gilgit
Sh,3832,khábo,left,,,link(s),"degener-shina2008[p. 279, glossary entry 2]",,Degener directly assigns this headword to Turner/CDIAL 3832. [T. 3832],degener-shina2008:p279:e02,,,,adj m dialect:Sh:gil:Gilgit
Sh,14343,khač-,be bad; suffer hardship,,,"schlecht sein, Not leiden","degener-shina2008[p. 279, glossary entry 3]",,Degener directly assigns this headword to Turner/CDIAL 14343. [T. 14343],degener-shina2008:p279:e03,,,,intr dialect:Sh:gil:Gilgit
Sh,14343,khačeélo,stingy; miser,,,"geizig, Geizhals","degener-shina2008[p. 279, glossary entry 4]",,Degener directly assigns this headword to Turner/CDIAL 14343. [T. 14343],degener-shina2008:p279:e04,,,,adj m dialect:Sh:gil:Gilgit
Sh,14343,kháčo,bad,,,schlecht,"degener-shina2008[p. 279, glossary entry 5]",,Degener directly assigns this headword to Turner/CDIAL 14343. [T. 14343],degener-shina2008:p279:e05,,,,adj m dialect:Sh:gil:Gilgit
Sh,,kháčo th-,do someone harm; treat someone badly,,,"(+ Dat.) jdm. Schlechtes antun, jdn. schlecht behandeln","degener-shina2008[p. 279, glossary entry 6]",,,degener-shina2008:p279:e06,,,,dialect:Sh:gil:Gilgit
Sh,,kháči th-,do someone harm; treat someone badly,,,"(+ Dat.) jdm. Schlechtes antun, jdn. schlecht behandeln","degener-shina2008[p. 279, glossary entry 6]",,,degener-shina2008:p279:e06:v2,degener-shina2008:p279:e06,,,alternate dialect:Sh:gil:Gilgit
Sh,,khačyaár,badness; misfortune,,,"Schlechtigkeit, Unglück","degener-shina2008[p. 279, glossary entry 7]",,,degener-shina2008:p279:e07,,,,f dialect:Sh:gil:Gilgit
Sh,,khaǰ-,scratch; itch,,,"kratzen, jucken","degener-shina2008[p. 279, glossary entry 8]",,[zu khan-],degener-shina2008:p279:e08,,,,intr dialect:Sh:gil:Gilgit
Sh,,khaǰiǰ-,itch,,,(pass.) jucken,"degener-shina2008[p. 279, glossary entry 9]",,,degener-shina2008:p279:e09,,,,intr dialect:Sh:gil:Gilgit
Sh,,khaǰún,inhabitant of Nager,,,Einwohner von Nager,"degener-shina2008[p. 279, glossary entry 10]",,[Bur. khajón],degener-shina2008:p279:e10,,,,m dialect:Sh:gil:Gilgit
Sh,3834,khal,threshing floor,,,Dreschplatz,"degener-shina2008[p. 279, glossary entry 11]",,Degener directly assigns this headword to Turner/CDIAL 3834. [T. 3834],degener-shina2008:p279:e11,,,,m dialect:Sh:gil:Gilgit
Sh,,Khaláṭ,clan name,,,eines Clans (qaum),"degener-shina2008[p. 279, glossary entry 12]",,,degener-shina2008:p279:e12,,,,proper-noun dialect:Sh:gil:Gilgit
Sh,,khalteé,lie,,,Lüge,"degener-shina2008[p. 279, glossary entry 13]",,,degener-shina2008:p279:e13,,,,f dialect:Sh:gil:Gilgit
Sh,3792,khan,mountain,,,Berg,"degener-shina2008[p. 279, glossary entry 14]",,"Degener directly assigns this headword to Turner/CDIAL 3792. [T. 3792; Radloff 1998, 45 khaṇ]",degener-shina2008:p279:e14,,,,m dialect:Sh:gil:Gilgit
Sh,2689,khan-,scratch,,,kratzen,"degener-shina2008[p. 279, glossary entry 15]",,Degener directly assigns this headword to Turner/CDIAL 2689. [T. 2689],degener-shina2008:p279:e15,,,,tr dialect:Sh:gil:Gilgit
Sh,,khaniǰ-,be scratched,,,(pass. von khan-) gekratzt werden,"degener-shina2008[p. 279, glossary entry 16]",,,degener-shina2008:p279:e16,,,,intr dialect:Sh:gil:Gilgit
Sh,,khaŋár,sword,,,Schwert,"degener-shina2008[p. 279, glossary entry 17]",,"[= Bur., Ikoh khagʌ̀r, vgl. Buddruss 1996, 45]",degener-shina2008:p279:e17,,,,m dialect:Sh:gil:Gilgit
Sh,,khapái,spoon,,,Löffel,"degener-shina2008[p. 279, glossary entry 18]",,[Ikoh khapʌ́y~ Schöpfkelle],degener-shina2008:p279:e18,,,,f dialect:Sh:gil:Gilgit
Sh,,khaš b-,be slaughtered,,,geschlachtet werden,"degener-shina2008[p. 279, glossary entry 19]",,,degener-shina2008:p279:e19,,,,intr dialect:Sh:gil:Gilgit
Sh,,khaš th-,slaughter,,,schlachten,"degener-shina2008[p. 279, glossary entry 20]",,"[Bur. =, Ikoh khʌ̀š]",degener-shina2008:p279:e20,,,,tr dialect:Sh:gil:Gilgit
Sh,,khaáš,cutting; cut,,,"Schneiden, Schnitt","degener-shina2008[p. 279, glossary entry 21]",,"[khaš th- schneiden, khaáš th- langsam, schmerzhaft schneiden]",degener-shina2008:p279:e21,,,,dialect:Sh:gil:Gilgit
Sh,,khaáṣ th-,stroke,,,streichen,"degener-shina2008[p. 280, glossary entry 1]",,"[Ikoh khaṣ cleanliness, zu T. 2972]",degener-shina2008:p280:e01,,,,dialect:Sh:gil:Gilgit
Sh,3781,khaṭ,bed,,,Bett,"degener-shina2008[p. 280, glossary entry 2]",,"Degener directly assigns this headword to Turner/CDIAL 3781. [T. 3781, Atlas 82]",degener-shina2008:p280:e02,,,,dialect:Sh:gil:Gilgit
Sh,2860,khaṭaár,knife,,,Messer,"degener-shina2008[p. 280, glossary entry 3]",,Degener directly assigns this headword to Turner/CDIAL 2860. [T. 2860; Aspiration von khaŋár?],degener-shina2008:p280:e03,,,,f dialect:Sh:gil:Gilgit
Sh,,khayar-,give to eat; feed to,,,"(Kaus. von kha-) zu fressen geben, verfüttern an (+ Dat.)","degener-shina2008[p. 280, glossary entry 4]",,,degener-shina2008:p280:e04,,,,tr dialect:Sh:gil:Gilgit
Sh,,kheer-,give to eat; feed to,,,"(Kaus. von kha-) zu fressen geben, verfüttern an (+ Dat.)","degener-shina2008[p. 280, glossary entry 4]",,,degener-shina2008:p280:e04:v2,degener-shina2008:p280:e04,,,tr alternate dialect:Sh:gil:Gilgit
Sh,2877,khayáas,cotton,,,Baumwolle,"degener-shina2008[p. 280, glossary entry 5]",,"Degener directly assigns this headword to Turner/CDIAL 2877. [T. 2877, Bur. kayáas]",degener-shina2008:p280:e05,,,,f dialect:Sh:gil:Gilgit
Sh,,kheéiše,grain with awns and straw (unthreshed),,,Korn mit Grannen und Stroh (ungedroschen),"degener-shina2008[p. 280, glossary entry 6]",,,degener-shina2008:p280:e06,,,,pl dialect:Sh:gil:Gilgit
Sh,,khéeli,only in khéeli hagúi: little finger,,,Nur in khéeli hagúi kleiner Finger,"degener-shina2008[p. 280, glossary entry 7]",,,degener-shina2008:p280:e07,,,,f dialect:Sh:gil:Gilgit
Sh,,khéen,time,,,Zeit,"degener-shina2008[p. 280, glossary entry 8]",,[= Bur.],degener-shina2008:p280:e08,,,,f dialect:Sh:gil:Gilgit
Sh,,khéer ge,well,,,gut,"degener-shina2008[p. 280, glossary entry 9]",,[←Ar.-Ur. xair + ge nach Urdu xair se],degener-shina2008:p280:e09,,,,adv loanword dialect:Sh:gil:Gilgit
Sh,,kheer-,give to eat; feed to,,,printed as a cross-reference: s. khayar-.,"degener-shina2008[p. 280, glossary entry 10]",,,degener-shina2008:p280:e10,degener-shina2008:p280:e04,,,dialect:Sh:gil:Gilgit
Sh,,khiŋ,side; direction,,,"Seite, Richtung","degener-shina2008[p. 280, glossary entry 11]",,[= Bur.; Ikoh khiṅg],degener-shina2008:p280:e11,,,,f dialect:Sh:gil:Gilgit
Sh,,khirí,below,,,unten,"degener-shina2008[p. 280, glossary entry 12]",,,degener-shina2008:p280:e12,,,,adv dialect:Sh:gil:Gilgit
Sh,,khir,under,,,unter (+ Obl.),"degener-shina2008[p. 280, glossary entry 13]",,,degener-shina2008:p280:e13,,,,postp dialect:Sh:gil:Gilgit
Sh,,khirí,under,,,unter (+ Obl.),"degener-shina2008[p. 280, glossary entry 13]",,,degener-shina2008:p280:e13:v2,degener-shina2008:p280:e13,,,postp alternate dialect:Sh:gil:Gilgit
Sh,,khiriíno,located below,,,unten befindlich,"degener-shina2008[p. 280, glossary entry 14]",,,degener-shina2008:p280:e14,,,,adj m dialect:Sh:gil:Gilgit
Sh,,khíroo,from below,,,von unten,"degener-shina2008[p. 280, glossary entry 15]",,,degener-shina2008:p280:e15,,,,adv dialect:Sh:gil:Gilgit
Sh,,khírṭe,downward,,,(ältere Form für khíṭṭe) nach unten,"degener-shina2008[p. 280, glossary entry 16]",,,degener-shina2008:p280:e16,,,,adv dialect:Sh:gil:Gilgit
Sh,3942,khói,cap; Dardic cap,,,"Mütze, Dardenkappe","degener-shina2008[p. 280, glossary entry 17]",,"Degener directly assigns this headword to Turner/CDIAL 3942. [Ikoh khuī, T. 3942]",degener-shina2008:p280:e17,,,,f dialect:Sh:gil:Gilgit
Sh,,khoosá,thin-bearded,,,dünnbärtig,"degener-shina2008[p. 280, glossary entry 18]",,,degener-shina2008:p280:e18,,,,adj dialect:Sh:gil:Gilgit
Sh,,khukún,pea(s),,,Erbse(n),"degener-shina2008[p. 280, glossary entry 19]",,[Bur. khukhunmoóro],degener-shina2008:p280:e19,,,,m dialect:Sh:gil:Gilgit
Sh,3329,khukúro,puppy; also as personal name,,,"Hündchen, als EN","degener-shina2008[p. 280, glossary entry 20]",,Degener directly assigns this headword to Turner/CDIAL 3329. [T. 3329],degener-shina2008:p280:e20,,,,m dialect:Sh:gil:Gilgit
Sh,3504,khun,corner,,,Ecke,"degener-shina2008[p. 280, glossary entry 21]",,"Degener directly assigns this headword to Turner/CDIAL 3504. [T. 3504, Bur. khun]",degener-shina2008:p280:e21,,,,m dialect:Sh:gil:Gilgit
Sh,,khuníi,murderer,,,Mörder,"degener-shina2008[p. 280, glossary entry 22]",,"[← Pers.-Ur. xuunii Bluträcher, Mörder]",degener-shina2008:p280:e22,,,,m loanword dialect:Sh:gil:Gilgit
Sh,3906,khúuri,heel,,,Ferse,"degener-shina2008[p. 280, glossary entry 23]",,Degener directly assigns this headword to Turner/CDIAL 3906. [T. 3906],degener-shina2008:p280:e23,,,,f dialect:Sh:gil:Gilgit
Sh,,khurúc̣,heir,,,der Erbe,"degener-shina2008[p. 280, glossary entry 24]",,[zu Bur. ... díśulo hurúṭ- Erbe von ... sein?],degener-shina2008:p280:e24,,,,m dialect:Sh:gil:Gilgit
Sh,3941,khúro,lame,,,lahm,"degener-shina2008[p. 281, glossary entry 1]",,"Degener directly assigns this headword to Turner/CDIAL 3941. [T. 3941, Ikoh khuṛ]",degener-shina2008:p281:e01,,,,adj dialect:Sh:gil:Gilgit
Sh,,khúuṣ,damp,,,feucht,"degener-shina2008[p. 281, glossary entry 2]",,,degener-shina2008:p281:e02,,,,adj m f dialect:Sh:gil:Gilgit
Sh,3895,khúṭo,short,,,kurz,"degener-shina2008[p. 281, glossary entry 3]",,Degener directly assigns this headword to Turner/CDIAL 3895. [T. 3895],degener-shina2008:p281:e03,,,,adj m dialect:Sh:gil:Gilgit
Sh,,labán,shirt hem; skirt hem,,,"Hemdsaum, Rocksaum","degener-shina2008[p. 281, glossary entry 4]",,"[Bur. lamán Rockschoß, ← Pashto laman]",degener-shina2008:p281:e04,,,,f dialect:Sh:gil:Gilgit
Sh,,lac̣,"goat, billy goat (as designation of the species); herd (of goats)",,,"(Sg. und koll.) Ziege, Ziegenbock (als Bezeichnung der Tierart); Herde (von Ziegen)","degener-shina2008[p. 281, glossary entry 5]",,,degener-shina2008:p281:e05,,,,m dialect:Sh:gil:Gilgit
Sh,,lac̣-čhaál,goats and sheep with young,,,(koll.) Ziegen und Schafe mit Jungen,"degener-shina2008[p. 281, glossary entry 6]",,,degener-shina2008:p281:e06,,,,dialect:Sh:gil:Gilgit
Sh,,lac̣aloó,of goats,,,Ziegen-,"degener-shina2008[p. 281, glossary entry 7]",,,degener-shina2008:p281:e07,,,,adj m dialect:Sh:gil:Gilgit
Sh,,lafaá,gait; way of walking,,,"Gang, Gangart","degener-shina2008[p. 281, glossary entry 8]",,,degener-shina2008:p281:e08,,,,f dialect:Sh:gil:Gilgit
Sh,10948,lai-,find; obtain,,,"finden, erlangen","degener-shina2008[p. 281, glossary entry 9]",,Degener directly assigns this headword to Turner/CDIAL 10948. [T. 10948],degener-shina2008:p281:e09,,,,tr dialect:Sh:gil:Gilgit
Sh,11027,láal,saliva,,,Speichel,"degener-shina2008[p. 281, glossary entry 10]",,Degener directly assigns this headword to Turner/CDIAL 11027. [T. 11027],degener-shina2008:p281:e10,,,,m dialect:Sh:gil:Gilgit
Sh,,laál,gem; ruby,,,"Edelstein, Rubin","degener-shina2008[p. 281, glossary entry 11]",,[← Ar.-Ur. la`l; Bur. =],degener-shina2008:p281:e11,,,,m loanword dialect:Sh:gil:Gilgit
Sh,10961,lam-,catch; grab; hold fast,,,"fangen, erwischen, festhalten","degener-shina2008[p. 281, glossary entry 12]",,Degener directly assigns this headword to Turner/CDIAL 10961. [T. 10961],degener-shina2008:p281:e12,,,,tr dialect:Sh:gil:Gilgit
Sh,,lamóṭo,thick bushy tail,,,"dicker, buschiger Schwanz","degener-shina2008[p. 281, glossary entry 13]",,"[Ikoh lʌmúṭ^h,]",degener-shina2008:p281:e13,,,,m dialect:Sh:gil:Gilgit
Sh,10905,laŋ-,get over (an illness); climb over,,,überstehen (Krankheit); übersteigen,"degener-shina2008[p. 281, glossary entry 14]",,"Degener directly assigns this headword to Turner/CDIAL 10905. [T. 10905, Ikoh lhaṅgáv~ to pass (time), etc.]",degener-shina2008:p281:e14,,,,intr dialect:Sh:gil:Gilgit
Sh,,laŋ b-,move,,,sich bewegen,"degener-shina2008[p. 281, glossary entry 15]",,[= Bur. laṅ man´-],degener-shina2008:p281:e15,,,,intr dialect:Sh:gil:Gilgit
Sh,,laáŋ b-,be removed; be done away with,,,"entfernt sein, beseitigt sein","degener-shina2008[p. 281, glossary entry 16]",,[zu Bur. laṅ],degener-shina2008:p281:e16,,,,intr dialect:Sh:gil:Gilgit
Sh,10905,laŋiǰ-,die,,,sterben,"degener-shina2008[p. 281, glossary entry 17]",,"Degener directly assigns this headword to Turner/CDIAL 10905. [T. 10905, *laṅghiyyate]",degener-shina2008:p281:e17,,,,intr dialect:Sh:gil:Gilgit
Sh,,lap,bite; mouthful,,,"Bissen, Mundvoll","degener-shina2008[p. 281, glossary entry 18]",,"[s. Zoller, s. v. Ikoh lā̀p^h a piece of bread which is eaten with pulse, vegetables, etc.]",degener-shina2008:p281:e18,,,,f dialect:Sh:gil:Gilgit
Sh,10910,laš,shame,,,Scham,"degener-shina2008[p. 281, glossary entry 19]",,"Degener directly assigns this headword to Turner/CDIAL 10910. [T. 10910, Atlas 74]",degener-shina2008:p281:e19,,,,f dialect:Sh:gil:Gilgit
Sh,,laṣ-,lick,,,lecken,"degener-shina2008[p. 281, glossary entry 20]",,"[Bur. laṣ ~-t-, Ikoh laṣáv~]",degener-shina2008:p281:e20,,,,tr dialect:Sh:gil:Gilgit
Sh,,laáṣ b-,be smeared,,,geschmiert werden,"degener-shina2008[p. 281, glossary entry 21]",,[vgl. Bur. laáṣ -t- verschmieren],degener-shina2008:p281:e21,,,,dialect:Sh:gil:Gilgit
Sh,,láaṭ d-,heap up,,,aufhäufen,"degener-shina2008[p. 282, glossary entry 1]",,[Bur. láaṭ Haufen],degener-shina2008:p282:e01,,,,tr dialect:Sh:gil:Gilgit
Sh,,layiǰ-,be obtained,,,(pass. von lai-) erlangt werden,"degener-shina2008[p. 282, glossary entry 2]",,,degener-shina2008:p282:e02,,,,intr dialect:Sh:gil:Gilgit
Sh,,léel,blood,,,Blut,"degener-shina2008[p. 282, glossary entry 3]",,"[T. 11165, 1168, Atlas 139]",degener-shina2008:p282:e03,,,,m dialect:Sh:gil:Gilgit
Sh,,leél,visible; known,,,"sichtbar, bekannt","degener-shina2008[p. 282, glossary entry 4]",,"[Ikoh lil^i, T. 11122 u. Zoller p. 366. Bur. leél]",degener-shina2008:p282:e04,,,,adj m f dialect:Sh:gil:Gilgit
Sh,11054,léṛo,bastard; born out of wedlock,,,"Bastard, unehelich geboren","degener-shina2008[p. 282, glossary entry 5]",,Degener directly assigns this headword to Turner/CDIAL 11054. [T. 11054; Bur. léḍo],degener-shina2008:p282:e05,,,,adj m dialect:Sh:gil:Gilgit
Sh,,leéši,long twig broom,,,langer Reisigbesen,"degener-shina2008[p. 282, glossary entry 6]",,[Ikoh loéš^i],degener-shina2008:p282:e06,,,,f dialect:Sh:gil:Gilgit
Sh,710,lei,torch; torchwood,,,"Fackel, Fackelholz","degener-shina2008[p. 282, glossary entry 7]",,Degener directly assigns this headword to Turner/CDIAL 710. [T. 710],degener-shina2008:p282:e07,,,,f dialect:Sh:gil:Gilgit
Sh,11056,líic̣o,wretched; poor,,,"elend, arm","degener-shina2008[p. 282, glossary entry 8]",,Degener directly assigns this headword to Turner/CDIAL 11056. [T. 11056],degener-shina2008:p282:e08,,,,adj m dialect:Sh:gil:Gilgit
Sh,11048,likhaáuk,fate,,,Schicksal,"degener-shina2008[p. 282, glossary entry 9]",,"Degener directly assigns this headword to Turner/CDIAL 11048. [zu likh- schreiben, T. 11048]",degener-shina2008:p282:e09,,,,m dialect:Sh:gil:Gilgit
Sh,,likhyaár,fate,,,Schicksal,"degener-shina2008[p. 282, glossary entry 10]",,,degener-shina2008:p282:e10,,,,f dialect:Sh:gil:Gilgit
Sh,,liilóo,violet,,,Veilchen,"degener-shina2008[p. 282, glossary entry 11]",,[Bur. lilióo],degener-shina2008:p282:e11,,,,m dialect:Sh:gil:Gilgit
Sh,,lip th-,throw away,,,wegwerfen,"degener-shina2008[p. 282, glossary entry 12]",,[= Bur.],degener-shina2008:p282:e12,,,,tr dialect:Sh:gil:Gilgit
Sh,,lip b-,be thrown away,,,weggeworfen werden,"degener-shina2008[p. 282, glossary entry 13]",,,degener-shina2008:p282:e13,,,,intr dialect:Sh:gil:Gilgit
Sh,11120,lóo,morning (dawn),,,Morgen(dämmerung),"degener-shina2008[p. 282, glossary entry 14]",,Degener directly assigns this headword to Turner/CDIAL 11120. [T. 11120],degener-shina2008:p282:e14,,,,m dialect:Sh:gil:Gilgit
Sh,,lóogo,foreign,,,fremd,"degener-shina2008[p. 282, glossary entry 15]",,,degener-shina2008:p282:e15,,,,adj m dialect:Sh:gil:Gilgit
Sh,,lo~i,fox,,,Fuchs,"degener-shina2008[p. 282, glossary entry 16]",,"[T. 11142, T. 131]",degener-shina2008:p282:e16,,,,f dialect:Sh:gil:Gilgit
Sh,10896,loóko,fast,,,schnell,"degener-shina2008[p. 282, glossary entry 17]",,Degener directly assigns this headword to Turner/CDIAL 10896. [T. 10896],degener-shina2008:p282:e17,,,,adj m dialect:Sh:gil:Gilgit
Sh,,lólok,buttocks; anus,,,"Hintern, After","degener-shina2008[p. 282, glossary entry 18]",,,degener-shina2008:p282:e18,,,,m dialect:Sh:gil:Gilgit
Sh,,loólyo,red,,,rot,"degener-shina2008[p. 282, glossary entry 19]",,"[T. 11165, 11168, Buddruss 1996, 46, Atlas 137]",degener-shina2008:p282:e19,,,,adj m dialect:Sh:gil:Gilgit
Sh,,loóm,a disease of grain,,,eine Getreidekrankheit,"degener-shina2008[p. 282, glossary entry 20]",,[= Bur.; Ikoh lʌmbà^h],degener-shina2008:p282:e20,,,,m dialect:Sh:gil:Gilgit
Sh,,lukh-,wish,,,wünschen,"degener-shina2008[p. 282, glossary entry 21]",,,degener-shina2008:p282:e21,,,,dialect:Sh:gil:Gilgit
Sh,,lup-,kindle,,,anzünden,"degener-shina2008[p. 283, glossary entry 1]",,"[Buddruss 1996, 46]",degener-shina2008:p283:e01,,,,tr dialect:Sh:gil:Gilgit
Sh,9691,ma,I,,,ich,"degener-shina2008[p. 283, glossary entry 2]",,Degener directly assigns this headword to Turner/CDIAL 9691. [T. 9691],degener-shina2008:p283:e02,,,,pron dialect:Sh:gil:Gilgit
Sh,10016,maá~,mother,,,Mutter. Vgl. maá~ maálo,"degener-shina2008[p. 283, glossary entry 3]",,Degener directly assigns this headword to Turner/CDIAL 10016. [T. 10016],degener-shina2008:p283:e03,,,,f dialect:Sh:gil:Gilgit
Sh,9989,mac̣híi,honey,,,Honig,"degener-shina2008[p. 283, glossary entry 4]",,Degener directly assigns this headword to Turner/CDIAL 9989. [T. 9989],degener-shina2008:p283:e04,,,,dialect:Sh:gil:Gilgit
Sh,9853,madúr,horse stable,,,Pferdestall,"degener-shina2008[p. 283, glossary entry 5]",,Degener directly assigns this headword to Turner/CDIAL 9853. [= Bur.; T. 9853],degener-shina2008:p283:e05,,,,f dialect:Sh:gil:Gilgit
Sh,,mágam,but,,,aber,"degener-shina2008[p. 283, glossary entry 6]",,"[auch Bur., Khowar, Wakhi, ← Pamir-Iran., s. Berger s. v. Bur. mágar]",degener-shina2008:p283:e06,,,,adv dialect:Sh:gil:Gilgit
Sh,9804,maǰaá,amidst; between; among,,,"inmitten, zwischen, unter (+ Obl)","degener-shina2008[p. 283, glossary entry 7]",,Degener directly assigns this headword to Turner/CDIAL 9804. [T. 9804],degener-shina2008:p283:e07,,,,postp dialect:Sh:gil:Gilgit
Sh,,maǰanéeǰo,from the midst of,,,aus der Mitte von (+ Obl),"degener-shina2008[p. 283, glossary entry 8]",,[isolierte Form? Kein Shina *maǰan],degener-shina2008:p283:e08,,,,dialect:Sh:gil:Gilgit
Sh,,maǰút,mosque,,,Moschee,"degener-shina2008[p. 283, glossary entry 9]",,[← Ar.-Ur. masjid; = Bur.],degener-shina2008:p283:e09,,,,f loanword dialect:Sh:gil:Gilgit
Sh,,mákar,deceit; cunning,,,"Trug, List","degener-shina2008[p. 283, glossary entry 10]",,[← Ar.-Ur. makr],degener-shina2008:p283:e10,,,,loanword dialect:Sh:gil:Gilgit
Sh,9879,makéi,maize,,,Mais,"degener-shina2008[p. 283, glossary entry 11]",,Degener directly assigns this headword to Turner/CDIAL 9879. [T. 9879; Ikoh makʌ ỳ],degener-shina2008:p283:e11,,,,f dialect:Sh:gil:Gilgit
Sh,10174,makhóoro,elder; chief; leader,,,"Ältester, Oberhaupt, Anführer","degener-shina2008[p. 283, glossary entry 12]",,"Degener directly assigns this headword to Turner/CDIAL 10174. [T. 10174, Bur. mukhóoro Schmeichler]",degener-shina2008:p283:e12,,,,m dialect:Sh:gil:Gilgit
Sh,,máal,livestock,,,Vieh,"degener-shina2008[p. 283, glossary entry 13]",,[← Ar.-Ur. maal],degener-shina2008:p283:e13,,,,m f loanword dialect:Sh:gil:Gilgit
Sh,9935,maálo,father,,,Vater,"degener-shina2008[p. 283, glossary entry 14]",,Degener directly assigns this headword to Turner/CDIAL 9935. [T. 9935],degener-shina2008:p283:e14,,,,m dialect:Sh:gil:Gilgit
Sh,,maá~-maálo,mother and father; parents,,,"Mutter und Vater, Eltern","degener-shina2008[p. 283, glossary entry 15]",,,degener-shina2008:p283:e15,,,,dialect:Sh:gil:Gilgit
Sh,,manhúus,ominous; of bad omen,,,"ominös, von schlechter Vorbedeutung","degener-shina2008[p. 283, glossary entry 16]",,[← Ar.-Ur. manḥuus],degener-shina2008:p283:e16,,,,adj m f loanword dialect:Sh:gil:Gilgit
Sh,9998,maáni,pearl,,,Perle,"degener-shina2008[p. 283, glossary entry 17]",,"Degener directly assigns this headword to Turner/CDIAL 9998. [T. 9998; Radloff 1998, 15 maáṇi]",degener-shina2008:p283:e17,,,,f dialect:Sh:gil:Gilgit
Sh,9746,manúuko,frog,,,Frosch,"degener-shina2008[p. 283, glossary entry 18]",,"Degener directly assigns this headword to Turner/CDIAL 9746. [T. 9746, Atlas 69]",degener-shina2008:p283:e18,,,,m dialect:Sh:gil:Gilgit
Sh,,manúkur,modest; quiet,,,"bescheiden, still","degener-shina2008[p. 283, glossary entry 19]",,,degener-shina2008:p283:e19,,,,adj m f dialect:Sh:gil:Gilgit
Sh,9827,manúẓo,man; human being,,,"Mann, Mensch. manúẓes 600, 745, 748, 754. Obl-pl manúẓo 643","degener-shina2008[p. 283, glossary entry 20]",,Degener directly assigns this headword to Turner/CDIAL 9827. [T. 9827],degener-shina2008:p283:e20,,,,m dialect:Sh:gil:Gilgit
Sh,,maphéer,wise old man,,,weiser Alter,"degener-shina2008[p. 284, glossary entry 1]",,[Bur. =],degener-shina2008:p284:e01,,,,m dialect:Sh:gil:Gilgit
Sh,,maféer,wise old man,,,weiser Alter,"degener-shina2008[p. 284, glossary entry 1]",,[Bur. =],degener-shina2008:p284:e01:v2,degener-shina2008:p284:e01,,,m alternate dialect:Sh:gil:Gilgit
Sh,10066,mar-,kill,,,töten,"degener-shina2008[p. 284, glossary entry 2]",,"Degener directly assigns this headword to Turner/CDIAL 10066. [T. 10066, Atlas 157]",degener-shina2008:p284:e02,,,,tr dialect:Sh:gil:Gilgit
Sh,,maraák,turn; bend; turning away,,,"Wendung, Biegung, Abkehren","degener-shina2008[p. 284, glossary entry 3]",,"[Bur. maráq Krümmung, Biegung; Shina maraák th- sich abwenden von]",degener-shina2008:p284:e03,,,,f dialect:Sh:gil:Gilgit
Sh,,marakáa,assembly,,,Versammlung,"degener-shina2008[p. 284, glossary entry 4]",,"[Bur. marká, Ikoh mʌrkà^h, ← Arab.-Urdu maʿraka]",degener-shina2008:p284:e04,,,,f dialect:Sh:gil:Gilgit
Sh,9869,maáran,death,,,Tod,"degener-shina2008[p. 284, glossary entry 5]",,"Degener directly assigns this headword to Turner/CDIAL 9869. [T. 9869, Bur. =]",degener-shina2008:p284:e05,,,,f dialect:Sh:gil:Gilgit
Sh,,maráz,illness,,,Krankheit,"degener-shina2008[p. 284, glossary entry 6]",,[← Ar.-Ur. maraż],degener-shina2008:p284:e06,,,,loanword dialect:Sh:gil:Gilgit
Sh,9874,maristán,unpaid worker; slave,,,"unbezahlter Arbeiter, Sklave","degener-shina2008[p. 284, glossary entry 7]",,Degener directly assigns this headword to Turner/CDIAL 9874. [T. 9874],degener-shina2008:p284:e07,,,,dialect:Sh:gil:Gilgit
Sh,,maristanaá,like a slave,,,wie ein Sklave,"degener-shina2008[p. 284, glossary entry 8]",,,degener-shina2008:p284:e08,,,,adv dialect:Sh:gil:Gilgit
Sh,,marón d-,turn toward,,,sich zuwenden (+ Dat),"degener-shina2008[p. 284, glossary entry 9]",,,degener-shina2008:p284:e09,,,,dialect:Sh:gil:Gilgit
Sh,,maruú,gold washing,,,Goldwäscherei,"degener-shina2008[p. 284, glossary entry 10]",,[Bur. marú],degener-shina2008:p284:e10,,,,f dialect:Sh:gil:Gilgit
Sh,,marúuċ,gold washer,,,Goldwäscher,"degener-shina2008[p. 284, glossary entry 11]",,[Bur. marúċ],degener-shina2008:p284:e11,,,,m dialect:Sh:gil:Gilgit
Sh,,marúi,(ear)lobe; cartilage,,,"(Ohr-)Läppchen, Knorpel","degener-shina2008[p. 284, glossary entry 12]",,,degener-shina2008:p284:e12,,,,f dialect:Sh:gil:Gilgit
Sh,,maṣoó,voice,,,Stimme,"degener-shina2008[p. 284, glossary entry 13]",,,degener-shina2008:p284:e13,,,,m dialect:Sh:gil:Gilgit
Sh,10085,maáṭi,clay; loam,,,"Tonerde, Lehm","degener-shina2008[p. 284, glossary entry 14]",,Degener directly assigns this headword to Turner/CDIAL 10085. [T. 10085; = Bur.],degener-shina2008:p284:e14,,,,dialect:Sh:gil:Gilgit
Sh,,Maṭúuṭi,personal name,,,,"degener-shina2008[p. 284, glossary entry 15]",,,degener-shina2008:p284:e15,,,,proper-noun m dialect:Sh:gil:Gilgit
Sh,,mayaá~ro,"wild animal: markhor, ibex",,,"Wildtier: Markhor, Ibex","degener-shina2008[p. 284, glossary entry 16]",,,degener-shina2008:p284:e16,,,,m dialect:Sh:gil:Gilgit
Sh,10113,mayúuṣ,swim bladder,,,Schwimmblase,"degener-shina2008[p. 284, glossary entry 17]",,Degener directly assigns this headword to Turner/CDIAL 10113. [T. 10113],degener-shina2008:p284:e17,,,,f dialect:Sh:gil:Gilgit
Sh,10114,máaz,month,,,Monat,"degener-shina2008[p. 284, glossary entry 18]",,Degener directly assigns this headword to Turner/CDIAL 10114. [T. 10114],degener-shina2008:p284:e18,,,,m dialect:Sh:gil:Gilgit
Sh,,máza,taste,,,Geschmack,"degener-shina2008[p. 284, glossary entry 19]",,[← Pers.-Ur.],degener-shina2008:p284:e19,,,,loanword dialect:Sh:gil:Gilgit
Sh,,mazpoói,pregnant,,,schwanger,"degener-shina2008[p. 284, glossary entry 20]",,[vgl. Ikoh sʌpúi],degener-shina2008:p284:e20,,,,adj f dialect:Sh:gil:Gilgit
Sh,9691,mei,my,,,mein,"degener-shina2008[p. 284, glossary entry 21]",,Degener directly assigns this headword to Turner/CDIAL 9691. [T. 9691],degener-shina2008:p284:e21,,,,pron dialect:Sh:gil:Gilgit
Sh,9767,mel,buttermilk,,,Buttermilch,"degener-shina2008[p. 284, glossary entry 22]",,Degener directly assigns this headword to Turner/CDIAL 9767. [T. 9767],degener-shina2008:p284:e22,,,,m dialect:Sh:gil:Gilgit
Sh,,Mélo,personal name,,,,"degener-shina2008[p. 284, glossary entry 23]",,,degener-shina2008:p284:e23,,,,proper-noun m dialect:Sh:gil:Gilgit
Sh,,méeṣ,seedling,,,Setzling,"degener-shina2008[p. 284, glossary entry 24]",,[Bur. meṣ],degener-shina2008:p284:e24,,,,f dialect:Sh:gil:Gilgit
Sh,,mewá,fruit,,,"Frucht, Obst","degener-shina2008[p. 285, glossary entry 1]",,[← Pers-Ur. mewa],degener-shina2008:p285:e01,,,,loanword dialect:Sh:gil:Gilgit
Sh,,mewadáar,fruit-bearing,,,fruchttragend,"degener-shina2008[p. 285, glossary entry 2]",,[← Pers.-Ur.],degener-shina2008:p285:e02,,,,adj m f loanword dialect:Sh:gil:Gilgit
Sh,10337,miíke,urine,,,Urin,"degener-shina2008[p. 285, glossary entry 3]",,"Degener directly assigns this headword to Turner/CDIAL 10337. [T. 10337, Atlas 158]",degener-shina2008:p285:e03,,,,m dialect:Sh:gil:Gilgit
Sh,,milliílo,beautiful; pretty,,,printed as a cross-reference: s. minaliílo.,"degener-shina2008[p. 285, glossary entry 4]",,,degener-shina2008:p285:e04,degener-shina2008:p285:e06,,,dialect:Sh:gil:Gilgit
Sh,,mináal,a plant (Costus arabicus?),,,eine Pflanze (costus arabicus?),"degener-shina2008[p. 285, glossary entry 5]",,[Bur. mináli],degener-shina2008:p285:e05,,,,f dialect:Sh:gil:Gilgit
Sh,,minaliílo,beautiful; pretty,,,"schön, hübsch","degener-shina2008[p. 285, glossary entry 6]",,,degener-shina2008:p285:e06,,,,adj m dialect:Sh:gil:Gilgit
Sh,,Minóor,place name,,,,"degener-shina2008[p. 285, glossary entry 7]",,,degener-shina2008:p285:e07,,,,proper-noun dialect:Sh:gil:Gilgit
Sh,10278,mir-,die,,,sterben. Siehe múu~o „tot“,"degener-shina2008[p. 285, glossary entry 8]",,"Degener directly assigns this headword to Turner/CDIAL 10278. [T. 10278, 10383 *mriyate]",degener-shina2008:p285:e08,,,,intr dialect:Sh:gil:Gilgit
Sh,,mirgíi,epilepsy,,,Epilepsie,"degener-shina2008[p. 285, glossary entry 9]",,[← Ur.],degener-shina2008:p285:e09,,,,f loanword dialect:Sh:gil:Gilgit
Sh,10383,miriǰ-,die,,,sterben,"degener-shina2008[p. 285, glossary entry 10]",,"Degener directly assigns this headword to Turner/CDIAL 10383. [*mriyyate, T. 10383]",degener-shina2008:p285:e10,,,,intr dialect:Sh:gil:Gilgit
Sh,,mišáari,feverish illness; pneumonia,,,"fiebrige Erkrankung, Lungenentzündung","degener-shina2008[p. 285, glossary entry 11]",,,degener-shina2008:p285:e11,,,,dialect:Sh:gil:Gilgit
Sh,10137,miṣ-,mix,,,mischen,"degener-shina2008[p. 285, glossary entry 12]",,Degener directly assigns this headword to Turner/CDIAL 10137. [T. 10137],degener-shina2008:p285:e12,,,,tr dialect:Sh:gil:Gilgit
Sh,10137,miṣiǰ-,become mixed,,,(pass.) sich vermischen,"degener-shina2008[p. 285, glossary entry 13]",,Degener directly assigns this headword to Turner/CDIAL 10137. [T. 10137],degener-shina2008:p285:e13,,,,intr dialect:Sh:gil:Gilgit
Sh,10299,míṣṭo,good,,,gut,"degener-shina2008[p. 285, glossary entry 14]",,Degener directly assigns this headword to Turner/CDIAL 10299. [T. 10299],degener-shina2008:p285:e14,,,,adj m dialect:Sh:gil:Gilgit
Sh,10323,míu,bone marrow,,,Knochenmark,"degener-shina2008[p. 285, glossary entry 15]",,Degener directly assigns this headword to Turner/CDIAL 10323. [T. 10323],degener-shina2008:p285:e15,,,,m dialect:Sh:gil:Gilgit
Sh,,moc̣,sliding mountainside; eroding earth,,,"rutschender Berghang, erodierende Erde","degener-shina2008[p. 285, glossary entry 16]",,"[Bur. mart steile, abgeböschte Erdwand am Flussufer]",degener-shina2008:p285:e16,,,,m dialect:Sh:gil:Gilgit
Sh,10182,moǰ-,save,,,retten,"degener-shina2008[p. 285, glossary entry 17]",,Degener directly assigns this headword to Turner/CDIAL 10182. [T. 10182],degener-shina2008:p285:e17,,,,tr dialect:Sh:gil:Gilgit
Sh,10009,moól,uncle,,,Onkel,"degener-shina2008[p. 285, glossary entry 18]",,Degener directly assigns this headword to Turner/CDIAL 10009. [T. 10009],degener-shina2008:p285:e18,,,,m dialect:Sh:gil:Gilgit
Sh,,momilá,business,,,Geschäft,"degener-shina2008[p. 285, glossary entry 19]",,[← Ar.-Ur. muʿāmila],degener-shina2008:p285:e19,,,,m loanword dialect:Sh:gil:Gilgit
Sh,9859,moón,jealousy,,,Eifersucht,"degener-shina2008[p. 285, glossary entry 20]",,Degener directly assigns this headword to Turner/CDIAL 9859. [= Bur.; T. 9859],degener-shina2008:p285:e20,,,,f dialect:Sh:gil:Gilgit
Sh,9834,mor,word; matter,,,"Wort, Sache","degener-shina2008[p. 285, glossary entry 21]",,"Degener directly assigns this headword to Turner/CDIAL 9834. [T. 9834, s.Buddruss 1996, 46]",degener-shina2008:p285:e21,,,,m dialect:Sh:gil:Gilgit
Sh,9982,moós,meat,,,Fleisch,"degener-shina2008[p. 286, glossary entry 1]",,"Degener directly assigns this headword to Turner/CDIAL 9982. [T. 9982, Atlas 161]",degener-shina2008:p286:e01,,,,m dialect:Sh:gil:Gilgit
Sh,,móẓiye,word; matter,,,printed as a cross-reference: s. mor.,"degener-shina2008[p. 286, glossary entry 2]",,,degener-shina2008:p286:e02,degener-shina2008:p285:e21,,,dialect:Sh:gil:Gilgit
Sh,10181,muč-,be released; escape; cease; remain; survive,,,"losgelassen werden, entkommen, aufhören, bleiben, überleben","degener-shina2008[p. 286, glossary entry 3]",,Degener directly assigns this headword to Turner/CDIAL 10181. [T. 10181],degener-shina2008:p286:e03,,,,intr dialect:Sh:gil:Gilgit
Sh,,muc̣haní,in front of,,,vor (+ Gen.),"degener-shina2008[p. 286, glossary entry 4]",,,degener-shina2008:p286:e04,,,,postp dialect:Sh:gil:Gilgit
Sh,,muc̣hoó,(to the) front,,,(nach) vorn,"degener-shina2008[p. 286, glossary entry 5]",,[vgl. Zoller p. 343],degener-shina2008:p286:e05,,,,adv dialect:Sh:gil:Gilgit
Sh,,muc̣hoó,come forward; be begun,,,"vor-kommen, begonnen werden","degener-shina2008[p. 286, glossary entry 6]",,,degener-shina2008:p286:e06,,,,intr dialect:Sh:gil:Gilgit
Sh,,wa-,come forward; be begun,,,"vor-kommen, begonnen werden","degener-shina2008[p. 286, glossary entry 6]",,,degener-shina2008:p286:e06:v2,degener-shina2008:p286:e06,,,intr alternate dialect:Sh:gil:Gilgit
Sh,,muc̣hóṭ,earlier; forward,,,früher; nach vorne,"degener-shina2008[p. 286, glossary entry 7]",,,degener-shina2008:p286:e07,,,,adv dialect:Sh:gil:Gilgit
Sh,,múgar,billy goat,,,Ziegenbock,"degener-shina2008[p. 286, glossary entry 8]",,,degener-shina2008:p286:e08,,,,m dialect:Sh:gil:Gilgit
Sh,,muhabbát,love,,,Liebe,"degener-shina2008[p. 286, glossary entry 9]",,[← Ar.-Ur. muḥabbat],degener-shina2008:p286:e09,,,,f loanword dialect:Sh:gil:Gilgit
Sh,,muk,white gem,,,weißer Edelstein,"degener-shina2008[p. 286, glossary entry 10]",,[Bur. muk Perle; Shina (Bailey) muk pearl],degener-shina2008:p286:e10,,,,m dialect:Sh:gil:Gilgit
Sh,10174,mukh,face,,,Gesicht,"degener-shina2008[p. 286, glossary entry 11]",,"Degener directly assigns this headword to Turner/CDIAL 10174. [T. 10174, Atlas 165]",degener-shina2008:p286:e11,,,,m dialect:Sh:gil:Gilgit
Sh,,mukh d-,turn toward (someone),,,sich zuwenden (jmdm. + Dat),"degener-shina2008[p. 286, glossary entry 12]",,,degener-shina2008:p286:e12,,,,dialect:Sh:gil:Gilgit
Sh,,mukhá,in front of,,,vor (+ Gen.),"degener-shina2008[p. 286, glossary entry 13]",,,degener-shina2008:p286:e13,,,,postp dialect:Sh:gil:Gilgit
Sh,,muláai,girl,,,Mädchen,"degener-shina2008[p. 286, glossary entry 14]",,"[Ikoh mulʌ ý, s. Zoller s. v.]",degener-shina2008:p286:e14,,,,f dialect:Sh:gil:Gilgit
Sh,10250,mulíi,root,,,Wurzel,"degener-shina2008[p. 286, glossary entry 15]",,Degener directly assigns this headword to Turner/CDIAL 10250. [T. 10250],degener-shina2008:p286:e15,,,,dialect:Sh:gil:Gilgit
Sh,10196,mun,tree stump,,,Baumstumpf,"degener-shina2008[p. 286, glossary entry 16]",,Degener directly assigns this headword to Turner/CDIAL 10196. [T. 10196; = Bur.],degener-shina2008:p286:e16,,,,m dialect:Sh:gil:Gilgit
Sh,,mun,"upper, rear part of the room (not used in Gilgit, where pan is used)",,,"oberer, hinterer Teil des Raumes (nicht gebräuchlich in Gilgit, dafür pan)","degener-shina2008[p. 286, glossary entry 17]",,,degener-shina2008:p286:e17,,,,dialect:Sh:gil:Gilgit
Sh,9742,múuni,lap,,,Schoß,"degener-shina2008[p. 286, glossary entry 18]",,"Degener directly assigns this headword to Turner/CDIAL 9742. [T. 9742; Radloff 1998, 149 múuṇi]",degener-shina2008:p286:e18,,,,f dialect:Sh:gil:Gilgit
Sh,10278,múu~o,dead; dead person,,,"tot, Toter","degener-shina2008[p. 286, glossary entry 19]",,Degener directly assigns this headword to Turner/CDIAL 10278. [T. 10278],degener-shina2008:p286:e19,,,,adj dialect:Sh:gil:Gilgit
Sh,,muráad,wish; also as personal name,,,Wunsch; auch als EN m,"degener-shina2008[p. 286, glossary entry 20]",,[← Ar.-Ur.],degener-shina2008:p286:e20,,,,loanword dialect:Sh:gil:Gilgit
Sh,,murdá,dead; dead person,,,"tot, Toter","degener-shina2008[p. 286, glossary entry 21]",,[←Pers.-Ur. murda],degener-shina2008:p286:e21,,,,adj m f loanword dialect:Sh:gil:Gilgit
Sh,,murdasíp,feeble,,,schwächlich,"degener-shina2008[p. 286, glossary entry 22]",,,degener-shina2008:p286:e22,,,,adj m f dialect:Sh:gil:Gilgit
Sh,10049,mušáa,man,,,Mann,"degener-shina2008[p. 287, glossary entry 1]",,Degener directly assigns this headword to Turner/CDIAL 10049. [T. 10049],degener-shina2008:p287:e01,,,,m dialect:Sh:gil:Gilgit
Sh,10151,múto,other,,,ander(er),"degener-shina2008[p. 287, glossary entry 2]",,Degener directly assigns this headword to Turner/CDIAL 10151. [T. 10151; Ikoh mùt^h],degener-shina2008:p287:e02,,,,adj m dialect:Sh:gil:Gilgit
Sh,10221,muṭ,fist,,,Faust,"degener-shina2008[p. 287, glossary entry 3]",,Degener directly assigns this headword to Turner/CDIAL 10221. [T. 10221],degener-shina2008:p287:e03,,,,dialect:Sh:gil:Gilgit
Sh,,múuwo,dead; dead person,,,"tot, Toter","degener-shina2008[p. 287, glossary entry 4]",,Cross-reference: s. mir-.,degener-shina2008:p287:e04,,,,dialect:Sh:gil:Gilgit
Sh,10223,múzal,pestle,,,Stößel,"degener-shina2008[p. 287, glossary entry 5]",,Degener directly assigns this headword to Turner/CDIAL 10223. [T. 10223],degener-shina2008:p287:e05,,,,dialect:Sh:gil:Gilgit
Sh,10258,múuẓi,mouse; rat,,,"Maus, Ratte","degener-shina2008[p. 287, glossary entry 6]",,"Degener directly assigns this headword to Turner/CDIAL 10258. [T. 10258, Atlas 149]",degener-shina2008:p287:e06,,,,f dialect:Sh:gil:Gilgit
Sh,6906,na,not (prohibitive),,,nicht (prohibitiv),"degener-shina2008[p. 287, glossary entry 7]",,Degener directly assigns this headword to Turner/CDIAL 6906. [T. 6906],degener-shina2008:p287:e07,,,,adv dialect:Sh:gil:Gilgit
Sh,,naadáan,ignorant; stupid,,,"unwissend, dumm","degener-shina2008[p. 287, glossary entry 8]",,[← Pers.-Ur.],degener-shina2008:p287:e08,,,,adj m f loanword dialect:Sh:gil:Gilgit
Sh,,nafs,soul; self,,,"Seele, Selbst","degener-shina2008[p. 287, glossary entry 9]",,[← Ar.-Ur.],degener-shina2008:p287:e09,,,,loanword dialect:Sh:gil:Gilgit
Sh,,Nagár,place name (Nager),,,Nager,"degener-shina2008[p. 287, glossary entry 10]",,,degener-shina2008:p287:e10,,,,proper-noun dialect:Sh:gil:Gilgit
Sh,,náal,yoke; pair,,,"Joch, Paar","degener-shina2008[p. 287, glossary entry 11]",,[Bur. nal],degener-shina2008:p287:e11,,,,m dialect:Sh:gil:Gilgit
Sh,,náal,pair; partner (in a game); companion(s),,,"Paar, (Spiel-)Partner, Gefährte(n)","degener-shina2008[p. 287, glossary entry 12]",,[Bur. náal],degener-shina2008:p287:e12,,,,f dialect:Sh:gil:Gilgit
Sh,,naál,wife's relatives,,,Verwandte der Ehefrau,"degener-shina2008[p. 287, glossary entry 13]",,,degener-shina2008:p287:e13,,,,m dialect:Sh:gil:Gilgit
Sh,,nalaá,together,,,zusammen (náal Paar),"degener-shina2008[p. 287, glossary entry 14]",,[= Bur.],degener-shina2008:p287:e14,,,,adv dialect:Sh:gil:Gilgit
Sh,6926,náno,naked,,,nackt,"degener-shina2008[p. 287, glossary entry 15]",,Degener directly assigns this headword to Turner/CDIAL 6926. [T. 6926; Ikoh nʌ ǹd̥],degener-shina2008:p287:e15,,,,adj m dialect:Sh:gil:Gilgit
Sh,,naŋ,honor,,,Ehre,"degener-shina2008[p. 287, glossary entry 16]",,[← Pers.-Ur. nang],degener-shina2008:p287:e16,,,,m loanword dialect:Sh:gil:Gilgit
Sh,7040,naáŋ,lead,,,Blei,"degener-shina2008[p. 287, glossary entry 17]",,Degener directly assigns this headword to Turner/CDIAL 7040. [T. 7040],degener-shina2008:p287:e17,,,,m dialect:Sh:gil:Gilgit
Sh,,naapáak,unclean; dirty,,,"unrein, schmutzig","degener-shina2008[p. 287, glossary entry 18]",,[← Pers.-Ur.],degener-shina2008:p287:e18,,,,adj m f loanword dialect:Sh:gil:Gilgit
Sh,13794,náar,pulse; sinew,,,Puls; Sehne,"degener-shina2008[p. 287, glossary entry 19]",,Degener directly assigns this headword to Turner/CDIAL 13794. [T. 13794],degener-shina2008:p287:e19,,,,f dialect:Sh:gil:Gilgit
Sh,,náre,downward; down,,,"nach unten, hinab","degener-shina2008[p. 287, glossary entry 20]",,"[T. 7189? (Buddruss 1996, 46]",degener-shina2008:p287:e20,,,,adv dialect:Sh:gil:Gilgit
Sh,,nareéni,pus pimple,,,Eiterpickel,"degener-shina2008[p. 287, glossary entry 21]",,,degener-shina2008:p287:e21,,,,dialect:Sh:gil:Gilgit
Sh,,náro,difficult; hard,,,"schwierig, schwer","degener-shina2008[p. 287, glossary entry 22]",,[= Bur.],degener-shina2008:p287:e22,,,,adj m dialect:Sh:gil:Gilgit
Sh,,nasáalo,name of a festival,,,Name eines Festes,"degener-shina2008[p. 288, glossary entry 1]",,,degener-shina2008:p288:e01,,,,dialect:Sh:gil:Gilgit
Sh,7027,naš-,perish; be ruined; get lost,,,"umkommen, zugrunde gehen, verlorengehen","degener-shina2008[p. 288, glossary entry 2]",,Degener directly assigns this headword to Turner/CDIAL 7027. [T. 7027],degener-shina2008:p288:e02,,,,intr dialect:Sh:gil:Gilgit
Sh,7580,naṭ,dance,,,Tanz,"degener-shina2008[p. 288, glossary entry 3]",,Degener directly assigns this headword to Turner/CDIAL 7580. [T. 7580],degener-shina2008:p288:e03,,,,f dialect:Sh:gil:Gilgit
Sh,,naṭh-,"dance, play",,,printed as a cross-reference: s. noṭh-.,"degener-shina2008[p. 288, glossary entry 4]",,,degener-shina2008:p288:e04,degener-shina2008:p289:e14,,,dialect:Sh:gil:Gilgit
Sh,6979,naṭh-,make dance,,,tanzen lassen,"degener-shina2008[p. 288, glossary entry 5]",,Degener directly assigns this headword to Turner/CDIAL 6979. [T. 6979],degener-shina2008:p288:e05,,,,tr dialect:Sh:gil:Gilgit
Sh,,naawaqt,"wrong time, inopportune time",,,Unzeit,"degener-shina2008[p. 288, glossary entry 6]",,[←Pers.-Ur.],degener-shina2008:p288:e06,,,,loanword dialect:Sh:gil:Gilgit
Sh,6983,naáwo,new,,,neu,"degener-shina2008[p. 288, glossary entry 7]",,Degener directly assigns this headword to Turner/CDIAL 6983. [T. 6983],degener-shina2008:p288:e07,,,,adj m dialect:Sh:gil:Gilgit
Sh,,nazaríi,evil eye,,,böser Blick,"degener-shina2008[p. 288, glossary entry 8]",,[← Ar.-Ur. naẓar (böser) Blick],degener-shina2008:p288:e08,,,,f loanword dialect:Sh:gil:Gilgit
Sh,283,ne,this (as opposed to re),,,dies (Gegensatz: re),"degener-shina2008[p. 288, glossary entry 9]",,Degener directly assigns this headword to Turner/CDIAL 283. [T. 283],degener-shina2008:p288:e09,,,,f dialect:Sh:gil:Gilgit
Sh,,née,"again, anew",,,"wieder, erneut. (vgl. tonée)","degener-shina2008[p. 288, glossary entry 10]",,,degener-shina2008:p288:e10,,,,adv dialect:Sh:gil:Gilgit
Sh,7603,neé,not,,,nicht,"degener-shina2008[p. 288, glossary entry 11]",,Degener directly assigns this headword to Turner/CDIAL 7603. [T. 7603],degener-shina2008:p288:e11,,,,adv dialect:Sh:gil:Gilgit
Sh,7163,nigil-,"become eclipsed (of sun or moon), wane (of the moon)",,,"(Sonnen-, Mond-) Finsternis werden, abnehmen (Mond)","degener-shina2008[p. 288, glossary entry 12]",,Degener directly assigns this headword to Turner/CDIAL 7163. [T. 7163],degener-shina2008:p288:e12,,,,intr dialect:Sh:gil:Gilgit
Sh,7479,nikha-,"go out, come out; turn out to be",,,"hinausgehen, herauskommen; sich erweisen als","degener-shina2008[p. 288, glossary entry 13]",,Degener directly assigns this headword to Turner/CDIAL 7479. [T. 7479],degener-shina2008:p288:e13,,,,intr dialect:Sh:gil:Gilgit
Sh,7484,nikhal-,"bring out, take out, excrete",,,"hinaus-, herausbringen, ausscheiden","degener-shina2008[p. 288, glossary entry 14]",,Degener directly assigns this headword to Turner/CDIAL 7484. [T. 7484],degener-shina2008:p288:e14,,,,tr dialect:Sh:gil:Gilgit
Sh,,nikhalar-,"cause to take out, drive out",,,"(kaus. von nikhal-). hinausbringen lassen, austreiben","degener-shina2008[p. 288, glossary entry 15]",,,degener-shina2008:p288:e15,,,,tr dialect:Sh:gil:Gilgit
Sh,,nikhaliǰ-,be brought out,,,(pass. von nikhal-). hinausgebracht werden,"degener-shina2008[p. 288, glossary entry 16]",,,degener-shina2008:p288:e16,,,,intr dialect:Sh:gil:Gilgit
Sh,,nilaálo,"worthless, tasteless, insipid",,,"wertlos, geschmacklos, fade","degener-shina2008[p. 288, glossary entry 17]",,,degener-shina2008:p288:e17,,,,adj m dialect:Sh:gil:Gilgit
Sh,10970,niláawo,forehead,,,Stirn,"degener-shina2008[p. 288, glossary entry 18]",,Degener directly assigns this headword to Turner/CDIAL 10970. [T. 10970],degener-shina2008:p288:e18,,,,m dialect:Sh:gil:Gilgit
Sh,,niliǰ-,"come out, sprout",,,"herauskommen, sprossen","degener-shina2008[p. 289, glossary entry 1]",,,degener-shina2008:p289:e01,,,,dialect:Sh:gil:Gilgit
Sh,7563,níilo,"blue, green",,,"blau, grün","degener-shina2008[p. 289, glossary entry 2]",,Degener directly assigns this headword to Turner/CDIAL 7563. [T. 7563],degener-shina2008:p289:e02,,,,adj m dialect:Sh:gil:Gilgit
Sh,7200,nir,sleep,,,Schlaf,"degener-shina2008[p. 289, glossary entry 3]",,"Degener directly assigns this headword to Turner/CDIAL 7200. [T. 7200, Atlas 147]",degener-shina2008:p289:e03,,,,f dialect:Sh:gil:Gilgit
Sh,7266,niráno,"hungry, hungry person",,,"hungrig, Hungriger","degener-shina2008[p. 289, glossary entry 4]",,Degener directly assigns this headword to Turner/CDIAL 7266. [T. 7266],degener-shina2008:p289:e04,,,,adj m dialect:Sh:gil:Gilgit
Sh,,niriṣkúno,healthy,,,gesund,"degener-shina2008[p. 289, glossary entry 5]",,,degener-shina2008:p289:e05,,,,adj m dialect:Sh:gil:Gilgit
Sh,,niriṣkunyaár,health,,,Gesundheit,"degener-shina2008[p. 289, glossary entry 6]",,,degener-shina2008:p289:e06,,,,f dialect:Sh:gil:Gilgit
Sh,,nirustoó,storax (as a medicine),,,Storax (als Heilmittel),"degener-shina2008[p. 289, glossary entry 7]",,,degener-shina2008:p289:e07,,,,dialect:Sh:gil:Gilgit
Sh,,niš-,extinguish (a light),,,löschen (Licht),"degener-shina2008[p. 289, glossary entry 8]",,[T. 7466 mit š von Pers. nišaandan? Oder ← Pers.],degener-shina2008:p289:e08,,,,tr dialect:Sh:gil:Gilgit
Sh,,nizá,"lance, spear",,,"Lanze, Speer","degener-shina2008[p. 289, glossary entry 9]",,[← Pers.-Ur. neza],degener-shina2008:p289:e09,,,,m loanword dialect:Sh:gil:Gilgit
Sh,7067,nóom,name,,,Name,"degener-shina2008[p. 289, glossary entry 10]",,Degener directly assigns this headword to Turner/CDIAL 7067. [T. 7067],degener-shina2008:p289:e10,,,,m dialect:Sh:gil:Gilgit
Sh,6920,nóoro,fingernail,,,Fingernagel,"degener-shina2008[p. 289, glossary entry 11]",,"Degener directly assigns this headword to Turner/CDIAL 6920. [T. 6920, Atlas 102]",degener-shina2008:p289:e11,,,,m dialect:Sh:gil:Gilgit
Sh,13788,nóoṭ,"flat place, spot in a river carrying little water",,,"flache Stelle, Stelle im Fluss, die wenig Wasser führt","degener-shina2008[p. 289, glossary entry 12]",,"Degener directly assigns this headword to Turner/CDIAL 13788. [T. 13788, Bur. nóoc̣]",degener-shina2008:p289:e12,,,,m dialect:Sh:gil:Gilgit
Sh,,nóoṭ,"banknote, note",,,"Geldschein, Note","degener-shina2008[p. 289, glossary entry 13]",,[← Englisch-Ur. noṭ (note)],degener-shina2008:p289:e13,,,,loanword dialect:Sh:gil:Gilgit
Sh,7583,noṭh-,"dance, play",,,"tanzen, spielen","degener-shina2008[p. 289, glossary entry 14]",,Degener directly assigns this headword to Turner/CDIAL 7583. [T. 7583],degener-shina2008:p289:e14,,,,intr dialect:Sh:gil:Gilgit
Sh,,nuksáan,"damage, harm",,,Schaden,"degener-shina2008[p. 289, glossary entry 15]",,[← Ar.-Ur. nuqsaan],degener-shina2008:p289:e15,,,,loanword dialect:Sh:gil:Gilgit
Sh,7607,nuš,is not (present),,,ist nicht (vorhanden),"degener-shina2008[p. 289, glossary entry 16]",,"Degener directly assigns this headword to Turner/CDIAL 7607. [T. 7607, 12605?]",degener-shina2008:p289:e16,,,,dialect:Sh:gil:Gilgit
Sh,13801,nuúṣ,daughter-in-law,,,Schwiegertochter,"degener-shina2008[p. 289, glossary entry 17]",,Degener directly assigns this headword to Turner/CDIAL 13801. [T. 13801],degener-shina2008:p289:e17,,,,f dialect:Sh:gil:Gilgit
Sh,,oó,"he, this, that (aforementioned) one",,,"er, dieser, jener (genannte) (vgl. eé)","degener-shina2008[p. 289, glossary entry 18]",,,degener-shina2008:p289:e18,,,,m dialect:Sh:gil:Gilgit
Sh,2538,oók,"vomiting, nausea",,,"Erbrechen, Brechreiz","degener-shina2008[p. 289, glossary entry 19]",,"Degener directly assigns this headword to Turner/CDIAL 2538. [Bur. oq, T. 2538]",degener-shina2008:p289:e19,,,,f dialect:Sh:gil:Gilgit
Sh,14304,okoó d-,dig (up),,,(auf)graben,"degener-shina2008[p. 289, glossary entry 20]",,Degener directly assigns this headword to Turner/CDIAL 14304. [T. 14304],degener-shina2008:p289:e20,,,,tr intr dialect:Sh:gil:Gilgit
Sh,,oolo,"burden, load",,,"Bürde, Last","degener-shina2008[p. 290, glossary entry 1]",,,degener-shina2008:p290:e01,,,,dialect:Sh:gil:Gilgit
Sh,395,on,"grain of all kinds, food",,,"Getreide aller Art, Nahrung","degener-shina2008[p. 290, glossary entry 2]",,Degener directly assigns this headword to Turner/CDIAL 395. [T. 395; Bur. on alle essbaren Getreidesorten und Körnerfrüchte],degener-shina2008:p290:e02,,,,m dialect:Sh:gil:Gilgit
Sh,2282,oó~s b-,smile,,,lächeln,"degener-shina2008[p. 290, glossary entry 3]",,Degener directly assigns this headword to Turner/CDIAL 2282. [T. 2282],degener-shina2008:p290:e03,,,,intr dialect:Sh:gil:Gilgit
Sh,,óo~ši,wind,,,Wind,"degener-shina2008[p. 290, glossary entry 4]",,"[Atlas 159, Buddruss 1996, 47]",degener-shina2008:p290:e04,,,,f dialect:Sh:gil:Gilgit
Sh,427,oó~šo,guest,,,Gast,"degener-shina2008[p. 290, glossary entry 5]",,"Degener directly assigns this headword to Turner/CDIAL 427. [T. 427; Bur. oóśin, Pl oóśo]",degener-shina2008:p290:e05,,,,m dialect:Sh:gil:Gilgit
Sh,2563,óo~ṭi,(lower) lip,,,(untere) Lippe,"degener-shina2008[p. 290, glossary entry 6]",,"Degener directly assigns this headword to Turner/CDIAL 2563. [T. 2563, Atlas 81]",degener-shina2008:p290:e06,,,,f dialect:Sh:gil:Gilgit
Sh,,óo~ṭo,lip,,,Lippe,"degener-shina2008[p. 290, glossary entry 7]",,,degener-shina2008:p290:e07,,,,m dialect:Sh:gil:Gilgit
Sh,1182,óẓi,belly,,,Bauch,"degener-shina2008[p. 290, glossary entry 8]",,Degener directly assigns this headword to Turner/CDIAL 1182. [T. 1182],degener-shina2008:p290:e08,,,,f dialect:Sh:gil:Gilgit
Sh,7722,p-,"fall, settle down; turn out (= become)",,,"fallen, sich niederlassen; ausfallen (= werden)","degener-shina2008[p. 290, glossary entry 9]",,Degener directly assigns this headword to Turner/CDIAL 7722. [T. 7722],degener-shina2008:p290:e09,,,,intr dialect:Sh:gil:Gilgit
Sh,8056,páa,foot,,,Fuß,"degener-shina2008[p. 290, glossary entry 10]",,"Degener directly assigns this headword to Turner/CDIAL 8056. [T. 8056, Atlas 113]",degener-shina2008:p290:e10,,,,m dialect:Sh:gil:Gilgit
Sh,7654,pač-,"ripen, become firm, become perfect",,,"reifen, fest werden, vollkommen werden","degener-shina2008[p. 290, glossary entry 11]",,Degener directly assigns this headword to Turner/CDIAL 7654. [T. 7654],degener-shina2008:p290:e11,,,,intr dialect:Sh:gil:Gilgit
Sh,,páačo,"fabric, cloth",,,"Stoff, Tuch.120","degener-shina2008[p. 290, glossary entry 12]",,[Bur. páčĩ],degener-shina2008:p290:e12,,,,m dialect:Sh:gil:Gilgit
Sh,,paác̣o,piece (of iron),,,Stück (Eisen),"degener-shina2008[p. 290, glossary entry 13]",,[T. 7627?],degener-shina2008:p290:e13,,,,m dialect:Sh:gil:Gilgit
Sh,,paǰúu,salt,,,Salz,"degener-shina2008[p. 290, glossary entry 14]",,"[Atlas 142, anders Berger s. v. Bur. bayú Salz]",degener-shina2008:p290:e14,,,,f dialect:Sh:gil:Gilgit
Sh,,paǰugalíto,"salty, salt-",,,"salzig, Salz-","degener-shina2008[p. 290, glossary entry 15]",,,degener-shina2008:p290:e15,,,,adj m dialect:Sh:gil:Gilgit
Sh,,páak,"clean, pure",,,"sauber, rein","degener-shina2008[p. 290, glossary entry 16]",,[← Pers.-Ur.],degener-shina2008:p290:e16,,,,adj m f loanword dialect:Sh:gil:Gilgit
Sh,7621,páko,"ripe, perfect, strong; firm, hard",,,"reif, vollkommen, stark; fest, hart","degener-shina2008[p. 290, glossary entry 17]",,Degener directly assigns this headword to Turner/CDIAL 7621. [T. 7621],degener-shina2008:p290:e17,,,,adj m dialect:Sh:gil:Gilgit
Sh,8764,pali-,"rub in, smear",,,"einreiben, beschmieren","degener-shina2008[p. 290, glossary entry 18]",,Degener directly assigns this headword to Turner/CDIAL 8764. [T. 8764],degener-shina2008:p290:e18,,,,tr dialect:Sh:gil:Gilgit
Sh,,paáli,whetstone,,,Schleifstein,"degener-shina2008[p. 290, glossary entry 19]",,,degener-shina2008:p290:e19,,,,f dialect:Sh:gil:Gilgit
Sh,8129,paliǰ-,"attach oneself, infest (of parasites, demons)",,,"(pass. von pal- übergeben, einsetzen (?)) sich anheften, befallen (Parasiten, Dämonen)","degener-shina2008[p. 290, glossary entry 20]",,Degener directly assigns this headword to Turner/CDIAL 8129. [T. 8129],degener-shina2008:p290:e20,,,,intr dialect:Sh:gil:Gilgit
Sh,8764,paliǰ-,be smeared,,,(pass. von pali-) beschmiert werden,"degener-shina2008[p. 291, glossary entry 1]",,Degener directly assigns this headword to Turner/CDIAL 8764. [T. 8764],degener-shina2008:p291:e01,,,,intr dialect:Sh:gil:Gilgit
Sh,,pan,"authority; hindmost place, seat of honor in the house",,,"Autorität; hinterste Stelle, Ehrenplatz im Haus","degener-shina2008[p. 291, glossary entry 2]",,,degener-shina2008:p291:e02,,,,m dialect:Sh:gil:Gilgit
Sh,7663,panzéi b-,"""become the 15th"", be half over (of a month)",,,"""15. werden"", zur Hälfte vergangen sein (Monat)","degener-shina2008[p. 291, glossary entry 3]",,Degener directly assigns this headword to Turner/CDIAL 7663. [T. 7663],degener-shina2008:p291:e03,,,,dialect:Sh:gil:Gilgit
Sh,,paáo-peesáa,money,,,Geld,"degener-shina2008[p. 291, glossary entry 4]",,"[← Ur. paao 1/4 aanaa + paisaa Münze (= paao), Geld]",degener-shina2008:p291:e04,,,,loanword dialect:Sh:gil:Gilgit
Sh,8100,paár,that (one),,,jener,"degener-shina2008[p. 291, glossary entry 5]",,Degener directly assigns this headword to Turner/CDIAL 8100. [T. 8100],degener-shina2008:p291:e05,,,,dialect:Sh:gil:Gilgit
Sh,,par-,"drop, throw",,,"(Kaus. von p-) fallen lassen, werfen","degener-shina2008[p. 291, glossary entry 6]",,,degener-shina2008:p291:e06,,,,tr dialect:Sh:gil:Gilgit
Sh,,pardá,veiling; private parts,,,"1) Verschleierung, 2) Schamteile","degener-shina2008[p. 291, glossary entry 7]",,[← Pers.-Ur.],degener-shina2008:p291:e07,,,,loanword dialect:Sh:gil:Gilgit
Sh,,par-paraár,in the year before last,,,im vorvorigen Jahr,"degener-shina2008[p. 291, glossary entry 8]",,,degener-shina2008:p291:e08,,,,dialect:Sh:gil:Gilgit
Sh,7848,paruǰ-,"hear, understand",,,"hören, verstehen","degener-shina2008[p. 291, glossary entry 9]",,"Degener directly assigns this headword to Turner/CDIAL 7848. [T. 7848, Atlas 50]",degener-shina2008:p291:e09,,,,intr dialect:Sh:gil:Gilgit
Sh,,paruǰar-,"teach, inform",,,"beibringen, mitteilen (Kaus. von paruǰ-)","degener-shina2008[p. 291, glossary entry 10]",,,degener-shina2008:p291:e10,,,,tr dialect:Sh:gil:Gilgit
Sh,,parúlo,"equal, same",,,gleich,"degener-shina2008[p. 291, glossary entry 11]",,"[Buddruss 1967, 122: T. 8590 +l-Suffix]",degener-shina2008:p291:e11,,,,adj m dialect:Sh:gil:Gilgit
Sh,,pasun-,"save, be thrifty",,,"sparen, sparsam sein","degener-shina2008[p. 291, glossary entry 12]",,,degener-shina2008:p291:e12,,,,intr dialect:Sh:gil:Gilgit
Sh,,pasuniǰ-,"save, be thrifty",,,"sparen, sparsam sein (von pasun-)","degener-shina2008[p. 291, glossary entry 13]",,,degener-shina2008:p291:e13,,,,intr dialect:Sh:gil:Gilgit
Sh,8012,paš-,"see, regard as",,,"sehen, ansehen als","degener-shina2008[p. 291, glossary entry 14]",,"Degener directly assigns this headword to Turner/CDIAL 8012. [T. 8012, Atlas 167]",degener-shina2008:p291:e14,,,,tr dialect:Sh:gil:Gilgit
Sh,,pašar-,show,,,(Kaus. von paš-) zeigen,"degener-shina2008[p. 291, glossary entry 15]",,,degener-shina2008:p291:e15,,,,tr dialect:Sh:gil:Gilgit
Sh,,pašiǰ-,be seen,,,(pass. von paš-) gesehen werden,"degener-shina2008[p. 291, glossary entry 16]",,,degener-shina2008:p291:e16,,,,intr dialect:Sh:gil:Gilgit
Sh,,páaṣ,dung,,,Dung,"degener-shina2008[p. 291, glossary entry 17]",,,degener-shina2008:p291:e17,,,,f dialect:Sh:gil:Gilgit
Sh,7638,paṣílo,woolen,,,wollen,"degener-shina2008[p. 291, glossary entry 18]",,Degener directly assigns this headword to Turner/CDIAL 7638. [T. 7638],degener-shina2008:p291:e18,,,,adj m dialect:Sh:gil:Gilgit
Sh,,patár,desert,,,Wüste,"degener-shina2008[p. 291, glossary entry 19]",,,degener-shina2008:p291:e19,,,,m dialect:Sh:gil:Gilgit
Sh,8055,páti,wooden bowl,,,Holzschüssel,"degener-shina2008[p. 291, glossary entry 20]",,"Degener directly assigns this headword to Turner/CDIAL 8055. [Bur. pháta, T. 8055]",degener-shina2008:p291:e20,,,,f dialect:Sh:gil:Gilgit
Sh,7733,paṭo,leaf,,,Blatt,"degener-shina2008[p. 291, glossary entry 21]",,Degener directly assigns this headword to Turner/CDIAL 7733. [T. 7733],degener-shina2008:p291:e21,,,,m dialect:Sh:gil:Gilgit
Sh,7987,payáa~lo,herdsman,,,Hirte,"degener-shina2008[p. 291, glossary entry 22]",,Degener directly assigns this headword to Turner/CDIAL 7987. [T. 7987],degener-shina2008:p291:e22,,,,m dialect:Sh:gil:Gilgit
Sh,,peebáan d-,graft,,,pfropfen,"degener-shina2008[p. 292, glossary entry 1]",,[← Iranisch? Vgl. Pers. paywand],degener-shina2008:p292:e01,,,,loanword dialect:Sh:gil:Gilgit
Sh,,peezáar,shoe,,,Schuh,"degener-shina2008[p. 292, glossary entry 2]",,[← Ur./ Pashto paizaar],degener-shina2008:p292:e02,,,,f loanword dialect:Sh:gil:Gilgit
Sh,8209,pi-,drink,,,trinken,"degener-shina2008[p. 292, glossary entry 3]",,Degener directly assigns this headword to Turner/CDIAL 8209. [T. 8209],degener-shina2008:p292:e03,,,,dialect:Sh:gil:Gilgit
Sh,,piar-,give to drink,,,(kaus. von pi-). zu trinken geben,"degener-shina2008[p. 292, glossary entry 4]",,,degener-shina2008:p292:e04,,,,tr dialect:Sh:gil:Gilgit
Sh,,pin-,ride,,,reiten,"degener-shina2008[p. 292, glossary entry 5]",,,degener-shina2008:p292:e05,,,,dialect:Sh:gil:Gilgit
Sh,,piír,guardian spirit of the hearth fire,,,Schutzgeist des Herdfeuers,"degener-shina2008[p. 292, glossary entry 6]",,,degener-shina2008:p292:e06,,,,m dialect:Sh:gil:Gilgit
Sh,,pišíke d-,fart,,,furzen,"degener-shina2008[p. 292, glossary entry 7]",,,degener-shina2008:p292:e07,,,,dialect:Sh:gil:Gilgit
Sh,,pišíko,farting,,,furzend,"degener-shina2008[p. 292, glossary entry 8]",,"[Shina pišik-, Bur. phiṣ ét- furzen]",degener-shina2008:p292:e08,,,,adj m dialect:Sh:gil:Gilgit
Sh,,piṣmáan b-,"regret, repent",,,"bedauern, bereuen (+ Loci)","degener-shina2008[p. 292, glossary entry 9]",,"[nicht ← Pashto pṣ̌emaan, sondern ← Pers.-Ur. pišemaan]",degener-shina2008:p292:e09,,,,dialect:Sh:gil:Gilgit
Sh,8371,piṭo,back,,,Rücken,"degener-shina2008[p. 292, glossary entry 10]",,Degener directly assigns this headword to Turner/CDIAL 8371. [T. 8371],degener-shina2008:p292:e10,,,,m dialect:Sh:gil:Gilgit
Sh,7747,póo~,"step, track",,,"Schritt, Spur","degener-shina2008[p. 292, glossary entry 11]",,Degener directly assigns this headword to Turner/CDIAL 7747. [T. 7747],degener-shina2008:p292:e11,,,,m dialect:Sh:gil:Gilgit
Sh,7747,póo~,strap or lower edge (of trousers),,,Steg oder unterer Rand (der Hose),"degener-shina2008[p. 292, glossary entry 12]",,Degener directly assigns this headword to Turner/CDIAL 7747. [T. 7747],degener-shina2008:p292:e12,,,,dialect:Sh:gil:Gilgit
Sh,8417,póoc̣i,granddaughter,,,Enkelin,"degener-shina2008[p. 292, glossary entry 13]",,"Degener directly assigns this headword to Turner/CDIAL 8417. [T. 8417, Atlas 112]",degener-shina2008:p292:e13,,,,f dialect:Sh:gil:Gilgit
Sh,8416,póoc̣o,grandson,,,Enkel,"degener-shina2008[p. 292, glossary entry 14]",,Degener directly assigns this headword to Turner/CDIAL 8416. [T. 8416],degener-shina2008:p292:e14,,,,m dialect:Sh:gil:Gilgit
Sh,,podiná,mint,,,Minze,"degener-shina2008[p. 292, glossary entry 15]",,[← Pers.-Ur.],degener-shina2008:p292:e15,,,,loanword dialect:Sh:gil:Gilgit
Sh,,poólu,"fall, settle down; turn out (= become)",,,printed as a cross-reference: s. p-.,"degener-shina2008[p. 292, glossary entry 16]",,,degener-shina2008:p292:e16,degener-shina2008:p290:e09,,,dialect:Sh:gil:Gilgit
Sh,7785,pon,"way, path",,,Weg,"degener-shina2008[p. 292, glossary entry 17]",,Degener directly assigns this headword to Turner/CDIAL 7785. [T. 7785],degener-shina2008:p292:e17,,,,f dialect:Sh:gil:Gilgit
Sh,,práako,"cellar, underground storeroom, dungeon (?)",,,"Keller, unterirdischer Vorratsraum, Verlies (?)","degener-shina2008[p. 292, glossary entry 18]",,,degener-shina2008:p292:e18,,,,dialect:Sh:gil:Gilgit
Sh,,pran b-,"burst, explode",,,"platzen, explodieren","degener-shina2008[p. 292, glossary entry 19]",,"[Bur. pran lauter Krach, pran man ´- (Gewehr) losgehen]",degener-shina2008:p292:e19,,,,intr dialect:Sh:gil:Gilgit
Sh,,prai-,"prepare, make ready",,,"vorbereiten, bereitstellen","degener-shina2008[p. 292, glossary entry 20]",,,degener-shina2008:p292:e20,,,,dialect:Sh:gil:Gilgit
Sh,8265,púc̣,son,,,Sohn,"degener-shina2008[p. 292, glossary entry 21]",,"Degener directly assigns this headword to Turner/CDIAL 8265. [T. 8265, Atlas 60]",degener-shina2008:p292:e21,,,,m dialect:Sh:gil:Gilgit
Sh,,pumuúko,first,,,erst(er),"degener-shina2008[p. 292, glossary entry 22]",,[vgl. Skt. pramukha?],degener-shina2008:p292:e22,,,,ord m dialect:Sh:gil:Gilgit
Sh,8330,púuro,"whole, all; fulfilled",,,"ganz, all; erfüllt","degener-shina2008[p. 292, glossary entry 23]",,Degener directly assigns this headword to Turner/CDIAL 8330. [T. 8330],degener-shina2008:p292:e23,,,,adj m dialect:Sh:gil:Gilgit
Sh,8283,puróono,old,,,alt,"degener-shina2008[p. 293, glossary entry 1]",,Degener directly assigns this headword to Turner/CDIAL 8283. [T. 8283],degener-shina2008:p293:e01,,,,adj m dialect:Sh:gil:Gilgit
Sh,8306,púši,pimple,,,Pickel,"degener-shina2008[p. 293, glossary entry 2]",,Degener directly assigns this headword to Turner/CDIAL 8306. [T. 8306],degener-shina2008:p293:e02,,,,f dialect:Sh:gil:Gilgit
Sh,,puṣaŋ-,swell,,,schwellen,"degener-shina2008[p. 293, glossary entry 3]",,[vgl. Skt. puṣ-],degener-shina2008:p293:e03,,,,intr dialect:Sh:gil:Gilgit
Sh,7989,puyoóno,rich,,,reich,"degener-shina2008[p. 293, glossary entry 4]",,Degener directly assigns this headword to Turner/CDIAL 7989. [T. 7989],degener-shina2008:p293:e04,,,,adj m dialect:Sh:gil:Gilgit
Sh,,phačaṭáa,kick,,,printed as a cross-reference: s. phaṭačáa.,"degener-shina2008[p. 293, glossary entry 5]",,,degener-shina2008:p293:e05,degener-shina2008:p294:e14,,,dialect:Sh:gil:Gilgit
Sh,8249,phačoó,tail,,,Schwanz,"degener-shina2008[p. 293, glossary entry 6]",,"Degener directly assigns this headword to Turner/CDIAL 8249. [T. 8249, Atlas 127, vgl. Buddruss 1996, 47]",degener-shina2008:p293:e06,,,,m dialect:Sh:gil:Gilgit
Sh,,phačií,little tail,,,Schwänzchen (von phačoó),"degener-shina2008[p. 293, glossary entry 7]",,,degener-shina2008:p293:e07,,,,f dialect:Sh:gil:Gilgit
Sh,7627,phac̣áali,wing,,,Flügel,"degener-shina2008[p. 293, glossary entry 8]",,Degener directly assigns this headword to Turner/CDIAL 7627. [T. 7627],degener-shina2008:p293:e08,,,,f dialect:Sh:gil:Gilgit
Sh,9063,phaág,fig tree,,,Feigenbaum,"degener-shina2008[p. 293, glossary entry 9]",,"Degener directly assigns this headword to Turner/CDIAL 9063. [T. 9063, , Atlas 58, Bur. phaák]",degener-shina2008:p293:e09,,,,f dialect:Sh:gil:Gilgit
Sh,,phai-,"split, break open",,,"zerspalten, aufbrechen","degener-shina2008[p. 293, glossary entry 10]",,[Skt. sphaṭ- mit auffälligem Schwund von -ṭ-],degener-shina2008:p293:e10,,,,tr dialect:Sh:gil:Gilgit
Sh,,phai-,burst,,,platzen,"degener-shina2008[p. 293, glossary entry 11]",,,degener-shina2008:p293:e11,,,,intr dialect:Sh:gil:Gilgit
Sh,9072,pháal,"plough iron (iron part of the plough), ploughshare",,,"Pflugeisen (eiserner Teil des Pfluges), Pflugschar","degener-shina2008[p. 293, glossary entry 12]",,Degener directly assigns this headword to Turner/CDIAL 9072. [T. 9072],degener-shina2008:p293:e12,,,,m dialect:Sh:gil:Gilgit
Sh,13834,phal b-,"move quickly: be tossed about, fly, ride",,,"sich schnell bewegen: hin- und hergeworfen werden, fliegen, reiten","degener-shina2008[p. 293, glossary entry 13]",,"Degener directly assigns this headword to Turner/CDIAL 13834. [T. 13834, vgl. Ikoh phʌ´ ho- to fly]",degener-shina2008:p293:e13,,,,intr dialect:Sh:gil:Gilgit
Sh,13834,phal th-,throw,,,werfen,"degener-shina2008[p. 293, glossary entry 14]",,"Degener directly assigns this headword to Turner/CDIAL 13834. [T. 13834; Ikoh phʌʔ(?) kar- to throw, Bur. phal ~-t-]",degener-shina2008:p293:e14,,,,tr uncertain dialect:Sh:gil:Gilgit
Sh,,phalṭ-,tear out,,,ausreißen,"degener-shina2008[p. 293, glossary entry 15]",,,degener-shina2008:p293:e15,,,,tr dialect:Sh:gil:Gilgit
Sh,7934,phapaá~o~,"thin flatbread, especially for festive days",,,"dünnes Fladenbrot, besonders zu Festtagen","degener-shina2008[p. 293, glossary entry 16]",,Degener directly assigns this headword to Turner/CDIAL 7934. [T. 7934],degener-shina2008:p293:e16,,,,dialect:Sh:gil:Gilgit
Sh,,phar b-,"spoil (of milk), change",,,"verderben (Milch), sich verändern","degener-shina2008[p. 293, glossary entry 17]",,"[Bur. phar, vgl. phar-]",degener-shina2008:p293:e17,,,,intr dialect:Sh:gil:Gilgit
Sh,9050,phar-,"wander about, turn, rotate",,,"umherwandern, sich drehen, wenden","degener-shina2008[p. 293, glossary entry 18]",,"Degener directly assigns this headword to Turner/CDIAL 9050. [T. 9050; Bailey 157 unterscheidet: pher- itr. 1. Klasse, pher- trans. 2. Kl., phar- itr.; es ist nicht sicher, ob zwischen phar- itr. und pher- itr. noch unterschieden wird, das transitive Verb ist hier nur durch das Abs phareé und indirekt durch daáphar- belegt]",degener-shina2008:p293:e18,,,,intr dialect:Sh:gil:Gilgit
Sh,13808,phar-,"spread, live on",,,"sich ausbreiten, weiterleben","degener-shina2008[p. 293, glossary entry 19]",,"Degener directly assigns this headword to Turner/CDIAL 13808. [Ikoh pharáv~ to increase and spread (population); Bur. phareé; man ´- (Nachkommen) sich ausbreiten, T. 13808]",degener-shina2008:p293:e19,,,,intr dialect:Sh:gil:Gilgit
Sh,,phar-,turn,,,drehen,"degener-shina2008[p. 293, glossary entry 20]",,,degener-shina2008:p293:e20,,,,tr dialect:Sh:gil:Gilgit
Sh,,pharaŋ-,"turn around, turn over",,,umdrehen,"degener-shina2008[p. 293, glossary entry 21]",,,degener-shina2008:p293:e21,,,,tr dialect:Sh:gil:Gilgit
Sh,,pharí,again (pharí ga: nevertheless),,,wieder. pharí ga dennoch,"degener-shina2008[p. 294, glossary entry 1]",,,degener-shina2008:p294:e01,,,,adv dialect:Sh:gil:Gilgit
Sh,,phariǰ-,"be turned, turn back",,,"(pass. von phar-) gedreht werden, umkehren","degener-shina2008[p. 294, glossary entry 2]",,,degener-shina2008:p294:e02,,,,intr dialect:Sh:gil:Gilgit
Sh,7872,pharuṭ-,turn,,,drehen,"degener-shina2008[p. 294, glossary entry 3]",,"Degener directly assigns this headword to Turner/CDIAL 7872. [Bur. pharáṭ ~-t, T. 7872]",degener-shina2008:p294:e03,,,,tr dialect:Sh:gil:Gilgit
Sh,,phaṣ,"(it is at an) end, (it is) over",,,"(damit ist es zu) Ende, (es ist) aus","degener-shina2008[p. 294, glossary entry 4]",,[Bur. =],degener-shina2008:p294:e04,,,,adv dialect:Sh:gil:Gilgit
Sh,,phat b-,"be left, be abandoned, remain behind",,,"verlassen, aufgegeben werden, zurückbleiben","degener-shina2008[p. 294, glossary entry 5]",,[vgl. phat th-],degener-shina2008:p294:e05,,,,dialect:Sh:gil:Gilgit
Sh,,phat th-,"leave behind, put down, leave, let go",,,"zurücklassen, hinlegen, verlassen, gehen lassen","degener-shina2008[p. 294, glossary entry 6]",,"[Ikoh phʌ´t^h, Bur. phat ~-t-]",degener-shina2008:p294:e06,,,,dialect:Sh:gil:Gilgit
Sh,,phataní,behind,,,hinter (+ Gen),"degener-shina2008[p. 294, glossary entry 7]",,,degener-shina2008:p294:e07,,,,postp dialect:Sh:gil:Gilgit
Sh,,phatiíno,"second, rear",,,"zweiter, hinterer","degener-shina2008[p. 294, glossary entry 8]",,,degener-shina2008:p294:e08,,,,adj m dialect:Sh:gil:Gilgit
Sh,,phátu,behind,,,hinter (+ Obl),"degener-shina2008[p. 294, glossary entry 9]",,"[Buddruss 1996, 48]",degener-shina2008:p294:e09,,,,postp dialect:Sh:gil:Gilgit
Sh,,phátu,"afterwards, later",,,"nachher, später","degener-shina2008[p. 294, glossary entry 10]",,,degener-shina2008:p294:e10,,,,adv dialect:Sh:gil:Gilgit
Sh,,phatú,(in phatú čhup) rear end,,,čhup (hinteres) Ende (vgl. phátu čhúper schließlich),"degener-shina2008[p. 294, glossary entry 11]",,,degener-shina2008:p294:e11,,,,dialect:Sh:gil:Gilgit
Sh,,phatu-phariǰií,turned backwards,,,nach hinten gedreht,"degener-shina2008[p. 294, glossary entry 12]",,,degener-shina2008:p294:e12,,,,dialect:Sh:gil:Gilgit
Sh,,phatúṭ,"behind, backwards; formerly",,,"hinterher, rückwärts; früher","degener-shina2008[p. 294, glossary entry 13]",,,degener-shina2008:p294:e13,,,,adv dialect:Sh:gil:Gilgit
Sh,,phaṭačáa,kick,,,Fußtritt,"degener-shina2008[p. 294, glossary entry 14]",,[vgl. Bur. -pháči Huf],degener-shina2008:p294:e14,,,,f dialect:Sh:gil:Gilgit
Sh,,phačaṭáa,kick,,,Fußtritt,"degener-shina2008[p. 294, glossary entry 14]",,[vgl. Bur. -pháči Huf],degener-shina2008:p294:e14:v2,degener-shina2008:p294:e14,,,f alternate dialect:Sh:gil:Gilgit
Sh,,phaṭak-,"go bald, lose one's hair",,,"kahl werden, die Haare verlieren","degener-shina2008[p. 294, glossary entry 15]",,,degener-shina2008:p294:e15,,,,intr dialect:Sh:gil:Gilgit
Sh,,phaṭáko,bald-headed (or scabby; of a disease causing hair loss and itching),,,"kahlköpfig (oder grindig; zur Bezeichnung einer Krankheit, die sich durch Haarverlust und Jucken äußert)","degener-shina2008[p. 294, glossary entry 16]",,[= Bur.],degener-shina2008:p294:e16,,,,adj m dialect:Sh:gil:Gilgit
Sh,,phaṛáko,bald-headed (or scabby; of a disease causing hair loss and itching),,,"kahlköpfig (oder grindig; zur Bezeichnung einer Krankheit, die sich durch Haarverlust und Jucken äußert)","degener-shina2008[p. 294, glossary entry 16]",,[= Bur.],degener-shina2008:p294:e16:v2,degener-shina2008:p294:e16,,,adj m alternate dialect:Sh:gil:Gilgit
Sh,,phaṭaáli,thigh,,,Schenkel,"degener-shina2008[p. 294, glossary entry 17]",,[Ikoh phäṭël thigh],degener-shina2008:p294:e17,,,,f dialect:Sh:gil:Gilgit
Sh,,phaṭáŋ th-,knock over,,,umstoßen,"degener-shina2008[p. 294, glossary entry 18]",,[vgl. Bur. phaṭáṅ ~-t- öffnen?],degener-shina2008:p294:e18,,,,tr dialect:Sh:gil:Gilgit
Sh,,phaṭóoro,"strong, thick",,,"stark, dick","degener-shina2008[p. 294, glossary entry 19]",,,degener-shina2008:p294:e19,,,,adj m dialect:Sh:gil:Gilgit
Sh,,phayiǰ-,"burst, break open",,,"(pass. von phai- trans. zerbrechen) platzen, aufbrechen","degener-shina2008[p. 294, glossary entry 20]",,,degener-shina2008:p294:e20,,,,intr dialect:Sh:gil:Gilgit
Sh,,pheerá,time (occasion),,,Mal (fois),"degener-shina2008[p. 294, glossary entry 22]",,,degener-shina2008:p294:e22,,,,f dialect:Sh:gil:Gilgit
Sh,9078,phéeri,"whirl, whirlpool",,,"Wirbel, (Wasser)strudel","degener-shina2008[p. 294, glossary entry 23]",,"Degener directly assigns this headword to Turner/CDIAL 9078. [= Bur., T. 9078]",degener-shina2008:p294:e23,,,,dialect:Sh:gil:Gilgit
Sh,8156,phičílo,"beautiful, pretty",,,"schön, hübsch","degener-shina2008[p. 295, glossary entry 1]",,Degener directly assigns this headword to Turner/CDIAL 8156. [T. 8156],degener-shina2008:p295:e01,,,,adj m dialect:Sh:gil:Gilgit
Sh,,phíčiu-phíčiu,chirping of a sparrow,,,Zwitschern eines Sperlings,"degener-shina2008[p. 295, glossary entry 2]",,,degener-shina2008:p295:e02,,,,dialect:Sh:gil:Gilgit
Sh,8201,philiíli,ant,,,Ameise,"degener-shina2008[p. 295, glossary entry 3]",,"Degener directly assigns this headword to Turner/CDIAL 8201. [T. 8201, Atlas 62]",degener-shina2008:p295:e03,,,,f dialect:Sh:gil:Gilgit
Sh,,phíipi-phíipi,chirping of a sparrow,,,Zwitschern eines Sperlings,"degener-shina2008[p. 295, glossary entry 4]",,,degener-shina2008:p295:e04,,,,dialect:Sh:gil:Gilgit
Sh,,phiroón d-,"circle, move in a circle",,,"kreisen, sich im Kreis bewegen","degener-shina2008[p. 295, glossary entry 5]",,,degener-shina2008:p295:e05,,,,dialect:Sh:gil:Gilgit
Sh,,phírpiṭ,"millet, a kind of millet",,,"Hirse, Hirseart","degener-shina2008[p. 295, glossary entry 6]",,[Bur. phirpíṭ],degener-shina2008:p295:e06,,,,dialect:Sh:gil:Gilgit
Sh,13839,phíčo,shoulder,,,Schulter,"degener-shina2008[p. 295, glossary entry 7]",,"Degener directly assigns this headword to Turner/CDIAL 13839. [T. 13839, Atlas 51. -č- < *sphikya?]",degener-shina2008:p295:e07,,,,m dialect:Sh:gil:Gilgit
Sh,,phóopuṣ,"blister (on the hand), bump",,,"Blase (auf der Hand), Beule","degener-shina2008[p. 295, glossary entry 8]",,"[vgl. Bur. phóqunas?, Bur.-Yasin pho Beule?]",degener-shina2008:p295:e08,,,,m dialect:Sh:gil:Gilgit
Sh,,phoṭ,"shell, peel (of onion, egg, walnut)",,,"Schale (Zwiebel, Ei, Walnuss)","degener-shina2008[p. 295, glossary entry 9]",,"[Bur. poṭ, Buddruss 1996, 48]",degener-shina2008:p295:e09,,,,m dialect:Sh:gil:Gilgit
Sh,,phúu,breath,,,Atem,"degener-shina2008[p. 295, glossary entry 10]",,,degener-shina2008:p295:e10,,,,dialect:Sh:gil:Gilgit
Sh,9101,phúu th-,"puff, blow",,,"pusten, blasen","degener-shina2008[p. 295, glossary entry 11]",,"Degener directly assigns this headword to Turner/CDIAL 9101. [T. 9101, Bur. phu ét-]",degener-shina2008:p295:e11,,,,dialect:Sh:gil:Gilgit
Sh,,phuċ,dew,,,Tau,"degener-shina2008[p. 295, glossary entry 12]",,[Bur. phunċ],degener-shina2008:p295:e12,,,,m dialect:Sh:gil:Gilgit
Sh,9083,phú~e,moustache,,,Schnurrbart,"degener-shina2008[p. 295, glossary entry 13]",,"Degener directly assigns this headword to Turner/CDIAL 9083. [T. 9083, Bur. phúṅi, Atlas 91]",degener-shina2008:p295:e13,,,,m pl dialect:Sh:gil:Gilgit
Sh,,phuk,"trachoma; crumb, small piece",,,"Trachom; Krümel, Stückchen","degener-shina2008[p. 295, glossary entry 14]",,"[Bur. phuk Stückchen, Körnchen]",degener-shina2008:p295:e14,,,,m dialect:Sh:gil:Gilgit
Sh,,phuk b-,burst,,,platzen,"degener-shina2008[p. 295, glossary entry 15]",,,degener-shina2008:p295:e15,,,,intr dialect:Sh:gil:Gilgit
Sh,13846,phunár,"flower, blossom",,,"Blume, Blüte","degener-shina2008[p. 295, glossary entry 16]",,Degener directly assigns this headword to Turner/CDIAL 13846. [T. 13846; Ikoh phuṇḍr´ū],degener-shina2008:p295:e16,,,,f dialect:Sh:gil:Gilgit
Sh,,phuniǰ-,bloom,,,blühen,"degener-shina2008[p. 295, glossary entry 17]",,,degener-shina2008:p295:e17,,,,intr dialect:Sh:gil:Gilgit
Sh,,phupúṣ,fireplace with two stones,,,Feuerstelle mit zwei Steinen,"degener-shina2008[p. 295, glossary entry 18]",,[Bur. phu Feuer + ?],degener-shina2008:p295:e18,,,,m dialect:Sh:gil:Gilgit
Sh,,phurċeṭ-,"turn back and forth, scratch up, poke around in",,,"hin- und herwenden, aufscharren, stochern in","degener-shina2008[p. 295, glossary entry 19]",,,degener-shina2008:p295:e19,,,,tr dialect:Sh:gil:Gilgit
Sh,,phurúu,"reed, rushes",,,"Schilf, Binsen","degener-shina2008[p. 295, glossary entry 20]",,"[= Bur., Ikoh phurū´]",degener-shina2008:p295:e20,,,,dialect:Sh:gil:Gilgit
Sh,,phuru-,wave about,,,herumfuchteln,"degener-shina2008[p. 295, glossary entry 21]",,[Bur. phur ét- mit etwas fuchtelnd tanzen],degener-shina2008:p295:e21,,,,dialect:Sh:gil:Gilgit
Sh,,phurúkus,spindle whorl,,,Spindelscheibe,"degener-shina2008[p. 295, glossary entry 22]",,[Bur. = Behälter für gesponnene und gereinigte Wolle],degener-shina2008:p295:e22,,,,dialect:Sh:gil:Gilgit
Sh,,phutáṣo,"charred, half-burnt wood",,,"angekohltes, halbverbranntes Holz","degener-shina2008[p. 295, glossary entry 23]",,[Ikoh phutā´ṣ burning wood (big pieces)],degener-shina2008:p295:e23,,,,m dialect:Sh:gil:Gilgit
Sh,,phuṭ,"apparently, to all appearances",,,dem Anschein nach,"degener-shina2008[p. 295, glossary entry 24]",,"[Shina/ Bur phuṭ Öffnen der Augen, Blick]",degener-shina2008:p295:e24,,,,adv dialect:Sh:gil:Gilgit
Sh,13845,phuṭ-,"break, shatter",,,"brechen, zerbrechen","degener-shina2008[p. 295, glossary entry 25]",,"Degener directly assigns this headword to Turner/CDIAL 13845. [T. 13845, Berger 1961, 60]",degener-shina2008:p295:e25,,,,tr dialect:Sh:gil:Gilgit
Sh,,phuṭ-,"break, be broken",,,"brechen, gebrochen werden","degener-shina2008[p. 296, glossary entry 1]",,,degener-shina2008:p296:e01,,,,intr dialect:Sh:gil:Gilgit
Sh,,phuṭiǰ-,"be broken, burst",,,"(pass. von phuṭ- brechen) zerbrochen werden, bersten","degener-shina2008[p. 296, glossary entry 2]",,,degener-shina2008:p296:e02,,,,intr dialect:Sh:gil:Gilgit
Sh,13839,phyéelo,shoulder,,,Schulter,"degener-shina2008[p. 296, glossary entry 3]",,Degener directly assigns this headword to Turner/CDIAL 13839. [T. 13839],degener-shina2008:p296:e03,,,,m dialect:Sh:gil:Gilgit
Sh,,phyu-phyú th-,scatter,,,streuen,"degener-shina2008[p. 296, glossary entry 4]",,,degener-shina2008:p296:e04,,,,dialect:Sh:gil:Gilgit
Sh,,qábur,grave,,,Grab,"degener-shina2008[p. 296, glossary entry 5]",,[← Ar.-Ur. qabr],degener-shina2008:p296:e05,,,,f loanword dialect:Sh:gil:Gilgit
Sh,,qulát,pea,,,Erbse,"degener-shina2008[p. 296, glossary entry 6]",,"[""gelehrte"" Aussprache, Shina/ Bur. kulát, zu T. 3335]",degener-shina2008:p296:e06,,,,f dialect:Sh:gil:Gilgit
Sh,10840,r-,weep,,,weinen,"degener-shina2008[p. 296, glossary entry 7]",,Degener directly assigns this headword to Turner/CDIAL 10840. [T. 10840],degener-shina2008:p296:e07,,,,intr dialect:Sh:gil:Gilgit
Sh,10620,ra-,say,,,"sagen (Stämme r-, ra-, ray-)","degener-shina2008[p. 296, glossary entry 8]",,Degener directly assigns this headword to Turner/CDIAL 10620. [T. 10620],degener-shina2008:p296:e08,,,,tr dialect:Sh:gil:Gilgit
Sh,10679,ráa,king,,,König. Vgl. raǰaá,"degener-shina2008[p. 296, glossary entry 9]",,Degener directly assigns this headword to Turner/CDIAL 10679. [T. 10679],degener-shina2008:p296:e09,,,,m dialect:Sh:gil:Gilgit
Sh,10547,rac̣h-,"guard, protect",,,"bewachen, schützen","degener-shina2008[p. 296, glossary entry 10]",,Degener directly assigns this headword to Turner/CDIAL 10547. [T. 10547],degener-shina2008:p296:e10,,,,tr dialect:Sh:gil:Gilgit
Sh,,ráfal,rifle,,,Gewehr,"degener-shina2008[p. 296, glossary entry 11]",,[← Englisch-Ur. rifle],degener-shina2008:p296:e11,,,,m loanword dialect:Sh:gil:Gilgit
Sh,,ragóoṭo,"sick, sick person",,,"krank, Kranker","degener-shina2008[p. 296, glossary entry 12]",,"[Bur. rugóoṭo, T. 10759-60 (Berger)]",degener-shina2008:p296:e12,,,,adj m dialect:Sh:gil:Gilgit
Sh,,ragoṭyaár,illness,,,Krankheit,"degener-shina2008[p. 296, glossary entry 13]",,,degener-shina2008:p296:e13,,,,f dialect:Sh:gil:Gilgit
Sh,,rahmát,mercy,,,Barmherzigkeit,"degener-shina2008[p. 296, glossary entry 14]",,[← Ar.-Ur. rahmat],degener-shina2008:p296:e14,,,,loanword dialect:Sh:gil:Gilgit
Sh,10611,raǰ-,"cook, be cooked",,,"kochen, gekocht werden","degener-shina2008[p. 296, glossary entry 15]",,Degener directly assigns this headword to Turner/CDIAL 10611. [T. 10611],degener-shina2008:p296:e15,,,,intr dialect:Sh:gil:Gilgit
Sh,,raǰaá,like a king,,,wie ein König,"degener-shina2008[p. 296, glossary entry 16]",,,degener-shina2008:p296:e16,,,,adv dialect:Sh:gil:Gilgit
Sh,,raǰíi,"kingship, rule",,,"Königtum, Herrschaft","degener-shina2008[p. 296, glossary entry 17]",,,degener-shina2008:p296:e17,,,,f dialect:Sh:gil:Gilgit
Sh,10679,raǰoó,"raja-, royal",,,"Raja-, königlich","degener-shina2008[p. 296, glossary entry 18]",,Degener directly assigns this headword to Turner/CDIAL 10679. [T. 10679],degener-shina2008:p296:e18,,,,adj m dialect:Sh:gil:Gilgit
Sh,10582,raǰóṭi,"string, small rope",,,"Schnur, kleines Seil","degener-shina2008[p. 296, glossary entry 19]",,Degener directly assigns this headword to Turner/CDIAL 10582. [T. 10582],degener-shina2008:p296:e19,,,,f dialect:Sh:gil:Gilgit
Sh,10582,raǰóoṭo,rope (larger than raj̆óṭi),,,Seil (größer als raǰóṭi),"degener-shina2008[p. 296, glossary entry 20]",,Degener directly assigns this headword to Turner/CDIAL 10582. [T. 10582],degener-shina2008:p296:e20,,,,m dialect:Sh:gil:Gilgit
Sh,,rak,wish,,,Wunsch,"degener-shina2008[p. 296, glossary entry 21]",,"[Bur. raq, vgl. Berger s. v. rái]",degener-shina2008:p296:e21,,,,f dialect:Sh:gil:Gilgit
Sh,,rakaabí,"plate, platter",,,"Teller, Platte","degener-shina2008[p. 297, glossary entry 1]",,[← Ar.-Ur. rakaabii],degener-shina2008:p297:e01,,,,f loanword dialect:Sh:gil:Gilgit
Sh,,raáko,palace,,,Palast,"degener-shina2008[p. 297, glossary entry 2]",,,degener-shina2008:p297:e02,,,,m dialect:Sh:gil:Gilgit
Sh,,rakši,noble (of a horse),,,edel (Pferd),"degener-shina2008[p. 297, glossary entry 3]",,[← Pers. Raxš],degener-shina2008:p297:e03,,,,loanword dialect:Sh:gil:Gilgit
Sh,10616,ran-,cook,,,kochen,"degener-shina2008[p. 297, glossary entry 4]",,Degener directly assigns this headword to Turner/CDIAL 10616. [T. 10616],degener-shina2008:p297:e04,,,,tr dialect:Sh:gil:Gilgit
Sh,10570,raŋ-,"dye, color",,,färben,"degener-shina2008[p. 297, glossary entry 5]",,Degener directly assigns this headword to Turner/CDIAL 10570. [T. 10570],degener-shina2008:p297:e05,,,,dialect:Sh:gil:Gilgit
Sh,,rap,(with th-) flap (wings),,,rap th- (Flügel) schlagen,"degener-shina2008[p. 297, glossary entry 6]",,[Bur. ráprap man ´-],degener-shina2008:p297:e06,,,,dialect:Sh:gil:Gilgit
Sh,,rar-,make weep,,,(Kaus. von r-) zum Weinen bringen,"degener-shina2008[p. 297, glossary entry 7]",,,degener-shina2008:p297:e07,,,,tr dialect:Sh:gil:Gilgit
Sh,,rásum,"custom, tradition",,,"Brauch, Sitte","degener-shina2008[p. 297, glossary entry 8]",,[← Pers-Ur rasm],degener-shina2008:p297:e08,,,,f loanword dialect:Sh:gil:Gilgit
Sh,10648,raš,"eyesight, vision",,,"Sehkraft, Augenlicht","degener-shina2008[p. 297, glossary entry 9]",,"Degener directly assigns this headword to Turner/CDIAL 10648. [Bur. raś Licht, T. 10648]",degener-shina2008:p297:e09,,,,m dialect:Sh:gil:Gilgit
Sh,,ráaš,king (Dareli for Gilgit Shina ráa),,,König (Dareli für Gilgit-Shina ráa),"degener-shina2008[p. 297, glossary entry 10]",,,degener-shina2008:p297:e10,,,,dialect:Sh:gil:Gilgit
Sh,10702,ráati,night,,,Nacht,"degener-shina2008[p. 297, glossary entry 11]",,Degener directly assigns this headword to Turner/CDIAL 10702. [T. 10702],degener-shina2008:p297:e11,,,,f dialect:Sh:gil:Gilgit
Sh,,raṭh-,"hold up, stop",,,"aufhalten, anhalten","degener-shina2008[p. 297, glossary entry 12]",,"[Ikoh raṭáv~, s. Zoller s. v.]",degener-shina2008:p297:e12,,,,tr dialect:Sh:gil:Gilgit
Sh,,raṭhiǰ-,"be held up, be stopped",,,(pass. von raṭh-) aufgehalten werden,"degener-shina2008[p. 297, glossary entry 13]",,,degener-shina2008:p297:e13,,,,intr dialect:Sh:gil:Gilgit
Sh,,ray-,say,,,printed as a cross-reference: s. ra- sagen.,"degener-shina2008[p. 297, glossary entry 14]",,,degener-shina2008:p297:e14,degener-shina2008:p296:e08,,,dialect:Sh:gil:Gilgit
Sh,,rayiní,"talk, gossip",,,"Reden, Gerede","degener-shina2008[p. 297, glossary entry 15]",,,degener-shina2008:p297:e15,,,,dialect:Sh:gil:Gilgit
Sh,1295,re,"that, she",,,"jene, sie. (Vgl. ro)","degener-shina2008[p. 297, glossary entry 16]",,Degener directly assigns this headword to Turner/CDIAL 1295. [T. 1295],degener-shina2008:p297:e16,,,,demonstrative pron f dialect:Sh:gil:Gilgit
Sh,,réeno th-,weep,,,weinen,"degener-shina2008[p. 297, glossary entry 17]",,,degener-shina2008:p297:e17,,,,tr dialect:Sh:gil:Gilgit
Sh,,riík-riík th-,move,,,bewegen,"degener-shina2008[p. 297, glossary entry 18]",,,degener-shina2008:p297:e18,,,,tr dialect:Sh:gil:Gilgit
Sh,1295,ro,that,,,jener. (Vgl. re),"degener-shina2008[p. 297, glossary entry 19]",,Degener directly assigns this headword to Turner/CDIAL 1295. [T. 1295],degener-shina2008:p297:e19,,,,demonstrative pron dialect:Sh:gil:Gilgit
Sh,10830,róog,illness,,,Krankheit,"degener-shina2008[p. 297, glossary entry 20]",,"Degener directly assigns this headword to Turner/CDIAL 10830. [T. 10830, Berger 1961, 58]",degener-shina2008:p297:e20,,,,m dialect:Sh:gil:Gilgit
Sh,,roogaií,having become angry (?) (uncertain reading from Lorimer's manuscript),,,Abs. zornig geworden (?) (unsichere Lesung aus Ms. Lorimer),"degener-shina2008[p. 297, glossary entry 21]",,,degener-shina2008:p297:e21,,,,dialect:Sh:gil:Gilgit
Sh,,roóiye,weeping,,,pl. Weinen,"degener-shina2008[p. 297, glossary entry 22]",,,degener-shina2008:p297:e22,,,,dialect:Sh:gil:Gilgit
Sh,,roóm,"relatives, society, social standing, social status",,,"Verwandte, Gesellschaft, soziale Stellung, Sozialstatus","degener-shina2008[p. 298, glossary entry 1]",,"[Bur. roóm; s. Sökefeld 1997, 84-90; Gratz 2006, 455]",degener-shina2008:p298:e01,,,,m dialect:Sh:gil:Gilgit
Sh,,Róono,personal name,,,,"degener-shina2008[p. 298, glossary entry 2]",,,degener-shina2008:p298:e02,,,,proper-noun dialect:Sh:gil:Gilgit
Sh,10560,roŋ,color,,,Farbe,"degener-shina2008[p. 298, glossary entry 3]",,Degener directly assigns this headword to Turner/CDIAL 10560. [T. 10560],degener-shina2008:p298:e03,,,,m dialect:Sh:gil:Gilgit
Sh,10856,róoṣ,anger,,,Zorn,"degener-shina2008[p. 298, glossary entry 4]",,Degener directly assigns this headword to Turner/CDIAL 10856. [T. 10856],degener-shina2008:p298:e04,,,,f dialect:Sh:gil:Gilgit
Sh,,rozá,fast,,,fasten,"degener-shina2008[p. 298, glossary entry 5]",,[Pers.-Ur. roza],degener-shina2008:p298:e05,,,,dialect:Sh:gil:Gilgit
Sh,,gin-,fast,,,fasten,"degener-shina2008[p. 298, glossary entry 5]",,[Pers.-Ur. roza],degener-shina2008:p298:e05:v2,degener-shina2008:p298:e05,,,alternate dialect:Sh:gil:Gilgit
Sh,,roozíi,"food, nourishment",,,"Essen, Nahrung","degener-shina2008[p. 298, glossary entry 6]",,[← Pers.-Ur.],degener-shina2008:p298:e06,,,,loanword dialect:Sh:gil:Gilgit
Sh,,rúu,"soul, spirit",,,"Seele, Geist","degener-shina2008[p. 298, glossary entry 7]",,[← Ar.-Ur. ruuḥ],degener-shina2008:p298:e07,,,,m loanword dialect:Sh:gil:Gilgit
Sh,10860,ruú~,heal,,,heilen,"degener-shina2008[p. 298, glossary entry 8]",,"Degener directly assigns this headword to Turner/CDIAL 10860. [T. 10860, Bur. ruú Heilen]",degener-shina2008:p298:e08,,,,intr dialect:Sh:gil:Gilgit
Sh,10860,wa-,heal,,,heilen,"degener-shina2008[p. 298, glossary entry 8]",,"Degener directly assigns this headword to Turner/CDIAL 10860. [T. 10860, Bur. ruú Heilen]",degener-shina2008:p298:e08:v2,degener-shina2008:p298:e08,,,intr alternate dialect:Sh:gil:Gilgit
Sh,,ruuc̣o,"active, nimble man (obsolete)",,,"aktiver, flinker Mann (veraltet)","degener-shina2008[p. 298, glossary entry 9]",,"[Bur. rúc̣o lebhaft, flink]",degener-shina2008:p298:e09,,,,m dialect:Sh:gil:Gilgit
Sh,,rúui~,witch,,,Hexe,"degener-shina2008[p. 298, glossary entry 10]",,"[m. rúyo~, ← Ar.-Pers. ruuḥ]",degener-shina2008:p298:e10,,,,f dialect:Sh:gil:Gilgit
Sh,,rúulo,"frail, weak",,,"gebrechlich, schwach","degener-shina2008[p. 298, glossary entry 11]",,,degener-shina2008:p298:e11,,,,adj m dialect:Sh:gil:Gilgit
Sh,,ruŋ,high pasture,,,Hochweide,"degener-shina2008[p. 298, glossary entry 12]",,[= Bur.; Ikoh rugī~],degener-shina2008:p298:e12,,,,f dialect:Sh:gil:Gilgit
Sh,10805,rupáai,rupee,,,Rupie,"degener-shina2008[p. 298, glossary entry 13]",,"Degener directly assigns this headword to Turner/CDIAL 10805. [T. 10805, ← Ur.]",degener-shina2008:p298:e13,,,,dialect:Sh:gil:Gilgit
Sh,,s-,"sleep, lie",,,"schlafen, liegen","degener-shina2008[p. 298, glossary entry 14]",,"[T. 13902, 13479]",degener-shina2008:p298:e14,,,,intr dialect:Sh:gil:Gilgit
Sh,,saabít,"proven, certain",,,"bewiesen, sicher","degener-shina2008[p. 298, glossary entry 15]",,[← Ar.-Ur. s̲aabit],degener-shina2008:p298:e15,,,,adj m f loanword dialect:Sh:gil:Gilgit
Sh,,sábur,patience,,,Geduld,"degener-shina2008[p. 298, glossary entry 16]",,[← Ar.-Ur. ṣabr],degener-shina2008:p298:e16,,,,loanword dialect:Sh:gil:Gilgit
Sh,,sabúut,proof,,,Beweis,"degener-shina2008[p. 298, glossary entry 17]",,[← Ar.-Ur. s̲abuut],degener-shina2008:p298:e17,,,,f loanword dialect:Sh:gil:Gilgit
Sh,13112,sačá,true,,,wahr,"degener-shina2008[p. 298, glossary entry 18]",,Degener directly assigns this headword to Turner/CDIAL 13112. [T. 13112],degener-shina2008:p298:e18,,,,adj m f dialect:Sh:gil:Gilgit
Sh,,sác̣o,"easy, simple",,,"leicht, einfach","degener-shina2008[p. 298, glossary entry 19]",,[= Bur.],degener-shina2008:p298:e19,,,,adj m dialect:Sh:gil:Gilgit
Sh,13321,sáa~c̣o,clever one,,,Kluger,"degener-shina2008[p. 298, glossary entry 20]",,Degener directly assigns this headword to Turner/CDIAL 13321. [T. 13321],degener-shina2008:p298:e20,,,,m dialect:Sh:gil:Gilgit
Sh,13929,sáa~c̣o,dream,,,Traum,"degener-shina2008[p. 298, glossary entry 21]",,"Degener directly assigns this headword to Turner/CDIAL 13929. [T. 13929, Atlas 132]",degener-shina2008:p298:e21,,,,f dialect:Sh:gil:Gilgit
Sh,,sadaká,"alms, offering",,,"Almosen, Opfer","degener-shina2008[p. 298, glossary entry 22]",,[← Ar.-Ur. ṣadaqa],degener-shina2008:p298:e22,,,,loanword dialect:Sh:gil:Gilgit
Sh,,safár,journey,,,Reise,"degener-shina2008[p. 299, glossary entry 1]",,[← Ar.-Ur. safar],degener-shina2008:p299:e01,,,,f loanword dialect:Sh:gil:Gilgit
Sh,,safár,Safar (month name),,,Safar (Monatsname),"degener-shina2008[p. 299, glossary entry 2]",,[← Ar.-Ur. ṣafar],degener-shina2008:p299:e02,,,,loanword dialect:Sh:gil:Gilgit
Sh,,sáal,year,,,Jahr,"degener-shina2008[p. 299, glossary entry 3]",,[← Pers.-Ur.],degener-shina2008:p299:e03,,,,m loanword dialect:Sh:gil:Gilgit
Sh,,salyar-,"recognize, judge",,,"erkennen, beurteilen","degener-shina2008[p. 299, glossary entry 4]",,[vgl. Bur. -sal-],degener-shina2008:p299:e04,,,,dialect:Sh:gil:Gilgit
Sh,,sam,well,,,gut,"degener-shina2008[p. 299, glossary entry 5]",,"[wohl < sāma, vgl. T. 13346 (Buddruss)]",degener-shina2008:p299:e05,,,,adv dialect:Sh:gil:Gilgit
Sh,13199,samaár,"like, as",,,conj. wie,"degener-shina2008[p. 299, glossary entry 6]",,Degener directly assigns this headword to Turner/CDIAL 13199. [T. 13199. Gramm. 5.2.6],degener-shina2008:p299:e06,,,,dialect:Sh:gil:Gilgit
Sh,,samuṭ-,gather,,,sammeln,"degener-shina2008[p. 299, glossary entry 7]",,,degener-shina2008:p299:e07,,,,dialect:Sh:gil:Gilgit
Sh,13126,san-,"make, produce",,,"machen, herstellen","degener-shina2008[p. 299, glossary entry 8]",,Degener directly assigns this headword to Turner/CDIAL 13126. [T. 13126],degener-shina2008:p299:e08,,,,tr dialect:Sh:gil:Gilgit
Sh,,sapóoi,"nursing (of a woman, from childbirth until weaning of the child)",,,stillend (Frau von der Entbindung bis zum Abstillen des Kindes),"degener-shina2008[p. 299, glossary entry 9]",,[Bur. sapóoi],degener-shina2008:p299:e09,,,,adj f dialect:Sh:gil:Gilgit
Sh,,sapuyaár,large family,,,große Familie,"degener-shina2008[p. 299, glossary entry 10]",,[Bur. sapuyaár Mann mit großer Familie],degener-shina2008:p299:e10,,,,f dialect:Sh:gil:Gilgit
Sh,13254,sar,lake; sea,,,"der See, die See","degener-shina2008[p. 299, glossary entry 12]",,Degener directly assigns this headword to Turner/CDIAL 13254. [Bur. =; T. 13254],degener-shina2008:p299:e12,,,,m dialect:Sh:gil:Gilgit
Sh,13355,sáa~ro,"clever, strong; clever one",,,"klug, stark; Kluger","degener-shina2008[p. 299, glossary entry 13]",,"Degener directly assigns this headword to Turner/CDIAL 13355. [T. 13355; vgl. Bur. sáaro stämmig, kräftig?]",degener-shina2008:p299:e13,,,,adj m dialect:Sh:gil:Gilgit
Sh,,saá~rpo,"hoof, horseshoe",,,"Huf, Hufeisen","degener-shina2008[p. 299, glossary entry 14]",,[Bur. saárpo],degener-shina2008:p299:e14,,,,dialect:Sh:gil:Gilgit
Sh,13139,sat,seven,,,sieben,"degener-shina2008[p. 299, glossary entry 15]",,Degener directly assigns this headword to Turner/CDIAL 13139. [T. 13139],degener-shina2008:p299:e15,,,,num dialect:Sh:gil:Gilgit
Sh,,saát,time,,,Zeit,"degener-shina2008[p. 299, glossary entry 16]",,[← Ar.-Ur. saaʿat],degener-shina2008:p299:e16,,,,loanword dialect:Sh:gil:Gilgit
Sh,13366,sáa~ti,companion,,,"Gefährte, Begleiter","degener-shina2008[p. 299, glossary entry 17]",,Degener directly assigns this headword to Turner/CDIAL 13366. [T. 13366],degener-shina2008:p299:e17,,,,m dialect:Sh:gil:Gilgit
Sh,13364,sáa~ty,(together) with,,,(zusammen) mit (+ Obl),"degener-shina2008[p. 299, glossary entry 18]",,Degener directly assigns this headword to Turner/CDIAL 13364. [T. 13364],degener-shina2008:p299:e18,,,,postp dialect:Sh:gil:Gilgit
Sh,,sawéen,"wise, clever; wise one",,,"weise, klug; Weiser","degener-shina2008[p. 299, glossary entry 19]",,[Bur. =],degener-shina2008:p299:e19,,,,adj m f dialect:Sh:gil:Gilgit
Sh,13932,sawúuwo,"sister's son, nephew",,,"Schwestersohn, Neffe","degener-shina2008[p. 299, glossary entry 20]",,Degener directly assigns this headword to Turner/CDIAL 13932. [T. 13932],degener-shina2008:p299:e20,,,,m dialect:Sh:gil:Gilgit
Sh,,sayít,"Sayyid, title of a descendant of the Prophet Muhammad",,,"Sayyid, Titel eines Nachfahren des Propheten Muhammed","degener-shina2008[p. 299, glossary entry 21]",,[← Ar.-Ur. sayyid],degener-shina2008:p299:e21,,,,m loanword dialect:Sh:gil:Gilgit
Sh,,séeri,"landed property, much land",,,"Landbesitz, viel Land","degener-shina2008[p. 299, glossary entry 22]",,[= Bur.],degener-shina2008:p299:e22,,,,f dialect:Sh:gil:Gilgit
Sh,13444,si-,sew,,,nähen,"degener-shina2008[p. 299, glossary entry 23]",,Degener directly assigns this headword to Turner/CDIAL 13444. [T. 13444],degener-shina2008:p299:e23,,,,dialect:Sh:gil:Gilgit
Sh,13587,síi~,army,,,"Heer, Armee","degener-shina2008[p. 299, glossary entry 24]",,Degener directly assigns this headword to Turner/CDIAL 13587. [T. 13587],degener-shina2008:p299:e24,,,,f dialect:Sh:gil:Gilgit
Sh,,sibanóo,thread,,,printed as a cross-reference: s. siganóo.,"degener-shina2008[p. 300, glossary entry 1]",,,degener-shina2008:p300:e01,degener-shina2008:p300:e04,,,dialect:Sh:gil:Gilgit
Sh,12430,síc̣-,learn,,,lernen,"degener-shina2008[p. 300, glossary entry 2]",,Degener directly assigns this headword to Turner/CDIAL 12430. [T. 12430],degener-shina2008:p300:e02,,,,intr dialect:Sh:gil:Gilgit
Sh,13386,sígal,sand,,,Sand,"degener-shina2008[p. 300, glossary entry 3]",,"Degener directly assigns this headword to Turner/CDIAL 13386. [T. 13386, Atlas 138]",degener-shina2008:p300:e03,,,,dialect:Sh:gil:Gilgit
Sh,,siganóo,thread,,,Faden,"degener-shina2008[p. 300, glossary entry 4]",,,degener-shina2008:p300:e04,,,,m dialect:Sh:gil:Gilgit
Sh,,siǰóono,known,,,bekannt,"degener-shina2008[p. 300, glossary entry 5]",,"[auch Shina suǰóono, Bur. suǰón, vgl. Berger s. v.]",degener-shina2008:p300:e05,,,,adj m dialect:Sh:gil:Gilgit
Sh,,Sikímal,personal name,,,,"degener-shina2008[p. 300, glossary entry 6]",,,degener-shina2008:p300:e06,,,,proper-noun f dialect:Sh:gil:Gilgit
Sh,,siíli,"virtuous, virtuous woman",,,"tugendhaft, tugendhafte Frau","degener-shina2008[p. 300, glossary entry 7]",,[= Bur.; T. 12501 śīlin(ī)],degener-shina2008:p300:e07,,,,adj f dialect:Sh:gil:Gilgit
Sh,,silyaár,"virtue, morality",,,"Tugend, Moral","degener-shina2008[p. 300, glossary entry 8]",,,degener-shina2008:p300:e08,,,,f dialect:Sh:gil:Gilgit
Sh,13415,sin,river,,,Fluss,"degener-shina2008[p. 300, glossary entry 9]",,"Degener directly assigns this headword to Turner/CDIAL 13415. [T. 13415, Atlas 134]",degener-shina2008:p300:e09,,,,f dialect:Sh:gil:Gilgit
Sh,,siŋal-,"gather, assemble",,,"sammeln, versammeln","degener-shina2008[p. 300, glossary entry 10]",,,degener-shina2008:p300:e10,,,,tr dialect:Sh:gil:Gilgit
Sh,,sir,secret,,,Geheimnis,"degener-shina2008[p. 300, glossary entry 11]",,[← Ur. sirr],degener-shina2008:p300:e11,,,,loanword dialect:Sh:gil:Gilgit
Sh,,sogóomo,"smoke hole, roof opening",,,printed as a cross-reference: s. sóomo.,"degener-shina2008[p. 300, glossary entry 12]",,,degener-shina2008:p300:e12,degener-shina2008:p300:e14,,,dialect:Sh:gil:Gilgit
Sh,13173,sómo,friend,,,Freund,"degener-shina2008[p. 300, glossary entry 13]",,Degener directly assigns this headword to Turner/CDIAL 13173. [= Bur.; T. 13173],degener-shina2008:p300:e13,,,,m dialect:Sh:gil:Gilgit
Sh,,sóomo,"smoke hole, roof opening",,,"Rauchloch, Dachöffnung","degener-shina2008[p. 300, glossary entry 14]",,[Bur. saġám],degener-shina2008:p300:e14,,,,m dialect:Sh:gil:Gilgit
Sh,13519,son,gold,,,Gold,"degener-shina2008[p. 300, glossary entry 15]",,"Degener directly assigns this headword to Turner/CDIAL 13519. [T. 13519, Atlas 104]",degener-shina2008:p300:e15,,,,m dialect:Sh:gil:Gilgit
Sh,13519,soóni,queen,,,Königin,"degener-shina2008[p. 300, glossary entry 16]",,Degener directly assigns this headword to Turner/CDIAL 13519. [= Bur.; T. 13519],degener-shina2008:p300:e16,,,,f dialect:Sh:gil:Gilgit
Sh,13519,soóno,golden,,,golden,"degener-shina2008[p. 300, glossary entry 17]",,Degener directly assigns this headword to Turner/CDIAL 13519. [T. 13519],degener-shina2008:p300:e17,,,,adj m dialect:Sh:gil:Gilgit
Sh,13551,suú,needle,,,Nadel,"degener-shina2008[p. 300, glossary entry 18]",,Degener directly assigns this headword to Turner/CDIAL 13551. [T. 13551],degener-shina2008:p300:e18,,,,f dialect:Sh:gil:Gilgit
Sh,,suaá~čal,a vegetable,,,ein Gemüse,"degener-shina2008[p. 300, glossary entry 19]",,[Bur. śuánčal],degener-shina2008:p300:e19,,,,dialect:Sh:gil:Gilgit
Sh,13548,súu~c̣o,"straight, right; truth",,,"gerade, richtig; Wahrheit","degener-shina2008[p. 300, glossary entry 20]",,Degener directly assigns this headword to Turner/CDIAL 13548. [T. 13548],degener-shina2008:p300:e20,,,,adj m dialect:Sh:gil:Gilgit
Sh,,su~c̣yaár,truth,,,Wahrheit,"degener-shina2008[p. 300, glossary entry 21]",,,degener-shina2008:p300:e21,,,,f dialect:Sh:gil:Gilgit
Sh,,Suhráab,personal name,,,,"degener-shina2008[p. 300, glossary entry 22]",,,degener-shina2008:p300:e22,,,,proper-noun m dialect:Sh:gil:Gilgit
Sh,,su~i-,"understand, know",,,"verstehen, wissen","degener-shina2008[p. 300, glossary entry 23]",,,degener-shina2008:p300:e23,,,,dialect:Sh:gil:Gilgit
Sh,,sum,"earth, dust",,,"Erde, Staub","degener-shina2008[p. 300, glossary entry 24]",,"[Ikoh süm, s. d.]",degener-shina2008:p300:e24,,,,m dialect:Sh:gil:Gilgit
Sh,,Suumalík,name of a mythical king of Gilgit,,,eines mythischen Königs von Gilgit,"degener-shina2008[p. 301, glossary entry 1]",,,degener-shina2008:p301:e01,,,,m proper-noun dialect:Sh:gil:Gilgit
Sh,,sumbulá,month name,,,Monatsname,"degener-shina2008[p. 301, glossary entry 2]",,,degener-shina2008:p301:e02,,,,dialect:Sh:gil:Gilgit
Sh,,supiáan,name of a witch who threatens small children and pregnant women,,,"Name einer Hexe, die Kleinkinder und Schwangere bedroht","degener-shina2008[p. 301, glossary entry 3]",,"[Bur. subiáan, suphiáan, Arab.-Ur. umm al-ṣubyaan]",degener-shina2008:p301:e03,,,,f dialect:Sh:gil:Gilgit
Sh,13574,súuri,sun; day,,,Sonne; Tag,"degener-shina2008[p. 301, glossary entry 4]",,"Degener directly assigns this headword to Turner/CDIAL 13574. [T. 13574, Atlas 146]",degener-shina2008:p301:e04,,,,f dialect:Sh:gil:Gilgit
Sh,,surnéi-báaš,"oboe player, surnai player",,,"Oboen-, Surnaspieler","degener-shina2008[p. 301, glossary entry 5]",,[←Pers.-Ur. surnaai + baš-],degener-shina2008:p301:e05,,,,m f loanword dialect:Sh:gil:Gilgit
Sh,,súuryeṭ,sun; day,,,printed as a cross-reference: s. súuri.,"degener-shina2008[p. 301, glossary entry 6]",,,degener-shina2008:p301:e06,degener-shina2008:p301:e04,,,dialect:Sh:gil:Gilgit
Sh,,suwáa d-,sting (of an insect),,,stechen (Insekt) (+ Obl jmdn.),"degener-shina2008[p. 301, glossary entry 7]",,,degener-shina2008:p301:e07,,,,dialect:Sh:gil:Gilgit
Sh,12370,šáa,"vegetables, vegetarian sauce for rice or bread",,,"Gemüse, vegetarische Soße zu Reis oder Brot","degener-shina2008[p. 301, glossary entry 8]",,Degener directly assigns this headword to Turner/CDIAL 12370. [T. 12370],degener-shina2008:p301:e08,,,,m dialect:Sh:gil:Gilgit
Sh,12393,šaá~,"curse, insult, disgrace",,,"Fluch, Schimpf, Schande","degener-shina2008[p. 301, glossary entry 9]",,Degener directly assigns this headword to Turner/CDIAL 12393. [T. 12393; auch Shina šaáp Segenswunsch],degener-shina2008:p301:e09,,,,f dialect:Sh:gil:Gilgit
Sh,,šaagít,pupil,,,Schüler,"degener-shina2008[p. 301, glossary entry 10]",,[← Pers.-Ur. šaagird],degener-shina2008:p301:e10,,,,m loanword dialect:Sh:gil:Gilgit
Sh,,šahíid,martyr,,,Märtyrer,"degener-shina2008[p. 301, glossary entry 11]",,[← Ar.-Ur.],degener-shina2008:p301:e11,,,,m loanword dialect:Sh:gil:Gilgit
Sh,,šákal,"shape, form",,,Gestalt,"degener-shina2008[p. 301, glossary entry 12]",,[← Ar.-Ur. šakl],degener-shina2008:p301:e12,,,,f loanword dialect:Sh:gil:Gilgit
Sh,,šákar,sugar,,,Zucker,"degener-shina2008[p. 301, glossary entry 13]",,[T. 12338 oder ← Ur.],degener-shina2008:p301:e13,,,,m dialect:Sh:gil:Gilgit
Sh,,šáako,arm,,,Arm,"degener-shina2008[p. 301, glossary entry 14]",,[Bur. -śák],degener-shina2008:p301:e14,,,,dialect:Sh:gil:Gilgit
Sh,12278,šal,hundred,,,hundert,"degener-shina2008[p. 301, glossary entry 15]",,Degener directly assigns this headword to Turner/CDIAL 12278. [T. 12278],degener-shina2008:p301:e15,,,,num dialect:Sh:gil:Gilgit
Sh,12487,šaál,fever,,,Fieber,"degener-shina2008[p. 301, glossary entry 16]",,"Degener directly assigns this headword to Turner/CDIAL 12487. [T. 12487, Atlas 57]",degener-shina2008:p301:e16,,,,f dialect:Sh:gil:Gilgit
Sh,12578,šáa~l,wolf,,,Wolf,"degener-shina2008[p. 301, glossary entry 17]",,Degener directly assigns this headword to Turner/CDIAL 12578. [T. 12578],degener-shina2008:p301:e17,,,,m dialect:Sh:gil:Gilgit
Sh,,šanii,garden bed,,,printed as a cross-reference: s. šenii.,"degener-shina2008[p. 301, glossary entry 18]",,,degener-shina2008:p301:e18,degener-shina2008:p302:e07,,,dialect:Sh:gil:Gilgit
Sh,12580,šaŋaáli,chain,,,Kette,"degener-shina2008[p. 301, glossary entry 19]",,"Degener directly assigns this headword to Turner/CDIAL 12580. [T. 12580, Atlas 28]",degener-shina2008:p301:e19,,,,f dialect:Sh:gil:Gilgit
Sh,,šap th-,whip,,,peitschen (+ Rectus oder Gen. des Patiens),"degener-shina2008[p. 301, glossary entry 20]",,,degener-shina2008:p301:e20,,,,tr dialect:Sh:gil:Gilgit
Sh,12331,šará,"markhor, wild goat",,,"Markhor, Wildziege","degener-shina2008[p. 301, glossary entry 21]",,Degener directly assigns this headword to Turner/CDIAL 12331. [T. 12331],degener-shina2008:p301:e21,,,,m dialect:Sh:gil:Gilgit
Sh,,šáraa,(religious) law,,,(religiöses) Gesetz,"degener-shina2008[p. 301, glossary entry 22]",,[← Ar.-Ur. šarʿ],degener-shina2008:p301:e22,,,,loanword dialect:Sh:gil:Gilgit
Sh,,šarm,"shame, disgrace",,,"Scham, Schande","degener-shina2008[p. 301, glossary entry 23]",,[← Pers.-Ur.],degener-shina2008:p301:e23,,,,loanword dialect:Sh:gil:Gilgit
Sh,,šaruúko,autumn month,,,Herbstmonat,"degener-shina2008[p. 302, glossary entry 1]",,,degener-shina2008:p302:e01,,,,m dialect:Sh:gil:Gilgit
Sh,,šaruúko,autumnal,,,Herbst-,"degener-shina2008[p. 302, glossary entry 2]",,[śarád-],degener-shina2008:p302:e02,,,,adj m dialect:Sh:gil:Gilgit
Sh,12250,šat,strength,,,Kraft,"degener-shina2008[p. 302, glossary entry 3]",,"Degener directly assigns this headword to Turner/CDIAL 12250. [T. 12250, Bur. =]",degener-shina2008:p302:e03,,,,f dialect:Sh:gil:Gilgit
Sh,,šatílo,mighty,,,mächtig,"degener-shina2008[p. 302, glossary entry 4]",,"[= Bur., Ikoh šʌtìl^i]",degener-shina2008:p302:e04,,,,adj m dialect:Sh:gil:Gilgit
Sh,12645,šaw-,dry out,,,austrocknen,"degener-shina2008[p. 302, glossary entry 5]",,Degener directly assigns this headword to Turner/CDIAL 12645. [T. 12645],degener-shina2008:p302:e05,,,,tr dialect:Sh:gil:Gilgit
Sh,,šéemi,glacier,,,Gletscher,"degener-shina2008[p. 302, glossary entry 6]",,,degener-shina2008:p302:e06,,,,f dialect:Sh:gil:Gilgit
Sh,,šenii,garden bed,,,Beet,"degener-shina2008[p. 302, glossary entry 7]",,[T. 12323. Bur. śaní],degener-shina2008:p302:e07,,,,f dialect:Sh:gil:Gilgit
Sh,12774,šéeo,white,,,weiß,"degener-shina2008[p. 302, glossary entry 8]",,"Degener directly assigns this headword to Turner/CDIAL 12774. [T. 12774, Atlas 21]",degener-shina2008:p302:e08,,,,adj m dialect:Sh:gil:Gilgit
Sh,,šeéš b-,"thrive, be healthy",,,"gedeihen, gesund sein","degener-shina2008[p. 302, glossary entry 9]",,,degener-shina2008:p302:e09,,,,intr dialect:Sh:gil:Gilgit
Sh,,šeitáan,devil,,,Teufel,"degener-shina2008[p. 302, glossary entry 10]",,[← Ar.-Ur. šaiṭaan],degener-shina2008:p302:e10,,,,loanword dialect:Sh:gil:Gilgit
Sh,12538,ši-,"be good, thrive, be prosperous",,,"gut sein, gedeihen, wohlhabend sein","degener-shina2008[p. 302, glossary entry 11]",,Degener directly assigns this headword to Turner/CDIAL 12538. [T. 12538],degener-shina2008:p302:e11,,,,dialect:Sh:gil:Gilgit
Sh,,šíi ga,almost,,,fast,"degener-shina2008[p. 302, glossary entry 12]",,[zu šóo gut],degener-shina2008:p302:e12,,,,adv dialect:Sh:gil:Gilgit
Sh,,šiaár,"goodness, prosperity",,,"Güte, Wohlstand","degener-shina2008[p. 302, glossary entry 13]",,,degener-shina2008:p302:e13,,,,f dialect:Sh:gil:Gilgit
Sh,,šid-,beat,,,schlagen,"degener-shina2008[p. 302, glossary entry 14]",,"[Bailey: ṣid-, wurde von Informanten abgelehnt]",degener-shina2008:p302:e14,,,,tr dialect:Sh:gil:Gilgit
Sh,,šidalar-,let cool down,,,abkühlen lassen,"degener-shina2008[p. 302, glossary entry 15]",,[von šidálo],degener-shina2008:p302:e15,,,,tr dialect:Sh:gil:Gilgit
Sh,12487,šidálo,cold,,,kalt,"degener-shina2008[p. 302, glossary entry 16]",,Degener directly assigns this headword to Turner/CDIAL 12487. [T. 12487],degener-shina2008:p302:e16,,,,adj m dialect:Sh:gil:Gilgit
Sh,,šiéelo,generous,,,freigebig,"degener-shina2008[p. 302, glossary entry 17]",,"[Buddruss 2002, 63: unklares lautliches Verhältnis zu Khowar ṣieéli schön. Vielleicht davon zu trennen, Shina „freigebig“ < śālin- wohlhabend?]",degener-shina2008:p302:e17,,,,adj m dialect:Sh:gil:Gilgit
Sh,12576,šila-,ache,,,schmerzen,"degener-shina2008[p. 302, glossary entry 18]",,Degener directly assigns this headword to Turner/CDIAL 12576. [T. 12576],degener-shina2008:p302:e18,,,,intr dialect:Sh:gil:Gilgit
Sh,12748,šilóok,"story, tale",,,"Geschichte, Märchen","degener-shina2008[p. 302, glossary entry 19]",,Degener directly assigns this headword to Turner/CDIAL 12748. [T. 12748],degener-shina2008:p302:e19,,,,f dialect:Sh:gil:Gilgit
Sh,12588,šiŋóor,ginger,,,Ingwer,"degener-shina2008[p. 302, glossary entry 20]",,Degener directly assigns this headword to Turner/CDIAL 12588. [T. 12588; Bur. śiṅór],degener-shina2008:p302:e20,,,,f dialect:Sh:gil:Gilgit
Sh,,širií,like,,,conj. wie (+ Gen) [Gramm. 5.2.7],"degener-shina2008[p. 302, glossary entry 21]",,,degener-shina2008:p302:e21,,,,dialect:Sh:gil:Gilgit
Sh,,šišeroók,"lung disease, tuberculosis",,,"Lungenkrankheit, Tuberkulose","degener-shina2008[p. 302, glossary entry 22]",,[< śuṣya- trocken + róog (Buddruss)],degener-shina2008:p302:e22,,,,m dialect:Sh:gil:Gilgit
Sh,,ší~ṭi,"part of the house, space on either side of the hearth",,,"Hausteil, Platz zu beiden Seiten der Feuerstelle","degener-shina2008[p. 302, glossary entry 23]",,[Bur. śītí],degener-shina2008:p302:e23,,,,dialect:Sh:gil:Gilgit
Sh,12532,šóo,good,,,gut,"degener-shina2008[p. 303, glossary entry 1]",,Degener directly assigns this headword to Turner/CDIAL 12532. [T. 12532],degener-shina2008:p303:e01,,,,adj m dialect:Sh:gil:Gilgit
Sh,,šom,"front part of the house, part of the house near the entrance",,,"Vorderteil des Hauses, Hausteil nahe dem Eingang","degener-shina2008[p. 303, glossary entry 2]",,,degener-shina2008:p303:e02,,,,dialect:Sh:gil:Gilgit
Sh,,šon,penis,,,Penis,"degener-shina2008[p. 303, glossary entry 3]",,[zu T. 12270],degener-shina2008:p303:e03,,,,dialect:Sh:gil:Gilgit
Sh,,šóno,barren,,,unfruchtbar,"degener-shina2008[p. 303, glossary entry 4]",,[Bailey: šoṇu],degener-shina2008:p303:e04,,,,adj m dialect:Sh:gil:Gilgit
Sh,,šoŋ,"care, attentiveness",,,"Sorgfalt, Aufmerksamkeit","degener-shina2008[p. 303, glossary entry 5]",,"[T. 12258. Bur. śań, Berger 1966, 82]",degener-shina2008:p303:e05,,,,f dialect:Sh:gil:Gilgit
Sh,,šoŋ th-,"pay attention to, be on guard against",,,"achten auf, auf der Hut sein vor (+ Dat) 531; šoŋ theé sorgfältig 763","degener-shina2008[p. 303, glossary entry 6]",,,degener-shina2008:p303:e06,,,,dialect:Sh:gil:Gilgit
Sh,,šoṭ,"swelling, lump",,,"Schwellung, Beule","degener-shina2008[p. 303, glossary entry 7]",,"[Ikoh šòṭ^h, Bur. šóṭo]",degener-shina2008:p303:e07,,,,m dialect:Sh:gil:Gilgit
Sh,12528,šu~,dog,,,Hund,"degener-shina2008[p. 303, glossary entry 8]",,"Degener directly assigns this headword to Turner/CDIAL 12528. [T. 12528, Atlas 32]",degener-shina2008:p303:e08,,,,m dialect:Sh:gil:Gilgit
Sh,,šudaár,"child, boy",,,"Kind, Knabe","degener-shina2008[p. 303, glossary entry 9]",,[T. 6294 + ?],degener-shina2008:p303:e09,,,,m dialect:Sh:gil:Gilgit
Sh,,šudarií,childhood,,,Kindheit,"degener-shina2008[p. 303, glossary entry 10]",,,degener-shina2008:p303:e10,,,,f dialect:Sh:gil:Gilgit
Sh,,šuguléi th-,make friends,,,Freundschaft schließen,"degener-shina2008[p. 303, glossary entry 11]",,[Bur. šuguléi],degener-shina2008:p303:e11,,,,dialect:Sh:gil:Gilgit
Sh,,šugúli,female friend,,,Freundin,"degener-shina2008[p. 303, glossary entry 12]",,,degener-shina2008:p303:e12,,,,f dialect:Sh:gil:Gilgit
Sh,,šugúlo,friend,,,Freund,"degener-shina2008[p. 303, glossary entry 13]",,[= Bur.],degener-shina2008:p303:e13,,,,m dialect:Sh:gil:Gilgit
Sh,,šugúun,omen,,,Omen,"degener-shina2008[p. 303, glossary entry 14]",,[← Ur.],degener-shina2008:p303:e14,,,,f loanword dialect:Sh:gil:Gilgit
Sh,,šukáater,dry place,,,trockener Ort,"degener-shina2008[p. 303, glossary entry 15]",,[vgl. T. 12548],degener-shina2008:p303:e15,,,,m dialect:Sh:gil:Gilgit
Sh,12548,šúko,dry,,,trocken,"degener-shina2008[p. 303, glossary entry 16]",,Degener directly assigns this headword to Turner/CDIAL 12548. [T. 12548],degener-shina2008:p303:e16,,,,adj m dialect:Sh:gil:Gilgit
Sh,12506,šúkur,Friday,,,Freitag,"degener-shina2008[p. 303, glossary entry 17]",,Degener directly assigns this headword to Turner/CDIAL 12506. [T. 12506],degener-shina2008:p303:e17,,,,dialect:Sh:gil:Gilgit
Sh,12575,šúul,"birth pain, labor pains",,,"Geburtsschmerz, Wehen (Sg.)","degener-shina2008[p. 303, glossary entry 18]",,Degener directly assigns this headword to Turner/CDIAL 12575. [T. 12575],degener-shina2008:p303:e18,,,,f dialect:Sh:gil:Gilgit
Sh,,šunúṭar,wren,,,Zaunkönig,"degener-shina2008[p. 303, glossary entry 19]",,,degener-shina2008:p303:e19,,,,m dialect:Sh:gil:Gilgit
Sh,,šuriyaár th-,enjoy oneself,,,sich vergnügen,"degener-shina2008[p. 303, glossary entry 20]",,[Bur. śurayaár ét-],degener-shina2008:p303:e20,,,,dialect:Sh:gil:Gilgit
Sh,,šurúujan,mushroom,,,Pilz,"degener-shina2008[p. 303, glossary entry 21]",,[Bur. s̃(?)irijón],degener-shina2008:p303:e21,,,,m uncertain dialect:Sh:gil:Gilgit
Sh,,šuš-,dry up,,,vertrocknen,"degener-shina2008[p. 304, glossary entry 1]",,"[T. 12559, T. 12548]",degener-shina2008:p304:e01,,,,intr dialect:Sh:gil:Gilgit
Sh,12504,šut,apricot vinegar,,,Aprikosenessig,"degener-shina2008[p. 304, glossary entry 2]",,"Degener directly assigns this headword to Turner/CDIAL 12504. [T. 12504, = Bur., Ikoh šūγ^h]",degener-shina2008:p304:e02,,,,m dialect:Sh:gil:Gilgit
Sh,,šutii,corner,,,Ecke,"degener-shina2008[p. 304, glossary entry 3]",,,degener-shina2008:p304:e03,,,,f dialect:Sh:gil:Gilgit
Sh,12759,šyaṣ,mother-in-law,,,Schwiegermutter,"degener-shina2008[p. 304, glossary entry 4]",,Degener directly assigns this headword to Turner/CDIAL 12759. [T. 12759],degener-shina2008:p304:e04,,,,f dialect:Sh:gil:Gilgit
Sh,,ṣ-,"attach, join; embrace",,,"anheften, verbinden; umarmen (+ Dat.)","degener-shina2008[p. 304, glossary entry 5]",,"[T. 13085/ 12686a, Turner 1964]",degener-shina2008:p304:e05,,,,tr dialect:Sh:gil:Gilgit
Sh,,ṣábaṣ,praise,,,Lob,"degener-shina2008[p. 304, glossary entry 6]",,[← Pers.-Ur. šaabaaš],degener-shina2008:p304:e06,,,,loanword dialect:Sh:gil:Gilgit
Sh,13085,ṣač-,attach oneself; afflict (of an illness); take effect (of medicine); get stuck; be concluded (of a bet),,,sich anheften; (Krankheit) befallen; (Medizin) wirken; stecken bleiben; (Wette) abgeschlossen werden,"degener-shina2008[p. 304, glossary entry 7]",,"Degener directly assigns this headword to Turner/CDIAL 13085.4. The printed sub-number 13085.4 is linked to its CDIAL parent entry 13085. [T. 13085.4; vgl. ṣ-, s. Turner s. v. T. 13085]",degener-shina2008:p304:e07,,,,intr dialect:Sh:gil:Gilgit
Sh,,ṣaadár,servant,,,Diener,"degener-shina2008[p. 304, glossary entry 8]",,"[Bur. ṣádar, s. Berger, s. v.]",degener-shina2008:p304:e08,,,,m dialect:Sh:gil:Gilgit
Sh,13576,ṣak,nape of the neck,,,Nacken,"degener-shina2008[p. 304, glossary entry 9]",,Degener directly assigns this headword to Turner/CDIAL 13576. [T. 13576],degener-shina2008:p304:e09,,,,m dialect:Sh:gil:Gilgit
Sh,,ṣak,"full, smooth",,,"voll, glatt","degener-shina2008[p. 304, glossary entry 10]",,[Bur. ṣek voll],degener-shina2008:p304:e10,,,,adj m f dialect:Sh:gil:Gilgit
Sh,,ṣa-máazo,six-month,,,sechsmonatig,"degener-shina2008[p. 304, glossary entry 11]",,[T. 12803 + 10104],degener-shina2008:p304:e11,,,,adj dialect:Sh:gil:Gilgit
Sh,,ṣar-,"cause to be joined, cause to be attached",,,"(Kaus. von ṣ-) verbinden lassen, anbringen lassen","degener-shina2008[p. 304, glossary entry 12]",,,degener-shina2008:p304:e12,,,,tr dialect:Sh:gil:Gilgit
Sh,,ṣar b-,pass by,,,vorbeigehen,"degener-shina2008[p. 304, glossary entry 13]",,,degener-shina2008:p304:e13,,,,dialect:Sh:gil:Gilgit
Sh,,ṣaár th-,roll,,,rollen,"degener-shina2008[p. 304, glossary entry 14]",,[Bur. ṣar -t- (Teig) ausrollen],degener-shina2008:p304:e14,,,,tr dialect:Sh:gil:Gilgit
Sh,,ṣaróŋ,henna,,,Henna,"degener-shina2008[p. 304, glossary entry 15]",,[Bur. ṣaróń],degener-shina2008:p304:e15,,,,m dialect:Sh:gil:Gilgit
Sh,,ṣatá,immediately,,,sogleich,"degener-shina2008[p. 304, glossary entry 16]",,[= Bur.],degener-shina2008:p304:e16,,,,adv dialect:Sh:gil:Gilgit
Sh,,ṣéewo,blind,,,blind,"degener-shina2008[p. 304, glossary entry 17]",,[12717],degener-shina2008:p304:e17,,,,adj m dialect:Sh:gil:Gilgit
Sh,12719,ṣiin,member of the Shin ethnic group,,,Angehöriger der Shin-Bevölkerungsgruppe,"degener-shina2008[p. 304, glossary entry 18]",,Degener directly assigns this headword to Turner/CDIAL 12719. [T. 12719],degener-shina2008:p304:e18,,,,dialect:Sh:gil:Gilgit
Sh,,ṣinaá,Shina (language name),,,Shina (Sprachbezeichnung),"degener-shina2008[p. 304, glossary entry 19]",,,degener-shina2008:p304:e19,,,,f dialect:Sh:gil:Gilgit
Sh,,ṣinoó,"Shin, belonging to the Shin",,,"Shin-, zu den Shin gehörig","degener-shina2008[p. 304, glossary entry 20]",,,degener-shina2008:p304:e20,,,,adj m dialect:Sh:gil:Gilgit
Sh,12583,ṣiŋ,horn,,,Horn,"degener-shina2008[p. 305, glossary entry 1]",,"Degener directly assigns this headword to Turner/CDIAL 12583. [T. 12583, Atlas 37]",degener-shina2008:p305:e01,,,,m dialect:Sh:gil:Gilgit
Sh,,ṣiŋáa,butt with the horns,,,mit den Hörnern stoßen,"degener-shina2008[p. 305, glossary entry 2]",,,degener-shina2008:p305:e02,,,,dialect:Sh:gil:Gilgit
Sh,,lam-,butt with the horns,,,mit den Hörnern stoßen,"degener-shina2008[p. 305, glossary entry 2]",,,degener-shina2008:p305:e02:v2,degener-shina2008:p305:e02,,,alternate dialect:Sh:gil:Gilgit
Sh,12590,ṣiŋáai,wild rose,,,wilde Rose,"degener-shina2008[p. 305, glossary entry 3]",,Degener directly assigns this headword to Turner/CDIAL 12590. [T. 12590],degener-shina2008:p305:e03,,,,f dialect:Sh:gil:Gilgit
Sh,12497,ṣiṣ,head,,,Kopf,"degener-shina2008[p. 305, glossary entry 4]",,"Degener directly assigns this headword to Turner/CDIAL 12497. [T. 12497, Atlas 151]",degener-shina2008:p305:e04,,,,m dialect:Sh:gil:Gilgit
Sh,,ṣiṣaloó,"head (of a slaughtered bull), skull",,,"Kopf (eines geschlachteten Bullen), Schädel","degener-shina2008[p. 305, glossary entry 5]",,,degener-shina2008:p305:e05,,,,dialect:Sh:gil:Gilgit
Sh,,ṣóo-šáa,a vegetable,,,ein Gemüse,"degener-shina2008[p. 305, glossary entry 6]",,[vgl. šáa],degener-shina2008:p305:e06,,,,dialect:Sh:gil:Gilgit
Sh,12675,ṣóto,neck,,,Hals,"degener-shina2008[p. 305, glossary entry 7]",,Degener directly assigns this headword to Turner/CDIAL 12675. [T. 12675],degener-shina2008:p305:e07,,,,m dialect:Sh:gil:Gilgit
Sh,,ṣúu,"rest, repose",,,"Ruhe, Rast","degener-shina2008[p. 305, glossary entry 8]",,"[Bur. =; Ikoh ṣū̀, s. Zoller s. v.]",degener-shina2008:p305:e08,,,,dialect:Sh:gil:Gilgit
Sh,,ṣuṛuúki d-,whistle,,,pfeifen,"degener-shina2008[p. 305, glossary entry 9]",,,degener-shina2008:p305:e09,,,,dialect:Sh:gil:Gilgit
Sh,5768,taá,baking sheet,,,Backblech,"degener-shina2008[p. 305, glossary entry 11]",,"Degener directly assigns this headword to Turner/CDIAL 5768. [T. 5768, vgl. taáo]",degener-shina2008:p305:e11,,,,dialect:Sh:gil:Gilgit
Sh,,tabiib,physician,,,Arzt,"degener-shina2008[p. 305, glossary entry 12]",,[← Ar.-Ur. ṭabiib],degener-shina2008:p305:e12,,,,m loanword dialect:Sh:gil:Gilgit
Sh,5620,tac̣-,work (a gemstone),,,bearbeiten (Edelstein),"degener-shina2008[p. 305, glossary entry 13]",,Degener directly assigns this headword to Turner/CDIAL 5620. [T. 5620; auch thac̣-],degener-shina2008:p305:e13,,,,tr dialect:Sh:gil:Gilgit
Sh,5618,tác̣i,hatchet,,,Beil,"degener-shina2008[p. 305, glossary entry 14]",,Degener directly assigns this headword to Turner/CDIAL 5618. [T. 5618],degener-shina2008:p305:e14,,,,f dialect:Sh:gil:Gilgit
Sh,,taág,brand mark,,,Brandmal,"degener-shina2008[p. 305, glossary entry 15]",,[← Pers.-Ur. daaγ],degener-shina2008:p305:e15,,,,f loanword dialect:Sh:gil:Gilgit
Sh,,taák,ash of burnt grass,,,Asche von verbranntem Gras,"degener-shina2008[p. 305, glossary entry 16]",,,degener-shina2008:p305:e16,,,,dialect:Sh:gil:Gilgit
Sh,5731,tal,ceiling,,,Zimmerdecke,"degener-shina2008[p. 305, glossary entry 17]",,Degener directly assigns this headword to Turner/CDIAL 5731. [T. 5731],degener-shina2008:p305:e17,,,,m dialect:Sh:gil:Gilgit
Sh,5731,talii,sole (of the foot),,,(Fuß-)Sohle,"degener-shina2008[p. 305, glossary entry 18]",,"Degener directly assigns this headword to Turner/CDIAL 5731. [T. 5731, Ikoh tʌlī̀]",degener-shina2008:p305:e18,,,,f dialect:Sh:gil:Gilgit
Sh,,táalo,roof of the mouth,,,Gaumendach,"degener-shina2008[p. 305, glossary entry 19]",,[Berger: Rachenmandel. Bur. dáalumuċ Mandelentzündung],degener-shina2008:p305:e19,,,,dialect:Sh:gil:Gilgit
Sh,,talúu,shrub,,,Strauch,"degener-shina2008[p. 305, glossary entry 20]",,,degener-shina2008:p305:e20,,,,dialect:Sh:gil:Gilgit
Sh,,tam,swim,,,schwimmen,"degener-shina2008[p. 305, glossary entry 21]",,[Bur. tam dél-],degener-shina2008:p305:e21,,,,dialect:Sh:gil:Gilgit
Sh,,har-,swim,,,schwimmen,"degener-shina2008[p. 305, glossary entry 21]",,[Bur. tam dél-],degener-shina2008:p305:e21:v2,degener-shina2008:p305:e21,,,alternate dialect:Sh:gil:Gilgit
Sh,,taám,wet,,,nass,"degener-shina2008[p. 305, glossary entry 22]",,,degener-shina2008:p305:e22,,,,adj m f dialect:Sh:gil:Gilgit
Sh,,táma,desire,,,Begierde,"degener-shina2008[p. 305, glossary entry 23]",,[← Ar.-Ur. ṭamaʿ(?)],degener-shina2008:p305:e23,,,,loanword uncertain dialect:Sh:gil:Gilgit
Sh,,tanúlo,thin,,,dünn,"degener-shina2008[p. 306, glossary entry 1]",,[zu T. 5654],degener-shina2008:p306:e01,,,,adj m dialect:Sh:gil:Gilgit
Sh,,tanúuṣi,wooden bread-turner,,,hölzerner Brotwender,"degener-shina2008[p. 306, glossary entry 2]",,,degener-shina2008:p306:e02,,,,f dialect:Sh:gil:Gilgit
Sh,,taáo,bread griddle,,,Brotblech,"degener-shina2008[p. 306, glossary entry 3]",,"[Ikoh tʌ̀v metal plate for baking bread, Bur. dáo T. 5768; vgl. taá]",degener-shina2008:p306:e03,,,,m dialect:Sh:gil:Gilgit
Sh,5684,tap-,heat,,,erhitzen,"degener-shina2008[p. 306, glossary entry 4]",,Degener directly assigns this headword to Turner/CDIAL 5684. [T. 5684],degener-shina2008:p306:e04,,,,tr dialect:Sh:gil:Gilgit
Sh,,tap-,become warm,,,sich erwärmen,"degener-shina2008[p. 306, glossary entry 5]",,,degener-shina2008:p306:e05,,,,intr dialect:Sh:gil:Gilgit
Sh,,tapiǰ-,be heated,,,(pass.) erhitzt werden,"degener-shina2008[p. 306, glossary entry 6]",,,degener-shina2008:p306:e06,,,,intr dialect:Sh:gil:Gilgit
Sh,,Tarakhan,personal name,,,,"degener-shina2008[p. 306, glossary entry 7]",,,degener-shina2008:p306:e07,,,,proper-noun m dialect:Sh:gil:Gilgit
Sh,,táaro,star,,,Stern,"degener-shina2008[p. 306, glossary entry 8]",,,degener-shina2008:p306:e08,,,,m dialect:Sh:gil:Gilgit
Sh,9268,taṛabúulo,spider,,,Spinne,"degener-shina2008[p. 306, glossary entry 9]",,Degener directly assigns this headword to Turner/CDIAL 9268. [T. 9268; Bur. talabúudo],degener-shina2008:p306:e09,,,,m dialect:Sh:gil:Gilgit
Sh,,tas th-,"cut into, score",,,"anschneiden, anritzen","degener-shina2008[p. 306, glossary entry 10]",,[Ikoh tʌ̀s karʌ́v~ to cut shavings],degener-shina2008:p306:e10,,,,dialect:Sh:gil:Gilgit
Sh,,táši,roof,,,Dach,"degener-shina2008[p. 306, glossary entry 11]",,[Bur. tés̃(?)i],degener-shina2008:p306:e11,,,,f uncertain dialect:Sh:gil:Gilgit
Sh,,taá-táa th-,pat (baby talk),,,patschen (Kindersprache),"degener-shina2008[p. 306, glossary entry 12]",,[Bur. táa-táa],degener-shina2008:p306:e12,,,,dialect:Sh:gil:Gilgit
Sh,,tatáro,"old, worn out",,,"alt, abgetragen","degener-shina2008[p. 306, glossary entry 13]",,,degener-shina2008:p306:e13,,,,adj m dialect:Sh:gil:Gilgit
Sh,5679,taáto,warm,,,warm,"degener-shina2008[p. 306, glossary entry 14]",,Degener directly assigns this headword to Turner/CDIAL 5679. [T. 5679],degener-shina2008:p306:e14,,,,adj m dialect:Sh:gil:Gilgit
Sh,,taáwo,bread griddle,,,printed as a cross-reference: s. taáo.,"degener-shina2008[p. 306, glossary entry 15]",,,degener-shina2008:p306:e15,degener-shina2008:p306:e03,,,dialect:Sh:gil:Gilgit
Sh,,taazá,fresh,,,frisch,"degener-shina2008[p. 306, glossary entry 16]",,[← Pers-Ur.],degener-shina2008:p306:e16,,,,adj m f loanword dialect:Sh:gil:Gilgit
Sh,5649,te,and,,,und,"degener-shina2008[p. 306, glossary entry 17]",,"Degener directly assigns this headword to Turner/CDIAL 5649. [T. 5649, ← Indoarisch?]",degener-shina2008:p306:e17,,,,dialect:Sh:gil:Gilgit
Sh,5958,teél,oil,,,Öl,"degener-shina2008[p. 306, glossary entry 18]",,Degener directly assigns this headword to Turner/CDIAL 5958. [T. 5958],degener-shina2008:p306:e18,,,,m dialect:Sh:gil:Gilgit
Sh,,teemúum,dry ablution before prayer,,,Trockenwaschung vor dem Gebet,"degener-shina2008[p. 306, glossary entry 19]",,[← Ar.-Ur. tayammum],degener-shina2008:p306:e19,,,,loanword dialect:Sh:gil:Gilgit
Sh,6087,tíči,"bast, inner side of tree bark, skin (on milk)",,,"Bast, Innenseite von Baumrinde, Haut (auf der Milch)","degener-shina2008[p. 306, glossary entry 20]",,Degener directly assigns this headword to Turner/CDIAL 6087. [T. 6087],degener-shina2008:p306:e20,,,,f dialect:Sh:gil:Gilgit
Sh,,tik-,"value, praise",,,"wertschätzen, preisen","degener-shina2008[p. 306, glossary entry 21]",,,degener-shina2008:p306:e21,,,,tr dialect:Sh:gil:Gilgit
Sh,,tiiko,"spot, stain",,,Fleck,"degener-shina2008[p. 306, glossary entry 22]",,,degener-shina2008:p306:e22,,,,dialect:Sh:gil:Gilgit
Sh,,tiléen,saddle,,,Sattel,"degener-shina2008[p. 306, glossary entry 23]",,"[Bur. tilíań, Berger 1961, 63]",degener-shina2008:p306:e23,,,,m dialect:Sh:gil:Gilgit
Sh,14565,timinii th-,"endure, bear",,,"aushalten, ertragen","degener-shina2008[p. 307, glossary entry 1]",,Degener directly assigns this headword to Turner/CDIAL 14565. [Bur. timaní ét-; T. 14565],degener-shina2008:p307:e01,,,,dialect:Sh:gil:Gilgit
Sh,5839,tíino,"sharp, fast, active, clever",,,"scharf, schnell, aktiv, klug","degener-shina2008[p. 307, glossary entry 2]",,"Degener directly assigns this headword to Turner/CDIAL 5839. [T. 5839, Atlas 5; = Bur.]",degener-shina2008:p307:e02,,,,adj m dialect:Sh:gil:Gilgit
Sh,,tíiri,stalk,,,Halm,"degener-shina2008[p. 307, glossary entry 3]",,,degener-shina2008:p307:e03,,,,dialect:Sh:gil:Gilgit
Sh,,titíiro,breast,,,Brust,"degener-shina2008[p. 307, glossary entry 4]",,,degener-shina2008:p307:e04,,,,dialect:Sh:gil:Gilgit
Sh,5639,to,then (postverbal marker of a conditional protasis),,,"Postverbal zur Markierung der Protasis im Konditionalsatz: (wenn ...), dann","degener-shina2008[p. 307, glossary entry 5]",,Degener directly assigns this headword to Turner/CDIAL 5639. [T. 5639. Gramm. 5.6],degener-shina2008:p307:e05,,,,adv dialect:Sh:gil:Gilgit
Sh,5639,toó,then (postverbal marker of a conditional protasis),,,"Postverbal zur Markierung der Protasis im Konditionalsatz: (wenn ...), dann","degener-shina2008[p. 307, glossary entry 5]",,Degener directly assigns this headword to Turner/CDIAL 5639. [T. 5639. Gramm. 5.6],degener-shina2008:p307:e05:v2,degener-shina2008:p307:e05,,,adv alternate dialect:Sh:gil:Gilgit
Sh,5639,-t,then (postverbal marker of a conditional protasis),,,"Postverbal zur Markierung der Protasis im Konditionalsatz: (wenn ...), dann","degener-shina2008[p. 307, glossary entry 5]",,Degener directly assigns this headword to Turner/CDIAL 5639. [T. 5639. Gramm. 5.6],degener-shina2008:p307:e05:v3,degener-shina2008:p307:e05,,,adv alternate dialect:Sh:gil:Gilgit
Sh,,to,,,,,"degener-shina2008[p. 307, glossary entry 6]",,[← Urdu. Gramm. 5.8.6],degener-shina2008:p307:e06,,,,part loanword dialect:Sh:gil:Gilgit
Sh,5979,tol-,weigh,,,"wiegen, wägen","degener-shina2008[p. 307, glossary entry 7]",,Degener directly assigns this headword to Turner/CDIAL 5979. [T. 5979],degener-shina2008:p307:e07,,,,tr dialect:Sh:gil:Gilgit
Sh,5978,tóolo,a weight,,,ein Gewicht,"degener-shina2008[p. 307, glossary entry 8]",,Degener directly assigns this headword to Turner/CDIAL 5978. [T. 5978; Bur. tóoli],degener-shina2008:p307:e08,,,,m dialect:Sh:gil:Gilgit
Sh,,tom,tree,,,Baum,"degener-shina2008[p. 307, glossary entry 9]",,[= Bur.],degener-shina2008:p307:e09,,,,m dialect:Sh:gil:Gilgit
Sh,5983,toóm,own,,,m./fem. eigen,"degener-shina2008[p. 307, glossary entry 10]",,Degener directly assigns this headword to Turner/CDIAL 5983. [T. 5983. Gramm. 2.4.2],degener-shina2008:p307:e10,,,,adj dialect:Sh:gil:Gilgit
Sh,5983,toómo,own,,,eigen,"degener-shina2008[p. 307, glossary entry 11]",,Degener directly assigns this headword to Turner/CDIAL 5983. [T. 5983. Gramm. 2.4.2],degener-shina2008:p307:e11,,,,adj m dialect:Sh:gil:Gilgit
Sh,,tonée,"and, also",,,"conj. und, auch","degener-shina2008[p. 307, glossary entry 12]",,[to + née. Gramm. 5.2.3],degener-shina2008:p307:e12,,,,dialect:Sh:gil:Gilgit
Sh,,traŋ,half,,,Hälfte,"degener-shina2008[p. 307, glossary entry 13]",,[= Bur.],degener-shina2008:p307:e13,,,,dialect:Sh:gil:Gilgit
Sh,,trap th-,shake (the hands),,,(Hände) schütteln,"degener-shina2008[p. 307, glossary entry 14]",,[Bur. trap ét-],degener-shina2008:p307:e14,,,,dialect:Sh:gil:Gilgit
Sh,5889,tu,you,,,du,"degener-shina2008[p. 308, glossary entry 1]",,Degener directly assigns this headword to Turner/CDIAL 5889. [T. 5889],degener-shina2008:p308:e01,,,,pron dialect:Sh:gil:Gilgit
Sh,5904,túuli,"twig, small stick",,,"Zweiglein, Holzstöckchen","degener-shina2008[p. 308, glossary entry 2]",,Degener directly assigns this headword to Turner/CDIAL 5904. [T. 5904],degener-shina2008:p308:e02,,,,f dialect:Sh:gil:Gilgit
Sh,,tumák,gun,,,printed as a cross-reference: s. turmák.,"degener-shina2008[p. 308, glossary entry 3]",,,degener-shina2008:p308:e03,degener-shina2008:p308:e08,,,dialect:Sh:gil:Gilgit
Sh,,tumár,amulet,,,Amulett,"degener-shina2008[p. 308, glossary entry 4]",,"[= Bur., ← Türkisch]",degener-shina2008:p308:e04,,,,m dialect:Sh:gil:Gilgit
Sh,,tumúro,"a plant, a kind of dragonhead",,,"eine Pflanze, Drachenkopfart","degener-shina2008[p. 308, glossary entry 5]",,[= Bur.],degener-shina2008:p308:e05,,,,m dialect:Sh:gil:Gilgit
Sh,5860,tun,navel,,,Nabel,"degener-shina2008[p. 308, glossary entry 6]",,Degener directly assigns this headword to Turner/CDIAL 5860. [T. 5860],degener-shina2008:p308:e06,,,,m dialect:Sh:gil:Gilgit
Sh,,túni,basket,,,Korb,"degener-shina2008[p. 308, glossary entry 7]",,[Ikoh tùnd̥],degener-shina2008:p308:e07,,,,dialect:Sh:gil:Gilgit
Sh,,turmák,gun,,,Gewehr,"degener-shina2008[p. 308, glossary entry 8]",,"[s. Berger 1998, s. v. tubáq, Atlas 66]",degener-shina2008:p308:e08,,,,m dialect:Sh:gil:Gilgit
Sh,,tuš-,become satiated,,,satt werden,"degener-shina2008[p. 308, glossary entry 9]",,"[T. 5895, 5897]",degener-shina2008:p308:e09,,,,intr dialect:Sh:gil:Gilgit
Sh,13756,th-,"say, do, make; designate as, consider as",,,"sagen, tun, machen; (+ Dat des Patiens) bezeichnen als, halten für","degener-shina2008[p. 308, glossary entry 10]",,Degener directly assigns this headword to Turner/CDIAL 13756. [T. 13756],degener-shina2008:p308:e10,,,,tr dialect:Sh:gil:Gilgit
Sh,,thabíib,physician,,,printed as a cross-reference: s. tabíib.,"degener-shina2008[p. 308, glossary entry 11]",,,degener-shina2008:p308:e11,degener-shina2008:p305:e12,,,dialect:Sh:gil:Gilgit
Sh,5621,thac̣óon,carpenter,,,Zimmermann,"degener-shina2008[p. 308, glossary entry 12]",,Degener directly assigns this headword to Turner/CDIAL 5621. [T. 5621],degener-shina2008:p308:e12,,,,m dialect:Sh:gil:Gilgit
Sh,13744,tháli,platform,,,Plattform,"degener-shina2008[p. 308, glossary entry 13]",,Degener directly assigns this headword to Turner/CDIAL 13744. [T. 13744],degener-shina2008:p308:e13,,,,f dialect:Sh:gil:Gilgit
Sh,13766,thaalii,"small metal tray, plate",,,"kleines Tablett aus Metall, Teller","degener-shina2008[p. 309, glossary entry 1]",,Degener directly assigns this headword to Turner/CDIAL 13766. [T. 13766],degener-shina2008:p309:e01,,,,f dialect:Sh:gil:Gilgit
Sh,13746,thalyóo,basket,,,Korb,"degener-shina2008[p. 309, glossary entry 2]",,"Degener directly assigns this headword to Turner/CDIAL 13746. [Bur. thalióo, T. 13746]",degener-shina2008:p309:e02,,,,m dialect:Sh:gil:Gilgit
Sh,,thar,"flight, flying",,,"Flug, Fliegen","degener-shina2008[p. 309, glossary entry 3]",,"[Bur. thar, Ikoh thʌ́r]",degener-shina2008:p309:e03,,,,f dialect:Sh:gil:Gilgit
Sh,,thar-,cause to do,,,tun lassen (Kaus. von th-),"degener-shina2008[p. 309, glossary entry 4]",,,degener-shina2008:p309:e04,,,,tr dialect:Sh:gil:Gilgit
Sh,,thei,your,,,dein,"degener-shina2008[p. 309, glossary entry 5]",,,degener-shina2008:p309:e05,,,,pron dialect:Sh:gil:Gilgit
Sh,,thei,"it was said, it is said",,,"es wurde gesagt, es heißt","degener-shina2008[p. 309, glossary entry 6]",,,degener-shina2008:p309:e06,,,,dialect:Sh:gil:Gilgit
Sh,,thiǰ-,"be done, be made",,,(pass. von th-) gemacht werden,"degener-shina2008[p. 309, glossary entry 7]",,,degener-shina2008:p309:e07,,,,intr dialect:Sh:gil:Gilgit
Sh,13721,thik th-,drip,,,träufeln,"degener-shina2008[p. 309, glossary entry 8]",,Degener directly assigns this headword to Turner/CDIAL 13721. [T. 13721],degener-shina2008:p309:e08,,,,tr dialect:Sh:gil:Gilgit
Sh,,thikoói,drop,,,Tropfen,"degener-shina2008[p. 309, glossary entry 9]",,,degener-shina2008:p309:e09,,,,f dialect:Sh:gil:Gilgit
Sh,,thíitun,"be done, be made",,,printed as a cross-reference: s. thiǰ-.,"degener-shina2008[p. 309, glossary entry 10]",,,degener-shina2008:p309:e10,degener-shina2008:p309:e07,,,dialect:Sh:gil:Gilgit
Sh,,thogór,billy goat,,,Ziegenbock,"degener-shina2008[p. 309, glossary entry 11]",,[Bur. thugár],degener-shina2008:p309:e11,,,,m dialect:Sh:gil:Gilgit
Sh,,thóori,paw,,,"Pfote, Tatze","degener-shina2008[p. 309, glossary entry 12]",,,degener-shina2008:p309:e12,,,,f dialect:Sh:gil:Gilgit
Sh,,thóoṭi,leather gaiter(s),,,Ledergamasche(n),"degener-shina2008[p. 309, glossary entry 13]",,"[Ikoh thō~ṭ^h, Bur. táuč]",degener-shina2008:p309:e13,,,,dialect:Sh:gil:Gilgit
Sh,,thrik,"dirt, filth",,,"Dreck, Schmutz","degener-shina2008[p. 309, glossary entry 14]",,[← Bur. therk],degener-shina2008:p309:e14,,,,m loanword dialect:Sh:gil:Gilgit
Sh,6102,thu,spitting,,,das Spucken,"degener-shina2008[p. 309, glossary entry 15]",,"Degener directly assigns this headword to Turner/CDIAL 6102. [T. 6102, = Bur.]",degener-shina2008:p309:e15,,,,dialect:Sh:gil:Gilgit
Sh,,thu,"say, do, make; designate as, consider as",,,printed as a cross-reference: s. th-.,"degener-shina2008[p. 309, glossary entry 16]",,,degener-shina2008:p309:e16,degener-shina2008:p308:e10,,,dialect:Sh:gil:Gilgit
Sh,6097,thúki,"spit, saliva",,,Spucke,"degener-shina2008[p. 309, glossary entry 17]",,"Degener directly assigns this headword to Turner/CDIAL 6097. [T. 6097, = Bur.]",degener-shina2008:p309:e17,,,,f dialect:Sh:gil:Gilgit
Sh,,thur,whip,,,Peitsche,"degener-shina2008[p. 309, glossary entry 18]",,[= Bur.],degener-shina2008:p309:e18,,,,dialect:Sh:gil:Gilgit
Sh,5853,thuríuṭo,beak,,,Schnabel,"degener-shina2008[p. 309, glossary entry 19]",,Degener directly assigns this headword to Turner/CDIAL 5853. [T. 5853],degener-shina2008:p309:e19,,,,m dialect:Sh:gil:Gilgit
Sh,,thuṛúmi,nod off,,,einnicken,"degener-shina2008[p. 309, glossary entry 20]",,,degener-shina2008:p309:e20,,,,dialect:Sh:gil:Gilgit
Sh,,wal-,nod off,,,einnicken,"degener-shina2008[p. 309, glossary entry 20]",,,degener-shina2008:p309:e20:v2,degener-shina2008:p309:e20,,,alternate dialect:Sh:gil:Gilgit
Sh,,ṭak,"bound to, linked with",,,"eingebunden, verknüpft mit (+ Dat)","degener-shina2008[p. 309, glossary entry 21]",,[= Bur.],degener-shina2008:p309:e21,,,,adj m f dialect:Sh:gil:Gilgit
Sh,,ṭak,enough,,,genug,"degener-shina2008[p. 309, glossary entry 22]",,"[= Bur., Nishei ṭak; Ikoh ṭʌ~(?)k absolutely]",degener-shina2008:p309:e22,,,,adv uncertain dialect:Sh:gil:Gilgit
Sh,,ṭáap,sheaf,,,Garbe,"degener-shina2008[p. 309, glossary entry 23]",,,degener-shina2008:p309:e23,,,,m dialect:Sh:gil:Gilgit
Sh,,ṭaṭóri,bread made of maize or millet,,,Brot aus Mais oder Hirse,"degener-shina2008[p. 310, glossary entry 1]",,[Bur. ṭuṭóro],degener-shina2008:p310:e01,,,,f dialect:Sh:gil:Gilgit
Sh,5440,ṭaṭṭú,pony,,,Pony,"degener-shina2008[p. 310, glossary entry 2]",,Degener directly assigns this headword to Turner/CDIAL 5440. [T. 5440],degener-shina2008:p310:e02,,,,dialect:Sh:gil:Gilgit
Sh,5459,ṭíki,"bread, food",,,"Brot, Essen","degener-shina2008[p. 310, glossary entry 3]",,Degener directly assigns this headword to Turner/CDIAL 5459. [T. 5459],degener-shina2008:p310:e03,,,,f dialect:Sh:gil:Gilgit
Sh,,ṭíimo,"stick, club, threshing flail",,,"Stock, Knüppel, Dreschflegel","degener-shina2008[p. 310, glossary entry 4]",,"[Bur. ḍímo, Bur.-Nager ṭíimo]",degener-shina2008:p310:e04,,,,m dialect:Sh:gil:Gilgit
Sh,,ṭiin,"tin, can, sheet metal",,,"Büchse, Dose, Blech","degener-shina2008[p. 310, glossary entry 5]",,[← Englisch-Ur. ṭiin],degener-shina2008:p310:e05,,,,loanword dialect:Sh:gil:Gilgit
Sh,,ṭir th-,get diarrhea,,,Durchfall bekommen,"degener-shina2008[p. 310, glossary entry 6]",,,degener-shina2008:p310:e06,,,,dialect:Sh:gil:Gilgit
Sh,,ṭoó~-koó~ th-,bellow (like a bull),,,brüllen (wie ein Stier),"degener-shina2008[p. 310, glossary entry 7]",,[Echobildung zu koó~],degener-shina2008:p310:e07,,,,dialect:Sh:gil:Gilgit
Sh,,ṭóki,small gourd calabash,,,kleine Kürbiskalebasse,"degener-shina2008[p. 310, glossary entry 8]",,"[Ikoh ṭùk^h kind of melon, pumpkin]",degener-shina2008:p310:e08,,,,f dialect:Sh:gil:Gilgit
Sh,,ṭóko,"gourd, gourd calabash",,,"Kürbis, Kürbiskalebasse","degener-shina2008[p. 310, glossary entry 9]",,,degener-shina2008:p310:e09,,,,m dialect:Sh:gil:Gilgit
Sh,,ṭoŋ b-,bend down low,,,sich tief bücken,"degener-shina2008[p. 310, glossary entry 10]",,"[Ikoh ṭóṅg-ṭoṅg bowed or bending down; Bur. ṭoṅ in hockender Stellung, vgl. Shina ṭoŋ, Bur. ḍoṅ Hügel, Buckel]",degener-shina2008:p310:e10,,,,dialect:Sh:gil:Gilgit
Sh,,ṭor th-,"quack, croak",,,quaken,"degener-shina2008[p. 310, glossary entry 11]",,"[Bur. ṭoṭór, Ikoh ṭṑr-ṭōr Quaken]",degener-shina2008:p310:e11,,,,dialect:Sh:gil:Gilgit
Sh,,ṭukiǰ-,peck,,,picken,"degener-shina2008[p. 310, glossary entry 12]",,[vgl. Bur. ṭhuk ~-t- picken nach],degener-shina2008:p310:e12,,,,intr dialect:Sh:gil:Gilgit
Sh,,ṭuṭaká,amulet,,,Amulett,"degener-shina2008[p. 310, glossary entry 13]",,,degener-shina2008:p310:e13,,,,dialect:Sh:gil:Gilgit
Sh,,Ṭúuṭi,personal name,,,,"degener-shina2008[p. 310, glossary entry 14]",,,degener-shina2008:p310:e14,,,,proper-noun m dialect:Sh:gil:Gilgit
Sh,,ṭyuú~,cause to fart,,,zum Furzen bringen,"degener-shina2008[p. 310, glossary entry 15]",,,degener-shina2008:p310:e15,,,,dialect:Sh:gil:Gilgit
Sh,,thar-,cause to fart,,,zum Furzen bringen,"degener-shina2008[p. 310, glossary entry 15]",,,degener-shina2008:p310:e15:v2,degener-shina2008:p310:e15,,,alternate dialect:Sh:gil:Gilgit
Sh,,ṭhak b-,twitch,,,zucken,"degener-shina2008[p. 310, glossary entry 16]",,"[Bur. ṭhak ~-t- schlagen an, ausschütte(l)n]",degener-shina2008:p310:e16,,,,intr dialect:Sh:gil:Gilgit
Sh,,ṭhakiǰ-,twitch,,,zucken,"degener-shina2008[p. 310, glossary entry 17]",,,degener-shina2008:p310:e17,,,,intr dialect:Sh:gil:Gilgit
Sh,,ṭham th-,sweep,,,fegen,"degener-shina2008[p. 310, glossary entry 18]",,[= Bur.],degener-shina2008:p310:e18,,,,dialect:Sh:gil:Gilgit
Sh,,ṭhaŋ,to the utmost limit,,,bis zur äußersten Grenze,"degener-shina2008[p. 310, glossary entry 19]",,[Bur. =],degener-shina2008:p310:e19,,,,adv dialect:Sh:gil:Gilgit
Sh,,ṭhok-,press out,,,herauspressen,"degener-shina2008[p. 310, glossary entry 20]",,,degener-shina2008:p310:e20,,,,tr dialect:Sh:gil:Gilgit
Sh,,ṭhuṭukií,"art, skill",,,"Kunst, Fertigkeit","degener-shina2008[p. 310, glossary entry 21]",,,degener-shina2008:p310:e21,,,,f dialect:Sh:gil:Gilgit
Sh,,ṭhuṭukyaár,"art, skill",,,"Kunst, Fertigkeit","degener-shina2008[p. 310, glossary entry 22]",,,degener-shina2008:p310:e22,,,,f dialect:Sh:gil:Gilgit
Sh,,ubáal,"sin, transgression",,,"Sünde, Verfehlung","degener-shina2008[p. 311, glossary entry 1]",,[← Ar.-Ur. wabaal],degener-shina2008:p311:e01,,,,m loanword dialect:Sh:gil:Gilgit
Sh,1869,u~ċ,spring (of water),,,Quelle,"degener-shina2008[p. 311, glossary entry 2]",,"Degener directly assigns this headword to Turner/CDIAL 1869. [T. 1869, Atlas 148]",degener-shina2008:p311:e02,,,,m dialect:Sh:gil:Gilgit
Sh,,u~ċiǰ-,become a spring,,,zur Quelle werden,"degener-shina2008[p. 311, glossary entry 3]",,,degener-shina2008:p311:e03,,,,intr dialect:Sh:gil:Gilgit
Sh,,ú~čo,fire tongs,,,Feuerzange,"degener-shina2008[p. 311, glossary entry 4]",,[Bur. účo],degener-shina2008:p311:e04,,,,m dialect:Sh:gil:Gilgit
Sh,1801,uc̣-,"flee, run away",,,"fliehen, weglaufen","degener-shina2008[p. 311, glossary entry 5]",,Degener directly assigns this headword to Turner/CDIAL 1801. [T. 1801],degener-shina2008:p311:e05,,,,intr dialect:Sh:gil:Gilgit
Sh,,uc̣ar-,drive away,,,(Kaus. von uc̣-) vertreiben,"degener-shina2008[p. 311, glossary entry 6]",,,degener-shina2008:p311:e06,,,,tr dialect:Sh:gil:Gilgit
Sh,2151,uc̣hač-,"get to, reach",,,"hingelangen, erreichen","degener-shina2008[p. 311, glossary entry 7]",,Degener directly assigns this headword to Turner/CDIAL 2151. [T. 2151],degener-shina2008:p311:e07,,,,intr dialect:Sh:gil:Gilgit
Sh,,uc̣hai-,"take, take over (from someone)",,,"nehmen, (von jmd.) übernehmen","degener-shina2008[p. 311, glossary entry 8]",,,degener-shina2008:p311:e08,,,,tr dialect:Sh:gil:Gilgit
Sh,2025,uduú,dust,,,Staub,"degener-shina2008[p. 311, glossary entry 9]",,Degener directly assigns this headword to Turner/CDIAL 2025. [T. 2025],degener-shina2008:p311:e09,,,,m dialect:Sh:gil:Gilgit
Sh,,uḍor-,search (for),,,suchen (nach),"degener-shina2008[p. 311, glossary entry 10]",,"[Bur. uḍóori ~-t- suchen, forschen nach]",degener-shina2008:p311:e10,,,,tr dialect:Sh:gil:Gilgit
Sh,,uḍóor,mortar,,,Mörser,"degener-shina2008[p. 311, glossary entry 11]",,,degener-shina2008:p311:e11,,,,dialect:Sh:gil:Gilgit
Sh,,uḍoriǰ-,be sought,,,(pass. von uḍor-) gesucht werden,"degener-shina2008[p. 311, glossary entry 12]",,,degener-shina2008:p311:e12,,,,intr dialect:Sh:gil:Gilgit
Sh,,ukeéṣi,"slope, sloping land",,,"Abhang, abschüssiges Land","degener-shina2008[p. 311, glossary entry 13]",,,degener-shina2008:p311:e13,,,,f dialect:Sh:gil:Gilgit
Sh,,ukeéṣo,"steep, sloping (of a mountain or path)",,,"abschüssig, abfallend (Berg, Weg)","degener-shina2008[p. 311, glossary entry 14]",,,degener-shina2008:p311:e14,,,,adj m dialect:Sh:gil:Gilgit
Sh,,ulyá,"false, futile, inconstant",,,"falsch, vergeblich, unbeständig","degener-shina2008[p. 311, glossary entry 15]",,[Bur. uliá],degener-shina2008:p311:e15,,,,adj m f dialect:Sh:gil:Gilgit
Sh,,úmar,age (of life),,,Lebensalter,"degener-shina2008[p. 311, glossary entry 16]",,[← Ar.-Ur. umr],degener-shina2008:p311:e16,,,,f loanword dialect:Sh:gil:Gilgit
Sh,2101,uni-,"bring up, nourish",,,"aufziehen, ernähren","degener-shina2008[p. 311, glossary entry 17]",,Degener directly assigns this headword to Turner/CDIAL 2101. [T. 2101],degener-shina2008:p311:e17,,,,tr dialect:Sh:gil:Gilgit
Sh,2101,uníilo,nursling (child given to another woman to raise),,,"Milchkind (Kind, das einer anderen Frau zum Aufziehen übergeben wird)","degener-shina2008[p. 311, glossary entry 18]",,Degener directly assigns this headword to Turner/CDIAL 2101. [T. 2101],degener-shina2008:p311:e18,,,,m dialect:Sh:gil:Gilgit
Sh,,unoón,head (of the bed),,,Kopfende (des Bettes),"degener-shina2008[p. 311, glossary entry 19]",,,degener-shina2008:p311:e19,,,,dialect:Sh:gil:Gilgit
Sh,,uraá,"far, invisible, hidden",,,"fern, unsichtbar, verborgen","degener-shina2008[p. 311, glossary entry 20]",,[Bur. uraáŷ ~-t- bestatten],degener-shina2008:p311:e20,,,,adj m f dialect:Sh:gil:Gilgit
Sh,2349,urán,lamb,,,Lamm,"degener-shina2008[p. 311, glossary entry 21]",,"Degener directly assigns this headword to Turner/CDIAL 2349. [T. 2349, Atlas 3]",degener-shina2008:p311:e21,,,,m dialect:Sh:gil:Gilgit
Sh,2349,uriín,"wild sheep, urial",,,"Wildschaf, Urial","degener-shina2008[p. 311, glossary entry 22]",,Degener directly assigns this headword to Turner/CDIAL 2349. [T. 2349; Bur. =],degener-shina2008:p311:e22,,,,f dialect:Sh:gil:Gilgit
Sh,1883,usiǰ-,be filled (with water),,,(mit Wasser) gefüllt werden (pass. von us- füllen),"degener-shina2008[p. 311, glossary entry 23]",,Degener directly assigns this headword to Turner/CDIAL 1883. [T. 1883],degener-shina2008:p311:e23,,,,intr dialect:Sh:gil:Gilgit
Sh,,uskúun,relative,,,Verwandter,"degener-shina2008[p. 311, glossary entry 24]",,[Bur. sukúin],degener-shina2008:p311:e24,,,,m dialect:Sh:gil:Gilgit
Sh,,ustáad,master,,,Meister,"degener-shina2008[p. 312, glossary entry 1]",,[← Pers.-Ur.],degener-shina2008:p312:e01,,,,m loanword dialect:Sh:gil:Gilgit
Sh,,úuṣ,"debt, loan",,,"Schuld, Darlehen","degener-shina2008[p. 312, glossary entry 2]",,[Bur. uṣ],degener-shina2008:p312:e02,,,,f dialect:Sh:gil:Gilgit
Sh,,uṣáaran,debtor,,,Schuldner,"degener-shina2008[p. 312, glossary entry 3]",,,degener-shina2008:p312:e03,,,,m dialect:Sh:gil:Gilgit
Sh,,uṣkúur,"a bird, sparrow",,,"ein Vogel, Sperling","degener-shina2008[p. 312, glossary entry 4]",,,degener-shina2008:p312:e04,,,,f dialect:Sh:gil:Gilgit
Sh,,uthálo,high,,,hoch,"degener-shina2008[p. 312, glossary entry 5]",,,degener-shina2008:p312:e05,,,,adj m dialect:Sh:gil:Gilgit
Sh,1907,uth-,stand up,,,aufstehen,"degener-shina2008[p. 312, glossary entry 6]",,Degener directly assigns this headword to Turner/CDIAL 1907. [T. 1907],degener-shina2008:p312:e06,,,,intr dialect:Sh:gil:Gilgit
Sh,2387,úu~ṭ,camel,,,Kamel,"degener-shina2008[p. 312, glossary entry 7]",,"Degener directly assigns this headword to Turner/CDIAL 2387. [← Ur. uu~ṭ?, T. 2387, Atlas 29]",degener-shina2008:p312:e07,,,,m f loanword dialect:Sh:gil:Gilgit
Sh,2144,uwáalo,summer,,,Sommer,"degener-shina2008[p. 312, glossary entry 8]",,"Degener directly assigns this headword to Turner/CDIAL 2144. [T. 2144, Atlas 52]",degener-shina2008:p312:e08,,,,m dialect:Sh:gil:Gilgit
Sh,,uwáalo-ázo,summer rain,,,Sommerregen,"degener-shina2008[p. 312, glossary entry 9]",,,degener-shina2008:p312:e09,,,,m dialect:Sh:gil:Gilgit
Sh,1929,uyáno,hungry,,,hungrig,"degener-shina2008[p. 312, glossary entry 10]",,"Degener directly assigns this headword to Turner/CDIAL 1929. [T. 1929, Atlas 2]",degener-shina2008:p312:e10,,,,adj m dialect:Sh:gil:Gilgit
Sh,,wa-,come,,,"kommen (Stämme: wa-, wai-;","degener-shina2008[p. 312, glossary entry 11]",,"[T. 884, 2207] Cross-reference: s. áali).",degener-shina2008:p312:e11,,,,intr dialect:Sh:gil:Gilgit
Sh,,waá,O! (in address),,,O! in der Anrede,"degener-shina2008[p. 312, glossary entry 12]",,,degener-shina2008:p312:e12,,,,interj dialect:Sh:gil:Gilgit
Sh,,wáa~,cry of the fox,,,Laut des Fuchses,"degener-shina2008[p. 312, glossary entry 13]",,,degener-shina2008:p312:e13,,,,dialect:Sh:gil:Gilgit
Sh,,wafadáar,faithful,,,treu,"degener-shina2008[p. 312, glossary entry 14]",,[← Pers.-Ur.],degener-shina2008:p312:e14,,,,adj m f loanword dialect:Sh:gil:Gilgit
Sh,,waqt,time,,,Zeit,"degener-shina2008[p. 312, glossary entry 15]",,[← Ar.-Ur.],degener-shina2008:p312:e15,,,,loanword dialect:Sh:gil:Gilgit
Sh,,wal-,groom (one's moustache),,,(sich den Schnurrbart) putzen,"degener-shina2008[p. 312, glossary entry 16]",,,degener-shina2008:p312:e16,,,,dialect:Sh:gil:Gilgit
Sh,,wal-,"fetch, bring",,,"holen, bringen","degener-shina2008[p. 312, glossary entry 17]",,"[Buddruss 1996, 50: T. 14246?]",degener-shina2008:p312:e17,,,,tr dialect:Sh:gil:Gilgit
Sh,,walar-,cause to bring,,,bringen lassen (kaus. von wal-),"degener-shina2008[p. 312, glossary entry 18]",,,degener-shina2008:p312:e18,,,,tr dialect:Sh:gil:Gilgit
Sh,,wárku,entrails,,,Eingeweide,"degener-shina2008[p. 312, glossary entry 19]",,[Bur. wark. T. 1932 +?],degener-shina2008:p312:e19,,,,m dialect:Sh:gil:Gilgit
Sh,,wáar,"order, sequence",,,Reihenfolge,"degener-shina2008[p. 312, glossary entry 20]",,[← Pers.-Ur.],degener-shina2008:p312:e20,,,,f loanword dialect:Sh:gil:Gilgit
Sh,482,-waary,"in the direction of, toward",,,in Richtung auf,"degener-shina2008[p. 313, glossary entry 1]",,Degener directly assigns this headword to Turner/CDIAL 482. [T. 482],degener-shina2008:p313:e01,,,,postp dialect:Sh:gil:Gilgit
Sh,,waáwa d-,lament,,,klagen,"degener-shina2008[p. 313, glossary entry 2]",,,degener-shina2008:p313:e02,,,,tr dialect:Sh:gil:Gilgit
Sh,,wázan,weight,,,Gewicht,"degener-shina2008[p. 313, glossary entry 3]",,[← Ar.-Ur. wazn],degener-shina2008:p313:e03,,,,f loanword dialect:Sh:gil:Gilgit
Sh,1921,wei,water,,,Wasser,"degener-shina2008[p. 313, glossary entry 4]",,"Degener directly assigns this headword to Turner/CDIAL 1921. [T. 1921, Atlas 44]",degener-shina2008:p313:e04,,,,m dialect:Sh:gil:Gilgit
Sh,,wei-baáruṣ,water duck,,,Wasserente,"degener-shina2008[p. 313, glossary entry 5]",,,degener-shina2008:p313:e05,,,,dialect:Sh:gil:Gilgit
Sh,4127,weigaá,ford,,,Furt,"degener-shina2008[p. 313, glossary entry 6]",,Degener directly assigns this headword to Turner/CDIAL 4127. [T. 4127],degener-shina2008:p313:e06,,,,f dialect:Sh:gil:Gilgit
Sh,,wi-,"lay, set, let, throw",,,"legen, setzen, lassen, werfen","degener-shina2008[p. 313, glossary entry 7]",,,degener-shina2008:p313:e07,,,,tr dialect:Sh:gil:Gilgit
Sh,,xafáa,angry,,,zornig,"degener-shina2008[p. 313, glossary entry 8]",,[← Ar.-Ur. xafaa],degener-shina2008:p313:e08,,,,adj m f loanword dialect:Sh:gil:Gilgit
Sh,,xaalii,empty,,,leer,"degener-shina2008[p. 313, glossary entry 9]",,[← Ar.-Ur.],degener-shina2008:p313:e09,,,,adj m f loanword dialect:Sh:gil:Gilgit
Sh,,xidmát,service,,,Dienst,"degener-shina2008[p. 313, glossary entry 10]",,[← Ar.-Ur.],degener-shina2008:p313:e10,,,,loanword dialect:Sh:gil:Gilgit
Sh,,xudáa,God,,,Gott,"degener-shina2008[p. 313, glossary entry 11]",,[← Pers.-Ur.],degener-shina2008:p313:e11,,,,m loanword dialect:Sh:gil:Gilgit
Sh,,yáa,or,,,oder,"degener-shina2008[p. 313, glossary entry 12]",,[← Pers.-Ur. Gramm. 5.2.2],degener-shina2008:p313:e12,,,,loanword dialect:Sh:gil:Gilgit
Sh,10442,yab,canal,,,Kanal,"degener-shina2008[p. 313, glossary entry 13]",,"Degener directly assigns this headword to Turner/CDIAL 10442. [Buddruss 1961, 242; T. 10442]",degener-shina2008:p313:e13,,,,f dialect:Sh:gil:Gilgit
Sh,10395,ya~c̣h,a kind of spirit or demon,,,eine Art Geist oder Dämon,"degener-shina2008[p. 313, glossary entry 14]",,"Degener directly assigns this headword to Turner/CDIAL 10395. [T. 10395, vgl. Berger 1983, 32]",degener-shina2008:p313:e14,,,,dialect:Sh:gil:Gilgit
Sh,,yai-,"go, move",,,"gehen, sich bewegen","degener-shina2008[p. 313, glossary entry 15]",,"[T. 10452?, s. Buddruss 1996, 50]",degener-shina2008:p313:e15,,,,intr dialect:Sh:gil:Gilgit
Sh,,yaqíin,conviction,,,Überzeugung,"degener-shina2008[p. 313, glossary entry 16]",,[← Ar.-Ur.],degener-shina2008:p313:e16,,,,loanword dialect:Sh:gil:Gilgit
Sh,,yar,first; better (than),,,zuerst; besser (als + Abl),"degener-shina2008[p. 313, glossary entry 17]",,"[Bur. yar vorne, zuerst]",degener-shina2008:p313:e17,,,,adv dialect:Sh:gil:Gilgit
Sh,,yar-,cause to go,,,(Kaus. von yai-) gehen lassen,"degener-shina2008[p. 313, glossary entry 18]",,,degener-shina2008:p313:e18,,,,tr dialect:Sh:gil:Gilgit
Sh,,yáar,"friend, beloved",,,"Freund, Geliebter","degener-shina2008[p. 313, glossary entry 19]",,[Pers-Ur. yaar],degener-shina2008:p313:e19,,,,dialect:Sh:gil:Gilgit
Sh,,yaráanak,friend,,,Freund,"degener-shina2008[p. 313, glossary entry 20]",,"[von Pers. yaar, pl yaaraan]",degener-shina2008:p313:e20,,,,dialect:Sh:gil:Gilgit
Sh,,yatiim,orphan,,,Waise,"degener-shina2008[p. 314, glossary entry 1]",,[← Ar.-Ur.],degener-shina2008:p314:e01,,,,m loanword dialect:Sh:gil:Gilgit
Sh,10472,yóo,barley,,,Gerste,"degener-shina2008[p. 314, glossary entry 2]",,Degener directly assigns this headword to Turner/CDIAL 10472. [T. 10472],degener-shina2008:p314:e02,,,,m dialect:Sh:gil:Gilgit
Sh,,yoóno,winter,,,Winter,"degener-shina2008[p. 314, glossary entry 3]",,"[T. 14164, 14334; Atlas 73]",degener-shina2008:p314:e03,,,,m dialect:Sh:gil:Gilgit
Sh,,yó~puṣ,regulating stick (in the mill),,,Regulierstock (in der Mühle),"degener-shina2008[p. 314, glossary entry 4]",,,degener-shina2008:p314:e04,,,,m dialect:Sh:gil:Gilgit
Sh,10412,yó~r,water mill,,,Wassermühle,"degener-shina2008[p. 314, glossary entry 5]",,"Degener directly assigns this headword to Turner/CDIAL 10412. [T. 10412, Bur. yoór. Buddruss, MSS 42, 1983, 20]",degener-shina2008:p314:e05,,,,f dialect:Sh:gil:Gilgit
Sh,,yo~ẓawáali,"mill owner, miller",,,"Mühlenbesitzer, Müller","degener-shina2008[p. 314, glossary entry 6]",,,degener-shina2008:p314:e06,,,,m dialect:Sh:gil:Gilgit
Sh,5301,yúun,moon,,,Mond,"degener-shina2008[p. 314, glossary entry 7]",,"Degener directly assigns this headword to Turner/CDIAL 5301. [T. 5301, Atlas 84]",degener-shina2008:p314:e07,,,,f dialect:Sh:gil:Gilgit
Sh,,yupóošo,"fitting, suitable",,,passend,"degener-shina2008[p. 314, glossary entry 8]",,[Shina/ Bur. yupóoš],degener-shina2008:p314:e08,,,,adj m dialect:Sh:gil:Gilgit
Sh,,yúuyuu d-,"make a din, raise a clamor",,,"Lärm schlagen, ein Geschrei machen","degener-shina2008[p. 314, glossary entry 9]",,,degener-shina2008:p314:e09,,,,dialect:Sh:gil:Gilgit
Sh,,zam-,beat,,,schlagen (+ Gen. des Patiens),"degener-shina2008[p. 314, glossary entry 10]",,"[Bur. zam ~-t- schütteln, buttern?]",degener-shina2008:p314:e10,,,,tr dialect:Sh:gil:Gilgit
Sh,,zamaaná,"time, era",,,Zeit(alter),"degener-shina2008[p. 314, glossary entry 11]",,[← Pers.-Ur.],degener-shina2008:p314:e11,,,,loanword dialect:Sh:gil:Gilgit
Sh,,zamindaaríi,agriculture,,,Landwirtschaft,"degener-shina2008[p. 314, glossary entry 12]",,[← Pers.-Ur.],degener-shina2008:p314:e12,,,,f loanword dialect:Sh:gil:Gilgit
Sh,,zaáp th-,press,,,drücken,"degener-shina2008[p. 314, glossary entry 13]",,[Ar.-Ur. żabṭ karnaa],degener-shina2008:p314:e13,,,,dialect:Sh:gil:Gilgit
Sh,,zarár,"damage, harm",,,Schaden,"degener-shina2008[p. 314, glossary entry 14]",,[← Ar.-Ur. żarar],degener-shina2008:p314:e14,,,,f loanword dialect:Sh:gil:Gilgit
Sh,,zargár,goldsmith,,,Goldschmied,"degener-shina2008[p. 314, glossary entry 15]",,[← Pers.-Ur.],degener-shina2008:p314:e15,,,,m loanword dialect:Sh:gil:Gilgit
Sh,,zarurát,"need, necessity",,,Not,"degener-shina2008[p. 314, glossary entry 16]",,[Ar.-Ur. żaruurat],degener-shina2008:p314:e16,,,,dialect:Sh:gil:Gilgit
Sh,,zéel,"manner, way",,,Art und Weise,"degener-shina2008[p. 314, glossary entry 17]",,[Bur. záil],degener-shina2008:p314:e17,,,,f dialect:Sh:gil:Gilgit
Sh,,zimawáar,responsible (for),,,verantwortlich (+ Gen: für),"degener-shina2008[p. 314, glossary entry 18]",,[← Ar.-Ur. ẕimmawaar],degener-shina2008:p314:e18,,,,adj m f loanword dialect:Sh:gil:Gilgit
Sh,,zindagáanii,life,,,Leben,"degener-shina2008[p. 314, glossary entry 19]",,[← Pers.-Ur.],degener-shina2008:p314:e19,,,,f loanword dialect:Sh:gil:Gilgit
Sh,,zindagaaníi,livelihood,,,Lebensunterhalt,"degener-shina2008[p. 314, glossary entry 20]",,[← Pers.-Ur.],degener-shina2008:p314:e20,,,,f loanword dialect:Sh:gil:Gilgit
Sh,9661,ẓáa,brother,,,Bruder,"degener-shina2008[p. 314, glossary entry 21]",,"Degener directly assigns this headword to Turner/CDIAL 9661. [T. 9661, Atlas 63]",degener-shina2008:p314:e21,,,,m dialect:Sh:gil:Gilgit
Sh,6625,ẓab,"wealth, property",,,"Reichtum, Besitz","degener-shina2008[p. 314, glossary entry 22]",,Degener directly assigns this headword to Turner/CDIAL 6625. [T. 6625],degener-shina2008:p314:e22,,,,f dialect:Sh:gil:Gilgit
Sh,,ẓakún,donkey,,,"Esel. ẓakunéṭ 356, 358, 434; ẓakúnekeṭ 510. Abl-s ẓakunéjo 48. Loci-s ẓakunéj 115","degener-shina2008[p. 314, glossary entry 23]",,[← Bur. jakún],degener-shina2008:p314:e23,,,,loanword dialect:Sh:gil:Gilgit
Sh,6613,ẓakal-,pull,,,ziehen,"degener-shina2008[p. 315, glossary entry 1]",,"Degener directly assigns this headword to Turner/CDIAL 6613. [T. 6613, Ikoh ẓikáv~]",degener-shina2008:p315:e01,,,,dialect:Sh:gil:Gilgit
Sh,,ẓan th-,bite,,,beißen (+ Gen. jmdn.),"degener-shina2008[p. 315, glossary entry 2]",,[Bur. jan ~-t-],degener-shina2008:p315:e02,,,,dialect:Sh:gil:Gilgit
Sh,6303,ẓatáai,large leather sack,,,großer Ledersack,"degener-shina2008[p. 315, glossary entry 3]",,Degener directly assigns this headword to Turner/CDIAL 6303. [T. 6303],degener-shina2008:p315:e03,,,,f dialect:Sh:gil:Gilgit
Sh,,ẓeék th-,stretch out,,,ausstrecken,"degener-shina2008[p. 315, glossary entry 4]",,"[zu T. 6568, Bur. jeék ~-t-]",degener-shina2008:p315:e04,,,,dialect:Sh:gil:Gilgit
Sh,,ẓigá,for a long time,,,lange,"degener-shina2008[p. 315, glossary entry 5]",,"[Bur. jigá; Berger 1966, 80]",degener-shina2008:p315:e05,,,,adv dialect:Sh:gil:Gilgit
Sh,6368,ẓígo,long,,,lang,"degener-shina2008[p. 315, glossary entry 6]",,Degener directly assigns this headword to Turner/CDIAL 6368. [T. 6368],degener-shina2008:p315:e06,,,,adj m dialect:Sh:gil:Gilgit
Sh,,ẓúun,"a bird with a red beak (Lorimer: chough, Bailey: red-billed jackdaw)",,,"ein Vogel mit rotem Schnabel (Lorimer: chough, Bailey: red-billed jackdaw)","degener-shina2008[p. 315, glossary entry 7]",,,degener-shina2008:p315:e07,,,,f dialect:Sh:gil:Gilgit
Sh,,ẓuún,"an edible plant, also used as a medicinal plant",,,"eine essbare Pflanze, auch als Heilpflanze","degener-shina2008[p. 315, glossary entry 8]",,[Bur. junúu ṣiqá],degener-shina2008:p315:e08,,,,m dialect:Sh:gil:Gilgit
