jaun,,çʌɾiɾ,body,,çʌɾiɾ,Appendix A.2 lexical-similarity group 1; Jaunsari,"john2008jaunsari[Appendix A.2, printed p. 40, item 1, Korwa]",,,siljaunsari2008:g001:sil-jaunsari-2008-korwa:i1,,,,dialect:jaun:sil-jaunsari-2008-korwa:Korwa
jaun,,çʌɾiɾ,body,,çʌɾiɾ,Appendix A.2 lexical-similarity group 1; Jaunsari,"john2008jaunsari[Appendix A.2, printed p. 40, item 1, Khanaad]",,,siljaunsari2008:g001:sil-jaunsari-2008-khanaad:i1,,,,dialect:jaun:sil-jaunsari-2008-khanaad:Khanaad
jaun,,çʌɾiɾ,body,,çʌɾiɾ,Appendix A.2 lexical-similarity group 1; Jaunsari,"john2008jaunsari[Appendix A.2, printed p. 40, item 1, Chapnu]",,,siljaunsari2008:g001:sil-jaunsari-2008-chapnu:i1,,,,dialect:jaun:sil-jaunsari-2008-chapnu:Chapnu
jaun,,çʌɾiɾ,body,,çʌɾiɾ,Appendix A.2 lexical-similarity group 1; Jaunsari-Bawari,"john2008jaunsari[Appendix A.2, printed p. 40, item 1, Bhandroli]",,,siljaunsari2008:g001:sil-jaunsari-2008-bhandroli:i1,,,,dialect:jaun:sil-jaunsari-2008-bhandroli:Bhandroli
jaun,,çʌɾiɾ,body,,çʌɾiɾ,Appendix A.2 lexical-similarity group 1; Jaunsari-Bawari,"john2008jaunsari[Appendix A.2, printed p. 40, item 1, Maindrath]",,,siljaunsari2008:g001:sil-jaunsari-2008-maindrath:i1,,,,dialect:jaun:sil-jaunsari-2008-maindrath:Maindrath
jaun,,çʌɾiɾ,body,,çʌɾiɾ,Appendix A.2 lexical-similarity group 1; Jaunsari-Garhwali border mix,"john2008jaunsari[Appendix A.2, printed p. 40, item 1, Lakhamandal]",,,siljaunsari2008:g001:sil-jaunsari-2008-lakhamandal:i1,,,,dialect:jaun:sil-jaunsari-2008-lakhamandal:Lakhamandal
jaun,,ʃeɾiɾ,body,,ʃeɾiɾ,Appendix A.2 lexical-similarity group 1; previous Garhwali survey list,"john2008jaunsari[Appendix A.2, printed p. 40, item 1, Chakrata]",,,siljaunsari2008:g001:sil-jaunsari-2008-chakrata:i1,,,,dialect:jaun:sil-jaunsari-2008-chakrata:Chakrata
jaun,,munɖ,head,,munɖ,Appendix A.2 lexical-similarity group 2; Jaunsari,"john2008jaunsari[Appendix A.2, printed p. 40, item 2, Korwa]",,,siljaunsari2008:g002:sil-jaunsari-2008-korwa:i1,,,,dialect:jaun:sil-jaunsari-2008-korwa:Korwa
jaun,,munɖ,head,,munɖ,Appendix A.2 lexical-similarity group 2; Jaunsari,"john2008jaunsari[Appendix A.2, printed p. 40, item 2, Khanaad]",,,siljaunsari2008:g002:sil-jaunsari-2008-khanaad:i1,,,,dialect:jaun:sil-jaunsari-2008-khanaad:Khanaad
jaun,,munɖi,head,,munɖi,Appendix A.2 lexical-similarity group 2; Jaunsari,"john2008jaunsari[Appendix A.2, printed p. 40, item 2, Chapnu]",,,siljaunsari2008:g002:sil-jaunsari-2008-chapnu:i1,,,,dialect:jaun:sil-jaunsari-2008-chapnu:Chapnu
jaun,,muːnɖ,head,,muːnɖ,Appendix A.2 lexical-similarity group 2; Jaunsari-Bawari,"john2008jaunsari[Appendix A.2, printed p. 40, item 2, Bhandroli]",,,siljaunsari2008:g002:sil-jaunsari-2008-bhandroli:i1,,,,dialect:jaun:sil-jaunsari-2008-bhandroli:Bhandroli
jaun,,munɖ,head,,munɖ,Appendix A.2 lexical-similarity group 2; Jaunsari-Bawari,"john2008jaunsari[Appendix A.2, printed p. 40, item 2, Maindrath]",,,siljaunsari2008:g002:sil-jaunsari-2008-maindrath:i1,,,,dialect:jaun:sil-jaunsari-2008-maindrath:Maindrath
jaun,,munɖ,head,,munɖ,Appendix A.2 lexical-similarity group 2; Jaunsari-Garhwali border mix,"john2008jaunsari[Appendix A.2, printed p. 40, item 2, Lakhamandal]",,,siljaunsari2008:g002:sil-jaunsari-2008-lakhamandal:i1,,,,dialect:jaun:sil-jaunsari-2008-lakhamandal:Lakhamandal
jaun,,munɖi,head,,munɖi,Appendix A.2 lexical-similarity group 2; previous Garhwali survey list,"john2008jaunsari[Appendix A.2, printed p. 40, item 2, Chakrata]",,,siljaunsari2008:g002:sil-jaunsari-2008-chakrata:i1,,,,dialect:jaun:sil-jaunsari-2008-chakrata:Chakrata
jaun,,bal,hair,,bal,Appendix A.2 lexical-similarity group 1; Jaunsari,"john2008jaunsari[Appendix A.2, printed p. 40, item 3, Korwa]",,,siljaunsari2008:g003:sil-jaunsari-2008-korwa:i1,,,,dialect:jaun:sil-jaunsari-2008-korwa:Korwa
jaun,,bal,hair,,bal,Appendix A.2 lexical-similarity group 1; Jaunsari,"john2008jaunsari[Appendix A.2, printed p. 40, item 3, Khanaad]",,,siljaunsari2008:g003:sil-jaunsari-2008-khanaad:i1,,,,dialect:jaun:sil-jaunsari-2008-khanaad:Khanaad
jaun,,baw,hair,,baw,Appendix A.2 lexical-similarity group 2; Jaunsari,"john2008jaunsari[Appendix A.2, printed p. 40, item 3, Chapnu]",,,siljaunsari2008:g003:sil-jaunsari-2008-chapnu:i1,,,,dialect:jaun:sil-jaunsari-2008-chapnu:Chapnu
jaun,,muːnɖou,hair,,muːnɖou,Appendix A.2 lexical-similarity group 3; Jaunsari-Bawari,"john2008jaunsari[Appendix A.2, printed p. 40, item 3, Bhandroli]",,,siljaunsari2008:g003:sil-jaunsari-2008-bhandroli:i1,,,,dialect:jaun:sil-jaunsari-2008-bhandroli:Bhandroli
jaun,,bal,hair,,bal,Appendix A.2 lexical-similarity group 1; Jaunsari-Bawari,"john2008jaunsari[Appendix A.2, printed p. 40, item 3, Maindrath]",,,siljaunsari2008:g003:sil-jaunsari-2008-maindrath:i1,,,,dialect:jaun:sil-jaunsari-2008-maindrath:Maindrath
jaun,,bal,hair,,bal,Appendix A.2 lexical-similarity group 1; Jaunsari-Garhwali border mix,"john2008jaunsari[Appendix A.2, printed p. 40, item 3, Lakhamandal]",,,siljaunsari2008:g003:sil-jaunsari-2008-lakhamandal:i1,,,,dialect:jaun:sil-jaunsari-2008-lakhamandal:Lakhamandal
jaun,,muɳɖ,hair,,muɳɖ,Appendix A.2 lexical-similarity group 3; previous Garhwali survey list,"john2008jaunsari[Appendix A.2, printed p. 40, item 3, Chakrata]",,,siljaunsari2008:g003:sil-jaunsari-2008-chakrata:i1,,,,dialect:jaun:sil-jaunsari-2008-chakrata:Chakrata
jaun,,mu,face,,mu,Appendix A.2 lexical-similarity group 1; Jaunsari,"john2008jaunsari[Appendix A.2, printed p. 40, item 4, Korwa]",,,siljaunsari2008:g004:sil-jaunsari-2008-korwa:i1,,,,dialect:jaun:sil-jaunsari-2008-korwa:Korwa
jaun,,tʃehəɾɐ,face,,tʃehəɾɐ,Appendix A.2 lexical-similarity group 3; Jaunsari,"john2008jaunsari[Appendix A.2, printed p. 40, item 4, Khanaad]",,,siljaunsari2008:g004:sil-jaunsari-2008-khanaad:i1,,,,dialect:jaun:sil-jaunsari-2008-khanaad:Khanaad
jaun,,mu,face,,mu,Appendix A.2 lexical-similarity group 1; Jaunsari,"john2008jaunsari[Appendix A.2, printed p. 40, item 4, Chapnu]",,,siljaunsari2008:g004:sil-jaunsari-2008-chapnu:i1,,,,dialect:jaun:sil-jaunsari-2008-chapnu:Chapnu
jaun,,mu,face,,mu,Appendix A.2 lexical-similarity group 1; Jaunsari-Bawari,"john2008jaunsari[Appendix A.2, printed p. 40, item 4, Bhandroli]",,,siljaunsari2008:g004:sil-jaunsari-2008-bhandroli:i1,,,,dialect:jaun:sil-jaunsari-2008-bhandroli:Bhandroli
jaun,,mu,face,,mu,Appendix A.2 lexical-similarity group 1; Jaunsari-Bawari,"john2008jaunsari[Appendix A.2, printed p. 40, item 4, Maindrath]",,,siljaunsari2008:g004:sil-jaunsari-2008-maindrath:i1,,,,dialect:jaun:sil-jaunsari-2008-maindrath:Maindrath
jaun,,mukh,face,,mukh,Appendix A.2 lexical-similarity group 2; Jaunsari-Garhwali border mix,"john2008jaunsari[Appendix A.2, printed p. 40, item 4, Lakhamandal]",,,siljaunsari2008:g004:sil-jaunsari-2008-lakhamandal:i1,,,,dialect:jaun:sil-jaunsari-2008-lakhamandal:Lakhamandal
jaun,,mũh,face,,mũh,Appendix A.2 lexical-similarity group 1; previous Garhwali survey list,"john2008jaunsari[Appendix A.2, printed p. 40, item 4, Chakrata]",,,siljaunsari2008:g004:sil-jaunsari-2008-chakrata:i1,,,,dialect:jaun:sil-jaunsari-2008-chakrata:Chakrata
jaun,,akh,eye,,akh,Appendix A.2 lexical-similarity group 1; Jaunsari,"john2008jaunsari[Appendix A.2, printed p. 40, item 5, Korwa]",,,siljaunsari2008:g005:sil-jaunsari-2008-korwa:i1,,,,dialect:jaun:sil-jaunsari-2008-korwa:Korwa
jaun,,akh,eye,,akh,Appendix A.2 lexical-similarity group 1; Jaunsari,"john2008jaunsari[Appendix A.2, printed p. 40, item 5, Khanaad]",,,siljaunsari2008:g005:sil-jaunsari-2008-khanaad:i1,,,,dialect:jaun:sil-jaunsari-2008-khanaad:Khanaad
jaun,,akh,eye,,akh,Appendix A.2 lexical-similarity group 1; Jaunsari,"john2008jaunsari[Appendix A.2, printed p. 40, item 5, Chapnu]",,,siljaunsari2008:g005:sil-jaunsari-2008-chapnu:i1,,,,dialect:jaun:sil-jaunsari-2008-chapnu:Chapnu
jaun,,akh,eye,,akh,Appendix A.2 lexical-similarity group 1; Jaunsari-Bawari,"john2008jaunsari[Appendix A.2, printed p. 40, item 5, Bhandroli]",,,siljaunsari2008:g005:sil-jaunsari-2008-bhandroli:i1,,,,dialect:jaun:sil-jaunsari-2008-bhandroli:Bhandroli
jaun,,akhɐ,eye,,akhɐ,Appendix A.2 lexical-similarity group 1; Jaunsari-Bawari,"john2008jaunsari[Appendix A.2, printed p. 40, item 5, Maindrath]",,,siljaunsari2008:g005:sil-jaunsari-2008-maindrath:i1,,,,dialect:jaun:sil-jaunsari-2008-maindrath:Maindrath
jaun,,akh,eye,,akh,Appendix A.2 lexical-similarity group 1; Jaunsari-Garhwali border mix,"john2008jaunsari[Appendix A.2, printed p. 40, item 5, Lakhamandal]",,,siljaunsari2008:g005:sil-jaunsari-2008-lakhamandal:i1,,,,dialect:jaun:sil-jaunsari-2008-lakhamandal:Lakhamandal
jaun,,akhə,eye,,akhə,Appendix A.2 lexical-similarity group 1; previous Garhwali survey list,"john2008jaunsari[Appendix A.2, printed p. 40, item 5, Chakrata]",,,siljaunsari2008:g005:sil-jaunsari-2008-chakrata:i1,,,,dialect:jaun:sil-jaunsari-2008-chakrata:Chakrata
jaun,,kan,ear,,kan,Appendix A.2 lexical-similarity group 1; Jaunsari,"john2008jaunsari[Appendix A.2, printed p. 40, item 6, Korwa]",,,siljaunsari2008:g006:sil-jaunsari-2008-korwa:i1,,,,dialect:jaun:sil-jaunsari-2008-korwa:Korwa
jaun,,kan,ear,,kan,Appendix A.2 lexical-similarity group 1; Jaunsari,"john2008jaunsari[Appendix A.2, printed p. 40, item 6, Khanaad]",,,siljaunsari2008:g006:sil-jaunsari-2008-khanaad:i1,,,,dialect:jaun:sil-jaunsari-2008-khanaad:Khanaad
jaun,,kan,ear,,kan,Appendix A.2 lexical-similarity group 1; Jaunsari,"john2008jaunsari[Appendix A.2, printed p. 40, item 6, Chapnu]",,,siljaunsari2008:g006:sil-jaunsari-2008-chapnu:i1,,,,dialect:jaun:sil-jaunsari-2008-chapnu:Chapnu
jaun,,kan,ear,,kan,Appendix A.2 lexical-similarity group 1; Jaunsari-Bawari,"john2008jaunsari[Appendix A.2, printed p. 40, item 6, Bhandroli]",,,siljaunsari2008:g006:sil-jaunsari-2008-bhandroli:i1,,,,dialect:jaun:sil-jaunsari-2008-bhandroli:Bhandroli
jaun,,kan,ear,,kan,Appendix A.2 lexical-similarity group 1; Jaunsari-Bawari,"john2008jaunsari[Appendix A.2, printed p. 40, item 6, Maindrath]",,,siljaunsari2008:g006:sil-jaunsari-2008-maindrath:i1,,,,dialect:jaun:sil-jaunsari-2008-maindrath:Maindrath
jaun,,kan,ear,,kan,Appendix A.2 lexical-similarity group 1; Jaunsari-Garhwali border mix,"john2008jaunsari[Appendix A.2, printed p. 40, item 6, Lakhamandal]",,,siljaunsari2008:g006:sil-jaunsari-2008-lakhamandal:i1,,,,dialect:jaun:sil-jaunsari-2008-lakhamandal:Lakhamandal
jaun,,kan,ear,,kan,Appendix A.2 lexical-similarity group 1; previous Garhwali survey list,"john2008jaunsari[Appendix A.2, printed p. 40, item 6, Chakrata]",,,siljaunsari2008:g006:sil-jaunsari-2008-chakrata:i1,,,,dialect:jaun:sil-jaunsari-2008-chakrata:Chakrata
jaun,,nak,nose,,nak,Appendix A.2 lexical-similarity group 1; Jaunsari,"john2008jaunsari[Appendix A.2, printed p. 41, item 7, Korwa]",,,siljaunsari2008:g007:sil-jaunsari-2008-korwa:i1,,,,dialect:jaun:sil-jaunsari-2008-korwa:Korwa
jaun,,nak,nose,,nak,Appendix A.2 lexical-similarity group 1; Jaunsari,"john2008jaunsari[Appendix A.2, printed p. 41, item 7, Khanaad]",,,siljaunsari2008:g007:sil-jaunsari-2008-khanaad:i1,,,,dialect:jaun:sil-jaunsari-2008-khanaad:Khanaad
jaun,,nak,nose,,nak,Appendix A.2 lexical-similarity group 1; Jaunsari,"john2008jaunsari[Appendix A.2, printed p. 41, item 7, Chapnu]",,,siljaunsari2008:g007:sil-jaunsari-2008-chapnu:i1,,,,dialect:jaun:sil-jaunsari-2008-chapnu:Chapnu
jaun,,nak,nose,,nak,Appendix A.2 lexical-similarity group 1; Jaunsari-Bawari,"john2008jaunsari[Appendix A.2, printed p. 41, item 7, Bhandroli]",,,siljaunsari2008:g007:sil-jaunsari-2008-bhandroli:i1,,,,dialect:jaun:sil-jaunsari-2008-bhandroli:Bhandroli
jaun,,nak,nose,,nak,Appendix A.2 lexical-similarity group 1; Jaunsari-Bawari,"john2008jaunsari[Appendix A.2, printed p. 41, item 7, Maindrath]",,,siljaunsari2008:g007:sil-jaunsari-2008-maindrath:i1,,,,dialect:jaun:sil-jaunsari-2008-maindrath:Maindrath
jaun,,nak,nose,,nak,Appendix A.2 lexical-similarity group 1; Jaunsari-Garhwali border mix,"john2008jaunsari[Appendix A.2, printed p. 41, item 7, Lakhamandal]",,,siljaunsari2008:g007:sil-jaunsari-2008-lakhamandal:i1,,,,dialect:jaun:sil-jaunsari-2008-lakhamandal:Lakhamandal
jaun,,nak,nose,,nak,Appendix A.2 lexical-similarity group 1; previous Garhwali survey list,"john2008jaunsari[Appendix A.2, printed p. 41, item 7, Chakrata]",,,siljaunsari2008:g007:sil-jaunsari-2008-chakrata:i1,,,,dialect:jaun:sil-jaunsari-2008-chakrata:Chakrata
jaun,,kha,mouth,,kha,Appendix A.2 lexical-similarity group 2; Jaunsari,"john2008jaunsari[Appendix A.2, printed p. 41, item 8, Korwa]",,,siljaunsari2008:g008:sil-jaunsari-2008-korwa:i1,,,,dialect:jaun:sil-jaunsari-2008-korwa:Korwa
jaun,,mũh,mouth,,mũh,Appendix A.2 lexical-similarity group 1; Jaunsari,"john2008jaunsari[Appendix A.2, printed p. 41, item 8, Khanaad]",,,siljaunsari2008:g008:sil-jaunsari-2008-khanaad:i1,,,,dialect:jaun:sil-jaunsari-2008-khanaad:Khanaad
jaun,,khab,mouth,,khab,Appendix A.2 lexical-similarity group 2; Jaunsari,"john2008jaunsari[Appendix A.2, printed p. 41, item 8, Khanaad]",,,siljaunsari2008:g008:sil-jaunsari-2008-khanaad:i2,,,,dialect:jaun:sil-jaunsari-2008-khanaad:Khanaad
jaun,,muː,mouth,,muː,Appendix A.2 lexical-similarity group 1; Jaunsari,"john2008jaunsari[Appendix A.2, printed p. 41, item 8, Chapnu]",,,siljaunsari2008:g008:sil-jaunsari-2008-chapnu:i1,,,,dialect:jaun:sil-jaunsari-2008-chapnu:Chapnu
jaun,,khab,mouth,,khab,Appendix A.2 lexical-similarity group 2; Jaunsari-Bawari,"john2008jaunsari[Appendix A.2, printed p. 41, item 8, Bhandroli]",,,siljaunsari2008:g008:sil-jaunsari-2008-bhandroli:i1,,,,dialect:jaun:sil-jaunsari-2008-bhandroli:Bhandroli
jaun,,khab,mouth,,khab,Appendix A.2 lexical-similarity group 2; Jaunsari-Bawari,"john2008jaunsari[Appendix A.2, printed p. 41, item 8, Maindrath]",,,siljaunsari2008:g008:sil-jaunsari-2008-maindrath:i1,,,,dialect:jaun:sil-jaunsari-2008-maindrath:Maindrath
jaun,,khab,mouth,,khab,Appendix A.2 lexical-similarity group 2; Jaunsari-Garhwali border mix,"john2008jaunsari[Appendix A.2, printed p. 41, item 8, Lakhamandal]",,,siljaunsari2008:g008:sil-jaunsari-2008-lakhamandal:i1,,,,dialect:jaun:sil-jaunsari-2008-lakhamandal:Lakhamandal
jaun,,mũh,mouth,,mũh,Appendix A.2 lexical-similarity group 1; previous Garhwali survey list,"john2008jaunsari[Appendix A.2, printed p. 41, item 8, Chakrata]",,,siljaunsari2008:g008:sil-jaunsari-2008-chakrata:i1,,,,dialect:jaun:sil-jaunsari-2008-chakrata:Chakrata
jaun,,d̪ant̪,tooth,,d̪ant̪,Appendix A.2 lexical-similarity group 1; Jaunsari,"john2008jaunsari[Appendix A.2, printed p. 41, item 9, Korwa]",,,siljaunsari2008:g009:sil-jaunsari-2008-korwa:i1,,,,dialect:jaun:sil-jaunsari-2008-korwa:Korwa
jaun,,d̪ant̪,tooth,,d̪ant̪,Appendix A.2 lexical-similarity group 1; Jaunsari,"john2008jaunsari[Appendix A.2, printed p. 41, item 9, Khanaad]",,,siljaunsari2008:g009:sil-jaunsari-2008-khanaad:i1,,,,dialect:jaun:sil-jaunsari-2008-khanaad:Khanaad
jaun,,d̪ant̪,tooth,,d̪ant̪,Appendix A.2 lexical-similarity group 1; Jaunsari,"john2008jaunsari[Appendix A.2, printed p. 41, item 9, Chapnu]",,,siljaunsari2008:g009:sil-jaunsari-2008-chapnu:i1,,,,dialect:jaun:sil-jaunsari-2008-chapnu:Chapnu
jaun,,d̪ant̪,tooth,,d̪ant̪,Appendix A.2 lexical-similarity group 1; Jaunsari-Bawari,"john2008jaunsari[Appendix A.2, printed p. 41, item 9, Bhandroli]",,,siljaunsari2008:g009:sil-jaunsari-2008-bhandroli:i1,,,,dialect:jaun:sil-jaunsari-2008-bhandroli:Bhandroli
jaun,,d̪ant̪,tooth,,d̪ant̪,Appendix A.2 lexical-similarity group 1; Jaunsari-Bawari,"john2008jaunsari[Appendix A.2, printed p. 41, item 9, Maindrath]",,,siljaunsari2008:g009:sil-jaunsari-2008-maindrath:i1,,,,dialect:jaun:sil-jaunsari-2008-maindrath:Maindrath
jaun,,d̪ant̪,tooth,,d̪ant̪,Appendix A.2 lexical-similarity group 1; Jaunsari-Garhwali border mix,"john2008jaunsari[Appendix A.2, printed p. 41, item 9, Lakhamandal]",,,siljaunsari2008:g009:sil-jaunsari-2008-lakhamandal:i1,,,,dialect:jaun:sil-jaunsari-2008-lakhamandal:Lakhamandal
jaun,,d̪ãnd̪,tooth,,d̪ãnd̪,Appendix A.2 lexical-similarity group 1; previous Garhwali survey list,"john2008jaunsari[Appendix A.2, printed p. 41, item 9, Chakrata]",,,siljaunsari2008:g009:sil-jaunsari-2008-chakrata:i1,,,,dialect:jaun:sil-jaunsari-2008-chakrata:Chakrata
jaun,,dʒib,tongue,,dʒib,Appendix A.2 lexical-similarity group 1; Jaunsari,"john2008jaunsari[Appendix A.2, printed p. 41, item 10, Korwa]",,,siljaunsari2008:g010:sil-jaunsari-2008-korwa:i1,,,,dialect:jaun:sil-jaunsari-2008-korwa:Korwa
jaun,,dʒib,tongue,,dʒib,Appendix A.2 lexical-similarity group 1; Jaunsari,"john2008jaunsari[Appendix A.2, printed p. 41, item 10, Khanaad]",,,siljaunsari2008:g010:sil-jaunsari-2008-khanaad:i1,,,,dialect:jaun:sil-jaunsari-2008-khanaad:Khanaad
jaun,,dʒibɦ,tongue,,dʒibɦ,Appendix A.2 lexical-similarity group 1; Jaunsari,"john2008jaunsari[Appendix A.2, printed p. 41, item 10, Chapnu]",,,siljaunsari2008:g010:sil-jaunsari-2008-chapnu:i1,,,,dialect:jaun:sil-jaunsari-2008-chapnu:Chapnu
jaun,,dʒib,tongue,,dʒib,Appendix A.2 lexical-similarity group 1; Jaunsari-Bawari,"john2008jaunsari[Appendix A.2, printed p. 41, item 10, Bhandroli]",,,siljaunsari2008:g010:sil-jaunsari-2008-bhandroli:i1,,,,dialect:jaun:sil-jaunsari-2008-bhandroli:Bhandroli
jaun,,dʒib,tongue,,dʒib,Appendix A.2 lexical-similarity group 1; Jaunsari-Bawari,"john2008jaunsari[Appendix A.2, printed p. 41, item 10, Maindrath]",,,siljaunsari2008:g010:sil-jaunsari-2008-maindrath:i1,,,,dialect:jaun:sil-jaunsari-2008-maindrath:Maindrath
jaun,,dʒib,tongue,,dʒib,Appendix A.2 lexical-similarity group 1; Jaunsari-Garhwali border mix,"john2008jaunsari[Appendix A.2, printed p. 41, item 10, Lakhamandal]",,,siljaunsari2008:g010:sil-jaunsari-2008-lakhamandal:i1,,,,dialect:jaun:sil-jaunsari-2008-lakhamandal:Lakhamandal
jaun,,dʒibɦ,tongue,,dʒibɦ,Appendix A.2 lexical-similarity group 1; previous Garhwali survey list,"john2008jaunsari[Appendix A.2, printed p. 41, item 10, Chakrata]",,,siljaunsari2008:g010:sil-jaunsari-2008-chakrata:i1,,,,dialect:jaun:sil-jaunsari-2008-chakrata:Chakrata
jaun,,gɦeɾ,belly,,gɦeɾ,Appendix A.2 lexical-similarity group 2; Jaunsari,"john2008jaunsari[Appendix A.2, printed p. 41, item 12, Korwa]",,,siljaunsari2008:g012:sil-jaunsari-2008-korwa:i1,,,,dialect:jaun:sil-jaunsari-2008-korwa:Korwa
jaun,,gɦeɾ,belly,,gɦeɾ,Appendix A.2 lexical-similarity group 2; Jaunsari,"john2008jaunsari[Appendix A.2, printed p. 41, item 12, Khanaad]",,,siljaunsari2008:g012:sil-jaunsari-2008-khanaad:i1,,,,dialect:jaun:sil-jaunsari-2008-khanaad:Khanaad
jaun,,gɦeɾ,belly,,gɦeɾ,Appendix A.2 lexical-similarity group 2; Jaunsari,"john2008jaunsari[Appendix A.2, printed p. 41, item 12, Chapnu]",,,siljaunsari2008:g012:sil-jaunsari-2008-chapnu:i1,,,,dialect:jaun:sil-jaunsari-2008-chapnu:Chapnu
jaun,,pend̪,belly,,pend̪,Appendix A.2 lexical-similarity group 1; Jaunsari-Bawari,"john2008jaunsari[Appendix A.2, printed p. 41, item 12, Bhandroli]",,,siljaunsari2008:g012:sil-jaunsari-2008-bhandroli:i1,,,,dialect:jaun:sil-jaunsari-2008-bhandroli:Bhandroli
jaun,,peɳɖ,belly,,peɳɖ,Appendix A.2 lexical-similarity group 1; Jaunsari-Bawari,"john2008jaunsari[Appendix A.2, printed p. 41, item 12, Maindrath]",,,siljaunsari2008:g012:sil-jaunsari-2008-maindrath:i1,,,,dialect:jaun:sil-jaunsari-2008-maindrath:Maindrath
jaun,,peʈ,belly,,peʈ,Appendix A.2 lexical-similarity group 1; Jaunsari-Garhwali border mix,"john2008jaunsari[Appendix A.2, printed p. 41, item 12, Lakhamandal]",,,siljaunsari2008:g012:sil-jaunsari-2008-lakhamandal:i1,,,,dialect:jaun:sil-jaunsari-2008-lakhamandal:Lakhamandal
jaun,,gɦeɾ,belly,,gɦeɾ,Appendix A.2 lexical-similarity group 2; Jaunsari-Garhwali border mix,"john2008jaunsari[Appendix A.2, printed p. 41, item 12, Lakhamandal]",,,siljaunsari2008:g012:sil-jaunsari-2008-lakhamandal:i2,,,,dialect:jaun:sil-jaunsari-2008-lakhamandal:Lakhamandal
jaun,,gɛɾ,belly,,gɛɾ,Appendix A.2 lexical-similarity group 2; previous Garhwali survey list,"john2008jaunsari[Appendix A.2, printed p. 41, item 12, Chakrata]",,,siljaunsari2008:g012:sil-jaunsari-2008-chakrata:i1,,,,dialect:jaun:sil-jaunsari-2008-chakrata:Chakrata
jaun,,bah,arm,,bah,Appendix A.2 lexical-similarity group 2; Jaunsari,"john2008jaunsari[Appendix A.2, printed p. 41, item 13, Korwa]",,,siljaunsari2008:g013:sil-jaunsari-2008-korwa:i1,,,,dialect:jaun:sil-jaunsari-2008-korwa:Korwa
jaun,,hat̪,arm,,hat̪,Appendix A.2 lexical-similarity group 1; Jaunsari,"john2008jaunsari[Appendix A.2, printed p. 41, item 13, Khanaad]",,,siljaunsari2008:g013:sil-jaunsari-2008-khanaad:i1,,,,dialect:jaun:sil-jaunsari-2008-khanaad:Khanaad
jaun,,bah,arm,,bah,Appendix A.2 lexical-similarity group 2; Jaunsari,"john2008jaunsari[Appendix A.2, printed p. 41, item 13, Khanaad]",,,siljaunsari2008:g013:sil-jaunsari-2008-khanaad:i2,,,,dialect:jaun:sil-jaunsari-2008-khanaad:Khanaad
jaun,,baw,arm,,baw,Appendix A.2 lexical-similarity group 2; Jaunsari,"john2008jaunsari[Appendix A.2, printed p. 41, item 13, Chapnu]",,,siljaunsari2008:g013:sil-jaunsari-2008-chapnu:i1,,,,dialect:jaun:sil-jaunsari-2008-chapnu:Chapnu
jaun,,bah,arm,,bah,Appendix A.2 lexical-similarity group 2; Jaunsari-Bawari,"john2008jaunsari[Appendix A.2, printed p. 41, item 13, Bhandroli]",,,siljaunsari2008:g013:sil-jaunsari-2008-bhandroli:i1,,,,dialect:jaun:sil-jaunsari-2008-bhandroli:Bhandroli
jaun,,hat̪,arm,,hat̪,Appendix A.2 lexical-similarity group 1; Jaunsari-Bawari,"john2008jaunsari[Appendix A.2, printed p. 41, item 13, Maindrath]",,,siljaunsari2008:g013:sil-jaunsari-2008-maindrath:i1,,,,dialect:jaun:sil-jaunsari-2008-maindrath:Maindrath
jaun,,hat̪,arm,,hat̪,Appendix A.2 lexical-similarity group 1; Jaunsari-Garhwali border mix,"john2008jaunsari[Appendix A.2, printed p. 41, item 13, Lakhamandal]",,,siljaunsari2008:g013:sil-jaunsari-2008-lakhamandal:i1,,,,dialect:jaun:sil-jaunsari-2008-lakhamandal:Lakhamandal
jaun,,bah,arm,,bah,Appendix A.2 lexical-similarity group 2; Jaunsari-Garhwali border mix,"john2008jaunsari[Appendix A.2, printed p. 41, item 13, Lakhamandal]",,,siljaunsari2008:g013:sil-jaunsari-2008-lakhamandal:i2,,,,dialect:jaun:sil-jaunsari-2008-lakhamandal:Lakhamandal
jaun,,bãi,arm,,bãi,Appendix A.2 lexical-similarity group 2; previous Garhwali survey list,"john2008jaunsari[Appendix A.2, printed p. 41, item 13, Chakrata]",,,siljaunsari2008:g013:sil-jaunsari-2008-chakrata:i1,,,,dialect:jaun:sil-jaunsari-2008-chakrata:Chakrata
jaun,,kuni,elbow,,kuni,Appendix A.2 lexical-similarity group 1; Jaunsari,"john2008jaunsari[Appendix A.2, printed p. 42, item 14, Korwa]",,,siljaunsari2008:g014:sil-jaunsari-2008-korwa:i1,,,,dialect:jaun:sil-jaunsari-2008-korwa:Korwa
jaun,,khuɳi,elbow,,khuɳi,Appendix A.2 lexical-similarity group 1; Jaunsari,"john2008jaunsari[Appendix A.2, printed p. 42, item 14, Khanaad]",,,siljaunsari2008:g014:sil-jaunsari-2008-khanaad:i1,,,,dialect:jaun:sil-jaunsari-2008-khanaad:Khanaad
jaun,,kuɳi,elbow,,kuɳi,Appendix A.2 lexical-similarity group 1; Jaunsari,"john2008jaunsari[Appendix A.2, printed p. 42, item 14, Chapnu]",,,siljaunsari2008:g014:sil-jaunsari-2008-chapnu:i1,,,,dialect:jaun:sil-jaunsari-2008-chapnu:Chapnu
jaun,,kuni,elbow,,kuni,Appendix A.2 lexical-similarity group 1; Jaunsari-Bawari,"john2008jaunsari[Appendix A.2, printed p. 42, item 14, Bhandroli]",,,siljaunsari2008:g014:sil-jaunsari-2008-bhandroli:i1,,,,dialect:jaun:sil-jaunsari-2008-bhandroli:Bhandroli
jaun,,kujɳi,elbow,,kujɳi,Appendix A.2 lexical-similarity group 1; Jaunsari-Bawari,"john2008jaunsari[Appendix A.2, printed p. 42, item 14, Maindrath]",,,siljaunsari2008:g014:sil-jaunsari-2008-maindrath:i1,,,,dialect:jaun:sil-jaunsari-2008-maindrath:Maindrath
jaun,,khuɳi,elbow,,khuɳi,Appendix A.2 lexical-similarity group 1; Jaunsari-Garhwali border mix,"john2008jaunsari[Appendix A.2, printed p. 42, item 14, Lakhamandal]",,,siljaunsari2008:g014:sil-jaunsari-2008-lakhamandal:i1,,,,dialect:jaun:sil-jaunsari-2008-lakhamandal:Lakhamandal
jaun,,kuni,elbow,,kuni,Appendix A.2 lexical-similarity group 1; previous Garhwali survey list,"john2008jaunsari[Appendix A.2, printed p. 42, item 14, Chakrata]",,,siljaunsari2008:g014:sil-jaunsari-2008-chakrata:i1,,,,dialect:jaun:sil-jaunsari-2008-chakrata:Chakrata
jaun,,hɐt̪əni,palm,,hɐt̪əni,Appendix A.2 lexical-similarity group 1; Jaunsari,"john2008jaunsari[Appendix A.2, printed p. 42, item 15, Korwa]",,,siljaunsari2008:g015:sil-jaunsari-2008-korwa:i1,,,,dialect:jaun:sil-jaunsari-2008-korwa:Korwa
jaun,,hɐt̪əni,palm,,hɐt̪əni,Appendix A.2 lexical-similarity group 2; Jaunsari,"john2008jaunsari[Appendix A.2, printed p. 42, item 15, Korwa]",,,siljaunsari2008:g015:sil-jaunsari-2008-korwa:i2,,,,dialect:jaun:sil-jaunsari-2008-korwa:Korwa
jaun,,hɐt̪əni,palm,,hɐt̪əni,Appendix A.2 lexical-similarity group 1; Jaunsari,"john2008jaunsari[Appendix A.2, printed p. 42, item 15, Khanaad]",,,siljaunsari2008:g015:sil-jaunsari-2008-khanaad:i1,,,,dialect:jaun:sil-jaunsari-2008-khanaad:Khanaad
jaun,,hɐt̪əni,palm,,hɐt̪əni,Appendix A.2 lexical-similarity group 2; Jaunsari,"john2008jaunsari[Appendix A.2, printed p. 42, item 15, Khanaad]",,,siljaunsari2008:g015:sil-jaunsari-2008-khanaad:i2,,,,dialect:jaun:sil-jaunsari-2008-khanaad:Khanaad
jaun,,hat̪,palm,,hat̪,Appendix A.2 lexical-similarity group 2; Jaunsari,"john2008jaunsari[Appendix A.2, printed p. 42, item 15, Chapnu]",,,siljaunsari2008:g015:sil-jaunsari-2008-chapnu:i1,,,,dialect:jaun:sil-jaunsari-2008-chapnu:Chapnu
jaun,,ɔt̪eli,palm,,ɔt̪eli,Appendix A.2 lexical-similarity group 1; Jaunsari-Bawari,"john2008jaunsari[Appendix A.2, printed p. 42, item 15, Bhandroli]",,,siljaunsari2008:g015:sil-jaunsari-2008-bhandroli:i1,,,,dialect:jaun:sil-jaunsari-2008-bhandroli:Bhandroli
jaun,,hɐt̪eli,palm,,hɐt̪eli,Appendix A.2 lexical-similarity group 1; Jaunsari-Bawari,"john2008jaunsari[Appendix A.2, printed p. 42, item 15, Maindrath]",,,siljaunsari2008:g015:sil-jaunsari-2008-maindrath:i1,,,,dialect:jaun:sil-jaunsari-2008-maindrath:Maindrath
jaun,,hɐt̪eli,palm,,hɐt̪eli,Appendix A.2 lexical-similarity group 2; Jaunsari-Bawari,"john2008jaunsari[Appendix A.2, printed p. 42, item 15, Maindrath]",,,siljaunsari2008:g015:sil-jaunsari-2008-maindrath:i2,,,,dialect:jaun:sil-jaunsari-2008-maindrath:Maindrath
jaun,,hɐt̪anɐli,palm,,hɐt̪anɐli,Appendix A.2 lexical-similarity group 2; Jaunsari-Bawari,"john2008jaunsari[Appendix A.2, printed p. 42, item 15, Maindrath]",,,siljaunsari2008:g015:sil-jaunsari-2008-maindrath:i3,,,,dialect:jaun:sil-jaunsari-2008-maindrath:Maindrath
jaun,,hɐt̪eli,palm,,hɐt̪eli,Appendix A.2 lexical-similarity group 1; Jaunsari-Garhwali border mix,"john2008jaunsari[Appendix A.2, printed p. 42, item 15, Lakhamandal]",,,siljaunsari2008:g015:sil-jaunsari-2008-lakhamandal:i1,,,,dialect:jaun:sil-jaunsari-2008-lakhamandal:Lakhamandal
jaun,,hɐt̪eli,palm,,hɐt̪eli,Appendix A.2 lexical-similarity group 2; Jaunsari-Garhwali border mix,"john2008jaunsari[Appendix A.2, printed p. 42, item 15, Lakhamandal]",,,siljaunsari2008:g015:sil-jaunsari-2008-lakhamandal:i2,,,,dialect:jaun:sil-jaunsari-2008-lakhamandal:Lakhamandal
jaun,,hat̪,palm,,hat̪,Appendix A.2 lexical-similarity group 2; previous Garhwali survey list,"john2008jaunsari[Appendix A.2, printed p. 42, item 15, Chakrata]",,,siljaunsari2008:g015:sil-jaunsari-2008-chakrata:i1,,,,dialect:jaun:sil-jaunsari-2008-chakrata:Chakrata
jaun,,guʈhi,finger,,guʈhi,Appendix A.2 lexical-similarity group 2; Jaunsari,"john2008jaunsari[Appendix A.2, printed p. 42, item 16, Korwa]",,,siljaunsari2008:g016:sil-jaunsari-2008-korwa:i1,,,,dialect:jaun:sil-jaunsari-2008-korwa:Korwa
jaun,,guʈhi,finger,,guʈhi,Appendix A.2 lexical-similarity group 2; Jaunsari,"john2008jaunsari[Appendix A.2, printed p. 42, item 16, Khanaad]",,,siljaunsari2008:g016:sil-jaunsari-2008-khanaad:i1,,,,dialect:jaun:sil-jaunsari-2008-khanaad:Khanaad
jaun,,guʈhi,finger,,guʈhi,Appendix A.2 lexical-similarity group 2; Jaunsari,"john2008jaunsari[Appendix A.2, printed p. 42, item 16, Chapnu]",,,siljaunsari2008:g016:sil-jaunsari-2008-chapnu:i1,,,,dialect:jaun:sil-jaunsari-2008-chapnu:Chapnu
jaun,,guʈhi,finger,,guʈhi,Appendix A.2 lexical-similarity group 2; Jaunsari-Bawari,"john2008jaunsari[Appendix A.2, printed p. 42, item 16, Bhandroli]",,,siljaunsari2008:g016:sil-jaunsari-2008-bhandroli:i1,,,,dialect:jaun:sil-jaunsari-2008-bhandroli:Bhandroli
jaun,,guʈhi,finger,,guʈhi,Appendix A.2 lexical-similarity group 2; Jaunsari-Bawari,"john2008jaunsari[Appendix A.2, printed p. 42, item 16, Maindrath]",,,siljaunsari2008:g016:sil-jaunsari-2008-maindrath:i1,,,,dialect:jaun:sil-jaunsari-2008-maindrath:Maindrath
jaun,,guʈhi,finger,,guʈhi,Appendix A.2 lexical-similarity group 2; Jaunsari-Garhwali border mix,"john2008jaunsari[Appendix A.2, printed p. 42, item 16, Lakhamandal]",,,siljaunsari2008:g016:sil-jaunsari-2008-lakhamandal:i1,,,,dialect:jaun:sil-jaunsari-2008-lakhamandal:Lakhamandal
jaun,,guʈija,finger,,guʈija,Appendix A.2 lexical-similarity group 2; previous Garhwali survey list,"john2008jaunsari[Appendix A.2, printed p. 42, item 16, Chakrata]",,,siljaunsari2008:g016:sil-jaunsari-2008-chakrata:i1,,,,dialect:jaun:sil-jaunsari-2008-chakrata:Chakrata
jaun,,nɐkh,fingernail,,nɐkh,Appendix A.2 lexical-similarity group 1; Jaunsari,"john2008jaunsari[Appendix A.2, printed p. 42, item 17, Korwa]",,,siljaunsari2008:g017:sil-jaunsari-2008-korwa:i1,,,,dialect:jaun:sil-jaunsari-2008-korwa:Korwa
jaun,,nɐkh,fingernail,,nɐkh,Appendix A.2 lexical-similarity group 2; Jaunsari,"john2008jaunsari[Appendix A.2, printed p. 42, item 17, Korwa]",,,siljaunsari2008:g017:sil-jaunsari-2008-korwa:i2,,,,dialect:jaun:sil-jaunsari-2008-korwa:Korwa
jaun,,nɔg,fingernail,,nɔg,Appendix A.2 lexical-similarity group 1; Jaunsari,"john2008jaunsari[Appendix A.2, printed p. 42, item 17, Khanaad]",,,siljaunsari2008:g017:sil-jaunsari-2008-khanaad:i1,,,,dialect:jaun:sil-jaunsari-2008-khanaad:Khanaad
jaun,,nɔg,fingernail,,nɔg,Appendix A.2 lexical-similarity group 1; Jaunsari,"john2008jaunsari[Appendix A.2, printed p. 42, item 17, Chapnu]",,,siljaunsari2008:g017:sil-jaunsari-2008-chapnu:i1,,,,dialect:jaun:sil-jaunsari-2008-chapnu:Chapnu
jaun,,nɔg,fingernail,,nɔg,Appendix A.2 lexical-similarity group 1; Jaunsari-Bawari,"john2008jaunsari[Appendix A.2, printed p. 42, item 17, Bhandroli]",,,siljaunsari2008:g017:sil-jaunsari-2008-bhandroli:i1,,,,dialect:jaun:sil-jaunsari-2008-bhandroli:Bhandroli
jaun,,nɐg,fingernail,,nɐg,Appendix A.2 lexical-similarity group 1; Jaunsari-Bawari,"john2008jaunsari[Appendix A.2, printed p. 42, item 17, Maindrath]",,,siljaunsari2008:g017:sil-jaunsari-2008-maindrath:i1,,,,dialect:jaun:sil-jaunsari-2008-maindrath:Maindrath
jaun,,nɐkh,fingernail,,nɐkh,Appendix A.2 lexical-similarity group 1; Jaunsari-Garhwali border mix,"john2008jaunsari[Appendix A.2, printed p. 42, item 17, Lakhamandal]",,,siljaunsari2008:g017:sil-jaunsari-2008-lakhamandal:i1,,,,dialect:jaun:sil-jaunsari-2008-lakhamandal:Lakhamandal
jaun,,nɐkh,fingernail,,nɐkh,Appendix A.2 lexical-similarity group 2; Jaunsari-Garhwali border mix,"john2008jaunsari[Appendix A.2, printed p. 42, item 17, Lakhamandal]",,,siljaunsari2008:g017:sil-jaunsari-2008-lakhamandal:i2,,,,dialect:jaun:sil-jaunsari-2008-lakhamandal:Lakhamandal
jaun,,nɔg,fingernail,,nɔg,Appendix A.2 lexical-similarity group 1; previous Garhwali survey list,"john2008jaunsari[Appendix A.2, printed p. 42, item 17, Chakrata]",,,siljaunsari2008:g017:sil-jaunsari-2008-chakrata:i1,,,,dialect:jaun:sil-jaunsari-2008-chakrata:Chakrata
jaun,,ʈaŋ,leg,,ʈaŋ,Appendix A.2 lexical-similarity group 2; Jaunsari,"john2008jaunsari[Appendix A.2, printed p. 42, item 18, Korwa]",,,siljaunsari2008:g018:sil-jaunsari-2008-korwa:i1,,,,dialect:jaun:sil-jaunsari-2008-korwa:Korwa
jaun,,ʈaŋ,leg,,ʈaŋ,Appendix A.2 lexical-similarity group 2; Jaunsari,"john2008jaunsari[Appendix A.2, printed p. 42, item 18, Khanaad]",,,siljaunsari2008:g018:sil-jaunsari-2008-khanaad:i1,,,,dialect:jaun:sil-jaunsari-2008-khanaad:Khanaad
jaun,,ʈaŋ,leg,,ʈaŋ,Appendix A.2 lexical-similarity group 2; Jaunsari,"john2008jaunsari[Appendix A.2, printed p. 42, item 18, Chapnu]",,,siljaunsari2008:g018:sil-jaunsari-2008-chapnu:i1,,,,dialect:jaun:sil-jaunsari-2008-chapnu:Chapnu
jaun,,ʈaŋ,leg,,ʈaŋ,Appendix A.2 lexical-similarity group 2; Jaunsari-Bawari,"john2008jaunsari[Appendix A.2, printed p. 42, item 18, Bhandroli]",,,siljaunsari2008:g018:sil-jaunsari-2008-bhandroli:i1,,,,dialect:jaun:sil-jaunsari-2008-bhandroli:Bhandroli
jaun,,bɐŋgəɳə,leg,,bɐŋgəɳə,Appendix A.2 lexical-similarity group 3; Jaunsari-Bawari,"john2008jaunsari[Appendix A.2, printed p. 42, item 18, Maindrath]",,,siljaunsari2008:g018:sil-jaunsari-2008-maindrath:i1,,,,dialect:jaun:sil-jaunsari-2008-maindrath:Maindrath
jaun,,ʈaŋ,leg,,ʈaŋ,Appendix A.2 lexical-similarity group 2; Jaunsari-Garhwali border mix,"john2008jaunsari[Appendix A.2, printed p. 42, item 18, Lakhamandal]",,,siljaunsari2008:g018:sil-jaunsari-2008-lakhamandal:i1,,,,dialect:jaun:sil-jaunsari-2008-lakhamandal:Lakhamandal
jaun,,ʈaŋ,leg,,ʈaŋ,Appendix A.2 lexical-similarity group 2; previous Garhwali survey list,"john2008jaunsari[Appendix A.2, printed p. 42, item 18, Chakrata]",,,siljaunsari2008:g018:sil-jaunsari-2008-chakrata:i1,,,,dialect:jaun:sil-jaunsari-2008-chakrata:Chakrata
jaun,,ɠhal,skin,,ɠhal,Appendix A.2 lexical-similarity group 1; Jaunsari,"john2008jaunsari[Appendix A.2, printed p. 43, item 19, Korwa]",,,siljaunsari2008:g019:sil-jaunsari-2008-korwa:i1,,,,dialect:jaun:sil-jaunsari-2008-korwa:Korwa
jaun,,ɠhal,skin,,ɠhal,Appendix A.2 lexical-similarity group 1; Jaunsari,"john2008jaunsari[Appendix A.2, printed p. 43, item 19, Khanaad]",,,siljaunsari2008:g019:sil-jaunsari-2008-khanaad:i1,,,,dialect:jaun:sil-jaunsari-2008-khanaad:Khanaad
jaun,,tʃɐməɖɐ,skin,,tʃɐməɖɐ,Appendix A.2 lexical-similarity group 2; Jaunsari,"john2008jaunsari[Appendix A.2, printed p. 43, item 19, Khanaad]",,,siljaunsari2008:g019:sil-jaunsari-2008-khanaad:i2,,,,dialect:jaun:sil-jaunsari-2008-khanaad:Khanaad
jaun,,tʃɐməɖɐ,skin,,tʃɐməɖɐ,Appendix A.2 lexical-similarity group 3; Jaunsari,"john2008jaunsari[Appendix A.2, printed p. 43, item 19, Khanaad]",,,siljaunsari2008:g019:sil-jaunsari-2008-khanaad:i3,,,,dialect:jaun:sil-jaunsari-2008-khanaad:Khanaad
jaun,,tʃɐməɖɐ,skin,,tʃɐməɖɐ,Appendix A.2 lexical-similarity group 2; Jaunsari,"john2008jaunsari[Appendix A.2, printed p. 43, item 19, Chapnu]",,,siljaunsari2008:g019:sil-jaunsari-2008-chapnu:i1,,,,dialect:jaun:sil-jaunsari-2008-chapnu:Chapnu
jaun,,tʃɐməɖɐ,skin,,tʃɐməɖɐ,Appendix A.2 lexical-similarity group 3; Jaunsari,"john2008jaunsari[Appendix A.2, printed p. 43, item 19, Chapnu]",,,siljaunsari2008:g019:sil-jaunsari-2008-chapnu:i2,,,,dialect:jaun:sil-jaunsari-2008-chapnu:Chapnu
jaun,,tʃhoɖi,skin,,tʃhoɖi,Appendix A.2 lexical-similarity group 3; Jaunsari-Bawari,"john2008jaunsari[Appendix A.2, printed p. 43, item 19, Bhandroli]",,,siljaunsari2008:g019:sil-jaunsari-2008-bhandroli:i1,,,,dialect:jaun:sil-jaunsari-2008-bhandroli:Bhandroli
jaun,,ɠhal,skin,,ɠhal,Appendix A.2 lexical-similarity group 1; Jaunsari-Bawari,"john2008jaunsari[Appendix A.2, printed p. 43, item 19, Maindrath]",,,siljaunsari2008:g019:sil-jaunsari-2008-maindrath:i1,,,,dialect:jaun:sil-jaunsari-2008-maindrath:Maindrath
jaun,,tʃɐmaɖi,skin,,tʃɐmaɖi,Appendix A.2 lexical-similarity group 2; Jaunsari-Bawari,"john2008jaunsari[Appendix A.2, printed p. 43, item 19, Maindrath]",,,siljaunsari2008:g019:sil-jaunsari-2008-maindrath:i2,,,,dialect:jaun:sil-jaunsari-2008-maindrath:Maindrath
jaun,,ɠhal,skin,,ɠhal,Appendix A.2 lexical-similarity group 1; Jaunsari-Garhwali border mix,"john2008jaunsari[Appendix A.2, printed p. 43, item 19, Lakhamandal]",,,siljaunsari2008:g019:sil-jaunsari-2008-lakhamandal:i1,,,,dialect:jaun:sil-jaunsari-2008-lakhamandal:Lakhamandal
jaun,,ɠhal,skin,,ɠhal,Appendix A.2 lexical-similarity group 1; previous Garhwali survey list,"john2008jaunsari[Appendix A.2, printed p. 43, item 19, Chakrata]",,,siljaunsari2008:g019:sil-jaunsari-2008-chakrata:i1,,,,dialect:jaun:sil-jaunsari-2008-chakrata:Chakrata
jaun,,hɐɖi,bone,,hɐɖi,Appendix A.2 lexical-similarity group 1; Jaunsari,"john2008jaunsari[Appendix A.2, printed p. 43, item 20, Korwa]",,,siljaunsari2008:g020:sil-jaunsari-2008-korwa:i1,,,,dialect:jaun:sil-jaunsari-2008-korwa:Korwa
jaun,,hɐɖɖi,bone,,hɐɖɖi,Appendix A.2 lexical-similarity group 1; Jaunsari,"john2008jaunsari[Appendix A.2, printed p. 43, item 20, Khanaad]",,,siljaunsari2008:g020:sil-jaunsari-2008-khanaad:i1,,,,dialect:jaun:sil-jaunsari-2008-khanaad:Khanaad
jaun,,hɐɖəwɐ,bone,,hɐɖəwɐ,Appendix A.2 lexical-similarity group 1; Jaunsari,"john2008jaunsari[Appendix A.2, printed p. 43, item 20, Chapnu]",,,siljaunsari2008:g020:sil-jaunsari-2008-chapnu:i1,,,,dialect:jaun:sil-jaunsari-2008-chapnu:Chapnu
jaun,,hɐɖəwɐ,bone,,hɐɖəwɐ,Appendix A.2 lexical-similarity group 2; Jaunsari,"john2008jaunsari[Appendix A.2, printed p. 43, item 20, Chapnu]",,,siljaunsari2008:g020:sil-jaunsari-2008-chapnu:i2,,,,dialect:jaun:sil-jaunsari-2008-chapnu:Chapnu
jaun,,haɖəkɛ,bone,,haɖəkɛ,Appendix A.2 lexical-similarity group 1; Jaunsari-Bawari,"john2008jaunsari[Appendix A.2, printed p. 43, item 20, Bhandroli]",,,siljaunsari2008:g020:sil-jaunsari-2008-bhandroli:i1,,,,dialect:jaun:sil-jaunsari-2008-bhandroli:Bhandroli
jaun,,haɖəkɛ,bone,,haɖəkɛ,Appendix A.2 lexical-similarity group 3; Jaunsari-Bawari,"john2008jaunsari[Appendix A.2, printed p. 43, item 20, Bhandroli]",,,siljaunsari2008:g020:sil-jaunsari-2008-bhandroli:i2,,,,dialect:jaun:sil-jaunsari-2008-bhandroli:Bhandroli
jaun,,haɖəkɛ,bone,,haɖəkɛ,Appendix A.2 lexical-similarity group 1; Jaunsari-Bawari,"john2008jaunsari[Appendix A.2, printed p. 43, item 20, Maindrath]",,,siljaunsari2008:g020:sil-jaunsari-2008-maindrath:i1,,,,dialect:jaun:sil-jaunsari-2008-maindrath:Maindrath
jaun,,haɖəkɛ,bone,,haɖəkɛ,Appendix A.2 lexical-similarity group 3; Jaunsari-Bawari,"john2008jaunsari[Appendix A.2, printed p. 43, item 20, Maindrath]",,,siljaunsari2008:g020:sil-jaunsari-2008-maindrath:i2,,,,dialect:jaun:sil-jaunsari-2008-maindrath:Maindrath
jaun,,hɐɖɖi,bone,,hɐɖɖi,Appendix A.2 lexical-similarity group 1; Jaunsari-Garhwali border mix,"john2008jaunsari[Appendix A.2, printed p. 43, item 20, Lakhamandal]",,,siljaunsari2008:g020:sil-jaunsari-2008-lakhamandal:i1,,,,dialect:jaun:sil-jaunsari-2008-lakhamandal:Lakhamandal
jaun,,aɖve,bone,,aɖve,Appendix A.2 lexical-similarity group 2; previous Garhwali survey list,"john2008jaunsari[Appendix A.2, printed p. 43, item 20, Chakrata]",,,siljaunsari2008:g020:sil-jaunsari-2008-chakrata:i1,,,,dialect:jaun:sil-jaunsari-2008-chakrata:Chakrata
jaun,,dʒiw,heart,,dʒiw,Appendix A.2 lexical-similarity group 2; Jaunsari,"john2008jaunsari[Appendix A.2, printed p. 43, item 21, Korwa]",,,siljaunsari2008:g021:sil-jaunsari-2008-korwa:i1,,,,dialect:jaun:sil-jaunsari-2008-korwa:Korwa
jaun,,d̪il,heart,,d̪il,Appendix A.2 lexical-similarity group 1; Jaunsari,"john2008jaunsari[Appendix A.2, printed p. 43, item 21, Khanaad]",,,siljaunsari2008:g021:sil-jaunsari-2008-khanaad:i1,,,,dialect:jaun:sil-jaunsari-2008-khanaad:Khanaad
jaun,,dʒiw,heart,,dʒiw,Appendix A.2 lexical-similarity group 2; Jaunsari,"john2008jaunsari[Appendix A.2, printed p. 43, item 21, Chapnu]",,,siljaunsari2008:g021:sil-jaunsari-2008-chapnu:i1,,,,dialect:jaun:sil-jaunsari-2008-chapnu:Chapnu
jaun,,dʒiʋ,heart,,dʒiʋ,Appendix A.2 lexical-similarity group 2; Jaunsari-Bawari,"john2008jaunsari[Appendix A.2, printed p. 43, item 21, Bhandroli]",,,siljaunsari2008:g021:sil-jaunsari-2008-bhandroli:i1,,,,dialect:jaun:sil-jaunsari-2008-bhandroli:Bhandroli
jaun,,dʒiw,heart,,dʒiw,Appendix A.2 lexical-similarity group 2; Jaunsari-Bawari,"john2008jaunsari[Appendix A.2, printed p. 43, item 21, Maindrath]",,,siljaunsari2008:g021:sil-jaunsari-2008-maindrath:i1,,,,dialect:jaun:sil-jaunsari-2008-maindrath:Maindrath
jaun,,dʒiw,heart,,dʒiw,Appendix A.2 lexical-similarity group 2; Jaunsari-Garhwali border mix,"john2008jaunsari[Appendix A.2, printed p. 43, item 21, Lakhamandal]",,,siljaunsari2008:g021:sil-jaunsari-2008-lakhamandal:i1,,,,dialect:jaun:sil-jaunsari-2008-lakhamandal:Lakhamandal
jaun,,dʒikuɽi,heart,,dʒikuɽi,Appendix A.2 lexical-similarity group 3; previous Garhwali survey list,"john2008jaunsari[Appendix A.2, printed p. 43, item 21, Chakrata]",,,siljaunsari2008:g021:sil-jaunsari-2008-chakrata:i1,,,,dialect:jaun:sil-jaunsari-2008-chakrata:Chakrata
jaun,,lɔj,blood,,lɔj,Appendix A.2 lexical-similarity group 3; Jaunsari,"john2008jaunsari[Appendix A.2, printed p. 43, item 22, Korwa]",,,siljaunsari2008:g022:sil-jaunsari-2008-korwa:i1,,,,dialect:jaun:sil-jaunsari-2008-korwa:Korwa
jaun,,lɔj,blood,,lɔj,Appendix A.2 lexical-similarity group 4; Jaunsari,"john2008jaunsari[Appendix A.2, printed p. 43, item 22, Korwa]",,,siljaunsari2008:g022:sil-jaunsari-2008-korwa:i2,,,,dialect:jaun:sil-jaunsari-2008-korwa:Korwa
jaun,,lɔj,blood,,lɔj,Appendix A.2 lexical-similarity group 3; Jaunsari,"john2008jaunsari[Appendix A.2, printed p. 43, item 22, Khanaad]",,,siljaunsari2008:g022:sil-jaunsari-2008-khanaad:i1,,,,dialect:jaun:sil-jaunsari-2008-khanaad:Khanaad
jaun,,lɔj,blood,,lɔj,Appendix A.2 lexical-similarity group 4; Jaunsari,"john2008jaunsari[Appendix A.2, printed p. 43, item 22, Khanaad]",,,siljaunsari2008:g022:sil-jaunsari-2008-khanaad:i2,,,,dialect:jaun:sil-jaunsari-2008-khanaad:Khanaad
jaun,,lɔj,blood,,lɔj,Appendix A.2 lexical-similarity group 3; Jaunsari,"john2008jaunsari[Appendix A.2, printed p. 43, item 22, Chapnu]",,,siljaunsari2008:g022:sil-jaunsari-2008-chapnu:i1,,,,dialect:jaun:sil-jaunsari-2008-chapnu:Chapnu
jaun,,lɔj,blood,,lɔj,Appendix A.2 lexical-similarity group 4; Jaunsari,"john2008jaunsari[Appendix A.2, printed p. 43, item 22, Chapnu]",,,siljaunsari2008:g022:sil-jaunsari-2008-chapnu:i2,,,,dialect:jaun:sil-jaunsari-2008-chapnu:Chapnu
jaun,,lɔj,blood,,lɔj,Appendix A.2 lexical-similarity group 3; Jaunsari-Bawari,"john2008jaunsari[Appendix A.2, printed p. 43, item 22, Bhandroli]",,,siljaunsari2008:g022:sil-jaunsari-2008-bhandroli:i1,,,,dialect:jaun:sil-jaunsari-2008-bhandroli:Bhandroli
jaun,,lɔj,blood,,lɔj,Appendix A.2 lexical-similarity group 4; Jaunsari-Bawari,"john2008jaunsari[Appendix A.2, printed p. 43, item 22, Bhandroli]",,,siljaunsari2008:g022:sil-jaunsari-2008-bhandroli:i2,,,,dialect:jaun:sil-jaunsari-2008-bhandroli:Bhandroli
jaun,,lo,blood,,lo,Appendix A.2 lexical-similarity group 3; Jaunsari-Bawari,"john2008jaunsari[Appendix A.2, printed p. 43, item 22, Maindrath]",,,siljaunsari2008:g022:sil-jaunsari-2008-maindrath:i1,,,,dialect:jaun:sil-jaunsari-2008-maindrath:Maindrath
jaun,,lɔji,blood,,lɔji,Appendix A.2 lexical-similarity group 2; Jaunsari-Garhwali border mix,"john2008jaunsari[Appendix A.2, printed p. 43, item 22, Lakhamandal]",,,siljaunsari2008:g022:sil-jaunsari-2008-lakhamandal:i1,,,,dialect:jaun:sil-jaunsari-2008-lakhamandal:Lakhamandal
jaun,,lɔji,blood,,lɔji,Appendix A.2 lexical-similarity group 3; Jaunsari-Garhwali border mix,"john2008jaunsari[Appendix A.2, printed p. 43, item 22, Lakhamandal]",,,siljaunsari2008:g022:sil-jaunsari-2008-lakhamandal:i2,,,,dialect:jaun:sil-jaunsari-2008-lakhamandal:Lakhamandal
jaun,,lɔji,blood,,lɔji,Appendix A.2 lexical-similarity group 4; Jaunsari-Garhwali border mix,"john2008jaunsari[Appendix A.2, printed p. 43, item 22, Lakhamandal]",,,siljaunsari2008:g022:sil-jaunsari-2008-lakhamandal:i3,,,,dialect:jaun:sil-jaunsari-2008-lakhamandal:Lakhamandal
jaun,,lui,blood,,lui,Appendix A.2 lexical-similarity group 2; previous Garhwali survey list,"john2008jaunsari[Appendix A.2, printed p. 43, item 22, Chakrata]",,,siljaunsari2008:g022:sil-jaunsari-2008-chakrata:i1,,,,dialect:jaun:sil-jaunsari-2008-chakrata:Chakrata
jaun,,lui,blood,,lui,Appendix A.2 lexical-similarity group 4; previous Garhwali survey list,"john2008jaunsari[Appendix A.2, printed p. 43, item 22, Chakrata]",,,siljaunsari2008:g022:sil-jaunsari-2008-chakrata:i2,,,,dialect:jaun:sil-jaunsari-2008-chakrata:Chakrata
jaun,,gav,village,,gav,Appendix A.2 lexical-similarity group 1; Jaunsari,"john2008jaunsari[Appendix A.2, printed p. 43, item 25, Korwa]",,,siljaunsari2008:g025:sil-jaunsari-2008-korwa:i1,,,,dialect:jaun:sil-jaunsari-2008-korwa:Korwa
jaun,,gav,village,,gav,Appendix A.2 lexical-similarity group 1; Jaunsari,"john2008jaunsari[Appendix A.2, printed p. 43, item 25, Khanaad]",,,siljaunsari2008:g025:sil-jaunsari-2008-khanaad:i1,,,,dialect:jaun:sil-jaunsari-2008-khanaad:Khanaad
jaun,,gaw,village,,gaw,Appendix A.2 lexical-similarity group 1; Jaunsari,"john2008jaunsari[Appendix A.2, printed p. 43, item 25, Chapnu]",,,siljaunsari2008:g025:sil-jaunsari-2008-chapnu:i1,,,,dialect:jaun:sil-jaunsari-2008-chapnu:Chapnu
jaun,,gav,village,,gav,Appendix A.2 lexical-similarity group 1; Jaunsari-Bawari,"john2008jaunsari[Appendix A.2, printed p. 43, item 25, Bhandroli]",,,siljaunsari2008:g025:sil-jaunsari-2008-bhandroli:i1,,,,dialect:jaun:sil-jaunsari-2008-bhandroli:Bhandroli
jaun,,gaw,village,,gaw,Appendix A.2 lexical-similarity group 1; Jaunsari-Bawari,"john2008jaunsari[Appendix A.2, printed p. 43, item 25, Maindrath]",,,siljaunsari2008:g025:sil-jaunsari-2008-maindrath:i1,,,,dialect:jaun:sil-jaunsari-2008-maindrath:Maindrath
jaun,,gav,village,,gav,Appendix A.2 lexical-similarity group 1; Jaunsari-Garhwali border mix,"john2008jaunsari[Appendix A.2, printed p. 43, item 25, Lakhamandal]",,,siljaunsari2008:g025:sil-jaunsari-2008-lakhamandal:i1,,,,dialect:jaun:sil-jaunsari-2008-lakhamandal:Lakhamandal
jaun,,gaũ,village,,gaũ,Appendix A.2 lexical-similarity group 1; previous Garhwali survey list,"john2008jaunsari[Appendix A.2, printed p. 43, item 25, Chakrata]",,,siljaunsari2008:g025:sil-jaunsari-2008-chakrata:i1,,,,dialect:jaun:sil-jaunsari-2008-chakrata:Chakrata
jaun,,gɦɐɾ,house,,gɦɐɾ,Appendix A.2 lexical-similarity group 1; Jaunsari,"john2008jaunsari[Appendix A.2, printed p. 44, item 26, Korwa]",,,siljaunsari2008:g026:sil-jaunsari-2008-korwa:i1,,,,dialect:jaun:sil-jaunsari-2008-korwa:Korwa
jaun,,gɦɐɾ,house,,gɦɐɾ,Appendix A.2 lexical-similarity group 1; Jaunsari,"john2008jaunsari[Appendix A.2, printed p. 44, item 26, Khanaad]",,,siljaunsari2008:g026:sil-jaunsari-2008-khanaad:i1,,,,dialect:jaun:sil-jaunsari-2008-khanaad:Khanaad
jaun,,gɦɐɾ,house,,gɦɐɾ,Appendix A.2 lexical-similarity group 1; Jaunsari,"john2008jaunsari[Appendix A.2, printed p. 44, item 26, Chapnu]",,,siljaunsari2008:g026:sil-jaunsari-2008-chapnu:i1,,,,dialect:jaun:sil-jaunsari-2008-chapnu:Chapnu
jaun,,gɔɾ,house,,gɔɾ,Appendix A.2 lexical-similarity group 1; Jaunsari-Bawari,"john2008jaunsari[Appendix A.2, printed p. 44, item 26, Bhandroli]",,,siljaunsari2008:g026:sil-jaunsari-2008-bhandroli:i1,,,,dialect:jaun:sil-jaunsari-2008-bhandroli:Bhandroli
jaun,,gɦɐɾ,house,,gɦɐɾ,Appendix A.2 lexical-similarity group 1; Jaunsari-Bawari,"john2008jaunsari[Appendix A.2, printed p. 44, item 26, Maindrath]",,,siljaunsari2008:g026:sil-jaunsari-2008-maindrath:i1,,,,dialect:jaun:sil-jaunsari-2008-maindrath:Maindrath
jaun,,gɦɐɾ,house,,gɦɐɾ,Appendix A.2 lexical-similarity group 1; Jaunsari-Garhwali border mix,"john2008jaunsari[Appendix A.2, printed p. 44, item 26, Lakhamandal]",,,siljaunsari2008:g026:sil-jaunsari-2008-lakhamandal:i1,,,,dialect:jaun:sil-jaunsari-2008-lakhamandal:Lakhamandal
jaun,,gɦoɾə,house,,gɦoɾə,Appendix A.2 lexical-similarity group 1; previous Garhwali survey list,"john2008jaunsari[Appendix A.2, printed p. 44, item 26, Chakrata]",,,siljaunsari2008:g026:sil-jaunsari-2008-chakrata:i1,,,,dialect:jaun:sil-jaunsari-2008-chakrata:Chakrata
jaun,,tshɐppɐɾ,roof,,tshɐppɐɾ,Appendix A.2 lexical-similarity group 1; Jaunsari,"john2008jaunsari[Appendix A.2, printed p. 44, item 27, Korwa]",,,siljaunsari2008:g027:sil-jaunsari-2008-korwa:i1,,,,dialect:jaun:sil-jaunsari-2008-korwa:Korwa
jaun,,tshɐppɐɾ,roof,,tshɐppɐɾ,Appendix A.2 lexical-similarity group 1; Jaunsari,"john2008jaunsari[Appendix A.2, printed p. 44, item 27, Khanaad]",,,siljaunsari2008:g027:sil-jaunsari-2008-khanaad:i1,,,,dialect:jaun:sil-jaunsari-2008-khanaad:Khanaad
jaun,,tshɐppɐɾ,roof,,tshɐppɐɾ,Appendix A.2 lexical-similarity group 1; Jaunsari,"john2008jaunsari[Appendix A.2, printed p. 44, item 27, Chapnu]",,,siljaunsari2008:g027:sil-jaunsari-2008-chapnu:i1,,,,dialect:jaun:sil-jaunsari-2008-chapnu:Chapnu
jaun,,tʃhapoɾ,roof,,tʃhapoɾ,Appendix A.2 lexical-similarity group 1; Jaunsari-Bawari,"john2008jaunsari[Appendix A.2, printed p. 44, item 27, Bhandroli]",,,siljaunsari2008:g027:sil-jaunsari-2008-bhandroli:i1,,,,dialect:jaun:sil-jaunsari-2008-bhandroli:Bhandroli
jaun,,tshɐppɐɾ,roof,,tshɐppɐɾ,Appendix A.2 lexical-similarity group 1; Jaunsari-Bawari,"john2008jaunsari[Appendix A.2, printed p. 44, item 27, Maindrath]",,,siljaunsari2008:g027:sil-jaunsari-2008-maindrath:i1,,,,dialect:jaun:sil-jaunsari-2008-maindrath:Maindrath
jaun,,tshɐppɐɾ,roof,,tshɐppɐɾ,Appendix A.2 lexical-similarity group 1; Jaunsari-Garhwali border mix,"john2008jaunsari[Appendix A.2, printed p. 44, item 27, Lakhamandal]",,,siljaunsari2008:g027:sil-jaunsari-2008-lakhamandal:i1,,,,dialect:jaun:sil-jaunsari-2008-lakhamandal:Lakhamandal
jaun,,tʃheŋa,roof,,tʃheŋa,Appendix A.2 lexical-similarity group 3; Jaunsari-Garhwali border mix,"john2008jaunsari[Appendix A.2, printed p. 44, item 27, Lakhamandal]",,,siljaunsari2008:g027:sil-jaunsari-2008-lakhamandal:i2,,,,dialect:jaun:sil-jaunsari-2008-lakhamandal:Lakhamandal
jaun,,tʃhəpəɾ,roof,,tʃhəpəɾ,Appendix A.2 lexical-similarity group 1; previous Garhwali survey list,"john2008jaunsari[Appendix A.2, printed p. 44, item 27, Chakrata]",,,siljaunsari2008:g027:sil-jaunsari-2008-chakrata:i1,,,,dialect:jaun:sil-jaunsari-2008-chakrata:Chakrata
jaun,,d̪aɾ,door,,d̪aɾ,Appendix A.2 lexical-similarity group 2; Jaunsari,"john2008jaunsari[Appendix A.2, printed p. 44, item 28, Korwa]",,,siljaunsari2008:g028:sil-jaunsari-2008-korwa:i1,,,,dialect:jaun:sil-jaunsari-2008-korwa:Korwa
jaun,,d̪aɾ,door,,d̪aɾ,Appendix A.2 lexical-similarity group 2; Jaunsari,"john2008jaunsari[Appendix A.2, printed p. 44, item 28, Khanaad]",,,siljaunsari2008:g028:sil-jaunsari-2008-khanaad:i1,,,,dialect:jaun:sil-jaunsari-2008-khanaad:Khanaad
jaun,,d̪aɾ,door,,d̪aɾ,Appendix A.2 lexical-similarity group 2; Jaunsari,"john2008jaunsari[Appendix A.2, printed p. 44, item 28, Chapnu]",,,siljaunsari2008:g028:sil-jaunsari-2008-chapnu:i1,,,,dialect:jaun:sil-jaunsari-2008-chapnu:Chapnu
jaun,,d̪aɾ,door,,d̪aɾ,Appendix A.2 lexical-similarity group 2; Jaunsari-Bawari,"john2008jaunsari[Appendix A.2, printed p. 44, item 28, Bhandroli]",,,siljaunsari2008:g028:sil-jaunsari-2008-bhandroli:i1,,,,dialect:jaun:sil-jaunsari-2008-bhandroli:Bhandroli
jaun,,d̪aɾ,door,,d̪aɾ,Appendix A.2 lexical-similarity group 2; Jaunsari-Bawari,"john2008jaunsari[Appendix A.2, printed p. 44, item 28, Maindrath]",,,siljaunsari2008:g028:sil-jaunsari-2008-maindrath:i1,,,,dialect:jaun:sil-jaunsari-2008-maindrath:Maindrath
jaun,,d̪ʊaɾ,door,,d̪ʊaɾ,Appendix A.2 lexical-similarity group 2; Jaunsari-Bawari,"john2008jaunsari[Appendix A.2, printed p. 44, item 28, Maindrath]",,,siljaunsari2008:g028:sil-jaunsari-2008-maindrath:i2,,,,dialect:jaun:sil-jaunsari-2008-maindrath:Maindrath
jaun,,d̪aɾ,door,,d̪aɾ,Appendix A.2 lexical-similarity group 2; Jaunsari-Garhwali border mix,"john2008jaunsari[Appendix A.2, printed p. 44, item 28, Lakhamandal]",,,siljaunsari2008:g028:sil-jaunsari-2008-lakhamandal:i1,,,,dialect:jaun:sil-jaunsari-2008-lakhamandal:Lakhamandal
jaun,,d̪aɾ,door,,d̪aɾ,Appendix A.2 lexical-similarity group 2; previous Garhwali survey list,"john2008jaunsari[Appendix A.2, printed p. 44, item 28, Chakrata]",,,siljaunsari2008:g028:sil-jaunsari-2008-chakrata:i1,,,,dialect:jaun:sil-jaunsari-2008-chakrata:Chakrata
jaun,,lɐkədɐ,firewood,,lɐkədɐ,Appendix A.2 lexical-similarity group 1; Jaunsari,"john2008jaunsari[Appendix A.2, printed p. 44, item 29, Korwa]",,,siljaunsari2008:g029:sil-jaunsari-2008-korwa:i1,,,,dialect:jaun:sil-jaunsari-2008-korwa:Korwa
jaun,,lɐkəɖi,firewood,,lɐkəɖi,Appendix A.2 lexical-similarity group 1; Jaunsari,"john2008jaunsari[Appendix A.2, printed p. 44, item 29, Khanaad]",,,siljaunsari2008:g029:sil-jaunsari-2008-khanaad:i1,,,,dialect:jaun:sil-jaunsari-2008-khanaad:Khanaad
jaun,,lɐkəɖi,firewood,,lɐkəɖi,Appendix A.2 lexical-similarity group 1; Jaunsari,"john2008jaunsari[Appendix A.2, printed p. 44, item 29, Chapnu]",,,siljaunsari2008:g029:sil-jaunsari-2008-chapnu:i1,,,,dialect:jaun:sil-jaunsari-2008-chapnu:Chapnu
jaun,,lɐkəɖɛ,firewood,,lɐkəɖɛ,Appendix A.2 lexical-similarity group 1; Jaunsari-Bawari,"john2008jaunsari[Appendix A.2, printed p. 44, item 29, Bhandroli]",,,siljaunsari2008:g029:sil-jaunsari-2008-bhandroli:i1,,,,dialect:jaun:sil-jaunsari-2008-bhandroli:Bhandroli
jaun,,lɐkədɐ,firewood,,lɐkədɐ,Appendix A.2 lexical-similarity group 1; Jaunsari-Bawari,"john2008jaunsari[Appendix A.2, printed p. 44, item 29, Maindrath]",,,siljaunsari2008:g029:sil-jaunsari-2008-maindrath:i1,,,,dialect:jaun:sil-jaunsari-2008-maindrath:Maindrath
jaun,,lɐkəɖi,firewood,,lɐkəɖi,Appendix A.2 lexical-similarity group 1; Jaunsari-Garhwali border mix,"john2008jaunsari[Appendix A.2, printed p. 44, item 29, Lakhamandal]",,,siljaunsari2008:g029:sil-jaunsari-2008-lakhamandal:i1,,,,dialect:jaun:sil-jaunsari-2008-lakhamandal:Lakhamandal
jaun,,lɐkɐɖə,firewood,,lɐkɐɖə,Appendix A.2 lexical-similarity group 1; Jaunsari-Garhwali border mix,"john2008jaunsari[Appendix A.2, printed p. 44, item 29, Lakhamandal]",,,siljaunsari2008:g029:sil-jaunsari-2008-lakhamandal:i2,,,,dialect:jaun:sil-jaunsari-2008-lakhamandal:Lakhamandal
jaun,,ləkɽe,firewood,,ləkɽe,Appendix A.2 lexical-similarity group 1; previous Garhwali survey list,"john2008jaunsari[Appendix A.2, printed p. 44, item 29, Chakrata]",,,siljaunsari2008:g029:sil-jaunsari-2008-chakrata:i1,,,,dialect:jaun:sil-jaunsari-2008-chakrata:Chakrata
jaun,,çujəɳə,broom,,çujəɳə,Appendix A.2 lexical-similarity group 3; Jaunsari,"john2008jaunsari[Appendix A.2, printed p. 44, item 30, Korwa]",,,siljaunsari2008:g030:sil-jaunsari-2008-korwa:i1,,,,dialect:jaun:sil-jaunsari-2008-korwa:Korwa
jaun,,sujəɳ,broom,,sujəɳ,Appendix A.2 lexical-similarity group 3; Jaunsari,"john2008jaunsari[Appendix A.2, printed p. 44, item 30, Khanaad]",,,siljaunsari2008:g030:sil-jaunsari-2008-khanaad:i1,,,,dialect:jaun:sil-jaunsari-2008-khanaad:Khanaad
jaun,,çujəɳə,broom,,çujəɳə,Appendix A.2 lexical-similarity group 3; Jaunsari,"john2008jaunsari[Appendix A.2, printed p. 44, item 30, Chapnu]",,,siljaunsari2008:g030:sil-jaunsari-2008-chapnu:i1,,,,dialect:jaun:sil-jaunsari-2008-chapnu:Chapnu
jaun,,çujəɳə,broom,,çujəɳə,Appendix A.2 lexical-similarity group 3; Jaunsari-Bawari,"john2008jaunsari[Appendix A.2, printed p. 44, item 30, Bhandroli]",,,siljaunsari2008:g030:sil-jaunsari-2008-bhandroli:i1,,,,dialect:jaun:sil-jaunsari-2008-bhandroli:Bhandroli
jaun,,sujʈɐ,broom,,sujʈɐ,Appendix A.2 lexical-similarity group 5; Jaunsari-Bawari,"john2008jaunsari[Appendix A.2, printed p. 44, item 30, Maindrath]",,,siljaunsari2008:g030:sil-jaunsari-2008-maindrath:i1,,,,dialect:jaun:sil-jaunsari-2008-maindrath:Maindrath
jaun,,sujiɳ,broom,,sujiɳ,Appendix A.2 lexical-similarity group 3; Jaunsari-Garhwali border mix,"john2008jaunsari[Appendix A.2, printed p. 44, item 30, Lakhamandal]",,,siljaunsari2008:g030:sil-jaunsari-2008-lakhamandal:i1,,,,dialect:jaun:sil-jaunsari-2008-lakhamandal:Lakhamandal
jaun,,suiɳ,broom,,suiɳ,Appendix A.2 lexical-similarity group 3; previous Garhwali survey list,"john2008jaunsari[Appendix A.2, printed p. 44, item 30, Chakrata]",,,siljaunsari2008:g030:sil-jaunsari-2008-chakrata:i1,,,,dialect:jaun:sil-jaunsari-2008-chakrata:Chakrata
jaun,,gut̪u,mortar,,gut̪u,Appendix A.2 lexical-similarity group 2; Jaunsari,"john2008jaunsari[Appendix A.2, printed p. 44, item 31, Korwa]",,,siljaunsari2008:g031:sil-jaunsari-2008-korwa:i1,,,,dialect:jaun:sil-jaunsari-2008-korwa:Korwa
jaun,,gut̪u,mortar,,gut̪u,Appendix A.2 lexical-similarity group 2; Jaunsari,"john2008jaunsari[Appendix A.2, printed p. 44, item 31, Khanaad]",,,siljaunsari2008:g031:sil-jaunsari-2008-khanaad:i1,,,,dialect:jaun:sil-jaunsari-2008-khanaad:Khanaad
jaun,,gut̪u,mortar,,gut̪u,Appendix A.2 lexical-similarity group 2; Jaunsari,"john2008jaunsari[Appendix A.2, printed p. 44, item 31, Chapnu]",,,siljaunsari2008:g031:sil-jaunsari-2008-chapnu:i1,,,,dialect:jaun:sil-jaunsari-2008-chapnu:Chapnu
jaun,,ukhjad,mortar,,ukhjad,Appendix A.2 lexical-similarity group 5; Jaunsari-Bawari,"john2008jaunsari[Appendix A.2, printed p. 44, item 31, Bhandroli]",,,siljaunsari2008:g031:sil-jaunsari-2008-bhandroli:i1,,,,dialect:jaun:sil-jaunsari-2008-bhandroli:Bhandroli
jaun,,okhɐlu,mortar,,okhɐlu,Appendix A.2 lexical-similarity group 3; Jaunsari-Bawari,"john2008jaunsari[Appendix A.2, printed p. 44, item 31, Maindrath]",,,siljaunsari2008:g031:sil-jaunsari-2008-maindrath:i1,,,,dialect:jaun:sil-jaunsari-2008-maindrath:Maindrath
jaun,,gut̪u,mortar,,gut̪u,Appendix A.2 lexical-similarity group 2; Jaunsari-Garhwali border mix,"john2008jaunsari[Appendix A.2, printed p. 44, item 31, Lakhamandal]",,,siljaunsari2008:g031:sil-jaunsari-2008-lakhamandal:i1,,,,dialect:jaun:sil-jaunsari-2008-lakhamandal:Lakhamandal
jaun,,gʊt̪t̪u,mortar,,gʊt̪t̪u,Appendix A.2 lexical-similarity group 2; previous Garhwali survey list,"john2008jaunsari[Appendix A.2, printed p. 44, item 31, Chakrata]",,,siljaunsari2008:g031:sil-jaunsari-2008-chakrata:i1,,,,dialect:jaun:sil-jaunsari-2008-chakrata:Chakrata
jaun,,musɔ,pestle,,musɔ,Appendix A.2 lexical-similarity group 1; Jaunsari,"john2008jaunsari[Appendix A.2, printed p. 45, item 32, Korwa]",,,siljaunsari2008:g032:sil-jaunsari-2008-korwa:i1,,,,dialect:jaun:sil-jaunsari-2008-korwa:Korwa
jaun,,musɐɾ,pestle,,musɐɾ,Appendix A.2 lexical-similarity group 1; Jaunsari,"john2008jaunsari[Appendix A.2, printed p. 45, item 32, Khanaad]",,,siljaunsari2008:g032:sil-jaunsari-2008-khanaad:i1,,,,dialect:jaun:sil-jaunsari-2008-khanaad:Khanaad
jaun,,musɔ,pestle,,musɔ,Appendix A.2 lexical-similarity group 1; Jaunsari,"john2008jaunsari[Appendix A.2, printed p. 45, item 32, Chapnu]",,,siljaunsari2008:g032:sil-jaunsari-2008-chapnu:i1,,,,dialect:jaun:sil-jaunsari-2008-chapnu:Chapnu
jaun,,musɔ,pestle,,musɔ,Appendix A.2 lexical-similarity group 1; Jaunsari-Bawari,"john2008jaunsari[Appendix A.2, printed p. 45, item 32, Bhandroli]",,,siljaunsari2008:g032:sil-jaunsari-2008-bhandroli:i1,,,,dialect:jaun:sil-jaunsari-2008-bhandroli:Bhandroli
jaun,,musɔ,pestle,,musɔ,Appendix A.2 lexical-similarity group 1; Jaunsari-Bawari,"john2008jaunsari[Appendix A.2, printed p. 45, item 32, Maindrath]",,,siljaunsari2008:g032:sil-jaunsari-2008-maindrath:i1,,,,dialect:jaun:sil-jaunsari-2008-maindrath:Maindrath
jaun,,muçɐɳ,pestle,,muçɐɳ,Appendix A.2 lexical-similarity group 1; Jaunsari-Garhwali border mix,"john2008jaunsari[Appendix A.2, printed p. 45, item 32, Lakhamandal]",,,siljaunsari2008:g032:sil-jaunsari-2008-lakhamandal:i1,,,,dialect:jaun:sil-jaunsari-2008-lakhamandal:Lakhamandal
jaun,,musɔ,pestle,,musɔ,Appendix A.2 lexical-similarity group 1; previous Garhwali survey list,"john2008jaunsari[Appendix A.2, printed p. 45, item 32, Chakrata]",,,siljaunsari2008:g032:sil-jaunsari-2008-chakrata:i1,,,,dialect:jaun:sil-jaunsari-2008-chakrata:Chakrata
jaun,,hɐt̪ɔɖɐ,hammer,,hɐt̪ɔɖɐ,Appendix A.2 lexical-similarity group 1; Jaunsari,"john2008jaunsari[Appendix A.2, printed p. 45, item 33, Korwa]",,,siljaunsari2008:g033:sil-jaunsari-2008-korwa:i1,,,,dialect:jaun:sil-jaunsari-2008-korwa:Korwa
jaun,,hɐt̪ɔɖɐli,hammer,,hɐt̪ɔɖɐli,Appendix A.2 lexical-similarity group 1; Jaunsari,"john2008jaunsari[Appendix A.2, printed p. 45, item 33, Khanaad]",,,siljaunsari2008:g033:sil-jaunsari-2008-khanaad:i1,,,,dialect:jaun:sil-jaunsari-2008-khanaad:Khanaad
jaun,,hɐt̪ɔɖi,hammer,,hɐt̪ɔɖi,Appendix A.2 lexical-similarity group 1; Jaunsari,"john2008jaunsari[Appendix A.2, printed p. 45, item 33, Chapnu]",,,siljaunsari2008:g033:sil-jaunsari-2008-chapnu:i1,,,,dialect:jaun:sil-jaunsari-2008-chapnu:Chapnu
jaun,,hɐt̪ɔɖɐ,hammer,,hɐt̪ɔɖɐ,Appendix A.2 lexical-similarity group 1; Jaunsari-Bawari,"john2008jaunsari[Appendix A.2, printed p. 45, item 33, Bhandroli]",,,siljaunsari2008:g033:sil-jaunsari-2008-bhandroli:i1,,,,dialect:jaun:sil-jaunsari-2008-bhandroli:Bhandroli
jaun,,hɐt̪ɔɖi,hammer,,hɐt̪ɔɖi,Appendix A.2 lexical-similarity group 1; Jaunsari-Bawari,"john2008jaunsari[Appendix A.2, printed p. 45, item 33, Maindrath]",,,siljaunsari2008:g033:sil-jaunsari-2008-maindrath:i1,,,,dialect:jaun:sil-jaunsari-2008-maindrath:Maindrath
jaun,,hɐt̪ɔɖu,hammer,,hɐt̪ɔɖu,Appendix A.2 lexical-similarity group 1; Jaunsari-Garhwali border mix,"john2008jaunsari[Appendix A.2, printed p. 45, item 33, Lakhamandal]",,,siljaunsari2008:g033:sil-jaunsari-2008-lakhamandal:i1,,,,dialect:jaun:sil-jaunsari-2008-lakhamandal:Lakhamandal
jaun,,hət̪hɔɽa,hammer,,hət̪hɔɽa,Appendix A.2 lexical-similarity group 1; previous Garhwali survey list,"john2008jaunsari[Appendix A.2, printed p. 45, item 33, Chakrata]",,,siljaunsari2008:g033:sil-jaunsari-2008-chakrata:i1,,,,dialect:jaun:sil-jaunsari-2008-chakrata:Chakrata
jaun,,tʃɐku,knife,,tʃɐku,Appendix A.2 lexical-similarity group 1; Jaunsari,"john2008jaunsari[Appendix A.2, printed p. 45, item 34, Korwa]",,,siljaunsari2008:g034:sil-jaunsari-2008-korwa:i1,,,,dialect:jaun:sil-jaunsari-2008-korwa:Korwa
jaun,,tʃaku,knife,,tʃaku,Appendix A.2 lexical-similarity group 1; Jaunsari,"john2008jaunsari[Appendix A.2, printed p. 45, item 34, Khanaad]",,,siljaunsari2008:g034:sil-jaunsari-2008-khanaad:i1,,,,dialect:jaun:sil-jaunsari-2008-khanaad:Khanaad
jaun,,tʃhuɾi,knife,,tʃhuɾi,Appendix A.2 lexical-similarity group 2; Jaunsari,"john2008jaunsari[Appendix A.2, printed p. 45, item 34, Chapnu]",,,siljaunsari2008:g034:sil-jaunsari-2008-chapnu:i1,,,,dialect:jaun:sil-jaunsari-2008-chapnu:Chapnu
jaun,,tʃhuɾɐ,knife,,tʃhuɾɐ,Appendix A.2 lexical-similarity group 2; Jaunsari-Bawari,"john2008jaunsari[Appendix A.2, printed p. 45, item 34, Bhandroli]",,,siljaunsari2008:g034:sil-jaunsari-2008-bhandroli:i1,,,,dialect:jaun:sil-jaunsari-2008-bhandroli:Bhandroli
jaun,,tʃhɐkku,knife,,tʃhɐkku,Appendix A.2 lexical-similarity group 1; Jaunsari-Bawari,"john2008jaunsari[Appendix A.2, printed p. 45, item 34, Maindrath]",,,siljaunsari2008:g034:sil-jaunsari-2008-maindrath:i1,,,,dialect:jaun:sil-jaunsari-2008-maindrath:Maindrath
jaun,,tʃhɐkku,knife,,tʃhɐkku,Appendix A.2 lexical-similarity group 1; Jaunsari-Garhwali border mix,"john2008jaunsari[Appendix A.2, printed p. 45, item 34, Lakhamandal]",,,siljaunsari2008:g034:sil-jaunsari-2008-lakhamandal:i1,,,,dialect:jaun:sil-jaunsari-2008-lakhamandal:Lakhamandal
jaun,,tʃaku,knife,,tʃaku,Appendix A.2 lexical-similarity group 1; previous Garhwali survey list,"john2008jaunsari[Appendix A.2, printed p. 45, item 34, Chakrata]",,,siljaunsari2008:g034:sil-jaunsari-2008-chakrata:i1,,,,dialect:jaun:sil-jaunsari-2008-chakrata:Chakrata
jaun,,kʊɾaɖi,axe,,kʊɾaɖi,Appendix A.2 lexical-similarity group 1; Jaunsari,"john2008jaunsari[Appendix A.2, printed p. 45, item 35, Korwa]",,,siljaunsari2008:g035:sil-jaunsari-2008-korwa:i1,,,,dialect:jaun:sil-jaunsari-2008-korwa:Korwa
jaun,,kʊɾaɖi,axe,,kʊɾaɖi,Appendix A.2 lexical-similarity group 1; Jaunsari,"john2008jaunsari[Appendix A.2, printed p. 45, item 35, Khanaad]",,,siljaunsari2008:g035:sil-jaunsari-2008-khanaad:i1,,,,dialect:jaun:sil-jaunsari-2008-khanaad:Khanaad
jaun,,kulaɖi,axe,,kulaɖi,Appendix A.2 lexical-similarity group 1; Jaunsari,"john2008jaunsari[Appendix A.2, printed p. 45, item 35, Chapnu]",,,siljaunsari2008:g035:sil-jaunsari-2008-chapnu:i1,,,,dialect:jaun:sil-jaunsari-2008-chapnu:Chapnu
jaun,,kuɾaɖ,axe,,kuɾaɖ,Appendix A.2 lexical-similarity group 1; Jaunsari-Bawari,"john2008jaunsari[Appendix A.2, printed p. 45, item 35, Bhandroli]",,,siljaunsari2008:g035:sil-jaunsari-2008-bhandroli:i1,,,,dialect:jaun:sil-jaunsari-2008-bhandroli:Bhandroli
jaun,,kʊɾaɖi,axe,,kʊɾaɖi,Appendix A.2 lexical-similarity group 1; Jaunsari-Bawari,"john2008jaunsari[Appendix A.2, printed p. 45, item 35, Maindrath]",,,siljaunsari2008:g035:sil-jaunsari-2008-maindrath:i1,,,,dialect:jaun:sil-jaunsari-2008-maindrath:Maindrath
jaun,,kʊɾaɖi,axe,,kʊɾaɖi,Appendix A.2 lexical-similarity group 1; Jaunsari-Garhwali border mix,"john2008jaunsari[Appendix A.2, printed p. 45, item 35, Lakhamandal]",,,siljaunsari2008:g035:sil-jaunsari-2008-lakhamandal:i1,,,,dialect:jaun:sil-jaunsari-2008-lakhamandal:Lakhamandal
jaun,,kuɽali,axe,,kuɽali,Appendix A.2 lexical-similarity group 1; previous Garhwali survey list,"john2008jaunsari[Appendix A.2, printed p. 45, item 35, Chakrata]",,,siljaunsari2008:g035:sil-jaunsari-2008-chakrata:i1,,,,dialect:jaun:sil-jaunsari-2008-chakrata:Chakrata
jaun,,pəgɔj,rope,,pəgɔj,Appendix A.2 lexical-similarity group 2; Jaunsari,"john2008jaunsari[Appendix A.2, printed p. 45, item 36, Korwa]",,,siljaunsari2008:g036:sil-jaunsari-2008-korwa:i1,,,,dialect:jaun:sil-jaunsari-2008-korwa:Korwa
jaun,,pagɐj,rope,,pagɐj,Appendix A.2 lexical-similarity group 2; Jaunsari,"john2008jaunsari[Appendix A.2, printed p. 45, item 36, Khanaad]",,,siljaunsari2008:g036:sil-jaunsari-2008-khanaad:i1,,,,dialect:jaun:sil-jaunsari-2008-khanaad:Khanaad
jaun,,pagɔj,rope,,pagɔj,Appendix A.2 lexical-similarity group 2; Jaunsari,"john2008jaunsari[Appendix A.2, printed p. 45, item 36, Chapnu]",,,siljaunsari2008:g036:sil-jaunsari-2008-chapnu:i1,,,,dialect:jaun:sil-jaunsari-2008-chapnu:Chapnu
jaun,,pagɔj,rope,,pagɔj,Appendix A.2 lexical-similarity group 2; Jaunsari-Bawari,"john2008jaunsari[Appendix A.2, printed p. 45, item 36, Bhandroli]",,,siljaunsari2008:g036:sil-jaunsari-2008-bhandroli:i1,,,,dialect:jaun:sil-jaunsari-2008-bhandroli:Bhandroli
jaun,,pɐgejʈi,rope,,pɐgejʈi,Appendix A.2 lexical-similarity group 2; Jaunsari-Bawari,"john2008jaunsari[Appendix A.2, printed p. 45, item 36, Maindrath]",,,siljaunsari2008:g036:sil-jaunsari-2008-maindrath:i1,,,,dialect:jaun:sil-jaunsari-2008-maindrath:Maindrath
jaun,,loɭʈi,rope,,loɭʈi,Appendix A.2 lexical-similarity group 3; Jaunsari-Bawari,"john2008jaunsari[Appendix A.2, printed p. 45, item 36, Maindrath]",,,siljaunsari2008:g036:sil-jaunsari-2008-maindrath:i2,,,,dialect:jaun:sil-jaunsari-2008-maindrath:Maindrath
jaun,,pɐgoji,rope,,pɐgoji,Appendix A.2 lexical-similarity group 2; Jaunsari-Garhwali border mix,"john2008jaunsari[Appendix A.2, printed p. 45, item 36, Lakhamandal]",,,siljaunsari2008:g036:sil-jaunsari-2008-lakhamandal:i1,,,,dialect:jaun:sil-jaunsari-2008-lakhamandal:Lakhamandal
jaun,,pagʊʋi,rope,,pagʊʋi,Appendix A.2 lexical-similarity group 2; previous Garhwali survey list,"john2008jaunsari[Appendix A.2, printed p. 45, item 36, Chakrata]",,,siljaunsari2008:g036:sil-jaunsari-2008-chakrata:i1,,,,dialect:jaun:sil-jaunsari-2008-chakrata:Chakrata
jaun,,d̪ɦəgɐ,thread,,d̪ɦəgɐ,Appendix A.2 lexical-similarity group 2; Jaunsari,"john2008jaunsari[Appendix A.2, printed p. 45, item 37, Korwa]",,,siljaunsari2008:g037:sil-jaunsari-2008-korwa:i1,,,,dialect:jaun:sil-jaunsari-2008-korwa:Korwa
jaun,,d̪ɦəgɐ,thread,,d̪ɦəgɐ,Appendix A.2 lexical-similarity group 2; Jaunsari,"john2008jaunsari[Appendix A.2, printed p. 45, item 37, Khanaad]",,,siljaunsari2008:g037:sil-jaunsari-2008-khanaad:i1,,,,dialect:jaun:sil-jaunsari-2008-khanaad:Khanaad
jaun,,d̪ɦəgɐ,thread,,d̪ɦəgɐ,Appendix A.2 lexical-similarity group 2; Jaunsari,"john2008jaunsari[Appendix A.2, printed p. 45, item 37, Chapnu]",,,siljaunsari2008:g037:sil-jaunsari-2008-chapnu:i1,,,,dialect:jaun:sil-jaunsari-2008-chapnu:Chapnu
jaun,,d̪agɐ,thread,,d̪agɐ,Appendix A.2 lexical-similarity group 2; Jaunsari-Bawari,"john2008jaunsari[Appendix A.2, printed p. 45, item 37, Bhandroli]",,,siljaunsari2008:g037:sil-jaunsari-2008-bhandroli:i1,,,,dialect:jaun:sil-jaunsari-2008-bhandroli:Bhandroli
jaun,,d̪ɦəgo,thread,,d̪ɦəgo,Appendix A.2 lexical-similarity group 2; Jaunsari-Bawari,"john2008jaunsari[Appendix A.2, printed p. 45, item 37, Maindrath]",,,siljaunsari2008:g037:sil-jaunsari-2008-maindrath:i1,,,,dialect:jaun:sil-jaunsari-2008-maindrath:Maindrath
jaun,,d̪ɦagɐlu,thread,,d̪ɦagɐlu,Appendix A.2 lexical-similarity group 2; Jaunsari-Garhwali border mix,"john2008jaunsari[Appendix A.2, printed p. 45, item 37, Lakhamandal]",,,siljaunsari2008:g037:sil-jaunsari-2008-lakhamandal:i1,,,,dialect:jaun:sil-jaunsari-2008-lakhamandal:Lakhamandal
jaun,,d̪ɦaga,thread,,d̪ɦaga,Appendix A.2 lexical-similarity group 2; previous Garhwali survey list,"john2008jaunsari[Appendix A.2, printed p. 45, item 37, Chakrata]",,,siljaunsari2008:g037:sil-jaunsari-2008-chakrata:i1,,,,dialect:jaun:sil-jaunsari-2008-chakrata:Chakrata
jaun,,sɐɳə,needle,,sɐɳə,Appendix A.2 lexical-similarity group 3; Jaunsari,"john2008jaunsari[Appendix A.2, printed p. 46, item 38, Korwa]",,,siljaunsari2008:g038:sil-jaunsari-2008-korwa:i1,,,,dialect:jaun:sil-jaunsari-2008-korwa:Korwa
jaun,,sæɳu,needle,,sæɳu,Appendix A.2 lexical-similarity group 3; Jaunsari,"john2008jaunsari[Appendix A.2, printed p. 46, item 38, Khanaad]",,,siljaunsari2008:g038:sil-jaunsari-2008-khanaad:i1,,,,dialect:jaun:sil-jaunsari-2008-khanaad:Khanaad
jaun,,seuɳə,needle,,seuɳə,Appendix A.2 lexical-similarity group 3; Jaunsari,"john2008jaunsari[Appendix A.2, printed p. 46, item 38, Chapnu]",,,siljaunsari2008:g038:sil-jaunsari-2008-chapnu:i1,,,,dialect:jaun:sil-jaunsari-2008-chapnu:Chapnu
jaun,,seuɳə,needle,,seuɳə,Appendix A.2 lexical-similarity group 4; Jaunsari,"john2008jaunsari[Appendix A.2, printed p. 46, item 38, Chapnu]",,,siljaunsari2008:g038:sil-jaunsari-2008-chapnu:i2,,,,dialect:jaun:sil-jaunsari-2008-chapnu:Chapnu
jaun,,sæɳə,needle,,sæɳə,Appendix A.2 lexical-similarity group 3; Jaunsari-Bawari,"john2008jaunsari[Appendix A.2, printed p. 46, item 38, Bhandroli]",,,siljaunsari2008:g038:sil-jaunsari-2008-bhandroli:i1,,,,dialect:jaun:sil-jaunsari-2008-bhandroli:Bhandroli
jaun,,seujɳə,needle,,seujɳə,Appendix A.2 lexical-similarity group 4; Jaunsari-Bawari,"john2008jaunsari[Appendix A.2, printed p. 46, item 38, Maindrath]",,,siljaunsari2008:g038:sil-jaunsari-2008-maindrath:i1,,,,dialect:jaun:sil-jaunsari-2008-maindrath:Maindrath
jaun,,çiuɳə,needle,,çiuɳə,Appendix A.2 lexical-similarity group 4; Jaunsari-Garhwali border mix,"john2008jaunsari[Appendix A.2, printed p. 46, item 38, Lakhamandal]",,,siljaunsari2008:g038:sil-jaunsari-2008-lakhamandal:i1,,,,dialect:jaun:sil-jaunsari-2008-lakhamandal:Lakhamandal
jaun,,sijaɳə,needle,,sijaɳə,Appendix A.2 lexical-similarity group 4; previous Garhwali survey list,"john2008jaunsari[Appendix A.2, printed p. 46, item 38, Chakrata]",,,siljaunsari2008:g038:sil-jaunsari-2008-chakrata:i1,,,,dialect:jaun:sil-jaunsari-2008-chakrata:Chakrata
jaun,,kɐpəɖɐ,cloth,,kɐpəɖɐ,Appendix A.2 lexical-similarity group 1; Jaunsari,"john2008jaunsari[Appendix A.2, printed p. 46, item 39, Korwa]",,,siljaunsari2008:g039:sil-jaunsari-2008-korwa:i1,,,,dialect:jaun:sil-jaunsari-2008-korwa:Korwa
jaun,,kɐpəɖɐ,cloth,,kɐpəɖɐ,Appendix A.2 lexical-similarity group 1; Jaunsari,"john2008jaunsari[Appendix A.2, printed p. 46, item 39, Khanaad]",,,siljaunsari2008:g039:sil-jaunsari-2008-khanaad:i1,,,,dialect:jaun:sil-jaunsari-2008-khanaad:Khanaad
jaun,,kɐpəɖɐ,cloth,,kɐpəɖɐ,Appendix A.2 lexical-similarity group 1; Jaunsari,"john2008jaunsari[Appendix A.2, printed p. 46, item 39, Chapnu]",,,siljaunsari2008:g039:sil-jaunsari-2008-chapnu:i1,,,,dialect:jaun:sil-jaunsari-2008-chapnu:Chapnu
jaun,,kɐpəɖɐ,cloth,,kɐpəɖɐ,Appendix A.2 lexical-similarity group 1; Jaunsari-Bawari,"john2008jaunsari[Appendix A.2, printed p. 46, item 39, Bhandroli]",,,siljaunsari2008:g039:sil-jaunsari-2008-bhandroli:i1,,,,dialect:jaun:sil-jaunsari-2008-bhandroli:Bhandroli
jaun,,laɳəkə,cloth,,laɳəkə,Appendix A.2 lexical-similarity group 2; Jaunsari-Bawari,"john2008jaunsari[Appendix A.2, printed p. 46, item 39, Maindrath]",,,siljaunsari2008:g039:sil-jaunsari-2008-maindrath:i1,,,,dialect:jaun:sil-jaunsari-2008-maindrath:Maindrath
jaun,,kɐpəɖɐ,cloth,,kɐpəɖɐ,Appendix A.2 lexical-similarity group 1; Jaunsari-Garhwali border mix,"john2008jaunsari[Appendix A.2, printed p. 46, item 39, Lakhamandal]",,,siljaunsari2008:g039:sil-jaunsari-2008-lakhamandal:i1,,,,dialect:jaun:sil-jaunsari-2008-lakhamandal:Lakhamandal
jaun,,kant̪ɽə,cloth,,kant̪ɽə,Appendix A.2 lexical-similarity group 3; previous Garhwali survey list,"john2008jaunsari[Appendix A.2, printed p. 46, item 39, Chakrata]",,,siljaunsari2008:g039:sil-jaunsari-2008-chakrata:i1,,,,dialect:jaun:sil-jaunsari-2008-chakrata:Chakrata
jaun,,tshap,ring,,tshap,Appendix A.2 lexical-similarity group 4; Jaunsari,"john2008jaunsari[Appendix A.2, printed p. 46, item 40, Korwa]",,,siljaunsari2008:g040:sil-jaunsari-2008-korwa:i1,,,,dialect:jaun:sil-jaunsari-2008-korwa:Korwa
jaun,,tshap,ring,,tshap,Appendix A.2 lexical-similarity group 4; Jaunsari,"john2008jaunsari[Appendix A.2, printed p. 46, item 40, Khanaad]",,,siljaunsari2008:g040:sil-jaunsari-2008-khanaad:i1,,,,dialect:jaun:sil-jaunsari-2008-khanaad:Khanaad
jaun,,tshap,ring,,tshap,Appendix A.2 lexical-similarity group 4; Jaunsari,"john2008jaunsari[Appendix A.2, printed p. 46, item 40, Chapnu]",,,siljaunsari2008:g040:sil-jaunsari-2008-chapnu:i1,,,,dialect:jaun:sil-jaunsari-2008-chapnu:Chapnu
jaun,,kaŋgəɳi,ring,,kaŋgəɳi,Appendix A.2 lexical-similarity group 2; Jaunsari-Bawari,"john2008jaunsari[Appendix A.2, printed p. 46, item 40, Bhandroli]",,,siljaunsari2008:g040:sil-jaunsari-2008-bhandroli:i1,,,,dialect:jaun:sil-jaunsari-2008-bhandroli:Bhandroli
jaun,,kaŋgəɳi,ring,,kaŋgəɳi,Appendix A.2 lexical-similarity group 2; Jaunsari-Bawari,"john2008jaunsari[Appendix A.2, printed p. 46, item 40, Maindrath]",,,siljaunsari2008:g040:sil-jaunsari-2008-maindrath:i1,,,,dialect:jaun:sil-jaunsari-2008-maindrath:Maindrath
jaun,,ə̃ŋguʈhi,ring,,ə̃ŋguʈhi,Appendix A.2 lexical-similarity group 1; Jaunsari-Garhwali border mix,"john2008jaunsari[Appendix A.2, printed p. 46, item 40, Lakhamandal]",,,siljaunsari2008:g040:sil-jaunsari-2008-lakhamandal:i1,,,,dialect:jaun:sil-jaunsari-2008-lakhamandal:Lakhamandal
jaun,,tshap,ring,,tshap,Appendix A.2 lexical-similarity group 4; previous Garhwali survey list,"john2008jaunsari[Appendix A.2, printed p. 46, item 40, Chakrata]",,,siljaunsari2008:g040:sil-jaunsari-2008-chakrata:i1,,,,dialect:jaun:sil-jaunsari-2008-chakrata:Chakrata
jaun,,d̪uːs,sun,,d̪uːs,Appendix A.2 lexical-similarity group 2; Jaunsari,"john2008jaunsari[Appendix A.2, printed p. 46, item 41, Korwa]",,,siljaunsari2008:g041:sil-jaunsari-2008-korwa:i1,,,,dialect:jaun:sil-jaunsari-2008-korwa:Korwa
jaun,,d̪us,sun,,d̪us,Appendix A.2 lexical-similarity group 2; Jaunsari,"john2008jaunsari[Appendix A.2, printed p. 46, item 41, Khanaad]",,,siljaunsari2008:g041:sil-jaunsari-2008-khanaad:i1,,,,dialect:jaun:sil-jaunsari-2008-khanaad:Khanaad
jaun,,d̪uːs,sun,,d̪uːs,Appendix A.2 lexical-similarity group 2; Jaunsari,"john2008jaunsari[Appendix A.2, printed p. 46, item 41, Chapnu]",,,siljaunsari2008:g041:sil-jaunsari-2008-chapnu:i1,,,,dialect:jaun:sil-jaunsari-2008-chapnu:Chapnu
jaun,,d̪us,sun,,d̪us,Appendix A.2 lexical-similarity group 2; Jaunsari-Bawari,"john2008jaunsari[Appendix A.2, printed p. 46, item 41, Bhandroli]",,,siljaunsari2008:g041:sil-jaunsari-2008-bhandroli:i1,,,,dialect:jaun:sil-jaunsari-2008-bhandroli:Bhandroli
jaun,,d̪uːs,sun,,d̪uːs,Appendix A.2 lexical-similarity group 2; Jaunsari-Bawari,"john2008jaunsari[Appendix A.2, printed p. 46, item 41, Maindrath]",,,siljaunsari2008:g041:sil-jaunsari-2008-maindrath:i1,,,,dialect:jaun:sil-jaunsari-2008-maindrath:Maindrath
jaun,,gɦam,sun,,gɦam,Appendix A.2 lexical-similarity group 3; Jaunsari-Garhwali border mix,"john2008jaunsari[Appendix A.2, printed p. 46, item 41, Lakhamandal]",,,siljaunsari2008:g041:sil-jaunsari-2008-lakhamandal:i1,,,,dialect:jaun:sil-jaunsari-2008-lakhamandal:Lakhamandal
jaun,,d̪uʃ,sun,,d̪uʃ,Appendix A.2 lexical-similarity group 2; previous Garhwali survey list,"john2008jaunsari[Appendix A.2, printed p. 46, item 41, Chakrata]",,,siljaunsari2008:g041:sil-jaunsari-2008-chakrata:i1,,,,dialect:jaun:sil-jaunsari-2008-chakrata:Chakrata
jaun,,dʒɦuɳ,moon,,dʒɦuɳ,Appendix A.2 lexical-similarity group 2; Jaunsari,"john2008jaunsari[Appendix A.2, printed p. 46, item 42, Korwa]",,,siljaunsari2008:g042:sil-jaunsari-2008-korwa:i1,,,,dialect:jaun:sil-jaunsari-2008-korwa:Korwa
jaun,,dʒɦuɳ,moon,,dʒɦuɳ,Appendix A.2 lexical-similarity group 2; Jaunsari,"john2008jaunsari[Appendix A.2, printed p. 46, item 42, Khanaad]",,,siljaunsari2008:g042:sil-jaunsari-2008-khanaad:i1,,,,dialect:jaun:sil-jaunsari-2008-khanaad:Khanaad
jaun,,ʈikɾan,moon,,ʈikɾan,Appendix A.2 lexical-similarity group 3; Jaunsari,"john2008jaunsari[Appendix A.2, printed p. 46, item 42, Khanaad]",,,siljaunsari2008:g042:sil-jaunsari-2008-khanaad:i2,,,,dialect:jaun:sil-jaunsari-2008-khanaad:Khanaad
jaun,,ʈikəɾaɳi,moon,,ʈikəɾaɳi,Appendix A.2 lexical-similarity group 3; Jaunsari,"john2008jaunsari[Appendix A.2, printed p. 46, item 42, Chapnu]",,,siljaunsari2008:g042:sil-jaunsari-2008-chapnu:i1,,,,dialect:jaun:sil-jaunsari-2008-chapnu:Chapnu
jaun,,dʒɦuɳ,moon,,dʒɦuɳ,Appendix A.2 lexical-similarity group 2; Jaunsari-Bawari,"john2008jaunsari[Appendix A.2, printed p. 46, item 42, Bhandroli]",,,siljaunsari2008:g042:sil-jaunsari-2008-bhandroli:i1,,,,dialect:jaun:sil-jaunsari-2008-bhandroli:Bhandroli
jaun,,dʒɦuɳ,moon,,dʒɦuɳ,Appendix A.2 lexical-similarity group 2; Jaunsari-Bawari,"john2008jaunsari[Appendix A.2, printed p. 46, item 42, Maindrath]",,,siljaunsari2008:g042:sil-jaunsari-2008-maindrath:i1,,,,dialect:jaun:sil-jaunsari-2008-maindrath:Maindrath
jaun,,tʃand̪,moon,,tʃand̪,Appendix A.2 lexical-similarity group 1; Jaunsari-Garhwali border mix,"john2008jaunsari[Appendix A.2, printed p. 46, item 42, Lakhamandal]",,,siljaunsari2008:g042:sil-jaunsari-2008-lakhamandal:i1,,,,dialect:jaun:sil-jaunsari-2008-lakhamandal:Lakhamandal
jaun,,dʒɦun,moon,,dʒɦun,Appendix A.2 lexical-similarity group 2; Jaunsari-Garhwali border mix,"john2008jaunsari[Appendix A.2, printed p. 46, item 42, Lakhamandal]",,,siljaunsari2008:g042:sil-jaunsari-2008-lakhamandal:i2,,,,dialect:jaun:sil-jaunsari-2008-lakhamandal:Lakhamandal
jaun,,dʒun,moon,,dʒun,Appendix A.2 lexical-similarity group 2; previous Garhwali survey list,"john2008jaunsari[Appendix A.2, printed p. 46, item 42, Chakrata]",,,siljaunsari2008:g042:sil-jaunsari-2008-chakrata:i1,,,,dialect:jaun:sil-jaunsari-2008-chakrata:Chakrata
jaun,,gɛɳ,sky,,gɛɳ,Appendix A.2 lexical-similarity group 2; Jaunsari,"john2008jaunsari[Appendix A.2, printed p. 46, item 43, Korwa]",,,siljaunsari2008:g043:sil-jaunsari-2008-korwa:i1,,,,dialect:jaun:sil-jaunsari-2008-korwa:Korwa
jaun,,gẽɳ,sky,,gẽɳ,Appendix A.2 lexical-similarity group 2; Jaunsari,"john2008jaunsari[Appendix A.2, printed p. 46, item 43, Khanaad]",,,siljaunsari2008:g043:sil-jaunsari-2008-khanaad:i1,,,,dialect:jaun:sil-jaunsari-2008-khanaad:Khanaad
jaun,,gɔjɳə,sky,,gɔjɳə,Appendix A.2 lexical-similarity group 2; Jaunsari,"john2008jaunsari[Appendix A.2, printed p. 46, item 43, Chapnu]",,,siljaunsari2008:g043:sil-jaunsari-2008-chapnu:i1,,,,dialect:jaun:sil-jaunsari-2008-chapnu:Chapnu
jaun,,gɔjəɳ,sky,,gɔjəɳ,Appendix A.2 lexical-similarity group 2; Jaunsari-Bawari,"john2008jaunsari[Appendix A.2, printed p. 46, item 43, Bhandroli]",,,siljaunsari2008:g043:sil-jaunsari-2008-bhandroli:i1,,,,dialect:jaun:sil-jaunsari-2008-bhandroli:Bhandroli
jaun,,gɔjɳə,sky,,gɔjɳə,Appendix A.2 lexical-similarity group 2; Jaunsari-Bawari,"john2008jaunsari[Appendix A.2, printed p. 46, item 43, Maindrath]",,,siljaunsari2008:g043:sil-jaunsari-2008-maindrath:i1,,,,dialect:jaun:sil-jaunsari-2008-maindrath:Maindrath
jaun,,gẽɳ,sky,,gẽɳ,Appendix A.2 lexical-similarity group 2; Jaunsari-Garhwali border mix,"john2008jaunsari[Appendix A.2, printed p. 46, item 43, Lakhamandal]",,,siljaunsari2008:g043:sil-jaunsari-2008-lakhamandal:i1,,,,dialect:jaun:sil-jaunsari-2008-lakhamandal:Lakhamandal
jaun,,gəiɳ,sky,,gəiɳ,Appendix A.2 lexical-similarity group 2; previous Garhwali survey list,"john2008jaunsari[Appendix A.2, printed p. 46, item 43, Chakrata]",,,siljaunsari2008:g043:sil-jaunsari-2008-chakrata:i1,,,,dialect:jaun:sil-jaunsari-2008-chakrata:Chakrata
jaun,,t̪aɾɐ,star,,t̪aɾɐ,Appendix A.2 lexical-similarity group 1; Jaunsari,"john2008jaunsari[Appendix A.2, printed p. 47, item 44, Korwa]",,,siljaunsari2008:g044:sil-jaunsari-2008-korwa:i1,,,,dialect:jaun:sil-jaunsari-2008-korwa:Korwa
jaun,,t̪aɾɐ,star,,t̪aɾɐ,Appendix A.2 lexical-similarity group 1; Jaunsari,"john2008jaunsari[Appendix A.2, printed p. 47, item 44, Khanaad]",,,siljaunsari2008:g044:sil-jaunsari-2008-khanaad:i1,,,,dialect:jaun:sil-jaunsari-2008-khanaad:Khanaad
jaun,,t̪aɾɐ,star,,t̪aɾɐ,Appendix A.2 lexical-similarity group 1; Jaunsari,"john2008jaunsari[Appendix A.2, printed p. 47, item 44, Chapnu]",,,siljaunsari2008:g044:sil-jaunsari-2008-chapnu:i1,,,,dialect:jaun:sil-jaunsari-2008-chapnu:Chapnu
jaun,,t̪aɾɐ,star,,t̪aɾɐ,Appendix A.2 lexical-similarity group 1; Jaunsari-Bawari,"john2008jaunsari[Appendix A.2, printed p. 47, item 44, Bhandroli]",,,siljaunsari2008:g044:sil-jaunsari-2008-bhandroli:i1,,,,dialect:jaun:sil-jaunsari-2008-bhandroli:Bhandroli
jaun,,t̪aɾɛ,star,,t̪aɾɛ,Appendix A.2 lexical-similarity group 1; Jaunsari-Bawari,"john2008jaunsari[Appendix A.2, printed p. 47, item 44, Maindrath]",,,siljaunsari2008:g044:sil-jaunsari-2008-maindrath:i1,,,,dialect:jaun:sil-jaunsari-2008-maindrath:Maindrath
jaun,,t̪aɾɐ,star,,t̪aɾɐ,Appendix A.2 lexical-similarity group 1; Jaunsari-Garhwali border mix,"john2008jaunsari[Appendix A.2, printed p. 47, item 44, Lakhamandal]",,,siljaunsari2008:g044:sil-jaunsari-2008-lakhamandal:i1,,,,dialect:jaun:sil-jaunsari-2008-lakhamandal:Lakhamandal
jaun,,t̪aɾa,star,,t̪aɾa,Appendix A.2 lexical-similarity group 1; previous Garhwali survey list,"john2008jaunsari[Appendix A.2, printed p. 47, item 44, Chakrata]",,,siljaunsari2008:g044:sil-jaunsari-2008-chakrata:i1,,,,dialect:jaun:sil-jaunsari-2008-chakrata:Chakrata
jaun,,paɳi,rain,,paɳi,Appendix A.2 lexical-similarity group 3; Jaunsari,"john2008jaunsari[Appendix A.2, printed p. 47, item 45, Korwa]",,,siljaunsari2008:g045:sil-jaunsari-2008-korwa:i1,,,,dialect:jaun:sil-jaunsari-2008-korwa:Korwa
jaun,,paɳi,rain,,paɳi,Appendix A.2 lexical-similarity group 3; Jaunsari,"john2008jaunsari[Appendix A.2, printed p. 47, item 45, Khanaad]",,,siljaunsari2008:g045:sil-jaunsari-2008-khanaad:i1,,,,dialect:jaun:sil-jaunsari-2008-khanaad:Khanaad
jaun,,sand̪o,rain,,sand̪o,Appendix A.2 lexical-similarity group 4; Jaunsari,"john2008jaunsari[Appendix A.2, printed p. 47, item 45, Chapnu]",,,siljaunsari2008:g045:sil-jaunsari-2008-chapnu:i1,,,,dialect:jaun:sil-jaunsari-2008-chapnu:Chapnu
jaun,,paɳi,rain,,paɳi,Appendix A.2 lexical-similarity group 3; Jaunsari-Bawari,"john2008jaunsari[Appendix A.2, printed p. 47, item 45, Bhandroli]",,,siljaunsari2008:g045:sil-jaunsari-2008-bhandroli:i1,,,,dialect:jaun:sil-jaunsari-2008-bhandroli:Bhandroli
jaun,,bɐɾiʃ,rain,,bɐɾiʃ,Appendix A.2 lexical-similarity group 1; Jaunsari-Bawari,"john2008jaunsari[Appendix A.2, printed p. 47, item 45, Maindrath]",,,siljaunsari2008:g045:sil-jaunsari-2008-maindrath:i1,,,,dialect:jaun:sil-jaunsari-2008-maindrath:Maindrath
jaun,,paɳi,rain,,paɳi,Appendix A.2 lexical-similarity group 3; Jaunsari-Bawari,"john2008jaunsari[Appendix A.2, printed p. 47, item 45, Maindrath]",,,siljaunsari2008:g045:sil-jaunsari-2008-maindrath:i2,,,,dialect:jaun:sil-jaunsari-2008-maindrath:Maindrath
jaun,,paɳi,rain,,paɳi,Appendix A.2 lexical-similarity group 3; Jaunsari-Garhwali border mix,"john2008jaunsari[Appendix A.2, printed p. 47, item 45, Lakhamandal]",,,siljaunsari2008:g045:sil-jaunsari-2008-lakhamandal:i1,,,,dialect:jaun:sil-jaunsari-2008-lakhamandal:Lakhamandal
jaun,,paɳi,rain,,paɳi,Appendix A.2 lexical-similarity group 3; previous Garhwali survey list,"john2008jaunsari[Appendix A.2, printed p. 47, item 45, Chakrata]",,,siljaunsari2008:g045:sil-jaunsari-2008-chakrata:i1,,,,dialect:jaun:sil-jaunsari-2008-chakrata:Chakrata
jaun,,paɳi,water,,paɳi,Appendix A.2 lexical-similarity group 1; Jaunsari,"john2008jaunsari[Appendix A.2, printed p. 47, item 46, Korwa]",,,siljaunsari2008:g046:sil-jaunsari-2008-korwa:i1,,,,dialect:jaun:sil-jaunsari-2008-korwa:Korwa
jaun,,paɳi,water,,paɳi,Appendix A.2 lexical-similarity group 1; Jaunsari,"john2008jaunsari[Appendix A.2, printed p. 47, item 46, Khanaad]",,,siljaunsari2008:g046:sil-jaunsari-2008-khanaad:i1,,,,dialect:jaun:sil-jaunsari-2008-khanaad:Khanaad
jaun,,paɳi,water,,paɳi,Appendix A.2 lexical-similarity group 1; Jaunsari,"john2008jaunsari[Appendix A.2, printed p. 47, item 46, Chapnu]",,,siljaunsari2008:g046:sil-jaunsari-2008-chapnu:i1,,,,dialect:jaun:sil-jaunsari-2008-chapnu:Chapnu
jaun,,paɳi,water,,paɳi,Appendix A.2 lexical-similarity group 1; Jaunsari-Bawari,"john2008jaunsari[Appendix A.2, printed p. 47, item 46, Bhandroli]",,,siljaunsari2008:g046:sil-jaunsari-2008-bhandroli:i1,,,,dialect:jaun:sil-jaunsari-2008-bhandroli:Bhandroli
jaun,,paɳi,water,,paɳi,Appendix A.2 lexical-similarity group 1; Jaunsari-Bawari,"john2008jaunsari[Appendix A.2, printed p. 47, item 46, Maindrath]",,,siljaunsari2008:g046:sil-jaunsari-2008-maindrath:i1,,,,dialect:jaun:sil-jaunsari-2008-maindrath:Maindrath
jaun,,pɐni,water,,pɐni,Appendix A.2 lexical-similarity group 1; Jaunsari-Garhwali border mix,"john2008jaunsari[Appendix A.2, printed p. 47, item 46, Lakhamandal]",,,siljaunsari2008:g046:sil-jaunsari-2008-lakhamandal:i1,,,,dialect:jaun:sil-jaunsari-2008-lakhamandal:Lakhamandal
jaun,,paɳi,water,,paɳi,Appendix A.2 lexical-similarity group 1; previous Garhwali survey list,"john2008jaunsari[Appendix A.2, printed p. 47, item 46, Chakrata]",,,siljaunsari2008:g046:sil-jaunsari-2008-chakrata:i1,,,,dialect:jaun:sil-jaunsari-2008-chakrata:Chakrata
jaun,,gaɖ,river,,gaɖ,Appendix A.2 lexical-similarity group 3; Jaunsari,"john2008jaunsari[Appendix A.2, printed p. 47, item 47, Korwa]",,,siljaunsari2008:g047:sil-jaunsari-2008-korwa:i1,,,,dialect:jaun:sil-jaunsari-2008-korwa:Korwa
jaun,,gaɖ,river,,gaɖ,Appendix A.2 lexical-similarity group 3; Jaunsari,"john2008jaunsari[Appendix A.2, printed p. 47, item 47, Khanaad]",,,siljaunsari2008:g047:sil-jaunsari-2008-khanaad:i1,,,,dialect:jaun:sil-jaunsari-2008-khanaad:Khanaad
jaun,,gaɖ,river,,gaɖ,Appendix A.2 lexical-similarity group 3; Jaunsari,"john2008jaunsari[Appendix A.2, printed p. 47, item 47, Chapnu]",,,siljaunsari2008:g047:sil-jaunsari-2008-chapnu:i1,,,,dialect:jaun:sil-jaunsari-2008-chapnu:Chapnu
jaun,,nɔ,river,,nɔ,Appendix A.2 lexical-similarity group 2; Jaunsari-Bawari,"john2008jaunsari[Appendix A.2, printed p. 47, item 47, Bhandroli]",,,siljaunsari2008:g047:sil-jaunsari-2008-bhandroli:i1,,,,dialect:jaun:sil-jaunsari-2008-bhandroli:Bhandroli
jaun,,nɔ,river,,nɔ,Appendix A.2 lexical-similarity group 2; Jaunsari-Bawari,"john2008jaunsari[Appendix A.2, printed p. 47, item 47, Maindrath]",,,siljaunsari2008:g047:sil-jaunsari-2008-maindrath:i1,,,,dialect:jaun:sil-jaunsari-2008-maindrath:Maindrath
jaun,,nɐd̪i,river,,nɐd̪i,Appendix A.2 lexical-similarity group 1; Jaunsari-Garhwali border mix,"john2008jaunsari[Appendix A.2, printed p. 47, item 47, Lakhamandal]",,,siljaunsari2008:g047:sil-jaunsari-2008-lakhamandal:i1,,,,dialect:jaun:sil-jaunsari-2008-lakhamandal:Lakhamandal
jaun,,gaːɖ,river,,gaːɖ,Appendix A.2 lexical-similarity group 3; previous Garhwali survey list,"john2008jaunsari[Appendix A.2, printed p. 47, item 47, Chakrata]",,,siljaunsari2008:g047:sil-jaunsari-2008-chakrata:i1,,,,dialect:jaun:sil-jaunsari-2008-chakrata:Chakrata
jaun,,bad̪o,cloud,,bad̪o,Appendix A.2 lexical-similarity group 1; Jaunsari,"john2008jaunsari[Appendix A.2, printed p. 47, item 48, Korwa]",,,siljaunsari2008:g048:sil-jaunsari-2008-korwa:i1,,,,dialect:jaun:sil-jaunsari-2008-korwa:Korwa
jaun,,bad̪o,cloud,,bad̪o,Appendix A.2 lexical-similarity group 1; Jaunsari,"john2008jaunsari[Appendix A.2, printed p. 47, item 48, Khanaad]",,,siljaunsari2008:g048:sil-jaunsari-2008-khanaad:i1,,,,dialect:jaun:sil-jaunsari-2008-khanaad:Khanaad
jaun,,bad̪o,cloud,,bad̪o,Appendix A.2 lexical-similarity group 1; Jaunsari,"john2008jaunsari[Appendix A.2, printed p. 47, item 48, Chapnu]",,,siljaunsari2008:g048:sil-jaunsari-2008-chapnu:i1,,,,dialect:jaun:sil-jaunsari-2008-chapnu:Chapnu
jaun,,bad̪ɐl,cloud,,bad̪ɐl,Appendix A.2 lexical-similarity group 1; Jaunsari-Bawari,"john2008jaunsari[Appendix A.2, printed p. 47, item 48, Bhandroli]",,,siljaunsari2008:g048:sil-jaunsari-2008-bhandroli:i1,,,,dialect:jaun:sil-jaunsari-2008-bhandroli:Bhandroli
jaun,,bad̪ɐl,cloud,,bad̪ɐl,Appendix A.2 lexical-similarity group 1; Jaunsari-Bawari,"john2008jaunsari[Appendix A.2, printed p. 47, item 48, Maindrath]",,,siljaunsari2008:g048:sil-jaunsari-2008-maindrath:i1,,,,dialect:jaun:sil-jaunsari-2008-maindrath:Maindrath
jaun,,bɐd̪əl,cloud,,bɐd̪əl,Appendix A.2 lexical-similarity group 1; Jaunsari-Garhwali border mix,"john2008jaunsari[Appendix A.2, printed p. 47, item 48, Lakhamandal]",,,siljaunsari2008:g048:sil-jaunsari-2008-lakhamandal:i1,,,,dialect:jaun:sil-jaunsari-2008-lakhamandal:Lakhamandal
jaun,,bad̪ʒ,cloud,,bad̪ʒ,Appendix A.2 lexical-similarity group 1; previous Garhwali survey list,"john2008jaunsari[Appendix A.2, printed p. 47, item 48, Chakrata]",,,siljaunsari2008:g048:sil-jaunsari-2008-chakrata:i1,,,,dialect:jaun:sil-jaunsari-2008-chakrata:Chakrata
jaun,,tʃɐlkaɳa,lightning,,tʃɐlkaɳa,Appendix A.2 lexical-similarity group 2; Jaunsari,"john2008jaunsari[Appendix A.2, printed p. 47, item 49, Korwa]",,,siljaunsari2008:g049:sil-jaunsari-2008-korwa:i1,,,,dialect:jaun:sil-jaunsari-2008-korwa:Korwa
jaun,,tʃhɐlkaʋ,lightning,,tʃhɐlkaʋ,Appendix A.2 lexical-similarity group 2; Jaunsari,"john2008jaunsari[Appendix A.2, printed p. 47, item 49, Khanaad]",,,siljaunsari2008:g049:sil-jaunsari-2008-khanaad:i1,,,,dialect:jaun:sil-jaunsari-2008-khanaad:Khanaad
jaun,,tʃhɐlkaʋ,lightning,,tʃhɐlkaʋ,Appendix A.2 lexical-similarity group 2; Jaunsari,"john2008jaunsari[Appendix A.2, printed p. 47, item 49, Chapnu]",,,siljaunsari2008:g049:sil-jaunsari-2008-chapnu:i1,,,,dialect:jaun:sil-jaunsari-2008-chapnu:Chapnu
jaun,,tʃɔlkaj,lightning,,tʃɔlkaj,Appendix A.2 lexical-similarity group 2; Jaunsari-Bawari,"john2008jaunsari[Appendix A.2, printed p. 47, item 49, Bhandroli]",,,siljaunsari2008:g049:sil-jaunsari-2008-bhandroli:i1,,,,dialect:jaun:sil-jaunsari-2008-bhandroli:Bhandroli
jaun,,bidʒ,lightning,,bidʒ,Appendix A.2 lexical-similarity group 1; Jaunsari-Bawari,"john2008jaunsari[Appendix A.2, printed p. 47, item 49, Maindrath]",,,siljaunsari2008:g049:sil-jaunsari-2008-maindrath:i1,,,,dialect:jaun:sil-jaunsari-2008-maindrath:Maindrath
jaun,,bɪdʒəli,lightning,,bɪdʒəli,Appendix A.2 lexical-similarity group 1; Jaunsari-Garhwali border mix,"john2008jaunsari[Appendix A.2, printed p. 47, item 49, Lakhamandal]",,,siljaunsari2008:g049:sil-jaunsari-2008-lakhamandal:i1,,,,dialect:jaun:sil-jaunsari-2008-lakhamandal:Lakhamandal
jaun,,bɪdʒəli,lightning,,bɪdʒəli,Appendix A.2 lexical-similarity group 1; previous Garhwali survey list,"john2008jaunsari[Appendix A.2, printed p. 47, item 49, Chakrata]",,,siljaunsari2008:g049:sil-jaunsari-2008-chakrata:i1,,,,dialect:jaun:sil-jaunsari-2008-chakrata:Chakrata
jaun,,ind̪ɾɐd̪hɐɳu,rainbow,,ind̪ɾɐd̪hɐɳu,Appendix A.2 lexical-similarity group 1; Jaunsari,"john2008jaunsari[Appendix A.2, printed p. 48, item 50, Korwa]",,,siljaunsari2008:g050:sil-jaunsari-2008-korwa:i1,,,,dialect:jaun:sil-jaunsari-2008-korwa:Korwa
jaun,,ind̪ɾɐd̪hɐɳu,rainbow,,ind̪ɾɐd̪hɐɳu,Appendix A.2 lexical-similarity group 1; Jaunsari,"john2008jaunsari[Appendix A.2, printed p. 48, item 50, Khanaad]",,,siljaunsari2008:g050:sil-jaunsari-2008-khanaad:i1,,,,dialect:jaun:sil-jaunsari-2008-khanaad:Khanaad
jaun,,indɾədɦənuʃ,rainbow,,indɾədɦənuʃ,Appendix A.2 lexical-similarity group 1; Jaunsari,"john2008jaunsari[Appendix A.2, printed p. 48, item 50, Chapnu]",,,siljaunsari2008:g050:sil-jaunsari-2008-chapnu:i1,,,,dialect:jaun:sil-jaunsari-2008-chapnu:Chapnu
jaun,,dʒun,rainbow,,dʒun,Appendix A.2 lexical-similarity group 2; Jaunsari-Bawari,"john2008jaunsari[Appendix A.2, printed p. 48, item 50, Bhandroli]",,,siljaunsari2008:g050:sil-jaunsari-2008-bhandroli:i1,,,,dialect:jaun:sil-jaunsari-2008-bhandroli:Bhandroli
jaun,,ɾɐŋgɐn d̪hɐnu,rainbow,,ɾɐŋgɐn d̪hɐnu,Appendix A.2 lexical-similarity group 3; Jaunsari-Bawari,"john2008jaunsari[Appendix A.2, printed p. 48, item 50, Maindrath]",,,siljaunsari2008:g050:sil-jaunsari-2008-maindrath:i1,,,,dialect:jaun:sil-jaunsari-2008-maindrath:Maindrath
jaun,,indɾədɦənuʃ,rainbow,,indɾədɦənuʃ,Appendix A.2 lexical-similarity group 1; Jaunsari-Garhwali border mix,"john2008jaunsari[Appendix A.2, printed p. 48, item 50, Lakhamandal]",,,siljaunsari2008:g050:sil-jaunsari-2008-lakhamandal:i1,,,,dialect:jaun:sil-jaunsari-2008-lakhamandal:Lakhamandal
jaun,,indɾədɦənuʃ,rainbow,,indɾədɦənuʃ,Appendix A.2 lexical-similarity group 1; previous Garhwali survey list,"john2008jaunsari[Appendix A.2, printed p. 48, item 50, Chakrata]",,,siljaunsari2008:g050:sil-jaunsari-2008-chakrata:i1,,,,dialect:jaun:sil-jaunsari-2008-chakrata:Chakrata
jaun,,baguɾ,wind,,baguɾ,Appendix A.2 lexical-similarity group 3; Jaunsari,"john2008jaunsari[Appendix A.2, printed p. 48, item 51, Korwa]",,,siljaunsari2008:g051:sil-jaunsari-2008-korwa:i1,,,,dialect:jaun:sil-jaunsari-2008-korwa:Korwa
jaun,,bat̪,wind,,bat̪,Appendix A.2 lexical-similarity group 2; Jaunsari,"john2008jaunsari[Appendix A.2, printed p. 48, item 51, Khanaad]",,,siljaunsari2008:g051:sil-jaunsari-2008-khanaad:i1,,,,dialect:jaun:sil-jaunsari-2008-khanaad:Khanaad
jaun,,baguɾ,wind,,baguɾ,Appendix A.2 lexical-similarity group 3; Jaunsari,"john2008jaunsari[Appendix A.2, printed p. 48, item 51, Chapnu]",,,siljaunsari2008:g051:sil-jaunsari-2008-chapnu:i1,,,,dialect:jaun:sil-jaunsari-2008-chapnu:Chapnu
jaun,,baguɾ,wind,,baguɾ,Appendix A.2 lexical-similarity group 3; Jaunsari-Bawari,"john2008jaunsari[Appendix A.2, printed p. 48, item 51, Bhandroli]",,,siljaunsari2008:g051:sil-jaunsari-2008-bhandroli:i1,,,,dialect:jaun:sil-jaunsari-2008-bhandroli:Bhandroli
jaun,,baguɾ,wind,,baguɾ,Appendix A.2 lexical-similarity group 3; Jaunsari-Bawari,"john2008jaunsari[Appendix A.2, printed p. 48, item 51, Maindrath]",,,siljaunsari2008:g051:sil-jaunsari-2008-maindrath:i1,,,,dialect:jaun:sil-jaunsari-2008-maindrath:Maindrath
jaun,,bat̪,wind,,bat̪,Appendix A.2 lexical-similarity group 2; Jaunsari-Garhwali border mix,"john2008jaunsari[Appendix A.2, printed p. 48, item 51, Lakhamandal]",,,siljaunsari2008:g051:sil-jaunsari-2008-lakhamandal:i1,,,,dialect:jaun:sil-jaunsari-2008-lakhamandal:Lakhamandal
jaun,,baːt̪,wind,,baːt̪,Appendix A.2 lexical-similarity group 2; previous Garhwali survey list,"john2008jaunsari[Appendix A.2, printed p. 48, item 51, Chakrata]",,,siljaunsari2008:g051:sil-jaunsari-2008-chakrata:i1,,,,dialect:jaun:sil-jaunsari-2008-chakrata:Chakrata
jaun,,ɖuŋguɾ,stone,,ɖuŋguɾ,Appendix A.2 lexical-similarity group 3; Jaunsari,"john2008jaunsari[Appendix A.2, printed p. 48, item 52, Korwa]",,,siljaunsari2008:g052:sil-jaunsari-2008-korwa:i1,,,,dialect:jaun:sil-jaunsari-2008-korwa:Korwa
jaun,,ɖuŋguɾ,stone,,ɖuŋguɾ,Appendix A.2 lexical-similarity group 3; Jaunsari,"john2008jaunsari[Appendix A.2, printed p. 48, item 52, Khanaad]",,,siljaunsari2008:g052:sil-jaunsari-2008-khanaad:i1,,,,dialect:jaun:sil-jaunsari-2008-khanaad:Khanaad
jaun,,ɖuŋguɾ,stone,,ɖuŋguɾ,Appendix A.2 lexical-similarity group 3; Jaunsari,"john2008jaunsari[Appendix A.2, printed p. 48, item 52, Chapnu]",,,siljaunsari2008:g052:sil-jaunsari-2008-chapnu:i1,,,,dialect:jaun:sil-jaunsari-2008-chapnu:Chapnu
jaun,,ɖuŋguɾ,stone,,ɖuŋguɾ,Appendix A.2 lexical-similarity group 3; Jaunsari-Bawari,"john2008jaunsari[Appendix A.2, printed p. 48, item 52, Bhandroli]",,,siljaunsari2008:g052:sil-jaunsari-2008-bhandroli:i1,,,,dialect:jaun:sil-jaunsari-2008-bhandroli:Bhandroli
jaun,,ɖɦuɭo,stone,,ɖɦuɭo,Appendix A.2 lexical-similarity group 4; Jaunsari-Bawari,"john2008jaunsari[Appendix A.2, printed p. 48, item 52, Maindrath]",,,siljaunsari2008:g052:sil-jaunsari-2008-maindrath:i1,,,,dialect:jaun:sil-jaunsari-2008-maindrath:Maindrath
jaun,,ɖak,stone,,ɖak,Appendix A.2 lexical-similarity group 2; Jaunsari-Garhwali border mix,"john2008jaunsari[Appendix A.2, printed p. 48, item 52, Lakhamandal]",,,siljaunsari2008:g052:sil-jaunsari-2008-lakhamandal:i1,,,,dialect:jaun:sil-jaunsari-2008-lakhamandal:Lakhamandal
jaun,,ɖuŋguɾ,stone,,ɖuŋguɾ,Appendix A.2 lexical-similarity group 3; Jaunsari-Garhwali border mix,"john2008jaunsari[Appendix A.2, printed p. 48, item 52, Lakhamandal]",,,siljaunsari2008:g052:sil-jaunsari-2008-lakhamandal:i2,,,,dialect:jaun:sil-jaunsari-2008-lakhamandal:Lakhamandal
jaun,,ɖuŋguɾ,stone,,ɖuŋguɾ,Appendix A.2 lexical-similarity group 3; previous Garhwali survey list,"john2008jaunsari[Appendix A.2, printed p. 48, item 52, Chakrata]",,,siljaunsari2008:g052:sil-jaunsari-2008-chakrata:i1,,,,dialect:jaun:sil-jaunsari-2008-chakrata:Chakrata
jaun,,baʈ,path,,baʈ,Appendix A.2 lexical-similarity group 2; Jaunsari,"john2008jaunsari[Appendix A.2, printed p. 48, item 53, Korwa]",,,siljaunsari2008:g053:sil-jaunsari-2008-korwa:i1,,,,dialect:jaun:sil-jaunsari-2008-korwa:Korwa
jaun,,baʈ,path,,baʈ,Appendix A.2 lexical-similarity group 2; Jaunsari,"john2008jaunsari[Appendix A.2, printed p. 48, item 53, Khanaad]",,,siljaunsari2008:g053:sil-jaunsari-2008-khanaad:i1,,,,dialect:jaun:sil-jaunsari-2008-khanaad:Khanaad
jaun,,baʈ,path,,baʈ,Appendix A.2 lexical-similarity group 2; Jaunsari,"john2008jaunsari[Appendix A.2, printed p. 48, item 53, Chapnu]",,,siljaunsari2008:g053:sil-jaunsari-2008-chapnu:i1,,,,dialect:jaun:sil-jaunsari-2008-chapnu:Chapnu
jaun,,baʈ,path,,baʈ,Appendix A.2 lexical-similarity group 2; Jaunsari-Bawari,"john2008jaunsari[Appendix A.2, printed p. 48, item 53, Bhandroli]",,,siljaunsari2008:g053:sil-jaunsari-2008-bhandroli:i1,,,,dialect:jaun:sil-jaunsari-2008-bhandroli:Bhandroli
jaun,,baʈ,path,,baʈ,Appendix A.2 lexical-similarity group 2; Jaunsari-Bawari,"john2008jaunsari[Appendix A.2, printed p. 48, item 53, Maindrath]",,,siljaunsari2008:g053:sil-jaunsari-2008-maindrath:i1,,,,dialect:jaun:sil-jaunsari-2008-maindrath:Maindrath
jaun,,ɾast̪a,path,,ɾast̪a,Appendix A.2 lexical-similarity group 1; Jaunsari-Garhwali border mix,"john2008jaunsari[Appendix A.2, printed p. 48, item 53, Lakhamandal]",,,siljaunsari2008:g053:sil-jaunsari-2008-lakhamandal:i1,,,,dialect:jaun:sil-jaunsari-2008-lakhamandal:Lakhamandal
jaun,,baʈ,path,,baʈ,Appendix A.2 lexical-similarity group 2; Jaunsari-Garhwali border mix,"john2008jaunsari[Appendix A.2, printed p. 48, item 53, Lakhamandal]",,,siljaunsari2008:g053:sil-jaunsari-2008-lakhamandal:i2,,,,dialect:jaun:sil-jaunsari-2008-lakhamandal:Lakhamandal
jaun,,baʈ,path,,baʈ,Appendix A.2 lexical-similarity group 2; previous Garhwali survey list,"john2008jaunsari[Appendix A.2, printed p. 48, item 53, Chakrata]",,,siljaunsari2008:g053:sil-jaunsari-2008-chakrata:i1,,,,dialect:jaun:sil-jaunsari-2008-chakrata:Chakrata
jaun,,ɾet̪ɐ,sand,,ɾet̪ɐ,Appendix A.2 lexical-similarity group 2; Jaunsari,"john2008jaunsari[Appendix A.2, printed p. 48, item 54, Korwa]",,,siljaunsari2008:g054:sil-jaunsari-2008-korwa:i1,,,,dialect:jaun:sil-jaunsari-2008-korwa:Korwa
jaun,,ɾik,sand,,ɾik,Appendix A.2 lexical-similarity group 3; Jaunsari,"john2008jaunsari[Appendix A.2, printed p. 48, item 54, Khanaad]",,,siljaunsari2008:g054:sil-jaunsari-2008-khanaad:i1,,,,dialect:jaun:sil-jaunsari-2008-khanaad:Khanaad
jaun,,ɾet̪ɐ,sand,,ɾet̪ɐ,Appendix A.2 lexical-similarity group 2; Jaunsari,"john2008jaunsari[Appendix A.2, printed p. 48, item 54, Chapnu]",,,siljaunsari2008:g054:sil-jaunsari-2008-chapnu:i1,,,,dialect:jaun:sil-jaunsari-2008-chapnu:Chapnu
jaun,,ɾet̪ɐ,sand,,ɾet̪ɐ,Appendix A.2 lexical-similarity group 2; Jaunsari-Bawari,"john2008jaunsari[Appendix A.2, printed p. 48, item 54, Bhandroli]",,,siljaunsari2008:g054:sil-jaunsari-2008-bhandroli:i1,,,,dialect:jaun:sil-jaunsari-2008-bhandroli:Bhandroli
jaun,,bɐlu,sand,,bɐlu,Appendix A.2 lexical-similarity group 1; Jaunsari-Bawari,"john2008jaunsari[Appendix A.2, printed p. 48, item 54, Maindrath]",,,siljaunsari2008:g054:sil-jaunsari-2008-maindrath:i1,,,,dialect:jaun:sil-jaunsari-2008-maindrath:Maindrath
jaun,,ɾet̪,sand,,ɾet̪,Appendix A.2 lexical-similarity group 2; Jaunsari-Garhwali border mix,"john2008jaunsari[Appendix A.2, printed p. 48, item 54, Lakhamandal]",,,siljaunsari2008:g054:sil-jaunsari-2008-lakhamandal:i1,,,,dialect:jaun:sil-jaunsari-2008-lakhamandal:Lakhamandal
jaun,,d̪uŋguɾ,sand,,d̪uŋguɾ,Appendix A.2 lexical-similarity group 4; previous Garhwali survey list,"john2008jaunsari[Appendix A.2, printed p. 48, item 54, Chakrata]",,,siljaunsari2008:g054:sil-jaunsari-2008-chakrata:i1,,,,dialect:jaun:sil-jaunsari-2008-chakrata:Chakrata
jaun,,ag,fire,,ag,Appendix A.2 lexical-similarity group 1; Jaunsari,"john2008jaunsari[Appendix A.2, printed p. 48, item 55, Korwa]",,,siljaunsari2008:g055:sil-jaunsari-2008-korwa:i1,,,,dialect:jaun:sil-jaunsari-2008-korwa:Korwa
jaun,,ag,fire,,ag,Appendix A.2 lexical-similarity group 1; Jaunsari,"john2008jaunsari[Appendix A.2, printed p. 48, item 55, Khanaad]",,,siljaunsari2008:g055:sil-jaunsari-2008-khanaad:i1,,,,dialect:jaun:sil-jaunsari-2008-khanaad:Khanaad
jaun,,ag,fire,,ag,Appendix A.2 lexical-similarity group 1; Jaunsari,"john2008jaunsari[Appendix A.2, printed p. 48, item 55, Chapnu]",,,siljaunsari2008:g055:sil-jaunsari-2008-chapnu:i1,,,,dialect:jaun:sil-jaunsari-2008-chapnu:Chapnu
jaun,,ag,fire,,ag,Appendix A.2 lexical-similarity group 1; Jaunsari-Bawari,"john2008jaunsari[Appendix A.2, printed p. 48, item 55, Bhandroli]",,,siljaunsari2008:g055:sil-jaunsari-2008-bhandroli:i1,,,,dialect:jaun:sil-jaunsari-2008-bhandroli:Bhandroli
jaun,,ag,fire,,ag,Appendix A.2 lexical-similarity group 1; Jaunsari-Bawari,"john2008jaunsari[Appendix A.2, printed p. 48, item 55, Maindrath]",,,siljaunsari2008:g055:sil-jaunsari-2008-maindrath:i1,,,,dialect:jaun:sil-jaunsari-2008-maindrath:Maindrath
jaun,,ag,fire,,ag,Appendix A.2 lexical-similarity group 1; Jaunsari-Garhwali border mix,"john2008jaunsari[Appendix A.2, printed p. 48, item 55, Lakhamandal]",,,siljaunsari2008:g055:sil-jaunsari-2008-lakhamandal:i1,,,,dialect:jaun:sil-jaunsari-2008-lakhamandal:Lakhamandal
jaun,,ag,fire,,ag,Appendix A.2 lexical-similarity group 1; previous Garhwali survey list,"john2008jaunsari[Appendix A.2, printed p. 48, item 55, Chakrata]",,,siljaunsari2008:g055:sil-jaunsari-2008-chakrata:i1,,,,dialect:jaun:sil-jaunsari-2008-chakrata:Chakrata
jaun,,d̪ɦuɐ,smoke,,d̪ɦuɐ,Appendix A.2 lexical-similarity group 1; Jaunsari,"john2008jaunsari[Appendix A.2, printed p. 49, item 56, Korwa]",,,siljaunsari2008:g056:sil-jaunsari-2008-korwa:i1,,,,dialect:jaun:sil-jaunsari-2008-korwa:Korwa
jaun,,d̪ɦuɐ,smoke,,d̪ɦuɐ,Appendix A.2 lexical-similarity group 1; Jaunsari,"john2008jaunsari[Appendix A.2, printed p. 49, item 56, Khanaad]",,,siljaunsari2008:g056:sil-jaunsari-2008-khanaad:i1,,,,dialect:jaun:sil-jaunsari-2008-khanaad:Khanaad
jaun,,d̪ɦuɐ,smoke,,d̪ɦuɐ,Appendix A.2 lexical-similarity group 1; Jaunsari,"john2008jaunsari[Appendix A.2, printed p. 49, item 56, Chapnu]",,,siljaunsari2008:g056:sil-jaunsari-2008-chapnu:i1,,,,dialect:jaun:sil-jaunsari-2008-chapnu:Chapnu
jaun,,d̪ɦuã,smoke,,d̪ɦuã,Appendix A.2 lexical-similarity group 1; Jaunsari-Bawari,"john2008jaunsari[Appendix A.2, printed p. 49, item 56, Bhandroli]",,,siljaunsari2008:g056:sil-jaunsari-2008-bhandroli:i1,,,,dialect:jaun:sil-jaunsari-2008-bhandroli:Bhandroli
jaun,,d̪ɦuɐ,smoke,,d̪ɦuɐ,Appendix A.2 lexical-similarity group 1; Jaunsari-Bawari,"john2008jaunsari[Appendix A.2, printed p. 49, item 56, Maindrath]",,,siljaunsari2008:g056:sil-jaunsari-2008-maindrath:i1,,,,dialect:jaun:sil-jaunsari-2008-maindrath:Maindrath
jaun,,d̪ɦuɐ,smoke,,d̪ɦuɐ,Appendix A.2 lexical-similarity group 1; Jaunsari-Garhwali border mix,"john2008jaunsari[Appendix A.2, printed p. 49, item 56, Lakhamandal]",,,siljaunsari2008:g056:sil-jaunsari-2008-lakhamandal:i1,,,,dialect:jaun:sil-jaunsari-2008-lakhamandal:Lakhamandal
jaun,,d̪ɦuã,smoke,,d̪ɦuã,Appendix A.2 lexical-similarity group 1; previous Garhwali survey list,"john2008jaunsari[Appendix A.2, printed p. 49, item 56, Chakrata]",,,siljaunsari2008:g056:sil-jaunsari-2008-chakrata:i1,,,,dialect:jaun:sil-jaunsari-2008-chakrata:Chakrata
jaun,,tʃaɾ,ash,,tʃaɾ,Appendix A.2 lexical-similarity group 2; Jaunsari,"john2008jaunsari[Appendix A.2, printed p. 49, item 57, Korwa]",,,siljaunsari2008:g057:sil-jaunsari-2008-korwa:i1,,,,dialect:jaun:sil-jaunsari-2008-korwa:Korwa
jaun,,tʃaɾ,ash,,tʃaɾ,Appendix A.2 lexical-similarity group 2; Jaunsari,"john2008jaunsari[Appendix A.2, printed p. 49, item 57, Khanaad]",,,siljaunsari2008:g057:sil-jaunsari-2008-khanaad:i1,,,,dialect:jaun:sil-jaunsari-2008-khanaad:Khanaad
jaun,,tʃaɾ,ash,,tʃaɾ,Appendix A.2 lexical-similarity group 2; Jaunsari,"john2008jaunsari[Appendix A.2, printed p. 49, item 57, Chapnu]",,,siljaunsari2008:g057:sil-jaunsari-2008-chapnu:i1,,,,dialect:jaun:sil-jaunsari-2008-chapnu:Chapnu
jaun,,khe,ash,,khe,Appendix A.2 lexical-similarity group 3; Jaunsari-Bawari,"john2008jaunsari[Appendix A.2, printed p. 49, item 57, Bhandroli]",,,siljaunsari2008:g057:sil-jaunsari-2008-bhandroli:i1,,,,dialect:jaun:sil-jaunsari-2008-bhandroli:Bhandroli
jaun,,tʃhaɾ,ash,,tʃhaɾ,Appendix A.2 lexical-similarity group 2; Jaunsari-Bawari,"john2008jaunsari[Appendix A.2, printed p. 49, item 57, Maindrath]",,,siljaunsari2008:g057:sil-jaunsari-2008-maindrath:i1,,,,dialect:jaun:sil-jaunsari-2008-maindrath:Maindrath
jaun,,tʃaɾu,ash,,tʃaɾu,Appendix A.2 lexical-similarity group 2; Jaunsari-Garhwali border mix,"john2008jaunsari[Appendix A.2, printed p. 49, item 57, Lakhamandal]",,,siljaunsari2008:g057:sil-jaunsari-2008-lakhamandal:i1,,,,dialect:jaun:sil-jaunsari-2008-lakhamandal:Lakhamandal
jaun,,tʃaɾu,ash,,tʃaɾu,Appendix A.2 lexical-similarity group 4; Jaunsari-Garhwali border mix,"john2008jaunsari[Appendix A.2, printed p. 49, item 57, Lakhamandal]",,,siljaunsari2008:g057:sil-jaunsari-2008-lakhamandal:i2,,,,dialect:jaun:sil-jaunsari-2008-lakhamandal:Lakhamandal
jaun,,tʃaɾ,ash,,tʃaɾ,Appendix A.2 lexical-similarity group 2; previous Garhwali survey list,"john2008jaunsari[Appendix A.2, printed p. 49, item 57, Chakrata]",,,siljaunsari2008:g057:sil-jaunsari-2008-chakrata:i1,,,,dialect:jaun:sil-jaunsari-2008-chakrata:Chakrata
jaun,,gɔtʃaɖ,mud,,gɔtʃaɖ,Appendix A.2 lexical-similarity group 1; Jaunsari,"john2008jaunsari[Appendix A.2, printed p. 49, item 58, Korwa]",,,siljaunsari2008:g058:sil-jaunsari-2008-korwa:i1,,,,dialect:jaun:sil-jaunsari-2008-korwa:Korwa
jaun,,hil,mud,,hil,Appendix A.2 lexical-similarity group 2; Jaunsari,"john2008jaunsari[Appendix A.2, printed p. 49, item 58, Khanaad]",,,siljaunsari2008:g058:sil-jaunsari-2008-khanaad:i1,,,,dialect:jaun:sil-jaunsari-2008-khanaad:Khanaad
jaun,,kitʃɐɖ,mud,,kitʃɐɖ,Appendix A.2 lexical-similarity group 1; Jaunsari,"john2008jaunsari[Appendix A.2, printed p. 49, item 58, Chapnu]",,,siljaunsari2008:g058:sil-jaunsari-2008-chapnu:i1,,,,dialect:jaun:sil-jaunsari-2008-chapnu:Chapnu
jaun,,kitʃɐɖ,mud,,kitʃɐɖ,Appendix A.2 lexical-similarity group 3; Jaunsari,"john2008jaunsari[Appendix A.2, printed p. 49, item 58, Chapnu]",,,siljaunsari2008:g058:sil-jaunsari-2008-chapnu:i2,,,,dialect:jaun:sil-jaunsari-2008-chapnu:Chapnu
jaun,,gaɾ,mud,,gaɾ,Appendix A.2 lexical-similarity group 4; Jaunsari-Bawari,"john2008jaunsari[Appendix A.2, printed p. 49, item 58, Bhandroli]",,,siljaunsari2008:g058:sil-jaunsari-2008-bhandroli:i1,,,,dialect:jaun:sil-jaunsari-2008-bhandroli:Bhandroli
jaun,,gaɾ,mud,,gaɾ,Appendix A.2 lexical-similarity group 4; Jaunsari-Bawari,"john2008jaunsari[Appendix A.2, printed p. 49, item 58, Maindrath]",,,siljaunsari2008:g058:sil-jaunsari-2008-maindrath:i1,,,,dialect:jaun:sil-jaunsari-2008-maindrath:Maindrath
jaun,,hil,mud,,hil,Appendix A.2 lexical-similarity group 2; Jaunsari-Garhwali border mix,"john2008jaunsari[Appendix A.2, printed p. 49, item 58, Lakhamandal]",,,siljaunsari2008:g058:sil-jaunsari-2008-lakhamandal:i1,,,,dialect:jaun:sil-jaunsari-2008-lakhamandal:Lakhamandal
jaun,,kɪtʃəɾ,mud,,kɪtʃəɾ,Appendix A.2 lexical-similarity group 3; previous Garhwali survey list,"john2008jaunsari[Appendix A.2, printed p. 49, item 58, Chakrata]",,,siljaunsari2008:g058:sil-jaunsari-2008-chakrata:i1,,,,dialect:jaun:sil-jaunsari-2008-chakrata:Chakrata
jaun,,d̪ɦul,dust,,d̪ɦul,Appendix A.2 lexical-similarity group 1; Jaunsari,"john2008jaunsari[Appendix A.2, printed p. 49, item 59, Korwa]",,,siljaunsari2008:g059:sil-jaunsari-2008-korwa:i1,,,,dialect:jaun:sil-jaunsari-2008-korwa:Korwa
jaun,,khe,dust,,khe,Appendix A.2 lexical-similarity group 2; Jaunsari,"john2008jaunsari[Appendix A.2, printed p. 49, item 59, Khanaad]",,,siljaunsari2008:g059:sil-jaunsari-2008-khanaad:i1,,,,dialect:jaun:sil-jaunsari-2008-khanaad:Khanaad
jaun,,d̪ɦuli,dust,,d̪ɦuli,Appendix A.2 lexical-similarity group 1; Jaunsari,"john2008jaunsari[Appendix A.2, printed p. 49, item 59, Chapnu]",,,siljaunsari2008:g059:sil-jaunsari-2008-chapnu:i1,,,,dialect:jaun:sil-jaunsari-2008-chapnu:Chapnu
jaun,,d̪ɦuɭ,dust,,d̪ɦuɭ,Appendix A.2 lexical-similarity group 1; Jaunsari-Bawari,"john2008jaunsari[Appendix A.2, printed p. 49, item 59, Bhandroli]",,,siljaunsari2008:g059:sil-jaunsari-2008-bhandroli:i1,,,,dialect:jaun:sil-jaunsari-2008-bhandroli:Bhandroli
jaun,,d̪ɦuɖ,dust,,d̪ɦuɖ,Appendix A.2 lexical-similarity group 3; Jaunsari-Bawari,"john2008jaunsari[Appendix A.2, printed p. 49, item 59, Bhandroli]",,,siljaunsari2008:g059:sil-jaunsari-2008-bhandroli:i2,,,,dialect:jaun:sil-jaunsari-2008-bhandroli:Bhandroli
jaun,,d̪ɦuɖau,dust,,d̪ɦuɖau,Appendix A.2 lexical-similarity group 3; Jaunsari-Bawari,"john2008jaunsari[Appendix A.2, printed p. 49, item 59, Maindrath]",,,siljaunsari2008:g059:sil-jaunsari-2008-maindrath:i1,,,,dialect:jaun:sil-jaunsari-2008-maindrath:Maindrath
jaun,,d̪ɦul,dust,,d̪ɦul,Appendix A.2 lexical-similarity group 1; Jaunsari-Garhwali border mix,"john2008jaunsari[Appendix A.2, printed p. 49, item 59, Lakhamandal]",,,siljaunsari2008:g059:sil-jaunsari-2008-lakhamandal:i1,,,,dialect:jaun:sil-jaunsari-2008-lakhamandal:Lakhamandal
jaun,,ke,dust,,ke,Appendix A.2 lexical-similarity group 2; previous Garhwali survey list,"john2008jaunsari[Appendix A.2, printed p. 49, item 59, Chakrata]",,,siljaunsari2008:g059:sil-jaunsari-2008-chakrata:i1,,,,dialect:jaun:sil-jaunsari-2008-chakrata:Chakrata
jaun,,sonɐ,gold,,sonɐ,Appendix A.2 lexical-similarity group 1; Jaunsari,"john2008jaunsari[Appendix A.2, printed p. 49, item 60, Korwa]",,,siljaunsari2008:g060:sil-jaunsari-2008-korwa:i1,,,,dialect:jaun:sil-jaunsari-2008-korwa:Korwa
jaun,,sonɐ,gold,,sonɐ,Appendix A.2 lexical-similarity group 1; Jaunsari,"john2008jaunsari[Appendix A.2, printed p. 49, item 60, Khanaad]",,,siljaunsari2008:g060:sil-jaunsari-2008-khanaad:i1,,,,dialect:jaun:sil-jaunsari-2008-khanaad:Khanaad
jaun,,sunu,gold,,sunu,Appendix A.2 lexical-similarity group 1; Jaunsari,"john2008jaunsari[Appendix A.2, printed p. 49, item 60, Chapnu]",,,siljaunsari2008:g060:sil-jaunsari-2008-chapnu:i1,,,,dialect:jaun:sil-jaunsari-2008-chapnu:Chapnu
jaun,,suno,gold,,suno,Appendix A.2 lexical-similarity group 1; Jaunsari-Bawari,"john2008jaunsari[Appendix A.2, printed p. 49, item 60, Bhandroli]",,,siljaunsari2008:g060:sil-jaunsari-2008-bhandroli:i1,,,,dialect:jaun:sil-jaunsari-2008-bhandroli:Bhandroli
jaun,,sunɐ,gold,,sunɐ,Appendix A.2 lexical-similarity group 1; Jaunsari-Bawari,"john2008jaunsari[Appendix A.2, printed p. 49, item 60, Maindrath]",,,siljaunsari2008:g060:sil-jaunsari-2008-maindrath:i1,,,,dialect:jaun:sil-jaunsari-2008-maindrath:Maindrath
jaun,,sonɐ,gold,,sonɐ,Appendix A.2 lexical-similarity group 1; Jaunsari-Garhwali border mix,"john2008jaunsari[Appendix A.2, printed p. 49, item 60, Lakhamandal]",,,siljaunsari2008:g060:sil-jaunsari-2008-lakhamandal:i1,,,,dialect:jaun:sil-jaunsari-2008-lakhamandal:Lakhamandal
jaun,,sunu,gold,,sunu,Appendix A.2 lexical-similarity group 1; previous Garhwali survey list,"john2008jaunsari[Appendix A.2, printed p. 49, item 60, Chakrata]",,,siljaunsari2008:g060:sil-jaunsari-2008-chakrata:i1,,,,dialect:jaun:sil-jaunsari-2008-chakrata:Chakrata
jaun,,buʈ,tree,,buʈ,Appendix A.2 lexical-similarity group 3; Jaunsari,"john2008jaunsari[Appendix A.2, printed p. 49, item 61, Korwa]",,,siljaunsari2008:g061:sil-jaunsari-2008-korwa:i1,,,,dialect:jaun:sil-jaunsari-2008-korwa:Korwa
jaun,,buʈ,tree,,buʈ,Appendix A.2 lexical-similarity group 3; Jaunsari,"john2008jaunsari[Appendix A.2, printed p. 49, item 61, Khanaad]",,,siljaunsari2008:g061:sil-jaunsari-2008-khanaad:i1,,,,dialect:jaun:sil-jaunsari-2008-khanaad:Khanaad
jaun,,ɖa,tree,,ɖa,Appendix A.2 lexical-similarity group 4; Jaunsari,"john2008jaunsari[Appendix A.2, printed p. 49, item 61, Chapnu]",,,siljaunsari2008:g061:sil-jaunsari-2008-chapnu:i1,,,,dialect:jaun:sil-jaunsari-2008-chapnu:Chapnu
jaun,,buʈ,tree,,buʈ,Appendix A.2 lexical-similarity group 3; Jaunsari-Bawari,"john2008jaunsari[Appendix A.2, printed p. 49, item 61, Bhandroli]",,,siljaunsari2008:g061:sil-jaunsari-2008-bhandroli:i1,,,,dialect:jaun:sil-jaunsari-2008-bhandroli:Bhandroli
jaun,,buʈ,tree,,buʈ,Appendix A.2 lexical-similarity group 3; Jaunsari-Bawari,"john2008jaunsari[Appendix A.2, printed p. 49, item 61, Maindrath]",,,siljaunsari2008:g061:sil-jaunsari-2008-maindrath:i1,,,,dialect:jaun:sil-jaunsari-2008-maindrath:Maindrath
jaun,,buʈ,tree,,buʈ,Appendix A.2 lexical-similarity group 3; Jaunsari-Garhwali border mix,"john2008jaunsari[Appendix A.2, printed p. 49, item 61, Lakhamandal]",,,siljaunsari2008:g061:sil-jaunsari-2008-lakhamandal:i1,,,,dialect:jaun:sil-jaunsari-2008-lakhamandal:Lakhamandal
jaun,,buʈ,tree,,buʈ,Appendix A.2 lexical-similarity group 3; previous Garhwali survey list,"john2008jaunsari[Appendix A.2, printed p. 49, item 61, Chakrata]",,,siljaunsari2008:g061:sil-jaunsari-2008-chakrata:i1,,,,dialect:jaun:sil-jaunsari-2008-chakrata:Chakrata
jaun,,labui,leaf,,labui,Appendix A.2 lexical-similarity group 2; Jaunsari,"john2008jaunsari[Appendix A.2, printed p. 50, item 62, Korwa]",,,siljaunsari2008:g062:sil-jaunsari-2008-korwa:i1,,,,dialect:jaun:sil-jaunsari-2008-korwa:Korwa
jaun,,labu,leaf,,labu,Appendix A.2 lexical-similarity group 2; Jaunsari,"john2008jaunsari[Appendix A.2, printed p. 50, item 62, Khanaad]",,,siljaunsari2008:g062:sil-jaunsari-2008-khanaad:i1,,,,dialect:jaun:sil-jaunsari-2008-khanaad:Khanaad
jaun,,labu,leaf,,labu,Appendix A.2 lexical-similarity group 2; Jaunsari,"john2008jaunsari[Appendix A.2, printed p. 50, item 62, Chapnu]",,,siljaunsari2008:g062:sil-jaunsari-2008-chapnu:i1,,,,dialect:jaun:sil-jaunsari-2008-chapnu:Chapnu
jaun,,labu,leaf,,labu,Appendix A.2 lexical-similarity group 2; Jaunsari-Bawari,"john2008jaunsari[Appendix A.2, printed p. 50, item 62, Bhandroli]",,,siljaunsari2008:g062:sil-jaunsari-2008-bhandroli:i1,,,,dialect:jaun:sil-jaunsari-2008-bhandroli:Bhandroli
jaun,,labu,leaf,,labu,Appendix A.2 lexical-similarity group 2; Jaunsari-Bawari,"john2008jaunsari[Appendix A.2, printed p. 50, item 62, Maindrath]",,,siljaunsari2008:g062:sil-jaunsari-2008-maindrath:i1,,,,dialect:jaun:sil-jaunsari-2008-maindrath:Maindrath
jaun,,labo,leaf,,labo,Appendix A.2 lexical-similarity group 2; Jaunsari-Garhwali border mix,"john2008jaunsari[Appendix A.2, printed p. 50, item 62, Lakhamandal]",,,siljaunsari2008:g062:sil-jaunsari-2008-lakhamandal:i1,,,,dialect:jaun:sil-jaunsari-2008-lakhamandal:Lakhamandal
jaun,,labu,leaf,,labu,Appendix A.2 lexical-similarity group 2; previous Garhwali survey list,"john2008jaunsari[Appendix A.2, printed p. 50, item 62, Chakrata]",,,siljaunsari2008:g062:sil-jaunsari-2008-chakrata:i1,,,,dialect:jaun:sil-jaunsari-2008-chakrata:Chakrata
jaun,,dʒɐɖə,root,,dʒɐɖə,Appendix A.2 lexical-similarity group 1; Jaunsari,"john2008jaunsari[Appendix A.2, printed p. 50, item 63, Korwa]",,,siljaunsari2008:g063:sil-jaunsari-2008-korwa:i1,,,,dialect:jaun:sil-jaunsari-2008-korwa:Korwa
jaun,,dʒʌɖ,root,,dʒʌɖ,Appendix A.2 lexical-similarity group 1; Jaunsari,"john2008jaunsari[Appendix A.2, printed p. 50, item 63, Khanaad]",,,siljaunsari2008:g063:sil-jaunsari-2008-khanaad:i1,,,,dialect:jaun:sil-jaunsari-2008-khanaad:Khanaad
jaun,,dʒɐɖə,root,,dʒɐɖə,Appendix A.2 lexical-similarity group 1; Jaunsari,"john2008jaunsari[Appendix A.2, printed p. 50, item 63, Chapnu]",,,siljaunsari2008:g063:sil-jaunsari-2008-chapnu:i1,,,,dialect:jaun:sil-jaunsari-2008-chapnu:Chapnu
jaun,,dʒoɖɪjɐ,root,,dʒoɖɪjɐ,Appendix A.2 lexical-similarity group 1; Jaunsari-Bawari,"john2008jaunsari[Appendix A.2, printed p. 50, item 63, Bhandroli]",,,siljaunsari2008:g063:sil-jaunsari-2008-bhandroli:i1,,,,dialect:jaun:sil-jaunsari-2008-bhandroli:Bhandroli
jaun,,dʒɐɖə,root,,dʒɐɖə,Appendix A.2 lexical-similarity group 1; Jaunsari-Bawari,"john2008jaunsari[Appendix A.2, printed p. 50, item 63, Maindrath]",,,siljaunsari2008:g063:sil-jaunsari-2008-maindrath:i1,,,,dialect:jaun:sil-jaunsari-2008-maindrath:Maindrath
jaun,,dʒʌɖ,root,,dʒʌɖ,Appendix A.2 lexical-similarity group 1; Jaunsari-Garhwali border mix,"john2008jaunsari[Appendix A.2, printed p. 50, item 63, Lakhamandal]",,,siljaunsari2008:g063:sil-jaunsari-2008-lakhamandal:i1,,,,dialect:jaun:sil-jaunsari-2008-lakhamandal:Lakhamandal
jaun,,dʒəɽ,root,,dʒəɽ,Appendix A.2 lexical-similarity group 1; previous Garhwali survey list,"john2008jaunsari[Appendix A.2, printed p. 50, item 63, Chakrata]",,,siljaunsari2008:g063:sil-jaunsari-2008-chakrata:i1,,,,dialect:jaun:sil-jaunsari-2008-chakrata:Chakrata
jaun,,kanʈɐ,thorn,,kanʈɐ,Appendix A.2 lexical-similarity group 1; Jaunsari,"john2008jaunsari[Appendix A.2, printed p. 50, item 64, Korwa]",,,siljaunsari2008:g064:sil-jaunsari-2008-korwa:i1,,,,dialect:jaun:sil-jaunsari-2008-korwa:Korwa
jaun,,kanʈɐ,thorn,,kanʈɐ,Appendix A.2 lexical-similarity group 2; Jaunsari,"john2008jaunsari[Appendix A.2, printed p. 50, item 64, Korwa]",,,siljaunsari2008:g064:sil-jaunsari-2008-korwa:i2,,,,dialect:jaun:sil-jaunsari-2008-korwa:Korwa
jaun,,kanʈɐ,thorn,,kanʈɐ,Appendix A.2 lexical-similarity group 1; Jaunsari,"john2008jaunsari[Appendix A.2, printed p. 50, item 64, Khanaad]",,,siljaunsari2008:g064:sil-jaunsari-2008-khanaad:i1,,,,dialect:jaun:sil-jaunsari-2008-khanaad:Khanaad
jaun,,kanʈɐ,thorn,,kanʈɐ,Appendix A.2 lexical-similarity group 2; Jaunsari,"john2008jaunsari[Appendix A.2, printed p. 50, item 64, Khanaad]",,,siljaunsari2008:g064:sil-jaunsari-2008-khanaad:i2,,,,dialect:jaun:sil-jaunsari-2008-khanaad:Khanaad
jaun,,kaɳɖɐ,thorn,,kaɳɖɐ,Appendix A.2 lexical-similarity group 1; Jaunsari,"john2008jaunsari[Appendix A.2, printed p. 50, item 64, Chapnu]",,,siljaunsari2008:g064:sil-jaunsari-2008-chapnu:i1,,,,dialect:jaun:sil-jaunsari-2008-chapnu:Chapnu
jaun,,kaɳɖɐ,thorn,,kaɳɖɐ,Appendix A.2 lexical-similarity group 2; Jaunsari,"john2008jaunsari[Appendix A.2, printed p. 50, item 64, Chapnu]",,,siljaunsari2008:g064:sil-jaunsari-2008-chapnu:i2,,,,dialect:jaun:sil-jaunsari-2008-chapnu:Chapnu
jaun,,kanʈɐ,thorn,,kanʈɐ,Appendix A.2 lexical-similarity group 1; Jaunsari-Bawari,"john2008jaunsari[Appendix A.2, printed p. 50, item 64, Bhandroli]",,,siljaunsari2008:g064:sil-jaunsari-2008-bhandroli:i1,,,,dialect:jaun:sil-jaunsari-2008-bhandroli:Bhandroli
jaun,,kanʈɐ,thorn,,kanʈɐ,Appendix A.2 lexical-similarity group 2; Jaunsari-Bawari,"john2008jaunsari[Appendix A.2, printed p. 50, item 64, Bhandroli]",,,siljaunsari2008:g064:sil-jaunsari-2008-bhandroli:i2,,,,dialect:jaun:sil-jaunsari-2008-bhandroli:Bhandroli
jaun,,kaɳɖɐ,thorn,,kaɳɖɐ,Appendix A.2 lexical-similarity group 1; Jaunsari-Bawari,"john2008jaunsari[Appendix A.2, printed p. 50, item 64, Maindrath]",,,siljaunsari2008:g064:sil-jaunsari-2008-maindrath:i1,,,,dialect:jaun:sil-jaunsari-2008-maindrath:Maindrath
jaun,,kaɳɖɐ,thorn,,kaɳɖɐ,Appendix A.2 lexical-similarity group 2; Jaunsari-Bawari,"john2008jaunsari[Appendix A.2, printed p. 50, item 64, Maindrath]",,,siljaunsari2008:g064:sil-jaunsari-2008-maindrath:i2,,,,dialect:jaun:sil-jaunsari-2008-maindrath:Maindrath
jaun,,kaiʈɐ,thorn,,kaiʈɐ,Appendix A.2 lexical-similarity group 2; Jaunsari-Garhwali border mix,"john2008jaunsari[Appendix A.2, printed p. 50, item 64, Lakhamandal]",,,siljaunsari2008:g064:sil-jaunsari-2008-lakhamandal:i1,,,,dialect:jaun:sil-jaunsari-2008-lakhamandal:Lakhamandal
jaun,,kaɳɖa,thorn,,kaɳɖa,Appendix A.2 lexical-similarity group 1; previous Garhwali survey list,"john2008jaunsari[Appendix A.2, printed p. 50, item 64, Chakrata]",,,siljaunsari2008:g064:sil-jaunsari-2008-chakrata:i1,,,,dialect:jaun:sil-jaunsari-2008-chakrata:Chakrata
jaun,,kaɳɖa,thorn,,kaɳɖa,Appendix A.2 lexical-similarity group 2; previous Garhwali survey list,"john2008jaunsari[Appendix A.2, printed p. 50, item 64, Chakrata]",,,siljaunsari2008:g064:sil-jaunsari-2008-chakrata:i2,,,,dialect:jaun:sil-jaunsari-2008-chakrata:Chakrata
jaun,,phul,flower,,phul,Appendix A.2 lexical-similarity group 1; Jaunsari,"john2008jaunsari[Appendix A.2, printed p. 50, item 65, Korwa]",,,siljaunsari2008:g065:sil-jaunsari-2008-korwa:i1,,,,dialect:jaun:sil-jaunsari-2008-korwa:Korwa
jaun,,phul,flower,,phul,Appendix A.2 lexical-similarity group 1; Jaunsari,"john2008jaunsari[Appendix A.2, printed p. 50, item 65, Khanaad]",,,siljaunsari2008:g065:sil-jaunsari-2008-khanaad:i1,,,,dialect:jaun:sil-jaunsari-2008-khanaad:Khanaad
jaun,,phul,flower,,phul,Appendix A.2 lexical-similarity group 1; Jaunsari,"john2008jaunsari[Appendix A.2, printed p. 50, item 65, Chapnu]",,,siljaunsari2008:g065:sil-jaunsari-2008-chapnu:i1,,,,dialect:jaun:sil-jaunsari-2008-chapnu:Chapnu
jaun,,ɸəl,flower,,ɸəl,Appendix A.2 lexical-similarity group 1; Jaunsari-Bawari,"john2008jaunsari[Appendix A.2, printed p. 50, item 65, Bhandroli]",,,siljaunsari2008:g065:sil-jaunsari-2008-bhandroli:i1,,,,dialect:jaun:sil-jaunsari-2008-bhandroli:Bhandroli
jaun,,phul,flower,,phul,Appendix A.2 lexical-similarity group 1; Jaunsari-Bawari,"john2008jaunsari[Appendix A.2, printed p. 50, item 65, Maindrath]",,,siljaunsari2008:g065:sil-jaunsari-2008-maindrath:i1,,,,dialect:jaun:sil-jaunsari-2008-maindrath:Maindrath
jaun,,phul,flower,,phul,Appendix A.2 lexical-similarity group 1; Jaunsari-Garhwali border mix,"john2008jaunsari[Appendix A.2, printed p. 50, item 65, Lakhamandal]",,,siljaunsari2008:g065:sil-jaunsari-2008-lakhamandal:i1,,,,dialect:jaun:sil-jaunsari-2008-lakhamandal:Lakhamandal
jaun,,ɸəl,flower,,ɸəl,Appendix A.2 lexical-similarity group 1; previous Garhwali survey list,"john2008jaunsari[Appendix A.2, printed p. 50, item 65, Chakrata]",,,siljaunsari2008:g065:sil-jaunsari-2008-chakrata:i1,,,,dialect:jaun:sil-jaunsari-2008-chakrata:Chakrata
jaun,,phal,fruit,,phal,Appendix A.2 lexical-similarity group 1; Jaunsari,"john2008jaunsari[Appendix A.2, printed p. 50, item 66, Korwa]",,,siljaunsari2008:g066:sil-jaunsari-2008-korwa:i1,,,,dialect:jaun:sil-jaunsari-2008-korwa:Korwa
jaun,,phɐl,fruit,,phɐl,Appendix A.2 lexical-similarity group 1; Jaunsari,"john2008jaunsari[Appendix A.2, printed p. 50, item 66, Khanaad]",,,siljaunsari2008:g066:sil-jaunsari-2008-khanaad:i1,,,,dialect:jaun:sil-jaunsari-2008-khanaad:Khanaad
jaun,,phal,fruit,,phal,Appendix A.2 lexical-similarity group 1; Jaunsari,"john2008jaunsari[Appendix A.2, printed p. 50, item 66, Chapnu]",,,siljaunsari2008:g066:sil-jaunsari-2008-chapnu:i1,,,,dialect:jaun:sil-jaunsari-2008-chapnu:Chapnu
jaun,,phɐl,fruit,,phɐl,Appendix A.2 lexical-similarity group 1; Jaunsari-Bawari,"john2008jaunsari[Appendix A.2, printed p. 50, item 66, Bhandroli]",,,siljaunsari2008:g066:sil-jaunsari-2008-bhandroli:i1,,,,dialect:jaun:sil-jaunsari-2008-bhandroli:Bhandroli
jaun,,phɐl,fruit,,phɐl,Appendix A.2 lexical-similarity group 1; Jaunsari-Bawari,"john2008jaunsari[Appendix A.2, printed p. 50, item 66, Maindrath]",,,siljaunsari2008:g066:sil-jaunsari-2008-maindrath:i1,,,,dialect:jaun:sil-jaunsari-2008-maindrath:Maindrath
jaun,,phɐl,fruit,,phɐl,Appendix A.2 lexical-similarity group 1; Jaunsari-Garhwali border mix,"john2008jaunsari[Appendix A.2, printed p. 50, item 66, Lakhamandal]",,,siljaunsari2008:g066:sil-jaunsari-2008-lakhamandal:i1,,,,dialect:jaun:sil-jaunsari-2008-lakhamandal:Lakhamandal
jaun,,ɸəl,fruit,,ɸəl,Appendix A.2 lexical-similarity group 1; previous Garhwali survey list,"john2008jaunsari[Appendix A.2, printed p. 50, item 66, Chakrata]",,,siljaunsari2008:g066:sil-jaunsari-2008-chakrata:i1,,,,dialect:jaun:sil-jaunsari-2008-chakrata:Chakrata
jaun,,am,mango,,am,Appendix A.2 lexical-similarity group 1; Jaunsari,"john2008jaunsari[Appendix A.2, printed p. 50, item 67, Korwa]",,,siljaunsari2008:g067:sil-jaunsari-2008-korwa:i1,,,,dialect:jaun:sil-jaunsari-2008-korwa:Korwa
jaun,,am,mango,,am,Appendix A.2 lexical-similarity group 1; Jaunsari,"john2008jaunsari[Appendix A.2, printed p. 50, item 67, Khanaad]",,,siljaunsari2008:g067:sil-jaunsari-2008-khanaad:i1,,,,dialect:jaun:sil-jaunsari-2008-khanaad:Khanaad
jaun,,am,mango,,am,Appendix A.2 lexical-similarity group 1; Jaunsari,"john2008jaunsari[Appendix A.2, printed p. 50, item 67, Chapnu]",,,siljaunsari2008:g067:sil-jaunsari-2008-chapnu:i1,,,,dialect:jaun:sil-jaunsari-2008-chapnu:Chapnu
jaun,,am,mango,,am,Appendix A.2 lexical-similarity group 1; Jaunsari-Bawari,"john2008jaunsari[Appendix A.2, printed p. 50, item 67, Bhandroli]",,,siljaunsari2008:g067:sil-jaunsari-2008-bhandroli:i1,,,,dialect:jaun:sil-jaunsari-2008-bhandroli:Bhandroli
jaun,,am,mango,,am,Appendix A.2 lexical-similarity group 1; Jaunsari-Bawari,"john2008jaunsari[Appendix A.2, printed p. 50, item 67, Maindrath]",,,siljaunsari2008:g067:sil-jaunsari-2008-maindrath:i1,,,,dialect:jaun:sil-jaunsari-2008-maindrath:Maindrath
jaun,,am,mango,,am,Appendix A.2 lexical-similarity group 1; Jaunsari-Garhwali border mix,"john2008jaunsari[Appendix A.2, printed p. 50, item 67, Lakhamandal]",,,siljaunsari2008:g067:sil-jaunsari-2008-lakhamandal:i1,,,,dialect:jaun:sil-jaunsari-2008-lakhamandal:Lakhamandal
jaun,,ɑm,mango,,ɑm,Appendix A.2 lexical-similarity group 1; previous Garhwali survey list,"john2008jaunsari[Appendix A.2, printed p. 50, item 67, Chakrata]",,,siljaunsari2008:g067:sil-jaunsari-2008-chakrata:i1,,,,dialect:jaun:sil-jaunsari-2008-chakrata:Chakrata
jaun,,keɖɐ,banana,,keɖɐ,Appendix A.2 lexical-similarity group 1; Jaunsari,"john2008jaunsari[Appendix A.2, printed p. 51, item 68, Korwa]",,,siljaunsari2008:g068:sil-jaunsari-2008-korwa:i1,,,,dialect:jaun:sil-jaunsari-2008-korwa:Korwa
jaun,,keɖɐ,banana,,keɖɐ,Appendix A.2 lexical-similarity group 2; Jaunsari,"john2008jaunsari[Appendix A.2, printed p. 51, item 68, Korwa]",,,siljaunsari2008:g068:sil-jaunsari-2008-korwa:i2,,,,dialect:jaun:sil-jaunsari-2008-korwa:Korwa
jaun,,kela,banana,,kela,Appendix A.2 lexical-similarity group 1; Jaunsari,"john2008jaunsari[Appendix A.2, printed p. 51, item 68, Khanaad]",,,siljaunsari2008:g068:sil-jaunsari-2008-khanaad:i1,,,,dialect:jaun:sil-jaunsari-2008-khanaad:Khanaad
jaun,,keɖɐ,banana,,keɖɐ,Appendix A.2 lexical-similarity group 1; Jaunsari,"john2008jaunsari[Appendix A.2, printed p. 51, item 68, Chapnu]",,,siljaunsari2008:g068:sil-jaunsari-2008-chapnu:i1,,,,dialect:jaun:sil-jaunsari-2008-chapnu:Chapnu
jaun,,keɖɐ,banana,,keɖɐ,Appendix A.2 lexical-similarity group 2; Jaunsari,"john2008jaunsari[Appendix A.2, printed p. 51, item 68, Chapnu]",,,siljaunsari2008:g068:sil-jaunsari-2008-chapnu:i2,,,,dialect:jaun:sil-jaunsari-2008-chapnu:Chapnu
jaun,,keɖɛ,banana,,keɖɛ,Appendix A.2 lexical-similarity group 1; Jaunsari-Bawari,"john2008jaunsari[Appendix A.2, printed p. 51, item 68, Bhandroli]",,,siljaunsari2008:g068:sil-jaunsari-2008-bhandroli:i1,,,,dialect:jaun:sil-jaunsari-2008-bhandroli:Bhandroli
jaun,,keɖɛ,banana,,keɖɛ,Appendix A.2 lexical-similarity group 2; Jaunsari-Bawari,"john2008jaunsari[Appendix A.2, printed p. 51, item 68, Bhandroli]",,,siljaunsari2008:g068:sil-jaunsari-2008-bhandroli:i2,,,,dialect:jaun:sil-jaunsari-2008-bhandroli:Bhandroli
jaun,,keɖɐ,banana,,keɖɐ,Appendix A.2 lexical-similarity group 1; Jaunsari-Bawari,"john2008jaunsari[Appendix A.2, printed p. 51, item 68, Maindrath]",,,siljaunsari2008:g068:sil-jaunsari-2008-maindrath:i1,,,,dialect:jaun:sil-jaunsari-2008-maindrath:Maindrath
jaun,,keɖɐ,banana,,keɖɐ,Appendix A.2 lexical-similarity group 2; Jaunsari-Bawari,"john2008jaunsari[Appendix A.2, printed p. 51, item 68, Maindrath]",,,siljaunsari2008:g068:sil-jaunsari-2008-maindrath:i2,,,,dialect:jaun:sil-jaunsari-2008-maindrath:Maindrath
jaun,,kela,banana,,kela,Appendix A.2 lexical-similarity group 1; Jaunsari-Garhwali border mix,"john2008jaunsari[Appendix A.2, printed p. 51, item 68, Lakhamandal]",,,siljaunsari2008:g068:sil-jaunsari-2008-lakhamandal:i1,,,,dialect:jaun:sil-jaunsari-2008-lakhamandal:Lakhamandal
jaun,,keɖao,banana,,keɖao,Appendix A.2 lexical-similarity group 2; Jaunsari-Garhwali border mix,"john2008jaunsari[Appendix A.2, printed p. 51, item 68, Lakhamandal]",,,siljaunsari2008:g068:sil-jaunsari-2008-lakhamandal:i2,,,,dialect:jaun:sil-jaunsari-2008-lakhamandal:Lakhamandal
jaun,,keɖəo,banana,,keɖəo,Appendix A.2 lexical-similarity group 2; previous Garhwali survey list,"john2008jaunsari[Appendix A.2, printed p. 51, item 68, Chakrata]",,,siljaunsari2008:g068:sil-jaunsari-2008-chakrata:i1,,,,dialect:jaun:sil-jaunsari-2008-chakrata:Chakrata
jaun,,geu,wheat,,geu,Appendix A.2 lexical-similarity group 1; Jaunsari,"john2008jaunsari[Appendix A.2, printed p. 51, item 69, Korwa]",,,siljaunsari2008:g069:sil-jaunsari-2008-korwa:i1,,,,dialect:jaun:sil-jaunsari-2008-korwa:Korwa
jaun,,gẽu,wheat,,gẽu,Appendix A.2 lexical-similarity group 1; Jaunsari,"john2008jaunsari[Appendix A.2, printed p. 51, item 69, Khanaad]",,,siljaunsari2008:g069:sil-jaunsari-2008-khanaad:i1,,,,dialect:jaun:sil-jaunsari-2008-khanaad:Khanaad
jaun,,gheu,wheat,,gheu,Appendix A.2 lexical-similarity group 1; Jaunsari,"john2008jaunsari[Appendix A.2, printed p. 51, item 69, Chapnu]",,,siljaunsari2008:g069:sil-jaunsari-2008-chapnu:i1,,,,dialect:jaun:sil-jaunsari-2008-chapnu:Chapnu
jaun,,gẽu,wheat,,gẽu,Appendix A.2 lexical-similarity group 1; Jaunsari-Bawari,"john2008jaunsari[Appendix A.2, printed p. 51, item 69, Bhandroli]",,,siljaunsari2008:g069:sil-jaunsari-2008-bhandroli:i1,,,,dialect:jaun:sil-jaunsari-2008-bhandroli:Bhandroli
jaun,,gĩu,wheat,,gĩu,Appendix A.2 lexical-similarity group 1; Jaunsari-Bawari,"john2008jaunsari[Appendix A.2, printed p. 51, item 69, Maindrath]",,,siljaunsari2008:g069:sil-jaunsari-2008-maindrath:i1,,,,dialect:jaun:sil-jaunsari-2008-maindrath:Maindrath
jaun,,gheu,wheat,,gheu,Appendix A.2 lexical-similarity group 1; Jaunsari-Garhwali border mix,"john2008jaunsari[Appendix A.2, printed p. 51, item 69, Lakhamandal]",,,siljaunsari2008:g069:sil-jaunsari-2008-lakhamandal:i1,,,,dialect:jaun:sil-jaunsari-2008-lakhamandal:Lakhamandal
jaun,,gjũ,wheat,,gjũ,Appendix A.2 lexical-similarity group 1; previous Garhwali survey list,"john2008jaunsari[Appendix A.2, printed p. 51, item 69, Chakrata]",,,siljaunsari2008:g069:sil-jaunsari-2008-chakrata:i1,,,,dialect:jaun:sil-jaunsari-2008-chakrata:Chakrata
jaun,,dʒɔ,millet,,dʒɔ,Appendix A.2 lexical-similarity group 1; Jaunsari,"john2008jaunsari[Appendix A.2, printed p. 51, item 70, Korwa]",,,siljaunsari2008:g070:sil-jaunsari-2008-korwa:i1,,,,dialect:jaun:sil-jaunsari-2008-korwa:Korwa
jaun,,dʒɔ,millet,,dʒɔ,Appendix A.2 lexical-similarity group 1; Jaunsari,"john2008jaunsari[Appendix A.2, printed p. 51, item 70, Khanaad]",,,siljaunsari2008:g070:sil-jaunsari-2008-khanaad:i1,,,,dialect:jaun:sil-jaunsari-2008-khanaad:Khanaad
jaun,,dʒɔ,millet,,dʒɔ,Appendix A.2 lexical-similarity group 1; Jaunsari,"john2008jaunsari[Appendix A.2, printed p. 51, item 70, Chapnu]",,,siljaunsari2008:g070:sil-jaunsari-2008-chapnu:i1,,,,dialect:jaun:sil-jaunsari-2008-chapnu:Chapnu
jaun,,dʒɔ,millet,,dʒɔ,Appendix A.2 lexical-similarity group 1; Jaunsari-Bawari,"john2008jaunsari[Appendix A.2, printed p. 51, item 70, Bhandroli]",,,siljaunsari2008:g070:sil-jaunsari-2008-bhandroli:i1,,,,dialect:jaun:sil-jaunsari-2008-bhandroli:Bhandroli
jaun,,dʒɔ,millet,,dʒɔ,Appendix A.2 lexical-similarity group 1; Jaunsari-Bawari,"john2008jaunsari[Appendix A.2, printed p. 51, item 70, Maindrath]",,,siljaunsari2008:g070:sil-jaunsari-2008-maindrath:i1,,,,dialect:jaun:sil-jaunsari-2008-maindrath:Maindrath
jaun,,dʒɔ,millet,,dʒɔ,Appendix A.2 lexical-similarity group 1; Jaunsari-Garhwali border mix,"john2008jaunsari[Appendix A.2, printed p. 51, item 70, Lakhamandal]",,,siljaunsari2008:g070:sil-jaunsari-2008-lakhamandal:i1,,,,dialect:jaun:sil-jaunsari-2008-lakhamandal:Lakhamandal
jaun,,kod̪õ,millet,,kod̪õ,Appendix A.2 lexical-similarity group 2; previous Garhwali survey list,"john2008jaunsari[Appendix A.2, printed p. 51, item 70, Chakrata]",,,siljaunsari2008:g070:sil-jaunsari-2008-chakrata:i1,,,,dialect:jaun:sil-jaunsari-2008-chakrata:Chakrata
jaun,,tʃɔ,rice,,tʃɔ,Appendix A.2 lexical-similarity group 1; Jaunsari,"john2008jaunsari[Appendix A.2, printed p. 51, item 71, Korwa]",,,siljaunsari2008:g071:sil-jaunsari-2008-korwa:i1,,,,dialect:jaun:sil-jaunsari-2008-korwa:Korwa
jaun,,tʃɔ,rice,,tʃɔ,Appendix A.2 lexical-similarity group 1; Jaunsari,"john2008jaunsari[Appendix A.2, printed p. 51, item 71, Khanaad]",,,siljaunsari2008:g071:sil-jaunsari-2008-khanaad:i1,,,,dialect:jaun:sil-jaunsari-2008-khanaad:Khanaad
jaun,,tʃɐu,rice,,tʃɐu,Appendix A.2 lexical-similarity group 1; Jaunsari,"john2008jaunsari[Appendix A.2, printed p. 51, item 71, Chapnu]",,,siljaunsari2008:g071:sil-jaunsari-2008-chapnu:i1,,,,dialect:jaun:sil-jaunsari-2008-chapnu:Chapnu
jaun,,tʃəuɾ,rice,,tʃəuɾ,Appendix A.2 lexical-similarity group 1; Jaunsari-Bawari,"john2008jaunsari[Appendix A.2, printed p. 51, item 71, Bhandroli]",,,siljaunsari2008:g071:sil-jaunsari-2008-bhandroli:i1,,,,dialect:jaun:sil-jaunsari-2008-bhandroli:Bhandroli
jaun,,tʃəul,rice,,tʃəul,Appendix A.2 lexical-similarity group 1; Jaunsari-Bawari,"john2008jaunsari[Appendix A.2, printed p. 51, item 71, Maindrath]",,,siljaunsari2008:g071:sil-jaunsari-2008-maindrath:i1,,,,dialect:jaun:sil-jaunsari-2008-maindrath:Maindrath
jaun,,saʈi,rice,,saʈi,Appendix A.2 lexical-similarity group 2; Jaunsari-Garhwali border mix,"john2008jaunsari[Appendix A.2, printed p. 51, item 71, Lakhamandal]",,,siljaunsari2008:g071:sil-jaunsari-2008-lakhamandal:i1,,,,dialect:jaun:sil-jaunsari-2008-lakhamandal:Lakhamandal
jaun,,tʃɑũ,rice,,tʃɑũ,Appendix A.2 lexical-similarity group 1; previous Garhwali survey list,"john2008jaunsari[Appendix A.2, printed p. 51, item 71, Chakrata]",,,siljaunsari2008:g071:sil-jaunsari-2008-chakrata:i1,,,,dialect:jaun:sil-jaunsari-2008-chakrata:Chakrata
jaun,,alu,potato,,alu,Appendix A.2 lexical-similarity group 1; Jaunsari,"john2008jaunsari[Appendix A.2, printed p. 51, item 72, Korwa]",,,siljaunsari2008:g072:sil-jaunsari-2008-korwa:i1,,,,dialect:jaun:sil-jaunsari-2008-korwa:Korwa
jaun,,alu,potato,,alu,Appendix A.2 lexical-similarity group 1; Jaunsari,"john2008jaunsari[Appendix A.2, printed p. 51, item 72, Khanaad]",,,siljaunsari2008:g072:sil-jaunsari-2008-khanaad:i1,,,,dialect:jaun:sil-jaunsari-2008-khanaad:Khanaad
jaun,,alu,potato,,alu,Appendix A.2 lexical-similarity group 1; Jaunsari,"john2008jaunsari[Appendix A.2, printed p. 51, item 72, Chapnu]",,,siljaunsari2008:g072:sil-jaunsari-2008-chapnu:i1,,,,dialect:jaun:sil-jaunsari-2008-chapnu:Chapnu
jaun,,alu,potato,,alu,Appendix A.2 lexical-similarity group 1; Jaunsari-Bawari,"john2008jaunsari[Appendix A.2, printed p. 51, item 72, Bhandroli]",,,siljaunsari2008:g072:sil-jaunsari-2008-bhandroli:i1,,,,dialect:jaun:sil-jaunsari-2008-bhandroli:Bhandroli
jaun,,alu,potato,,alu,Appendix A.2 lexical-similarity group 1; Jaunsari-Bawari,"john2008jaunsari[Appendix A.2, printed p. 51, item 72, Maindrath]",,,siljaunsari2008:g072:sil-jaunsari-2008-maindrath:i1,,,,dialect:jaun:sil-jaunsari-2008-maindrath:Maindrath
jaun,,alu,potato,,alu,Appendix A.2 lexical-similarity group 1; Jaunsari-Garhwali border mix,"john2008jaunsari[Appendix A.2, printed p. 51, item 72, Lakhamandal]",,,siljaunsari2008:g072:sil-jaunsari-2008-lakhamandal:i1,,,,dialect:jaun:sil-jaunsari-2008-lakhamandal:Lakhamandal
jaun,,alu,potato,,alu,Appendix A.2 lexical-similarity group 1; previous Garhwali survey list,"john2008jaunsari[Appendix A.2, printed p. 51, item 72, Chakrata]",,,siljaunsari2008:g072:sil-jaunsari-2008-chakrata:i1,,,,dialect:jaun:sil-jaunsari-2008-chakrata:Chakrata
jaun,,bɐd̪ag,eggplant,,bɐd̪ag,Appendix A.2 lexical-similarity group 2; Jaunsari,"john2008jaunsari[Appendix A.2, printed p. 51, item 73, Korwa]",,,siljaunsari2008:g073:sil-jaunsari-2008-korwa:i1,,,,dialect:jaun:sil-jaunsari-2008-korwa:Korwa
jaun,,bɐd̪ag,eggplant,,bɐd̪ag,Appendix A.2 lexical-similarity group 2; Jaunsari,"john2008jaunsari[Appendix A.2, printed p. 51, item 73, Khanaad]",,,siljaunsari2008:g073:sil-jaunsari-2008-khanaad:i1,,,,dialect:jaun:sil-jaunsari-2008-khanaad:Khanaad
jaun,,beŋgɐɳ,eggplant,,beŋgɐɳ,Appendix A.2 lexical-similarity group 1; Jaunsari,"john2008jaunsari[Appendix A.2, printed p. 51, item 73, Chapnu]",,,siljaunsari2008:g073:sil-jaunsari-2008-chapnu:i1,,,,dialect:jaun:sil-jaunsari-2008-chapnu:Chapnu
jaun,,bɐd̪ag,eggplant,,bɐd̪ag,Appendix A.2 lexical-similarity group 2; Jaunsari-Bawari,"john2008jaunsari[Appendix A.2, printed p. 51, item 73, Bhandroli]",,,siljaunsari2008:g073:sil-jaunsari-2008-bhandroli:i1,,,,dialect:jaun:sil-jaunsari-2008-bhandroli:Bhandroli
jaun,,beŋgɐɳ,eggplant,,beŋgɐɳ,Appendix A.2 lexical-similarity group 1; Jaunsari-Bawari,"john2008jaunsari[Appendix A.2, printed p. 51, item 73, Maindrath]",,,siljaunsari2008:g073:sil-jaunsari-2008-maindrath:i1,,,,dialect:jaun:sil-jaunsari-2008-maindrath:Maindrath
jaun,,bɐd̪ag,eggplant,,bɐd̪ag,Appendix A.2 lexical-similarity group 2; Jaunsari-Bawari,"john2008jaunsari[Appendix A.2, printed p. 51, item 73, Maindrath]",,,siljaunsari2008:g073:sil-jaunsari-2008-maindrath:i2,,,,dialect:jaun:sil-jaunsari-2008-maindrath:Maindrath
jaun,,bɐt̪açɛ,eggplant,,bɐt̪açɛ,Appendix A.2 lexical-similarity group 3; Jaunsari-Garhwali border mix,"john2008jaunsari[Appendix A.2, printed p. 51, item 73, Lakhamandal]",,,siljaunsari2008:g073:sil-jaunsari-2008-lakhamandal:i1,,,,dialect:jaun:sil-jaunsari-2008-lakhamandal:Lakhamandal
jaun,,bɐt̪açɛ,eggplant,,bɐt̪açɛ,Appendix A.2 lexical-similarity group 4; Jaunsari-Garhwali border mix,"john2008jaunsari[Appendix A.2, printed p. 51, item 73, Lakhamandal]",,,siljaunsari2008:g073:sil-jaunsari-2008-lakhamandal:i2,,,,dialect:jaun:sil-jaunsari-2008-lakhamandal:Lakhamandal
jaun,,bət̪əs,eggplant,,bət̪əs,Appendix A.2 lexical-similarity group 2; previous Garhwali survey list,"john2008jaunsari[Appendix A.2, printed p. 51, item 73, Chakrata]",,,siljaunsari2008:g073:sil-jaunsari-2008-chakrata:i1,,,,dialect:jaun:sil-jaunsari-2008-chakrata:Chakrata
jaun,,bət̪əs,eggplant,,bət̪əs,Appendix A.2 lexical-similarity group 3; previous Garhwali survey list,"john2008jaunsari[Appendix A.2, printed p. 51, item 73, Chakrata]",,,siljaunsari2008:g073:sil-jaunsari-2008-chakrata:i2,,,,dialect:jaun:sil-jaunsari-2008-chakrata:Chakrata
jaun,,mugphɐli,groundnut,,mugphɐli,Appendix A.2 lexical-similarity group 1; Jaunsari,"john2008jaunsari[Appendix A.2, printed p. 52, item 74, Korwa]",,,siljaunsari2008:g074:sil-jaunsari-2008-korwa:i1,,,,dialect:jaun:sil-jaunsari-2008-korwa:Korwa
jaun,,mugphɐli,groundnut,,mugphɐli,Appendix A.2 lexical-similarity group 1; Jaunsari,"john2008jaunsari[Appendix A.2, printed p. 52, item 74, Khanaad]",,,siljaunsari2008:g074:sil-jaunsari-2008-khanaad:i1,,,,dialect:jaun:sil-jaunsari-2008-khanaad:Khanaad
jaun,,çiɖəphɖi,groundnut,,çiɖəphɖi,Appendix A.2 lexical-similarity group 2; Jaunsari,"john2008jaunsari[Appendix A.2, printed p. 52, item 74, Khanaad]",,,siljaunsari2008:g074:sil-jaunsari-2008-khanaad:i2,,,,dialect:jaun:sil-jaunsari-2008-khanaad:Khanaad
jaun,,mugphɐli,groundnut,,mugphɐli,Appendix A.2 lexical-similarity group 1; Jaunsari,"john2008jaunsari[Appendix A.2, printed p. 52, item 74, Chapnu]",,,siljaunsari2008:g074:sil-jaunsari-2008-chapnu:i1,,,,dialect:jaun:sil-jaunsari-2008-chapnu:Chapnu
jaun,,mumphɐli,groundnut,,mumphɐli,Appendix A.2 lexical-similarity group 1; Jaunsari-Bawari,"john2008jaunsari[Appendix A.2, printed p. 52, item 74, Bhandroli]",,,siljaunsari2008:g074:sil-jaunsari-2008-bhandroli:i1,,,,dialect:jaun:sil-jaunsari-2008-bhandroli:Bhandroli
jaun,,mumphɐli,groundnut,,mumphɐli,Appendix A.2 lexical-similarity group 1; Jaunsari-Bawari,"john2008jaunsari[Appendix A.2, printed p. 52, item 74, Maindrath]",,,siljaunsari2008:g074:sil-jaunsari-2008-maindrath:i1,,,,dialect:jaun:sil-jaunsari-2008-maindrath:Maindrath
jaun,,mugphɐli,groundnut,,mugphɐli,Appendix A.2 lexical-similarity group 1; Jaunsari-Garhwali border mix,"john2008jaunsari[Appendix A.2, printed p. 52, item 74, Lakhamandal]",,,siljaunsari2008:g074:sil-jaunsari-2008-lakhamandal:i1,,,,dialect:jaun:sil-jaunsari-2008-lakhamandal:Lakhamandal
jaun,,mũŋɸəɽi,groundnut,,mũŋɸəɽi,Appendix A.2 lexical-similarity group 1; previous Garhwali survey list,"john2008jaunsari[Appendix A.2, printed p. 52, item 74, Chakrata]",,,siljaunsari2008:g074:sil-jaunsari-2008-chakrata:i1,,,,dialect:jaun:sil-jaunsari-2008-chakrata:Chakrata
jaun,,mɐɾtʃɔj,chili,,mɐɾtʃɔj,Appendix A.2 lexical-similarity group 1; Jaunsari,"john2008jaunsari[Appendix A.2, printed p. 52, item 75, Korwa]",,,siljaunsari2008:g075:sil-jaunsari-2008-korwa:i1,,,,dialect:jaun:sil-jaunsari-2008-korwa:Korwa
jaun,,mɐɾtʃ,chili,,mɐɾtʃ,Appendix A.2 lexical-similarity group 1; Jaunsari,"john2008jaunsari[Appendix A.2, printed p. 52, item 75, Khanaad]",,,siljaunsari2008:g075:sil-jaunsari-2008-khanaad:i1,,,,dialect:jaun:sil-jaunsari-2008-khanaad:Khanaad
jaun,,mɐɾtʃɔj,chili,,mɐɾtʃɔj,Appendix A.2 lexical-similarity group 1; Jaunsari,"john2008jaunsari[Appendix A.2, printed p. 52, item 75, Chapnu]",,,siljaunsari2008:g075:sil-jaunsari-2008-chapnu:i1,,,,dialect:jaun:sil-jaunsari-2008-chapnu:Chapnu
jaun,,moɾtʃɔ,chili,,moɾtʃɔ,Appendix A.2 lexical-similarity group 1; Jaunsari-Bawari,"john2008jaunsari[Appendix A.2, printed p. 52, item 75, Bhandroli]",,,siljaunsari2008:g075:sil-jaunsari-2008-bhandroli:i1,,,,dialect:jaun:sil-jaunsari-2008-bhandroli:Bhandroli
jaun,,mɐɾtʃɐ,chili,,mɐɾtʃɐ,Appendix A.2 lexical-similarity group 1; Jaunsari-Bawari,"john2008jaunsari[Appendix A.2, printed p. 52, item 75, Maindrath]",,,siljaunsari2008:g075:sil-jaunsari-2008-maindrath:i1,,,,dialect:jaun:sil-jaunsari-2008-maindrath:Maindrath
jaun,,mɐɾtʃɐ,chili,,mɐɾtʃɐ,Appendix A.2 lexical-similarity group 1; Jaunsari-Garhwali border mix,"john2008jaunsari[Appendix A.2, printed p. 52, item 75, Lakhamandal]",,,siljaunsari2008:g075:sil-jaunsari-2008-lakhamandal:i1,,,,dialect:jaun:sil-jaunsari-2008-lakhamandal:Lakhamandal
jaun,,məɾtʃa,chili,,məɾtʃa,Appendix A.2 lexical-similarity group 1; previous Garhwali survey list,"john2008jaunsari[Appendix A.2, printed p. 52, item 75, Chakrata]",,,siljaunsari2008:g075:sil-jaunsari-2008-chakrata:i1,,,,dialect:jaun:sil-jaunsari-2008-chakrata:Chakrata
jaun,,hɐld̪i,turmeric,,hɐld̪i,Appendix A.2 lexical-similarity group 1; Jaunsari,"john2008jaunsari[Appendix A.2, printed p. 52, item 76, Korwa]",,,siljaunsari2008:g076:sil-jaunsari-2008-korwa:i1,,,,dialect:jaun:sil-jaunsari-2008-korwa:Korwa
jaun,,bɛçaɾ,turmeric,,bɛçaɾ,Appendix A.2 lexical-similarity group 2; Jaunsari,"john2008jaunsari[Appendix A.2, printed p. 52, item 76, Khanaad]",,,siljaunsari2008:g076:sil-jaunsari-2008-khanaad:i1,,,,dialect:jaun:sil-jaunsari-2008-khanaad:Khanaad
jaun,,bɛçaɾ,turmeric,,bɛçaɾ,Appendix A.2 lexical-similarity group 2; Jaunsari,"john2008jaunsari[Appendix A.2, printed p. 52, item 76, Chapnu]",,,siljaunsari2008:g076:sil-jaunsari-2008-chapnu:i1,,,,dialect:jaun:sil-jaunsari-2008-chapnu:Chapnu
jaun,,beʃwaɾ,turmeric,,beʃwaɾ,Appendix A.2 lexical-similarity group 2; Jaunsari-Bawari,"john2008jaunsari[Appendix A.2, printed p. 52, item 76, Bhandroli]",,,siljaunsari2008:g076:sil-jaunsari-2008-bhandroli:i1,,,,dialect:jaun:sil-jaunsari-2008-bhandroli:Bhandroli
jaun,,bɐɭidʒ,turmeric,,bɐɭidʒ,Appendix A.2 lexical-similarity group 3; Jaunsari-Bawari,"john2008jaunsari[Appendix A.2, printed p. 52, item 76, Maindrath]",,,siljaunsari2008:g076:sil-jaunsari-2008-maindrath:i1,,,,dialect:jaun:sil-jaunsari-2008-maindrath:Maindrath
jaun,,bɛsaɾ,turmeric,,bɛsaɾ,Appendix A.2 lexical-similarity group 2; Jaunsari-Garhwali border mix,"john2008jaunsari[Appendix A.2, printed p. 52, item 76, Lakhamandal]",,,siljaunsari2008:g076:sil-jaunsari-2008-lakhamandal:i1,,,,dialect:jaun:sil-jaunsari-2008-lakhamandal:Lakhamandal
jaun,,beʃaɾ,turmeric,,beʃaɾ,Appendix A.2 lexical-similarity group 2; previous Garhwali survey list,"john2008jaunsari[Appendix A.2, printed p. 52, item 76, Chakrata]",,,siljaunsari2008:g076:sil-jaunsari-2008-chakrata:i1,,,,dialect:jaun:sil-jaunsari-2008-chakrata:Chakrata
jaun,,lɐçiɳ,garlic,,lɐçiɳ,Appendix A.2 lexical-similarity group 1; Jaunsari,"john2008jaunsari[Appendix A.2, printed p. 52, item 77, Korwa]",,,siljaunsari2008:g077:sil-jaunsari-2008-korwa:i1,,,,dialect:jaun:sil-jaunsari-2008-korwa:Korwa
jaun,,lɐçiɳ,garlic,,lɐçiɳ,Appendix A.2 lexical-similarity group 1; Jaunsari,"john2008jaunsari[Appendix A.2, printed p. 52, item 77, Khanaad]",,,siljaunsari2008:g077:sil-jaunsari-2008-khanaad:i1,,,,dialect:jaun:sil-jaunsari-2008-khanaad:Khanaad
jaun,,lɐsiɳ,garlic,,lɐsiɳ,Appendix A.2 lexical-similarity group 1; Jaunsari,"john2008jaunsari[Appendix A.2, printed p. 52, item 77, Chapnu]",,,siljaunsari2008:g077:sil-jaunsari-2008-chapnu:i1,,,,dialect:jaun:sil-jaunsari-2008-chapnu:Chapnu
jaun,,lɐsɐɳ,garlic,,lɐsɐɳ,Appendix A.2 lexical-similarity group 1; Jaunsari-Bawari,"john2008jaunsari[Appendix A.2, printed p. 52, item 77, Bhandroli]",,,siljaunsari2008:g077:sil-jaunsari-2008-bhandroli:i1,,,,dialect:jaun:sil-jaunsari-2008-bhandroli:Bhandroli
jaun,,lɐsɐɳ,garlic,,lɐsɐɳ,Appendix A.2 lexical-similarity group 1; Jaunsari-Bawari,"john2008jaunsari[Appendix A.2, printed p. 52, item 77, Maindrath]",,,siljaunsari2008:g077:sil-jaunsari-2008-maindrath:i1,,,,dialect:jaun:sil-jaunsari-2008-maindrath:Maindrath
jaun,,lɐçuɳ,garlic,,lɐçuɳ,Appendix A.2 lexical-similarity group 1; Jaunsari-Garhwali border mix,"john2008jaunsari[Appendix A.2, printed p. 52, item 77, Lakhamandal]",,,siljaunsari2008:g077:sil-jaunsari-2008-lakhamandal:i1,,,,dialect:jaun:sil-jaunsari-2008-lakhamandal:Lakhamandal
jaun,,ləʃiɳ,garlic,,ləʃiɳ,Appendix A.2 lexical-similarity group 1; previous Garhwali survey list,"john2008jaunsari[Appendix A.2, printed p. 52, item 77, Chakrata]",,,siljaunsari2008:g077:sil-jaunsari-2008-chakrata:i1,,,,dialect:jaun:sil-jaunsari-2008-chakrata:Chakrata
jaun,,pjadʒ,onion,,pjadʒ,Appendix A.2 lexical-similarity group 1; Jaunsari,"john2008jaunsari[Appendix A.2, printed p. 52, item 78, Korwa]",,,siljaunsari2008:g078:sil-jaunsari-2008-korwa:i1,,,,dialect:jaun:sil-jaunsari-2008-korwa:Korwa
jaun,,piadʒ,onion,,piadʒ,Appendix A.2 lexical-similarity group 1; Jaunsari,"john2008jaunsari[Appendix A.2, printed p. 52, item 78, Khanaad]",,,siljaunsari2008:g078:sil-jaunsari-2008-khanaad:i1,,,,dialect:jaun:sil-jaunsari-2008-khanaad:Khanaad
jaun,,piadʒ,onion,,piadʒ,Appendix A.2 lexical-similarity group 1; Jaunsari,"john2008jaunsari[Appendix A.2, printed p. 52, item 78, Chapnu]",,,siljaunsari2008:g078:sil-jaunsari-2008-chapnu:i1,,,,dialect:jaun:sil-jaunsari-2008-chapnu:Chapnu
jaun,,pjadʒ,onion,,pjadʒ,Appendix A.2 lexical-similarity group 1; Jaunsari-Bawari,"john2008jaunsari[Appendix A.2, printed p. 52, item 78, Bhandroli]",,,siljaunsari2008:g078:sil-jaunsari-2008-bhandroli:i1,,,,dialect:jaun:sil-jaunsari-2008-bhandroli:Bhandroli
jaun,,pjadʒ,onion,,pjadʒ,Appendix A.2 lexical-similarity group 1; Jaunsari-Bawari,"john2008jaunsari[Appendix A.2, printed p. 52, item 78, Maindrath]",,,siljaunsari2008:g078:sil-jaunsari-2008-maindrath:i1,,,,dialect:jaun:sil-jaunsari-2008-maindrath:Maindrath
jaun,,pjadʒ,onion,,pjadʒ,Appendix A.2 lexical-similarity group 1; Jaunsari-Garhwali border mix,"john2008jaunsari[Appendix A.2, printed p. 52, item 78, Lakhamandal]",,,siljaunsari2008:g078:sil-jaunsari-2008-lakhamandal:i1,,,,dialect:jaun:sil-jaunsari-2008-lakhamandal:Lakhamandal
jaun,,pjadz,onion,,pjadz,Appendix A.2 lexical-similarity group 1; previous Garhwali survey list,"john2008jaunsari[Appendix A.2, printed p. 52, item 78, Chakrata]",,,siljaunsari2008:g078:sil-jaunsari-2008-chakrata:i1,,,,dialect:jaun:sil-jaunsari-2008-chakrata:Chakrata
jaun,,ɵhulgobi,cauliflower,,ɵhulgobi,Appendix A.2 lexical-similarity group 1; Jaunsari,"john2008jaunsari[Appendix A.2, printed p. 52, item 79, Korwa]",,,siljaunsari2008:g079:sil-jaunsari-2008-korwa:i1,,,,dialect:jaun:sil-jaunsari-2008-korwa:Korwa
jaun,,gɔbi,cauliflower,,gɔbi,Appendix A.2 lexical-similarity group 1; Jaunsari,"john2008jaunsari[Appendix A.2, printed p. 52, item 79, Khanaad]",,,siljaunsari2008:g079:sil-jaunsari-2008-khanaad:i1,,,,dialect:jaun:sil-jaunsari-2008-khanaad:Khanaad
jaun,,ɵhulgobi,cauliflower,,ɵhulgobi,Appendix A.2 lexical-similarity group 1; Jaunsari,"john2008jaunsari[Appendix A.2, printed p. 52, item 79, Chapnu]",,,siljaunsari2008:g079:sil-jaunsari-2008-chapnu:i1,,,,dialect:jaun:sil-jaunsari-2008-chapnu:Chapnu
jaun,,ɵhulgobi,cauliflower,,ɵhulgobi,Appendix A.2 lexical-similarity group 1; Jaunsari-Bawari,"john2008jaunsari[Appendix A.2, printed p. 52, item 79, Bhandroli]",,,siljaunsari2008:g079:sil-jaunsari-2008-bhandroli:i1,,,,dialect:jaun:sil-jaunsari-2008-bhandroli:Bhandroli
jaun,,ɵhulgobi,cauliflower,,ɵhulgobi,Appendix A.2 lexical-similarity group 1; Jaunsari-Bawari,"john2008jaunsari[Appendix A.2, printed p. 52, item 79, Maindrath]",,,siljaunsari2008:g079:sil-jaunsari-2008-maindrath:i1,,,,dialect:jaun:sil-jaunsari-2008-maindrath:Maindrath
jaun,,ɵhulgobi,cauliflower,,ɵhulgobi,Appendix A.2 lexical-similarity group 1; Jaunsari-Garhwali border mix,"john2008jaunsari[Appendix A.2, printed p. 52, item 79, Lakhamandal]",,,siljaunsari2008:g079:sil-jaunsari-2008-lakhamandal:i1,,,,dialect:jaun:sil-jaunsari-2008-lakhamandal:Lakhamandal
jaun,,phulgobɦi,cauliflower,,phulgobɦi,Appendix A.2 lexical-similarity group 1; previous Garhwali survey list,"john2008jaunsari[Appendix A.2, printed p. 52, item 79, Chakrata]",,,siljaunsari2008:g079:sil-jaunsari-2008-chakrata:i1,,,,dialect:jaun:sil-jaunsari-2008-chakrata:Chakrata
jaun,,tɐmatɐɾ,tomato,,tɐmatɐɾ,Appendix A.2 lexical-similarity group 1; Jaunsari,"john2008jaunsari[Appendix A.2, printed p. 53, item 80, Korwa]",,,siljaunsari2008:g080:sil-jaunsari-2008-korwa:i1,,,,dialect:jaun:sil-jaunsari-2008-korwa:Korwa
jaun,,tɐmatɐɾ,tomato,,tɐmatɐɾ,Appendix A.2 lexical-similarity group 1; Jaunsari,"john2008jaunsari[Appendix A.2, printed p. 53, item 80, Khanaad]",,,siljaunsari2008:g080:sil-jaunsari-2008-khanaad:i1,,,,dialect:jaun:sil-jaunsari-2008-khanaad:Khanaad
jaun,,tɐmatɐɾ,tomato,,tɐmatɐɾ,Appendix A.2 lexical-similarity group 1; Jaunsari,"john2008jaunsari[Appendix A.2, printed p. 53, item 80, Chapnu]",,,siljaunsari2008:g080:sil-jaunsari-2008-chapnu:i1,,,,dialect:jaun:sil-jaunsari-2008-chapnu:Chapnu
jaun,,tɛmaʈoɾ,tomato,,tɛmaʈoɾ,Appendix A.2 lexical-similarity group 1; Jaunsari-Bawari,"john2008jaunsari[Appendix A.2, printed p. 53, item 80, Bhandroli]",,,siljaunsari2008:g080:sil-jaunsari-2008-bhandroli:i1,,,,dialect:jaun:sil-jaunsari-2008-bhandroli:Bhandroli
jaun,,tɐmatɐɾ,tomato,,tɐmatɐɾ,Appendix A.2 lexical-similarity group 1; Jaunsari-Bawari,"john2008jaunsari[Appendix A.2, printed p. 53, item 80, Maindrath]",,,siljaunsari2008:g080:sil-jaunsari-2008-maindrath:i1,,,,dialect:jaun:sil-jaunsari-2008-maindrath:Maindrath
jaun,,tɐmatɐɾ,tomato,,tɐmatɐɾ,Appendix A.2 lexical-similarity group 1; Jaunsari-Garhwali border mix,"john2008jaunsari[Appendix A.2, printed p. 53, item 80, Lakhamandal]",,,siljaunsari2008:g080:sil-jaunsari-2008-lakhamandal:i1,,,,dialect:jaun:sil-jaunsari-2008-lakhamandal:Lakhamandal
jaun,,tematəɾ,tomato,,tematəɾ,Appendix A.2 lexical-similarity group 1; previous Garhwali survey list,"john2008jaunsari[Appendix A.2, printed p. 53, item 80, Chakrata]",,,siljaunsari2008:g080:sil-jaunsari-2008-chakrata:i1,,,,dialect:jaun:sil-jaunsari-2008-chakrata:Chakrata
jaun,,bɐnd̪gobi,cabbage,,bɐnd̪gobi,Appendix A.2 lexical-similarity group 1; Jaunsari,"john2008jaunsari[Appendix A.2, printed p. 53, item 81, Korwa]",,,siljaunsari2008:g081:sil-jaunsari-2008-korwa:i1,,,,dialect:jaun:sil-jaunsari-2008-korwa:Korwa
jaun,,bɐnd̪gobi,cabbage,,bɐnd̪gobi,Appendix A.2 lexical-similarity group 1; Jaunsari,"john2008jaunsari[Appendix A.2, printed p. 53, item 81, Khanaad]",,,siljaunsari2008:g081:sil-jaunsari-2008-khanaad:i1,,,,dialect:jaun:sil-jaunsari-2008-khanaad:Khanaad
jaun,,bɐnd̪gobi,cabbage,,bɐnd̪gobi,Appendix A.2 lexical-similarity group 1; Jaunsari,"john2008jaunsari[Appendix A.2, printed p. 53, item 81, Chapnu]",,,siljaunsari2008:g081:sil-jaunsari-2008-chapnu:i1,,,,dialect:jaun:sil-jaunsari-2008-chapnu:Chapnu
jaun,,bɐnd̪gobi,cabbage,,bɐnd̪gobi,Appendix A.2 lexical-similarity group 1; Jaunsari-Bawari,"john2008jaunsari[Appendix A.2, printed p. 53, item 81, Bhandroli]",,,siljaunsari2008:g081:sil-jaunsari-2008-bhandroli:i1,,,,dialect:jaun:sil-jaunsari-2008-bhandroli:Bhandroli
jaun,,bɐnd̪gobi,cabbage,,bɐnd̪gobi,Appendix A.2 lexical-similarity group 1; Jaunsari-Bawari,"john2008jaunsari[Appendix A.2, printed p. 53, item 81, Maindrath]",,,siljaunsari2008:g081:sil-jaunsari-2008-maindrath:i1,,,,dialect:jaun:sil-jaunsari-2008-maindrath:Maindrath
jaun,,bɐnd̪gobi,cabbage,,bɐnd̪gobi,Appendix A.2 lexical-similarity group 1; Jaunsari-Garhwali border mix,"john2008jaunsari[Appendix A.2, printed p. 53, item 81, Lakhamandal]",,,siljaunsari2008:g081:sil-jaunsari-2008-lakhamandal:i1,,,,dialect:jaun:sil-jaunsari-2008-lakhamandal:Lakhamandal
jaun,,bəndgobɦi,cabbage,,bəndgobɦi,Appendix A.2 lexical-similarity group 1; previous Garhwali survey list,"john2008jaunsari[Appendix A.2, printed p. 53, item 81, Chakrata]",,,siljaunsari2008:g081:sil-jaunsari-2008-chakrata:i1,,,,dialect:jaun:sil-jaunsari-2008-chakrata:Chakrata
jaun,,t̪el,oil,,t̪el,Appendix A.2 lexical-similarity group 1; Jaunsari,"john2008jaunsari[Appendix A.2, printed p. 53, item 82, Korwa]",,,siljaunsari2008:g082:sil-jaunsari-2008-korwa:i1,,,,dialect:jaun:sil-jaunsari-2008-korwa:Korwa
jaun,,t̪el,oil,,t̪el,Appendix A.2 lexical-similarity group 1; Jaunsari,"john2008jaunsari[Appendix A.2, printed p. 53, item 82, Khanaad]",,,siljaunsari2008:g082:sil-jaunsari-2008-khanaad:i1,,,,dialect:jaun:sil-jaunsari-2008-khanaad:Khanaad
jaun,,t̪el,oil,,t̪el,Appendix A.2 lexical-similarity group 1; Jaunsari,"john2008jaunsari[Appendix A.2, printed p. 53, item 82, Chapnu]",,,siljaunsari2008:g082:sil-jaunsari-2008-chapnu:i1,,,,dialect:jaun:sil-jaunsari-2008-chapnu:Chapnu
jaun,,t̪el,oil,,t̪el,Appendix A.2 lexical-similarity group 1; Jaunsari-Bawari,"john2008jaunsari[Appendix A.2, printed p. 53, item 82, Bhandroli]",,,siljaunsari2008:g082:sil-jaunsari-2008-bhandroli:i1,,,,dialect:jaun:sil-jaunsari-2008-bhandroli:Bhandroli
jaun,,t̪el,oil,,t̪el,Appendix A.2 lexical-similarity group 1; Jaunsari-Bawari,"john2008jaunsari[Appendix A.2, printed p. 53, item 82, Maindrath]",,,siljaunsari2008:g082:sil-jaunsari-2008-maindrath:i1,,,,dialect:jaun:sil-jaunsari-2008-maindrath:Maindrath
jaun,,t̪el,oil,,t̪el,Appendix A.2 lexical-similarity group 1; Jaunsari-Garhwali border mix,"john2008jaunsari[Appendix A.2, printed p. 53, item 82, Lakhamandal]",,,siljaunsari2008:g082:sil-jaunsari-2008-lakhamandal:i1,,,,dialect:jaun:sil-jaunsari-2008-lakhamandal:Lakhamandal
jaun,,t̪el,oil,,t̪el,Appendix A.2 lexical-similarity group 1; previous Garhwali survey list,"john2008jaunsari[Appendix A.2, printed p. 53, item 82, Chakrata]",,,siljaunsari2008:g082:sil-jaunsari-2008-chakrata:i1,,,,dialect:jaun:sil-jaunsari-2008-chakrata:Chakrata
jaun,,nuɳ,salt,,nuɳ,Appendix A.2 lexical-similarity group 1; Jaunsari,"john2008jaunsari[Appendix A.2, printed p. 53, item 83, Korwa]",,,siljaunsari2008:g083:sil-jaunsari-2008-korwa:i1,,,,dialect:jaun:sil-jaunsari-2008-korwa:Korwa
jaun,,nuɳ,salt,,nuɳ,Appendix A.2 lexical-similarity group 2; Jaunsari,"john2008jaunsari[Appendix A.2, printed p. 53, item 83, Korwa]",,,siljaunsari2008:g083:sil-jaunsari-2008-korwa:i2,,,,dialect:jaun:sil-jaunsari-2008-korwa:Korwa
jaun,,nuɳə,salt,,nuɳə,Appendix A.2 lexical-similarity group 1; Jaunsari,"john2008jaunsari[Appendix A.2, printed p. 53, item 83, Khanaad]",,,siljaunsari2008:g083:sil-jaunsari-2008-khanaad:i1,,,,dialect:jaun:sil-jaunsari-2008-khanaad:Khanaad
jaun,,nuɳə,salt,,nuɳə,Appendix A.2 lexical-similarity group 2; Jaunsari,"john2008jaunsari[Appendix A.2, printed p. 53, item 83, Khanaad]",,,siljaunsari2008:g083:sil-jaunsari-2008-khanaad:i2,,,,dialect:jaun:sil-jaunsari-2008-khanaad:Khanaad
jaun,,nuɳə,salt,,nuɳə,Appendix A.2 lexical-similarity group 1; Jaunsari,"john2008jaunsari[Appendix A.2, printed p. 53, item 83, Chapnu]",,,siljaunsari2008:g083:sil-jaunsari-2008-chapnu:i1,,,,dialect:jaun:sil-jaunsari-2008-chapnu:Chapnu
jaun,,nuɳə,salt,,nuɳə,Appendix A.2 lexical-similarity group 2; Jaunsari,"john2008jaunsari[Appendix A.2, printed p. 53, item 83, Chapnu]",,,siljaunsari2008:g083:sil-jaunsari-2008-chapnu:i2,,,,dialect:jaun:sil-jaunsari-2008-chapnu:Chapnu
jaun,,nuɳə,salt,,nuɳə,Appendix A.2 lexical-similarity group 1; Jaunsari-Bawari,"john2008jaunsari[Appendix A.2, printed p. 53, item 83, Bhandroli]",,,siljaunsari2008:g083:sil-jaunsari-2008-bhandroli:i1,,,,dialect:jaun:sil-jaunsari-2008-bhandroli:Bhandroli
jaun,,nuɳə,salt,,nuɳə,Appendix A.2 lexical-similarity group 2; Jaunsari-Bawari,"john2008jaunsari[Appendix A.2, printed p. 53, item 83, Bhandroli]",,,siljaunsari2008:g083:sil-jaunsari-2008-bhandroli:i2,,,,dialect:jaun:sil-jaunsari-2008-bhandroli:Bhandroli
jaun,,nuɳ,salt,,nuɳ,Appendix A.2 lexical-similarity group 1; Jaunsari-Bawari,"john2008jaunsari[Appendix A.2, printed p. 53, item 83, Maindrath]",,,siljaunsari2008:g083:sil-jaunsari-2008-maindrath:i1,,,,dialect:jaun:sil-jaunsari-2008-maindrath:Maindrath
jaun,,nuɳ,salt,,nuɳ,Appendix A.2 lexical-similarity group 2; Jaunsari-Bawari,"john2008jaunsari[Appendix A.2, printed p. 53, item 83, Maindrath]",,,siljaunsari2008:g083:sil-jaunsari-2008-maindrath:i2,,,,dialect:jaun:sil-jaunsari-2008-maindrath:Maindrath
jaun,,nun,salt,,nun,Appendix A.2 lexical-similarity group 1; Jaunsari-Garhwali border mix,"john2008jaunsari[Appendix A.2, printed p. 53, item 83, Lakhamandal]",,,siljaunsari2008:g083:sil-jaunsari-2008-lakhamandal:i1,,,,dialect:jaun:sil-jaunsari-2008-lakhamandal:Lakhamandal
jaun,,nun,salt,,nun,Appendix A.2 lexical-similarity group 1; previous Garhwali survey list,"john2008jaunsari[Appendix A.2, printed p. 53, item 83, Chakrata]",,,siljaunsari2008:g083:sil-jaunsari-2008-chakrata:i1,,,,dialect:jaun:sil-jaunsari-2008-chakrata:Chakrata
jaun,,moso,meat,,moso,Appendix A.2 lexical-similarity group 1; Jaunsari,"john2008jaunsari[Appendix A.2, printed p. 53, item 84, Korwa]",,,siljaunsari2008:g084:sil-jaunsari-2008-korwa:i1,,,,dialect:jaun:sil-jaunsari-2008-korwa:Korwa
jaun,,mɔsɔ,meat,,mɔsɔ,Appendix A.2 lexical-similarity group 1; Jaunsari,"john2008jaunsari[Appendix A.2, printed p. 53, item 84, Khanaad]",,,siljaunsari2008:g084:sil-jaunsari-2008-khanaad:i1,,,,dialect:jaun:sil-jaunsari-2008-khanaad:Khanaad
jaun,,moso,meat,,moso,Appendix A.2 lexical-similarity group 1; Jaunsari,"john2008jaunsari[Appendix A.2, printed p. 53, item 84, Chapnu]",,,siljaunsari2008:g084:sil-jaunsari-2008-chapnu:i1,,,,dialect:jaun:sil-jaunsari-2008-chapnu:Chapnu
jaun,,çikaɾi,meat,,çikaɾi,Appendix A.2 lexical-similarity group 2; Jaunsari,"john2008jaunsari[Appendix A.2, printed p. 53, item 84, Chapnu]",,,siljaunsari2008:g084:sil-jaunsari-2008-chapnu:i2,,,,dialect:jaun:sil-jaunsari-2008-chapnu:Chapnu
jaun,,çikaɾ,meat,,çikaɾ,Appendix A.2 lexical-similarity group 2; Jaunsari-Bawari,"john2008jaunsari[Appendix A.2, printed p. 53, item 84, Bhandroli]",,,siljaunsari2008:g084:sil-jaunsari-2008-bhandroli:i1,,,,dialect:jaun:sil-jaunsari-2008-bhandroli:Bhandroli
jaun,,çikaɾ,meat,,çikaɾ,Appendix A.2 lexical-similarity group 2; Jaunsari-Bawari,"john2008jaunsari[Appendix A.2, printed p. 53, item 84, Maindrath]",,,siljaunsari2008:g084:sil-jaunsari-2008-maindrath:i1,,,,dialect:jaun:sil-jaunsari-2008-maindrath:Maindrath
jaun,,çikaɾ,meat,,çikaɾ,Appendix A.2 lexical-similarity group 2; Jaunsari-Garhwali border mix,"john2008jaunsari[Appendix A.2, printed p. 53, item 84, Lakhamandal]",,,siljaunsari2008:g084:sil-jaunsari-2008-lakhamandal:i1,,,,dialect:jaun:sil-jaunsari-2008-lakhamandal:Lakhamandal
jaun,,maso,meat,,maso,Appendix A.2 lexical-similarity group 1; previous Garhwali survey list,"john2008jaunsari[Appendix A.2, printed p. 53, item 84, Chakrata]",,,siljaunsari2008:g084:sil-jaunsari-2008-chakrata:i1,,,,dialect:jaun:sil-jaunsari-2008-chakrata:Chakrata
jaun,,tʃɐɾbi,fat,,tʃɐɾbi,Appendix A.2 lexical-similarity group 1; Jaunsari,"john2008jaunsari[Appendix A.2, printed p. 53, item 85, Korwa]",,,siljaunsari2008:g085:sil-jaunsari-2008-korwa:i1,,,,dialect:jaun:sil-jaunsari-2008-korwa:Korwa
jaun,,tʃɐɾbi,fat,,tʃɐɾbi,Appendix A.2 lexical-similarity group 1; Jaunsari,"john2008jaunsari[Appendix A.2, printed p. 53, item 85, Khanaad]",,,siljaunsari2008:g085:sil-jaunsari-2008-khanaad:i1,,,,dialect:jaun:sil-jaunsari-2008-khanaad:Khanaad
jaun,,tʃɐɾbi,fat,,tʃɐɾbi,Appendix A.2 lexical-similarity group 1; Jaunsari,"john2008jaunsari[Appendix A.2, printed p. 53, item 85, Chapnu]",,,siljaunsari2008:g085:sil-jaunsari-2008-chapnu:i1,,,,dialect:jaun:sil-jaunsari-2008-chapnu:Chapnu
jaun,,bo,fat,,bo,Appendix A.2 lexical-similarity group 2; Jaunsari-Bawari,"john2008jaunsari[Appendix A.2, printed p. 53, item 85, Bhandroli]",,,siljaunsari2008:g085:sil-jaunsari-2008-bhandroli:i1,,,,dialect:jaun:sil-jaunsari-2008-bhandroli:Bhandroli
jaun,,bo,fat,,bo,Appendix A.2 lexical-similarity group 2; Jaunsari-Bawari,"john2008jaunsari[Appendix A.2, printed p. 53, item 85, Maindrath]",,,siljaunsari2008:g085:sil-jaunsari-2008-maindrath:i1,,,,dialect:jaun:sil-jaunsari-2008-maindrath:Maindrath
jaun,,tʃɐɾbi,fat,,tʃɐɾbi,Appendix A.2 lexical-similarity group 1; Jaunsari-Garhwali border mix,"john2008jaunsari[Appendix A.2, printed p. 53, item 85, Lakhamandal]",,,siljaunsari2008:g085:sil-jaunsari-2008-lakhamandal:i1,,,,dialect:jaun:sil-jaunsari-2008-lakhamandal:Lakhamandal
jaun,,tʃəɾbi,fat,,tʃəɾbi,Appendix A.2 lexical-similarity group 1; previous Garhwali survey list,"john2008jaunsari[Appendix A.2, printed p. 53, item 85, Chakrata]",,,siljaunsari2008:g085:sil-jaunsari-2008-chakrata:i1,,,,dialect:jaun:sil-jaunsari-2008-chakrata:Chakrata
jaun,,matʃi,fish,,matʃi,Appendix A.2 lexical-similarity group 1; Jaunsari,"john2008jaunsari[Appendix A.2, printed p. 54, item 86, Korwa]",,,siljaunsari2008:g086:sil-jaunsari-2008-korwa:i1,,,,dialect:jaun:sil-jaunsari-2008-korwa:Korwa
jaun,,mɐtʃhi,fish,,mɐtʃhi,Appendix A.2 lexical-similarity group 1; Jaunsari,"john2008jaunsari[Appendix A.2, printed p. 54, item 86, Khanaad]",,,siljaunsari2008:g086:sil-jaunsari-2008-khanaad:i1,,,,dialect:jaun:sil-jaunsari-2008-khanaad:Khanaad
jaun,,matʃɦi,fish,,matʃɦi,Appendix A.2 lexical-similarity group 1; Jaunsari,"john2008jaunsari[Appendix A.2, printed p. 54, item 86, Chapnu]",,,siljaunsari2008:g086:sil-jaunsari-2008-chapnu:i1,,,,dialect:jaun:sil-jaunsari-2008-chapnu:Chapnu
jaun,,matʃh,fish,,matʃh,Appendix A.2 lexical-similarity group 1; Jaunsari-Bawari,"john2008jaunsari[Appendix A.2, printed p. 54, item 86, Bhandroli]",,,siljaunsari2008:g086:sil-jaunsari-2008-bhandroli:i1,,,,dialect:jaun:sil-jaunsari-2008-bhandroli:Bhandroli
jaun,,mɐtʃhi,fish,,mɐtʃhi,Appendix A.2 lexical-similarity group 1; Jaunsari-Bawari,"john2008jaunsari[Appendix A.2, printed p. 54, item 86, Maindrath]",,,siljaunsari2008:g086:sil-jaunsari-2008-maindrath:i1,,,,dialect:jaun:sil-jaunsari-2008-maindrath:Maindrath
jaun,,mʌtʃhəli,fish,,mʌtʃhəli,Appendix A.2 lexical-similarity group 1; Jaunsari-Garhwali border mix,"john2008jaunsari[Appendix A.2, printed p. 54, item 86, Lakhamandal]",,,siljaunsari2008:g086:sil-jaunsari-2008-lakhamandal:i1,,,,dialect:jaun:sil-jaunsari-2008-lakhamandal:Lakhamandal
jaun,,matʃha,fish,,matʃha,Appendix A.2 lexical-similarity group 1; previous Garhwali survey list,"john2008jaunsari[Appendix A.2, printed p. 54, item 86, Chakrata]",,,siljaunsari2008:g086:sil-jaunsari-2008-chakrata:i1,,,,dialect:jaun:sil-jaunsari-2008-chakrata:Chakrata
jaun,,kʊkəɖi,chicken,,kʊkəɖi,Appendix A.2 lexical-similarity group 2; Jaunsari,"john2008jaunsari[Appendix A.2, printed p. 54, item 87, Korwa]",,,siljaunsari2008:g087:sil-jaunsari-2008-korwa:i1,,,,dialect:jaun:sil-jaunsari-2008-korwa:Korwa
jaun,,kʊkəɖi,chicken,,kʊkəɖi,Appendix A.2 lexical-similarity group 2; Jaunsari,"john2008jaunsari[Appendix A.2, printed p. 54, item 87, Khanaad]",,,siljaunsari2008:g087:sil-jaunsari-2008-khanaad:i1,,,,dialect:jaun:sil-jaunsari-2008-khanaad:Khanaad
jaun,,kʊkəɖi,chicken,,kʊkəɖi,Appendix A.2 lexical-similarity group 2; Jaunsari,"john2008jaunsari[Appendix A.2, printed p. 54, item 87, Chapnu]",,,siljaunsari2008:g087:sil-jaunsari-2008-chapnu:i1,,,,dialect:jaun:sil-jaunsari-2008-chapnu:Chapnu
jaun,,kʊkəɖi,chicken,,kʊkəɖi,Appendix A.2 lexical-similarity group 2; Jaunsari-Bawari,"john2008jaunsari[Appendix A.2, printed p. 54, item 87, Bhandroli]",,,siljaunsari2008:g087:sil-jaunsari-2008-bhandroli:i1,,,,dialect:jaun:sil-jaunsari-2008-bhandroli:Bhandroli
jaun,,kʊkəɖi,chicken,,kʊkəɖi,Appendix A.2 lexical-similarity group 2; Jaunsari-Bawari,"john2008jaunsari[Appendix A.2, printed p. 54, item 87, Maindrath]",,,siljaunsari2008:g087:sil-jaunsari-2008-maindrath:i1,,,,dialect:jaun:sil-jaunsari-2008-maindrath:Maindrath
jaun,,kʊkəɖi,chicken,,kʊkəɖi,Appendix A.2 lexical-similarity group 2; Jaunsari-Garhwali border mix,"john2008jaunsari[Appendix A.2, printed p. 54, item 87, Lakhamandal]",,,siljaunsari2008:g087:sil-jaunsari-2008-lakhamandal:i1,,,,dialect:jaun:sil-jaunsari-2008-lakhamandal:Lakhamandal
jaun,,kukhəɽi,chicken,,kukhəɽi,Appendix A.2 lexical-similarity group 2; previous Garhwali survey list,"john2008jaunsari[Appendix A.2, printed p. 54, item 87, Chakrata]",,,siljaunsari2008:g087:sil-jaunsari-2008-chakrata:i1,,,,dialect:jaun:sil-jaunsari-2008-chakrata:Chakrata
jaun,,bat̪i,egg,,bat̪i,Appendix A.2 lexical-similarity group 2; Jaunsari,"john2008jaunsari[Appendix A.2, printed p. 54, item 88, Korwa]",,,siljaunsari2008:g088:sil-jaunsari-2008-korwa:i1,,,,dialect:jaun:sil-jaunsari-2008-korwa:Korwa
jaun,,bat̪i,egg,,bat̪i,Appendix A.2 lexical-similarity group 2; Jaunsari,"john2008jaunsari[Appendix A.2, printed p. 54, item 88, Khanaad]",,,siljaunsari2008:g088:sil-jaunsari-2008-khanaad:i1,,,,dialect:jaun:sil-jaunsari-2008-khanaad:Khanaad
jaun,,bat̪i,egg,,bat̪i,Appendix A.2 lexical-similarity group 2; Jaunsari,"john2008jaunsari[Appendix A.2, printed p. 54, item 88, Chapnu]",,,siljaunsari2008:g088:sil-jaunsari-2008-chapnu:i1,,,,dialect:jaun:sil-jaunsari-2008-chapnu:Chapnu
jaun,,bat̪ijɐ,egg,,bat̪ijɐ,Appendix A.2 lexical-similarity group 2; Jaunsari-Bawari,"john2008jaunsari[Appendix A.2, printed p. 54, item 88, Bhandroli]",,,siljaunsari2008:g088:sil-jaunsari-2008-bhandroli:i1,,,,dialect:jaun:sil-jaunsari-2008-bhandroli:Bhandroli
jaun,,peni,egg,,peni,Appendix A.2 lexical-similarity group 3; Jaunsari-Bawari,"john2008jaunsari[Appendix A.2, printed p. 54, item 88, Maindrath]",,,siljaunsari2008:g088:sil-jaunsari-2008-maindrath:i1,,,,dialect:jaun:sil-jaunsari-2008-maindrath:Maindrath
jaun,,bat̪i,egg,,bat̪i,Appendix A.2 lexical-similarity group 2; Jaunsari-Garhwali border mix,"john2008jaunsari[Appendix A.2, printed p. 54, item 88, Lakhamandal]",,,siljaunsari2008:g088:sil-jaunsari-2008-lakhamandal:i1,,,,dialect:jaun:sil-jaunsari-2008-lakhamandal:Lakhamandal
jaun,,bat̪i,egg,,bat̪i,Appendix A.2 lexical-similarity group 2; previous Garhwali survey list,"john2008jaunsari[Appendix A.2, printed p. 54, item 88, Chakrata]",,,siljaunsari2008:g088:sil-jaunsari-2008-chakrata:i1,,,,dialect:jaun:sil-jaunsari-2008-chakrata:Chakrata
jaun,,gã,cow,,gã,Appendix A.2 lexical-similarity group 1; Jaunsari,"john2008jaunsari[Appendix A.2, printed p. 54, item 89, Korwa]",,,siljaunsari2008:g089:sil-jaunsari-2008-korwa:i1,,,,dialect:jaun:sil-jaunsari-2008-korwa:Korwa
jaun,,gãɔ,cow,,gãɔ,Appendix A.2 lexical-similarity group 1; Jaunsari,"john2008jaunsari[Appendix A.2, printed p. 54, item 89, Khanaad]",,,siljaunsari2008:g089:sil-jaunsari-2008-khanaad:i1,,,,dialect:jaun:sil-jaunsari-2008-khanaad:Khanaad
jaun,,gãi,cow,,gãi,Appendix A.2 lexical-similarity group 1; Jaunsari,"john2008jaunsari[Appendix A.2, printed p. 54, item 89, Chapnu]",,,siljaunsari2008:g089:sil-jaunsari-2008-chapnu:i1,,,,dialect:jaun:sil-jaunsari-2008-chapnu:Chapnu
jaun,,gawɸ,cow,,gawɸ,Appendix A.2 lexical-similarity group 1; Jaunsari-Bawari,"john2008jaunsari[Appendix A.2, printed p. 54, item 89, Bhandroli]",,,siljaunsari2008:g089:sil-jaunsari-2008-bhandroli:i1,,,,dialect:jaun:sil-jaunsari-2008-bhandroli:Bhandroli
jaun,,gau,cow,,gau,Appendix A.2 lexical-similarity group 1; Jaunsari-Bawari,"john2008jaunsari[Appendix A.2, printed p. 54, item 89, Maindrath]",,,siljaunsari2008:g089:sil-jaunsari-2008-maindrath:i1,,,,dialect:jaun:sil-jaunsari-2008-maindrath:Maindrath
jaun,,gawɸɖu,cow,,gawɸɖu,Appendix A.2 lexical-similarity group 1; Jaunsari-Garhwali border mix,"john2008jaunsari[Appendix A.2, printed p. 54, item 89, Lakhamandal]",,,siljaunsari2008:g089:sil-jaunsari-2008-lakhamandal:i1,,,,dialect:jaun:sil-jaunsari-2008-lakhamandal:Lakhamandal
jaun,,gawɸɖu,cow,,gawɸɖu,Appendix A.2 lexical-similarity group 2; Jaunsari-Garhwali border mix,"john2008jaunsari[Appendix A.2, printed p. 54, item 89, Lakhamandal]",,,siljaunsari2008:g089:sil-jaunsari-2008-lakhamandal:i2,,,,dialect:jaun:sil-jaunsari-2008-lakhamandal:Lakhamandal
jaun,,gau,cow,,gau,Appendix A.2 lexical-similarity group 1; previous Garhwali survey list,"john2008jaunsari[Appendix A.2, printed p. 54, item 89, Chakrata]",,,siljaunsari2008:g089:sil-jaunsari-2008-chakrata:i1,,,,dialect:jaun:sil-jaunsari-2008-chakrata:Chakrata
jaun,,meʃ,buffalo,,meʃ,Appendix A.2 lexical-similarity group 2; Jaunsari,"john2008jaunsari[Appendix A.2, printed p. 54, item 90, Korwa]",,,siljaunsari2008:g090:sil-jaunsari-2008-korwa:i1,,,,dialect:jaun:sil-jaunsari-2008-korwa:Korwa
jaun,,bɦes,buffalo,,bɦes,Appendix A.2 lexical-similarity group 1; Jaunsari,"john2008jaunsari[Appendix A.2, printed p. 54, item 90, Khanaad]",,,siljaunsari2008:g090:sil-jaunsari-2008-khanaad:i1,,,,dialect:jaun:sil-jaunsari-2008-khanaad:Khanaad
jaun,,mɐʃ,buffalo,,mɐʃ,Appendix A.2 lexical-similarity group 2; Jaunsari,"john2008jaunsari[Appendix A.2, printed p. 54, item 90, Chapnu]",,,siljaunsari2008:g090:sil-jaunsari-2008-chapnu:i1,,,,dialect:jaun:sil-jaunsari-2008-chapnu:Chapnu
jaun,,mɔjç,buffalo,,mɔjç,Appendix A.2 lexical-similarity group 2; Jaunsari-Bawari,"john2008jaunsari[Appendix A.2, printed p. 54, item 90, Bhandroli]",,,siljaunsari2008:g090:sil-jaunsari-2008-bhandroli:i1,,,,dialect:jaun:sil-jaunsari-2008-bhandroli:Bhandroli
jaun,,mɐçi,buffalo,,mɐçi,Appendix A.2 lexical-similarity group 2; Jaunsari-Bawari,"john2008jaunsari[Appendix A.2, printed p. 54, item 90, Maindrath]",,,siljaunsari2008:g090:sil-jaunsari-2008-maindrath:i1,,,,dialect:jaun:sil-jaunsari-2008-maindrath:Maindrath
jaun,,bɦɐs,buffalo,,bɦɐs,Appendix A.2 lexical-similarity group 1; Jaunsari-Garhwali border mix,"john2008jaunsari[Appendix A.2, printed p. 54, item 90, Lakhamandal]",,,siljaunsari2008:g090:sil-jaunsari-2008-lakhamandal:i1,,,,dialect:jaun:sil-jaunsari-2008-lakhamandal:Lakhamandal
jaun,,moiʃ,buffalo,,moiʃ,Appendix A.2 lexical-similarity group 2; previous Garhwali survey list,"john2008jaunsari[Appendix A.2, printed p. 54, item 90, Chakrata]",,,siljaunsari2008:g090:sil-jaunsari-2008-chakrata:i1,,,,dialect:jaun:sil-jaunsari-2008-chakrata:Chakrata
jaun,,d̪ud̪,milk,,d̪ud̪,Appendix A.2 lexical-similarity group 1; Jaunsari,"john2008jaunsari[Appendix A.2, printed p. 54, item 91, Korwa]",,,siljaunsari2008:g091:sil-jaunsari-2008-korwa:i1,,,,dialect:jaun:sil-jaunsari-2008-korwa:Korwa
jaun,,d̪ud̪,milk,,d̪ud̪,Appendix A.2 lexical-similarity group 1; Jaunsari,"john2008jaunsari[Appendix A.2, printed p. 54, item 91, Khanaad]",,,siljaunsari2008:g091:sil-jaunsari-2008-khanaad:i1,,,,dialect:jaun:sil-jaunsari-2008-khanaad:Khanaad
jaun,,d̪ud̪,milk,,d̪ud̪,Appendix A.2 lexical-similarity group 1; Jaunsari,"john2008jaunsari[Appendix A.2, printed p. 54, item 91, Chapnu]",,,siljaunsari2008:g091:sil-jaunsari-2008-chapnu:i1,,,,dialect:jaun:sil-jaunsari-2008-chapnu:Chapnu
jaun,,d̪ud̪,milk,,d̪ud̪,Appendix A.2 lexical-similarity group 1; Jaunsari-Bawari,"john2008jaunsari[Appendix A.2, printed p. 54, item 91, Bhandroli]",,,siljaunsari2008:g091:sil-jaunsari-2008-bhandroli:i1,,,,dialect:jaun:sil-jaunsari-2008-bhandroli:Bhandroli
jaun,,d̪ud̪,milk,,d̪ud̪,Appendix A.2 lexical-similarity group 1; Jaunsari-Bawari,"john2008jaunsari[Appendix A.2, printed p. 54, item 91, Maindrath]",,,siljaunsari2008:g091:sil-jaunsari-2008-maindrath:i1,,,,dialect:jaun:sil-jaunsari-2008-maindrath:Maindrath
jaun,,d̪udɦ,milk,,d̪udɦ,Appendix A.2 lexical-similarity group 1; Jaunsari-Garhwali border mix,"john2008jaunsari[Appendix A.2, printed p. 54, item 91, Lakhamandal]",,,siljaunsari2008:g091:sil-jaunsari-2008-lakhamandal:i1,,,,dialect:jaun:sil-jaunsari-2008-lakhamandal:Lakhamandal
jaun,,d̪udɦ,milk,,d̪udɦ,Appendix A.2 lexical-similarity group 1; previous Garhwali survey list,"john2008jaunsari[Appendix A.2, printed p. 54, item 91, Chakrata]",,,siljaunsari2008:g091:sil-jaunsari-2008-chakrata:i1,,,,dialect:jaun:sil-jaunsari-2008-chakrata:Chakrata
jaun,,siŋg,horns,,siŋg,Appendix A.2 lexical-similarity group 1; Jaunsari,"john2008jaunsari[Appendix A.2, printed p. 55, item 92, Korwa]",,,siljaunsari2008:g092:sil-jaunsari-2008-korwa:i1,,,,dialect:jaun:sil-jaunsari-2008-korwa:Korwa
jaun,,siɳ,horns,,siɳ,Appendix A.2 lexical-similarity group 1; Jaunsari,"john2008jaunsari[Appendix A.2, printed p. 55, item 92, Khanaad]",,,siljaunsari2008:g092:sil-jaunsari-2008-khanaad:i1,,,,dialect:jaun:sil-jaunsari-2008-khanaad:Khanaad
jaun,,çiŋg,horns,,çiŋg,Appendix A.2 lexical-similarity group 1; Jaunsari,"john2008jaunsari[Appendix A.2, printed p. 55, item 92, Chapnu]",,,siljaunsari2008:g092:sil-jaunsari-2008-chapnu:i1,,,,dialect:jaun:sil-jaunsari-2008-chapnu:Chapnu
jaun,,siŋg,horns,,siŋg,Appendix A.2 lexical-similarity group 1; Jaunsari-Bawari,"john2008jaunsari[Appendix A.2, printed p. 55, item 92, Bhandroli]",,,siljaunsari2008:g092:sil-jaunsari-2008-bhandroli:i1,,,,dialect:jaun:sil-jaunsari-2008-bhandroli:Bhandroli
jaun,,siŋg,horns,,siŋg,Appendix A.2 lexical-similarity group 1; Jaunsari-Bawari,"john2008jaunsari[Appendix A.2, printed p. 55, item 92, Maindrath]",,,siljaunsari2008:g092:sil-jaunsari-2008-maindrath:i1,,,,dialect:jaun:sil-jaunsari-2008-maindrath:Maindrath
jaun,,siŋg,horns,,siŋg,Appendix A.2 lexical-similarity group 1; Jaunsari-Garhwali border mix,"john2008jaunsari[Appendix A.2, printed p. 55, item 92, Lakhamandal]",,,siljaunsari2008:g092:sil-jaunsari-2008-lakhamandal:i1,,,,dialect:jaun:sil-jaunsari-2008-lakhamandal:Lakhamandal
jaun,,ʃiŋ,horns,,ʃiŋ,Appendix A.2 lexical-similarity group 1; previous Garhwali survey list,"john2008jaunsari[Appendix A.2, printed p. 55, item 92, Chakrata]",,,siljaunsari2008:g092:sil-jaunsari-2008-chakrata:i1,,,,dialect:jaun:sil-jaunsari-2008-chakrata:Chakrata
jaun,,pʊtʃhuŋ,tail,,pʊtʃhuŋ,Appendix A.2 lexical-similarity group 1; Jaunsari,"john2008jaunsari[Appendix A.2, printed p. 55, item 93, Korwa]",,,siljaunsari2008:g093:sil-jaunsari-2008-korwa:i1,,,,dialect:jaun:sil-jaunsari-2008-korwa:Korwa
jaun,,pʊtʃhuŋ,tail,,pʊtʃhuŋ,Appendix A.2 lexical-similarity group 1; Jaunsari,"john2008jaunsari[Appendix A.2, printed p. 55, item 93, Khanaad]",,,siljaunsari2008:g093:sil-jaunsari-2008-khanaad:i1,,,,dialect:jaun:sil-jaunsari-2008-khanaad:Khanaad
jaun,,puːtʃh,tail,,puːtʃh,Appendix A.2 lexical-similarity group 1; Jaunsari,"john2008jaunsari[Appendix A.2, printed p. 55, item 93, Chapnu]",,,siljaunsari2008:g093:sil-jaunsari-2008-chapnu:i1,,,,dialect:jaun:sil-jaunsari-2008-chapnu:Chapnu
jaun,,gʊdʒəɾi,tail,,gʊdʒəɾi,Appendix A.2 lexical-similarity group 2; Jaunsari-Bawari,"john2008jaunsari[Appendix A.2, printed p. 55, item 93, Bhandroli]",,,siljaunsari2008:g093:sil-jaunsari-2008-bhandroli:i1,,,,dialect:jaun:sil-jaunsari-2008-bhandroli:Bhandroli
jaun,,pũtʃh,tail,,pũtʃh,Appendix A.2 lexical-similarity group 1; Jaunsari-Bawari,"john2008jaunsari[Appendix A.2, printed p. 55, item 93, Maindrath]",,,siljaunsari2008:g093:sil-jaunsari-2008-maindrath:i1,,,,dialect:jaun:sil-jaunsari-2008-maindrath:Maindrath
jaun,,putʃiɳ,tail,,putʃiɳ,Appendix A.2 lexical-similarity group 1; Jaunsari-Garhwali border mix,"john2008jaunsari[Appendix A.2, printed p. 55, item 93, Lakhamandal]",,,siljaunsari2008:g093:sil-jaunsari-2008-lakhamandal:i1,,,,dialect:jaun:sil-jaunsari-2008-lakhamandal:Lakhamandal
jaun,,putʃhuɳ,tail,,putʃhuɳ,Appendix A.2 lexical-similarity group 1; previous Garhwali survey list,"john2008jaunsari[Appendix A.2, printed p. 55, item 93, Chakrata]",,,siljaunsari2008:g093:sil-jaunsari-2008-chakrata:i1,,,,dialect:jaun:sil-jaunsari-2008-chakrata:Chakrata
jaun,,bəkeɾi,goat,,bəkeɾi,Appendix A.2 lexical-similarity group 1; Jaunsari,"john2008jaunsari[Appendix A.2, printed p. 55, item 94, Korwa]",,,siljaunsari2008:g094:sil-jaunsari-2008-korwa:i1,,,,dialect:jaun:sil-jaunsari-2008-korwa:Korwa
jaun,,bəkeɾi,goat,,bəkeɾi,Appendix A.2 lexical-similarity group 1; Jaunsari,"john2008jaunsari[Appendix A.2, printed p. 55, item 94, Khanaad]",,,siljaunsari2008:g094:sil-jaunsari-2008-khanaad:i1,,,,dialect:jaun:sil-jaunsari-2008-khanaad:Khanaad
jaun,,bəkeɾi,goat,,bəkeɾi,Appendix A.2 lexical-similarity group 1; Jaunsari,"john2008jaunsari[Appendix A.2, printed p. 55, item 94, Chapnu]",,,siljaunsari2008:g094:sil-jaunsari-2008-chapnu:i1,,,,dialect:jaun:sil-jaunsari-2008-chapnu:Chapnu
jaun,,bəkeɾi,goat,,bəkeɾi,Appendix A.2 lexical-similarity group 1; Jaunsari-Bawari,"john2008jaunsari[Appendix A.2, printed p. 55, item 94, Bhandroli]",,,siljaunsari2008:g094:sil-jaunsari-2008-bhandroli:i1,,,,dialect:jaun:sil-jaunsari-2008-bhandroli:Bhandroli
jaun,,bəkeɾi,goat,,bəkeɾi,Appendix A.2 lexical-similarity group 1; Jaunsari-Bawari,"john2008jaunsari[Appendix A.2, printed p. 55, item 94, Maindrath]",,,siljaunsari2008:g094:sil-jaunsari-2008-maindrath:i1,,,,dialect:jaun:sil-jaunsari-2008-maindrath:Maindrath
jaun,,uɳə,goat,,uɳə,Appendix A.2 lexical-similarity group 2; Jaunsari-Bawari,"john2008jaunsari[Appendix A.2, printed p. 55, item 94, Maindrath]",,,siljaunsari2008:g094:sil-jaunsari-2008-maindrath:i2,,,,dialect:jaun:sil-jaunsari-2008-maindrath:Maindrath
jaun,,bəkeɾi,goat,,bəkeɾi,Appendix A.2 lexical-similarity group 1; Jaunsari-Garhwali border mix,"john2008jaunsari[Appendix A.2, printed p. 55, item 94, Lakhamandal]",,,siljaunsari2008:g094:sil-jaunsari-2008-lakhamandal:i1,,,,dialect:jaun:sil-jaunsari-2008-lakhamandal:Lakhamandal
jaun,,bakɾi,goat,,bakɾi,Appendix A.2 lexical-similarity group 1; previous Garhwali survey list,"john2008jaunsari[Appendix A.2, printed p. 55, item 94, Chakrata]",,,siljaunsari2008:g094:sil-jaunsari-2008-chakrata:i1,,,,dialect:jaun:sil-jaunsari-2008-chakrata:Chakrata
jaun,,kʊkuɾ,dog,,kʊkuɾ,Appendix A.2 lexical-similarity group 2; Jaunsari,"john2008jaunsari[Appendix A.2, printed p. 55, item 95, Korwa]",,,siljaunsari2008:g095:sil-jaunsari-2008-korwa:i1,,,,dialect:jaun:sil-jaunsari-2008-korwa:Korwa
jaun,,kʊkuɾ,dog,,kʊkuɾ,Appendix A.2 lexical-similarity group 2; Jaunsari,"john2008jaunsari[Appendix A.2, printed p. 55, item 95, Khanaad]",,,siljaunsari2008:g095:sil-jaunsari-2008-khanaad:i1,,,,dialect:jaun:sil-jaunsari-2008-khanaad:Khanaad
jaun,,kʊkuɾ,dog,,kʊkuɾ,Appendix A.2 lexical-similarity group 2; Jaunsari,"john2008jaunsari[Appendix A.2, printed p. 55, item 95, Chapnu]",,,siljaunsari2008:g095:sil-jaunsari-2008-chapnu:i1,,,,dialect:jaun:sil-jaunsari-2008-chapnu:Chapnu
jaun,,kʊkuɾ,dog,,kʊkuɾ,Appendix A.2 lexical-similarity group 2; Jaunsari-Bawari,"john2008jaunsari[Appendix A.2, printed p. 55, item 95, Bhandroli]",,,siljaunsari2008:g095:sil-jaunsari-2008-bhandroli:i1,,,,dialect:jaun:sil-jaunsari-2008-bhandroli:Bhandroli
jaun,,kʊkuɾ,dog,,kʊkuɾ,Appendix A.2 lexical-similarity group 2; Jaunsari-Bawari,"john2008jaunsari[Appendix A.2, printed p. 55, item 95, Maindrath]",,,siljaunsari2008:g095:sil-jaunsari-2008-maindrath:i1,,,,dialect:jaun:sil-jaunsari-2008-maindrath:Maindrath
jaun,,kʊkuɾ,dog,,kʊkuɾ,Appendix A.2 lexical-similarity group 2; Jaunsari-Garhwali border mix,"john2008jaunsari[Appendix A.2, printed p. 55, item 95, Lakhamandal]",,,siljaunsari2008:g095:sil-jaunsari-2008-lakhamandal:i1,,,,dialect:jaun:sil-jaunsari-2008-lakhamandal:Lakhamandal
jaun,,kʊkuɾ,dog,,kʊkuɾ,Appendix A.2 lexical-similarity group 2; previous Garhwali survey list,"john2008jaunsari[Appendix A.2, printed p. 55, item 95, Chakrata]",,,siljaunsari2008:g095:sil-jaunsari-2008-chakrata:i1,,,,dialect:jaun:sil-jaunsari-2008-chakrata:Chakrata
jaun,,çɐŋgəɖijat,snake,,çɐŋgəɖijat,Appendix A.2 lexical-similarity group 3; Jaunsari,"john2008jaunsari[Appendix A.2, printed p. 55, item 96, Korwa]",,,siljaunsari2008:g096:sil-jaunsari-2008-korwa:i1,,,,dialect:jaun:sil-jaunsari-2008-korwa:Korwa
jaun,,çɐŋgəɖijat,snake,,çɐŋgəɖijat,Appendix A.2 lexical-similarity group 3; Jaunsari,"john2008jaunsari[Appendix A.2, printed p. 55, item 96, Khanaad]",,,siljaunsari2008:g096:sil-jaunsari-2008-khanaad:i1,,,,dialect:jaun:sil-jaunsari-2008-khanaad:Khanaad
jaun,,sɐŋgəɖijaʈh,snake,,sɐŋgəɖijaʈh,Appendix A.2 lexical-similarity group 3; Jaunsari,"john2008jaunsari[Appendix A.2, printed p. 55, item 96, Chapnu]",,,siljaunsari2008:g096:sil-jaunsari-2008-chapnu:i1,,,,dialect:jaun:sil-jaunsari-2008-chapnu:Chapnu
jaun,,çɔŋgo,snake,,çɔŋgo,Appendix A.2 lexical-similarity group 4; Jaunsari-Bawari,"john2008jaunsari[Appendix A.2, printed p. 55, item 96, Bhandroli]",,,siljaunsari2008:g096:sil-jaunsari-2008-bhandroli:i1,,,,dialect:jaun:sil-jaunsari-2008-bhandroli:Bhandroli
jaun,,sap,snake,,sap,Appendix A.2 lexical-similarity group 1; Jaunsari-Bawari,"john2008jaunsari[Appendix A.2, printed p. 55, item 96, Maindrath]",,,siljaunsari2008:g096:sil-jaunsari-2008-maindrath:i1,,,,dialect:jaun:sil-jaunsari-2008-maindrath:Maindrath
jaun,,sɐɾɐp,snake,,sɐɾɐp,Appendix A.2 lexical-similarity group 2; Jaunsari-Garhwali border mix,"john2008jaunsari[Appendix A.2, printed p. 55, item 96, Lakhamandal]",,,siljaunsari2008:g096:sil-jaunsari-2008-lakhamandal:i1,,,,dialect:jaun:sil-jaunsari-2008-lakhamandal:Lakhamandal
jaun,,sɔɾəp,snake,,sɔɾəp,Appendix A.2 lexical-similarity group 2; previous Garhwali survey list,"john2008jaunsari[Appendix A.2, printed p. 55, item 96, Chakrata]",,,siljaunsari2008:g096:sil-jaunsari-2008-chakrata:i1,,,,dialect:jaun:sil-jaunsari-2008-chakrata:Chakrata
jaun,,band̪ɐɾ,monkey,,band̪ɐɾ,Appendix A.2 lexical-similarity group 1; Jaunsari,"john2008jaunsari[Appendix A.2, printed p. 55, item 97, Korwa]",,,siljaunsari2008:g097:sil-jaunsari-2008-korwa:i1,,,,dialect:jaun:sil-jaunsari-2008-korwa:Korwa
jaun,,band̪ɐɾ,monkey,,band̪ɐɾ,Appendix A.2 lexical-similarity group 1; Jaunsari,"john2008jaunsari[Appendix A.2, printed p. 55, item 97, Khanaad]",,,siljaunsari2008:g097:sil-jaunsari-2008-khanaad:i1,,,,dialect:jaun:sil-jaunsari-2008-khanaad:Khanaad
jaun,,band̪ɐɾ,monkey,,band̪ɐɾ,Appendix A.2 lexical-similarity group 1; Jaunsari,"john2008jaunsari[Appendix A.2, printed p. 55, item 97, Chapnu]",,,siljaunsari2008:g097:sil-jaunsari-2008-chapnu:i1,,,,dialect:jaun:sil-jaunsari-2008-chapnu:Chapnu
jaun,,band̪oɾ,monkey,,band̪oɾ,Appendix A.2 lexical-similarity group 1; Jaunsari-Bawari,"john2008jaunsari[Appendix A.2, printed p. 55, item 97, Bhandroli]",,,siljaunsari2008:g097:sil-jaunsari-2008-bhandroli:i1,,,,dialect:jaun:sil-jaunsari-2008-bhandroli:Bhandroli
jaun,,band̪ɐɾ,monkey,,band̪ɐɾ,Appendix A.2 lexical-similarity group 1; Jaunsari-Bawari,"john2008jaunsari[Appendix A.2, printed p. 55, item 97, Maindrath]",,,siljaunsari2008:g097:sil-jaunsari-2008-maindrath:i1,,,,dialect:jaun:sil-jaunsari-2008-maindrath:Maindrath
jaun,,band̪ɐɾ,monkey,,band̪ɐɾ,Appendix A.2 lexical-similarity group 1; Jaunsari-Garhwali border mix,"john2008jaunsari[Appendix A.2, printed p. 55, item 97, Lakhamandal]",,,siljaunsari2008:g097:sil-jaunsari-2008-lakhamandal:i1,,,,dialect:jaun:sil-jaunsari-2008-lakhamandal:Lakhamandal
jaun,,bənd̪əɾ,monkey,,bənd̪əɾ,Appendix A.2 lexical-similarity group 1; previous Garhwali survey list,"john2008jaunsari[Appendix A.2, printed p. 55, item 97, Chakrata]",,,siljaunsari2008:g097:sil-jaunsari-2008-chakrata:i1,,,,dialect:jaun:sil-jaunsari-2008-chakrata:Chakrata
jaun,,kɐbaɖ,mosquito,,kɐbaɖ,Appendix A.2 lexical-similarity group 3; Jaunsari,"john2008jaunsari[Appendix A.2, printed p. 56, item 98, Korwa]",,,siljaunsari2008:g098:sil-jaunsari-2008-korwa:i1,,,,dialect:jaun:sil-jaunsari-2008-korwa:Korwa
jaun,,mɐtʃhɐɾ,mosquito,,mɐtʃhɐɾ,Appendix A.2 lexical-similarity group 1; Jaunsari,"john2008jaunsari[Appendix A.2, printed p. 56, item 98, Khanaad]",,,siljaunsari2008:g098:sil-jaunsari-2008-khanaad:i1,,,,dialect:jaun:sil-jaunsari-2008-khanaad:Khanaad
jaun,,mɐtʃhɐɾ,mosquito,,mɐtʃhɐɾ,Appendix A.2 lexical-similarity group 1; Jaunsari,"john2008jaunsari[Appendix A.2, printed p. 56, item 98, Chapnu]",,,siljaunsari2008:g098:sil-jaunsari-2008-chapnu:i1,,,,dialect:jaun:sil-jaunsari-2008-chapnu:Chapnu
jaun,,kɐbaɖ,mosquito,,kɐbaɖ,Appendix A.2 lexical-similarity group 3; Jaunsari-Bawari,"john2008jaunsari[Appendix A.2, printed p. 56, item 98, Bhandroli]",,,siljaunsari2008:g098:sil-jaunsari-2008-bhandroli:i1,,,,dialect:jaun:sil-jaunsari-2008-bhandroli:Bhandroli
jaun,,kɐbaɖ,mosquito,,kɐbaɖ,Appendix A.2 lexical-similarity group 3; Jaunsari-Bawari,"john2008jaunsari[Appendix A.2, printed p. 56, item 98, Maindrath]",,,siljaunsari2008:g098:sil-jaunsari-2008-maindrath:i1,,,,dialect:jaun:sil-jaunsari-2008-maindrath:Maindrath
jaun,,mɐtʃhɐɾ,mosquito,,mɐtʃhɐɾ,Appendix A.2 lexical-similarity group 1; Jaunsari-Garhwali border mix,"john2008jaunsari[Appendix A.2, printed p. 56, item 98, Lakhamandal]",,,siljaunsari2008:g098:sil-jaunsari-2008-lakhamandal:i1,,,,dialect:jaun:sil-jaunsari-2008-lakhamandal:Lakhamandal
jaun,,mət̪tʃhəɾ,mosquito,,mət̪tʃhəɾ,Appendix A.2 lexical-similarity group 1; previous Garhwali survey list,"john2008jaunsari[Appendix A.2, printed p. 56, item 98, Chakrata]",,,siljaunsari2008:g098:sil-jaunsari-2008-chakrata:i1,,,,dialect:jaun:sil-jaunsari-2008-chakrata:Chakrata
jaun,,kɪmɔɖi,ant,,kɪmɔɖi,Appendix A.2 lexical-similarity group 3; Jaunsari,"john2008jaunsari[Appendix A.2, printed p. 56, item 99, Korwa]",,,siljaunsari2008:g099:sil-jaunsari-2008-korwa:i1,,,,dialect:jaun:sil-jaunsari-2008-korwa:Korwa
jaun,,kɪmɔɖi,ant,,kɪmɔɖi,Appendix A.2 lexical-similarity group 3; Jaunsari,"john2008jaunsari[Appendix A.2, printed p. 56, item 99, Khanaad]",,,siljaunsari2008:g099:sil-jaunsari-2008-khanaad:i1,,,,dialect:jaun:sil-jaunsari-2008-khanaad:Khanaad
jaun,,tʃinɔɖi,ant,,tʃinɔɖi,Appendix A.2 lexical-similarity group 6; Jaunsari,"john2008jaunsari[Appendix A.2, printed p. 56, item 99, Chapnu]",,,siljaunsari2008:g099:sil-jaunsari-2008-chapnu:i1,,,,dialect:jaun:sil-jaunsari-2008-chapnu:Chapnu
jaun,,kimlu,ant,,kimlu,Appendix A.2 lexical-similarity group 3; Jaunsari-Bawari,"john2008jaunsari[Appendix A.2, printed p. 56, item 99, Bhandroli]",,,siljaunsari2008:g099:sil-jaunsari-2008-bhandroli:i1,,,,dialect:jaun:sil-jaunsari-2008-bhandroli:Bhandroli
jaun,,kimlo,ant,,kimlo,Appendix A.2 lexical-similarity group 3; Jaunsari-Bawari,"john2008jaunsari[Appendix A.2, printed p. 56, item 99, Maindrath]",,,siljaunsari2008:g099:sil-jaunsari-2008-maindrath:i1,,,,dialect:jaun:sil-jaunsari-2008-maindrath:Maindrath
jaun,,tʃinʈi,ant,,tʃinʈi,Appendix A.2 lexical-similarity group 1; Jaunsari-Garhwali border mix,"john2008jaunsari[Appendix A.2, printed p. 56, item 99, Lakhamandal]",,,siljaunsari2008:g099:sil-jaunsari-2008-lakhamandal:i1,,,,dialect:jaun:sil-jaunsari-2008-lakhamandal:Lakhamandal
jaun,,tʃɐɾkɔɳi,ant,,tʃɐɾkɔɳi,Appendix A.2 lexical-similarity group 2; Jaunsari-Garhwali border mix,"john2008jaunsari[Appendix A.2, printed p. 56, item 99, Lakhamandal]",,,siljaunsari2008:g099:sil-jaunsari-2008-lakhamandal:i2,,,,dialect:jaun:sil-jaunsari-2008-lakhamandal:Lakhamandal
jaun,,tʃinʈi,ant,,tʃinʈi,Appendix A.2 lexical-similarity group 6; Jaunsari-Garhwali border mix,"john2008jaunsari[Appendix A.2, printed p. 56, item 99, Lakhamandal]",,,siljaunsari2008:g099:sil-jaunsari-2008-lakhamandal:i3,,,,dialect:jaun:sil-jaunsari-2008-lakhamandal:Lakhamandal
jaun,,kilmoɾija,ant,,kilmoɾija,Appendix A.2 lexical-similarity group 4; previous Garhwali survey list,"john2008jaunsari[Appendix A.2, printed p. 56, item 99, Chakrata]",,,siljaunsari2008:g099:sil-jaunsari-2008-chakrata:i1,,,,dialect:jaun:sil-jaunsari-2008-chakrata:Chakrata
jaun,,tshɐɾnawɐt,spider,,tshɐɾnawɐt,Appendix A.2 lexical-similarity group 4; Jaunsari,"john2008jaunsari[Appendix A.2, printed p. 56, item 100, Korwa]",,,siljaunsari2008:g100:sil-jaunsari-2008-korwa:i1,,,,dialect:jaun:sil-jaunsari-2008-korwa:Korwa
jaun,,məkɛ,spider,,məkɛ,Appendix A.2 lexical-similarity group 1; Jaunsari,"john2008jaunsari[Appendix A.2, printed p. 56, item 100, Khanaad]",,,siljaunsari2008:g100:sil-jaunsari-2008-khanaad:i1,,,,dialect:jaun:sil-jaunsari-2008-khanaad:Khanaad
jaun,,tʃɐɾnaʈ,spider,,tʃɐɾnaʈ,Appendix A.2 lexical-similarity group 4; Jaunsari,"john2008jaunsari[Appendix A.2, printed p. 56, item 100, Chapnu]",,,siljaunsari2008:g100:sil-jaunsari-2008-chapnu:i1,,,,dialect:jaun:sil-jaunsari-2008-chapnu:Chapnu
jaun,,tʃindʒowʈ,spider,,tʃindʒowʈ,Appendix A.2 lexical-similarity group 2; Jaunsari-Bawari,"john2008jaunsari[Appendix A.2, printed p. 56, item 100, Bhandroli]",,,siljaunsari2008:g100:sil-jaunsari-2008-bhandroli:i1,,,,dialect:jaun:sil-jaunsari-2008-bhandroli:Bhandroli
jaun,,dʒɦindʒawɸlə,spider,,dʒɦindʒawɸlə,Appendix A.2 lexical-similarity group 2; Jaunsari-Bawari,"john2008jaunsari[Appendix A.2, printed p. 56, item 100, Maindrath]",,,siljaunsari2008:g100:sil-jaunsari-2008-maindrath:i1,,,,dialect:jaun:sil-jaunsari-2008-maindrath:Maindrath
jaun,,dʒɦindʒawɸlə,spider,,dʒɦindʒawɸlə,Appendix A.2 lexical-similarity group 3; Jaunsari-Bawari,"john2008jaunsari[Appendix A.2, printed p. 56, item 100, Maindrath]",,,siljaunsari2008:g100:sil-jaunsari-2008-maindrath:i2,,,,dialect:jaun:sil-jaunsari-2008-maindrath:Maindrath
jaun,,mɐkəɖi,spider,,mɐkəɖi,Appendix A.2 lexical-similarity group 1; Jaunsari-Garhwali border mix,"john2008jaunsari[Appendix A.2, printed p. 56, item 100, Lakhamandal]",,,siljaunsari2008:g100:sil-jaunsari-2008-lakhamandal:i1,,,,dialect:jaun:sil-jaunsari-2008-lakhamandal:Lakhamandal
jaun,,məkəɽa,spider,,məkəɽa,Appendix A.2 lexical-similarity group 1; previous Garhwali survey list,"john2008jaunsari[Appendix A.2, printed p. 56, item 100, Chakrata]",,,siljaunsari2008:g100:sil-jaunsari-2008-chakrata:i1,,,,dialect:jaun:sil-jaunsari-2008-chakrata:Chakrata
jaun,,nav,name,,nav,Appendix A.2 lexical-similarity group 2; Jaunsari,"john2008jaunsari[Appendix A.2, printed p. 56, item 101, Korwa]",,,siljaunsari2008:g101:sil-jaunsari-2008-korwa:i1,,,,dialect:jaun:sil-jaunsari-2008-korwa:Korwa
jaun,,nav,name,,nav,Appendix A.2 lexical-similarity group 2; Jaunsari,"john2008jaunsari[Appendix A.2, printed p. 56, item 101, Khanaad]",,,siljaunsari2008:g101:sil-jaunsari-2008-khanaad:i1,,,,dialect:jaun:sil-jaunsari-2008-khanaad:Khanaad
jaun,,nav,name,,nav,Appendix A.2 lexical-similarity group 2; Jaunsari,"john2008jaunsari[Appendix A.2, printed p. 56, item 101, Chapnu]",,,siljaunsari2008:g101:sil-jaunsari-2008-chapnu:i1,,,,dialect:jaun:sil-jaunsari-2008-chapnu:Chapnu
jaun,,nav,name,,nav,Appendix A.2 lexical-similarity group 2; Jaunsari-Bawari,"john2008jaunsari[Appendix A.2, printed p. 56, item 101, Bhandroli]",,,siljaunsari2008:g101:sil-jaunsari-2008-bhandroli:i1,,,,dialect:jaun:sil-jaunsari-2008-bhandroli:Bhandroli
jaun,,nawɸ,name,,nawɸ,Appendix A.2 lexical-similarity group 2; Jaunsari-Bawari,"john2008jaunsari[Appendix A.2, printed p. 56, item 101, Maindrath]",,,siljaunsari2008:g101:sil-jaunsari-2008-maindrath:i1,,,,dialect:jaun:sil-jaunsari-2008-maindrath:Maindrath
jaun,,nam,name,,nam,Appendix A.2 lexical-similarity group 1; Jaunsari-Garhwali border mix,"john2008jaunsari[Appendix A.2, printed p. 56, item 101, Lakhamandal]",,,siljaunsari2008:g101:sil-jaunsari-2008-lakhamandal:i1,,,,dialect:jaun:sil-jaunsari-2008-lakhamandal:Lakhamandal
jaun,,naũ,name,,naũ,Appendix A.2 lexical-similarity group 2; previous Garhwali survey list,"john2008jaunsari[Appendix A.2, printed p. 56, item 101, Chakrata]",,,siljaunsari2008:g101:sil-jaunsari-2008-chakrata:i1,,,,dialect:jaun:sil-jaunsari-2008-chakrata:Chakrata
jaun,,ad̪mi,man,,ad̪mi,Appendix A.2 lexical-similarity group 1; Jaunsari,"john2008jaunsari[Appendix A.2, printed p. 56, item 102, Korwa]",,,siljaunsari2008:g102:sil-jaunsari-2008-korwa:i1,,,,dialect:jaun:sil-jaunsari-2008-korwa:Korwa
jaun,,adəmi,man,,adəmi,Appendix A.2 lexical-similarity group 1; Jaunsari,"john2008jaunsari[Appendix A.2, printed p. 56, item 102, Khanaad]",,,siljaunsari2008:g102:sil-jaunsari-2008-khanaad:i1,,,,dialect:jaun:sil-jaunsari-2008-khanaad:Khanaad
jaun,,ad̪mi,man,,ad̪mi,Appendix A.2 lexical-similarity group 1; Jaunsari,"john2008jaunsari[Appendix A.2, printed p. 56, item 102, Chapnu]",,,siljaunsari2008:g102:sil-jaunsari-2008-chapnu:i1,,,,dialect:jaun:sil-jaunsari-2008-chapnu:Chapnu
jaun,,adəmi,man,,adəmi,Appendix A.2 lexical-similarity group 1; Jaunsari-Bawari,"john2008jaunsari[Appendix A.2, printed p. 56, item 102, Bhandroli]",,,siljaunsari2008:g102:sil-jaunsari-2008-bhandroli:i1,,,,dialect:jaun:sil-jaunsari-2008-bhandroli:Bhandroli
jaun,,ad̪əmː,man,,ad̪əmː,Appendix A.2 lexical-similarity group 1; Jaunsari-Bawari,"john2008jaunsari[Appendix A.2, printed p. 56, item 102, Maindrath]",,,siljaunsari2008:g102:sil-jaunsari-2008-maindrath:i1,,,,dialect:jaun:sil-jaunsari-2008-maindrath:Maindrath
jaun,,maɳuʃ,man,,maɳuʃ,Appendix A.2 lexical-similarity group 3; Jaunsari-Bawari,"john2008jaunsari[Appendix A.2, printed p. 56, item 102, Maindrath]",,,siljaunsari2008:g102:sil-jaunsari-2008-maindrath:i2,,,,dialect:jaun:sil-jaunsari-2008-maindrath:Maindrath
jaun,,ad̪mi,man,,ad̪mi,Appendix A.2 lexical-similarity group 1; Jaunsari-Garhwali border mix,"john2008jaunsari[Appendix A.2, printed p. 56, item 102, Lakhamandal]",,,siljaunsari2008:g102:sil-jaunsari-2008-lakhamandal:i1,,,,dialect:jaun:sil-jaunsari-2008-lakhamandal:Lakhamandal
jaun,,moɾd̪,man,,moɾd̪,Appendix A.2 lexical-similarity group 2; previous Garhwali survey list,"john2008jaunsari[Appendix A.2, printed p. 56, item 102, Chakrata]",,,siljaunsari2008:g102:sil-jaunsari-2008-chakrata:i1,,,,dialect:jaun:sil-jaunsari-2008-chakrata:Chakrata
jaun,,beʈkuɖi,woman,,beʈkuɖi,Appendix A.2 lexical-similarity group 2; Jaunsari,"john2008jaunsari[Appendix A.2, printed p. 56, item 103, Korwa]",,,siljaunsari2008:g103:sil-jaunsari-2008-korwa:i1,,,,dialect:jaun:sil-jaunsari-2008-korwa:Korwa
jaun,,beʈkuɖi,woman,,beʈkuɖi,Appendix A.2 lexical-similarity group 2; Jaunsari,"john2008jaunsari[Appendix A.2, printed p. 56, item 103, Khanaad]",,,siljaunsari2008:g103:sil-jaunsari-2008-khanaad:i1,,,,dialect:jaun:sil-jaunsari-2008-khanaad:Khanaad
jaun,,beʈkuɖi,woman,,beʈkuɖi,Appendix A.2 lexical-similarity group 2; Jaunsari,"john2008jaunsari[Appendix A.2, printed p. 56, item 103, Chapnu]",,,siljaunsari2008:g103:sil-jaunsari-2008-chapnu:i1,,,,dialect:jaun:sil-jaunsari-2008-chapnu:Chapnu
jaun,,beʈkuɖi,woman,,beʈkuɖi,Appendix A.2 lexical-similarity group 2; Jaunsari-Bawari,"john2008jaunsari[Appendix A.2, printed p. 56, item 103, Bhandroli]",,,siljaunsari2008:g103:sil-jaunsari-2008-bhandroli:i1,,,,dialect:jaun:sil-jaunsari-2008-bhandroli:Bhandroli
jaun,,beʈkuɖi,woman,,beʈkuɖi,Appendix A.2 lexical-similarity group 2; Jaunsari-Bawari,"john2008jaunsari[Appendix A.2, printed p. 56, item 103, Maindrath]",,,siljaunsari2008:g103:sil-jaunsari-2008-maindrath:i1,,,,dialect:jaun:sil-jaunsari-2008-maindrath:Maindrath
jaun,,biʈkuɖi,woman,,biʈkuɖi,Appendix A.2 lexical-similarity group 2; Jaunsari-Garhwali border mix,"john2008jaunsari[Appendix A.2, printed p. 56, item 103, Lakhamandal]",,,siljaunsari2008:g103:sil-jaunsari-2008-lakhamandal:i1,,,,dialect:jaun:sil-jaunsari-2008-lakhamandal:Lakhamandal
jaun,,bet̪kuɽi,woman,,bet̪kuɽi,Appendix A.2 lexical-similarity group 2; previous Garhwali survey list,"john2008jaunsari[Appendix A.2, printed p. 56, item 103, Chakrata]",,,siljaunsari2008:g103:sil-jaunsari-2008-chakrata:i1,,,,dialect:jaun:sil-jaunsari-2008-chakrata:Chakrata
jaun,,laɖəkɐʈo,child,,laɖəkɐʈo,Appendix A.2 lexical-similarity group 2; Jaunsari,"john2008jaunsari[Appendix A.2, printed p. 57, item 104, Korwa]",,,siljaunsari2008:g104:sil-jaunsari-2008-korwa:i1,,,,dialect:jaun:sil-jaunsari-2008-korwa:Korwa
jaun,,laɖəkɐʈo,child,,laɖəkɐʈo,Appendix A.2 lexical-similarity group 2; Jaunsari,"john2008jaunsari[Appendix A.2, printed p. 57, item 104, Khanaad]",,,siljaunsari2008:g104:sil-jaunsari-2008-khanaad:i1,,,,dialect:jaun:sil-jaunsari-2008-khanaad:Khanaad
jaun,,laɖəkɐʈo,child,,laɖəkɐʈo,Appendix A.2 lexical-similarity group 2; Jaunsari,"john2008jaunsari[Appendix A.2, printed p. 57, item 104, Chapnu]",,,siljaunsari2008:g104:sil-jaunsari-2008-chapnu:i1,,,,dialect:jaun:sil-jaunsari-2008-chapnu:Chapnu
jaun,,tʃheɖu,child,,tʃheɖu,Appendix A.2 lexical-similarity group 3; Jaunsari-Bawari,"john2008jaunsari[Appendix A.2, printed p. 57, item 104, Bhandroli]",,,siljaunsari2008:g104:sil-jaunsari-2008-bhandroli:i1,,,,dialect:jaun:sil-jaunsari-2008-bhandroli:Bhandroli
jaun,,nonaul,child,,nonaul,Appendix A.2 lexical-similarity group 4; Jaunsari-Bawari,"john2008jaunsari[Appendix A.2, printed p. 57, item 104, Maindrath]",,,siljaunsari2008:g104:sil-jaunsari-2008-maindrath:i1,,,,dialect:jaun:sil-jaunsari-2008-maindrath:Maindrath
jaun,,tʃoɾɐ,child,,tʃoɾɐ,Appendix A.2 lexical-similarity group 3; Jaunsari-Garhwali border mix,"john2008jaunsari[Appendix A.2, printed p. 57, item 104, Lakhamandal]",,,siljaunsari2008:g104:sil-jaunsari-2008-lakhamandal:i1,,,,dialect:jaun:sil-jaunsari-2008-lakhamandal:Lakhamandal
jaun,,laɽik,child,,laɽik,Appendix A.2 lexical-similarity group 5; previous Garhwali survey list,"john2008jaunsari[Appendix A.2, printed p. 57, item 104, Chakrata]",,,siljaunsari2008:g104:sil-jaunsari-2008-chakrata:i1,,,,dialect:jaun:sil-jaunsari-2008-chakrata:Chakrata
jaun,,babɐ,father,,babɐ,Appendix A.2 lexical-similarity group 2; Jaunsari,"john2008jaunsari[Appendix A.2, printed p. 57, item 105, Korwa]",,,siljaunsari2008:g105:sil-jaunsari-2008-korwa:i1,,,,dialect:jaun:sil-jaunsari-2008-korwa:Korwa
jaun,,babɐ,father,,babɐ,Appendix A.2 lexical-similarity group 3; Jaunsari,"john2008jaunsari[Appendix A.2, printed p. 57, item 105, Korwa]",,,siljaunsari2008:g105:sil-jaunsari-2008-korwa:i2,,,,dialect:jaun:sil-jaunsari-2008-korwa:Korwa
jaun,,bavɐ,father,,bavɐ,Appendix A.2 lexical-similarity group 3; Jaunsari,"john2008jaunsari[Appendix A.2, printed p. 57, item 105, Khanaad]",,,siljaunsari2008:g105:sil-jaunsari-2008-khanaad:i1,,,,dialect:jaun:sil-jaunsari-2008-khanaad:Khanaad
jaun,,babɐ,father,,babɐ,Appendix A.2 lexical-similarity group 2; Jaunsari,"john2008jaunsari[Appendix A.2, printed p. 57, item 105, Chapnu]",,,siljaunsari2008:g105:sil-jaunsari-2008-chapnu:i1,,,,dialect:jaun:sil-jaunsari-2008-chapnu:Chapnu
jaun,,babɐ,father,,babɐ,Appendix A.2 lexical-similarity group 3; Jaunsari,"john2008jaunsari[Appendix A.2, printed p. 57, item 105, Chapnu]",,,siljaunsari2008:g105:sil-jaunsari-2008-chapnu:i2,,,,dialect:jaun:sil-jaunsari-2008-chapnu:Chapnu
jaun,,baba,father,,baba,Appendix A.2 lexical-similarity group 2; Jaunsari-Bawari,"john2008jaunsari[Appendix A.2, printed p. 57, item 105, Bhandroli]",,,siljaunsari2008:g105:sil-jaunsari-2008-bhandroli:i1,,,,dialect:jaun:sil-jaunsari-2008-bhandroli:Bhandroli
jaun,,baba,father,,baba,Appendix A.2 lexical-similarity group 3; Jaunsari-Bawari,"john2008jaunsari[Appendix A.2, printed p. 57, item 105, Bhandroli]",,,siljaunsari2008:g105:sil-jaunsari-2008-bhandroli:i2,,,,dialect:jaun:sil-jaunsari-2008-bhandroli:Bhandroli
jaun,,ba,father,,ba,Appendix A.2 lexical-similarity group 1; Jaunsari-Bawari,"john2008jaunsari[Appendix A.2, printed p. 57, item 105, Maindrath]",,,siljaunsari2008:g105:sil-jaunsari-2008-maindrath:i1,,,,dialect:jaun:sil-jaunsari-2008-maindrath:Maindrath
jaun,,baba,father,,baba,Appendix A.2 lexical-similarity group 2; Jaunsari-Bawari,"john2008jaunsari[Appendix A.2, printed p. 57, item 105, Maindrath]",,,siljaunsari2008:g105:sil-jaunsari-2008-maindrath:i2,,,,dialect:jaun:sil-jaunsari-2008-maindrath:Maindrath
jaun,,baba,father,,baba,Appendix A.2 lexical-similarity group 3; Jaunsari-Bawari,"john2008jaunsari[Appendix A.2, printed p. 57, item 105, Maindrath]",,,siljaunsari2008:g105:sil-jaunsari-2008-maindrath:i3,,,,dialect:jaun:sil-jaunsari-2008-maindrath:Maindrath
jaun,,bawɐ,father,,bawɐ,Appendix A.2 lexical-similarity group 3; Jaunsari-Garhwali border mix,"john2008jaunsari[Appendix A.2, printed p. 57, item 105, Lakhamandal]",,,siljaunsari2008:g105:sil-jaunsari-2008-lakhamandal:i1,,,,dialect:jaun:sil-jaunsari-2008-lakhamandal:Lakhamandal
jaun,,baba,father,,baba,Appendix A.2 lexical-similarity group 2; previous Garhwali survey list,"john2008jaunsari[Appendix A.2, printed p. 57, item 105, Chakrata]",,,siljaunsari2008:g105:sil-jaunsari-2008-chakrata:i1,,,,dialect:jaun:sil-jaunsari-2008-chakrata:Chakrata
jaun,,baba,father,,baba,Appendix A.2 lexical-similarity group 3; previous Garhwali survey list,"john2008jaunsari[Appendix A.2, printed p. 57, item 105, Chakrata]",,,siljaunsari2008:g105:sil-jaunsari-2008-chakrata:i2,,,,dialect:jaun:sil-jaunsari-2008-chakrata:Chakrata
jaun,,iːdʒi,mother,,iːdʒi,Appendix A.2 lexical-similarity group 2; Jaunsari,"john2008jaunsari[Appendix A.2, printed p. 57, item 106, Korwa]",,,siljaunsari2008:g106:sil-jaunsari-2008-korwa:i1,,,,dialect:jaun:sil-jaunsari-2008-korwa:Korwa
jaun,,iːdʒi,mother,,iːdʒi,Appendix A.2 lexical-similarity group 3; Jaunsari,"john2008jaunsari[Appendix A.2, printed p. 57, item 106, Korwa]",,,siljaunsari2008:g106:sil-jaunsari-2008-korwa:i2,,,,dialect:jaun:sil-jaunsari-2008-korwa:Korwa
jaun,,iːdʒi,mother,,iːdʒi,Appendix A.2 lexical-similarity group 2; Jaunsari,"john2008jaunsari[Appendix A.2, printed p. 57, item 106, Khanaad]",,,siljaunsari2008:g106:sil-jaunsari-2008-khanaad:i1,,,,dialect:jaun:sil-jaunsari-2008-khanaad:Khanaad
jaun,,iːdʒi,mother,,iːdʒi,Appendix A.2 lexical-similarity group 3; Jaunsari,"john2008jaunsari[Appendix A.2, printed p. 57, item 106, Khanaad]",,,siljaunsari2008:g106:sil-jaunsari-2008-khanaad:i2,,,,dialect:jaun:sil-jaunsari-2008-khanaad:Khanaad
jaun,,iːdʒi,mother,,iːdʒi,Appendix A.2 lexical-similarity group 2; Jaunsari,"john2008jaunsari[Appendix A.2, printed p. 57, item 106, Chapnu]",,,siljaunsari2008:g106:sil-jaunsari-2008-chapnu:i1,,,,dialect:jaun:sil-jaunsari-2008-chapnu:Chapnu
jaun,,iːdʒi,mother,,iːdʒi,Appendix A.2 lexical-similarity group 3; Jaunsari,"john2008jaunsari[Appendix A.2, printed p. 57, item 106, Chapnu]",,,siljaunsari2008:g106:sil-jaunsari-2008-chapnu:i2,,,,dialect:jaun:sil-jaunsari-2008-chapnu:Chapnu
jaun,,iːdʒi,mother,,iːdʒi,Appendix A.2 lexical-similarity group 2; Jaunsari-Bawari,"john2008jaunsari[Appendix A.2, printed p. 57, item 106, Bhandroli]",,,siljaunsari2008:g106:sil-jaunsari-2008-bhandroli:i1,,,,dialect:jaun:sil-jaunsari-2008-bhandroli:Bhandroli
jaun,,iːdʒi,mother,,iːdʒi,Appendix A.2 lexical-similarity group 3; Jaunsari-Bawari,"john2008jaunsari[Appendix A.2, printed p. 57, item 106, Bhandroli]",,,siljaunsari2008:g106:sil-jaunsari-2008-bhandroli:i2,,,,dialect:jaun:sil-jaunsari-2008-bhandroli:Bhandroli
jaun,,idʒilɐ,mother,,idʒilɐ,Appendix A.2 lexical-similarity group 3; Jaunsari-Bawari,"john2008jaunsari[Appendix A.2, printed p. 57, item 106, Maindrath]",,,siljaunsari2008:g106:sil-jaunsari-2008-maindrath:i1,,,,dialect:jaun:sil-jaunsari-2008-maindrath:Maindrath
jaun,,buː,mother,,buː,Appendix A.2 lexical-similarity group 4; Jaunsari-Garhwali border mix,"john2008jaunsari[Appendix A.2, printed p. 57, item 106, Lakhamandal]",,,siljaunsari2008:g106:sil-jaunsari-2008-lakhamandal:i1,,,,dialect:jaun:sil-jaunsari-2008-lakhamandal:Lakhamandal
jaun,,idʒi,mother,,idʒi,Appendix A.2 lexical-similarity group 2; previous Garhwali survey list,"john2008jaunsari[Appendix A.2, printed p. 57, item 106, Chakrata]",,,siljaunsari2008:g106:sil-jaunsari-2008-chakrata:i1,,,,dialect:jaun:sil-jaunsari-2008-chakrata:Chakrata
jaun,,idʒi,mother,,idʒi,Appendix A.2 lexical-similarity group 3; previous Garhwali survey list,"john2008jaunsari[Appendix A.2, printed p. 57, item 106, Chakrata]",,,siljaunsari2008:g106:sil-jaunsari-2008-chakrata:i2,,,,dialect:jaun:sil-jaunsari-2008-chakrata:Chakrata
jaun,,d̪ɐd̪ɐ,older brother,,d̪ɐd̪ɐ,Appendix A.2 lexical-similarity group 1; Jaunsari,"john2008jaunsari[Appendix A.2, printed p. 57, item 107, Korwa]",,,siljaunsari2008:g107:sil-jaunsari-2008-korwa:i1,,,,dialect:jaun:sil-jaunsari-2008-korwa:Korwa
jaun,,d̪ɐd̪ɐ,older brother,,d̪ɐd̪ɐ,Appendix A.2 lexical-similarity group 2; Jaunsari,"john2008jaunsari[Appendix A.2, printed p. 57, item 107, Korwa]",,,siljaunsari2008:g107:sil-jaunsari-2008-korwa:i2,,,,dialect:jaun:sil-jaunsari-2008-korwa:Korwa
jaun,,d̪ɐd̪ɐ,older brother,,d̪ɐd̪ɐ,Appendix A.2 lexical-similarity group 1; Jaunsari,"john2008jaunsari[Appendix A.2, printed p. 57, item 107, Khanaad]",,,siljaunsari2008:g107:sil-jaunsari-2008-khanaad:i1,,,,dialect:jaun:sil-jaunsari-2008-khanaad:Khanaad
jaun,,d̪ɐd̪ɐ,older brother,,d̪ɐd̪ɐ,Appendix A.2 lexical-similarity group 2; Jaunsari,"john2008jaunsari[Appendix A.2, printed p. 57, item 107, Khanaad]",,,siljaunsari2008:g107:sil-jaunsari-2008-khanaad:i2,,,,dialect:jaun:sil-jaunsari-2008-khanaad:Khanaad
jaun,,d̪ɐd̪ɐ,older brother,,d̪ɐd̪ɐ,Appendix A.2 lexical-similarity group 1; Jaunsari,"john2008jaunsari[Appendix A.2, printed p. 57, item 107, Chapnu]",,,siljaunsari2008:g107:sil-jaunsari-2008-chapnu:i1,,,,dialect:jaun:sil-jaunsari-2008-chapnu:Chapnu
jaun,,d̪ɐd̪ɐ,older brother,,d̪ɐd̪ɐ,Appendix A.2 lexical-similarity group 2; Jaunsari,"john2008jaunsari[Appendix A.2, printed p. 57, item 107, Chapnu]",,,siljaunsari2008:g107:sil-jaunsari-2008-chapnu:i2,,,,dialect:jaun:sil-jaunsari-2008-chapnu:Chapnu
jaun,,boɖəd̪ad̪ɐ,older brother,,boɖəd̪ad̪ɐ,Appendix A.2 lexical-similarity group 2; Jaunsari-Bawari,"john2008jaunsari[Appendix A.2, printed p. 57, item 107, Bhandroli]",,,siljaunsari2008:g107:sil-jaunsari-2008-bhandroli:i1,,,,dialect:jaun:sil-jaunsari-2008-bhandroli:Bhandroli
jaun,,d̪ɐd̪ɐ,older brother,,d̪ɐd̪ɐ,Appendix A.2 lexical-similarity group 1; Jaunsari-Bawari,"john2008jaunsari[Appendix A.2, printed p. 57, item 107, Maindrath]",,,siljaunsari2008:g107:sil-jaunsari-2008-maindrath:i1,,,,dialect:jaun:sil-jaunsari-2008-maindrath:Maindrath
jaun,,d̪ɐd̪ɐ,older brother,,d̪ɐd̪ɐ,Appendix A.2 lexical-similarity group 2; Jaunsari-Bawari,"john2008jaunsari[Appendix A.2, printed p. 57, item 107, Maindrath]",,,siljaunsari2008:g107:sil-jaunsari-2008-maindrath:i2,,,,dialect:jaun:sil-jaunsari-2008-maindrath:Maindrath
jaun,,d̪ɐd̪ɐ,older brother,,d̪ɐd̪ɐ,Appendix A.2 lexical-similarity group 1; Jaunsari-Garhwali border mix,"john2008jaunsari[Appendix A.2, printed p. 57, item 107, Lakhamandal]",,,siljaunsari2008:g107:sil-jaunsari-2008-lakhamandal:i1,,,,dialect:jaun:sil-jaunsari-2008-lakhamandal:Lakhamandal
jaun,,d̪ɐd̪ɐ,older brother,,d̪ɐd̪ɐ,Appendix A.2 lexical-similarity group 2; Jaunsari-Garhwali border mix,"john2008jaunsari[Appendix A.2, printed p. 57, item 107, Lakhamandal]",,,siljaunsari2008:g107:sil-jaunsari-2008-lakhamandal:i2,,,,dialect:jaun:sil-jaunsari-2008-lakhamandal:Lakhamandal
jaun,,bɦadʒi,older brother,,bɦadʒi,Appendix A.2 lexical-similarity group 3; previous Garhwali survey list,"john2008jaunsari[Appendix A.2, printed p. 57, item 107, Chakrata]",,,siljaunsari2008:g107:sil-jaunsari-2008-chakrata:i1,,,,dialect:jaun:sil-jaunsari-2008-chakrata:Chakrata
jaun,,bɦajɐ,younger brother,,bɦajɐ,Appendix A.2 lexical-similarity group 2; Jaunsari,"john2008jaunsari[Appendix A.2, printed p. 57, item 108, Korwa]",,,siljaunsari2008:g108:sil-jaunsari-2008-korwa:i1,,,,dialect:jaun:sil-jaunsari-2008-korwa:Korwa
jaun,,bɦajɐ,younger brother,,bɦajɐ,Appendix A.2 lexical-similarity group 2; Jaunsari,"john2008jaunsari[Appendix A.2, printed p. 57, item 108, Khanaad]",,,siljaunsari2008:g108:sil-jaunsari-2008-khanaad:i1,,,,dialect:jaun:sil-jaunsari-2008-khanaad:Khanaad
jaun,,bɦajɐ,younger brother,,bɦajɐ,Appendix A.2 lexical-similarity group 2; Jaunsari,"john2008jaunsari[Appendix A.2, printed p. 57, item 108, Chapnu]",,,siljaunsari2008:g108:sil-jaunsari-2008-chapnu:i1,,,,dialect:jaun:sil-jaunsari-2008-chapnu:Chapnu
jaun,,bɦajɐ,younger brother,,bɦajɐ,Appendix A.2 lexical-similarity group 2; Jaunsari-Bawari,"john2008jaunsari[Appendix A.2, printed p. 57, item 108, Bhandroli]",,,siljaunsari2008:g108:sil-jaunsari-2008-bhandroli:i1,,,,dialect:jaun:sil-jaunsari-2008-bhandroli:Bhandroli
jaun,,bɦɐj,younger brother,,bɦɐj,Appendix A.2 lexical-similarity group 2; Jaunsari-Bawari,"john2008jaunsari[Appendix A.2, printed p. 57, item 108, Maindrath]",,,siljaunsari2008:g108:sil-jaunsari-2008-maindrath:i1,,,,dialect:jaun:sil-jaunsari-2008-maindrath:Maindrath
jaun,,bɦɐjɐ,younger brother,,bɦɐjɐ,Appendix A.2 lexical-similarity group 2; Jaunsari-Garhwali border mix,"john2008jaunsari[Appendix A.2, printed p. 57, item 108, Lakhamandal]",,,siljaunsari2008:g108:sil-jaunsari-2008-lakhamandal:i1,,,,dialect:jaun:sil-jaunsari-2008-lakhamandal:Lakhamandal
jaun,,nənd̪ɾa bɦajə,younger brother,,nənd̪ɾa bɦajə,Appendix A.2 lexical-similarity group 3; previous Garhwali survey list,"john2008jaunsari[Appendix A.2, printed p. 57, item 108, Chakrata]",,,siljaunsari2008:g108:sil-jaunsari-2008-chakrata:i1,,,,dialect:jaun:sil-jaunsari-2008-chakrata:Chakrata
jaun,,d̪ad̪i,older sister,,d̪ad̪i,Appendix A.2 lexical-similarity group 1; Jaunsari,"john2008jaunsari[Appendix A.2, printed p. 58, item 109, Korwa]",,,siljaunsari2008:g109:sil-jaunsari-2008-korwa:i1,,,,dialect:jaun:sil-jaunsari-2008-korwa:Korwa
jaun,,d̪ad̪i,older sister,,d̪ad̪i,Appendix A.2 lexical-similarity group 1; Jaunsari,"john2008jaunsari[Appendix A.2, printed p. 58, item 109, Khanaad]",,,siljaunsari2008:g109:sil-jaunsari-2008-khanaad:i1,,,,dialect:jaun:sil-jaunsari-2008-khanaad:Khanaad
jaun,,d̪ad̪i,older sister,,d̪ad̪i,Appendix A.2 lexical-similarity group 1; Jaunsari,"john2008jaunsari[Appendix A.2, printed p. 58, item 109, Chapnu]",,,siljaunsari2008:g109:sil-jaunsari-2008-chapnu:i1,,,,dialect:jaun:sil-jaunsari-2008-chapnu:Chapnu
jaun,,d̪ad̪i,older sister,,d̪ad̪i,Appendix A.2 lexical-similarity group 1; Jaunsari-Bawari,"john2008jaunsari[Appendix A.2, printed p. 58, item 109, Bhandroli]",,,siljaunsari2008:g109:sil-jaunsari-2008-bhandroli:i1,,,,dialect:jaun:sil-jaunsari-2008-bhandroli:Bhandroli
jaun,,d̪ad̪i,older sister,,d̪ad̪i,Appendix A.2 lexical-similarity group 1; Jaunsari-Bawari,"john2008jaunsari[Appendix A.2, printed p. 58, item 109, Maindrath]",,,siljaunsari2008:g109:sil-jaunsari-2008-maindrath:i1,,,,dialect:jaun:sil-jaunsari-2008-maindrath:Maindrath
jaun,,d̪ad̪i,older sister,,d̪ad̪i,Appendix A.2 lexical-similarity group 1; Jaunsari-Garhwali border mix,"john2008jaunsari[Appendix A.2, printed p. 58, item 109, Lakhamandal]",,,siljaunsari2008:g109:sil-jaunsari-2008-lakhamandal:i1,,,,dialect:jaun:sil-jaunsari-2008-lakhamandal:Lakhamandal
jaun,,d̪ad̪i,older sister,,d̪ad̪i,Appendix A.2 lexical-similarity group 1; previous Garhwali survey list,"john2008jaunsari[Appendix A.2, printed p. 58, item 109, Chakrata]",,,siljaunsari2008:g109:sil-jaunsari-2008-chakrata:i1,,,,dialect:jaun:sil-jaunsari-2008-chakrata:Chakrata
jaun,,bɐjʈi,younger sister,,bɐjʈi,Appendix A.2 lexical-similarity group 2; Jaunsari,"john2008jaunsari[Appendix A.2, printed p. 58, item 110, Korwa]",,,siljaunsari2008:g110:sil-jaunsari-2008-korwa:i1,,,,dialect:jaun:sil-jaunsari-2008-korwa:Korwa
jaun,,bɐjʈi,younger sister,,bɐjʈi,Appendix A.2 lexical-similarity group 2; Jaunsari,"john2008jaunsari[Appendix A.2, printed p. 58, item 110, Khanaad]",,,siljaunsari2008:g110:sil-jaunsari-2008-khanaad:i1,,,,dialect:jaun:sil-jaunsari-2008-khanaad:Khanaad
jaun,,bɐjʈi,younger sister,,bɐjʈi,Appendix A.2 lexical-similarity group 2; Jaunsari,"john2008jaunsari[Appendix A.2, printed p. 58, item 110, Chapnu]",,,siljaunsari2008:g110:sil-jaunsari-2008-chapnu:i1,,,,dialect:jaun:sil-jaunsari-2008-chapnu:Chapnu
jaun,,bɐjʈi,younger sister,,bɐjʈi,Appendix A.2 lexical-similarity group 2; Jaunsari-Bawari,"john2008jaunsari[Appendix A.2, printed p. 58, item 110, Bhandroli]",,,siljaunsari2008:g110:sil-jaunsari-2008-bhandroli:i1,,,,dialect:jaun:sil-jaunsari-2008-bhandroli:Bhandroli
jaun,,bɐjʈi,younger sister,,bɐjʈi,Appendix A.2 lexical-similarity group 2; Jaunsari-Bawari,"john2008jaunsari[Appendix A.2, printed p. 58, item 110, Maindrath]",,,siljaunsari2008:g110:sil-jaunsari-2008-maindrath:i1,,,,dialect:jaun:sil-jaunsari-2008-maindrath:Maindrath
jaun,,bɦɐjɐ,younger sister,,bɦɐjɐ,Appendix A.2 lexical-similarity group 3; Jaunsari-Garhwali border mix,"john2008jaunsari[Appendix A.2, printed p. 58, item 110, Lakhamandal]",,,siljaunsari2008:g110:sil-jaunsari-2008-lakhamandal:i1,,,,dialect:jaun:sil-jaunsari-2008-lakhamandal:Lakhamandal
jaun,,baʈi,younger sister,,baʈi,Appendix A.2 lexical-similarity group 2; previous Garhwali survey list,"john2008jaunsari[Appendix A.2, printed p. 58, item 110, Chakrata]",,,siljaunsari2008:g110:sil-jaunsari-2008-chakrata:i1,,,,dialect:jaun:sil-jaunsari-2008-chakrata:Chakrata
jaun,,beʈa,son,,beʈa,Appendix A.2 lexical-similarity group 1; Jaunsari,"john2008jaunsari[Appendix A.2, printed p. 58, item 111, Korwa]",,,siljaunsari2008:g111:sil-jaunsari-2008-korwa:i1,,,,dialect:jaun:sil-jaunsari-2008-korwa:Korwa
jaun,,tshɔʈɐ,son,,tshɔʈɐ,Appendix A.2 lexical-similarity group 3; Jaunsari,"john2008jaunsari[Appendix A.2, printed p. 58, item 111, Korwa]",,,siljaunsari2008:g111:sil-jaunsari-2008-korwa:i2,,,,dialect:jaun:sil-jaunsari-2008-korwa:Korwa
jaun,,beʈa,son,,beʈa,Appendix A.2 lexical-similarity group 1; Jaunsari,"john2008jaunsari[Appendix A.2, printed p. 58, item 111, Khanaad]",,,siljaunsari2008:g111:sil-jaunsari-2008-khanaad:i1,,,,dialect:jaun:sil-jaunsari-2008-khanaad:Khanaad
jaun,,beʈa,son,,beʈa,Appendix A.2 lexical-similarity group 1; Jaunsari,"john2008jaunsari[Appendix A.2, printed p. 58, item 111, Chapnu]",,,siljaunsari2008:g111:sil-jaunsari-2008-chapnu:i1,,,,dialect:jaun:sil-jaunsari-2008-chapnu:Chapnu
jaun,,beʈɐ,son,,beʈɐ,Appendix A.2 lexical-similarity group 1; Jaunsari-Bawari,"john2008jaunsari[Appendix A.2, printed p. 58, item 111, Bhandroli]",,,siljaunsari2008:g111:sil-jaunsari-2008-bhandroli:i1,,,,dialect:jaun:sil-jaunsari-2008-bhandroli:Bhandroli
jaun,,beʈɐ,son,,beʈɐ,Appendix A.2 lexical-similarity group 1; Jaunsari-Bawari,"john2008jaunsari[Appendix A.2, printed p. 58, item 111, Maindrath]",,,siljaunsari2008:g111:sil-jaunsari-2008-maindrath:i1,,,,dialect:jaun:sil-jaunsari-2008-maindrath:Maindrath
jaun,,beʈai,son,,beʈai,Appendix A.2 lexical-similarity group 1; Jaunsari-Garhwali border mix,"john2008jaunsari[Appendix A.2, printed p. 58, item 111, Lakhamandal]",,,siljaunsari2008:g111:sil-jaunsari-2008-lakhamandal:i1,,,,dialect:jaun:sil-jaunsari-2008-lakhamandal:Lakhamandal
jaun,,tʃoɾa,son,,tʃoɾa,Appendix A.2 lexical-similarity group 3; Jaunsari-Garhwali border mix,"john2008jaunsari[Appendix A.2, printed p. 58, item 111, Lakhamandal]",,,siljaunsari2008:g111:sil-jaunsari-2008-lakhamandal:i2,,,,dialect:jaun:sil-jaunsari-2008-lakhamandal:Lakhamandal
jaun,,beʈa,son,,beʈa,Appendix A.2 lexical-similarity group 1; previous Garhwali survey list,"john2008jaunsari[Appendix A.2, printed p. 58, item 111, Chakrata]",,,siljaunsari2008:g111:sil-jaunsari-2008-chakrata:i1,,,,dialect:jaun:sil-jaunsari-2008-chakrata:Chakrata
jaun,,beʈi,daughter,,beʈi,Appendix A.2 lexical-similarity group 1; Jaunsari,"john2008jaunsari[Appendix A.2, printed p. 58, item 112, Korwa]",,,siljaunsari2008:g112:sil-jaunsari-2008-korwa:i1,,,,dialect:jaun:sil-jaunsari-2008-korwa:Korwa
jaun,,tshɔuʈi,daughter,,tshɔuʈi,Appendix A.2 lexical-similarity group 3; Jaunsari,"john2008jaunsari[Appendix A.2, printed p. 58, item 112, Korwa]",,,siljaunsari2008:g112:sil-jaunsari-2008-korwa:i2,,,,dialect:jaun:sil-jaunsari-2008-korwa:Korwa
jaun,,beʈi,daughter,,beʈi,Appendix A.2 lexical-similarity group 1; Jaunsari,"john2008jaunsari[Appendix A.2, printed p. 58, item 112, Khanaad]",,,siljaunsari2008:g112:sil-jaunsari-2008-khanaad:i1,,,,dialect:jaun:sil-jaunsari-2008-khanaad:Khanaad
jaun,,beʈi,daughter,,beʈi,Appendix A.2 lexical-similarity group 1; Jaunsari,"john2008jaunsari[Appendix A.2, printed p. 58, item 112, Chapnu]",,,siljaunsari2008:g112:sil-jaunsari-2008-chapnu:i1,,,,dialect:jaun:sil-jaunsari-2008-chapnu:Chapnu
jaun,,beʈi,daughter,,beʈi,Appendix A.2 lexical-similarity group 1; Jaunsari-Bawari,"john2008jaunsari[Appendix A.2, printed p. 58, item 112, Bhandroli]",,,siljaunsari2008:g112:sil-jaunsari-2008-bhandroli:i1,,,,dialect:jaun:sil-jaunsari-2008-bhandroli:Bhandroli
jaun,,beʈi,daughter,,beʈi,Appendix A.2 lexical-similarity group 1; Jaunsari-Bawari,"john2008jaunsari[Appendix A.2, printed p. 58, item 112, Maindrath]",,,siljaunsari2008:g112:sil-jaunsari-2008-maindrath:i1,,,,dialect:jaun:sil-jaunsari-2008-maindrath:Maindrath
jaun,,tʃoɾi,daughter,,tʃoɾi,Appendix A.2 lexical-similarity group 4; Jaunsari-Garhwali border mix,"john2008jaunsari[Appendix A.2, printed p. 58, item 112, Lakhamandal]",,,siljaunsari2008:g112:sil-jaunsari-2008-lakhamandal:i1,,,,dialect:jaun:sil-jaunsari-2008-lakhamandal:Lakhamandal
jaun,,beʈi,daughter,,beʈi,Appendix A.2 lexical-similarity group 1; previous Garhwali survey list,"john2008jaunsari[Appendix A.2, printed p. 58, item 112, Chakrata]",,,siljaunsari2008:g112:sil-jaunsari-2008-chakrata:i1,,,,dialect:jaun:sil-jaunsari-2008-chakrata:Chakrata
jaun,,khɔɐnd̪,husband,,khɔɐnd̪,Appendix A.2 lexical-similarity group 2; Jaunsari,"john2008jaunsari[Appendix A.2, printed p. 58, item 113, Korwa]",,,siljaunsari2008:g113:sil-jaunsari-2008-korwa:i1,,,,dialect:jaun:sil-jaunsari-2008-korwa:Korwa
jaun,,khɔɐnd̪,husband,,khɔɐnd̪,Appendix A.2 lexical-similarity group 2; Jaunsari,"john2008jaunsari[Appendix A.2, printed p. 58, item 113, Khanaad]",,,siljaunsari2008:g113:sil-jaunsari-2008-khanaad:i1,,,,dialect:jaun:sil-jaunsari-2008-khanaad:Khanaad
jaun,,khɔɐnd̪,husband,,khɔɐnd̪,Appendix A.2 lexical-similarity group 2; Jaunsari,"john2008jaunsari[Appendix A.2, printed p. 58, item 113, Chapnu]",,,siljaunsari2008:g113:sil-jaunsari-2008-chapnu:i1,,,,dialect:jaun:sil-jaunsari-2008-chapnu:Chapnu
jaun,,khɔnd̪,husband,,khɔnd̪,Appendix A.2 lexical-similarity group 2; Jaunsari-Bawari,"john2008jaunsari[Appendix A.2, printed p. 58, item 113, Bhandroli]",,,siljaunsari2008:g113:sil-jaunsari-2008-bhandroli:i1,,,,dialect:jaun:sil-jaunsari-2008-bhandroli:Bhandroli
jaun,,khuand̪,husband,,khuand̪,Appendix A.2 lexical-similarity group 2; Jaunsari-Bawari,"john2008jaunsari[Appendix A.2, printed p. 58, item 113, Maindrath]",,,siljaunsari2008:g113:sil-jaunsari-2008-maindrath:i1,,,,dialect:jaun:sil-jaunsari-2008-maindrath:Maindrath
jaun,,khãwɸan,husband,,khãwɸan,Appendix A.2 lexical-similarity group 3; Jaunsari-Garhwali border mix,"john2008jaunsari[Appendix A.2, printed p. 58, item 113, Lakhamandal]",,,siljaunsari2008:g113:sil-jaunsari-2008-lakhamandal:i1,,,,dialect:jaun:sil-jaunsari-2008-lakhamandal:Lakhamandal
jaun,,kaʋəɖ,husband,,kaʋəɖ,Appendix A.2 lexical-similarity group 4; previous Garhwali survey list,"john2008jaunsari[Appendix A.2, printed p. 58, item 113, Chakrata]",,,siljaunsari2008:g113:sil-jaunsari-2008-chakrata:i1,,,,dialect:jaun:sil-jaunsari-2008-chakrata:Chakrata
jaun,,dʒoɾu,wife,,dʒoɾu,Appendix A.2 lexical-similarity group 2; Jaunsari,"john2008jaunsari[Appendix A.2, printed p. 58, item 114, Korwa]",,,siljaunsari2008:g114:sil-jaunsari-2008-korwa:i1,,,,dialect:jaun:sil-jaunsari-2008-korwa:Korwa
jaun,,dʒoɾu,wife,,dʒoɾu,Appendix A.2 lexical-similarity group 2; Jaunsari,"john2008jaunsari[Appendix A.2, printed p. 58, item 114, Khanaad]",,,siljaunsari2008:g114:sil-jaunsari-2008-khanaad:i1,,,,dialect:jaun:sil-jaunsari-2008-khanaad:Khanaad
jaun,,dʒoɾu,wife,,dʒoɾu,Appendix A.2 lexical-similarity group 2; Jaunsari,"john2008jaunsari[Appendix A.2, printed p. 58, item 114, Chapnu]",,,siljaunsari2008:g114:sil-jaunsari-2008-chapnu:i1,,,,dialect:jaun:sil-jaunsari-2008-chapnu:Chapnu
jaun,,dʒoɾu,wife,,dʒoɾu,Appendix A.2 lexical-similarity group 2; Jaunsari-Bawari,"john2008jaunsari[Appendix A.2, printed p. 58, item 114, Bhandroli]",,,siljaunsari2008:g114:sil-jaunsari-2008-bhandroli:i1,,,,dialect:jaun:sil-jaunsari-2008-bhandroli:Bhandroli
jaun,,dʒoɾu,wife,,dʒoɾu,Appendix A.2 lexical-similarity group 2; Jaunsari-Bawari,"john2008jaunsari[Appendix A.2, printed p. 58, item 114, Maindrath]",,,siljaunsari2008:g114:sil-jaunsari-2008-maindrath:i1,,,,dialect:jaun:sil-jaunsari-2008-maindrath:Maindrath
jaun,,dʒuɾu,wife,,dʒuɾu,Appendix A.2 lexical-similarity group 2; Jaunsari-Garhwali border mix,"john2008jaunsari[Appendix A.2, printed p. 58, item 114, Lakhamandal]",,,siljaunsari2008:g114:sil-jaunsari-2008-lakhamandal:i1,,,,dialect:jaun:sil-jaunsari-2008-lakhamandal:Lakhamandal
jaun,,dʒoɾu,wife,,dʒoɾu,Appendix A.2 lexical-similarity group 2; previous Garhwali survey list,"john2008jaunsari[Appendix A.2, printed p. 58, item 114, Chakrata]",,,siljaunsari2008:g114:sil-jaunsari-2008-chakrata:i1,,,,dialect:jaun:sil-jaunsari-2008-chakrata:Chakrata
jaun,,ləɖəka,boy,,ləɖəka,Appendix A.2 lexical-similarity group 1; Jaunsari,"john2008jaunsari[Appendix A.2, printed p. 59, item 115, Korwa]",,,siljaunsari2008:g115:sil-jaunsari-2008-korwa:i1,,,,dialect:jaun:sil-jaunsari-2008-korwa:Korwa
jaun,,laɖəkoʈu,boy,,laɖəkoʈu,Appendix A.2 lexical-similarity group 1; Jaunsari,"john2008jaunsari[Appendix A.2, printed p. 59, item 115, Khanaad]",,,siljaunsari2008:g115:sil-jaunsari-2008-khanaad:i1,,,,dialect:jaun:sil-jaunsari-2008-khanaad:Khanaad
jaun,,beʈa,boy,,beʈa,Appendix A.2 lexical-similarity group 2; Jaunsari,"john2008jaunsari[Appendix A.2, printed p. 59, item 115, Chapnu]",,,siljaunsari2008:g115:sil-jaunsari-2008-chapnu:i1,,,,dialect:jaun:sil-jaunsari-2008-chapnu:Chapnu
jaun,,kuɐsɐ,boy,,kuɐsɐ,Appendix A.2 lexical-similarity group 4; Jaunsari-Bawari,"john2008jaunsari[Appendix A.2, printed p. 59, item 115, Bhandroli]",,,siljaunsari2008:g115:sil-jaunsari-2008-bhandroli:i1,,,,dialect:jaun:sil-jaunsari-2008-bhandroli:Bhandroli
jaun,,ləɖəka,boy,,ləɖəka,Appendix A.2 lexical-similarity group 1; Jaunsari-Bawari,"john2008jaunsari[Appendix A.2, printed p. 59, item 115, Maindrath]",,,siljaunsari2008:g115:sil-jaunsari-2008-maindrath:i1,,,,dialect:jaun:sil-jaunsari-2008-maindrath:Maindrath
jaun,,tʃoɾɐ,boy,,tʃoɾɐ,Appendix A.2 lexical-similarity group 3; Jaunsari-Garhwali border mix,"john2008jaunsari[Appendix A.2, printed p. 59, item 115, Lakhamandal]",,,siljaunsari2008:g115:sil-jaunsari-2008-lakhamandal:i1,,,,dialect:jaun:sil-jaunsari-2008-lakhamandal:Lakhamandal
jaun,,tʃhoʈa,boy,,tʃhoʈa,Appendix A.2 lexical-similarity group 3; previous Garhwali survey list,"john2008jaunsari[Appendix A.2, printed p. 59, item 115, Chakrata]",,,siljaunsari2008:g115:sil-jaunsari-2008-chakrata:i1,,,,dialect:jaun:sil-jaunsari-2008-chakrata:Chakrata
jaun,,ləɖəki,girl,,ləɖəki,Appendix A.2 lexical-similarity group 1; Jaunsari,"john2008jaunsari[Appendix A.2, printed p. 59, item 116, Korwa]",,,siljaunsari2008:g116:sil-jaunsari-2008-korwa:i1,,,,dialect:jaun:sil-jaunsari-2008-korwa:Korwa
jaun,,ləɖəki,girl,,ləɖəki,Appendix A.2 lexical-similarity group 1; Jaunsari,"john2008jaunsari[Appendix A.2, printed p. 59, item 116, Khanaad]",,,siljaunsari2008:g116:sil-jaunsari-2008-khanaad:i1,,,,dialect:jaun:sil-jaunsari-2008-khanaad:Khanaad
jaun,,beʈi,girl,,beʈi,Appendix A.2 lexical-similarity group 2; Jaunsari,"john2008jaunsari[Appendix A.2, printed p. 59, item 116, Chapnu]",,,siljaunsari2008:g116:sil-jaunsari-2008-chapnu:i1,,,,dialect:jaun:sil-jaunsari-2008-chapnu:Chapnu
jaun,,gjaɳʈuɖi,girl,,gjaɳʈuɖi,Appendix A.2 lexical-similarity group 4; Jaunsari-Bawari,"john2008jaunsari[Appendix A.2, printed p. 59, item 116, Bhandroli]",,,siljaunsari2008:g116:sil-jaunsari-2008-bhandroli:i1,,,,dialect:jaun:sil-jaunsari-2008-bhandroli:Bhandroli
jaun,,ləɖəki,girl,,ləɖəki,Appendix A.2 lexical-similarity group 1; Jaunsari-Bawari,"john2008jaunsari[Appendix A.2, printed p. 59, item 116, Maindrath]",,,siljaunsari2008:g116:sil-jaunsari-2008-maindrath:i1,,,,dialect:jaun:sil-jaunsari-2008-maindrath:Maindrath
jaun,,tʃhoɾi,girl,,tʃhoɾi,Appendix A.2 lexical-similarity group 3; Jaunsari-Garhwali border mix,"john2008jaunsari[Appendix A.2, printed p. 59, item 116, Lakhamandal]",,,siljaunsari2008:g116:sil-jaunsari-2008-lakhamandal:i1,,,,dialect:jaun:sil-jaunsari-2008-lakhamandal:Lakhamandal
jaun,,tʃhoɾi,girl,,tʃhoɾi,Appendix A.2 lexical-similarity group 6; Jaunsari-Garhwali border mix,"john2008jaunsari[Appendix A.2, printed p. 59, item 116, Lakhamandal]",,,siljaunsari2008:g116:sil-jaunsari-2008-lakhamandal:i2,,,,dialect:jaun:sil-jaunsari-2008-lakhamandal:Lakhamandal
jaun,,tʃhoʈi,girl,,tʃhoʈi,Appendix A.2 lexical-similarity group 3; previous Garhwali survey list,"john2008jaunsari[Appendix A.2, printed p. 59, item 116, Chakrata]",,,siljaunsari2008:g116:sil-jaunsari-2008-chakrata:i1,,,,dialect:jaun:sil-jaunsari-2008-chakrata:Chakrata
jaun,,d̪ɪn,day,,d̪ɪn,Appendix A.2 lexical-similarity group 1; Jaunsari,"john2008jaunsari[Appendix A.2, printed p. 59, item 117, Korwa]",,,siljaunsari2008:g117:sil-jaunsari-2008-korwa:i1,,,,dialect:jaun:sil-jaunsari-2008-korwa:Korwa
jaun,,d̪us,day,,d̪us,Appendix A.2 lexical-similarity group 2; Jaunsari,"john2008jaunsari[Appendix A.2, printed p. 59, item 117, Korwa]",,,siljaunsari2008:g117:sil-jaunsari-2008-korwa:i2,,,,dialect:jaun:sil-jaunsari-2008-korwa:Korwa
jaun,,d̪us,day,,d̪us,Appendix A.2 lexical-similarity group 2; Jaunsari,"john2008jaunsari[Appendix A.2, printed p. 59, item 117, Khanaad]",,,siljaunsari2008:g117:sil-jaunsari-2008-khanaad:i1,,,,dialect:jaun:sil-jaunsari-2008-khanaad:Khanaad
jaun,,d̪us,day,,d̪us,Appendix A.2 lexical-similarity group 2; Jaunsari,"john2008jaunsari[Appendix A.2, printed p. 59, item 117, Chapnu]",,,siljaunsari2008:g117:sil-jaunsari-2008-chapnu:i1,,,,dialect:jaun:sil-jaunsari-2008-chapnu:Chapnu
jaun,,d̪usɐ,day,,d̪usɐ,Appendix A.2 lexical-similarity group 2; Jaunsari-Bawari,"john2008jaunsari[Appendix A.2, printed p. 59, item 117, Bhandroli]",,,siljaunsari2008:g117:sil-jaunsari-2008-bhandroli:i1,,,,dialect:jaun:sil-jaunsari-2008-bhandroli:Bhandroli
jaun,,d̪us,day,,d̪us,Appendix A.2 lexical-similarity group 2; Jaunsari-Bawari,"john2008jaunsari[Appendix A.2, printed p. 59, item 117, Maindrath]",,,siljaunsari2008:g117:sil-jaunsari-2008-maindrath:i1,,,,dialect:jaun:sil-jaunsari-2008-maindrath:Maindrath
jaun,,d̪ɪn,day,,d̪ɪn,Appendix A.2 lexical-similarity group 1; Jaunsari-Garhwali border mix,"john2008jaunsari[Appendix A.2, printed p. 59, item 117, Lakhamandal]",,,siljaunsari2008:g117:sil-jaunsari-2008-lakhamandal:i1,,,,dialect:jaun:sil-jaunsari-2008-lakhamandal:Lakhamandal
jaun,,d̪us,day,,d̪us,Appendix A.2 lexical-similarity group 2; previous Garhwali survey list,"john2008jaunsari[Appendix A.2, printed p. 59, item 117, Chakrata]",,,siljaunsari2008:g117:sil-jaunsari-2008-chakrata:i1,,,,dialect:jaun:sil-jaunsari-2008-chakrata:Chakrata
jaun,,ɾat̪,night,,ɾat̪,Appendix A.2 lexical-similarity group 1; Jaunsari,"john2008jaunsari[Appendix A.2, printed p. 59, item 118, Korwa]",,,siljaunsari2008:g118:sil-jaunsari-2008-korwa:i1,,,,dialect:jaun:sil-jaunsari-2008-korwa:Korwa
jaun,,ɾat̪,night,,ɾat̪,Appendix A.2 lexical-similarity group 1; Jaunsari,"john2008jaunsari[Appendix A.2, printed p. 59, item 118, Khanaad]",,,siljaunsari2008:g118:sil-jaunsari-2008-khanaad:i1,,,,dialect:jaun:sil-jaunsari-2008-khanaad:Khanaad
jaun,,ɾat̪,night,,ɾat̪,Appendix A.2 lexical-similarity group 1; Jaunsari,"john2008jaunsari[Appendix A.2, printed p. 59, item 118, Chapnu]",,,siljaunsari2008:g118:sil-jaunsari-2008-chapnu:i1,,,,dialect:jaun:sil-jaunsari-2008-chapnu:Chapnu
jaun,,ɾat̪i,night,,ɾat̪i,Appendix A.2 lexical-similarity group 1; Jaunsari-Bawari,"john2008jaunsari[Appendix A.2, printed p. 59, item 118, Bhandroli]",,,siljaunsari2008:g118:sil-jaunsari-2008-bhandroli:i1,,,,dialect:jaun:sil-jaunsari-2008-bhandroli:Bhandroli
jaun,,ɾat̪,night,,ɾat̪,Appendix A.2 lexical-similarity group 1; Jaunsari-Bawari,"john2008jaunsari[Appendix A.2, printed p. 59, item 118, Maindrath]",,,siljaunsari2008:g118:sil-jaunsari-2008-maindrath:i1,,,,dialect:jaun:sil-jaunsari-2008-maindrath:Maindrath
jaun,,ɾat̪,night,,ɾat̪,Appendix A.2 lexical-similarity group 1; Jaunsari-Garhwali border mix,"john2008jaunsari[Appendix A.2, printed p. 59, item 118, Lakhamandal]",,,siljaunsari2008:g118:sil-jaunsari-2008-lakhamandal:i1,,,,dialect:jaun:sil-jaunsari-2008-lakhamandal:Lakhamandal
jaun,,ɾat̪,night,,ɾat̪,Appendix A.2 lexical-similarity group 1; previous Garhwali survey list,"john2008jaunsari[Appendix A.2, printed p. 59, item 118, Chakrata]",,,siljaunsari2008:g118:sil-jaunsari-2008-chakrata:i1,,,,dialect:jaun:sil-jaunsari-2008-chakrata:Chakrata
jaun,,dʒiʃɐ,morning,,dʒiʃɐ,Appendix A.2 lexical-similarity group 1; Jaunsari,"john2008jaunsari[Appendix A.2, printed p. 59, item 119, Korwa]",,,siljaunsari2008:g119:sil-jaunsari-2008-korwa:i1,,,,dialect:jaun:sil-jaunsari-2008-korwa:Korwa
jaun,,dʒiʃɐ,morning,,dʒiʃɐ,Appendix A.2 lexical-similarity group 1; Jaunsari,"john2008jaunsari[Appendix A.2, printed p. 59, item 119, Khanaad]",,,siljaunsari2008:g119:sil-jaunsari-2008-khanaad:i1,,,,dialect:jaun:sil-jaunsari-2008-khanaad:Khanaad
jaun,,dʒiʃɐ,morning,,dʒiʃɐ,Appendix A.2 lexical-similarity group 1; Jaunsari,"john2008jaunsari[Appendix A.2, printed p. 59, item 119, Chapnu]",,,siljaunsari2008:g119:sil-jaunsari-2008-chapnu:i1,,,,dialect:jaun:sil-jaunsari-2008-chapnu:Chapnu
jaun,,dʒiʃɐ,morning,,dʒiʃɐ,Appendix A.2 lexical-similarity group 1; Jaunsari-Bawari,"john2008jaunsari[Appendix A.2, printed p. 59, item 119, Bhandroli]",,,siljaunsari2008:g119:sil-jaunsari-2008-bhandroli:i1,,,,dialect:jaun:sil-jaunsari-2008-bhandroli:Bhandroli
jaun,,dʒiʃɐ,morning,,dʒiʃɐ,Appendix A.2 lexical-similarity group 1; Jaunsari-Bawari,"john2008jaunsari[Appendix A.2, printed p. 59, item 119, Maindrath]",,,siljaunsari2008:g119:sil-jaunsari-2008-maindrath:i1,,,,dialect:jaun:sil-jaunsari-2008-maindrath:Maindrath
jaun,,ɾɐt̪ke beɾɐ,morning,,ɾɐt̪ke beɾɐ,Appendix A.2 lexical-similarity group 2; Jaunsari-Garhwali border mix,"john2008jaunsari[Appendix A.2, printed p. 59, item 119, Lakhamandal]",,,siljaunsari2008:g119:sil-jaunsari-2008-lakhamandal:i1,,,,dialect:jaun:sil-jaunsari-2008-lakhamandal:Lakhamandal
jaun,,ɾat̪ija,morning,,ɾat̪ija,Appendix A.2 lexical-similarity group 3; previous Garhwali survey list,"john2008jaunsari[Appendix A.2, printed p. 59, item 119, Chakrata]",,,siljaunsari2008:g119:sil-jaunsari-2008-chakrata:i1,,,,dialect:jaun:sil-jaunsari-2008-chakrata:Chakrata
jaun,,d̪usɐv,noon,,d̪usɐv,Appendix A.2 lexical-similarity group 2; Jaunsari,"john2008jaunsari[Appendix A.2, printed p. 59, item 120, Korwa]",,,siljaunsari2008:g120:sil-jaunsari-2008-korwa:i1,,,,dialect:jaun:sil-jaunsari-2008-korwa:Korwa
jaun,,gomo,noon,,gomo,Appendix A.2 lexical-similarity group 3; Jaunsari,"john2008jaunsari[Appendix A.2, printed p. 59, item 120, Korwa]",,,siljaunsari2008:g120:sil-jaunsari-2008-korwa:i2,,,,dialect:jaun:sil-jaunsari-2008-korwa:Korwa
jaun,,gomo,noon,,gomo,Appendix A.2 lexical-similarity group 3; Jaunsari,"john2008jaunsari[Appendix A.2, printed p. 59, item 120, Khanaad]",,,siljaunsari2008:g120:sil-jaunsari-2008-khanaad:i1,,,,dialect:jaun:sil-jaunsari-2008-khanaad:Khanaad
jaun,,d̪usɐv,noon,,d̪usɐv,Appendix A.2 lexical-similarity group 2; Jaunsari,"john2008jaunsari[Appendix A.2, printed p. 59, item 120, Chapnu]",,,siljaunsari2008:g120:sil-jaunsari-2008-chapnu:i1,,,,dialect:jaun:sil-jaunsari-2008-chapnu:Chapnu
jaun,,d̪usɐ,noon,,d̪usɐ,Appendix A.2 lexical-similarity group 2; Jaunsari-Bawari,"john2008jaunsari[Appendix A.2, printed p. 59, item 120, Bhandroli]",,,siljaunsari2008:g120:sil-jaunsari-2008-bhandroli:i1,,,,dialect:jaun:sil-jaunsari-2008-bhandroli:Bhandroli
jaun,,gɦomo,noon,,gɦomo,Appendix A.2 lexical-similarity group 3; Jaunsari-Bawari,"john2008jaunsari[Appendix A.2, printed p. 59, item 120, Bhandroli]",,,siljaunsari2008:g120:sil-jaunsari-2008-bhandroli:i2,,,,dialect:jaun:sil-jaunsari-2008-bhandroli:Bhandroli
jaun,,d̪əpaɾ,noon,,d̪əpaɾ,Appendix A.2 lexical-similarity group 1; Jaunsari-Bawari,"john2008jaunsari[Appendix A.2, printed p. 59, item 120, Maindrath]",,,siljaunsari2008:g120:sil-jaunsari-2008-maindrath:i1,,,,dialect:jaun:sil-jaunsari-2008-maindrath:Maindrath
jaun,,gɐmɔɖ,noon,,gɐmɔɖ,Appendix A.2 lexical-similarity group 3; Jaunsari-Garhwali border mix,"john2008jaunsari[Appendix A.2, printed p. 59, item 120, Lakhamandal]",,,siljaunsari2008:g120:sil-jaunsari-2008-lakhamandal:i1,,,,dialect:jaun:sil-jaunsari-2008-lakhamandal:Lakhamandal
jaun,,d̪usa,noon,,d̪usa,Appendix A.2 lexical-similarity group 2; previous Garhwali survey list,"john2008jaunsari[Appendix A.2, printed p. 60, item 120, Chakrata]",,,siljaunsari2008:g120:sil-jaunsari-2008-chakrata:i1,,,,dialect:jaun:sil-jaunsari-2008-chakrata:Chakrata
jaun,,beukɛ,evening/afternoon,,beukɛ,Appendix A.2 lexical-similarity group 2; Jaunsari,"john2008jaunsari[Appendix A.2, printed p. 60, item 121, Korwa]",,,siljaunsari2008:g121:sil-jaunsari-2008-korwa:i1,,,,dialect:jaun:sil-jaunsari-2008-korwa:Korwa
jaun,,beukɛ,evening/afternoon,,beukɛ,Appendix A.2 lexical-similarity group 2; Jaunsari,"john2008jaunsari[Appendix A.2, printed p. 60, item 121, Khanaad]",,,siljaunsari2008:g121:sil-jaunsari-2008-khanaad:i1,,,,dialect:jaun:sil-jaunsari-2008-khanaad:Khanaad
jaun,,beukɛ,evening/afternoon,,beukɛ,Appendix A.2 lexical-similarity group 2; Jaunsari,"john2008jaunsari[Appendix A.2, printed p. 60, item 121, Chapnu]",,,siljaunsari2008:g121:sil-jaunsari-2008-chapnu:i1,,,,dialect:jaun:sil-jaunsari-2008-chapnu:Chapnu
jaun,,phiɾi,evening/afternoon,,phiɾi,Appendix A.2 lexical-similarity group 4; Jaunsari-Bawari,"john2008jaunsari[Appendix A.2, printed p. 60, item 121, Bhandroli]",,,siljaunsari2008:g121:sil-jaunsari-2008-bhandroli:i1,,,,dialect:jaun:sil-jaunsari-2008-bhandroli:Bhandroli
jaun,,phiɾi,evening/afternoon,,phiɾi,Appendix A.2 lexical-similarity group 4; Jaunsari-Bawari,"john2008jaunsari[Appendix A.2, printed p. 60, item 121, Maindrath]",,,siljaunsari2008:g121:sil-jaunsari-2008-maindrath:i1,,,,dialect:jaun:sil-jaunsari-2008-maindrath:Maindrath
jaun,,beɖkɛ beɾɐ,evening/afternoon,,beɖkɛ beɾɐ,Appendix A.2 lexical-similarity group 3; Jaunsari-Garhwali border mix,"john2008jaunsari[Appendix A.2, printed p. 60, item 121, Lakhamandal]",,,siljaunsari2008:g121:sil-jaunsari-2008-lakhamandal:i1,,,,dialect:jaun:sil-jaunsari-2008-lakhamandal:Lakhamandal
jaun,,patʃhə,evening/afternoon,,patʃhə,Appendix A.2 lexical-similarity group 5; previous Garhwali survey list,"john2008jaunsari[Appendix A.2, printed p. 60, item 121, Chakrata]",,,siljaunsari2008:g121:sil-jaunsari-2008-chakrata:i1,,,,dialect:jaun:sil-jaunsari-2008-chakrata:Chakrata
jaun,,bejɐ,yesterday,,bejɐ,Appendix A.2 lexical-similarity group 2; Jaunsari,"john2008jaunsari[Appendix A.2, printed p. 60, item 122, Korwa]",,,siljaunsari2008:g122:sil-jaunsari-2008-korwa:i1,,,,dialect:jaun:sil-jaunsari-2008-korwa:Korwa
jaun,,bijɐ,yesterday,,bijɐ,Appendix A.2 lexical-similarity group 2; Jaunsari,"john2008jaunsari[Appendix A.2, printed p. 60, item 122, Khanaad]",,,siljaunsari2008:g122:sil-jaunsari-2008-khanaad:i1,,,,dialect:jaun:sil-jaunsari-2008-khanaad:Khanaad
jaun,,bej,yesterday,,bej,Appendix A.2 lexical-similarity group 2; Jaunsari,"john2008jaunsari[Appendix A.2, printed p. 60, item 122, Chapnu]",,,siljaunsari2008:g122:sil-jaunsari-2008-chapnu:i1,,,,dialect:jaun:sil-jaunsari-2008-chapnu:Chapnu
jaun,,bejɐ,yesterday,,bejɐ,Appendix A.2 lexical-similarity group 2; Jaunsari-Bawari,"john2008jaunsari[Appendix A.2, printed p. 60, item 122, Bhandroli]",,,siljaunsari2008:g122:sil-jaunsari-2008-bhandroli:i1,,,,dialect:jaun:sil-jaunsari-2008-bhandroli:Bhandroli
jaun,,bjaɭu,yesterday,,bjaɭu,Appendix A.2 lexical-similarity group 4; Jaunsari-Bawari,"john2008jaunsari[Appendix A.2, printed p. 60, item 122, Maindrath]",,,siljaunsari2008:g122:sil-jaunsari-2008-maindrath:i1,,,,dialect:jaun:sil-jaunsari-2008-maindrath:Maindrath
jaun,,bejadu,yesterday,,bejadu,Appendix A.2 lexical-similarity group 4; Jaunsari-Garhwali border mix,"john2008jaunsari[Appendix A.2, printed p. 60, item 122, Lakhamandal]",,,siljaunsari2008:g122:sil-jaunsari-2008-lakhamandal:i1,,,,dialect:jaun:sil-jaunsari-2008-lakhamandal:Lakhamandal
jaun,,poɾɔ,yesterday,,poɾɔ,Appendix A.2 lexical-similarity group 3; previous Garhwali survey list,"john2008jaunsari[Appendix A.2, printed p. 60, item 122, Chakrata]",,,siljaunsari2008:g122:sil-jaunsari-2008-chakrata:i1,,,,dialect:jaun:sil-jaunsari-2008-chakrata:Chakrata
jaun,,elɐ,today,,elɐ,Appendix A.2 lexical-similarity group 2; Jaunsari,"john2008jaunsari[Appendix A.2, printed p. 60, item 123, Korwa]",,,siljaunsari2008:g123:sil-jaunsari-2008-korwa:i1,,,,dialect:jaun:sil-jaunsari-2008-korwa:Korwa
jaun,,elɐ,today,,elɐ,Appendix A.2 lexical-similarity group 2; Jaunsari,"john2008jaunsari[Appendix A.2, printed p. 60, item 123, Khanaad]",,,siljaunsari2008:g123:sil-jaunsari-2008-khanaad:i1,,,,dialect:jaun:sil-jaunsari-2008-khanaad:Khanaad
jaun,,elɐ,today,,elɐ,Appendix A.2 lexical-similarity group 2; Jaunsari,"john2008jaunsari[Appendix A.2, printed p. 60, item 123, Chapnu]",,,siljaunsari2008:g123:sil-jaunsari-2008-chapnu:i1,,,,dialect:jaun:sil-jaunsari-2008-chapnu:Chapnu
jaun,,et̪ɾɐ,today,,et̪ɾɐ,Appendix A.2 lexical-similarity group 3; Jaunsari-Bawari,"john2008jaunsari[Appendix A.2, printed p. 60, item 123, Bhandroli]",,,siljaunsari2008:g123:sil-jaunsari-2008-bhandroli:i1,,,,dialect:jaun:sil-jaunsari-2008-bhandroli:Bhandroli
jaun,,ɪt̪ɾɐ,today,,ɪt̪ɾɐ,Appendix A.2 lexical-similarity group 3; Jaunsari-Bawari,"john2008jaunsari[Appendix A.2, printed p. 60, item 123, Maindrath]",,,siljaunsari2008:g123:sil-jaunsari-2008-maindrath:i1,,,,dialect:jaun:sil-jaunsari-2008-maindrath:Maindrath
jaun,,ɪt̪sɐ,today,,ɪt̪sɐ,Appendix A.2 lexical-similarity group 3; Jaunsari-Garhwali border mix,"john2008jaunsari[Appendix A.2, printed p. 60, item 123, Lakhamandal]",,,siljaunsari2008:g123:sil-jaunsari-2008-lakhamandal:i1,,,,dialect:jaun:sil-jaunsari-2008-lakhamandal:Lakhamandal
jaun,,ala,today,,ala,Appendix A.2 lexical-similarity group 2; previous Garhwali survey list,"john2008jaunsari[Appendix A.2, printed p. 60, item 123, Chakrata]",,,siljaunsari2008:g123:sil-jaunsari-2008-chakrata:i1,,,,dialect:jaun:sil-jaunsari-2008-chakrata:Chakrata
jaun,,d̪ɔt̪ijɐ,tomorrow,,d̪ɔt̪ijɐ,Appendix A.2 lexical-similarity group 2; Jaunsari,"john2008jaunsari[Appendix A.2, printed p. 60, item 124, Korwa]",,,siljaunsari2008:g124:sil-jaunsari-2008-korwa:i1,,,,dialect:jaun:sil-jaunsari-2008-korwa:Korwa
jaun,,d̪ɔt̪ijɐ,tomorrow,,d̪ɔt̪ijɐ,Appendix A.2 lexical-similarity group 2; Jaunsari,"john2008jaunsari[Appendix A.2, printed p. 60, item 124, Khanaad]",,,siljaunsari2008:g124:sil-jaunsari-2008-khanaad:i1,,,,dialect:jaun:sil-jaunsari-2008-khanaad:Khanaad
jaun,,d̪ɔt̪ijɐ,tomorrow,,d̪ɔt̪ijɐ,Appendix A.2 lexical-similarity group 2; Jaunsari,"john2008jaunsari[Appendix A.2, printed p. 60, item 124, Chapnu]",,,siljaunsari2008:g124:sil-jaunsari-2008-chapnu:i1,,,,dialect:jaun:sil-jaunsari-2008-chapnu:Chapnu
jaun,,d̪ɔt̪ijɐ,tomorrow,,d̪ɔt̪ijɐ,Appendix A.2 lexical-similarity group 2; Jaunsari-Bawari,"john2008jaunsari[Appendix A.2, printed p. 60, item 124, Bhandroli]",,,siljaunsari2008:g124:sil-jaunsari-2008-bhandroli:i1,,,,dialect:jaun:sil-jaunsari-2008-bhandroli:Bhandroli
jaun,,d̪ot̪i,tomorrow,,d̪ot̪i,Appendix A.2 lexical-similarity group 2; Jaunsari-Bawari,"john2008jaunsari[Appendix A.2, printed p. 60, item 124, Maindrath]",,,siljaunsari2008:g124:sil-jaunsari-2008-maindrath:i1,,,,dialect:jaun:sil-jaunsari-2008-maindrath:Maindrath
jaun,,bɔɖɐ,tomorrow,,bɔɖɐ,Appendix A.2 lexical-similarity group 3; Jaunsari-Garhwali border mix,"john2008jaunsari[Appendix A.2, printed p. 60, item 124, Lakhamandal]",,,siljaunsari2008:g124:sil-jaunsari-2008-lakhamandal:i1,,,,dialect:jaun:sil-jaunsari-2008-lakhamandal:Lakhamandal
jaun,,d̪ot̪ija,tomorrow,,d̪ot̪ija,Appendix A.2 lexical-similarity group 2; previous Garhwali survey list,"john2008jaunsari[Appendix A.2, printed p. 60, item 124, Chakrata]",,,siljaunsari2008:g124:sil-jaunsari-2008-chakrata:i1,,,,dialect:jaun:sil-jaunsari-2008-chakrata:Chakrata
jaun,,hɐpt̪ɐ,week,,hɐpt̪ɐ,Appendix A.2 lexical-similarity group 1; Jaunsari,"john2008jaunsari[Appendix A.2, printed p. 60, item 125, Korwa]",,,siljaunsari2008:g125:sil-jaunsari-2008-korwa:i1,,,,dialect:jaun:sil-jaunsari-2008-korwa:Korwa
jaun,,sɐpt̪ɐ,week,,sɐpt̪ɐ,Appendix A.2 lexical-similarity group 1; Jaunsari,"john2008jaunsari[Appendix A.2, printed p. 60, item 125, Korwa]",,,siljaunsari2008:g125:sil-jaunsari-2008-korwa:i2,,,,dialect:jaun:sil-jaunsari-2008-korwa:Korwa
jaun,,hɐpt̪ɐ,week,,hɐpt̪ɐ,Appendix A.2 lexical-similarity group 1; Jaunsari,"john2008jaunsari[Appendix A.2, printed p. 60, item 125, Khanaad]",,,siljaunsari2008:g125:sil-jaunsari-2008-khanaad:i1,,,,dialect:jaun:sil-jaunsari-2008-khanaad:Khanaad
jaun,,hɐpt̪ɐ,week,,hɐpt̪ɐ,Appendix A.2 lexical-similarity group 1; Jaunsari,"john2008jaunsari[Appendix A.2, printed p. 60, item 125, Chapnu]",,,siljaunsari2008:g125:sil-jaunsari-2008-chapnu:i1,,,,dialect:jaun:sil-jaunsari-2008-chapnu:Chapnu
jaun,,hɐpt̪ɐ,week,,hɐpt̪ɐ,Appendix A.2 lexical-similarity group 1; Jaunsari-Bawari,"john2008jaunsari[Appendix A.2, printed p. 60, item 125, Bhandroli]",,,siljaunsari2008:g125:sil-jaunsari-2008-bhandroli:i1,,,,dialect:jaun:sil-jaunsari-2008-bhandroli:Bhandroli
jaun,,hɐpt̪ɐ,week,,hɐpt̪ɐ,Appendix A.2 lexical-similarity group 1; Jaunsari-Bawari,"john2008jaunsari[Appendix A.2, printed p. 60, item 125, Maindrath]",,,siljaunsari2008:g125:sil-jaunsari-2008-maindrath:i1,,,,dialect:jaun:sil-jaunsari-2008-maindrath:Maindrath
jaun,,hɐpt̪ɐ,week,,hɐpt̪ɐ,Appendix A.2 lexical-similarity group 1; Jaunsari-Garhwali border mix,"john2008jaunsari[Appendix A.2, printed p. 60, item 125, Lakhamandal]",,,siljaunsari2008:g125:sil-jaunsari-2008-lakhamandal:i1,,,,dialect:jaun:sil-jaunsari-2008-lakhamandal:Lakhamandal
jaun,,həɸt̪a,week,,həɸt̪a,Appendix A.2 lexical-similarity group 1; previous Garhwali survey list,"john2008jaunsari[Appendix A.2, printed p. 60, item 125, Chakrata]",,,siljaunsari2008:g125:sil-jaunsari-2008-chakrata:i1,,,,dialect:jaun:sil-jaunsari-2008-chakrata:Chakrata
jaun,,minɐ,month,,minɐ,Appendix A.2 lexical-similarity group 1; Jaunsari,"john2008jaunsari[Appendix A.2, printed p. 60, item 126, Korwa]",,,siljaunsari2008:g126:sil-jaunsari-2008-korwa:i1,,,,dialect:jaun:sil-jaunsari-2008-korwa:Korwa
jaun,,minɐ,month,,minɐ,Appendix A.2 lexical-similarity group 1; Jaunsari,"john2008jaunsari[Appendix A.2, printed p. 60, item 126, Khanaad]",,,siljaunsari2008:g126:sil-jaunsari-2008-khanaad:i1,,,,dialect:jaun:sil-jaunsari-2008-khanaad:Khanaad
jaun,,minɐ,month,,minɐ,Appendix A.2 lexical-similarity group 1; Jaunsari,"john2008jaunsari[Appendix A.2, printed p. 60, item 126, Chapnu]",,,siljaunsari2008:g126:sil-jaunsari-2008-chapnu:i1,,,,dialect:jaun:sil-jaunsari-2008-chapnu:Chapnu
jaun,,minɐ,month,,minɐ,Appendix A.2 lexical-similarity group 1; Jaunsari-Bawari,"john2008jaunsari[Appendix A.2, printed p. 60, item 126, Bhandroli]",,,siljaunsari2008:g126:sil-jaunsari-2008-bhandroli:i1,,,,dialect:jaun:sil-jaunsari-2008-bhandroli:Bhandroli
jaun,,minɐ,month,,minɐ,Appendix A.2 lexical-similarity group 1; Jaunsari-Bawari,"john2008jaunsari[Appendix A.2, printed p. 60, item 126, Maindrath]",,,siljaunsari2008:g126:sil-jaunsari-2008-maindrath:i1,,,,dialect:jaun:sil-jaunsari-2008-maindrath:Maindrath
jaun,,mɐhinɐ,month,,mɐhinɐ,Appendix A.2 lexical-similarity group 1; Jaunsari-Garhwali border mix,"john2008jaunsari[Appendix A.2, printed p. 60, item 126, Lakhamandal]",,,siljaunsari2008:g126:sil-jaunsari-2008-lakhamandal:i1,,,,dialect:jaun:sil-jaunsari-2008-lakhamandal:Lakhamandal
jaun,,minɐ,month,,minɐ,Appendix A.2 lexical-similarity group 1; previous Garhwali survey list,"john2008jaunsari[Appendix A.2, printed p. 60, item 126, Chakrata]",,,siljaunsari2008:g126:sil-jaunsari-2008-chakrata:i1,,,,dialect:jaun:sil-jaunsari-2008-chakrata:Chakrata
jaun,,sal,year,,sal,Appendix A.2 lexical-similarity group 1; Jaunsari,"john2008jaunsari[Appendix A.2, printed p. 61, item 127, Korwa]",,,siljaunsari2008:g127:sil-jaunsari-2008-korwa:i1,,,,dialect:jaun:sil-jaunsari-2008-korwa:Korwa
jaun,,bɐɾiʃ,year,,bɐɾiʃ,Appendix A.2 lexical-similarity group 2; Jaunsari,"john2008jaunsari[Appendix A.2, printed p. 61, item 127, Khanaad]",,,siljaunsari2008:g127:sil-jaunsari-2008-khanaad:i1,,,,dialect:jaun:sil-jaunsari-2008-khanaad:Khanaad
jaun,,bɐɾiʃ,year,,bɐɾiʃ,Appendix A.2 lexical-similarity group 3; Jaunsari,"john2008jaunsari[Appendix A.2, printed p. 61, item 127, Khanaad]",,,siljaunsari2008:g127:sil-jaunsari-2008-khanaad:i2,,,,dialect:jaun:sil-jaunsari-2008-khanaad:Khanaad
jaun,,sal,year,,sal,Appendix A.2 lexical-similarity group 1; Jaunsari,"john2008jaunsari[Appendix A.2, printed p. 61, item 127, Chapnu]",,,siljaunsari2008:g127:sil-jaunsari-2008-chapnu:i1,,,,dialect:jaun:sil-jaunsari-2008-chapnu:Chapnu
jaun,,boɾiʃ,year,,boɾiʃ,Appendix A.2 lexical-similarity group 3; Jaunsari-Bawari,"john2008jaunsari[Appendix A.2, printed p. 61, item 127, Bhandroli]",,,siljaunsari2008:g127:sil-jaunsari-2008-bhandroli:i1,,,,dialect:jaun:sil-jaunsari-2008-bhandroli:Bhandroli
jaun,,sal,year,,sal,Appendix A.2 lexical-similarity group 1; Jaunsari-Bawari,"john2008jaunsari[Appendix A.2, printed p. 61, item 127, Maindrath]",,,siljaunsari2008:g127:sil-jaunsari-2008-maindrath:i1,,,,dialect:jaun:sil-jaunsari-2008-maindrath:Maindrath
jaun,,sal,year,,sal,Appendix A.2 lexical-similarity group 1; Jaunsari-Garhwali border mix,"john2008jaunsari[Appendix A.2, printed p. 61, item 127, Lakhamandal]",,,siljaunsari2008:g127:sil-jaunsari-2008-lakhamandal:i1,,,,dialect:jaun:sil-jaunsari-2008-lakhamandal:Lakhamandal
jaun,,bɐɾiʃ,year,,bɐɾiʃ,Appendix A.2 lexical-similarity group 2; Jaunsari-Garhwali border mix,"john2008jaunsari[Appendix A.2, printed p. 61, item 127, Lakhamandal]",,,siljaunsari2008:g127:sil-jaunsari-2008-lakhamandal:i2,,,,dialect:jaun:sil-jaunsari-2008-lakhamandal:Lakhamandal
jaun,,bɐɾiʃ,year,,bɐɾiʃ,Appendix A.2 lexical-similarity group 3; Jaunsari-Garhwali border mix,"john2008jaunsari[Appendix A.2, printed p. 61, item 127, Lakhamandal]",,,siljaunsari2008:g127:sil-jaunsari-2008-lakhamandal:i3,,,,dialect:jaun:sil-jaunsari-2008-lakhamandal:Lakhamandal
jaun,,ʃal,year,,ʃal,Appendix A.2 lexical-similarity group 1; previous Garhwali survey list,"john2008jaunsari[Appendix A.2, printed p. 61, item 127, Chakrata]",,,siljaunsari2008:g127:sil-jaunsari-2008-chakrata:i1,,,,dialect:jaun:sil-jaunsari-2008-chakrata:Chakrata
jaun,,puɾaɳɐ,old,,puɾaɳɐ,Appendix A.2 lexical-similarity group 1; Jaunsari,"john2008jaunsari[Appendix A.2, printed p. 61, item 128, Korwa]",,,siljaunsari2008:g128:sil-jaunsari-2008-korwa:i1,,,,dialect:jaun:sil-jaunsari-2008-korwa:Korwa
jaun,,puɾaɳɐ,old,,puɾaɳɐ,Appendix A.2 lexical-similarity group 1; Jaunsari,"john2008jaunsari[Appendix A.2, printed p. 61, item 128, Khanaad]",,,siljaunsari2008:g128:sil-jaunsari-2008-khanaad:i1,,,,dialect:jaun:sil-jaunsari-2008-khanaad:Khanaad
jaun,,pʊɾaɳo,old,,pʊɾaɳo,Appendix A.2 lexical-similarity group 1; Jaunsari,"john2008jaunsari[Appendix A.2, printed p. 61, item 128, Chapnu]",,,siljaunsari2008:g128:sil-jaunsari-2008-chapnu:i1,,,,dialect:jaun:sil-jaunsari-2008-chapnu:Chapnu
jaun,,pʊɾaɳo,old,,pʊɾaɳo,Appendix A.2 lexical-similarity group 1; Jaunsari-Bawari,"john2008jaunsari[Appendix A.2, printed p. 61, item 128, Bhandroli]",,,siljaunsari2008:g128:sil-jaunsari-2008-bhandroli:i1,,,,dialect:jaun:sil-jaunsari-2008-bhandroli:Bhandroli
jaun,,pʊɾaɳo,old,,pʊɾaɳo,Appendix A.2 lexical-similarity group 1; Jaunsari-Bawari,"john2008jaunsari[Appendix A.2, printed p. 61, item 128, Maindrath]",,,siljaunsari2008:g128:sil-jaunsari-2008-maindrath:i1,,,,dialect:jaun:sil-jaunsari-2008-maindrath:Maindrath
jaun,,puɾaɳɐ,old,,puɾaɳɐ,Appendix A.2 lexical-similarity group 1; Jaunsari-Garhwali border mix,"john2008jaunsari[Appendix A.2, printed p. 61, item 128, Lakhamandal]",,,siljaunsari2008:g128:sil-jaunsari-2008-lakhamandal:i1,,,,dialect:jaun:sil-jaunsari-2008-lakhamandal:Lakhamandal
jaun,,baʈa,old,,baʈa,Appendix A.2 lexical-similarity group 2; previous Garhwali survey list,"john2008jaunsari[Appendix A.2, printed p. 61, item 128, Chakrata]",,,siljaunsari2008:g128:sil-jaunsari-2008-chakrata:i1,,,,dialect:jaun:sil-jaunsari-2008-chakrata:Chakrata
jaun,,nɐjɐ,new,,nɐjɐ,Appendix A.2 lexical-similarity group 1; Jaunsari,"john2008jaunsari[Appendix A.2, printed p. 61, item 129, Korwa]",,,siljaunsari2008:g129:sil-jaunsari-2008-korwa:i1,,,,dialect:jaun:sil-jaunsari-2008-korwa:Korwa
jaun,,nɐjɐ,new,,nɐjɐ,Appendix A.2 lexical-similarity group 2; Jaunsari,"john2008jaunsari[Appendix A.2, printed p. 61, item 129, Korwa]",,,siljaunsari2008:g129:sil-jaunsari-2008-korwa:i2,,,,dialect:jaun:sil-jaunsari-2008-korwa:Korwa
jaun,,nɔjɐ,new,,nɔjɐ,Appendix A.2 lexical-similarity group 1; Jaunsari,"john2008jaunsari[Appendix A.2, printed p. 61, item 129, Khanaad]",,,siljaunsari2008:g129:sil-jaunsari-2008-khanaad:i1,,,,dialect:jaun:sil-jaunsari-2008-khanaad:Khanaad
jaun,,nɔwɸ,new,,nɔwɸ,Appendix A.2 lexical-similarity group 3; Jaunsari,"john2008jaunsari[Appendix A.2, printed p. 61, item 129, Chapnu]",,,siljaunsari2008:g129:sil-jaunsari-2008-chapnu:i1,,,,dialect:jaun:sil-jaunsari-2008-chapnu:Chapnu
jaun,,nɔ̃,new,,nɔ̃,Appendix A.2 lexical-similarity group 3; Jaunsari-Bawari,"john2008jaunsari[Appendix A.2, printed p. 61, item 129, Bhandroli]",,,siljaunsari2008:g129:sil-jaunsari-2008-bhandroli:i1,,,,dialect:jaun:sil-jaunsari-2008-bhandroli:Bhandroli
jaun,,nɐwɸo,new,,nɐwɸo,Appendix A.2 lexical-similarity group 2; Jaunsari-Bawari,"john2008jaunsari[Appendix A.2, printed p. 61, item 129, Maindrath]",,,siljaunsari2008:g129:sil-jaunsari-2008-maindrath:i1,,,,dialect:jaun:sil-jaunsari-2008-maindrath:Maindrath
jaun,,nɐo,new,,nɐo,Appendix A.2 lexical-similarity group 3; Jaunsari-Bawari,"john2008jaunsari[Appendix A.2, printed p. 61, item 129, Maindrath]",,,siljaunsari2008:g129:sil-jaunsari-2008-maindrath:i2,,,,dialect:jaun:sil-jaunsari-2008-maindrath:Maindrath
jaun,,nɔv,new,,nɔv,Appendix A.2 lexical-similarity group 3; Jaunsari-Garhwali border mix,"john2008jaunsari[Appendix A.2, printed p. 61, item 129, Lakhamandal]",,,siljaunsari2008:g129:sil-jaunsari-2008-lakhamandal:i1,,,,dialect:jaun:sil-jaunsari-2008-lakhamandal:Lakhamandal
jaun,,nɔə,new,,nɔə,Appendix A.2 lexical-similarity group 3; previous Garhwali survey list,"john2008jaunsari[Appendix A.2, printed p. 61, item 129, Chakrata]",,,siljaunsari2008:g129:sil-jaunsari-2008-chakrata:i1,,,,dialect:jaun:sil-jaunsari-2008-chakrata:Chakrata
jaun,,ɐtʃhɐ,good,,ɐtʃhɐ,Appendix A.2 lexical-similarity group 1; Jaunsari,"john2008jaunsari[Appendix A.2, printed p. 61, item 130, Korwa]",,,siljaunsari2008:g130:sil-jaunsari-2008-korwa:i1,,,,dialect:jaun:sil-jaunsari-2008-korwa:Korwa
jaun,,ɐtʃhɐ,good,,ɐtʃhɐ,Appendix A.2 lexical-similarity group 1; Jaunsari,"john2008jaunsari[Appendix A.2, printed p. 61, item 130, Khanaad]",,,siljaunsari2008:g130:sil-jaunsari-2008-khanaad:i1,,,,dialect:jaun:sil-jaunsari-2008-khanaad:Khanaad
jaun,,ɐtʃhɐ,good,,ɐtʃhɐ,Appendix A.2 lexical-similarity group 1; Jaunsari,"john2008jaunsari[Appendix A.2, printed p. 61, item 130, Chapnu]",,,siljaunsari2008:g130:sil-jaunsari-2008-chapnu:i1,,,,dialect:jaun:sil-jaunsari-2008-chapnu:Chapnu
jaun,,atʃhɐ,good,,atʃhɐ,Appendix A.2 lexical-similarity group 1; Jaunsari-Bawari,"john2008jaunsari[Appendix A.2, printed p. 61, item 130, Bhandroli]",,,siljaunsari2008:g130:sil-jaunsari-2008-bhandroli:i1,,,,dialect:jaun:sil-jaunsari-2008-bhandroli:Bhandroli
jaun,,atʃhɐ,good,,atʃhɐ,Appendix A.2 lexical-similarity group 1; Jaunsari-Bawari,"john2008jaunsari[Appendix A.2, printed p. 61, item 130, Maindrath]",,,siljaunsari2008:g130:sil-jaunsari-2008-maindrath:i1,,,,dialect:jaun:sil-jaunsari-2008-maindrath:Maindrath
jaun,,ɐtʃhɔ,good,,ɐtʃhɔ,Appendix A.2 lexical-similarity group 1; Jaunsari-Garhwali border mix,"john2008jaunsari[Appendix A.2, printed p. 61, item 130, Lakhamandal]",,,siljaunsari2008:g130:sil-jaunsari-2008-lakhamandal:i1,,,,dialect:jaun:sil-jaunsari-2008-lakhamandal:Lakhamandal
jaun,,atʃhə,good,,atʃhə,Appendix A.2 lexical-similarity group 1; previous Garhwali survey list,"john2008jaunsari[Appendix A.2, printed p. 61, item 130, Chakrata]",,,siljaunsari2008:g130:sil-jaunsari-2008-chakrata:i1,,,,dialect:jaun:sil-jaunsari-2008-chakrata:Chakrata
jaun,,khɐɾab,bad,,khɐɾab,Appendix A.2 lexical-similarity group 1; Jaunsari,"john2008jaunsari[Appendix A.2, printed p. 61, item 131, Korwa]",,,siljaunsari2008:g131:sil-jaunsari-2008-korwa:i1,,,,dialect:jaun:sil-jaunsari-2008-korwa:Korwa
jaun,,khɐɾab,bad,,khɐɾab,Appendix A.2 lexical-similarity group 1; Jaunsari,"john2008jaunsari[Appendix A.2, printed p. 61, item 131, Khanaad]",,,siljaunsari2008:g131:sil-jaunsari-2008-khanaad:i1,,,,dialect:jaun:sil-jaunsari-2008-khanaad:Khanaad
jaun,,khɐɾab,bad,,khɐɾab,Appendix A.2 lexical-similarity group 1; Jaunsari,"john2008jaunsari[Appendix A.2, printed p. 61, item 131, Chapnu]",,,siljaunsari2008:g131:sil-jaunsari-2008-chapnu:i1,,,,dialect:jaun:sil-jaunsari-2008-chapnu:Chapnu
jaun,,bekar,bad,,bekar,Appendix A.2 lexical-similarity group 2; Jaunsari,"john2008jaunsari[Appendix A.2, printed p. 61, item 131, Chapnu]",,,siljaunsari2008:g131:sil-jaunsari-2008-chapnu:i2,,,,dialect:jaun:sil-jaunsari-2008-chapnu:Chapnu
jaun,,bekar,bad,,bekar,Appendix A.2 lexical-similarity group 2; Jaunsari-Bawari,"john2008jaunsari[Appendix A.2, printed p. 61, item 131, Bhandroli]",,,siljaunsari2008:g131:sil-jaunsari-2008-bhandroli:i1,,,,dialect:jaun:sil-jaunsari-2008-bhandroli:Bhandroli
jaun,,ɾɐd̪i,bad,,ɾɐd̪i,Appendix A.2 lexical-similarity group 4; Jaunsari-Bawari,"john2008jaunsari[Appendix A.2, printed p. 61, item 131, Maindrath]",,,siljaunsari2008:g131:sil-jaunsari-2008-maindrath:i1,,,,dialect:jaun:sil-jaunsari-2008-maindrath:Maindrath
jaun,,katʃəɖɔ,bad,,katʃəɖɔ,Appendix A.2 lexical-similarity group 3; Jaunsari-Garhwali border mix,"john2008jaunsari[Appendix A.2, printed p. 61, item 131, Lakhamandal]",,,siljaunsari2008:g131:sil-jaunsari-2008-lakhamandal:i1,,,,dialect:jaun:sil-jaunsari-2008-lakhamandal:Lakhamandal
jaun,,kətʃlo,bad,,kətʃlo,Appendix A.2 lexical-similarity group 3; previous Garhwali survey list,"john2008jaunsari[Appendix A.2, printed p. 61, item 131, Chakrata]",,,siljaunsari2008:g131:sil-jaunsari-2008-chakrata:i1,,,,dialect:jaun:sil-jaunsari-2008-chakrata:Chakrata
jaun,,gilɐ,wet,,gilɐ,Appendix A.2 lexical-similarity group 1; Jaunsari,"john2008jaunsari[Appendix A.2, printed p. 61, item 132, Korwa]",,,siljaunsari2008:g132:sil-jaunsari-2008-korwa:i1,,,,dialect:jaun:sil-jaunsari-2008-korwa:Korwa
jaun,,bɦidʒi,wet,,bɦidʒi,Appendix A.2 lexical-similarity group 2; Jaunsari,"john2008jaunsari[Appendix A.2, printed p. 61, item 132, Korwa]",,,siljaunsari2008:g132:sil-jaunsari-2008-korwa:i2,,,,dialect:jaun:sil-jaunsari-2008-korwa:Korwa
jaun,,bɦidʒi,wet,,bɦidʒi,Appendix A.2 lexical-similarity group 3; Jaunsari,"john2008jaunsari[Appendix A.2, printed p. 61, item 132, Korwa]",,,siljaunsari2008:g132:sil-jaunsari-2008-korwa:i3,,,,dialect:jaun:sil-jaunsari-2008-korwa:Korwa
jaun,,gilɐ,wet,,gilɐ,Appendix A.2 lexical-similarity group 1; Jaunsari,"john2008jaunsari[Appendix A.2, printed p. 61, item 132, Khanaad]",,,siljaunsari2008:g132:sil-jaunsari-2008-khanaad:i1,,,,dialect:jaun:sil-jaunsari-2008-khanaad:Khanaad
jaun,,gilo,wet,,gilo,Appendix A.2 lexical-similarity group 1; Jaunsari,"john2008jaunsari[Appendix A.2, printed p. 61, item 132, Chapnu]",,,siljaunsari2008:g132:sil-jaunsari-2008-chapnu:i1,,,,dialect:jaun:sil-jaunsari-2008-chapnu:Chapnu
jaun,,sinə,wet,,sinə,Appendix A.2 lexical-similarity group 5; Jaunsari-Bawari,"john2008jaunsari[Appendix A.2, printed p. 62, item 132, Bhandroli]",,,siljaunsari2008:g132:sil-jaunsari-2008-bhandroli:i1,,,,dialect:jaun:sil-jaunsari-2008-bhandroli:Bhandroli
jaun,,ɾudʒi,wet,,ɾudʒi,Appendix A.2 lexical-similarity group 3; Jaunsari-Bawari,"john2008jaunsari[Appendix A.2, printed p. 62, item 132, Maindrath]",,,siljaunsari2008:g132:sil-jaunsari-2008-maindrath:i1,,,,dialect:jaun:sil-jaunsari-2008-maindrath:Maindrath
jaun,,ɾudʒi,wet,,ɾudʒi,Appendix A.2 lexical-similarity group 4; Jaunsari-Bawari,"john2008jaunsari[Appendix A.2, printed p. 62, item 132, Maindrath]",,,siljaunsari2008:g132:sil-jaunsari-2008-maindrath:i2,,,,dialect:jaun:sil-jaunsari-2008-maindrath:Maindrath
jaun,,ɾudʒi,wet,,ɾudʒi,Appendix A.2 lexical-similarity group 3; Jaunsari-Garhwali border mix,"john2008jaunsari[Appendix A.2, printed p. 62, item 132, Lakhamandal]",,,siljaunsari2008:g132:sil-jaunsari-2008-lakhamandal:i1,,,,dialect:jaun:sil-jaunsari-2008-lakhamandal:Lakhamandal
jaun,,ɾudʒi,wet,,ɾudʒi,Appendix A.2 lexical-similarity group 4; Jaunsari-Garhwali border mix,"john2008jaunsari[Appendix A.2, printed p. 62, item 132, Lakhamandal]",,,siljaunsari2008:g132:sil-jaunsari-2008-lakhamandal:i2,,,,dialect:jaun:sil-jaunsari-2008-lakhamandal:Lakhamandal
jaun,,gilo,wet,,gilo,Appendix A.2 lexical-similarity group 1; previous Garhwali survey list,"john2008jaunsari[Appendix A.2, printed p. 62, item 132, Chakrata]",,,siljaunsari2008:g132:sil-jaunsari-2008-chakrata:i1,,,,dialect:jaun:sil-jaunsari-2008-chakrata:Chakrata
jaun,,sukɐ,dry,,sukɐ,Appendix A.2 lexical-similarity group 1; Jaunsari,"john2008jaunsari[Appendix A.2, printed p. 62, item 133, Korwa]",,,siljaunsari2008:g133:sil-jaunsari-2008-korwa:i1,,,,dialect:jaun:sil-jaunsari-2008-korwa:Korwa
jaun,,sʊkha,dry,,sʊkha,Appendix A.2 lexical-similarity group 1; Jaunsari,"john2008jaunsari[Appendix A.2, printed p. 62, item 133, Khanaad]",,,siljaunsari2008:g133:sil-jaunsari-2008-khanaad:i1,,,,dialect:jaun:sil-jaunsari-2008-khanaad:Khanaad
jaun,,suko,dry,,suko,Appendix A.2 lexical-similarity group 1; Jaunsari,"john2008jaunsari[Appendix A.2, printed p. 62, item 133, Chapnu]",,,siljaunsari2008:g133:sil-jaunsari-2008-chapnu:i1,,,,dialect:jaun:sil-jaunsari-2008-chapnu:Chapnu
jaun,,çuko,dry,,çuko,Appendix A.2 lexical-similarity group 1; Jaunsari-Bawari,"john2008jaunsari[Appendix A.2, printed p. 62, item 133, Bhandroli]",,,siljaunsari2008:g133:sil-jaunsari-2008-bhandroli:i1,,,,dialect:jaun:sil-jaunsari-2008-bhandroli:Bhandroli
jaun,,çukɐ,dry,,çukɐ,Appendix A.2 lexical-similarity group 1; Jaunsari-Bawari,"john2008jaunsari[Appendix A.2, printed p. 62, item 133, Maindrath]",,,siljaunsari2008:g133:sil-jaunsari-2008-maindrath:i1,,,,dialect:jaun:sil-jaunsari-2008-maindrath:Maindrath
jaun,,sukjɔ,dry,,sukjɔ,Appendix A.2 lexical-similarity group 1; Jaunsari-Garhwali border mix,"john2008jaunsari[Appendix A.2, printed p. 62, item 133, Lakhamandal]",,,siljaunsari2008:g133:sil-jaunsari-2008-lakhamandal:i1,,,,dialect:jaun:sil-jaunsari-2008-lakhamandal:Lakhamandal
jaun,,sukjɔ,dry,,sukjɔ,Appendix A.2 lexical-similarity group 3; Jaunsari-Garhwali border mix,"john2008jaunsari[Appendix A.2, printed p. 62, item 133, Lakhamandal]",,,siljaunsari2008:g133:sil-jaunsari-2008-lakhamandal:i2,,,,dialect:jaun:sil-jaunsari-2008-lakhamandal:Lakhamandal
jaun,,ʃukhijẽ,dry,,ʃukhijẽ,Appendix A.2 lexical-similarity group 2; previous Garhwali survey list,"john2008jaunsari[Appendix A.2, printed p. 62, item 133, Chakrata]",,,siljaunsari2008:g133:sil-jaunsari-2008-chakrata:i1,,,,dialect:jaun:sil-jaunsari-2008-chakrata:Chakrata
jaun,,ʃukhijẽ,dry,,ʃukhijẽ,Appendix A.2 lexical-similarity group 3; previous Garhwali survey list,"john2008jaunsari[Appendix A.2, printed p. 62, item 133, Chakrata]",,,siljaunsari2008:g133:sil-jaunsari-2008-chakrata:i2,,,,dialect:jaun:sil-jaunsari-2008-chakrata:Chakrata
jaun,,lɐmbɐ,long,,lɐmbɐ,Appendix A.2 lexical-similarity group 1; Jaunsari,"john2008jaunsari[Appendix A.2, printed p. 62, item 134, Korwa]",,,siljaunsari2008:g134:sil-jaunsari-2008-korwa:i1,,,,dialect:jaun:sil-jaunsari-2008-korwa:Korwa
jaun,,lɐmi,long,,lɐmi,Appendix A.2 lexical-similarity group 1; Jaunsari,"john2008jaunsari[Appendix A.2, printed p. 62, item 134, Khanaad]",,,siljaunsari2008:g134:sil-jaunsari-2008-khanaad:i1,,,,dialect:jaun:sil-jaunsari-2008-khanaad:Khanaad
jaun,,lamo,long,,lamo,Appendix A.2 lexical-similarity group 1; Jaunsari,"john2008jaunsari[Appendix A.2, printed p. 62, item 134, Chapnu]",,,siljaunsari2008:g134:sil-jaunsari-2008-chapnu:i1,,,,dialect:jaun:sil-jaunsari-2008-chapnu:Chapnu
jaun,,lambo,long,,lambo,Appendix A.2 lexical-similarity group 1; Jaunsari-Bawari,"john2008jaunsari[Appendix A.2, printed p. 62, item 134, Bhandroli]",,,siljaunsari2008:g134:sil-jaunsari-2008-bhandroli:i1,,,,dialect:jaun:sil-jaunsari-2008-bhandroli:Bhandroli
jaun,,lamo,long,,lamo,Appendix A.2 lexical-similarity group 1; Jaunsari-Bawari,"john2008jaunsari[Appendix A.2, printed p. 62, item 134, Maindrath]",,,siljaunsari2008:g134:sil-jaunsari-2008-maindrath:i1,,,,dialect:jaun:sil-jaunsari-2008-maindrath:Maindrath
jaun,,ləmɔ,long,,ləmɔ,Appendix A.2 lexical-similarity group 1; Jaunsari-Garhwali border mix,"john2008jaunsari[Appendix A.2, printed p. 62, item 134, Lakhamandal]",,,siljaunsari2008:g134:sil-jaunsari-2008-lakhamandal:i1,,,,dialect:jaun:sil-jaunsari-2008-lakhamandal:Lakhamandal
jaun,,lamba,long,,lamba,Appendix A.2 lexical-similarity group 1; previous Garhwali survey list,"john2008jaunsari[Appendix A.2, printed p. 62, item 134, Chakrata]",,,siljaunsari2008:g134:sil-jaunsari-2008-chakrata:i1,,,,dialect:jaun:sil-jaunsari-2008-chakrata:Chakrata
jaun,,tʃhoʈɐlo,short,,tʃhoʈɐlo,Appendix A.2 lexical-similarity group 1; Jaunsari,"john2008jaunsari[Appendix A.2, printed p. 62, item 135, Korwa]",,,siljaunsari2008:g135:sil-jaunsari-2008-korwa:i1,,,,dialect:jaun:sil-jaunsari-2008-korwa:Korwa
jaun,,tʃoʈi,short,,tʃoʈi,Appendix A.2 lexical-similarity group 1; Jaunsari,"john2008jaunsari[Appendix A.2, printed p. 62, item 135, Khanaad]",,,siljaunsari2008:g135:sil-jaunsari-2008-khanaad:i1,,,,dialect:jaun:sil-jaunsari-2008-khanaad:Khanaad
jaun,,nɐnd̪ɾi,short,,nɐnd̪ɾi,Appendix A.2 lexical-similarity group 2; Jaunsari,"john2008jaunsari[Appendix A.2, printed p. 62, item 135, Khanaad]",,,siljaunsari2008:g135:sil-jaunsari-2008-khanaad:i2,,,,dialect:jaun:sil-jaunsari-2008-khanaad:Khanaad
jaun,,tʃoʈo,short,,tʃoʈo,Appendix A.2 lexical-similarity group 1; Jaunsari,"john2008jaunsari[Appendix A.2, printed p. 62, item 135, Chapnu]",,,siljaunsari2008:g135:sil-jaunsari-2008-chapnu:i1,,,,dialect:jaun:sil-jaunsari-2008-chapnu:Chapnu
jaun,,tʃoʈo,short,,tʃoʈo,Appendix A.2 lexical-similarity group 1; Jaunsari-Bawari,"john2008jaunsari[Appendix A.2, printed p. 62, item 135, Bhandroli]",,,siljaunsari2008:g135:sil-jaunsari-2008-bhandroli:i1,,,,dialect:jaun:sil-jaunsari-2008-bhandroli:Bhandroli
jaun,,tʃhoʈo,short,,tʃhoʈo,Appendix A.2 lexical-similarity group 1; Jaunsari-Bawari,"john2008jaunsari[Appendix A.2, printed p. 62, item 135, Maindrath]",,,siljaunsari2008:g135:sil-jaunsari-2008-maindrath:i1,,,,dialect:jaun:sil-jaunsari-2008-maindrath:Maindrath
jaun,,nɐd̪ɾo,short,,nɐd̪ɾo,Appendix A.2 lexical-similarity group 2; Jaunsari-Garhwali border mix,"john2008jaunsari[Appendix A.2, printed p. 62, item 135, Lakhamandal]",,,siljaunsari2008:g135:sil-jaunsari-2008-lakhamandal:i1,,,,dialect:jaun:sil-jaunsari-2008-lakhamandal:Lakhamandal
jaun,,nənɾa,short,,nənɾa,Appendix A.2 lexical-similarity group 2; previous Garhwali survey list,"john2008jaunsari[Appendix A.2, printed p. 62, item 135, Chakrata]",,,siljaunsari2008:g135:sil-jaunsari-2008-chakrata:i1,,,,dialect:jaun:sil-jaunsari-2008-chakrata:Chakrata
jaun,,t̪at̪olɐ,hot,,t̪at̪olɐ,Appendix A.2 lexical-similarity group 2; Jaunsari,"john2008jaunsari[Appendix A.2, printed p. 62, item 136, Korwa]",,,siljaunsari2008:g136:sil-jaunsari-2008-korwa:i1,,,,dialect:jaun:sil-jaunsari-2008-korwa:Korwa
jaun,,t̪at̪o,hot,,t̪at̪o,Appendix A.2 lexical-similarity group 2; Jaunsari,"john2008jaunsari[Appendix A.2, printed p. 62, item 136, Khanaad]",,,siljaunsari2008:g136:sil-jaunsari-2008-khanaad:i1,,,,dialect:jaun:sil-jaunsari-2008-khanaad:Khanaad
jaun,,t̪at̪o,hot,,t̪at̪o,Appendix A.2 lexical-similarity group 2; Jaunsari,"john2008jaunsari[Appendix A.2, printed p. 62, item 136, Chapnu]",,,siljaunsari2008:g136:sil-jaunsari-2008-chapnu:i1,,,,dialect:jaun:sil-jaunsari-2008-chapnu:Chapnu
jaun,,t̪at̪o,hot,,t̪at̪o,Appendix A.2 lexical-similarity group 2; Jaunsari-Bawari,"john2008jaunsari[Appendix A.2, printed p. 62, item 136, Bhandroli]",,,siljaunsari2008:g136:sil-jaunsari-2008-bhandroli:i1,,,,dialect:jaun:sil-jaunsari-2008-bhandroli:Bhandroli
jaun,,t̪at̪o,hot,,t̪at̪o,Appendix A.2 lexical-similarity group 2; Jaunsari-Bawari,"john2008jaunsari[Appendix A.2, printed p. 62, item 136, Maindrath]",,,siljaunsari2008:g136:sil-jaunsari-2008-maindrath:i1,,,,dialect:jaun:sil-jaunsari-2008-maindrath:Maindrath
jaun,,t̪at̪o,hot,,t̪at̪o,Appendix A.2 lexical-similarity group 2; Jaunsari-Garhwali border mix,"john2008jaunsari[Appendix A.2, printed p. 62, item 136, Lakhamandal]",,,siljaunsari2008:g136:sil-jaunsari-2008-lakhamandal:i1,,,,dialect:jaun:sil-jaunsari-2008-lakhamandal:Lakhamandal
jaun,,t̪at̪o,hot,,t̪at̪o,Appendix A.2 lexical-similarity group 2; previous Garhwali survey list,"john2008jaunsari[Appendix A.2, printed p. 62, item 136, Chakrata]",,,siljaunsari2008:g136:sil-jaunsari-2008-chakrata:i1,,,,dialect:jaun:sil-jaunsari-2008-chakrata:Chakrata
jaun,,thɐnɖo,cold,,thɐnɖo,Appendix A.2 lexical-similarity group 1; Jaunsari,"john2008jaunsari[Appendix A.2, printed p. 62, item 137, Korwa]",,,siljaunsari2008:g137:sil-jaunsari-2008-korwa:i1,,,,dialect:jaun:sil-jaunsari-2008-korwa:Korwa
jaun,,çeu,cold,,çeu,Appendix A.2 lexical-similarity group 2; Jaunsari,"john2008jaunsari[Appendix A.2, printed p. 62, item 137, Korwa]",,,siljaunsari2008:g137:sil-jaunsari-2008-korwa:i2,,,,dialect:jaun:sil-jaunsari-2008-korwa:Korwa
jaun,,çeu,cold,,çeu,Appendix A.2 lexical-similarity group 2; Jaunsari,"john2008jaunsari[Appendix A.2, printed p. 62, item 137, Khanaad]",,,siljaunsari2008:g137:sil-jaunsari-2008-khanaad:i1,,,,dialect:jaun:sil-jaunsari-2008-khanaad:Khanaad
jaun,,çeuɾ,cold,,çeuɾ,Appendix A.2 lexical-similarity group 2; Jaunsari,"john2008jaunsari[Appendix A.2, printed p. 62, item 137, Chapnu]",,,siljaunsari2008:g137:sil-jaunsari-2008-chapnu:i1,,,,dialect:jaun:sil-jaunsari-2008-chapnu:Chapnu
jaun,,çjau,cold,,çjau,Appendix A.2 lexical-similarity group 2; Jaunsari-Bawari,"john2008jaunsari[Appendix A.2, printed p. 62, item 137, Bhandroli]",,,siljaunsari2008:g137:sil-jaunsari-2008-bhandroli:i1,,,,dialect:jaun:sil-jaunsari-2008-bhandroli:Bhandroli
jaun,,çejɭo,cold,,çejɭo,Appendix A.2 lexical-similarity group 2; Jaunsari-Bawari,"john2008jaunsari[Appendix A.2, printed p. 62, item 137, Maindrath]",,,siljaunsari2008:g137:sil-jaunsari-2008-maindrath:i1,,,,dialect:jaun:sil-jaunsari-2008-maindrath:Maindrath
jaun,,çejɭo,cold,,çejɭo,Appendix A.2 lexical-similarity group 3; Jaunsari-Bawari,"john2008jaunsari[Appendix A.2, printed p. 62, item 137, Maindrath]",,,siljaunsari2008:g137:sil-jaunsari-2008-maindrath:i2,,,,dialect:jaun:sil-jaunsari-2008-maindrath:Maindrath
jaun,,thɐnɖo,cold,,thɐnɖo,Appendix A.2 lexical-similarity group 1; Jaunsari-Garhwali border mix,"john2008jaunsari[Appendix A.2, printed p. 62, item 137, Lakhamandal]",,,siljaunsari2008:g137:sil-jaunsari-2008-lakhamandal:i1,,,,dialect:jaun:sil-jaunsari-2008-lakhamandal:Lakhamandal
jaun,,ʈhəɳɖo,cold,,ʈhəɳɖo,Appendix A.2 lexical-similarity group 1; previous Garhwali survey list,"john2008jaunsari[Appendix A.2, printed p. 62, item 137, Chakrata]",,,siljaunsari2008:g137:sil-jaunsari-2008-chakrata:i1,,,,dialect:jaun:sil-jaunsari-2008-chakrata:Chakrata
jaun,,d̪ahɪnɐ,right,,d̪ahɪnɐ,Appendix A.2 lexical-similarity group 1; Jaunsari,"john2008jaunsari[Appendix A.2, printed p. 63, item 138, Korwa]",,,siljaunsari2008:g138:sil-jaunsari-2008-korwa:i1,,,,dialect:jaun:sil-jaunsari-2008-korwa:Korwa
jaun,,d̪ajnɐ,right,,d̪ajnɐ,Appendix A.2 lexical-similarity group 1; Jaunsari,"john2008jaunsari[Appendix A.2, printed p. 63, item 138, Korwa]",,,siljaunsari2008:g138:sil-jaunsari-2008-korwa:i2,,,,dialect:jaun:sil-jaunsari-2008-korwa:Korwa
jaun,,d̪awɐ,right,,d̪awɐ,Appendix A.2 lexical-similarity group 2; Jaunsari,"john2008jaunsari[Appendix A.2, printed p. 63, item 138, Korwa]",,,siljaunsari2008:g138:sil-jaunsari-2008-korwa:i3,,,,dialect:jaun:sil-jaunsari-2008-korwa:Korwa
jaun,,d̪ajnɐ,right,,d̪ajnɐ,Appendix A.2 lexical-similarity group 3; Jaunsari,"john2008jaunsari[Appendix A.2, printed p. 63, item 138, Korwa]",,,siljaunsari2008:g138:sil-jaunsari-2008-korwa:i4,,,,dialect:jaun:sil-jaunsari-2008-korwa:Korwa
jaun,,d̪ajno,right,,d̪ajno,Appendix A.2 lexical-similarity group 3; Jaunsari,"john2008jaunsari[Appendix A.2, printed p. 63, item 138, Korwa]",,,siljaunsari2008:g138:sil-jaunsari-2008-korwa:i5,,,,dialect:jaun:sil-jaunsari-2008-korwa:Korwa
jaun,,d̪ajno,right,,d̪ajno,Appendix A.2 lexical-similarity group 1; Jaunsari,"john2008jaunsari[Appendix A.2, printed p. 63, item 138, Khanaad]",,,siljaunsari2008:g138:sil-jaunsari-2008-khanaad:i1,,,,dialect:jaun:sil-jaunsari-2008-khanaad:Khanaad
jaun,,d̪ajnɐ,right,,d̪ajnɐ,Appendix A.2 lexical-similarity group 3; Jaunsari,"john2008jaunsari[Appendix A.2, printed p. 63, item 138, Khanaad]",,,siljaunsari2008:g138:sil-jaunsari-2008-khanaad:i2,,,,dialect:jaun:sil-jaunsari-2008-khanaad:Khanaad
jaun,,d̪ajno,right,,d̪ajno,Appendix A.2 lexical-similarity group 3; Jaunsari,"john2008jaunsari[Appendix A.2, printed p. 63, item 138, Khanaad]",,,siljaunsari2008:g138:sil-jaunsari-2008-khanaad:i3,,,,dialect:jaun:sil-jaunsari-2008-khanaad:Khanaad
jaun,,d̪ej,right,,d̪ej,Appendix A.2 lexical-similarity group 3; Jaunsari,"john2008jaunsari[Appendix A.2, printed p. 63, item 138, Chapnu]",,,siljaunsari2008:g138:sil-jaunsari-2008-chapnu:i1,,,,dialect:jaun:sil-jaunsari-2008-chapnu:Chapnu
jaun,,çowə,right,,çowə,Appendix A.2 lexical-similarity group 4; Jaunsari-Bawari,"john2008jaunsari[Appendix A.2, printed p. 63, item 138, Bhandroli]",,,siljaunsari2008:g138:sil-jaunsari-2008-bhandroli:i1,,,,dialect:jaun:sil-jaunsari-2008-bhandroli:Bhandroli
jaun,,d̪awo,right,,d̪awo,Appendix A.2 lexical-similarity group 2; Jaunsari-Bawari,"john2008jaunsari[Appendix A.2, printed p. 63, item 138, Maindrath]",,,siljaunsari2008:g138:sil-jaunsari-2008-maindrath:i1,,,,dialect:jaun:sil-jaunsari-2008-maindrath:Maindrath
jaun,,d̪ɐnɐ,right,,d̪ɐnɐ,Appendix A.2 lexical-similarity group 1; Jaunsari-Garhwali border mix,"john2008jaunsari[Appendix A.2, printed p. 63, item 138, Lakhamandal]",,,siljaunsari2008:g138:sil-jaunsari-2008-lakhamandal:i1,,,,dialect:jaun:sil-jaunsari-2008-lakhamandal:Lakhamandal
jaun,,d̪əna,right,,d̪əna,Appendix A.2 lexical-similarity group 1; previous Garhwali survey list,"john2008jaunsari[Appendix A.2, printed p. 63, item 138, Chakrata]",,,siljaunsari2008:g138:sil-jaunsari-2008-chakrata:i1,,,,dialect:jaun:sil-jaunsari-2008-chakrata:Chakrata
jaun,,bajɐ,left,,bajɐ,Appendix A.2 lexical-similarity group 1; Jaunsari,"john2008jaunsari[Appendix A.2, printed p. 63, item 139, Korwa]",,,siljaunsari2008:g139:sil-jaunsari-2008-korwa:i1,,,,dialect:jaun:sil-jaunsari-2008-korwa:Korwa
jaun,,bawɐ,left,,bawɐ,Appendix A.2 lexical-similarity group 1; Jaunsari,"john2008jaunsari[Appendix A.2, printed p. 63, item 139, Khanaad]",,,siljaunsari2008:g139:sil-jaunsari-2008-khanaad:i1,,,,dialect:jaun:sil-jaunsari-2008-khanaad:Khanaad
jaun,,bajɐ,left,,bajɐ,Appendix A.2 lexical-similarity group 1; Jaunsari,"john2008jaunsari[Appendix A.2, printed p. 63, item 139, Chapnu]",,,siljaunsari2008:g139:sil-jaunsari-2008-chapnu:i1,,,,dialect:jaun:sil-jaunsari-2008-chapnu:Chapnu
jaun,,bawɐ,left,,bawɐ,Appendix A.2 lexical-similarity group 1; Jaunsari-Bawari,"john2008jaunsari[Appendix A.2, printed p. 63, item 139, Bhandroli]",,,siljaunsari2008:g139:sil-jaunsari-2008-bhandroli:i1,,,,dialect:jaun:sil-jaunsari-2008-bhandroli:Bhandroli
jaun,,bawo,left,,bawo,Appendix A.2 lexical-similarity group 1; Jaunsari-Bawari,"john2008jaunsari[Appendix A.2, printed p. 63, item 139, Maindrath]",,,siljaunsari2008:g139:sil-jaunsari-2008-maindrath:i1,,,,dialect:jaun:sil-jaunsari-2008-maindrath:Maindrath
jaun,,bawo,left,,bawo,Appendix A.2 lexical-similarity group 1; Jaunsari-Garhwali border mix,"john2008jaunsari[Appendix A.2, printed p. 63, item 139, Lakhamandal]",,,siljaunsari2008:g139:sil-jaunsari-2008-lakhamandal:i1,,,,dialect:jaun:sil-jaunsari-2008-lakhamandal:Lakhamandal
jaun,,baʋa,left,,baʋa,Appendix A.2 lexical-similarity group 1; previous Garhwali survey list,"john2008jaunsari[Appendix A.2, printed p. 63, item 139, Chakrata]",,,siljaunsari2008:g139:sil-jaunsari-2008-chakrata:i1,,,,dialect:jaun:sil-jaunsari-2008-chakrata:Chakrata
jaun,,neɖo,near,,neɖo,Appendix A.2 lexical-similarity group 3; Jaunsari,"john2008jaunsari[Appendix A.2, printed p. 63, item 140, Korwa]",,,siljaunsari2008:g140:sil-jaunsari-2008-korwa:i1,,,,dialect:jaun:sil-jaunsari-2008-korwa:Korwa
jaun,,neɖo,near,,neɖo,Appendix A.2 lexical-similarity group 3; Jaunsari,"john2008jaunsari[Appendix A.2, printed p. 63, item 140, Khanaad]",,,siljaunsari2008:g140:sil-jaunsari-2008-khanaad:i1,,,,dialect:jaun:sil-jaunsari-2008-khanaad:Khanaad
jaun,,neɖo,near,,neɖo,Appendix A.2 lexical-similarity group 3; Jaunsari,"john2008jaunsari[Appendix A.2, printed p. 63, item 140, Chapnu]",,,siljaunsari2008:g140:sil-jaunsari-2008-chapnu:i1,,,,dialect:jaun:sil-jaunsari-2008-chapnu:Chapnu
jaun,,neɖo,near,,neɖo,Appendix A.2 lexical-similarity group 3; Jaunsari-Bawari,"john2008jaunsari[Appendix A.2, printed p. 63, item 140, Bhandroli]",,,siljaunsari2008:g140:sil-jaunsari-2008-bhandroli:i1,,,,dialect:jaun:sil-jaunsari-2008-bhandroli:Bhandroli
jaun,,nɐdʒik,near,,nɐdʒik,Appendix A.2 lexical-similarity group 1; Jaunsari-Bawari,"john2008jaunsari[Appendix A.2, printed p. 63, item 140, Maindrath]",,,siljaunsari2008:g140:sil-jaunsari-2008-maindrath:i1,,,,dialect:jaun:sil-jaunsari-2008-maindrath:Maindrath
jaun,,nɐdʒik,near,,nɐdʒik,Appendix A.2 lexical-similarity group 1; Jaunsari-Garhwali border mix,"john2008jaunsari[Appendix A.2, printed p. 63, item 140, Lakhamandal]",,,siljaunsari2008:g140:sil-jaunsari-2008-lakhamandal:i1,,,,dialect:jaun:sil-jaunsari-2008-lakhamandal:Lakhamandal
jaun,,nɛɽu,near,,nɛɽu,Appendix A.2 lexical-similarity group 3; previous Garhwali survey list,"john2008jaunsari[Appendix A.2, printed p. 63, item 140, Chakrata]",,,siljaunsari2008:g140:sil-jaunsari-2008-chakrata:i1,,,,dialect:jaun:sil-jaunsari-2008-chakrata:Chakrata
jaun,,d̪uɾ,far,,d̪uɾ,Appendix A.2 lexical-similarity group 1; Jaunsari,"john2008jaunsari[Appendix A.2, printed p. 63, item 141, Korwa]",,,siljaunsari2008:g141:sil-jaunsari-2008-korwa:i1,,,,dialect:jaun:sil-jaunsari-2008-korwa:Korwa
jaun,,d̪uɾo,far,,d̪uɾo,Appendix A.2 lexical-similarity group 1; Jaunsari,"john2008jaunsari[Appendix A.2, printed p. 63, item 141, Khanaad]",,,siljaunsari2008:g141:sil-jaunsari-2008-khanaad:i1,,,,dialect:jaun:sil-jaunsari-2008-khanaad:Khanaad
jaun,,d̪uɾo,far,,d̪uɾo,Appendix A.2 lexical-similarity group 2; Jaunsari,"john2008jaunsari[Appendix A.2, printed p. 63, item 141, Khanaad]",,,siljaunsari2008:g141:sil-jaunsari-2008-khanaad:i2,,,,dialect:jaun:sil-jaunsari-2008-khanaad:Khanaad
jaun,,d̪uɾ,far,,d̪uɾ,Appendix A.2 lexical-similarity group 1; Jaunsari,"john2008jaunsari[Appendix A.2, printed p. 63, item 141, Chapnu]",,,siljaunsari2008:g141:sil-jaunsari-2008-chapnu:i1,,,,dialect:jaun:sil-jaunsari-2008-chapnu:Chapnu
jaun,,d̪uɾɛ,far,,d̪uɾɛ,Appendix A.2 lexical-similarity group 1; Jaunsari-Bawari,"john2008jaunsari[Appendix A.2, printed p. 63, item 141, Bhandroli]",,,siljaunsari2008:g141:sil-jaunsari-2008-bhandroli:i1,,,,dialect:jaun:sil-jaunsari-2008-bhandroli:Bhandroli
jaun,,d̪uɾɛ,far,,d̪uɾɛ,Appendix A.2 lexical-similarity group 2; Jaunsari-Bawari,"john2008jaunsari[Appendix A.2, printed p. 63, item 141, Bhandroli]",,,siljaunsari2008:g141:sil-jaunsari-2008-bhandroli:i2,,,,dialect:jaun:sil-jaunsari-2008-bhandroli:Bhandroli
jaun,,d̪uɾo,far,,d̪uɾo,Appendix A.2 lexical-similarity group 1; Jaunsari-Bawari,"john2008jaunsari[Appendix A.2, printed p. 63, item 141, Maindrath]",,,siljaunsari2008:g141:sil-jaunsari-2008-maindrath:i1,,,,dialect:jaun:sil-jaunsari-2008-maindrath:Maindrath
jaun,,d̪uɾo,far,,d̪uɾo,Appendix A.2 lexical-similarity group 2; Jaunsari-Bawari,"john2008jaunsari[Appendix A.2, printed p. 63, item 141, Maindrath]",,,siljaunsari2008:g141:sil-jaunsari-2008-maindrath:i2,,,,dialect:jaun:sil-jaunsari-2008-maindrath:Maindrath
jaun,,d̪uɾ,far,,d̪uɾ,Appendix A.2 lexical-similarity group 1; Jaunsari-Garhwali border mix,"john2008jaunsari[Appendix A.2, printed p. 63, item 141, Lakhamandal]",,,siljaunsari2008:g141:sil-jaunsari-2008-lakhamandal:i1,,,,dialect:jaun:sil-jaunsari-2008-lakhamandal:Lakhamandal
jaun,,d̪uɾe,far,,d̪uɾe,Appendix A.2 lexical-similarity group 1; previous Garhwali survey list,"john2008jaunsari[Appendix A.2, printed p. 63, item 141, Chakrata]",,,siljaunsari2008:g141:sil-jaunsari-2008-chakrata:i1,,,,dialect:jaun:sil-jaunsari-2008-chakrata:Chakrata
jaun,,d̪uɾe,far,,d̪uɾe,Appendix A.2 lexical-similarity group 2; previous Garhwali survey list,"john2008jaunsari[Appendix A.2, printed p. 63, item 141, Chakrata]",,,siljaunsari2008:g141:sil-jaunsari-2008-chakrata:i2,,,,dialect:jaun:sil-jaunsari-2008-chakrata:Chakrata
jaun,,bɐɖɐlo,big,,bɐɖɐlo,Appendix A.2 lexical-similarity group 1; Jaunsari,"john2008jaunsari[Appendix A.2, printed p. 63, item 142, Korwa]",,,siljaunsari2008:g142:sil-jaunsari-2008-korwa:i1,,,,dialect:jaun:sil-jaunsari-2008-korwa:Korwa
jaun,,bəɖɐ,big,,bəɖɐ,Appendix A.2 lexical-similarity group 1; Jaunsari,"john2008jaunsari[Appendix A.2, printed p. 63, item 142, Khanaad]",,,siljaunsari2008:g142:sil-jaunsari-2008-khanaad:i1,,,,dialect:jaun:sil-jaunsari-2008-khanaad:Khanaad
jaun,,baɖo,big,,baɖo,Appendix A.2 lexical-similarity group 1; Jaunsari,"john2008jaunsari[Appendix A.2, printed p. 63, item 142, Chapnu]",,,siljaunsari2008:g142:sil-jaunsari-2008-chapnu:i1,,,,dialect:jaun:sil-jaunsari-2008-chapnu:Chapnu
jaun,,boɖə,big,,boɖə,Appendix A.2 lexical-similarity group 1; Jaunsari-Bawari,"john2008jaunsari[Appendix A.2, printed p. 63, item 142, Bhandroli]",,,siljaunsari2008:g142:sil-jaunsari-2008-bhandroli:i1,,,,dialect:jaun:sil-jaunsari-2008-bhandroli:Bhandroli
jaun,,bɐɖɐ,big,,bɐɖɐ,Appendix A.2 lexical-similarity group 1; Jaunsari-Bawari,"john2008jaunsari[Appendix A.2, printed p. 63, item 142, Maindrath]",,,siljaunsari2008:g142:sil-jaunsari-2008-maindrath:i1,,,,dialect:jaun:sil-jaunsari-2008-maindrath:Maindrath
jaun,,baɖo,big,,baɖo,Appendix A.2 lexical-similarity group 1; Jaunsari-Garhwali border mix,"john2008jaunsari[Appendix A.2, printed p. 63, item 142, Lakhamandal]",,,siljaunsari2008:g142:sil-jaunsari-2008-lakhamandal:i1,,,,dialect:jaun:sil-jaunsari-2008-lakhamandal:Lakhamandal
jaun,,boɽo,big,,boɽo,Appendix A.2 lexical-similarity group 1; previous Garhwali survey list,"john2008jaunsari[Appendix A.2, printed p. 63, item 142, Chakrata]",,,siljaunsari2008:g142:sil-jaunsari-2008-chakrata:i1,,,,dialect:jaun:sil-jaunsari-2008-chakrata:Chakrata
jaun,,tʃhoʈa,small,,tʃhoʈa,Appendix A.2 lexical-similarity group 1; Jaunsari,"john2008jaunsari[Appendix A.2, printed p. 63, item 143, Korwa]",,,siljaunsari2008:g143:sil-jaunsari-2008-korwa:i1,,,,dialect:jaun:sil-jaunsari-2008-korwa:Korwa
jaun,,nɐnd̪ɾo,small,,nɐnd̪ɾo,Appendix A.2 lexical-similarity group 2; Jaunsari,"john2008jaunsari[Appendix A.2, printed p. 63, item 143, Korwa]",,,siljaunsari2008:g143:sil-jaunsari-2008-korwa:i2,,,,dialect:jaun:sil-jaunsari-2008-korwa:Korwa
jaun,,nɐnd̪ɾo,small,,nɐnd̪ɾo,Appendix A.2 lexical-similarity group 2; Jaunsari,"john2008jaunsari[Appendix A.2, printed p. 63, item 143, Khanaad]",,,siljaunsari2008:g143:sil-jaunsari-2008-khanaad:i1,,,,dialect:jaun:sil-jaunsari-2008-khanaad:Khanaad
jaun,,tʃhoʈo,small,,tʃhoʈo,Appendix A.2 lexical-similarity group 1; Jaunsari,"john2008jaunsari[Appendix A.2, printed p. 63, item 143, Chapnu]",,,siljaunsari2008:g143:sil-jaunsari-2008-chapnu:i1,,,,dialect:jaun:sil-jaunsari-2008-chapnu:Chapnu
jaun,,tʃhoʈo,small,,tʃhoʈo,Appendix A.2 lexical-similarity group 1; Jaunsari-Bawari,"john2008jaunsari[Appendix A.2, printed p. 63, item 143, Bhandroli]",,,siljaunsari2008:g143:sil-jaunsari-2008-bhandroli:i1,,,,dialect:jaun:sil-jaunsari-2008-bhandroli:Bhandroli
jaun,,nɐd̪əɾo,small,,nɐd̪əɾo,Appendix A.2 lexical-similarity group 2; Jaunsari-Bawari,"john2008jaunsari[Appendix A.2, printed p. 63, item 143, Maindrath]",,,siljaunsari2008:g143:sil-jaunsari-2008-maindrath:i1,,,,dialect:jaun:sil-jaunsari-2008-maindrath:Maindrath
jaun,,nɐd̪əɾo,small,,nɐd̪əɾo,Appendix A.2 lexical-similarity group 2; Jaunsari-Garhwali border mix,"john2008jaunsari[Appendix A.2, printed p. 63, item 143, Lakhamandal]",,,siljaunsari2008:g143:sil-jaunsari-2008-lakhamandal:i1,,,,dialect:jaun:sil-jaunsari-2008-lakhamandal:Lakhamandal
jaun,,nənd̪ɽo,small,,nənd̪ɽo,Appendix A.2 lexical-similarity group 2; previous Garhwali survey list,"john2008jaunsari[Appendix A.2, printed p. 63, item 143, Chakrata]",,,siljaunsari2008:g143:sil-jaunsari-2008-chakrata:i1,,,,dialect:jaun:sil-jaunsari-2008-chakrata:Chakrata
jaun,,gɐɾuo,heavy,,gɐɾuo,Appendix A.2 lexical-similarity group 2; Jaunsari,"john2008jaunsari[Appendix A.2, printed p. 64, item 144, Korwa]",,,siljaunsari2008:g144:sil-jaunsari-2008-korwa:i1,,,,dialect:jaun:sil-jaunsari-2008-korwa:Korwa
jaun,,goɾu,heavy,,goɾu,Appendix A.2 lexical-similarity group 2; Jaunsari,"john2008jaunsari[Appendix A.2, printed p. 64, item 144, Khanaad]",,,siljaunsari2008:g144:sil-jaunsari-2008-khanaad:i1,,,,dialect:jaun:sil-jaunsari-2008-khanaad:Khanaad
jaun,,goɾuo,heavy,,goɾuo,Appendix A.2 lexical-similarity group 2; Jaunsari,"john2008jaunsari[Appendix A.2, printed p. 64, item 144, Chapnu]",,,siljaunsari2008:g144:sil-jaunsari-2008-chapnu:i1,,,,dialect:jaun:sil-jaunsari-2008-chapnu:Chapnu
jaun,,goɾeko,heavy,,goɾeko,Appendix A.2 lexical-similarity group 2; Jaunsari-Bawari,"john2008jaunsari[Appendix A.2, printed p. 64, item 144, Bhandroli]",,,siljaunsari2008:g144:sil-jaunsari-2008-bhandroli:i1,,,,dialect:jaun:sil-jaunsari-2008-bhandroli:Bhandroli
jaun,,goɾeko,heavy,,goɾeko,Appendix A.2 lexical-similarity group 2; Jaunsari-Bawari,"john2008jaunsari[Appendix A.2, printed p. 64, item 144, Maindrath]",,,siljaunsari2008:g144:sil-jaunsari-2008-maindrath:i1,,,,dialect:jaun:sil-jaunsari-2008-maindrath:Maindrath
jaun,,goɾu,heavy,,goɾu,Appendix A.2 lexical-similarity group 2; Jaunsari-Garhwali border mix,"john2008jaunsari[Appendix A.2, printed p. 64, item 144, Lakhamandal]",,,siljaunsari2008:g144:sil-jaunsari-2008-lakhamandal:i1,,,,dialect:jaun:sil-jaunsari-2008-lakhamandal:Lakhamandal
jaun,,gəɾu,heavy,,gəɾu,Appendix A.2 lexical-similarity group 2; previous Garhwali survey list,"john2008jaunsari[Appendix A.2, printed p. 64, item 144, Chakrata]",,,siljaunsari2008:g144:sil-jaunsari-2008-chakrata:i1,,,,dialect:jaun:sil-jaunsari-2008-chakrata:Chakrata
jaun,,hɐɖəko,light,,hɐɖəko,Appendix A.2 lexical-similarity group 1; Jaunsari,"john2008jaunsari[Appendix A.2, printed p. 64, item 145, Korwa]",,,siljaunsari2008:g145:sil-jaunsari-2008-korwa:i1,,,,dialect:jaun:sil-jaunsari-2008-korwa:Korwa
jaun,,hɐɖəko,light,,hɐɖəko,Appendix A.2 lexical-similarity group 1; Jaunsari,"john2008jaunsari[Appendix A.2, printed p. 64, item 145, Khanaad]",,,siljaunsari2008:g145:sil-jaunsari-2008-khanaad:i1,,,,dialect:jaun:sil-jaunsari-2008-khanaad:Khanaad
jaun,,hɐɖəko,light,,hɐɖəko,Appendix A.2 lexical-similarity group 1; Jaunsari,"john2008jaunsari[Appendix A.2, printed p. 64, item 145, Chapnu]",,,siljaunsari2008:g145:sil-jaunsari-2008-chapnu:i1,,,,dialect:jaun:sil-jaunsari-2008-chapnu:Chapnu
jaun,,hokoɖə,light,,hokoɖə,Appendix A.2 lexical-similarity group 2; Jaunsari-Bawari,"john2008jaunsari[Appendix A.2, printed p. 64, item 145, Bhandroli]",,,siljaunsari2008:g145:sil-jaunsari-2008-bhandroli:i1,,,,dialect:jaun:sil-jaunsari-2008-bhandroli:Bhandroli
jaun,,hɐɭəko,light,,hɐɭəko,Appendix A.2 lexical-similarity group 1; Jaunsari-Bawari,"john2008jaunsari[Appendix A.2, printed p. 64, item 145, Maindrath]",,,siljaunsari2008:g145:sil-jaunsari-2008-maindrath:i1,,,,dialect:jaun:sil-jaunsari-2008-maindrath:Maindrath
jaun,,hɐɖəka,light,,hɐɖəka,Appendix A.2 lexical-similarity group 1; Jaunsari-Garhwali border mix,"john2008jaunsari[Appendix A.2, printed p. 64, item 145, Lakhamandal]",,,siljaunsari2008:g145:sil-jaunsari-2008-lakhamandal:i1,,,,dialect:jaun:sil-jaunsari-2008-lakhamandal:Lakhamandal
jaun,,həlko,light,,həlko,Appendix A.2 lexical-similarity group 1; previous Garhwali survey list,"john2008jaunsari[Appendix A.2, printed p. 64, item 145, Chakrata]",,,siljaunsari2008:g145:sil-jaunsari-2008-chakrata:i1,,,,dialect:jaun:sil-jaunsari-2008-chakrata:Chakrata
jaun,,upəɾɛlo,above,,upəɾɛlo,Appendix A.2 lexical-similarity group 1; Jaunsari,"john2008jaunsari[Appendix A.2, printed p. 64, item 146, Korwa]",,,siljaunsari2008:g146:sil-jaunsari-2008-korwa:i1,,,,dialect:jaun:sil-jaunsari-2008-korwa:Korwa
jaun,,ugɐlo,above,,ugɐlo,Appendix A.2 lexical-similarity group 2; Jaunsari,"john2008jaunsari[Appendix A.2, printed p. 64, item 146, Khanaad]",,,siljaunsari2008:g146:sil-jaunsari-2008-khanaad:i1,,,,dialect:jaun:sil-jaunsari-2008-khanaad:Khanaad
jaun,,upɾo,above,,upɾo,Appendix A.2 lexical-similarity group 1; Jaunsari,"john2008jaunsari[Appendix A.2, printed p. 64, item 146, Chapnu]",,,siljaunsari2008:g146:sil-jaunsari-2008-chapnu:i1,,,,dialect:jaun:sil-jaunsari-2008-chapnu:Chapnu
jaun,,ugelu,above,,ugelu,Appendix A.2 lexical-similarity group 2; Jaunsari-Bawari,"john2008jaunsari[Appendix A.2, printed p. 64, item 146, Bhandroli]",,,siljaunsari2008:g146:sil-jaunsari-2008-bhandroli:i1,,,,dialect:jaun:sil-jaunsari-2008-bhandroli:Bhandroli
jaun,,ut̪əlɛ,above,,ut̪əlɛ,Appendix A.2 lexical-similarity group 2; Jaunsari-Bawari,"john2008jaunsari[Appendix A.2, printed p. 64, item 146, Maindrath]",,,siljaunsari2008:g146:sil-jaunsari-2008-maindrath:i1,,,,dialect:jaun:sil-jaunsari-2008-maindrath:Maindrath
jaun,,ugələ,above,,ugələ,Appendix A.2 lexical-similarity group 2; Jaunsari-Garhwali border mix,"john2008jaunsari[Appendix A.2, printed p. 64, item 146, Lakhamandal]",,,siljaunsari2008:g146:sil-jaunsari-2008-lakhamandal:i1,,,,dialect:jaun:sil-jaunsari-2008-lakhamandal:Lakhamandal
jaun,,ubo,above,,ubo,Appendix A.2 lexical-similarity group 3; previous Garhwali survey list,"john2008jaunsari[Appendix A.2, printed p. 64, item 146, Chakrata]",,,siljaunsari2008:g146:sil-jaunsari-2008-chakrata:i1,,,,dialect:jaun:sil-jaunsari-2008-chakrata:Chakrata
jaun,,niŋgəlo,below,,niŋgəlo,Appendix A.2 lexical-similarity group 2; Jaunsari,"john2008jaunsari[Appendix A.2, printed p. 64, item 147, Korwa]",,,siljaunsari2008:g147:sil-jaunsari-2008-korwa:i1,,,,dialect:jaun:sil-jaunsari-2008-korwa:Korwa
jaun,,nigəlo,below,,nigəlo,Appendix A.2 lexical-similarity group 2; Jaunsari,"john2008jaunsari[Appendix A.2, printed p. 64, item 147, Khanaad]",,,siljaunsari2008:g147:sil-jaunsari-2008-khanaad:i1,,,,dialect:jaun:sil-jaunsari-2008-khanaad:Khanaad
jaun,,n̪igɭɔ,below,,n̪igɭɔ,Appendix A.2 lexical-similarity group 2; Jaunsari,"john2008jaunsari[Appendix A.2, printed p. 64, item 147, Chapnu]",,,siljaunsari2008:g147:sil-jaunsari-2008-chapnu:i1,,,,dialect:jaun:sil-jaunsari-2008-chapnu:Chapnu
jaun,,t̪ɔj,below,,t̪ɔj,Appendix A.2 lexical-similarity group 3; Jaunsari,"john2008jaunsari[Appendix A.2, printed p. 64, item 147, Chapnu]",,,siljaunsari2008:g147:sil-jaunsari-2008-chapnu:i2,,,,dialect:jaun:sil-jaunsari-2008-chapnu:Chapnu
jaun,,niŋgəlo,below,,niŋgəlo,Appendix A.2 lexical-similarity group 2; Jaunsari-Bawari,"john2008jaunsari[Appendix A.2, printed p. 64, item 147, Bhandroli]",,,siljaunsari2008:g147:sil-jaunsari-2008-bhandroli:i1,,,,dialect:jaun:sil-jaunsari-2008-bhandroli:Bhandroli
jaun,,d̪ojni,below,,d̪ojni,Appendix A.2 lexical-similarity group 4; Jaunsari-Bawari,"john2008jaunsari[Appendix A.2, printed p. 64, item 147, Bhandroli]",,,siljaunsari2008:g147:sil-jaunsari-2008-bhandroli:i2,,,,dialect:jaun:sil-jaunsari-2008-bhandroli:Bhandroli
jaun,,d̪ɦɐnːi,below,,d̪ɦɐnːi,Appendix A.2 lexical-similarity group 4; Jaunsari-Bawari,"john2008jaunsari[Appendix A.2, printed p. 64, item 147, Maindrath]",,,siljaunsari2008:g147:sil-jaunsari-2008-maindrath:i1,,,,dialect:jaun:sil-jaunsari-2008-maindrath:Maindrath
jaun,,gaʈhu,below,,gaʈhu,Appendix A.2 lexical-similarity group 5; Jaunsari-Garhwali border mix,"john2008jaunsari[Appendix A.2, printed p. 64, item 147, Lakhamandal]",,,siljaunsari2008:g147:sil-jaunsari-2008-lakhamandal:i1,,,,dialect:jaun:sil-jaunsari-2008-lakhamandal:Lakhamandal
jaun,,gat̪ho,below,,gat̪ho,Appendix A.2 lexical-similarity group 5; previous Garhwali survey list,"john2008jaunsari[Appendix A.2, printed p. 64, item 147, Chakrata]",,,siljaunsari2008:g147:sil-jaunsari-2008-chakrata:i1,,,,dialect:jaun:sil-jaunsari-2008-chakrata:Chakrata
jaun,,tʃiʈo,white,,tʃiʈo,Appendix A.2 lexical-similarity group 2; Jaunsari,"john2008jaunsari[Appendix A.2, printed p. 64, item 148, Korwa]",,,siljaunsari2008:g148:sil-jaunsari-2008-korwa:i1,,,,dialect:jaun:sil-jaunsari-2008-korwa:Korwa
jaun,,çukəɭu,white,,çukəɭu,Appendix A.2 lexical-similarity group 3; Jaunsari,"john2008jaunsari[Appendix A.2, printed p. 64, item 148, Khanaad]",,,siljaunsari2008:g148:sil-jaunsari-2008-khanaad:i1,,,,dialect:jaun:sil-jaunsari-2008-khanaad:Khanaad
jaun,,tʃiʈo,white,,tʃiʈo,Appendix A.2 lexical-similarity group 2; Jaunsari,"john2008jaunsari[Appendix A.2, printed p. 64, item 148, Chapnu]",,,siljaunsari2008:g148:sil-jaunsari-2008-chapnu:i1,,,,dialect:jaun:sil-jaunsari-2008-chapnu:Chapnu
jaun,,tʃiʈu,white,,tʃiʈu,Appendix A.2 lexical-similarity group 2; Jaunsari-Bawari,"john2008jaunsari[Appendix A.2, printed p. 64, item 148, Bhandroli]",,,siljaunsari2008:g148:sil-jaunsari-2008-bhandroli:i1,,,,dialect:jaun:sil-jaunsari-2008-bhandroli:Bhandroli
jaun,,çejnt̪o,white,,çejnt̪o,Appendix A.2 lexical-similarity group 4; Jaunsari-Bawari,"john2008jaunsari[Appendix A.2, printed p. 64, item 148, Maindrath]",,,siljaunsari2008:g148:sil-jaunsari-2008-maindrath:i1,,,,dialect:jaun:sil-jaunsari-2008-maindrath:Maindrath
jaun,,çet̪u,white,,çet̪u,Appendix A.2 lexical-similarity group 2; Jaunsari-Garhwali border mix,"john2008jaunsari[Appendix A.2, printed p. 64, item 148, Lakhamandal]",,,siljaunsari2008:g148:sil-jaunsari-2008-lakhamandal:i1,,,,dialect:jaun:sil-jaunsari-2008-lakhamandal:Lakhamandal
jaun,,ʃukla,white,,ʃukla,Appendix A.2 lexical-similarity group 3; previous Garhwali survey list,"john2008jaunsari[Appendix A.2, printed p. 64, item 148, Chakrata]",,,siljaunsari2008:g148:sil-jaunsari-2008-chakrata:i1,,,,dialect:jaun:sil-jaunsari-2008-chakrata:Chakrata
jaun,,kalo,black,,kalo,Appendix A.2 lexical-similarity group 1; Jaunsari,"john2008jaunsari[Appendix A.2, printed p. 64, item 149, Korwa]",,,siljaunsari2008:g149:sil-jaunsari-2008-korwa:i1,,,,dialect:jaun:sil-jaunsari-2008-korwa:Korwa
jaun,,kau,black,,kau,Appendix A.2 lexical-similarity group 1; Jaunsari,"john2008jaunsari[Appendix A.2, printed p. 64, item 149, Khanaad]",,,siljaunsari2008:g149:sil-jaunsari-2008-khanaad:i1,,,,dialect:jaun:sil-jaunsari-2008-khanaad:Khanaad
jaun,,kaɖo,black,,kaɖo,Appendix A.2 lexical-similarity group 1; Jaunsari,"john2008jaunsari[Appendix A.2, printed p. 64, item 149, Chapnu]",,,siljaunsari2008:g149:sil-jaunsari-2008-chapnu:i1,,,,dialect:jaun:sil-jaunsari-2008-chapnu:Chapnu
jaun,,kawɸo,black,,kawɸo,Appendix A.2 lexical-similarity group 1; Jaunsari-Bawari,"john2008jaunsari[Appendix A.2, printed p. 64, item 149, Bhandroli]",,,siljaunsari2008:g149:sil-jaunsari-2008-bhandroli:i1,,,,dialect:jaun:sil-jaunsari-2008-bhandroli:Bhandroli
jaun,,kaɭo,black,,kaɭo,Appendix A.2 lexical-similarity group 1; Jaunsari-Bawari,"john2008jaunsari[Appendix A.2, printed p. 64, item 149, Maindrath]",,,siljaunsari2008:g149:sil-jaunsari-2008-maindrath:i1,,,,dialect:jaun:sil-jaunsari-2008-maindrath:Maindrath
jaun,,kaɖu,black,,kaɖu,Appendix A.2 lexical-similarity group 1; Jaunsari-Garhwali border mix,"john2008jaunsari[Appendix A.2, printed p. 64, item 149, Lakhamandal]",,,siljaunsari2008:g149:sil-jaunsari-2008-lakhamandal:i1,,,,dialect:jaun:sil-jaunsari-2008-lakhamandal:Lakhamandal
jaun,,kao,black,,kao,Appendix A.2 lexical-similarity group 1; previous Garhwali survey list,"john2008jaunsari[Appendix A.2, printed p. 64, item 149, Chakrata]",,,siljaunsari2008:g149:sil-jaunsari-2008-chakrata:i1,,,,dialect:jaun:sil-jaunsari-2008-chakrata:Chakrata
jaun,,lal,red,,lal,Appendix A.2 lexical-similarity group 1; Jaunsari,"john2008jaunsari[Appendix A.2, printed p. 65, item 150, Korwa]",,,siljaunsari2008:g150:sil-jaunsari-2008-korwa:i1,,,,dialect:jaun:sil-jaunsari-2008-korwa:Korwa
jaun,,lal,red,,lal,Appendix A.2 lexical-similarity group 1; Jaunsari,"john2008jaunsari[Appendix A.2, printed p. 65, item 150, Khanaad]",,,siljaunsari2008:g150:sil-jaunsari-2008-khanaad:i1,,,,dialect:jaun:sil-jaunsari-2008-khanaad:Khanaad
jaun,,lal,red,,lal,Appendix A.2 lexical-similarity group 1; Jaunsari,"john2008jaunsari[Appendix A.2, printed p. 65, item 150, Chapnu]",,,siljaunsari2008:g150:sil-jaunsari-2008-chapnu:i1,,,,dialect:jaun:sil-jaunsari-2008-chapnu:Chapnu
jaun,,lal,red,,lal,Appendix A.2 lexical-similarity group 1; Jaunsari-Bawari,"john2008jaunsari[Appendix A.2, printed p. 65, item 150, Bhandroli]",,,siljaunsari2008:g150:sil-jaunsari-2008-bhandroli:i1,,,,dialect:jaun:sil-jaunsari-2008-bhandroli:Bhandroli
jaun,,ɾat̪o,red,,ɾat̪o,Appendix A.2 lexical-similarity group 2; Jaunsari-Bawari,"john2008jaunsari[Appendix A.2, printed p. 65, item 150, Maindrath]",,,siljaunsari2008:g150:sil-jaunsari-2008-maindrath:i1,,,,dialect:jaun:sil-jaunsari-2008-maindrath:Maindrath
jaun,,lal,red,,lal,Appendix A.2 lexical-similarity group 1; Jaunsari-Garhwali border mix,"john2008jaunsari[Appendix A.2, printed p. 65, item 150, Lakhamandal]",,,siljaunsari2008:g150:sil-jaunsari-2008-lakhamandal:i1,,,,dialect:jaun:sil-jaunsari-2008-lakhamandal:Lakhamandal
jaun,,lal,red,,lal,Appendix A.2 lexical-similarity group 1; previous Garhwali survey list,"john2008jaunsari[Appendix A.2, printed p. 65, item 150, Chakrata]",,,siljaunsari2008:g150:sil-jaunsari-2008-chakrata:i1,,,,dialect:jaun:sil-jaunsari-2008-chakrata:Chakrata
jaun,,ek,one,,ek,Appendix A.2 lexical-similarity group 1; Jaunsari,"john2008jaunsari[Appendix A.2, printed p. 65, item 151, Korwa]",,,siljaunsari2008:g151:sil-jaunsari-2008-korwa:i1,,,,dialect:jaun:sil-jaunsari-2008-korwa:Korwa
jaun,,ek,one,,ek,Appendix A.2 lexical-similarity group 1; Jaunsari,"john2008jaunsari[Appendix A.2, printed p. 65, item 151, Khanaad]",,,siljaunsari2008:g151:sil-jaunsari-2008-khanaad:i1,,,,dialect:jaun:sil-jaunsari-2008-khanaad:Khanaad
jaun,,ek,one,,ek,Appendix A.2 lexical-similarity group 1; Jaunsari,"john2008jaunsari[Appendix A.2, printed p. 65, item 151, Chapnu]",,,siljaunsari2008:g151:sil-jaunsari-2008-chapnu:i1,,,,dialect:jaun:sil-jaunsari-2008-chapnu:Chapnu
jaun,,ek,one,,ek,Appendix A.2 lexical-similarity group 1; Jaunsari-Bawari,"john2008jaunsari[Appendix A.2, printed p. 65, item 151, Bhandroli]",,,siljaunsari2008:g151:sil-jaunsari-2008-bhandroli:i1,,,,dialect:jaun:sil-jaunsari-2008-bhandroli:Bhandroli
jaun,,ek,one,,ek,Appendix A.2 lexical-similarity group 1; Jaunsari-Bawari,"john2008jaunsari[Appendix A.2, printed p. 65, item 151, Maindrath]",,,siljaunsari2008:g151:sil-jaunsari-2008-maindrath:i1,,,,dialect:jaun:sil-jaunsari-2008-maindrath:Maindrath
jaun,,ek,one,,ek,Appendix A.2 lexical-similarity group 1; Jaunsari-Garhwali border mix,"john2008jaunsari[Appendix A.2, printed p. 65, item 151, Lakhamandal]",,,siljaunsari2008:g151:sil-jaunsari-2008-lakhamandal:i1,,,,dialect:jaun:sil-jaunsari-2008-lakhamandal:Lakhamandal
jaun,,ek,one,,ek,Appendix A.2 lexical-similarity group 1; previous Garhwali survey list,"john2008jaunsari[Appendix A.2, printed p. 65, item 151, Chakrata]",,,siljaunsari2008:g151:sil-jaunsari-2008-chakrata:i1,,,,dialect:jaun:sil-jaunsari-2008-chakrata:Chakrata
jaun,,d̪o,two,,d̪o,Appendix A.2 lexical-similarity group 1; Jaunsari,"john2008jaunsari[Appendix A.2, printed p. 65, item 152, Korwa]",,,siljaunsari2008:g152:sil-jaunsari-2008-korwa:i1,,,,dialect:jaun:sil-jaunsari-2008-korwa:Korwa
jaun,,d̪o,two,,d̪o,Appendix A.2 lexical-similarity group 1; Jaunsari,"john2008jaunsari[Appendix A.2, printed p. 65, item 152, Khanaad]",,,siljaunsari2008:g152:sil-jaunsari-2008-khanaad:i1,,,,dialect:jaun:sil-jaunsari-2008-khanaad:Khanaad
jaun,,d̪uj,two,,d̪uj,Appendix A.2 lexical-similarity group 1; Jaunsari,"john2008jaunsari[Appendix A.2, printed p. 65, item 152, Chapnu]",,,siljaunsari2008:g152:sil-jaunsari-2008-chapnu:i1,,,,dialect:jaun:sil-jaunsari-2008-chapnu:Chapnu
jaun,,d̪uj,two,,d̪uj,Appendix A.2 lexical-similarity group 1; Jaunsari-Bawari,"john2008jaunsari[Appendix A.2, printed p. 65, item 152, Bhandroli]",,,siljaunsari2008:g152:sil-jaunsari-2008-bhandroli:i1,,,,dialect:jaun:sil-jaunsari-2008-bhandroli:Bhandroli
jaun,,d̪o,two,,d̪o,Appendix A.2 lexical-similarity group 1; Jaunsari-Bawari,"john2008jaunsari[Appendix A.2, printed p. 65, item 152, Maindrath]",,,siljaunsari2008:g152:sil-jaunsari-2008-maindrath:i1,,,,dialect:jaun:sil-jaunsari-2008-maindrath:Maindrath
jaun,,d̪uj,two,,d̪uj,Appendix A.2 lexical-similarity group 1; Jaunsari-Garhwali border mix,"john2008jaunsari[Appendix A.2, printed p. 65, item 152, Lakhamandal]",,,siljaunsari2008:g152:sil-jaunsari-2008-lakhamandal:i1,,,,dialect:jaun:sil-jaunsari-2008-lakhamandal:Lakhamandal
jaun,,d̪o,two,,d̪o,Appendix A.2 lexical-similarity group 1; previous Garhwali survey list,"john2008jaunsari[Appendix A.2, printed p. 65, item 152, Chakrata]",,,siljaunsari2008:g152:sil-jaunsari-2008-chakrata:i1,,,,dialect:jaun:sil-jaunsari-2008-chakrata:Chakrata
jaun,,t̪in,three,,t̪in,Appendix A.2 lexical-similarity group 1; Jaunsari,"john2008jaunsari[Appendix A.2, printed p. 65, item 153, Korwa]",,,siljaunsari2008:g153:sil-jaunsari-2008-korwa:i1,,,,dialect:jaun:sil-jaunsari-2008-korwa:Korwa
jaun,,t̪in,three,,t̪in,Appendix A.2 lexical-similarity group 1; Jaunsari,"john2008jaunsari[Appendix A.2, printed p. 65, item 153, Khanaad]",,,siljaunsari2008:g153:sil-jaunsari-2008-khanaad:i1,,,,dialect:jaun:sil-jaunsari-2008-khanaad:Khanaad
jaun,,t̪in,three,,t̪in,Appendix A.2 lexical-similarity group 1; Jaunsari,"john2008jaunsari[Appendix A.2, printed p. 65, item 153, Chapnu]",,,siljaunsari2008:g153:sil-jaunsari-2008-chapnu:i1,,,,dialect:jaun:sil-jaunsari-2008-chapnu:Chapnu
jaun,,t̪in,three,,t̪in,Appendix A.2 lexical-similarity group 1; Jaunsari-Bawari,"john2008jaunsari[Appendix A.2, printed p. 65, item 153, Bhandroli]",,,siljaunsari2008:g153:sil-jaunsari-2008-bhandroli:i1,,,,dialect:jaun:sil-jaunsari-2008-bhandroli:Bhandroli
jaun,,t̪in,three,,t̪in,Appendix A.2 lexical-similarity group 1; Jaunsari-Bawari,"john2008jaunsari[Appendix A.2, printed p. 65, item 153, Maindrath]",,,siljaunsari2008:g153:sil-jaunsari-2008-maindrath:i1,,,,dialect:jaun:sil-jaunsari-2008-maindrath:Maindrath
jaun,,t̪in,three,,t̪in,Appendix A.2 lexical-similarity group 1; Jaunsari-Garhwali border mix,"john2008jaunsari[Appendix A.2, printed p. 65, item 153, Lakhamandal]",,,siljaunsari2008:g153:sil-jaunsari-2008-lakhamandal:i1,,,,dialect:jaun:sil-jaunsari-2008-lakhamandal:Lakhamandal
jaun,,t̪in,three,,t̪in,Appendix A.2 lexical-similarity group 1; previous Garhwali survey list,"john2008jaunsari[Appendix A.2, printed p. 65, item 153, Chakrata]",,,siljaunsari2008:g153:sil-jaunsari-2008-chakrata:i1,,,,dialect:jaun:sil-jaunsari-2008-chakrata:Chakrata
jaun,,tʃɐɾ,four,,tʃɐɾ,Appendix A.2 lexical-similarity group 1; Jaunsari,"john2008jaunsari[Appendix A.2, printed p. 65, item 154, Korwa]",,,siljaunsari2008:g154:sil-jaunsari-2008-korwa:i1,,,,dialect:jaun:sil-jaunsari-2008-korwa:Korwa
jaun,,tʃɐɾ,four,,tʃɐɾ,Appendix A.2 lexical-similarity group 1; Jaunsari,"john2008jaunsari[Appendix A.2, printed p. 65, item 154, Khanaad]",,,siljaunsari2008:g154:sil-jaunsari-2008-khanaad:i1,,,,dialect:jaun:sil-jaunsari-2008-khanaad:Khanaad
jaun,,tʃɐɾ,four,,tʃɐɾ,Appendix A.2 lexical-similarity group 1; Jaunsari,"john2008jaunsari[Appendix A.2, printed p. 65, item 154, Chapnu]",,,siljaunsari2008:g154:sil-jaunsari-2008-chapnu:i1,,,,dialect:jaun:sil-jaunsari-2008-chapnu:Chapnu
jaun,,tʃɐɾ,four,,tʃɐɾ,Appendix A.2 lexical-similarity group 1; Jaunsari-Bawari,"john2008jaunsari[Appendix A.2, printed p. 65, item 154, Bhandroli]",,,siljaunsari2008:g154:sil-jaunsari-2008-bhandroli:i1,,,,dialect:jaun:sil-jaunsari-2008-bhandroli:Bhandroli
jaun,,tʃɐɾ,four,,tʃɐɾ,Appendix A.2 lexical-similarity group 1; Jaunsari-Bawari,"john2008jaunsari[Appendix A.2, printed p. 65, item 154, Maindrath]",,,siljaunsari2008:g154:sil-jaunsari-2008-maindrath:i1,,,,dialect:jaun:sil-jaunsari-2008-maindrath:Maindrath
jaun,,tʃɐɾ,four,,tʃɐɾ,Appendix A.2 lexical-similarity group 1; Jaunsari-Garhwali border mix,"john2008jaunsari[Appendix A.2, printed p. 65, item 154, Lakhamandal]",,,siljaunsari2008:g154:sil-jaunsari-2008-lakhamandal:i1,,,,dialect:jaun:sil-jaunsari-2008-lakhamandal:Lakhamandal
jaun,,tʃɐɾ,four,,tʃɐɾ,Appendix A.2 lexical-similarity group 1; previous Garhwali survey list,"john2008jaunsari[Appendix A.2, printed p. 65, item 154, Chakrata]",,,siljaunsari2008:g154:sil-jaunsari-2008-chakrata:i1,,,,dialect:jaun:sil-jaunsari-2008-chakrata:Chakrata
jaun,,patʃh,five,,patʃh,Appendix A.2 lexical-similarity group 1; Jaunsari,"john2008jaunsari[Appendix A.2, printed p. 65, item 155, Korwa]",,,siljaunsari2008:g155:sil-jaunsari-2008-korwa:i1,,,,dialect:jaun:sil-jaunsari-2008-korwa:Korwa
jaun,,patʃh,five,,patʃh,Appendix A.2 lexical-similarity group 1; Jaunsari,"john2008jaunsari[Appendix A.2, printed p. 65, item 155, Khanaad]",,,siljaunsari2008:g155:sil-jaunsari-2008-khanaad:i1,,,,dialect:jaun:sil-jaunsari-2008-khanaad:Khanaad
jaun,,patʃh,five,,patʃh,Appendix A.2 lexical-similarity group 1; Jaunsari,"john2008jaunsari[Appendix A.2, printed p. 65, item 155, Chapnu]",,,siljaunsari2008:g155:sil-jaunsari-2008-chapnu:i1,,,,dialect:jaun:sil-jaunsari-2008-chapnu:Chapnu
jaun,,patʃh,five,,patʃh,Appendix A.2 lexical-similarity group 1; Jaunsari-Bawari,"john2008jaunsari[Appendix A.2, printed p. 65, item 155, Bhandroli]",,,siljaunsari2008:g155:sil-jaunsari-2008-bhandroli:i1,,,,dialect:jaun:sil-jaunsari-2008-bhandroli:Bhandroli
jaun,,pɐ̃ntʃ,five,,pɐ̃ntʃ,Appendix A.2 lexical-similarity group 1; Jaunsari-Bawari,"john2008jaunsari[Appendix A.2, printed p. 65, item 155, Maindrath]",,,siljaunsari2008:g155:sil-jaunsari-2008-maindrath:i1,,,,dialect:jaun:sil-jaunsari-2008-maindrath:Maindrath
jaun,,patʃ,five,,patʃ,Appendix A.2 lexical-similarity group 1; Jaunsari-Garhwali border mix,"john2008jaunsari[Appendix A.2, printed p. 65, item 155, Lakhamandal]",,,siljaunsari2008:g155:sil-jaunsari-2008-lakhamandal:i1,,,,dialect:jaun:sil-jaunsari-2008-lakhamandal:Lakhamandal
jaun,,patʃ,five,,patʃ,Appendix A.2 lexical-similarity group 1; previous Garhwali survey list,"john2008jaunsari[Appendix A.2, printed p. 65, item 155, Chakrata]",,,siljaunsari2008:g155:sil-jaunsari-2008-chakrata:i1,,,,dialect:jaun:sil-jaunsari-2008-chakrata:Chakrata
jaun,,tʃho,six,,tʃho,Appendix A.2 lexical-similarity group 1; Jaunsari,"john2008jaunsari[Appendix A.2, printed p. 65, item 156, Korwa]",,,siljaunsari2008:g156:sil-jaunsari-2008-korwa:i1,,,,dialect:jaun:sil-jaunsari-2008-korwa:Korwa
jaun,,tʃhe,six,,tʃhe,Appendix A.2 lexical-similarity group 1; Jaunsari,"john2008jaunsari[Appendix A.2, printed p. 65, item 156, Khanaad]",,,siljaunsari2008:g156:sil-jaunsari-2008-khanaad:i1,,,,dialect:jaun:sil-jaunsari-2008-khanaad:Khanaad
jaun,,tʃho,six,,tʃho,Appendix A.2 lexical-similarity group 1; Jaunsari,"john2008jaunsari[Appendix A.2, printed p. 66, item 156, Chapnu]",,,siljaunsari2008:g156:sil-jaunsari-2008-chapnu:i1,,,,dialect:jaun:sil-jaunsari-2008-chapnu:Chapnu
jaun,,tʃhe,six,,tʃhe,Appendix A.2 lexical-similarity group 1; Jaunsari-Bawari,"john2008jaunsari[Appendix A.2, printed p. 66, item 156, Bhandroli]",,,siljaunsari2008:g156:sil-jaunsari-2008-bhandroli:i1,,,,dialect:jaun:sil-jaunsari-2008-bhandroli:Bhandroli
jaun,,tʃho,six,,tʃho,Appendix A.2 lexical-similarity group 1; Jaunsari-Bawari,"john2008jaunsari[Appendix A.2, printed p. 66, item 156, Maindrath]",,,siljaunsari2008:g156:sil-jaunsari-2008-maindrath:i1,,,,dialect:jaun:sil-jaunsari-2008-maindrath:Maindrath
jaun,,tʃhɐi,six,,tʃhɐi,Appendix A.2 lexical-similarity group 1; Jaunsari-Garhwali border mix,"john2008jaunsari[Appendix A.2, printed p. 66, item 156, Lakhamandal]",,,siljaunsari2008:g156:sil-jaunsari-2008-lakhamandal:i1,,,,dialect:jaun:sil-jaunsari-2008-lakhamandal:Lakhamandal
jaun,,tʃhe,six,,tʃhe,Appendix A.2 lexical-similarity group 1; previous Garhwali survey list,"john2008jaunsari[Appendix A.2, printed p. 66, item 156, Chakrata]",,,siljaunsari2008:g156:sil-jaunsari-2008-chakrata:i1,,,,dialect:jaun:sil-jaunsari-2008-chakrata:Chakrata
jaun,,sɐt̪,seven,,sɐt̪,Appendix A.2 lexical-similarity group 1; Jaunsari,"john2008jaunsari[Appendix A.2, printed p. 66, item 157, Korwa]",,,siljaunsari2008:g157:sil-jaunsari-2008-korwa:i1,,,,dialect:jaun:sil-jaunsari-2008-korwa:Korwa
jaun,,sɐt̪,seven,,sɐt̪,Appendix A.2 lexical-similarity group 1; Jaunsari,"john2008jaunsari[Appendix A.2, printed p. 66, item 157, Khanaad]",,,siljaunsari2008:g157:sil-jaunsari-2008-khanaad:i1,,,,dialect:jaun:sil-jaunsari-2008-khanaad:Khanaad
jaun,,sɐt̪,seven,,sɐt̪,Appendix A.2 lexical-similarity group 1; Jaunsari,"john2008jaunsari[Appendix A.2, printed p. 66, item 157, Chapnu]",,,siljaunsari2008:g157:sil-jaunsari-2008-chapnu:i1,,,,dialect:jaun:sil-jaunsari-2008-chapnu:Chapnu
jaun,,sɐt̪,seven,,sɐt̪,Appendix A.2 lexical-similarity group 1; Jaunsari-Bawari,"john2008jaunsari[Appendix A.2, printed p. 66, item 157, Bhandroli]",,,siljaunsari2008:g157:sil-jaunsari-2008-bhandroli:i1,,,,dialect:jaun:sil-jaunsari-2008-bhandroli:Bhandroli
jaun,,sɐt̪,seven,,sɐt̪,Appendix A.2 lexical-similarity group 1; Jaunsari-Bawari,"john2008jaunsari[Appendix A.2, printed p. 66, item 157, Maindrath]",,,siljaunsari2008:g157:sil-jaunsari-2008-maindrath:i1,,,,dialect:jaun:sil-jaunsari-2008-maindrath:Maindrath
jaun,,sɐt̪,seven,,sɐt̪,Appendix A.2 lexical-similarity group 1; Jaunsari-Garhwali border mix,"john2008jaunsari[Appendix A.2, printed p. 66, item 157, Lakhamandal]",,,siljaunsari2008:g157:sil-jaunsari-2008-lakhamandal:i1,,,,dialect:jaun:sil-jaunsari-2008-lakhamandal:Lakhamandal
jaun,,sɐt̪,seven,,sɐt̪,Appendix A.2 lexical-similarity group 1; previous Garhwali survey list,"john2008jaunsari[Appendix A.2, printed p. 66, item 157, Chakrata]",,,siljaunsari2008:g157:sil-jaunsari-2008-chakrata:i1,,,,dialect:jaun:sil-jaunsari-2008-chakrata:Chakrata
jaun,,ɐʈh,eight,,ɐʈh,Appendix A.2 lexical-similarity group 1; Jaunsari,"john2008jaunsari[Appendix A.2, printed p. 66, item 158, Korwa]",,,siljaunsari2008:g158:sil-jaunsari-2008-korwa:i1,,,,dialect:jaun:sil-jaunsari-2008-korwa:Korwa
jaun,,ɐʈh,eight,,ɐʈh,Appendix A.2 lexical-similarity group 1; Jaunsari,"john2008jaunsari[Appendix A.2, printed p. 66, item 158, Khanaad]",,,siljaunsari2008:g158:sil-jaunsari-2008-khanaad:i1,,,,dialect:jaun:sil-jaunsari-2008-khanaad:Khanaad
jaun,,ɐʈh,eight,,ɐʈh,Appendix A.2 lexical-similarity group 1; Jaunsari,"john2008jaunsari[Appendix A.2, printed p. 66, item 158, Chapnu]",,,siljaunsari2008:g158:sil-jaunsari-2008-chapnu:i1,,,,dialect:jaun:sil-jaunsari-2008-chapnu:Chapnu
jaun,,ɐʈh,eight,,ɐʈh,Appendix A.2 lexical-similarity group 1; Jaunsari-Bawari,"john2008jaunsari[Appendix A.2, printed p. 66, item 158, Bhandroli]",,,siljaunsari2008:g158:sil-jaunsari-2008-bhandroli:i1,,,,dialect:jaun:sil-jaunsari-2008-bhandroli:Bhandroli
jaun,,ɐʈh,eight,,ɐʈh,Appendix A.2 lexical-similarity group 1; Jaunsari-Bawari,"john2008jaunsari[Appendix A.2, printed p. 66, item 158, Maindrath]",,,siljaunsari2008:g158:sil-jaunsari-2008-maindrath:i1,,,,dialect:jaun:sil-jaunsari-2008-maindrath:Maindrath
jaun,,ɐʈh,eight,,ɐʈh,Appendix A.2 lexical-similarity group 1; Jaunsari-Garhwali border mix,"john2008jaunsari[Appendix A.2, printed p. 66, item 158, Lakhamandal]",,,siljaunsari2008:g158:sil-jaunsari-2008-lakhamandal:i1,,,,dialect:jaun:sil-jaunsari-2008-lakhamandal:Lakhamandal
jaun,,ɐʈh,eight,,ɐʈh,Appendix A.2 lexical-similarity group 1; previous Garhwali survey list,"john2008jaunsari[Appendix A.2, printed p. 66, item 158, Chakrata]",,,siljaunsari2008:g158:sil-jaunsari-2008-chakrata:i1,,,,dialect:jaun:sil-jaunsari-2008-chakrata:Chakrata
jaun,,nɔ,nine,,nɔ,Appendix A.2 lexical-similarity group 1; Jaunsari,"john2008jaunsari[Appendix A.2, printed p. 66, item 159, Korwa]",,,siljaunsari2008:g159:sil-jaunsari-2008-korwa:i1,,,,dialect:jaun:sil-jaunsari-2008-korwa:Korwa
jaun,,nɔ,nine,,nɔ,Appendix A.2 lexical-similarity group 1; Jaunsari,"john2008jaunsari[Appendix A.2, printed p. 66, item 159, Khanaad]",,,siljaunsari2008:g159:sil-jaunsari-2008-khanaad:i1,,,,dialect:jaun:sil-jaunsari-2008-khanaad:Khanaad
jaun,,nɔ,nine,,nɔ,Appendix A.2 lexical-similarity group 1; Jaunsari,"john2008jaunsari[Appendix A.2, printed p. 66, item 159, Chapnu]",,,siljaunsari2008:g159:sil-jaunsari-2008-chapnu:i1,,,,dialect:jaun:sil-jaunsari-2008-chapnu:Chapnu
jaun,,nɔ,nine,,nɔ,Appendix A.2 lexical-similarity group 1; Jaunsari-Bawari,"john2008jaunsari[Appendix A.2, printed p. 66, item 159, Bhandroli]",,,siljaunsari2008:g159:sil-jaunsari-2008-bhandroli:i1,,,,dialect:jaun:sil-jaunsari-2008-bhandroli:Bhandroli
jaun,,nɔ,nine,,nɔ,Appendix A.2 lexical-similarity group 1; Jaunsari-Bawari,"john2008jaunsari[Appendix A.2, printed p. 66, item 159, Maindrath]",,,siljaunsari2008:g159:sil-jaunsari-2008-maindrath:i1,,,,dialect:jaun:sil-jaunsari-2008-maindrath:Maindrath
jaun,,nɔ,nine,,nɔ,Appendix A.2 lexical-similarity group 1; Jaunsari-Garhwali border mix,"john2008jaunsari[Appendix A.2, printed p. 66, item 159, Lakhamandal]",,,siljaunsari2008:g159:sil-jaunsari-2008-lakhamandal:i1,,,,dialect:jaun:sil-jaunsari-2008-lakhamandal:Lakhamandal
jaun,,nɔ,nine,,nɔ,Appendix A.2 lexical-similarity group 1; previous Garhwali survey list,"john2008jaunsari[Appendix A.2, printed p. 66, item 159, Chakrata]",,,siljaunsari2008:g159:sil-jaunsari-2008-chakrata:i1,,,,dialect:jaun:sil-jaunsari-2008-chakrata:Chakrata
jaun,,d̪əs,ten,,d̪əs,Appendix A.2 lexical-similarity group 1; Jaunsari,"john2008jaunsari[Appendix A.2, printed p. 66, item 160, Korwa]",,,siljaunsari2008:g160:sil-jaunsari-2008-korwa:i1,,,,dialect:jaun:sil-jaunsari-2008-korwa:Korwa
jaun,,d̪əs,ten,,d̪əs,Appendix A.2 lexical-similarity group 1; Jaunsari,"john2008jaunsari[Appendix A.2, printed p. 66, item 160, Khanaad]",,,siljaunsari2008:g160:sil-jaunsari-2008-khanaad:i1,,,,dialect:jaun:sil-jaunsari-2008-khanaad:Khanaad
jaun,,d̪əs,ten,,d̪əs,Appendix A.2 lexical-similarity group 1; Jaunsari,"john2008jaunsari[Appendix A.2, printed p. 66, item 160, Chapnu]",,,siljaunsari2008:g160:sil-jaunsari-2008-chapnu:i1,,,,dialect:jaun:sil-jaunsari-2008-chapnu:Chapnu
jaun,,d̪oʃ,ten,,d̪oʃ,Appendix A.2 lexical-similarity group 1; Jaunsari-Bawari,"john2008jaunsari[Appendix A.2, printed p. 66, item 160, Bhandroli]",,,siljaunsari2008:g160:sil-jaunsari-2008-bhandroli:i1,,,,dialect:jaun:sil-jaunsari-2008-bhandroli:Bhandroli
jaun,,d̪ɐç,ten,,d̪ɐç,Appendix A.2 lexical-similarity group 1; Jaunsari-Bawari,"john2008jaunsari[Appendix A.2, printed p. 66, item 160, Maindrath]",,,siljaunsari2008:g160:sil-jaunsari-2008-maindrath:i1,,,,dialect:jaun:sil-jaunsari-2008-maindrath:Maindrath
jaun,,d̪əs,ten,,d̪əs,Appendix A.2 lexical-similarity group 1; Jaunsari-Garhwali border mix,"john2008jaunsari[Appendix A.2, printed p. 66, item 160, Lakhamandal]",,,siljaunsari2008:g160:sil-jaunsari-2008-lakhamandal:i1,,,,dialect:jaun:sil-jaunsari-2008-lakhamandal:Lakhamandal
jaun,,d̪əs,ten,,d̪əs,Appendix A.2 lexical-similarity group 1; previous Garhwali survey list,"john2008jaunsari[Appendix A.2, printed p. 66, item 160, Chakrata]",,,siljaunsari2008:g160:sil-jaunsari-2008-chakrata:i1,,,,dialect:jaun:sil-jaunsari-2008-chakrata:Chakrata
jaun,,gjaɾɐ,eleven,,gjaɾɐ,Appendix A.2 lexical-similarity group 1; Jaunsari,"john2008jaunsari[Appendix A.2, printed p. 66, item 161, Korwa]",,,siljaunsari2008:g161:sil-jaunsari-2008-korwa:i1,,,,dialect:jaun:sil-jaunsari-2008-korwa:Korwa
jaun,,gjaɾɐ,eleven,,gjaɾɐ,Appendix A.2 lexical-similarity group 1; Jaunsari,"john2008jaunsari[Appendix A.2, printed p. 66, item 161, Khanaad]",,,siljaunsari2008:g161:sil-jaunsari-2008-khanaad:i1,,,,dialect:jaun:sil-jaunsari-2008-khanaad:Khanaad
jaun,,gjaɾɐ,eleven,,gjaɾɐ,Appendix A.2 lexical-similarity group 1; Jaunsari,"john2008jaunsari[Appendix A.2, printed p. 66, item 161, Chapnu]",,,siljaunsari2008:g161:sil-jaunsari-2008-chapnu:i1,,,,dialect:jaun:sil-jaunsari-2008-chapnu:Chapnu
jaun,,gjaɾɐ,eleven,,gjaɾɐ,Appendix A.2 lexical-similarity group 1; Jaunsari-Bawari,"john2008jaunsari[Appendix A.2, printed p. 66, item 161, Bhandroli]",,,siljaunsari2008:g161:sil-jaunsari-2008-bhandroli:i1,,,,dialect:jaun:sil-jaunsari-2008-bhandroli:Bhandroli
jaun,,gjaɾɐ,eleven,,gjaɾɐ,Appendix A.2 lexical-similarity group 1; Jaunsari-Bawari,"john2008jaunsari[Appendix A.2, printed p. 66, item 161, Maindrath]",,,siljaunsari2008:g161:sil-jaunsari-2008-maindrath:i1,,,,dialect:jaun:sil-jaunsari-2008-maindrath:Maindrath
jaun,,gjaɾɐ,eleven,,gjaɾɐ,Appendix A.2 lexical-similarity group 1; Jaunsari-Garhwali border mix,"john2008jaunsari[Appendix A.2, printed p. 66, item 161, Lakhamandal]",,,siljaunsari2008:g161:sil-jaunsari-2008-lakhamandal:i1,,,,dialect:jaun:sil-jaunsari-2008-lakhamandal:Lakhamandal
jaun,,gjaɾəh,eleven,,gjaɾəh,Appendix A.2 lexical-similarity group 1; previous Garhwali survey list,"john2008jaunsari[Appendix A.2, printed p. 66, item 161, Chakrata]",,,siljaunsari2008:g161:sil-jaunsari-2008-chakrata:i1,,,,dialect:jaun:sil-jaunsari-2008-chakrata:Chakrata
jaun,,baɾɐ,twelve,,baɾɐ,Appendix A.2 lexical-similarity group 1; Jaunsari,"john2008jaunsari[Appendix A.2, printed p. 66, item 162, Korwa]",,,siljaunsari2008:g162:sil-jaunsari-2008-korwa:i1,,,,dialect:jaun:sil-jaunsari-2008-korwa:Korwa
jaun,,baɾɐ,twelve,,baɾɐ,Appendix A.2 lexical-similarity group 1; Jaunsari,"john2008jaunsari[Appendix A.2, printed p. 66, item 162, Khanaad]",,,siljaunsari2008:g162:sil-jaunsari-2008-khanaad:i1,,,,dialect:jaun:sil-jaunsari-2008-khanaad:Khanaad
jaun,,bɐɾo,twelve,,bɐɾo,Appendix A.2 lexical-similarity group 1; Jaunsari,"john2008jaunsari[Appendix A.2, printed p. 66, item 162, Chapnu]",,,siljaunsari2008:g162:sil-jaunsari-2008-chapnu:i1,,,,dialect:jaun:sil-jaunsari-2008-chapnu:Chapnu
jaun,,bɐɾo,twelve,,bɐɾo,Appendix A.2 lexical-similarity group 1; Jaunsari-Bawari,"john2008jaunsari[Appendix A.2, printed p. 66, item 162, Bhandroli]",,,siljaunsari2008:g162:sil-jaunsari-2008-bhandroli:i1,,,,dialect:jaun:sil-jaunsari-2008-bhandroli:Bhandroli
jaun,,baɾɐ,twelve,,baɾɐ,Appendix A.2 lexical-similarity group 1; Jaunsari-Bawari,"john2008jaunsari[Appendix A.2, printed p. 66, item 162, Maindrath]",,,siljaunsari2008:g162:sil-jaunsari-2008-maindrath:i1,,,,dialect:jaun:sil-jaunsari-2008-maindrath:Maindrath
jaun,,baɾɐ,twelve,,baɾɐ,Appendix A.2 lexical-similarity group 1; Jaunsari-Garhwali border mix,"john2008jaunsari[Appendix A.2, printed p. 66, item 162, Lakhamandal]",,,siljaunsari2008:g162:sil-jaunsari-2008-lakhamandal:i1,,,,dialect:jaun:sil-jaunsari-2008-lakhamandal:Lakhamandal
jaun,,bɐɾəh,twelve,,bɐɾəh,Appendix A.2 lexical-similarity group 1; previous Garhwali survey list,"john2008jaunsari[Appendix A.2, printed p. 66, item 162, Chakrata]",,,siljaunsari2008:g162:sil-jaunsari-2008-chakrata:i1,,,,dialect:jaun:sil-jaunsari-2008-chakrata:Chakrata
jaun,,biç,twenty,,biç,Appendix A.2 lexical-similarity group 1; Jaunsari,"john2008jaunsari[Appendix A.2, printed p. 67, item 163, Korwa]",,,siljaunsari2008:g163:sil-jaunsari-2008-korwa:i1,,,,dialect:jaun:sil-jaunsari-2008-korwa:Korwa
jaun,,bis,twenty,,bis,Appendix A.2 lexical-similarity group 1; Jaunsari,"john2008jaunsari[Appendix A.2, printed p. 67, item 163, Khanaad]",,,siljaunsari2008:g163:sil-jaunsari-2008-khanaad:i1,,,,dialect:jaun:sil-jaunsari-2008-khanaad:Khanaad
jaun,,bis,twenty,,bis,Appendix A.2 lexical-similarity group 1; Jaunsari,"john2008jaunsari[Appendix A.2, printed p. 67, item 163, Chapnu]",,,siljaunsari2008:g163:sil-jaunsari-2008-chapnu:i1,,,,dialect:jaun:sil-jaunsari-2008-chapnu:Chapnu
jaun,,biç,twenty,,biç,Appendix A.2 lexical-similarity group 1; Jaunsari-Bawari,"john2008jaunsari[Appendix A.2, printed p. 67, item 163, Bhandroli]",,,siljaunsari2008:g163:sil-jaunsari-2008-bhandroli:i1,,,,dialect:jaun:sil-jaunsari-2008-bhandroli:Bhandroli
jaun,,biç,twenty,,biç,Appendix A.2 lexical-similarity group 1; Jaunsari-Bawari,"john2008jaunsari[Appendix A.2, printed p. 67, item 163, Maindrath]",,,siljaunsari2008:g163:sil-jaunsari-2008-maindrath:i1,,,,dialect:jaun:sil-jaunsari-2008-maindrath:Maindrath
jaun,,bis,twenty,,bis,Appendix A.2 lexical-similarity group 1; Jaunsari-Garhwali border mix,"john2008jaunsari[Appendix A.2, printed p. 67, item 163, Lakhamandal]",,,siljaunsari2008:g163:sil-jaunsari-2008-lakhamandal:i1,,,,dialect:jaun:sil-jaunsari-2008-lakhamandal:Lakhamandal
jaun,,bis,twenty,,bis,Appendix A.2 lexical-similarity group 1; previous Garhwali survey list,"john2008jaunsari[Appendix A.2, printed p. 67, item 163, Chakrata]",,,siljaunsari2008:g163:sil-jaunsari-2008-chakrata:i1,,,,dialect:jaun:sil-jaunsari-2008-chakrata:Chakrata
jaun,,sɔ,one hundred,,sɔ,Appendix A.2 lexical-similarity group 1; Jaunsari,"john2008jaunsari[Appendix A.2, printed p. 67, item 164, Korwa]",,,siljaunsari2008:g164:sil-jaunsari-2008-korwa:i1,,,,dialect:jaun:sil-jaunsari-2008-korwa:Korwa
jaun,,sɔ,one hundred,,sɔ,Appendix A.2 lexical-similarity group 1; Jaunsari,"john2008jaunsari[Appendix A.2, printed p. 67, item 164, Khanaad]",,,siljaunsari2008:g164:sil-jaunsari-2008-khanaad:i1,,,,dialect:jaun:sil-jaunsari-2008-khanaad:Khanaad
jaun,,sɔ,one hundred,,sɔ,Appendix A.2 lexical-similarity group 1; Jaunsari,"john2008jaunsari[Appendix A.2, printed p. 67, item 164, Chapnu]",,,siljaunsari2008:g164:sil-jaunsari-2008-chapnu:i1,,,,dialect:jaun:sil-jaunsari-2008-chapnu:Chapnu
jaun,,sɔ,one hundred,,sɔ,Appendix A.2 lexical-similarity group 1; Jaunsari-Bawari,"john2008jaunsari[Appendix A.2, printed p. 67, item 164, Bhandroli]",,,siljaunsari2008:g164:sil-jaunsari-2008-bhandroli:i1,,,,dialect:jaun:sil-jaunsari-2008-bhandroli:Bhandroli
jaun,,ço,one hundred,,ço,Appendix A.2 lexical-similarity group 1; Jaunsari-Bawari,"john2008jaunsari[Appendix A.2, printed p. 67, item 164, Maindrath]",,,siljaunsari2008:g164:sil-jaunsari-2008-maindrath:i1,,,,dialect:jaun:sil-jaunsari-2008-maindrath:Maindrath
jaun,,paɲtʃ bisɐ,one hundred,,paɲtʃ bisɐ,Appendix A.2 lexical-similarity group 2; Jaunsari-Garhwali border mix,"john2008jaunsari[Appendix A.2, printed p. 67, item 164, Lakhamandal]",,,siljaunsari2008:g164:sil-jaunsari-2008-lakhamandal:i1,,,,dialect:jaun:sil-jaunsari-2008-lakhamandal:Lakhamandal
jaun,,sɔ,one hundred,,sɔ,Appendix A.2 lexical-similarity group 1; previous Garhwali survey list,"john2008jaunsari[Appendix A.2, printed p. 67, item 164, Chakrata]",,,siljaunsari2008:g164:sil-jaunsari-2008-chakrata:i1,,,,dialect:jaun:sil-jaunsari-2008-chakrata:Chakrata
jaun,,kuɳə,who?,,kuɳə,Appendix A.2 lexical-similarity group 1; Jaunsari,"john2008jaunsari[Appendix A.2, printed p. 67, item 165, Korwa]",,,siljaunsari2008:g165:sil-jaunsari-2008-korwa:i1,,,,dialect:jaun:sil-jaunsari-2008-korwa:Korwa
jaun,,kuɳ,who?,,kuɳ,Appendix A.2 lexical-similarity group 1; Jaunsari,"john2008jaunsari[Appendix A.2, printed p. 67, item 165, Khanaad]",,,siljaunsari2008:g165:sil-jaunsari-2008-khanaad:i1,,,,dialect:jaun:sil-jaunsari-2008-khanaad:Khanaad
jaun,,kuɳə,who?,,kuɳə,Appendix A.2 lexical-similarity group 1; Jaunsari,"john2008jaunsari[Appendix A.2, printed p. 67, item 165, Chapnu]",,,siljaunsari2008:g165:sil-jaunsari-2008-chapnu:i1,,,,dialect:jaun:sil-jaunsari-2008-chapnu:Chapnu
jaun,,kuɳə,who?,,kuɳə,Appendix A.2 lexical-similarity group 1; Jaunsari-Bawari,"john2008jaunsari[Appendix A.2, printed p. 67, item 165, Bhandroli]",,,siljaunsari2008:g165:sil-jaunsari-2008-bhandroli:i1,,,,dialect:jaun:sil-jaunsari-2008-bhandroli:Bhandroli
jaun,,kuɳə,who?,,kuɳə,Appendix A.2 lexical-similarity group 1; Jaunsari-Bawari,"john2008jaunsari[Appendix A.2, printed p. 67, item 165, Maindrath]",,,siljaunsari2008:g165:sil-jaunsari-2008-maindrath:i1,,,,dialect:jaun:sil-jaunsari-2008-maindrath:Maindrath
jaun,,kuɳ,who?,,kuɳ,Appendix A.2 lexical-similarity group 1; Jaunsari-Garhwali border mix,"john2008jaunsari[Appendix A.2, printed p. 67, item 165, Lakhamandal]",,,siljaunsari2008:g165:sil-jaunsari-2008-lakhamandal:i1,,,,dialect:jaun:sil-jaunsari-2008-lakhamandal:Lakhamandal
jaun,,kuɳ,who?,,kuɳ,Appendix A.2 lexical-similarity group 1; previous Garhwali survey list,"john2008jaunsari[Appendix A.2, printed p. 67, item 165, Chakrata]",,,siljaunsari2008:g165:sil-jaunsari-2008-chakrata:i1,,,,dialect:jaun:sil-jaunsari-2008-chakrata:Chakrata
jaun,,ka,what?,,ka,Appendix A.2 lexical-similarity group 1; Jaunsari,"john2008jaunsari[Appendix A.2, printed p. 67, item 166, Korwa]",,,siljaunsari2008:g166:sil-jaunsari-2008-korwa:i1,,,,dialect:jaun:sil-jaunsari-2008-korwa:Korwa
jaun,,ka,what?,,ka,Appendix A.2 lexical-similarity group 1; Jaunsari,"john2008jaunsari[Appendix A.2, printed p. 67, item 166, Khanaad]",,,siljaunsari2008:g166:sil-jaunsari-2008-khanaad:i1,,,,dialect:jaun:sil-jaunsari-2008-khanaad:Khanaad
jaun,,ka,what?,,ka,Appendix A.2 lexical-similarity group 1; Jaunsari,"john2008jaunsari[Appendix A.2, printed p. 67, item 166, Chapnu]",,,siljaunsari2008:g166:sil-jaunsari-2008-chapnu:i1,,,,dialect:jaun:sil-jaunsari-2008-chapnu:Chapnu
jaun,,ka,what?,,ka,Appendix A.2 lexical-similarity group 1; Jaunsari-Bawari,"john2008jaunsari[Appendix A.2, printed p. 67, item 166, Bhandroli]",,,siljaunsari2008:g166:sil-jaunsari-2008-bhandroli:i1,,,,dialect:jaun:sil-jaunsari-2008-bhandroli:Bhandroli
jaun,,ka,what?,,ka,Appendix A.2 lexical-similarity group 1; Jaunsari-Bawari,"john2008jaunsari[Appendix A.2, printed p. 67, item 166, Maindrath]",,,siljaunsari2008:g166:sil-jaunsari-2008-maindrath:i1,,,,dialect:jaun:sil-jaunsari-2008-maindrath:Maindrath
jaun,,kɐ̃,what?,,kɐ̃,Appendix A.2 lexical-similarity group 1; Jaunsari-Garhwali border mix,"john2008jaunsari[Appendix A.2, printed p. 67, item 166, Lakhamandal]",,,siljaunsari2008:g166:sil-jaunsari-2008-lakhamandal:i1,,,,dialect:jaun:sil-jaunsari-2008-lakhamandal:Lakhamandal
jaun,,ka,what?,,ka,Appendix A.2 lexical-similarity group 1; previous Garhwali survey list,"john2008jaunsari[Appendix A.2, printed p. 67, item 166, Chakrata]",,,siljaunsari2008:g166:sil-jaunsari-2008-chakrata:i1,,,,dialect:jaun:sil-jaunsari-2008-chakrata:Chakrata
jaun,,kokɛ,where?,,kokɛ,Appendix A.2 lexical-similarity group 1; Jaunsari,"john2008jaunsari[Appendix A.2, printed p. 67, item 167, Korwa]",,,siljaunsari2008:g167:sil-jaunsari-2008-korwa:i1,,,,dialect:jaun:sil-jaunsari-2008-korwa:Korwa
jaun,,kokɛ,where?,,kokɛ,Appendix A.2 lexical-similarity group 2; Jaunsari,"john2008jaunsari[Appendix A.2, printed p. 67, item 167, Korwa]",,,siljaunsari2008:g167:sil-jaunsari-2008-korwa:i2,,,,dialect:jaun:sil-jaunsari-2008-korwa:Korwa
jaun,,kokɛ,where?,,kokɛ,Appendix A.2 lexical-similarity group 3; Jaunsari,"john2008jaunsari[Appendix A.2, printed p. 67, item 167, Korwa]",,,siljaunsari2008:g167:sil-jaunsari-2008-korwa:i3,,,,dialect:jaun:sil-jaunsari-2008-korwa:Korwa
jaun,,kokɛ,where?,,kokɛ,Appendix A.2 lexical-similarity group 4; Jaunsari,"john2008jaunsari[Appendix A.2, printed p. 67, item 167, Korwa]",,,siljaunsari2008:g167:sil-jaunsari-2008-korwa:i4,,,,dialect:jaun:sil-jaunsari-2008-korwa:Korwa
jaun,,kokɛ,where?,,kokɛ,Appendix A.2 lexical-similarity group 1; Jaunsari,"john2008jaunsari[Appendix A.2, printed p. 67, item 167, Khanaad]",,,siljaunsari2008:g167:sil-jaunsari-2008-khanaad:i1,,,,dialect:jaun:sil-jaunsari-2008-khanaad:Khanaad
jaun,,kokɛ,where?,,kokɛ,Appendix A.2 lexical-similarity group 2; Jaunsari,"john2008jaunsari[Appendix A.2, printed p. 67, item 167, Khanaad]",,,siljaunsari2008:g167:sil-jaunsari-2008-khanaad:i2,,,,dialect:jaun:sil-jaunsari-2008-khanaad:Khanaad
jaun,,kokɛ,where?,,kokɛ,Appendix A.2 lexical-similarity group 3; Jaunsari,"john2008jaunsari[Appendix A.2, printed p. 67, item 167, Khanaad]",,,siljaunsari2008:g167:sil-jaunsari-2008-khanaad:i3,,,,dialect:jaun:sil-jaunsari-2008-khanaad:Khanaad
jaun,,kokɛ,where?,,kokɛ,Appendix A.2 lexical-similarity group 4; Jaunsari,"john2008jaunsari[Appendix A.2, printed p. 67, item 167, Khanaad]",,,siljaunsari2008:g167:sil-jaunsari-2008-khanaad:i4,,,,dialect:jaun:sil-jaunsari-2008-khanaad:Khanaad
jaun,,kokɛ,where?,,kokɛ,Appendix A.2 lexical-similarity group 1; Jaunsari,"john2008jaunsari[Appendix A.2, printed p. 67, item 167, Chapnu]",,,siljaunsari2008:g167:sil-jaunsari-2008-chapnu:i1,,,,dialect:jaun:sil-jaunsari-2008-chapnu:Chapnu
jaun,,kokɛ,where?,,kokɛ,Appendix A.2 lexical-similarity group 2; Jaunsari,"john2008jaunsari[Appendix A.2, printed p. 67, item 167, Chapnu]",,,siljaunsari2008:g167:sil-jaunsari-2008-chapnu:i2,,,,dialect:jaun:sil-jaunsari-2008-chapnu:Chapnu
jaun,,kokɛ,where?,,kokɛ,Appendix A.2 lexical-similarity group 3; Jaunsari,"john2008jaunsari[Appendix A.2, printed p. 67, item 167, Chapnu]",,,siljaunsari2008:g167:sil-jaunsari-2008-chapnu:i3,,,,dialect:jaun:sil-jaunsari-2008-chapnu:Chapnu
jaun,,kokɛ,where?,,kokɛ,Appendix A.2 lexical-similarity group 4; Jaunsari,"john2008jaunsari[Appendix A.2, printed p. 67, item 167, Chapnu]",,,siljaunsari2008:g167:sil-jaunsari-2008-chapnu:i4,,,,dialect:jaun:sil-jaunsari-2008-chapnu:Chapnu
jaun,,kojkɛ,where?,,kojkɛ,Appendix A.2 lexical-similarity group 3; Jaunsari-Bawari,"john2008jaunsari[Appendix A.2, printed p. 67, item 167, Bhandroli]",,,siljaunsari2008:g167:sil-jaunsari-2008-bhandroli:i1,,,,dialect:jaun:sil-jaunsari-2008-bhandroli:Bhandroli
jaun,,kojkɛ,where?,,kojkɛ,Appendix A.2 lexical-similarity group 3; Jaunsari-Bawari,"john2008jaunsari[Appendix A.2, printed p. 67, item 167, Maindrath]",,,siljaunsari2008:g167:sil-jaunsari-2008-maindrath:i1,,,,dialect:jaun:sil-jaunsari-2008-maindrath:Maindrath
jaun,,kokɐ,where?,,kokɐ,Appendix A.2 lexical-similarity group 1; Jaunsari-Garhwali border mix,"john2008jaunsari[Appendix A.2, printed p. 67, item 167, Lakhamandal]",,,siljaunsari2008:g167:sil-jaunsari-2008-lakhamandal:i1,,,,dialect:jaun:sil-jaunsari-2008-lakhamandal:Lakhamandal
jaun,,kokɐ,where?,,kokɐ,Appendix A.2 lexical-similarity group 2; Jaunsari-Garhwali border mix,"john2008jaunsari[Appendix A.2, printed p. 67, item 167, Lakhamandal]",,,siljaunsari2008:g167:sil-jaunsari-2008-lakhamandal:i2,,,,dialect:jaun:sil-jaunsari-2008-lakhamandal:Lakhamandal
jaun,,kokɐ,where?,,kokɐ,Appendix A.2 lexical-similarity group 3; Jaunsari-Garhwali border mix,"john2008jaunsari[Appendix A.2, printed p. 67, item 167, Lakhamandal]",,,siljaunsari2008:g167:sil-jaunsari-2008-lakhamandal:i3,,,,dialect:jaun:sil-jaunsari-2008-lakhamandal:Lakhamandal
jaun,,kokɐ,where?,,kokɐ,Appendix A.2 lexical-similarity group 4; Jaunsari-Garhwali border mix,"john2008jaunsari[Appendix A.2, printed p. 67, item 167, Lakhamandal]",,,siljaunsari2008:g167:sil-jaunsari-2008-lakhamandal:i4,,,,dialect:jaun:sil-jaunsari-2008-lakhamandal:Lakhamandal
jaun,,kokɐ,where?,,kokɐ,Appendix A.2 lexical-similarity group 1; previous Garhwali survey list,"john2008jaunsari[Appendix A.2, printed p. 67, item 167, Chakrata]",,,siljaunsari2008:g167:sil-jaunsari-2008-chakrata:i1,,,,dialect:jaun:sil-jaunsari-2008-chakrata:Chakrata
jaun,,kokɐ,where?,,kokɐ,Appendix A.2 lexical-similarity group 2; previous Garhwali survey list,"john2008jaunsari[Appendix A.2, printed p. 67, item 167, Chakrata]",,,siljaunsari2008:g167:sil-jaunsari-2008-chakrata:i2,,,,dialect:jaun:sil-jaunsari-2008-chakrata:Chakrata
jaun,,kokɐ,where?,,kokɐ,Appendix A.2 lexical-similarity group 3; previous Garhwali survey list,"john2008jaunsari[Appendix A.2, printed p. 67, item 167, Chakrata]",,,siljaunsari2008:g167:sil-jaunsari-2008-chakrata:i3,,,,dialect:jaun:sil-jaunsari-2008-chakrata:Chakrata
jaun,,kokɐ,where?,,kokɐ,Appendix A.2 lexical-similarity group 4; previous Garhwali survey list,"john2008jaunsari[Appendix A.2, printed p. 67, item 167, Chakrata]",,,siljaunsari2008:g167:sil-jaunsari-2008-chakrata:i4,,,,dialect:jaun:sil-jaunsari-2008-chakrata:Chakrata
jaun,,kolɐ,when?,,kolɐ,Appendix A.2 lexical-similarity group 1; Jaunsari,"john2008jaunsari[Appendix A.2, printed p. 68, item 168, Korwa]",,,siljaunsari2008:g168:sil-jaunsari-2008-korwa:i1,,,,dialect:jaun:sil-jaunsari-2008-korwa:Korwa
jaun,,kolɐ,when?,,kolɐ,Appendix A.2 lexical-similarity group 1; Jaunsari,"john2008jaunsari[Appendix A.2, printed p. 68, item 168, Khanaad]",,,siljaunsari2008:g168:sil-jaunsari-2008-khanaad:i1,,,,dialect:jaun:sil-jaunsari-2008-khanaad:Khanaad
jaun,,kolɐ,when?,,kolɐ,Appendix A.2 lexical-similarity group 1; Jaunsari,"john2008jaunsari[Appendix A.2, printed p. 68, item 168, Chapnu]",,,siljaunsari2008:g168:sil-jaunsari-2008-chapnu:i1,,,,dialect:jaun:sil-jaunsari-2008-chapnu:Chapnu
jaun,,kot̪ɾɐ,when?,,kot̪ɾɐ,Appendix A.2 lexical-similarity group 2; Jaunsari-Bawari,"john2008jaunsari[Appendix A.2, printed p. 68, item 168, Bhandroli]",,,siljaunsari2008:g168:sil-jaunsari-2008-bhandroli:i1,,,,dialect:jaun:sil-jaunsari-2008-bhandroli:Bhandroli
jaun,,kɐt̪ɾɐ,when?,,kɐt̪ɾɐ,Appendix A.2 lexical-similarity group 2; Jaunsari-Bawari,"john2008jaunsari[Appendix A.2, printed p. 68, item 168, Maindrath]",,,siljaunsari2008:g168:sil-jaunsari-2008-maindrath:i1,,,,dialect:jaun:sil-jaunsari-2008-maindrath:Maindrath
jaun,,kɐd̪i,when?,,kɐd̪i,Appendix A.2 lexical-similarity group 1; Jaunsari-Garhwali border mix,"john2008jaunsari[Appendix A.2, printed p. 68, item 168, Lakhamandal]",,,siljaunsari2008:g168:sil-jaunsari-2008-lakhamandal:i1,,,,dialect:jaun:sil-jaunsari-2008-lakhamandal:Lakhamandal
jaun,,kola,when?,,kola,Appendix A.2 lexical-similarity group 1; previous Garhwali survey list,"john2008jaunsari[Appendix A.2, printed p. 68, item 168, Chakrata]",,,siljaunsari2008:g168:sil-jaunsari-2008-chakrata:i1,,,,dialect:jaun:sil-jaunsari-2008-chakrata:Chakrata
jaun,,kotʃho,how many?,,kotʃho,Appendix A.2 lexical-similarity group 2; Jaunsari,"john2008jaunsari[Appendix A.2, printed p. 68, item 169, Korwa]",,,siljaunsari2008:g169:sil-jaunsari-2008-korwa:i1,,,,dialect:jaun:sil-jaunsari-2008-korwa:Korwa
jaun,,kotʃho,how many?,,kotʃho,Appendix A.2 lexical-similarity group 2; Jaunsari,"john2008jaunsari[Appendix A.2, printed p. 68, item 169, Korwa]",,,siljaunsari2008:g169:sil-jaunsari-2008-korwa:i2,,,,dialect:jaun:sil-jaunsari-2008-korwa:Korwa
jaun,,kɔtʃhɛ,how many?,,kɔtʃhɛ,Appendix A.2 lexical-similarity group 2; Jaunsari,"john2008jaunsari[Appendix A.2, printed p. 68, item 169, Khanaad]",,,siljaunsari2008:g169:sil-jaunsari-2008-khanaad:i1,,,,dialect:jaun:sil-jaunsari-2008-khanaad:Khanaad
jaun,,kutʃoɖo,how many?,,kutʃoɖo,Appendix A.2 lexical-similarity group 2; Jaunsari,"john2008jaunsari[Appendix A.2, printed p. 68, item 169, Chapnu]",,,siljaunsari2008:g169:sil-jaunsari-2008-chapnu:i1,,,,dialect:jaun:sil-jaunsari-2008-chapnu:Chapnu
jaun,,kotʃoɖɔ,how many?,,kotʃoɖɔ,Appendix A.2 lexical-similarity group 2; Jaunsari-Bawari,"john2008jaunsari[Appendix A.2, printed p. 68, item 169, Bhandroli]",,,siljaunsari2008:g169:sil-jaunsari-2008-bhandroli:i1,,,,dialect:jaun:sil-jaunsari-2008-bhandroli:Bhandroli
jaun,,kotʃho,how many?,,kotʃho,Appendix A.2 lexical-similarity group 2; Jaunsari-Bawari,"john2008jaunsari[Appendix A.2, printed p. 68, item 169, Maindrath]",,,siljaunsari2008:g169:sil-jaunsari-2008-maindrath:i1,,,,dialect:jaun:sil-jaunsari-2008-maindrath:Maindrath
jaun,,kotʃho,how many?,,kotʃho,Appendix A.2 lexical-similarity group 2; Jaunsari-Bawari,"john2008jaunsari[Appendix A.2, printed p. 68, item 169, Maindrath]",,,siljaunsari2008:g169:sil-jaunsari-2008-maindrath:i2,,,,dialect:jaun:sil-jaunsari-2008-maindrath:Maindrath
jaun,,kɐtʃɛ,how many?,,kɐtʃɛ,Appendix A.2 lexical-similarity group 2; Jaunsari-Garhwali border mix,"john2008jaunsari[Appendix A.2, printed p. 68, item 169, Lakhamandal]",,,siljaunsari2008:g169:sil-jaunsari-2008-lakhamandal:i1,,,,dialect:jaun:sil-jaunsari-2008-lakhamandal:Lakhamandal
jaun,,kotʃa,how many?,,kotʃa,Appendix A.2 lexical-similarity group 2; previous Garhwali survey list,"john2008jaunsari[Appendix A.2, printed p. 68, item 169, Chakrata]",,,siljaunsari2008:g169:sil-jaunsari-2008-chakrata:i1,,,,dialect:jaun:sil-jaunsari-2008-chakrata:Chakrata
jaun,,kɐʃo,what kind?,,kɐʃo,Appendix A.2 lexical-similarity group 1; Jaunsari,"john2008jaunsari[Appendix A.2, printed p. 68, item 170, Korwa]",,,siljaunsari2008:g170:sil-jaunsari-2008-korwa:i1,,,,dialect:jaun:sil-jaunsari-2008-korwa:Korwa
jaun,,kɔʃɳu,what kind?,,kɔʃɳu,Appendix A.2 lexical-similarity group 3; Jaunsari,"john2008jaunsari[Appendix A.2, printed p. 68, item 170, Khanaad]",,,siljaunsari2008:g170:sil-jaunsari-2008-khanaad:i1,,,,dialect:jaun:sil-jaunsari-2008-khanaad:Khanaad
jaun,,kɔʃɳu,what kind?,,kɔʃɳu,Appendix A.2 lexical-similarity group 4; Jaunsari,"john2008jaunsari[Appendix A.2, printed p. 68, item 170, Khanaad]",,,siljaunsari2008:g170:sil-jaunsari-2008-khanaad:i2,,,,dialect:jaun:sil-jaunsari-2008-khanaad:Khanaad
jaun,,koço,what kind?,,koço,Appendix A.2 lexical-similarity group 1; Jaunsari,"john2008jaunsari[Appendix A.2, printed p. 68, item 170, Chapnu]",,,siljaunsari2008:g170:sil-jaunsari-2008-chapnu:i1,,,,dialect:jaun:sil-jaunsari-2008-chapnu:Chapnu
jaun,,kaʃɳe,what kind?,,kaʃɳe,Appendix A.2 lexical-similarity group 3; Jaunsari-Bawari,"john2008jaunsari[Appendix A.2, printed p. 68, item 170, Bhandroli]",,,siljaunsari2008:g170:sil-jaunsari-2008-bhandroli:i1,,,,dialect:jaun:sil-jaunsari-2008-bhandroli:Bhandroli
jaun,,koɭo,what kind?,,koɭo,Appendix A.2 lexical-similarity group 5; Jaunsari-Bawari,"john2008jaunsari[Appendix A.2, printed p. 68, item 170, Maindrath]",,,siljaunsari2008:g170:sil-jaunsari-2008-maindrath:i1,,,,dialect:jaun:sil-jaunsari-2008-maindrath:Maindrath
jaun,,koɭo,what kind?,,koɭo,Appendix A.2 lexical-similarity group 6; Jaunsari-Bawari,"john2008jaunsari[Appendix A.2, printed p. 68, item 170, Maindrath]",,,siljaunsari2008:g170:sil-jaunsari-2008-maindrath:i2,,,,dialect:jaun:sil-jaunsari-2008-maindrath:Maindrath
jaun,,kɔɳu,what kind?,,kɔɳu,Appendix A.2 lexical-similarity group 4; Jaunsari-Garhwali border mix,"john2008jaunsari[Appendix A.2, printed p. 68, item 170, Lakhamandal]",,,siljaunsari2008:g170:sil-jaunsari-2008-lakhamandal:i1,,,,dialect:jaun:sil-jaunsari-2008-lakhamandal:Lakhamandal
jaun,,kɔɳu,what kind?,,kɔɳu,Appendix A.2 lexical-similarity group 5; Jaunsari-Garhwali border mix,"john2008jaunsari[Appendix A.2, printed p. 68, item 170, Lakhamandal]",,,siljaunsari2008:g170:sil-jaunsari-2008-lakhamandal:i2,,,,dialect:jaun:sil-jaunsari-2008-lakhamandal:Lakhamandal
jaun,,koʃnoi,what kind?,,koʃnoi,Appendix A.2 lexical-similarity group 3; previous Garhwali survey list,"john2008jaunsari[Appendix A.2, printed p. 68, item 170, Chakrata]",,,siljaunsari2008:g170:sil-jaunsari-2008-chakrata:i1,,,,dialect:jaun:sil-jaunsari-2008-chakrata:Chakrata
jaun,,jɐu,this,,jɐu,Appendix A.2 lexical-similarity group 1; Jaunsari,"john2008jaunsari[Appendix A.2, printed p. 68, item 171, Korwa]",,,siljaunsari2008:g171:sil-jaunsari-2008-korwa:i1,,,,dialect:jaun:sil-jaunsari-2008-korwa:Korwa
jaun,,jɐ,this,,jɐ,Appendix A.2 lexical-similarity group 1; Jaunsari,"john2008jaunsari[Appendix A.2, printed p. 68, item 171, Khanaad]",,,siljaunsari2008:g171:sil-jaunsari-2008-khanaad:i1,,,,dialect:jaun:sil-jaunsari-2008-khanaad:Khanaad
jaun,,jɛ dʒo,this,,jɛ dʒo,Appendix A.2 lexical-similarity group 1; Jaunsari,"john2008jaunsari[Appendix A.2, printed p. 68, item 171, Chapnu]",,,siljaunsari2008:g171:sil-jaunsari-2008-chapnu:i1,,,,dialect:jaun:sil-jaunsari-2008-chapnu:Chapnu
jaun,,jɛ dʒo,this,,jɛ dʒo,Appendix A.2 lexical-similarity group 3; Jaunsari,"john2008jaunsari[Appendix A.2, printed p. 68, item 171, Chapnu]",,,siljaunsari2008:g171:sil-jaunsari-2008-chapnu:i2,,,,dialect:jaun:sil-jaunsari-2008-chapnu:Chapnu
jaun,,jo,this,,jo,Appendix A.2 lexical-similarity group 2; Jaunsari-Bawari,"john2008jaunsari[Appendix A.2, printed p. 68, item 171, Bhandroli]",,,siljaunsari2008:g171:sil-jaunsari-2008-bhandroli:i1,,,,dialect:jaun:sil-jaunsari-2008-bhandroli:Bhandroli
jaun,,jɛ,this,,jɛ,Appendix A.2 lexical-similarity group 1; Jaunsari-Bawari,"john2008jaunsari[Appendix A.2, printed p. 68, item 171, Maindrath]",,,siljaunsari2008:g171:sil-jaunsari-2008-maindrath:i1,,,,dialect:jaun:sil-jaunsari-2008-maindrath:Maindrath
jaun,,jɛ,this,,jɛ,Appendix A.2 lexical-similarity group 5; Jaunsari-Bawari,"john2008jaunsari[Appendix A.2, printed p. 68, item 171, Maindrath]",,,siljaunsari2008:g171:sil-jaunsari-2008-maindrath:i2,,,,dialect:jaun:sil-jaunsari-2008-maindrath:Maindrath
jaun,,jɔ,this,,jɔ,Appendix A.2 lexical-similarity group 2; Jaunsari-Garhwali border mix,"john2008jaunsari[Appendix A.2, printed p. 68, item 171, Lakhamandal]",,,siljaunsari2008:g171:sil-jaunsari-2008-lakhamandal:i1,,,,dialect:jaun:sil-jaunsari-2008-lakhamandal:Lakhamandal
jaun,,edʒu,this,,edʒu,Appendix A.2 lexical-similarity group 3; previous Garhwali survey list,"john2008jaunsari[Appendix A.2, printed p. 68, item 171, Chakrata]",,,siljaunsari2008:g171:sil-jaunsari-2008-chakrata:i1,,,,dialect:jaun:sil-jaunsari-2008-chakrata:Chakrata
jaun,,seu,that,,seu,Appendix A.2 lexical-similarity group 2; Jaunsari,"john2008jaunsari[Appendix A.2, printed p. 68, item 172, Korwa]",,,siljaunsari2008:g172:sil-jaunsari-2008-korwa:i1,,,,dialect:jaun:sil-jaunsari-2008-korwa:Korwa
jaun,,u,that,,u,Appendix A.2 lexical-similarity group 3; Jaunsari,"john2008jaunsari[Appendix A.2, printed p. 68, item 172, Khanaad]",,,siljaunsari2008:g172:sil-jaunsari-2008-khanaad:i1,,,,dialect:jaun:sil-jaunsari-2008-khanaad:Khanaad
jaun,,sedʒo,that,,sedʒo,Appendix A.2 lexical-similarity group 4; Jaunsari,"john2008jaunsari[Appendix A.2, printed p. 68, item 172, Chapnu]",,,siljaunsari2008:g172:sil-jaunsari-2008-chapnu:i1,,,,dialect:jaun:sil-jaunsari-2008-chapnu:Chapnu
jaun,,o,that,,o,Appendix A.2 lexical-similarity group 3; Jaunsari-Bawari,"john2008jaunsari[Appendix A.2, printed p. 68, item 172, Bhandroli]",,,siljaunsari2008:g172:sil-jaunsari-2008-bhandroli:i1,,,,dialect:jaun:sil-jaunsari-2008-bhandroli:Bhandroli
jaun,,seu,that,,seu,Appendix A.2 lexical-similarity group 2; Jaunsari-Bawari,"john2008jaunsari[Appendix A.2, printed p. 68, item 172, Maindrath]",,,siljaunsari2008:g172:sil-jaunsari-2008-maindrath:i1,,,,dialect:jaun:sil-jaunsari-2008-maindrath:Maindrath
jaun,,sɔ,that,,sɔ,Appendix A.2 lexical-similarity group 2; Jaunsari-Garhwali border mix,"john2008jaunsari[Appendix A.2, printed p. 68, item 172, Lakhamandal]",,,siljaunsari2008:g172:sil-jaunsari-2008-lakhamandal:i1,,,,dialect:jaun:sil-jaunsari-2008-lakhamandal:Lakhamandal
jaun,,sedʒu,that,,sedʒu,Appendix A.2 lexical-similarity group 4; previous Garhwali survey list,"john2008jaunsari[Appendix A.2, printed p. 68, item 172, Chakrata]",,,siljaunsari2008:g172:sil-jaunsari-2008-chakrata:i1,,,,dialect:jaun:sil-jaunsari-2008-chakrata:Chakrata
jaun,,je,these,,je,Appendix A.2 lexical-similarity group 1; Jaunsari,"john2008jaunsari[Appendix A.2, printed p. 68, item 173, Korwa]",,,siljaunsari2008:g173:sil-jaunsari-2008-korwa:i1,,,,dialect:jaun:sil-jaunsari-2008-korwa:Korwa
jaun,,jɛ,these,,jɛ,Appendix A.2 lexical-similarity group 1; Jaunsari,"john2008jaunsari[Appendix A.2, printed p. 68, item 173, Khanaad]",,,siljaunsari2008:g173:sil-jaunsari-2008-khanaad:i1,,,,dialect:jaun:sil-jaunsari-2008-khanaad:Khanaad
jaun,,ai,these,,ai,Appendix A.2 lexical-similarity group 3; Jaunsari,"john2008jaunsari[Appendix A.2, printed p. 68, item 173, Khanaad]",,,siljaunsari2008:g173:sil-jaunsari-2008-khanaad:i2,,,,dialect:jaun:sil-jaunsari-2008-khanaad:Khanaad
jaun,,jɛ,these,,jɛ,Appendix A.2 lexical-similarity group 1; Jaunsari,"john2008jaunsari[Appendix A.2, printed p. 68, item 173, Chapnu]",,,siljaunsari2008:g173:sil-jaunsari-2008-chapnu:i1,,,,dialect:jaun:sil-jaunsari-2008-chapnu:Chapnu
jaun,,je,these,,je,Appendix A.2 lexical-similarity group 1; Jaunsari-Bawari,"john2008jaunsari[Appendix A.2, printed p. 68, item 173, Bhandroli]",,,siljaunsari2008:g173:sil-jaunsari-2008-bhandroli:i1,,,,dialect:jaun:sil-jaunsari-2008-bhandroli:Bhandroli
jaun,,je,these,,je,Appendix A.2 lexical-similarity group 1; Jaunsari-Bawari,"john2008jaunsari[Appendix A.2, printed p. 68, item 173, Maindrath]",,,siljaunsari2008:g173:sil-jaunsari-2008-maindrath:i1,,,,dialect:jaun:sil-jaunsari-2008-maindrath:Maindrath
jaun,,je dʒu,these,,je dʒu,Appendix A.2 lexical-similarity group 1; Jaunsari-Garhwali border mix,"john2008jaunsari[Appendix A.2, printed p. 69, item 173, Lakhamandal]",,,siljaunsari2008:g173:sil-jaunsari-2008-lakhamandal:i1,,,,dialect:jaun:sil-jaunsari-2008-lakhamandal:Lakhamandal
jaun,,edʒu,these,,edʒu,Appendix A.2 lexical-similarity group 1; previous Garhwali survey list,"john2008jaunsari[Appendix A.2, printed p. 69, item 173, Chakrata]",,,siljaunsari2008:g173:sil-jaunsari-2008-chakrata:i1,,,,dialect:jaun:sil-jaunsari-2008-chakrata:Chakrata
jaun,,se,those,,se,Appendix A.2 lexical-similarity group 2; Jaunsari,"john2008jaunsari[Appendix A.2, printed p. 69, item 174, Korwa]",,,siljaunsari2008:g174:sil-jaunsari-2008-korwa:i1,,,,dialect:jaun:sil-jaunsari-2008-korwa:Korwa
jaun,,se,those,,se,Appendix A.2 lexical-similarity group 2; Jaunsari,"john2008jaunsari[Appendix A.2, printed p. 69, item 174, Khanaad]",,,siljaunsari2008:g174:sil-jaunsari-2008-khanaad:i1,,,,dialect:jaun:sil-jaunsari-2008-khanaad:Khanaad
jaun,,se,those,,se,Appendix A.2 lexical-similarity group 2; Jaunsari,"john2008jaunsari[Appendix A.2, printed p. 69, item 174, Chapnu]",,,siljaunsari2008:g174:sil-jaunsari-2008-chapnu:i1,,,,dialect:jaun:sil-jaunsari-2008-chapnu:Chapnu
jaun,,jɛ,those,,jɛ,Appendix A.2 lexical-similarity group 5; Jaunsari-Bawari,"john2008jaunsari[Appendix A.2, printed p. 69, item 174, Bhandroli]",,,siljaunsari2008:g174:sil-jaunsari-2008-bhandroli:i1,,,,dialect:jaun:sil-jaunsari-2008-bhandroli:Bhandroli
jaun,,sɛ,those,,sɛ,Appendix A.2 lexical-similarity group 2; Jaunsari-Bawari,"john2008jaunsari[Appendix A.2, printed p. 69, item 174, Maindrath]",,,siljaunsari2008:g174:sil-jaunsari-2008-maindrath:i1,,,,dialect:jaun:sil-jaunsari-2008-maindrath:Maindrath
jaun,,sɔ dʒu,those,,sɔ dʒu,Appendix A.2 lexical-similarity group 3; Jaunsari-Garhwali border mix,"john2008jaunsari[Appendix A.2, printed p. 69, item 174, Lakhamandal]",,,siljaunsari2008:g174:sil-jaunsari-2008-lakhamandal:i1,,,,dialect:jaun:sil-jaunsari-2008-lakhamandal:Lakhamandal
jaun,,sedʒu,those,,sedʒu,Appendix A.2 lexical-similarity group 2; previous Garhwali survey list,"john2008jaunsari[Appendix A.2, printed p. 69, item 174, Chakrata]",,,siljaunsari2008:g174:sil-jaunsari-2008-chakrata:i1,,,,dialect:jaun:sil-jaunsari-2008-chakrata:Chakrata
jaun,,sedʒu,those,,sedʒu,Appendix A.2 lexical-similarity group 3; previous Garhwali survey list,"john2008jaunsari[Appendix A.2, printed p. 69, item 174, Chakrata]",,,siljaunsari2008:g174:sil-jaunsari-2008-chakrata:i2,,,,dialect:jaun:sil-jaunsari-2008-chakrata:Chakrata
jaun,,bɐɾabɐɾ,same,,bɐɾabɐɾ,Appendix A.2 lexical-similarity group 4; Jaunsari,"john2008jaunsari[Appendix A.2, printed p. 69, item 175, Korwa]",,,siljaunsari2008:g175:sil-jaunsari-2008-korwa:i1,,,,dialect:jaun:sil-jaunsari-2008-korwa:Korwa
jaun,,ekt̪aɾɛ,same,,ekt̪aɾɛ,Appendix A.2 lexical-similarity group 3; Jaunsari,"john2008jaunsari[Appendix A.2, printed p. 69, item 175, Khanaad]",,,siljaunsari2008:g175:sil-jaunsari-2008-khanaad:i1,,,,dialect:jaun:sil-jaunsari-2008-khanaad:Khanaad
jaun,,ekiʈaɳə,same,,ekiʈaɳə,Appendix A.2 lexical-similarity group 3; Jaunsari,"john2008jaunsari[Appendix A.2, printed p. 69, item 175, Chapnu]",,,siljaunsari2008:g175:sil-jaunsari-2008-chapnu:i1,,,,dialect:jaun:sil-jaunsari-2008-chapnu:Chapnu
jaun,,eknaʃənə,same,,eknaʃənə,Appendix A.2 lexical-similarity group 5; Jaunsari-Bawari,"john2008jaunsari[Appendix A.2, printed p. 69, item 175, Bhandroli]",,,siljaunsari2008:g175:sil-jaunsari-2008-bhandroli:i1,,,,dialect:jaun:sil-jaunsari-2008-bhandroli:Bhandroli
jaun,,bɐɾabɐɾ,same,,bɐɾabɐɾ,Appendix A.2 lexical-similarity group 4; Jaunsari-Bawari,"john2008jaunsari[Appendix A.2, printed p. 69, item 175, Maindrath]",,,siljaunsari2008:g175:sil-jaunsari-2008-maindrath:i1,,,,dialect:jaun:sil-jaunsari-2008-maindrath:Maindrath
jaun,,bɐɾabɐɾ,same,,bɐɾabɐɾ,Appendix A.2 lexical-similarity group 4; Jaunsari-Garhwali border mix,"john2008jaunsari[Appendix A.2, printed p. 69, item 175, Lakhamandal]",,,siljaunsari2008:g175:sil-jaunsari-2008-lakhamandal:i1,,,,dialect:jaun:sil-jaunsari-2008-lakhamandal:Lakhamandal
jaun,,ekse,same,,ekse,Appendix A.2 lexical-similarity group 2; previous Garhwali survey list,"john2008jaunsari[Appendix A.2, printed p. 69, item 175, Chakrata]",,,siljaunsari2008:g175:sil-jaunsari-2008-chakrata:i1,,,,dialect:jaun:sil-jaunsari-2008-chakrata:Chakrata
jaun,,tʃhed̪u,different,,tʃhed̪u,Appendix A.2 lexical-similarity group 2; Jaunsari,"john2008jaunsari[Appendix A.2, printed p. 69, item 176, Korwa]",,,siljaunsari2008:g176:sil-jaunsari-2008-korwa:i1,,,,dialect:jaun:sil-jaunsari-2008-korwa:Korwa
jaun,,tʃhed̪u,different,,tʃhed̪u,Appendix A.2 lexical-similarity group 4; Jaunsari,"john2008jaunsari[Appendix A.2, printed p. 69, item 176, Korwa]",,,siljaunsari2008:g176:sil-jaunsari-2008-korwa:i2,,,,dialect:jaun:sil-jaunsari-2008-korwa:Korwa
jaun,,d̪ɔ bat̪ɛ,different,,d̪ɔ bat̪ɛ,Appendix A.2 lexical-similarity group 5; Jaunsari,"john2008jaunsari[Appendix A.2, printed p. 69, item 176, Khanaad]",,,siljaunsari2008:g176:sil-jaunsari-2008-khanaad:i1,,,,dialect:jaun:sil-jaunsari-2008-khanaad:Khanaad
jaun,,tʃheud̪ɐ,different,,tʃheud̪ɐ,Appendix A.2 lexical-similarity group 2; Jaunsari,"john2008jaunsari[Appendix A.2, printed p. 69, item 176, Chapnu]",,,siljaunsari2008:g176:sil-jaunsari-2008-chapnu:i1,,,,dialect:jaun:sil-jaunsari-2008-chapnu:Chapnu
jaun,,phɐɾɐk,different,,phɐɾɐk,Appendix A.2 lexical-similarity group 1; Jaunsari-Bawari,"john2008jaunsari[Appendix A.2, printed p. 69, item 176, Bhandroli]",,,siljaunsari2008:g176:sil-jaunsari-2008-bhandroli:i1,,,,dialect:jaun:sil-jaunsari-2008-bhandroli:Bhandroli
jaun,,tʃhɐʈo,different,,tʃhɐʈo,Appendix A.2 lexical-similarity group 3; Jaunsari-Bawari,"john2008jaunsari[Appendix A.2, printed p. 69, item 176, Maindrath]",,,siljaunsari2008:g176:sil-jaunsari-2008-maindrath:i1,,,,dialect:jaun:sil-jaunsari-2008-maindrath:Maindrath
jaun,,tʃhɐʈo,different,,tʃhɐʈo,Appendix A.2 lexical-similarity group 4; Jaunsari-Bawari,"john2008jaunsari[Appendix A.2, printed p. 69, item 176, Maindrath]",,,siljaunsari2008:g176:sil-jaunsari-2008-maindrath:i2,,,,dialect:jaun:sil-jaunsari-2008-maindrath:Maindrath
jaun,,tʃhɐɳʈu,different,,tʃhɐɳʈu,Appendix A.2 lexical-similarity group 3; Jaunsari-Garhwali border mix,"john2008jaunsari[Appendix A.2, printed p. 69, item 176, Lakhamandal]",,,siljaunsari2008:g176:sil-jaunsari-2008-lakhamandal:i1,,,,dialect:jaun:sil-jaunsari-2008-lakhamandal:Lakhamandal
jaun,,okbɦant̪e,different,,okbɦant̪e,Appendix A.2 lexical-similarity group 6; previous Garhwali survey list,"john2008jaunsari[Appendix A.2, printed p. 69, item 176, Chakrata]",,,siljaunsari2008:g176:sil-jaunsari-2008-chakrata:i1,,,,dialect:jaun:sil-jaunsari-2008-chakrata:Chakrata
jaun,,sɔjd̪u,whole,,sɔjd̪u,Appendix A.2 lexical-similarity group 1; Jaunsari,"john2008jaunsari[Appendix A.2, printed p. 69, item 177, Korwa]",,,siljaunsari2008:g177:sil-jaunsari-2008-korwa:i1,,,,dialect:jaun:sil-jaunsari-2008-korwa:Korwa
jaun,,puɾa,whole,,puɾa,Appendix A.2 lexical-similarity group 2; Jaunsari,"john2008jaunsari[Appendix A.2, printed p. 69, item 177, Khanaad]",,,siljaunsari2008:g177:sil-jaunsari-2008-khanaad:i1,,,,dialect:jaun:sil-jaunsari-2008-khanaad:Khanaad
jaun,,saɾa,whole,,saɾa,Appendix A.2 lexical-similarity group 2; Jaunsari,"john2008jaunsari[Appendix A.2, printed p. 69, item 177, Khanaad]",,,siljaunsari2008:g177:sil-jaunsari-2008-khanaad:i2,,,,dialect:jaun:sil-jaunsari-2008-khanaad:Khanaad
jaun,,puɾa,whole,,puɾa,Appendix A.2 lexical-similarity group 2; Jaunsari,"john2008jaunsari[Appendix A.2, printed p. 69, item 177, Chapnu]",,,siljaunsari2008:g177:sil-jaunsari-2008-chapnu:i1,,,,dialect:jaun:sil-jaunsari-2008-chapnu:Chapnu
jaun,,neʈpu,whole,,neʈpu,Appendix A.2 lexical-similarity group 3; Jaunsari-Bawari,"john2008jaunsari[Appendix A.2, printed p. 69, item 177, Bhandroli]",,,siljaunsari2008:g177:sil-jaunsari-2008-bhandroli:i1,,,,dialect:jaun:sil-jaunsari-2008-bhandroli:Bhandroli
jaun,,bad̪ijɐ,whole,,bad̪ijɐ,Appendix A.2 lexical-similarity group 4; Jaunsari-Bawari,"john2008jaunsari[Appendix A.2, printed p. 69, item 177, Maindrath]",,,siljaunsari2008:g177:sil-jaunsari-2008-maindrath:i1,,,,dialect:jaun:sil-jaunsari-2008-maindrath:Maindrath
jaun,,puɾu,whole,,puɾu,Appendix A.2 lexical-similarity group 2; Jaunsari-Garhwali border mix,"john2008jaunsari[Appendix A.2, printed p. 69, item 177, Lakhamandal]",,,siljaunsari2008:g177:sil-jaunsari-2008-lakhamandal:i1,,,,dialect:jaun:sil-jaunsari-2008-lakhamandal:Lakhamandal
jaun,,sabut̪,whole,,sabut̪,Appendix A.2 lexical-similarity group 5; previous Garhwali survey list,"john2008jaunsari[Appendix A.2, printed p. 69, item 177, Chakrata]",,,siljaunsari2008:g177:sil-jaunsari-2008-chakrata:i1,,,,dialect:jaun:sil-jaunsari-2008-chakrata:Chakrata
jaun,,tutijɛ,broken,,tutijɛ,Appendix A.2 lexical-similarity group 1; Jaunsari,"john2008jaunsari[Appendix A.2, printed p. 69, item 178, Korwa]",,,siljaunsari2008:g178:sil-jaunsari-2008-korwa:i1,,,,dialect:jaun:sil-jaunsari-2008-korwa:Korwa
jaun,,tuʈi,broken,,tuʈi,Appendix A.2 lexical-similarity group 1; Jaunsari,"john2008jaunsari[Appendix A.2, printed p. 69, item 178, Khanaad]",,,siljaunsari2008:g178:sil-jaunsari-2008-khanaad:i1,,,,dialect:jaun:sil-jaunsari-2008-khanaad:Khanaad
jaun,,tuʈi,broken,,tuʈi,Appendix A.2 lexical-similarity group 3; Jaunsari,"john2008jaunsari[Appendix A.2, printed p. 69, item 178, Khanaad]",,,siljaunsari2008:g178:sil-jaunsari-2008-khanaad:i2,,,,dialect:jaun:sil-jaunsari-2008-khanaad:Khanaad
jaun,,ʈuʈo,broken,,ʈuʈo,Appendix A.2 lexical-similarity group 1; Jaunsari,"john2008jaunsari[Appendix A.2, printed p. 69, item 178, Chapnu]",,,siljaunsari2008:g178:sil-jaunsari-2008-chapnu:i1,,,,dialect:jaun:sil-jaunsari-2008-chapnu:Chapnu
jaun,,ʈuʈo,broken,,ʈuʈo,Appendix A.2 lexical-similarity group 3; Jaunsari,"john2008jaunsari[Appendix A.2, printed p. 69, item 178, Chapnu]",,,siljaunsari2008:g178:sil-jaunsari-2008-chapnu:i2,,,,dialect:jaun:sil-jaunsari-2008-chapnu:Chapnu
jaun,,ʈuʈəgo,broken,,ʈuʈəgo,Appendix A.2 lexical-similarity group 1; Jaunsari-Bawari,"john2008jaunsari[Appendix A.2, printed p. 69, item 178, Bhandroli]",,,siljaunsari2008:g178:sil-jaunsari-2008-bhandroli:i1,,,,dialect:jaun:sil-jaunsari-2008-bhandroli:Bhandroli
jaun,,ʈuʈɐ,broken,,ʈuʈɐ,Appendix A.2 lexical-similarity group 1; Jaunsari-Bawari,"john2008jaunsari[Appendix A.2, printed p. 69, item 178, Maindrath]",,,siljaunsari2008:g178:sil-jaunsari-2008-maindrath:i1,,,,dialect:jaun:sil-jaunsari-2008-maindrath:Maindrath
jaun,,ʈuʈɐ,broken,,ʈuʈɐ,Appendix A.2 lexical-similarity group 3; Jaunsari-Bawari,"john2008jaunsari[Appendix A.2, printed p. 69, item 178, Maindrath]",,,siljaunsari2008:g178:sil-jaunsari-2008-maindrath:i2,,,,dialect:jaun:sil-jaunsari-2008-maindrath:Maindrath
jaun,,ʈuʈi,broken,,ʈuʈi,Appendix A.2 lexical-similarity group 1; Jaunsari-Garhwali border mix,"john2008jaunsari[Appendix A.2, printed p. 69, item 178, Lakhamandal]",,,siljaunsari2008:g178:sil-jaunsari-2008-lakhamandal:i1,,,,dialect:jaun:sil-jaunsari-2008-lakhamandal:Lakhamandal
jaun,,ʈuʈi,broken,,ʈuʈi,Appendix A.2 lexical-similarity group 3; Jaunsari-Garhwali border mix,"john2008jaunsari[Appendix A.2, printed p. 69, item 178, Lakhamandal]",,,siljaunsari2008:g178:sil-jaunsari-2008-lakhamandal:i2,,,,dialect:jaun:sil-jaunsari-2008-lakhamandal:Lakhamandal
jaun,,ʈuʈijɛ,broken,,ʈuʈijɛ,Appendix A.2 lexical-similarity group 1; previous Garhwali survey list,"john2008jaunsari[Appendix A.2, printed p. 69, item 178, Chakrata]",,,siljaunsari2008:g178:sil-jaunsari-2008-chakrata:i1,,,,dialect:jaun:sil-jaunsari-2008-chakrata:Chakrata
jaun,,ʈanʈɐ,few,,ʈanʈɐ,Appendix A.2 lexical-similarity group 2; Jaunsari,"john2008jaunsari[Appendix A.2, printed p. 70, item 179, Korwa]",,,siljaunsari2008:g179:sil-jaunsari-2008-korwa:i1,,,,dialect:jaun:sil-jaunsari-2008-korwa:Korwa
jaun,,ʈanʈəɖo,few,,ʈanʈəɖo,Appendix A.2 lexical-similarity group 2; Jaunsari,"john2008jaunsari[Appendix A.2, printed p. 70, item 179, Korwa]",,,siljaunsari2008:g179:sil-jaunsari-2008-korwa:i2,,,,dialect:jaun:sil-jaunsari-2008-korwa:Korwa
jaun,,tətɔ,few,,tətɔ,Appendix A.2 lexical-similarity group 7; Jaunsari,"john2008jaunsari[Appendix A.2, printed p. 70, item 179, Khanaad]",,,siljaunsari2008:g179:sil-jaunsari-2008-khanaad:i1,,,,dialect:jaun:sil-jaunsari-2008-khanaad:Khanaad
jaun,,koɳiʃo,few,,koɳiʃo,Appendix A.2 lexical-similarity group 3; Jaunsari,"john2008jaunsari[Appendix A.2, printed p. 70, item 179, Chapnu]",,,siljaunsari2008:g179:sil-jaunsari-2008-chapnu:i1,,,,dialect:jaun:sil-jaunsari-2008-chapnu:Chapnu
jaun,,ekɔɳi,few,,ekɔɳi,Appendix A.2 lexical-similarity group 3; Jaunsari-Bawari,"john2008jaunsari[Appendix A.2, printed p. 70, item 179, Bhandroli]",,,siljaunsari2008:g179:sil-jaunsari-2008-bhandroli:i1,,,,dialect:jaun:sil-jaunsari-2008-bhandroli:Bhandroli
jaun,,ɪçjɐ,few,,ɪçjɐ,Appendix A.2 lexical-similarity group 4; Jaunsari-Bawari,"john2008jaunsari[Appendix A.2, printed p. 70, item 179, Maindrath]",,,siljaunsari2008:g179:sil-jaunsari-2008-maindrath:i1,,,,dialect:jaun:sil-jaunsari-2008-maindrath:Maindrath
jaun,,kɐɳikə,few,,kɐɳikə,Appendix A.2 lexical-similarity group 3; Jaunsari-Garhwali border mix,"john2008jaunsari[Appendix A.2, printed p. 70, item 179, Lakhamandal]",,,siljaunsari2008:g179:sil-jaunsari-2008-lakhamandal:i1,,,,dialect:jaun:sil-jaunsari-2008-lakhamandal:Lakhamandal
jaun,,kɐɳikə,few,,kɐɳikə,Appendix A.2 lexical-similarity group 3; previous Garhwali survey list,"john2008jaunsari[Appendix A.2, printed p. 70, item 179, Chakrata]",,,siljaunsari2008:g179:sil-jaunsari-2008-chakrata:i1,,,,dialect:jaun:sil-jaunsari-2008-chakrata:Chakrata
jaun,,sɐkɾoɖu,many,,sɐkɾoɖu,Appendix A.2 lexical-similarity group 6; Jaunsari,"john2008jaunsari[Appendix A.2, printed p. 70, item 180, Korwa]",,,siljaunsari2008:g180:sil-jaunsari-2008-korwa:i1,,,,dialect:jaun:sil-jaunsari-2008-korwa:Korwa
jaun,,bɐɾi,many,,bɐɾi,Appendix A.2 lexical-similarity group 3; Jaunsari,"john2008jaunsari[Appendix A.2, printed p. 70, item 180, Khanaad]",,,siljaunsari2008:g180:sil-jaunsari-2008-khanaad:i1,,,,dialect:jaun:sil-jaunsari-2008-khanaad:Khanaad
jaun,,bɐut̪o,many,,bɐut̪o,Appendix A.2 lexical-similarity group 1; Jaunsari,"john2008jaunsari[Appendix A.2, printed p. 70, item 180, Chapnu]",,,siljaunsari2008:g180:sil-jaunsari-2008-chapnu:i1,,,,dialect:jaun:sil-jaunsari-2008-chapnu:Chapnu
jaun,,bɐut̪o,many,,bɐut̪o,Appendix A.2 lexical-similarity group 2; Jaunsari,"john2008jaunsari[Appendix A.2, printed p. 70, item 180, Chapnu]",,,siljaunsari2008:g180:sil-jaunsari-2008-chapnu:i2,,,,dialect:jaun:sil-jaunsari-2008-chapnu:Chapnu
jaun,,bɦoɾi,many,,bɦoɾi,Appendix A.2 lexical-similarity group 3; Jaunsari-Bawari,"john2008jaunsari[Appendix A.2, printed p. 70, item 180, Bhandroli]",,,siljaunsari2008:g180:sil-jaunsari-2008-bhandroli:i1,,,,dialect:jaun:sil-jaunsari-2008-bhandroli:Bhandroli
jaun,,bɦɐɾi,many,,bɦɐɾi,Appendix A.2 lexical-similarity group 3; Jaunsari-Bawari,"john2008jaunsari[Appendix A.2, printed p. 70, item 180, Maindrath]",,,siljaunsari2008:g180:sil-jaunsari-2008-maindrath:i1,,,,dialect:jaun:sil-jaunsari-2008-maindrath:Maindrath
jaun,,bɦɐɾi,many,,bɦɐɾi,Appendix A.2 lexical-similarity group 3; Jaunsari-Garhwali border mix,"john2008jaunsari[Appendix A.2, printed p. 70, item 180, Lakhamandal]",,,siljaunsari2008:g180:sil-jaunsari-2008-lakhamandal:i1,,,,dialect:jaun:sil-jaunsari-2008-lakhamandal:Lakhamandal
jaun,,mʋkko,many,,mʋkko,Appendix A.2 lexical-similarity group 4; previous Garhwali survey list,"john2008jaunsari[Appendix A.2, printed p. 70, item 180, Chakrata]",,,siljaunsari2008:g180:sil-jaunsari-2008-chakrata:i1,,,,dialect:jaun:sil-jaunsari-2008-chakrata:Chakrata
jaun,,sɐb,all,,sɐb,Appendix A.2 lexical-similarity group 1; Jaunsari,"john2008jaunsari[Appendix A.2, printed p. 70, item 181, Korwa]",,,siljaunsari2008:g181:sil-jaunsari-2008-korwa:i1,,,,dialect:jaun:sil-jaunsari-2008-korwa:Korwa
jaun,,saɾo,all,,saɾo,Appendix A.2 lexical-similarity group 2; Jaunsari,"john2008jaunsari[Appendix A.2, printed p. 70, item 181, Korwa]",,,siljaunsari2008:g181:sil-jaunsari-2008-korwa:i2,,,,dialect:jaun:sil-jaunsari-2008-korwa:Korwa
jaun,,sɐb,all,,sɐb,Appendix A.2 lexical-similarity group 1; Jaunsari,"john2008jaunsari[Appendix A.2, printed p. 70, item 181, Khanaad]",,,siljaunsari2008:g181:sil-jaunsari-2008-khanaad:i1,,,,dialect:jaun:sil-jaunsari-2008-khanaad:Khanaad
jaun,,sɐb,all,,sɐb,Appendix A.2 lexical-similarity group 1; Jaunsari,"john2008jaunsari[Appendix A.2, printed p. 70, item 181, Chapnu]",,,siljaunsari2008:g181:sil-jaunsari-2008-chapnu:i1,,,,dialect:jaun:sil-jaunsari-2008-chapnu:Chapnu
jaun,,bɦad̪d̪ɛ,all,,bɦad̪d̪ɛ,Appendix A.2 lexical-similarity group 3; Jaunsari-Bawari,"john2008jaunsari[Appendix A.2, printed p. 70, item 181, Bhandroli]",,,siljaunsari2008:g181:sil-jaunsari-2008-bhandroli:i1,,,,dialect:jaun:sil-jaunsari-2008-bhandroli:Bhandroli
jaun,,bɐd̪ɛ,all,,bɐd̪ɛ,Appendix A.2 lexical-similarity group 3; Jaunsari-Bawari,"john2008jaunsari[Appendix A.2, printed p. 70, item 181, Maindrath]",,,siljaunsari2008:g181:sil-jaunsari-2008-maindrath:i1,,,,dialect:jaun:sil-jaunsari-2008-maindrath:Maindrath
jaun,,sɐbɐ,all,,sɐbɐ,Appendix A.2 lexical-similarity group 1; Jaunsari-Garhwali border mix,"john2008jaunsari[Appendix A.2, printed p. 70, item 181, Lakhamandal]",,,siljaunsari2008:g181:sil-jaunsari-2008-lakhamandal:i1,,,,dialect:jaun:sil-jaunsari-2008-lakhamandal:Lakhamandal
jaun,,sɐbɐ,all,,sɐbɐ,Appendix A.2 lexical-similarity group 2; Jaunsari-Garhwali border mix,"john2008jaunsari[Appendix A.2, printed p. 70, item 181, Lakhamandal]",,,siljaunsari2008:g181:sil-jaunsari-2008-lakhamandal:i2,,,,dialect:jaun:sil-jaunsari-2008-lakhamandal:Lakhamandal
jaun,,mukke,all,,mukke,Appendix A.2 lexical-similarity group 4; previous Garhwali survey list,"john2008jaunsari[Appendix A.2, printed p. 70, item 181, Chakrata]",,,siljaunsari2008:g181:sil-jaunsari-2008-chakrata:i1,,,,dialect:jaun:sil-jaunsari-2008-chakrata:Chakrata
jaun,,khavɔ,"eat!, he ate",,khavɔ,Appendix A.2 lexical-similarity group 1; Jaunsari,"john2008jaunsari[Appendix A.2, printed p. 70, item 182, Korwa]",,,siljaunsari2008:g182:sil-jaunsari-2008-korwa:i1,,,,dialect:jaun:sil-jaunsari-2008-korwa:Korwa
jaun,,kha,"eat!, he ate",,kha,Appendix A.2 lexical-similarity group 1; Jaunsari,"john2008jaunsari[Appendix A.2, printed p. 70, item 182, Khanaad]",,,siljaunsari2008:g182:sil-jaunsari-2008-khanaad:i1,,,,dialect:jaun:sil-jaunsari-2008-khanaad:Khanaad
jaun,,khao,"eat!, he ate",,khao,Appendix A.2 lexical-similarity group 1; Jaunsari,"john2008jaunsari[Appendix A.2, printed p. 70, item 182, Chapnu]",,,siljaunsari2008:g182:sil-jaunsari-2008-chapnu:i1,,,,dialect:jaun:sil-jaunsari-2008-chapnu:Chapnu
jaun,,kha,"eat!, he ate",,kha,Appendix A.2 lexical-similarity group 1; Jaunsari-Bawari,"john2008jaunsari[Appendix A.2, printed p. 70, item 182, Bhandroli]",,,siljaunsari2008:g182:sil-jaunsari-2008-bhandroli:i1,,,,dialect:jaun:sil-jaunsari-2008-bhandroli:Bhandroli
jaun,,khao,"eat!, he ate",,khao,Appendix A.2 lexical-similarity group 1; Jaunsari-Bawari,"john2008jaunsari[Appendix A.2, printed p. 70, item 182, Maindrath]",,,siljaunsari2008:g182:sil-jaunsari-2008-maindrath:i1,,,,dialect:jaun:sil-jaunsari-2008-maindrath:Maindrath
jaun,,kha,"eat!, he ate",,kha,Appendix A.2 lexical-similarity group 1; Jaunsari-Garhwali border mix,"john2008jaunsari[Appendix A.2, printed p. 70, item 182, Lakhamandal]",,,siljaunsari2008:g182:sil-jaunsari-2008-lakhamandal:i1,,,,dialect:jaun:sil-jaunsari-2008-lakhamandal:Lakhamandal
jaun,,khɐo,"eat!, he ate",,khɐo,Appendix A.2 lexical-similarity group 1; previous Garhwali survey list,"john2008jaunsari[Appendix A.2, printed p. 70, item 182, Chakrata]",,,siljaunsari2008:g182:sil-jaunsari-2008-chakrata:i1,,,,dialect:jaun:sil-jaunsari-2008-chakrata:Chakrata
jaun,,ʈukolɐ,"bite!, he bit",,ʈukolɐ,Appendix A.2 lexical-similarity group 3; Jaunsari,"john2008jaunsari[Appendix A.2, printed p. 70, item 183, Korwa]",,,siljaunsari2008:g183:sil-jaunsari-2008-korwa:i1,,,,dialect:jaun:sil-jaunsari-2008-korwa:Korwa
jaun,,ʈuki,"bite!, he bit",,ʈuki,Appendix A.2 lexical-similarity group 3; Jaunsari,"john2008jaunsari[Appendix A.2, printed p. 70, item 183, Khanaad]",,,siljaunsari2008:g183:sil-jaunsari-2008-khanaad:i1,,,,dialect:jaun:sil-jaunsari-2008-khanaad:Khanaad
jaun,,kaʈa,"bite!, he bit",,kaʈa,Appendix A.2 lexical-similarity group 2; Jaunsari,"john2008jaunsari[Appendix A.2, printed p. 70, item 183, Chapnu]",,,siljaunsari2008:g183:sil-jaunsari-2008-chapnu:i1,,,,dialect:jaun:sil-jaunsari-2008-chapnu:Chapnu
jaun,,ʈukpɐ,"bite!, he bit",,ʈukpɐ,Appendix A.2 lexical-similarity group 3; Jaunsari-Bawari,"john2008jaunsari[Appendix A.2, printed p. 70, item 183, Bhandroli]",,,siljaunsari2008:g183:sil-jaunsari-2008-bhandroli:i1,,,,dialect:jaun:sil-jaunsari-2008-bhandroli:Bhandroli
jaun,,khau,"bite!, he bit",,khau,Appendix A.2 lexical-similarity group 1; Jaunsari-Bawari,"john2008jaunsari[Appendix A.2, printed p. 70, item 183, Maindrath]",,,siljaunsari2008:g183:sil-jaunsari-2008-maindrath:i1,,,,dialect:jaun:sil-jaunsari-2008-maindrath:Maindrath
jaun,,ʈuki,"bite!, he bit",,ʈuki,Appendix A.2 lexical-similarity group 3; Jaunsari-Garhwali border mix,"john2008jaunsari[Appendix A.2, printed p. 70, item 183, Lakhamandal]",,,siljaunsari2008:g183:sil-jaunsari-2008-lakhamandal:i1,,,,dialect:jaun:sil-jaunsari-2008-lakhamandal:Lakhamandal
jaun,,ka,"bite!, he bit",,ka,Appendix A.2 lexical-similarity group 1; previous Garhwali survey list,"john2008jaunsari[Appendix A.2, printed p. 70, item 183, Chakrata]",,,siljaunsari2008:g183:sil-jaunsari-2008-chakrata:i1,,,,dialect:jaun:sil-jaunsari-2008-chakrata:Chakrata
jaun,,bɦuk lagi,"he is, he was hungry",,bɦuk lagi,Appendix A.2 lexical-similarity group 1; Jaunsari,"john2008jaunsari[Appendix A.2, printed p. 70, item 184, Korwa]",,,siljaunsari2008:g184:sil-jaunsari-2008-korwa:i1,,,,dialect:jaun:sil-jaunsari-2008-korwa:Korwa
jaun,,bɦuk lagi,"he is, he was hungry",,bɦuk lagi,Appendix A.2 lexical-similarity group 1; Jaunsari,"john2008jaunsari[Appendix A.2, printed p. 70, item 184, Khanaad]",,,siljaunsari2008:g184:sil-jaunsari-2008-khanaad:i1,,,,dialect:jaun:sil-jaunsari-2008-khanaad:Khanaad
jaun,,bɦuk lagi,"he is, he was hungry",,bɦuk lagi,Appendix A.2 lexical-similarity group 1; Jaunsari,"john2008jaunsari[Appendix A.2, printed p. 70, item 184, Chapnu]",,,siljaunsari2008:g184:sil-jaunsari-2008-chapnu:i1,,,,dialect:jaun:sil-jaunsari-2008-chapnu:Chapnu
jaun,,bɦukɾi lagi,"he is, he was hungry",,bɦukɾi lagi,Appendix A.2 lexical-similarity group 1; Jaunsari-Bawari,"john2008jaunsari[Appendix A.2, printed p. 70, item 184, Bhandroli]",,,siljaunsari2008:g184:sil-jaunsari-2008-bhandroli:i1,,,,dialect:jaun:sil-jaunsari-2008-bhandroli:Bhandroli
jaun,,bɦuk lagɛ,"he is, he was hungry",,bɦuk lagɛ,Appendix A.2 lexical-similarity group 1; Jaunsari-Bawari,"john2008jaunsari[Appendix A.2, printed p. 70, item 184, Maindrath]",,,siljaunsari2008:g184:sil-jaunsari-2008-maindrath:i1,,,,dialect:jaun:sil-jaunsari-2008-maindrath:Maindrath
jaun,,bɦuk lagi,"he is, he was hungry",,bɦuk lagi,Appendix A.2 lexical-similarity group 1; Jaunsari-Garhwali border mix,"john2008jaunsari[Appendix A.2, printed p. 70, item 184, Lakhamandal]",,,siljaunsari2008:g184:sil-jaunsari-2008-lakhamandal:i1,,,,dialect:jaun:sil-jaunsari-2008-lakhamandal:Lakhamandal
jaun,,bɦukhɾəlagi,"he is, he was hungry",,bɦukhɾəlagi,Appendix A.2 lexical-similarity group 1; previous Garhwali survey list,"john2008jaunsari[Appendix A.2, printed p. 70, item 184, Chakrata]",,,siljaunsari2008:g184:sil-jaunsari-2008-chakrata:i1,,,,dialect:jaun:sil-jaunsari-2008-chakrata:Chakrata
jaun,,pio,"drink!, he drank",,pio,Appendix A.2 lexical-similarity group 1; Jaunsari,"john2008jaunsari[Appendix A.2, printed p. 71, item 185, Korwa]",,,siljaunsari2008:g185:sil-jaunsari-2008-korwa:i1,,,,dialect:jaun:sil-jaunsari-2008-korwa:Korwa
jaun,,pio,"drink!, he drank",,pio,Appendix A.2 lexical-similarity group 1; Jaunsari,"john2008jaunsari[Appendix A.2, printed p. 71, item 185, Khanaad]",,,siljaunsari2008:g185:sil-jaunsari-2008-khanaad:i1,,,,dialect:jaun:sil-jaunsari-2008-khanaad:Khanaad
jaun,,pi,"drink!, he drank",,pi,Appendix A.2 lexical-similarity group 1; Jaunsari,"john2008jaunsari[Appendix A.2, printed p. 71, item 185, Chapnu]",,,siljaunsari2008:g185:sil-jaunsari-2008-chapnu:i1,,,,dialect:jaun:sil-jaunsari-2008-chapnu:Chapnu
jaun,,pi,"drink!, he drank",,pi,Appendix A.2 lexical-similarity group 1; Jaunsari-Bawari,"john2008jaunsari[Appendix A.2, printed p. 71, item 185, Bhandroli]",,,siljaunsari2008:g185:sil-jaunsari-2008-bhandroli:i1,,,,dialect:jaun:sil-jaunsari-2008-bhandroli:Bhandroli
jaun,,pilau,"drink!, he drank",,pilau,Appendix A.2 lexical-similarity group 1; Jaunsari-Bawari,"john2008jaunsari[Appendix A.2, printed p. 71, item 185, Maindrath]",,,siljaunsari2008:g185:sil-jaunsari-2008-maindrath:i1,,,,dialect:jaun:sil-jaunsari-2008-maindrath:Maindrath
jaun,,pi,"drink!, he drank",,pi,Appendix A.2 lexical-similarity group 1; Jaunsari-Garhwali border mix,"john2008jaunsari[Appendix A.2, printed p. 71, item 185, Lakhamandal]",,,siljaunsari2008:g185:sil-jaunsari-2008-lakhamandal:i1,,,,dialect:jaun:sil-jaunsari-2008-lakhamandal:Lakhamandal
jaun,,pind̪a lagĩjɛ,"drink!, he drank",,pind̪a lagĩjɛ,Appendix A.2 lexical-similarity group 1; previous Garhwali survey list,"john2008jaunsari[Appendix A.2, printed p. 71, item 185, Chakrata]",,,siljaunsari2008:g185:sil-jaunsari-2008-chakrata:i1,,,,dialect:jaun:sil-jaunsari-2008-chakrata:Chakrata
jaun,,t̪iʃ lagi,"he is, he was thirsty",,t̪iʃ lagi,Appendix A.2 lexical-similarity group 2; Jaunsari,"john2008jaunsari[Appendix A.2, printed p. 71, item 186, Korwa]",,,siljaunsari2008:g186:sil-jaunsari-2008-korwa:i1,,,,dialect:jaun:sil-jaunsari-2008-korwa:Korwa
jaun,,t̪iʃ lagi,"he is, he was thirsty",,t̪iʃ lagi,Appendix A.2 lexical-similarity group 3; Jaunsari,"john2008jaunsari[Appendix A.2, printed p. 71, item 186, Korwa]",,,siljaunsari2008:g186:sil-jaunsari-2008-korwa:i2,,,,dialect:jaun:sil-jaunsari-2008-korwa:Korwa
jaun,,t̪iʃ lagi,"he is, he was thirsty",,t̪iʃ lagi,Appendix A.2 lexical-similarity group 2; Jaunsari,"john2008jaunsari[Appendix A.2, printed p. 71, item 186, Khanaad]",,,siljaunsari2008:g186:sil-jaunsari-2008-khanaad:i1,,,,dialect:jaun:sil-jaunsari-2008-khanaad:Khanaad
jaun,,t̪iʃ lagi,"he is, he was thirsty",,t̪iʃ lagi,Appendix A.2 lexical-similarity group 3; Jaunsari,"john2008jaunsari[Appendix A.2, printed p. 71, item 186, Khanaad]",,,siljaunsari2008:g186:sil-jaunsari-2008-khanaad:i2,,,,dialect:jaun:sil-jaunsari-2008-khanaad:Khanaad
jaun,,t̪iʃ lagi,"he is, he was thirsty",,t̪iʃ lagi,Appendix A.2 lexical-similarity group 2; Jaunsari,"john2008jaunsari[Appendix A.2, printed p. 71, item 186, Chapnu]",,,siljaunsari2008:g186:sil-jaunsari-2008-chapnu:i1,,,,dialect:jaun:sil-jaunsari-2008-chapnu:Chapnu
jaun,,t̪iʃ lagi,"he is, he was thirsty",,t̪iʃ lagi,Appendix A.2 lexical-similarity group 3; Jaunsari,"john2008jaunsari[Appendix A.2, printed p. 71, item 186, Chapnu]",,,siljaunsari2008:g186:sil-jaunsari-2008-chapnu:i2,,,,dialect:jaun:sil-jaunsari-2008-chapnu:Chapnu
jaun,,t̪iʃ lagi,"he is, he was thirsty",,t̪iʃ lagi,Appendix A.2 lexical-similarity group 2; Jaunsari-Bawari,"john2008jaunsari[Appendix A.2, printed p. 71, item 186, Bhandroli]",,,siljaunsari2008:g186:sil-jaunsari-2008-bhandroli:i1,,,,dialect:jaun:sil-jaunsari-2008-bhandroli:Bhandroli
jaun,,t̪iʃ lagi,"he is, he was thirsty",,t̪iʃ lagi,Appendix A.2 lexical-similarity group 3; Jaunsari-Bawari,"john2008jaunsari[Appendix A.2, printed p. 71, item 186, Bhandroli]",,,siljaunsari2008:g186:sil-jaunsari-2008-bhandroli:i2,,,,dialect:jaun:sil-jaunsari-2008-bhandroli:Bhandroli
jaun,,t̪iʂsɐilagi,"he is, he was thirsty",,t̪iʂsɐilagi,Appendix A.2 lexical-similarity group 2; Jaunsari-Bawari,"john2008jaunsari[Appendix A.2, printed p. 71, item 186, Maindrath]",,,siljaunsari2008:g186:sil-jaunsari-2008-maindrath:i1,,,,dialect:jaun:sil-jaunsari-2008-maindrath:Maindrath
jaun,,t̪is lagilɛ,"he is, he was thirsty",,t̪is lagilɛ,Appendix A.2 lexical-similarity group 2; Jaunsari-Garhwali border mix,"john2008jaunsari[Appendix A.2, printed p. 71, item 186, Lakhamandal]",,,siljaunsari2008:g186:sil-jaunsari-2008-lakhamandal:i1,,,,dialect:jaun:sil-jaunsari-2008-lakhamandal:Lakhamandal
jaun,,t̪is lagilɛ,"he is, he was thirsty",,t̪is lagilɛ,Appendix A.2 lexical-similarity group 3; Jaunsari-Garhwali border mix,"john2008jaunsari[Appendix A.2, printed p. 71, item 186, Lakhamandal]",,,siljaunsari2008:g186:sil-jaunsari-2008-lakhamandal:i2,,,,dialect:jaun:sil-jaunsari-2008-lakhamandal:Lakhamandal
jaun,,t̪isɾəlagi,"he is, he was thirsty",,t̪isɾəlagi,Appendix A.2 lexical-similarity group 2; previous Garhwali survey list,"john2008jaunsari[Appendix A.2, printed p. 71, item 186, Chakrata]",,,siljaunsari2008:g186:sil-jaunsari-2008-chakrata:i1,,,,dialect:jaun:sil-jaunsari-2008-chakrata:Chakrata
jaun,,sut̪i ɾaɛ,"sleep!, he slept",,sut̪i ɾaɛ,Appendix A.2 lexical-similarity group 2; Jaunsari,"john2008jaunsari[Appendix A.2, printed p. 71, item 187, Korwa]",,,siljaunsari2008:g187:sil-jaunsari-2008-korwa:i1,,,,dialect:jaun:sil-jaunsari-2008-korwa:Korwa
jaun,,sɔt̪i ɾɔ,"sleep!, he slept",,sɔt̪i ɾɔ,Appendix A.2 lexical-similarity group 2; Jaunsari,"john2008jaunsari[Appendix A.2, printed p. 71, item 187, Khanaad]",,,siljaunsari2008:g187:sil-jaunsari-2008-khanaad:i1,,,,dialect:jaun:sil-jaunsari-2008-khanaad:Khanaad
jaun,,sot̪i dʒɐ,"sleep!, he slept",,sot̪i dʒɐ,Appendix A.2 lexical-similarity group 2; Jaunsari,"john2008jaunsari[Appendix A.2, printed p. 71, item 187, Chapnu]",,,siljaunsari2008:g187:sil-jaunsari-2008-chapnu:i1,,,,dialect:jaun:sil-jaunsari-2008-chapnu:Chapnu
jaun,,sut̪i lɐɠɐ,"sleep!, he slept",,sut̪i lɐɠɐ,Appendix A.2 lexical-similarity group 2; Jaunsari-Bawari,"john2008jaunsari[Appendix A.2, printed p. 71, item 187, Bhandroli]",,,siljaunsari2008:g187:sil-jaunsari-2008-bhandroli:i1,,,,dialect:jaun:sil-jaunsari-2008-bhandroli:Bhandroli
jaun,,sut̪i ɾɐɔ,"sleep!, he slept",,sut̪i ɾɐɔ,Appendix A.2 lexical-similarity group 2; Jaunsari-Bawari,"john2008jaunsari[Appendix A.2, printed p. 71, item 187, Maindrath]",,,siljaunsari2008:g187:sil-jaunsari-2008-maindrath:i1,,,,dialect:jaun:sil-jaunsari-2008-maindrath:Maindrath
jaun,,sut̪i ɾɐɔ,"sleep!, he slept",,sut̪i ɾɐɔ,Appendix A.2 lexical-similarity group 2; Jaunsari-Garhwali border mix,"john2008jaunsari[Appendix A.2, printed p. 71, item 187, Lakhamandal]",,,siljaunsari2008:g187:sil-jaunsari-2008-lakhamandal:i1,,,,dialect:jaun:sil-jaunsari-2008-lakhamandal:Lakhamandal
jaun,,sut̪iɾəʋa,"sleep!, he slept",,sut̪iɾəʋa,Appendix A.2 lexical-similarity group 2; previous Garhwali survey list,"john2008jaunsari[Appendix A.2, printed p. 71, item 187, Chakrata]",,,siljaunsari2008:g187:sil-jaunsari-2008-chakrata:i1,,,,dialect:jaun:sil-jaunsari-2008-chakrata:Chakrata
jaun,,pat̪əɾɐpɐɖə,"lie down!, he lay down",,pat̪əɾɐpɐɖə,Appendix A.2 lexical-similarity group 6; Jaunsari,"john2008jaunsari[Appendix A.2, printed p. 71, item 188, Korwa]",,,siljaunsari2008:g188:sil-jaunsari-2008-korwa:i1,,,,dialect:jaun:sil-jaunsari-2008-korwa:Korwa
jaun,,sut̪i gɔɐ,"lie down!, he lay down",,sut̪i gɔɐ,Appendix A.2 lexical-similarity group 2; Jaunsari,"john2008jaunsari[Appendix A.2, printed p. 71, item 188, Khanaad]",,,siljaunsari2008:g188:sil-jaunsari-2008-khanaad:i1,,,,dialect:jaun:sil-jaunsari-2008-khanaad:Khanaad
jaun,,sɔt̪i dʒɐ,"lie down!, he lay down",,sɔt̪i dʒɐ,Appendix A.2 lexical-similarity group 2; Jaunsari,"john2008jaunsari[Appendix A.2, printed p. 71, item 188, Chapnu]",,,siljaunsari2008:g188:sil-jaunsari-2008-chapnu:i1,,,,dialect:jaun:sil-jaunsari-2008-chapnu:Chapnu
jaun,,sut̪i lɐgaɾɛ,"lie down!, he lay down",,sut̪i lɐgaɾɛ,Appendix A.2 lexical-similarity group 2; Jaunsari-Bawari,"john2008jaunsari[Appendix A.2, printed p. 71, item 188, Bhandroli]",,,siljaunsari2008:g188:sil-jaunsari-2008-bhandroli:i1,,,,dialect:jaun:sil-jaunsari-2008-bhandroli:Bhandroli
jaun,,sut̪i go,"lie down!, he lay down",,sut̪i go,Appendix A.2 lexical-similarity group 2; Jaunsari-Bawari,"john2008jaunsari[Appendix A.2, printed p. 71, item 188, Maindrath]",,,siljaunsari2008:g188:sil-jaunsari-2008-maindrath:i1,,,,dialect:jaun:sil-jaunsari-2008-maindrath:Maindrath
jaun,,sut̪i gɔj,"lie down!, he lay down",,sut̪i gɔj,Appendix A.2 lexical-similarity group 2; Jaunsari-Garhwali border mix,"john2008jaunsari[Appendix A.2, printed p. 71, item 188, Lakhamandal]",,,siljaunsari2008:g188:sil-jaunsari-2008-lakhamandal:i1,,,,dialect:jaun:sil-jaunsari-2008-lakhamandal:Lakhamandal
jaun,,sut̪i gɔɐ,"lie down!, he lay down",,sut̪i gɔɐ,Appendix A.2 lexical-similarity group 2; previous Garhwali survey list,"john2008jaunsari[Appendix A.2, printed p. 71, item 188, Chakrata]",,,siljaunsari2008:g188:sil-jaunsari-2008-chakrata:i1,,,,dialect:jaun:sil-jaunsari-2008-chakrata:Chakrata
jaun,,buʈho,"sit down!, he sat down",,buʈho,Appendix A.2 lexical-similarity group 1; Jaunsari,"john2008jaunsari[Appendix A.2, printed p. 71, item 189, Korwa]",,,siljaunsari2008:g189:sil-jaunsari-2008-korwa:i1,,,,dialect:jaun:sil-jaunsari-2008-korwa:Korwa
jaun,,bɐʈh,"sit down!, he sat down",,bɐʈh,Appendix A.2 lexical-similarity group 1; Jaunsari,"john2008jaunsari[Appendix A.2, printed p. 71, item 189, Khanaad]",,,siljaunsari2008:g189:sil-jaunsari-2008-khanaad:i1,,,,dialect:jaun:sil-jaunsari-2008-khanaad:Khanaad
jaun,,bɐʈhi dʒɐ,"sit down!, he sat down",,bɐʈhi dʒɐ,Appendix A.2 lexical-similarity group 1; Jaunsari,"john2008jaunsari[Appendix A.2, printed p. 71, item 189, Chapnu]",,,siljaunsari2008:g189:sil-jaunsari-2008-chapnu:i1,,,,dialect:jaun:sil-jaunsari-2008-chapnu:Chapnu
jaun,,bɐʃ,"sit down!, he sat down",,bɐʃ,Appendix A.2 lexical-similarity group 2; Jaunsari-Bawari,"john2008jaunsari[Appendix A.2, printed p. 71, item 189, Bhandroli]",,,siljaunsari2008:g189:sil-jaunsari-2008-bhandroli:i1,,,,dialect:jaun:sil-jaunsari-2008-bhandroli:Bhandroli
jaun,,buʃo,"sit down!, he sat down",,buʃo,Appendix A.2 lexical-similarity group 2; Jaunsari-Bawari,"john2008jaunsari[Appendix A.2, printed p. 71, item 189, Maindrath]",,,siljaunsari2008:g189:sil-jaunsari-2008-maindrath:i1,,,,dialect:jaun:sil-jaunsari-2008-maindrath:Maindrath
jaun,,bɐʈhi dʒɐ,"sit down!, he sat down",,bɐʈhi dʒɐ,Appendix A.2 lexical-similarity group 1; Jaunsari-Garhwali border mix,"john2008jaunsari[Appendix A.2, printed p. 71, item 189, Lakhamandal]",,,siljaunsari2008:g189:sil-jaunsari-2008-lakhamandal:i1,,,,dialect:jaun:sil-jaunsari-2008-lakhamandal:Lakhamandal
jaun,,bɛʈhidʒao,"sit down!, he sat down",,bɛʈhidʒao,Appendix A.2 lexical-similarity group 1; previous Garhwali survey list,"john2008jaunsari[Appendix A.2, printed p. 71, item 189, Chakrata]",,,siljaunsari2008:g189:sil-jaunsari-2008-chakrata:i1,,,,dialect:jaun:sil-jaunsari-2008-chakrata:Chakrata
jaun,,d̪eunɖu,"give!, he gave",,d̪eunɖu,Appendix A.2 lexical-similarity group 1; Jaunsari,"john2008jaunsari[Appendix A.2, printed p. 71, item 190, Korwa]",,,siljaunsari2008:g190:sil-jaunsari-2008-korwa:i1,,,,dialect:jaun:sil-jaunsari-2008-korwa:Korwa
jaun,,d̪e,"give!, he gave",,d̪e,Appendix A.2 lexical-similarity group 1; Jaunsari,"john2008jaunsari[Appendix A.2, printed p. 71, item 190, Khanaad]",,,siljaunsari2008:g190:sil-jaunsari-2008-khanaad:i1,,,,dialect:jaun:sil-jaunsari-2008-khanaad:Khanaad
jaun,,d̪ed̪ɛ,"give!, he gave",,d̪ed̪ɛ,Appendix A.2 lexical-similarity group 1; Jaunsari,"john2008jaunsari[Appendix A.2, printed p. 71, item 190, Chapnu]",,,siljaunsari2008:g190:sil-jaunsari-2008-chapnu:i1,,,,dialect:jaun:sil-jaunsari-2008-chapnu:Chapnu
jaun,,d̪e,"give!, he gave",,d̪e,Appendix A.2 lexical-similarity group 1; Jaunsari-Bawari,"john2008jaunsari[Appendix A.2, printed p. 71, item 190, Bhandroli]",,,siljaunsari2008:g190:sil-jaunsari-2008-bhandroli:i1,,,,dialect:jaun:sil-jaunsari-2008-bhandroli:Bhandroli
jaun,,d̪ejd̪o,"give!, he gave",,d̪ejd̪o,Appendix A.2 lexical-similarity group 1; Jaunsari-Bawari,"john2008jaunsari[Appendix A.2, printed p. 71, item 190, Maindrath]",,,siljaunsari2008:g190:sil-jaunsari-2008-maindrath:i1,,,,dialect:jaun:sil-jaunsari-2008-maindrath:Maindrath
jaun,,d̪ed̪i,"give!, he gave",,d̪ed̪i,Appendix A.2 lexical-similarity group 1; Jaunsari-Garhwali border mix,"john2008jaunsari[Appendix A.2, printed p. 71, item 190, Lakhamandal]",,,siljaunsari2008:g190:sil-jaunsari-2008-lakhamandal:i1,,,,dialect:jaun:sil-jaunsari-2008-lakhamandal:Lakhamandal
jaun,,d̪e,"give!, he gave",,d̪e,Appendix A.2 lexical-similarity group 1; previous Garhwali survey list,"john2008jaunsari[Appendix A.2, printed p. 71, item 190, Chakrata]",,,siljaunsari2008:g190:sil-jaunsari-2008-chakrata:i1,,,,dialect:jaun:sil-jaunsari-2008-chakrata:Chakrata
jaun,,dʒɔj lɐgɐ,"it burns, it burned",,dʒɔj lɐgɐ,Appendix A.2 lexical-similarity group 1; Jaunsari,"john2008jaunsari[Appendix A.2, printed p. 72, item 191, Korwa]",,,siljaunsari2008:g191:sil-jaunsari-2008-korwa:i1,,,,dialect:jaun:sil-jaunsari-2008-korwa:Korwa
jaun,,agɾɛ lagi,"it burns, it burned",,agɾɛ lagi,Appendix A.2 lexical-similarity group 2; Jaunsari,"john2008jaunsari[Appendix A.2, printed p. 72, item 191, Khanaad]",,,siljaunsari2008:g191:sil-jaunsari-2008-khanaad:i1,,,,dialect:jaun:sil-jaunsari-2008-khanaad:Khanaad
jaun,,agɾɛ lagi,"it burns, it burned",,agɾɛ lagi,Appendix A.2 lexical-similarity group 2; Jaunsari,"john2008jaunsari[Appendix A.2, printed p. 72, item 191, Chapnu]",,,siljaunsari2008:g191:sil-jaunsari-2008-chapnu:i1,,,,dialect:jaun:sil-jaunsari-2008-chapnu:Chapnu
jaun,,dʒɔj lɐgɐ,"it burns, it burned",,dʒɔj lɐgɐ,Appendix A.2 lexical-similarity group 1; Jaunsari-Bawari,"john2008jaunsari[Appendix A.2, printed p. 72, item 191, Bhandroli]",,,siljaunsari2008:g191:sil-jaunsari-2008-bhandroli:i1,,,,dialect:jaun:sil-jaunsari-2008-bhandroli:Bhandroli
jaun,,odʒi lago,"it burns, it burned",,odʒi lago,Appendix A.2 lexical-similarity group 4; Jaunsari-Bawari,"john2008jaunsari[Appendix A.2, printed p. 72, item 191, Maindrath]",,,siljaunsari2008:g191:sil-jaunsari-2008-maindrath:i1,,,,dialect:jaun:sil-jaunsari-2008-maindrath:Maindrath
jaun,,phukiɳəlagɛ,"it burns, it burned",,phukiɳəlagɛ,Appendix A.2 lexical-similarity group 3; Jaunsari-Garhwali border mix,"john2008jaunsari[Appendix A.2, printed p. 72, item 191, Lakhamandal]",,,siljaunsari2008:g191:sil-jaunsari-2008-lakhamandal:i1,,,,dialect:jaun:sil-jaunsari-2008-lakhamandal:Lakhamandal
jaun,,tʃiʃuiɾəʋa,"it burns, it burned",,tʃiʃuiɾəʋa,Appendix A.2 lexical-similarity group 5; previous Garhwali survey list,"john2008jaunsari[Appendix A.2, printed p. 72, item 191, Chakrata]",,,siljaunsari2008:g191:sil-jaunsari-2008-chakrata:i1,,,,dialect:jaun:sil-jaunsari-2008-chakrata:Chakrata
jaun,,mɐɾigɔn,"don't die!, he died",,mɐɾigɔn,Appendix A.2 lexical-similarity group 1; Jaunsari,"john2008jaunsari[Appendix A.2, printed p. 72, item 192, Korwa]",,,siljaunsari2008:g192:sil-jaunsari-2008-korwa:i1,,,,dialect:jaun:sil-jaunsari-2008-korwa:Korwa
jaun,,mɐɾi gɔjɐlwɐ,"don't die!, he died",,mɐɾi gɔjɐlwɐ,Appendix A.2 lexical-similarity group 1; Jaunsari,"john2008jaunsari[Appendix A.2, printed p. 72, item 192, Khanaad]",,,siljaunsari2008:g192:sil-jaunsari-2008-khanaad:i1,,,,dialect:jaun:sil-jaunsari-2008-khanaad:Khanaad
jaun,,mɐɾi go,"don't die!, he died",,mɐɾi go,Appendix A.2 lexical-similarity group 1; Jaunsari,"john2008jaunsari[Appendix A.2, printed p. 72, item 192, Chapnu]",,,siljaunsari2008:g192:sil-jaunsari-2008-chapnu:i1,,,,dialect:jaun:sil-jaunsari-2008-chapnu:Chapnu
jaun,,morigɐ,"don't die!, he died",,morigɐ,Appendix A.2 lexical-similarity group 1; Jaunsari-Bawari,"john2008jaunsari[Appendix A.2, printed p. 72, item 192, Bhandroli]",,,siljaunsari2008:g192:sil-jaunsari-2008-bhandroli:i1,,,,dialect:jaun:sil-jaunsari-2008-bhandroli:Bhandroli
jaun,,mɐɾi go,"don't die!, he died",,mɐɾi go,Appendix A.2 lexical-similarity group 1; Jaunsari-Bawari,"john2008jaunsari[Appendix A.2, printed p. 72, item 192, Maindrath]",,,siljaunsari2008:g192:sil-jaunsari-2008-maindrath:i1,,,,dialect:jaun:sil-jaunsari-2008-maindrath:Maindrath
jaun,,mɐɾi ɾɐj,"don't die!, he died",,mɐɾi ɾɐj,Appendix A.2 lexical-similarity group 1; Jaunsari-Garhwali border mix,"john2008jaunsari[Appendix A.2, printed p. 72, item 192, Lakhamandal]",,,siljaunsari2008:g192:sil-jaunsari-2008-lakhamandal:i1,,,,dialect:jaun:sil-jaunsari-2008-lakhamandal:Lakhamandal
jaun,,moɾinɔʈa,"don't die!, he died",,moɾinɔʈa,Appendix A.2 lexical-similarity group 1; previous Garhwali survey list,"john2008jaunsari[Appendix A.2, printed p. 72, item 192, Chakrata]",,,siljaunsari2008:g192:sil-jaunsari-2008-chakrata:i1,,,,dialect:jaun:sil-jaunsari-2008-chakrata:Chakrata
jaun,,maɾɐ,he killed,,maɾɐ,Appendix A.2 lexical-similarity group 1; Jaunsari,"john2008jaunsari[Appendix A.2, printed p. 72, item 193, Korwa]",,,siljaunsari2008:g193:sil-jaunsari-2008-korwa:i1,,,,dialect:jaun:sil-jaunsari-2008-korwa:Korwa
jaun,,maɾɐ,he killed,,maɾɐ,Appendix A.2 lexical-similarity group 1; Jaunsari,"john2008jaunsari[Appendix A.2, printed p. 72, item 193, Khanaad]",,,siljaunsari2008:g193:sil-jaunsari-2008-khanaad:i1,,,,dialect:jaun:sil-jaunsari-2008-khanaad:Khanaad
jaun,,maɾ pa,he killed,,maɾ pa,Appendix A.2 lexical-similarity group 1; Jaunsari,"john2008jaunsari[Appendix A.2, printed p. 72, item 193, Chapnu]",,,siljaunsari2008:g193:sil-jaunsari-2008-chapnu:i1,,,,dialect:jaun:sil-jaunsari-2008-chapnu:Chapnu
jaun,,dʒaɳipɐ,he killed,,dʒaɳipɐ,Appendix A.2 lexical-similarity group 4; Jaunsari-Bawari,"john2008jaunsari[Appendix A.2, printed p. 72, item 193, Bhandroli]",,,siljaunsari2008:g193:sil-jaunsari-2008-bhandroli:i1,,,,dialect:jaun:sil-jaunsari-2008-bhandroli:Bhandroli
jaun,,kuʈo,he killed,,kuʈo,Appendix A.2 lexical-similarity group 2; Jaunsari-Bawari,"john2008jaunsari[Appendix A.2, printed p. 72, item 193, Maindrath]",,,siljaunsari2008:g193:sil-jaunsari-2008-maindrath:i1,,,,dialect:jaun:sil-jaunsari-2008-maindrath:Maindrath
jaun,,piʈo,he killed,,piʈo,Appendix A.2 lexical-similarity group 2; Jaunsari-Bawari,"john2008jaunsari[Appendix A.2, printed p. 72, item 193, Maindrath]",,,siljaunsari2008:g193:sil-jaunsari-2008-maindrath:i2,,,,dialect:jaun:sil-jaunsari-2008-maindrath:Maindrath
jaun,,piʈo,he killed,,piʈo,Appendix A.2 lexical-similarity group 3; Jaunsari-Bawari,"john2008jaunsari[Appendix A.2, printed p. 72, item 193, Maindrath]",,,siljaunsari2008:g193:sil-jaunsari-2008-maindrath:i3,,,,dialect:jaun:sil-jaunsari-2008-maindrath:Maindrath
jaun,,maɾi,he killed,,maɾi,Appendix A.2 lexical-similarity group 1; Jaunsari-Garhwali border mix,"john2008jaunsari[Appendix A.2, printed p. 72, item 193, Lakhamandal]",,,siljaunsari2008:g193:sil-jaunsari-2008-lakhamandal:i1,,,,dialect:jaun:sil-jaunsari-2008-lakhamandal:Lakhamandal
jaun,,maɾɐ,he killed,,maɾɐ,Appendix A.2 lexical-similarity group 1; previous Garhwali survey list,"john2008jaunsari[Appendix A.2, printed p. 72, item 193, Chakrata]",,,siljaunsari2008:g193:sil-jaunsari-2008-chakrata:i1,,,,dialect:jaun:sil-jaunsari-2008-chakrata:Chakrata
jaun,,uɖaj lagn,"fly!, it flew",,uɖaj lagn,Appendix A.2 lexical-similarity group 1; Jaunsari,"john2008jaunsari[Appendix A.2, printed p. 72, item 194, Korwa]",,,siljaunsari2008:g194:sil-jaunsari-2008-korwa:i1,,,,dialect:jaun:sil-jaunsari-2008-korwa:Korwa
jaun,,uɖaj go,"fly!, it flew",,uɖaj go,Appendix A.2 lexical-similarity group 1; Jaunsari,"john2008jaunsari[Appendix A.2, printed p. 72, item 194, Khanaad]",,,siljaunsari2008:g194:sil-jaunsari-2008-khanaad:i1,,,,dialect:jaun:sil-jaunsari-2008-khanaad:Khanaad
jaun,,uɖaj go,"fly!, it flew",,uɖaj go,Appendix A.2 lexical-similarity group 1; Jaunsari,"john2008jaunsari[Appendix A.2, printed p. 72, item 194, Chapnu]",,,siljaunsari2008:g194:sil-jaunsari-2008-chapnu:i1,,,,dialect:jaun:sil-jaunsari-2008-chapnu:Chapnu
jaun,,udɐlagɐ,"fly!, it flew",,udɐlagɐ,Appendix A.2 lexical-similarity group 1; Jaunsari-Bawari,"john2008jaunsari[Appendix A.2, printed p. 72, item 194, Bhandroli]",,,siljaunsari2008:g194:sil-jaunsari-2008-bhandroli:i1,,,,dialect:jaun:sil-jaunsari-2008-bhandroli:Bhandroli
jaun,,uɖɐj lago,"fly!, it flew",,uɖɐj lago,Appendix A.2 lexical-similarity group 1; Jaunsari-Bawari,"john2008jaunsari[Appendix A.2, printed p. 72, item 194, Maindrath]",,,siljaunsari2008:g194:sil-jaunsari-2008-maindrath:i1,,,,dialect:jaun:sil-jaunsari-2008-maindrath:Maindrath
jaun,,uɖjaɳəlagi,"fly!, it flew",,uɖjaɳəlagi,Appendix A.2 lexical-similarity group 1; Jaunsari-Garhwali border mix,"john2008jaunsari[Appendix A.2, printed p. 72, item 194, Lakhamandal]",,,siljaunsari2008:g194:sil-jaunsari-2008-lakhamandal:i1,,,,dialect:jaun:sil-jaunsari-2008-lakhamandal:Lakhamandal
jaun,,uɖauɳɖa lagije,"fly!, it flew",,uɖauɳɖa lagije,Appendix A.2 lexical-similarity group 1; previous Garhwali survey list,"john2008jaunsari[Appendix A.2, printed p. 72, item 194, Chakrata]",,,siljaunsari2008:g194:sil-jaunsari-2008-chakrata:i1,,,,dialect:jaun:sil-jaunsari-2008-chakrata:Chakrata
jaun,,tʃalo,"walk!, he walked",,tʃalo,Appendix A.2 lexical-similarity group 1; Jaunsari,"john2008jaunsari[Appendix A.2, printed p. 72, item 195, Korwa]",,,siljaunsari2008:g195:sil-jaunsari-2008-korwa:i1,,,,dialect:jaun:sil-jaunsari-2008-korwa:Korwa
jaun,,tʃalo,"walk!, he walked",,tʃalo,Appendix A.2 lexical-similarity group 1; Jaunsari,"john2008jaunsari[Appendix A.2, printed p. 72, item 195, Khanaad]",,,siljaunsari2008:g195:sil-jaunsari-2008-khanaad:i1,,,,dialect:jaun:sil-jaunsari-2008-khanaad:Khanaad
jaun,,tʃalo,"walk!, he walked",,tʃalo,Appendix A.2 lexical-similarity group 1; Jaunsari,"john2008jaunsari[Appendix A.2, printed p. 72, item 195, Chapnu]",,,siljaunsari2008:g195:sil-jaunsari-2008-chapnu:i1,,,,dialect:jaun:sil-jaunsari-2008-chapnu:Chapnu
jaun,,tʃɐl,"walk!, he walked",,tʃɐl,Appendix A.2 lexical-similarity group 1; Jaunsari-Bawari,"john2008jaunsari[Appendix A.2, printed p. 72, item 195, Bhandroli]",,,siljaunsari2008:g195:sil-jaunsari-2008-bhandroli:i1,,,,dialect:jaun:sil-jaunsari-2008-bhandroli:Bhandroli
jaun,,tʃalo,"walk!, he walked",,tʃalo,Appendix A.2 lexical-similarity group 1; Jaunsari-Bawari,"john2008jaunsari[Appendix A.2, printed p. 72, item 195, Maindrath]",,,siljaunsari2008:g195:sil-jaunsari-2008-maindrath:i1,,,,dialect:jaun:sil-jaunsari-2008-maindrath:Maindrath
jaun,,tʃɐl,"walk!, he walked",,tʃɐl,Appendix A.2 lexical-similarity group 1; Jaunsari-Garhwali border mix,"john2008jaunsari[Appendix A.2, printed p. 72, item 195, Lakhamandal]",,,siljaunsari2008:g195:sil-jaunsari-2008-lakhamandal:i1,,,,dialect:jaun:sil-jaunsari-2008-lakhamandal:Lakhamandal
jaun,,tʃəlo,"walk!, he walked",,tʃəlo,Appendix A.2 lexical-similarity group 1; previous Garhwali survey list,"john2008jaunsari[Appendix A.2, printed p. 72, item 195, Chakrata]",,,siljaunsari2008:g195:sil-jaunsari-2008-chakrata:i1,,,,dialect:jaun:sil-jaunsari-2008-chakrata:Chakrata
jaun,,d̪ɔɖo,"run!, he ran",,d̪ɔɖo,Appendix A.2 lexical-similarity group 1; Jaunsari,"john2008jaunsari[Appendix A.2, printed p. 72, item 196, Korwa]",,,siljaunsari2008:g196:sil-jaunsari-2008-korwa:i1,,,,dialect:jaun:sil-jaunsari-2008-korwa:Korwa
jaun,,d̪uɐɖ,"run!, he ran",,d̪uɐɖ,Appendix A.2 lexical-similarity group 1; Jaunsari,"john2008jaunsari[Appendix A.2, printed p. 72, item 196, Khanaad]",,,siljaunsari2008:g196:sil-jaunsari-2008-khanaad:i1,,,,dialect:jaun:sil-jaunsari-2008-khanaad:Khanaad
jaun,,d̪auɖo,"run!, he ran",,d̪auɖo,Appendix A.2 lexical-similarity group 1; Jaunsari,"john2008jaunsari[Appendix A.2, printed p. 72, item 196, Chapnu]",,,siljaunsari2008:g196:sil-jaunsari-2008-chapnu:i1,,,,dialect:jaun:sil-jaunsari-2008-chapnu:Chapnu
jaun,,d̪ɔɖə,"run!, he ran",,d̪ɔɖə,Appendix A.2 lexical-similarity group 1; Jaunsari-Bawari,"john2008jaunsari[Appendix A.2, printed p. 72, item 196, Bhandroli]",,,siljaunsari2008:g196:sil-jaunsari-2008-bhandroli:i1,,,,dialect:jaun:sil-jaunsari-2008-bhandroli:Bhandroli
jaun,,d̪ɦɐũ,"run!, he ran",,d̪ɦɐũ,Appendix A.2 lexical-similarity group 2; Jaunsari-Bawari,"john2008jaunsari[Appendix A.2, printed p. 72, item 196, Maindrath]",,,siljaunsari2008:g196:sil-jaunsari-2008-maindrath:i1,,,,dialect:jaun:sil-jaunsari-2008-maindrath:Maindrath
jaun,,d̪oɖ,"run!, he ran",,d̪oɖ,Appendix A.2 lexical-similarity group 1; Jaunsari-Garhwali border mix,"john2008jaunsari[Appendix A.2, printed p. 72, item 196, Lakhamandal]",,,siljaunsari2008:g196:sil-jaunsari-2008-lakhamandal:i1,,,,dialect:jaun:sil-jaunsari-2008-lakhamandal:Lakhamandal
jaun,,d̪ɔɽo,"run!, he ran",,d̪ɔɽo,Appendix A.2 lexical-similarity group 1; previous Garhwali survey list,"john2008jaunsari[Appendix A.2, printed p. 72, item 196, Chakrata]",,,siljaunsari2008:g196:sil-jaunsari-2008-chakrata:i1,,,,dialect:jaun:sil-jaunsari-2008-chakrata:Chakrata
jaun,,dʒɐ,"go!, he went",,dʒɐ,Appendix A.2 lexical-similarity group 1; Jaunsari,"john2008jaunsari[Appendix A.2, printed p. 73, item 197, Korwa]",,,siljaunsari2008:g197:sil-jaunsari-2008-korwa:i1,,,,dialect:jaun:sil-jaunsari-2008-korwa:Korwa
jaun,,dʒɐ,"go!, he went",,dʒɐ,Appendix A.2 lexical-similarity group 1; Jaunsari,"john2008jaunsari[Appendix A.2, printed p. 73, item 197, Khanaad]",,,siljaunsari2008:g197:sil-jaunsari-2008-khanaad:i1,,,,dialect:jaun:sil-jaunsari-2008-khanaad:Khanaad
jaun,,dʒaj,"go!, he went",,dʒaj,Appendix A.2 lexical-similarity group 1; Jaunsari,"john2008jaunsari[Appendix A.2, printed p. 73, item 197, Chapnu]",,,siljaunsari2008:g197:sil-jaunsari-2008-chapnu:i1,,,,dialect:jaun:sil-jaunsari-2008-chapnu:Chapnu
jaun,,dʒɐ,"go!, he went",,dʒɐ,Appendix A.2 lexical-similarity group 1; Jaunsari-Bawari,"john2008jaunsari[Appendix A.2, printed p. 73, item 197, Bhandroli]",,,siljaunsari2008:g197:sil-jaunsari-2008-bhandroli:i1,,,,dialect:jaun:sil-jaunsari-2008-bhandroli:Bhandroli
jaun,,noʃo,"go!, he went",,noʃo,Appendix A.2 lexical-similarity group 3; Jaunsari-Bawari,"john2008jaunsari[Appendix A.2, printed p. 73, item 197, Maindrath]",,,siljaunsari2008:g197:sil-jaunsari-2008-maindrath:i1,,,,dialect:jaun:sil-jaunsari-2008-maindrath:Maindrath
jaun,,dʒɐ,"go!, he went",,dʒɐ,Appendix A.2 lexical-similarity group 1; Jaunsari-Garhwali border mix,"john2008jaunsari[Appendix A.2, printed p. 73, item 197, Lakhamandal]",,,siljaunsari2008:g197:sil-jaunsari-2008-lakhamandal:i1,,,,dialect:jaun:sil-jaunsari-2008-lakhamandal:Lakhamandal
jaun,,dʒao,"go!, he went",,dʒao,Appendix A.2 lexical-similarity group 1; previous Garhwali survey list,"john2008jaunsari[Appendix A.2, printed p. 73, item 197, Chakrata]",,,siljaunsari2008:g197:sil-jaunsari-2008-chakrata:i1,,,,dialect:jaun:sil-jaunsari-2008-chakrata:Chakrata
jaun,,au,"come!, he came",,au,Appendix A.2 lexical-similarity group 1; Jaunsari,"john2008jaunsari[Appendix A.2, printed p. 73, item 198, Korwa]",,,siljaunsari2008:g198:sil-jaunsari-2008-korwa:i1,,,,dialect:jaun:sil-jaunsari-2008-korwa:Korwa
jaun,,auː,"come!, he came",,auː,Appendix A.2 lexical-similarity group 1; Jaunsari,"john2008jaunsari[Appendix A.2, printed p. 73, item 198, Khanaad]",,,siljaunsari2008:g198:sil-jaunsari-2008-khanaad:i1,,,,dialect:jaun:sil-jaunsari-2008-khanaad:Khanaad
jaun,,au,"come!, he came",,au,Appendix A.2 lexical-similarity group 1; Jaunsari,"john2008jaunsari[Appendix A.2, printed p. 73, item 198, Chapnu]",,,siljaunsari2008:g198:sil-jaunsari-2008-chapnu:i1,,,,dialect:jaun:sil-jaunsari-2008-chapnu:Chapnu
jaun,,au,"come!, he came",,au,Appendix A.2 lexical-similarity group 1; Jaunsari-Bawari,"john2008jaunsari[Appendix A.2, printed p. 73, item 198, Bhandroli]",,,siljaunsari2008:g198:sil-jaunsari-2008-bhandroli:i1,,,,dialect:jaun:sil-jaunsari-2008-bhandroli:Bhandroli
jaun,,ao,"come!, he came",,ao,Appendix A.2 lexical-similarity group 1; Jaunsari-Bawari,"john2008jaunsari[Appendix A.2, printed p. 73, item 198, Maindrath]",,,siljaunsari2008:g198:sil-jaunsari-2008-maindrath:i1,,,,dialect:jaun:sil-jaunsari-2008-maindrath:Maindrath
jaun,,aːu,"come!, he came",,aːu,Appendix A.2 lexical-similarity group 1; Jaunsari-Garhwali border mix,"john2008jaunsari[Appendix A.2, printed p. 73, item 198, Lakhamandal]",,,siljaunsari2008:g198:sil-jaunsari-2008-lakhamandal:i1,,,,dialect:jaun:sil-jaunsari-2008-lakhamandal:Lakhamandal
jaun,,ao,"come!, he came",,ao,Appendix A.2 lexical-similarity group 1; previous Garhwali survey list,"john2008jaunsari[Appendix A.2, printed p. 73, item 198, Chakrata]",,,siljaunsari2008:g198:sil-jaunsari-2008-chakrata:i1,,,,dialect:jaun:sil-jaunsari-2008-chakrata:Chakrata
jaun,,bɔl,"speak!, he spoke",,bɔl,Appendix A.2 lexical-similarity group 1; Jaunsari,"john2008jaunsari[Appendix A.2, printed p. 73, item 199, Korwa]",,,siljaunsari2008:g199:sil-jaunsari-2008-korwa:i1,,,,dialect:jaun:sil-jaunsari-2008-korwa:Korwa
jaun,,bɔl,"speak!, he spoke",,bɔl,Appendix A.2 lexical-similarity group 1; Jaunsari,"john2008jaunsari[Appendix A.2, printed p. 73, item 199, Khanaad]",,,siljaunsari2008:g199:sil-jaunsari-2008-khanaad:i1,,,,dialect:jaun:sil-jaunsari-2008-khanaad:Khanaad
jaun,,bɔl,"speak!, he spoke",,bɔl,Appendix A.2 lexical-similarity group 1; Jaunsari,"john2008jaunsari[Appendix A.2, printed p. 73, item 199, Chapnu]",,,siljaunsari2008:g199:sil-jaunsari-2008-chapnu:i1,,,,dialect:jaun:sil-jaunsari-2008-chapnu:Chapnu
jaun,,bɔl,"speak!, he spoke",,bɔl,Appendix A.2 lexical-similarity group 1; Jaunsari-Bawari,"john2008jaunsari[Appendix A.2, printed p. 73, item 199, Bhandroli]",,,siljaunsari2008:g199:sil-jaunsari-2008-bhandroli:i1,,,,dialect:jaun:sil-jaunsari-2008-bhandroli:Bhandroli
jaun,,bolo,"speak!, he spoke",,bolo,Appendix A.2 lexical-similarity group 1; Jaunsari-Bawari,"john2008jaunsari[Appendix A.2, printed p. 73, item 199, Maindrath]",,,siljaunsari2008:g199:sil-jaunsari-2008-maindrath:i1,,,,dialect:jaun:sil-jaunsari-2008-maindrath:Maindrath
jaun,,bɔl,"speak!, he spoke",,bɔl,Appendix A.2 lexical-similarity group 1; Jaunsari-Garhwali border mix,"john2008jaunsari[Appendix A.2, printed p. 73, item 199, Lakhamandal]",,,siljaunsari2008:g199:sil-jaunsari-2008-lakhamandal:i1,,,,dialect:jaun:sil-jaunsari-2008-lakhamandal:Lakhamandal
jaun,,bolo,"speak!, he spoke",,bolo,Appendix A.2 lexical-similarity group 1; previous Garhwali survey list,"john2008jaunsari[Appendix A.2, printed p. 73, item 199, Chakrata]",,,siljaunsari2008:g199:sil-jaunsari-2008-chakrata:i1,,,,dialect:jaun:sil-jaunsari-2008-chakrata:Chakrata
jaun,,çuɳə,"listen!, he heard",,çuɳə,Appendix A.2 lexical-similarity group 1; Jaunsari,"john2008jaunsari[Appendix A.2, printed p. 73, item 200, Korwa]",,,siljaunsari2008:g200:sil-jaunsari-2008-korwa:i1,,,,dialect:jaun:sil-jaunsari-2008-korwa:Korwa
jaun,,suɳə,"listen!, he heard",,suɳə,Appendix A.2 lexical-similarity group 1; Jaunsari,"john2008jaunsari[Appendix A.2, printed p. 73, item 200, Khanaad]",,,siljaunsari2008:g200:sil-jaunsari-2008-khanaad:i1,,,,dialect:jaun:sil-jaunsari-2008-khanaad:Khanaad
jaun,,çuɳə,"listen!, he heard",,çuɳə,Appendix A.2 lexical-similarity group 1; Jaunsari,"john2008jaunsari[Appendix A.2, printed p. 73, item 200, Chapnu]",,,siljaunsari2008:g200:sil-jaunsari-2008-chapnu:i1,,,,dialect:jaun:sil-jaunsari-2008-chapnu:Chapnu
jaun,,çuɳi,"listen!, he heard",,çuɳi,Appendix A.2 lexical-similarity group 1; Jaunsari-Bawari,"john2008jaunsari[Appendix A.2, printed p. 73, item 200, Bhandroli]",,,siljaunsari2008:g200:sil-jaunsari-2008-bhandroli:i1,,,,dialect:jaun:sil-jaunsari-2008-bhandroli:Bhandroli
jaun,,suɳo,"listen!, he heard",,suɳo,Appendix A.2 lexical-similarity group 1; Jaunsari-Bawari,"john2008jaunsari[Appendix A.2, printed p. 73, item 200, Maindrath]",,,siljaunsari2008:g200:sil-jaunsari-2008-maindrath:i1,,,,dialect:jaun:sil-jaunsari-2008-maindrath:Maindrath
jaun,,suɳ,"listen!, he heard",,suɳ,Appendix A.2 lexical-similarity group 1; Jaunsari-Garhwali border mix,"john2008jaunsari[Appendix A.2, printed p. 73, item 200, Lakhamandal]",,,siljaunsari2008:g200:sil-jaunsari-2008-lakhamandal:i1,,,,dialect:jaun:sil-jaunsari-2008-lakhamandal:Lakhamandal
jaun,,suno,"listen!, he heard",,suno,Appendix A.2 lexical-similarity group 1; previous Garhwali survey list,"john2008jaunsari[Appendix A.2, printed p. 73, item 200, Chakrata]",,,siljaunsari2008:g200:sil-jaunsari-2008-chakrata:i1,,,,dialect:jaun:sil-jaunsari-2008-chakrata:Chakrata
jaun,,d̪ekh,"look!, he saw",,d̪ekh,Appendix A.2 lexical-similarity group 1; Jaunsari,"john2008jaunsari[Appendix A.2, printed p. 73, item 201, Korwa]",,,siljaunsari2008:g201:sil-jaunsari-2008-korwa:i1,,,,dialect:jaun:sil-jaunsari-2008-korwa:Korwa
jaun,,heɾ,"look!, he saw",,heɾ,Appendix A.2 lexical-similarity group 2; Jaunsari,"john2008jaunsari[Appendix A.2, printed p. 73, item 201, Korwa]",,,siljaunsari2008:g201:sil-jaunsari-2008-korwa:i2,,,,dialect:jaun:sil-jaunsari-2008-korwa:Korwa
jaun,,d̪ekh,"look!, he saw",,d̪ekh,Appendix A.2 lexical-similarity group 1; Jaunsari,"john2008jaunsari[Appendix A.2, printed p. 73, item 201, Khanaad]",,,siljaunsari2008:g201:sil-jaunsari-2008-khanaad:i1,,,,dialect:jaun:sil-jaunsari-2008-khanaad:Khanaad
jaun,,d̪ekh,"look!, he saw",,d̪ekh,Appendix A.2 lexical-similarity group 1; Jaunsari,"john2008jaunsari[Appendix A.2, printed p. 73, item 201, Chapnu]",,,siljaunsari2008:g201:sil-jaunsari-2008-chapnu:i1,,,,dialect:jaun:sil-jaunsari-2008-chapnu:Chapnu
jaun,,d̪ekh,"look!, he saw",,d̪ekh,Appendix A.2 lexical-similarity group 1; Jaunsari-Bawari,"john2008jaunsari[Appendix A.2, printed p. 73, item 201, Bhandroli]",,,siljaunsari2008:g201:sil-jaunsari-2008-bhandroli:i1,,,,dialect:jaun:sil-jaunsari-2008-bhandroli:Bhandroli
jaun,,d̪ekho,"look!, he saw",,d̪ekho,Appendix A.2 lexical-similarity group 1; Jaunsari-Bawari,"john2008jaunsari[Appendix A.2, printed p. 73, item 201, Maindrath]",,,siljaunsari2008:g201:sil-jaunsari-2008-maindrath:i1,,,,dialect:jaun:sil-jaunsari-2008-maindrath:Maindrath
jaun,,heɾ,"look!, he saw",,heɾ,Appendix A.2 lexical-similarity group 2; Jaunsari-Garhwali border mix,"john2008jaunsari[Appendix A.2, printed p. 73, item 201, Lakhamandal]",,,siljaunsari2008:g201:sil-jaunsari-2008-lakhamandal:i1,,,,dialect:jaun:sil-jaunsari-2008-lakhamandal:Lakhamandal
jaun,,d̪ekho,"look!, he saw",,d̪ekho,Appendix A.2 lexical-similarity group 1; previous Garhwali survey list,"john2008jaunsari[Appendix A.2, printed p. 73, item 201, Chakrata]",,,siljaunsari2008:g201:sil-jaunsari-2008-chakrata:i1,,,,dialect:jaun:sil-jaunsari-2008-chakrata:Chakrata
jaun,,mɛ,I (1st sg),,mɛ,Appendix A.2 lexical-similarity group 1; Jaunsari,"john2008jaunsari[Appendix A.2, printed p. 73, item 202, Korwa]",,,siljaunsari2008:g202:sil-jaunsari-2008-korwa:i1,,,,dialect:jaun:sil-jaunsari-2008-korwa:Korwa
jaun,,au,I (1st sg),,au,Appendix A.2 lexical-similarity group 3; Jaunsari,"john2008jaunsari[Appendix A.2, printed p. 73, item 202, Korwa]",,,siljaunsari2008:g202:sil-jaunsari-2008-korwa:i2,,,,dialect:jaun:sil-jaunsari-2008-korwa:Korwa
jaun,,au,I (1st sg),,au,Appendix A.2 lexical-similarity group 3; Jaunsari,"john2008jaunsari[Appendix A.2, printed p. 73, item 202, Khanaad]",,,siljaunsari2008:g202:sil-jaunsari-2008-khanaad:i1,,,,dialect:jaun:sil-jaunsari-2008-khanaad:Khanaad
jaun,,au,I (1st sg),,au,Appendix A.2 lexical-similarity group 3; Jaunsari,"john2008jaunsari[Appendix A.2, printed p. 73, item 202, Chapnu]",,,siljaunsari2008:g202:sil-jaunsari-2008-chapnu:i1,,,,dialect:jaun:sil-jaunsari-2008-chapnu:Chapnu
jaun,,au,I (1st sg),,au,Appendix A.2 lexical-similarity group 3; Jaunsari-Bawari,"john2008jaunsari[Appendix A.2, printed p. 73, item 202, Bhandroli]",,,siljaunsari2008:g202:sil-jaunsari-2008-bhandroli:i1,,,,dialect:jaun:sil-jaunsari-2008-bhandroli:Bhandroli
jaun,,bɐu,I (1st sg),,bɐu,Appendix A.2 lexical-similarity group 4; Jaunsari-Bawari,"john2008jaunsari[Appendix A.2, printed p. 73, item 202, Maindrath]",,,siljaunsari2008:g202:sil-jaunsari-2008-maindrath:i1,,,,dialect:jaun:sil-jaunsari-2008-maindrath:Maindrath
jaun,,mɔj,I (1st sg),,mɔj,Appendix A.2 lexical-similarity group 2; Jaunsari-Garhwali border mix,"john2008jaunsari[Appendix A.2, printed p. 73, item 202, Lakhamandal]",,,siljaunsari2008:g202:sil-jaunsari-2008-lakhamandal:i1,,,,dialect:jaun:sil-jaunsari-2008-lakhamandal:Lakhamandal
jaun,,au,I (1st sg),,au,Appendix A.2 lexical-similarity group 3; previous Garhwali survey list,"john2008jaunsari[Appendix A.2, printed p. 73, item 202, Chakrata]",,,siljaunsari2008:g202:sil-jaunsari-2008-chakrata:i1,,,,dialect:jaun:sil-jaunsari-2008-chakrata:Chakrata
jaun,,t̪u,"you (2nd sg, informal)",,t̪u,Appendix A.2 lexical-similarity group 2; Jaunsari,"john2008jaunsari[Appendix A.2, printed p. 74, item 203, Korwa]",,,siljaunsari2008:g203:sil-jaunsari-2008-korwa:i1,,,,dialect:jaun:sil-jaunsari-2008-korwa:Korwa
jaun,,t̪u,"you (2nd sg, informal)",,t̪u,Appendix A.2 lexical-similarity group 2; Jaunsari,"john2008jaunsari[Appendix A.2, printed p. 74, item 203, Khanaad]",,,siljaunsari2008:g203:sil-jaunsari-2008-khanaad:i1,,,,dialect:jaun:sil-jaunsari-2008-khanaad:Khanaad
jaun,,t̪u,"you (2nd sg, informal)",,t̪u,Appendix A.2 lexical-similarity group 2; Jaunsari,"john2008jaunsari[Appendix A.2, printed p. 74, item 203, Chapnu]",,,siljaunsari2008:g203:sil-jaunsari-2008-chapnu:i1,,,,dialect:jaun:sil-jaunsari-2008-chapnu:Chapnu
jaun,,t̪u,"you (2nd sg, informal)",,t̪u,Appendix A.2 lexical-similarity group 2; Jaunsari-Bawari,"john2008jaunsari[Appendix A.2, printed p. 74, item 203, Bhandroli]",,,siljaunsari2008:g203:sil-jaunsari-2008-bhandroli:i1,,,,dialect:jaun:sil-jaunsari-2008-bhandroli:Bhandroli
jaun,,t̪u,"you (2nd sg, informal)",,t̪u,Appendix A.2 lexical-similarity group 2; Jaunsari-Bawari,"john2008jaunsari[Appendix A.2, printed p. 74, item 203, Maindrath]",,,siljaunsari2008:g203:sil-jaunsari-2008-maindrath:i1,,,,dialect:jaun:sil-jaunsari-2008-maindrath:Maindrath
jaun,,t̪u,"you (2nd sg, informal)",,t̪u,Appendix A.2 lexical-similarity group 2; Jaunsari-Garhwali border mix,"john2008jaunsari[Appendix A.2, printed p. 74, item 203, Lakhamandal]",,,siljaunsari2008:g203:sil-jaunsari-2008-lakhamandal:i1,,,,dialect:jaun:sil-jaunsari-2008-lakhamandal:Lakhamandal
jaun,,t̪u,"you (2nd sg, informal)",,t̪u,Appendix A.2 lexical-similarity group 2; previous Garhwali survey list,"john2008jaunsari[Appendix A.2, printed p. 74, item 203, Chakrata]",,,siljaunsari2008:g203:sil-jaunsari-2008-chakrata:i1,,,,dialect:jaun:sil-jaunsari-2008-chakrata:Chakrata
jaun,,t̪u,"you (2nd sg, formal)",,t̪u,Appendix A.2 lexical-similarity group 2; Jaunsari,"john2008jaunsari[Appendix A.2, printed p. 74, item 204, Korwa]",,,siljaunsari2008:g204:sil-jaunsari-2008-korwa:i1,,,,dialect:jaun:sil-jaunsari-2008-korwa:Korwa
jaun,,t̪um,"you (2nd sg, formal)",,t̪um,Appendix A.2 lexical-similarity group 3; Jaunsari,"john2008jaunsari[Appendix A.2, printed p. 74, item 204, Khanaad]",,,siljaunsari2008:g204:sil-jaunsari-2008-khanaad:i1,,,,dialect:jaun:sil-jaunsari-2008-khanaad:Khanaad
jaun,,t̪ũɛ,"you (2nd sg, formal)",,t̪ũɛ,Appendix A.2 lexical-similarity group 2; Jaunsari,"john2008jaunsari[Appendix A.2, printed p. 74, item 204, Chapnu]",,,siljaunsari2008:g204:sil-jaunsari-2008-chapnu:i1,,,,dialect:jaun:sil-jaunsari-2008-chapnu:Chapnu
jaun,,t̪u,"you (2nd sg, formal)",,t̪u,Appendix A.2 lexical-similarity group 2; Jaunsari-Bawari,"john2008jaunsari[Appendix A.2, printed p. 74, item 204, Bhandroli]",,,siljaunsari2008:g204:sil-jaunsari-2008-bhandroli:i1,,,,dialect:jaun:sil-jaunsari-2008-bhandroli:Bhandroli
jaun,,t̪um,"you (2nd sg, formal)",,t̪um,Appendix A.2 lexical-similarity group 3; Jaunsari-Bawari,"john2008jaunsari[Appendix A.2, printed p. 74, item 204, Maindrath]",,,siljaunsari2008:g204:sil-jaunsari-2008-maindrath:i1,,,,dialect:jaun:sil-jaunsari-2008-maindrath:Maindrath
jaun,,t̪um,"you (2nd sg, formal)",,t̪um,Appendix A.2 lexical-similarity group 3; Jaunsari-Garhwali border mix,"john2008jaunsari[Appendix A.2, printed p. 74, item 204, Lakhamandal]",,,siljaunsari2008:g204:sil-jaunsari-2008-lakhamandal:i1,,,,dialect:jaun:sil-jaunsari-2008-lakhamandal:Lakhamandal
jaun,,t̪um,"you (2nd sg, formal)",,t̪um,Appendix A.2 lexical-similarity group 3; previous Garhwali survey list,"john2008jaunsari[Appendix A.2, printed p. 74, item 204, Chakrata]",,,siljaunsari2008:g204:sil-jaunsari-2008-chakrata:i1,,,,dialect:jaun:sil-jaunsari-2008-chakrata:Chakrata
jaun,,ẽ,"he (3rd sg, masculine)",,ẽ,Appendix A.2 lexical-similarity group 2; Jaunsari,"john2008jaunsari[Appendix A.2, printed p. 74, item 205, Korwa]",,,siljaunsari2008:g205:sil-jaunsari-2008-korwa:i1,,,,dialect:jaun:sil-jaunsari-2008-korwa:Korwa
jaun,,aː,"he (3rd sg, masculine)",,aː,Appendix A.2 lexical-similarity group 4; Jaunsari,"john2008jaunsari[Appendix A.2, printed p. 74, item 205, Khanaad]",,,siljaunsari2008:g205:sil-jaunsari-2008-khanaad:i1,,,,dialect:jaun:sil-jaunsari-2008-khanaad:Khanaad
jaun,,ẽ,"he (3rd sg, masculine)",,ẽ,Appendix A.2 lexical-similarity group 2; Jaunsari,"john2008jaunsari[Appendix A.2, printed p. 74, item 205, Chapnu]",,,siljaunsari2008:g205:sil-jaunsari-2008-chapnu:i1,,,,dialect:jaun:sil-jaunsari-2008-chapnu:Chapnu
jaun,,je,"he (3rd sg, masculine)",,je,Appendix A.2 lexical-similarity group 2; Jaunsari-Bawari,"john2008jaunsari[Appendix A.2, printed p. 74, item 205, Bhandroli]",,,siljaunsari2008:g205:sil-jaunsari-2008-bhandroli:i1,,,,dialect:jaun:sil-jaunsari-2008-bhandroli:Bhandroli
jaun,,je,"he (3rd sg, masculine)",,je,Appendix A.2 lexical-similarity group 3; Jaunsari-Bawari,"john2008jaunsari[Appendix A.2, printed p. 74, item 205, Bhandroli]",,,siljaunsari2008:g205:sil-jaunsari-2008-bhandroli:i2,,,,dialect:jaun:sil-jaunsari-2008-bhandroli:Bhandroli
jaun,,eũ,"he (3rd sg, masculine)",,eũ,Appendix A.2 lexical-similarity group 2; Jaunsari-Bawari,"john2008jaunsari[Appendix A.2, printed p. 74, item 205, Maindrath]",,,siljaunsari2008:g205:sil-jaunsari-2008-maindrath:i1,,,,dialect:jaun:sil-jaunsari-2008-maindrath:Maindrath
jaun,,sɔ,"he (3rd sg, masculine)",,sɔ,Appendix A.2 lexical-similarity group 5; Jaunsari-Garhwali border mix,"john2008jaunsari[Appendix A.2, printed p. 74, item 205, Lakhamandal]",,,siljaunsari2008:g205:sil-jaunsari-2008-lakhamandal:i1,,,,dialect:jaun:sil-jaunsari-2008-lakhamandal:Lakhamandal
jaun,,sa,"he (3rd sg, masculine)",,sa,Appendix A.2 lexical-similarity group 6; previous Garhwali survey list,"john2008jaunsari[Appendix A.2, printed p. 74, item 205, Chakrata]",,,siljaunsari2008:g205:sil-jaunsari-2008-chakrata:i1,,,,dialect:jaun:sil-jaunsari-2008-chakrata:Chakrata
jaun,,ej,"she (3rd sg, feminine)",,ej,Appendix A.2 lexical-similarity group 2; Jaunsari,"john2008jaunsari[Appendix A.2, printed p. 74, item 206, Korwa]",,,siljaunsari2008:g206:sil-jaunsari-2008-korwa:i1,,,,dialect:jaun:sil-jaunsari-2008-korwa:Korwa
jaun,,jɛ,"she (3rd sg, feminine)",,jɛ,Appendix A.2 lexical-similarity group 2; Jaunsari,"john2008jaunsari[Appendix A.2, printed p. 74, item 206, Khanaad]",,,siljaunsari2008:g206:sil-jaunsari-2008-khanaad:i1,,,,dialect:jaun:sil-jaunsari-2008-khanaad:Khanaad
jaun,,iː,"she (3rd sg, feminine)",,iː,Appendix A.2 lexical-similarity group 5; Jaunsari,"john2008jaunsari[Appendix A.2, printed p. 74, item 206, Chapnu]",,,siljaunsari2008:g206:sil-jaunsari-2008-chapnu:i1,,,,dialect:jaun:sil-jaunsari-2008-chapnu:Chapnu
jaun,,jei,"she (3rd sg, feminine)",,jei,Appendix A.2 lexical-similarity group 2; Jaunsari-Bawari,"john2008jaunsari[Appendix A.2, printed p. 74, item 206, Bhandroli]",,,siljaunsari2008:g206:sil-jaunsari-2008-bhandroli:i1,,,,dialect:jaun:sil-jaunsari-2008-bhandroli:Bhandroli
jaun,,ej,"she (3rd sg, feminine)",,ej,Appendix A.2 lexical-similarity group 2; Jaunsari-Bawari,"john2008jaunsari[Appendix A.2, printed p. 74, item 206, Maindrath]",,,siljaunsari2008:g206:sil-jaunsari-2008-maindrath:i1,,,,dialect:jaun:sil-jaunsari-2008-maindrath:Maindrath
jaun,,sɛ,"she (3rd sg, feminine)",,sɛ,Appendix A.2 lexical-similarity group 4; Jaunsari-Garhwali border mix,"john2008jaunsari[Appendix A.2, printed p. 74, item 206, Lakhamandal]",,,siljaunsari2008:g206:sil-jaunsari-2008-lakhamandal:i1,,,,dialect:jaun:sil-jaunsari-2008-lakhamandal:Lakhamandal
jaun,,se,"she (3rd sg, feminine)",,se,Appendix A.2 lexical-similarity group 4; previous Garhwali survey list,"john2008jaunsari[Appendix A.2, printed p. 74, item 206, Chakrata]",,,siljaunsari2008:g206:sil-jaunsari-2008-chakrata:i1,,,,dialect:jaun:sil-jaunsari-2008-chakrata:Chakrata
jaun,,hɐm,"we (1st pl, inclusive)",,hɐm,Appendix A.2 lexical-similarity group 1; Jaunsari,"john2008jaunsari[Appendix A.2, printed p. 74, item 207, Korwa]",,,siljaunsari2008:g207:sil-jaunsari-2008-korwa:i1,,,,dialect:jaun:sil-jaunsari-2008-korwa:Korwa
jaun,,ɐm,"we (1st pl, inclusive)",,ɐm,Appendix A.2 lexical-similarity group 1; Jaunsari,"john2008jaunsari[Appendix A.2, printed p. 74, item 207, Khanaad]",,,siljaunsari2008:g207:sil-jaunsari-2008-khanaad:i1,,,,dialect:jaun:sil-jaunsari-2008-khanaad:Khanaad
jaun,,hɐmɛ,"we (1st pl, inclusive)",,hɐmɛ,Appendix A.2 lexical-similarity group 1; Jaunsari,"john2008jaunsari[Appendix A.2, printed p. 74, item 207, Chapnu]",,,siljaunsari2008:g207:sil-jaunsari-2008-chapnu:i1,,,,dialect:jaun:sil-jaunsari-2008-chapnu:Chapnu
jaun,,hɐmɛ,"we (1st pl, inclusive)",,hɐmɛ,Appendix A.2 lexical-similarity group 2; Jaunsari,"john2008jaunsari[Appendix A.2, printed p. 74, item 207, Chapnu]",,,siljaunsari2008:g207:sil-jaunsari-2008-chapnu:i2,,,,dialect:jaun:sil-jaunsari-2008-chapnu:Chapnu
jaun,,hɐm,"we (1st pl, inclusive)",,hɐm,Appendix A.2 lexical-similarity group 1; Jaunsari-Bawari,"john2008jaunsari[Appendix A.2, printed p. 74, item 207, Bhandroli]",,,siljaunsari2008:g207:sil-jaunsari-2008-bhandroli:i1,,,,dialect:jaun:sil-jaunsari-2008-bhandroli:Bhandroli
jaun,,amɛ,"we (1st pl, inclusive)",,amɛ,Appendix A.2 lexical-similarity group 1; Jaunsari-Bawari,"john2008jaunsari[Appendix A.2, printed p. 74, item 207, Maindrath]",,,siljaunsari2008:g207:sil-jaunsari-2008-maindrath:i1,,,,dialect:jaun:sil-jaunsari-2008-maindrath:Maindrath
jaun,,amɛ,"we (1st pl, inclusive)",,amɛ,Appendix A.2 lexical-similarity group 2; Jaunsari-Bawari,"john2008jaunsari[Appendix A.2, printed p. 74, item 207, Maindrath]",,,siljaunsari2008:g207:sil-jaunsari-2008-maindrath:i2,,,,dialect:jaun:sil-jaunsari-2008-maindrath:Maindrath
jaun,,ɐm,"we (1st pl, inclusive)",,ɐm,Appendix A.2 lexical-similarity group 1; Jaunsari-Garhwali border mix,"john2008jaunsari[Appendix A.2, printed p. 74, item 207, Lakhamandal]",,,siljaunsari2008:g207:sil-jaunsari-2008-lakhamandal:i1,,,,dialect:jaun:sil-jaunsari-2008-lakhamandal:Lakhamandal
jaun,,amɛ,"we (1st pl, inclusive)",,amɛ,Appendix A.2 lexical-similarity group 1; previous Garhwali survey list,"john2008jaunsari[Appendix A.2, printed p. 74, item 207, Chakrata]",,,siljaunsari2008:g207:sil-jaunsari-2008-chakrata:i1,,,,dialect:jaun:sil-jaunsari-2008-chakrata:Chakrata
jaun,,amɛ,"we (1st pl, inclusive)",,amɛ,Appendix A.2 lexical-similarity group 2; previous Garhwali survey list,"john2008jaunsari[Appendix A.2, printed p. 74, item 207, Chakrata]",,,siljaunsari2008:g207:sil-jaunsari-2008-chakrata:i2,,,,dialect:jaun:sil-jaunsari-2008-chakrata:Chakrata
jaun,,hɐm d̪uj,"we (1st pl, exclusive)",,hɐm d̪uj,Appendix A.2 lexical-similarity group 1; Jaunsari,"john2008jaunsari[Appendix A.2, printed p. 74, item 208, Korwa]",,,siljaunsari2008:g208:sil-jaunsari-2008-korwa:i1,,,,dialect:jaun:sil-jaunsari-2008-korwa:Korwa
jaun,,ɐmɛ,"we (1st pl, exclusive)",,ɐmɛ,Appendix A.2 lexical-similarity group 1; Jaunsari,"john2008jaunsari[Appendix A.2, printed p. 74, item 208, Khanaad]",,,siljaunsari2008:g208:sil-jaunsari-2008-khanaad:i1,,,,dialect:jaun:sil-jaunsari-2008-khanaad:Khanaad
jaun,,ɐmɛ,"we (1st pl, exclusive)",,ɐmɛ,Appendix A.2 lexical-similarity group 2; Jaunsari,"john2008jaunsari[Appendix A.2, printed p. 74, item 208, Khanaad]",,,siljaunsari2008:g208:sil-jaunsari-2008-khanaad:i2,,,,dialect:jaun:sil-jaunsari-2008-khanaad:Khanaad
jaun,,hɐmɛ,"we (1st pl, exclusive)",,hɐmɛ,Appendix A.2 lexical-similarity group 1; Jaunsari,"john2008jaunsari[Appendix A.2, printed p. 74, item 208, Chapnu]",,,siljaunsari2008:g208:sil-jaunsari-2008-chapnu:i1,,,,dialect:jaun:sil-jaunsari-2008-chapnu:Chapnu
jaun,,hɐmɛ,"we (1st pl, exclusive)",,hɐmɛ,Appendix A.2 lexical-similarity group 2; Jaunsari,"john2008jaunsari[Appendix A.2, printed p. 74, item 208, Chapnu]",,,siljaunsari2008:g208:sil-jaunsari-2008-chapnu:i2,,,,dialect:jaun:sil-jaunsari-2008-chapnu:Chapnu
jaun,,hɐm,"we (1st pl, exclusive)",,hɐm,Appendix A.2 lexical-similarity group 1; Jaunsari-Bawari,"john2008jaunsari[Appendix A.2, printed p. 74, item 208, Bhandroli]",,,siljaunsari2008:g208:sil-jaunsari-2008-bhandroli:i1,,,,dialect:jaun:sil-jaunsari-2008-bhandroli:Bhandroli
jaun,,amɛ d̪uj,"we (1st pl, exclusive)",,amɛ d̪uj,Appendix A.2 lexical-similarity group 1; Jaunsari-Bawari,"john2008jaunsari[Appendix A.2, printed p. 74, item 208, Maindrath]",,,siljaunsari2008:g208:sil-jaunsari-2008-maindrath:i1,,,,dialect:jaun:sil-jaunsari-2008-maindrath:Maindrath
jaun,,amɛ d̪uj,"we (1st pl, exclusive)",,amɛ d̪uj,Appendix A.2 lexical-similarity group 2; Jaunsari-Bawari,"john2008jaunsari[Appendix A.2, printed p. 74, item 208, Maindrath]",,,siljaunsari2008:g208:sil-jaunsari-2008-maindrath:i2,,,,dialect:jaun:sil-jaunsari-2008-maindrath:Maindrath
jaun,,ɐm d̪uji,"we (1st pl, exclusive)",,ɐm d̪uji,Appendix A.2 lexical-similarity group 1; Jaunsari-Garhwali border mix,"john2008jaunsari[Appendix A.2, printed p. 74, item 208, Lakhamandal]",,,siljaunsari2008:g208:sil-jaunsari-2008-lakhamandal:i1,,,,dialect:jaun:sil-jaunsari-2008-lakhamandal:Lakhamandal
jaun,,ame d̪ujaɪ,"we (1st pl, exclusive)",,ame d̪ujaɪ,Appendix A.2 lexical-similarity group 1; previous Garhwali survey list,"john2008jaunsari[Appendix A.2, printed p. 74, item 208, Chakrata]",,,siljaunsari2008:g208:sil-jaunsari-2008-chakrata:i1,,,,dialect:jaun:sil-jaunsari-2008-chakrata:Chakrata
jaun,,ame d̪ujaɪ,"we (1st pl, exclusive)",,ame d̪ujaɪ,Appendix A.2 lexical-similarity group 2; previous Garhwali survey list,"john2008jaunsari[Appendix A.2, printed p. 74, item 208, Chakrata]",,,siljaunsari2008:g208:sil-jaunsari-2008-chakrata:i2,,,,dialect:jaun:sil-jaunsari-2008-chakrata:Chakrata
jaun,,t̪um,you (2nd pl),,t̪um,Appendix A.2 lexical-similarity group 1; Jaunsari,"john2008jaunsari[Appendix A.2, printed p. 75, item 209, Korwa]",,,siljaunsari2008:g209:sil-jaunsari-2008-korwa:i1,,,,dialect:jaun:sil-jaunsari-2008-korwa:Korwa
jaun,,t̪um,you (2nd pl),,t̪um,Appendix A.2 lexical-similarity group 1; Jaunsari,"john2008jaunsari[Appendix A.2, printed p. 75, item 209, Khanaad]",,,siljaunsari2008:g209:sil-jaunsari-2008-khanaad:i1,,,,dialect:jaun:sil-jaunsari-2008-khanaad:Khanaad
jaun,,t̪ũɛ,you (2nd pl),,t̪ũɛ,Appendix A.2 lexical-similarity group 2; Jaunsari,"john2008jaunsari[Appendix A.2, printed p. 75, item 209, Chapnu]",,,siljaunsari2008:g209:sil-jaunsari-2008-chapnu:i1,,,,dialect:jaun:sil-jaunsari-2008-chapnu:Chapnu
jaun,,t̪um,you (2nd pl),,t̪um,Appendix A.2 lexical-similarity group 1; Jaunsari-Bawari,"john2008jaunsari[Appendix A.2, printed p. 75, item 209, Bhandroli]",,,siljaunsari2008:g209:sil-jaunsari-2008-bhandroli:i1,,,,dialect:jaun:sil-jaunsari-2008-bhandroli:Bhandroli
jaun,,t̪um,you (2nd pl),,t̪um,Appendix A.2 lexical-similarity group 1; Jaunsari-Bawari,"john2008jaunsari[Appendix A.2, printed p. 75, item 209, Maindrath]",,,siljaunsari2008:g209:sil-jaunsari-2008-maindrath:i1,,,,dialect:jaun:sil-jaunsari-2008-maindrath:Maindrath
jaun,,t̪um,you (2nd pl),,t̪um,Appendix A.2 lexical-similarity group 1; Jaunsari-Garhwali border mix,"john2008jaunsari[Appendix A.2, printed p. 75, item 209, Lakhamandal]",,,siljaunsari2008:g209:sil-jaunsari-2008-lakhamandal:i1,,,,dialect:jaun:sil-jaunsari-2008-lakhamandal:Lakhamandal
jaun,,t̪u,you (2nd pl),,t̪u,Appendix A.2 lexical-similarity group 2; previous Garhwali survey list,"john2008jaunsari[Appendix A.2, printed p. 75, item 209, Chakrata]",,,siljaunsari2008:g209:sil-jaunsari-2008-chakrata:i1,,,,dialect:jaun:sil-jaunsari-2008-chakrata:Chakrata
jaun,,je,they (3rd pl),,je,Appendix A.2 lexical-similarity group 2; Jaunsari,"john2008jaunsari[Appendix A.2, printed p. 75, item 210, Korwa]",,,siljaunsari2008:g210:sil-jaunsari-2008-korwa:i1,,,,dialect:jaun:sil-jaunsari-2008-korwa:Korwa
jaun,,jɛ,they (3rd pl),,jɛ,Appendix A.2 lexical-similarity group 2; Jaunsari,"john2008jaunsari[Appendix A.2, printed p. 75, item 210, Khanaad]",,,siljaunsari2008:g210:sil-jaunsari-2008-khanaad:i1,,,,dialect:jaun:sil-jaunsari-2008-khanaad:Khanaad
jaun,,seu,they (3rd pl),,seu,Appendix A.2 lexical-similarity group 3; Jaunsari,"john2008jaunsari[Appendix A.2, printed p. 75, item 210, Chapnu]",,,siljaunsari2008:g210:sil-jaunsari-2008-chapnu:i1,,,,dialect:jaun:sil-jaunsari-2008-chapnu:Chapnu
jaun,,jɛ,they (3rd pl),,jɛ,Appendix A.2 lexical-similarity group 2; Jaunsari-Bawari,"john2008jaunsari[Appendix A.2, printed p. 75, item 210, Bhandroli]",,,siljaunsari2008:g210:sil-jaunsari-2008-bhandroli:i1,,,,dialect:jaun:sil-jaunsari-2008-bhandroli:Bhandroli
jaun,,jɛ dʒɛ,they (3rd pl),,jɛ dʒɛ,Appendix A.2 lexical-similarity group 2; Jaunsari-Bawari,"john2008jaunsari[Appendix A.2, printed p. 75, item 210, Maindrath]",,,siljaunsari2008:g210:sil-jaunsari-2008-maindrath:i1,,,,dialect:jaun:sil-jaunsari-2008-maindrath:Maindrath
jaun,,jɛ dʒɛ,they (3rd pl),,jɛ dʒɛ,Appendix A.2 lexical-similarity group 4; Jaunsari-Bawari,"john2008jaunsari[Appendix A.2, printed p. 75, item 210, Maindrath]",,,siljaunsari2008:g210:sil-jaunsari-2008-maindrath:i2,,,,dialect:jaun:sil-jaunsari-2008-maindrath:Maindrath
jaun,,sɛ,they (3rd pl),,sɛ,Appendix A.2 lexical-similarity group 3; Jaunsari-Garhwali border mix,"john2008jaunsari[Appendix A.2, printed p. 75, item 210, Lakhamandal]",,,siljaunsari2008:g210:sil-jaunsari-2008-lakhamandal:i1,,,,dialect:jaun:sil-jaunsari-2008-lakhamandal:Lakhamandal
jaun,,sədʒe,they (3rd pl),,sədʒe,Appendix A.2 lexical-similarity group 4; previous Garhwali survey list,"john2008jaunsari[Appendix A.2, printed p. 75, item 210, Chakrata]",,,siljaunsari2008:g210:sil-jaunsari-2008-chakrata:i1,,,,dialect:jaun:sil-jaunsari-2008-chakrata:Chakrata
