OSi,,a,"come, arrived",,,"Sigiri PDF p. 431 (printed p. 423), column 1; OCR entry: Eo at, prt. (a.) of ve? [Skt. āgata, e.f. āt; cf. Dhag. 98], come, arrived, 48, 59, 70, 74, 80, 120, 175, 234, 313, 420, 450, 681 [35]. See amaha, ami, ay, aya, ayi— ayimi, ayun—ayuyun, ava, avan, ave, and ayen.",paranavitana
OSi,,a,when come,,,"Sigiri PDF p. 431 (printed p. 423), column 1; OCR entry: a?, cond, of ve? [Skt. ägate, e.f. ā?], when come, 402.",paranavitana
OSi,,a,,,,"Sigiri PDF p. 431 (printed p. 423), column 1; OCR entry: að, orth. var. of ä, see vänna,; auto-review: missing_gloss",paranavitana
OSi,,at,"interjection implying surprise, anger, joy, recollection, &c. Ahl Oh!",,,"Sigiri PDF p. 431 (printed p. 423), column 1; OCR entry: at, indec. [Skt. äs, e.f. ā°], interjection implying surprise, anger, joy, recollection, &c. Ahl Oh!, 38, 42, 80, 126, 127, 159, 251, 270, 381, 384, 439, 464, 506, 531, 619, 635.",paranavitana
OSi,,at,,,,"Sigiri PDF p. 431 (printed p. 423), column 1; OCR entry: at, neg. pref. ; ayaha.; auto-review: missing_gloss;low_ocr_confidence",paranavitana
OSi,,ak,end,,,"Sigiri PDF p. 431 (printed p. 423), column 1; OCR entry: ak, s. [Skt. agra, P. agga; cf. akmul, Dhpr. 69], end. See nätak.",paranavitana
OSi,,akamayavaya,,,,"Sigiri PDF p. 431 (printed p. 423), column 1; OCR entry: akamayavaya, op. of vb. derived from Skt. vkşjam, may you forgive, 143, 250.; auto-review: missing_gloss",paranavitana
OSi,,akara,sprout,,,"Sigiri PDF p. 431 (printed p. 423), column 1; OCR entry: akara, s. [Skt. arkura; cf. Ksm., v. 411], sprout, 106; loc, akare, 580.",paranavitana
OSi,,akusu,[Skt. amıkuśa,,,"Sigiri PDF p. 431 (printed p. 423), column 1; OCR entry: akusu, s. [Skt. amıkuśa; cf. Kskh. VIII. 36), hook of a mahout, 306.",paranavitana
OSi,,akmay,forgiving,,,"Sigiri PDF p. 431 (printed p. 423), column 1; OCR entry: akmay, a. [Skt. kşjamā+ ka], forgiving, 190.",paranavitana
OSi,,ag,mountain,,,"Sigiri PDF p. 431 (printed p. 423), column 1; OCR entry: ag, a. [Skt. agra; cf. avarzaga, Ksm.. ""i v. 364], mountain. See ag'hi.",paranavitana
OSi,,agal,"top, summit",,,"Sigiri PDF p. 431 (printed p. 423), column 1; OCR entry: agal, s. [Skt. agra; cf. ag, Amv i 157], top, summit. See agin, age ägä, and ägani.",paranavitana
OSi,,aga,limb,,,"Sigiri PDF p. 431 (printed p. 423), column 1; OCR entry: aga?, s. [Skt. ariga; var. of añga] . limb, 379.",paranavitana
OSi,,aga,"in thi _— manner of, like",,,"Sigiri PDF p. 431 (printed p. 423), column 1; OCR entry: aga?, adv. [Skt. amga, lit. (of same particular; cf. agak, explained ir sanne as ākārayak, Sb., v. 81 anc i inst., agin, Ksm., v. 88], in thi _— manner of, like, 619.",paranavitana
OSi,,agan,woman,,,"Sigiri PDF p. 431 (printed p. 423), column 1; OCR entry: agan, s.f. [Skt. amganā, var. o aùgana], woman, 305; nom. sin. == agana, 87, 516; acc. or gen. pl. _ aganan, 144; voc. pl., aganini 64.",paranavitana
OSi,,agin,,,,"Sigiri PDF p. 431 (printed p. 423), column 1; OCR entry: agin, inst. of aga! [cf. Dhpr. 254] 18, 427; 584-; auto-review: missing_gloss",paranavitana
OSi,,agu,border,,,"Sigiri PDF p. 431 (printed p. 423), column 1; OCR entry: agu, s. [Skt. agra+ka], border, 366",paranavitana
OSi,,agura,"charcoal loc., agure",,,"Sigiri PDF p. 431 (printed p. 423), column 1; OCR entry: agura, s. [Skt. amgäãra; cf. añguru Suv. 54, and mod. S.], charcoal loc., agure, 341.; auto-review: low_ocr_confidence",paranavitana
OSi,,age,"of agat, 647-",,,"Sigiri PDF p. 431 (printed p. 423), column 1; OCR entry: age, loc. of agat, 647-",paranavitana
OSi,,agna,,,,"Sigiri PDF p. 431 (printed p. 423), column 1; OCR entry: agna, var. of agan or agana ; nom sin. indef., agnak [cf. añganal Sbl, v. 260], 87; acc. or gen. pl e agnan, 44, 86, 436.; auto-review: missing_gloss",paranavitana
OSi,,aglhi,of ag,,,"Sigiri PDF p. 431 (printed p. 423), column 1; OCR entry: aglhi, loc. of ag, 122.",paranavitana
OSi,,añ,"body, limb",,,"Sigiri PDF p. 431 (printed p. 423), column 1; OCR entry: - añ, s. [Skt. amga; var. aga?, c Dhag. 258], body, limb, 69, 41: See ańg-rā,",paranavitana
OSi,,aùga,,,,"Sigiri PDF p. 431 (printed p. 423), column 1; OCR entry: aùga!, s., e.f. of añg [cf. Ksm., r, Ki 109]. See ańga-pirihin. 2. añga?, vb., Lf. of hañgéa, q.v, t ""E feel; in cs., to express, ie. mal y H $ u 3 iè ai ta (i z OJOS AN L UNE others feel. See añgavano and añgvaya. v. 255, var. agan and za; auto-review: missing_gloss;low_ocr_confidence",paranavitana
OSi,,aṅgana,,,,"Sigiri PDF p. 431 (printed p. 423), column 2; OCR entry: añgana, s.f. [Skt. añganā; cf. Rm., woman, 626; acc. or gen. pl., 257, 682; gen. pl, iigantanas añganan [cf. Dhpr. 297], 132,192, 202; loc. sin., añgane, 529.; auto-review: missing_gloss",paranavitana
OSi,,aṅga-pirihiņ,,,,"Sigiri PDF p. 431 (printed p. 423), column 2; OCR entry: añga-pirihiņ, cd., deficient of limb, 456.; auto-review: missing_gloss",paranavitana
OSi,,aṅgavano,pl. of pr. pt. cs. (inf.) of vañga?,,,"Sigiri PDF p. 431 (printed p. 423), column 2; OCR entry: añgavano, nom. pl. of pr. pt. cs. (inf.) of vañga?, 640.",paranavitana
OSi,,aṅgna,,,,"Sigiri PDF p. 431 (printed p. 423), column 2; OCR entry: aùñgna, var. of añgana; nom. or acc. sin. indef., aùgnak, 305, 417; acc. pl., añgnan, 75, 432; dat. pl., añgnanața, 282; nom. pl., añgnu, 272.; auto-review: missing_gloss",paranavitana
OSi,,aṅg-rā,cosmetics,,,"Sigiri PDF p. 431 (printed p. 423), column 2; OCR entry: añg-rā, cd. [Skt. amıga-rāga; cf. añga-rā, Dhag. 222], cosmetics, 415. aùgvayaą, cs. abs. of vañga?, 209.",paranavitana
OSi,,aj,,,,"Sigiri PDF p. 431 (printed p. 423), column 2; OCR entry: aj, indec., e.f. of ad, 612.; auto-review: missing_gloss",paranavitana
OSi,,ajat,to paint,,,"Sigiri PDF p. 431 (printed p. 423), column 2; OCR entry: ajat, vb. [Skt. añj; e.f. of adat], to paint. See ajavay, ajavaya, äja, and äjä!.",paranavitana
OSi,,aja,"to incline, pull, draw, attract; gd., ajamina",,,"Sigiri PDF p. 431 (printed p. 423), column 2; OCR entry: aja?, vb. [Skt. vañc; e.f. of ada?], to incline, pull, draw, attract; gd., ajamina, 355; cond. cs., ajavat, 318. See äjä’,",paranavitana
OSi,,ajavaya,cs. of vajat,,,"Sigiri PDF p. 431 (printed p. 423), column 2; OCR entry: ajavaya, abs. cs. of vajat, 61.",paranavitana
OSi,,ajahas,intention,,,"Sigiri PDF p. 431 (printed p. 423), column 2; OCR entry: ajahas, s. [Skt. adhyāśšaya; cf. adahas, Vds. 92], intention, 161, 215, 624; acc. sin., ajahasa, 236.",paranavitana
OSi,,ajvay,desirous of,,,"Sigiri PDF p. 431 (printed p. 423), column 2; OCR entry: ajvay, l.f. of ajavaya, 186. ați, s.a. [Skt. arthin; cf. Kskh. VI. 18], desirous of, 367. ad, s.a. [Skt. ardha; cf. EZ. I. 95; var. ada (see next entry), Vds. 473], half. See ad-bud,",paranavitana
OSi,,ada-dara,,,,"Sigiri PDF p. 431 (printed p. 423), column 2; OCR entry: ada-dara, s. e.f. of ad-dara, q-v-; loc., ada-darahi, 96; adadarihi, 32.; auto-review: missing_gloss",paranavitana
OSi,,ad-dara,the edge of a mountain,,,"Sigiri PDF p. 431 (printed p. 423), column 2; OCR entry: ad-dara, s. [ađd+dara (= Skt. dhārāj}, ‘the edge of a mountain’ ; cf. mod. S., addara, edge; loc., ad-darahi, 426; ad-dere, 539.",paranavitana
OSi,,ad-bud,halfeaten,,,"Sigiri PDF p. 431 (printed p. 423), column 2; OCR entry: ad-bud, cd. [cf. ada-bun (? but), P. addha-bhutta, Dhag. 278], halfeaten, 517.",paranavitana
OSi,,ati,hand; (1) st. f,,,"Sigiri PDF p. 431 (printed p. 423), column 2; OCR entry: ati, s. [Skt. kasta, P. hattha., e.f. ata; cf. Rm., v. 280], hand; (1) st. f., 29, 137, 178, 320, 655, 684; (2) acc., 64, 113, 320, 337, 367, 374 394, 459 533- See atat, ata?—ataț, ata—atini, atni, atnen—at-vațu, at'hi.",paranavitana
OSi,,at,end,,,"Sigiri PDF p. 431 (printed p. 423), column 2; OCR entry: at?, s. [Skt. anta; cf. Dhag. 52], end. See atni.",paranavitana
OSi,,at,weapon,,,"Sigiri PDF p. 431 (printed p. 423), column 2; OCR entry: at, s. [Skt. astra], weapon. See attam.",paranavitana
OSi,,att,self,,,"Sigiri PDF p. 431 (printed p. 423), column 2; OCR entry: att, s. [Skt. &tman; cf. Kskh. XIV. 33], self. See at-heyni.",paranavitana
OSi,,at,"gained, obtained",,,"Sigiri PDF p. 431 (printed p. 423), column 2; OCR entry: at, prt, a. [Skt. äpta], gained, obtained, 615, 678. See atni- ] risi, at-vana lada. , | ata! s., e-f. of at!, 27, 187, 217, 235, i ê `; 298, 343, 409, 429, 432, 597 [18]. See ata, atak—atani, atahi, atä—atini.; auto-review: low_ocr_confidence",paranavitana
OSi,,ta,of at! or atat,,,"Sigiri PDF p. 431 (printed p. 423), column 3; OCR entry: ta?, acc. of at! or atat, 110, 188, 354, 559, 659.",paranavitana
OSi,,itat,[Skt. anta,,,"Sigiri PDF p. 431 (printed p. 423), column 3; OCR entry: itat, s. [Skt. anta; cf. Ksm., v. 39), direction, 495, 661.",paranavitana
OSi,,itak,"indef, ofat! or atat",,,"Sigiri PDF p. 431 (printed p. 423), column 3; OCR entry: itak, nom. indef, ofat! or atat, 105.",paranavitana
OSi,,atat- gāsu,,,,"Sigiri PDF p. 431 (printed p. 423), column 3; OCR entry: atat- gäsu, cd. [cf. mod. S. ata gähu), touched, 676.; auto-review: missing_gloss;low_ocr_confidence",paranavitana
OSi,,ataț,,,,"Sigiri PDF p. 431 (printed p. 423), column 3; OCR entry: ataț, dat. of at! or ata! [cf. atata, Amv. 1], 313:; auto-review: missing_gloss",paranavitana
OSi,,atani,of ata!,,,"Sigiri PDF p. 431 (printed p. 423), column 3; OCR entry: atani, inst. of ata!, 19, 268, 287, 296, 302, 355-",paranavitana
OSi,,atar,,,,"Sigiri PDF p. 431 (printed p. 423), column 3; OCR entry: atar, s., l.f. of atara, 526.; auto-review: missing_gloss",paranavitana
OSi,,atara,[Skt. antara,,,"Sigiri PDF p. 431 (printed p. 423), column 3; OCR entry: atara, s. [Skt. antara; cf. Dj. 7l, midst, occasion, 355, 611; loc., atare, 95, 157, 201, 261, 263, 358, 405, 458, 600; loc, atarehi, 223. See atire and atare.",paranavitana
OSi,,ata-vāsi,disciple,,,"Sigiri PDF p. 431 (printed p. 423), column 3; OCR entry: ata-väsi, cd. [P. ante-väāsika; cf. Vds. 503], disciple, 375.",paranavitana
OSi,,atahi,of atat,,,"Sigiri PDF p. 431 (printed p. 423), column 3; OCR entry: atahi, loc. of atat, 201, 354.",paranavitana
OSi,,atala,flat expanse of rock,,,"Sigiri PDF p. 431 (printed p. 423), column 3; OCR entry: atala, s. [Skt. āstrta, P. atthata, ‘spread’; cf. Dhag. 124], flat expanse of rock; loc., atale, 44.",paranavitana
OSi,,atā,,,,"Sigiri PDF p. 431 (printed p. 423), column 3; OCR entry: atä, loc. of at! or ata!, 43, 132, 214, 328, 361, 392, 423, 428, 577, 594 65o [15].; auto-review: missing_gloss",paranavitana
OSi,,atin,,,,"Sigiri PDF p. 431 (printed p. 423), column 3; OCR entry: atin, inst. of at! or ata! [cf. Dhag. 171], 33, 48, 152, 329, 358, 414, 459, 544, 546, 588, 665, 684 [27].; auto-review: missing_gloss",paranavitana
OSi,,atina,,,,"Sigiri PDF p. 431 (printed p. 423), column 3; OCR entry: atina, e.f. of atin, 293, 377, 473; 661.; auto-review: missing_gloss",paranavitana
OSi,,atini,,,,"Sigiri PDF p. 431 (printed p. 423), column 3; OCR entry: atini, var. of atina, 30, 223, 280, 355; 554, 662.; auto-review: missing_gloss",paranavitana
OSi,,atira,in the midst of,,,"Sigiri PDF p. 431 (printed p. 423), column 3; OCR entry: atira, s., var. of atara; loc., atire, 366. atur, atura, var. of atar or atara; loc., ature [cf. Sbl., v. r14], in the midst of, 25, 65, IOI, 120, I61, 245, 322, 422, 441, 493, 573 [23]; abl., aturen [cf. Dhag. 171), from among, 351, 412, 512; loc., aturehi [cf. Dhag. 171], in the midst of, 180.",paranavitana
OSi,,attam,weapon,,,"Sigiri PDF p. 431 (printed p. 423), column 3; OCR entry: attam, cd. [at?+kam; cf. Sdsg. 56], weapon, 262; inst., attaminā (length metris causa), 357.",paranavitana
OSi,,atni,"2, IIQ; 241",,,"Sigiri PDF p. 431 (printed p. 423), column 3; OCR entry: atni?, inst. of att [cf. Sbl., v. 331], 2, IIQ; 241, 273, 313, 317, 491, 444, 461, 489, 496, 581 [22].",paranavitana
OSi,,atni,in the manner of one who has obtained his desire,,,"Sigiri PDF p. 431 (printed p. 423), column 3; OCR entry: atni?, inst. of at?, 113. atni-risi, ady. [inst. of at5+ risi, by metathesis from #risi-atni = Skt. āpta-ruci], in the manner of one who has obtained his desire, 612.",paranavitana
OSi,,atnen,"417. atl-pat}, cd. [cf. Dhpr. 331l, obtained",,,"Sigiri PDF p. 431 (printed p. 423), column 3; OCR entry: atnen, inst. of at! [cf. Ksm., v. 81], 417. atl-pat}, cd. [cf. Dhpr. 331l, obtained, 145, 480.",paranavitana
OSi,,atla,palm of the hand,,,"Sigiri PDF p. 431 (printed p. 423), column 3; OCR entry: atla, cd. [att+tala = Skt. tala; cf. atla, Uj. 8; mod. S. alla], palm of the hand, 216; loc., atlä, 458.",paranavitana
OSi,,at!-vațu,wings,,,"Sigiri PDF p. 431 (printed p. 423), column 3; OCR entry: at!-vațu, cd. [cf. mod. S. attațu], wings, 500. . * wief obtained, 643.; auto-review: low_ocr_confidence",paranavitana
OSi,,atl-saru,precious,,,"Sigiri PDF p. 432 (printed p. 424), column 1; OCR entry: atl-saru, cd, a. [Skt. kasta-sã © cf. Ksm., v. 374], precious, 29.",paranavitana
OSi,,athi,of at! [cf. Sov. 3 326,,,"Sigiri PDF p. 432 (printed p. 424), column 1; OCR entry: - athi, loc. of at! [cf. Sov. 3 326.",paranavitana
OSi,,ad,today,,,"Sigiri PDF p. 432 (printed p. 424), column 1; OCR entry: ad', adv. [Skt. adya, P. ajja; cf. ac Dhpr. 132 and mod. S. This is times inflected in S.], today, 67",paranavitana
OSi,,ad,[Skt. ārdra,,,"Sigiri PDF p. 432 (printed p. 424), column 1; OCR entry: ad?, a. [Skt. ārdra; cf. Dhag. 146 wet, 249.",paranavitana
OSi,,ada,,,,"Sigiri PDF p. 432 (printed p. 424), column 1; OCR entry: ada!, vb., l.f. of ajat, See adn: advay, äd, and ädi.; auto-review: missing_gloss",paranavitana
OSi,,ada*,,,,"Sigiri PDF p. 432 (printed p. 424), column 1; OCR entry: ada*, vb., l.f. of aja?. See adam adavayi, adavā, äda, ädi, äd and ädet.; auto-review: missing_gloss",paranavitana
OSi,,ada’,having come,,,"Sigiri PDF p. 432 (printed p. 424), column 1; OCR entry: ada’, abs. [Skt. äpadya; cf. Ksm., ` 192], having come, 7, 91, 26 512, 518, 550, 606, 636, 641.",paranavitana
OSi,,adan,[Skt. ardana,,,"Sigiri PDF p. 432 (printed p. 424), column 1; OCR entry: adan, a. [Skt. ardana; cf. Dha; 99 = P. pīlita and Ksm., v. 40 where sanne explains it as khinna distressed, afflicted, 198. adanu, pr. pt. (inf.) of vada?, 6 nom, sin., adane, 6, 156; adavane cs. of adane, 501. adavayi, 3rd sin. pr. cs. of vada: 377-",paranavitana
OSi,,adava,cs. of vada?,,,"Sigiri PDF p. 432 (printed p. 424), column 1; OCR entry: adava, abs. cs. of vada?, 276.",paranavitana
OSi,,adaha,ha anc ad,,,"Sigiri PDF p. 432 (printed p. 424), column 1; OCR entry: adaha, vb. [Skt. śsrad-vdhā, throug} hadaha], to believe, have con fidence in; abs. ref., adaha-gate [Intr., § 501; cf. adaha, Ksm., v 321], 136; pr. pt. (a.), adahana 265; abs., adahayi, 53; gdy. adahäni, 146. See ad'ha anc ad'hayi.",paranavitana
OSi,,aduna,,,,"Sigiri PDF p. 432 (printed p. 424), column 1; OCR entry: aduna, vb., var. of anduna, q.v. See ädini. adna, pr. pt. (inf.) of vada, through adana; inst., adnen, 507.; auto-review: missing_gloss",paranavitana
OSi,,advay,"cs. of vada!, through #*adavayi",,,"Sigiri PDF p. 432 (printed p. 424), column 1; OCR entry: advay, abs. cs. of vada!, through #*adavayi, 359.",paranavitana
OSi,,adhikāri,superintendent,,,"Sigiri PDF p. 432 (printed p. 424), column 1; OCR entry: adhikāri, s. [Skt. adhikārin], superintendent, 652.",paranavitana
OSi,,an,other,,,"Sigiri PDF p. 432 (printed p. 424), column 1; OCR entry: an, a. [Skt. anya; cf. Ksm., v. 94], other, 26, 54, 55, IOI, 116, 120, 169, 184, 269, 297, 468, 526, 569, 616. See anana, anun, anek, an-kisi, anna—annna,",paranavitana
OSi,,ana,"order, command",,,"Sigiri PDF p. 432 (printed p. 424), column 1; OCR entry: ana, s. [Skt. äjñã; cf. ana, Hs., v. 198], order, command, 23, 293, 381.",paranavitana
OSi,,anadara,"disregard, disrespect",,,"Sigiri PDF p. 432 (printed p. 424), column 1; OCR entry: anadara, s. cd. [Skt. anādara; cf. Kskh., v. 47], disregard, disrespect, 79.",paranavitana
OSi,,anana,pl. of an,,,"Sigiri PDF p. 432 (printed p. 424), column 1; OCR entry: anana!, acc. pl. of an, 645.",paranavitana
OSi,,anana’,face,,,"Sigiri PDF p. 432 (printed p. 424), column 1; OCR entry: anana’, s. [Skt, ānana], face, 345 (in cd. varanana).",paranavitana
OSi,,ananda,joy,,,"Sigiri PDF p. 432 (printed p. 424), column 1; OCR entry: ananda, s. [Skt. nanda; cf. Kskh. XII. 9], joy, 283, 310.",paranavitana
OSi,,ananmana,with one another,,,"Sigiri PDF p. 432 (printed p. 424), column 1; OCR entry: ananmana, adv. [Skt. anyonya, P. aññamañña, through a Mid. Ind. f. *annamanna; cf. Dhag. 39, Svv. 73], with one another, 558.",paranavitana
OSi,,ani,to strike,,,"Sigiri PDF p. 432 (printed p. 424), column 1; OCR entry: ani, vb. [Skt. vhan; cf. mod. S. anina-va], to strike. See änä.",paranavitana
OSi,,aniyā,unjust,,,"Sigiri PDF p. 432 (printed p. 424), column 1; OCR entry: aniyā, s. cd. [Skt. anyāya; cf. EZ. III. 175], unjust, 119, 634. s SAU Aave aW. BHIPELNIGICN 118. t; | anun, acc, or gen, pl. of an, (1) « others, 54, 330, 602; (2) stranger l, 102,",paranavitana
OSi,,anurā,"love, affection, 25: t 338. . | anek, a, [an-+ek or indef. of ar F cf. Dhpr. 185], another",,,"Sigiri PDF p. 432 (printed p. 424), column 2; OCR entry: anurā, s. [Skt. anurāga; cf. nuri E Ksm., v. 166], love, affection, 25: t 338. . | anek, a, [an-+ek or indef. of ar F cf. Dhpr. 185], another, 615.",paranavitana
OSi,,anoba,"not there, i.s elsewhere",,,"Sigiri PDF p. 432 (printed p. 424), column 2; OCR entry: anoba, adv. [neg. pref. an and oba A q:v.; cf. EZ. I. 92], not there, i.s elsewhere, 400. , | an-kisi, cd., a., some other, 184. , | anda}, s.a. [Skt. andha; cf. Ksk} XIV. 34], blind, one who i i blind, 596.",paranavitana
OSi,,anda,"l see andya—andvay, ändi ändiyen, and ändili",,,"Sigiri PDF p. 432 (printed p. 424), column 2; OCR entry: anda?, vb., var. of ada! [cf, anda nata, Jag. 41, mod. S. añdinava] l see andya—andvay, ändi ändiyen, and ändili.",paranavitana
OSi,,andili,handful See ändili,,,"Sigiri PDF p. 432 (printed p. 424), column 2; OCR entry: andili, s. [Skt. añjalī], handful See ändili.",paranavitana
OSi,,anduna,"to recognize; abs. cs., andunvay 284",,,"Sigiri PDF p. 432 (printed p. 424), column 2; OCR entry: anduna, vb. [Skt. sañ-vjñā; e.f handuna, mod. S. andunana-va] to recognize; abs. cs., andunvay 284. See ändini.",paranavitana
OSi,,andva,"cs. of vanda?, througt #andavā",,,"Sigiri PDF p. 432 (printed p. 424), column 2; OCR entry: andva, abs. cs. of vanda?, througt #andavā, 175, 348.",paranavitana
OSi,,andvay,,,,"Sigiri PDF p. 432 (printed p. 424), column 2; OCR entry: andvay, var. of andva, through *andavaya, 2.; auto-review: missing_gloss",paranavitana
OSi,,andvā,,,,"Sigiri PDF p. 432 (printed p. 424), column 2; OCR entry: andvā, e.f. of andva, 482.; auto-review: missing_gloss",paranavitana
OSi,,anna,"sin. of an, through #anha",,,"Sigiri PDF p. 432 (printed p. 424), column 2; OCR entry: anna, gen. sin. of an, through #anha, 303, 604, 616, 620, 624.",paranavitana
OSi,,annaț,,,,"Sigiri PDF p. 432 (printed p. 424), column 2; OCR entry: annaț, dat. sin. of an, through anhața [cf. EZ. I. 48 and annața, Svv. 76], 267, 350, 535, 581.; auto-review: missing_gloss",paranavitana
OSi,,anhața,61r,,,"Sigiri PDF p. 432 (printed p. 424), column 2; OCR entry: anhața, e.f. of annat [cf. Sbl., v. 7], 61r.; auto-review: low_ocr_confidence",paranavitana
OSi,,anhi,sin. f. of an,,,"Sigiri PDF p. 432 (printed p. 424), column 2; OCR entry: anhi, loc. sin. f. of an, 39, 396.",paranavitana
OSi,,annna,,,,"Sigiri PDF p. 432 (printed p. 424), column 2; OCR entry: annna, orth. var. of anna, 19.; auto-review: missing_gloss",paranavitana
OSi,,apa,"3, 4i",,,"Sigiri PDF p. 432 (printed p. 424), column 2; OCR entry: apa, acc. or gen. pl. of prn. 1st pers. [Intr., § 369; cf. Dhag. 160], 3, 4i, 56, 174, 259, 351, 399, 411, 504, 519, 550, 634 [31].",paranavitana
OSi,,apaț,,,,"Sigiri PDF p. 432 (printed p. 424), column 2; OCR entry: apaț, dat. pl. of prn. 1st pers. [cf. apața, Amv. 284], 272, 655.; auto-review: missing_gloss",paranavitana
OSi,,apața,,,,"Sigiri PDF p. 432 (printed p. 424), column 2; OCR entry: apața, e.f, of apat [cf. Dhag. 276], 647.; auto-review: missing_gloss;low_ocr_confidence",paranavitana
OSi,,apahata,,,,"Sigiri PDF p. 432 (printed p. 424), column 2; OCR entry: apahata, e.f. of apața, 214.; auto-review: missing_gloss;low_ocr_confidence",paranavitana
OSi,,api,"646, 661r",,,"Sigiri PDF p. 432 (printed p. 424), column 2; OCR entry: api, nom. pl. of prn. rst pers. [Intr., § 369; cf. Dhpr. 222], 646, 661r.",paranavitana
OSi,,apula,"to wash clothes; pr. pt. (a.), apulana",,,"Sigiri PDF p. 432 (printed p. 424), column 2; OCR entry: apula, vb. [Skt. ã-vplu; cf. mod. S. apullanava], to wash clothes; pr. pt. (a.), apulana, 410.",paranavitana
OSi,,ab,cloud,,,"Sigiri PDF p. 432 (printed p. 424), column 2; OCR entry: ab, s. [Skt. abhra; cf. aba, Ksm., v. 342], cloud. See kalab.",paranavitana
OSi,,abara,sky,,,"Sigiri PDF p. 432 (printed p. 424), column 2; OCR entry: abara, s. [Skt. ambara; cf. Gs., V. 19], sky.",paranavitana
OSi,,abara,to flutter,,,"Sigiri PDF p. 432 (printed p. 424), column 2; OCR entry: abara?, vb. [Skt. sam-Vbhram; cf. mod. S. aňbaranava], to flutter. See abula.",paranavitana
OSi,,abaranņa,ornament,,,"Sigiri PDF p. 432 (printed p. 424), column 2; OCR entry: abaranņa, s. [Skt. &bharana, cf. GR., V. 244], ornament, 5. See savz abaraņa.",paranavitana
OSi,,abi,"woman, wife, damsel",,,"Sigiri PDF p. 432 (printed p. 424), column 2; OCR entry: abi, s.f. [Skt. ambikā; var. of abu], woman, wife, damsel, 383. 3 20], proximity; loc., aDiyesä, ir . front of, 87. f | abu, s.f. [var. of abi, e.f. of ambu] „| 9 23, 41; 247, 543; gen. sin abuna, 520. , | abuyu, e.f. of abu and ambu, (r s.f. 504; nom. pl., abuyu (yū) 272, 292; voc. pl. abuyuni, 360 nom. pl., abuyuhu, 685.",paranavitana
OSi,,abura,,,,"Sigiri PDF p. 432 (printed p. 424), column 3; OCR entry: abura, s., var. of abara, sky; loc. aburehi [cf. amñbarehi, Dhpr 296], 77-; auto-review: missing_gloss",paranavitana
OSi,,abula,"fluttered 187. Aboy, n. pr. [P. Agga-bodhi], cd. Aboy-nirind",,,"Sigiri PDF p. 432 (printed p. 424), column 3; OCR entry: abula, prt. a. of vabara? [cf añbaļa, Ksm., v. 267], fluttered 187. Aboy, n. pr. [P. Agga-bodhi], cd. Aboy-nirind, 627. amad, amada, s. [P. āãmanda], water-melon, 357, 383. See amada-leda and amad-led.",paranavitana
OSi,,amadak,"cd., amadak-led, seed of the water-melon",,,"Sigiri PDF p. 432 (printed p. 424), column 3; OCR entry: amadak, s. [P. āmandaka; var. of amada], cd., amadak-led, seed of the water-melon, 331.",paranavitana
OSi,,amada-leda,,,,"Sigiri PDF p. 432 (printed p. 424), column 3; OCR entry: amada-leda, cd., 383.; auto-review: missing_gloss",paranavitana
OSi,,amad-led,,,,"Sigiri PDF p. 432 (printed p. 424), column 3; OCR entry: amad-led, cd., 103, 357.; auto-review: missing_gloss",paranavitana
OSi,,amata,"to call, address; 3rd sin. pr., amatayi",,,"Sigiri PDF p. 432 (printed p. 424), column 3; OCR entry: amata, vb. [Skt. ā-vmantr; cf. amatā (abs.), Ksm., v. 249], to call, address; 3rd sin. pr., amatayi, 211, 235.",paranavitana
OSi,,amaya,"nectar, ambrosia",,,"Sigiri PDF p. 432 (printed p. 424), column 3; OCR entry: amaya, s. [Skt. amrta, P. amata, e.f. of amå, cf. Dhpr. 249], nectar, ambrosia, 209; cd., amaya-rasa, flow of nectar, 627. amaha, rst pl. pt. of ve, we came, 159. ami, īst sin. pt. of Ve, 512, 671.",paranavitana
OSi,,amuņ,"dam, in place-name",,,"Sigiri PDF p. 432 (printed p. 424), column 3; OCR entry: amuņ, s. [Skt. ãvarana > O.S. avaraņa (EZ. I. 255) > avana; cf. avuna, Dhag. 218, and amunu, Rm., v. 610], dam, in place-name, 154.",paranavitana
OSi,,ambu,,,,"Sigiri PDF p. 432 (printed p. 424), column 3; OCR entry: ambu, l.f. of abu [cf. ambu, Kskh. VI. 34], 152, 196, 242, 266, 580, 588, 681.; auto-review: missing_gloss",paranavitana
OSi,,ambuyu,,,,"Sigiri PDF p. 432 (printed p. 424), column 3; OCR entry: ambuyu, e.f. of ambu, var. of abuyu, 328; nom. sin. indef., ambuyuk, 42, 242.; auto-review: missing_gloss",paranavitana
OSi,,ambura,,,,"Sigiri PDF p. 432 (printed p. 424), column 3; OCR entry: ambura, s., var. of abura; loc., ambure, 514.; auto-review: missing_gloss",paranavitana
OSi,,ay,ror,,,"Sigiri PDF p. 432 (printed p. 424), column 3; OCR entry: ay, prt. of ve? [Skt. āgata; var. of al and ā!], ror, 535, 612. See ayat, ayi, ayin, ayimi, ayun, aye, ay-gata, ayvan, avan.",paranavitana
OSi,,aya,person,,,"Sigiri PDF p. 432 (printed p. 424), column 3; OCR entry: aya!, e.f. of ay, 367. aya? [Skt. āyu, living being, mod. S. aya], person. See ayek.",paranavitana
OSi,,ayat,[Skt. äyatta,,,"Sigiri PDF p. 432 (printed p. 424), column 3; OCR entry: ayat, a. [Skt. äyatta; cf. Svv. 1), belonging to, 535.",paranavitana
OSi,,ayadi,petition,,,"Sigiri PDF p. 432 (printed p. 424), column 3; OCR entry: ayadi, prt. a. [Skt. äyäācita-ka; cf. äyädi, Dhag. 197], petition, 338.",paranavitana
OSi,,ayasa,fatigue,,,"Sigiri PDF p. 432 (printed p. 424), column 3; OCR entry: ayasa, s. [Skt. äyäāsa], fatigue; inst., ayasin, 652.",paranavitana
OSi,,ař-yaha,"cd., unhappiness",,,"Sigiri PDF p. 432 (printed p. 424), column 3; OCR entry: ař-yaha, s., cd., unhappiness, 79, 520.",paranavitana
OSi,,ayi,,,,"Sigiri PDF p. 432 (printed p. 424), column 3; OCR entry: ayi, var. of ay, 515.; auto-review: missing_gloss",paranavitana
OSi,,ayin,,,,"Sigiri PDF p. 432 (printed p. 424), column 3; OCR entry: ayin, inst. cf. ay or var. of ay (inf.), 356 (genayin). ayimi, ayi or var. and mi, rst sin. U denr aA a rS a; auto-review: missing_gloss;low_ocr_confidence",paranavitana
OSi,,ayihapat,unhappiness,,,"Sigiri PDF p. 433 (printed p. 425), column 1; OCR entry: ayihapat, cd. [a and yahapat; l.f. āhapat, Dhpr. 298], unhappiness, 530. ayu, imp. of ve? [Skt. äyãtu]; 100.",paranavitana
OSi,,ayut,of vet,,,"Sigiri PDF p. 433 (printed p. 425), column 1; OCR entry: ayut, abs. of vet, 153, 235, 266, 507, og, 664.",paranavitana
OSi,,ayuta,,,,"Sigiri PDF p. 433 (printed p. 425), column 1; OCR entry: ayuta, e.f. of ayut, 172.; auto-review: missing_gloss",paranavitana
OSi,,ayutin,,,,"Sigiri PDF p. 433 (printed p. 425), column 1; OCR entry: ayutin, var. of ayut, 140, 212, 239, 413, 420; 429, 469, 473, 668.; auto-review: missing_gloss",paranavitana
OSi,,ayun,Or acc. pl. of ay or var. (rel.),,,"Sigiri PDF p. 433 (printed p. 425), column 1; OCR entry: ayun, gen. Or acc. pl. of ay or var. (rel.), 450, 494.",paranavitana
OSi,,ayuna,,,,"Sigiri PDF p. 433 (printed p. 425), column 1; OCR entry: ayuna, e.f. of ayun, 321.; auto-review: missing_gloss",paranavitana
OSi,,ayuyun,,,,"Sigiri PDF p. 433 (printed p. 425), column 1; OCR entry: ayuyun, e.f. of ayun, 384.; auto-review: missing_gloss",paranavitana
OSi,,ayura,manner,,,"Sigiri PDF p. 433 (printed p. 425), column 1; OCR entry: ayura, s. [Skt. äkāra; cf. Sdv., v. 187], manner; inst., ayuren, 294.",paranavitana
OSi,,aye,"sin, of ay or var",,,"Sigiri PDF p. 433 (printed p. 425), column 1; OCR entry: aye, nom. sin, of ay or var., 285.",paranavitana
OSi,,ayek,,,,"Sigiri PDF p. 433 (printed p. 425), column 1; OCR entry: ayek, nom. sin, indef. of aya?, with i, ayeki, 330. ay-gata, comp. vb. refl. [Intr., § 501], 382.; auto-review: missing_gloss",paranavitana
OSi,,ayvan,pl. of ay or aya’ (rel.),,,"Sigiri PDF p. 433 (printed p. 425), column 1; OCR entry: ayvan, acc. pl. of ay or aya’ (rel.), 440.",paranavitana
OSi,,ayha,2nd sin. pt. of ye,,,"Sigiri PDF p. 433 (printed p. 425), column 1; OCR entry: ayha, var. of a-yaha, 101, 463, 472, 678. ayhi [ay and hi], 2nd sin. pt. of ye, 100, 266.",paranavitana
OSi,,ar,there! 160,,,"Sigiri PDF p. 433 (printed p. 425), column 1; OCR entry: ar, indec. [Skt. &rāt; cf. aru, Rm., v. 687, e.f. ara, same in mod. $.], there! 160.",paranavitana
OSi,,arat,,,,"Sigiri PDF p. 433 (printed p. 425), column 1; OCR entry: arat, e.f. of ar [cf. Srol. 872], 413, 511, 563, 571.; auto-review: missing_gloss",paranavitana
OSi,,ara,"to ascend, mount",,,"Sigiri PDF p. 433 (printed p. 425), column 1; OCR entry: ara?, vb. [Skt. ã-vruh; cf. arayi, Dhog. 74], to ascend, mount. See arana, arayi, and aräyi.",paranavitana
OSi,,ara,"to take; abs., ara, see ara-gat, argat, arvanne, arvat, ala, ära, and ärä",,,"Sigiri PDF p. 433 (printed p. 425), column 1; OCR entry: ara?, vb. [Skt. Ar; cf. Dhag. 283], to take; abs., ara, see ara-gat, argat, arvanne, arvat, ala, ära, and ärä.",paranavitana
OSi,,araka,,,,"Sigiri PDF p. 433 (printed p. 425), column 1; OCR entry: araka, s. [Skt. ārakşã; cf. arak, Dhag. 247), protection; dat., arakața [cf. Gk., V. 94], 159.; auto-review: missing_gloss",paranavitana
OSi,,arakele,an official s title,,,"Sigiri PDF p. 433 (printed p. 425), column 1; OCR entry: arakele, s. [arake, var. of aräki (gen. pl. aräkkan, EZ. II. 24) = Skt. ãrakşaka and le”], an official s title, 151.",paranavitana
OSi,,ara?-gat,"inst., aragatni",,,"Sigiri PDF p. 433 (printed p. 425), column 1; OCR entry: ara?-gat?, prt. of comp. vb. [abs. ofsara? and prt. of vgan, imparting ref. sense. Intr., § 501; cf mod. S. ara-gatta], inst., aragatni, 323.; auto-review: uncertain_glyph",paranavitana
OSi,,aratar,"rough 342. aran, arana!, s. [Skt. aranya",,,"Sigiri PDF p. 433 (printed p. 425), column 1; OCR entry: aratar, a. [Skt. ārtta-tara; cf aratara, Kskh. XII. 35], rough 342. aran, arana!, s. [Skt. aranya; cf Rm., v. 190], forest, 15, 671. arana?, pr. pt. of vara? (a.), 348.",paranavitana
OSi,,arama,pleasance,,,"Sigiri PDF p. 433 (printed p. 425), column 1; OCR entry: arama, s. [Skt. &rāma; cf. aram Dds. 48], pleasance, 301.",paranavitana
OSi,,aramb,,,,"Sigiri PDF p. 433 (printed p. 425), column 1; OCR entry: aramb, var, of arama, 17. arayi, 3rd sin. p. of vara“, 406,; auto-review: missing_gloss",paranavitana
OSi,,arāki,"protector, gen. pl aräkkan",,,"Sigiri PDF p. 433 (printed p. 425), column 1; OCR entry: aräki, s. [Skt. ãrakşaka, see ara kele], protector, gen. pl aräkkan, 277.",paranavitana
OSi,,arāy,"ofv'ara?, having directed 333",,,"Sigiri PDF p. 433 (printed p. 425), column 1; OCR entry: aräy, abs. ofv'ara?, having directed 333.",paranavitana
OSi,,ariya,"to pleasi B597 740], interjection of calling with anger",,,"Sigiri PDF p. 433 (printed p. 425), column 1; OCR entry: ariya, vb. [Skt. a-^rādh], to pleasi B597 740], interjection of calling with anger.",paranavitana
OSi,,ar-gat,,,,"Sigiri PDF p. 433 (printed p. 425), column 2; OCR entry: ar-gat, var. of ara-ģéat, 274.; auto-review: missing_gloss",paranavitana
OSi,,arbay,"for the sake of, due to",,,"Sigiri PDF p. 433 (printed p. 425), column 2; OCR entry: arbay, indec. [abs. of a vb. der. fr. Skt. ã-vrabh; cf. arabayãā, Kup. 32], for the sake of, due to, 206.",paranavitana
OSi,,arvanne,sin. of pr. pt. cs. (inf.) of vara,,,"Sigiri PDF p. 433 (printed p. 425), column 2; OCR entry: arvanne, nom. sin. of pr. pt. cs. (inf.) of vara, 252.",paranavitana
OSi,,avuņa,[P. ãvunāti,,,"Sigiri PDF p. 433 (printed p. 425), column 2; OCR entry: avuņa, vb. [P. ãvunāti; cf. avuņnannak'hu, Amv. 45; mod. S. amuņana-va| to string upon, to fix on. See ävuņu.",paranavitana
OSi,,arvat,cs. of vara?,,,"Sigiri PDF p. 433 (printed p. 425), column 2; OCR entry: arvat, cond. cs. of vara?, 350.",paranavitana
OSi,,ala,[Skt. sam-vli,,,"Sigiri PDF p. 433 (printed p. 425), column 2; OCR entry: ala, vb. [Skt. sam-vli; cf. mod. S. alavana vaā|, to become attached, to cling. See alnā, äli, äluņa, äluma, älma.",paranavitana
OSi,,alala,love,,,"Sigiri PDF p. 433 (printed p. 425), column 2; OCR entry: alala, s. [Skt. älaya; Intr., § 306], love; loc., alalä, 251.",paranavitana
OSi,,alu,"illuminated, light, dawn; 52; cd., alu-yama [cf. Sdu., v. 103], 4alnā, pr. pt. (a.) of vala",,,"Sigiri PDF p. 433 (printed p. 425), column 2; OCR entry: alu, s. [Skt. aloka; cf. Dhpr. 122], illuminated, light, dawn; 52; cd., alu-yama [cf. Sdu., v. 103], 4alnā, pr. pt. (a.) of vala, 270.",paranavitana
OSi,,av,,,,"Sigiri PDF p. 433 (printed p. 425), column 2; OCR entry: av, s., var. of avu, sunshine. See av-hi.; auto-review: missing_gloss",paranavitana
OSi,,ava,"sin. of at, ā1, or ay (rel.)",,,"Sigiri PDF p. 433 (printed p. 425), column 2; OCR entry: ava!, gen. sin. of at, ā1, or ay (rel.), 107, 6O01.; auto-review: low_ocr_confidence",paranavitana
OSi,,ava,,,,"Sigiri PDF p. 433 (printed p. 425), column 2; OCR entry: ava?, cond. of ve? [Skt. &gate; cf. Ksm., v. 446], 155, 156, 157, 172, 336, 400, 405, 428, 441, 459, 501, 520, 604, 622, 666.; auto-review: missing_gloss",paranavitana
OSi,,avan,"ọr gen. pl. of at, ã1, or ay (rel.) [cf. avan, Dhag. 90)",,,"Sigiri PDF p. 433 (printed p. 425), column 2; OCR entry: avan, acc. ọr gen. pl. of at, ã1, or ay (rel.) [cf. avan, Dhag. 90), 161, 378, 663.",paranavitana
OSi,,avala,"dalliance, loc. indef., avaleklhi",,,"Sigiri PDF p. 433 (printed p. 425), column 2; OCR entry: avala, s. [Skt. ãlaya; cf. Kskh. VI. 47], dalliance, loc. indef., avaleklhi, 525. avahi, 2nd sin. p. of ve? [ava = at and hi?], 475.",paranavitana
OSi,,avaļa,"a. [Skt. đvrtaj, enveloped",,,"Sigiri PDF p. 433 (printed p. 425), column 2; OCR entry: avaļa, prt. a. [Skt. đvrtaj, enveloped, 166.",paranavitana
OSi,,avāj,,,,"Sigiri PDF p. 433 (printed p. 425), column 2; OCR entry: aväj, abs., var. of avuj, 1.; auto-review: missing_gloss",paranavitana
OSi,,avisara,a woman who goes to an assignment,,,"Sigiri PDF p. 433 (printed p. 425), column 2; OCR entry: avisara, s.f. [Skt. abhisārikā], a woman who goes to an assignment, 578.",paranavitana
OSi,,avu,sunshine,,,"Sigiri PDF p. 433 (printed p. 425), column 2; OCR entry: avu, s. [Skt. tapa; cf. Dhag. 54; var. av], sunshine, 391, 455-",paranavitana
OSi,,avuj,having come,,,"Sigiri PDF p. 433 (printed p. 425), column 2; OCR entry: avuj, abs. [Skt. &padya; cf. Dhag. 151], having come, 4, 12, 15, 56, 124, 127, 567, 593-",paranavitana
OSi,,avuja,,,,"Sigiri PDF p. 433 (printed p. 425), column 2; OCR entry: avuja, e.f. of avuj, 165, 404.; auto-review: missing_gloss",paranavitana
OSi,,avujini,,,,"Sigiri PDF p. 433 (printed p. 425), column 2; OCR entry: avujini, var. of avuj [Intr., § 490], 96.; auto-review: missing_gloss",paranavitana
OSi,,avuju,,,,"Sigiri PDF p. 433 (printed p. 425), column 2; OCR entry: avuju, var. of avuja [cf. Dhag. 151], 243; 335» 338, 632.; auto-review: missing_gloss",paranavitana
OSi,,avujni,,,,"Sigiri PDF p. 433 (printed p. 425), column 2; OCR entry: avujni, var. of avujini, 426.; auto-review: missing_gloss",paranavitana
OSi,,avud,received,,,"Sigiri PDF p. 433 (printed p. 425), column 2; OCR entry: avud, var, of avuj [cf. EZ. I. 169], 43 75, 174 197, 261, 418, 435; 436, 459, 470, 515, 538, 670. avuda, same etym. as avud, but with meaning, ‘received’, 532.",paranavitana
OSi,,avudin,,,,"Sigiri PDF p. 433 (printed p. 425), column 2; OCR entry: avudin, var. of avud [cf. Hs., v. 115], 639.; auto-review: missing_gloss",paranavitana
OSi,,avyudu,,,,"Sigiri PDF p. 433 (printed p. 425), column 2; OCR entry: avyudu, l.f. of avuju [cf. Dhag. 145], 144, 319.; auto-review: missing_gloss",paranavitana
OSi,,avula,[Skt. sar (or ā)-vVval; cÊ. 31 p Po 649,,,"Sigiri PDF p. 433 (printed p. 425), column 2; OCR entry: avula, vb. [Skt. sar (or ā)-vVval; cÊ. 31 p Po 649; nom., sin, indef. (rel.), avek, cf. mod. S. ãvek, 531.; auto-review: low_ocr_confidence",paranavitana
OSi,,ven,observing,,,"Sigiri PDF p. 433 (printed p. 425), column 3; OCR entry: ven, inst. of a! or Ā! (inf.), 573vehimin, gd. of a verb aveha [Skt. apeksa-mäāna] observing, 321.",paranavitana
OSi,,vhi,tears,,,"Sigiri PDF p. 433 (printed p. 425), column 3; OCR entry: vhi, loc. of av, 249. S1, s. [Skt. aśru], tears, 97, 340. See as-väsili.",paranavitana
OSi,,ıS,,,,"Sigiri PDF p. 433 (printed p. 425), column 3; OCR entry: ıS?, s., var. of asa’. See sihil-as?.; auto-review: missing_gloss;low_ocr_confidence",paranavitana
OSi,,isë,,,,"Sigiri PDF p. 433 (printed p. 425), column 3; OCR entry: isë, L.f. of asa”. See usas.; auto-review: missing_gloss;low_ocr_confidence",paranavitana
OSi,,isat,[Skt. arńiśu,,,"Sigiri PDF p. 433 (printed p. 425), column 3; OCR entry: isat, s. [Skt. arńiśu; cf. Ksm., v: 1), fraction. See asak,",paranavitana
OSi,,asa,rum,,,"Sigiri PDF p. 433 (printed p. 425), column 3; OCR entry: asa?, s. [Skt. sava], rum, 272.; auto-review: low_ocr_confidence",paranavitana
OSi,,asaf,"vicinity, direction",,,"Sigiri PDF p. 433 (printed p. 425), column 3; OCR entry: asaf, s. [Skt. ariśa or ãśā; cf, Sls., V. 6g], vicinity, direction, 178, 210, 222.",paranavitana
OSi,,asat,to heär,,,"Sigiri PDF p. 433 (printed p. 425), column 3; OCR entry: asat, vb. [Skt. vóru, going back to a Mid. I. f. like P. assosi], to heär. See asat, asaf, asa-asayi, asaasä, asat, asan’™—asayi, asa, äsima, äsimi—äsu, äseta.",paranavitana
OSi,,asañ,,,,"Sigiri PDF p. 433 (printed p. 425), column 3; OCR entry: asañ, abs. of vasat, 228. asa, imp. of vasat [cf. Kskh. X. 105], 413, 599.; auto-review: missing_gloss",paranavitana
OSi,,asa’,the quality that is relished,,,"Sigiri PDF p. 433 (printed p. 425), column 3; OCR entry: asa’, s. [Skt. äsväda; cf. Bga., v. 312], the quality that is relished. See sihikasa. asa [Skt. äãśaya], disposition of mind. See udahasa. asa-asayi, gd., abs, dupl. of vasat, 646. asa-asä, same as preceding [cf. asa asã, Amu. 102], 367-",paranavitana
OSi,,asak,indef. of asat,,,"Sigiri PDF p. 433 (printed p. 425), column 3; OCR entry: asak, acc. indef. of asat, 231, 308.",paranavitana
OSi,,asat,of vasat,,,"Sigiri PDF p. 433 (printed p. 425), column 3; OCR entry: asat, cond. of vasat, 423.",paranavitana
OSi,,asatu,attached,,,"Sigiri PDF p. 433 (printed p. 425), column 3; OCR entry: asatu, a. [Skt. äsakta], attached, 99.",paranavitana
OSi,,asad,Lf. of asada,,,"Sigiri PDF p. 433 (printed p. 425), column 3; OCR entry: asad, s., Lf. of asada, 208, 236, 283, 430, 506, 535- Sce asadin— asad-band-bava.",paranavitana
OSi,,asada,faithless one,,,"Sigiri PDF p. 433 (printed p. 425), column 3; OCR entry: asada, s., f. [Skt. a-śraddhā; cf. Ksm., v. 561, explained in Sanne as aŝraddhāvůū tänättiya and Ksm., v. 428 = amarşa], faithless one, 158, 172,323. See asada-banda and asadaha—asaddani.",paranavitana
OSi,,asada-banda,faithless person,,,"Sigiri PDF p. 433 (printed p. 425), column 3; OCR entry: asada-banda, cd. [cf. Esl. 25; for banda, cf. forms like piya-band, kal-banda, &c.], faithless person, 408.",paranavitana
OSi,,asadaha,pl. of asada,,,"Sigiri PDF p. 433 (printed p. 425), column 3; OCR entry: asadaha, nom. pl. of asada, 450.",paranavitana
OSi,,asadin,,,,"Sigiri PDF p. 433 (printed p. 425), column 3; OCR entry: asadin, voc. pl. of asad or asada, 647.; auto-review: missing_gloss",paranavitana
OSi,,asadu,pl. of asad or asada,,,"Sigiri PDF p. 433 (printed p. 425), column 3; OCR entry: asadu, nom. pl. of asad or asada, 449.",paranavitana
OSi,,asadun,pl. of asad or asada,,,"Sigiri PDF p. 433 (printed p. 425), column 3; OCR entry: asadun, gen. pl. of asad or asada, 181, 636.",paranavitana
OSi,,asaddani,,,,"Sigiri PDF p. 433 (printed p. 425), column 3; OCR entry: asaddani, voc. pl. of asad or asada, 349.; auto-review: missing_gloss",paranavitana
OSi,,asadna,pl. of asad,,,"Sigiri PDF p. 433 (printed p. 425), column 3; OCR entry: asadna, gen. pl. of asad, 297.",paranavitana
OSi,,asadni,,,,"Sigiri PDF p. 433 (printed p. 425), column 3; OCR entry: asadni, voc. pl. of asad, 164.; auto-review: missing_gloss",paranavitana
OSi,,asad-bada,,,,"Sigiri PDF p. 433 (printed p. 425), column 3; OCR entry: asad-bada, cd., voc. sin., var. of asada-banda.; auto-review: missing_gloss;low_ocr_confidence",paranavitana
OSi,,asad-band,,,,"Sigiri PDF p. 433 (printed p. 425), column 3; OCR entry: asad-band, cd., 557; voc pls -banden, 87.; auto-review: missing_gloss",paranavitana
OSi,,asad-band-bava,"629. _ asamina, gd. of vasat, 66r",,,"Sigiri PDF p. 433 (printed p. 425), column 3; OCR entry: asad-band-bava, cd., condition of, or the fact of, being a faithless person, 402, Fz p 7 asan’, imp. of vasat [cf, Kskh. 7 aF 146], 629. _ asamina, gd. of vasat, 66r.; auto-review: low_ocr_confidence",paranavitana
OSi,,asay,of vasat [cf. Dhag. 80 239,,,"Sigiri PDF p. 434 (printed p. 426), column 1; OCR entry: ` asay, abs. of vasat [cf. Dhag. 80 239, 413, 469, 511, 668.",paranavitana
OSi,,asaya,,,,"Sigiri PDF p. 434 (printed p. 426), column 1; OCR entry: asaya, e.f. of asay, 133, 140, 22 248.; auto-review: missing_gloss",paranavitana
OSi,,asayi,,,,"Sigiri PDF p. 434 (printed p. 426), column 1; OCR entry: asayi, orth. var. of asay, 202, 58.; auto-review: missing_gloss",paranavitana
OSi,,asar,"conduct, behaviour, 6o: See asarini",,,"Sigiri PDF p. 434 (printed p. 426), column 1; OCR entry: asar, s. [Skt. ācãra; cf. asara Sds 48], conduct, behaviour, 6o: See asarini.",paranavitana
OSi,,asara,(1) vicinity,,,"Sigiri PDF p. 434 (printed p. 426), column 1; OCR entry: asara!, s. [Skt. äíraya; cf. Sru 202], (1) vicinity, 63 ; (2) dwelling 333; (3) refuge, companionship 427. See asarak, asarațta, an asarä.",paranavitana
OSi,,asara’,"nymph, See asaran",,,"Sigiri PDF p. 434 (printed p. 426), column 1; OCR entry: asara’, s.f. [Skt. apsaras; cf. Dhag 93], nymph, See asaran.",paranavitana
OSi,,asarak,"sin., indef. f. o asarat, companion",,,"Sigiri PDF p. 434 (printed p. 426), column 1; OCR entry: asarak, nom. sin., indef. f. o asarat, companion, 196.",paranavitana
OSi,,asarata,of asara! (3),,,"Sigiri PDF p. 434 (printed p. 426), column 1; OCR entry: asarata, dat. of asara! (3), 32, 38",paranavitana
OSi,,asaran,,,,"Sigiri PDF p. 434 (printed p. 426), column 1; OCR entry: asaran, gen. or acc. pl. of asara [cf. Ksm., v.45], 98, 312, 407, 572; auto-review: missing_gloss",paranavitana
OSi,,asarann,,,,"Sigiri PDF p. 434 (printed p. 426), column 1; OCR entry: asarann, orth. var, of asaran, 104; auto-review: missing_gloss",paranavitana
OSi,,asaraya,companionship,,,"Sigiri PDF p. 434 (printed p. 426), column 1; OCR entry: asaraya, S. [Skt. đśraya, e.f. oj asara], companionship; dat, asarayața, 16, 63, 220. asarä, asara! with final a changec to ä by influence of yi which follows, 427.",paranavitana
OSi,,asarini,of asar,,,"Sigiri PDF p. 434 (printed p. 426), column 1; OCR entry: asarini, inst. of asar, 324.",paranavitana
OSi,,asareya,,,,"Sigiri PDF p. 434 (printed p. 426), column 1; OCR entry: asareya, var. of asaraya; dat., asareyatța, 308.; auto-review: missing_gloss",paranavitana
OSi,,asala,[Skt. õ&sanna,,,"Sigiri PDF p. 434 (printed p. 426), column 1; OCR entry: asala, s. [Skt. õ&sanna; cf. Kskh. III. 48; mod. S. ahala, vicinity, neighbourhood; inst. asalin, 7; loc., asalehi, 583.",paranavitana
OSi,,asā,"of asat [cf, Kskh. X. 94)",,,"Sigiri PDF p. 434 (printed p. 426), column 1; OCR entry: asā, abs. of asat [cf, Kskh. X. 94), 156, 358.",paranavitana
OSi,,asigi,sword-bearer,,,"Sigiri PDF p. 434 (printed p. 426), column 1; OCR entry: asigi, cd. [P. asiggāhaka; cf. siñgā, Hs., v. 183], sword-bearer, 185.",paranavitana
OSi,,asiri,"wonder, wonderful",,,"Sigiri PDF p. 434 (printed p. 426), column 1; OCR entry: asiri, s., a. [Skt. &ścarya; cf. Dhag. 23], wonder, wonderful, 1, 205.",paranavitana
OSi,,asut,displeasure,,,"Sigiri PDF p. 434 (printed p. 426), column 1; OCR entry: asut, s. [Skt. asūyã], displeasure, 448.",paranavitana
OSi,,asu’,"bound, captured, caught; cd., asu-kaļa?, made to be caught",,,"Sigiri PDF p. 434 (printed p. 426), column 1; OCR entry: asu’, a. [Skt. sam-syūta > hasu > asu; cf. Hs., v. 98], bound, captured, caught; cd., asu-kaļa?, made to be caught, 582.",paranavitana
OSi,,asna,"seat; cd., huņ?-asna",,,"Sigiri PDF p. 434 (printed p. 426), column 1; OCR entry: asna, a. [Skt. āsana; cf. Gk., v. 207], seat; cd., huņ?-asna, 384.",paranavitana
OSi,,asray,"association; cd., asray-kaļa?, attached",,,"Sigiri PDF p. 434 (printed p. 426), column 1; OCR entry: asray, s. [Skt. āśsraya; var. of asara!, and asaraya], association; cd., asray-kaļa?, attached, 240.",paranavitana
OSi,,asvasa,"to console; vn, asväsili, consolation",,,"Sigiri PDF p. 434 (printed p. 426), column 1; OCR entry: asvasa, vb. [Skt. ã- śvas ; cf. asvasannata, Dhpr. 283], to console; vn, asväsili, consolation, 182, 333, 409, 430, 503, 523, 632; 3rd sin. p., asväsī [cf. Mdv., v. 96], 659; 3rd sin. pr. ref., asväsey (yi), 93, 176, 263, 376.",paranavitana
OSi,,ast-vāsli,interjection expressing surprise,,,"Sigiri PDF p. 434 (printed p. 426), column 1; OCR entry: ast-väsli, cd., raining of tears, 340. ahay, ahayi, indec. [Skt. ahaha], interjection expressing surprise, 96, 426.",paranavitana
OSi,,ahas,sky,,,"Sigiri PDF p. 434 (printed p. 426), column 1; OCR entry: ahas, s. [Skt. ä&käãśa; cf. Rm., v. 5o], sky, 179, 609; nom. or acc. sin., TEETAR aa) a n E A A A a . | aho, indec. [Skt. aho; cf. Gk., v 41], interjection expressing sur prise, grief, &c., 92, 164, 206. , | ala, prt. of vara? [Skt. āhyta, P āhața; cf. Amv. 66], brought j presented, 640.",paranavitana
OSi,,ali,a woman’s femali,,,"Sigiri PDF p. 434 (printed p. 426), column 2; OCR entry: ali, s.f. [Skt. äli], a woman’s femali",paranavitana
OSi,,friend,,,,"Sigiri PDF p. 434 (printed p. 426), column 2; OCR entry: friend, voc. sin., 16, 462. &;, e.f. of at [cf. Kskh. X. 27; sami in mod. S.], 16, 44, 129, 210, 254 345, 415, 516, 584, 602, 644, 68: [91]. See ava, avan, ave, aven ānatț, āyun—āye, āvunaț, āven; auto-review: missing_gloss",paranavitana
OSi,,ā,,,,"Sigiri PDF p. 434 (printed p. 426), column 2; OCR entry: ā?, e.f. of a?, 196, 293, 623, 635.; auto-review: missing_gloss",paranavitana
OSi,,ā'-gaņan,,,,"Sigiri PDF p. 434 (printed p. 426), column 2; OCR entry: ā'-gaņan, cd., all that are come, 526.; auto-review: missing_gloss",paranavitana
OSi,,ānaț,pl. of Āā! (rel.),,,"Sigiri PDF p. 434 (printed p. 426), column 2; OCR entry: ānaț, dat. pl. of Āā! (rel.), 338.",paranavitana
OSi,,āma,"35. āmo, īst pl. pr. of ve? [ā and mo)",,,"Sigiri PDF p. 434 (printed p. 426), column 2; OCR entry: āma, cond. of ve [at and ma AS y mod. S. ava ma], 35. āmo, īst pl. pr. of ve? [ā and mo), 167, 291, 362.",paranavitana
OSi,,āyun,"pl. of Āā! (rel.), e.f. of ayun",,,"Sigiri PDF p. 434 (printed p. 426), column 2; OCR entry: āyun, gen. pl. of Āā! (rel.), e.f. of ayun, 469.",paranavitana
OSi,,āyuna,,,,"Sigiri PDF p. 434 (printed p. 426), column 2; OCR entry: āyuna, e.f. of āyun, 248, 632.; auto-review: missing_gloss",paranavitana
OSi,,āyunnahaț,"pl. of ā (rel,)",,,"Sigiri PDF p. 434 (printed p. 426), column 2; OCR entry: āyunnahaț, dat. pl. of ā (rel,), 10.",paranavitana
OSi,,āyuyun,,,,"Sigiri PDF p. 434 (printed p. 426), column 2; OCR entry: āyuyun, e.f. of āyun, 643.; auto-review: missing_gloss",paranavitana
OSi,,āye,,,,"Sigiri PDF p. 434 (printed p. 426), column 2; OCR entry: āye, nom. sin. of ā (inf.) [cf. Dhpr. 232], 519.; auto-review: missing_gloss",paranavitana
OSi,,āvavunat,pl. of ā (rel.),,,"Sigiri PDF p. 434 (printed p. 426), column 2; OCR entry: āvavunat, dat. pl. of ā (rel.), 42.",paranavitana
OSi,,āven,"of ā (inf.), 66o. ä1, l.f. of yä or hä?, euphonically joined to preceding word, used as copula, e.g. vännä = väni-ä",,,"Sigiri PDF p. 434 (printed p. 426), column 2; OCR entry: āven, inst. of ā (inf.), 66o. ä1, l.f. of yä or hä?, euphonically joined to preceding word, used as copula, e.g. vännä = väni-ä, 144, 267, 449, 659.",paranavitana
OSi,,ā,her,,,"Sigiri PDF p. 434 (printed p. 426), column 2; OCR entry: ä?, acc. or gen. sin. f. of e! [1.f. of ä?], her, 32, 91,276, 350, 360, 633-",paranavitana
OSi,,āgā,"of aga! [cf, Dhag. 238), advent",,,"Sigiri PDF p. 434 (printed p. 426), column 2; OCR entry: ägä, loc. of aga! [cf, Dhag. 238), advent, 334.",paranavitana
OSi,,āgāni,of aga!,,,"Sigiri PDF p. 434 (printed p. 426), column 2; OCR entry: ägäni, inst. of aga!, 247.",paranavitana
OSi,,āħga,body,,,"Sigiri PDF p. 434 (printed p. 426), column 2; OCR entry: äħga, s. [Skt. añga; cf. Kskh. IX. 15], body. See äñgahi and äñge.",paranavitana
OSi,,āṅgahi,,,,"Sigiri PDF p. 434 (printed p. 426), column 2; OCR entry: äñgahi, loc. of äñga [cf, äñgehi, Mdv., v. 143], 278.; auto-review: missing_gloss",paranavitana
OSi,,āṅgi,in accordance with,,,"Sigiri PDF p. 434 (printed p. 426), column 2; OCR entry: äñgi, adv. [loc. of f. derived fr. Skt. igita; cf. Ts., v. 46], in accordance with, 418.",paranavitana
OSi,,āñùge,of äñńga,,,"Sigiri PDF p. 434 (printed p. 426), column 2; OCR entry: äñùge, loc. of äñńga, 11.; auto-review: low_ocr_confidence",paranavitana
OSi,,āja,of vaja?,,,"Sigiri PDF p. 434 (printed p. 426), column 2; OCR entry: äja, abs. of vaja?, 206.",paranavitana
OSi,,ājā,of vaja!,,,"Sigiri PDF p. 434 (printed p. 426), column 2; OCR entry: äjä!, abs. of vaja!, 153, 314, 666.",paranavitana
OSi,,ājā,,,,"Sigiri PDF p. 434 (printed p. 426), column 2; OCR entry: äjä?, abs of vaja?, 355; äjä gat, 663; äjä de, 355.; auto-review: missing_gloss",paranavitana
OSi,,āt,,,,"Sigiri PDF p. 434 (printed p. 426), column 2; OCR entry: ät, l.f. of äta! [cf. Dhpr. 5], 127.; auto-review: missing_gloss",paranavitana
OSi,,āta,,,,"Sigiri PDF p. 434 (printed p. 426), column 2; OCR entry: äta!, vb. [Skt. asti, P. atthi; var. ät and äti; cf. Dhpr. 214], 21, 81, 133, 194, 231, 281, 348, 433, 456, 518, 559, 603.; auto-review: missing_gloss",paranavitana
OSi,,āta,one person,,,"Sigiri PDF p. 434 (printed p. 426), column 2; OCR entry: äta?, vb. cond. [cf. Dhpr. 214], 72, 407, 493. ätam, s.a. [Skt. yatama or eka+ tman ‘one person’, ‘certain person’; cf. Dhpr. 36], certain, some, 76,553; nom. sin. indef., ätamek [cf. Dhpr. 327), 292. äti!, s.a. [Skt. asti+ka; cf. Svv. 63], existing, possessing, one who possesses. See ätiyavun, ätivan, and ätta—ätni. DEE A t N aaeain- a dia e A S 509.",paranavitana
OSi,,ātiyavun,pl. of ätit,,,"Sigiri PDF p. 434 (printed p. 426), column 3; OCR entry: ätiyavun, gen. pl. of ätit, 164,",paranavitana
OSi,,ātil-van,"mind, interior, internal",,,"Sigiri PDF p. 434 (printed p. 426), column 3; OCR entry: ätil-van?, cd. adv., 561. ätul, s.a. [äta (= Skt. antar)+la (= Skt. hrdaya) *ätaļá > ätula > ätul; cf. T. ul; atulen = sitin, Dhag. 214], mind, interior, internal. See ätulļl-dukak. ätuļata [ätul-+-pln. -ata; cf. Uj. 24], interior; inst., ätulatini, 23.",paranavitana
OSi,,ātul-dukak,,,,"Sigiri PDF p. 434 (printed p. 426), column 3; OCR entry: ätul-dukak, cd. nom. sin. indef., mental anguish, 294.; auto-review: missing_gloss",paranavitana
OSi,,ātta,sin. of äti!,,,"Sigiri PDF p. 434 (printed p. 426), column 3; OCR entry: ätta, acc. sin. of äti!, 357.",paranavitana
OSi,,āttak,sin. indef. of äti!,,,"Sigiri PDF p. 434 (printed p. 426), column 3; OCR entry: ättak, acc. sin. indef. of äti!, 141, 302.",paranavitana
OSi,,āttan,,,,"Sigiri PDF p. 434 (printed p. 426), column 3; OCR entry: ättan, acc. or gen. pl. of äti, 236, 319, 322, 370, 453, 504, 545, 624. ättanaț, ättanața, dat. pl. of äti! [cf. attanța, Amv. 61], 236, 262.; auto-review: missing_gloss",paranavitana
OSi,,āttanhaț,pl. of ätit,,,"Sigiri PDF p. 434 (printed p. 426), column 3; OCR entry: ättanhaț, dat. pl. of ätit, 432.",paranavitana
OSi,,āttayuna,,,,"Sigiri PDF p. 434 (printed p. 426), column 3; OCR entry: ättayuna, gen. pl. of äti! [cf. attavun, Svv. 4], 562.; auto-review: missing_gloss",paranavitana
OSi,,āttayunata,pl. of äti1,,,"Sigiri PDF p. 434 (printed p. 426), column 3; OCR entry: ättayunata, dat. pl. of äti1, 633.; auto-review: low_ocr_confidence",paranavitana
OSi,,āttaynaț,pl. of äti!,,,"Sigiri PDF p. 434 (printed p. 426), column 3; OCR entry: ättaynaț, dat. pl. of äti!, 10.",paranavitana
OSi,,āttāhat,,,,"Sigiri PDF p. 434 (printed p. 426), column 3; OCR entry: ättāhat, dat. sin. of äti! [cf. ättähaja, Svv. 81], 673.; auto-review: missing_gloss",paranavitana
OSi,,ātti (i),,,,"Sigiri PDF p. 434 (printed p. 426), column 3; OCR entry: ätti (i), nom. sin. f. of äti! [cf. _ Dhag. 118], 434, 464, 523.; auto-review: missing_gloss",paranavitana
OSi,,āttiya,sin. f. of ätit,,,"Sigiri PDF p. 434 (printed p. 426), column 3; OCR entry: ättiya, gen. sin. f. of ätit, 323.",paranavitana
OSi,,ātte,"sin. m, of ätit, See ätteyin",,,"Sigiri PDF p. 434 (printed p. 426), column 3; OCR entry: ätte, nom. sin. m, of ätit, See ätteyin.",paranavitana
OSi,,ātten,I am one who possesses,,,"Sigiri PDF p. 434 (printed p. 426), column 3; OCR entry: ätten, inst. of äti!, 164, 353. ätteyim [ätte+im], I am one who possesses, 463, 530.",paranavitana
OSi,,ātni,,,,"Sigiri PDF p. 434 (printed p. 426), column 3; OCR entry: ätni, inst. of äti! [through *ätini], 666.; auto-review: missing_gloss",paranavitana
OSi,,ād,of vadat,,,"Sigiri PDF p. 434 (printed p. 426), column 3; OCR entry: äd, abs. of vadat, 541.",paranavitana
OSi,,āda,of vada?; com. vb. ref. äda-gata?,,,"Sigiri PDF p. 434 (printed p. 426), column 3; OCR entry: äda, abs. of vada?; com. vb. ref. äda-gata?, 66,",paranavitana
OSi,,ādi,,,,"Sigiri PDF p. 434 (printed p. 426), column 3; OCR entry: ädi, prt. of vada? [cf. Sbl., v. 277], 236, 324, 473; 544, 642.; auto-review: missing_gloss",paranavitana
OSi,,ādini,"ref. of vaduna, became recognized",,,"Sigiri PDF p. 434 (printed p. 426), column 3; OCR entry: ädini, prt. ref. of vaduna, became recognized, 41.",paranavitana
OSi,,ādīi,ref. of vadat,,,"Sigiri PDF p. 434 (printed p. 426), column 3; OCR entry: ädīi!, prt. ref. of vadat, 135.; auto-review: low_ocr_confidence",paranavitana
OSi,,ādī’,ref. of vada?,,,"Sigiri PDF p. 434 (printed p. 426), column 3; OCR entry: ädī’, prt. ref. of vada?, 674.",paranavitana
OSi,,ādur,"teacher, professor",,,"Sigiri PDF p. 434 (printed p. 426), column 3; OCR entry: ädur, s. [Skt. äcāryya; P. äācariya; cf. EZ. I. 97; äduru, Gk., v. 182], teacher, professor, 231.",paranavitana
OSi,,ādet,ref. of vada?,,,"Sigiri PDF p. 434 (printed p. 426), column 3; OCR entry: ädet, cond. ref. of vada?, 463.",paranavitana
OSi,,ānā,,,,"Sigiri PDF p. 434 (printed p. 426), column 3; OCR entry: änä, abs. of vani [cf. Bs. 80], 84.; auto-review: missing_gloss",paranavitana
OSi,,āndi,"of vanda?, (1) (rel. f.), she who has been painted",,,"Sigiri PDF p. 434 (printed p. 426), column 3; OCR entry: ändi, prt. of vanda?, (1) (rel. f.), she who has been painted, 131, 642; (2) (inf.), see ändiyen.",paranavitana
OSi,,āndini,"the fact of having recognized, recognition",,,"Sigiri PDF p. 434 (printed p. 426), column 3; OCR entry: ändini, prt. ref. of vanduna [Skt. satñı-jānita], the fact of having recognized, recognition, 330.",paranavitana
OSi,,āndiyen,"of ändi (inf.), as it has been painted",,,"Sigiri PDF p. 434 (printed p. 426), column 3; OCR entry: ändiyen, inst. of ändi (inf.), as it has been painted, 588. ändili, vn. f. of vanda?, painting, drawing, 482, 574 (see dayendili).",paranavitana
OSi,,ip,,,,"Sigiri PDF p. 434 (printed p. 426), column 3; OCR entry: ip, nom. pl. of prn. 1st pers. [Intr., § 369; cf. Sdsg. 145], 266, 312, 362, 424, 519.; auto-review: missing_gloss",paranavitana
OSi,,ipāņa,,,,"Sigiri PDF p. 434 (printed p. 426), column 3; OCR entry: ipāņa, l.f. of Āpāņa, q.v. ; gen. sin., äpāņan, 119, 320, 640.; auto-review: missing_gloss",paranavitana
OSi,,ipi,231. DRP AGITI SI ATEI TA Ea 380,,,"Sigiri PDF p. 434 (printed p. 426), column 3; OCR entry: ipi, var, of äp [cf. Svv. 79; Dhpr. 69], 231. DRP AGITI SI ATEI TA Ea 380, 582, 683.",paranavitana
OSi,,āyaț,sin. f. of e!,,,"Sigiri PDF p. 435 (printed p. 427), column 1; OCR entry: äyaț, dat. sin. f. of e!, 56.",paranavitana
OSi,,āra,of vara,,,"Sigiri PDF p. 435 (printed p. 427), column 1; OCR entry: ära, abs. of vara, 190. See bindṣ ära.",paranavitana
OSi,,ārā,"of vara, (1) having opened",,,"Sigiri PDF p. 435 (printed p. 427), column 1; OCR entry: ärä, abs. of vara, (1) having opened, 219; (2) having rejected, 346.",paranavitana
OSi,,āla or āle,[prt. of a vb. derived from Skt. ava-vlī,,,"Sigiri PDF p. 435 (printed p. 427), column 1; OCR entry: äla or äle, a. [prt. of a vb. derived from Skt. ava-vlī; cf. Bs. 91), being bent to a side, 142, 355-",paranavitana
OSi,,ālīi,,,,"Sigiri PDF p. 435 (printed p. 427), column 1; OCR entry: älīi, abs. ref. of vala [cf. Svv. 45], 289.; auto-review: missing_gloss",paranavitana
OSi,,āluņa,"297. äluma, vn. of vala, attachment, 339-",,,"Sigiri PDF p. 435 (printed p. 427), column 1; OCR entry: äluņa, prt. ref. of vala [cf. älune = P. rato, Dhag. 12], 297. äluma, vn. of vala, attachment, 339-",paranavitana
OSi,,ālma,inst. älmen,,,"Sigiri PDF p. 435 (printed p. 427), column 1; OCR entry: älma, var. of äluma [cf. Kskh. XII. 41], inst. älmen, 464.",paranavitana
OSi,,āvij,having come,,,"Sigiri PDF p. 435 (printed p. 427), column 1; OCR entry: ävij, abs. [Skt. &padya, var. of avuj, e.f. of ävit], having come, 26, 405. ävit, Lf. of ävij [cf. Gk., v. 438], 314, 587, 030.",paranavitana
OSi,,āvid,,,,"Sigiri PDF p. 435 (printed p. 427), column 1; OCR entry: ävid, l.f. of ävij, 180, 245, 269, 400, 476, 477, 614, 636, 647, 650, 654, 660, 667, 677.; auto-review: missing_gloss",paranavitana
OSi,,āvida,,,,"Sigiri PDF p. 435 (printed p. 427), column 1; OCR entry: ävida, e.f. of ävid or abs. of vävidi [cf. Kskh. X. 146], 564-; auto-review: missing_gloss",paranavitana
OSi,,āvidā,,,,"Sigiri PDF p. 435 (printed p. 427), column 1; OCR entry: ävidä, var. of ävida, 149.; auto-review: missing_gloss",paranavitana
OSi,,āvidi,"to go round, walk",,,"Sigiri PDF p. 435 (printed p. 427), column 1; OCR entry: ävidi, vb. [P. āviñjati; mod. S. avidina-va], to go round, walk. See ävidä.",paranavitana
OSi,,āvini,set,,,"Sigiri PDF p. 435 (printed p. 427), column 1; OCR entry: ävini, prt. ref. [*ävi = Skt. aviddha+ni, ref. suffix, see Intr., § 512], set, 281. ävili!, vn. [Skt. ã&hvāna; cf. avulu in ” Podonzavulu, EZ. 1I. 46], invocation, prayer, 370-",paranavitana
OSi,,āvili,or abs. ref. of vavula,,,"Sigiri PDF p. 435 (printed p. 427), column 1; OCR entry: ävili?, prt. or abs. ref. of vavula, 582.",paranavitana
OSi,,āvuņu,"fixed on, entangled, 334-",,,"Sigiri PDF p. 435 (printed p. 427), column 1; OCR entry: ävuņu, prt. ref. of vavuņa [cf Dhpr. 285], fixed on, entangled, 334-",paranavitana
OSi,,ās,"eye, 3I",,,"Sigiri PDF p. 435 (printed p. 427), column 1; OCR entry: äs, s. [Skt. aksi, P. acchi; cf. Rm. v. 486], eye, 3I, 114, 146, 149 176, 224, 333, 3654, 595, 507, 599 542. See äsa—äsä, äsi!, äsin äsini, äsiyan, äsun, äsni— äslhi.",paranavitana
OSi,,āsa,or loc. of äS,,,"Sigiri PDF p. 435 (printed p. 427), column 1; OCR entry: äsa, acc. or loc. of äS, 24, 44, 374 589, 685.",paranavitana
OSi,,āsak,indef. of äs ; äsak äsak in each and every eye,,,"Sigiri PDF p. 435 (printed p. 427), column 1; OCR entry: äsak, loc. indef. of äs ; äsak äsak in each and every eye, 419.",paranavitana
OSi,,āsahi,of äs,,,"Sigiri PDF p. 435 (printed p. 427), column 1; OCR entry: äsahi, loc. of äs, 585.",paranavitana
OSi,,āsā,"of äs [cf. Dhag. 65 : 648. 4 äsi!, var. of äs",,,"Sigiri PDF p. 435 (printed p. 427), column 1; OCR entry: äsä, loc. of äs [cf. Dhag. 65 : 648. 4 äsi!, var. of äs, 17, 39, 66, 103, 15% See äsin, äsini, äsi-piyumar äsi-piyev, äsiyan, äsi, äsur ässak, ässan, ässen.",paranavitana
OSi,,āsi,"of vasat, what is heare 460",,,"Sigiri PDF p. 435 (printed p. 427), column 1; OCR entry: äsi?, prt. of vasat, what is heare 460, 473, 521.",paranavitana
OSi,,āsin,,,,"Sigiri PDF p. 435 (printed p. 427), column 1; OCR entry: äsin, inst. of äs or äsi' [cf. Dha; 271], 9, 42, 207, 433, 440, 47: 532, 541, 544, 547, 656.; auto-review: missing_gloss",paranavitana
OSi,,āsini,of äs or Äsi?,,,"Sigiri PDF p. 435 (printed p. 427), column 1; OCR entry: äsini, inst. of äs or Äsi?, 210, 332",paranavitana
OSi,,āsil-piyumt,,,,"Sigiri PDF p. 435 (printed p. 427), column 1; OCR entry: äsil-piyumt, cd., eyelid, acc. í gen. pl., -piyuman, 114.; auto-review: missing_gloss",paranavitana
OSi,,āsil-piyev,,,,"Sigiri PDF p. 435 (printed p. 427), column 1; OCR entry: äsil-piyev, cd. [cd. äsi-piyan, Ksm i p"" . 32i äsimi, rst pl. p. of vasat, 484.; auto-review: missing_gloss;low_ocr_confidence",paranavitana
OSi,,āsiyan,"or gen. pl. of äs or äsi, |: as last member of rel. cd. f",,,"Sigiri PDF p. 435 (printed p. 427), column 2; OCR entry: äsiyan, acc. or gen. pl. of äs or äsi, |: as last member of rel. cd. f., 176. See miyul-äsiyan.",paranavitana
OSi,,āsirā,companionship,,,"Sigiri PDF p. 435 (printed p. 427), column 2; OCR entry: äsirä, s. [Skt. ãsraya; cf. Ksm., V. 540], companionship, 338, 346.",paranavitana
OSi,,āsiri,"285. äsī, äsi with į lengthened metris causå",,,"Sigiri PDF p. 435 (printed p. 427), column 2; OCR entry: äsiri, var. of äsirä, (1) companionship, (2) companion; dat., äsiriyata, (1), 420; gen, pl. äsiriyin, (2) [cf. Ksm., v. 721], 285. äsī, äsi with į lengthened metris causå, 42. äsīmu, īst pl. p. of vasat, 208.",paranavitana
OSi,,āsu,of vasat (inf.),,,"Sigiri PDF p. 435 (printed p. 427), column 2; OCR entry: äsu, prt. of vasat (inf.), 27, 388.",paranavitana
OSi,,āsun,,,,"Sigiri PDF p. 435 (printed p. 427), column 2; OCR entry: äsun, gen, pl. of äs or äsi', as last member of rel. cd., see nil-upuläsun, 205.; auto-review: missing_gloss",paranavitana
OSi,,āseta,ref. of vasat,,,"Sigiri PDF p. 435 (printed p. 427), column 2; OCR entry: äseta, cond. ref. of vasat, 506.",paranavitana
OSi,,āsel,named after the month during,,,"Sigiri PDF p. 435 (printed p. 427), column 2; OCR entry: äsel, s. [Skt. äsāädha; cf. Rm., v. 201], named after the month during",paranavitana
OSi,,which the tree flowers,,,,"Sigiri PDF p. 435 (printed p. 427), column 2; OCR entry: which the tree flowers, a tree, Cassia fistula; cd., äseļ-kesur, 583.; auto-review: missing_gloss",paranavitana
OSi,,āsni,of ÄS,,,"Sigiri PDF p. 435 (printed p. 427), column 2; OCR entry: äsni, inst. of ÄS, 254, 317, 417-",paranavitana
OSi,,ās-pollen,,,,"Sigiri PDF p. 435 (printed p. 427), column 2; OCR entry: äs-pollen, cd. inst., as adv., with tears in the eyes, 179.; auto-review: missing_gloss",paranavitana
OSi,,āssak,"sin. indef. of äs or äsi!, last member of rel. cd",,,"Sigiri PDF p. 435 (printed p. 427), column 2; OCR entry: ässak, nom. sin. indef. of äs or äsi!, last member of rel. cd., 392. See digzässak.",paranavitana
OSi,,āssan,"or gen. pl. of äs or äsit, last member of rel. cd",,,"Sigiri PDF p. 435 (printed p. 427), column 2; OCR entry: ässan, acc. or gen. pl. of äs or äsit, last member of rel. cd., 124, 567- See dig-ässan.",paranavitana
OSi,,ās-sālme,,,,"Sigiri PDF p. 435 (printed p. 427), column 2; OCR entry: äs-sälme, cd. loc., movement of eyes, 114.; auto-review: missing_gloss",paranavitana
OSi,,āssen,,,,"Sigiri PDF p. 435 (printed p. 427), column 2; OCR entry: ässen?, inst, of äs or äsi?, as last member of rel. cd., 518.; auto-review: missing_gloss",paranavitana
OSi,,āssen,,,,"Sigiri PDF p. 435 (printed p. 427), column 2; OCR entry: ässen?, voc. pl. of äs or äsi' as last member of rel. cd., 285.; auto-review: missing_gloss",paranavitana
OSi,,ās-hamiye,,,,"Sigiri PDF p. 435 (printed p. 427), column 2; OCR entry: äs-hamiye, cd. loc., in front of one’s eyes, 507, 542-; auto-review: missing_gloss",paranavitana
OSi,,ās-hamuyuk,,,,"Sigiri PDF p. 435 (printed p. 427), column 2; OCR entry: äs-hamuyuk, cd. acc. indef., anything that comes in front of the eyes, 93.; auto-review: missing_gloss",paranavitana
OSi,,āsthi,,,,"Sigiri PDF p. 435 (printed p. 427), column 2; OCR entry: ästhi, loc. of äs [cf. Dhpr. 285], 179, 244, 325» 326, 368, 470-; auto-review: missing_gloss",paranavitana
OSi,,āla,,,,"Sigiri PDF p. 435 (printed p. 427), column 2; OCR entry: äla, a., var. of äla [cf. Bs. 81], 564, 644. Āt e.f. of ät, 449. See nätä.; auto-review: missing_gloss",paranavitana
OSi,,Ā,to be,,,"Sigiri PDF p. 435 (printed p. 427), column 2; OCR entry: Ā?, e.f. of ä? [cf. Sbl., v. 277], 316. āpā [cf. Dds. 45; EZ. MI. 82], prince, His Highness; with suffix -ņa [Intr., § 393], Āpāņa, gen. pl. (hon.), åpāņan, 53; followed by verb mi = Skt. asmi, Āpāmi, I am Äpā, 46. i [a form of a verb ‘to be’, contr. fr. yil, euphonically joined to preceding word], is, 330 (ayeki), 423 tepulaki (423), 432 (varajeki).",paranavitana
OSi,,igili,ref. of vugula,,,"Sigiri PDF p. 435 (printed p. 427), column 2; OCR entry: igili, abs. ref. of vugula, 178.; auto-review: low_ocr_confidence",paranavitana
OSi,,iṅg,,,,"Sigiri PDF p. 435 (printed p. 427), column 2; OCR entry: iñg, s., var. of iñga, 259, 282.; auto-review: missing_gloss",paranavitana
OSi,,iṅga,"hip, waist",,,"Sigiri PDF p. 435 (printed p. 427), column 2; OCR entry: iñga, s. [Skt. utsańga; earlier form : hiñga; cf. Dhag. 111; Kskh. II. 25], hip, waist, 278; nom. indef.,",paranavitana
OSi,,Āā,,,,"Sigiri PDF p. 435 (printed p. 427), column 3; OCR entry: Āā, indec. [Skt. atīva; cf. Ksm., v. 2], 102.; auto-review: missing_gloss",paranavitana
OSi,,i,become thus,,,"Sigiri PDF p. 435 (printed p. 427), column 3; OCR entry: i, indec. [Skt. itham; cf. Sdsg. 39), thus, 652; cd., iti-bu [Skt. ittham-bhüta; cf. Sdsg. 83], become thus, 449. 1t, i.f. of hij, der. from ~idi, 75-",paranavitana
OSi,,d,lord,,,"Sigiri PDF p. 435 (printed p. 427), column 3; OCR entry: d?, s. [Skt. indra, P. inda; cf. iñdu, Rm., v. 31; var. of ind], lord, 84, 147 (in. cd.).",paranavitana
OSi,,di,,,,"Sigiri PDF p. 435 (printed p. 427), column 3; OCR entry: di, vb. var. of indi. See idt.; auto-review: missing_gloss",paranavitana
OSi,,du,,,,"Sigiri PDF p. 435 (printed p. 427), column 3; OCR entry: du, var, of id, znd member of cd., 174.; auto-review: missing_gloss",paranavitana
OSi,,n,,,,"Sigiri PDF p. 435 (printed p. 427), column 3; OCR entry: n, inst. f. of e! [cf. Dhpr. 342], 59, 553, 630-; auto-review: missing_gloss",paranavitana
OSi,,nd,,,,"Sigiri PDF p. 435 (printed p. 427), column 3; OCR entry: nd, s., var. of id, znd member of cd., 631.; auto-review: missing_gloss",paranavitana
OSi,,indi,do raise,,,"Sigiri PDF p. 435 (printed p. 427), column 3; OCR entry: indi, vb., l.f. of vhindi', prt., indi, 681r. Sec unt, una, unnaha, and unno, im, Ist sin. pr; of vb. = Skt. as, var. of mi, I am, euphonically joined to preceding words. See ätteyim. iräy, imp. of a vb. = Skt. vīr [Skt. Iraya], do raise, 146. isi}, s. [Skt. ērsyā, P. issã], jealousy, 240, 539. See isi-tad and isini. isi% vb. [Skt. vsiñc; mod. S&S. ihinava], to scatter; prt. isi [cf. Srol. 51], 404, 454, 480.",paranavitana
OSi,,isi'-tad,,,,"Sigiri PDF p. 435 (printed p. 427), column 3; OCR entry: isi'-tad, cd., one who is strongly jealous; gen. sin., -tadahu, 539.; auto-review: missing_gloss",paranavitana
OSi,,isini,of isit,,,"Sigiri PDF p. 435 (printed p. 427), column 3; OCR entry: isini, inst. of isit, 240.",paranavitana
OSi,,isira,lord,,,"Sigiri PDF p. 435 (printed p. 427), column 3; OCR entry: isira, s. [Skt. īśvara; cf. isuru, Sls., v. 14], lord; gen. sin., isira, 322; isirā, 84, 247, 406, 569. isirä, der. from isira [Skt. aisvarya; cf. Dhag. 287], splendour, 94, 115, 169, 171, 447; inst., isirin, 449.",paranavitana
OSi,,isilu,borne,,,"Sigiri PDF p. 435 (printed p. 427), column 3; OCR entry: isilu, prt. of vusula [cf. Ksm., v. 489, var. isulu], borne, 23, 36, 678.",paranavitana
OSi,,isulu (ū),,,,"Sigiri PDF p. 435 (printed p. 427), column 3; OCR entry: isulu (ū), var. of isilu [cf. Dhpr. 228], 13, 226, 227, 229. u, prefix [Skt. ud; cf. Sdsg- 69]. See ugan.; auto-review: missing_gloss",paranavitana
OSi,,ukața,"to long for, be despondent; vn., ukatțali [cf. Dhpr. 253], despondency, longing for",,,"Sigiri PDF p. 435 (printed p. 427), column 3; OCR entry: ukața, vb. [Skt. Nom. ut-kantha; cf. ukätä (abs.), Dhag. 168], to long for, be despondent; vn., ukatțali [cf. Dhpr. 253], despondency, longing for, 58. See ukäțali—ukäțli.",paranavitana
OSi,,ukand,rapturous joy,,,"Sigiri PDF p. 435 (printed p. 427), column 3; OCR entry: ukand, s. [P. okkantika, one of the five types of joy, see Vsmg. 143], rapturous joy; loc., ukand'hi, 256. s",paranavitana
OSi,,ukaha,"to increase, to raise Up; abs., ukā (through ukahā)",,,"Sigiri PDF p. 435 (printed p. 427), column 3; OCR entry: ukaha, vb. [Skt. ut-vkrs; cf. Ksm., v. 293], to increase, to raise Up; abs., ukā (through ukahā), 256.",paranavitana
OSi,,ukāțali,"463; cd., ukäțali-muhund, sea of despondency",,,"Sigiri PDF p. 435 (printed p. 427), column 3; OCR entry: ukäțali, var. of ukațali [cf. ukätalin = P. anabhiratiyā, Dhag. 213], 463; cd., ukäțali-muhund, sea of despondency, 596. i pe a; auto-review: low_ocr_confidence",paranavitana
OSi,,oo CSAT,,,,"Sigiri PDF p. 436 (printed p. 428), column 1; OCR entry: oo CSAT, Var., Or UkKätali, 678,; auto-review: missing_gloss;low_ocr_confidence",paranavitana
OSi,,ukāțli,,,,"Sigiri PDF p. 436 (printed p. 428), column 1; OCR entry: - ukäțli, var, of ukäțali, 478.; auto-review: missing_gloss;low_ocr_confidence",paranavitana
OSi,,u-gan,"learn; prt. cs. ugänvū, set fo) caused to be taken up",,,"Sigiri PDF p. 436 (printed p. 428), column 1; OCR entry: u-gan, vb. [Skt. ud-vgrah], learn; prt. cs. ugänvū, set fo) caused to be taken up, 338. ugula, ýb. [Skt. ud-vgal], to : aloft, fly upwards: See ig (abs.).",paranavitana
OSi,,ugula,tr: 582,,,"Sigiri PDF p. 436 (printed p. 428), column 1; OCR entry: ugula, s. [Old I. form der. fr. S ud-~ghaț; same in mod. S.], tr: 582.",paranavitana
OSi,,uj,"even, though",,,"Sigiri PDF p. 436 (printed p. 428), column 1; OCR entry: uj, indec. [Skt. ca; cf. gandzuj P. gandhar ca. var. uju and u Inseparably joined to precedi word], even, though, 17, 22, 31 456, 459, 523, 632.",paranavitana
OSi,,uju,,,,"Sigiri PDF p. 436 (printed p. 428), column 1; OCR entry: uju, indec., var. of uj, 243.; auto-review: missing_gloss",paranavitana
OSi,,ud,,,,"Sigiri PDF p. 436 (printed p. 428), column 1; OCR entry: ud, a., l.f. of uda. See ud-li, u vatu, and ud-hur.; auto-review: missing_gloss",paranavitana
OSi,,uda,[Skt. ñrdhva,,,"Sigiri PDF p. 436 (printed p. 428), column 1; OCR entry: uda, a. [Skt. ñrdhva; cf. Dhpr. 7: above, upwards; cd., uda-gal up-hill, 54; uda-la, vb., lit., throw up, to shriek, moan; ab: uda-la, 585.",paranavitana
OSi,,udu,"cd., loc. udu-galä [c ud-galä, EZ. I. 97]",,,"Sigiri PDF p. 436 (printed p. 428), column 1; OCR entry: udu, a., var. of uda [cf. (E 496], cd., loc. udu-galä [c ud-galä, EZ. I. 97], 371; cd udu-vațu [Skt. ürdhuãvrtta; c Sblk., v. 318], upturned, 268; cd udu-huru [Skt. ürdhva-svarí cf. Ksm., v. 516], moaning, shriek ing; udu-huru-la [cf. mod. $ udu-burun-lanava], to shriel",paranavitana
OSi,,moan,-lat,,,"Sigiri PDF p. 436 (printed p. 428), column 1; OCR entry: moan, cond., -lat, 342.",paranavitana
OSi,,udli,"arrogance, 39€",,,"Sigiri PDF p. 436 (printed p. 428), column 1; OCR entry: udli, s. [P. uddhacca], arrogance, 39€; auto-review: low_ocr_confidence",paranavitana
OSi,,ud-vațu,,,,"Sigiri PDF p. 436 (printed p. 428), column 1; OCR entry: ud-vațu, cd., var. of udu-vațu 467; ud-vațu-tanā, cd. (lengt of last a metris causa), upturne breasts, 357.; auto-review: missing_gloss",paranavitana
OSi,,ud-hur,,,,"Sigiri PDF p. 436 (printed p. 428), column 1; OCR entry: ud-hur, var. of udu-huru ; ud hur-layi, moans, shrieks, 222.; auto-review: missing_gloss",paranavitana
OSi,,utirīya,uppe garment,,,"Sigiri PDF p. 436 (printed p. 428), column 1; OCR entry: utirīya, s. [Skt. uttarīya], uppe garment; inst., utiriyen, 365. utur, s.a., l.f. of uturu, north, 15 141, 288, 450. utura!, s.a., var. of uturu; cd. utura-pasa, northern quarter 276; abl., -pasina, 585.",paranavitana
OSi,,utura,"north, northern; cd., uturupas?, northern quarter",,,"Sigiri PDF p. 436 (printed p. 428), column 1; OCR entry: utura?, vb. [Skt. ud-vtr; mod. S uturanava), to overflow, diffuse. See utula. uturu, s.a. [Skt. uttara; cf. Rm., v. 52], north, northern; cd., uturupas?, northern quarter, 388.",paranavitana
OSi,,utur-pas,,,,"Sigiri PDF p. 436 (printed p. 428), column 1; OCR entry: utur-pas, cd., var. of uturu-pas, I5, 141, 288, 450.; auto-review: missing_gloss",paranavitana
OSi,,utula,,,,"Sigiri PDF p. 436 (printed p. 428), column 1; OCR entry: utula, prt. of vutura [cf. Dhpr. 300], 221.; auto-review: missing_gloss",paranavitana
OSi,,ud,,,,"Sigiri PDF p. 436 (printed p. 428), column 1; OCR entry: ud, indec., l.f. of uj, 141, 217, 260, 295, 494, 496, 568, 683.; auto-review: missing_gloss",paranavitana
OSi,,udak,"alone, merely",,,"Sigiri PDF p. 436 (printed p. 428), column 1; OCR entry: udak, indec. [nom. indef. of uda = Skt. śuddha => suda = huda; cf. Gs., v. 25], alone, merely, 105.",paranavitana
OSi,,udaya,"mythical mountain; cd, loc., udayzaghi [cf. udayagehi; Sbl., v. 149]",,,"Sigiri PDF p. 436 (printed p. 428), column 1; OCR entry: udaya, s. [Skt. udaya], mythical mountain; cd, loc., udayzaghi [cf. udayagehi; Sbl., v. 149], 122.",paranavitana
OSi,,udaha,anger,,,"Sigiri PDF p. 436 (printed p. 428), column 1; OCR entry: udaha!, s, [der. fr, vudaha”], anger, 338. nom. ARPIDE Cct), ud hanne, 56. to | udaha’, s. [Skt. uddharsa], erectio h, flaring upwards. See lon udaha. se | udahasa, cd. [udaha-+asa (S} lī asaya); cf. Ksm., v. 205], ange 610. t. | udā, s. [Skt. udaya; 1.f. of uday 3 cf. Mdv., v. 90], rising of the su or moon; loc., udāye, 86. = | un?!, pt. of vindi [e.f. hun; c k Kskh. X. 137], 122, 174, 176, 2I: g See unnaha and unno. 3, | un?, acc. or gen, pl. of e! [cf. Gk v. 368], 65, 104, 264, 281, 40 412, 418, 439, 454, 468, 490, 54: - 606, 623.",paranavitana
OSi,,una,"369. o | uno [una < vuna+-0, exclama f. tory], became ! 337",,,"Sigiri PDF p. 436 (printed p. 428), column 2; OCR entry: una, e.f. of uni, 513. , | unat, dat. pl. of e! [cf. unața, Amı >| 153], 369. o | uno [una < vuna+-0, exclama f. tory], became ! 337.",paranavitana
OSi,,unnaha,"stratagem, plan 31I",,,"Sigiri PDF p. 436 (printed p. 428), column 2; OCR entry: unnaha, nom. pl. of un? or 3rd p) $ p. of vindi, 603. . | unno, var. of unnaha, 534. , | unhi, loc. sin. f. of et, 39. . | upa, s. [Skt. upāya; cf. Kskh i XIII. 31], stratagem, plan 31I.",paranavitana
OSi,,upadā,,,,"Sigiri PDF p. 436 (printed p. 428), column 2; OCR entry: upadä, abs. of vupadi [cf. upada Dhpr. 118; upädä, Amv. 153] 78.; auto-review: missing_gloss",paranavitana
OSi,,upadi,to be born,,,"Sigiri PDF p. 436 (printed p. 428), column 2; OCR entry: upadi, vb. [Skt. ut-vpad], to be born. See upadä, upan.",paranavitana
OSi,,upan,born,,,"Sigiri PDF p. 436 (printed p. 428), column 2; OCR entry: upan, prt. of Vupadi [Skt. utpanna. cf. Amv. 23], born, 78, 98.",paranavitana
OSi,,upana,,,,"Sigiri PDF p. 436 (printed p. 428), column 2; OCR entry: upana, e.f. of upan, or upan--a? [cf. Dhr. 128], 319.; auto-review: missing_gloss",paranavitana
OSi,,upura,to jump up,,,"Sigiri PDF p. 436 (printed p. 428), column 2; OCR entry: upura, vb. [Skt. ud-vsrp, utsrp], to jump up. See upula.",paranavitana
OSi,,upul,"blue water-lily, 2nd member of cd. nilzupul, I3",,,"Sigiri PDF p. 436 (printed p. 428), column 2; OCR entry: upul, s. [Skt. utpala; cf. Rm., v. 156], blue water-lily, 2nd member of cd. nilzupul, I3, 124, 205, 285, 409, 567. See upula— upullen,",paranavitana
OSi,,upula,,,,"Sigiri PDF p. 436 (printed p. 428), column 2; OCR entry: upula, e.f. of upul, 24, 207, 224, 458, 505, 655.; auto-review: missing_gloss",paranavitana
OSi,,upul-āssan,,,,"Sigiri PDF p. 436 (printed p. 428), column 2; OCR entry: upul-ässan, cd. rel., gen. pl., 124.; auto-review: missing_gloss",paranavitana
OSi,,upule,of upul or upula,,,"Sigiri PDF p. 436 (printed p. 428), column 2; OCR entry: upule, loc. of upul or upula, 250.",paranavitana
OSi,,upullen,,,,"Sigiri PDF p. 436 (printed p. 428), column 2; OCR entry: upullen, voc. pl. of upul or upula as last member of rel. cd., 502.; auto-review: missing_gloss",paranavitana
OSi,,upula,,,,"Sigiri PDF p. 436 (printed p. 428), column 2; OCR entry: upula, prt. of vupura [cf. Sbl., v. 44], 104.; auto-review: missing_gloss",paranavitana
OSi,,ura,"shoulder; cd. loc. indef., uradekthi",,,"Sigiri PDF p. 436 (printed p. 428), column 2; OCR entry: ura, s. [Skt. uras; cf. Ksm., v. 480], shoulder; cd. loc. indef., uradekthi, 183.",paranavitana
OSi,,usas,,,,"Sigiri PDF p. 436 (printed p. 428), column 2; OCR entry: usas, cd. a, [us = Skt. ucca +-as?; cf, Pn, v. 34), high-minded, noble, 315.; auto-review: missing_gloss",paranavitana
OSi,,usula,"to bear, hold up, uphold; abs., usula [cf. usulā, Ksm., v. 205]",,,"Sigiri PDF p. 436 (printed p. 428), column 2; OCR entry: usula, vb. [Skt. ud-slśliş; cf. usulanem, Dhag. 98], to bear, hold up, uphold; abs., usula [cf. usulā, Ksm., v. 205], 672; acc. pl. of pr. pt. (rel.), usulannan, 401; abs., usulay [cf. Dhag. 260], 652. T D tad r a a a AN E E Baeri Ea o -| See ä?, äya, äyaț, Å, in, un?— unaț, unhi, ey, eyat, eyața y eyä, eyin—eyhi, ehi, o?, oyun— 5 oyuhu, ovun, ohu. (1) st, f. ir cd., 27, 58, 103, 194, 220, 282 -| 344 417, 473, 549, 596, 658 [54] ; st. f. as a., 36, 88, 149, 225, 266 357, 489; 493, 618, 622; st. f. a 7 nom. sin. m., 10, 29, 50, 105, 118 i | 143, 202, 290, 407, 447, 492, 495 513, 553, 557, 605, 626, 632; st. f ; as nom, sin. or pl., 66, 160; st. f ; as acc. sin. [cf. Dhpr. 296], 24 57, 71, 251, 304, 336, 634; st. f. as ; inst. sin., 155; st. f. as gen. sin. f., 141, 210, 211, 394.",paranavitana
OSi,,e,together with,,,"Sigiri PDF p. 436 (printed p. 428), column 3; OCR entry: €”, vb. [Skt. ã-ve; cf. eyi, Vds. 212], to come., See ai—a?, amaha. ami, ay, ayat, ayi—ayimi, ayu—ayutin, ayhi, ava?, avahi, ā!—āven, e’, et!—eta, eti, ena —enne, emo, ey, eya?, eya?, eyi, evi. e’, 3rd sin. pr. ref. of ve? [cf. Amv, 44], 141, 184, 514. et, at the end of line for rhyme, 527. ek, nm. [Skt. eka; cf. Dhpr. 34], (1) one, 1, 62, 115, 173, 209, 235, 314, 394, 539, 591, 679 [25]; (2) in combination with forms of verbs kara and ve has meaning of ‘together with’, 54, 265. See eka!—ek-se.",paranavitana
OSi,,ekat,,,,"Sigiri PDF p. 436 (printed p. 428), column 3; OCR entry: ekat, e.f. of ek, 23, 142, 354, 355, 500, 515, 619. See eka?—ekaklhaț, ekalā—ekun, eknat, ekni. eka?, f. (1) nom., 354, 355; (2) inst., 223, 320. i; auto-review: missing_gloss",paranavitana
OSi,,ekak,,,,"Sigiri PDF p. 436 (printed p. 428), column 3; OCR entry: ekak, nom. or acc, indef. of ek or ekat f. [cf, Dhpr. 299, Ksm., v. 480], 220, 249, 471.; auto-review: missing_gloss",paranavitana
OSi,,ekaklhaț,f. of ek or eka1,,,"Sigiri PDF p. 436 (printed p. 428), column 3; OCR entry: ekaklhaț, dat. f. of ek or eka1, 67.",paranavitana
OSi,,eka!-desi,,,,"Sigiri PDF p. 436 (printed p. 428), column 3; OCR entry: eka!-desi, adv., of one standard, definitely, 225. ekala [eka!+pln. Ja, Intr., § 396; cf. Dhpr. 49], see hudukalā.; auto-review: missing_gloss",paranavitana
OSi,,ekin,,,,"Sigiri PDF p. 436 (printed p. 428), column 3; OCR entry: ekin, inst. f. of ek or eka [cf. Mdv., v. 142], 13, 667; ekin ekin, one by one, 564.; auto-review: missing_gloss",paranavitana
OSi,,ekun,of ek or eka,,,"Sigiri PDF p. 436 (printed p. 428), column 3; OCR entry: ekun, gen. of ek or eka, 591.",paranavitana
OSi,,ek-kenek,,,,"Sigiri PDF p. 436 (printed p. 428), column 3; OCR entry: ek-kenek, cd., one person, 385.; auto-review: missing_gloss",paranavitana
OSi,,ek-koț,having assembled together,,,"Sigiri PDF p. 436 (printed p. 428), column 3; OCR entry: ek-koț, abs. [cf. mod. S. ekkarala], having assembled together, 517.",paranavitana
OSi,,eknaț,,,,"Sigiri PDF p. 436 (printed p. 428), column 3; OCR entry: eknaț, dat. of ek or eka [cf. Dhag. 149], 463.; auto-review: missing_gloss",paranavitana
OSi,,ekni,"267. ek no vi?, not haying associated with",,,"Sigiri PDF p. 436 (printed p. 428), column 3; OCR entry: ekni, inst. of ek or eka [cf. Sbl, v. 370], 267. ek no vi?, not haying associated with, 314. See ek ve.",paranavitana
OSi,,ek-van,"incessantly, intensely, exceedingly",,,"Sigiri PDF p. 436 (printed p. 428), column 3; OCR entry: ek-van?, cd. adv. [cf. Rm., V. 45; = P. abhikkhanam, Dhag. 199], incessantly, intensely, exceedingly, 197, 239, 509, 521.",paranavitana
OSi,,k-vant,,,,"Sigiri PDF p. 436 (printed p. 428), column 3; OCR entry: k-vant, cd. adv., together with, 244. eK-Vana (8); 1O CUIU MYBYtHYI, M become one with, resemble, 394 (last a lengthened metris causa).; auto-review: missing_gloss",paranavitana
OSi,,ek-se,,,,"Sigiri PDF p. 437 (printed p. 429), column 1; OCR entry: ek-se!, cd. adv., in one manner, similarly, 267.; auto-review: missing_gloss",paranavitana
OSi,,edi,pride,,,"Sigiri PDF p. 437 (printed p. 429), column 1; OCR entry: edi, s. [Skt. yddhi; cf. Bga., V. 546], pride, 44, 369, 671. ett, 3rd pl. pr. of ve?, 251, 369, 468, 506.",paranavitana
OSi,,et,of ve? [cf. Dhpr. 98),,,"Sigiri PDF p. 437 (printed p. 429), column 1; OCR entry: et?, cond. of ve? [cf. Dhpr. 98), 369, 6o07, 680.",paranavitana
OSi,,eta,,,,"Sigiri PDF p. 437 (printed p. 429), column 1; OCR entry: eta, e.f. of et? [cf. Ksm., v. 353], 4, 189, 202, 267, 335; 459, 494, 513, 524, 548, 608, 676 [25].; auto-review: missing_gloss",paranavitana
OSi,,el-tak,,,,"Sigiri PDF p. 437 (printed p. 429), column 1; OCR entry: el-tak, cd. adv., thus far, 596. eti, 3rd pl. pr. of ve?, var. of et! [cf. Amv. 84], 51, 243, 391-; auto-review: missing_gloss",paranavitana
OSi,,et-tek,so many,,,"Sigiri PDF p. 437 (printed p. 429), column 1; OCR entry: et-tek, cd. a. [cf. Pv. 616], so many, 482. ena, pr. pt. of ve?, a. [cf. Kskh. VII. 29], 382, 545, 560, 681; gen. pl. (rel.), enayun, 400; nom. sin. (inf.), enu [cf. Dhag. 110), 330, 355; nom. pl, (rel.) eno, 15, 398; dat. (inf.), ennat, 567; nom. sin. (rel.), enne, 465.",paranavitana
OSi,,epa,"particle of prohibition, do not",,,"Sigiri PDF p. 437 (printed p. 429), column 1; OCR entry: epa, indec. [by origin an imp., Skt. hāpaya > #hepa > mod. S. epa, lit., ‘reject’], particle of prohibition, do not, 39.",paranavitana
OSi,,el-pița,"that side, distance",,,"Sigiri PDF p. 437 (printed p. 429), column 1; OCR entry: el-pița, cd. [mod. S. ipița], that side, distance; abl., e-pițin [mod. S. ipitin], 473- . ebimo, ıst pl. p. ref. of voba? i [prt. ebi+mo; cf. ebi, Dhag. 70], 555-",paranavitana
OSi,,LA ebu,"E 34r. emo, ist pl. pr. of Ve?",,,"Sigiri PDF p. 437 (printed p. 429), column 1; OCR entry: LA ebu, prt. of vobat [cf. Dhpr. 301], E 34r. emo, ist pl. pr. of Ve?, 195.; auto-review: low_ocr_confidence",paranavitana
OSi,,ey,,,,"Sigiri PDF p. 437 (printed p. 429), column 1; OCR entry: ey, nom. or acc. sin. f. and n. of e s [cf eyi, Kskh. XII. 27], 249, 316. ; 463, 582.; auto-review: missing_gloss;low_ocr_confidence",paranavitana
OSi,,eya,or gen. sin. f. and n. ofe! 158,,,"Sigiri PDF p. 437 (printed p. 429), column 1; OCR entry: eya!, acc. or gen. sin. f. and n. ofe! 158, 568. eya?, pot. of ve°, 17, 279eya?, gdv. of ve?, 374-",paranavitana
OSi,,eyața,,,,"Sigiri PDF p. 437 (printed p. 429), column 1; OCR entry: eyața, dat. sin. f. and n. of vet [cf Dhpr. 4], 166.; auto-review: missing_gloss",paranavitana
OSi,,eyā,,,,"Sigiri PDF p. 437 (printed p. 429), column 1; OCR entry: eyä, var. of eyat, 307. eyi, 3rd sin. pr. of ve? [cf. Amv 30], 564, 618.; auto-review: missing_gloss",paranavitana
OSi,,eyin,,,,"Sigiri PDF p. 437 (printed p. 429), column 1; OCR entry: eyin, inst. or abl. sin. f. and n. of e [cf. Dhag. 19], 529, 558. eyun, eyuna, acc. or gen. pl. f. o er Iy Gaa; auto-review: missing_gloss",paranavitana
OSi,,eyhi,,,,"Sigiri PDF p. 437 (printed p. 429), column 1; OCR entry: eyhi, loc. sin. f. and n. of et, 251 463. erev, imp. pl. ref. of vora? [ci erunu, Sdsg. 124, ereyi = P. ota rati, Dhag. 77], 613.; auto-review: missing_gloss",paranavitana
OSi,,ela,"to hang from; abs ref. eli, cf. mod. S. elli-la. [Als possible elbī > elvī > ellī > el See next]",,,"Sigiri PDF p. 437 (printed p. 429), column 1; OCR entry: ela, vb. [Skt. ā-~li; cf. mod. £ ellana, ellena], to hang from; abs ref. eli, cf. mod. S. elli-la. [Als possible elbī > elvī > ellī > el See next], 625. elba [abs. of elbe, ref. st. of ~ fror Skt. ava-vlamb, P. olambati hanging down, 393.",paranavitana
OSi,,eva,493. IPIS Au TTE,,,"Sigiri PDF p. 437 (printed p. 429), column 2; OCR entry: eva, e.f. of ev [cf. Amv. 116], 493. IPIS Au TTE.; auto-review: low_ocr_confidence",paranavitana
OSi,,et-van,,,,"Sigiri PDF p. 437 (printed p. 429), column 2; OCR entry: et-van?, cd. s. and a., like that, 147-; auto-review: missing_gloss",paranavitana
OSi,,el-vāni,will come,,,"Sigiri PDF p. 437 (printed p. 429), column 2; OCR entry: el-väni, var, of e-van?, 58; nom. sin. indef., e-vännek, 27; voc. pl., e-vänneni, 29. evi, gdv. of ve? [cf. mod. S. evi], will come, 465.",paranavitana
OSi,,evidin,having come,,,"Sigiri PDF p. 437 (printed p. 429), column 2; OCR entry: evidin, abs. [evid, e.f. of ävid and -in, for which see Intr., § 490; lf. ävidin, Kskh. X. 4], having come, 511.",paranavitana
OSi,,evu,,,,"Sigiri PDF p. 437 (printed p. 429), column 2; OCR entry: evu, var. of eV, 312. esavū, 3rd pl. p. of vosava [cf. Kskh. VII. 28), 533.; auto-review: missing_gloss",paranavitana
OSi,,el-sāt,,,,"Sigiri PDF p. 437 (printed p. 429), column 2; OCR entry: el-sāt, cd. a. adv., so much, 236. el-se}, cd. adv. [cf. Dhpr. 97), in that manner, 657.; auto-review: missing_gloss",paranavitana
OSi,,ehi,there,,,"Sigiri PDF p. 437 (printed p. 429), column 2; OCR entry: ehi, loc. of e1, n. [cf. Svv. 5], there, 180, 200, 275, 365, 461, 468, 471, 485, 490, 494, 538, 563, 676, 677-",paranavitana
OSi,,ela,"to put down, place down, direct down; abs. eļa, with aux. pan",,,"Sigiri PDF p. 437 (printed p. 429), column 2; OCR entry: ela, vb. [Skt. ava-vli; cf. eļavay = P. patthapatvā, Dhag. 109], to put down, place down, direct down; abs. eļa, with aux. pan, 465; imp. cs., eļavanu, 458. eļli, s.a. [P. añgaņa+ka > *aganaka > *aganaya > *ayanaya > #ayaliyi > *eliyi > eji > eli; cf. Gk., v. 358], open space, open; eļli vīl, became open, was revealed, 454. eļe, 3rd sin. pr. ref. of vela, 540. ot, prn. [cf. mod. S. oya], that there; see 0-tak.",paranavitana
OSi,,o,she,,,"Sigiri PDF p. 437 (printed p. 429), column 2; OCR entry: o?, nom. sin, f. of e? [cf. Ksm., v. 169; e.f. ho. Intr., § 375], she, 160, 343, 393, 501, 510, 518, 531, 558. o°, interjection ; see UNO.",paranavitana
OSi,,ot,"to put down, place down",,,"Sigiri PDF p. 437 (printed p. 429), column 2; OCR entry: ot, vb. [Skt. ava-vdhā; cf. ōnā, Pv. 104], to put down, place down. See ot, omi.",paranavitana
OSi,,okada,"to overpower; pr. pt. (a.), okadnā",,,"Sigiri PDF p. 437 (printed p. 429), column 2; OCR entry: okada, vb. [P. avakaddhati], to overpower; pr. pt. (a.), okadnā, 69, 256.",paranavitana
OSi,,okanda,"recurring joy, rapturous joy",,,"Sigiri PDF p. 437 (printed p. 429), column 2; OCR entry: okanda, s. [P. okkantika; e.f. ukand; cf. Svv. 26], recurring joy, rapturous joy, 182.",paranavitana
OSi,,oța,lip,,,"Sigiri PDF p. 437 (printed p. 429), column 2; OCR entry: oța, s. [Skt. oştha; cf. Dhag. 46, mod. S. hoța], lip, 134 (in. cd. divzota).",paranavitana
OSi,,ot,"placed before, cast, revealed",,,"Sigiri PDF p. 437 (printed p. 429), column 2; OCR entry: ot, prt. of vot [Skt. avahita; cf. Dhag. 124], placed before, cast, revealed, 90, 505.",paranavitana
OSi,,ot-tak,,,,"Sigiri PDF p. 437 (printed p. 429), column 2; OCR entry: ot-tak, cd., that much, 542.; auto-review: missing_gloss",paranavitana
OSi,,oda,arrogance,,,"Sigiri PDF p. 437 (printed p. 429), column 2; OCR entry: oda, s. [Skt. ojas, cf. Ksm., v. 182], arrogance, 671.",paranavitana
OSi,,onā,"what is needed, whatever",,,"Sigiri PDF p. 437 (printed p. 429), column 2; OCR entry: onä, indec. [cf. vanaya, EZ. II. 188; õn, Kj., v. 146, and mod. S.], what is needed, whatever, 148. 5 b",paranavitana
OSi,,obat,"to curve in, peep, set in",,,"Sigiri PDF p. 437 (printed p. 429), column 2; OCR entry: obat, vb. [Skt. ava-Vbhuj], to curve in, peep, set in. See ebimo, ebu.",paranavitana
OSi,,oba,adv. [cd. of o* and ba = Skt. bhāga or formed on the . 304,,,"Sigiri PDF p. 437 (printed p. 429), column 2; OCR entry: oba?, s., adv. [cd. of o* and ba = Skt. bhāga or formed on the . 304.",paranavitana
OSi,,yun,"or gen. pl. of e', e.f. of ovun",,,"Sigiri PDF p. 437 (printed p. 429), column 3; OCR entry: yun, acc. or gen. pl. of e', e.f. of ovun, 11, 177, 324, 333; 34h 353; 376, 400, 462, 534, 597, 617.",paranavitana
OSi,,yyuna,,,,"Sigiri PDF p. 437 (printed p. 429), column 3; OCR entry: yyuna, e.f. of oyun [cf. ovuna, Sbl., v- 6], 11, 79, 172; 315, 439, 622, 68r.; auto-review: missing_gloss",paranavitana
OSi,,oyunaț,pl. of et,,,"Sigiri PDF p. 437 (printed p. 429), column 3; OCR entry: oyunaț, dat. pl. of et, 122.",paranavitana
OSi,,oyunațta,,,,"Sigiri PDF p. 437 (printed p. 429), column 3; OCR entry: oyunațta, e.f. of oyunațt [cf. ovunta, Vds. 462], 255, 465. oyun oyun [cf. ovun ovun, Sls., v. 52], of each other, 462.; auto-review: missing_gloss",paranavitana
OSi,,oyuhu,,,,"Sigiri PDF p. 437 (printed p. 429), column 3; OCR entry: oyuhu, e.f. of ohu, 570.; auto-review: missing_gloss",paranavitana
OSi,,oral,"to descend, to be immersed",,,"Sigiri PDF p. 437 (printed p. 429), column 3; OCR entry: oral, vb. [Skt. ava-vruh], to descend, to be immersed. See erev.",paranavitana
OSi,,ora,"shoulder; with pln. -at added, orat",,,"Sigiri PDF p. 437 (printed p. 429), column 3; OCR entry: ora?, s. [Skt. uras; cf. Svv. 65], shoulder; with pln. -at added, orat, 84.",paranavitana
OSi,,orama,"cessation; orama kara, cease, desist",,,"Sigiri PDF p. 437 (printed p. 429), column 3; OCR entry: orama, s. [Skt. avarāma; avaārata in anavarata], cessation; orama kara, cease, desist, 338.",paranavitana
OSi,,olambu,pendant of flowers,,,"Sigiri PDF p. 437 (printed p. 429), column 3; OCR entry: olambu, s. [Skt. avalambita, P. olambita, with pln. -ka added; cf. malzolambu, Dds. 49], pendant of flowers, 204, 684; cd., olambu-mal, 204; gen. sin. indef., olambuyuk, 105.",paranavitana
OSi,,ovun,,,,"Sigiri PDF p. 437 (printed p. 429), column 3; OCR entry: ovun, gen. pl. of et [cf. Ksm., v. 76; e.f. oyun], 138, 561.; auto-review: missing_gloss",paranavitana
OSi,,os,"[cf. osa, Amv. 37l, an interjection, oh!",,,"Sigiri PDF p. 437 (printed p. 429), column 3; OCR entry: os, indec. [cf. osa, Amv. 37l, an interjection, oh!, 317.",paranavitana
OSi,,osava,"[cs. of Skt. ut-srp (ud-vsrp), P. ussāpetīļ, to raise",,,"Sigiri PDF p. 437 (printed p. 429), column 3; OCR entry: osava, vb. [cs. of Skt. ut-srp (ud-vsrp), P. ussāpetīļ, to raise. See esavū.",paranavitana
OSi,,osāriye,of osari [mod. S. osari and ohori; Skt. śäțikāl,,,"Sigiri PDF p. 437 (printed p. 429), column 3; OCR entry: osäriye, loc. of osari [mod. S. osari and ohori; Skt. śäțikāl, 113.",paranavitana
OSi,,ohu,,,,"Sigiri PDF p. 437 (printed p. 429), column 3; OCR entry: ohu, gen. sin. of et [cf. Dhpr. 296; e.f. oyuhu], 326, 566, 615.; auto-review: missing_gloss",paranavitana
OSi,,ol,,,,"Sigiri PDF p. 437 (printed p. 429), column 3; OCR entry: ol, s. [derivation and meaning uncertain; cf. oļl-kämiyã, EZ. I. 95), cd. gen. pl. (hon.) ol-kamunņan, 375kat, prn, interrogative, st. f. m. and = £ [Intr., § 379]. See Kat, ka’, kahaț, kā!—kāř, kāhaț, kit, kima, kum, ke!—ke?, kot,; auto-review: missing_gloss",paranavitana
OSi,,ka,sin. of kat,,,"Sigiri PDF p. 437 (printed p. 429), column 3; OCR entry: ka?, acc. sin. of kat, 626, 638.",paranavitana
OSi,,ka,,,,"Sigiri PDF p. 437 (printed p. 429), column 3; OCR entry: ka, gen. sin. of kat [cf. to ka dariyehi, Dhag. 22], 116, 424, 526.; auto-review: missing_gloss",paranavitana
OSi,,kakara,"to boil, to simmer, to cause to ache",,,"Sigiri PDF p. 437 (printed p. 429), column 3; OCR entry: kakara, vb. [Skt. pra-Vkvath, P. pakkațhita; cf. prt. kakāla, Vds. 311, mod. S. kakäranava], to boil, to simmer, to cause to ache. See käkulļuvan.",paranavitana
OSi,,kakiya,[Skt. pra-vkvath,,,"Sigiri PDF p. 437 (printed p. 429), column 3; OCR entry: kakiya, vb. [Skt. pra-vkvath; cf. kakiyana = P. pakkațțhitam, Dhag. 50), to boil, to ache; 3rd sin. pr, kakiyā, 278.",paranavitana
OSi,,kakuļayu,crab,,,"Sigiri PDF p. 437 (printed p. 429), column 3; OCR entry: kakuļayu, s. [Skt. karkațaka; cf. kakulu, Kskh., v. 20], crab, 482.",paranavitana
OSi,,kațrola,"a flowering creeper, Clitoria terneata. 334sin. of pr. pt: (rel.)",,,"Sigiri PDF p. 437 (printed p. 429), column 3; OCR entry: kațrola, s. [cf._nil-kațarolu =E; girikarmikā, Vds. 348], a flowering creeper, Clitoria terneata. 334sin. of pr. pt: (rel.), 39; abs. kadā See next.",paranavitana
OSi,,kadā-mal-kaqd,"chaplet, spray o flowers worn on the crest",,,"Sigiri PDF p. 438 (printed p. 430), column 1; OCR entry: kadā-mal-kaqd, cd. [abbreviatior of phrase kadā palan mal-kad; cf Rm., v. 69], chaplet, spray o flowers worn on the crest, 502.",paranavitana
OSi,,kaņa,blind,,,"Sigiri PDF p. 438 (printed p. 430), column 1; OCR entry: kaņa!, a. [Skt. kāna; cf. Dhpr. 329] blind, 578.",paranavitana
OSi,,kaņa,to dig,,,"Sigiri PDF p. 438 (printed p. 430), column 1; OCR entry: _ kaņa?, vb, [Skt. vkhan; cf. kananu, Svv. 3], to dig. See kaņana.",paranavitana
OSi,,kana’,"moment, nom. sin. indef., kaņak",,,"Sigiri PDF p. 438 (printed p. 430), column 1; OCR entry: kana’, s. [Skt. kşana, P. khana; loc. kenehi, Dhag. 12], moment, nom. sin. indef., kaņak, 301. kaņana, pr. pt. (inf.)of Vkaņa?, 445.",paranavitana
OSi,,kaņasvalu,"despondent, despondency, one who is despondent",,,"Sigiri PDF p. 438 (printed p. 430), column 1; OCR entry: kaņasvalu, s., a. [kana = Skt. ksşīna+asvalu = Skt. äsvādanaka, lit. “one who has lost the capacity of enjoying or relishing’; cf. kanassalu, Ppj. 616], despondent, despondency, one who is despondent, 115, 148, 612; loc. sin., kaņasvalle, 508.",paranavitana
OSi,,kaņnda,"piece, fragment",,,"Sigiri PDF p. 438 (printed p. 430), column 1; OCR entry: kaņnda!, s. [Skt. kkanda; cf. kada, Dhag. 65], piece, fragment, 84. See kanda no kala.",paranavitana
OSi,,kanda’,neck,,,"Sigiri PDF p. 438 (printed p. 430), column 1; OCR entry: kanda’, s. [Skt. kantha; cf. kata, Rm., v. 283], neck, 482.",paranavitana
OSi,,kanda’,"arrow, st. f. for gen. s",,,"Sigiri PDF p. 438 (printed p. 430), column 1; OCR entry: kanda’, s. [Skt. kānda; cf. kadapaharini, Ksm., v. 680], arrow, st. f. for gen. s., 257.",paranavitana
OSi,,kanda‘t,,,,"Sigiri PDF p. 438 (printed p. 430), column 1; OCR entry: kanda‘t, vb., e.f. of vhaņda. See; auto-review: missing_gloss",paranavitana
OSi,,kaņda,,,,"Sigiri PDF p. 438 (printed p. 430), column 1; OCR entry: kaņda, vb., var. of Vkađa. See kanņdā. kanda? kara, to break; kanda no kala, was it not broken (to pieces)? 84.; auto-review: missing_gloss;low_ocr_confidence",paranavitana
OSi,,kandā,of vkaņda#,,,"Sigiri PDF p. 438 (printed p. 430), column 1; OCR entry: kandā, abs. of vkaņda#, 39.; auto-review: low_ocr_confidence",paranavitana
OSi,,kande,"of kaņnda!, See malkande",,,"Sigiri PDF p. 438 (printed p. 430), column 1; OCR entry: kande, loc. of kaņnda!, See malkande.; auto-review: low_ocr_confidence",paranavitana
OSi,,kat,"(1) lovely, see sadakat; (2) lovely one, beloved one, damsel",,,"Sigiri PDF p. 438 (printed p. 430), column 1; OCR entry: kat, a., s.f. [Skt. kānta or kāntā; cf. Ksm., v. 400], (1) lovely, see sadakat; (2) lovely one, beloved one, damsel, 63, 261, 271, 340, 656. See kata—kataklhi, katu— katni.",paranavitana
OSi,,kata,,,,"Sigiri PDF p. 438 (printed p. 430), column 1; OCR entry: kata, s.f., e.f. of kat, 6, 51, 332; 374, 440, 475, 551, 572, 598, 603, 618, 661. See katak'hi, katu— katni.; auto-review: missing_gloss",paranavitana
OSi,,katak,or acc. sin. indef. of kat or kata,,,"Sigiri PDF p. 438 (printed p. 430), column 1; OCR entry: katak, nom. or acc. sin. indef. of kat or kata, 25, 351, 403, 531, 559, 603.",paranavitana
OSi,,katak'hi,"sin, indef. of kat or kata",,,"Sigiri PDF p. 438 (printed p. 430), column 1; OCR entry: katak'hi, loc. sin, indef. of kat or kata, 306.",paranavitana
OSi,,katar,,,,"Sigiri PDF p. 438 (printed p. 430), column 1; OCR entry: katar, l.f. of katara, 149.; auto-review: missing_gloss",paranavitana
OSi,,katara,"wilderness, desert",,,"Sigiri PDF p. 438 (printed p. 430), column 1; OCR entry: katara, s. [Skt. kāntāãra; l.f. katar ; cf. Dhpr. 122], wilderness, desert, 99.",paranavitana
OSi,,katu,of kat or kata,,,"Sigiri PDF p. 438 (printed p. 430), column 1; OCR entry: katu, gen. of kat or kata, 328. katun, (1) nom. pl. of kat or kata, 225; (2) ace. or gen. pl. of kat or kata, 49, 70, 180, 189, 199, 256, 259, 435, 451",paranavitana
OSi,,katuna,or gen. pl. of kat or kata,,,"Sigiri PDF p. 438 (printed p. 430), column 1; OCR entry: katuna, acc. or gen. pl. of kat or kata, 159, 645, 661.",paranavitana
OSi,,katunața,,,,"Sigiri PDF p. 438 (printed p. 430), column 1; OCR entry: katunața, dat. pl. of kat or kata [cf. katinata, Ksm., v. 25], 590.; auto-review: missing_gloss",paranavitana
OSi,,katni,,,,"Sigiri PDF p. 438 (printed p. 430), column 2; OCR entry: katni, voc. pl. of kat, 373.; auto-review: missing_gloss",paranavitana
OSi,,kadaba,"[Skt. kadamba; « ` kadañba, Vn. 49), a tree, Naucl",,,"Sigiri PDF p. 438 (printed p. 430), column 2; OCR entry: kadaba, s. [Skt. kadamba; « ` kadañba, Vn. 49), a tree, Naucl",paranavitana
OSi,,cadamba,"abs., kadabe, 55c",,,"Sigiri PDF p. 438 (printed p. 430), column 2; OCR entry: cadamba, loc. abs., kadabe, 55c",paranavitana
OSi,,kadahasa,"at any time, with ne particle, never",,,"Sigiri PDF p. 438 (printed p. 430), column 2; OCR entry: kadahasa, adv. [Skt. kadā cit; c Sls., v. 13], at any time, with ne particle, never, 223.",paranavitana
OSi,,kant,[Skt. kranda,,,"Sigiri PDF p. 438 (printed p. 430), column 2; OCR entry: kant, s. [Skt. kranda; cf. kan kannalavu, Srvl, 603, alavu in th cd. being fr. Skt. älāpa, speaking grievance, complaint, 108.",paranavitana
OSi,,kan,ear,,,"Sigiri PDF p. 438 (printed p. 430), column 2; OCR entry: kan?, s. [Skt. karmna, P. kanna; c Rm., v. 288], ear; loc., kanä, 46 See kanin. kanä, e. var. of kan?, cd. loc kanä-pata, in the ear-lob 343-",paranavitana
OSi,,kanin,,,,"Sigiri PDF p. 438 (printed p. 430), column 2; OCR entry: kanin, inst. or abl. of kan? [c Svv. 30], 515.; auto-review: missing_gloss",paranavitana
OSi,,kanda,shoulder,,,"Sigiri PDF p. 438 (printed p. 430), column 2; OCR entry: kanda, s. [Skt. skandha; cf. Rm v. 162], shoulder, 216.",paranavitana
OSi,,kandu,bills,,,"Sigiri PDF p. 438 (printed p. 430), column 2; OCR entry: kandu, s. [Skt. śānu; same in moc S.], bills, 466.",paranavitana
OSi,,kandulu,tears,,,"Sigiri PDF p. 438 (printed p. 430), column 2; OCR entry: kandulu, cd. s. [Skt. aksi +jala > *akajala > *akadala > *kadal > kandala > kandulu; cf. kañ dala, Dhpr. 67 and Ksm., v. 429] tears; inst., kandulin [cf, Ksm. v. 72], 389.",paranavitana
OSi,,kandba,multi tude,,,"Sigiri PDF p. 438 (printed p. 430), column 2; OCR entry: kandba, s. [Skt. kadamba; cf. inst. kadañben, Dhpr. 122], multi tude; inst., kandbän, 411.",paranavitana
OSi,,kapa,"to cut; abs., kapa followed by lu?, 5o00",,,"Sigiri PDF p. 438 (printed p. 430), column 2; OCR entry: kapa, vb. [Skt. vklp; cf. kapamin Jag. 128], to cut; abs., kapa followed by lu?, 5o00.",paranavitana
OSi,,kapal,shell of a fruit; cd. kapal-dalat,,,"Sigiri PDF p. 438 (printed p. 430), column 2; OCR entry: kapal, s. [Skt. kapāla; cf. kabal Kss. 132], shell of a fruit; cd. kapal-dalat, 103.",paranavitana
OSi,,kapu,cotton plant,,,"Sigiri PDF p. 438 (printed p. 430), column 2; OCR entry: kapu, s. [Skt. karpāsa; cf. Kvp 140], cotton plant, 275 (in place: name).",paranavitana
OSi,,kapuru,camphor,,,"Sigiri PDF p. 438 (printed p. 430), column 2; OCR entry: kapuru, s. [Skt. karpūra; cf. Kskh VI. 39], camphor, 427.",paranavitana
OSi,,kabara,smith,,,"Sigiri PDF p. 438 (printed p. 430), column 2; OCR entry: kabara, s. [Skt. karmmāra; cf. kamñburu, Kup. 54], smith, 381 (in proper name).",paranavitana
OSi,,kam,"action, handiwork, occupation, art",,,"Sigiri PDF p. 438 (printed p. 430), column 2; OCR entry: kam, s. [Skt. karmma; cf. Kskh. I. 20], action, handiwork, occupation, art. See attam, sittam.",paranavitana
OSi,,kamuņa,artisan,,,"Sigiri PDF p. 438 (printed p. 430), column 2; OCR entry: kamuņa, s. [kamu = P. kammika+-ņa, Intr., § 392], artisan; gen. pl. (hon.), kamuņan, 375. See oļ-kamuņan.",paranavitana
OSi,,kaya,[Skt. kāya,,,"Sigiri PDF p. 438 (printed p. 430), column 2; OCR entry: kaya, s. [Skt. kāya; cf. Bga., v. 5), body, 549.",paranavitana
OSi,,karal,hand,,,"Sigiri PDF p. 438 (printed p. 430), column 2; OCR entry: karal, s. [Skt. kara; cf, Rm., v. 280], hand, 360.",paranavitana
OSi,,kara,towards,,,"Sigiri PDF p. 438 (printed p. 430), column 2; OCR entry: kara?, indec. [Skt. krte > #kațe > kațaya > *karaya > karā kara; cf. karā, Dhag. 32], towards, 338.",paranavitana
OSi,,sara’,to do,,,"Sigiri PDF p. 438 (printed p. 430), column 2; OCR entry: sara’, vb, [Skt. Vkr; cf. Sdsg. 126], to do. See karana—karavuye, kaļla?*—kalani, kalamo— kalavū, kalļahu—kalļena, kärä—käre, kere, keret, kerey—kereviye, keļe— keleyin. 2 HIRE Eb 349, 394 (last vo ` lengthened metris causa), . | karanu, imp. of vkara? [cf. 9 4 120], 320. karaneya, gdv. of vkara?, 307, . | karannak, acc. indef. of pr. à (inf.) of vkara?, 241, 633.",paranavitana
OSi,,karannaț,"146. , | Karanne, gdv. of vkara?",,,"Sigiri PDF p. 438 (printed p. 430), column 3; OCR entry: karannaț, dat. of pr. pt. (inf.) 1 vkara? [cf. karannața, D} 3 | 247], 146. , | Karanne, gdv. of vkara?, 42. karanneyi, gdv. of vkara?, 575. . | karamo, īst pl. pr. of wkar ) 348.; auto-review: low_ocr_confidence",paranavitana
OSi,,karay,,,,"Sigiri PDF p. 438 (printed p. 430), column 3; OCR entry: karay, abs. of vkara? [cf. Dh 254], 145, 393, 522, 620. karayit, 3rd sin. pr. of kara? Amv. 85], 518.; auto-review: missing_gloss",paranavitana
OSi,,karayi,of vkara?,,,"Sigiri PDF p. 438 (printed p. 430), column 3; OCR entry: karayi?, abs. of vkara?, 194,",paranavitana
OSi,,karayu,cs. of vkara?,,,"Sigiri PDF p. 438 (printed p. 430), column 3; OCR entry: karayu, prt. cs. of vkara?, 2 463.",paranavitana
OSi,,karava,352 (follow by li’),,,"Sigiri PDF p. 438 (printed p. 430), column 3; OCR entry: karava, abs. cs. of vkara? karava, Jag. 50], 352 (follow by li’).",paranavitana
OSi,,karavata,cs. of V kar 342,,,"Sigiri PDF p. 438 (printed p. 430), column 3; OCR entry: karavata, cond. cs. of V kar 342.",paranavitana
OSi,,karavaya,,,,"Sigiri PDF p. 438 (printed p. 430), column 3; OCR entry: karavaya, abs. cs. of vkara? [ karavay, Dhag. 137], 352, 469. karavuye, 3rd sin. p. cs. or no sin. of prt. cs. of vkara?, 638.; auto-review: missing_gloss",paranavitana
OSi,,kalt,"agreeable one, damsel; st. as nom. sin",,,"Sigiri PDF p. 438 (printed p. 430), column 3; OCR entry: kalt, s. [Skt. kalyã; cf. Ksm., 265], agreeable one, damsel; st. as nom. sin., 63, 684. See kala kalit, kalu—kalunhi, kalhu,",paranavitana
OSi,,kal,[Skt. kalya,,,"Sigiri PDF p. 438 (printed p. 430), column 3; OCR entry: kal?, a. [Skt. kalya; cf. Dhag. 1 clever, charming, agreeable, 39:",paranavitana
OSi,,kal’,[Skt. kāla,,,"Sigiri PDF p. 438 (printed p. 430), column 3; OCR entry: kal’, s. [Skt. kāla; cf. Rm., v. 7: time; st. f. as loc., 19, 63, 70, 38 465, 488, 620, 679. See kal kalī, kalhi.",paranavitana
OSi,,kala,,,,"Sigiri PDF p. 438 (printed p. 430), column 3; OCR entry: kala!, e.f. of kal! [cf. Ksm., v. 46s 225. See kalak, kali—kalunh; auto-review: missing_gloss",paranavitana
OSi,,kala’,,,,"Sigiri PDF p. 438 (printed p. 430), column 3; OCR entry: kala’, e.f. of kal?, 558, 6o4.; auto-review: missing_gloss",paranavitana
OSi,,kala,,,,"Sigiri PDF p. 438 (printed p. 430), column 3; OCR entry: kala, e.f. of kal?, st. f. as loc., 202, 446, 506, 531, 545, 547, 55 563, 610. See kalī?,; auto-review: missing_gloss",paranavitana
OSi,,kala‘,[Skt. kāla,,,"Sigiri PDF p. 438 (printed p. 430), column 3; OCR entry: kala‘, a. [Skt. kāla; cf. Rm., v. 104 dark, black. See kalab?,",paranavitana
OSi,,kalak,,,,"Sigiri PDF p. 438 (printed p. 430), column 3; OCR entry: kalak, acc. sin. indef. of kal! c kala? [cf. Ksm., v. 120], 510.; auto-review: missing_gloss",paranavitana
OSi,,kalan,"auspicious; cd., kalap basā",,,"Sigiri PDF p. 438 (printed p. 430), column 3; OCR entry: kalan, a. [Skt. kalyāna; cf. kalan Dhag. 11], auspicious; cd., kalap basā, 627.",paranavitana
OSi,,kalata,wife 516,,,"Sigiri PDF p. 438 (printed p. 430), column 3; OCR entry: kalata, s. [Skt. kalatra; cf. kala turu, Rm., v. 255, and karat (kalatā?), Kskh. X. 40], wife 516.",paranavitana
OSi,,kalab,fire-fly,,,"Sigiri PDF p. 438 (printed p. 430), column 3; OCR entry: kalab!, s. [Skt. śalabha; cf. kababa Ksm., v. 421, possibly a scriba error for kalaba], fire-fly, 595.",paranavitana
OSi,,kalab,"black cloud, 4r9",,,"Sigiri PDF p. 438 (printed p. 430), column 3; OCR entry: kalab?, cd. [kalat+ab, Skt. kālā bhra; cf. kalañba, Gk., v. 8] black cloud, 4r9.",paranavitana
OSi,,kalā,,,,"Sigiri PDF p. 438 (printed p. 430), column 3; OCR entry: kalä, loc. of kal? or kala? [cf. Fag. 102], 418.; auto-review: missing_gloss",paranavitana
OSi,,kalīl,,,,"Sigiri PDF p. 438 (printed p. 430), column 3; OCR entry: kalīl, var. of kal! or kalat, 7 for rhyme, 625.; auto-review: missing_gloss",paranavitana
OSi,,kalī,625. 245» 570; BEN. SIN,,,"Sigiri PDF p. 438 (printed p. 430), column 3; OCR entry: kalī?, loc. of kala? [kalahi > *kalihi > kalī], 625. 245» 570; BEN. SIN., 399, 949; 949, loc. abs., 513-",paranavitana
OSi,,kalun,,,,"Sigiri PDF p. 439 (printed p. 431), column 1; OCR entry: kalun, gen. pl. of kal’ or kalat [cf. Ksm., v. 19], 513, 675-; auto-review: missing_gloss",paranavitana
OSi,,kaluna,"pl. of kal’ or kala?, tir",,,"Sigiri PDF p. 439 (printed p. 431), column 1; OCR entry: kaluna, acc. pl. of kal’ or kala?, tir.; auto-review: low_ocr_confidence",paranavitana
OSi,,kalunhi,"pl. of kal? or kala', P 228",,,"Sigiri PDF p. 439 (printed p. 431), column 1; OCR entry: - kalunhi, loc. pl. of kal? or kala', P 228.; auto-review: low_ocr_confidence",paranavitana
OSi,,kalhi,of kal’ [cf. Dhag. 171),,,"Sigiri PDF p. 439 (printed p. 431), column 1; OCR entry: “kalhi, loc. of kal’ [cf. Dhag. 171), 22, 76, 197, 226, 253, 326, 341, 563, 610.",paranavitana
OSi,,kalhu,"poem, poetry",,,"Sigiri PDF p. 439 (printed p. 431), column 1; OCR entry: kalhu, nom, pl. of kal’, 76. kay, kava [Skt. kāvuya; cf. Rm., v. 708], poem, poetry; acc. kava, 473, 495, 680o. Sec kavek, kavi!—kavu’,",paranavitana
OSi,,kavar,"what, which, whatever",,,"Sigiri PDF p. 439 (printed p. 431), column 1; OCR entry: kavar, l.f. of kavara, 35, 92. kavara, prn. a., interrogative [Skt. katara; cf. Dhag. 218], what, which, whatever, 97.",paranavitana
OSi,,kavek,sin. of kav or kava,,,"Sigiri PDF p. 439 (printed p. 431), column 1; OCR entry: ! kavek, nom. sin. of kav or kava, 492.",paranavitana
OSi,,kavit,poet,,,"Sigiri PDF p. 439 (printed p. 431), column 1; OCR entry: kavit, s. [Skt. kavi; var. kivi], poet, 367.",paranavitana
OSi,,kavi’,,,,"Sigiri PDF p. 439 (printed p. 431), column 1; OCR entry: -_ „ kavi’, var. of kav or kava [cf. Pn., S M 3], 122, 652. p vu, ortho. var. of kav, (1) nom. pl., 450; acc. sin., 627. P kasabu, proper name [Skt.; auto-review: missing_gloss",paranavitana
OSi,,S e raj,,,,"Sigiri PDF p. 439 (printed p. 431), column 1; OCR entry: S e raj, cd., King Kāśyapa, 344-; auto-review: missing_gloss",paranavitana
OSi,,Kāşyapa,Kasabu-,,,"Sigiri PDF p. 439 (printed p. 431), column 1; OCR entry: -~ Kāşyapa, var. Kasub], Kasabu-; auto-review: low_ocr_confidence",paranavitana
OSi,,kasun,[Skt. käñcana,,,"Sigiri PDF p. 439 (printed p. 431), column 1; OCR entry: kasun, s. [Skt. käñcana; cf. Kskh. “X. t10), gold; cd., -giri-rad, f golden king of mountains, i.e. Meru, 44; -liyak, golden creeper, - 546.",paranavitana
OSi,,Kasub or °ba,,,,"Sigiri PDF p. 439 (printed p. 431), column 1; OCR entry: Kasub or °ba, var. of Kasabu; cd., m -raja-pay, His Majesty King Käāśyapa; 153; -kalu, a damsel of — King Kåāśyapa; -kaliī, in the time = of Kāśyapa or the beloved of č Kāśyapa, 625.; auto-review: missing_gloss",paranavitana
OSi,,ka-hbaț,,,,"Sigiri PDF p. 439 (printed p. 431), column 1; OCR entry: = ka-hbaț, dat. sin. of ka! [cf. kāg hața, Svv. 58], 297.; auto-review: missing_gloss;low_ocr_confidence",paranavitana
OSi,,kaļat,black,,,"Sigiri PDF p. 439 (printed p. 431), column 1; OCR entry: kaļat, a. [Skt. kāla; cf. Sdsg. 50], black. See kaļla-hasu.",paranavitana
OSi,,kaļa,"(1) a., at. 12",,,"Sigiri PDF p. 439 (printed p. 431), column 1; OCR entry: kaļa?, prt. of vkara* [Skt. krta, TN Pkt. kața; cf. Dhag. 124], (1) a., at. 12, 70, 102, 228, 319, 384, 445 t 523, 582, 600, 630, 679 [59]; (2 - rel, f, sin., she who has done 581;pl.,310. See keļe—keļeyin",paranavitana
OSi,,kalļař,86 í EET,,,"Sigiri PDF p. 439 (printed p. 431), column 1; OCR entry: kalļař, cond. of Vkara?, i.e. loc abs: of kala? [cf. Svv. 36], 86 í EET; auto-review: low_ocr_confidence",paranavitana
OSi,,P kaļa-kara,[Skt. khalī-vkr,,,"Sigiri PDF p. 439 (printed p. 431), column 1; OCR entry: P kaļa-kara, vb. [Skt. khalī-vkr; auto-review: low_ocr_confidence",paranavitana
OSi,,cf. kala-kulu,"ti be agitated, dissatisfied, des = —— — pondent, melancholy",,,"Sigiri PDF p. 439 (printed p. 431), column 1; OCR entry: cf. kala-kulu, prt., Vds. 274], ti be agitated, dissatisfied, des = —— — pondent, melancholy. See kaļa- "" kirli. Teg kaļa kaļa, whatever that has bees ES done [cf. Jag. 233], 389.; auto-review: low_ocr_confidence",paranavitana
OSi,,kaļani,,,,"Sigiri PDF p. 439 (printed p. 431), column 1; OCR entry: kaļani, inst, of kaļa? (inf.), 108.; auto-review: missing_gloss",paranavitana
OSi,,kalaba,[Skt. sari-Vrabh; sar rambha,,,"Sigiri PDF p. 439 (printed p. 431), column 1; OCR entry: kalaba, vb. [Skt. sari-Vrabh; sar rambha; cf. kalañbā, Ms., V. 97 mod. S., kalarmbana va), to agi tate. See käļabim, keļabi — keļabim. ER a f e a à e"" P LERS $ AISIT MID UCU UIL Kot prh Us nejm (rel.), 78, 140, 191.; auto-review: low_ocr_confidence",paranavitana
OSi,,kaļjavan,"] Dhpr. 135], 619-",,,"Sigiri PDF p. 439 (printed p. 431), column 2; OCR entry: kaļjavan, l.f. of kaļayun [cf ]] Dhpr. 135], 619-; auto-review: low_ocr_confidence",paranavitana
OSi,,kaļjavun,,,,"Sigiri PDF p. 439 (printed p. 431), column 2; OCR entry: kaļjavun, var. of kaļjavan [cf. Dhpr. 253), 67-; auto-review: missing_gloss",paranavitana
OSi,,kaļja%-vū,,,,"Sigiri PDF p. 439 (printed p. 431), column 2; OCR entry: kaļja%-vū!, cd., acc. indef., kajavūyek, 173. Í; auto-review: missing_gloss;low_ocr_confidence",paranavitana
OSi,,kaļat-hasut,,,,"Sigiri PDF p. 439 (printed p. 431), column 2; OCR entry: kaļat-hasut, cd. [cf. kaļa-hasunața, Ksm., v. 204}, black goose, 558.; auto-review: missing_gloss",paranavitana
OSi,,kaļahu,"pl. of kaļa? (rel.), or 3rd pl. p. of vVkara’",,,"Sigiri PDF p. 439 (printed p. 431), column 2; OCR entry: kaļahu, nom. pl. of kaļa? (rel.), or 3rd pl. p. of vVkara’, 481, 570.",paranavitana
OSi,,kaļā,,,,"Sigiri PDF p. 439 (printed p. 431), column 2; OCR entry: kaļā, nom. sin, of kaļa* (inf.) [Skt. krta+ka; cf. Dhpr. 132], 250, 330-; auto-review: missing_gloss",paranavitana
OSi,,kaļāka,sin. indef. of kała* (rel.),,,"Sigiri PDF p. 439 (printed p. 431), column 2; OCR entry: kaļāka, nom. sin. indef. of kała* (rel.), 282.",paranavitana
OSi,,kaļe,sin. of kaļa? (rel. or inf.),,,"Sigiri PDF p. 439 (printed p. 431), column 2; OCR entry: kaļe, nom. sin. of kaļa? (rel. or inf.), 44, 166. See also keļe.",paranavitana
OSi,,kaļena,of kala? (inf.),,,"Sigiri PDF p. 439 (printed p. 431), column 2; OCR entry: kaļena, inst. of kala? (inf.), 644.",paranavitana
OSi,,kaļu,"black; cd. kaļu-van*, darkcomplexioned",,,"Sigiri PDF p. 439 (printed p. 431), column 2; OCR entry: kaļu, a. [Skt, käāla; cf. Kskh. X. 94], black; cd. kaļu-van*, darkcomplexioned, 170.",paranavitana
OSi,,kā,sin. of ka},,,"Sigiri PDF p. 439 (printed p. 431), column 2; OCR entry: kā, nom. sin. of ka}, 510, 586, 609.; auto-review: low_ocr_confidence",paranavitana
OSi,,kā,pl. of kat,,,"Sigiri PDF p. 439 (printed p. 431), column 2; OCR entry: kā, nom. pl. of kat, 255.; auto-review: low_ocr_confidence",paranavitana
OSi,,kā,,,,"Sigiri PDF p. 439 (printed p. 431), column 2; OCR entry: kā?, acc, of kat, 231, 457, 651, 661.; auto-review: missing_gloss",paranavitana
OSi,,kā‘,of kat,,,"Sigiri PDF p. 439 (printed p. 431), column 2; OCR entry: kā‘, inst. of kat, 341, 666.",paranavitana
OSi,,kāř,,,,"Sigiri PDF p. 439 (printed p. 431), column 2; OCR entry: kāř, gen. sin. of ka? [cf. Amv. 58], 31, 131, 154, 402, 427, 466, 491, 497, 547, 593, 626, 643, 645, 648, 651, 658.; auto-review: missing_gloss",paranavitana
OSi,,kātara,,,,"Sigiri PDF p. 439 (printed p. 431), column 2; OCR entry: kātara, a. [Skt. kātara; cf. Vs. V. 184], 249.; auto-review: missing_gloss",paranavitana
OSi,,kāhaț,sin. of kat,,,"Sigiri PDF p. 439 (printed p. 431), column 2; OCR entry: kāhaț, dat. sin. of kat, 122.",paranavitana
OSi,,kākuļuvan,"glass, mirror; — cd. käța-bita [cf. Mdv., v. 11; Jan. S. ad. I",,,"Sigiri PDF p. 439 (printed p. 431), column 2; OCR entry: käkuļuvan, gen. pl. of prt. (rel.) of alkakara, 102. käț, käța, käțä, s. [Skt. kāca > *kaca > ""kasa > *kaha > kähä > kä > kä to which has been added the pln. -ța. Intr., § 394; cf. Ksm., v. 214], glass, mirror; — cd. käța-bita [cf. Mdv., v. 11; Jan. S. ad. I, 6 = Skt. ädarśabhittij, mirror-wall, 593; käțabiti, 556; käț-tal, mirror-terrace, 560; käț-bitaț, dat., 425, 428.",paranavitana
OSi,,kānqdi,"cried, wept",,,"Sigiri PDF p. 439 (printed p. 431), column 2; OCR entry: känqdi, prt. (inf.) of kaņda* [Skt. krandita; cf. l.f. häņdi], cried, wept, 97.",paranavitana
OSi,,kātiri,chamberlain,,,"Sigiri PDF p. 439 (printed p. 431), column 2; OCR entry: kätiri, s. [Skt. kşattr; cf. EZ. I. 245], chamberlain, 557 (in proper name). kän, käna?!, s. [Skt. karnikā, P. kannika; cf. Ksm., v. 432], sheaf, cluster, 423 (mal-kän). See känak, känen.",paranavitana
OSi,,kāna,"instant, moment",,,"Sigiri PDF p. 439 (printed p. 431), column 2; OCR entry: käna?, s. [Skt. kşana, P. khana], instant, moment. See känä, känek.",paranavitana
OSi,,kāna,"|.f. of kenaka, particular individual",,,"Sigiri PDF p. 439 (printed p. 431), column 2; OCR entry: käna', s., |.f. of kenaka, particular individual. See känakun, känekun, käneknaț, käneknața.",paranavitana
OSi,,kānak,sin. indef. of kän or käna!,,,"Sigiri PDF p. 439 (printed p. 431), column 2; OCR entry: känak, acc. sin. indef. of kän or käna!, 233. 1N; auto-review: low_ocr_confidence",paranavitana
OSi,,kānakun,pl. of käna?,,,"Sigiri PDF p. 439 (printed p. 431), column 2; OCR entry: känakun, gen. pl. of käna?, 553.",paranavitana
OSi,,kānā,a aaa a aad aal i i 184,,,"Sigiri PDF p. 439 (printed p. 431), column 2; OCR entry: känä, loc. of käna?, 142. känek, (1) nom. sin. indef. of käna?, 264; (2) acc. sin. of käna*, 522. i ê a o] a aaa a aad aal i i 184, 220,; auto-review: low_ocr_confidence",paranavitana
OSi,,ānen,of kän or käna',,,"Sigiri PDF p. 439 (printed p. 431), column 3; OCR entry: änen, inst. of kän or käna', 313.",paranavitana
OSi,,ānda,"ļ, to call, beckon; 3rd sin. p. cs., kändavi",,,"Sigiri PDF p. 439 (printed p. 431), column 3; OCR entry: ända, vb. [Skt. vrand; cf. kåäñdī, Ksm., v. 108, mod. 5. kändavanava]ļ, to call, beckon; 3rd sin. p. cs., kändavi, 572; nom. sin. of prt. (rel.) or 3rd sin. p., kändiye, 518; nom. pl. of pr. pt. (rel, cs. kändavanā [*kändavanaha > *kändvanaha > kändvanā]), 89.",paranavitana
OSi,,āmi,"[Skt. karmmika, P. kammika",,,"Sigiri PDF p. 439 (printed p. 431), column 3; OCR entry: ämi, s. [Skt. karmmika, P. kammika; cf. Dhag. 119, EZ. 1. 118), officer, artisan, 315. See pasakkämi.",paranavitana
OSi,,cārā,,,,"Sigiri PDF p. 439 (printed p. 431), column 3; OCR entry: cärä!, abs. of vVkara* [cf. Dhag. 248], 88, 118, 240, 257, 354, 516. cärä?, imp. of Vkara*, 338.; auto-review: missing_gloss",paranavitana
OSi,,sārune,ref. of Vkara? [cf. Dhpr. 24),,,"Sigiri PDF p. 439 (printed p. 431), column 3; OCR entry: särune, prt. ref. of Vkara? [cf. Dhpr. 24), 385. käre, 3rd sin. pr. ref, of vVkara*, BT; auto-review: low_ocr_confidence",paranavitana
OSi,,kālum,[vn. from v derived from Skt. vkal,,,"Sigiri PDF p. 439 (printed p. 431), column 3; OCR entry: kälum, s. [vn. from v derived from Skt. vkal; cf. Ksm., v. 23), ray, brilliance, splėndour, loveliness, 87, 221, 226, 227, 229; 231, 483, 495, 558.",paranavitana
OSi,,kālla,"acc. pl. in last member of rel. cd., källan",,,"Sigiri PDF p. 439 (printed p. 431), column 3; OCR entry: källa, s. [var. of kälum, kälma > källa, or der. fr. Skt. kalya], acc. pl. in last member of rel. cd., källan, 144; loc., källe, 87. käļakirli, vn. of vkaļa-kara [cf. kälakirīm = P. daratha, Dhag. 220], 340. käļabim, vn. of Vkaļaba, 416. kit, n. st. of inter. prn. [Intr., § 379; cf. Dhag. 197]. See kinen, kivännä, ki-se, ki-sey.",paranavitana
OSi,,ki,,,,"Sigiri PDF p. 439 (printed p. 431), column 3; OCR entry: ki?, prt. of vkiya [Skt. kathita > kiyi > kī > ki], 231, 274, 298, 361, 394, 450; 514, 533» 547; 575» 586, 672 [21].; auto-review: missing_gloss",paranavitana
OSi,,kida,[Skt. jihvā > *jihiva > *#hijiva > *hija > *kija > kida,,,"Sigiri PDF p. 439 (printed p. 431), column 3; OCR entry: kida, s. [Skt. jihvā > *jihiva > *#hijiva > *hija > *kija > kida; cf. Ksm., v. 332, Mdv., v. 63), streak of lightning, 555- See vidu-kida.",paranavitana
OSi,,kinen,"of ki', r0",,,"Sigiri PDF p. 439 (printed p. 431), column 3; OCR entry: kinen, inst. of ki', r0.",paranavitana
OSi,,kipi,"angered, irate",,,"Sigiri PDF p. 439 (printed p. 431), column 3; OCR entry: kipi, prt. (a.) of vkopa [Skt. kupita; cf. Kup. 128], angered, irate, 114, 307 373 57h 6I% 651.",paranavitana
OSi,,ipini,,,,"Sigiri PDF p. 439 (printed p. 431), column 3; OCR entry: ipini, prt. ref. of vkopa [cf. kipunu, Bs. 300], 83.; auto-review: missing_gloss",paranavitana
OSi,,kipi,"514. i kipe, ref. st. of vkopa, to become angry",,,"Sigiri PDF p. 439 (printed p. 431), column 3; OCR entry: kipi, abs. ref. of vkopa [cf. Bs. 312], 514. i kipe, ref. st. of vkopa, to become angry. See kipi—kipīi.",paranavitana
OSi,,kima,"what, whether, why",,,"Sigiri PDF p. 439 (printed p. 431), column 3; OCR entry: kima, indec. inter. particle [Skt. kim or kimu; cf. Dhag. 219] what, whether, why, 29, 107, 122, 143, 158, 384, 483, 523, 537, 552, 566, 599, 614, 636, 643, 649, 660.",paranavitana
OSi,,kimija,"178. i P. = Myan vb LSkt. vkath or khyā; c yaha. EEshh, I. 25; mod. $ kiyanava], to speak, tell, saj declare, relate, See ki?, kiyakiyanneyi, kiyamo, kiyay- ""kiye, kiva—kivä. - kiya?, imp. of vkiyat [cf. Kskh. X 147]",,,"Sigiri PDF p. 439 (printed p. 431), column 3; OCR entry: kimija, vb. [Skt. přa-maj; cf. kumudnā, Sov. 55, mod. S. kimidein; abs, kimija [cf. kimida, Dhpr. 233], 178. i P. = Myan vb LSkt. vkath or khyā; c yaha. EEshh, I. 25; mod. $ kiyanava], to speak, tell, saj declare, relate, See ki?, kiyakiyanneyi, kiyamo, kiyay- ""kiye, kiva—kivä. - kiya?, imp. of vkiyat [cf. Kskh. X 147], 155, 236, 370, 379, 423, 463 468, 531, 579.; auto-review: low_ocr_confidence",paranavitana
OSi,,kiya,"134. kiyaga, imp. of vkiya! [cf. Dhpr 97]",,,"Sigiri PDF p. 440 (printed p. 432), column 1; OCR entry: kiya, abs. of vVkiya!, 434. See alsi kiya-lu. kiya-kiyayi, gd. of Vkiya? [formec by duplicating abs. kiyayi, mod S. kiya-kiyā], 134. kiyaga, imp. of vkiya! [cf. Dhpr 97], 610. kiyat, 3rd pl. pr. of vkiya? [cf Dhag. 213], 255, 292, 348, 629.",paranavitana
OSi,,kiyat,,,,"Sigiri PDF p. 440 (printed p. 432), column 1; OCR entry: kiyat?, cond. of vkiya! [cf. Dhpr. 1], 220, 402.; auto-review: missing_gloss",paranavitana
OSi,,kiyati,,,,"Sigiri PDF p. 440 (printed p. 432), column 1; OCR entry: kiyati, var. of kiyat? [cf. Jag. 210), 395. kiyan, imp. of vkiya!, 125. kiyana, pr. pt. of vkiya!, inf., dat., kiyanat, 267. kiyaney, °neya, gdv., of vkiya, 57, 527. kiyanney, °neya, “neyi, gdv. of; auto-review: missing_gloss",paranavitana
OSi,,vkiya,,,,"Sigiri PDF p. 440 (printed p. 432), column 1; OCR entry: ~vkiya, var, of kiyaney, 154, 169, 255, 269, 463.; auto-review: missing_gloss",paranavitana
OSi,,kiyabu,,,,"Sigiri PDF p. 440 (printed p. 432), column 1; OCR entry: kiyabu, var. of kiyambu, qv., 258, 355, 377, 685. kiyamo, īst pl. pr. of vkiya, 231. ); auto-review: missing_gloss",paranavitana
OSi,,kiyambu,"curl, lock, tresses",,,"Sigiri PDF p. 440 (printed p. 432), column 1; OCR entry: kiyambu, s. [Skt. śyāãmaka; equivalent of Skt. alaka in S. classics; cf. Rm., v. 486, Ksm., v. 38, and Jag. 116, P. addha-pādatțthapana], curl, lock, tresses, 364, 380; cd., -välä, cf. kiyańbu-välen, Mdv., v. 80], inst., -väļänen, 364. kiyay, °ya, °yi, abs. of vkiya [cf. kiyay, Dhag. 177], 134, 251, 276. kiya?-li?, comp. vb. [cf. kiyā liya, Kskh. XIII. 6], 85. kiya?-lu?, comp. vb., 498. kiyava, imp. of vkiyat [cf. Dhag. 218], 390, 623, 631.",paranavitana
OSi,,kiyavannak,,,,"Sigiri PDF p. 440 (printed p. 432), column 1; OCR entry: kiyavannak, nom. sin. indef. of pr, pt. (inf.) of vkiya!, 259. kiyavi, gdv, of vkiya? [cf. mod. S. kiyãvi], 75, 495. E; auto-review: missing_gloss",paranavitana
OSi,,kiyavina,"295. kiyā', 3rd sin. pr., of kiya! [cf. Dhag. 1]",,,"Sigiri PDF p. 440 (printed p. 432), column 1; OCR entry: kiyavina, prt. ref, of vkiya!, 629. kiyahi, 2nd sin. pr. of vkiya! [cf. Amv. 103], 295. kiyā', 3rd sin. pr., of kiya! [cf. Dhag. 1], 3.",paranavitana
OSi,,kiyā*,,,,"Sigiri PDF p. 440 (printed p. 432), column 1; OCR entry: kiyā*, abs. of vkiya! [cf. Kskh. X. 17], 465.; auto-review: missing_gloss",paranavitana
OSi,,kiyā,"395, in kiyä heyni. kiyäviți, ds. of wvkiya! [gdv. kiyävi+ați, cf. kiyäți, Svv. 26]",,,"Sigiri PDF p. 440 (printed p. 432), column 1; OCR entry: kiyä, cond. of vkiya! [followed by form of he?, Intr., § 478], 395, in kiyä heyni. kiyäviți, ds. of wvkiya! [gdv. kiyävi+ați, cf. kiyäți, Svv. 26], 339. kiyävūha, 3rd pl, p. cs. of vkiya!, 69.",paranavitana
OSi,,kiyi,of vkiya = 3rd sin. p. _ yi,,,"Sigiri PDF p. 440 (printed p. 432), column 1; OCR entry: kiyi, prt. of vkiya = 3rd sin. p. _ yi, 562. Fa; auto-review: low_ocr_confidence",paranavitana
OSi,,kiyu,"of vkiya! [var, of kiy. cf. Ksm., v. 321, mod. S. kivu _ 338",,,"Sigiri PDF p. 440 (printed p. 432), column 2; OCR entry: kiyu, prt. of vkiya! [var, of kiy. cf. Ksm., v. 321, mod. S. kivu _ 338, 506, 643. kiyŭ (kiyřu), imp. of kiyat, roo.",paranavitana
OSi,,kiye,"sin. of kil, kiyi, ¢ kiyu (inf.)",,,"Sigiri PDF p. 440 (printed p. 432), column 2; OCR entry: kiye, nom. sin. of kil, kiyi, ¢ kiyu (inf.), 19.",paranavitana
OSi,,kirat,"indeed, 35: kira”, yb. [Skt. guru as Nom. ; moc S. kiranava",,,"Sigiri PDF p. 440 (printed p. 432), column 2; OCR entry: kirat, indec. [P. kira], indeed, 35: kira”, yb. [Skt. guru as Nom. ; moc S. kiranava; cf. kiranu, Dhag. 80 to weigh; cond. kirat [cf. B; 273], 115.",paranavitana
OSi,,kiva,,,,"Sigiri PDF p. 440 (printed p. 432), column 2; OCR entry: kiva!, nom. sin. of ki? or ki [ci mod. S. kīva], 266, 627.; auto-review: missing_gloss",paranavitana
OSi,,kiva,of vkiya? [cf. Svv. 1) 139,,,"Sigiri PDF p. 440 (printed p. 432), column 2; OCR entry: kiva?, cond. of vkiya? [cf. Svv. 1) 139, 505.",paranavitana
OSi,,kivā,of what manner is it? 532,,,"Sigiri PDF p. 440 (printed p. 432), column 2; OCR entry: kivä, var. of kiva!, 307. ki'-vännä [väni+ä!; cf. Dhpr 259], of what manner is it? 532.",paranavitana
OSi,,kivi,poet,,,"Sigiri PDF p. 440 (printed p. 432), column 2; OCR entry: kivi, s. [Skt. kavi; cf. Sls., v. 97 var. kavi], poet, 473; inst. o gen., kivin, 521.",paranavitana
OSi,,kiviyar,poet,,,"Sigiri PDF p. 440 (printed p. 432), column 2; OCR entry: kiviyar, cd. [Skt. kāävya-kāra sof kiviyara, Gs., v. 218], poet; nom pl., kiviyarhu, 473.",paranavitana
OSi,,kist,"duty, function",,,"Sigiri PDF p. 440 (printed p. 432), column 2; OCR entry: kist, s. [Skt. krtya, P. kicca; cf kisa, Svv. 6], duty, function, 277.",paranavitana
OSi,,kis,interior,,,"Sigiri PDF p. 440 (printed p. 432), column 2; OCR entry: kis?, s. [Skt. kuksi, P. kucchi; cf Sbl., v. 400], interior; loc, kisa, 569; kisä, 192; kishi, 26.",paranavitana
OSi,,kisë,"inst., kisni",,,"Sigiri PDF p. 440 (printed p. 432), column 2; OCR entry: kisë, s. [Skt. Ąāśin; in cd. sisi-kis equivalent to sañda-kän (Sls., v. 18) = Skt. candra-kānta], inst., kisni, 511. kisi, indef. prn. [Skt. kaścit AS Kskh., v. 47], any, whatever; (1) attributive, 93, 99, 173, 184, 272, 297, 533; (2) substantive, 255, 468, 570,. 590, 637; adverbial, 36; loc., kisihi, 520.",paranavitana
OSi,,ki!-sel,"how, -in what manner",,,"Sigiri PDF p. 440 (printed p. 432), column 2; OCR entry: ki!-sel, adv. [cf. Dhpr. 87], how, -in what manner, 385, 687. See next,",paranavitana
OSi,,ki'!-sey,,,,"Sigiri PDF p. 440 (printed p. 432), column 2; OCR entry: ki'!-sey, var. of ki-se [cf. ki-seyin, Dhag. 22, and ki-seya, Dhpr. 135], 65, 138, 408; inst. indef., ki-seykin, 385; inst., ki-seyni, 192, kihi, 2nd sin. p. of vkiya1, 91, 173, 463. kihu, 2nd pl. p. of vkiya! [cf. kihu, Dhpr. 296], 402.; auto-review: missing_gloss",paranavitana
OSi,,kihumu,flower,,,"Sigiri PDF p. 440 (printed p. 432), column 2; OCR entry: kihumu, s. [Skt. kusuma; cf. kisum, Sdsg. 27], flower, 582. See also kusum.",paranavitana
OSi,,kili,hut,,,"Sigiri PDF p. 440 (printed p. 432), column 2; OCR entry: kili, s. [Skt. kuțī; cf. Dhag. 33], hut; dat. indef., kiliyakațta, 151.",paranavitana
OSi,,i,,,,"Sigiri PDF p. 440 (printed p. 432), column 2; OCR entry: <i, prt. of vkiyal, often used as 3rd sin. p. [Skt. kathita, e.f. kiyi, 1.f. ki; cf. Dhpr. 128], 27, 31, 59, 194, 258, 369, 433, 472, 508, 557, 604, 667 [40]. mi, rst sin. p. of vkiya!, 139. mo, 1st pl. p. of kiyat, 60o.; auto-review: missing_gloss",paranavitana
OSi,,iva,of vkiya!,,,"Sigiri PDF p. 440 (printed p. 432), column 2; OCR entry: iva, cond. of vkiya!, 155,",paranavitana
OSi,,īhota,"265. ud, kudu, a. [Skt. kşudra, P. a Di SA AR E S LƏK Si kiud ba-aranthat cf. kutho, Hs 8], small treatise, i.e. Khuddal À Nikāya, the fifth division of tł Sutta Pițaka of the Pāli Cano: 200",,,"Sigiri PDF p. 440 (printed p. 432), column 2; OCR entry: īhota, cond. of wkiya [Intr., §§ 474 et seq. for hota], 265. ud, kudu, a. [Skt. kşudra, P. a Di SA AR E S LƏK Si kiud ba-aranthat cf. kutho, Hs 8], small treatise, i.e. Khuddal À Nikāya, the fifth division of tł Sutta Pițaka of the Pāli Cano: 200, 224. ~ ' | kubura, s., var. of kumbur, qv abl. kuburen (in place-name kum, prn. inter. n. st. [Intr., § 376 cf. Dhag. 5], nom. or acc. sin 123, 154, 169, 269, 350, 490, 51: 543, 595, 610, 651. See kumakum-seyin. 3",paranavitana
OSi,,kuma,,,,"Sigiri PDF p. 440 (printed p. 432), column 3; OCR entry: kuma, e.f. of kum [cf. Jag. 106 297.; auto-review: missing_gloss",paranavitana
OSi,,kumak,,,,"Sigiri PDF p. 440 (printed p. 432), column 3; OCR entry: kumak, nom, or acc. indef. of kur or kuma [cf. Dhag. 81], 425; 288, 298, 388, 493.; auto-review: missing_gloss",paranavitana
OSi,,kumat,"of kum or kuma, e. of kumața",,,"Sigiri PDF p. 440 (printed p. 432), column 3; OCR entry: kumat, dat. of kum or kuma, e. of kumața, 18, 55, 63, 125, 245 246, 338, 471, 623.",paranavitana
OSi,,kumața,,,,"Sigiri PDF p. 440 (printed p. 432), column 3; OCR entry: kumața, e.f. of kumaț [cf. Kut 44], 3, 81, 388, 474, 573; 577 633- :; auto-review: missing_gloss",paranavitana
OSi,,kuma-seyi,,,,"Sigiri PDF p. 440 (printed p. 432), column 3; OCR entry: kuma-seyi, cd. adv., how, in wha manner, 585.; auto-review: missing_gloss",paranavitana
OSi,,kumund,water lily,,,"Sigiri PDF p. 440 (printed p. 432), column 3; OCR entry: kumund, s, [Skt. kumuda; cí kumudu, Ksm., v. 101], water lily, 177, 249; cd., -vanal cluster of water-lilies, 582.",paranavitana
OSi,,kumbur,"field; cd., -vävin, inst. from fields and lakes",,,"Sigiri PDF p. 440 (printed p. 432), column 3; OCR entry: kumbur, s. [Skt. urvarã > uvara > ubara > *hubara > kubara > kubura; cf. EZ. I. 92 and kuñburu Kvp. 46], field; cd., -vävin, inst. from fields and lakes, 605. i",paranavitana
OSi,,kum-se,,,,"Sigiri PDF p. 440 (printed p. 432), column 3; OCR entry: kum-se!, cd. adv., var. of kumaseyi, 423, 449, 488, 610.; auto-review: missing_gloss",paranavitana
OSi,,kum-sey,,,,"Sigiri PDF p. 440 (printed p. 432), column 3; OCR entry: kum-sey, cd. adv., var, of kum-se, 483. i; auto-review: missing_gloss",paranavitana
OSi,,kum-seyi,,,,"Sigiri PDF p. 440 (printed p. 432), column 3; OCR entry: kum-seyi, cd. adv., var. of kum- Se, 214, 442, 651.; auto-review: missing_gloss",paranavitana
OSi,,kum-seyin,,,,"Sigiri PDF p. 440 (printed p. 432), column 3; OCR entry: kum-seyin, cd. inst. ady., var. of kum-se, 127, 215, 270, 347, 421.; auto-review: missing_gloss",paranavitana
OSi,,kurura,cruel,,,"Sigiri PDF p. 440 (printed p. 432), column 3; OCR entry: kurura, a. [Skt. krūra; cf. kururz as, Dhpr. 298], cruel, 320.",paranavitana
OSi,,kula,[Skt. kula,,,"Sigiri PDF p. 440 (printed p. 432), column 3; OCR entry: kula, s. [Skt. kula; cf. Gk., v. 7l; family, 465.",paranavitana
OSi,,kulmat,excited or overcome with pleasure,,,"Sigiri PDF p. 440 (printed p. 432), column 3; OCR entry: kulmat, a. [Skt. Alāda-+ matta; cf. Kskh. X. 83], excited or overcome with pleasure; gen, pl. (rel.), kulmattan, 6or. : kusum, kusuma, s. [Skt. kusuma, cf. Dhpr. 297], flower, 119, 232, 268, 296; acc. indef., kusumaka, 30.",paranavitana
OSi,,kula,"peak, summit",,,"Sigiri PDF p. 440 (printed p. 432), column 3; OCR entry: kula, s. [Skt. kūța; cf. Sis., v. 78], peak, summit, 23; loc. kuļahi [cf. kuluhi, Ksm., v. 674], 354.",paranavitana
OSi,,kuli,a territorial division in place-names,,,"Sigiri PDF p. 440 (printed p. 432), column 3; OCR entry: kuli, s. [Skt. kkarvațtaka; cf. EZ. I. 243], a territorial division in place-names, 1, 71, 624; loc., kuliyä, 666, 680o; kuliyehi, SII xel, prn. inter., st. f. as rst member of cd., see ke-banda, ke-bandu, ke-lesa, ke-se, ke-seyini.",paranavitana
OSi,,ce,"a person, individual",,,"Sigiri PDF p. 440 (printed p. 432), column 3; OCR entry: ce"", nom. sin, of ka! [cf. Svv. 59), 136, 322, 379, 430. kenaka, prn. [Skt. ketana-ka, lit., 333“ one who occūpies a place; cf. tänätta, lit., one who possesses a place, with same significance; var. kenek and känek; mod. S. kenek], a person, individual; gen. ' pl. kenakun [cf. Dhag. 255 and kenakana, Ksm., v. 280], 407.",paranavitana
OSi,,kenek,,,,"Sigiri PDF p. 441 (printed p. 433), column 1; OCR entry: kenek, l.f. of kenaka, same in mod. S. [cf. Dhag: 151], 219, 265, 336, 385, 492, 527: 557, 566, 629, 646. kenda-no-vana, pr. pt. cs. of = wkända with no inserted after stem [Intr., § 452], not calling, : 254.; auto-review: missing_gloss",paranavitana
OSi,,keï-banda,,,,"Sigiri PDF p. 441 (printed p. 433), column 1; OCR entry: keï-banda?, cd. adv., var. of kebandu, 345.; auto-review: missing_gloss",paranavitana
OSi,,kel-bandu,,,,"Sigiri PDF p. 441 (printed p. 433), column 1; OCR entry: kel-bandu?, cd. a. and ady., in or of what manner, 455.; auto-review: missing_gloss",paranavitana
OSi,,keret," [cf. Svu. 56], 132, 242, 280, 388, 486, 658. keret, 3rd pl. pr. ref. of vkara",,,"Sigiri PDF p. 441 (printed p. 433), column 1; OCR entry: keret, indec., loc. of karat, ‘at hand, i.e. near’, used as postposition to indicate loc. sense [cf. Dds. 13], 243, 266, 369, 475, 530kere?, 3rd sin. pr. ref. of vkara' [cf. Svu. 56], 132, 242, 280, 388, 486, 658. keret, 3rd pl. pr. ref. of vkara' [cf. Sbl., v. 196], 651.",paranavitana
OSi,,keren,aa D 529,,,"Sigiri PDF p. 441 (printed p. 433), column 1; OCR entry: keren, indec. [inst. or abl. of kara?, k used as postposition to indicate abl..sense; cf. Sdsg. 96, Dhag. 58), 663, 678. P ie: orth. var. of kereyi, 615. 1 kereyi, 3rd sin. pr. ref. of vkara WER S var. of kere?, cf. Dhag. 224] aa D 529, 565, 6O01. 1 kereviye, 3rd sin. p. cs. ref. o y y = ykara?, 465.; auto-review: low_ocr_confidence",paranavitana
OSi,,keli,girl,,,"Sigiri PDF p. 441 (printed p. 433), column 1; OCR entry: keli, s.f. [kolu+i, f£. sufix; kolu < i polu < Skt. pota with pln. -L added; cf. Pv. 82], girl, 585. Se! kellața—kellanaț.; auto-review: low_ocr_confidence",paranavitana
OSi,,kėé!-lesa,inst,,,"Sigiri PDF p. 441 (printed p. 433), column 1; OCR entry: kėé!-lesa, cd. [cf. Gk., v. 182], inst.",paranavitana
OSi,,iķe-lesin,in what manner ; 574. pta dat. of keli,,,"Sigiri PDF p. 441 (printed p. 433), column 1; OCR entry: iķe-lesin, adv., in what manner ; 574. pta dat. of keli, 269.",paranavitana
OSi,,kellan,or gen. pl. of keli,,,"Sigiri PDF p. 441 (printed p. 433), column 1; OCR entry: kellan, acc. or gen. pl. of keli, 251 P 470.; auto-review: low_ocr_confidence",paranavitana
OSi,,anaț,pl. of keli,,,"Sigiri PDF p. 441 (printed p. 433), column 1; OCR entry: anaț, dat. pl. of keli, 479.",paranavitana
OSi,,d kes,[Skt. keśa,,,"Sigiri PDF p. 441 (printed p. 433), column 1; OCR entry: d kes, s. [Skt. keśa; cf. Rm., v. 290 air of the head. See kes-mal",paranavitana
OSi,,kesur or “ra,"[Skt. keśara; c À kesuru, Jag. 65), filament of flower",,,"Sigiri PDF p. 441 (printed p. 433), column 1; OCR entry: kesur or “ra, s. [Skt. keśara; c À kesuru, Jag. 65), filament of flower, 582, 583.",paranavitana
OSi,,Prj ke!-se,,,,"Sigiri PDF p. 441 (printed p. 433), column 1; OCR entry: Prj ke!-se!, cd., adv. [cf. Gk., v- 49 i how, in what manner, 20, 26 270, 293; 295, 451, 470, 485, 581 f 604, 611, 622, 650. See ke-seyke-seyini.; auto-review: missing_gloss",paranavitana
OSi,,ket-sey,,,,"Sigiri PDF p. 441 (printed p. 433), column 1; OCR entry: ket-sey, var. of ke-se, 160, 35 jA + 673:; auto-review: missing_gloss;low_ocr_confidence",paranavitana
OSi,,A ket-seya,,,,"Sigiri PDF p. 441 (printed p. 433), column 1; OCR entry: A ket-seya, e.f. of ke-se, 344-; auto-review: missing_gloss",paranavitana
OSi,,keř-seyi,,,,"Sigiri PDF p. 441 (printed p. 433), column 1; OCR entry: — keř-seyi, orth. var. of ke-sey, 64; auto-review: missing_gloss;low_ocr_confidence",paranavitana
OSi,,ke-seyin,,,,"Sigiri PDF p. 441 (printed p. 433), column 1; OCR entry: = ke-seyin, inst, of ke-sey [c re é Kskh. XII. 26), 48.; auto-review: missing_gloss;low_ocr_confidence",paranavitana
OSi,,kerseyini,hair of ||! the head,,,"Sigiri PDF p. 441 (printed p. 433), column 1; OCR entry: kerseyini, var. of preceding, 568 B507 ‘í Dhag. 169; var. of kes], hair of ||! the head, 25, 372-; auto-review: low_ocr_confidence",paranavitana
OSi,,kela,"to play, sport, frolic, amuse",,,"Sigiri PDF p. 441 (printed p. 433), column 2; OCR entry: kela, vb. [Skt. vkrīđd; cf. keļanā, Kskh. V. 12], to play, sport, frolic, amuse. See kelimin— kelļlimuva. keļlabi, prt: of vkaļaba, 520. keļabim, vn. of vkaļaba, e.f. of käļabim, 520.",paranavitana
OSi,,keli,"sport, play",,,"Sigiri PDF p. 441 (printed p. 433), column 2; OCR entry: keli, s. [Skt. krīdā; cf. Gk., v. 109], sport, play, 213, 241, 350, 369. See kelļli-basak, kelļiyeka, keliyen.",paranavitana
OSi,,keli-basak,,,,"Sigiri PDF p. 441 (printed p. 433), column 2; OCR entry: keli-basak, cd., nom. indef., a playful word, 157kelļimin, gd. of vkeļa [Dhpr. 295], 218. See next.; auto-review: missing_gloss",paranavitana
OSi,,kelimina,,,,"Sigiri PDF p. 441 (printed p. 433), column 2; OCR entry: kelimina, var. of keļimin, 238.; auto-review: missing_gloss",paranavitana
OSi,,keļlimuva,,,,"Sigiri PDF p. 441 (printed p. 433), column 2; OCR entry: keļlimuva, op. of vkeļa [Intr., § 432], 145.; auto-review: missing_gloss",paranavitana
OSi,,kelļiyeka,indef. of keļi,,,"Sigiri PDF p. 441 (printed p. 433), column 2; OCR entry: kelļiyeka, loc. indef. of keļi, 638.",paranavitana
OSi,,keliyen,,,,"Sigiri PDF p. 441 (printed p. 433), column 2; OCR entry: keliyen, inst. of keli [cf. Sbl., v. 23], 39-; auto-review: missing_gloss",paranavitana
OSi,,keli,"of keli, contr. from *kelihi",,,"Sigiri PDF p. 441 (printed p. 433), column 2; OCR entry: keli, loc. of keli, contr. from *kelihi, 104.",paranavitana
OSi,,kelet,,,,"Sigiri PDF p. 441 (printed p. 433), column 2; OCR entry: kelet, nom. sin of kala? [cf. Dhpr. 148], 44, 108, 225, 249, 344, 345; 457, 475, 480, 485, 517, 673-; auto-review: missing_gloss",paranavitana
OSi,,kele,that which is artificial,,,"Sigiri PDF p. 441 (printed p. 433), column 2; OCR entry: kele?, s. [Skt. krtaka], that which is artificial, 50.",paranavitana
OSi,,kelen,,,,"Sigiri PDF p. 441 (printed p. 433), column 2; OCR entry: kelen, inst. of kaļa (inf.) [cf. Gk., v. 12], 95.; auto-review: missing_gloss",paranavitana
OSi,,keļem,"75keļemi [kele!4-mi], (1) rst sin. p. of skara? [cf. Amv. 18]",,,"Sigiri PDF p. 441 (printed p. 433), column 2; OCR entry: keļem, var. of keļemi [cf. Bs. 252], 75keļemi [kele!4-mi], (1) rst sin. p. of skara? [cf. Amv. 18], 673; (2) kaļa (rel.), f. and mi [Skt. krtā’smi], I am one who is made, 286, 616.",paranavitana
OSi,,kelļeyin,,,,"Sigiri PDF p. 441 (printed p. 433), column 2; OCR entry: kelļeyin, inst. of kaļa (inf.) [cf. Sdv., v. 58], 40, 208, 240. $; auto-review: missing_gloss",paranavitana
OSi,,kot,where,,,"Sigiri PDF p. 441 (printed p. 433), column 2; OCR entry: kot, indec. [Skt. kva; cf. Dhpr. 23, mod. S. ko], where, 35, 109, 161.",paranavitana
OSi,,ko,"curlew, cuckoo",,,"Sigiri PDF p. 441 (printed p. 433), column 2; OCR entry: ko?, s. [Skt. krauñca, P. kořca; 1.£. of koho], curlew, cuckoo, 595.",paranavitana
OSi,,kot,(1) having done,,,"Sigiri PDF p. 441 (printed p. 433), column 2; OCR entry: kot, abs. of vkara? [Skt, krtvā, AMeg. kațtu, OS. kotu (EZE 6g) and kațu (EZ. I. 58); cf. Dhag. EZ. IV. 271; e-f. kota], (1) having done, 84, 123, 199,231, 288, 322, 360, 395, 517, 608, 626, 684 [18]; (2) adv., in the manner of [cf. Dhag. 171), 171, 249, 321, 327, l 659. See manā-koț.",paranavitana
OSi,,koța,"31, 6I",,,"Sigiri PDF p. 441 (printed p. 433), column 2; OCR entry: koța, e.f. of koț, q.v. [cf. Gk., v. o| 84]; 31, 6I, 206, 299, 341, 354, 580, 641, 642.",paranavitana
OSi,,kond,"a ower, a kind of jasmine",,,"Sigiri PDF p. 441 (printed p. 433), column 2; OCR entry: kond, s. [Skt. kunda; cf. koñdaā, - Gk., v. 109], a ower, a kind of jasmine, 249, 332-",paranavitana
OSi,,kopa,"ref. st. kipe, q.v",,,"Sigiri PDF p. 441 (printed p. 433), column 2; OCR entry: kopa, vb. [Skt. vkup; cf. kopā, EZ. IV. 71], ref. st. kipe, q.v. See kipinu, kipi. _ | komul, a. [Skt. komala; cf. komala, $ Kskh. II. 36], charming, coquettish, 103, 200, 532, 586.",paranavitana
OSi,,koloba,[Skt. kadamba,,,"Sigiri PDF p. 441 (printed p. 433), column 2; OCR entry: koloba, s. [Skt. kadamba; cf. 3K J > r; auto-review: low_ocr_confidence",paranavitana
OSi,,Ov,anger,,,"Sigiri PDF p. 441 (printed p. 433), column 3; OCR entry: Ov, s. [Skt. kopa; cf. kovu, Dhag. 74 and kō, Mdv., v. 42], anger, 464.",paranavitana
OSi,,os,"curlew, cuckoo",,,"Sigiri PDF p. 441 (printed p. 433), column 3; OCR entry: os, s. [Skt. krauñca; cf. Dhag. 269; var. koho], curlew, cuckoo, 336.",paranavitana
OSi,,oho,,,,"Sigiri PDF p. 441 (printed p. 433), column 3; OCR entry: oho, s., e.f. of koĉ, var. of kos, 464.; auto-review: missing_gloss",paranavitana
OSi,,ol,"to shatter, crush; der. kol, shattering (see la-kol); pr. pt. (a), kolnā",,,"Sigiri PDF p. 441 (printed p. 433), column 3; OCR entry: ol, vb. [Skt. vkuțt; cf. kolanalada = P. äkoțtita, Dhag. 25], to shatter, crush; der. kol, shattering (see la-kol); pr. pt. (a), kolnā, 312.",paranavitana
OSi,,a,"to sing, play music; abs., ga",,,"Sigiri PDF p. 441 (printed p. 433), column 3; OCR entry: a, vb. [Skt. vgai; cf. gāta (cond.), Pbs., v. 95, mod, S. gānava], to sing, play music; abs., ga, 543. See gä. sajli [gaj = Skt. garja, roaring, and li], roared, cried, moaned, 430.",paranavitana
OSi,,san,,,,"Sigiri PDF p. 441 (printed p. 433), column 3; OCR entry: san, vb., var. of vgan, q.v. See gäņännamo.; auto-review: missing_gloss",paranavitana
OSi,,saņan,reckoning,,,"Sigiri PDF p. 441 (printed p. 433), column 3; OCR entry: saņan, s. [Skt. ganana; cf. Kskh. I. 47], reckoning, 156, 526 (Āā gaņan, all who came); inst., gaņanin, 595.",paranavitana
OSi,,gani,to count; reckon,,,"Sigiri PDF p. 441 (printed p. 433), column 3; OCR entry: gani, vb. [Skt. vgan; cf. genē, Ksm., v. 94, mod. S. ganina-va], to count; reckon. See gäņinayuna, genet. gat? s. [Skt. gātra; cf. Ksm., v. 50], body, limb, 411.",paranavitana
OSi,,gat,"taken, captured, captivated, enticed",,,"Sigiri PDF p. 441 (printed p. 433), column 3; OCR entry: gat?, prt. of vgant [Skt. grhīta; cf. Dhag. 219; e.f. gata], taken, captured, captivated, enticed, 2, 48, 119, 188, 230, 274, 350, 378, 450, 496, 525, 654 [63]; in comp. vb., ar-gat, 274. See gat, gati, gatin, gatu—ýgatmo.",paranavitana
OSi,,gata,,,,"Sigiri PDF p. 441 (printed p. 433), column 3; OCR entry: gata!, s., e.f. of gatt, 415, 480.; auto-review: missing_gloss",paranavitana
OSi,,gata,,,,"Sigiri PDF p. 441 (printed p. 433), column 3; OCR entry: gata?, e.f. of gat?” [cf. Sdu., v. 25 1), (1) a., 21, 151, 152, 230, 231, 248, 268, 332, 354, 377; 576, 580, 584, 588, 594, 597, 659, 655, 683; (2) in comp. vb. preceded by abs., 59, 66, 136, 168, 382; (3) pred, 13, 30, 51, 53, 66, 167, 223, 225, 409, 539, 634, 639, 661, 672; (4) rel. f., 669. See gata, ġatani, gata-he, gatimi, gatu, gatun— gatteyin. b; auto-review: missing_gloss",paranavitana
OSi,,gata’,r01,,,"Sigiri PDF p. 441 (printed p. 433), column 3; OCR entry: gata’, cond. of vgant [cf. Dhag. 1, Kop. 63, var. gata], r01, 288, 439, 539-",paranavitana
OSi,,gatani,is ‘able to take,,,"Sigiri PDF p. 441 (printed p. 433), column 3; OCR entry: gatani, inst. of gata? (inf.), 23. gata he [cond. or inf. of Vgan* and heż, Intr., §§ 478 et seq-], is ‘able to take, 313. Ml",paranavitana
OSi,,gatā,"of vgant, var. of gata’",,,"Sigiri PDF p. 441 (printed p. 433), column 3; OCR entry: gatä, cond. of vgant, var. of gata’, 449. gati, gat? (pred.) with i, q.v., 361, 581.",paranavitana
OSi,,gatin,"3rd sin. p. of sgan? [cf. gatmi, Dhpr. 128], 287-",,,"Sigiri PDF p. 441 (printed p. 433), column 3; OCR entry: gatin, inst. of gat? (inf.), 209. 1 gatimi [gata*4+-mi], 3rd sin. p. of sgan? [cf. gatmi, Dhpr. 128], 287-",paranavitana
OSi,,gatu,s. f. of gat? or gata? = (rel),,,"Sigiri PDF p. 441 (printed p. 433), column 3; OCR entry: gatu, nom. s. f. of gat? or gata? = (rel), 91, 349. F” E ""g A < s d aaan aaa ae t h; auto-review: low_ocr_confidence",paranavitana
OSi,,gattani,of gat? or gate (inf.),,,"Sigiri PDF p. 442 (printed p. 434), column 1; OCR entry: gattani, inst. of gat? or gate (inf.), 365.",paranavitana
OSi,,gattavun,pl. of gat? or gata (rel.),,,"Sigiri PDF p. 442 (printed p. 434), column 1; OCR entry: gattavun, gen. pl. of gat? or gata (rel.), 298.",paranavitana
OSi,,gattaha,pl. of gat? or gata (rel.),,,"Sigiri PDF p. 442 (printed p. 434), column 1; OCR entry: gattaha, nom. pl. of gat? or gata (rel.), 544.",paranavitana
OSi,,gattahu,,,,"Sigiri PDF p. 442 (printed p. 434), column 1; OCR entry: gattahu, var. of ģattaha, 473.; auto-review: missing_gloss",paranavitana
OSi,,gatti,sin. f. of gat? or gata (rel.),,,"Sigiri PDF p. 442 (printed p. 434), column 1; OCR entry: ~ gatti, nom. sin. f. of gat? or gata (rel.), 274, 313, 357, 546, 659.",paranavitana
OSi,,gatten,of gat? or gata? (inf,,,"Sigiri PDF p. 442 (printed p. 434), column 1; OCR entry: gatten, inst. of gat? or gata? (inf, 47, 457: 577, 642.",paranavitana
OSi,,gatteyin,,,,"Sigiri PDF p. 442 (printed p. 434), column 1; OCR entry: gatteyin, var. of gatten, 350. gattev [gat?-4-ev], 528.; auto-review: missing_gloss",paranavitana
OSi,,gatni,1st sin. p. o vgan! [cf. Svv. 13],,,"Sigiri PDF p. 442 (printed p. 434), column 1; OCR entry: gatni, inst. of gat? (inf.), 323. gatmi [gat?+mi], 1st sin. p. o vgan! [cf. Svv. 13], 360. gatmo [gat?-+mo], rst pl. p. o ~ Ẹ„gan! 362.",paranavitana
OSi,,i gan,"to take, capture overpower, choose, accept. Sei gat)—gatmo, gan?, gana? gananā, ganimi—gannen gamo, gäna—gänä, gänveyi. gan’, imp. of vgan!, aux. in comp vb. after abs",,,"Sigiri PDF p. 442 (printed p. 434), column 1; OCR entry: i gan?, vb. (Skt. grah; cf. P. ganhāti Pkt. genhai; gannā, Dhpr. 3, mod S. gannava], to take, capture overpower, choose, accept. Sei gat)—gatmo, gan?, gana? gananā, ganimi—gannen gamo, gäna—gänä, gänveyi. gan’, imp. of vgan!, aux. in comp vb. after abs., 169, 368.",paranavitana
OSi,,gana,woman,,,"Sigiri PDF p. 442 (printed p. 434), column 1; OCR entry: gana!, var. of agana [initial 4 elided in euphonic combination] woman, 87. gana*, der. of vga [Skt. gāna, cf. ganu, Svv. 7], singing, playing music, 84. See gana-risi.",paranavitana
OSi,,gana’,,,,"Sigiri PDF p. 442 (printed p. 434), column 1; OCR entry: gana’, abs. of vgan! [in comp. vb. bala-gana; cf. mod. S. aragana and similar expressions], 310.; auto-review: missing_gloss",paranavitana
OSi,,ganat,"hard, frozen; cd., -gal [cf. gana-galak, Jag. 240]",,,"Sigiri PDF p. 442 (printed p. 434), column 1; OCR entry: ganat, a. [Skt. ghana; cf. Amo. 115], hard, frozen; cd., -gal [cf. gana-galak, Jag. 240], 190. See also ģgana-vūyun.",paranavitana
OSi,,gananā,,,,"Sigiri PDF p. 442 (printed p. 434), column 1; OCR entry: gananā, orth, var. of gannā, q.v., 661.; auto-review: missing_gloss",paranavitana
OSi,,gana?-risi,,,,"Sigiri PDF p. 442 (printed p. 434), column 1; OCR entry: gana?-risi, cd., desire for singing, 84.; auto-review: missing_gloss;uncertain_glyph",paranavitana
OSi,,ganat-vū,"249. ganu (ūŭ), imp. of vgan! [cf. EZ. II. 299; Bs. 152]",,,"Sigiri PDF p. 442 (printed p. 434), column 1; OCR entry: ganat-vū!, cd., frozen; gen. pl. (rel.), -vūyun, 181. ganimi, 1st sin. pr. of vgan?, 287, ganiyi, 3rd sin. pr. of vgan! [l.f. ganī, Vds.], 249. ganu (ūŭ), imp. of vgan! [cf. EZ. II. 299; Bs. 152], 175, 285, 545 (u lengthened metris causa). ganuģa, imp. of vgan!, 317.",paranavitana
OSi,,gane,"566. ganna, pr. pt. of vgan? (a.) [cf. Dhkag. 282, same in mod. S.J",,,"Sigiri PDF p. 442 (printed p. 434), column 1; OCR entry: gane, abs. of vgan! [var. of gana?, aux, in comp. vb.], 566. ganna, pr. pt. of vgan? (a.) [cf. Dhkag. 282, same in mod. S.J, 330.",paranavitana
OSi,,gannā,,,,"Sigiri PDF p. 442 (printed p. 434), column 1; OCR entry: gannā, var. of ganna, (1) a. [cf. Dhag. 170], 104, 176, 357, 560; (2) inf., 306.; auto-review: missing_gloss",paranavitana
OSi,,gannānaț,pl. of gannā (rel.),,,"Sigiri PDF p. 442 (printed p. 434), column 1; OCR entry: gannānaț, dat. pl. of gannā (rel.), 72.",paranavitana
OSi,,gannāyu,pl. of gannā (rel.),,,"Sigiri PDF p. 442 (printed p. 434), column 1; OCR entry: gannāyu, nom. pl. of gannā (rel.), 191. ganni, 3rd sin. pr. of sgan -| 5a0Nen, inst. ot ganna (1nr.), 077 ' | gam, s. [Skt. grāma; cf. Amv. 77",paranavitana
OSi,,ef. gama,,,,"Sigiri PDF p. 442 (printed p. 434), column 2; OCR entry: ef. gama, var. gamu and gämi) village (in place-names), 415 613, 624. See gam-sivupay gamin, gamhi.; auto-review: missing_gloss",paranavitana
OSi,,gama,,,,"Sigiri PDF p. 442 (printed p. 434), column 2; OCR entry: gama, s., e.f, of gam [cf. EZ. III 66], 150, 196, 226, 275, 503. Se gamin.; auto-review: missing_gloss",paranavitana
OSi,,gaman,"going, walking, journey",,,"Sigiri PDF p. 442 (printed p. 434), column 2; OCR entry: gaman, s. [Skt. gamana; cf. Dhag 21], going, walking, journey, 393 591. See also gamana,",paranavitana
OSi,,gamana,,,,"Sigiri PDF p. 442 (printed p. 434), column 2; OCR entry: gamana, s., e.f. of gaman [Dhpr 164], 9, 332, 596, 644; acc. sin indef., gamanak [cf, Kskh. X 27], 425; loc. indef., gamanaka, 488; loc., gamanä, 340.; auto-review: missing_gloss",paranavitana
OSi,,gamin,of gam or gama,,,"Sigiri PDF p. 442 (printed p. 434), column 2; OCR entry: gamin, inst. of gam or gama, 387.",paranavitana
OSi,,gamu,(village in place-names),,,"Sigiri PDF p. 442 (printed p. 434), column 2; OCR entry: gamu, s., Skt. grāma+ka [cf Mivan-gamu, EZ. IV. 174], (village in place-names), 261, 279, 495, 514, 6o00, 675. gamo, ıst pl. pr. of vgant [contr. fr. *ganmo], 388.",paranavitana
OSi,,gam-sivapay,,,,"Sigiri PDF p. 442 (printed p. 434), column 2; OCR entry: gam-sivapay, cd., village beast, 105.; auto-review: missing_gloss",paranavitana
OSi,,gamhi,of gam,,,"Sigiri PDF p. 442 (printed p. 434), column 2; OCR entry: gamhi, loc. of gam, 81, ror.",paranavitana
OSi,,gaye,,,,"Sigiri PDF p. 442 (printed p. 434), column 2; OCR entry: gaye, e.f. of giye, q.v., 136.; auto-review: missing_gloss",paranavitana
OSi,,gar,house,,,"Sigiri PDF p. 442 (printed p. 434), column 2; OCR entry: gar, s. [P. ghara; cf. gara, Rm., v. 178], house, 410. See haļu-gar.",paranavitana
OSi,,gal,,,,"Sigiri PDF p. 442 (printed p. 434), column 2; OCR entry: gal, s. [Skt. śilā > sala > *hala > gala > gal; T. kal; cf. Dhag. 208), mountain, hill, rock, stone, 18, 20, 122, 286, 353, 368, 388, 447, 514, 519, 654, 683 [19]. See galat, galak—galața, galä—galin, gale—galhi.; auto-review: missing_gloss",paranavitana
OSi,,gala,,,,"Sigiri PDF p. 442 (printed p. 434), column 2; OCR entry: gala!, s., e.f. or nom. or acc. of gal, 20, 5I, 155, 208, 281, 352, 436, 508, 538, 637, 661, 673 [43]. See galak—galä—galin, gale— galhi.; auto-review: missing_gloss",paranavitana
OSi,,gala’,"to fall down, flow",,,"Sigiri PDF p. 442 (printed p. 434), column 2; OCR entry: gala’, vb. [Skt. sgal; -cf. galana, Ksm., v. 514, var. gala], to fall down, flow. See galā, gulu.",paranavitana
OSi,,galak,or acc. sin. indef. of gal or gala!,,,"Sigiri PDF p. 442 (printed p. 434), column 2; OCR entry: galak, nom. or acc. sin. indef. of gal or gala!, 615, 679.",paranavitana
OSi,,gala!-kaļa,,,,"Sigiri PDF p. 442 (printed p. 434), column 2; OCR entry: gala!-kaļa?, cd., made of stone, 236; -la, heart made of stone, 193.; auto-review: missing_gloss",paranavitana
OSi,,galața,,,,"Sigiri PDF p. 442 (printed p. 434), column 2; OCR entry: galața, dat. of gal or gala! [cf. Amv. 122], 61, 507.; auto-review: missing_gloss",paranavitana
OSi,,gala!-tad,,,,"Sigiri PDF p. 442 (printed p. 434), column 2; OCR entry: gala!-tad, cd., hard as stone, 521, 673.; auto-review: missing_gloss",paranavitana
OSi,,gala!-laga,,,,"Sigiri PDF p. 442 (printed p. 434), column 2; OCR entry: gala!-laga, cd., attached to the rock, 74, 188; -laga, 226, 383.; auto-review: missing_gloss",paranavitana
OSi,,galā,"371 (followed by basi). galä, (1) inst. of gal or gala! [Intr., $ 354]",,,"Sigiri PDF p. 442 (printed p. 434), column 2; OCR entry: galā, abs. of vgala? [cf. Gk., v. 399; mod. S. galā bahina], 371 (followed by basi). galä, (1) inst. of gal or gala! [Intr., $ 354], 87, 158, 319, 523, 581, 624, 633; (2) loc., 105, 189, 371, 527.",paranavitana
OSi,,gal-āgini,,,,"Sigiri PDF p. 442 (printed p. 434), column 2; OCR entry: gal-ägini, cd., abl., from the summit of the rock, 247.; auto-review: missing_gloss",paranavitana
OSi,,galin,,,,"Sigiri PDF p. 442 (printed p. 434), column 2; OCR entry: galin, inst. of gal or gala! [cf. Bs. 232], 465, 670.; auto-review: missing_gloss",paranavitana
OSi,,gale,of gal or galat,,,"Sigiri PDF p. 442 (printed p. 434), column 3; OCR entry: gale, loc. of gal or galat, 159.",paranavitana
OSi,,gal-tal,"surface, stretch or expanse of rock",,,"Sigiri PDF p. 442 (printed p. 434), column 3; OCR entry: gal-tal, cd. [cf. gala-tal, Kskh. VI. 57], surface, stretch or expanse of rock, 644; loc., -telehi, 642,",paranavitana
OSi,,gal-bit,,,,"Sigiri PDF p. 442 (printed p. 434), column 3; OCR entry: gal-bit, cd., stone or rock wall; loc., -bit'hi, 20. à; auto-review: missing_gloss",paranavitana
OSi,,gal-beyada,,,,"Sigiri PDF p. 442 (printed p. 434), column 3; OCR entry: gal-beyada, cd., rocky mountain side, 382; loc., -beyadahi, 469; -beyad'hi, 447. See next.; auto-review: missing_gloss",paranavitana
OSi,,gal-beyand,,,,"Sigiri PDF p. 442 (printed p. 434), column 3; OCR entry: gal-beyand, cd., var. of galbeyada, 74, 290, 368; -beyanda, 335; loc., beyandľhi, 168, 186.; auto-review: missing_gloss",paranavitana
OSi,,gal-matzambure,,,,"Sigiri PDF p. 442 (printed p. 434), column 3; OCR entry: gal-matzambure, cd, loc., in the sky at the summit of the i, 514. F:; auto-review: missing_gloss",paranavitana
OSi,,gal-mundun,,,,"Sigiri PDF p. 442 (printed p. 434), column 3; OCR entry: gal-mundun, cd., summit of the rock, 286.; auto-review: missing_gloss",paranavitana
OSi,,galhi,of gal,,,"Sigiri PDF p. 442 (printed p. 434), column 3; OCR entry: galhi, loc. of gal, 131, 595.",paranavitana
OSi,,gavasa,"to covi over, bedeck; gd., gavasamina",,,"Sigiri PDF p. 442 (printed p. 434), column 3; OCR entry: gavasa, vb. [Skt. ava-vchad; avacchādayati > *avachadāti > *havasayayi > gavasayi; cf. gavasă (abs.), Sls., v. 44], to covi over, bedeck; gd., gavasamina, 378. pH",paranavitana
OSi,,gasa,"ļ, to rub, to strike, crush, vanquish",,,"Sigiri PDF p. 442 (printed p. 434), column 3; OCR entry: gasa!, vb. [Skt. vghrş; mod. S$. gahanava]ļ, to rub, to strike, crush, vanquish. See gäsi, gäsu!.; auto-review: low_ocr_confidence",paranavitana
OSi,,gasa’,"to shine, send forth rays; abs. gasa",,,"Sigiri PDF p. 442 (printed p. 434), column 3; OCR entry: gasa’, vb. [Skt. vkāś; cf. mod. S. gahanava in phrases like disne gahanava], to shine, send forth rays; abs. gasa, 4; pr. pt., gasna, = 256. See gäsu?, EYA",paranavitana
OSi,,gal,of vgala,,,"Sigiri PDF p. 442 (printed p. 434), column 3; OCR entry: gal, prt. of vgala, 595. $; auto-review: low_ocr_confidence",paranavitana
OSi,,gala,"to fall down; in cs., loosen, prt., gal",,,"Sigiri PDF p. 442 (printed p. 434), column 3; OCR entry: gala, vb. [Skt. vgal; cf. galat = P. osīdāpenti, Dhag. 79 and galay, ibid. 75; var. gala?], to fall down; in cs., loosen, prt., gal, 595; gd. cs. gaļavamini, 365; abs. os. galavay [cf. galavā, Jag. 148; mod. S., galavala, having loosened or unfastened], 222. p- as",paranavitana
OSi,,gā,,,,"Sigiri PDF p. 442 (printed p. 434), column 3; OCR entry: gä, prt. of vga, 124, 242, 331, 382. gäņannamo [gänņä (abs, of gan) + ennamo (rst pl. pr. of ve’), cf. mod. S, genenava], 375.; auto-review: missing_gloss",paranavitana
OSi,,gānņinayuna,pl. of prt. ref. (rel.) of Vgaņi,,,"Sigiri PDF p. 442 (printed p. 434), column 3; OCR entry: gänņinayuna, gen. pl. of prt. ref. (rel.) of Vgaņi, 111.",paranavitana
OSi,,gāti,"servant, slave",,,"Sigiri PDF p. 442 (printed p. 434), column 3; OCR entry: gäti, s. [P. santaka; cf. Sbl., v. 200, Amv. 17, and Dhpr. 105], servant, slave, 447, 571, 638, 667, 681; nom. sin., gätiye, 121.",paranavitana
OSi,,āna,"on account of, for the sake of",,,"Sigiri PDF p. 442 (printed p. 434), column 3; OCR entry: äna, indec. [abs. of vgant; cf. Dhag. 87; same in mod. S.], on account of, for the sake of, 85. See gänä. gänavī, 3rd sin, p. cs. of vgan!, 69.",paranavitana
OSi,,gānā,,,,"Sigiri PDF p. 442 (printed p. 434), column 3; OCR entry: gänä, abs. of vgan!, var. gäna, (1) having taken [cf. Dhag. 151), 244, 283, 357, 372, 403, 483, 5543 (2) on account of [cf. Dhag. 112], 444.; auto-review: missing_gloss",paranavitana
OSi,,gāndāv,music,,,"Sigiri PDF p. 442 (printed p. 434), column 3; OCR entry: gändäv, s. [Skt. gāndharva; cf. gandäv, Dhag. 91], music, 393. ģänveyi, 3rd sin. pres. cs. of ygant, 228. gäyum, vn. of vga [cf. Amv. 10), singing; inst, gäyumni, 289. gäsi, 3rd sin. p. of vgasa!, (1) lighted (a fire), 427; (2) struck at [cf. Ksm., v. 390], 445-",paranavitana
OSi,,gāsut,(1) rubbed hand against,,,"Sigiri PDF p. 443 (printed p. 435), column 1; OCR entry: gäsut, prt. of vgasa! [cf. Kskh. XI. 17], (1) rubbed hand against, 676, 677; (2) vanquished, 558.",paranavitana
OSi,,gāsu,of vgasa?,,,"Sigiri PDF p. 443 (printed p. 435), column 1; OCR entry: gäsu?, prt. of vgasa?, 87, 483.",paranavitana
OSi,,gāhani,,,,"Sigiri PDF p. 443 (printed p. 435), column 1; OCR entry: gähani, var, of gähäni, q.v., 578; os dat. pl., gähaninața, 339.; auto-review: missing_gloss",paranavitana
OSi,,gāhāni,"mistress of the house, Eo woman, wife",,,"Sigiri PDF p. 443 (printed p. 435), column 1; OCR entry: gähäni, s.f. [Skt. gehinī; cf. Sbl., v- 24, mod. S. gäni, var. gähani, ? gähänī, gähini, e.f. gehini, "" geheni], mistress of the house, Eo woman, wife, 232, 243, 303, 331, W 350, 359, 437; 489, 504; nom. pl., na gähänin, 450; gen. pl., gähänin, i 188; cd., -liya?, creeper of a fi woman, 232, 243; nom, sin. fa i indef., -liyak, 350, 358; cd., -1i i $ (Lf. of liya), 437; gen. or acc. pl.. j _ gähänihu, 227, 335. See also i gähänun.",paranavitana
OSi,,d gāhānī,,,,"Sigiri PDF p. 443 (printed p. 435), column 1; OCR entry: d gähänī, var. of gähäni; cd., -liya 3 nom. sin. indef., -liyak, 442 nom. pl., -liyan, 123.; auto-review: missing_gloss",paranavitana
OSi,,gāhānun,pl. of gähäni or °nī 539,,,"Sigiri PDF p. 443 (printed p. 435), column 1; OCR entry: gähänun, acc. pl. of gähäni or °nī 539.",paranavitana
OSi,,gāhāvi,"householder, bourgeois, boor ENE $ _ nom, sin., gähäviyäā",,,"Sigiri PDF p. 443 (printed p. 435), column 1; OCR entry: gähävi, cd. s. [Skt. grka-pati, P gahapati; for pati > vi, cf. Skt — senāpati > S. senevi; for chang $ of a to ä, see Intr., §§ 147 et seq. DR cf. gähävi = P. gahapati, Dhag ; pi 38], householder, bourgeois, boor ENE $ _ nom, sin., gähäviyäā, 100, 282.",paranavitana
OSi,,nET A aini var. of gāhāni,pl = —— Bähinin,,,"Sigiri PDF p. 443 (printed p. 435), column 1; OCR entry: nET A aini var. of gähäni, acc. pl = —— Bähinin, 49.; auto-review: low_ocr_confidence",paranavitana
OSi,,gāļa,"of vgaļa, in comp. vł",,,"Sigiri PDF p. 443 (printed p. 435), column 1; OCR entry: = gäļa, abs. of vgaļa, in comp. vł",paranavitana
OSi,,ii palpen,,,,"Sigiri PDF p. 443 (printed p. 435), column 1; OCR entry: ii palpen, A; auto-review: missing_gloss;low_ocr_confidence",paranavitana
OSi,,ai gāl i,,,,"Sigiri PDF p. 443 (printed p. 435), column 1; OCR entry: ai gäl i, abs. of vgala, var. of gäl m EN P [cf. Amv. 47], 681.; auto-review: missing_gloss;low_ocr_confidence",paranavitana
OSi,,gālāviyi,"515- E gaia huņa?, comp. vb., 357-",,,"Sigiri PDF p. 443 (printed p. 435), column 1; OCR entry: = gäläviyi, abs. cs. ref. of vgaļa [c ES _gälavı, Bga., v. 384], 515- E gaia huņa?, comp. vb., 357-; auto-review: low_ocr_confidence",paranavitana
OSi,,gi,,,,"Sigiri PDF p. 443 (printed p. 435), column 1; OCR entry: gi, l.f. of giyi? and gi’, q.v., I 245, 250, 307, 506.; auto-review: missing_gloss",paranavitana
OSi,,gigiri,"clamour, shriek",,,"Sigiri PDF p. 443 (printed p. 435), column 1; OCR entry: gigiri, prt. of vgugura [cf. Am: é 143], clamour, shriek, 652.",paranavitana
OSi,,gij,"greedy, anxiou 345; followed by vb. f. mo, or 1 pl pr. of gij as Nom., gijumi y we are greedy",,,"Sigiri PDF p. 443 (printed p. 435), column 1; OCR entry: gij, a. [Skt. grdhra; cf. Dhag. 9 and giju, Jag. 94], greedy, anxiou 345; followed by vb. f. mo, or 1 pl pr. of gij as Nom., gijumi y we are greedy, 411.",paranavitana
OSi,,gini,"fir 672; cd., -pet, mass of fire, flam 427; -yam [gini+kam, c< Kskh. XIII. 1], heating by fir 341",,,"Sigiri PDF p. 443 (printed p. 435), column 1; OCR entry: gini, s. [Skt. agni; cf. Amv. 6], fir 672; cd., -pet, mass of fire, flam 427; -yam [gini+kam, c< Kskh. XIII. 1], heating by fir 341.",paranavitana
OSi,,gim,"heat, hot season",,,"Sigiri PDF p. 443 (printed p. 435), column 1; OCR entry: gim, s. [Skt. grīşsma; cf. Ksm., 394], heat, hot season, 178, 533",paranavitana
OSi,,giman,heat,,,"Sigiri PDF p. 443 (printed p. 435), column 1; OCR entry: giman, s. [P. gimhāna; cf. Ksk III. 46], heat, 488.",paranavitana
OSi,,giya,(1) gone,,,"Sigiri PDF p. 443 (printed p. 435), column 1; OCR entry: giya!, prt. [Skt. gata; cf. GR., 290], (1) gone, 8, 55, 153, 31 335, 465, 498, 550, 587, 599, 62 674 [22]; (2) past, 679. See giy Skt. vgam [Skt. gate, cf. Ksm., v. 89]. See giya-hot, -hota, -häkkä-j.",paranavitana
OSi,,giya’,of gi or gi’,,,"Sigiri PDF p. 443 (printed p. 435), column 2; OCR entry: giya’, acc. of gi or gi’, 17, 26, 30, 154, 231, 348, 355, 472, 516, 561, 575, 627, 633, 658, 667.",paranavitana
OSi,,giyak,indef. of gi or gi’,,,"Sigiri PDF p. 443 (printed p. 435), column 2; OCR entry: giyak, acc. indef. of gi or gi’, 56, 68, 72, 169, 290, 362, 405, 425, 519; giyak tā?, at each song, 290.",paranavitana
OSi,,giya!-davas,,,,"Sigiri PDF p. 443 (printed p. 435), column 2; OCR entry: giya!-davas, cd., in days gone by, 679.; auto-review: missing_gloss",paranavitana
OSi,,giyanața,"pl. of giya! (rel.), III",,,"Sigiri PDF p. 443 (printed p. 435), column 2; OCR entry: giyanața, dat. pl. of giya! (rel.), III.",paranavitana
OSi,,giyayun,,,,"Sigiri PDF p. 443 (printed p. 435), column 2; OCR entry: giyayun, gen. pl. of giya? (rel.), [cf. giyavun, Dhag. 225], 139.; auto-review: missing_gloss",paranavitana
OSi,,giyahā,though able to go,,,"Sigiri PDF p. 443 (printed p. 435), column 2; OCR entry: giyahä, gen. sin. of giya? (rel.), 57giya häkkä-j [giya, cond. or inf., Intr., §§ 478-9; haki+ä and j], though able to go, 659.",paranavitana
OSi,,giyahu,pl. of giya! e,,,"Sigiri PDF p. 443 (printed p. 435), column 2; OCR entry: giyahu, nom. pl. of giya! e, 664. giya?-hot, 122, 288, 618; -hota, 79-",paranavitana
OSi,,giyi,"or prt. of vga, followed by layimo, q.v",,,"Sigiri PDF p. 443 (printed p. 435), column 2; OCR entry: giyi!, abs. or prt. of vga, followed by layimo, q.v., 210.",paranavitana
OSi,,giyi,song,,,"Sigiri PDF p. 443 (printed p. 435), column 2; OCR entry: giyi?, s. [Skt. gīti; e.f. of gī"" and gī’], song, 247, 276, 365, 389.",paranavitana
OSi,,giyu,"of Véa, 235-",,,"Sigiri PDF p. 443 (printed p. 435), column 2; OCR entry: giyu, prt. of Véa, 235-",paranavitana
OSi,,giye,,,,"Sigiri PDF p. 443 (printed p. 435), column 2; OCR entry: giye, nom. sin. of giya? or 3rd sin. p. of vb. der. fr. Skt. vgam [cf. Dhpr. 246], 2, 55, 56, 83, 109, 166, 194, 206, 270, 315, 336, 373» 564, 573; 577» 591.; auto-review: missing_gloss",paranavitana
OSi,,giyeka,1st sin. p. of vb. = Skt. vgam,,,"Sigiri PDF p. 443 (printed p. 435), column 2; OCR entry: giyeka, nom. sin. indef. of giya! (rel.) and af, 6r. giyemi [giye+mi], 1st sin. p. of vb. = Skt. vgam, 241, 245.",paranavitana
OSi,,giyeyina,of giya' (inf.),,,"Sigiri PDF p. 443 (printed p. 435), column 2; OCR entry: giyeyina, inst. of giya' (inf.), 681.",paranavitana
OSi,,giyo,pl. of giya! (rel.) or 3rd pl. p. of vb. = Skt. sgam [cf. Dhpr. 128),,,"Sigiri PDF p. 443 (printed p. 435), column 2; OCR entry: giyo, nom. pl. of giya! (rel.) or 3rd pl. p. of vb. = Skt. sgam [cf. Dhpr. 128), 9.",paranavitana
OSi,,giri,"speech, word",,,"Sigiri PDF p. 443 (printed p. 435), column 2; OCR entry: giri', s. [Skt. gir] speech, word; acc. indef., giriyak, 620.",paranavitana
OSi,,giri,"rock, mountain",,,"Sigiri PDF p. 443 (printed p. 435), column 2; OCR entry: giri?, s. [Skt. giri; cf. Rm., v. 186], rock, mountain, 3, 47, 71, 166, 249, 309, 347, 430, 499, 560, 617, 632 [24]; cd., -tala (la), rock surface; loc. -tele, 347; -tele [cf. ; Ksm., v. 236], 249; abl., girin ; [cf. Sdu., v. 276], 510; cd., -bit, j rock wall, 314; acc. -bita, 645; loc., -bitä, r09, 188, 431, 667; abl., -bitin, 309; abl, -bitni, ,| 499; loc., -bit'hi, 385, 403, 499, i 653; cd., -beyanda, side of the $ mountain; loc., -beyandahi, 47; P abl., giriyen, 112; cd., -raj [cf. giri-raja, Ksm., v. 141], king ol ; mountains, 652; cd., -rad, 44. loc., girihi, 174; cd., -his, top i of the mountain; acc., -hisa, 38. 446, 478; loc., -hisä, 3, 166, 476. š abl., -hisin, 446; abl., -hisini E 653; abl., -hisni, 107, 300; loc. 3 -his'hi, 71; loc., gire, 238, 420 7 443waterfall, cascade, 602.",paranavitana
OSi,,ili (i),"462. 11, prt. of Vga",,,"Sigiri PDF p. 443 (printed p. 435), column 3; OCR entry: ili (i), abs. ref. of vgaļa, followed by forms of vhe!; pr. pt, gilihena, 325; prt., gili hina [cf gili huna, Sls., v. 36], 462. 11, prt. of Vga, 36, 198, 217. 1°, s. [Skt. gīti; e.f. giyi, l.f. gi; cf. Gk., v. 125], song, stanza, verse, I, 56, 120, I50, 201, 258, 310, 350, 410, 5II, 55I, 607 [210]; acc., giya, 113; acc. indef., giyak, 1, 112, 122, 194; dat., giyät, 301. biye, 3rd sin. p. of vga, 470.",paranavitana
OSi,,ġit-rasa,,,,"Sigiri PDF p. 443 (printed p. 435), column 3; OCR entry: ġit-rasa, cd., aesthetic enjoyment of singing or poetry, 556.; auto-review: missing_gloss",paranavitana
OSi,,gugura,"to roar, clamour",,,"Sigiri PDF p. 443 (printed p. 435), column 3; OCR entry: gugura, vb. [intensive of Skt. vgarj; cf. gugurā, Dhpr. 248, gugurayi, Amv. 6], to roar, clamour. See gigiri.",paranavitana
OSi,,guna,bearing eminent characteristics,,,"Sigiri PDF p. 443 (printed p. 435), column 3; OCR entry: guna, s. [Skt. guna; cf. Dhpr. 103), virtue, good quality, 53, 75, 86, 550, 574; dat, guņața, 495; cd., -bara [cf. Bs. 197], bearing eminent characteristics, 550;",paranavitana
OSi,,bajno,,,,"Sigiri PDF p. 443 (printed p. 435), column 3; OCR entry: -bajno, nom. pl., those who are attached to virtue, 86; -muhund [cf. guna-muhuñdu, Amv. 72), ocean of virtue, 574; nom. sin. guņe, 575; inst, guņen [cf. Dhpr. 155], 29.; auto-review: missing_gloss",paranavitana
OSi,,guma,"[onomat., Skt. gum-kāra and gum-gumäyita",,,"Sigiri PDF p. 443 (printed p. 435), column 3; OCR entry: guma, vb. [onomat., Skt. gum-kāra and gum-gumäyita; cf. gumana, Bs. 22), to hum; gd., gumamni, 582.",paranavitana
OSi,,guyuna,sky,,,"Sigiri PDF p. 443 (printed p. 435), column 3; OCR entry: guyuna, s. [Skt. gagana; cf. guvan, Mdv., v. 50], sky, 356.",paranavitana
OSi,,guravu,"ass, donkey",,,"Sigiri PDF p. 443 (printed p. 435), column 3; OCR entry: guravu, s. [Skt. gardabha > gadabu (Dhag. 49, Jag. 130) > *garavu > guravu], ass, donkey, 449.",paranavitana
OSi,,gulut,,,,"Sigiri PDF p. 443 (printed p. 435), column 3; OCR entry: gulut, prt. = 3rd sin. p. of Vgala [cf. Sdv., v. 44], 92.; auto-review: missing_gloss",paranavitana
OSi,,gulu,molasses,,,"Sigiri PDF p. 443 (printed p. 435), column 3; OCR entry: gulu?, s. [Skt. guda, P. gula; cf. gula, Yr., v. 1071], molasses, 272.",paranavitana
OSi,,gulu,,,,"Sigiri PDF p. 443 (printed p. 435), column 3; OCR entry: gulu, prt. or 3rd sin. p. of Vgaļa [cf. Dhag. 74], 183, 328.; auto-review: missing_gloss",paranavitana
OSi,,gel,"105. ge?, in proper names, probably connected with ge! [Intr., §§ 360 et seq:]",,,"Sigiri PDF p. 443 (printed p. 435), column 3; OCR entry: gel, loc., later. gen., postposition [Sdsg. 97, Intr., § 362], 105. ge?, in proper names, probably connected with ge! [Intr., §§ 360 et seq:], 32, 118, 165, 201, 263.",paranavitana
OSi,,ge’,,,,"Sigiri PDF p. 443 (printed p. 435), column 3; OCR entry: ge’, prt. of vga [cf. mod. S. gå, and Ksm., v. 269], 161, 187, 570-; auto-review: missing_gloss",paranavitana
OSi,,get,house,,,"Sigiri PDF p. 443 (printed p. 435), column 3; OCR entry: get, s. [Skt. geha; cf. Dhag. 111, mod. S. gë], house, 122, 156, 286, 500; dat., geț, 314; geța [Amv. 28], 585. See geya, ge-vasana. genet, 3rd pl. pr. ref. of Vgaņi [l.f. gänet, cf. Kup. 18], 181.",paranavitana
OSi,,geta,"of vgan}, var. of gata? 273geti!, e:f. of gäti",,,"Sigiri PDF p. 443 (printed p. 435), column 3; OCR entry: geta, cond., of vgan}, var. of gata? 273geti!, e:f. of gäti, 457, 661.",paranavitana
OSi,,geti,"of vgota, (1) embroidered [cf. Dhag. 63)",,,"Sigiri PDF p. 443 (printed p. 435), column 3; OCR entry: geti?, prt. of vgota, (1) embroidered [cf. Dhag. 63), 366; (2) composed poetry, 492.",paranavitana
OSi,,gettama,,,,"Sigiri PDF p. 443 (printed p. 435), column 3; OCR entry: gettama, cd. [get+kama = Skt. ` ann, ia: y AA; auto-review: missing_gloss;low_ocr_confidence",paranavitana
OSi,,gena,,,,"Sigiri PDF p. 444 (printed p. 436), column 1; OCR entry: gena, abs. of vgan!, var. of gen: e.f. gene [cf. Dhpr. 224], 14 249, 356, 661, 667. genayin, comp. vb. [gena « genä -+-ayin], 356.; auto-review: missing_gloss",paranavitana
OSi,,genā,"6, bo, 14: 312",,,"Sigiri PDF p. 444 (printed p. 436), column 1; OCR entry: genä, abs. of vVgan, var. gena, e. gene [cf. Dhag. 4], 6, bo, 14: 312, 329, 414, 437, 597, 649, 66: 665.",paranavitana
OSi,,gene,,,,"Sigiri PDF p. 444 (printed p. 436), column 1; OCR entry: gene, e.f. of gena and genä, gen layi, 465.; auto-review: missing_gloss",paranavitana
OSi,,geya,I sang,,,"Sigiri PDF p. 444 (printed p. 436), column 1; OCR entry: geya, acc, of get [cf. Dhag. 233 349. geyimi, 1st sin. p. of vga [clas. § gäyīmi], I sang, 627.",paranavitana
OSi,,gela,neck,,,"Sigiri PDF p. 444 (printed p. 436), column 1; OCR entry: gela, s. [Skt. gala; cf. Esl., v. 83 j and gala, Rm., v. 283], neck, 41 loc., gele, 178, 596.",paranavitana
OSi,,gele,of gal or gala!,,,"Sigiri PDF p. 444 (printed p. 436), column 1; OCR entry: gele, loc. of gal or gala!, 563.",paranavitana
OSi,,get-vasana,,,,"Sigiri PDF p. 444 (printed p. 436), column 1; OCR entry: get-vasana?, cd., residing in th house of, 620.; auto-review: missing_gloss",paranavitana
OSi,,gehini,woman,,,"Sigiri PDF p. 444 (printed p. 436), column 1; OCR entry: gehini, s.f. [Skt. gehinī; e.f. o gähäni, q.v.], woman; acc. pl. gehinina, 672; nom. pl., gehinihu, 556; cd., -li!, 672.",paranavitana
OSi,,geheni,cattle,,,"Sigiri PDF p. 444 (printed p. 436), column 1; OCR entry: geheni, s.f., var. of gehini, 136. g0, s. [Skt. go; cf. go-gana, Dhag 85], cattle. See govuna.",paranavitana
OSi,,gon,,,,"Sigiri PDF p. 444 (printed p. 436), column 1; OCR entry: gon, s., var. of gon, q.v.; voc. pl. goņena, 272.; auto-review: missing_gloss",paranavitana
OSi,,gota,"to sew, to knit, to compose poetry",,,"Sigiri PDF p. 444 (printed p. 436), column 1; OCR entry: gota, vb. [Skt. vgranth; mod. S gotanava; cf. gotā, Kup. 26 rusihu mahagat getū, Sdsg. 141], to sew, to knit, to compose poetry. See geti, gettama.",paranavitana
OSi,,gon,bull,,,"Sigiri PDF p. 444 (printed p. 436), column 1; OCR entry: gon, s. [P. Pkt. gona; cf. mod. S. gonā; Rm., v. 379; var. gog], bull; nom. sin., gona, 681.",paranavitana
OSi,,gob,inside-leaves,,,"Sigiri PDF p. 444 (printed p. 436), column 1; OCR entry: gob, s. [Skt. garbha, cf. goba, Dhag. 269; = P. patta-vațți, Kup. 6s, and mod. S. gok-kola = gobkola], inside; cd., -pat [cf. gobapat, Ksm., v. 240], ‘inside-leaves’, tender buds; gen. indef., -patak, 394.",paranavitana
OSi,,gor,dreadful,,,"Sigiri PDF p. 444 (printed p. 436), column 1; OCR entry: gor, a. [Skt. ghora; cf. gora, Mdv. 155], dreadful, 613.",paranavitana
OSi,,govu,[Skt. gopaka,,,"Sigiri PDF p. 444 (printed p. 436), column 1; OCR entry: govu, s. [Skt. gopaka; cf. Jag. 234), keeper, guard, 173, 210. See yahan- govu.; auto-review: low_ocr_confidence",paranavitana
OSi,,govun,,,,"Sigiri PDF p. 444 (printed p. 436), column 1; OCR entry: govun, gen, pl. of g0, 681.; auto-review: missing_gloss",paranavitana
OSi,,gos,,,,"Sigiri PDF p. 444 (printed p. 436), column 1; OCR entry: gos, abs, of vb. = Skt. sgam [Intr., $ 490; cf. Dhag. 106], 9, 95, 368, 431, 443, 447, 468, 495, 511.; auto-review: missing_gloss",paranavitana
OSi,,gosin,,,,"Sigiri PDF p. 444 (printed p. 436), column 1; OCR entry: gosin, var. of gos [Intr., § 490; cf. Ksm., v. 129], 17, 134, 195, 422, 443, 444, 447, 448, 538, 577-; auto-review: missing_gloss",paranavitana
OSi,,gosina,,,,"Sigiri PDF p. 444 (printed p. 436), column 1; OCR entry: gosina, e.f. of gosin, 79.; auto-review: missing_gloss",paranavitana
OSi,,gosni,,,,"Sigiri PDF p. 444 (printed p. 436), column 1; OCR entry: gosni, var. of osina, 165.; auto-review: missing_gloss;low_ocr_confidence",paranavitana
OSi,,gola,ball,,,"Sigiri PDF p. 444 (printed p. 436), column 1; OCR entry: gola, s. [Skt. gola], ball, 105.",paranavitana
OSi,,j,"(1) conjunctive: and, also",,,"Sigiri PDF p. 444 (printed p. 436), column 1; OCR entry: -j, indec. [Skt., P. ca; inseparably attached to preceding word, cf. mā-j topa-j, Dhag. 127; e.f. ja, ~ Lf. -d, -t], (1) conjunctive: and, also, 98, 245; disjunctive: even, though, 75, 93, 242, 246, 251,",paranavitana
OSi,,Ja,interrogativ i particle,,,"Sigiri PDF p. 444 (printed p. 436), column 2; OCR entry: Ja , indec., e.t. of -J, var., Ju, l.f , da [cf. häma ja, Dhag. 1; Svv. 4 f (1) conjunctive : and, also, 23 ; dis junctive: even, though, 52, 8; ""| 112, 149, 210, 265, 297, 313, 33: 374, 376, 493, 495, 585, 625. , | ja?, indec. [Skt. uta, P. uda o i udāhu; var. jū], interrogativ i particle, 18, 109, 161, 663.",paranavitana
OSi,,jat,"known, 8c 177",,,"Sigiri PDF p. 444 (printed p. 436), column 2; OCR entry: jat, prt. of vjan [Skt. jñäta, ci Dhag. 157; 1.f. dat], known, 8c 177, 439, 468, 505, 553. Se jatat, jatim—jatmo.",paranavitana
OSi,,jata,,,,"Sigiri PDF p. 444 (printed p. 436), column 2; OCR entry: jata!, e.f. of jat, 542. See jatimjattina.; auto-review: missing_gloss",paranavitana
OSi,,jata,642; jata hot,,,"Sigiri PDF p. 444 (printed p. 436), column 2; OCR entry: jata?, cond., of vjan [cf. Dhag 153], 642; jata hot, 150.",paranavitana
OSi,,jatim,rst sin. p. o vjan,,,"Sigiri PDF p. 444 (printed p. 436), column 2; OCR entry: jatim, var. of jatimi, 87. jatimi [jata+mi], rst sin. p. o vjan, 204. jatumaha [jata!+maha], 1st pl p. of vjan, 5.",paranavitana
OSi,,jattamaha,1st pl. p. o vjan,,,"Sigiri PDF p. 444 (printed p. 436), column 2; OCR entry: jattamaha, var. of jatumaha, 338 jattamo [jata!-+mo)], 1st pl. p. o vjan, 250.",paranavitana
OSi,,jattayuhu,pl. of jat or jata’ GeL) 253,,,"Sigiri PDF p. 444 (printed p. 436), column 2; OCR entry: jattayuhu, nom. pl. of jat or jata’ GeL) 253:; auto-review: low_ocr_confidence",paranavitana
OSi,,jattina,rst sin. p. oj vjan,,,"Sigiri PDF p. 444 (printed p. 436), column 2; OCR entry: jattina, inst. of jat or jata! (inf.) 172. jatmi [jat+mi], rst sin. p. oj vjan, 241. jatmo [jat+mo], rst pl. p. oi „vjan, 68.",paranavitana
OSi,,jan,to know,,,"Sigiri PDF p. 444 (printed p. 436), column 2; OCR entry: jan, vb. [Skt. vjñā, jānāti, &c., P. Jjānāti, Pkt. jānāi; cf. janna, Dhag. 7- Any form of this vb. may be found with initial j changed to d in jts l.f. dan], to know. See jat—jatmo, janane—janamina, janamaha, janim— janma!, janmi—janhi, jänä— jänhi, jeti, jeni.",paranavitana
OSi,,jana,"person, people",,,"Sigiri PDF p. 444 (printed p. 436), column 2; OCR entry: jana, s. [Skt. jana; cf. Dhag. 56, l.f. dana], person, people, 7, 38, 88, 116, 206, 324, 390. See janan—janani, janamo, janā, = and jene.",paranavitana
OSi,,janan,,,,"Sigiri PDF p. 444 (printed p. 436), column 2; OCR entry: janan, gen. pl. of jana [cf. Amv. 1], 116; acc. pl., 274.; auto-review: missing_gloss",paranavitana
OSi,,janana,pl. of jana,,,"Sigiri PDF p. 444 (printed p. 436), column 2; OCR entry: janana, acc. pl. of jana, 24.",paranavitana
OSi,,janani,"522. janami, rst sin, pr. of vjan [Skt. jānāmi; var, janim, janmi]",,,"Sigiri PDF p. 444 (printed p. 436), column 2; OCR entry: janani, voc. pl. of jana, 583. janane, imp. of vjan, 527. janamaha, rst pl. pr. of vjan [cf. danmaha, Svu. 55], 522. janami, rst sin, pr. of vjan [Skt. jānāmi; var, janim, janmi], 599. janamina, gd. of vjan, 681. janamo [jana+mo], 375. janamha, rst pl. pr. of vjan, 543.",paranavitana
OSi,,janav,district,,,"Sigiri PDF p. 444 (printed p. 436), column 2; OCR entry: janav, s. [Skt. jana-pada, cf. Dhpr. 296, janavu, Dhag. 283, Llf. danavu], district, 165; loc., janavuyehi [cf. Dhag. 46], 516.",paranavitana
OSi,,janā,,,,"Sigiri PDF p. 444 (printed p. 436), column 2; OCR entry: janā, nom. sin. of jana [cf. Dhpr. 302], 388; acc. sin. [cf. Amv. 115], 95; gen. sin. [cf. Dhag. 12], 72, 316, 346, 357, 542.; auto-review: missing_gloss",paranavitana
OSi,,janim,"gen. pl. (rel.), janna yun [cf. jannavun, Dhag. 8]",,,"Sigiri PDF p. 444 (printed p. 436), column 2; OCR entry: janim, var. of janimi, 164. i Dhag. 157], gen. pl. (rel.), janna yun [cf. jannavun, Dhag. 8], 367 6o5; jannahun, 99; nom. sin (rel.), janne [cf. Dhag. 155], 77 150, 323; inst. (inf.), janneyin 290; nom. pl. (rel.), janno, 16r. janma}, ist pl. pr. of vjan, 540.",paranavitana
OSi,,janma,birth,,,"Sigiri PDF p. 444 (printed p. 436), column 3; OCR entry: janma?, s. [Skt. janma], birth; loc. janmayehi [cf. Dhpr. 103], 678.",paranavitana
OSi,,janmi,,,,"Sigiri PDF p. 444 (printed p. 436), column 3; OCR entry: janmi, var. of janimi, 616. janmo, īst pl. pr. of vjan, 488 633. janhbi, 2nd sin. pr. of vjan [cf Dhag. 100], 316.; auto-review: missing_gloss",paranavitana
OSi,,japaka,Chini rose,,,"Sigiri PDF p. 444 (printed p. 436), column 3; OCR entry: japaka, s. [Skt. japā+ka], Chini rose, 366.; auto-review: low_ocr_confidence",paranavitana
OSi,,Jabu-duvu,India,,,"Sigiri PDF p. 444 (printed p. 436), column 3; OCR entry: Jabu-duvu, cd., proper name [Skt Jambu-dvīpa, cf. Damñba-div Dhpr. 95], India, 293.",paranavitana
OSi,,jara,"olc age, decay",,,"Sigiri PDF p. 444 (printed p. 436), column 3; OCR entry: jara, s. [Skt. jarã; cf. Sdsg. 90], olc age, decay. See jeren.",paranavitana
OSi,,jala,"ame; jala-gata, se aflame",,,"Sigiri PDF p. 444 (printed p. 436), column 3; OCR entry: jala!, s. [Skt. jvālā; cf. jala pahal pahala tanhi, Dhag. 42, 1.f. dala Rm., v. 47], ame; jala-gata, se aflame, 51.",paranavitana
OSi,,jala,"to burn; prt., jala",,,"Sigiri PDF p. 444 (printed p. 436), column 3; OCR entry: jala?, vb. [Skt. vjval; cf. jalana, EZ I. 237, jalavay, Dhag. 77], to burn; prt., jala, 338. Seejalvayi.; auto-review: low_ocr_confidence",paranavitana
OSi,,jala’,[Skt. jala,,,"Sigiri PDF p. 444 (printed p. 436), column 3; OCR entry: jala’, s. [Skt. jala; cf. Kup. 731}; water, 493. er jalvayi, 3rd sin. pr. cs. of vjala?, inflames, 103. s",paranavitana
OSi,,java,speed,,,"Sigiri PDF p. 444 (printed p. 436), column 3; OCR entry: java, s. [Skt. java; cf. Amv. 10], speed; inst., javin, 593.",paranavitana
OSi,,jaha,"to abandon, renounce, discard; abs., jaha",,,"Sigiri PDF p. 444 (printed p. 436), column 3; OCR entry: jaha, vb. [Skt. vhā, jahātiş&c.; cf. jahana, Dhag. 21, 1.f. daha, dahat, Dhag. 280], to abandon, renounce, discard; abs., jaha, 74, 412. Sce jahaga, jähä, jähi. jabhaga, imp. of vjaha, 169. jahas, nm, [Skt. sahasra ; cf. jahasa, EZ. IV. 140, and dahas, Gk., v. 388, and mod. §.], thousand; cd., gen. pl, jahas-suyuhassan [Intr., § 389], 595. See suyuhas.",paranavitana
OSi,,jala,[var. daļa,,,"Sigiri PDF p. 444 (printed p. 436), column 3; OCR entry: jala, s. [var. daļa; loc., deļe is explained in Ksm. S. ad. v. 27, by Skt. dhurayehi; probably = Skt. dārdhyaļ, addiction to amorous sport. See jele.",paranavitana
OSi,,jānā,,,,"Sigiri PDF p. 444 (printed p. 436), column 3; OCR entry: jänä, abs. of vjan [cf. Dhag. 112], 481, 523.; auto-review: missing_gloss",paranavitana
OSi,,jāni,,,,"Sigiri PDF p. 444 (printed p. 436), column 3; OCR entry: jäni, abs. ref. of vjan [cf. mod. S. no-dänī and däni-la], 244.; auto-review: missing_gloss",paranavitana
OSi,,jānenne-y,,,,"Sigiri PDF p. 444 (printed p. 436), column 3; OCR entry: jänenne-y, nom., sin. of pr. pt. ref. (inf.) of vjan, with -y1, for yit, attached, 148. jäney, 3rd sin. pr. ref. of vjan [cf. Jäney, Dhag. 80], 347.; auto-review: missing_gloss",paranavitana
OSi,,jānhi,,,,"Sigiri PDF p. 444 (printed p. 436), column 3; OCR entry: jänhi, var. of janhi, 402.; auto-review: missing_gloss",paranavitana
OSi,,jāy,thing,,,"Sigiri PDF p. 444 (printed p. 436), column 3; OCR entry: jäy, s. [Skt. jäta; cf. jä, Dhag. 40, and Jag. 114, jäy, EZ. 1. 84, and l.f. deya], thing; gen. sin. indef., jäyak, 543; loc. sin. indef., jäyek, 539; loc., jäyhi, 93, 98.",paranavitana
OSi,,jāhā,of vjaha,,,"Sigiri PDF p. 444 (printed p. 436), column 3; OCR entry: jähä, abs. of vjaha, 85, 203, 279 318, 320, 629, 664.",paranavitana
OSi,,jāhi,of vjaha,,,"Sigiri PDF p. 444 (printed p. 436), column 3; OCR entry: jähi, prt. of vjaha, 149. iih dana! e D oicaiaaar — IEN TE; auto-review: low_ocr_confidence",paranavitana
OSi,,jivay,,,,"Sigiri PDF p. 445 (printed p. 437), column 1; OCR entry: jivay, abs. of vjuva, 5o01. jivi, 3rd sin. p. or prt. of vjuva [cf. Dhag. 118], 482, 607, 614.; auto-review: missing_gloss",paranavitana
OSi,,jivi,"[Skt. jīivita; c£. Dhag. 74; 1f. divi’), life",,,"Sigiri PDF p. 445 (printed p. 437), column 1; OCR entry: jivi?, s. [Skt. jīivita; c£. Dhag. 74; 1f. divi’), life, 23, 282, 328, 463, l 469, 495, 549; inst. (abl.), jiviyen, 66 (sat-jiviyen, for seven lives); loc. jiviyehi, 495.",paranavitana
OSi,,jivi,ref. of vVjuva,,,"Sigiri PDF p. 445 (printed p. 437), column 1; OCR entry: jivi, abs. ref. of vVjuva, 390.",paranavitana
OSi,,jivu,,,,"Sigiri PDF p. 445 (printed p. 437), column 1; OCR entry: jivu, prt. or 3rd sin. p. of vjuva [cf. Dhag. 28], 265.; auto-review: missing_gloss",paranavitana
OSi,,jivel,"maintenance, sustenance",,,"Sigiri PDF p. 445 (printed p. 437), column 1; OCR entry: jivel, s. [Skt. jīvana; cf. EZ. L. 87, 89, L.f. divel, Amv. 58], maintenance, sustenance, 356.",paranavitana
OSi,,jut,,,,"Sigiri PDF p. 445 (printed p. 437), column 1; OCR entry: jut, indec., var. of jat, (1) conjunctive: and, also [cf. Dhag. 3, Svv. 37], 23, 190, 590, 657; B) disjunctive: even, though, 6o, 155, 191, 452, 462, 485, 492, 515, 559, 593, 643; 664, 678.; auto-review: missing_gloss",paranavitana
OSi,,ju,,,,"Sigiri PDF p. 445 (printed p. 437), column 1; OCR entry: ju?, indec., var. of ja?, 125, 388, 474-; auto-review: missing_gloss",paranavitana
OSi,,juva,"AD) to run. Sce jivay, jivi, jivi, and } jivu. = juhū, prt: or 3rd sin. p. of vjaha, 7A 29",,,"Sigiri PDF p. 445 (printed p. 437), column 1; OCR entry: juva, vb. [Skt. vju, javate, &c:; cf. ý juvana riya, Dhag. 93, l.f. duva], AD) to run. Sce jivay, jivi, jivi, and } jivu. = juhū, prt: or 3rd sin. p. of vjaha, 7A 29.; auto-review: low_ocr_confidence",paranavitana
OSi,,jū,"island, = 466",,,"Sigiri PDF p. 445 (printed p. 437), column 1; OCR entry: jū, s [Skt. dvīpa; cf. duvu, mod. = S. dū, dūva, and dū-pat], island, = 466; loc, jūye, 627 (in place- ' name).; auto-review: low_ocr_confidence",paranavitana
OSi,,jet,"[Skt. jyestha-ka, P. jetthaka",,,"Sigiri PDF p. 445 (printed p. 437), column 1; OCR entry: jet, s. [Skt. jyestha-ka, P. jetthaka; cf. jetu in niyam-jetu, EZ. 1. 92), alderman, 49. See niyam-jeț.",paranavitana
OSi,,jeti,"of vjan, var. of jata, 5098",,,"Sigiri PDF p. 445 (printed p. 437), column 1; OCR entry: jeti, prt. of vjan, var. of jata, 5098.",paranavitana
OSi,,jena,sin. of jana,,,"Sigiri PDF p. 445 (printed p. 437), column 1; OCR entry: jena, nom. sin. of jana, 1.f. dena, 348.",paranavitana
OSi,,jeni,"ref. of vjan, e.f. of jäni",,,"Sigiri PDF p. 445 (printed p. 437), column 1; OCR entry: jeni, abs. ref. of vjan, e.f. of jäni, 8.",paranavitana
OSi,,jene,,,,"Sigiri PDF p. 445 (printed p. 437), column 1; OCR entry: jene, nom. sin. of jana [cf. Dhag 19], 292; 395, 402, 518, 613, 641; auto-review: missing_gloss",paranavitana
OSi,,jeren,,,,"Sigiri PDF p. 445 (printed p. 437), column 1; OCR entry: jeren, inst. of jara [cf. Dhag. 123] 549.; auto-review: missing_gloss",paranavitana
OSi,,jele,of jala,,,"Sigiri PDF p. 445 (printed p. 437), column 1; OCR entry: jele, loc. of jala, 486.",paranavitana
OSi,,jo,"[Skt. uta, P. uda, var. o",,,"Sigiri PDF p. 445 (printed p. 437), column 1; OCR entry: jo, indec. [Skt. uta, P. uda, var. o",paranavitana
OSi,,ja,whether,,,"Sigiri PDF p. 445 (printed p. 437), column 1; OCR entry: ja?, e.f. of do], whether, 277, 297 609, 652, 679, 680. See joho.",paranavitana
OSi,,joti,"[Skt. jyotiş, P. joti",,,"Sigiri PDF p. 445 (printed p. 437), column 1; OCR entry: joti, s. [Skt. jyotiş, P. joti; cf. joti ras = P. joti-rañsa, Dhag. 70) light, lamp; nom. sin., jotta, 299",paranavitana
OSi,,jola,"[Skt. vjval; var. of jala? to burn, set aflame",,,"Sigiri PDF p. 445 (printed p. 437), column 1; OCR entry: jola, vb. [Skt. vjval; var. of jala? to burn, set aflame; dat. of pr. pi (inf.), jolannaț, 49. See jollayi",paranavitana
OSi,,jolo,"burn ing, distress, pain",,,"Sigiri PDF p. 445 (printed p. 437), column 1; OCR entry: jolo, s. [Skt. jvālā; 1.f. dolo], burn ing, distress, pain, 279, 288, 29 535jollayi, 3rd sin. pr. cs. of vjol [*jolavayi > *jolvay > jollayi 95, 292.",paranavitana
OSi,,joho,whether . . - or,,,"Sigiri PDF p. 445 (printed p. 437), column 1; OCR entry: joho, indec. [P. udāhu; cf. do h Vds.], whether . . - or, 208, 297",paranavitana
OSi,,jol,"longing, desire",,,"Sigiri PDF p. 445 (printed p. 437), column 1; OCR entry: jol, s. [Skt. daurhrda, P. dohad: dohala; cf. dola, GR., V. 453, MO S. dola-duka], longing, desire, 4 253,411. See mana-jol.",paranavitana
OSi,,t,"Sce ta?, taț, tața, ta-haț, tahața, tā, ti, tip—tipi, tī, tupa, to?, tott, top—topi",,,"Sigiri PDF p. 445 (printed p. 437), column 1; OCR entry: -t, indec. [Skt. ca; Lf. of j and í 39, 42, 133, 160, 231, 274, 3e8, [cf. Kskh. II. 12}, even, though, 517, 589. tat, prn., 2nd sin. st. [Skt. tvam, P. tuvam, der. fr. a form inan oblique case, see Intr., § 371; cf. Sdsg. 67]. Sce ta?, taț, tața, ta-haț, tahața, tā, ti, tip—tipi, tī, tupa, to?, tott, top—topi.",paranavitana
OSi,,ta,,,,"Sigiri PDF p. 445 (printed p. 437), column 2; OCR entry: ta?, acc. or gen. of tat, I.f. of tā’, acc. 485, 637; gen. [cf. Ksm., V. 105], 36, 78, 143, 202, 258, 293, 369, 468, 505, 563, 608, 669 [47].; auto-review: missing_gloss",paranavitana
OSi,,tak,"(1) until, 68x1 ; (2) so much",,,"Sigiri PDF p. 445 (printed p. 437), column 2; OCR entry: tak, indec. [Skt. tāvat, P. tāva with pln. -ka added; old S. tavaka and tuvaka; e.f. tāk in clas. S.], (1) until, 68x1 ; (2) so much, 295, 323, 381, 476, 542, 555, 596-",paranavitana
OSi,,takat,,,,"Sigiri PDF p. 445 (printed p. 437), column 2; OCR entry: takat, var. of tak, 494.; auto-review: missing_gloss",paranavitana
OSi,,taka,,,,"Sigiri PDF p. 445 (printed p. 437), column 2; OCR entry: taka?, vb. [Skt. vtark; cf. takay, Dhag. 171, and takami, Dhag. 24), to intend, consider; abs., takā [cf. Jag. 195], 580-; auto-review: missing_gloss",paranavitana
OSi,,tat,,,,"Sigiri PDF p. 445 (printed p. 437), column 2; OCR entry: tat, l.f. of tața, 324, 385.; auto-review: missing_gloss",paranavitana
OSi,,tața,"of ta* [cf. Sbl., v. 377) 194",,,"Sigiri PDF p. 445 (printed p. 437), column 2; OCR entry: tața, dat. of ta* [cf. Sbl., v. 377) 194, 294; 357 (n. 2), 465, 526-",paranavitana
OSi,,taj,,,,"Sigiri PDF p. 445 (printed p. 437), column 2; OCR entry: taj, a., l.f. of taja, 633-; auto-review: missing_gloss",paranavitana
OSi,,taja,,,,"Sigiri PDF p. 445 (printed p. 437), column 2; OCR entry: taja, a., var. of tada, 155.; auto-review: missing_gloss",paranavitana
OSi,,taj-ļa-āttayunața,,,,"Sigiri PDF p. 445 (printed p. 437), column 2; OCR entry: taj-ļa-ättayunața, cd. rel., dat. pl., 633-; auto-review: missing_gloss",paranavitana
OSi,,taņa,"[Skt. trna, P. tina",,,"Sigiri PDF p. 445 (printed p. 437), column 2; OCR entry: taņa, s. [Skt. trna, P. tina; cf. Jag. 183, mod. S. tanakola), grass, 605. See i-taņa.",paranavitana
OSi,,tatana,[intensive of Skt. vtan,,,"Sigiri PDF p. 445 (printed p. 437), column 2; OCR entry: tatana, vb. [intensive of Skt. vtan; cf. tatanana, Ksm., V. 477}, to tremble; pr. pt. (inf.), tatanu, 88.",paranavitana
OSi,,tatu,truth,,,"Sigiri PDF p. 445 (printed p. 437), column 2; OCR entry: tatu, s. [Skt. tattva; cf. Dhag. 265], truth, 198, 468; cd., -dat, 198.",paranavitana
OSi,,tad,(2 adv,,,"Sigiri PDF p. 445 (printed p. 437), column 2; OCR entry: tad, a. and adv., l.f. of tada, q.v. (1) a., 10, 87, 204, 213, 394, 353 432, 521, 557, 624, 673 [21]; (2 adv., 194. See tad-manin-tad-lļa.",paranavitana
OSi,,tada,"[Skt. stabdha, P. thaddha cf. Kskh. XIV. 5, mod. S. tada",,,"Sigiri PDF p. 445 (printed p. 437), column 2; OCR entry: tada, a. [Skt. stabdha, P. thaddha cf. Kskh. XIV. 5, mod. S. tada",paranavitana
OSi,,var. taj and taja,hard obstinate,,,"Sigiri PDF p. 445 (printed p. 437), column 2; OCR entry: var. taj and taja, l.f. tad], hard obstinate, 16, 66, 116, 210, 352 406, 434, 498, 573, 581, 647, 68. [27]; cd., -bava, 640; gen. sin. a 2nd member of rel. cd., tadahu 539; cd., -ļa, 236, 237, 319, 624.",paranavitana
OSi,,tad-manin,,,,"Sigiri PDF p. 445 (printed p. 437), column 2; OCR entry: tad-manin, cd., inst. [cf. tada man, Ksm., V. 483], 594-; auto-review: missing_gloss",paranavitana
OSi,,tad-se,,,,"Sigiri PDF p. 445 (printed p. 437), column 2; OCR entry: tad-se, cd., adv. [Intr., § 516], 385; auto-review: missing_gloss",paranavitana
OSi,,tad-ļa,,,,"Sigiri PDF p. 445 (printed p. 437), column 2; OCR entry: tad-ļa, cd., 323, 624; cd., gen. pl i -ļa-ättan, 624; cd., dat. pl., -ļa ättanhat, 432; cd, dat. sin -ļa-ättāhaț, 673; cd., gen. sir f., -la-ättiya, 323-; auto-review: missing_gloss",paranavitana
OSi,,tan,"place. Se i tan-visi-bava and tan-yusu. , | tanat, s. [Skt. stana, P. thana; c Dhpr. 301 and mod. S5. tana breast",,,"Sigiri PDF p. 445 (printed p. 437), column 2; OCR entry: tan, s. [Skt. sthānā, P. thāna; c S Dhag. 4, var. tän], place. Se i tan-visi-bava and tan-yusu. , | tanat, s. [Skt. stana, P. thana; c Dhpr. 301 and mod. S5. tana breast, 19, 71, 121, 209, 303, 34: 357, 379, 467, 502, 515, 532 [15 v. 207, intensive tatanaj, to heave, agitate, move. See tanat and tanana.",paranavitana
OSi,,ana,"to make, build, establish",,,"Sigiri PDF p. 445 (printed p. 437), column 3; OCR entry: ana?, vb. [Skt. vtan; cf. tanamin, Gk., v. 231], to make, build, establish. See tänū.",paranavitana
OSi,,anat,of vtana?,,,"Sigiri PDF p. 445 (printed p. 437), column 3; OCR entry: anat, abs. of vtana?. See tana li. tanana, pr. pt. (a.) of vtana, 467.",paranavitana
OSi,,tanal-paț,,,,"Sigiri PDF p. 445 (printed p. 437), column 3; OCR entry: tanal-paț, cd. [cf. tana-pata, Sls., v. 9), 327.; auto-review: missing_gloss;low_ocr_confidence",paranavitana
OSi,,tana!-pahas,,,,"Sigiri PDF p. 445 (printed p. 437), column 3; OCR entry: tana!-pahas, cd., 532.; auto-review: missing_gloss",paranavitana
OSi,,tanal-ran (rana)j-malīi,,,,"Sigiri PDF p. 445 (printed p. 437), column 3; OCR entry: tanal-ran (rana)j-malīi, cd., rel., 19, 209. tana li, com. vb., 232tanā, tana, with 2nd syllable lengthened metris causa, 357-; auto-review: missing_gloss",paranavitana
OSi,,tan-visi-bava,character of having speech befitting the occasion,,,"Sigiri PDF p. 445 (printed p. 437), column 3; OCR entry: tan-visi-bava, cd. [Skt. sthānaväācī-bhāva; cf. tan-väsi, Sls., V. 102], character of having speech befitting the occasion, 213.",paranavitana
OSi,,tan-vusu,,,,"Sigiri PDF p. 445 (printed p. 437), column 3; OCR entry: tan-vusu, cd., var. of tan-visi in preceding, 160.; auto-review: missing_gloss",paranavitana
OSi,,tapas,"asceticism, 679-",,,"Sigiri PDF p. 445 (printed p. 437), column 3; OCR entry: tapas, s. [Skt. tapas; cf. Dhpr. 238], asceticism, 679-",paranavitana
OSi,,tapi,to warm oneself,,,"Sigiri PDF p. 445 (printed p. 437), column 3; OCR entry: tapi, vb. [Skt. vtap; cf. tapnã, Svv. 11, and mod. S. tapinava], to warm oneself. See täpa lay.",paranavitana
OSi,,taba,"to place, leave; abs., taba [cf. Ksm., V. 352]",,,"Sigiri PDF p. 445 (printed p. 437), column 3; OCR entry: taba, vb. [Skt. vsthā, cs. sthāpayati; cf. tabamin, Gk., v. 120], to place, leave; abs., taba [cf. Ksm., V. 352], 524; cond. or inf. [Intr., § 478], taba, 682; imp., taban, 8; gdv., tabaneyi, 240; acc. of. pr. pt. (inf.), tabanna [Intr., § 504], 39; gd, tabamin, 684; abs., tabay [cf. Dhag. 211], 73, 95, 130, 186, 249, 266, 365, 422, 463, 482, 515, 578, 596, 666, 678; abs. as indec., tabay [cf. Dhag. 205], without, instead of, 57, 375; abs., tabaya, 161, 354, 681; abs., tabayi, 194, 206, 314, 406, 571 3rd sin. pr., tabayi [cf. Amv. 76], 39, 54, 585; abs., tabā [cf. Ksm.. v. 370]; 539. See also tibi, tibī, and tubu. tam}, s, [Skt. tāmra; l.f. of tama! q.v.], copper. See tam-tol.",paranavitana
OSi,,tam? or tama,,,,"Sigiri PDF p. 445 (printed p. 437), column 3; OCR entry: tam? or tama, s. [from taram. quantity = Skt. stāra, T. tiram in cd., yam-tam = P. yathā tathā Dhag. 28], 303, 324, 574-; auto-review: missing_gloss;uncertain_glyph",paranavitana
OSi,,tama,copper,,,"Sigiri PDF p. 445 (printed p. 437), column 3; OCR entry: tama!, s. [Skt. tāmra; l.f. tam, var tamba], copper. See tamailavan. tama, refl. prn. [Vedic tman; Skt ātman; cf. Bga., V. 307, persor and number according to con text], own, self; acc. or gen. tama [cf. Ksm, V. 473], 9, 14 63, 101, 172, 267, 280, 439, 487 522, 562, 676 [42]; See taman-— tamanahata, tama-haț— tamā, teme, tomo.",paranavitana
OSi,,taman,IND RAPALA COTEOT EVELYN RUTNAM INSTITI LIBRARY JaFENA AA AET AI EE 992,,,"Sigiri PDF p. 445 (printed p. 437), column 3; OCR entry: taman, gen. of tama? [cf. Amv 17), 46, 60, 153, 181, 336, 432 449, 486, 528, 543, 604, 682 [31] IND RAPALA COTEOT EVELYN RUTNAM INSTITI LIBRARY JaFENA AA AET AI EE 992.; auto-review: low_ocr_confidence",paranavitana
OSi,,tamana hața,of tama?,,,"Sigiri PDF p. 446 (printed p. 438), column 1; OCR entry: tamana hața, dat. of tama?, 600",paranavitana
OSi,,tama!-lavan,,,,"Sigiri PDF p. 446 (printed p. 438), column 1; OCR entry: tama!-lavan, cd., 603.; auto-review: missing_gloss",paranavitana
OSi,,tama-haț,,,,"Sigiri PDF p. 446 (printed p. 438), column 1; OCR entry: tama-haț, l.f. of tama-hața, rx 123, 264, 333, 358, 396.; auto-review: missing_gloss",paranavitana
OSi,,tama-hața,,,,"Sigiri PDF p. 446 (printed p. 438), column 1; OCR entry: tama-hața, dat. of tama? [l tama-haț; cf. Dhag. 140, Dhp 224], 59, 77, 180, 193, 255, 576.; auto-review: missing_gloss",paranavitana
OSi,,tamā,,,,"Sigiri PDF p. 446 (printed p. 438), column 1; OCR entry: tamā, acc. or gen, sin. of tama [cf. Svv. 1], 21, 41, 95, 141, 196 242, 264, 347, 414, 489, 553, 60! [44].; auto-review: missing_gloss",paranavitana
OSi,,tamuru,"lotus; cd., -venehi",,,"Sigiri PDF p. 446 (printed p. 438), column 1; OCR entry: tamuru, s. [Skt. tāmarasà, var. o tamar, cf. tañburu, Sls., v. 92] lotus; cd., -venehi, 4.",paranavitana
OSi,,tamt-tol,,,,"Sigiri PDF p. 446 (printed p. 438), column 1; OCR entry: tamt-tol, cd., 357.; auto-review: missing_gloss",paranavitana
OSi,,tamba,copper; cd. -tolata,,,"Sigiri PDF p. 446 (printed p. 438), column 1; OCR entry: tamba, s. [Skt. tāmra, var. tar and tamat; cf. tamba, Gk., v 380 and mod. S.], copper; cd. -tolata, 216; -lavan [cf. Dhpr 300], 259; -ļa-pallā, 595.",paranavitana
OSi,,tay,,,,"Sigiri PDF p. 446 (printed p. 438), column 1; OCR entry: tay, l.f. of taya, 320, 577, 671.; auto-review: missing_gloss",paranavitana
OSi,,taya,,,,"Sigiri PDF p. 446 (printed p. 438), column 1; OCR entry: taya, gen, of ta! [Intr., § 371], 374; auto-review: missing_gloss",paranavitana
OSi,,tayi,,,,"Sigiri PDF p. 446 (printed p. 438), column 1; OCR entry: tayi, var. of tay, 638.; auto-review: missing_gloss",paranavitana
OSi,,tar,"[Skt. stãra, with same mean-",,,"Sigiri PDF p. 446 (printed p. 438), column 1; OCR entry: tar, a. [Skt. stãra, with same mean-",paranavitana
OSi,,ing as vistāra,"great, excessive",,,"Sigiri PDF p. 446 (printed p. 438), column 1; OCR entry: ing as vistāra, e.f. tara; cf. tara, fat, Vs. IV. 229 and mod. S.], great, excessive, 192.",paranavitana
OSi,,tara,,,,"Sigiri PDF p. 446 (printed p. 438), column 1; OCR entry: tara!, e.f. of tar. See tara-vana, tara?, s.a. [Skt. tãra; cf. saha-tarataru, Dhpr. 227), lustre, radiant, 52 (tarin), 397, 598.; auto-review: missing_gloss",paranavitana
OSi,,taral,goldsmith,,,"Sigiri PDF p. 446 (printed p. 438), column 1; OCR entry: taral, s. [Skt. P. tulā-dhara; cf. taral = P. kammāra, Dhag. 104 and tarahal, Kj., v. 171], goldsmith, 130 (in place-name).",paranavitana
OSi,,taral-vana,,,,"Sigiri PDF p. 446 (printed p. 438), column 1; OCR entry: taral-vana, cd., adv. [cf. tara koța, Dhag. 146], 525.; auto-review: missing_gloss",paranavitana
OSi,,taru,"star; cd., -gaņan, as numerous as stars",,,"Sigiri PDF p. 446 (printed p. 438), column 1; OCR entry: taru, s. [Skt. tārakā; cf. Gk., v. 75], star; cd., -gaņan, as numerous as stars, 156.",paranavitana
OSi,,tal,,,,"Sigiri PDF p. 446 (printed p. 438), column 1; OCR entry: tal, s., l.f. of tala!, surface, terrace, 560.; auto-review: missing_gloss",paranavitana
OSi,,talat,sesamum,,,"Sigiri PDF p. 446 (printed p. 438), column 1; OCR entry: talat, s. [Skt. tila; cf. Kskh., V. 5] sesamum, 626 (in place-name).",paranavitana
OSi,,tala,"surface, terrace",,,"Sigiri PDF p. 446 (printed p. 438), column 1; OCR entry: tala?, s. [Skt. tala or sthala; cf. Kskh. VI. 57], surface, terrace, 9, 106; loc., talahi, r06. See tele and telehi.",paranavitana
OSi,,tava,"to heat, grieve",,,"Sigiri PDF p. 446 (printed p. 438), column 1; OCR entry: tava, vb. [Skt. vtap; cf. tavana, Jag. 3], to heat, grieve. See täveyi, tävli.",paranavitana
OSi,,ta-haț or -hața,"of tai, e.f. tā-haț",,,"Sigiri PDF p. 446 (printed p. 438), column 1; OCR entry: ta-haț or -hața, dat. of tai, e.f. tā-haț, 77, 634-",paranavitana
OSi,,tala,declivity,,,"Sigiri PDF p. 446 (printed p. 438), column 1; OCR entry: tala, s. [Skt. tața; cf. Kskh. VII. 34], declivity. See tele.",paranavitana
OSi,,talāt,"sloping side, bank",,,"Sigiri PDF p. 446 (printed p. 438), column 1; OCR entry: talāt, s. [Skt., tața+ka; cf. talā, Rm., v. 162], sloping side, bank, 466.",paranavitana
OSi,,taļā,lake,,,"Sigiri PDF p. 446 (printed p. 438), column 1; OCR entry: taļā?, s. [Skt. tadāga; cf. Sdsg. 91], lake, 648.",paranavitana
OSi,,tā,,,,"Sigiri PDF p. 446 (printed p. 438), column 1; OCR entry: tā!, acc. or gen. of ta! [cf. Dhpr. 296], 9, 41, I51, 270, 284, 304, 363, 414, 500, 572, 657 [41].; auto-review: missing_gloss",paranavitana
OSi,,tā’,"each, every, all",,,"Sigiri PDF p. 446 (printed p. 438), column 1; OCR entry: tā’, indec. or suffix [Skt. tāãvat, P. tãva; cf. yam-tã davas, Dhag. 57], each, every, all, 290, 592. See ]a-tā. Drag. 34]. 5ee duf-tayen.; auto-review: low_ocr_confidence",paranavitana
OSi,,tāk,,,,"Sigiri PDF p. 446 (printed p. 438), column 2; OCR entry: tāk, e.f. of tak [cf. Bs. 207], 415.; auto-review: missing_gloss",paranavitana
OSi,,tā-haț,"of ta!, e.f. of ta-hai i 673",,,"Sigiri PDF p. 446 (printed p. 438), column 2; OCR entry: tā-haț, dat. of ta!, e.f. of ta-hai i 673.",paranavitana
OSi,,tāt,effort,,,"Sigiri PDF p. 446 (printed p. 438), column 2; OCR entry: tät, s. [Skt. yatita > #*tayita > *tayata > *tayta > tät; cf. Dhag 99], effort; inst., tätin [cf. Ksm I| Ve 549], 272.",paranavitana
OSi,,tān,[Skt. sthānā,,,"Sigiri PDF p. 446 (printed p. 438), column 2; OCR entry: tän, s. [Skt. sthānā; cf. Dhag. 223. place, 127, 151, 370, ÓII. Se täna—tänina, täneka—tänhi.",paranavitana
OSi,,tānā,,,,"Sigiri PDF p. 446 (printed p. 438), column 2; OCR entry: tänä, loc. of tän [cf. Dhag. 179 Dhpr. 78], 76, 674.; auto-review: missing_gloss",paranavitana
OSi,,tānin,,,,"Sigiri PDF p. 446 (printed p. 438), column 2; OCR entry: tänin, abl. of tän [cf. Dhag. 250] 301, 482, 522.; auto-review: missing_gloss",paranavitana
OSi,,tānina,,,,"Sigiri PDF p. 446 (printed p. 438), column 2; OCR entry: tänina, e.f. of tänin, 180.; auto-review: missing_gloss",paranavitana
OSi,,tānü,of vtana?,,,"Sigiri PDF p. 446 (printed p. 438), column 2; OCR entry: tänü, prt. of vtana?, 17.",paranavitana
OSi,,tāneka,,,,"Sigiri PDF p. 446 (printed p. 438), column 2; OCR entry: täneka, loc. indef. of tän [cf täneka, Kup. 51], 615.; auto-review: missing_gloss",paranavitana
OSi,,tānekľlhi,,,,"Sigiri PDF p. 446 (printed p. 438), column 2; OCR entry: tänekľlhi, loc. indef. of tän [cf Dhag. 188], 184.; auto-review: missing_gloss",paranavitana
OSi,,tānhi,,,,"Sigiri PDF p. 446 (printed p. 438), column 2; OCR entry: tänhi, loc. of tän [Dhag. 124], 127; auto-review: missing_gloss",paranavitana
OSi,,tāpa,"of ~tapi, in comp. vb täpa lay",,,"Sigiri PDF p. 446 (printed p. 438), column 2; OCR entry: täpa, abs. of ~tapi, in comp. vb täpa lay, 672.",paranavitana
OSi,,tāli,a neck ornamen worn by women as marriage badge,,,"Sigiri PDF p. 446 (printed p. 438), column 2; OCR entry: täli, s. [T. tāli], a neck ornamen worn by women as marriage badge, 25, 237; acc. indef. tällak, 219. täveyi, 3rd sin. pr. ref. of vtava 405. tävli, vn. of vtava [cf. Sbl., v. 233 var. tävuli, Dhag. 257, Ksm., v. 71], 177, 340. ti, Lf. of tī, q.v., (1) nom. sin., 360, 485; (2) gen. sin., 459, 460, 508, 6o06.",paranavitana
OSi,,tidas,,,,"Sigiri PDF p. 446 (printed p. 438), column 2; OCR entry: tidas, s., l.f. of tidasa, q.v. See tidas-pura.; auto-review: missing_gloss",paranavitana
OSi,,tidasa,heaven,,,"Sigiri PDF p. 446 (printed p. 438), column 2; OCR entry: tidasa, s. [Skt. tri-daśa; cf. Bga., v. 76], heaven, 644.",paranavitana
OSi,,tidas-pura,"city of gods, heaven",,,"Sigiri PDF p. 446 (printed p. 438), column 2; OCR entry: tidas-pura, cd. [cf. tidas-puren, Kj., v. 129], city of gods, heaven, 652.",paranavitana
OSi,,tip,nom,,,"Sigiri PDF p. 446 (printed p. 438), column 2; OCR entry: tip, l.f. of tipa, nom, 292; gen., 292, 498, 516. tipa, prn. 2nd pl. [Intr., § 371], nom., 96, 133, 190.",paranavitana
OSi,,tipi,(1) nom,,,"Sigiri PDF p. 446 (printed p. 438), column 2; OCR entry: tipi, var, of tipa [cf. Svv. 75], (1) nom., 16, 75, 310, 415, 426, 497; (2) gen., 235, 557, 614.",paranavitana
OSi,,tipli,long pepper,,,"Sigiri PDF p. 446 (printed p. 438), column 2; OCR entry: tipli, s. [Skt. pippalī; cf. tippili, Yr., V. 424], long pepper, 427.",paranavitana
OSi,,tibi,or 3rd sin. p. of taba,,,"Sigiri PDF p. 446 (printed p. 438), column 2; OCR entry: tibi, prt. or 3rd sin. p. of taba, 199, 311, 349, 479, 498, 557-",paranavitana
OSi,,tibi,"ref, of «taba",,,"Sigiri PDF p. 446 (printed p. 438), column 2; OCR entry: tibi, abs., ref, of «taba.",paranavitana
OSi,,tibolo,"cd., tibolo-väli, name of a creeper",,,"Sigiri PDF p. 446 (printed p. 438), column 2; OCR entry: tibolo, s, [cf. mod. S. tiñńbol], cd., tibolo-väli, name of a creeper, 127 (väli may be väla ~-i).",paranavitana
OSi,,tiri,"woman; cd., -bav [cf. itiri-båäv, Kskh. XIV. ọ], the fact of being a woman",,,"Sigiri PDF p. 446 (printed p. 438), column 2; OCR entry: tiri, s.f. [Skt. strī; cf. itiri, Rm., v. 254], woman; cd., -bav [cf. itiri-båäv, Kskh. XIV. ọ], the fact of being a woman, 193.",paranavitana
OSi,,tisara,"goose, swan",,,"Sigiri PDF p. 446 (printed p. 438), column 2; OCR entry: tisara, s. [Skt. sãrasa or sãrasika => *sirasa > *sisara > tisara; cf. Ksm., v. 450, and Ts., v. 1], goose, swan; gen. pl., tisaran, 580. tī, f. of ta? [Intr., § 372], nom. [cf. 330, 360, 384, 457, 480, 485, 491 599, 647, 663.",paranavitana
OSi,,tuț,[prt. of vtos; Skt. tuşța F tuțțha,,,"Sigiri PDF p. 446 (printed p. 438), column 3; OCR entry: tuț, a. [prt. of vtos; Skt. tuşța F tuțțha; cf. tuju, Ksm, v. 16) pleased, 12, 225, 390, 398, 424 636, 646, 665, 669.",paranavitana
OSi,,tuța,,,,"Sigiri PDF p. 446 (printed p. 438), column 3; OCR entry: tuța, e.f. or tuț [cf. Ms., v. 142) 195, 209, 516.; auto-review: missing_gloss",paranavitana
OSi,,tuti,praise,,,"Sigiri PDF p. 446 (printed p. 438), column 3; OCR entry: tuti, s. [Skt. stuti, P. thuti; cf. Gk. v. 327], praise, 568. tun, nm. [Skt. trīņi, P. tīni, O.S tini, mod. S. tuna; cf. Sls., v. 92) three. See tun-janamo, tun Ilakuņ,",paranavitana
OSi,,tunut,slender,,,"Sigiri PDF p. 446 (printed p. 438), column 3; OCR entry: tunut, a. [Skt. tanu; cf. Dhpr. 300] slender, 259, 340, 610.",paranavitana
OSi,,tunu’,"body; cd., -kälum [cf Dhpr. 232, Ksm., v. 211], lustre splendour, or loveliness of body 495",,,"Sigiri PDF p. 446 (printed p. 438), column 3; OCR entry: tunu’, s. [Skt. tanu; cf. Rm., v 274], body; cd., -kälum [cf Dhpr. 232, Ksm., v. 211], lustre splendour, or loveliness of body 495.",paranavitana
OSi,,tun-janamo,,,,"Sigiri PDF p. 446 (printed p. 438), column 3; OCR entry: tun-janamo, cd., tun-jana, thre persons, and MO, 375..; auto-review: missing_gloss",paranavitana
OSi,,tun-lakun,"the thre characteristics of the world ac cording to Buddhism, i.e. im permanence (anicca), sufferin; (dukkha), and egolessness (anatta) 118. tupa, prn. 2nd pl. gen. [Intr. § 371",,,"Sigiri PDF p. 446 (printed p. 438), column 3; OCR entry: tun-lakun, cd. [P. ti-lakkhana; ci tun-lakunu, Dhpr. 103], the thre characteristics of the world ac cording to Buddhism, i.e. im permanence (anicca), sufferin; (dukkha), and egolessness (anatta) 118. tupa, prn. 2nd pl. gen. [Intr. § 371; cf. Dhag. 69], 128, 145 243, 248, 295, 304, 308.",paranavitana
OSi,,tubu,,,,"Sigiri PDF p. 446 (printed p. 438), column 3; OCR entry: tubu, prt. of ~vtaba [cf. Mbg. 1r and var. tubū], 67, 106, 125, 137 175, 275; 329, 583, 676; dat. pl (rel.), °yunața, 279; dat. sin (rel.), °yuhatțta, 279; with additior of hi = 2nd sin. p., ""hi, 500.; auto-review: missing_gloss",paranavitana
OSi,,tubū,,,,"Sigiri PDF p. 446 (printed p. 438), column 3; OCR entry: tubū, e.f. of tubu [cf. Mbg. 11] 205, 316, 5II.; auto-review: missing_gloss",paranavitana
OSi,,turu,tree,,,"Sigiri PDF p. 446 (printed p. 438), column 3; OCR entry: turu, s, [Skt. taru; cf. Sls., v. 59], tree; nom, pl., turu, 595.",paranavitana
OSi,,tula,balance,,,"Sigiri PDF p. 446 (printed p. 438), column 3; OCR entry: tula, s. [Skt. tulã; cf. tula-tala, EZ. II. 211], balance, 115.",paranavitana
OSi,,tulļula,"condition of being rejoiced, glad, or pleased, i.e. love",,,"Sigiri PDF p. 446 (printed p. 438), column 3; OCR entry: tulļula, s. [tulu = Skt. tuşłta, P. — tuțttha, cf. tilī, Sdsg. 231, with pln. =~ -la added], condition of being rejoiced, glad, or pleased, i.e. love; inst., tuļulin, 1 10; tululen, 189.",paranavitana
OSi,,tek,the limit up to,,,"Sigiri PDF p. 446 (printed p. 438), column 3; OCR entry: tek, s., indec. [Skt. tãvat+ka, P. tāvataka; cf. Sdsg. 95], the limit up to, 22, 114, 127, 311, 402, 465, 477, 482; inst., tekni, 23.",paranavitana
OSi,,tet,"wet, softened",,,"Sigiri PDF p. 446 (printed p. 438), column 3; OCR entry: tet, a. [Skt. tinta; cf. Sdsg. 25], wet, softened, 651.",paranavitana
OSi,,tepala,word,,,"Sigiri PDF p. 446 (printed p. 438), column 3; OCR entry: tepala?, s. [Skt. jalpa, see vb. of same form; cf. Gk., v. 166; var. tepula], word; nom., sin. indef., tepalak, 255, 388, 597.",paranavitana
OSi,,tepala,"to speak, utter; imp., tepalan",,,"Sigiri PDF p. 446 (printed p. 438), column 3; OCR entry: tepala?, vb. [Skt. jalp; jalpati > *jalapati > *dapalayi > *depalayi > tepalayi; cf. tepalī, Gk., v. 190], to speak, utter; imp., tepalan, 219; abs., tepalay, 214. tepul, 1.f. of tepula [cf. Dhag. 208], 6, 26. 1 JOnea CUpAONISaNy, Sap ANEY 423.",paranavitana
OSi,,temam,stillness,,,"Sigiri PDF p. 447 (printed p. 439), column 1; OCR entry: temam, s. [der. fr. Skt. Vstim, probably stemayām, see Whitney, § 1070], stillness, 50.",paranavitana
OSi,,teme,,,,"Sigiri PDF p. 447 (printed p. 439), column 1; OCR entry: teme, nom. sin. of tama? [cf. Svv. 35]; 141, 343-; auto-review: missing_gloss",paranavitana
OSi,,tera,"Elder of the Buddhist Church; tera-mi [Intr., § 438]",,,"Sigiri PDF p. 447 (printed p. 439), column 1; OCR entry: tera, s. [Skt. sthavira, P. thera; cf. t Ds. 45], Elder of the Buddhist Church; tera-mi [Intr., § 438], 461; gen. pl. (honorific), terun [cf. Dhag. 13], 224; nom. sin., tere, 464.",paranavitana
OSi,,tele,,,,"Sigiri PDF p. 447 (printed p. 439), column 1; OCR entry: tele, loc. of tala? [cf. Sdv., v. 290], 98, 347-; auto-review: missing_gloss",paranavitana
OSi,,telehi,of tala? [cf. Jag. 30),,,"Sigiri PDF p. 447 (printed p. 439), column 1; OCR entry: telehi, loc. of tala? [cf. Jag. 30), 642.",paranavitana
OSi,,tele,,,,"Sigiri PDF p. 447 (printed p. 439), column 1; OCR entry: tele, loc. of tala [cf. Ksm., v. 179], 249.; auto-review: missing_gloss",paranavitana
OSi,,to,[Skt. toya,,,"Sigiri PDF p. 447 (printed p. 439), column 1; OCR entry: to?, s. [Skt. toya; cf. Ksm., v. 510), water. See toyini.",paranavitana
OSi,,to,,,,"Sigiri PDF p. 447 (printed p. 439), column 1; OCR entry: to?, nom. sin. of tat [Skt. tvam; cf. Dhag. 91, Ksm., v. 120. In mod. S. to is disrespectful], 134, 173, 222, 316. ;; auto-review: missing_gloss",paranavitana
OSi,,toț,,,,"Sigiri PDF p. 447 (printed p. 439), column 1; OCR entry: toț?, dat. of ta? [cf. mod. S. tota], 259:; auto-review: missing_gloss",paranavitana
OSi,,toț,,,,"Sigiri PDF p. 447 (printed p. 439), column 1; OCR entry: toț?, s., l.f. of toța, washing-place, - 410.; auto-review: missing_gloss",paranavitana
OSi,,tota,ford (in place-names),,,"Sigiri PDF p. 447 (printed p. 439), column 1; OCR entry: tota, s. [Vedic tūrtha; cf. Dhag. 224 and mod. S.; 1.f. toț], ford (in place-names), 665; loc., toțahi, I51.",paranavitana
OSi,,top,acc. 140,,,"Sigiri PDF p. 447 (printed p. 439), column 1; OCR entry: top, l.f. of topa, q.v. ; gen., 22, 353 topa, oblique of 2nd person prn: [Intr., § 371; cf. Uj. 139], acc. 140, 235, 322, 628, 639; gen., 7: 78, 171, 215, 231, 338, 409, 493 579, 626, 639, 665 [51]; dat. topaț, 148, 184, 231, 266; topata [cf. Svv. 35], 478, 534, 631.",paranavitana
OSi,,topi,,,,"Sigiri PDF p. 447 (printed p. 439), column 1; OCR entry: topi, nom. pl. of znd person prn [same in mod. S.; cf. topi, Uj. 89] 558.; auto-review: missing_gloss",paranavitana
OSi,,tomo,,,,"Sigiri PDF p. 447 (printed p. 439), column 1; OCR entry: tomo, nom. sin. f. of tama? [Intr. § 380; cf. Kup. 6], 23, 108, 125 305, 340, 343, 392, 393-; auto-review: missing_gloss",paranavitana
OSi,,toyini,,,,"Sigiri PDF p. 447 (printed p. 439), column 1; OCR entry: toyini, abl. of to! [cf. toyin, Ksm. v. 372], 580.; auto-review: missing_gloss",paranavitana
OSi,,tor,,,,"Sigiri PDF p. 447 (printed p. 439), column 1; OCR entry: tor, l.f. of tora, q.v., generall; preceded by negative no, 145 301, 322, 477, 487, 522.; auto-review: missing_gloss",paranavitana
OSi,,torat,"lit., havin: crossed over, away from, devoi j of",,,"Sigiri PDF p. 447 (printed p. 439), column 1; OCR entry: torat, a. adv. [going back to abs. o Skt. vtr, *tūrya, cf. Vedic tūrtha cf. Dhpr. 238, 1.f. tor], lit., havin: crossed over, away from, devoi j of, 70. `",paranavitana
OSi,,tora,"to separat from; abs., toray, 13",,,"Sigiri PDF p. 447 (printed p. 439), column 1; OCR entry: tora, vb. [Skt. v7], to separat from; abs., toray, 13:",paranavitana
OSi,,toro,lip,,,"Sigiri PDF p. 447 (printed p. 439), column 1; OCR entry: toro, var. of tor and tora, 342. tol, tola, s. [Skt. tālu; cf. Rm., \ 285], lip, 90, 211, 320, 332, 514 with pln. -ta added, tolata, 216",paranavitana
OSi,,cd,"tola-sivin, with smil on lips",,,"Sigiri PDF p. 447 (printed p. 439), column 1; OCR entry: cd., inst., tola-sivin, with smil on lips, 211; loc., tolhi, 394.",paranavitana
OSi,,tost,pleasure,,,"Sigiri PDF p. 447 (printed p. 439), column 1; OCR entry: tost, s. [Skt. toşa, e.f. tosa; cf. Rm v. 8g], pleasure, 357, 500, 50 , 536, 568, 655, 660, 668. bak A aa iadd aa bria",paranavitana
OSi,,tosa,,,,"Sigiri PDF p. 447 (printed p. 439), column 2; OCR entry: tosa, s., e.f. of tost [cf. Kskh., V. 5],; auto-review: missing_gloss",paranavitana
OSi,,tosi-van,,,,"Sigiri PDF p. 447 (printed p. 439), column 2; OCR entry: tosi-van?, cd. adv. [Intr., § 516], 108, 435. in a pleasing manner, 568. il; auto-review: missing_gloss",paranavitana
OSi,,d,"[Skt. ca; e.f. of t, l.f. of da?",,,"Sigiri PDF p. 447 (printed p. 439), column 2; OCR entry: -d!, indec. [Skt. ca; e.f. of t, l.f. of da?; cf. goda-d dena-d, Amv. 46), even, though, 94, 311, 459, 464, 520, 533; 535-",paranavitana
OSi,,d,,,,"Sigiri PDF p. 447 (printed p. 439), column 2; OCR entry: -d?, indec., l.f. of dat, 679.; auto-review: missing_gloss",paranavitana
OSi,,dat,interrogative,,,"Sigiri PDF p. 447 (printed p. 439), column 2; OCR entry: dat, indec. [Skt. uta, P. udäāhu, 1.f. of ja?; cf. Kskh. X. 143], interrogative, 5, 35, 94, 163, 237, 258, 311, 374, 402, 495, 568, 660 [83].",paranavitana
OSi,,da,"(1) conjunctive [cf. Kup. 1], and, also",,,"Sigiri PDF p. 447 (printed p. 439), column 2; OCR entry: da?, indec. [Skt. ca, 1.f. of jat], (1) conjunctive [cf. Kup. 1], and, also, 195, 336, 362, 501, 541, 545, 6O01; (2) disjunctive [cf. Kskh. X. 18), even, though, 6, 40, 130, 172, 207, 302, 414, 500, 561, 594, 630, 658 [60].",paranavitana
OSi,,da,[Skt. dhā,,,"Sigiri PDF p. 447 (printed p. 439), column 2; OCR entry: da?, vb. [Skt. dhā; cf. mod. S. dānavaļ, to place, put, throw away; abs., da, See da-la. dakamin, gd. of vdaki, var. of dakimina, 324.",paranavitana
OSi,,daki,"315. dakimina, gd. of vdaki",,,"Sigiri PDF p. 447 (printed p. 439), column 2; OCR entry: daki, vb. [Skt. vdrs, drakşyati, &c., P. dakkhati, Pkt. dekkhai; cf. dakinā, Sls., v. 2, to see.) See dakamin, dakina—dakvan, däka—däkvu, deka. dakina, pr. pt. of vdaki, (1) a., 142, 500; rel., nom. sin., dakinne, 507. dakimi, īst sin. pr. of vdaki [cf. Uj. 48], 315. dakimina, gd. of vdaki, 617. dakimva, opt. of ~daki, 447. daku, imp. of vdaki [cf. Dkag. 189], 376, 391.",paranavitana
OSi,,dakut,,,,"Sigiri PDF p. 447 (printed p. 439), column 2; OCR entry: dakut, cond. of vdaki [cf. Sbl., v. 179], 48, 51, 59, 110, 138, 142, 199, 215, 232, 249, 346, 528, 547; dakut dakut [Intr., §479 4], 138; dakut me [Intr., § 476; cf. dakut ma, Amv. 96], 110, 215, 249, 357» 528. dakuma, rst pl. pr. of vdaki [cf. dakum, Ksm., V. 391], 173. daktu-j = dakut+uj, 605. daknā, pr. pt. (a.) of vdaki [cf. Dhag. 188], 140, 490, 492, 587.; auto-review: missing_gloss",paranavitana
OSi,,daknen,of pr. pt. (inf.) of adaki,,,"Sigiri PDF p. 447 (printed p. 439), column 2; OCR entry: daknen, inst. of pr. pt. (inf.) of adaki, 58, 678. dakmo, īst pl. pr. of vVdaki, 22.",paranavitana
OSi,,dakva,"cs. of vdaki [cf. dakvā, Dhag. 3)",,,"Sigiri PDF p. 447 (printed p. 439), column 2; OCR entry: dakva, abs. cs. of vdaki [cf. dakvā, Dhag. 3), 448. dakvan, imp. cs. of vdaki, show, present, 39.",paranavitana
OSi,,dag,"a., l.f. of daga; dag koț, bound",,,"Sigiri PDF p. 447 (printed p. 439), column 2; OCR entry: dag, prt. a., l.f. of daga; dag koț, bound, 199. daga, prt.a., var, of dañga, 125, 139-",paranavitana
OSi,,daṅga,"made firm or fastened, bound, fettered",,,"Sigiri PDF p. 447 (printed p. 439), column 2; OCR entry: dañga, prt. a. [Skt. drħha; cf. Dhpr. 223], made firm or fastened, bound, fettered, 234, 598. dañgayā, 3rd sin. pr. of den. of dańga, binds, 278. RRES a D ERB RNSS, , WEE, (N EE. E E PEE l.f. däța, däțä], when seen, 626.",paranavitana
OSi,,at,known,,,"Sigiri PDF p. 447 (printed p. 439), column 3; OCR entry: at, prt. of vdan [Skt. jäätä; cf, Kskh. X. 2; e.f. data, var. dati, datu], known, 27, 160, 198, 336, 341, 370, 389, 408, 594, 611.",paranavitana
OSi,,lata,,,,"Sigiri PDF p. 447 (printed p. 439), column 3; OCR entry: lata, e.f. of dat [cf. Ksm., v. 39l, 31, 239, 363.; auto-review: missing_gloss",paranavitana
OSi,,lati,īst sin. p. of vdan,,,"Sigiri PDF p. 447 (printed p. 439), column 3; OCR entry: lati, var. of data, 38. latimi [dat or dati-mi; cf. datmi, Dhpr. 247], īst sin. p. of vdan, 293.",paranavitana
OSi,,jatu,,,,"Sigiri PDF p. 447 (printed p. 439), column 3; OCR entry: jatu, var. of data, 574.; auto-review: missing_gloss",paranavitana
OSi,,jattāk,"sin. indef. of dat (sel.), what is known",,,"Sigiri PDF p. 447 (printed p. 439), column 3; OCR entry: jattāk, acc. sin. indef. of dat (sel.), what is known, 522.",paranavitana
OSi,,dat-bavak,,,,"Sigiri PDF p. 447 (printed p. 439), column 3; OCR entry: dat-bavak, cd. nom. indef., 594. iatmo, dat+moọo, ıst pl. p. of vdan, 420.; auto-review: missing_gloss",paranavitana
OSi,,dan,to know,,,"Sigiri PDF p. 447 (printed p. 439), column 3; OCR entry: dan, vb. [Skt. Vjñā, jānāti, &c., P. jānāti, Pkt. jānāi; cf. dani, Vds.; mod. S. dannavā], to know. See dat—datmo, dananena, danim, danimin, danney—danvanneyi, dänä, dänīi, dänviye, deney.",paranavitana
OSi,,danat,"person, people",,,"Sigiri PDF p. 447 (printed p. 439), column 3; OCR entry: danat, s, [Skt. jana; e.f. jana; cf. Sls., v. 52], person, people, 116, 195, 211, 404, 489, 494, 545, 658, 667. See danan, danā, dano, denat, dene.",paranavitana
OSi,,dana,[Skt. jānu,,,"Sigiri PDF p. 447 (printed p. 439), column 3; OCR entry: dana?, s. [Skt. jānu; cf. Hsk. 7), knee. See danina.",paranavitana
OSi,,dana,"to generate, produce",,,"Sigiri PDF p. 447 (printed p. 439), column 3; OCR entry: dana?, vb. [Skt. vjan; cf. dini, Ksm., v. 417], to generate, produce. See dänave.",paranavitana
OSi,,danan,,,,"Sigiri PDF p. 447 (printed p. 439), column 3; OCR entry: danan, gen. pl. of dana? [cf. Sdv., v. 173], 560, 677.; auto-review: missing_gloss",paranavitana
OSi,,dananena,of pr. pt. (inf.) of ndan,,,"Sigiri PDF p. 447 (printed p. 439), column 3; OCR entry: dananena, inst. of pr. pt. (inf.) of ndan, 287.",paranavitana
OSi,,danā,,,,"Sigiri PDF p. 447 (printed p. 439), column 3; OCR entry: danã, gen. sin. of danat [cf. Sdv., v. 248], 80, 183, 315.; auto-review: missing_gloss",paranavitana
OSi,,danā,sin. of danat,,,"Sigiri PDF p. 447 (printed p. 439), column 3; OCR entry: danä, acc. sin. of danat, 108.",paranavitana
OSi,,danina,of dana’,,,"Sigiri PDF p. 447 (printed p. 439), column 3; OCR entry: danina, inst. of dana’, 535. danim, rst sin. pr. of vdan [cf. Amv. 11), 50. danimin, gd. of vdan, 156.",paranavitana
OSi,,dano,,,,"Sigiri PDF p. 447 (printed p. 439), column 3; OCR entry: dano, nom, pl. of dana? [cf. Jag. 85], 398, 468, 670; voc. pl., 8. danney, gdv. of vdan, 193. danmo, rst pl. pr. of vdan [cf. danumo, Jag. 79], 63danvanneyi, gdv. cs. of vdan, 519.; auto-review: missing_gloss",paranavitana
OSi,,dap,pride,,,"Sigiri PDF p. 447 (printed p. 439), column 3; OCR entry: dap, s. [Skt. darpa; cf. Ksm., v. 65], pride, 44.",paranavitana
OSi,,dapat,"to be proud or arrogant, See däpi and däput",,,"Sigiri PDF p. 447 (printed p. 439), column 3; OCR entry: dapat, vb. [Skt. vdrp; cf. däpī, Esl. 20], to be proud or arrogant, See däpi and däput.",paranavitana
OSi,,dapa,"}, to pray",,,"Sigiri PDF p. 447 (printed p. 439), column 3; OCR entry: dapa, vb. [Skt. jap; cf. däpū, Kskh. VII. 8]}, to pray. See däpilla.",paranavitana
OSi,,dapaņa,"mirror, 68o",,,"Sigiri PDF p. 447 (printed p. 439), column 3; OCR entry: dapaņa, s. [Skt. darpana; cf. Kskh. VII. 13], mirror, 68o.",paranavitana
OSi,,dabara,quarrel,,,"Sigiri PDF p. 447 (printed p. 439), column 3; OCR entry: dabara, s. [Skt. marda, friction > *marada > *damara > dabara; cf. Thv. 33], quarrel, 383.",paranavitana
OSi,,dam,"(1) wreath, garland [cf. Ksm., v. 425]",,,"Sigiri PDF p. 447 (printed p. 439), column 3; OCR entry: dam, s. [Skt. dāman; e.f. dama], (1) wreath, garland [cf. Ksm., v. 425], 25, 36, 237, 326, 328, 350, 393; 209, 357; 373; 554. 5e damak.",paranavitana
OSi,,damat,,,,"Sigiri PDF p. 448 (printed p. 440), column 1; OCR entry: damat, e.f. of dam (1), 361, 37: 475- See damaka.; auto-review: missing_gloss",paranavitana
OSi,,dama,"t lay aside, put back",,,"Sigiri PDF p. 448 (printed p. 440), column 1; OCR entry: dama?, vb. [Skt. Vdhā; dhāman a Nom.; cf. damā, Kup. 121], t lay aside, put back. See dämi.",paranavitana
OSi,,damak,,,,"Sigiri PDF p. 448 (printed p. 440), column 1; OCR entry: damak, acc, sin. indef. of dam (2 [cf. Mbg. 16], 39, 357, 373-; auto-review: missing_gloss",paranavitana
OSi,,damaka,deceit,,,"Sigiri PDF p. 448 (printed p. 440), column 1; OCR entry: damaka, acc. sin. indef. of dama! i 355. damba [Skt. dambha], deceit; dat. dambaț, 535.",paranavitana
OSi,,dayindili,handful of water,,,"Sigiri PDF p. 448 (printed p. 440), column 1; OCR entry: dayindili, cd. [daya, var, of diya+4 andili = Skt. añjalī; Skt. uda kāñjalī; cf. daläñdili, Sdsg. 90] handful of water, 463.",paranavitana
OSi,,dayendili,,,,"Sigiri PDF p. 448 (printed p. 440), column 1; OCR entry: dayendili, cd., daya, var. of diya 1-; auto-review: missing_gloss",paranavitana
OSi,,endili,,,,"Sigiri PDF p. 448 (printed p. 440), column 1; OCR entry: endili, e.f. of äňdili, drawing or water, 574.; auto-review: missing_gloss",paranavitana
OSi,,daraņā,cruel,,,"Sigiri PDF p. 448 (printed p. 440), column 1; OCR entry: daraņā, a. [Skt. dāruna+ka; cf darunā, Kskh. X. 37], cruel, 92.",paranavitana
OSi,,daru,son,,,"Sigiri PDF p. 448 (printed p. 440), column 1; OCR entry: daru, s. [P. dāraka or dahara; cf Dhpr. 97; in cd. le- or ley-daru, similar in use to putra in Skt vanik-putra, putta in P. gahapatiputta, or pillai in T. kanaka- Pillai], son, 119,224, 320, 526, 560.",paranavitana
OSi,,dala,section,,,"Sigiri PDF p. 448 (printed p. 440), column 1; OCR entry: dala!, s. [Skt. dala], section, 103.",paranavitana
OSi,,dala,"bud, leaf, petal",,,"Sigiri PDF p. 448 (printed p. 440), column 1; OCR entry: dala?, s. [Skt. dala; cf. Dhpr. 284], bud, leaf, petal, 21, 105da-la, comp. vb., abs. of vda? and la? [cf. mod. S. dāla], having put. See liya da-la.",paranavitana
OSi,,dalu,bud,,,"Sigiri PDF p. 448 (printed p. 440), column 1; OCR entry: dalu, s. [Skt. dala+ka; cf. Jag. 146], bud, 595 (dallā = dalu +ā).",paranavitana
OSi,,dava,day and night,,,"Sigiri PDF p. 448 (printed p. 440), column 1; OCR entry: dava, s. [Skt. divasa; cf. Dhag. 127), day, 148, 442, 558, 567; cd., dava-räy [Skt. divā-rātram; cf. dava-rä, Sdv. 209], day and night, 148, 442, 558, 567.",paranavitana
OSi,,davas,day,,,"Sigiri PDF p. 448 (printed p. 440), column 1; OCR entry: davas, s. [Skt. divasa; cf. Rm., v. 76], day, 301, 344, 369, 375, 418, 679; nom. or acc. sin, indef., davasak [cf. Amv. 116], 135, 586; loc., davase, 173; davas lay [cf. davas lā = P, seti, Jag. 49], having spent the days, 418; loc., daväsä [cf. davasä, Ksm., V. 119]; 441.",paranavitana
OSi,,das,slave,,,"Sigiri PDF p. 448 (printed p. 440), column 1; OCR entry: das, s. [Skt. dāsa; cf. Dhag. 280, e.f. dasa], slave, 27, 138, 273, 487, 495. See dasnaț.",paranavitana
OSi,,dasa,,,,"Sigiri PDF p. 448 (printed p. 440), column 1; OCR entry: dasa', s., e.f. of das, 16, 202; cd., dasa-dana!, 16.; auto-review: missing_gloss",paranavitana
OSi,,dasa,direction,,,"Sigiri PDF p. 448 (printed p. 440), column 1; OCR entry: dasa?, s. [Skt. diśā; cf. Dhag. 62], direction, 54, 141, 374, 375, 445, 450, 453, 475dasa, nm. [Skt. daśan; cf. Kskh. III. 8; mod. S. dahaya], ten, 83; cd., daszañga, ten limbs, i.e. all over the body, 415 ; cd., -dese, in the ten directions, i.e. the eight points of the compass, the zenith and the nadir, 83.",paranavitana
OSi,,dasan,teeth,,,"Sigiri PDF p. 448 (printed p. 440), column 1; OCR entry: dasan, s. [Skt. daśana, cf, Kskh. X. 19], teeth, 648; cd., dasanminņi [cf. Dhpr. 228], 52.",paranavitana
OSi,,dasna,sight,,,"Sigiri PDF p. 448 (printed p. 440), column 2; OCR entry: dasna, s. [Skt. darśana; cf. dasner Ksm., v. 128], sight. See yaha dasna.",paranavitana
OSi,,dasnaț,,,,"Sigiri PDF p. 448 (printed p. 440), column 2; OCR entry: dasnaț, dat. pl. of das [cf. EZ. ] 91], 295.; auto-review: missing_gloss",paranavitana
OSi,,dahat,"ļ, taking offence anger",,,"Sigiri PDF p. 448 (printed p. 440), column 2; OCR entry: dahat, s. [der. pr. vdaha?, F Jhāna in ujjhāna]ļ, taking offence anger, 102, 274, 682. daha’, yb. [P. ujjhāyati; cf. dahani Dhpr. 170], to show anger; imp. daha, 308; dahaga, 643.",paranavitana
OSi,,daham,virtue 322,,,"Sigiri PDF p. 448 (printed p. 440), column 2; OCR entry: daham, s. [Skt. dharmma, P dhamma; cf. Mdv., v. 164], virtue 322; loc., dahamä, 231; cd",paranavitana
OSi,,rel.),"pl, daham-ättan gaa",,,"Sigiri PDF p. 448 (printed p. 440), column 2; OCR entry: (rel.), gen. pl, daham-ättan gaa; auto-review: low_ocr_confidence",paranavitana
OSi,,dahara,"torrent, stream",,,"Sigiri PDF p. 448 (printed p. 440), column 2; OCR entry: dahara, s. [Skt. dhārā; cf. Ksm., v 178], torrent, stream, 153; nom indef., daharak, 488; cd., loc, dahara-dihi, 153.",paranavitana
OSi,,dahas,thousand,,,"Sigiri PDF p. 448 (printed p. 440), column 2; OCR entry: dahas, nom. [Skt. sahasra; cf. Ksm. v. 491], thousand; acc. sin. indef. dahasak, 135; last syllabi lengthened for rhyme, dahasā 627.",paranavitana
OSi,,dala,(1) hard [cf Dhpr. 9],,,"Sigiri PDF p. 448 (printed p. 440), column 2; OCR entry: dala, a. [Skt. drdha], (1) hard [cf Dhpr. 9], 38, 611; (2) great [cf Sdu., v. 184], 419; (3) exces: [der. = Skt. dārdhya; dala ir forms like keli-daļa has beer equated with Skt. dhura by commentators. See jala and jele] inst., daleni, 312. See havdaleni.",paranavitana
OSi,,dāśa-adhikāri,superintendent ol slaves,,,"Sigiri PDF p. 448 (printed p. 440), column 2; OCR entry: dāśa-adhikāri, cd. [Skt. dāía+ adhikārin], superintendent ol slaves, 652.",paranavitana
OSi,,dā,,,,"Sigiri PDF p. 448 (printed p. 440), column 2; OCR entry: dä, indec. [da? followed by yi?], 93, 120, 384, 483.; auto-review: missing_gloss",paranavitana
OSi,,dāka,"followed by la?, däka-la [Intr., § 492, same in mod. S.]",,,"Sigiri PDF p. 448 (printed p. 440), column 2; OCR entry: däka, abs. of vdaki [cf. Dkag. 13], followed by la?, däka-la [Intr., § 492, same in mod. S.], 509.",paranavitana
OSi,,dākā,"12, Šo",,,"Sigiri PDF p. 448 (printed p. 440), column 2; OCR entry: däkä, abs. of vdaki [cf. Dhag. 177], 12, Šo, 153, 200, 268, 315, 397, 440, 510, 548, 6o00, 663 [50]; däkä gat? [Intr., § 501], 528; duplicated to form gd., däkä däkä, 200, 645.",paranavitana
OSi,,dāki,,,,"Sigiri PDF p. 448 (printed p. 440), column 2; OCR entry: däki, prt. of vdaki, 546. däkuma, vn. fr. vdaki [cf. däkum, Svv. 2; var. däkma], 42.; auto-review: missing_gloss",paranavitana
OSi,,dākma,,,,"Sigiri PDF p. 448 (printed p. 440), column 2; OCR entry: däkma, var. of däkuma; nom. sin. indef., däkmak, 456; loc., däkme, 273, 333; inst., däkmen [cf. Ksm., v. 375], 409.; auto-review: missing_gloss",paranavitana
OSi,,dākvu,"252. däța, däțä, cond., l.f. of dațaya, q.-V",,,"Sigiri PDF p. 448 (printed p. 440), column 2; OCR entry: däkvu, prt. cs. of daki [cf. Ksm., v. 391], 252. däța, däțä, cond., l.f. of dațaya, q.-V., 120, 529, 591. dädi, der, fr. a. [Skt. dārdhya; der. fr. drdha; cf. dädi, Sdu., v. 259], hardness, 653.",paranavitana
OSi,,dān,now,,,"Sigiri PDF p. 448 (printed p. 440), column 2; OCR entry: dän, indec. [Skt. idānīm P. dāni; cf. Dhag. 218; mod. S. dän is inflected in dat, dänațşa] now, 40, 155, 343; 359, 400, 414, 455, 490, 564, 679; dän dän, even now, 564. dänäve, 3rd sin, pr. ref. cs. o sdana’, 252.",paranavitana
OSi,,dānī,"ref. of vdan, it bein; known",,,"Sigiri PDF p. 448 (printed p. 440), column 3; OCR entry: dänī, abs. ref. of vdan, it bein; known, 204, 553dänviye, 3rd sin. p. cs. of vdan 416.",paranavitana
OSi,,dāpi,of vdapa!,,,"Sigiri PDF p. 448 (printed p. 440), column 3; OCR entry: däpi, abs. of vdapa!, 634. däpilla, vn. of vydapa?, 221.",paranavitana
OSi,,dāput,of vdapa!,,,"Sigiri PDF p. 448 (printed p. 440), column 3; OCR entry: däput, cond. of vdapa!, 535. dämi, 3rd sin, p. of vdama?, 343",paranavitana
OSi,,dāya,thing,,,"Sigiri PDF p. 448 (printed p. 440), column 3; OCR entry: däya, s. [Skt. jäta; e.f. jäy, deya cf. Kup. 7], thing; dat. indef. däyakața, 58; nom. indef. däyek [cf. Dhpr. 101], 609.",paranavitana
OSi,,dāri,maiden,,,"Sigiri PDF p. 448 (printed p. 440), column 3; OCR entry: däri, s. [Skt. därikāã; cf. Dhag. 148] maiden; gen., däriya, 394.",paranavitana
OSi,,dit,water,,,"Sigiri PDF p. 448 (printed p. 440), column 3; OCR entry: dit, s. [Skt. P. daka, e.f. diya, noy current, and di?], water, 86. Se dihi.",paranavitana
OSi,,di,"of de, e.f. dī?",,,"Sigiri PDF p. 448 (printed p. 440), column 3; OCR entry: di?, abs. of de, e.f. dī?, 21, 23, 42 56, 67, 110, 225, 260, 293, 357 459, 469, 558, 659.",paranavitana
OSi,,dik,"long; cd., dik: at, long arm",,,"Sigiri PDF p. 448 (printed p. 440), column 3; OCR entry: dik, a. [Skt. dīrgha, P. dīgha; e.f dié?; cf. Svv. 63], long; cd., dik: at, long arm, 684; dik-net, long eyed one, 193.",paranavitana
OSi,,digt,direction,,,"Sigiri PDF p. 448 (printed p. 440), column 3; OCR entry: digt, s. [Skt. dik for diś as in cd diganta; cf. e.f. diga, Sdv., v 178], direction. See dig'hi.",paranavitana
OSi,,dig’,,,,"Sigiri PDF p. 448 (printed p. 440), column 3; OCR entry: dig’, e.f. of dik [cf. Amv. 90], 224 229, 364, 392, 554, 656. See dig? nuyun.; auto-review: missing_gloss",paranavitana
OSi,,diga,,,,"Sigiri PDF p. 448 (printed p. 440), column 3; OCR entry: diga, e.f. of dig? [cf, Svu. 32 ano mod. S.], 24, 42, 210, 216, 394 585; cd, (rel.), diga-äsi, 42; cd inst., diga-äsini, 210.; auto-review: missing_gloss",paranavitana
OSi,,dig?’zat,,,,"Sigiri PDF p. 448 (printed p. 440), column 3; OCR entry: dig?’zat, cd., long arm, 374.; auto-review: missing_gloss;uncertain_glyph",paranavitana
OSi,,dig?-ās,,,,"Sigiri PDF p. 448 (printed p. 440), column 3; OCR entry: dig?-äs, cd., (1) long eye, 364; (2 long-eyed one, 364. See digzäs. dig-ässak.; auto-review: missing_gloss;uncertain_glyph",paranavitana
OSi,,dig’-ās,,,,"Sigiri PDF p. 448 (printed p. 440), column 3; OCR entry: dig’-äs, cd., same as dig-äs with euphonic combination of g and a, (1) long eye, 389, 685; (2) longeyed one; nom., sin., 60, 129, 233, 476, 494, 496, 518, 608; acc. sin., 650; gen. sin., 100, 221, 398; VOC., 595; (3) possessing long eyes [cf. Kskh. I. 30], 25. See dig-äsa. dig?-äsa, (1) gen. of dig-äs, 536; voc. of dig-äs, 347.; auto-review: missing_gloss",paranavitana
OSi,,dig®-āsā,long-eyed one,,,"Sigiri PDF p. 448 (printed p. 440), column 3; OCR entry: dig®-äsä, loc. of digtäs (1), 648. i [cf. Ksm., v. 123], long-eyed one; nom. sin., 24I, 505; acc. sin., 85, 571. See dig-asi. dig?-äsin, (1) nom pl. of dig-äs or digzäsi, 514; acc. pl., 260, 552; gen. pl. [cf. Ksm., v. 557], 220, 4209, 512, 552; inst. of dig!-äs (1), 544, 547.; auto-review: uncertain_glyph",paranavitana
OSi,,dig™zāsina,,,,"Sigiri PDF p. 448 (printed p. 440), column 3; OCR entry: dig™zäsina, voc. pl. of dig-äs or dig-äsi, 304; inst. of digzäs (1), 386.; auto-review: missing_gloss",paranavitana
OSi,,dig’-āsini,,,,"Sigiri PDF p. 448 (printed p. 440), column 3; OCR entry: dig’-äsini, voc. pl. of dig-äs (2) or dig-äsi, 388; inst. or abl. of digzäs (1), 332. digĉ%äsī, dig-äsi with last GIE EACS, NEJ OS pae A Ea (2) or digzäsi, 123, 175; inst. of dig-äs (1), 317-; auto-review: missing_gloss;low_ocr_confidence",paranavitana
OSi,,dig?-āssak,sin. indef. of dig-äs (2),,,"Sigiri PDF p. 449 (printed p. 441), column 1; OCR entry: dig?-ässak, nom. sin. indef. of dig-äs (2), 392.; auto-review: uncertain_glyph",paranavitana
OSi,,digĉ-āssan,pl. of dig-äs or dig-äsi,,,"Sigiri PDF p. 449 (printed p. 441), column 1; OCR entry: digĉ-ässan, acc. pl. of dig-äs or dig-äsi, 401, 435, 660, 670, 676; gen. pl., 124, 622.",paranavitana
OSi,,digĉ-āssen,of dig-äs (1),,,"Sigiri PDF p. 449 (printed p. 441), column 1; OCR entry: digĉ-ässen, inst. of dig-äs (1), 518.",paranavitana
OSi,,digĉ-ās'hi,of dig-äs (1),,,"Sigiri PDF p. 449 (printed p. 441), column 1; OCR entry: digĉ-äs'hi, loc. of dig-äs (1), 304, 479.; auto-review: low_ocr_confidence",paranavitana
OSi,,digu,"cd., -net [cf. Kskh. XII. 7], long-eyed one",,,"Sigiri PDF p. 449 (printed p. 441), column 1; OCR entry: digu, a., var. of diga [cf. Sdv., V. 94], cd., -net [cf. Kskh. XII. 7], long-eyed one, 452.",paranavitana
OSi,,dig’-esi,,,,"Sigiri PDF p. 449 (printed p. 441), column 1; OCR entry: dig’-esi, e.f. of digzäsi, 625.; auto-review: missing_gloss;low_ocr_confidence",paranavitana
OSi,,dig?-nuyun,,,,"Sigiri PDF p. 449 (printed p. 441), column 1; OCR entry: dig?-nuyun, cd., (1) long eye; loc., -nuyunä, 554; (2) long-eyed one; nom. pl., -nuyunun, 533.; auto-review: missing_gloss;uncertain_glyph",paranavitana
OSi,,dig?-net,,,,"Sigiri PDF p. 449 (printed p. 441), column 1; OCR entry: dig?-net, cd., (1) a., long-eyed, 327; (2) rel., long-eyed one, 12, 125, 296,499 ; nom. sin. indef., -netak, 219; gen. pl., -netun, 195; VOC. pl., -netuni, 597.; auto-review: missing_gloss;uncertain_glyph",paranavitana
OSi,,dig'hi,of digt,,,"Sigiri PDF p. 449 (printed p. 441), column 1; OCR entry: dig'hi, loc. of digt, 100.; auto-review: low_ocr_confidence",paranavitana
OSi,,dițat,,,,"Sigiri PDF p. 449 (printed p. 441), column 1; OCR entry: dițat, cond. of vdis [Skt. drşțe], 202.; auto-review: missing_gloss;low_ocr_confidence",paranavitana
OSi,,dița,626. diți,,,"Sigiri PDF p. 449 (printed p. 441), column 1; OCR entry: dița?, prt. of vdis [Skt. drsłța; cf. Dhpr. 188; e.f. of diți], 626. diți, 1.f. of dița [cf. Kskh. X. 109, dița, duț?, duța?, and duțuj, 212, 231, 243, 361, 500, 551, 553, 555, 583, 668. See dițimi— dițmi. dițimi, rstsin. p. of vdis [dițti+mi, cf. Dhag. 87), 431dițimo [diți+mo], rst pl. p. oi ndis, 451.",paranavitana
OSi,,dițiyā,sin. of diți (inf.),,,"Sigiri PDF p. 449 (printed p. 441), column 1; OCR entry: dițiyā, gen. sin. of diți (inf.), 39.",paranavitana
OSi,,dițiyen,"of diți (inf.), 654-",,,"Sigiri PDF p. 449 (printed p. 441), column 1; OCR entry: dițiyen, inst. of diți (inf.), 654-",paranavitana
OSi,,dițtmi,,,,"Sigiri PDF p. 449 (printed p. 441), column 1; OCR entry: dițtmi, var. of dițimi, 104, 631.; auto-review: missing_gloss",paranavitana
OSi,,din,,,,"Sigiri PDF p. 449 (printed p. 441), column 1; OCR entry: din, l.f, of dini [cf. Dhag. 32, Dhpr 97], 516. See dinmi.; auto-review: missing_gloss",paranavitana
OSi,,dina,"to conquer ; abs., dinā 9",,,"Sigiri PDF p. 449 (printed p. 441), column 1; OCR entry: dina, vb. [Skt. vji, P. jināti, Pkt jinei; of dinā, Gs., v. 129, mod. S dinanava], to conquer ; abs., dinā 9.",paranavitana
OSi,,dini,,,,"Sigiri PDF p. 449 (printed p. 441), column 1; OCR entry: dini, prt. of vde [P. dinna, 1.f. din cf. Amv. 119], 128, 212, 453, 570 9. dinmi [din+mi], rst sin. p. O nde, 350.; auto-review: missing_gloss",paranavitana
OSi,,dimut,shining,,,"Sigiri PDF p. 449 (printed p. 441), column 1; OCR entry: dimut, a. [Skt. dyumat; cf. Ksm. v. 331], shining, 378.",paranavitana
OSi,,diyat,water,,,"Sigiri PDF p. 449 (printed p. 441), column 1; OCR entry: diyat, s. [Skt. P. daka; cf. Amv. 2 and 1f. di1], water, 634. Se diya-vanna.",paranavitana
OSi,,diya,world,,,"Sigiri PDF p. 449 (printed p. 441), column 1; OCR entry: diya?, s. [Skt. jagat; cf. Ksm., y 73], world. See diya-himi.",paranavitana
OSi,,diyat-vanna,that to whic,,,"Sigiri PDF p. 449 (printed p. 441), column 1; OCR entry: diyat-vanna, cd. rel. [cf. diya vannā, Sls., v. 8], that to whic",paranavitana
OSi,,the water has come,,,,"Sigiri PDF p. 449 (printed p. 441), column 1; OCR entry: the water has come, a resërvoit abl. indef., -vannakin, 602.; auto-review: missing_gloss",paranavitana
OSi,,diya-himi,,,,"Sigiri PDF p. 449 (printed p. 441), column 1; OCR entry: ` diya-himi, cd. [cf. Mdv., v- 132 lord of the world; gen., -himiyā 627.; auto-review: missing_gloss",paranavitana
OSi,,diyā,"increased, lit. twofold, 517-",,,"Sigiri PDF p. 449 (printed p. 441), column 1; OCR entry: diyä, cond. or inf. of vde [Sk dātum. See Intr., § 478; cf. E B507 arar aunn A dakat d aaar RaT a a E a rA gunita; cf. diyuņa, Suv. 71, diyuņu, Ds. 59 and mod. S.], increased, lit. twofold, 517-",paranavitana
OSi,,diri,courage,,,"Sigiri PDF p. 449 (printed p. 441), column 2; OCR entry: diri, s. [Skt. dhairya; cf. Ps., v. 33 and diriya], courage, 257.",paranavitana
OSi,,diriya,"cd., -bala [cf. Ksm., v. 552], courage and strength",,,"Sigiri PDF p. 449 (printed p. 441), column 2; OCR entry: diriya, s., e.f. of diri [cf. Mdv., v. 121], cd., -bala [cf. Ksm., v. 552], courage and strength, 488.",paranavitana
OSi,,dili,"bright, radiant",,,"Sigiri PDF p. 449 (printed p. 441), column 2; OCR entry: dili, a., prt. of ydula [Skt. jvalita; cf. Gk., v. 380], bright, radiant, 233. dilenu, pr. pt. ref. (inf.) of vVdula, 145.",paranavitana
OSi,,div,island,,,"Sigiri PDF p. 449 (printed p. 441), column 2; OCR entry: div!, s. [Skt. duīpa, e.f. divi?; cf. Gk., v. 318], island, 433. See divä, divekä.",paranavitana
OSi,,div,tongue,,,"Sigiri PDF p. 449 (printed p. 441), column 2; OCR entry: div?, s. [Skt. jihvuā, cf. Sdsg. 192 and e.f. jiv], tongue, 134. See divz ota.",paranavitana
OSi,,div,nymph,,,"Sigiri PDF p. 449 (printed p. 441), column 2; OCR entry: div?, prt. of vduva, 73diva, s.a. [Skt. divya; cf. Amv. 11), heavenly, celestial; cd., diva- -asara [cf. divzasaran, Dhpr. 228], nymph, 178.",paranavitana
OSi,,divanne,sin. of pr. pt. (inf.) of duva,,,"Sigiri PDF p. 449 (printed p. 441), column 2; OCR entry: divanne, nom. sin. of pr. pt. (inf.) of duva, 195.",paranavitana
OSi,,divā,"of div?, or divit",,,"Sigiri PDF p. 449 (printed p. 441), column 2; OCR entry: divä, loc. of div?, or divit, 560.; auto-review: low_ocr_confidence",paranavitana
OSi,,divit,,,,"Sigiri PDF p. 449 (printed p. 441), column 2; OCR entry: divit, e.f. of div!, 293. See divä, divekä. divi?, 3rd sin. p. of vduva [cf. Ksm., v. 661), 485, 645.; auto-review: missing_gloss",paranavitana
OSi,,divi,ref. of vduva,,,"Sigiri PDF p. 449 (printed p. 441), column 2; OCR entry: divi, abs. ref. of vduva, 114, 438, 498, 579, 685.",paranavitana
OSi,,diviʻś,life,,,"Sigiri PDF p. 449 (printed p. 441), column 2; OCR entry: diviʻś, s. [Skt. jīvita, l.f. of jivit; cf. Dhpr. 246], life, 543; dat., diviyațt [cf. diviyața, Mdv., v. 100], 82.",paranavitana
OSi,,divekā,indef. of div* or diva,,,"Sigiri PDF p. 449 (printed p. 441), column 2; OCR entry: divekä, loc. indef. of div* or diva, 78.",paranavitana
OSi,,divela,"}, means of livelihood, sustenance",,,"Sigiri PDF p. 449 (printed p. 441), column 2; OCR entry: divela, s. [Skt. jīvana or jīvita; cf. divelin, Dhag. 127]}, means of livelihood, sustenance, 250.",paranavitana
OSi,,div?zoța,,,,"Sigiri PDF p. 449 (printed p. 441), column 2; OCR entry: div?zoța, cd., tongue and lips, 134.; auto-review: missing_gloss;uncertain_glyph",paranavitana
OSi,,dist,to appear,,,"Sigiri PDF p. 449 (printed p. 441), column 2; OCR entry: dist, vb. [Skt. vdrś!; cf. disē, Gk., v. 474], to appear. See dița— dițmi, dis—dis-vū, duț'—dudut. dis?, der. of vdis [Skt. drśya; cf. Sbl., v. 85], apparent. See disvū.",paranavitana
OSi,,disi,that which is apparent or has appeared,,,"Sigiri PDF p. 449 (printed p. 441), column 2; OCR entry: disi, e.f. of dis? or prt. of vdis [Skt. drśya or darśita; cf. Mdv., v. 69], that which is apparent or has appeared, 16, 368, 429, 546, 555, 588, 589. disey, 3rd sin. pr. ref. of vdis, 50. disnā, pr. pt. (a) of vdis [cf Dhpr. 204], 142.",paranavitana
OSi,,dis?*-vū,,,,"Sigiri PDF p. 449 (printed p. 441), column 2; OCR entry: dis?*-vū, cd., become apparent, 77.; auto-review: missing_gloss;low_ocr_confidence;uncertain_glyph",paranavitana
OSi,,dihi,poor,,,"Sigiri PDF p. 449 (printed p. 441), column 2; OCR entry: dihi, loc. of dit, 153. diļind, (1) a. [Skt. daridra, P. dalidda; cf. EZ. I. 185 and diliñdu; Mdv., v. 111], poor, 196. (2) der. [Skt. dāridrya; cf. diliñdu Ksm., v. 335], poverty; inst. diļindin, 240. 3L",paranavitana
OSi,,lī’,,,,"Sigiri PDF p. 449 (printed p. 441), column 3; OCR entry: lī’, abs. of vde [cf. Dhag. 275], 59, 98, 139, 294, 331, 374, 386, 519, 535; 577; 583, 590, 640; as auxiliary in comp. vb., 182; dī gata [Intr., § 501], 59. dima, vn. of vde, giving; inst., dīimen, 67.; auto-review: missing_gloss",paranavitana
OSi,,dut,,,,"Sigiri PDF p. 449 (printed p. 441), column 3; OCR entry: dut, var. of da! [cf. Dhpr. 271], 63, 353.; auto-review: missing_gloss",paranavitana
OSi,,du,,,,"Sigiri PDF p. 449 (printed p. 441), column 3; OCR entry: du?, var. of da?, (1) and, also [cf. Mbg. 2], 150, 241; (2) even, though [cf. Sbl., v. 6], 105, 329, 498, 544, 559, 563, 574, 605. du?, prefix [Skt. dus; cf. Sdsg. 69), bad, difficult. See du-duț.; auto-review: missing_gloss",paranavitana
OSi,,duk,"[Skt. duhkha, P. dukkha",,,"Sigiri PDF p. 449 (printed p. 441), column 3; OCR entry: duk, s. [Skt. duhkha, P. dukkha; cf. Dhag. 4), suffering, 124, 267, 525; acc. sin., duka [cf. Kskh. X. 21), 440; nom. sin. indef., dukak, 294; dat, dukața, 525; loc., duki. s37: Cdi BGU PL, -mässan, 124.",paranavitana
OSi,,dujula,resplendent,,,"Sigiri PDF p. 449 (printed p. 441), column 3; OCR entry: dujula, a. [Skt. jājvala, intens. of sjval; cf. didula, Gk., v. 23], resplendent, 115.",paranavitana
OSi,,duț,,,,"Sigiri PDF p. 449 (printed p. 441), column 3; OCR entry: duț?, cond. of vdis [Skt. drşțe, P. ditthe], 532, 551.; auto-review: missing_gloss;low_ocr_confidence",paranavitana
OSi,,duț,(2) rel,,,"Sigiri PDF p. 449 (printed p. 441), column 3; OCR entry: duț?, prt. of vdis, 1.f. of duța? and duțu [cf. Amv. 22, Dhag. 180), (1) a., 9, 64, 113, 190, 263, 433, 484, 547, 575, ÓT1, 639, 669 [22]; (2) rel., 149, 407. See duțun, duțot—duțmo, duț'hu, du-duț.",paranavitana
OSi,,duța,,,,"Sigiri PDF p. 449 (printed p. 441), column 3; OCR entry: duța!, e.f. of duț! [cf. Svv. 6o], 102.; auto-review: missing_gloss",paranavitana
OSi,,duța,,,,"Sigiri PDF p. 449 (printed p. 441), column 3; OCR entry: duța?, e.f. of duț’, 171, 615. See dutun, duțot.; auto-review: missing_gloss",paranavitana
OSi,,duțu,,,,"Sigiri PDF p. 449 (printed p. 441), column 3; OCR entry: duțu, e.f. of duț? [cf. Dhpr. 232], 232], 67, 168, 171. See duțun— duțot, duțvan, and duțvo.; auto-review: missing_gloss",paranavitana
OSi,,duțun,Ist pl. p. of vdis,,,"Sigiri PDF p. 449 (printed p. 441), column 3; OCR entry: duțun, acc. pl. of duț?, duța?, or - duțu (rel), 102. duțumo [duțu-+-mo; var. duțmo], Ist pl. p. of vdis, 371.; auto-review: low_ocr_confidence",paranavitana
OSi,,duțuyayuna,"pl. of duțu (rel.), I5",,,"Sigiri PDF p. 449 (printed p. 441), column 3; OCR entry: duțuyayuna, gen. pl. of duțu (rel.), I5.",paranavitana
OSi,,duțuyāna,of duțu (inf.),,,"Sigiri PDF p. 449 (printed p. 441), column 3; OCR entry: duțuyäna, inst., of duțu (inf.), 89.",paranavitana
OSi,,duțuyuna,"pl. of duțu (rel.), 377-",,,"Sigiri PDF p. 449 (printed p. 441), column 3; OCR entry: duțuyuna, acc. pl. of duțu (rel.), 377-",paranavitana
OSi,,duțuyen,,,,"Sigiri PDF p. 449 (printed p. 441), column 3; OCR entry: duțuyen, inst. of duțu (inf.) [cf. Dhag. 180], 34, 106, 284.; auto-review: missing_gloss",paranavitana
OSi,,duțu-van?ê,,,,"Sigiri PDF p. 449 (printed p. 441), column 3; OCR entry: duțu-van?ê, cd., semblance of having seen, 168.; auto-review: missing_gloss;uncertain_glyph",paranavitana
OSi,,duțuvo,cond. of vdis,,,"Sigiri PDF p. 449 (printed p. 441), column 3; OCR entry: duțuvo, nom. pl. of duțu (rel.), 65, 138, 226, 227. duțot [duț?, duța?, or duțu-+hot], cond. of vdis, 563. duț-tā?, der. [Intr § 515], inst., -tāyen, 216.",paranavitana
OSi,,duțmo,,,,"Sigiri PDF p. 449 (printed p. 441), column 3; OCR entry: duțmo, var. of duțumo, 312, 451.; auto-review: missing_gloss",paranavitana
OSi,,duțvan,"pl. of duțu (rel.), contr. fr. duțuvan",,,"Sigiri PDF p. 449 (printed p. 441), column 3; OCR entry: duțvan, gen. pl. of duțu (rel.), contr. fr. duțuvan, 28.",paranavitana
OSi,,duțven,,,,"Sigiri PDF p. 449 (printed p. 441), column 3; OCR entry: duțven, inst, of duțu (inf.), contr. fr. dutuven, 438. 3; auto-review: missing_gloss;low_ocr_confidence",paranavitana
OSi,,duț'hu,,,,"Sigiri PDF p. 449 (printed p. 441), column 3; OCR entry: duț'hu, nom. pl. of duț? (rel.) [cf duț'ha, Amv. 116], 389.; auto-review: missing_gloss",paranavitana
OSi,,du-duț,badly seen,,,"Sigiri PDF p. 449 (printed p. 441), column 3; OCR entry: du-duț?, cd. [Skt. dur-drşła], badly seen, 565. i P t S T from intens. Tof Ske. Aar. (pr a S DS N A AVA Sdsg. 181; mod. S. dedaranava lit. broken; cf. Dhag. 262 = ] dugga, Dhag. 274, juduļa = I te visamatthāna, dudula = } vidugga, Jag. 202 and G s 121], rugged or broken grounc `; SA fastness, fortress, 32, 96; cd -sela, 32.; auto-review: low_ocr_confidence",paranavitana
OSi,,dun,,,,"Sigiri PDF p. 450 (printed p. 442), column 1; OCR entry: . dun, prt. of vde [P. dinna-+ ka, va A din and dini; cf.’ Dhag. 31], 2€ 214, 266, 272, 278, 329, 423,458 483, 496, 595, 651. See dunnahı r and dunno.; auto-review: missing_gloss",paranavitana
OSi,,dunu,bow,,,"Sigiri PDF p. 450 (printed p. 442), column 1; OCR entry: dunu, s. [Skt. dhanuş; cf. Rm., v 353], bow. See dunu-vā ani dunu-ve.",paranavitana
OSi,,dunu-vā,503 (in place-name),,,"Sigiri PDF p. 450 (printed p. 442), column 1; OCR entry: dunu-vā, cd., l.f. of dunu-ve [cf Dhpr. 221], 503 (in place-name).",paranavitana
OSi,,dunu-ve,bowman archer,,,"Sigiri PDF p. 450 (printed p. 442), column 1; OCR entry: dunu-ve, cd. [Skt. dhanur-vedin o vedhaka; l.f. dunuvāj], bowman archer, 261.",paranavitana
OSi,,dunnahu,"1st pl., p. oi adel",,,"Sigiri PDF p. 450 (printed p. 442), column 1; OCR entry: dunnahu, nom, pl. of dun (rel.) = 3rd pl. p. of vdet, 224. dunmo [dun4-mo], 1st pl., p. oi adel, 519.",paranavitana
OSi,,l dur,"distance, far remote",,,"Sigiri PDF p. 450 (printed p. 442), column 1; OCR entry: l dur, s, a., l.f. of dura, 165, 370. dura, s.a. [Skt. dūra, l.f. dur; cf Kskh. VII. 32], distance, far remote, 149, 547, 591, 628; cd., -katar [cf. duru-katara, Amv. 118], 149.",paranavitana
OSi,,dur-rața,"loc., -ratä",,,"Sigiri PDF p. 450 (printed p. 442), column 1; OCR entry: dur-rața, cd. [cf. duru-rața, Kskh. X. 83], loc., -ratä, 165.",paranavitana
OSi,,dul,"shining, bright",,,"Sigiri PDF p. 450 (printed p. 442), column 1; OCR entry: dul, a. [Skt., jvalita; cf. Gs., v. 74], shining, bright, 378, 398, 467.",paranavitana
OSi,,dula,to shine,,,"Sigiri PDF p. 450 (printed p. 442), column 1; OCR entry: dula, vb. [Skt. jval; cf. dulana, Kskh. I. 3], to shine. See dili, dilenu.",paranavitana
OSi,,dul-vant,,,,"Sigiri PDF p. 450 (printed p. 442), column 1; OCR entry: dul-vant, cd., of bright colour, 378.; auto-review: missing_gloss",paranavitana
OSi,,duva,"to run; abs., duvaya",,,"Sigiri PDF p. 450 (printed p. 442), column 1; OCR entry: duva, vb., Lf. of vjuva, q.v. [cf. duvana, Sdsg. 39, and mod. S. duvanava], to run; abs., duvaya, 54.",paranavitana
OSi,,duvu,"[Skt. dvīpa; l.f. dū in mod. S.J, island",,,"Sigiri PDF p. 450 (printed p. 442), column 1; OCR entry: duvu, s. [Skt. dvīpa; l.f. dū in mod. S.J, island, 293.",paranavitana
OSi,,duven,"of prt. (inf.), or abs. of yduva",,,"Sigiri PDF p. 450 (printed p. 442), column 1; OCR entry: duven, inst. of prt. (inf.), or abs. of yduva, 681.",paranavitana
OSi,,det,"to give; 3rd sin. pr. [cf. Dhpr. 90], as 2nd element in comp. vb., de",,,"Sigiri PDF p. 450 (printed p. 442), column 1; OCR entry: det, vb. [Skt. vdā, P. deti; Pkt. dei; cf. mod. S. denava], to give; 3rd sin. pr. [cf. Dhpr. 90], as 2nd element in comp. vb., de, 271, 355. See din, dini, dinmi, diyä, dīi?}, dīma, dun, dunnahu, dunmo, deta, dena, dem, demo, deva, devu, dehi. t3 de’, l.f. of deya, q.v. [cf. Jag. 156 $i and mod. S. dē], thing, 619. y + odet, nm. [Skt. dve; cf. Dhag. 177 a ~ and dēkaj, two; st. f. as first member of cd., 122, 201, 320, 358, 464, 509, 518, 588, 681. Se [Skt. dvika; cf. Kup. 48 a IRN and mi . S.], two, 310, 438. See -~ dekahi, deklhi. A PARI AUU OE EEE A T, dakkhiņa; cf. dakana, Sdu., v È| 177, dakini, EZ. III. 257, dakunu Rm., v. 52, and mod, S.J], south southern; cd., -pasa, abl, -pasina, 566.",paranavitana
OSi,,dek'thi,"183. dedi (ī), 3rd sin. p. of vdoda",,,"Sigiri PDF p. 450 (printed p. 442), column 2; OCR entry: dek'thi, loc. of dekat [cf. Kup. 16] 183. dedi (ī), 3rd sin. p. of vdoda, 336, 528, 671.",paranavitana
OSi,,deta,,,,"Sigiri PDF p. 450 (printed p. 442), column 2; OCR entry: deta, cond. of vde! [cf. det, Dhpr. ror], 611.; auto-review: missing_gloss",paranavitana
OSi,,detā,"doubly, excessively",,,"Sigiri PDF p. 450 (printed p. 442), column 2; OCR entry: detā, adv. [Skt. dvi-tā or dvi-tas: cf. Rm., v. 46], doubly, excessively, 34, 361r; detā detā, repeatedly, 142.",paranavitana
OSi,,denat,"444. dena?, pr. pt. (a.) of vde! [cf. Dhag. 225]",,,"Sigiri PDF p. 450 (printed p. 442), column 2; OCR entry: denat, nom. sin. of dana! [cf. Uj. 48 and mod. S. denā], 444. dena?, pr. pt. (a.) of vde! [cf. Dhag. 225], 294; dena labaya [cf. dena labana, Kup. 87], periphrastic passive, lit. having received giving, 342.",paranavitana
OSi,,dene,"31. deney, 3rd sin. pr. ref. of vdan [cf. däneyi, Gk., v. 189], becomes known",,,"Sigiri PDF p. 450 (printed p. 442), column 2; OCR entry: dene, nom., sin. of dana? [cf. Sdsg. 110], 31. deney, 3rd sin. pr. ref. of vdan [cf. däneyi, Gk., v. 189], becomes known, 102. dem, rst sin. pres. of vde! [cf. demi, Jag. 35], 463demo, ist pl. pr. of vdet, 463.",paranavitana
OSi,,deya,thing,,,"Sigiri PDF p. 450 (printed p. 442), column 2; OCR entry: deya, s. [Skt. jāta; e.f. jäy, 1.f. däya and de; cf. Kup. 127 and mod. S.J], thing; loc., deyahi, 537. deyi, 3rd sin. pr. of vdet [cf. Dhag. 275], 358, 634. dev, s.a. [Skt. deva or divya; cf. Rm., v. 8], gods, heavenly, celestial. See devzasara, deyz ind., deva, imp. of vde [cf. Dhpr. 198), 137:",paranavitana
OSi,,devzasara,,,,"Sigiri PDF p. 450 (printed p. 442), column 2; OCR entry: devzasara, cd., nymph; gen. pl., -asaran [cf. Dhag. 70], 407, 572.; auto-review: missing_gloss",paranavitana
OSi,,devzind,"king of gods, Indra",,,"Sigiri PDF p. 450 (printed p. 442), column 2; OCR entry: devzind, cd. [Skt. devendra, P. devinda; cf. devzindu, Vds. 549], king of gods, Indra, 681.",paranavitana
OSi,,deviyani,,,,"Sigiri PDF p. 450 (printed p. 442), column 2; OCR entry: deviyani, voc. pl. of dev, 320. devu, imp. of vde!, 597.; auto-review: missing_gloss",paranavitana
OSi,,dev-sapu,heavenly splendour,,,"Sigiri PDF p. 450 (printed p. 442), column 2; OCR entry: dev-sapu, cd. [cf. Dhpr. 192], heavenly splendour; inst. indef., -sapuvakin, 449, 572.",paranavitana
OSi,,desa,"point, direction, place",,,"Sigiri PDF p. 450 (printed p. 442), column 2; OCR entry: desa, s. [Skt. deśa or dišā; cf. Kskh. X. 110 and Sdv., v. 176], point, direction, place, 7, 101, 552; inst., desin, 355; loc., dese [cf. Ksm., v. 550], 3, 7, 35, 110, 141, 229, 262, 307, 463, 477, 606, 622, 678; loc. indef., desekä, 305; a desen [cf. Dhpr. 103], 608; inst., desena, 638; loc., desehi [cf. Dhag. 222], 505. dehi, 2nd sin. pr. of vde! [cf, Svv. 26], 375-",paranavitana
OSi,,dot,"whether, or",,,"Sigiri PDF p. 450 (printed p. 442), column 2; OCR entry: dot, indec. [Skt, uta, P. udāhu; cf. döho, Kup. 2], whether, or, 419. do?, nm. [Skt. dvau; O.S. do, EZ. PSSN a LƏKE vanyş, probably a form derived from dhrsța used as Nom.; cf. dodav, Gk., v. 362, mod. S. dodanava, to speak], to speak audaciously, to boast. See dedi.",paranavitana
OSi,,dora,"door, open space adjoining the door, outside",,,"Sigiri PDF p. 450 (printed p. 442), column 3; OCR entry: dora, s. [Skt. dvära; cf. Dhag. 229 = äkäsamıgana, Jag. 123 and mod. S.], door, open space adjoining the door, outside; loc. indef., doraka, 151.",paranavitana
OSi,,dolo,"burning, pain",,,"Sigiri PDF p. 450 (printed p. 442), column 3; OCR entry: dolo, s., L.f. of jolo [cf. Rm., v. 134], burning, pain, 285.",paranavitana
OSi,,dos,fault,,,"Sigiri PDF p. 450 (printed p. 442), column 3; OCR entry: dos, s. [Skt. doşa; cf. Amv. 1, e.f. dosa], fault, 297. See dosin.",paranavitana
OSi,,dosa,,,,"Sigiri PDF p. 450 (printed p. 442), column 3; OCR entry: dosa, s., e.f. of dos [cf. Bga., v. 9], 391. See dosin.; auto-review: missing_gloss",paranavitana
OSi,,dosin,of dos or dosa,,,"Sigiri PDF p. 450 (printed p. 442), column 3; OCR entry: dosin, inst., of dos or dosa, 676,",paranavitana
OSi,,dohot,the palms held together as receptacle,,,"Sigiri PDF p. 450 (printed p. 442), column 3; OCR entry: dohot, cd. [do?°+-hat; cf. Rm., v. 282], the palms held together as receptacle; inst., dohotin [cf. Dhpr. 48], 634.",paranavitana
OSi,,na,negative particle,,,"Sigiri PDF p. 450 (printed p. 442), column 3; OCR entry: na, indec. [Skt. P. na; cf. Rm., v. 693], negative particle, 23, 522.",paranavitana
OSi,,naga,[Skt. vlangh,,,"Sigiri PDF p. 450 (printed p. 442), column 3; OCR entry: naga, vb. [Skt. vlangh; cf. O.S. lagitaka (prt.), EZ. IV. 221, naginava and nägenava in mod. S.; var. nañgaj, to rise. See =- nagaya,nagina,näga—nägena, negi!, negi?,",paranavitana
OSi,,nagaya,"405; (inf.) inst., nagināyini",,,"Sigiri PDF p. 450 (printed p. 442), column 3; OCR entry: nagaya, abs. of snaga, var. naùgay, 374. nagina, pr. pt. of vnaga; (a.) [cf. Gk., v. 485], 405; (inf.) inst., nagināyini, 280.",paranavitana
OSi,,naṅga,,,,"Sigiri PDF p. 450 (printed p. 442), column 3; OCR entry: nañga, vb., var. of vnaga [cf. naŭgayi, nañňgā, nañgī, Vds.]. See nañgay, näñgi, näňńgī, neńýi.; auto-review: missing_gloss;low_ocr_confidence",paranavitana
OSi,,naṅgay,,,,"Sigiri PDF p. 450 (printed p. 442), column 3; OCR entry: nañgay, abs, of vnañga [cf. Dhag. 181, l.f. naŭgā, Kup. 24], 113.; auto-review: missing_gloss",paranavitana
OSi,,naț,,,,"Sigiri PDF p. 450 (printed p. 442), column 3; OCR entry: naț, l.f. of nața, q.v., 198, 385, 494-; auto-review: missing_gloss",paranavitana
OSi,,nața,ruined,,,"Sigiri PDF p. 450 (printed p. 442), column 3; OCR entry: nața!, prt. of vnasi [Skt. naşta, P. nattha; cf. Dhpr. 58, 1.f. nat], ruined, 151, 349.",paranavitana
OSi,,natța*,to dance,,,"Sigiri PDF p. 450 (printed p. 442), column 3; OCR entry: natța*, vb. [Skt. vnrt; cf. natayi, Vds., and mod. S. națanava], to dance. See națay.",paranavitana
OSi,,nața-bita,,,,"Sigiri PDF p. 450 (printed p. 442), column 3; OCR entry: nața-bita, cd., ruined wall, 349; nom., -bitta, 151.; auto-review: missing_gloss",paranavitana
OSi,,națay,,,,"Sigiri PDF p. 450 (printed p. 442), column 3; OCR entry: națay, abs, of vnața, 236.; auto-review: missing_gloss",paranavitana
OSi,,naț-bita,,,,"Sigiri PDF p. 450 (printed p. 442), column 3; OCR entry: naț-bita, cd., var. of nata-bita; loc., -bitä, 71.; auto-review: missing_gloss",paranavitana
OSi,,naț-se,,,,"Sigiri PDF p. 450 (printed p. 442), column 3; OCR entry: naț-se!, cd., adv., 385.; auto-review: missing_gloss",paranavitana
OSi,,naț'hi,abs. of naț,,,"Sigiri PDF p. 450 (printed p. 442), column 3; OCR entry: naț'hi, loc. abs. of naț, 385.",paranavitana
OSi,,natur,"by syncope from naratur, or no+atur, constantly",,,"Sigiri PDF p. 450 (printed p. 442), column 3; OCR entry: natur, adv., by syncope from naratur, or no+atur, constantly, 207.",paranavitana
OSi,,nana,"Skt. nānā [cf. Ts., v. 163 and 1f. nan, Amv. 128), diverse",,,"Sigiri PDF p. 450 (printed p. 442), column 3; OCR entry: nana, indec., Skt. nānā [cf. Ts., v. 163 and 1f. nan, Amv. 128), diverse, 541.",paranavitana
OSi,,nabaka,[Skt. P. nava+ka,,,"Sigiri PDF p. 450 (printed p. 442), column 3; OCR entry: nabaka, s. [Skt. P. nava+ka; cf. nāmħba, Ds. 11, and mod. S. nāmbaļ, young of an animal, 201.",paranavitana
OSi,,namt,(1) named,,,"Sigiri PDF p. 450 (printed p. 442), column 3; OCR entry: namt, indec [Skt. nāma; cf. (1) Dhpr. 27, (2) Dhpr. 25, (3) Jag. 214], (1) named, 558; (2) if, 28, 75» 255; 473, 575, 591, 602, 615;",paranavitana
OSi,,nam“,name,,,"Sigiri PDF p. 451 (printed p. 443), column 1; OCR entry: nam“, S. [OKE MAMUN j Sr. L1ueT. 434 ef. nama], name, 62, 122. See namina.",paranavitana
OSi,,namat,,,,"Sigiri PDF p. 451 (printed p. 443), column 1; OCR entry: namat, e.f. of nam}, (1) really, 143; (2) as copula, 525.; auto-review: missing_gloss",paranavitana
OSi,,namat,"80; he who is named, i.e. person [cf. namakața, Uj. 118],-221",,,"Sigiri PDF p. 451 (printed p. 443), column 1; OCR entry: namat, e.f. of nam? [cf. Bga., v. 307, and mod. S.J], 80; he who is named, i.e. person [cf. namakața, Uj. 118],-221.",paranavitana
OSi,,namat,"to bend, bow, turn towards",,,"Sigiri PDF p. 451 (printed p. 443), column 1; OCR entry: namat, vb. [Skt. vnam; cf. namayi, Vds., and mod. S. namanava], to bend, bow, turn towards. See namane—namã, nämi— näme, numu.",paranavitana
OSi,,namat,salutation,,,"Sigiri PDF p. 451 (printed p. 443), column 1; OCR entry: namat, indec. [Skt. namas ; cf. Bega., v. 4], salutation; acc. pl. of rel. cd., -kaļayun, those who have worshipped, 78.",paranavitana
OSi,,namada,"to salute, worshıp",,,"Sigiri PDF p. 451 (printed p. 443), column 1; OCR entry: namada, vb. [Skt. namasya, namasyati; cf. namadu, St., V. I], to salute, worshıp; dat. sin. of pr. pt. (rel.), namadinnaț, to him who bows down, 535-",paranavitana
OSi,,namane,sin. of pr. pt. (inf.) of vnama?,,,"Sigiri PDF p. 451 (printed p. 443), column 1; OCR entry: namane, nom. sin. of pr. pt. (inf.) of vnama?, 78. namay, namaya, abs., of ynama?, yar. namā, 119, 166.",paranavitana
OSi,,namā,,,,"Sigiri PDF p. 451 (printed p. 443), column 1; OCR entry: namā, abs. of vnama? [e.f namaya; cf. Jag. 78], 303, 359 374-; auto-review: missing_gloss",paranavitana
OSi,,namina,,,,"Sigiri PDF p. 451 (printed p. 443), column 1; OCR entry: namina, inst. of nam? or nama [cf. namin, Sdsg. 19], 643.; auto-review: missing_gloss",paranavitana
OSi,,nara,man,,,"Sigiri PDF p. 451 (printed p. 443), column 1; OCR entry: nara, s. [Skt. nara; cf. Pn., v. 149] man; gen. pl. naran [cf. Bga., V 341]. See naranzind, naratur, ady. [Skt. nirantaram; cf naraturu, Ksm., v. 72], inces santly, 386.",paranavitana
OSi,,naranind,"lord of men, king 300",,,"Sigiri PDF p. 451 (printed p. 443), column 1; OCR entry: naranind, cd. [naran+ind, Skt narānām indra; cf. naraniñdu Ksm., v. 119], lord of men, king 300, 681; gen. sin., -ind'hu [ci naraniñduhu, Ksm., v. 213 124.",paranavitana
OSi,,nara-vara,,,,"Sigiri PDF p. 451 (printed p. 443), column 1; OCR entry: nara-vara, cd., pre-eminent € men, king; nom. sin. and ger sin., -varā [cf. Mdv., v. 39], 75; auto-review: missing_gloss",paranavitana
OSi,,nala,[Skt. anila,,,"Sigiri PDF p. 451 (printed p. 443), column 1; OCR entry: nala!, s. [Skt. anila; cf. Rm., V. 41 wind, 382. See nelen.",paranavitana
OSi,,nala,"to fondle, coax; ab cs. nalavaya",,,"Sigiri PDF p. 451 (printed p. 443), column 1; OCR entry: nala?, vb. [Skt. Wal; cf. nalavan Kvp. 100; in cs. only, mod. nalavanava], to fondle, coax; ab cs. nalavaya, 238.",paranavitana
OSi,,navata,"to stop, restrain. S€ navyata—navatmi, nävatänäväta",,,"Sigiri PDF p. 451 (printed p. 443), column 1; OCR entry: navata!, vb. [Skt. ni-vurt; c navatayi, Vds., and navatinar in mod. S.], to stop, restrain. S€ navyata—navatmi, nävatänäväta.",paranavitana
OSi,,"navata? or ""Āā","128. navatayi!, 3rd sin. pr. of vnavat: 607",,,"Sigiri PDF p. 451 (printed p. 443), column 1; OCR entry: navata? or ""Āā, abs. of vnavata, ( = as verb, 467, 664; (2) indec., aga - [Intr, § 518; cf. var. navatay and navatā, Mdu., v. 120], 128. navatayi!, 3rd sin. pr. of vnavat: 607.; auto-review: uncertain_glyph",paranavitana
OSi,,navatayi,new tender moon of the ~> month of Bag,,,"Sigiri PDF p. 451 (printed p. 443), column 1; OCR entry: navatayi?, abs. of vnavata indec. var. of navata’, 530. navatnā, pr. pt. (a.) of vnavat 1I4. a EE E D a a o a a T T T a I. 185], new tender moon of the ~> month of Bag, 64.; auto-review: low_ocr_confidence",paranavitana
OSi,,navar,city,,,"Sigiri PDF p. 451 (printed p. 443), column 2; OCR entry: navar, s. [Skt. nagara; cf. nuvara, Sbl., v. 358, and mod. S.], city, 46.",paranavitana
OSi,,nasa,"), to perish",,,"Sigiri PDF p. 451 (printed p. 443), column 2; OCR entry: nasa, vb, [Skt. vnas; cf. nasayi, Vds., and mod. S. nahanava]), to perish. See nasino, näsä— näsennatța.",paranavitana
OSi,,nasino,pl. of pr. pt. (rel.) of vnasa,,,"Sigiri PDF p. 451 (printed p. 443), column 2; OCR entry: nasino, nom., pl. of pr. pt. (rel.) of vnasa, 384.",paranavitana
OSi,,naham,[Skt. mā sma,,,"Sigiri PDF p. 451 (printed p. 443), column 2; OCR entry: naham, indec. [Skt. mā sma; cf. naham sita = P. mācintaya, Dhag. 223, and naham pahara = P. mā cchupi, ibid. 6x1}, (1) prohibitive, 118, 285; (2) negative, 313nahamanuvahața = P. datsino,",paranavitana
OSi,,nahama,"to observe, see, look; abs., nahama [cf. nahamāã, Sbl., v. 58]",,,"Sigiri PDF p. 451 (printed p. 443), column 2; OCR entry: nahama, vb. [Skt. ni-vsam; cf. Dhag. 57], to observe, see, look; abs., nahama [cf. nahamāã, Sbl., v. 58], 304; gd., nahamamni, 375-",paranavitana
OSi,,naļala,[Skt. lalātța,,,"Sigiri PDF p. 451 (printed p. 443), column 2; OCR entry: naļala, s. [Skt. lalātța; cf. Kskh. II. 34 and mod. S.J, forehead, 355, 372, 685.",paranavitana
OSi,,nāt,lord (in titles),,,"Sigiri PDF p. 451 (printed p. 443), column 2; OCR entry: nāt, s. [Skt. nātha or nāyaka; cf. tāvuru-nā, EZ. II. 120], lord (in titles), 172.",paranavitana
OSi,,nā,"a tree, Mesua ferrea",,,"Sigiri PDF p. 451 (printed p. 443), column 2; OCR entry: nā?, s. [Skt. nāga; cf. Amv. 128], a tree, Mesua ferrea, 394. nāsväseyi, no-+asväseyi, 93, 176.",paranavitana
OSi,,nā,,,,"Sigiri PDF p. 451 (printed p. 443), column 2; OCR entry: nä, indec., l.f. of nā, negative particle, 40, 72, 75, 266, 267, 359, 449, 538.; auto-review: missing_gloss",paranavitana
OSi,,nāga,"169; näga la [Intr., § 492]",,,"Sigiri PDF p. 451 (printed p. 443), column 2; OCR entry: näga, abs., ref. of vnaga, var. nägä, 155, 289, 295; näga gan [Intr., § 501], 169; näga la [Intr., § 492], 15.",paranavitana
OSi,,nāgā,,,,"Sigiri PDF p. 451 (printed p. 443), column 2; OCR entry: nägä, abs., ref. of vnaga, var. näga, 44, 180, 308, 416, 420, 428, 470, 485, 511, 569, 639, 670; nägä gamo [Intr., § 501], 388.; auto-review: missing_gloss",paranavitana
OSi,,nāgi,"ref. of vnaga, var. of näñgi",,,"Sigiri PDF p. 451 (printed p. 443), column 2; OCR entry: nägi!, prt. ref. of vnaga, var. of näñgi, 57,239, 299, 316, 446, 468, 501, 563, 613, 618, 627, 658, 674-",paranavitana
OSi,,nāgi,"ref. of vnaga, l.f. of nägi",,,"Sigiri PDF p. 451 (printed p. 443), column 2; OCR entry: nägi?, abs. ref. of vnaga, l.f. of nägi, 4, 74, 166, 260, 435, 479, 646. nägi?, 3rd sin. p. ref. of vnaga, 152.",paranavitana
OSi,,nāgiya,"of snaga, followed by form of vb. he",,,"Sigiri PDF p. 451 (printed p. 443), column 2; OCR entry: nägiya, cond. or inf. ref. [Intr., § 478] of snaga, followed by form of vb. he, 587.",paranavitana
OSi,,nāgiyuna,,,,"Sigiri PDF p. 451 (printed p. 443), column 2; OCR entry: nägiyuna, gen. pl. of nägi! (rel.), r 14. , | nägiye, nom. sin. of nägi’ (rel.) = - 3řd sin. p. ref. of vnaga, 372, 662. j | nägī, abs. ref. of vnaga, e.f. of l nägi? [cf. Mdv., v. 58], 72, 132, 1| 194, 289, 344, 424, 475, 528, 590, 656, 660, 665 [24]. , | nägena, pr, pt. ref. of vnaga (a.) [cf. näñňgena, Dhag. 199], 77- ; | näħñgi, var. of nägi! [cf. Ksm., v. 400], 425- , | näńgī, var. of nägi [cf. Dhag. 216], 684. ġ mra ee P. natthi; Lf. nät; cf. Bga., v. 132], there is not, 65, 76, 78, 80, 94, 117, 156, 157, 177, 251, 333, 337, 434, 468, 527 ; cond. followed by -t [cf. Dhpr. 214], 622.; auto-review: missing_gloss",paranavitana
OSi,,ātak,endless,,,"Sigiri PDF p. 451 (printed p. 443), column 3; OCR entry: ätak, a. [näti+-ak; cf. Jag. 210], endless, 129. ätä (ã), [näti4-ä} or åt], there is not, 251, 449, 657-",paranavitana
OSi,,iāti,[Skt. nästi-ka,,,"Sigiri PDF p. 451 (printed p. 443), column 3; OCR entry: iäti, a. [Skt. nästi-ka; cf. Svv. 55); (1) the condition of not existing, possessing ; (2) a person not possessing, 57, 64, 133, 339 368, 449, 465, 490, 500, 518; 582, 607, 658. Sce nätiyin—nätto.",paranavitana
OSi,,ātiyin,of näti (1),,,"Sigiri PDF p. 451 (printed p. 443), column 3; OCR entry: ätiyin, inst. of näti (1), 534.",paranavitana
OSi,,ātiyun,pl. of näti (2),,,"Sigiri PDF p. 451 (printed p. 443), column 3; OCR entry: ätiyun, gen. pl. of näti (2), 213.",paranavitana
OSi,,ātt,,,,"Sigiri PDF p. 451 (printed p. 443), column 3; OCR entry: ätt, orth. var. of nät, 678.; auto-review: missing_gloss",paranavitana
OSi,,wāttak,sin. indef. of näti (1),,,"Sigiri PDF p. 451 (printed p. 443), column 3; OCR entry: wättak, nom. sin. indef. of näti (1), 368.",paranavitana
OSi,,nāttan,or gen. pl. of näti (2),,,"Sigiri PDF p. 451 (printed p. 443), column 3; OCR entry: nättan, acc. or gen. pl. of näti (2), 136, 279, 664-",paranavitana
OSi,,nāttayun,pl. of näti (2),,,"Sigiri PDF p. 451 (printed p. 443), column 3; OCR entry: nättayun, gen. pl. of näti (2), 549.",paranavitana
OSi,,nātti,sin. f. of näti (2),,,"Sigiri PDF p. 451 (printed p. 443), column 3; OCR entry: nätti, nom. sin. f. of näti (2), 603.",paranavitana
OSi,,nātte,"sin, of näti (2)",,,"Sigiri PDF p. 451 (printed p. 443), column 3; OCR entry: nätte, nom. sin, of näti (2), 17, 481, 647-",paranavitana
OSi,,nātten,,,,"Sigiri PDF p. 451 (printed p. 443), column 3; OCR entry: nätten, inst. of näti (1) [cf. Svv. 79, Dhpr. 314, var. nätiyin and nätteyin], 87, 151, 410, 422, 657.; auto-review: missing_gloss",paranavitana
OSi,,nātteyin,,,,"Sigiri PDF p. 451 (printed p. 443), column 3; OCR entry: nätteyin, var. of nätiyin or nätten, 622.; auto-review: missing_gloss",paranavitana
OSi,,nātto,"488. nämi (ī) grd sin. p. of vnamař, inclined",,,"Sigiri PDF p. 451 (printed p. 443), column 3; OCR entry: nätto, nom. pl. of näti (2) [cf. Jag. 56], 488. nämi (ī) grd sin. p. of vnamař, inclined, 48, 357, 513-",paranavitana
OSi,,nāmī,"51. näme, 3rd sin. p. ref. of vnama?",,,"Sigiri PDF p. 451 (printed p. 443), column 3; OCR entry: nämī, abs. ref. of vnama’ [cf. Dhpr. 284], 51. näme, 3rd sin. p. ref. of vnama?, 470. näyulļavī, 3rd sin. p. cs.of Vniyala, 359.",paranavitana
OSi,,nāvatā,"of vnavata! [cf. Jag. Irr), 147: nävatit, 3rd sin. p. of navatat",,,"Sigiri PDF p. 451 (printed p. 443), column 3; OCR entry: nävatä, abs. of vnavata! [cf. Jag. Irr), 147: nävatit, 3rd sin. p. of navatat, 481.",paranavitana
OSi,,nāvati,,,,"Sigiri PDF p. 451 (printed p. 443), column 3; OCR entry: nävati?, prt. of vnavata! [cf. Jag. 108], 612.; auto-review: missing_gloss",paranavitana
OSi,,nāvati,"413. nävaten, imp. ref. of vnavatat",,,"Sigiri PDF p. 451 (printed p. 443), column 3; OCR entry: nävati, abs. ref. of vnavata? [cf. Amv. 58], 413. nävaten, imp. ref. of vnavatat, 164.",paranavitana
OSi,,nāvāta,"ref, of vnavata!",,,"Sigiri PDF p. 451 (printed p. 443), column 3; OCR entry: näväta, abs. ref, of vnavata!, 264.",paranavitana
OSi,,nāvātā,again,,,"Sigiri PDF p. 451 (printed p. 443), column 3; OCR entry: nävätä, abs. ref. of vnavata! as particle [Intr., § 518], again, 164.",paranavitana
OSi,,nāsā,"ref. of vnasa, 6r. näsi, 3rd sin. p. ref. of vnasa",,,"Sigiri PDF p. 451 (printed p. 443), column 3; OCR entry: näsä, abs. ref. of vnasa, 6r. näsi, 3rd sin. p. ref. of vnasa, 309. näse, 3rd sindi: ref. of vnasa, 494. i ,; auto-review: low_ocr_confidence",paranavitana
OSi,,nāsennața,"of pr. pt- (inf), nähäkkä Botnar at",,,"Sigiri PDF p. 451 (printed p. 443), column 3; OCR entry: näsennața, dat. of pr. pt- (inf), nähäkkä Botnar at, 267. Ļvnasa, 99. Tý; auto-review: low_ocr_confidence",paranavitana
OSi,,nĀ,"no, it is not",,,"Sigiri PDF p. 451 (printed p. 443), column 3; OCR entry: nĀ, indec. [no+hä?"" > nähä > nä, same in mod. Sy kf. nä], no, it is not, 169. ‘ ni, prefix [Skt. mi; cf. Sdsg. 09l down. See nikoț, nita: t, &e. ia g Puas. T P R r aj AYI Es TEMAARES VD. [OKE Nişf-VRram; ci nikmeyi, Vds.], to go from; pr. pt ref, nikmena [cf. Amv. 126] 529.; auto-review: low_ocr_confidence",paranavitana
OSi,,nigā,insult,,,"Sigiri PDF p. 452 (printed p. 444), column 1; OCR entry: nigā, s. [Skt. ni-graha, P. niggaha cf. Dhag. 69], insult, 445.",paranavitana
OSi,,nigālļi,chained,,,"Sigiri PDF p. 452 (printed p. 444), column 1; OCR entry: nigälļi, prt. a. [Skt. nigadita; cf nigaļla, Rm., v. 343], chained, 39",paranavitana
OSi,,nigom,noiselessly,,,"Sigiri PDF p. 452 (printed p. 444), column 1; OCR entry: nigom, adv. [ni+go0om, der. fr A vguma], noiselessly, 137.; auto-review: low_ocr_confidence",paranavitana
OSi,,nitat,"inst., ni-tatina, adv. [cf ni-tätin, Sbl., v. 321], without ar effort, automatically",,,"Sigiri PDF p. 452 (printed p. 444), column 1; OCR entry: nitat, cd. [ni+tat, var. of tät q-v.], inst., ni-tatina, adv. [cf ni-tätin, Sbl., v. 321], without ar effort, automatically, 367.",paranavitana
OSi,,niti,always,,,"Sigiri PDF p. 452 (printed p. 444), column 1; OCR entry: niti, adv. [Skt. nityam; cf. Kskh. X. 25], always, 590.",paranavitana
OSi,,ninabu,bent downwards,,,"Sigiri PDF p. 452 (printed p. 444), column 1; OCR entry: ninabu, a. [ni+nabu = Skt namra], bent downwards, 258, 377, 380.",paranavitana
OSi,,nind,,,,"Sigiri PDF p. 452 (printed p. 444), column 1; OCR entry: nind, l.f. of ninda, q.v., 449.; auto-review: missing_gloss",paranavitana
OSi,,ninda,sleep,,,"Sigiri PDF p. 452 (printed p. 444), column 1; OCR entry: ninda, s. [Skt. nidrã; cf. nidi, Amv. 67, and mod. S. nidi; 1f. nind], sleep, 32.",paranavitana
OSi,,nibada,"continuous, constant, constantly",,,"Sigiri PDF p. 452 (printed p. 444), column 1; OCR entry: nibada, a., adv. [Skt. nibaddha; cf. nibad, Dhag. 197, nibañda, Gs., v. 127, and var. niband], continuous, constant, constantly, 114.",paranavitana
OSi,,niband,,,,"Sigiri PDF p. 452 (printed p. 444), column 1; OCR entry: niband, var. of nibada, 478.; auto-review: missing_gloss",paranavitana
OSi,,nim,"a tree, Azadirachta indica; cd., -pateklhi",,,"Sigiri PDF p. 452 (printed p. 444), column 1; OCR entry: nim, s. [Skt. nimba; cf. niñńba, Rm., v. 208], a tree, Azadirachta indica; cd., -pateklhi, 394.",paranavitana
OSi,,niyat,,,,"Sigiri PDF p. 452 (printed p. 444), column 1; OCR entry: niyat, l.f. of niyā, q.v., 211.; auto-review: missing_gloss;low_ocr_confidence",paranavitana
OSi,,niya,"nail; cd., niyzagin [Skt. nakhāgrena",,,"Sigiri PDF p. 452 (printed p. 444), column 1; OCR entry: niya?, s, [Skt. nakha; cf. Rm., v. 282], nail; cd., niyzagin [Skt. nakhāgrena; cf. Sls., v. 45], 427.",paranavitana
OSi,,niyat,"certain, certainly",,,"Sigiri PDF p. 452 (printed p. 444), column 1; OCR entry: niyat, a., adv. [Skt. niyata; cf. Srv. I], certain, certainly, 55, 56; inst., niyatin, 549; niyatni, 66. niyam! s. [Skt. nigama; cf. niyama, EZ. III. 181, Mdv., v. 142], a corporation, market-town. See niyam-jeț. niyam?, niyama, s. [Skt. niyama; cf. EZ. III. 66], order; inst. niyamin [cf. Sbl., v. 57], 423.",paranavitana
OSi,,niyam-jețt,"alderman, a temple official",,,"Sigiri PDF p. 452 (printed p. 444), column 1; OCR entry: niyam-jețt, cd. [P. nigama-jetthaka; cf. niyam-jetu, EZ. I. 85; Intr., § 711], alderman, a temple official, 49.",paranavitana
OSi,,niyala,"to be depressed, grieved, or distressed; prt., niyala",,,"Sigiri PDF p. 452 (printed p. 444), column 1; OCR entry: niyala, vb. [Skt. ni-krş; der. fr. Skt. ni-krsta, P. nikațtha as Nom.; vn. niyälum, Ksm., v. 634, explained in Sanne as kheda], to be depressed, grieved, or distressed; prt., niyala, 268, 296; niyäli [cf. Ksm., v. 636], 374; 3rd pl. pr., niyaļet, 81; gdv., niyaļeya, 172. See also niyälļä and niyelļa.",paranavitana
OSi,,niyā,[Skt. nyãya,,,"Sigiri PDF p. 452 (printed p. 444), column 1; OCR entry: niyã, s. [Skt. nyãya; cf. Bs. 210), manner, propriety, 165, 254, 305, 336, 518, 581, 631.",paranavitana
OSi,,niyālā,of vniyala,,,"Sigiri PDF p. 452 (printed p. 444), column 1; OCR entry: niyälä, abs. of vniyala, 327.",paranavitana
OSi,,niyela,of vniyala,,,"Sigiri PDF p. 452 (printed p. 444), column 1; OCR entry: niyela, prt. of vniyala, 259.",paranavitana
OSi,,nirid,,,,"Sigiri PDF p. 452 (printed p. 444), column 1; OCR entry: nirid, cd. [nara+id; var. of nirind], 84, 147, 406, 627;; auto-review: missing_gloss",paranavitana
OSi,,isirā,,,,"Sigiri PDF p. 452 (printed p. 444), column 1; OCR entry: -isirā, var. of nirind-isirā, 247, 569.; auto-review: missing_gloss",paranavitana
OSi,,nirind,"lord of men, king",,,"Sigiri PDF p. 452 (printed p. 444), column 2; OCR entry: nirind, cd. [nara+ind = Skt, narendra, P. narinda; cf. niriñdu, Ksm., v. 68], lord of men, king, 73, 156, 247, 322, 569, 627; ge sin. indef., nirindak'hu, w cd., -isirā (gen. sin.), 247, 569; gen. sin., nirindu [cf. Gk., v. 117], 450, 494, 560, 584.",paranavitana
OSi,,nil,"blue, dark, black",,,"Sigiri PDF p. 452 (printed p. 444), column 2; OCR entry: nil, a. [Skt. nīla; cf. Gk., v. 65, and mod. S. e.f. nila], blue, dark, black, 13, 25, 183, 205, 237, 299, 334, 378, 415, 436, 483, 68o [22].",paranavitana
OSi,,nilat,,,,"Sigiri PDF p. 452 (printed p. 444), column 2; OCR entry: nilat, a., e.f. of nil, 364, 366. See nilit and nilu.; auto-review: missing_gloss",paranavitana
OSi,,nila,"resting place, ground, earth",,,"Sigiri PDF p. 452 (printed p. 444), column 2; OCR entry: nila?, s. [Skt. nilaya, T. nilam], resting place, ground, earth, 28.",paranavitana
OSi,,nila’,"to become attached, settle, rest",,,"Sigiri PDF p. 452 (printed p. 444), column 2; OCR entry: nila’, vb. [Skt. ni-vli; cf. nilavā, Kskh. X. 62], to become attached, settle, rest. See nili!—nili?,",paranavitana
OSi,,nilapula,,,,"Sigiri PDF p. 452 (printed p. 444), column 2; OCR entry: nilapula, cd. [nila1+upula], 452.; auto-review: missing_gloss",paranavitana
OSi,,nila-bāmā-sav,,,,"Sigiri PDF p. 452 (printed p. 444), column 2; OCR entry: nila-bämä-sav, cd., the bow of dark eyebrows, 364.; auto-review: missing_gloss",paranavitana
OSi,,ni-las,"not slow; ni-las vä, eagerly",,,"Sigiri PDF p. 452 (printed p. 444), column 2; OCR entry: ni-las, cd., a., adv. [cf. Rm., v. 42], not slow; ni-las vä, eagerly, 93.",paranavitana
OSi,,nili,,,,"Sigiri PDF p. 452 (printed p. 444), column 2; OCR entry: nili?, prt, of vnila?, 47. nili?, 3rd sin. p. of vnila?, 343.; auto-review: missing_gloss",paranavitana
OSi,,nili’,of vnila’,,,"Sigiri PDF p. 452 (printed p. 444), column 2; OCR entry: nili’, abs. of vnila’, 209, 363.",paranavitana
OSi,,nilit,,,,"Sigiri PDF p. 452 (printed p. 444), column 2; OCR entry: nilit, var. of nilat, 24. See nilu.; auto-review: missing_gloss",paranavitana
OSi,,nilipul,,,,"Sigiri PDF p. 452 (printed p. 444), column 2; OCR entry: nilipul, cd., nilit+upul, e.f. nilipula [cf. Kskh. VII. 37], 599.; auto-review: missing_gloss",paranavitana
OSi,,nilipula,,,,"Sigiri PDF p. 452 (printed p. 444), column 2; OCR entry: nilipula, e.f. of nilipul, 505; inst., -pullen, 502.; auto-review: missing_gloss",paranavitana
OSi,,niliba,"lotus; cd., -dala, lotus petals",,,"Sigiri PDF p. 452 (printed p. 444), column 2; OCR entry: niliba, s. [Skt. alina > *nilina > *nilima > niliba; cf. neluńba, Svv. 65, and mod. S. nelum], lotus; cd., -dala, lotus petals, 21.",paranavitana
OSi,,nilu,,,,"Sigiri PDF p. 452 (printed p. 444), column 2; OCR entry: nilu, var. of nila! and nili‘, blue; cd., -upul, 567. nil-upul, nilzupul, cd., 13, 124, 205, 285, 409.; auto-review: missing_gloss",paranavitana
OSi,,nil-upul (or nil-upul) -āsi,,,,"Sigiri PDF p. 452 (printed p. 444), column 2; OCR entry: nil-upul (or nil-upul) -äsi, cd., she with eyes like blue waterlilies; gen., -äsun, 205; acc. or gen. pl., -ässan, 124; voc. pl., nil-upul-ässen, 285. nil-upula, nil-upula, cd., 24, 207, 224, 458.; auto-review: missing_gloss",paranavitana
OSi,,nil-upula-mal,,,,"Sigiri PDF p. 452 (printed p. 444), column 2; OCR entry: nil-upula-mal, cd., blue waterlily flowers, 655.; auto-review: missing_gloss",paranavitana
OSi,,nil-upule pāhā,,,,"Sigiri PDF p. 452 (printed p. 444), column 2; OCR entry: nil-upule pähä, cd., she of the colour of the blue water-lily, 250.; auto-review: missing_gloss",paranavitana
OSi,,nil-kālum,,,,"Sigiri PDF p. 452 (printed p. 444), column 2; OCR entry: nil-kälum, cd., 558.; auto-review: missing_gloss",paranavitana
OSi,,nil-mahanel,,,,"Sigiri PDF p. 452 (printed p. 444), column 2; OCR entry: nil-mahanel, cd. [cf. Dhag. 117), -vanak, 318.; auto-review: missing_gloss",paranavitana
OSi,,nil-miņi,"blue gem, sapphire",,,"Sigiri PDF p. 452 (printed p. 444), column 2; OCR entry: nil-miņi, cd. [cf. Dhpr. 301], blue gem, sapphire, 346.",paranavitana
OSi,,nil-van,,,,"Sigiri PDF p. 452 (printed p. 444), column 2; OCR entry: nil-van, cd., dark-complexioned, 680.; auto-review: missing_gloss",paranavitana
OSi,,nil-valā,dark clouds,,,"Sigiri PDF p. 452 (printed p. 444), column 2; OCR entry: nil-valā, cd. [cf. Dhpr. 297], dark clouds, 331.",paranavitana
OSi,,niva,"to extinguish, cease, refresh; abs., niva",,,"Sigiri PDF p. 452 (printed p. 444), column 2; OCR entry: niva, vb. [Skt. nir-vväā; cf, nivihi, Dhag. 22, and mod. S, nivanava], to extinguish, cease, refresh; abs., niva, 32; 3rd sin. pr., nivay [cf. Dhag. 277], 192; abs., nivaya, 182. See also nivi.",paranavitana
OSi,,nivasa,[Skt. nivāsa,,,"Sigiri PDF p. 452 (printed p. 444), column 2; OCR entry: nivasa!, s. [Skt. nivāsa; cf. Ds. 40), dwelling. See nivase. nivasannatța, 565.",paranavitana
OSi,,nivase,of nivasa!,,,"Sigiri PDF p. 452 (printed p. 444), column 3; OCR entry: nivase, loc. of nivasa!, 498.",paranavitana
OSi,,ni-vahal,supportless,,,"Sigiri PDF p. 452 (printed p. 444), column 3; OCR entry: ni-vahal, cd., a. [ef. ni-vahalu, Dhag. 35, Kskh. X. 4], supportless, 385. f",paranavitana
OSi,,nivāsi,resident,,,"Sigiri PDF p. 452 (printed p. 444), column 3; OCR entry: niväsi, cd. [Skt. ni-väsī; cf. Dhag. 14], resident, 360.",paranavitana
OSi,,nivi,ref. of vniva,,,"Sigiri PDF p. 452 (printed p. 444), column 3; OCR entry: nivi, abs., ref. of vniva, 652.",paranavitana
OSi,,nis,"low, base",,,"Sigiri PDF p. 452 (printed p. 444), column 3; OCR entry: nis, a. [Skt. nīca], low, base, 29.",paranavitana
OSi,,ni-sasala,"not moving, still",,,"Sigiri PDF p. 452 (printed p. 444), column 3; OCR entry: ni-sasala, cd., a. [cf. Rm., v. 431], not moving, still, 24, 26, 138.",paranavitana
OSi,,nisi,"becoming, appropriate",,,"Sigiri PDF p. 452 (printed p. 444), column 3; OCR entry: nisi, a. [Skt. niśrita, P. nissita; cf. Dhag. 92], becoming, appropriate; nom, or acc. indef., = nissak, 220.",paranavitana
OSi,,nihi,gentle,,,"Sigiri PDF p. 452 (printed p. 444), column 3; OCR entry: nihi, a. [Skt. snigdha; cf. nihiya (adv.), Mdv., v. 156], gentle, 647. nut indec. [Skt. P. nu; cf. Ksm., v. 201], (1) indeed, 32, 80, 94, 182, 244, 254, 345, 415, 520; (2) now, 255nu? indec., no as ist member of cd. followed by a word with u in first syllable. See nu-dun, nu-mut, &c. nu’, prefix [Skt. anu], after, with, &c. See nugi, nuyula.",paranavitana
OSi,,nugi,"agreeable, sympathetic, companionable",,,"Sigiri PDF p. 452 (printed p. 444), column 3; OCR entry: nugi, s., f. [Skt. anugatã; cf. Sdv., v. 131], agreeable, sympathetic, companionable, 82; cd., -manavun, those with sympathetic hearts, 592.",paranavitana
OSi,,nudun,not given,,,"Sigiri PDF p. 452 (printed p. 444), column 3; OCR entry: nudun, cd, [no+dun; cf. Svv. 5], not given, 40.",paranavitana
OSi,,nuba,sky,,,"Sigiri PDF p. 452 (printed p. 444), column 3; OCR entry: nuba!, s. [Skt. nabhas; cf. Kj. v. 363, and numba Rm., v. 50], sky, 540. nuba’, prn. 2nd sin. [Skt. bkavān; cf. nuñba, Kskh. X. 17; originally respectful, now degraded], 339. numu, 3rd pl. p. or nom. pl. of prt. of vnama?, 535.",paranavitana
OSi,,numut,incessantly 256,,,"Sigiri PDF p. 452 (printed p. 444), column 3; OCR entry: numut, adv, [no -+mut; cf. Mdv., v. 43], incessantly 256.",paranavitana
OSi,,numuta,,,,"Sigiri PDF p. 452 (printed p. 444), column 3; OCR entry: numuta, e.f. of numut [cf. numutu, Ksm., v. 108], 3, 51.; auto-review: missing_gloss",paranavitana
OSi,,nuyun,eye,,,"Sigiri PDF p. 452 (printed p. 444), column 3; OCR entry: nuyun, s. [Skt. nayana, e.f. nuyuna, Lf. nuvan], eye, 40, 41, 87, 113, 194, 200, 257, 332, 437; 455, 473» 642, [24]; nuyuna, 24, 50, 52,215, 243, 345; dat. nuyunața, 138; cd., nuyun-aga, end or corner of eye, 41; nuyuna-mahanela, 215; loc., -mahanelä, 345; loc., nuyunä, 554; inst., nuyunin, 26, 340, 450, 458, 486, 640; nuyunina, 442; gen, pl. in 2nd",paranavitana
OSi,,member of rel,,,,"Sigiri PDF p. 452 (printed p. 444), column 3; OCR entry: member of rel, cd., nuyunun, 533; cd., nuyun-mahanel, 200; -mahanel-attam, 262; cd., nuyun-miņi [cf. nuvan-mini, Sdsg. 89], 87.; auto-review: missing_gloss",paranavitana
OSi,,nuyulļa,agreeable,,,"Sigiri PDF p. 452 (printed p. 444), column 3; OCR entry: nuyulļa, a. [Skt. anu-küla], agreeable, 582. nura, nurā, s, [Skt. anurāga; cf. Ksm., v. 160], love, affection, 23, 342. LLU VOILE, JF",paranavitana
OSi,,nuvala,"to follow, return; abs., nuvaļā",,,"Sigiri PDF p. 453 (printed p. 445), column 1; OCR entry: nuvala, vb. [Skt. anu-vurt], to follow, return; abs., nuvaļā, 197. net, negative particle no in cd. when followed by word with e or ä in first syllable, 47, 131, 231, 322, 463, 489, 502, 535, 591, 601, 626.",paranavitana
OSi,,ne,"interrogative, e.f. of nä",,,"Sigiri PDF p. 453 (printed p. 445), column 1; OCR entry: ne?, indec., interrogative, e.f. of nä, 504.",paranavitana
OSi,,neka,"not one, many, 549negi!, negi, e.f. of nägi? and nägi",,,"Sigiri PDF p. 453 (printed p. 445), column 1; OCR entry: neka, a. [Skt. naika; cf. Ks., V. 185], not one, many, 549negi!, negi, e.f. of nägi? and nägi, 7, 217, 218, 661.",paranavitana
OSi,,negit,,,,"Sigiri PDF p. 453 (printed p. 445), column 1; OCR entry: negit, e.f. of nägit, 66r.; auto-review: missing_gloss;low_ocr_confidence",paranavitana
OSi,,neùńgi,,,,"Sigiri PDF p. 453 (printed p. 445), column 1; OCR entry: neùńgi, e.f. of näñgi, 269.; auto-review: missing_gloss",paranavitana
OSi,,net,"eye, 3» 25",,,"Sigiri PDF p. 453 (printed p. 445), column 1; OCR entry: net, s. [lLf. of netat; cf. Rm., v. 286], eye, 3» 25, 144, 156, 291, 296, 327, 342, 438, 473, 499, 558- See netakin—netuni.",paranavitana
OSi,,netat,eye,,,"Sigiri PDF p. 453 (printed p. 445), column 1; OCR entry: netat, s. [Skt. netra, P. netta; cf. Ksm., v. 67], eye, 21, 51, 268, 409, 479, 559, 639. Sce netakin— netuni.",paranavitana
OSi,,neta,,,,"Sigiri PDF p. 453 (printed p. 445), column 1; OCR entry: neta?, e.f. of näta, 160, 585-; auto-review: missing_gloss",paranavitana
OSi,,netakin,indef. of net or netat,,,"Sigiri PDF p. 453 (printed p. 445), column 1; OCR entry: netakin, inst. indef. of net or netat, 183, 572-",paranavitana
OSi,,netin,of net or neta’,,,"Sigiri PDF p. 453 (printed p. 445), column 1; OCR entry: netin, inst. of net or neta’, 496, 572.",paranavitana
OSi,,netun,"pl. of net or neta’, as last member of rel. cd",,,"Sigiri PDF p. 453 (printed p. 445), column 1; OCR entry: netun, gen. pl. of net or neta’, as last member of rel. cd., 195.",paranavitana
OSi,,netuni,,,,"Sigiri PDF p. 453 (printed p. 445), column 1; OCR entry: netuni, voc., pl. of net or neta? as last member of rel. cd., 597-; auto-review: missing_gloss",paranavitana
OSi,,netten,"of neti, e.f. of näti",,,"Sigiri PDF p. 453 (printed p. 445), column 1; OCR entry: netten, inst., of neti, e.f. of näti, 457.",paranavitana
OSi,,net-hit,,,,"Sigiri PDF p. 453 (printed p. 445), column 1; OCR entry: net-hit, cd., eye-arrow; dat., -hiyaț, 291.; auto-review: missing_gloss",paranavitana
OSi,,nelen,"73; 372ne-väsänen [no--väsänen, inst of pr. pt. (inf.) of Vvasa?]",,,"Sigiri PDF p. 453 (printed p. 445), column 1; OCR entry: nelen, inst. of nala? [cf. Dhpr 298], 73; 372ne-väsänen [no--väsänen, inst of pr. pt. (inf.) of Vvasa?], 231.",paranavitana
OSi,,nevesun,"resi dence, dwelling",,,"Sigiri PDF p. 453 (printed p. 445), column 1; OCR entry: nevesun, s. [Skt. ni-vasana; cf nivasa and nivesuna], resi dence, dwelling, 165, 376.",paranavitana
OSi,,nevesuna,,,,"Sigiri PDF p. 453 (printed p. 445), column 1; OCR entry: nevesuna, e.f. of nevesun ani d nevesna, 637; dat. sin. indef. nevyesunakața, 593.; auto-review: missing_gloss",paranavitana
OSi,,nevesna,,,,"Sigiri PDF p. 453 (printed p. 445), column 1; OCR entry: nevesna, var. of nevesuna; dat. nevesnatțt, 56; nevesnața, 134.; auto-review: missing_gloss",paranavitana
OSi,,neļi,"coco-nut; cd., -pala",,,"Sigiri PDF p. 453 (printed p. 445), column 1; OCR entry: neļi, s. [Skt. nārikela; cf. O.S nādira, neralu, and näli, Sdsg 121], coco-nut; cd., -pala, 379.",paranavitana
OSi,,no,"negative particle, (: precedes the word of which th meaning is affected [cf. Ksm., 1]",,,"Sigiri PDF p. 453 (printed p. 445), column 1; OCR entry: no, indec. [Skt. na or no; equivaler in cd. to Skt. an; modified to n and neJ], negative particle, (: precedes the word of which th meaning is affected [cf. Ksm., 1], 1, 23, 91,140, 208, 330, 37! 1 450,: 510, 579 626, 675; ( A follows in interrogative sense [c Dhag. 5, Ksm., v. 157), 10; 7 151, 175, 213, 309, 383, 441, 49 542, 593, 607 [42].",paranavitana
OSi,,no-asala,,,,"Sigiri PDF p. 453 (printed p. 445), column 1; OCR entry: no-asala, cd., not near, distanc 349.; auto-review: missing_gloss;low_ocr_confidence",paranavitana
OSi,,no-ek,not on many,,,"Sigiri PDF p. 453 (printed p. 445), column 1; OCR entry: no-ek, cd. [cf. Amv. 17], not on many, 206.",paranavitana
OSi,,no-kisi,without cessation,,,"Sigiri PDF p. 453 (printed p. 445), column 1; OCR entry: no-kisi, cd. [cf. no-kisivak, Dha v. 336], without cessation, 477.",paranavitana
OSi,,no-daham,,,,"Sigiri PDF p. 453 (printed p. 445), column 2; OCR entry: no-daham, cd., negation of virtue, 193.; auto-review: missing_gloss",paranavitana
OSi,,no-bārā-bav,the condition of being not difficult,,,"Sigiri PDF p. 453 (printed p. 445), column 2; OCR entry: no-bärä-bav, cd. [ef. no-barabava, Kskh. XIV. 22], the condition of being not difficult.",paranavitana
OSi,,noyek,,,,"Sigiri PDF p. 453 (printed p. 445), column 2; OCR entry: noyek, cd, [no +ek, cf. Amv. 15), not one, many, 127»; auto-review: missing_gloss",paranavitana
OSi,,no-risi,not desired,,,"Sigiri PDF p. 453 (printed p. 445), column 2; OCR entry: no-risi, cd. [cf. Sdu., v. 250], not desired, 491, 586, 667.",paranavitana
OSi,,no-rusnā,"ļ, not desiring",,,"Sigiri PDF p. 453 (printed p. 445), column 2; OCR entry: no-rusnã, cd. [cf. Svu. 58, mod. S. nurussana]ļ, not desiring, 255; indef., no-rusnāk, 242.",paranavitana
OSi,,no-sand'han,,,,"Sigiri PDF p. 453 (printed p. 445), column 2; OCR entry: no-sand'han, cd., not remembered, forgotten, 391.; auto-review: missing_gloss",paranavitana
OSi,,no-sahanā,unbearable,,,"Sigiri PDF p. 453 (printed p. 445), column 2; OCR entry: no-sahanā, cd. [cf. no-sahanne, Jag. 49], unbearable, 330.",paranavitana
OSi,,no-sulabā,,,,"Sigiri PDF p. 453 (printed p. 445), column 2; OCR entry: no-sulabä, cd. [cf. Ksm., v. 91), not easily obtained, 99.; auto-review: missing_gloss",paranavitana
OSi,,no-handunanu,non-recognition,,,"Sigiri PDF p. 453 (printed p. 445), column 2; OCR entry: no-handunanu, cd. [cf. mod. S. nāñdunana], non-recognition, 330. pa!, prefix [Skt. pra, P. Prkt., pa; cf. Sdsg. 69]. See pagã, paņaya, paturvamin, &c. Has undergone phonological change in pulud and polombay.",paranavitana
OSi,,pa,[Skt. pra-vdhä or praalkāś!,,,"Sigiri PDF p. 453 (printed p. 445), column 2; OCR entry: pa?, vb. [Skt. pra-vdhä or praalkāś!; cf. på (prt.), Gk., v. 68), to place before, show, present. See pan, pãma.",paranavitana
OSi,,paga,favour,,,"Sigiri PDF p. 453 (printed p. 445), column 2; OCR entry: paga, s. [lLf. of pagā, but differentiated in meaning; cf. mod. S. pagā, bribe], favour, 319.",paranavitana
OSi,,pagā,courage,,,"Sigiri PDF p. 453 (printed p. 445), column 2; OCR entry: pagã, s. [Skt. pragraha; cf. Sdsg. 69], courage, 134. paț, pața, s. [Skt. patta; cf. pata, Kskh. X. 122], fine cloth, silk, diadem, 219, 221, 230, 327; 399, 467. Sec pațin.",paranavitana
OSi,,patan,"sea-port (in placename), 627-",,,"Sigiri PDF p. 453 (printed p. 445), column 2; OCR entry: patan, s, [Skt. pațțana; cf. patanehi, Amv. 130], sea-port (in placename), 627-",paranavitana
OSi,,patin,"of paț or pața, from the diadem",,,"Sigiri PDF p. 453 (printed p. 445), column 2; OCR entry: patin, abl. of paț or pața, from the diadem, 343.",paranavitana
OSi,,paț-vārāli,silk cloth,,,"Sigiri PDF p. 453 (printed p. 445), column 2; OCR entry: paț-väräli, cd. [cf. pața-väräli hannem, Esl. 5, Bga. 448], silk cloth; nom. sin. indef., -värällak, 230.",paranavitana
OSi,,paņaya,"love; cd., -dabara [cf. pana-dabara, Sdu. 214], love quarrel, 383paņayi, der. fr. paņaya [Skt. praņayin], lover",,,"Sigiri PDF p. 453 (printed p. 445), column 2; OCR entry: paņaya, s. [Skt. praņaya, var. paņayu, der. paņayi, cf. panā, Rm., v. 116, and panayam, a lover’s gift, Uj. 49], love; cd., -dabara [cf. pana-dabara, Sdu. 214], love quarrel, 383paņayi, der. fr. paņaya [Skt. praņayin], lover; gen. pl., paņayiyan, 397.",paranavitana
OSi,,paņayu,,,,"Sigiri PDF p. 453 (printed p. 445), column 2; OCR entry: paņayu, l.f. of paņaya, 61, 613.; auto-review: missing_gloss",paranavitana
OSi,,patt,"arrived, obtained, attained",,,"Sigiri PDF p. 453 (printed p. 445), column 2; OCR entry: patt, a. prt. [Skt. prāpta, e.f. patat; à cf. Sdv., v. 82], arrived, obtained, attained, 18, 55, 6O, 116, 132, 145; 277, 294, 372, 406, 408, 463, 480 536, 561,631. See patař, patimi. j patte.",paranavitana
OSi,,pat,"(1) leaf [cf Amv. 158] Ksm., v. 566], see patař, patak; (4) lobe of the ear; see patä",,,"Sigiri PDF p. 453 (printed p. 445), column 2; OCR entry: pat?, s. [Skt. pattra, P. patta, e.f ; pata?], (1) leaf [cf Amv. 158] Ksm., v. 566], see patař, patak; (4) lobe of the ear; see patä.",paranavitana
OSi,,atal,,,,"Sigiri PDF p. 453 (printed p. 445), column 3; OCR entry: atal, e.f. of pat? [cf. Ksm., v. 47l, 136. See pata’,; auto-review: missing_gloss",paranavitana
OSi,,ata,,,,"Sigiri PDF p. 453 (printed p. 445), column 3; OCR entry: ata, e.f. of pat?, letter, 293. See patak.; auto-review: missing_gloss",paranavitana
OSi,,ata,"abs., i.e. cond. of pat! or patat, Skt. prapte",,,"Sigiri PDF p. 453 (printed p. 445), column 3; OCR entry: ata?, loc. abs., i.e. cond. of pat! or patat, Skt. prapte, 278.",paranavitana
OSi,,atat,"to hope, wish for, desire",,,"Sigiri PDF p. 453 (printed p. 445), column 3; OCR entry: atat, vb. [Skt. pra-varth, prārthayati, P. pattheti; cf. patahi, Dhag. 21, and mod. S. patanava], to hope, wish for, desire. See patan, patam, patay, patā, päti, pätu.",paranavitana
OSi,,yatak,"269; (2) gen. sin. indef. pat?, 394-",,,"Sigiri PDF p. 453 (printed p. 445), column 3; OCR entry: yatak, e.f, pataka, (1) acc. sin. indef. of pat? or pata? [cf. Dhag. 231], 269; (2) gen. sin. indef. pat?, 394-",paranavitana
OSi,,pataka,,,,"Sigiri PDF p. 453 (printed p. 445), column 3; OCR entry: pataka, e.f. of patak, (1) 293; (2) 187. patan, imp. of ypatat, 240. patam, gd. of vpata* [cf. patam = P. abhipatthayam, Dhag. 22], 129.; auto-review: missing_gloss",paranavitana
OSi,,patay,of vpata‘,,,"Sigiri PDF p. 453 (printed p. 445), column 3; OCR entry: patay, abs. of vpata‘, 632.",paranavitana
OSi,,patara,expanse,,,"Sigiri PDF p. 453 (printed p. 445), column 3; OCR entry: patara, s. [Skt. prasara; cf. Kskh. I. 99, Dhag. 124], expanse; inst., patarin [cf. Dhpr. 341], 685-",paranavitana
OSi,,patā,"of pata‘, var. of patay",,,"Sigiri PDF p. 453 (printed p. 445), column 3; OCR entry: patā, abs. of pata‘, var. of patay, 424, 560.",paranavitana
OSi,,patā,"of pat?, in the lobe (of the ear), 343-",,,"Sigiri PDF p. 453 (printed p. 445), column 3; OCR entry: patä, loc. of pat?, in the lobe (of the ear), 343-",paranavitana
OSi,,patin,,,,"Sigiri PDF p. 453 (printed p. 445), column 3; OCR entry: patin, inst. or abl. of patê, 303. patimi, pat? or pata!+mi [Intr., § 438], 405-; auto-review: missing_gloss",paranavitana
OSi,,patu,,,,"Sigiri PDF p. 453 (printed p. 445), column 3; OCR entry: patu, var. of pata’ [cf. Dhag. 195], 336. ,; auto-review: missing_gloss",paranavitana
OSi,,patura,"to spread, diffuse; gd. cs., paturuvamin [cf. paturuvamin, Gs., v. 210]",,,"Sigiri PDF p. 453 (printed p. 445), column 3; OCR entry: patura, vb. [Skt. pra-vstr, B: patthareti; cf. paturuvay, Dhag. 188], to spread, diffuse; gd. cs., paturuvamin [cf. paturuvamin, Gs., v. 210], 460. patuvamo, patu (rel.)+mo Untr., § 438], 398.",paranavitana
OSi,,patek!hi,"indef. of pat? or patat, in a leaf, 394-",,,"Sigiri PDF p. 453 (printed p. 445), column 3; OCR entry: patek!hi, loc. indef. of pat? or patat, in a leaf, 394-",paranavitana
OSi,,patt,,,,"Sigiri PDF p. 453 (printed p. 445), column 3; OCR entry: patt, orth. var. of pat?, petal, 228.; auto-review: missing_gloss",paranavitana
OSi,,patte,,,,"Sigiri PDF p. 453 (printed p. 445), column 3; OCR entry: patte, nom. sin, of patu (rel.) [cf. Amv. 24], 537-; auto-review: missing_gloss",paranavitana
OSi,,pada,"(1) line of a verse [cf. Esl, v: 22]",,,"Sigiri PDF p. 453 (printed p. 445), column 3; OCR entry: pada, s. [Skt. P. pada], (1) line of a verse [cf. Esl, v: 22], 44; see satar-pada; (2) path [cf. nivanața pada=P. amatassa padat, Dhag. 78), 525; acc. sin., padaya, 558, 560 (see satar-padaya); nom. sin., pade, path, 525. pant, imp. of vpa?, as auxiliary after abs. [cf. kara-pan, bala pan, &c., in mod. S], 465. See elapan. pant, nm. [Skt. pañca; only as rst member of cd., cf. pan-sil, Kskh. L r6], five. See pan-siyas",paranavitana
OSi,,panat,"convention, propriety, 137-",,,"Sigiri PDF p. 453 (printed p. 445), column 3; OCR entry: panat, s. [Skt. prajñapti, P. paññatti; cf. Ms., v. t10], convention, propriety, 137-",paranavitana
OSi,,pani,"to jump, leap; gd. 44",,,"Sigiri PDF p. 453 (printed p. 445), column 3; OCR entry: pani, vb. [Skt. pra-~skand; mod. S. paninava], to jump, leap; gd. 44, 249; ace. indef. [cf. Dhpr. 74 aa NM. Ca., nve hNundrec 560; -siyak, 560.; auto-review: low_ocr_confidence",paranavitana
OSi,,pay,(1) foot,,,"Sigiri PDF p. 454 (printed p. 446), column 1; OCR entry: pay, s. [l.f. of paya; cf. EZ. IV 148], (1) foot, 105 (see siva-pay) (2) honorific, 153 (see raj-pay).",paranavitana
OSi,,paya,foot,,,"Sigiri PDF p. 454 (printed p. 446), column 1; OCR entry: paya, s. [Skt. P. päda, 1.f. pay; ci Dj. 262], foot, 78; cd., paya } mul-ley-daru [cf. pã-mili, EZ À I. 213, and see ley-daru], privat secretary, II19, 320.",paranavitana
OSi,,payala,"[paya+la, pleonastic Intr., § 396",,,"Sigiri PDF p. 454 (printed p. 446), column 1; OCR entry: payala, s. [paya+la, pleonastic Intr., § 396; cf. EZ. IV. 175), land measure, ł of a kiri (P. karisa) acc. sin. indef., payalak, 464.",paranavitana
OSi,,para,other,,,"Sigiri PDF p. 454 (printed p. 446), column 1; OCR entry: para, a. [Skt. P. para; cf. Bga., v 52], other. See para-lovo.",paranavitana
OSi,,paran,old,,,"Sigiri PDF p. 454 (printed p. 446), column 1; OCR entry: paran, a. [Skt. purāna; cf. Hs., v 170], old, 101 (in place-name).",paranavitana
OSi,,paraja,,,,"Sigiri PDF p. 454 (printed p. 446), column 1; OCR entry: paraja, vb., e.f. of vparada, q.v See päräjä.; auto-review: missing_gloss",paranavitana
OSi,,parada,"to defeat: abs. cs., paradda [paradava > paradva > paradda]",,,"Sigiri PDF p. 454 (printed p. 446), column 1; OCR entry: parada, vb. [Skt. parā-vji; cf paradavana, Vds. 511, e.f. paraja, mod. S. paradina va], to defeat: abs. cs., paradda [paradava > paradva > paradda], 245; pr. pt. (a.), paradnā, 63o.",paranavitana
OSi,,paraya,to defeat,,,"Sigiri PDF p. 454 (printed p. 446), column 1; OCR entry: paraya, vb., var. of paraja [cf. parayana, Amu. s5], to defeat. See päräyu.",paranavitana
OSi,,para-lovo,"other world, next world, 6r",,,"Sigiri PDF p. 454 (printed p. 446), column 1; OCR entry: para-lovo, cd. [cf. para-lova, Kskh. TX. 46, and para-lō, Dhag. 21], other world, next world, 6r.",paranavitana
OSi,,paraviti,"absence, lit, turning away",,,"Sigiri PDF p. 454 (printed p. 446), column 1; OCR entry: paraviti, s. [Skt. parãvyrtti; Dhag. 143 gives this as meaning of P. parammukha], absence, lit, turning away, 147, 248; loc., paravitiye, 171, 551; paravițihi, 408.",paranavitana
OSi,,pala,"fruit, seed, result",,,"Sigiri PDF p. 454 (printed p. 446), column 1; OCR entry: pala, s. [Skt. phala; cf. Kskh. XII. 19], fruit, seed, result, 648 (in mutu-pala). See pele.",paranavitana
OSi,,palan,,,,"Sigiri PDF p. 454 (printed p. 446), column 1; OCR entry: palan, prt. of vpalanda [cf. Gk., v. 244], 112, 446.; auto-review: missing_gloss",paranavitana
OSi,,palana,,,,"Sigiri PDF p. 454 (printed p. 446), column 1; OCR entry: palana, e.f. of palan, 30.; auto-review: missing_gloss",paranavitana
OSi,,palanda,"to wear, deck, adorn, don",,,"Sigiri PDF p. 454 (printed p. 446), column 1; OCR entry: palanda, vb. [Skt. pi-vnah, P. pilandhati cf. abs. päläňda, Sls., v. 20, and mod. S. palandinava], to wear, deck, adorn, don. See palan, palana, palandu, pälandi—päländi.",paranavitana
OSi,,palandu,cs. of vpalanda [#palandavu > palandvūů > palandu),,,"Sigiri PDF p. 454 (printed p. 446), column 1; OCR entry: palandu, prt. cs. of vpalanda [#palandavu > palandvūů > palandu), 337.; auto-review: low_ocr_confidence",paranavitana
OSi,,palaba,"hanging down, long; cd., palabat? [cf. palañbzata, Kskh. VI. 33], long hand",,,"Sigiri PDF p. 454 (printed p. 446), column 1; OCR entry: palaba, a. [Skt. pralamba], hanging down, long; cd., palabat? [cf. palañbzata, Kskh. VI. 33], long hand; inst., zatini, 554.",paranavitana
OSi,,palu,"sprout, bud",,,"Sigiri PDF p. 454 (printed p. 446), column 1; OCR entry: palu, s. [Skt. pallava; cf. Sdv., v. 80], sprout, bud, 187, 446, 458. See palu-mal, pallat, pallā.",paranavitana
OSi,,paluța,fruit,,,"Sigiri PDF p. 454 (printed p. 446), column 1; OCR entry: paluța, s. [pala+tța; see Intr., § 394], fruit, 373.",paranavitana
OSi,,palu-mál,,,,"Sigiri PDF p. 454 (printed p. 446), column 1; OCR entry: palu-mál, cd., inst, -malena, 187.; auto-review: missing_gloss",paranavitana
OSi,,palla,of palu,,,"Sigiri PDF p. 454 (printed p. 446), column 1; OCR entry: palla, gen. of palu, 595.",paranavitana
OSi,,pallața,"rock, mountain",,,"Sigiri PDF p. 454 (printed p. 446), column 1; OCR entry: pallața, dat. of palu, 73, 394. 175); e.f. pava; cf. Dhag. 7 Rm., v. 185], rock, mountain, 24 27, 550. See pavahi—pavehi pevin, pevehi.",paranavitana
OSi,,pava,,,,"Sigiri PDF p. 454 (printed p. 446), column 2; OCR entry: pava, e.f. of pav, 427 (in place name). See pavahi—pavehi pevin, pevehi.; auto-review: missing_gloss",paranavitana
OSi,,pavati,"to continue t exist, to conduct; imp., pavatı [cf. Sls., v. 108]",,,"Sigiri PDF p. 454 (printed p. 446), column 2; OCR entry: pavati, vb. [Skt. pra-vort; ci pavativā, Kskh. XV. 26, and mog S. pavatinava], to continue t exist, to conduct; imp., pavatı [cf. Sls., v. 108], 135, nom. pl. o prt. ref. (rel.) pavattavinayuhu 133; nom. or gen. pl. of pr. pt (rel.), pavatnan [cf. pavatnå Mbg. 1], 133. See also pävati.",paranavitana
OSi,,pavan,,,,"Sigiri PDF p. 454 (printed p. 446), column 2; OCR entry: pavan, s. [Skt. pavana; cf. Rm. v. 41), wind, 244, 249; inst. pavanin [cf. Ksm., v. 267], 117.; auto-review: missing_gloss",paranavitana
OSi,,pavasat,"to make mani fest, say, declare",,,"Sigiri PDF p. 454 (printed p. 446), column 2; OCR entry: pavasat, vb. [Skt. pra-vkāś; cf pävasi, Gk., v. 90], to make mani fest, say, declare. See pavasamo pavasā, pävasi.",paranavitana
OSi,,pavasa,thirst,,,"Sigiri PDF p. 454 (printed p. 446), column 2; OCR entry: pavasa?, s. [Skt. pipāsāã; cf. Bga. v. 177], thirst; inst. pavasayeni 15. pavasamo, ist pl. pr. of vpavasa! 143-",paranavitana
OSi,,pavasā,,,,"Sigiri PDF p. 454 (printed p. 446), column 2; OCR entry: pavasã, abs. of vpavasa!? [cf, Gk. v. 82], 219, 543.; auto-review: missing_gloss",paranavitana
OSi,,pavahi,of pav or pava,,,"Sigiri PDF p. 454 (printed p. 446), column 2; OCR entry: pavahi, loc. of pav or pava, 576.",paranavitana
OSi,,pavu,,,,"Sigiri PDF p. 454 (printed p. 446), column 2; OCR entry: pavu, orth. var. of pav, in placenames, 347, 565.; auto-review: missing_gloss",paranavitana
OSi,,pave,of pav or pava,,,"Sigiri PDF p. 454 (printed p. 446), column 2; OCR entry: pave, loc. of pav or pava, 539, 644.",paranavitana
OSi,,pavehi,of pav or pava,,,"Sigiri PDF p. 454 (printed p. 446), column 2; OCR entry: pavehi, loc. of pav or pava, 527.",paranavitana
OSi,,pavra,wall,,,"Sigiri PDF p. 454 (printed p. 446), column 2; OCR entry: pavra, s. [Skt. prākāra, P. pākāra; cf. pavura Rm., v. 175], wall, 145. past! s, [Skt. sparśa; e.f. pahas => *bās = pas], the sense of touch, 122.",paranavitana
OSi,,pas,"side, direction, quarter",,,"Sigiri PDF p. 454 (printed p. 446), column 2; OCR entry: pas?, s. [Skt. pārśva, P. passa; e.f. passa; cf. pashi, Ksm., v. 152], side, direction, quarter, 2, I5, 141, 275, 288. See pasabi, pasina, paseka, pasekthi.",paranavitana
OSi,,pas’,snare,,,"Sigiri PDF p. 454 (printed p. 446), column 2; OCR entry: pas’, s. [Skt. pāãśa; cf. Ksm., v. 77], snare. See pasini.",paranavitana
OSi,,pas‘,[Skt. pãmśu,,,"Sigiri PDF p. 454 (printed p. 446), column 2; OCR entry: pas‘, s. [Skt. pãmśu; cf. Dhpr. 340), earth, soil. See paszomi.",paranavitana
OSi,,pasa,,,,"Sigiri PDF p. 454 (printed p. 446), column 2; OCR entry: pasa, s., e.f. of pas?, 206, 276, 354. See pasahi, pasina, paseka, pasek!hi.; auto-review: missing_gloss;low_ocr_confidence",paranavitana
OSi,,pasak-kāmi,an official title,,,"Sigiri PDF p. 454 (printed p. 446), column 2; OCR entry: pasak-kämi, cd. [cf. EZ. I. 101, Intr., § 711], an official title, 315.",paranavitana
OSi,,pasan,"pleased, delighted; cd",,,"Sigiri PDF p. 454 (printed p. 446), column 2; OCR entry: pasan, a. [Skt. prasanna; cf. Gk., v. 433], pleased, delighted; cd.",paranavitana
OSi,,Sey,in a pleased manner,,,"Sigiri PDF p. 454 (printed p. 446), column 2; OCR entry: -Sey, adv., in a pleased manner, 566.",paranavitana
OSi,,pasasa,"to praise; pr. pt. (a.), pasasana [cf. Ksm., v. 537]",,,"Sigiri PDF p. 454 (printed p. 446), column 2; OCR entry: pasasa, vb. [Skt. pra-vVśamńs; cf. pasasnã, Amv. 42], to praise; pr. pt. (a.), pasasana [cf. Ksm., v. 537], 672.",paranavitana
OSi,,pasahi,of pas? or pasa,,,"Sigiri PDF p. 454 (printed p. 446), column 2; OCR entry: pasahi, loc. of pas? or pasa, 281.",paranavitana
OSi,,pasin,question,,,"Sigiri PDF p. 454 (printed p. 446), column 2; OCR entry: pasin, s. [Skt. praśna, P. pasina], question, 321.",paranavitana
OSi,,pasina,"of pas?, or pasa",,,"Sigiri PDF p. 454 (printed p. 446), column 2; OCR entry: pasina, inst. of pas?, or pasa, 585.",paranavitana
OSi,,pasu,"behind, -after wards",,,"Sigiri PDF p. 454 (printed p. 446), column 3; OCR entry: pasu, adv. [Skt. paścãāt, P. pacchó cf. Kskh. IX. 50], behind, -after wards, 44, 210. E en",paranavitana
OSi,,paseka,indef. of pås? or pasa 355,,,"Sigiri PDF p. 454 (printed p. 446), column 3; OCR entry: paseka, loc. indef. of pås? or pasa 355.",paranavitana
OSi,,pasek'hi,,,,"Sigiri PDF p. 454 (printed p. 446), column 3; OCR entry: pasek'hi, var. of paseka, 115. pasomi, past--omi, I shall thros earth on, i.e. bury, 304.; auto-review: missing_gloss",paranavitana
OSi,,paha,"[Skt. prabhā; e.f. of pähä light, brilliance",,,"Sigiri PDF p. 454 (printed p. 446), column 3; OCR entry: paha, s. [Skt. prabhā; e.f. of pähä light, brilliance. See pahanā pahapata.",paranavitana
OSi,,pahada,"to please, re joice",,,"Sigiri PDF p. 454 (printed p. 446), column 3; OCR entry: pahada, vb. [Skt. pra-vsad; c pahaddi, Amv. 32], to please, re joice. See pähädi—pähädi.",paranavitana
OSi,,pahan,gratifiec pleased,,,"Sigiri PDF p. 454 (printed p. 446), column 3; OCR entry: pahan, a. [Skt. prasanna, FẸ pasanna; cf. Dhpr. 97], gratifiec pleased. See pahani, pahan nemi.",paranavitana
OSi,,pahana,"light dat., pahanat",,,"Sigiri PDF p. 454 (printed p. 446), column 3; OCR entry: pahana, s. [paha-+na, Intr., 393; cf. pahan, Amv. 70], light dat., pahanat, 175. pahani [pahan +i], 251, 304. pahannemi, pahanne, nom. sir of pahan (rel.), and mi, I am, o shall be, gratified, 304.",paranavitana
OSi,,paha-pata,,,,"Sigiri PDF p. 454 (printed p. 446), column 3; OCR entry: paha-pata!, e.f. of pähäpat bright, resplendent, 89.; auto-review: missing_gloss",paranavitana
OSi,,pahaya,to illu minate,,,"Sigiri PDF p. 454 (printed p. 446), column 3; OCR entry: pahaya, vb. [l.f. of pahada; ci pahayavamin, Amv. 159], to illu minate. See pahayamni.",paranavitana
OSi,,pahayin,ornaments,,,"Sigiri PDF p. 454 (printed p. 446), column 3; OCR entry: pahayin, s. [Skt. prasādhana, P pasādhana; cf. Bs. 143, var pahayun], ornaments, 411.",paranavitana
OSi,,pahayun,,,,"Sigiri PDF p. 454 (printed p. 446), column 3; OCR entry: pahayun, var. of pahayin, 322.; auto-review: missing_gloss",paranavitana
OSi,,pahara,"assailing, hitting, blow See paharin",,,"Sigiri PDF p. 454 (printed p. 446), column 3; OCR entry: pahara!, s. [Skt. prahāra; cf. Gk. v. 275], assailing, hitting, blow See paharin.",paranavitana
OSi,,pahara,to strike touch,,,"Sigiri PDF p. 454 (printed p. 446), column 3; OCR entry: pahara?, vb. [Skt. pra-vhr; cf paharami, Dhag. 36], to strike touch. See paharay, päharätți.",paranavitana
OSi,,pahara,"tc expand, exhibit",,,"Sigiri PDF p. 454 (printed p. 446), column 3; OCR entry: pahara®, vb. [Skt. pra-vsr], tc expand, exhibit. See paharavu",paranavitana
OSi,,paharay,"having touched, touching, jostling",,,"Sigiri PDF p. 454 (printed p. 446), column 3; OCR entry: paharay, abs., of vpahara? [cf Dhag. 216], having touched, touching, jostling, 263. paharavu, imp. of vpahara?, 339;",paranavitana
OSi,,paharin,,,,"Sigiri PDF p. 454 (printed p. 446), column 3; OCR entry: paharin, inst. of pahara! [cf. Dhag. 137], 257.; auto-review: missing_gloss",paranavitana
OSi,,pahas,"), insult",,,"Sigiri PDF p. 454 (printed p. 446), column 3; OCR entry: pahas!, s. [Skt. apahāsa; cf. mod. S. pahasa kiyanava]), insult, 282.",paranavitana
OSi,,pahas,sense of touch,,,"Sigiri PDF p. 454 (printed p. 446), column 3; OCR entry: pahas?, s. [Skt. sparśa, P. phassa; cf. Gk., v. 338; L.f. past], sense of touch, 532, 535; nom. or acc. sin., pahasa [cf. Kskh. X. 10), 238, 536; gen. sin. indef., pahasak, 540; inst., pahasnen, 87.",paranavitana
OSi,,pahala,openly,,,"Sigiri PDF p. 454 (printed p. 446), column 3; OCR entry: pahala, a., adv. [Skt. prakata; cf. Amv. 82, l.f. pala], openly, 682.",paranavitana
OSi,,palat,a > pāla > pala,,,"Sigiri PDF p. 454 (printed p. 446), column 3; OCR entry: palat, a. [paha]a > pāla > pala; cf. Sdu., v. 187], known, manifest, 33, 320.",paranavitana
OSi,,pala’,coral,,,"Sigiri PDF p. 454 (printed p. 446), column 3; OCR entry: pala’, s. [Skt. praväāla], coral. See — pala-muva.; auto-review: low_ocr_confidence",paranavitana
OSi,,palamu,"first, firstly",,,"Sigiri PDF p. 454 (printed p. 446), column 3; OCR entry: palamu, a., adv. [Skt. prathama, P. pathama; cf. Amv. 82], first, firstly, 225, 634. pala’-muva, der. [Skt. pravālamaya], made of coral, 9o. 13/» R T TE a Aaa A. a a AA 32], 287-; auto-review: low_ocr_confidence",paranavitana
OSi,,pā‘,mansion (in placėnames),,,"Sigiri PDF p. 455 (printed p. 447), column 1; OCR entry: pā‘, s. [Skt. prāsāda, P. pāsāda; cf. Dhpr. 302], mansion (in placėnames), 130, 147; 179, 457; 569. See päyin.",paranavitana
OSi,,pā’,a game,,,"Sigiri PDF p. 455 (printed p. 447), column 1; OCR entry: pā’, vb, e.f. of ypa, See pāna, påma. pāja, s: [derivation unknown], a game, 238. o pāņqi [Skt. Pāndya; cf. Pāñdi, Gs., v. 114], proper name; cd., Pāņdirajun, of the Pāņdya king, 652. pāna, pr. pt. (a.) of vpā’ [cf. Hs., v. 40], 260.",paranavitana
OSi,,pāyin,of pā?,,,"Sigiri PDF p. 455 (printed p. 447), column 1; OCR entry: pāyin, inst., of pā?, 170.",paranavitana
OSi,,pāt,colour,,,"Sigiri PDF p. 455 (printed p. 447), column 1; OCR entry: pät, s, Lf. of pähä [through på, cf. G., v. 68], colour, 595. pä?, 3rd sin. p. of ypa?. See räpä.",paranavitana
OSi,,pājin,"eastern; cd., -pas?",,,"Sigiri PDF p. 455 (printed p. 447), column 1; OCR entry: päjin, a. [Skt. prācīna, P. påācīna, O.S. pajina, EZ. III. 250; cf. päjunen, Dhag. 206, pädum, Rm., v. 52], eastern; cd., -pas?, 2.",paranavitana
OSi,,pāti,of a'patat,,,"Sigiri PDF p. 455 (printed p. 447), column 1; OCR entry: päti, prt. of a'patat, 129, 333; 478. dat. sin, duplicated, päti pätihața, to everyone who desired, 129.",paranavitana
OSi,,pātirī,,,,"Sigiri PDF p. 455 (printed p. 447), column 1; OCR entry: pätirī, abs., ref. of vpatura [cf Ms., v. 54], 205.; auto-review: missing_gloss",paranavitana
OSi,,pātu,,,,"Sigiri PDF p. 455 (printed p. 447), column 1; OCR entry: pätu, prt. of patat [Skt. prārthita + ka; see Intr., § 118 (2), var. päti cf. pätü, Kskh. IX. 55], 149, 260 387.; auto-review: missing_gloss",paranavitana
OSi,,pān,water,,,"Sigiri PDF p. 455 (printed p. 447), column 1; OCR entry: pän, s. [Skt. pānīya; cf. Rm., V 137], water. See pän-ittak.",paranavitana
OSi,,pāna,,,,"Sigiri PDF p. 455 (printed p. 447), column 1; OCR entry: päna, abs. of pani [cf. Dhpr. 144] 494.; auto-review: missing_gloss",paranavitana
OSi,,pāni,a littl water,,,"Sigiri PDF p. 455 (printed p. 447), column 1; OCR entry: päni, l.f. of pänni’, 196. pän-ittak, der. [pän+ittak; se Intr., § 397; cf. Bs. 6], a littl water, 190, 244. a pänin, der. of ~vpäne [P. paña yana], appearing, 117.",paranavitana
OSi,,pānini,"35päni-pänī, gd., pänī* duplicatec 42. pänī!, 3rd sin. p. of vpäne",,,"Sigiri PDF p. 455 (printed p. 447), column 1; OCR entry: pänini, prt. of vpäne [cf. Dhp 297, päniņna, and Sbl, v. 11 panini], 35päni-pänī, gd., pänī* duplicatec 42. pänī!, 3rd sin. p. of vpäne, 516.",paranavitana
OSi,,pānī,of vpäne [cf. Dhpr. 49. 196,,,"Sigiri PDF p. 455 (printed p. 447), column 1; OCR entry: pänī?, abs. of vpäne [cf. Dhpr. 49. 196.",paranavitana
OSi,,pāne,"[P. paññāyati, Skt. pra njñäā; e.f. pene",,,"Sigiri PDF p. 455 (printed p. 447), column 1; OCR entry: päne, vb. [P. paññāyati, Skt. pra njñäā; e.f. pene; cf. päneyi, Dhp 5, and mod. S. pēnavaļ, to ap pear, to become manifest. Se päni, päni-pänī, pänennā- _— päneya, pene.; auto-review: low_ocr_confidence",paranavitana
OSi,,pānennā,"sin. of pr. pt. (inf of ypäne [cf. pänena, Dhag. 22 256",,,"Sigiri PDF p. 455 (printed p. 447), column 1; OCR entry: pänennā, nom. sin. of pr. pt. (inf of ypäne [cf. pänena, Dhag. 22 256.",paranavitana
OSi,,pānennek,"sin. indef. of p -pt (rel) of vpane, one to whol ` itappears",,,"Sigiri PDF p. 455 (printed p. 447), column 1; OCR entry: pänennek, nom. sin. indef. of p -pt (rel) of vpane, one to whol ` itappears, 82.",paranavitana
OSi,,tui papy,,,,"Sigiri PDF p. 455 (printed p. 447), column 1; OCR entry: tui papy, orth. var. of päneyi, 8. 281. -; auto-review: missing_gloss;low_ocr_confidence",paranavitana
OSi,,É pāneya,"335l yianco iad A aniram raaa AE aria n n a pere; Ceylon Antiquary & Literary Register, vol. ii, p. 152], formerly",,,"Sigiri PDF p. 455 (printed p. 447), column 1; OCR entry: É päneya, var. of päneyi, 379päneyi, grd sin. pr. of vpäne [c Dhpr. 261], 335l yianco iad A aniram raaa AE aria n n a pere; Ceylon Antiquary & Literary Register, vol. ii, p. 152], formerly, 10.",paranavitana
OSi,,pārājā,"ref. of vparaja, g",,,"Sigiri PDF p. 455 (printed p. 447), column 2; OCR entry: päräjä, abs., ref. of vparaja, g.",paranavitana
OSi,,pārāyu,of ~vparaya [Skt. paräājita,,,"Sigiri PDF p. 455 (printed p. 447), column 2; OCR entry: päräyu, prt. of ~vparaya [Skt. paräājita; cf. Ksm., v. 237l, 394.",paranavitana
OSi,,pālandi,,,,"Sigiri PDF p. 455 (printed p. 447), column 2; OCR entry: pälandi, prt. of vpalanda [cf. Kskh. VIL. 27], 241.; auto-review: missing_gloss",paranavitana
OSi,,pālāndā,of vpalanda,,,"Sigiri PDF p. 455 (printed p. 447), column 2; OCR entry: päländä, abs. of vpalanda, 237.",paranavitana
OSi,,pālāndi,of vpalanda,,,"Sigiri PDF p. 455 (printed p. 447), column 2; OCR entry: päländi, abs. of vpalanda, 667.",paranavitana
OSi,,pālāndi,sin. f. of prt. (rel.) of ypalanda,,,"Sigiri PDF p. 455 (printed p. 447), column 2; OCR entry: päländi, nom. sin. f. of prt. (rel.) of ypalanda, 392.; auto-review: low_ocr_confidence",paranavitana
OSi,,pāvati,"inst. (inf.), pävatiyen, 495-",,,"Sigiri PDF p. 455 (printed p. 447), column 2; OCR entry: pävati, prt. of vpavata [cf. päväti, Kskh. III. 17], inst. (inf.), pävatiyen, 495-",paranavitana
OSi,,pāvasi,of vpavasa,,,"Sigiri PDF p. 455 (printed p. 447), column 2; OCR entry: pävasi, prt. of vpavasa, 455.",paranavitana
OSi,,pāvāsi,the exiled one,,,"Sigiri PDF p. 455 (printed p. 447), column 2; OCR entry: päväsi, s.f. [Skt. pravāsitā], the exiled one, 389. 151; ef. pevij, l.f. pavidi, Gie,",paranavitana
OSi,,pāvij,one who has renounced the,,,"Sigiri PDF p. 455 (printed p. 447), column 2; OCR entry: pävij, s. [Skt. pravrajita; cf. Dhag. v. 28], one who has renounced the",paranavitana
OSi,,world,pävijami,,,"Sigiri PDF p. 455 (printed p. 447), column 2; OCR entry: world, a friar, 478, 562; gen. pl. (honorific), pävijan, 270, 359, 418; pävijana, 101, 120, 128, 310, 333; nom., sin. +mi [Intr., § 438], pävijami, 348, 574; pävijemi, 349, 397; 549; gen. pl. (honorific), pävijjan [cf. Svv. 52], 189, 200, 228, 347, 372; nom. sin. +mi [Intr., § 438], pävijjami, 378, 394, 454; pävijjemi, 130, 147, 314, 432, 466, 541, 550, 552.",paranavitana
OSi,,pāhan,"reduced, faded",,,"Sigiri PDF p. 455 (printed p. 447), column 2; OCR entry: pähan, a. [Skt. prahīna], reduced, faded, 76.",paranavitana
OSi,,pāharāți,desirous of touching,,,"Sigiri PDF p. 455 (printed p. 447), column 2; OCR entry: päharäți, cd. [cond. or inf. of s„pahara! (Intr., § 5006) +ați], desirous of touching, 367.",paranavitana
OSi,,pāhā,"lustre, colour, brilliance",,,"Sigiri PDF p. 455 (printed p. 447), column 2; OCR entry: pähä, s. [Skt. prabhā; cf. Dhpr. 299], lustre, colour, brilliance, 11, 50, 76, 250, 355, 375, 415, 467, 580, 685. See pähäk, pähädul—pähäbar. pähäk, noñ. sin. indef. of pähä, 579.",paranavitana
OSi,,pāhādī,of vpahada; ref. pähädini,,,"Sigiri PDF p. 455 (printed p. 447), column 2; OCR entry: pähädī, prt. of vpahada; ref. pähädini, 674; nom. sin. ref. = 3rd sin. p., pähädiye, 40.",paranavitana
OSi,,pāhādi,,,,"Sigiri PDF p. 455 (printed p. 447), column 2; OCR entry: pähädi, abs. ref. of vpahada [cf. Uj. 85], 211. 3; auto-review: missing_gloss",paranavitana
OSi,,pāhā-dul,bright of colour,,,"Sigiri PDF p. 455 (printed p. 447), column 2; OCR entry: pähä-dul, cd., a. [cf. Sls., v. 16], bright of colour, 398.",paranavitana
OSi,,pāhān,"of pähä [cf. Sbl., v",,,"Sigiri PDF p. 455 (printed p. 447), column 2; OCR entry: pähän, inst. of pähä [cf. Sbl., v.",paranavitana
OSi,,pāhā-pat,"that which has attained brilliance or lustre, resplendent",,,"Sigiri PDF p. 455 (printed p. 447), column 2; OCR entry: pähä-pat!, cd., a. [cf. Sls., v. 64], that which has attained brilliance or lustre, resplendent, 163, 617, i 68o.",paranavitana
OSi,,pāhā-bar,"abounding in lustre, colour or brilliance, resplendent, * radiant",,,"Sigiri PDF p. 455 (printed p. 447), column 2; OCR entry: pähä-bar, cd., a. [cf. -bara, Mav., ; v. 145] abounding in lustre, colour or brilliance, resplendent, * radiant, 13, 306, 378, 449pähäyamni, gd. of vpahaya, 347.",paranavitana
OSi,,pāhāsar,clear,,,"Sigiri PDF p. 455 (printed p. 447), column 2; OCR entry: pähäsar, a. [Skt. prabhāsvara, P. _ pabhassara; cf. pähäsara, Sbl., v. ; 105], clear, 580.",paranavitana
OSi,,pāla,"(1) back, ` ark AF a A 638;- pasa, western quarter",,,"Sigiri PDF p. 455 (printed p. 447), column 2; OCR entry: päla, s. [Skt. pratīkşa], (1) back, ` ark AF a A 638;- pasa, western quarter, 206, K ma, vn. from ypa? or pā’, 274-; auto-review: low_ocr_confidence",paranavitana
OSi,,itța,"back; cd., pițapas [cf. piți-pasa, Bga., v. 276], 27E",,,"Sigiri PDF p. 455 (printed p. 447), column 3; OCR entry: itța, s. [Skt. prstkha, P. pittha; cf. Bga., v. 287], back; cd., pițapas [cf. piți-pasa, Bga., v. 276], 27E; auto-review: low_ocr_confidence",paranavitana
OSi,,yiti,"back, outside",,,"Sigiri PDF p. 455 (printed p. 447), column 3; OCR entry: yiti, s. [Skt. prstha+ka; var. of pita; cf. Amu. 72], back, outside; abl., pitin [cf. Dhpr. 171], 473; loc., pițihi; 372.",paranavitana
OSi,,viņi,delighted,,,"Sigiri PDF p. 455 (printed p. 447), column 3; OCR entry: viņi, a. [Skt. prīnita], delighted, 675.",paranavitana
OSi,,iņd,"lump, mass",,,"Sigiri PDF p. 455 (printed p. 447), column 3; OCR entry: iņd, s. [Skt. pinda; cf. EZ. I. 49 and pindu, Bga., v. 399], lump, mass, 627.",paranavitana
OSi,,pit,son,,,"Sigiri PDF p. 455 (printed p. 447), column 3; OCR entry: pit, s. [Skt. putra, P. putta; cf. Dhpr. 300], son, 307; pitmi [pit4-mi], 557-",paranavitana
OSi,,pin,"good deeds, merit",,,"Sigiri PDF p. 455 (printed p. 447), column 3; OCR entry: pin, s. [Skt. punya, P. puñña, OS. puni (EZ. IV. 285); e.f. pina; cf. Kskh. IX. 41], good deeds, merit, 40, 95, 173, 240; 262; 341, 385, 522, 546.",paranavitana
OSi,,pinat,,,,"Sigiri PDF p. 455 (printed p. 447), column 3; OCR entry: pinat, e.f. of pin, 143.; auto-review: missing_gloss",paranavitana
OSi,,pina,,,,"Sigiri PDF p. 455 (printed p. 447), column 3; OCR entry: pina?, vb. [Skt. Vprē, prīnāti, &c.; cf. pinavana, Sls., v. 91), to please, gladden, gratify; abs., pinā [cf. Dhpr. 302], 388.; auto-review: missing_gloss",paranavitana
OSi,,pin-āti,,,,"Sigiri PDF p. 455 (printed p. 447), column 3; OCR entry: pin-äti, cd., dat. pl., pin-ättanaț [cf. pin-ätiyanata, Dhag., 117), 262.; auto-review: missing_gloss",paranavitana
OSi,,pini,dew,,,"Sigiri PDF p. 455 (printed p. 447), column 3; OCR entry: pini, s. [Skt. pranīita; cf. Dhag. 232], dew, 177, 249; cd., -gata?, that which has taken dew, 228.",paranavitana
OSi,,pinin,,,,"Sigiri PDF p. 455 (printed p. 447), column 3; OCR entry: pinin, inst. of pin or pina' [cf. Dhpr. 206], 319.; auto-review: missing_gloss",paranavitana
OSi,,pinina,,,,"Sigiri PDF p. 455 (printed p. 447), column 3; OCR entry: pinina, e.f. of pinin, 578.; auto-review: missing_gloss",paranavitana
OSi,,pini-bind,,,,"Sigiri PDF p. 455 (printed p. 447), column 3; OCR entry: pini-bind, cd., 177; inst., -bindin [cf. Dhag. 232], 249.; auto-review: missing_gloss",paranavitana
OSi,,pinu(ūŭ),of vpani,,,"Sigiri PDF p. 455 (printed p. 447), column 3; OCR entry: pinu(ūŭ), prt. of vpani, 23, 446. pin-kaļa?, -vū{, cd. rel. nom. sin. indef., -vūyek, 173.",paranavitana
OSi,,pin-bara,"one abounding in merit, fortunate",,,"Sigiri PDF p. 455 (printed p. 447), column 3; OCR entry: pin-bara, cd. [cf. Ksm., V. 120], one abounding in merit, fortunate, 220.",paranavitana
OSi,,pin-veses,"inst., vesesin",,,"Sigiri PDF p. 455 (printed p. 447), column 3; OCR entry: pin-veses, cd. [cf. -vesesak, Ksm., v. 705], inst., vesesin, 194.",paranavitana
OSi,,pin-sabar,,,,"Sigiri PDF p. 455 (printed p. 447), column 3; OCR entry: pin-sabar, cd. [Skt. punyasambhāra], 540.; auto-review: missing_gloss",paranavitana
OSi,,pin-sala,,,,"Sigiri PDF p. 455 (printed p. 447), column 3; OCR entry: pin-sala, cd. [Skt. punya-śālī], 97-; auto-review: missing_gloss",paranavitana
OSi,,pipi,"blown, fowered",,,"Sigiri PDF p. 455 (printed p. 447), column 3; OCR entry: pipi, prt., a. [Skt. puspita; cf. Bs. 4], blown, fowered, 105, 480. pimma, yn. from vpani [pinuma > *pinma > pimma; cf. pinmen, Ksm., v. 329], leap, bound; loc., pimmehi, 515.",paranavitana
OSi,,piya,status,,,"Sigiri PDF p. 455 (printed p. 447), column 3; OCR entry: piya!, s. [Skt. pada; cf. Dhpr. 119, piyak], status, 99. See minispiya.",paranavitana
OSi,,piya,"beloved one, loving",,,"Sigiri PDF p. 455 (printed p. 447), column 3; OCR entry: piya?, a. [Skt. priya, P. piya; cf. Sbl., v. 124], beloved one, loving; nom. sin., 18, 526, 673; ace. sin., 352; gen. sin, 78, 198. See - piyan, piyanaț, piya-pahasa, piya-band, piyahaț, piyā.",paranavitana
OSi,,piya,to Í y and,,,"Sigiri PDF p. 455 (printed p. 447), column 3; OCR entry: piya, vb. [Skt. pra-vhā, P. pahīyati; cf. piyat, Dhpr. 147], to Í y and; auto-review: low_ocr_confidence",paranavitana
OSi,,piyan,,,,"Sigiri PDF p. 456 (printed p. 448), column 1; OCR entry: piyan, gen. pl. (honon of Aiya [cf. Ksm., v. 23, Mbg. 73 = F pativarehi], 574, 679.; auto-review: missing_gloss",paranavitana
OSi,,piyanaț,,,,"Sigiri PDF p. 456 (printed p. 448), column 1; OCR entry: piyanaț, dat. pl. (honorific) o piya’ [cf. piyanațta, Ksm., v. 535] 175.; auto-review: missing_gloss",paranavitana
OSi,,piyanne,,,,"Sigiri PDF p. 456 (printed p. 448), column 1; OCR entry: piyanne, nom. sin. of pr. pt. (inf. of vpiya? [cf. piyanu, Mbg. 107] 324.; auto-review: missing_gloss",paranavitana
OSi,,piya-pahasa,,,,"Sigiri PDF p. 456 (printed p. 448), column 1; OCR entry: piya-pahasa, cd., loving embraces 536.; auto-review: missing_gloss",paranavitana
OSi,,piya-band,"beloved one, lit. dea body",,,"Sigiri PDF p. 456 (printed p. 448), column 1; OCR entry: piya-band, cd. [cf. -banda, Kskh XII, 64], beloved one, lit. dea body, 94.",paranavitana
OSi,,piyay,,,,"Sigiri PDF p. 456 (printed p. 448), column 1; OCR entry: piyay, abs. of vpiya? [cf. Dhag 233; var. piyãā, Dhpr. 248], 245.; auto-review: missing_gloss",paranavitana
OSi,,piyavi,"nature, natural behaviour",,,"Sigiri PDF p. 456 (printed p. 448), column 1; OCR entry: piyavi, s. [Skt. prakrti, P. pakati. cf. Dhag. 34], nature, natural behaviour, 346.",paranavitana
OSi,,piyavuru,breast of female,,,"Sigiri PDF p. 456 (printed p. 448), column 1; OCR entry: piyavuru, cd. s. [Skt. payodhara: var. piyovur; cf. Sdv., v. 193], breast of female, 126.",paranavitana
OSi,,piyasa,"effort: inst., piyasini",,,"Sigiri PDF p. 456 (printed p. 448), column 1; OCR entry: piyasa, s. [Skt. prayāsa], effort: inst., piyasini, 15.",paranavitana
OSi,,piyahaț,,,,"Sigiri PDF p. 456 (printed p. 448), column 1; OCR entry: piyahaț, dat. of piya?, 131, 393piyā, of piya?, (1) nom. sin. m., 465; nom. sin. f., 309; gen. sin. m. [cf. Ksm., v. 333], 10, 47, 91, 440, 471, 502.; auto-review: missing_gloss",paranavitana
OSi,,piyumt,eyelid,,,"Sigiri PDF p. 456 (printed p. 448), column 1; OCR entry: piyumt, s. [Skt, pakşma, P. pakhuma], eyelid. See piyuman.",paranavitana
OSi,,piyum,lotus flower,,,"Sigiri PDF p. 456 (printed p. 448), column 1; OCR entry: piyum?, s. [Skt. padma, P. paduma; cf. Rm., v. 158], lotus flower; gen. pl., piyuman [cf. Sdv., v. 169], 484.",paranavitana
OSi,,piyuman,pl. of piyum!,,,"Sigiri PDF p. 456 (printed p. 448), column 1; OCR entry: piyuman, gen. pl. of piyum!, 114.",paranavitana
OSi,,piye,sin. of prt. (inf.) of apiya?; in comp. vb. liya-piye,,,"Sigiri PDF p. 456 (printed p. 448), column 1; OCR entry: piye, nom. sin. of prt. (inf.) of apiya?; in comp. vb. liya-piye, 543.",paranavitana
OSi,,piyev,quivering or moving of the eyes,,,"Sigiri PDF p. 456 (printed p. 448), column 1; OCR entry: piyev, s. [Skt. spandita, P. phandita], quivering or moving of the eyes, 17.",paranavitana
OSi,,piyov,"effort, stratagem",,,"Sigiri PDF p. 456 (printed p. 448), column 1; OCR entry: piyov, s. [Skt. prayoga, P. payoga; cf. Dhag. 125], effort, stratagem, 565; acc. sin., indef., piyovak, 271:",paranavitana
OSi,,piyovur,,,,"Sigiri PDF p. 456 (printed p. 448), column 1; OCR entry: piyovur, var. of piyavuru, q.v., 138, 219, 285, 288. pirit, prefix [Skt. pari-; cf. Sdsg. 69]. See pirijun—piribun.; auto-review: missing_gloss",paranavitana
OSi,,piri’,filled,,,"Sigiri PDF p. 456 (printed p. 448), column 1; OCR entry: piri’, prt. of vpura [Skt. pūrita; cf. Gs., v. 93], filled, 49.",paranavitana
OSi,,piriksa,[Skt. pari-vīkş,,,"Sigiri PDF p. 456 (printed p. 448), column 1; OCR entry: piriksa, vb. [Skt. pari-vīkş; cf.",paranavitana
OSi,,piriksā,"to investigate, examine; cond., piriksat",,,"Sigiri PDF p. 456 (printed p. 448), column 1; OCR entry: piriksā, abs., Amv. 76], to investigate, examine; cond., piriksat, 325; imp., piriksayu, 57, 118; prt., piriksi, 350.",paranavitana
OSi,,pirijun,ruined,,,"Sigiri PDF p. 456 (printed p. 448), column 1; OCR entry: pirijun, prt. a. [Skt. parijīrnna, P. parijinna+ ka; cf. pirijunu, Dhag. 80], ruined, 164.",paranavitana
OSi,,piripata,"obstruction, danger",,,"Sigiri PDF p. 456 (printed p. 448), column 1; OCR entry: piripata, s. [Skt. paripanthka; cf. Ks., v. 285, pirivat, Dhag. 32], obstruction, danger, 372.",paranavitana
OSi,,piribin,"a., var. of piribun",,,"Sigiri PDF p. 456 (printed p. 448), column 1; OCR entry: piribin, prt. a., var. of piribun, 469.",paranavitana
OSi,,piribun,"broken, f",,,"Sigiri PDF p. 456 (printed p. 448), column 1; OCR entry: piribun, prt. a. [Skt. paribhinna+ka; cf. Ksm., v. 464], broken, f., 384; cd. rel, -pagã, oni -= whose courage is shattered, 134 nom., pl. used predicatively, piribunha, 463.",paranavitana
OSi,,pirimi,males 193,,,"Sigiri PDF p. 456 (printed p. 448), column 2; OCR entry: pirimi, s. [Skt. purima, preceding (wife in P. is dutiyikā, lit, the second); cf. Dhpr. 105], males 193; acc. pl., pirimina [cf. pirimin, EZ. III. 128], 238.",paranavitana
OSi,,pirivan,"monastic cell, cloister",,,"Sigiri PDF p. 456 (printed p. 448), column 2; OCR entry: pirivan, s. [P. parivena; cf. Jag 171, EZ. III. 288], monastic cell, cloister, 602.",paranavitana
OSi,,pirivana,,,,"Sigiri PDF p. 456 (printed p. 448), column 2; OCR entry: pirivana, e.f. of pirivan, 159, 463, 554-; auto-review: missing_gloss",paranavitana
OSi,,pirivar,retinue,,,"Sigiri PDF p. 456 (printed p. 448), column 2; OCR entry: pirivar, s. [Skt. parivāra; cf. EZ. I. 221; pirivara; Mdv., v. 150], retinue, 627. pirivīi, 3rd sin. p. cs. of vpurat, 648.",paranavitana
OSi,,piriven,,,,"Sigiri PDF p. 456 (printed p. 448), column 2; OCR entry: piriven, var. of pirivan [cf. Svv. 48], 130, 270, 454, 529, 552.; auto-review: missing_gloss",paranavitana
OSi,,pirivena,,,,"Sigiri PDF p. 456 (printed p. 448), column 2; OCR entry: pirivena, e.f. of piriven, 275.; auto-review: missing_gloss",paranavitana
OSi,,pirihas,"joke, fun",,,"Sigiri PDF p. 456 (printed p. 448), column 2; OCR entry: pirihas, s, [Skt. parihāsa; cf. pirihasanā, Dhag. 2174], joke, fun, 673.",paranavitana
OSi,,pirihiņ,deficient,,,"Sigiri PDF p. 456 (printed p. 448), column 2; OCR entry: pirihiņ, prt. of vpirihe [Skt. parihīna], deficient, 456.",paranavitana
OSi,,pirihi,,,,"Sigiri PDF p. 456 (printed p. 448), column 2; OCR entry: pirihi, abs. of vpirihe; comp. vb., pirihi giya [cf. Dhpr. 222, Intr., § 501], 465.; auto-review: missing_gloss",paranavitana
OSi,,pirihe,"to wane, decline, to be deficient in",,,"Sigiri PDF p. 456 (printed p. 448), column 2; OCR entry: pirihe, vb. [Skt. pari-vhā; cf. pirihet, Dhag. 11], to wane, decline, to be deficient in. See pirihin, pirihīì. pirīmo, īst pl. p. of Vpurat, 411.",paranavitana
OSi,,pilu,"a cripple, lame one",,,"Sigiri PDF p. 456 (printed p. 448), column 2; OCR entry: pilu, s. [Skt. pańgula; cf. pilu, Dhpr. 144], a cripple, lame one; gen. sin., 596.",paranavitana
OSi,,pisa,"to wipe, sweep away ; periphrastic passive, pisa lad",,,"Sigiri PDF p. 456 (printed p. 448), column 2; OCR entry: pisa, vb. [Skt. pra-vuñch, P. puñchati; cf. abs. pisa, Sls., v. 23], to wipe, sweep away ; periphrastic passive, pisa lad, 477.",paranavitana
OSi,,pihița,"to establish, to be situated in; prt., pihiți [Skt. pratişthita",,,"Sigiri PDF p. 456 (printed p. 448), column 2; OCR entry: pihița, vb. [Skt. prati-vsthā, pratişthā], to establish, to be situated in; prt., pihiți [Skt. pratişthita; cf. Ksm., v. 533], 560.",paranavitana
OSi,,pihina,"to enter the water, to swim; pr. pt. (inf.), pihinanu [cf. Svv. 55]",,,"Sigiri PDF p. 456 (printed p. 448), column 2; OCR entry: pihina, vb. [Skt. pra-vsnā; cf. pihinata, Sdv., v. 7, and mod. S. pīnanava], to enter the water, to swim; pr. pt. (inf.), pihinanu [cf. Svv. 55], 596.",paranavitana
OSi,,pihira,"to scatter forth, strew, comb the hair; abs., pihira-la [cf. mod. S. pīrala]",,,"Sigiri PDF p. 456 (printed p. 448), column 2; OCR entry: pihira, vb. [Skt. pra-vkf, prakirati, &c.; cf. piharā, abs., Bs. 265], to scatter forth, strew, comb the hair; abs., pihira-la [cf. mod. S. pīrala], 41.",paranavitana
OSi,,piła,clothes,,,"Sigiri PDF p. 456 (printed p. 448), column 2; OCR entry: piła, s. [Skt. pața+ka, var. of piļi], clothes, 410.",paranavitana
OSi,,pilit,"cloth, robe",,,"Sigiri PDF p. 456 (printed p. 448), column 2; OCR entry: pilit, s. [Skt. pațikā; cf. Amv. 42; var., pila; e.f. pilī], cloth, robe, 222, 379. See piliyaka.",paranavitana
OSi,,pili,"crystal, See pili?-dī, pili?-bitu",,,"Sigiri PDF p. 456 (printed p. 448), column 2; OCR entry: pili?, s. [Skt. spkatika, P. phatika; cf. Ksm., v. 564], crystal, See pili?-dī, pili?-bitu.",paranavitana
OSi,,piļi,"after, again",,,"Sigiri PDF p. 456 (printed p. 448), column 2; OCR entry: piļi?, indec., (1) adv. [Skt. prati, P. pati; cf. Rm., v. 686, Dhag. 151 = P. atha], after, again, 79, 100, 251, 270; (2) prefix [cf. Sdsg. 69], see pilipan, pilibib, &c. pațipanna; cf. pheri v. E Pe pilipanha [cf. Uj. 43], _ 359], arrived, approached; nom, 509. ; K.",paranavitana
OSi,,pili?-bitu,,,,"Sigiri PDF p. 456 (printed p. 448), column 3; OCR entry: pili?-bitu, cd., aA; auto-review: missing_gloss;low_ocr_confidence;uncertain_glyph",paranavitana
OSi,,pilibib,"painting, portrait, picture",,,"Sigiri PDF p. 456 (printed p. 448), column 3; OCR entry: pilibib, s. [Skt. pratibimba, P. pațibimba; cf. pijibimbu; Rm v. 402], painting, portrait, picture, 83, 130, 186, 206, 314; PE 532, 666. . ;",paranavitana
OSi,,piliyaka,"366. piļisana, der. of pilisan [cf. Rm., V. 442, Amv. 141, Skt. praticchanna], concealment, yam % È",,,"Sigiri PDF p. 456 (printed p. 448), column 3; OCR entry: piliyaka, acc. sin. of pilit [cf piliyak, Amv. 158], 366. piļisana, der. of pilisan [cf. Rm., V. 442, Amv. 141, Skt. praticchanna], concealment, yam % È",paranavitana
OSi,,pili,,,,"Sigiri PDF p. 456 (printed p. 448), column 3; OCR entry: pili, e.f. of pili! [ef. Suu. 33; auto-review: missing_gloss",paranavitana
OSi,,put,[Skt. putra,,,"Sigiri PDF p. 456 (printed p. 448), column 3; OCR entry: put, s. [Skt. putra; cf. Dhag: 18), son, 6o00, 626. g",paranavitana
OSi,,pun,full,,,"Sigiri PDF p. 456 (printed p. 448), column 3; OCR entry: pun, a. [Skt. pūrnna, P. punna, OS. puna (EZ. IV. 227); cf. Kskh. I, 106], full. See pun-sanda.",paranavitana
OSi,,puna,"again, 55-",,,"Sigiri PDF p. 456 (printed p. 448), column 3; OCR entry: puna, indec. [Skt. punar, P. puna; cf. Dhag. 27, Rm., v. 694], again, 55-",paranavitana
OSi,,punā,,,,"Sigiri PDF p. 456 (printed p. 448), column 3; OCR entry: punā, var. of puna [cf. EZ. IV. 41, puna punā], 550.; auto-review: missing_gloss",paranavitana
OSi,,pun-sanda,"loc. abs., -sandä",,,"Sigiri PDF p. 456 (printed p. 448), column 3; OCR entry: pun-sanda, cd. [cf. Mdv., v. 11], loc. abs., -sandä, 86.",paranavitana
OSi,,pumba,"to blow air in, swell, prt., pumbu",,,"Sigiri PDF p. 456 (printed p. 448), column 3; OCR entry: pumba, vb. [Skt. pra-Vdhmā; cf. pumnāk'hu, Dhag. 85, pumvā = P. dhamāpetvā, Dhag., 126, and cond. puñbutu, Ksm., v. 291], to blow air in, swell, prt., pumbu, 466.",paranavitana
OSi,,puyu,,,,"Sigiri PDF p. 456 (printed p. 448), column 3; OCR entry: puyu, prt. a. [Skt. pta, Intr., § 118 (2)]; e.f. of pū! drunk, one who is drunk, 477, 517, 589.; auto-review: missing_gloss",paranavitana
OSi,,puyuta,what has been contrived,,,"Sigiri PDF p. 456 (printed p. 448), column 3; OCR entry: puyuta, s. [Skt. prayukta], what has been contrived; loc. indef., puyuteklhi, 231.",paranavitana
OSi,,puyutar,celebrated,,,"Sigiri PDF p. 456 (printed p. 448), column 3; OCR entry: puyutar, a. [Skt. prthu-tara; cf. puvatara, Rm., v. 412], celebrated, 552. d",paranavitana
OSi,,purat,to fill,,,"Sigiri PDF p. 456 (printed p. 448), column 3; OCR entry: purat, vb. [Skt. vpūr; cf. purata, Ksm., v. 63], to fill. See piri, pirivi, pirimo, puray—purā.",paranavitana
OSi,,pura,city,,,"Sigiri PDF p. 456 (printed p. 448), column 3; OCR entry: pura?, s. [Skt. pura; cf. Rm., v. 173], city, 652; cd., -jana, people of the city, 390.",paranavitana
OSi,,puray,j,,,"Sigiri PDF p. 456 (printed p. 448), column 3; OCR entry: puray, abs. of ~purat [cf. Dhkag. 218; var. purā]j, 45, 509.",paranavitana
OSi,,purava,,,,"Sigiri PDF p. 456 (printed p. 448), column 3; OCR entry: purava, abs. cs. of vpurat [cf. Uj. 79], 389.; auto-review: missing_gloss",paranavitana
OSi,,purā,,,,"Sigiri PDF p. 456 (printed p. 448), column 3; OCR entry: purā, abs. of vpura!, var. of puray [cf. Dhag. 106], 149.; auto-review: missing_gloss",paranavitana
OSi,,puruju,,,,"Sigiri PDF p. 456 (printed p. 448), column 3; OCR entry: puruju, a., e.f. of purudu, q.v., 53; 158, 160; cd. rel, -guņa, 53.; auto-review: missing_gloss",paranavitana
OSi,,purudu,"habit, accustomed, familiar with",,,"Sigiri PDF p. 456 (printed p. 448), column 3; OCR entry: purudu, s., a. [Skt. paricita, e.f, puruju; cf. Dhpr. 147], habit, accustomed, familiar with; inst., purudin, 83; purudden [cf. Ksm., v. 631], 82.",paranavitana
OSi,,pul,fully blown,,,"Sigiri PDF p. 456 (printed p. 448), column 3; OCR entry: pul, a. [Skt. phulla; cf. Sis., v. 2], fully blown, 484, 558, 567.",paranavitana
OSi,,pulud,626. t S a ear anaa n a alane A,,,"Sigiri PDF p. 456 (printed p. 448), column 3; OCR entry: pulud, a. [l.f. of puludu; cf. puludde, Mdv., v. 155], 626. t S a ear anaa n a alane A; auto-review: low_ocr_confidence",paranavitana
OSi,,pulundu,,,,"Sigiri PDF p. 457 (printed p. 449), column 1; OCR entry: pulundu, var. of puludu, 345.; auto-review: missing_gloss",paranavitana
OSi,,pül-nil (or nilu) -upul-āssan,,,,"Sigiri PDF p. 457 (printed p. 449), column 1; OCR entry: pül-nil (or nilu) -upul-ässan, cd., rel. gen: pl. [cf Gk., v. 348, Sei 124, 567-; auto-review: missing_gloss;low_ocr_confidence",paranavitana
OSi,,puvat,"what ħas transpired, state of things, condition",,,"Sigiri PDF p. 457 (printed p. 449), column 1; OCR entry: puvat, s. [Skt. pravrtti; cf. Gk., V. 330, var. pavat, Dhag. 62], what ħas transpired, state of things, condition, 62, 167;inst., puvutin, 511.",paranavitana
OSi,,pula,"expanded, diffused, evident; cd., < pula-hbasu, broad smile",,,"Sigiri PDF p. 457 (printed p. 449), column 1; OCR entry: pula, a. [Skt. sphuța, P. phuta; cf. sañŭda yam-seyin pule da e-seyin ma pula kota, Dhag. 114], expanded, diffused, evident; cd., < pula-hbasu, broad smile, 88.",paranavitana
OSi,,pū,onè who has drunk,,,"Sigiri PDF p. 457 (printed p. 449), column 1; OCR entry: _pū', prt. a. [l.f. of puyu; cf. Dhpr. -~ 68], onè who has drunk, 556.",paranavitana
OSi,,pū,"thrown, cast, hurled",,,"Sigiri PDF p. 457 (printed p. 449), column 1; OCR entry: pū?, prt of vpiya [Skt. prahita, P. pahita], thrown, cast, hurled, 540. pet [Skt. spartti; see note 5, No. 427], spreading mass of fire, 427.",paranavitana
OSi,,peti,petals,,,"Sigiri PDF p. 457 (printed p. 449), column 1; OCR entry: peti, s. [Skt. patrikāã; Bs. 100], petals, 358.",paranavitana
OSi,,pedes,region,,,"Sigiri PDF p. 457 (printed p. 449), column 1; OCR entry: pedes, s. [Skt. pradeśa; cf. Sdv. 231], region, 462.",paranavitana
OSi,,pene,love,,,"Sigiri PDF p. 457 (printed p. 449), column 1; OCR entry: pene, vb., e.f. of vpäne; gdv. or pot., peneya, 326. pem, pema [Skt. prema; cf. Mdv., v. 102], love, 91 ; cd., pem-vajan, words of love, 512.",paranavitana
OSi,,pera,front,,,"Sigiri PDF p. 457 (printed p. 449), column 1; OCR entry: pera, s. [Skt. pūrva; cf. perehi, Dhag. 75], front; inst. abl., peräna, in front of, 343-",paranavitana
OSi,,perivanā,,,,"Sigiri PDF p. 457 (printed p. 449), column 1; OCR entry: perivanä, var. of pirivana, loc., 506.; auto-review: missing_gloss",paranavitana
OSi,,peru,lineage,,,"Sigiri PDF p. 457 (printed p. 449), column 1; OCR entry: peru, s. [Skt. pravara +ka; cf. mod. S. pēruva], lineage, 522.",paranavitana
OSi,,pere,"adv. [Skt. puras, P: pure, 1f. pärä",,,"Sigiri PDF p. 457 (printed p. 449), column 1; OCR entry: pere, indec. adv. [Skt. puras, P: pure, 1f. pärä; cf. Dhag. 67l; aforetime, of yore, formerly, 9, 51, 171, 217, 250, 251, 298, 341, 488, 490, 535, 570,609, 635»",paranavitana
OSi,,pereț,"to the fore, forward",,,"Sigiri PDF p. 457 (printed p. 449), column 1; OCR entry: pereț, a. [Skt. purahstha, e.f. peretu; cf. puret, Dhag. 16, perața, Amv. 70], to the fore, forward, 392, 393, 608.",paranavitana
OSi,,perețu,,,,"Sigiri PDF p. 457 (printed p. 449), column 1; OCR entry: perețu, e.f. of pereț, 310.; auto-review: missing_gloss",paranavitana
OSi,,pele,,,,"Sigiri PDF p. 457 (printed p. 449), column 1; OCR entry: pele, nom. sin. of pala [cf. Ksm., v. 4], 97:; auto-review: missing_gloss",paranavitana
OSi,,pelebi,,,,"Sigiri PDF p. 457 (printed p. 449), column 1; OCR entry: pelebi, abs. of vpolaba [cf pälämbi, Esl. 6], 245-; auto-review: missing_gloss",paranavitana
OSi,,pelebu(ŭ),or 3rd sin. pl. ol spolaba,,,"Sigiri PDF p. 457 (printed p. 449), column 1; OCR entry: pelebu(ŭ), prt. or 3rd sin. pl. ol spolaba, 331, 656, 657.",paranavitana
OSi,,pelembi,"or 3rd sin, p. ol apolaba, r00",,,"Sigiri PDF p. 457 (printed p. 449), column 1; OCR entry: pelembi, prt., or 3rd sin, p. ol apolaba, r00.; auto-review: low_ocr_confidence",paranavitana
OSi,,pelembū,,,,"Sigiri PDF p. 457 (printed p. 449), column 1; OCR entry: pelembū, var. of pelebu, 113, 502 pevij, ef. of pävij; gen. pl. pevijan, 7.; auto-review: missing_gloss",paranavitana
OSi,,pevin,or abl. of pav or pava 518,,,"Sigiri PDF p. 457 (printed p. 449), column 1; OCR entry: pevin, inst. or abl. of pav or pava 518.",paranavitana
OSi,,pevehi,,,,"Sigiri PDF p. 457 (printed p. 449), column 1; OCR entry: pevehi, loc, of pav or pava, 666.; auto-review: missing_gloss",paranavitana
OSi,,pesena,of pasa,,,"Sigiri PDF p. 457 (printed p. 449), column 1; OCR entry: - pesena, inst. of pasa, 325.; auto-review: low_ocr_confidence",paranavitana
OSi,,pela,"to hurt, to become afflicted 3rd sin. pr. ref., peļeyi, 549-",,,"Sigiri PDF p. 457 (printed p. 449), column 1; OCR entry: pela, vb. [Skt. pīd; cf. pelā, Sbl., v 199], to hurt, to become afflicted 3rd sin. pr. ref., peļeyi, 549-",paranavitana
OSi,,pokaņa,pond,,,"Sigiri PDF p. 457 (printed p. 449), column 1; OCR entry: pokaņa, s. [Skt. puşkaranī, P pokkharanī; cf. pokun, EZ. 1 176], pond, 151. B 507 KAR T AEGA a na o a eaa pokurupatin, Dhpr. 81], 303.; auto-review: low_ocr_confidence",paranavitana
OSi,,pokuņa,keeper of books,,,"Sigiri PDF p. 457 (printed p. 449), column 2; OCR entry: pokuņa, var, of pokaņa, 556. pot, pota, s. [Skt. pustaka, P. potthaka; cf. Bandāra-potä, EZ. IV. 256, and pot-tanaturu, Jga. 160], keeper of books, 136, 201, 356. potaki [P. potthakin, Mw., chap. 72, v. 182], keeper of books, 16.",paranavitana
OSi,,popi,"moved, winked (of eye)",,,"Sigiri PDF p. 457 (printed p. 449), column 2; OCR entry: popi, prt. [Skt. prakampita; cf. Dhpr. 127, Rm., v. 242], moved, winked (of eye), 241. poloba, polomba, vb. [Skt. praslubh; cf. polorńbā, Dhag. 50], to entice, allure; abs., polobā [cf. Dhag. 196], 194; polobay, 284. See pelebi—pelembū.",paranavitana
OSi,,polla,"drop of water (in cd., with äs, tear)",,,"Sigiri PDF p. 457 (printed p. 449), column 2; OCR entry: polla, cd. [poda (cf. Mbg. 15 = Skt. prsat+jala); podajala > poddala > podla > polla], drop of water (in cd., with äs, tear); inst., pollen, 179.",paranavitana
OSi,,poho,"to be able, adequate, worth, sufficient",,,"Sigiri PDF p. 457 (printed p. 449), column 2; OCR entry: poho, vb. [Skt. pra-vbhū, P. pahoti. cf. pohom, Mdv., V. 4, pal pohoni vatak, Svv. 1], to be able, adequate, worth, sufficient; nom indef. of pr. pt. (rel.), pohonnek one who values, 64.",paranavitana
OSi,,polo,"[Skt. prthvz, P. pathavī",,,"Sigiri PDF p. 457 (printed p. 449), column 2; OCR entry: polo, s. [Skt. prthvz, P. pathavī; cf Rm., v. 162, Dhpr. 147), earth 312, 445, 493-",paranavitana
OSi,,ba,to be afraid of,,,"Sigiri PDF p. 457 (printed p. 449), column 2; OCR entry: ba, vb. [Skt. vbhi; cf. bami, Vds 395], to be afraid of. See bå.",paranavitana
OSi,,Bag,"the first Sinhales lunar month, March-April",,,"Sigiri PDF p. 457 (printed p. 449), column 2; OCR entry: Bag, s. [Skt. Bkaga; cf. EZ. I. 185 mod. S. Bak], the first Sinhales lunar month, March-April, 64.",paranavitana
OSi,,baja,"to love, prefer, to be come attached to",,,"Sigiri PDF p. 457 (printed p. 449), column 2; OCR entry: baja, vb. [Skt. vbhaj; cf. bajamu Sdsg. 145], to love, prefer, to be come attached to; gen. sin. of pı pt. (inf.), bajnā, 207; nom. pl. c pr. pt. (rel.), bajno, 86. See þij and beji.",paranavitana
OSi,,baț,"descended, com down",,,"Sigiri PDF p. 457 (printed p. 449), column 2; OCR entry: baț, prt. of v'basi [Skt. bhraşța; c EZ. III. 298], descended, com down, 71, 98, 105, 118.",paranavitana
OSi,,bața,,,,"Sigiri PDF p. 457 (printed p. 449), column 2; OCR entry: bața, e.f. of baț [cf. Dhpr. 29 Ksm., V. 323l, 127, 312.; auto-review: missing_gloss",paranavitana
OSi,,baț-tana,,,,"Sigiri PDF p. 457 (printed p. 449), column 2; OCR entry: baț-tana, cd., 71.; auto-review: missing_gloss",paranavitana
OSi,,baț-mul,,,,"Sigiri PDF p. 457 (printed p. 449), column 2; OCR entry: baț-mul, cd., 118. bada, [Skt. bhāuda; cf. bada-ha Slk. 371, badu, Rm., v. 175 treasure, 565.; auto-review: missing_gloss",paranavitana
OSi,,baņa,"[Skt. vbhan; forms « this verb in mod. S. mean “i scold, abuse, &c.’, e.g. baninava to speak",,,"Sigiri PDF p. 457 (printed p. 449), column 2; OCR entry: baņa!, vb. [Skt. vbhan; forms « this verb in mod. S. mean “i scold, abuse, &c.’, e.g. baninava to speak. See baņa’™—baņi bäņavi—bäņä hey, binibiņūva, buņat, buņa?, bun yen—buņu, beņeyu—benņey. baņa?, imp. of vbaņa!, 128, 13 381, 599-; auto-review: low_ocr_confidence",paranavitana
OSi,,baņa,,,,"Sigiri PDF p. 457 (printed p. 449), column 2; OCR entry: baņa, cond, or inf. of abani [= Skt. bhaņitum, see Intr., §47 in baņa-manã], 363.; auto-review: missing_gloss",paranavitana
OSi,,baņat,527; 683- + 3M s b E € è r pee o” 2īl; 17,,,"Sigiri PDF p. 457 (printed p. 449), column 2; OCR entry: baņat, cond, of Vbaņa' [cf. Dha 142], 527; 683- + 3M s b E € è r pee o” 2īl; 17,568, 632. baņana, pr. pt. of Vbaņa' [cf. Dhag. 44] (a), 172, 235, 338, 348, 527, 570; acc. pl. (rel,), baņanan, 198; inf., bananu [cf. Mbg. 39], 344, 432; gen., or acc. sin. (inf), baņanā, 6, 208; nom. pl. (rel), baņano, 187, 402, 619; gen. or acc. pl. (rel.), baņannan, 348; s.f. for nom. pl. (rel), + mu, baņannumu, 208. See also bananni.; auto-review: low_ocr_confidence",paranavitana
OSi,,baņannayu,,,,"Sigiri PDF p. 457 (printed p. 449), column 3; OCR entry: baņannayu, cond. of Vbaņat [Skt bhanitum, see Intr., § 478], 616.; auto-review: missing_gloss",paranavitana
OSi,,baņanni,sin. f. of baņana 417,,,"Sigiri PDF p. 457 (printed p. 449), column 3; OCR entry: baņanni, nom. sin. f. of baņana 417.",paranavitana
OSi,,baņa-manā,,,,"Sigiri PDF p. 457 (printed p. 449), column 3; OCR entry: baņa-manā, cd., what is fit to bi spoken, 363baņay, 3rd sin. pr. of Vbaņa!, 350; auto-review: missing_gloss",paranavitana
OSi,,baņaya,"of vVbaņa, e.f. o bäņä, 143baņayu, imp. or opt. of Vbaņa?",,,"Sigiri PDF p. 457 (printed p. 449), column 3; OCR entry: baņaya, abs. of vVbaņa, e.f. o bäņä, 143baņayu, imp. or opt. of Vbaņa?, 71 620.",paranavitana
OSi,,baņavat,,,,"Sigiri PDF p. 457 (printed p. 449), column 3; OCR entry: baņavat, cond. cs. of Vbaņa! [c Dhag. 150], 112, 181, 302, 30: 557, 620, 632.; auto-review: missing_gloss",paranavitana
OSi,,baņavata,,,,"Sigiri PDF p. 457 (printed p. 449), column 3; OCR entry: baņavata, e.f. of baņavat, 21, 7) 208.; auto-review: missing_gloss",paranavitana
OSi,,baņavannek,sin. indef. « pr. pt. cs. (rel.) of vbaņa?,,,"Sigiri PDF p. 457 (printed p. 449), column 3; OCR entry: baņavannek, nom. sin. indef. « pr. pt. cs. (rel.) of vbaņa?, 58.",paranavitana
OSi,,baņavanno,pl. of pr. pt. c (rel.) of vbaņa,,,"Sigiri PDF p. 457 (printed p. 449), column 3; OCR entry: baņavanno, nom. pl. of pr. pt. c (rel.) of vbaņa, 379. baņit, 3rd pl. pr. of Vbaņa', 685.",paranavitana
OSi,,baņdi,lord,,,"Sigiri PDF p. 457 (printed p. 449), column 3; OCR entry: baņdi, s. [Skt. bharty; cf. banda EZ. I. 46, and mod. S. banda], title, ‘lord’, 46.",paranavitana
OSi,,bata or bati,lord,,,"Sigiri PDF p. 457 (printed p. 449), column 3; OCR entry: bata or bati, s. [Skt. bhartr; < OS. bata, EZ. I. 145, sce Int § 713; cf. bati = P. bhante, Dha 155], honorific title, ‘lord’, comir after personal names; bati, 15, 1 96, 170, 216, 355, 489; with ve mi, batimi, 17, 237, 249, 26 283, 495, 506, 515, 529, 554» 55 565, 588, 596, 602, 629, 636, 64 646, 653; gen. sin., batiyun, 45 batiyuna, 276; f. bati, 122; ge sin., batīn, 2, 473, 591; f. wi verb mi, batimi, 15, 202, 21 or.",paranavitana
OSi,,bad,of Vbadi [Skt. baddh e.f. bada,,,"Sigiri PDF p. 457 (printed p. 449), column 3; OCR entry: bad, prt. of Vbadi [Skt. baddh e.f. bada; cf. Dhpr. 297), cor posed (verses), 44, 54, 83, 12 >| 169, 186, 247, 373» 467; 553, 55 ) 560, 590.",paranavitana
OSi,,badat,"(1) composed, 2: - 556;(2)inseparable",,,"Sigiri PDF p. 457 (printed p. 449), column 3; OCR entry: badat, e.f. of bad [cf. bada-d i ‘Dhpr. 10], (1) composed, 2: - 556;(2)inseparable, 415; bound : knotted (referring to hair), 501",paranavitana
OSi,,bada,,,,"Sigiri PDF p. 457 (printed p. 449), column 3; OCR entry: bada?, s., var. of banda?, q.v A cd. asad-bada, 10. badana, pr. pt. (a.) of Vbadi, 72. l | badane, nom. sin. of pr. pt. (ir $ of vbadi, 169. bada-ha [bada, inf. of vVbadi j Skt. baddhum, see Intr., § 4# and 3rd sin. p. of vhe, qv 4 S E % - badit, 3rd pl, pr. of Vbadi, 138. hpani var. of badana, that whic + binds, 126, g badmi, bad and verb mi, q.v., 1: R: n. p. of vbadi, 57, 112, 42 DE a 680. `» giao? T panai var. of bandal, q.v., 9: o aoa 7. See piya-band, asad; auto-review: missing_gloss;low_ocr_confidence",paranavitana
OSi,,ie. ban d,,,,"Sigiri PDF p. 458 (printed p. 450), column 1; OCR entry: ie. ban d°, a., l.f. of bandu, q.v. [ci © Amv. 59), 217.; auto-review: missing_gloss;low_ocr_confidence",paranavitana
OSi,,bandat,body,,,"Sigiri PDF p. 458 (printed p. 450), column 1; OCR entry: bandat, s. [P. bondi, cf. kal-bandc Mdv., v. 54], body, 408. Se asad-banda.",paranavitana
OSi,,banda“,,,,"Sigiri PDF p. 458 (printed p. 450), column 1; OCR entry: banda“, a., var. of bandu, q.v. 345. See ke-banda.; auto-review: missing_gloss",paranavitana
OSi,,bandi,"to composi verses, to bind, to hold. Sei bandnā, bandvayu, bändä bandi",,,"Sigiri PDF p. 458 (printed p. 450), column 1; OCR entry: bandi, vb. [Skt. bandh; ci bañŭdanā, Sdsg. 185], to composi verses, to bind, to hold. Sei bandnā, bandvayu, bändä bandi.",paranavitana
OSi,,bandu,"like, comparable to 3» 6",,,"Sigiri PDF p. 458 (printed p. 450), column 1; OCR entry: bandu, a. [Skt. baddha, ‘connectec with, related to’; cf. Dhag. 123 Dhpr. 276], like, comparable to 3» 6, 67, 77» 357; 394, 438, 455 525, 547, 586. See bandun banduni, banduvan, banduhu.",paranavitana
OSi,,bandun,of gen. pl. of bandu (rel.),,,"Sigiri PDF p. 458 (printed p. 450), column 1; OCR entry: bandun, acc. of gen. pl. of bandu (rel.), 555. `",paranavitana
OSi,,banduni,,,,"Sigiri PDF p. 458 (printed p. 450), column 1; OCR entry: banduni, voc. pl. o bandu (rel.) 526.; auto-review: missing_gloss",paranavitana
OSi,,banduvada,"a flower, Pentapetes phoenicia",,,"Sigiri PDF p. 458 (printed p. 450), column 1; OCR entry: banduvada, s. [Skt. bandu-jīva; cf. Dhag. 91], a flower, Pentapetes phoenicia, 332.",paranavitana
OSi,,banduvan,pl. of bandu (rel.),,,"Sigiri PDF p. 458 (printed p. 450), column 1; OCR entry: banduvan, gen. pl. of bandu (rel.), 460.",paranavitana
OSi,,banduhu,pl. of bandu (rel.),,,"Sigiri PDF p. 458 (printed p. 450), column 1; OCR entry: banduhu, nom. pl. of bandu (rel.), 69. bandnā, pr. pt. (adj.) of vbandi, (1) composing, 122, 306; (2) being bound, 449.",paranavitana
OSi,,bandmi,,,,"Sigiri PDF p. 458 (printed p. 450), column 1; OCR entry: bandmi, var. of badmi, 472. bandvayu, imp. cs. of vbandi (to bind), 285.; auto-review: missing_gloss",paranavitana
OSi,,bama,"to turn round; abs., bamā [cf. Bs. 287]",,,"Sigiri PDF p. 458 (printed p. 450), column 1; OCR entry: bama, vb. [Skt. vbhram; cf. bamā, Ts. 141], to turn round; abs., bamā [cf. Bs. 287], 121.",paranavitana
OSi,,bamar,bee,,,"Sigiri PDF p. 458 (printed p. 450), column 1; OCR entry: bamar, s. [Skt. bhramara, cf. Dhpr. 298], bee, 484, 582.",paranavitana
OSi,,bar,"burden, 'a heavy object",,,"Sigiri PDF p. 458 (printed p. 450), column 1; OCR entry: bar, s. [Skt. bhāra; cf. bara, Sdv., v. 8], burden, 'a heavy object, 13, 378, 449, 477; e.f. bara [cf. Jga. 114], 41, 148, 188, 220, 268, 296, 383, 436, 445, 520, 550; cd., bara-lu, 349. See lu; loc., barä, 25, 30, 237; inst., barin [cf. Ksm. 205], 14; barini, 529; barni, 87, 356, 477, 503, 540, 592, 666. See also bärä.",paranavitana
OSi,,bala,strength,,,"Sigiri PDF p. 458 (printed p. 450), column 1; OCR entry: bala!, s. [Skt. bala; cf. Amv. 126], strength, 488. See belen.",paranavitana
OSi,,balat,"to look at, observe",,,"Sigiri PDF p. 458 (printed p. 450), column 1; OCR entry: balat, vb. [Skt. vbhal, Pkt. bhālai; cf. balana, Sls. 11, and mod. S. balanava], to look at, observe. See bala?—balat?, balata—balā, bälama—bälma, belama— beluva. i | bala‘, abs. of Bala, 21, 38, 223 257, 271, 354, 454, 593, 619, 64 5 [16]. i H N , | balat gata, comp. vb. [cf. mod. S balā gatta], 661. balat gana, comp, vb. [cf. mod. S balā gana], 310. balat!, 3rd pl. pres. of vbala?, ror 162, 197, 496.",paranavitana
OSi,,balat’,,,,"Sigiri PDF p. 458 (printed p. 450), column 2; OCR entry: balat’, cond. of vbala? [e.f. balata cf. Svv. 69], 26, 83, 290, 356, 412 473, 486, 523, 653.; auto-review: missing_gloss",paranavitana
OSi,,balat’,palace-guard,,,"Sigiri PDF p. 458 (printed p. 450), column 2; OCR entry: balat’, s. [P. balattha, cf. Mbg. 144] palace-guard, 12.",paranavitana
OSi,,balata,,,,"Sigiri PDF p. 458 (printed p. 450), column 2; OCR entry: balata, e.f. of balat? KE TS y 15], 31, 163, 188, 342, 435, 475 521, 559, 572, 587, 639, 661 [22]. balatvay, opt. of vbala?, 325. balat? hot [cf. Bs. 132], 323. balan, imp. of vbala?, 14, 125. balana, pr. pt. (a.) of vbala? [cf Suv. 11, Dhpr. 296], 45, 212, 579. 661. See balanața, balananața, balanuyun, balano.; auto-review: missing_gloss",paranavitana
OSi,,balanața,"sin. of balana, (1) (nf.)",,,"Sigiri PDF p. 458 (printed p. 450), column 2; OCR entry: balanața, dat. sin. of balana, (1) (nf.), 45, (2) (rel.), 128.",paranavitana
OSi,,balananața,pl. of balana (inf. or rel.),,,"Sigiri PDF p. 458 (printed p. 450), column 2; OCR entry: balananața, dat. pl. of balana (inf. or rel.), 111, 556. balanu, pr. pt. (inf.) of vbala?, 375. See balannaț, °ta.",paranavitana
OSi,,balanuyun,pl. of balana (rel.),,,"Sigiri PDF p. 458 (printed p. 450), column 2; OCR entry: balanuyun, gen. pl. of balana (rel.), 125, 207. balane, gdv. of vbala?, 66r. balaney, gdv. of vbala?, 65o. balaneya, gdv, of vbala?, 650.",paranavitana
OSi,,balano,pl. of bałana (rel.),,,"Sigiri PDF p. 458 (printed p. 450), column 2; OCR entry: balano, nom. pl. of bałana (rel.), 544. balat no di, comp. vb. separated by neg., 182. balat no hi, comp. vb, (see Intr., § 478), 637.",paranavitana
OSi,,balannat,sin. of balanu,,,"Sigiri PDF p. 458 (printed p. 450), column 2; OCR entry: balannat, dat. sin. of balanu, 49, = 62, 144, 473. See next.",paranavitana
OSi,,balannața,,,,"Sigiri PDF p. 458 (printed p. 450), column 2; OCR entry: balannața, orth. var. of preceding, 482, 558, 566, 632. balanne, imp. of vbala?, 461. balanney, gdv. of vbala?, 461. bala balay, gd. (abs. duplicated) of vVbala, 497. balam, pr. pt. of Vbala? [see Intr., § 496], 109.; auto-review: missing_gloss",paranavitana
OSi,,bala mana,"and manā, q.v",,,"Sigiri PDF p. 458 (printed p. 450), column 2; OCR entry: bala mana, cond. of vbala? [Intr., § 478] and manā, q.v., 476. balamani, gd. of vbala?, e.f. balamin, 139. balamaha, īst pl. pr. of vbala?, e.f. of balamha, 646. balamin, gd. of vbala [cf. var. balamani, balamini, balamni, Dhpr. 296], 74, 114, 147, 291, 417, 429, 472, 480, 491, 542, 637, 650.",paranavitana
OSi,,balamini,,,,"Sigiri PDF p. 458 (printed p. 450), column 2; OCR entry: balamini, var. of balamin [cf. Ksm., v. 623], 7, 24. balamni, (1) l.f. of balamani, 165, batamha, rst pl. pr. of Vbala? [cf ‘Dhag. 97], 499. e r,; auto-review: missing_gloss",paranavitana
OSi,,balay,,,,"Sigiri PDF p. 458 (printed p. 450), column 3; OCR entry: balay, abs. of vaip e.f. balaya, var. balayi? [cf. Dhag. 97, 181], 48, 113, 195, 27329 9, 344, 375,; auto-review: missing_gloss",paranavitana
OSi,,balaya,261. Sro A whi {-,,,"Sigiri PDF p. 458 (printed p. 450), column 3; OCR entry: balaya, e.f. of Co 424, 475, 552; 649, 676 [37]. 261. Sro A whi {-; auto-review: low_ocr_confidence",paranavitana
OSi,,balayi,,,,"Sigiri PDF p. 458 (printed p. 450), column 3; OCR entry: balayi, var. of balay, 85, 94, 176, 189, 376, 404, 515 630: s balayi’, 3rd sin. pr, of ybala?, 309, 389, 397. 4: A E; auto-review: missing_gloss;low_ocr_confidence",paranavitana
OSi,,balayu,318; -ġata,,,"Sigiri PDF p. 458 (printed p. 450), column 3; OCR entry: balayu, e.f. of balavu, qV 71, 243, 335. E PUN balay gat, com. i a$ 501], 318; -ġata, 288; -ġan, 368. balavu, imp. or opt. of vbal a?, 564, balahi, 2nd sin. pr. of vbala?, 38..; auto-review: low_ocr_confidence",paranavitana
OSi,,balā,,,,"Sigiri PDF p. 458 (printed p. 450), column 3; OCR entry: balā, abs. of vbala? [cf. Ksm., v. 80], 46, 259, 371, 470, 661; balā no hi, 66r. 4; auto-review: missing_gloss",paranavitana
OSi,,bav,,,,"Sigiri PDF p. 458 (printed p. 450), column 3; OCR entry: bav, s., Lf. of bava, q.v., var. bäv [cf. Amv. 44], 148, 240.; auto-review: missing_gloss",paranavitana
OSi,,bava,"state, condition; the fact that",,,"Sigiri PDF p. 458 (printed p. 450), column 3; OCR entry: bava, s. [Skt. bhãva; cf. l.f. bav, Ksm., v. 89], state, condition; the fact that . . ., 50, 67, 37, 99, 209, 213, 219, 239, 353, 402, 420, 594, 640, 661; inst., bavina, 158, 625. See bävin, bevin, bevina, beven.",paranavitana
OSi,,bas,,,,"Sigiri PDF p. 458 (printed p. 450), column 3; OCR entry: bas, s., L.f. of basat, q.v., 395, 438, 453. ?; auto-review: missing_gloss",paranavitana
OSi,,basa,"speech, word, 24a 149",,,"Sigiri PDF p. 458 (printed p. 450), column 3; OCR entry: basa!, s. [Skt. bhāsã; l.f. bas; cf. Kskh. X. 148], speech, word, 24a 149, 214, 274, 400, 460, 491, 516, 671 [16]. See basak, basa, - basin, basu, bäsi.",paranavitana
OSi,,basa’,to speak,,,"Sigiri PDF p. 458 (printed p. 450), column 3; OCR entry: basa’, vb. [Skt. sbhāș], to speak. See basat.",paranavitana
OSi,,basak,,,,"Sigiri PDF p. 458 (printed p. 450), column 3; OCR entry: basak, acc. indef. of basa! [cf. Bs. 134], 1, 177, 217, 224, 260, 329, 472, 494, 505, 524, 651, 656, 668. A ,; auto-review: missing_gloss",paranavitana
OSi,,basat,of Vbasa,,,"Sigiri PDF p. 458 (printed p. 450), column 3; OCR entry: basat, cond. of Vbasa, 243, 265.",paranavitana
OSi,,basanna,of pr. pt. (inf.) of Nbasi,,,"Sigiri PDF p. 458 (printed p. 450), column 3; OCR entry: basanna, acc. of pr. pt. (inf.) of Nbasi, 58.; auto-review: low_ocr_confidence",paranavitana
OSi,,basā,,,,"Sigiri PDF p. 458 (printed p. 450), column 3; OCR entry: basā, s., var. of basal, length metris causa, 627.; auto-review: missing_gloss",paranavitana
OSi,,basi,,,,"Sigiri PDF p. 458 (printed p. 450), column 3; OCR entry: basi!, vb. [Skt. vbhrams; cf. basimin, Bga., v. 520, and mod. S. bahinava, to come or climb down. See bat, bata, basanna, basi?— basin!, basina—basu!, bäsä— basi, busu. basi, 3rd. sin. pr. of „basit [basiyi > basi > basi], 371.; auto-review: missing_gloss",paranavitana
OSi,,basit,"of vbasit, e.f. basita",,,"Sigiri PDF p. 458 (printed p. 450), column 3; OCR entry: basit, cond. of vbasit, e.f. basita, 416.",paranavitana
OSi,,basita,,,,"Sigiri PDF p. 458 (printed p. 450), column 3; OCR entry: basita, e.f. of basit, 139, 299. basin!, imp. of vVbasit, 267.; auto-review: missing_gloss",paranavitana
OSi,,basin’,"558. basina, pr, pt. (a.) of Vbasi!",,,"Sigiri PDF p. 458 (printed p. 450), column 3; OCR entry: basin’, inst. of bas or basa! [cf. Ksm., v. 73], 558. basina, pr, pt. (a.) of Vbasi!, 210. basinä, pr. pt. (inf.) of vbasi!, 57.",paranavitana
OSi,,basinna,,,,"Sigiri PDF p. 458 (printed p. 450), column 3; OCR entry: basinna, acc. of pr. pt. (inf.) of vVbasi?, 444. basimin, gd. of vbasit, 670. basiy, 3rd sin. pr. (in future sense) of vbasi', 563. EORNA E A NEPERT A a o EVS RE E (rel) [*basahu > *basuhu > *#basu], 558.; auto-review: missing_gloss;low_ocr_confidence",paranavitana
OSi,,bal,"29. bā, abs; of vba:[cf. Dhpr. 245]",,,"Sigiri PDF p. 459 (printed p. 451), column 1; OCR entry: bal, s, [Skt. bhata; cf. bala, Ksm., v. 344], 29. bā, abs; of vba:[cf. Dhpr. 245], 282, 561.; auto-review: low_ocr_confidence",paranavitana
OSi,,bāņa,5I,,,"Sigiri PDF p. 459 (printed p. 451), column 1; OCR entry: bäņa, abs. of Vbaņa’ [cf. Kup. 77], 5I:; auto-review: low_ocr_confidence",paranavitana
OSi,,bāņavi,cs. of vbaņa!,,,"Sigiri PDF p. 459 (printed p. 451), column 1; OCR entry: bäņavi, prt. cs. of vbaņa!, 172.",paranavitana
OSi,,bāņā,,,,"Sigiri PDF p. 459 (printed p. 451), column 1; OCR entry: bäņä, abs. of Vbaņa', e.f. baņaya [cf _Dhpr. 299], 14, 46, 60, 215, 434, 505, 508, 554 599, 642 [17]: bänņä lata, comp. vb. [Intr., § 501r], „193, 641. bäņä lan, comp. vb. [Intr., § 501], 52:; auto-review: missing_gloss",paranavitana
OSi,,bāņā hī,and hī,,,"Sigiri PDF p. 459 (printed p. 451), column 1; OCR entry: bäņä hī, cond. of vbaņa: [Intr., § 478] and hī, 380.",paranavitana
OSi,,bānņnā hey,and hey,,,"Sigiri PDF p. 459 (printed p. 451), column 1; OCR entry: bänņnä hey, cond. of Vbaņa’ [Intr., § 478] and hey, 444.",paranavitana
OSi,,bāti,attachment,,,"Sigiri PDF p. 459 (printed p. 451), column 1; OCR entry: bäti, s. [Skt. bhakti; cf. Kskh., V. 48], attachment, 231.",paranavitana
OSi,,bāndā,371 (in comp. vb. Þbändä lannā),,,"Sigiri PDF p. 459 (printed p. 451), column 1; OCR entry: bändä, abs. of vbandi, (1) having composed, 307; (2) having joined [cf. Dhag. 121], 371 (in comp. vb. Þbändä lannā).",paranavitana
OSi,,bāndi,,,,"Sigiri PDF p. 459 (printed p. 451), column 1; OCR entry: bändi, prt. of vbandi, (1) captivated, 450, 453, 681; (2) composed [cf. Gk., v. 274], 504-; auto-review: missing_gloss",paranavitana
OSi,,bāmā,eyebrow. 90,,,"Sigiri PDF p. 459 (printed p. 451), column 1; OCR entry: _bämä, s. [Skt. bhr, P. bhamuka = cf bäma, Ksm., V. 143], eyebrow. 90, 364, 394.»; auto-review: low_ocr_confidence",paranavitana
OSi,,bārā,"148. bälama, vn. of vbala?, e.f. o bäluma, bälma; var. bäläma e.f. belama, looking",,,"Sigiri PDF p. 459 (printed p. 451), column 1; OCR entry: bärä, loc. of bar or bara [cf. Dhag 167], 148. bälama, vn. of vbala?, e.f. o bäluma, bälma; var. bäläma e.f. belama, looking; dat., bälamata, 345; inst, bälamäna 513; loc., bälame, 345. See als bäläma and bälum.",paranavitana
OSi,,bālāni,of balat,,,"Sigiri PDF p. 459 (printed p. 451), column 1; OCR entry: bäläni, inst. of balat, 286.",paranavitana
OSi,,bālāma,,,,"Sigiri PDF p. 459 (printed p. 451), column 1; OCR entry: bäläma, var. of bälama; dat bälämata, 672.; auto-review: missing_gloss",paranavitana
OSi,,bāli,,,,"Sigiri PDF p. 459 (printed p. 451), column 1; OCR entry: bäli!, prt. of vbala? [cf. Sdsg. 221] 66, 223, 250, 454, 489, 490, 521 572, 577. See bäliye, bäliyo. bäli?, grd sin. p. ofv'bala? [cf. Mdv. v. 14; e.f. beli], 121, 124, 305. bälimi, rst sin: p. of Vbala?, 1, 45 321, 435, 436, 439, 468, 577.; auto-review: missing_gloss",paranavitana
OSi,,bāliyā,117 (bäliyä no hī,,,"Sigiri PDF p. 459 (printed p. 451), column 1; OCR entry: bäliyä, cond. or inf. of vbala [ntr., § 478], 117 (bäliyä no hī",paranavitana
OSi,,bāliye,"sin. of bäli? (rel.), 49",,,"Sigiri PDF p. 459 (printed p. 451), column 1; OCR entry: bäliye, nom. sin. of bäli? (rel.), 49:",paranavitana
OSi,,bāliyo,,,,"Sigiri PDF p. 459 (printed p. 451), column 1; OCR entry: bäliyo, nom. pl. of bäli' (rel.), 31 bälīt, 3rd sin. p. of vVbala? [c Kskh. X. 137], 207.; auto-review: missing_gloss",paranavitana
OSi,,bāli,ref. of Vbala?,,,"Sigiri PDF p. 459 (printed p. 451), column 1; OCR entry: bäli?, abs. ref. of Vbala?, 167. bälima, vn. of vbala?, dat. “ta, 46 bälīmi, rst sin. p. of vbala?, 10 179, 286.",paranavitana
OSi,,bālu,,,,"Sigiri PDF p. 459 (printed p. 451), column 1; OCR entry: bälu, prt. of Vbala? [cf. Kskh. VI 26], 132, 193, 199, 202, 303, 44 464, 513, 547, 557, I4, 637; 64 See bälu, bäluyun, bäluyı bäluvan, bäluven, bäli bälūyū. bälu bälu, 326. į bäluma, vn. of Vbala?, 1f. of beluma, var„ bälma, 41, 458; loc., bälumä, 152. bälumo, bälumō, rst pl. p. of; auto-review: missing_gloss",paranavitana
OSi,,a'bala,,,,"Sigiri PDF p. 459 (printed p. 451), column 2; OCR entry: a'bala?, e.f. belumo, 20, 142, 200; 295, 351, 356, 398, 453, 476, 511, 552, 636 [19].; auto-review: missing_gloss",paranavitana
OSi,,bālum-rusnā,,,,"Sigiri PDF p. 459 (printed p. 451), column 2; OCR entry: bälum-rusnā, cd., 126.; auto-review: missing_gloss",paranavitana
OSi,,bāluyu,pl. of bälu (ref.),,,"Sigiri PDF p. 459 (printed p. 451), column 2; OCR entry: bäluyu, nom. pl. of bälu (ref.), 1.f. of beluyu, 664 ; gen. pl. baluyun, 2I.; auto-review: low_ocr_confidence",paranavitana
OSi,,bāluyot,,,,"Sigiri PDF p. 459 (printed p. 451), column 2; OCR entry: bäluyot, cond. of vbala? [cf. mod. S. baluvot], 75.; auto-review: missing_gloss",paranavitana
OSi,,bāluva,,,,"Sigiri PDF p. 459 (printed p. 451), column 2; OCR entry: bäluva, cond, of vbala?, 1.f. of beluva [cf. Svv. 69], 156.; auto-review: missing_gloss",paranavitana
OSi,,bāluvan,pl. of bälu (ref.),,,"Sigiri PDF p. 459 (printed p. 451), column 2; OCR entry: bäluvan, gen. pl. of bälu (ref.), 460.",paranavitana
OSi,,bāluvin,of bälu (inf.),,,"Sigiri PDF p. 459 (printed p. 451), column 2; OCR entry: bäluvin, inst. of bälu (inf.), 552.",paranavitana
OSi,,bālū,,,,"Sigiri PDF p. 459 (printed p. 451), column 2; OCR entry: bälū, var. of bälu [cf. Bs. 18], 154-; auto-review: missing_gloss",paranavitana
OSi,,bālū bālūyun,"pl. of bälu (rel.), duplicated",,,"Sigiri PDF p. 459 (printed p. 451), column 2; OCR entry: bälū bälūyun, gen. pl. of bälu (rel.), duplicated, 170. bälūmo, bälūmőð, var. of bälumo, 17, 36, 49, 109, 203, 205, 357, 411, 418, 419, 560.",paranavitana
OSi,,bālūyü,,,,"Sigiri PDF p. 459 (printed p. 451), column 2; OCR entry: bälūyü, nom. pl. of bälu (rel.) [cf. bälūhu, Mdv. 137], 319-; auto-review: missing_gloss",paranavitana
OSi,,bālma,,,,"Sigiri PDF p. 459 (printed p. 451), column 2; OCR entry: bälma, var. of bäluma, 42; acc. indef, bälmak, 246; dat., bälmatțt, 317; loc., bälme, 253; nom. indef., bälmek, 183; inst., bälmen [cf. Dhpr. 122], 204, 329, 464, 483, 554, 648, 656, 675-; auto-review: missing_gloss",paranavitana
OSi,,bāv,,,,"Sigiri PDF p. 459 (printed p. 451), column 2; OCR entry: bäv, s., var. of bav [cf. Jag. 11), 193; inst., bävin [cf. Dhag. 170], 67, 140, 368, 387, 563, 662; nom. indef., bävek [cf. Sbl., v. 252], 326. bäsa bäsa, gd. (abs. duplicated) of albasit, 677.; auto-review: missing_gloss",paranavitana
OSi,,bāsā,,,,"Sigiri PDF p. 459 (printed p. 451), column 2; OCR entry: bäsä, abs. of vbasi [cf. Ksm., V. 329], 9, 276.; auto-review: missing_gloss",paranavitana
OSi,,bāsi,of Vbasi!,,,"Sigiri PDF p. 459 (printed p. 451), column 2; OCR entry: bäsi, prt. of Vbasi!, 47, 239, 593. bäsī, basa! as znd member of rel. cd. f., 103.",paranavitana
OSi,,bāhbār,"other, outside",,,"Sigiri PDF p. 459 (printed p. 451), column 2; OCR entry: bähbär, s. [P. bāhira; cf. bähärä, Dhpr. 304, bähäri, Svv. 1], other, outside, 35, 389; dat., bähärat, t47; inst., bähäriyen, 23.",paranavitana
OSi,,bā,brother,,,"Sigiri PDF p. 459 (printed p. 451), column 2; OCR entry: bä, s. [Skt. bhrātr, P. bhātu; cf Dhpr. 301], brother; nom. pl. bäyo, 558.",paranavitana
OSi,,biji,"611. bini, (1) 3rd sin. p. of Vbaņa’ [cf Mdv., v. 131]",,,"Sigiri PDF p. 459 (printed p. 451), column 2; OCR entry: biji, prt. of vbaja [cf. biji, Ksm., v 265], 611. bini, (1) 3rd sin. p. of Vbaņa’ [cf Mdv., v. 131], 6, 38, 39, 121, 187 189, 248, 503, 515, 542, Ô11, 657 675; (2) prt. rel, 452. Se biņiyä—biņiyen. biņima, vn. of vbaņat, speakin; i [cf. binīm, Dhag. 44), inst. biņimen, 321.",paranavitana
OSi,,biņiya,,,,"Sigiri PDF p. 459 (printed p. 451), column 2; OCR entry: biņiya, cond. of vbaņa' [Intr. j § 478; with forms of vhe, ci ; biniya hena, Bs. 197], 199, 203. , | biņiyä, nom. sin. f. of biņi (rel. : [cf. Bs. 27], 585-; auto-review: missing_gloss",paranavitana
OSi,,biņiye,,,,"Sigiri PDF p. 459 (printed p. 451), column 2; OCR entry: biņiye, nom. of biņi, prt. inf., 62 203. t ai ki 143], 219, 603, 608. iņnü, 3rd pl. p. of Vbana’ [cf. Kskh. X. 129], 636.; auto-review: missing_gloss",paranavitana
OSi,,viņüva,of vbaņa',,,"Sigiri PDF p. 459 (printed p. 451), column 3; OCR entry: viņüva, cond. of vbaņa', 39, 432 (followed by ~-t). $; auto-review: low_ocr_confidence",paranavitana
OSi,,bit,,,,"Sigiri PDF p. 459 (printed p. 451), column 3; OCR entry: bit, s. [Skt. bhitti, e.f. bita; cf. Dhag. 247), wall, 314; 473, 511, (1) wall, 71, 188, 355, 398, an 680; e.f. bita [cf. Dhag. 237l; ` (2) place, 336 (vana-bita); dat., bitaț, 425, 428; loc., bitä, 431, 667; inst., or abl., bitin, 309; var. bitu [cf. Suv. 70], 398, 439, 676; loc., bite, 457, 489; loc., bitehi, 116; nom, sin. of bitu, bitta, 151; abl., bitni, cd., bitsittama, 473; loc., bit'hi, 20, 219, 403, 499, 653.; auto-review: missing_gloss",paranavitana
OSi,,bind,,,,"Sigiri PDF p. 459 (printed p. 451), column 3; OCR entry: bind, s. [Skt. bindu; cf. biñdu, Ksm., v. 6]. See pini-bind.; auto-review: missing_gloss",paranavitana
OSi,,binda,"comp. vb., binda-lay",,,"Sigiri PDF p. 459 (printed p. 451), column 3; OCR entry: binda, abs. of vbindi [cf. Gk., v. 28, and bindä, Dhag. 139], comp. vb., binda-lay, 44; bindära = binda+ära, 19o.",paranavitana
OSi,,bindi,"to crush, to break, to blast",,,"Sigiri PDF p. 459 (printed p. 451), column 3; OCR entry: bindi, vb. [Skt. vbhanj; mod. S. bindinava], to crush, to break, to blast. See binda, bindvayu. bindvayu, imp. cs. of Vbindi, 615.",paranavitana
OSi,,bib,"a creeper, Mormordica mondelpha",,,"Sigiri PDF p. 459 (printed p. 451), column 3; OCR entry: bib, s. [Skt. bimba; cf. bibu, Kskh. IV. 23], a creeper, Mormordica mondelpha, 617. bim, bima, s. [Skt. bhūmi; cf. Svv. 70], 112, 391; acc., bimā, 251; inst., bimin, 684.",paranavitana
OSi,,biyat,fear,,,"Sigiri PDF p. 459 (printed p. 451), column 3; OCR entry: biyat, s. [Skt. bhaya; cf. Dhag. 91; var. biyi], fear, 255, 372» 405, = 561, 614. See biya-pat, biyen, biyeni.",paranavitana
OSi,,biya,to fear,,,"Sigiri PDF p. 459 (printed p. 451), column 3; OCR entry: biya?, vb. [Skt. vbhī or biya! as Nom.], to fear. See biye.",paranavitana
OSi,,biya-pat,,,,"Sigiri PDF p. 459 (printed p. 451), column 3; OCR entry: biya-pat, cd. [cf. Dhag. 264, Kskh. X. 68], 60, 277, 372, 561.; auto-review: missing_gloss",paranavitana
OSi,,biyi,fear,,,"Sigiri PDF p. 459 (printed p. 451), column 3; OCR entry: biyi, s. [Skt. bhaya or bhīti; var. of biya], fear, 88. biye, 3rd sin. pr. ref. of Vbiya’, 58.",paranavitana
OSi,,biyen,,,,"Sigiri PDF p. 459 (printed p. 451), column 3; OCR entry: biyen, inst. of biya? [cf. Dhag. 215, Ksm., v. 262; var. biyeni], 199, 405, 448.; auto-review: missing_gloss",paranavitana
OSi,,biyeni,,,,"Sigiri PDF p. 459 (printed p. 451), column 3; OCR entry: biyeni, var. of biyen, 23.; auto-review: missing_gloss",paranavitana
OSi,,bisariye,"loc. [der. of Skt. abhisārikāļ, loose character of women, III",,,"Sigiri PDF p. 459 (printed p. 451), column 3; OCR entry: bisariye, s., loc. [der. of Skt. abhisārikāļ, loose character of women, III.",paranavitana
OSi,,bu,,,,"Sigiri PDF p. 459 (printed p. 451), column 3; OCR entry: bu, prt. [Skt. bhūta]. See iti-bu.; auto-review: missing_gloss",paranavitana
OSi,,buja,"to possess, rule, administer; pr. pt. (a), bujanā",,,"Sigiri PDF p. 459 (printed p. 451), column 3; OCR entry: buja, vb. [Skt. Vbhuj], to possess, rule, administer; pr. pt. (a), bujanā, 624.",paranavitana
OSi,,buņa,"of Vbaņat, var. buņu (rel.), 555-",,,"Sigiri PDF p. 459 (printed p. 451), column 3; OCR entry: buņa!, prt. of Vbaņat, var. buņu (rel.), 555-",paranavitana
OSi,,buņa,of Vbaņa',,,"Sigiri PDF p. 459 (printed p. 451), column 3; OCR entry: buņa?, cond. of Vbaņa', 39, 542-; auto-review: low_ocr_confidence",paranavitana
OSi,,buņa,510- See buņiyen,,,"Sigiri PDF p. 459 (printed p. 451), column 3; OCR entry: buņa?, prt. of Vbindi [Skt. bhagna; cf. buna, Ksm., v. 179], 510- See buņiyen.",paranavitana
OSi,,buniyen,"of buņa! or buņu (inf.), 273-",,,"Sigiri PDF p. 459 (printed p. 451), column 3; OCR entry: buniyen, inst. of buņa! or buņu (inf.), 273-",paranavitana
OSi,,buņu,,,,"Sigiri PDF p. 459 (printed p. 451), column 3; OCR entry: buņu, prt. of baņa', var. buņa [cf. Amv. 68], 119, 140, 557; inst. (inf.), buņuyeni, 107. See buņū. 4 gy ana e aa oaia a e SE i Dhag. 99], 517. bun, buna, prt. of vbindi [Sk bhinna; cf. Ksm., v. 402, Am 16], broken, 92, 444 (piri-bun) 384 (piri-buna); inst. (inf.) bunen, 257.; auto-review: missing_gloss;low_ocr_confidence",paranavitana
OSi,,bumu,,,,"Sigiri PDF p. 460 (printed p. 452), column 1; OCR entry: bumu, prt. of vbama [cf. Sbl., v 144], 537-; auto-review: missing_gloss",paranavitana
OSi,,busu (ū),of Vbasi?,,,"Sigiri PDF p. 460 (printed p. 452), column 1; OCR entry: busu (ū), prt. of Vbasi?, 28, 558.",paranavitana
OSi,,buħund,,,,"Sigiri PDF p. 460 (printed p. 452), column 1; OCR entry: buħund, s. [Skt. bkaginī; Intr. § 205; cf. buhun, Dhpr. 70], 129.; auto-review: missing_gloss",paranavitana
OSi,,beji,"of vVbaja, var. biji",,,"Sigiri PDF p. 460 (printed p. 452), column 1; OCR entry: beji, prt. of vVbaja, var. biji, 399.",paranavitana
OSi,,beņayu,,,,"Sigiri PDF p. 460 (printed p. 452), column 1; OCR entry: beņayu, prt. rel. f. of Vbaņa!, r12 beņavi, 3rd sin. p. cs. of ~baņat 220. bene, 3rd sin. pr. ref. of vbaņa! [cf Svv. 80], 42, 448. benet, 3rd pl. pr. ref. of Vbaņa!, 43 . 46, 107, 181,225,257,413,450,624; auto-review: missing_gloss",paranavitana
OSi,,beneta,"322. beņena, pr. pt. (a.) of vVbaņat",,,"Sigiri PDF p. 460 (printed p. 452), column 1; OCR entry: beneta, cond. ref. of vVbaņat, 6o 163, 211, 279, 412, 535, 568, 6or. beneti, 3rd pl. pr. ref. of vbaņa’ [cf. Amv. 20], 322. beņena, pr. pt. (a.) of vVbaņat, 302. gen. pl., beņenan, 17.",paranavitana
OSi,,beņeni,,,,"Sigiri PDF p. 460 (printed p. 452), column 1; OCR entry: beņeni, prt. ref. of vbaņat, beņem, rst sin. pr. of Vbaņa!, 436. beņey, beņeyi, 3rd sin. pr. ref. of vbaņat [cf. Amv. 143], 19, 21,203.; auto-review: missing_gloss",paranavitana
OSi,,beyad,,,,"Sigiri PDF p. 460 (printed p. 452), column 1; OCR entry: beyad, s., l.f. of beyada, q.v., 142, 426, 435, 571-; auto-review: missing_gloss",paranavitana
OSi,,beyada,mountain side,,,"Sigiri PDF p. 460 (printed p. 452), column 1; OCR entry: beyada, s. [Skt. maryādā > *mayyāädāä > *mayada > *meyada > beyada. In Dhag. 77 and Jag. 224, beyada = P. pabbhāra; in Rm., v. 189, beyada is a synonym of mevul = Skt. mekhalā; var. beyad, beyan, beyand, beyanda], mountain side, 15, 65, 111, 182, 289, 361, 382, 480, 641; loc., beyadahi, 16, 60, 106, 160, 196, 201, 276, 338, 401, 479, 544, 635 [31]; loc., beyadä, 229, 352; loc., beyadihi, 209.",paranavitana
OSi,,beyad-sel,,,,"Sigiri PDF p. 460 (printed p. 452), column 1; OCR entry: beyad-sel, cd., 426.; auto-review: missing_gloss",paranavitana
OSi,,beyan,,,,"Sigiri PDF p. 460 (printed p. 452), column 1; OCR entry: beyan, var. of beyand, q.v., 448; loc., -hi, 221.; auto-review: missing_gloss",paranavitana
OSi,,beyand,,,,"Sigiri PDF p. 460 (printed p. 452), column 1; OCR entry: beyand, var. of beyad and beyada, 1, 56, 87, 200, 340, 422, 441, 475, 548, 618, 650, 682 [43]. See beyand'!hi.; auto-review: missing_gloss",paranavitana
OSi,,beyanda,"loc., beyandä",,,"Sigiri PDF p. 460 (printed p. 452), column 1; OCR entry: beyanda, e.f. of beyand, 372, 548, 665; loc., beyandahi (i), 85, 107 (& long, metris causa), 152, 238, 296, 348, 497, 546, 585, 654 [33]; loc., beyandä, 286; loc., beyandihi, 151, 232, 436, 450.",paranavitana
OSi,,beyand-kisa,,,,"Sigiri PDF p. 460 (printed p. 452), column 1; OCR entry: beyand-kisa, cd., 569; loc., -kisä, 192; -kis'hi, 26.; auto-review: missing_gloss",paranavitana
OSi,,beyand'hi (i),,,,"Sigiri PDF p. 460 (printed p. 452), column 1; OCR entry: beyand'hi (i), loc. of beyand, 2, 58, 94, 153, 203, 247, 300, 358, 410, 437 (T long metris causa), 503, 663 [65].; auto-review: missing_gloss",paranavitana
OSi,,bera,fearfully,,,"Sigiri PDF p. 460 (printed p. 452), column 1; OCR entry: bera, a. adv. [Skt. bhairava; cf. EZ. I. 46 and berava = P., bherava in Dhag. 42], fearfully, 585. belama, vn. of ~vbala?, e.f. of DSi, pI OL 'VUGIG ; C1, OL UAII, / belimu, 1st pl. of vbala?, 66r. belum, vn. of vbala?, ef. o bälum, 136.",paranavitana
OSi,,beluma,,,,"Sigiri PDF p. 460 (printed p. 452), column 2; OCR entry: beluma, e.f. of belum and bäluma 361, 585. belumo, ıst pl. pr. of vbala?, e.f of bälumo, 218.; auto-review: missing_gloss",paranavitana
OSi,,beluyu,,,,"Sigiri PDF p. 460 (printed p. 452), column 2; OCR entry: beluyu, e.f. of bäluyu, 210.; auto-review: missing_gloss",paranavitana
OSi,,beluva,"of vbala?, e.f. o! bäluva",,,"Sigiri PDF p. 460 (printed p. 452), column 2; OCR entry: beluva, cond. of vbala?, e.f. o! bäluva, 492.",paranavitana
OSi,,belen,,,,"Sigiri PDF p. 460 (printed p. 452), column 2; OCR entry: belen, inst. of bala! [cf. Dhag 277], 602.; auto-review: missing_gloss",paranavitana
OSi,,bevin,of bava,,,"Sigiri PDF p. 460 (printed p. 452), column 2; OCR entry: bevin, inst. of bava, 395. Seç bevina, beven.",paranavitana
OSi,,bevini,,,,"Sigiri PDF p. 460 (printed p. 452), column 2; OCR entry: bevini, e.f. of bevin, 404.; auto-review: missing_gloss",paranavitana
OSi,,beven,of bava,,,"Sigiri PDF p. 460 (printed p. 452), column 2; OCR entry: beven, inst. of bava, 252, 328.",paranavitana
OSi,,bot,many,,,"Sigiri PDF p. 460 (printed p. 452), column 2; OCR entry: bot, s. [l.f. of boho, through bō Dhag. 43], many, 316.",paranavitana
OSi,,bo,"a tree, Ficus religiosa, in place-name",,,"Sigiri PDF p. 460 (printed p. 452), column 2; OCR entry: bo?, s. [Skt. bodha; cf. bodho, Barua and Sinha, Barhut Inscriptions, p. 56; OS. boya (EZ. IV. 132), bö, Pbs. 10], a tree, Ficus religiosa, in place-name, 464.",paranavitana
OSi,,boțtu,"neck, cd., boțumal",,,"Sigiri PDF p. 460 (printed p. 452), column 2; OCR entry: boțtu, s. [Skt. bhrt or bhrta ‘bearing’+ka > *buțtaka > boțaka > boțu, that which bears the head, cf. Jag. 106], neck, cd., boțumal, 320.",paranavitana
OSi,,bonda,"marrow, sap",,,"Sigiri PDF p. 460 (printed p. 452), column 2; OCR entry: bonda, s. [SŚkt. majjan+-ka > *majaka > *maju > *moja > *moda => bonda], marrow, sap, 103.",paranavitana
OSi,,boya,,,,"Sigiri PDF p. 460 (printed p. 452), column 2; OCR entry: boya, s., e.f. of bo?, in proper name, 626.; auto-review: missing_gloss",paranavitana
OSi,,boru,"falsehood, untruth",,,"Sigiri PDF p. 460 (printed p. 452), column 2; OCR entry: boru, s. [Skt. bahu-rūpa, Intr., §§ 644 et seq., Dhpr. 147], falsehood, untruth, 395.",paranavitana
OSi,,bola,,,,"Sigiri PDF p. 460 (printed p. 452), column 2; OCR entry: bola, s. [Skt. bahala; cf. Dhpr. 78], 493.; auto-review: missing_gloss",paranavitana
OSi,,boho,,,,"Sigiri PDF p. 460 (printed p. 452), column 2; OCR entry: boho, a. [Skt. bahu; cf. Svv. 32, l.f. bo], 348, 610; inst., bohoyin, 658; bohoyen, 539. ma!, prn. 1st sin. [Skt. mama, gen. sin., P. mamam, acc. sin., Intr., $$ 369-70; cf. Sdsg. 67, 144-5]. See maț, mața, mam—mayi, mahat, mā. maê, (1) acc. of ma!, 40, 51, 120, 211, 270, 333, 381, 396, 445, 557, 606, 678 [31]; (2) gen. [cf. Ksm., v. 3], 21, 66, 116, 177, 225, 251, 296, 330, 389, 475, 580, 645 [86].; auto-review: missing_gloss",paranavitana
OSi,,maka,to rub,,,"Sigiri PDF p. 460 (printed p. 452), column 2; OCR entry: maka, vb. [Skt. vmrakş; cf. makā, Bga., v. 41, and mod. S. makanava], to rub. See mäkey.",paranavitana
OSi,,mag,"way, path, road",,,"Sigiri PDF p. 460 (printed p. 452), column 2; OCR entry: mag, s. [Skt. märga, P., Pkt. magga; e.f. maga, var. maħñgj], way, path, road, 35. See magak, magin, magini, magehi.",paranavitana
OSi,,maga',,,,"Sigiri PDF p. 460 (printed p. 452), column 2; OCR entry: maga'!, s., e.f. of mag, var, mañga [cf. Sbl., v. 187], 51, 95, 295, 323, 389, 681. See magak, magin, magini, magehi.; auto-review: missing_gloss",paranavitana
OSi,,maga’,"to seek, observe, see",,,"Sigiri PDF p. 460 (printed p. 452), column 2; OCR entry: maga’, vb. [Skt. vmrg; cf. magamin, Ksm., v. 321], to seek, observe, see. See magā. mapa, aDS. O VMAS a” [CE _OdSg, 221], 518. $ 0; auto-review: low_ocr_confidence",paranavitana
OSi,,magin,"376. moau FiA of mag or maga! magul, s.a. [Skt mañńgala",,,"Sigiri PDF p. 460 (printed p. 452), column 3; OCR entry: magin, inst., of maga! [cf. Uj- 44 and mañgin, Amū. 145], 376. moau FiA of mag or maga! magul, s.a. [Skt mañńgala; cf. Uj, r01], g Ei auspicious, 286, 627. A .; auto-review: low_ocr_confidence",paranavitana
OSi,,magehi,of mag or maga! 418,,,"Sigiri PDF p. 460 (printed p. 452), column 3; OCR entry: magehi, loc. of mag or maga! 418.",paranavitana
OSi,,maħġ,,,,"Sigiri PDF p. 460 (printed p. 452), column 3; OCR entry: maħġ, var. of mag [cf. Dhag. 184], 35; 471.; auto-review: missing_gloss;low_ocr_confidence",paranavitana
OSi,,maṅga,,,,"Sigiri PDF p. 460 (printed p. 452), column 3; OCR entry: mañga, var. of maga! [ef. Svv. 4], 250, 309.; auto-review: missing_gloss",paranavitana
OSi,,maja,"liquor, wine; cd., -vit",,,"Sigiri PDF p. 460 (printed p. 452), column 3; OCR entry: maja, s. [Skt. madya, P. majja], liquor, wine; cd., -vit, 627.",paranavitana
OSi,,maț,,,,"Sigiri PDF p. 460 (printed p. 452), column 3; OCR entry: maț, dat. of mat, 1.f. of mata [cf. mata, Dhag. 180, Gk., v. 303], 160, 196, 523, 581, 653-; auto-review: missing_gloss",paranavitana
OSi,,mața,,,,"Sigiri PDF p. 460 (printed p. 452), column 3; OCR entry: mața, e.f. of maț [cf. Dhag. 180, Gk., v. 303], 40, 74, 212, 499, 468, 496, 659.; auto-review: missing_gloss",paranavitana
OSi,,mada,open hall,,,"Sigiri PDF p. 460 (printed p. 452), column 3; OCR entry: mada, s. [Skt. mandapa; cf. maduva, Gk., v. 232], open hall;",paranavitana
OSi,,mada-doraka,,,,"Sigiri PDF p. 460 (printed p. 452), column 3; OCR entry: mada-doraka, cd., loc. indef., I5I.; auto-review: missing_gloss",paranavitana
OSi,,madi,"to rub; gd., madimin",,,"Sigiri PDF p. 460 (printed p. 452), column 3; OCR entry: madi, vb. [Skt. vmrd], to rub; gd., madimin, 677.",paranavitana
OSi,,mat,"one thing and no more, often in the sense of only, merely",,,"Sigiri PDF p. 460 (printed p. 452), column 3; OCR entry: mat!, s. [Skt. mäātra; e.f. mata!, cf. Ksm., v. 63], one thing and no more, often in the sense of only, merely, 97, 402. See mata, matak, mataka.",paranavitana
OSi,,mat,"delighted, intoxicated, maddened",,,"Sigiri PDF p. 460 (printed p. 452), column 3; OCR entry: mat?, a. [Skt. matta; e.f. mata?, cf. Dhpr. 297], delighted, intoxicated, maddened, 238, 429, 491, 639.",paranavitana
OSi,,matat,,,,"Sigiri PDF p. 460 (printed p. 452), column 3; OCR entry: matat, e.f. of mati, 273.; auto-review: missing_gloss",paranavitana
OSi,,mata,,,,"Sigiri PDF p. 460 (printed p. 452), column 3; OCR entry: mata?, e.f. of mat? [cf. Ksm., v. 18], 126, 558, 582.; auto-review: missing_gloss",paranavitana
OSi,,mata,summit,,,"Sigiri PDF p. 460 (printed p. 452), column 3; OCR entry: mata?, s, [Skt. mastaka; cf. matayehi, Dhag. 285], summit, 218,357, 435, 497, 514, 548, 577, 645, 661, 685 [19]. See matini, mate.",paranavitana
OSi,,matak,indef. of mat! or matat,,,"Sigiri PDF p. 460 (printed p. 452), column 3; OCR entry: matak, acc. indef. of mat! or matat, 460.",paranavitana
OSi,,mataka,,,,"Sigiri PDF p. 460 (printed p. 452), column 3; OCR entry: mataka, e.f. of matak, 404.; auto-review: missing_gloss",paranavitana
OSi,,mata?-has,,,,"Sigiri PDF p. 460 (printed p. 452), column 3; OCR entry: mata?-has, cd., 126.; auto-review: missing_gloss;uncertain_glyph",paranavitana
OSi,,matini,of mata?,,,"Sigiri PDF p. 460 (printed p. 452), column 3; OCR entry: matini, inst. of mata?, 20.",paranavitana
OSi,,matui,"463. matu?, same as mata?, (1) summit, above [cf. Kskh. VI. 44, Kup. 27]",,,"Sigiri PDF p. 460 (printed p. 452), column 3; OCR entry: matui, var. of mat! or mata! [cf. Dhag. 245 = P. matta], 463. matu?, same as mata?, (1) summit, above [cf. Kskh. VI. 44, Kup. 27], 83, 548; (2) future [cf. Sdsg. 145], 527.",paranavitana
OSi,,mate,,,,"Sigiri PDF p. 460 (printed p. 452), column 3; OCR entry: mate, loc, of mata’, 473.; auto-review: missing_gloss",paranavitana
OSi,,matte,,,,"Sigiri PDF p. 460 (printed p. 452), column 3; OCR entry: matte, loc. matu?, (1) above [cf. Suv. 8], 186, 290, 301; (2) in the future [cf. Dhpr. 37), 463, 539, 678.; auto-review: missing_gloss",paranavitana
OSi,,mat*-bamar,,,,"Sigiri PDF p. 460 (printed p. 452), column 3; OCR entry: mat*-bamar, cd. [cd. mat-bamara, Dhpr. 228], 582.; auto-review: missing_gloss",paranavitana
OSi,,mad,"not enough, insufficient",,,"Sigiri PDF p. 460 (printed p. 452), column 3; OCR entry: mad, a. [Skt. manda; var. mand; cf. mada, Ksm., v. 213, and mod. 5. madi], not enough, insufficient, 73, 125%; auto-review: low_ocr_confidence",paranavitana
OSi,,mada,"(1) e.f. of mad, var. manda",,,"Sigiri PDF p. 460 (printed p. 452), column 3; OCR entry: mada, a., (1) e.f. of mad, var. manda, 404; (2) gentle; cd., a na Ora aai a r h i aai eand ahlt anaa Aa tae a 367-",paranavitana
OSi,,man,pride,,,"Sigiri PDF p. 461 (printed p. 453), column 1; OCR entry: man, s. [Skt. māna; cf. Dhag. 134, Dhpr. 248], pride, 510, 622. See manin.",paranavitana
OSi,,mana,"mind, heart",,,"Sigiri PDF p. 461 (printed p. 453), column 1; OCR entry: mana, s. [Skt. manas; cf. Ksm., v. 101], mind, heart, 13, 28, 67, 120, 225, 316, 374 453, 534, 560, 601, 66o [73]; cd, mana-kala [cf. mana-kal, Ksm., v. 67l, 604; cd., -jol, 49, 253; cd., -taļā, 648; cd., -dola [cf. Amv. 114], 45; cd., -mat, 429; cd., -mesi, 152; 2nd member of rel. cd., -manavun, 592.",paranavitana
OSi,,manā,"pleasing, agreeable",,,"Sigiri PDF p. 461 (printed p. 453), column 1; OCR entry: manā, a. [P. manāpa; cf. Dhag. 208], pleasing, agreeable, 22, 53, 171, 249, 321, 338, 363, 545; following a cond. form, as in bala-manã, 476; -koț, adv. [cf. manā-koța, Amv. 99], in a pleasing manner, 171, 249, 321, 659.",paranavitana
OSi,,manin,of man,,,"Sigiri PDF p. 461 (printed p. 453), column 1; OCR entry: manin, inst. of man, 594.",paranavitana
OSi,,mand,"lf. of manda, var. o mad, gentle, not sufficient",,,"Sigiri PDF p. 461 (printed p. 453), column 1; OCR entry: mand, a., lf. of manda, var. o mad, gentle, not sufficient, 94 100, 175, 191, 254, 317, 329, 331 350, 441, 458, 483, 517, 582, 615 656, 675; adv., 249. See mand. balamni, mand-sinā.",paranavitana
OSi,,manda,,,,"Sigiri PDF p. 461 (printed p. 453), column 1; OCR entry: manda, var. of mada, e.f. o mand [cf. Gk., v. 311, Kskh. XI 10], 662; nom. or acc. indef. mandak [cf. Svv. 32], 473; dat sin. indef., mandakaț, for while, 317; cd, manda-marı [cf. Ksm, v: 255l}, 4; inst -marun, 281; cd., manda-hase 501.; auto-review: missing_gloss",paranavitana
OSi,,mand-balamni,,,,"Sigiri PDF p. 461 (printed p. 453), column 1; OCR entry: mand-balamni, cd., inst., 249.; auto-review: missing_gloss",paranavitana
OSi,,mand-bāluma,,,,"Sigiri PDF p. 461 (printed p. 453), column 1; OCR entry: mand-bäluma, cd., 458.; auto-review: missing_gloss",paranavitana
OSi,,mand-bālma,,,,"Sigiri PDF p. 461 (printed p. 453), column 1; OCR entry: mand-bälma, cd., dat. -balmat 317; inst, -bälmen, 329, 48: 675-; auto-review: missing_gloss",paranavitana
OSi,,mand-sinā,,,,"Sigiri PDF p. 461 (printed p. 453), column 1; OCR entry: mand-sinā, cd. [cf. mañda-siníé Ksm., v. 175], 331, 350, 421.; auto-review: missing_gloss",paranavitana
OSi,,maparuma,royal title,,,"Sigiri PDF p. 461 (printed p. 453), column 1; OCR entry: maparuma, s. [Skt. mahi pramukha; cf. mapuruma, Ej IV. 112], royal title, 143.",paranavitana
OSi,,mam,,,,"Sigiri PDF p. 461 (printed p. 453), column 1; OCR entry: mam, nom. of ma! [cf. Svv. 4 Dhpr. 276], 75, 122, 164, 291 360, 567-; auto-review: missing_gloss",paranavitana
OSi,,mama,,,,"Sigiri PDF p. 461 (printed p. 453), column 1; OCR entry: mama, e.f. of mam [cf. Dhp 182], 98, 245, 271, 530. may, (1) acc. of ma!, 242, 318, 33 638; (2) gen. of mat, 4, 13, I0 186, 232, 320, 389, 450, 522, 6: [45].; auto-review: missing_gloss",paranavitana
OSi,,maya,,,,"Sigiri PDF p. 461 (printed p. 453), column 1; OCR entry: maya, e.f, of may, (1) acc., 27 331; (2) gen., 88, 106, 156, 16 276, 421, 442, 503, 590.; auto-review: missing_gloss",paranavitana
OSi,,mayā,,,,"Sigiri PDF p. 461 (printed p. 453), column 1; OCR entry: mayä, var. of maya, 585.; auto-review: missing_gloss",paranavitana
OSi,,mayi,,,,"Sigiri PDF p. 461 (printed p. 453), column 1; OCR entry: mayi, var. of may, (1) acc., 35 (2) inst., 189; (3) gen. [cf. mayi d Amv. 25], 96, 194, 201, 206, 21 258, 345, 356, 364; 506, 539, 57 Gor, 626; (4) loc., 21, 498.; auto-review: missing_gloss",paranavitana
OSi,,mayu,,,,"Sigiri PDF p. 461 (printed p. 453), column 1; OCR entry: mayu, nom. pl. of me! [Int §377], 81, 101. maranā, malat. i; auto-review: missing_gloss;low_ocr_confidence",paranavitana
OSi,,maraka,"[der. uncertain, perhaps same as māruk, Kskh. VII. 22), a kind of flower",,,"Sigiri PDF p. 461 (printed p. 453), column 2; OCR entry: maraka, s. [der. uncertain, perhaps same as māruk, Kskh. VII. 22), a kind of flower, 501.",paranavitana
OSi,,marana,death,,,"Sigiri PDF p. 461 (printed p. 453), column 2; OCR entry: marana, s. [Skt. marana; cf. Jag. 9], death, 23; nom. indef., maraņak, ọ2; maraņek, 12. maranā, pr. pt. (a.) of vmara, 23.",paranavitana
OSi,,maru,wind,,,"Sigiri PDF p. 461 (printed p. 453), column 2; OCR entry: maru, s. [Skt. marut; cf. Rm., V. 41], wind, 4.",paranavitana
OSi,,mal,"flower, flowers",,,"Sigiri PDF p. 461 (printed p. 453), column 2; OCR entry: mal!, s. [Skt. mālya; e.f. malat, cf. Rm., v. 198, Dhag. 123], flower, flowers, 27, 73, 132, 204, 258, 320, 358, 428, 521, 554, 608, 665 [77]. See malak, malakin, malaț, malin, malek—malhū.",paranavitana
OSi,,mal,"champion, a title in proper name, 235mal? [Skt. mālā",,,"Sigiri PDF p. 461 (printed p. 453), column 2; OCR entry: mal?, s. [Skt. malla; e.f. mala?; cf. Dhag. 257], champion, a title in proper name, 235mal? [Skt. mālā; cf. Ksm., v. 69), chain, wreath, garland, 502.",paranavitana
OSi,,mala,,,,"Sigiri PDF p. 461 (printed p. 453), column 2; OCR entry: mala!, s., e.f. of mal’, (1) st., 21, 30, 166, 298, 310, 354, 383, 404, 580, 66r; (2) nom. or acc. of malt, 6o, 183, 334, 409, 421, 444, 467, 491, 544, 611. See mala-akara—malaț, maladama — mala-bara-varala, malin, malena.; auto-review: missing_gloss",paranavitana
OSi,,mala,,,,"Sigiri PDF p. 461 (printed p. 453), column 2; OCR entry: mala?, e.f. of mal? [cf. malarajjuruvan = P. mallānarı, Dhag. 51], 32, 123, 165, 214, 233. See mala, malun, maluna,; auto-review: missing_gloss",paranavitana
OSi,,malat,snare,,,"Sigiri PDF p. 461 (printed p. 453), column 2; OCR entry: malat, s, [der. of Skt. vwal; cf. Dhpr. 150], snare, 25, 681.",paranavitana
OSi,,malat,name of a mountain,,,"Sigiri PDF p. 461 (printed p. 453), column 2; OCR entry: malat, s. [Skt. malaya; cf. Sbl., v. 342], name of a mountain. See mala-gġalhi.; auto-review: low_ocr_confidence",paranavitana
OSi,,mala!-akara,,,,"Sigiri PDF p. 461 (printed p. 453), column 2; OCR entry: mala!-akara, cd., loc., -akare, 580.; auto-review: missing_gloss",paranavitana
OSi,,malak,,,,"Sigiri PDF p. 461 (printed p. 453), column 2; OCR entry: malak, nom. or acc. indef. of malt or malat [cf. Jag. 200], 13, 214, 274, 365, 403, 483»; auto-review: missing_gloss",paranavitana
OSi,,malal-kaņda,,,,"Sigiri PDF p. 461 (printed p. 453), column 2; OCR entry: malal-kaņda, cd., loc., -kaņde, 354. See mal-kada.; auto-review: missing_gloss",paranavitana
OSi,,malakin,indef. of mal’ or mala?,,,"Sigiri PDF p. 461 (printed p. 453), column 2; OCR entry: malakin, inst. indef. of mal’ or mala?, 681.",paranavitana
OSi,,malat-gal,"loc., -ġgalhi",,,"Sigiri PDF p. 461 (printed p. 453), column 2; OCR entry: malat-gal, cd. [cf. Ksm., vV. 441], loc., -ġgalhi, 595.",paranavitana
OSi,,malaț,of malt or malat},,,"Sigiri PDF p. 461 (printed p. 453), column 2; OCR entry: malaț, dat. of malt or malat}, 317.",paranavitana
OSi,,mala-dam or -dama,,,,"Sigiri PDF p. 461 (printed p. 453), column 2; OCR entry: mala-dam or -dama, cd. [cf. - mal-dam, Mbg. 61], 287, 361, 372, . 377; acc. indef., -damaka, 355; i inst, -damin [cf. mal-damin, Ksm., v. 69] 212. , | malana, gen. of mala, 307; > malana-ģge, 280.; auto-review: missing_gloss",paranavitana
OSi,,malani,of malat,,,"Sigiri PDF p. 461 (printed p. 453), column 2; OCR entry: malani, inst. of malat, 439.",paranavitana
OSi,,mala-bara-varala,"383. , | malaya, vb. [Skt. ymlā",,,"Sigiri PDF p. 461 (printed p. 453), column 2; OCR entry: mala-bara-varala, cd. [cf. mal- ; dam-bara-varal, Sbl., v. 227], 383. , | malaya, vb. [Skt. ymlā; cf. Dhag. - 34, mälayi = P. milāta and malayi, Dhpr. 216], to fade, wither; prt. malayuna [cf. mod. §. mälas vuna], 134- fre",paranavitana
OSi,,malā,sin. of mala?,,,"Sigiri PDF p. 461 (printed p. 453), column 2; OCR entry: malä, gen. sin. of mala?, 230. $t wreath, chain, garland (last member of rel. cd.), 19, 89, 209, 377.",paranavitana
OSi,,nalu,of mal? or mala’,,,"Sigiri PDF p. 461 (printed p. 453), column 3; OCR entry: nalu, gen. of mal? or mala’, 436.",paranavitana
OSi,,nalun,pl. of mal? or mala?,,,"Sigiri PDF p. 461 (printed p. 453), column 3; OCR entry: nalun, gen. pl. of mal? or mala?, 150, 165, 263, 532, 557, 626, 681.",paranavitana
OSi,,naluna,"pl. of mal? or mala?, 6o00",,,"Sigiri PDF p. 461 (printed p. 453), column 3; OCR entry: naluna, gen. pl. of mal? or mala?, 6o00, 619.",paranavitana
OSi,,nalek,indef. of mal!,,,"Sigiri PDF p. 461 (printed p. 453), column 3; OCR entry: nalek, gen. indef. of mal!, 440; loc., -ka, 334.",paranavitana
OSi,,nalena,of mal! or malat,,,"Sigiri PDF p. 461 (printed p. 453), column 3; OCR entry: nalena, inst. of mal! or malat, 187.",paranavitana
OSi,,nalizolambu,,,,"Sigiri PDF p. 461 (printed p. 453), column 3; OCR entry: nalizolambu, cd. f[cf. malðlañbu, Sdu., v. 290], 684.; auto-review: missing_gloss;low_ocr_confidence",paranavitana
OSi,,nal'-kad,,,,"Sigiri PDF p. 461 (printed p. 453), column 3; OCR entry: nal'-kad, cd. [cf. mal-kadak, Dhpr. 48], 502.; auto-review: missing_gloss",paranavitana
OSi,,mal!-kada,,,,"Sigiri PDF p. 461 (printed p. 453), column 3; OCR entry: mal!-kada, cd. [cf. mal-kadin, Kskh. VIL. 34], 393.; auto-review: missing_gloss",paranavitana
OSi,,malt-kand,,,,"Sigiri PDF p. 461 (printed p. 453), column 3; OCR entry: malt-kand, cd., 337-; auto-review: missing_gloss;low_ocr_confidence",paranavitana
OSi,,mall-kān,,,,"Sigiri PDF p. 461 (printed p. 453), column 3; OCR entry: mall-kän, cd. [cf. Ksm., v. 410], 423; acc. indef., -känak, 233.; auto-review: missing_gloss",paranavitana
OSi,,mal!-kesura,,,,"Sigiri PDF p. 461 (printed p. 453), column 3; OCR entry: mal!-kesura, cd., 582.; auto-review: missing_gloss",paranavitana
OSi,,mal!-dam,,,,"Sigiri PDF p. 461 (printed p. 453), column 3; OCR entry: mal!-dam, cd. [cf. Dhpr. 297], 25, 36, 237, 326, 328, 350, 353, 358, 401, 431, 437, 475, 526; acc. indef., -damak [cf. Jag. 200], 357; 373; 554-; auto-review: missing_gloss",paranavitana
OSi,,mal!-pat,,,,"Sigiri PDF p. 461 (printed p. 453), column 3; OCR entry: mal!-pat, cd., 302.; auto-review: missing_gloss",paranavitana
OSi,,mal?-palu,,,,"Sigiri PDF p. 461 (printed p. 453), column 3; OCR entry: mal?-palu, cd. [cf. Ksm., v. 256], 436, 446; dat., -pallața, 73.; auto-review: missing_gloss;uncertain_glyph",paranavitana
OSi,,mal!-bandu,,,,"Sigiri PDF p. 461 (printed p. 453), column 3; OCR entry: mal!-bandu, cd., rel., voc. pl., -banduni, 526.; auto-review: missing_gloss",paranavitana
OSi,,mal'-bara,,,,"Sigiri PDF p. 461 (printed p. 453), column 3; OCR entry: mal'-bara, cd. [cf. Ksm., v. 485], 188.; auto-review: missing_gloss",paranavitana
OSi,,mall-vāți,,,,"Sigiri PDF p. 461 (printed p. 453), column 3; OCR entry: mall-väți, cd. [cf. mal-väta = P. mäālā-guļa, Mbg. 61], 599.; auto-review: missing_gloss;low_ocr_confidence",paranavitana
OSi,,mal!-vāhi,,,,"Sigiri PDF p. 461 (printed p. 453), column 3; OCR entry: mal!-vähi, cd., 302. mal!-hū, 565.; auto-review: missing_gloss",paranavitana
OSi,,masa,"to sew, join, enchain",,,"Sigiri PDF p. 461 (printed p. 453), column 3; OCR entry: masa, vb. [Skt. vsīv; mod. S. mahanava], to sew, join, enchain. See mesi. masiri, a.s. [Skt. matsarin, P. maccharī; cf. masuru, Jag. 67l, envious person; nom, pl., masiriyo, 629.",paranavitana
OSi,,mahat,"forgiveness, pardon",,,"Sigiri PDF p. 461 (printed p. 453), column 3; OCR entry: mahat, s, [Skt. kşamā; cf. mod. S. samā], forgiveness, pardon. See maha-van.",paranavitana
OSi,,maha,great (as first member of cd.),,,"Sigiri PDF p. 461 (printed p. 453), column 3; OCR entry: maha?, a. [Skt. mahat, P. mahā; cf. Kskh. XI. 1], great (as first member of cd.), 29, 97, 244 418, 533» 627 (in place-name).",paranavitana
OSi,,maha’-gālā,,,,"Sigiri PDF p. 461 (printed p. 453), column 3; OCR entry: maha’-gälä, cd. (loc.), 105.; auto-review: missing_gloss;low_ocr_confidence",paranavitana
OSi,,maha?-gim,,,,"Sigiri PDF p. 461 (printed p. 453), column 3; OCR entry: maha?-gim, cd. [cf. Dhpr. 301), 533-; auto-review: missing_gloss;uncertain_glyph",paranavitana
OSi,,maha?-gira,,,,"Sigiri PDF p. 461 (printed p. 453), column 3; OCR entry: maha?-gira, cd., 117.; auto-review: missing_gloss;uncertain_glyph",paranavitana
OSi,,mahat,of mat,,,"Sigiri PDF p. 461 (printed p. 453), column 3; OCR entry: mahat, dat. of mat, 89.",paranavitana
OSi,,mahat,"great; cd., mahat-bav [cf. Amv. 50]",,,"Sigiri PDF p. 461 (printed p. 453), column 3; OCR entry: mahat, a. [P. mahanta; cf. Sbl., v. 196], great; cd., mahat-bav [cf. Amv. 50], 240. mahane-malak, same as mahanel-malak, 274.",paranavitana
OSi,,mahanel,blue water-lily,,,"Sigiri PDF p. 461 (printed p. 453), column 3; OCR entry: mahanel, s. [Skt. mahā-nīla; cf. Rm., v. 156], blue water-lily, 2,40, 186, 200, 246, 332, 403; 459, O54» 659, 684 [28]. See mahanela 2), mahanelin—mahanelhi. a> -5 à t $ . D a a E a a a e at l E at 479, 496. See mahanela-pähi — mahanelin, mahanelini.; auto-review: low_ocr_confidence",paranavitana
OSi,,mahanela-pāhā,"cd., 355-",,,"Sigiri PDF p. 462 (printed p. 454), column 1; OCR entry: mahanela-pähä, a. cd., 355-",paranavitana
OSi,,mahanela-malin,,,,"Sigiri PDF p. 462 (printed p. 454), column 1; OCR entry: mahanela-malin, cd., inst., 214.; auto-review: missing_gloss",paranavitana
OSi,,mahanela-vana,,,,"Sigiri PDF p. 462 (printed p. 454), column 1; OCR entry: mahanela-vana, cd., lily-colourec one, yoc., -vanani, 310.; auto-review: missing_gloss",paranavitana
OSi,,mahanelahi,of mahanela 228,,,"Sigiri PDF p. 462 (printed p. 454), column 1; OCR entry: mahanelahi, loc. of mahanela 228, 281.",paranavitana
OSi,,mahanelin,of mahanel o; mahanela,,,"Sigiri PDF p. 462 (printed p. 454), column 1; OCR entry: mahanelin, inst. of mahanel o; mahanela, 242.",paranavitana
OSi,,mahanel-kālum,,,,"Sigiri PDF p. 462 (printed p. 454), column 1; OCR entry: mahanel-kälum, cd., 229, 246 483-; auto-review: missing_gloss",paranavitana
OSi,,mahanelni,of mahanel o; mahanela,,,"Sigiri PDF p. 462 (printed p. 454), column 1; OCR entry: mahanelni, inst. of mahanel o; mahanela, 252.",paranavitana
OSi,,mahanel-mal,,,,"Sigiri PDF p. 462 (printed p. 454), column 1; OCR entry: mahanel-mal, cd., 273, 428, 654. -mala, 447; indef. acc., -malak, 483; inst, -malin, 358; gen. indef., -malek, 440.; auto-review: missing_gloss",paranavitana
OSi,,mahanel-van,,,,"Sigiri PDF p. 462 (printed p. 454), column 1; OCR entry: mahanel-van, cd., (1) a., 196, 393, 403 ; (2) rel., the lily-coloured one ; nom. sin., -vana, 450; acc. or gen., -vana, 318, 334; nom. or acc. indef., -vanak, 112, 170, 318, 6o00, 654; dat. sin., -vanața, 599; dat. pl., -vananaț, 586; nom. pl., -vanin, 449; voc. pl., -vanin, 112, 626; voc. pl., -vanini, 42; gen. pl., -vanun, 56, 186, 263, 461, 474, 623; gen. pl., -vanuna, HO; auto-review: missing_gloss",paranavitana
OSi,,mahanelhi,of mahanel,,,"Sigiri PDF p. 462 (printed p. 454), column 1; OCR entry: mahanelhi, loc. of mahanel, 455, 558, 683.",paranavitana
OSi,,maha?’-pā,a princely title,,,"Sigiri PDF p. 462 (printed p. 454), column 1; OCR entry: maha?’-pā, cd., s. [Skt. mahāārya-pāda; cf. EZ. III. 82], a princely title, 170.; auto-review: uncertain_glyph",paranavitana
OSi,,maha?-pin-sala,,,,"Sigiri PDF p. 462 (printed p. 454), column 1; OCR entry: maha?-pin-sala, cd., 97.; auto-review: missing_gloss;uncertain_glyph",paranavitana
OSi,,maha?-bal,,,,"Sigiri PDF p. 462 (printed p. 454), column 1; OCR entry: maha?-bal, cd., 29.; auto-review: missing_gloss;uncertain_glyph",paranavitana
OSi,,maha’-maga,,,,"Sigiri PDF p. 462 (printed p. 454), column 1; OCR entry: maha’-maga, cd., loc., -magehi, 418.; auto-review: missing_gloss",paranavitana
OSi,,maha?-meya,,,,"Sigiri PDF p. 462 (printed p. 454), column 1; OCR entry: maha?-meya, cd., loc., 244.; auto-review: missing_gloss;uncertain_glyph",paranavitana
OSi,,maha?-raj,,,,"Sigiri PDF p. 462 (printed p. 454), column 1; OCR entry: maha?-raj, cd., great king, 667.; auto-review: missing_gloss;uncertain_glyph",paranavitana
OSi,,mahala,,,,"Sigiri PDF p. 462 (printed p. 454), column 1; OCR entry: mahala, voc. of mahalu, 316.; auto-review: missing_gloss",paranavitana
OSi,,mahalu,"old, aged; cd., mahalu-kal",,,"Sigiri PDF p. 462 (printed p. 454), column 1; OCR entry: mahalu, s., a. [P. mahallaka; cf. Kskh. X. ı], old, aged; cd., mahalu-kal, 679. maha!-van, forgive, 12, 35, 75, 180, 373, 534-",paranavitana
OSi,,maha’-vana,,,,"Sigiri PDF p. 462 (printed p. 454), column 1; OCR entry: maha’-vana, cd., 159.; auto-review: missing_gloss",paranavitana
OSi,,maha’-sela,,,,"Sigiri PDF p. 462 (printed p. 454), column 1; OCR entry: maha’-sela, cd., 501.; auto-review: missing_gloss",paranavitana
OSi,,maha’-sit,"the source of consciousness, soul",,,"Sigiri PDF p. 462 (printed p. 454), column 1; OCR entry: maha’-sit, cd, [cf. Skt. mahat, the great source of self-consciousness in Sāmkhya philosophy, produced from the primordial principle, prakrti, also the Pāli phrase mahaggatam cittamı], the source of consciousness, soul, 150, 541.",paranavitana
OSi,,mahāpānņan,pl. (honorific) of,,,"Sigiri PDF p. 462 (printed p. 454), column 1; OCR entry: mahāpānņan, gen. pl. (honorific) of",paranavitana
OSi,,mahāpā,,,,"Sigiri PDF p. 462 (printed p. 454), column 1; OCR entry: mahāpā, var. of maha-pāņa (for which see Intr., § 393), 469.; auto-review: missing_gloss",paranavitana
OSi,,malat,,,,"Sigiri PDF p. 462 (printed p. 454), column 1; OCR entry: malat, prt. of vmara [Skt. mrta; cf. Dhag. 176], 10, 143, 326, 353, 432, 450, 531, 563, 584, 673.; auto-review: missing_gloss",paranavitana
OSi,,malļa,,,,"Sigiri PDF p. 462 (printed p. 454), column 1; OCR entry: malļa?, cond. of vmara [cf. Svv. 23], 22, 27, 38, 47, 81, 91, 283, 450, 509, 570, 573.; auto-review: missing_gloss",paranavitana
OSi,,malal-bava,,,,"Sigiri PDF p. 462 (printed p. 454), column 1; OCR entry: malal-bava, cd., 584. SALUE TASS, VIT TLN 139-; auto-review: missing_gloss;low_ocr_confidence",paranavitana
OSi,,maļen,,,,"Sigiri PDF p. 462 (printed p. 454), column 2; OCR entry: maļen, inst. of maļa! (inf.) [cf Jag. 233], 516.; auto-review: missing_gloss",paranavitana
OSi,,mā,I,,,"Sigiri PDF p. 462 (printed p. 454), column 2; OCR entry: mā, gen. of ma! [cf. Sbl., v. 179] I, 74, IIO, 167, 204, 271, 361I 443, 509, 591, 607, 68r [66]; acc. 338, 614.",paranavitana
OSi,,mādabi (mbi),an officia title,,,"Sigiri PDF p. 462 (printed p. 454), column 2; OCR entry: mādabi (mbi), s. [Skt. mända pika; cf. EZ. III. 256], an officia title; gen. pl. (hon.), mādđabin 464; mādabiyan, 221, 391, 570. mādābiyan, 470; gen. sin. mādambiyā, 652.",paranavitana
OSi,,mānel,"blue waterlily; cd., -sañgala",,,"Sigiri PDF p. 462 (printed p. 454), column 2; OCR entry: mānel, s., same as mahanel [same in mod. S.], blue waterlily; cd., -sañgala, 191.",paranavitana
OSi,,māt,"or gen. sin. of met, fem",,,"Sigiri PDF p. 462 (printed p. 454), column 2; OCR entry: mät, acc. or gen. sin. of met, fem., 348, 362.",paranavitana
OSi,,mā,"35mäkey, 3rd sin. pr. refl. of vmaka [cf. mäkëē, Kskh. XIII. 7], becomes obliterated",,,"Sigiri PDF p. 462 (printed p. 454), column 2; OCR entry: mä?, indec., particle of emphasis [Lf. of me?, q.v.; cf. Dhpr. 182], 35mäkey, 3rd sin. pr. refl. of vmaka [cf. mäkëē, Kskh. XIII. 7], becomes obliterated, 574.",paranavitana
OSi,,māja,"loc., mäjä, between, in the middle",,,"Sigiri PDF p. 462 (printed p. 454), column 2; OCR entry: mäja, s. [Skt. madhya; cf. Kss., v. 241 and mäda, Gk., V. 124], loc., mäjä, between, in the middle, 219.",paranavitana
OSi,,mādā la,,,,"Sigiri PDF p. 462 (printed p. 454), column 2; OCR entry: mädä la, abs, of vmadi [cf. mädä, Ksm., v. 5], 358.; auto-review: missing_gloss",paranavitana
OSi,,māņik,,,,"Sigiri PDF p. 462 (printed p. 454), column 2; OCR entry: mäņik, s. [Skt. mäānikya; cf. Svv. 36], 427.; auto-review: missing_gloss;low_ocr_confidence",paranavitana
OSi,,māya,,,,"Sigiri PDF p. 462 (printed p. 454), column 2; OCR entry: mäya, gen. sin. fem. of met [cf. Dhpr. 296], 527, 569.; auto-review: missing_gloss",paranavitana
OSi,,māsi,to be,,,"Sigiri PDF p. 462 (printed p. 454), column 2; OCR entry: mäsi, s. [Skt. mrsita; cf. Ksm., vv. 300 & 401 where Sanne equates mäsi with Skt. ãmarsa], what is borne patiently, i.e. grief, envy, anger, 279; acc. pl., last member in rel. cd., mässan, 124. mi, rst sin. pr. of a verb, ‘to be’ [Skt. asmi]. See forms like āmi, badmi, līmi, &c.",paranavitana
OSi,,migātți,"fawn, deer",,,"Sigiri PDF p. 462 (printed p. 454), column 2; OCR entry: migätți, s. [miga = Skt. mrga and -ți (Intr., § 394); cf. mihivinna, Jag. 91, error for migitinna], fawn, deer, 518.",paranavitana
OSi,,mitți,clenched hand,,,"Sigiri PDF p. 462 (printed p. 454), column 2; OCR entry: mitți, s. [Skt. musti, P. mutthi; cf. Jga. 63], clenched hand, 458.",paranavitana
OSi,,midi,"serving woman, abusive epithet towards women",,,"Sigiri PDF p. 462 (printed p. 454), column 2; OCR entry: midi, s. [Skt. vrddha+ī (fem.) suffix; cf. fga. 210], serving woman, abusive epithet towards women; acc. pl., midiyan, 182.",paranavitana
OSi,,miņi,"gem, precious stone, jewel",,,"Sigiri PDF p. 462 (printed p. 454), column 2; OCR entry: miņi!, s. [Skt. mani; cf. Ksm., v. 3], gem, precious stone, jewel, 50, 87, 221, 226, 227, 306, 346, 375» 392, 449. See miņi-akusu —miņi-nuyun and miņi-viț.",paranavitana
OSi,,minņi,flowercup,,,"Sigiri PDF p. 462 (printed p. 454), column 2; OCR entry: minņi?, s. [Skt. urīna, prt. of vori ‘to cover’; cf. Sdsg. 120], flowercup. See miņi-mut and -musi.",paranavitana
OSi,,minņit-akusu,,,,"Sigiri PDF p. 462 (printed p. 454), column 2; OCR entry: minņit-akusu, cd., 306.; auto-review: missing_gloss",paranavitana
OSi,,miņit-kālum,,,,"Sigiri PDF p. 462 (printed p. 454), column 2; OCR entry: miņit-kälum, cd. [cf. Ksm., v. 23], 221, 226, 227.; auto-review: missing_gloss",paranavitana
OSi,,miņit-kālle,,,,"Sigiri PDF p. 462 (printed p. 454), column 2; OCR entry: miņit-källe, cd., loc., 87.; auto-review: missing_gloss",paranavitana
OSi,,miņi!-tarin,,,,"Sigiri PDF p. 462 (printed p. 454), column 2; OCR entry: miņi!-tarin, cd., inst., 52.; auto-review: missing_gloss",paranavitana
OSi,,minņi'-nuyun,,,,"Sigiri PDF p. 462 (printed p. 454), column 2; OCR entry: minņi'-nuyun, cd., 375. miņi’-mut, ed. [cf, mini-mutu,; auto-review: missing_gloss;low_ocr_confidence",paranavitana
OSi,,mut,,,,"Sigiri PDF p. 462 (printed p. 454), column 3; OCR entry: mut, S A A A mae, K; auto-review: missing_gloss;low_ocr_confidence",paranavitana
OSi,,miti,"limited; miti- Sdo, v. 230], friend",,,"Sigiri PDF p. 462 (printed p. 454), column 3; OCR entry: miti, a, [Skt. mita], limited; miti- Sdo, v. 230], friend, 386.",paranavitana
OSi,,midibi,,,,"Sigiri PDF p. 462 (printed p. 454), column 3; OCR entry: midibi, s., e.f. of mindibi, q.v, 338 i acc, pl. YRA an: 566.; auto-review: missing_gloss;low_ocr_confidence",paranavitana
OSi,,min,"sin. neut. of me? [cf GR., V: 137h:29.m",,,"Sigiri PDF p. 462 (printed p. 454), column 3; OCR entry: min, inst. sin. neut. of me? [cf GR., V: 137h:29.m; auto-review: low_ocr_confidence",paranavitana
OSi,,minis,human being,,,"Sigiri PDF p. 462 (printed p. 454), column 3; OCR entry: minis, s. [Skt. manusya; cf. Pn., v 149], human being, 99, 390, 613 641; nom. sin. minisa, cd., 672 cd., minis-asarä, 333; acc. sin indef., minisak, 22 ; minisak'hu [cf. Dhag. 220], 60; acc. or gen pl, minisana, 70, 662; acc. o1 gen. pl., minisun, 23, 146, 246 307; 333» 495, 528, 658, 681r nom. sin. indef., minisek, 240, 448, 317; dat. pl., minisnat [cf minisnața, Sbl., v. 247], 57; cd. minis-piya [cf. Dhpr. 211], 99.",paranavitana
OSi,,mindibi,"proud, proud one",,,"Sigiri PDF p. 462 (printed p. 454), column 3; OCR entry: mindibi, s., a. [Dkag. 103 equates midimi with P. mitta-dubhi; ibid. 128 explains P. dubhino as S. mit-dibiyahat (var. midi-biyahaț). But the phrase maha-midibi-mana in Dhpr. 253 indicates that midibi or mindibi of our documents has not the meaning of P. mitta-dubhi. Possibly a cd. of man (Skt. māna) and *#dimi = Skt. dhmäāta (cf. idimi), lit. ‘swollen with pride; *man-dimi > *mindimi > mindibi > midibi], proud, proud one, 100, 443, 471, 588, 650; cd., mindibi-mana [cf. midibi-mana, Dhpr. 253], 562; gen. sin., mindibiya, 320; acc. = pl, mindibiyan, 81, 592; voc. pl, mindibiyen, 335; nom. pl., mindibiyo, 8.",paranavitana
OSi,,miya,"to die; abs. in comp. vb., miya",,,"Sigiri PDF p. 462 (printed p. 454), column 3; OCR entry: miya, vb. [Skt; smr, mryate], to die; abs. in comp. vb., miya, 22; cond., miyat, 131; pr. pt. (a.) miyana [cf. Dhag. 223], 314;",paranavitana
OSi,,miyanemi,"578; Ist sin, pr. or fut., miyami",,,"Sigiri PDF p. 462 (printed p. 454), column 3; OCR entry: miyanemi, nom, sin, of miyana (rel.) and mi [cf. Dhag. 21], 578; Ist sin, pr. or fut., miyami, 158; Ist pl. pr. or fut., miyamo, 584; cond., miya-yay-hī [Intr., §478; with yay-hī], 22; cond. in cd., miya-risi, 406; cond. with hemha, miya-hemha, 247 ;abs., miyä, 2. See also miye.",paranavitana
OSi,,miyi,honey,,,"Sigiri PDF p. 462 (printed p. 454), column 3; OCR entry: miyi, s. [Skt. madhu; Intr., § 186; 1.f. mīt, cf. mihi, Amv. 45], honey, 565.",paranavitana
OSi,,miyur,sweet,,,"Sigiri PDF p. 462 (printed p. 454), column 3; OCR entry: miyur, a. [Skt. madhura; cf. miyuru, Ksm., v. 85], sweet, 103, 558.",paranavitana
OSi,,miyul,"deer; cd., miyul-äs [cf. Kskh. XII. 66], deer-eyed one",,,"Sigiri PDF p. 462 (printed p. 454), column 3; OCR entry: miyul, s. [miyu = Skt. mrga and -l Intr., § 396; cf. Ksm., v. 403], deer; cd., miyul-äs [cf. Kskh. XII. 66], deer-eyed one, 266; S e a h a aa a a; auto-review: low_ocr_confidence",paranavitana
OSi,,miye,of vmiya,,,"Sigiri PDF p. 463 (printed p. 455), column 1; OCR entry: . — miye, abs. of vmiya, 564. i miyeļaņdi, s: [miyi = Skt. madhu, = Jap qv., and țdi, Intr., § 395],; auto-review: low_ocr_confidence",paranavitana
OSi,,ittle honey-hħeart’,,,,"Sigiri PDF p. 463 (printed p. 455), column 1; OCR entry: “ittle honey-hħeart’, a term, of endearment, 381. $; auto-review: missing_gloss;low_ocr_confidence",paranavitana
OSi,,mirika,"to rub, squeeze, destroy; 3rd sin. pr. ref. mirikeyi [cf. Amv. 52 and yauvanaya jarãäyen mirikena paridi, Dhpr. 179], gets destroyed",,,"Sigiri PDF p. 463 (printed p. 455), column 1; OCR entry: mirika, vb. [Skt. Vnykş or mrakş; mraksa krivan, rubbing to pieces, destroying, mod. S. mirikanava], to rub, squeeze, destroy; 3rd sin. pr. ref. mirikeyi [cf. Amv. 52 and yauvanaya jarãäyen mirikena paridi, Dhpr. 179], gets destroyed, 549.",paranavitana
OSi,,milāsi,,,,"Sigiri PDF p. 463 (printed p. 455), column 1; OCR entry: miläsi, s., l.f. of miyul-äsi, 8o, 229; dat. sin. indef., miläsiyaklhaț, 425.; auto-review: missing_gloss",paranavitana
OSi,,mili,fluttering,,,"Sigiri PDF p. 463 (printed p. 455), column 1; OCR entry: mili, s. [Skt. mīlita, prt. of vmiīl ‘to wink’, twinkle], fluttering; inst., miliyen, 44.",paranavitana
OSi,,mihi’,here,,,"Sigiri PDF p. 463 (printed p. 455), column 1; OCR entry: mihi’, loc. of met, neut. [cf. Amv. 122 and l.f. mī?], here, 239, 295, 407, 518, 543, 567-",paranavitana
OSi,,mihi,,,,"Sigiri PDF p. 463 (printed p. 455), column 1; OCR entry: mihi?, s. [Skt. mahī; cf. Rm., v. 162, and 1f. mī’), earth; cd., mihi-kat, 92; cd., mihi-tala, 9; loc., -tele [cf. Ksm., v. 660], 98.; auto-review: missing_gloss",paranavitana
OSi,,miìhiri,"sweet; cd, mihiri-rese (loc.)",,,"Sigiri PDF p. 463 (printed p. 455), column 1; OCR entry: miìhiri, a. [Skt. madhura; cf. Bs. 65], sweet; cd, mihiri-rese (loc.), 613.",paranavitana
OSi,,mit,earth,,,"Sigiri PDF p. 463 (printed p. 455), column 1; OCR entry: mit, s., l.f. of miyi [cf. Mbg. 129), honey, 360. mi?, 1.f, of mihi? [cf. Ds. 23], earth, 466. mit, 1.f. of mihi? [cf. Amv. 105], here, 57. y",paranavitana
OSi,,miīlās,,,,"Sigiri PDF p. 463 (printed p. 455), column 1; OCR entry: miīläs, s., l.f. of miyuläs, 46, 237, 288, 407, 451,521, 534, 537, 6O15; auto-review: missing_gloss",paranavitana
OSi,,milāsi,,,,"Sigiri PDF p. 463 (printed p. 455), column 1; OCR entry: miläsi, l.f. of miyul-äsi, 48, 329, 608, 655 ; acc. pl., mīläsiyan, 542; mīläsna, 36, 299; mīlässan, 252, 277, 649-; auto-review: missing_gloss",paranavitana
OSi,,mut,face,,,"Sigiri PDF p. 463 (printed p. 455), column 1; OCR entry: mut, s. [Skt. mukha; cf. muya, Bs. 182, and mupa], face, 394.",paranavitana
OSi,,mu’,we are,,,"Sigiri PDF p. 463 (printed p. 455), column 1; OCR entry: mu’, nom, pl. of me!, 402. mut, ist pl. pr: ofa vb. ‘to be’ [Skt. smah], we are. See forms like baņnannamu.",paranavitana
OSi,,mukat,mouth,,,"Sigiri PDF p. 463 (printed p. 455), column 1; OCR entry: mukat, s. [Skt. mukha; cf. Ps., v. 120], mouth, 219.",paranavitana
OSi,,muka,,,,"Sigiri PDF p. 463 (printed p. 455), column 1; OCR entry: muka?, s. [Skt. kramuka]. See muka-rus,; auto-review: missing_gloss;low_ocr_confidence",paranavitana
OSi,,mukan,dumb,,,"Sigiri PDF p. 463 (printed p. 455), column 1; OCR entry: mukan, s., a. [Skt. mūka; cf. muk, Rm., v: 417+ van?], dumb, 260, 413, 496; acc. indef. f., mukannāk, 264. y",paranavitana
OSi,,muka-rus,,,,"Sigiri PDF p. 463 (printed p. 455), column 1; OCR entry: muka-rus, cd., areca tree, 349-; auto-review: missing_gloss",paranavitana
OSi,,mukā,"343: 515. ""E",,,"Sigiri PDF p. 463 (printed p. 455), column 1; OCR entry: mukā, s., a. [Skt. mūka, with f. suffix ã; cf. mukan], 343: 515. ""E; auto-review: low_ocr_confidence",paranavitana
OSi,,mupņa,face,,,"Sigiri PDF p. 463 (printed p. 455), column 1; OCR entry: mupņa, s. [mu -+na, Intr., § 393], face; loc., muņihi, 518.",paranavitana
OSi,,mundu,scum A (2nd member of cd.),,,"Sigiri PDF p. 463 (printed p. 455), column 1; OCR entry: mundu, s. [Skt. manda], scum A (2nd member of cd.), 456.",paranavitana
OSi,,mutt,"freed from, loosened",,,"Sigiri PDF p. 463 (printed p. 455), column 1; OCR entry: mutt, indec. [Skt. muktvā; Intr. AGKS cE Ksm., v- 1, Bs. 91), aENSSG g Pr L. Q., ALMHU 5., LY an. PIOEFNENG j Vre Kskh. II. 40], freed from, loosened, 583 (in miņi-mut); cd., mut-varal, 226. mut?, Lf. of mutu, q.v., 325.",paranavitana
OSi,,muta,,,,"Sigiri PDF p. 463 (printed p. 455), column 2; OCR entry: muta, e.f, of mut! [cf. Ts., v. 154], 424.; auto-review: missing_gloss",paranavitana
OSi,,mutu,pearls,,,"Sigiri PDF p. 463 (printed p. 455), column 2; OCR entry: mutu, s. [Skt. muktã; cf. Sls., v. 27], pearls, 112, 152, 230, 241; cd., -pala, 648; -välä [cf. Kskh. X. 118 and Ksm., v. 175], 152, 230.",paranavitana
OSi,,mut-velā,,,,"Sigiri PDF p. 463 (printed p. 455), column 2; OCR entry: mut-velä, cd., 325.; auto-review: missing_gloss",paranavitana
OSi,,muda,"to loose, free",,,"Sigiri PDF p. 463 (printed p. 455), column 2; OCR entry: muda, vb, [Skt. vmuc; cf. mudā, abs., Sls., v. 67], to loose, free;",paranavitana
OSi,,mudalind,a mythical mountain,,,"Sigiri PDF p. 463 (printed p. 455), column 2; OCR entry: mudalind, s. [P. mucalinda; cf. cend., mudat, 33. mudaliñdu, Pn., v. 20. See note on p. 17], a mythical mountain, 28.",paranavitana
OSi,,mudun,"top, summit",,,"Sigiri PDF p. 463 (printed p. 455), column 2; OCR entry: mudun, s. [Skt. mūrdhan; cf. Gs., v. 74, and var. mundun], top, summit; dat., mudunața, 382.",paranavitana
OSi,,mun,,,,"Sigiri PDF p. 463 (printed p. 455), column 2; OCR entry: mun, acc. or gen. pl. of me}, 1f. of muyun [cf. Gk., v. 137], 59, 133, 145, 155, 283, 312, 475, 478, 504, 543, 577:; auto-review: missing_gloss",paranavitana
OSi,,muna,,,,"Sigiri PDF p. 463 (printed p. 455), column 2; OCR entry: muna, e.f. of mun, 434.; auto-review: missing_gloss",paranavitana
OSi,,munatța,pl. of met,,,"Sigiri PDF p. 463 (printed p. 455), column 2; OCR entry: munatța, dat. pl. of met, 155.",paranavitana
OSi,,muni,"sage; cd., muni-rad [cf. munirada, Sls., v. 42], king of sages, i.e. Buddha",,,"Sigiri PDF p. 463 (printed p. 455), column 2; OCR entry: muni, s. [Skt. muni; cf. Gk., V. 43], sage; cd., muni-rad [cf. munirada, Sls., v. 42], king of sages, i.e. Buddha; gen., -rad'hu, 28.",paranavitana
OSi,,munumburu,"[OS. manumaraka, EZ. 1. 63",,,"Sigiri PDF p. 463 (printed p. 455), column 2; OCR entry: munumburu, s. [OS. manumaraka, EZ. 1. 63; cf. Dhag. 121), grandson, 681,",paranavitana
OSi,,mundun,,,,"Sigiri PDF p. 463 (printed p. 455), column 2; OCR entry: mundun, s., var. of mudun [cf. mundunä (loc.), Ksm., v. 140), 286.; auto-review: missing_gloss",paranavitana
OSi,,muyun,"or gen. pl. of met, e.f. of mun",,,"Sigiri PDF p. 463 (printed p. 455), column 2; OCR entry: muyun, acc. or gen. pl. of met, e.f. of mun, 26, 341, 516.",paranavitana
OSi,,muyuna,,,,"Sigiri PDF p. 463 (printed p. 455), column 2; OCR entry: muyuna, e.f. of muyun, 427.; auto-review: missing_gloss",paranavitana
OSi,,muyunatț,,,,"Sigiri PDF p. 463 (printed p. 455), column 2; OCR entry: muyunatț, e.f. of munaț, 535.; auto-review: missing_gloss",paranavitana
OSi,,muru,gods,,,"Sigiri PDF p. 463 (printed p. 455), column 2; OCR entry: muru, s. [Skt. marut; cf. Rm., v. 8], gods; gen. pl, murun [cf. Ksm., v. 156], 144.",paranavitana
OSi,,mul,"root, bottom (paya-mul)",,,"Sigiri PDF p. 463 (printed p. 455), column 2; OCR entry: mul, s. [Skt. müla; cf. Ksm., v. 87], root, bottom (paya-mul), 118, 119, 320. -muva (paļa-muva), suffix [Skt, -maya ; cf. mini-muvā, Amv. 156]. 9o.",paranavitana
OSi,,mus,"to leave, to free",,,"Sigiri PDF p. 463 (printed p. 455), column 2; OCR entry: mus!, vb. [Skt. Vmuc], to leave, to free. See musi. a",paranavitana
OSi,,mus,"to stupefy, perturb",,,"Sigiri PDF p. 463 (printed p. 455), column 2; OCR entry: mus?, vb. [Skt. vmürch], to stupefy, perturb. See musne. l",paranavitana
OSi,,musa,falsehood,,,"Sigiri PDF p. 463 (printed p. 455), column 2; OCR entry: musa, s. [Skt. mrşã, P. musã; cf. musa-vā, Suv. 3], falsehood, 495. musi, (1) 3rd sin. p. of vmus' [P. muñci; cf. sit no musi, Dhag. 37), t03; (2) prt. of vmus!, in minimusi, 550.",paranavitana
OSi,,musne,sin. of pr. pt. (inf.) of ymus?,,,"Sigiri PDF p. 463 (printed p. 455), column 2; OCR entry: musne, nom. sin. of pr. pt. (inf.) of ymus?, 12.; auto-review: low_ocr_confidence",paranavitana
OSi,,muhānņ,,,,"Sigiri PDF p. 463 (printed p. 455), column 2; OCR entry: muhänņ, s., var. of muhun; loc., hi aa a z N; auto-review: missing_gloss;low_ocr_confidence",paranavitana
OSi,,muhun,"[muhu = Skt. mukha. , aiaee Mier-mimerriema Ehara aa A a atn aa A aara münuvara|",,,"Sigiri PDF p. 463 (printed p. 455), column 2; OCR entry: muhun, s. [muhu = Skt. mukha. , aiaee Mier-mimerriema Ehara aa A a atn aa A aara münuvara|, 284.; auto-review: low_ocr_confidence",paranavitana
OSi,,nuhund,crest,,,"Sigiri PDF p. 463 (printed p. 455), column 3; OCR entry: nuhund, s. [Skt. samudra; cf. muhuda, Gs., v. 71, and mod, S. mūdaļ, sea, ocean, 574; acc, muhunda, 596; loc., muhundä, 427. muhul, muhula, s. [Skt. makuta; cf, muhulu, Dhpr. 204], crest, 281, 285, 292.",paranavitana
OSi,,mul,"enclosed place, corner; mulļ-mulhi, duplicated loc., in this and that corner",,,"Sigiri PDF p. 463 (printed p. 455), column 3; OCR entry: mul, s. [Skt. vrta > *vuļța > #vula > mulu > mul; cf, mullē, Kskh. XII. 52], enclosed place, corner; mulļ-mulhi, duplicated loc., in this and that corner, 18.",paranavitana
OSi,,mulła,,,,"Sigiri PDF p. 463 (printed p. 455), column 3; OCR entry: mulła, l.f. of muläã, q.v., 102, I21, 228, 540.; auto-review: missing_gloss",paranavitana
OSi,,muļā,"bewildered, infatuated, aficted, misguided",,,"Sigiri PDF p. 463 (printed p. 455), column 3; OCR entry: muļā, a. [Skt. mūdha, P. mūlha (with -ka); cf. Mdv., v. 56], bewildered, infatuated, aficted, misguided, 106, 201, 215, 297, 381, 466, 484, 598, 600, 646, 651;",paranavitana
OSi,,vana,,,,"Sigiri PDF p. 463 (printed p. 455), column 3; OCR entry: -vana?, adv. [cf. mulāvan, Dhag. 124], 381.; auto-review: missing_gloss",paranavitana
OSi,,mulļu,,,,"Sigiri PDF p. 463 (printed p. 455), column 3; OCR entry: mulļu?, s., e.f. of mul, q.v., 638.; auto-review: missing_gloss",paranavitana
OSi,,mulu’,(1) crowd,,,"Sigiri PDF p. 463 (printed p. 455), column 3; OCR entry: mulu’, s. [Skt. samūdha (brought together, collected) > #*samudu => *hamudu > *hamuļu > *muhuļu > #mülļu > mulu; cf. Ds. 5, Gsv. 6], (1) crowd, 174; (2) whole, entirety, 62, 174, 205; Mmuļu-lu (for suffix -lu, see Intr., § 396) [cf. Dhag. 112], loc., mululle [cf. Kup. 73], all over, 249; inst., mulullen [cf. Svv. 43], 275, 3133 cd., muļu-lov, 205; muļu-ve, 174. met, prn, m., f, and n. [P. and Pkt. imañ, OS. ima, me, Intr., § 377; cf. Dhag. 4, Ksm., v. 6), this. (1) a„ 2, 30, 75, 104, 125, 202, 266, 376, 438, 503, 601, 680 [235]; (2) acc. sin. [cf. Svo. 36], 9, 15, 35, II4, 139, 141, 279, 343» 382, 420 [15]; (3) exclamatory, 251; (4) this, here, 465, 549, duplicated, me me, 537. See mayu, mä, min, mihi, mu, mun, munața, muyun— muyunatțt, meța, mey, meya— meyhi, mehi, mo, moba— moyun.",paranavitana
OSi,,met,,,,"Sigiri PDF p. 463 (printed p. 455), column 3; OCR entry: met, indec. [Skt. P. and Pkt. eva, joined to acc. sin. in -m and wrongly taken as meva (unpublished Brāhmī inscr. of 2nd century at Nelugala); meva > #meve > *më > me; cf. Dhag. 4 and Ksm., v. 91, Lf. mä], 5, 46, 116, 158, 215, 280, 305, 358, 473» 515, 568, 65r [72]; with cond. verbal form, 59.; auto-review: missing_gloss",paranavitana
OSi,,meta,"love, good- = will",,,"Sigiri PDF p. 463 (printed p. 455), column 3; OCR entry: meta, dat. of met, 514. met, meta, s. [Skt. maitrā, P. mettā; cf. Dhag. 65], love, good- = will, 283, 307; inst., metani, oo.",paranavitana
OSi,,met-tak,,,,"Sigiri PDF p. 463 (printed p. 455), column 3; OCR entry: met-tak, cd., this much, 323, 546, 563. See next two.; auto-review: missing_gloss",paranavitana
OSi,,met-tek,this much,,,"Sigiri PDF p. 464 (printed p. 456), column 1; OCR entry: met-tek, cd. [cf. Amv. 24, Kskh. V. 54], this much, 22, 311, 357, 402, 465, 509; cd., mete-kala = metek-kala [cf. mod. S. metakal], 418.",paranavitana
OSi,,men,"like, comparable to",,,"Sigiri PDF p. 464 (printed p. 456), column 1; OCR entry: men, indec. [Skt. manye > *mañe > mene > mena > men; cf. Ksm., v. 48], like, comparable to, 20, 70, 149, 212, 282, 309, 344, 462, 561, 589, 635, 680 [36].",paranavitana
OSi,,mena,,,,"Sigiri PDF p. 464 (printed p. 456), column 1; OCR entry: mena, e.f. of men, (1) with original meaning, I trow, 658; (2) secondary meaning, ‘like’, 195, 210, 645. _ meni, men +i, q.v., 332, 433, 601.; auto-review: missing_gloss",paranavitana
OSi,,menet,,,,"Sigiri PDF p. 464 (printed p. 456), column 1; OCR entry: menet, e.f. of men, with original meaning, 89.; auto-review: missing_gloss",paranavitana
OSi,,mene,sin. of mana,,,"Sigiri PDF p. 464 (printed p. 456), column 1; OCR entry: mene?, nom. sin. of mana, 106, 249, 273, 345-",paranavitana
OSi,,menehi,,,,"Sigiri PDF p. 464 (printed p. 456), column 1; OCR entry: menehi, loc. sin. of mana [cf. Dhpr. 103], 118, 135, 249, 370, 448, 568, 626, 68r; menehi kot [cf. menehi kota, Dhag. 140, Kup. 14], 249.; auto-review: missing_gloss",paranavitana
OSi,,me!-bandu,,,,"Sigiri PDF p. 464 (printed p. 456), column 1; OCR entry: me!-bandu, cd. (rel.), f., she who is like this, 669.; auto-review: missing_gloss",paranavitana
OSi,,meyt,(1) this,,,"Sigiri PDF p. 464 (printed p. 456), column 1; OCR entry: meyt, s. [Skt. P. megha; cf. Salamey-van for P. Silä-megha-vanna, EZ. I. 42; mē, Dhpr. 297), cloud. See meyä. mey?, prn, [var. of me!, going back to P. ima+ka, or acc. of met, meya > mey; cf. mey = P. ayarı, Dhag. 136], (1) this, 39, 87, 148, 204, 267, 315, 326, 433, 473» 485, 511, 668 [r9]; (2) this, here, 311; (3) exclamatory, 461. meya, (1) nom, or acc. sin, of me, 48, 54, III, 161, 158, 413, 473» 523, 680; (2) acc. sin. of me, f., 344, 642.",paranavitana
OSi,,meyaț,,,,"Sigiri PDF p. 464 (printed p. 456), column 1; OCR entry: meyaț, l.f. of meyațta, 194, 390, 405, 450, 613, 658, 68o.; auto-review: missing_gloss",paranavitana
OSi,,meyata,,,,"Sigiri PDF p. 464 (printed p. 456), column 1; OCR entry: meyata, dat. of me, l.f. meyatț [cf. Amv. 144], 382, 590.; auto-review: missing_gloss",paranavitana
OSi,,meyahi,"of me, f. and n",,,"Sigiri PDF p. 464 (printed p. 456), column 1; OCR entry: meyahi, loc. of me, f. and n., 487.",paranavitana
OSi,,meyā,,,,"Sigiri PDF p. 464 (printed p. 456), column 1; OCR entry: meyä, loc. of meyt, 244. meyi, (1) orth. var. of mey? [cf. Dhag. 276], 118, 194, 264, 481; (2) here, 585.; auto-review: missing_gloss",paranavitana
OSi,,mey-hi,of me! or mey?,,,"Sigiri PDF p. 464 (printed p. 456), column 1; OCR entry: mey-hi, loc. of me! or mey?, 47, 175-",paranavitana
OSi,,mera,"cosmic mountain ; ace. indef., merak",,,"Sigiri PDF p. 464 (printed p. 456), column 1; OCR entry: mera, s. [Skt. Meru; cf. Rm., v. 35], cosmic mountain ; ace. indef., merak, 627.",paranavitana
OSi,,mereja,"inst., merejin [cf. merajin, Dhpr. 228]",,,"Sigiri PDF p. 464 (printed p. 456), column 1; OCR entry: mereja, s. [Skt. marici; cf. meraja, Ksm., v. 15], inst., merejin [cf. merajin, Dhpr. 228], 177.",paranavitana
OSi,,met-lesin,,,,"Sigiri PDF p. 464 (printed p. 456), column 1; OCR entry: met-lesin, cd., inst. [cf. Ksm., v. 73], 516.; auto-review: missing_gloss",paranavitana
OSi,,me!-vanaka,,,,"Sigiri PDF p. 464 (printed p. 456), column 1; OCR entry: me!-vanaka, cd., gen. indef., 657.; auto-review: missing_gloss",paranavitana
OSi,,me!-vāni,,,,"Sigiri PDF p. 464 (printed p. 456), column 1; OCR entry: me!-väni, cd., a. [cf. Dhpr. 232], 320, 630, me-vännä = meväni--ä!, 267; nom. sin. f., mevänni, 607.; auto-review: missing_gloss",paranavitana
OSi,,me!-veni,,,,"Sigiri PDF p. 464 (printed p. 456), column 1; OCR entry: me!-veni, cd., nom. pl., mevenno, 533.; auto-review: missing_gloss",paranavitana
OSi,,me!t-sā,,,,"Sigiri PDF p. 464 (printed p. 456), column 1; OCR entry: me!t-sã, cd., (1) so much, 69, 148,; auto-review: missing_gloss",paranavitana
OSi,,mesi,,,,"Sigiri PDF p. 464 (printed p. 456), column 2; OCR entry: mesi, e.f. of mäsi [cf. Ksm., v. 409, old paraphrase explains it as Skt. amarşa], 152; inst., mesini, 247.; auto-review: missing_gloss",paranavitana
OSi,,mesi,ref. of vmasa,,,"Sigiri PDF p. 464 (printed p. 456), column 2; OCR entry: mesi, abs. ref. of vmasa, 168.",paranavitana
OSi,,me!-seẹ,,,,"Sigiri PDF p. 464 (printed p. 456), column 2; OCR entry: me!-seẹ, cd., adv. [cf. Dhpr. 135), in this manner, thus, 31, 145, 171, 276, 337; 439, 540, 548, 553, 684.; auto-review: missing_gloss",paranavitana
OSi,,me-sey,,,,"Sigiri PDF p. 464 (printed p. 456), column 2; OCR entry: me-sey, var. of Me-Se, 122, 130, 338, 384, 565, 627, 666.; auto-review: missing_gloss",paranavitana
OSi,,me-seyani,of me-sey,,,"Sigiri PDF p. 464 (printed p. 456), column 2; OCR entry: me-seyani, inst. of me-sey, 399.",paranavitana
OSi,,me-seyi,,,,"Sigiri PDF p. 464 (printed p. 456), column 2; OCR entry: me-seyi, orth, var. of me-sey, 32, 75, 311, 432, 683.; auto-review: missing_gloss",paranavitana
OSi,,me-seyina,"of me-sey [cf. me-seyin, Jag. 17)",,,"Sigiri PDF p. 464 (printed p. 456), column 2; OCR entry: me-seyina, inst. of me-sey [cf. me-seyin, Jag. 17), 98.",paranavitana
OSi,,mehi,,,,"Sigiri PDF p. 464 (printed p. 456), column 2; OCR entry: mehi, loc. of me [cf. Sbl., v. 185], 4, 63, 102, 157, 246, 348, 420, 511, 561, 602, 639, 683 [70].; auto-review: missing_gloss",paranavitana
OSi,,mele,,,,"Sigiri PDF p. 464 (printed p. 456), column 2; OCR entry: mele, nom. sin, of mala (rel.) [cf. Dhpr. 301], 73, 84, 539, 673.; auto-review: missing_gloss",paranavitana
OSi,,meleke,"from molok, 3rd sin, pr. ref. [cf. meļek, Amv. 77)",,,"Sigiri PDF p. 464 (printed p. 456), column 2; OCR entry: meleke, Nom. from molok, 3rd sin, pr. ref. [cf. meļek, Amv. 77), 83; melekenne-y, pr. pt. nom, sin. and y for yi, q.v., 592.",paranavitana
OSi,,melen,,,,"Sigiri PDF p. 464 (printed p. 456), column 2; OCR entry: melen, inst. of mala (inf.) [cf. Amv. 33], 19, 33, 217, 496.; auto-review: missing_gloss",paranavitana
OSi,,meleyin,,,,"Sigiri PDF p. 464 (printed p. 456), column 2; OCR entry: meleyin, var. of meļen [cf, Svv., v. 23], 18, 155, 300. melļehi [mele and hi], 2nd sin. p. of vmara, 524.; auto-review: missing_gloss",paranavitana
OSi,,mo,,,,"Sigiri PDF p. 464 (printed p. 456), column 2; OCR entry: mo, nom., sin, f. of me [cf. Dhpr. 296], 3, 79, 95, 108, 250, 580, 581, 638, 641, 660, 661, 669, 674- -mo, verbal form = Skt. smah, we are, as in tun-janamo, 375.; auto-review: missing_gloss",paranavitana
OSi,,monara,peacock,,,"Sigiri PDF p. 464 (printed p. 456), column 2; OCR entry: monara, s. [Skt. mayūra, P. mora; cf. Jga. 28], peacock, 336.",paranavitana
OSi,,moba,here,,,"Sigiri PDF p. 464 (printed p. 456), column 2; OCR entry: moba, adv. [Intr., § 515, cf. Dhpr. 98, Kskh. X. 6], here, 295, 406.",paranavitana
OSi,,moyina,pl. of me,,,"Sigiri PDF p. 464 (printed p. 456), column 2; OCR entry: moyina, gen. pl. of me, 498; dat. pl., moyinatța, 498. See moyun., moyun, (1) nom. pl. of me, r81; (2) gen. pl. of me [cf. movun, Dhpr. 297, and var. moyinaj, 164, 188, 198, 653; dat. pl. moyunața, 61r, 495; acc. pl., moyuna, 6i.",paranavitana
OSi,,molat,"cesspit; cd., molat-hi, what is dropped in a cesspit",,,"Sigiri PDF p. 464 (printed p. 456), column 2; OCR entry: molat, s. [mola+at, pleonastic, cf. nuyan-at; mola = P. niddhamana, Dhag. 131, molehi = P. oligalle, Dhpr. 97], cesspit; cd., molat-hi, what is dropped in a cesspit, 565. A",paranavitana
OSi,,mohot,instant,,,"Sigiri PDF p. 464 (printed p. 456), column 2; OCR entry: mohot, s. [Skt. muhürtta; cf. Dhag. 237], instant; loc., mohota, 420.",paranavitana
OSi,,molok,"soft, tender, tenderness",,,"Sigiri PDF p. 464 (printed p. 456), column 2; OCR entry: molok, a., s. [Skt. mrdu+ka; cf. Mdv., v. 67], soft, tender, tenderness, 116, 514, 649; nom. sin. indef., moọoļlokak, 304; cd., molokzatin [cf. molokzata, Ksm., v. 485, molokzatin, Ksm., v. 163), 649; inst., molļokin [cf. molakin, Kskh. XII. 59], 554.",paranavitana
OSi,,y,(2) yi’ [cf. 627,,,"Sigiri PDF p. 464 (printed p. 456), column 2; OCR entry: y, orth, var. of, (1) yi* through ya?, 12, 87, 146, 264, 333; 392, 507, 575; 647; 652 [18]; (2) yi’ [cf. 627.",paranavitana
OSi,,ya,"to go; imp., ya [cf. Sbil., v. 187]",,,"Sigiri PDF p. 464 (printed p. 456), column 3; OCR entry: ya!, vb. [Skt. vyā; cf. mod. S. yana-va], to go; imp., ya [cf. Sbil., v. 187], 561, 606. See yat?—yat hot, yan, yana’— yannakt, yannaț—yanne, yanneyi, yanno, yama?, yami—yamo, yamha—yavi, yahi, ya hemha, ye!, yett, yet?, yeta, yeti!, yet'ha, yena— yevena.",paranavitana
OSi,,ya,to say,,,"Sigiri PDF p. 464 (printed p. 456), column 3; OCR entry: ya?, vb. [Skt. &-vkhyā], to say. See yatli, yana!, yannekin, yannak?, ye’, yet?, yeti?.",paranavitana
OSi,,ya,,,,"Sigiri PDF p. 464 (printed p. 456), column 3; OCR entry: ya?, var. of yit, L.f. y, is, 83, 88, 250, - 348,406, 518, 606.; auto-review: missing_gloss",paranavitana
OSi,,yat,51. ya’ [Skt. ayas,,,"Sigiri PDF p. 464 (printed p. 456), column 3; OCR entry: yat, indec., var, of yi? [cf. avuju ya yü se, Dhag. 151; 1.f. y], 51. ya’ [Skt. ayas; cf. ya-kula, Bs. 195], iron. See ya-dam. yat, prn. [Skt. yad, from m. form], indefinite. See yā!.",paranavitana
OSi,,ya’,"of syal, See ya-yahana and ya hemha",,,"Sigiri PDF p. 464 (printed p. 456), column 3; OCR entry: ya’, cond. or inf. [Intr., § 478] of syal, See ya-yahana and ya hemha.",paranavitana
OSi,,ya’,"a., l.f. of yaha and yat; cd",,,"Sigiri PDF p. 464 (printed p. 456), column 3; OCR entry: ya’, s., a., l.f. of yaha and yat; cd.,",paranavitana
OSi,,ya-gi,,,,"Sigiri PDF p. 464 (printed p. 456), column 3; OCR entry: ya-gi, l.f. of yã-gi, q.v., 245, 246, 611; acc. sin., ya-giya, 210.; auto-review: missing_gloss;low_ocr_confidence",paranavitana
OSi,,yaja,"to pray, beseech, beg; cond., yajat",,,"Sigiri PDF p. 464 (printed p. 456), column 3; OCR entry: yaja, vb. [Skt. vVyaj; cf. yajana, pr. pt., Dhag. 43], to pray, beseech, beg; cond., yajat, 652.",paranavitana
OSi,,yati,necklace,,,"Sigiri PDF p. 464 (printed p. 456), column 3; OCR entry: yati, s. [Skt. yaşți], necklace, 216.",paranavitana
OSi,,yatt,of vya?,,,"Sigiri PDF p. 464 (printed p. 456), column 3; OCR entry: yatt, cond. of vya?, 450.",paranavitana
OSi,,yat,,,,"Sigiri PDF p. 464 (printed p. 456), column 3; OCR entry: yat?, cond. of vyat, l.f. of yata [cf. Svv. 79], 35, 49, 251, 352, 376, 459, 472, 488, 629. yat?, 3rd sin. pr. of Vya', 1.f. of yati, 667.; auto-review: missing_gloss",paranavitana
OSi,,yata,,,,"Sigiri PDF p. 464 (printed p. 456), column 3; OCR entry: yata, cond. of vya!, e.f. of yat? [cf. Ksm., v. 213], 108, 180, 183, 276, 308, 315, 367, 424, 518, 553, 599, 677.; auto-review: missing_gloss",paranavitana
OSi,,yati,,,,"Sigiri PDF p. 464 (printed p. 456), column 3; OCR entry: yati, e.f. of yat?, 51, yat yat [yat! duplicated; cf. Sbl., v. 43], 472.; auto-review: missing_gloss",paranavitana
OSi,,yat'hot,,,,"Sigiri PDF p. 464 (printed p. 456), column 3; OCR entry: yat'hot, cond. [Intr., § 473 et seq.; cf. Sbl., v. 185], 240.; auto-review: missing_gloss",paranavitana
OSi,,ya*-dam,iron chain,,,"Sigiri PDF p. 464 (printed p. 456), column 3; OCR entry: ya*-dam, cd. [cf. Jag. 134], iron chain, 289. yan, imp. of Vya! [cf. Kskh. X. 17), 38, 46, 196, 279. yanat, pr. pt. (a.) of vya? [cf. Sdsg. 12], that which says, 297. See yannak?, yana?, pr. pt. (a.) of Vya! [cf. Amv. 6], 54, 114, 174, 234, 284, 404, 495, 506, 628, 643. See yanan— yanayunața, yanayuna, yani, yane, yano, yannaun, yannak, yannan, yannā!, yanno.",paranavitana
OSi,,yanan,"pl. of yana? (rel.), e.f. of yannan",,,"Sigiri PDF p. 464 (printed p. 456), column 3; OCR entry: yanan, gen. pl. of yana? (rel.), e.f. of yannan, 131.",paranavitana
OSi,,yanayuna,pl. of yana? (rel.),,,"Sigiri PDF p. 464 (printed p. 456), column 3; OCR entry: yanayuna, gen. pl. of yana? (rel.), 29, 231. T.",paranavitana
OSi,,yanayunața,"pl, of yana (rel)",,,"Sigiri PDF p. 464 (printed p. 456), column 3; OCR entry: yanayunața, dat. pl, of yana (rel), 374. Da yanä, pr. pt. (inf.) of vya!, var. of yanu’, 57. n A ma N U a a aTa N a a 438. See yannaț, yanne. yanu’, imp. of Vya!, 342.; auto-review: low_ocr_confidence",paranavitana
OSi,,yanuyun,,,,"Sigiri PDF p. 465 (printed p. 457), column 1; OCR entry: yanuyun, gen, pl. of yana? (rel), 35-; auto-review: missing_gloss;low_ocr_confidence",paranavitana
OSi,,yanet,"sin. of yana? (rel.), same as yanne",,,"Sigiri PDF p. 465 (printed p. 457), column 1; OCR entry: yanet, nom. sin. of yana? (rel.), same as yanne, 459, 549. yane?, imp. of vya’, 527-",paranavitana
OSi,,yano,"pl. of yana? (rel.), e.f. of yanno",,,"Sigiri PDF p. 465 (printed p. 457), column 1; OCR entry: yano, nom. pl. of yana? (rel.), e.f. of yanno, 452.",paranavitana
OSi,,yannaun,pl. of yana? (rel.),,,"Sigiri PDF p. 465 (printed p. 457), column 1; OCR entry: yannaun, gen. pl. of yana? (rel.), 165.",paranavitana
OSi,,yannak,sin. indef. f. of yana? (rel.),,,"Sigiri PDF p. 465 (printed p. 457), column 1; OCR entry: yannak!, nom. sin. indef. f. of yana? (rel.), 531.",paranavitana
OSi,,yannak,sin. indef. of yana’ (inf.),,,"Sigiri PDF p. 465 (printed p. 457), column 1; OCR entry: yannak?, nom. sin. indef. of yana’ (inf.), 506, 579-",paranavitana
OSi,,yannaț,of yanu',,,"Sigiri PDF p. 465 (printed p. 457), column 1; OCR entry: yannaț, dat. of yanu', 167, 168, 246.",paranavitana
OSi,,yannan,"153, 504yannamaha, ıst pl. pr. of vya?",,,"Sigiri PDF p. 465 (printed p. 457), column 1; OCR entry: yannan, acc. pl. of yana? (rel.) [cf. Svv. 58], 153, 504yannamaha, ıst pl. pr. of vya?, 180. yannamo, 1st pl. pr. of vya’, 647. yannā!, pr. pt. (a.) of vya?, 305-",paranavitana
OSi,,yannā,sin. of yana?,,,"Sigiri PDF p. 465 (printed p. 457), column 1; OCR entry: yannā?, acc. sin. of yana?, 44.; auto-review: low_ocr_confidence",paranavitana
OSi,,yanne,sin. of yanu,,,"Sigiri PDF p. 465 (printed p. 457), column 1; OCR entry: yanne, nom. sin. of yanu, 163, 261, 459; 507, 553, 566.",paranavitana
OSi,,yannekin,of pr. pt. (inf.) indef. of vVya?,,,"Sigiri PDF p. 465 (printed p. 457), column 1; OCR entry: yannekin, abl. of pr. pt. (inf.) indef. of vVya?, 240. yanneyi, gdv. of Vyat, 240.",paranavitana
OSi,,yanno,pl. of yana? (rel.),,,"Sigiri PDF p. 465 (printed p. 457), column 1; OCR entry: yanno, nom. pl. of yana? (rel.), 51. yam, prn. [Skt., yam, acc. of yad; cf. Sbl, v. 277l, relative or indefinite, 240, 251, 305, 682.",paranavitana
OSi,,yama,watch of night,,,"Sigiri PDF p. 465 (printed p. 457), column 1; OCR entry: yama!, s. [Skt. yãma; cf. Kskh. X. 35], watch of night, 4. See aluyama. i yama?, rst pl. pr. of vya', let us go, 147:",paranavitana
OSi,,yamak,anything,,,"Sigiri PDF p. 465 (printed p. 457), column 1; OCR entry: yamak, acc. indef. of yam [cf. Sbl., v. 282], anything, 503. yami, rst sin. pr. of Vyat, 318, 352, 571. yamin, gd. of vya!, 249, 630. See next.",paranavitana
OSi,,yamini,,,,"Sigiri PDF p. 465 (printed p. 457), column 1; OCR entry: yamini, e.f. of yamin, 110, 659. yamu, rst pl; pr, of vya! [Intr] § 433], 579, 582.; auto-review: missing_gloss",paranavitana
OSi,,yamo,,,,"Sigiri PDF p. 465 (printed p. 457), column 1; OCR entry: yamo, var. of yamu [cf. Amu 126], 112, 273, 369; 585, 661.; auto-review: missing_gloss",paranavitana
OSi,,yam-tam or -tama,even a little 303,,,"Sigiri PDF p. 465 (printed p. 457), column 1; OCR entry: yam-tam or -tama, cd. [fror yam-taram, cf. yam-tamak = yan vā tarı vā, Dhag. 18], even a little 303, 324, 574yamha, ıst pl. pr. of vya' [cf Dhpr. 286], 71, 373, 412.",paranavitana
OSi,,yay,"with hi, q.v",,,"Sigiri PDF p. 465 (printed p. 457), column 1; OCR entry: yay, cond. of vya! [Intr., § 478] with hi, q.v., 22. p",paranavitana
OSi,,yayahana,", 387. yavi,gdv. of vya",,,"Sigiri PDF p. 465 (printed p. 457), column 1; OCR entry: yayahana, e.f. of yay and hana qv., or ya and yahana [cf lahāg iya no yahana, EZ. I. 91] pr. pt. a. of a vb. yaha formed b; metathesis from vhaya, 246. rava, imp. of yya [cf. Dhpr. 283] yavaneya, gdv. cs. of vya', 387. yavi,gdv. of vya’ [cf. mod. 5. yãvi E a Bw isirä, 171.",paranavitana
OSi,,yaha,,,,"Sigiri PDF p. 465 (printed p. 457), column 2; OCR entry: yaha, a., s. [Skt. yaśas; cf. Sdsg. 162, Ksm., v. 600], 7, 63, 93, 101, 146, 225, 310, 360, 503, 558, 560, 612 [17]. See yaha-asarața— yaha-dasna, yaha-pat—yahavan, yehe—yehehi.; auto-review: missing_gloss",paranavitana
OSi,,yahħa-asarața,,,,"Sigiri PDF p. 465 (printed p. 457), column 2; OCR entry: yahħa-asarața, cd., dat., 32.; auto-review: missing_gloss",paranavitana
OSi,,yaha-isirā,,,,"Sigiri PDF p. 465 (printed p. 457), column 2; OCR entry: yaha-isirä, cd. [cf. -isiri, EZ. I. 202], 94; inst., -isirin, 449.; auto-review: missing_gloss",paranavitana
OSi,,yahak,,,,"Sigiri PDF p. 465 (printed p. 457), column 2; OCR entry: yahak, nom. or acc. indef. of yaha [cf. Sdsg. 153], 184, 463, 530, 553, 612.; auto-review: missing_gloss",paranavitana
OSi,,yaha-koț,,,,"Sigiri PDF p. 465 (printed p. 457), column 2; OCR entry: yaha-koț, adv., 360.; auto-review: missing_gloss",paranavitana
OSi,,yaha-gī,,,,"Sigiri PDF p. 465 (printed p. 457), column 2; OCR entry: yaha-gī, cd., earlier form of ya-gi, 358.; auto-review: missing_gloss",paranavitana
OSi,,yahaja,"friend, friendship",,,"Sigiri PDF p. 465 (printed p. 457), column 2; OCR entry: yahaja, cd. [yaha-+-haja?], friend, friendship, 277, 558-",paranavitana
OSi,,yaha-dasna,one who is pleasing to see,,,"Sigiri PDF p. 465 (printed p. 457), column 2; OCR entry: yaha-dasna, cd. [cf. yaha-dasana, Ksm., v. 103, and yaha-dasun, Dhpr. 299], one who is pleasing to see; voc., -dasne, 146, 231. yahan, yahana, s. [Skt. sayana; cf. Ksm., v. 549], 210; cd., yahanagovu [cf. yahan-govu, Dj. 308], 173, 210; loc., yahaneyi, 32.",paranavitana
OSi,,yaha-pat,I am,,,"Sigiri PDF p. 465 (printed p. 457), column 2; OCR entry: yaha-pat, cd. [cf. Dhpr. 103], happy, 34, 163, 320, 453, 551, 575, 631, 635; ©-f., yaha-pata, 5, 216, 625; cd., inst., yahapata-bavina, 625; yaha-patmi [mi = Skt. asmi, ‘I am’], 463, 530, 678; adv., yahba-pat-vann, 320.",paranavitana
OSi,,yaha-pas,,,,"Sigiri PDF p. 465 (printed p. 457), column 2; OCR entry: yaha-pas, cd., 122.; auto-review: missing_gloss",paranavitana
OSi,,yaha-pahas,,,,"Sigiri PDF p. 465 (printed p. 457), column 2; OCR entry: yaha-pahas, cd. [cf. Ksm., v. 739, Sbl., v. 269], 535-; auto-review: missing_gloss",paranavitana
OSi,,yaha-bāsi,,,,"Sigiri PDF p. 465 (printed p. 457), column 2; OCR entry: yaha-bäsi, cd. [basi is f. of basa (rel.)], 103.; auto-review: missing_gloss",paranavitana
OSi,,yaha-maṅga,,,,"Sigiri PDF p. 465 (printed p. 457), column 2; OCR entry: yaha-mañga, cd., 131.; auto-review: missing_gloss;low_ocr_confidence",paranavitana
OSi,,yaha-van,,,,"Sigiri PDF p. 465 (printed p. 457), column 2; OCR entry: yaha-van, adv. [Intr., § 516], 63, 560. yahi, 2nd sin. pr. of vya?, 184, 630. ya’-hemha, com. vb., 108.; auto-review: missing_gloss",paranavitana
OSi,,yā,,,,"Sigiri PDF p. 465 (printed p. 457), column 2; OCR entry: yā!, nom. sin. of ya. See yāvat. yā?, imp. of vya? [cf. Dhag. 177, Dhpr. 296], 295.; auto-review: missing_gloss",paranavitana
OSi,,yā,"of vya! [e.f. of yat, in phrase yā no hī, being unable to go), 375-",,,"Sigiri PDF p. 465 (printed p. 457), column 2; OCR entry: yā?, cond. of vya! [e.f. of yat, in phrase yā no hī, being unable to go), 375-",paranavitana
OSi,,yā-gi,to be,,,"Sigiri PDF p. 465 (printed p. 457), column 2; OCR entry: yā-gi, var. of ya-gī and yaha-gī, 594. yā-va-t [yā!+va?-+-t, q.v.], 19yä [form of a vb. ‘to be’, e.f. of ä1; cf. Dhpr. 296], is, 34, 222, 292, 569, yähäya [der. of yaha ; Skt. yaśtasya], graciousness; inst., yähäyen, n z730 n yi’ [a form of a vb. ‘to be’ often used",paranavitana
OSi,,as copula,,,,"Sigiri PDF p. 465 (printed p. 457), column 2; OCR entry: as copula, e.f. of i], 44, 56, 108, F a ie 465, 537, 555 566, 595 KOJ- A; auto-review: missing_gloss;low_ocr_confidence",paranavitana
OSi,,yi,[Skt. iti,,,"Sigiri PDF p. 465 (printed p. 457), column 2; OCR entry: yi?, indec. [Skt. iti; cf. Kent., V. 197, Intra § 519), thus, summing up or joining a direct statement, 34, p 54 Row S T i EA a; auto-review: low_ocr_confidence",paranavitana
OSi,,u,,,,"Sigiri PDF p. 465 (printed p. 457), column 3; OCR entry: u, prt. of vya? [cf. Kup. 3], 302, 449.; auto-review: missing_gloss",paranavitana
OSi,,yugala,pair,,,"Sigiri PDF p. 465 (printed p. 457), column 3; OCR entry: yugala, s. [Skt. yugala; cf. yugala, Dhpr. 1], pair; inst, yugalen, 178.",paranavitana
OSi,,yuvaļa,"pair; cd., -tana",,,"Sigiri PDF p. 465 (printed p. 457), column 3; OCR entry: yuvaļa, s. [Skt. yugala; cf. Dhpr. 24], pair; cd., -tana, 515. yel, 3rd sin. pr. ref. of Vya! [cf. Dhpr. 189], 11, 54, 240, 396, 573» 591, 604, 629.",paranavitana
OSi,,ye’,"198. yet?, 3rd pl. pr. ref. of vya’, e.f. yeti? [cf. Dhag. 6]",,,"Sigiri PDF p. 465 (printed p. 457), column 3; OCR entry: ye’, var. of yit, 173, 415, 427, 525yež, 3rd sin. pr. ref. of vya”, 626. yeti, 3rd pl. pr. ref. of vVyat, e.f. yeti! [cf. Dhpr. 244], 198. yet?, 3rd pl. pr. ref. of vya’, e.f. yeti? [cf. Dhag. 6], 160, 500.",paranavitana
OSi,,yet’,"of vya!, 1f, of yeta",,,"Sigiri PDF p. 465 (printed p. 457), column 3; OCR entry: yet’, cond. of vya!, 1f, of yeta, 400.",paranavitana
OSi,,yeta,,,,"Sigiri PDF p. 465 (printed p. 457), column 3; OCR entry: yeta, e.f. of yet?, 176, 315, 531, 540-; auto-review: missing_gloss",paranavitana
OSi,,yetil,,,,"Sigiri PDF p. 465 (printed p. 457), column 3; OCR entry: yetil, e.f, of yet! [cf. Amv. 54], 641.; auto-review: missing_gloss",paranavitana
OSi,,yeti,"244 6o05. yete [yeta, e.f. yet!, with final vowel changed to e by influence of yi which follows]",,,"Sigiri PDF p. 465 (printed p. 457), column 3; OCR entry: yeti?, e.f. of yet? [cf. Amv. 37], 244 6o05. yete [yeta, e.f. yet!, with final vowel changed to e by influence of yi which follows], 416. yet'ha [yet! and hat], r08.",paranavitana
OSi,,yedeya,unbecomingly,,,"Sigiri PDF p. 465 (printed p. 457), column 3; OCR entry: yedeya, adv. [yojya in the sense of Skt. yogya], unbecomingly, 102. yena, pr. pt. ref. of vya? (a.), 101. Sce yenuyun—yenno. yenu, pr. pt. ref. (inf.) of vya? [cf. Dhag. 79], 54, 593-",paranavitana
OSi,,yenuyun,"pl. of yena (rel.), 55-",,,"Sigiri PDF p. 465 (printed p. 457), column 3; OCR entry: yenuyun, gen. pl. of yena (rel.), 55-",paranavitana
OSi,,yennayu,"sin. of yena (rel.), 6o5",,,"Sigiri PDF p. 465 (printed p. 457), column 3; OCR entry: yennayu, gen. sin. of yena (rel.), 6o5.",paranavitana
OSi,,yennahu,pl. of yena (rel.),,,"Sigiri PDF p. 465 (printed p. 457), column 3; OCR entry: yennahu, nom. pl. of yena (rel.), 226, 227.",paranavitana
OSi,,yenno,"pl, of yena (rel.)",,,"Sigiri PDF p. 465 (printed p. 457), column 3; OCR entry: yenno, nom. pl, of yena (rel.), 664. yem, rst sin. pr. ref. of vya, e.f. yemi, 422.",paranavitana
OSi,,yemi,,,,"Sigiri PDF p. 465 (printed p. 457), column 3; OCR entry: yemi, e.f. of yem [Kskh. X. 82], 61, 139. yemin, gd. of vya? [cf. Kskh. V. 55], 251, 425, 439.; auto-review: missing_gloss",paranavitana
OSi,,yemini,,,,"Sigiri PDF p. 465 (printed p. 457), column 3; OCR entry: yemini, var. of yemin, l.f. yemni, 366. yemu, 1st pl. pr. ref. of vya?, 388.; auto-review: missing_gloss",paranavitana
OSi,,yemo,,,,"Sigiri PDF p. 465 (printed p. 457), column 3; OCR entry: yemo, var. of yemu, 424, 619. yemni, 1.f. of yemini, 194, 355.; auto-review: missing_gloss",paranavitana
OSi,,yey,"120, 553yevi, 3rd sin. p. cs. of Vya'",,,"Sigiri PDF p. 465 (printed p. 457), column 3; OCR entry: yey, orth. var. of yeyi, 141. yeyi, 3rd sin. pr. ref. of vya' [cf. Dhpr. 135], 120, 553yevi, 3rd sin. p. cs. of Vya', 352. yevū, 3rd pl. p. cs- of Vya? [class. S. yävü, mod. S. yävu-va], 254yevena, pr. pt. (a.) cs. of vVya?, 23.",paranavitana
OSi,,yehe,,,,"Sigiri PDF p. 465 (printed p. 457), column 3; OCR entry: yehe!, nom. sin. of yaha [cf. Ksm., v. 78], 117, 118, 210, 233, 266, 520, 533, 561, 585.; auto-review: missing_gloss",paranavitana
OSi,,yehe,sin. of yaha (adv.),,,"Sigiri PDF p. 465 (printed p. 457), column 3; OCR entry: _yehe?, loc. sin. of yaha (adv.), 605.",paranavitana
OSi,,iyehben,,,,"Sigiri PDF p. 465 (printed p. 457), column 3; OCR entry: iyehben, inst. of yaha (adv.) [cf. Ksm., v. 31, Svv. 78], 81, 117, 203, 218, 253, 266, 376, 431, 602, 674.; auto-review: missing_gloss",paranavitana
OSi,,yeheni,~ female friend,,,"Sigiri PDF p. 465 (printed p. 457), column 3; OCR entry: yeheni, e.f. of yehen, 589. t $ a &00đ-nearted {[cf. DApr. 220], ~ female friend, 3, 394, 558, 640; < gen. pl., yeheļin [cf. Kskh. X. $ 20], 97; gen. siñ. indef., yeheļi- 3 yak, 274; nom. pl., yeheliyo, ko 370 a; auto-review: low_ocr_confidence",paranavitana
OSi,,yot,cord,,,"Sigiri PDF p. 466 (printed p. 458), column 1; OCR entry: yot, s. n yoktra, P, yotta; cf, Ksm., v. 211], cord; nom. sin. indef., yotek, 473.",paranavitana
OSi,,yoma,"to -Tya gdi t; abs., yomā [cf. Gs., v. 6], <4 » a., adv. [Skt. adhomukha > f #ayomuva > yomu",,,"Sigiri PDF p. 466 (printed p. 458), column 1; OCR entry: yoma, vb. [yomù as nom.], to -Tya gdi t; abs., yomā [cf. Gs., v. 6], <4 » a., adv. [Skt. adhomukha > f #ayomuva > yomu; cf. Ksm., V. "" = 396, yomu = P. onata, Dhag. À 161], turned downwards or towards, in front, 25, 90, 126, 419.",paranavitana
OSi,,yovan,young damsel,,,"Sigiri PDF p. 466 (printed p. 458), column 1; OCR entry: yovan, s. [Skt. yauvana+ā sufħx, f.], young damsel; nom. sin. indef., yovanak, 152; acc. pl. yovanun, 200.",paranavitana
OSi,,yovun,,,,"Sigiri PDF p. 466 (printed p. 458), column 1; OCR entry: yovun, var, of yovan [cf. Dhag. 92, Dhpr. 254], 478, 549; gen. pl., yovnan, 386.; auto-review: missing_gloss",paranavitana
OSi,,yohomu,a flowering plant (Skt. ati- ` mukta),,,"Sigiri PDF p. 466 (printed p. 458), column 1; OCR entry: yohomu, s. [Skt. śyãma+ka; cf. yohombu = P. Skt. mādhavī, Mbg. 75], a flowering plant (Skt. ati- ` mukta), 343.",paranavitana
OSi,,raka,"to guard, protect; gdv., rakaneya",,,"Sigiri PDF p. 466 (printed p. 458), column 1; OCR entry: raka, vb. [Skt. rakş; cf. raknā, ~ Dhpr. 127], to guard, protect; gdv., rakaneya, 88; nom. sin. of pr. pt. (inf.), rakne, 488.",paranavitana
OSi,,raùga,"to dance; Ist sin. pr., rañgami, 68r",,,"Sigiri PDF p. 466 (printed p. 458), column 1; OCR entry: raùga, vb. [Skt. vrañj, ramya; cf. rañgā, Ts., v. 79], to dance; Ist sin. pr., rañgami, 68r.",paranavitana
OSi,,raj,king,,,"Sigiri PDF p. 466 (printed p. 458), column 1; OCR entry: raj, s. [Skt. rājan; cf. Dhag. 189; e.f. raja, l.f. raj], king, 2, 194, 270, 344, 652. See raja—rajhu.",paranavitana
OSi,,raja,,,,"Sigiri PDF p. 466 (printed p. 458), column 1; OCR entry: raja, e.f. of raj [cf. Amv. 6], 16, 61, 206, 485, 514, 563, 620; acc. sin. indef., rajak [cf. Amv. 6), 51. See raja-ge—rajun.; auto-review: missing_gloss",paranavitana
OSi,,raja-ge,,,,"Sigiri PDF p. 466 (printed p. 458), column 1; OCR entry: raja-ge, cd., loc., -gehi [cf. Amv. 70], 63.; auto-review: missing_gloss",paranavitana
OSi,,raja-ved,,,,"Sigiri PDF p. 466 (printed p. 458), column 1; OCR entry: raja-ved, cd., 522.; auto-review: missing_gloss",paranavitana
OSi,,rajind,,,,"Sigiri PDF p. 466 (printed p. 458), column 1; OCR entry: rajind, cd. [raj or raja and ind], 631.; auto-review: missing_gloss",paranavitana
OSi,,raju,,,,"Sigiri PDF p. 466 (printed p. 458), column 1; OCR entry: raju, gen. sin. of raj or raja [cf. Amv. 62], 130, 205, 586.; auto-review: missing_gloss",paranavitana
OSi,,rajun,,,,"Sigiri PDF p. 466 (printed p. 458), column 1; OCR entry: rajun, gen. pl. (hon.) of raj or raja [cf. Amv. 91], 346, 652.; auto-review: missing_gloss",paranavitana
OSi,,rajū,"king’s daughter, princess",,,"Sigiri PDF p. 466 (printed p. 458), column 1; OCR entry: rajū, cd. [raj+dū (Skt. duhitr); cf. radūn, Sdsg. 104], king’s daughter, princess; gen. pl. (hon.), rajūn, 266.",paranavitana
OSi,,raj-pay,,,,"Sigiri PDF p. 466 (printed p. 458), column 1; OCR entry: -raj-pay, cd. [cf. raja-pã, Pv., T xxxiv, 40], 153.; auto-review: missing_gloss;low_ocr_confidence",paranavitana
OSi,,raj'hu,,,,"Sigiri PDF p. 466 (printed p. 458), column 1; OCR entry: raj'hu, gen. of raj [cf. rajahu, Sbl., v. 391], 417.; auto-review: missing_gloss",paranavitana
OSi,,raț,country,,,"Sigiri PDF p. 466 (printed p. 458), column 1; OCR entry: raț, s. [Skt. rãşțtra; cf. rața, Kskh. VII. 6], country; loc., rațä, 165; ? raț'hi, 62.",paranavitana
OSi,,raņdu,"flaw, finding of flaws, quarrel, insult",,,"Sigiri PDF p. 466 (printed p. 458), column 1; OCR entry: raņdu, s. [Skt. randhra; cf. mod. S. randu], flaw, finding of flaws, quarrel, insult, 282.",paranavitana
OSi,,rat,"red, red-",,,"Sigiri PDF p. 466 (printed p. 458), column 1; OCR entry: rat, a. [Skt. rakta; cf. Ksm., V. 46; mod. S. ratu; e.f. rata], red, red-",paranavitana
OSi,,rata,,,,"Sigiri PDF p. 466 (printed p. 458), column 2; OCR entry: rata, a., e.f. of rat |ci. Mav., v. 26|, 187, 223, 228, 317, 355, 377, 401, 661.; auto-review: missing_gloss",paranavitana
OSi,,rata-ata,,,,"Sigiri PDF p. 466 (printed p. 458), column 2; OCR entry: rata-ata, cd., 187; inst., -atani, 355; inst., -atina, 377, -atini, 223.; auto-review: missing_gloss",paranavitana
OSi,,rata-atla,,,,"Sigiri PDF p. 466 (printed p. 458), column 2; OCR entry: rata-atla, cd. [cf. rat-atul, Ksm., = v. 625), 216.; auto-review: missing_gloss",paranavitana
OSi,,ratzagure,,,,"Sigiri PDF p. 466 (printed p. 458), column 2; OCR entry: ratzagure, cd., loc., 341.; auto-review: missing_gloss",paranavitana
OSi,,ratzat or rat-at,,,,"Sigiri PDF p. 466 (printed p. 458), column 2; OCR entry: ratzat or rat-at, cd. [cf. Dhpr. 297], 13, 655; inst., ratzatani, 302; loc., rat-ata or -atä, 43, 218, 594, ratzatä, 654; inst., rat-atin, 353; ratzatini, 66r, ratzatni, 317, 401, 461.; auto-review: missing_gloss",paranavitana
OSi,,rata-mahanelahi,,,,"Sigiri PDF p. 466 (printed p. 458), column 2; OCR entry: rata-mahanelahi, cd., loc., 228.; auto-review: missing_gloss",paranavitana
OSi,,rat-āsni,,,,"Sigiri PDF p. 466 (printed p. 458), column 2; OCR entry: rat-äsni, cd., inst., 254. iS; auto-review: missing_gloss",paranavitana
OSi,,ratu,667. y,,,"Sigiri PDF p. 466 (printed p. 458), column 2; OCR entry: ratu, a., var. of rata [cf. Bs. 242 and mod. S.], 667. y",paranavitana
OSi,,rad,,,,"Sigiri PDF p. 466 (printed p. 458), column 2; OCR entry: rad, s., l.f. of raj [cf. EZ. I. 31], 44, 252. See rad'hu. r; auto-review: missing_gloss",paranavitana
OSi,,rada,"pr. pt. (a.), radana",,,"Sigiri PDF p. 466 (printed p. 458), column 2; OCR entry: rada, vb. [var. of randa, q.v.], pr. pt. (a.), radana, 490. See rädi, rädiviyä.",paranavitana
OSi,,rad'hu,sin. of rad,,,"Sigiri PDF p. 466 (printed p. 458), column 2; OCR entry: rad'hu, gen. sin. of rad, 28.",paranavitana
OSi,,ran’,forest,,,"Sigiri PDF p. 466 (printed p. 458), column 2; OCR entry: ran’, s, [Skt. aranya; cf. Sdsg. 104], forest, 63, 620. i",paranavitana
OSi,,ran,gold,,,"Sigiri PDF p. 466 (printed p. 458), column 2; OCR entry: ran?, s. [Skt. kiranya; cf. Dhag. 131 and e.f. rana], gold, 1, 2, 19, 89, 341, 392, 467, 537. See ranvan,",paranavitana
OSi,,rana,,,,"Sigiri PDF p. 466 (printed p. 458), column 2; OCR entry: rana, e.f. of ran [cf. Ts., v. 13], 201, 377; dat., ranațt, 6oọ. See rana-malīi, -monara, -vana, -hasu.; auto-review: missing_gloss",paranavitana
OSi,,rana-mali,,,,"Sigiri PDF p. 466 (printed p. 458), column 2; OCR entry: rana-mali, cd., rel. f., 209, 377-; auto-review: missing_gloss",paranavitana
OSi,,rana-monara,,,,"Sigiri PDF p. 466 (printed p. 458), column 2; OCR entry: rana-monara, cd., 336.; auto-review: missing_gloss",paranavitana
OSi,,rana-vana,,,,"Sigiri PDF p. 466 (printed p. 458), column 2; OCR entry: rana-vana, cd., (1) a., 202; (2) rel., golden-coloured one, 5, 31, 71, 85, 202, 289, 354, 399, 661, 672; acc. or gen. sin. indef., -vanaka, 139, 268; dat. sin., -vanața, 276; gen. or acc. pl., -vanan, 405, 469; dat. pl., -vananaț, 365; cd., acc. pl., -vanzabuna, 5; voc., -vanäna, 106; voc., -vanani, 128; voc., -vanina, 287; nom. pl., -vanu, 619, 635; gen. pl., -vanu, 120; acc. sin., -vanu, 558; acc. pl., -vanun, 371; gen. pl., -vanuna, 120, I6I1, 201, 366, 404, 600.; auto-review: missing_gloss",paranavitana
OSi,,ran!-asara,,,,"Sigiri PDF p. 466 (printed p. 458), column 2; OCR entry: ran!-asara, cd., 63.; auto-review: missing_gloss",paranavitana
OSi,,rana-hasu,,,,"Sigiri PDF p. 466 (printed p. 458), column 2; OCR entry: rana-hasu, cd. [cf. -kasa, Kskh., V. 21], 201. ‘; auto-review: missing_gloss",paranavitana
OSi,,randa,"to rejoice, charm, remain",,,"Sigiri PDF p. 466 (printed p. 458), column 2; OCR entry: randa, vb. [Skt. vrañj; var. rada; cf. randanā, Ksm., v. 52, and rändi, Sis., v. 25], to rejoice, charm, remain; gen. pl. of pr. pt. (rel.), randanayun, 431. See rändi, rändi, rende.",paranavitana
OSi,,ran-dam,,,,"Sigiri PDF p. 466 (printed p. 458), column 2; OCR entry: ran-dam, cd. [cf. _ran-damata, Dhpr. 297], 392.; auto-review: missing_gloss",paranavitana
OSi,,ran-mal,,,,"Sigiri PDF p. 466 (printed p. 458), column 2; OCR entry: ran-mal, cd., 502.; auto-review: missing_gloss;low_ocr_confidence",paranavitana
OSi,,ran-mali (ï),,,,"Sigiri PDF p. 466 (printed p. 458), column 2; OCR entry: ran-mali (ï), cd., 19, 89.; auto-review: missing_gloss",paranavitana
OSi,,ran-milās-li,,,,"Sigiri PDF p. 466 (printed p. 458), column 2; OCR entry: ran-miläs-li, cd., 537.; auto-review: missing_gloss",paranavitana
OSi,,ran-van,,,,"Sigiri PDF p. 466 (printed p. 458), column 2; OCR entry: ran-van?, cd., a. fcf. Amv. 159], 19, 121, 234, 401, 437. 431, 604, 666, 678 [22]; nom. sin., -vana, 334, 448, 497, 562, 641; acc. sin., -vana, 168, 381; nom. or acc. sin. indef., -vanak, 13, 110, 113, 167, 254, 296, 302, 327, 503; gen. sin. indef., -vanaka, 423; dat. sin., -vanaț, 381; gen. pl, -vanan, 358; -vananun, 422; nom. sin., -vVanā, 357; acc. pl., -vanän, 1, 2, 232, 470; VOC., -vanin, 292, 338, 385; nom. sin., -Vvanu, 194; nom. pl, -vanu, . 247, 300, 499, 635, 640, 653; acc. or gen. sin., -vanu, 203, 486, _ 651, 667; gen. pl., -vanun, 25, 6o, 117, 170, 227, 301, 391, 411, - 450, 512, 571, 671 [60].; auto-review: missing_gloss",paranavitana
OSi,,ramani (ī),attractive,,,"Sigiri PDF p. 466 (printed p. 458), column 3; OCR entry: ramani (ī), a. [Skt. ramanņīya, cf. = Dhpr. 135], attractive, 556, 590.",paranavitana
OSi,,rava,"to frown; abs., _ raya (with la)",,,"Sigiri PDF p. 466 (printed p. 458), column 3; OCR entry: rava, vb. [cs. of Skt. Vruh, to raise up; cf. ravãā, Vs., v. 200, and mod. > S. ravana-va], to frown; abs., _ raya (with la), 193, 211.",paranavitana
OSi,,rayal,hair,,,"Sigiri PDF p. 466 (printed p. 458), column 3; OCR entry: 'rayal, s. [Skt. väla > varal > raval; cf. mod. S, rävula, beard], hair, 296, 541; inst., ravalni, 680.",paranavitana
OSi,,rasa,"taste, aesthetic pleasure",,,"Sigiri PDF p. 466 (printed p. 458), column 3; OCR entry: rasa, s, [Skt. rasa; cf. Ksm., V. 2, Sbl., v. 25], taste, aesthetic pleasure, 164, 206, 356, 517, 556, 627, 657. See rese.",paranavitana
OSi,,rasa-ātiyavun,,,,"Sigiri PDF p. 466 (printed p. 458), column 3; OCR entry: rasa-ätiyavun, cd., rel., gen. pl., 164.; auto-review: missing_gloss",paranavitana
OSi,,rasani,style in hair-dressing,,,"Sigiri PDF p. 466 (printed p. 458), column 3; OCR entry: rasani, s. [Skt. racana], style in hair-dressing, 41.",paranavitana
OSi,,rasan,girdle,,,"Sigiri PDF p. 466 (printed p. 458), column 3; OCR entry: rasan?, s. [Skt. raśsanā; cf. Ksm., v. 425], girdle, 357; cd., -välä [cf. -väla, Dhpr. 300], 104.",paranavitana
OSi,,rasa-vadan,,,,"Sigiri PDF p. 466 (printed p. 458), column 3; OCR entry: rasa-vadan, cd., 657.; auto-review: missing_gloss",paranavitana
OSi,,rasāttak,,,,"Sigiri PDF p. 466 (printed p. 458), column 3; OCR entry: rasättak, cd. [rasa+ättak], 302, 380.; auto-review: missing_gloss",paranavitana
OSi,,rahas,,,,"Sigiri PDF p. 466 (printed p. 458), column 3; OCR entry: rahas, s., lf. of rahasa [cf. Svv. 4], 253; 265.; auto-review: missing_gloss",paranavitana
OSi,,rahasa,secret,,,"Sigiri PDF p. 466 (printed p. 458), column 3; OCR entry: rahasa, s. [Skt. rahasya; cf. Kskh. XIII. 13; l.f. rahas], secret, 136, 280, 634; dat., rahasațā, 65; inst, rahasani [cf. rahasin, Kskh. X. 43], 558; cd., rahasa-belum, 136; loc., rahasahi, 265.",paranavitana
OSi,,rahas-bālma,,,,"Sigiri PDF p. 466 (printed p. 458), column 3; OCR entry: rahas-bälma, cd., loc., -bälme, 253:; auto-review: missing_gloss",paranavitana
OSi,,rā,colour,,,"Sigiri PDF p. 466 (printed p. 458), column 3; OCR entry: rā, s. [Skt. rāga; cf. Rm., v. 668], colour, 113, 192, 415; cd., -gat, II3:; auto-review: low_ocr_confidence",paranavitana
OSi,,rādi,"of Ẹvrada, having remained",,,"Sigiri PDF p. 466 (printed p. 458), column 3; OCR entry: rädi, abs. of Ẹvrada, having remained, 424. rädiviyä, gdv. of vrada, 495.",paranavitana
OSi,,rāndil,of vranda,,,"Sigiri PDF p. 466 (printed p. 458), column 3; OCR entry: rändil, prt. of vranda, 525, 654.",paranavitana
OSi,,rāndi? (i),of vranda,,,"Sigiri PDF p. 466 (printed p. 458), column 3; OCR entry: rändi? (i), abs. of vranda, 572, 587räpä [ära+pä; cf. Kskh. VI, 18), exhibited, 9o.; auto-review: uncertain_glyph",paranavitana
OSi,,rāy,night,,,"Sigiri PDF p. 466 (printed p. 458), column 3; OCR entry: räy, s. [Skt. rātrī, P. ratti; cf. rä, Svu. 3, also in mod. S.], night, 148, 442, 567; nom, sin., räya, 595; räyu, 375. i",paranavitana
OSi,,rās,"466. loam ieg ruade on ETa aa N AA R R rijini, 3rd sin. p. ref. of vrije",,,"Sigiri PDF p. 466 (printed p. 458), column 3; OCR entry: räs, s, [Skt. raśmi; cf. Mdv., v. 17), rays, 582; inst, räsin, 122; räsni [cf. Sbl., v. 159], 466. loam ieg ruade on ETa aa N AA R R rijini, 3rd sin. p. ref. of vrije, 652.",paranavitana
OSi,,rijiyak,sin. indef. of riji,,,"Sigiri PDF p. 467 (printed p. 459), column 1; OCR entry: rijiyak, nom. sin. indef. of riji, 68.",paranavitana
OSi,,rije,cause pain,,,"Sigiri PDF p. 467 (printed p. 459), column 1; OCR entry: rije, vb., e.f. of ride [Skt. vruj; cf. rejeyi, Dhag. 162], cause pain. See rijini.",paranavitana
OSi,,ridi,[Skt. rajikā or rajakī,,,"Sigiri PDF p. 467 (printed p. 459), column 1; OCR entry: ridi, s. [Skt. rajikā or rajakī; cf. ridī-kal, Kskh. X. 22; mod. S. ridi-nända; e.f. riji}, washerwoman; nom: sin. indef., ridiyak, 410. s",paranavitana
OSi,,ride,,,,"Sigiri PDF p. 467 (printed p. 459), column 1; OCR entry: ride, vb., l.f. of vrije [cf. redeti, Jag. 12 and mod. $. ridenava], see redemin.; auto-review: missing_gloss",paranavitana
OSi,,risa,conceit,,,"Sigiri PDF p. 467 (printed p. 459), column 1; OCR entry: risa, s. [Skt. rşva; cf. mod. S. rissa], conceit, 466.",paranavitana
OSi,,risi,"wish, desire",,,"Sigiri PDF p. 467 (printed p. 459), column 1; OCR entry: risi, s., a. [Skt. ruci; cf. Svv. 57 Amv. 106], wish, desire, 45, 111, 156, 249, 264, 362, 400, 436, 500, 550, 625, 653 [46]; inst., risin [cf. Svv. 56], 140, 314; risina, 104; cd., adv., -Se [cf. Mdv., v: 149], 362, 420; cd., adv., -Sey, 203, 218, 249, 357, 401, 411, 436, 489, 577, 655, 664; cd., inst., adv., -seyini, 625; cd., adv., -van, 156, 550.",paranavitana
OSi,,ru,"form, beauty",,,"Sigiri PDF p. 467 (printed p. 459), column 1; OCR entry: ru, s. [Skt. rāpa; cf. Kskh. XIV. 2 and e.f. rū, Dhpr. 254], form, beauty, 204, 320, 517, 592. See ru-bar, ruvahi, and ru-sayara.",paranavitana
OSi,,rukura,"make, direct opt., rukurayu",,,"Sigiri PDF p. 467 (printed p. 459), column 1; OCR entry: rukura, vb. [Sdsg. 16 cites rukura as a nişpanna verbal root, ie. one not derived from Skt. or P. Ir Dhag. 85, rukuļu, prt. = P āraddha; ibid. go has rukulo foi P. patthapesur. Possibly derivec from Skt. aram + kr, witi semantic change], make, direct opt., rukurayu, 337; imp. rukuru-vanu, 320.",paranavitana
OSi,,rutu,menstrua period,,,"Sigiri PDF p. 467 (printed p. 459), column 1; OCR entry: rutu, s. [Skt. ytu], menstrua period, 251.",paranavitana
OSi,,rupu,enemy,,,"Sigiri PDF p. 467 (printed p. 459), column 1; OCR entry: rupu, s. [Skt. ripu; cf. Rm., v. 327] enemy, 44.",paranavitana
OSi,,ru-bar,,,,"Sigiri PDF p. 467 (printed p. 459), column 1; OCR entry: ru-bar, cd., inst., -barni, 592.; auto-review: missing_gloss",paranavitana
OSi,,ruvahi,of ru,,,"Sigiri PDF p. 467 (printed p. 459), column 1; OCR entry: ruvahi, loc. of ru, 540.",paranavitana
OSi,,rust,trèe,,,"Sigiri PDF p. 467 (printed p. 459), column 1; OCR entry: rust, s. [Skt. vrkşa], trèe, 349.",paranavitana
OSi,,rus,"to be pleased with long for, desire",,,"Sigiri PDF p. 467 (printed p. 459), column 1; OCR entry: rus?, vb. [Skt. vruc; cf. mod, S russanava], to be pleased with long for, desire.. See rusnā.",paranavitana
OSi,,ru-sayara,"inst., -sayarena",,,"Sigiri PDF p. 467 (printed p. 459), column 1; OCR entry: ru-sayara, cd. [cf. rū-sayura, Ksm v. 215], inst., -sayarena, 630.",paranavitana
OSi,,ru-siru,beauty,,,"Sigiri PDF p. 467 (printed p. 459), column 1; OCR entry: ru-siru, cd. of ru and siri, q.v. © rusiru [der. of Skt. rucira; c Dhag. 267], beauty, 308. rusnā, pr. pt: (a.) of vrusi [cf. nc rūsnā, Svu. 51, and mod. $ nurussanā], 112, 126, 179, 25: 269, 306, 308, 586; acc. sin. inde (rel.), rusnāk, 242. ' 3",paranavitana
OSi,,rejana,[Skt. rājini,,,"Sigiri PDF p. 467 (printed p. 459), column 1; OCR entry: rejana, s. [Skt. rājini; cf. räjna, Ei II. 128), queen, 504. Mha aS Mi ref, of vride, 684. byna rende, 3rd sin: pr: ref. of vrand: Er Joou ALEAT jy; auto-review: low_ocr_confidence",paranavitana
OSi,,TES repe,,,,"Sigiri PDF p. 467 (printed p. 459), column 1; OCR entry: TES repe, e.f. of räpä, q.y., 286. r; auto-review: missing_gloss",paranavitana
OSi,,la,"to place, to give out, utter",,,"Sigiri PDF p. 467 (printed p. 459), column 2; OCR entry: la!, vb. [Skt. vlā; cf. lana, Kup. 6, and mod. S. lanava; forms of this vb. are often found as auxiliaries after abs. forms], to place, to give out, utter. See la?, lan—lanne, lami, layt, lay*, laya®—laygan, lavay, li?, lina, liyi’, 11°.",paranavitana
OSi,,la,,,,"Sigiri PDF p. 467 (printed p. 459), column 2; OCR entry: la?, abs. of Vilat, e.f. 1ā, (1) in own meaning, 88, 115, 159, 178, 475; 486; (2) as aux. after abs. [cf. Intr., §492], 15, 41, 193, 219, 509-; auto-review: missing_gloss",paranavitana
OSi,,la,"so said, 197lat, 3rd sin. pr. of vla! [cf. lā, Svv. 6], 595-",,,"Sigiri PDF p. 467 (printed p. 459), column 2; OCR entry: la, indec. [Skt. kila; cf. Rm., v. 680, Bs. 13], so said, 197lat, 3rd sin. pr. of vla! [cf. lā, Svv. 6], 595-",paranavitana
OSi,,lak,,,,"Sigiri PDF p. 467 (printed p. 459), column 2; OCR entry: lak, s. [Skt. /aksya; cf. Ksm., v. 154], 291, 364, 613.; auto-review: missing_gloss",paranavitana
OSi,,lakun,"ļ, characteristic",,,"Sigiri PDF p. 467 (printed p. 459), column 2; OCR entry: lakun, s. [Skt. lakşana, P. lakkhana; cf. Dhag. 132 and mod. S. lakunu]ļ, characteristic, 118.",paranavitana
OSi,,lagat,"attached, near",,,"Sigiri PDF p. 467 (printed p. 459), column 2; OCR entry: lagat, a. [Skt. lagna; cf. Ksm., V. 561], attached, near, 74, 188, 363- See also laga.",paranavitana
OSi,,laga,"to adhere, attach, See lägi",,,"Sigiri PDF p. 467 (printed p. 459), column 2; OCR entry: laga, vb. [Skt. vlag], to adhere, attach, See lägi.",paranavitana
OSi,,lajuyū,"pl. of laja (rel.), var. of lada [cf. laju, Dhag. 36), through *lajuyuhu",,,"Sigiri PDF p. 467 (printed p. 459), column 2; OCR entry: lajuyū, nom. pl. of laja (rel.), var. of lada [cf. laju, Dhag. 36), through *lajuyuhu, 319.",paranavitana
OSi,,lati,"creeper; cd., -g0la",,,"Sigiri PDF p. 467 (printed p. 459), column 2; OCR entry: lati, s. [Skt. yaşți, P. latthi], creeper; cd., -g0la, 105.; auto-review: low_ocr_confidence",paranavitana
OSi,,lati,received,,,"Sigiri PDF p. 467 (printed p. 459), column 2; OCR entry: lati, prt, of vlaba, e.f. lata, lada, lad [Skt. labdha; cf. Kskh. V. 49], received, 370, 440, 460, 536.",paranavitana
OSi,,lat,"of ~vlat, in udu-huru lat",,,"Sigiri PDF p. 467 (printed p. 459), column 2; OCR entry: lat?, cond. of ~vlat, in udu-huru lat, 342.",paranavitana
OSi,,latat,,,,"Sigiri PDF p. 467 (printed p. 459), column 2; OCR entry: latat, e.f. of lat!, 293, 397.; auto-review: missing_gloss",paranavitana
OSi,,lata,"of vla! [cf. Sdsg. 111), aux, with bäņä",,,"Sigiri PDF p. 467 (printed p. 459), column 2; OCR entry: lata?, cond. of vla! [cf. Sdsg. 111), aux, with bäņä, 193, 641.",paranavitana
OSi,,lad,,,,"Sigiri PDF p. 467 (printed p. 459), column 2; OCR entry: lad, prt. of vlaba, e.f. of lat! [cf. Dhag. 191, Amv. 9], 1, 94, 122, 190, 330, 464, 470, 477; 597, 609.; auto-review: missing_gloss",paranavitana
OSi,,lada,(1) obtained,,,"Sigiri PDF p. 467 (printed p. 459), column 2; OCR entry: lada, e.f. of lad, var. ladu [cf. Dhpr. 233], (1) obtained, 91, 149, 180, 217, 332, 387, 465, 512, 527» 597, 641, 66o [21]; (2) in periphrastic passive, 423, 643. See laddan—laddiya. ladamo [lada and mo], rst pl. pof ~laba, 66r.",paranavitana
OSi,,lada hotin,,,,"Sigiri PDF p. 467 (printed p. 459), column 2; OCR entry: lada hotin, cond. of vlaba [Intr., §§ 473 et seq.], 491.; auto-review: missing_gloss",paranavitana
OSi,,ladin,"1st sin. p, of ylaba [cf. Amv. 85]",,,"Sigiri PDF p. 467 (printed p. 459), column 2; OCR entry: ladin, abs. of vlaba [Intr., §§ 473 et seq. ; cf. Dhag. 42, Dhpr. 115), 649, 670. ladimi [lada and mi], 1st sin. p, of ylaba [cf. Amv. 85], 435.",paranavitana
OSi,,ladu,,,,"Sigiri PDF p. 467 (printed p. 459), column 2; OCR entry: ladu, var. of lada [cf. Dhag: 194],; auto-review: missing_gloss",paranavitana
OSi,,laddan,"159 P j ą anne?, imp. of vilat",,,"Sigiri PDF p. 467 (printed p. 459), column 2; OCR entry: laddan, gen. pl. of lada (rel.) [cf. Dhag. Soat R E å EOAR pa o ME a Ea = Dhpr. 199), 271, 668: lan, imp. of aA th abs., 52 lana, pr. pt. (a.) of vla? [cf. Dhpr 222], 159 P j ą anne?, imp. of vilat, 219.; auto-review: low_ocr_confidence",paranavitana
OSi,,apa,[Skt. lava,,,"Sigiri PDF p. 467 (printed p. 459), column 3; OCR entry: apa, s. [Skt. lava; cf. Sls., v. 3l, spot, blemish, 135-",paranavitana
OSi,,aba,"-to get, obtain, receive",,,"Sigiri PDF p. 467 (printed p. 459), column 3; OCR entry: aba, vb. [Skt. vlabh; cf. labana, Ts., v. 2, and mod. S. labanava], -to get, obtain, receive; nom., sin. of pr. pt. (inf.), labane, 489; nom. sin. of pr. pt. (rel), 472; abs., labay, 262; labaya (in periphrastic passive), 342. See also lati, läbä—läbu. ENF",paranavitana
OSi,,abu,pansing down,,,"Sigiri PDF p. 467 (printed p. 459), column 3; OCR entry: abu, a. [Skt. lambita], pansing down, 331, 360, 365- p3; auto-review: low_ocr_confidence",paranavitana
OSi,,labu,flowering branch,,,"Sigiri PDF p. 467 (printed p. 459), column 3; OCR entry: labu?, s. [Skt. lambaka], flowering branch. See labuyaț and labuyuk.",paranavitana
OSi,,labu’,bottle-gourd,,,"Sigiri PDF p. 467 (printed p. 459), column 3; OCR entry: labu’, s. [P. alābu; same in mod. S.], bottle-gourd, 373 (in cd., labupaluțaka).; auto-review: low_ocr_confidence",paranavitana
OSi,,labu-tirīyen,,,,"Sigiri PDF p. 467 (printed p. 459), column 3; OCR entry: labu-tirīyen, cd., labu!-++utirīya, inst., 365-; auto-review: missing_gloss",paranavitana
OSi,,labuyaț,"of labu?, 337-",,,"Sigiri PDF p. 467 (printed p. 459), column 3; OCR entry: labuyaț, dat. of labu?, 337-",paranavitana
OSi,,labuyatța,"of labut, downwards, 355-",,,"Sigiri PDF p. 467 (printed p. 459), column 3; OCR entry: labuyatța, dat. of labut, downwards, 355-",paranavitana
OSi,,labuyuk,indef. of labu?,,,"Sigiri PDF p. 467 (printed p. 459), column 3; OCR entry: labuyuk, acc. indef. of labu?, 359. lami, rst sin. pr. of vilat, aux. with abs., 293.",paranavitana
OSi,,lamu,,,,"Sigiri PDF p. 467 (printed p. 459), column 3; OCR entry: lamu, var. of labu? [cf, lamu = P. okāra, Dhag. 33, and no-lamu = P. anoma, Dhag. 135], 394, 475» 541.; auto-review: missing_gloss",paranavitana
OSi,,llambu,,,,"Sigiri PDF p. 467 (printed p. 459), column 3; OCR entry: llambu, var. of labu and lamu, 354, 380.; auto-review: missing_gloss",paranavitana
OSi,,layt,scribe,,,"Sigiri PDF p. 467 (printed p. 459), column 3; OCR entry: layt, abs. of vlat, (1) postposition after abs., ‘44; (2) postposition after loc., 385; (3) having spent (davas lay), 418. lay?, 3rd sin. pr. of Vlaž, places,, brings, 113, 122. layat}, s. [Skt. lekhaka, 1f. 1e°], scribe, 19.",paranavitana
OSi,,laya,"casts, puts, utters",,,"Sigiri PDF p. 467 (printed p. 459), column 3; OCR entry: laya?, abs. of vla? (r) having cast, 243; (2) postposition after abs. of another root, 502. layit, 3rd sin. pr. of Vla? [cf. Dhag. 4], casts, puts, utters, 194, 222, 234, 322, 465-",paranavitana
OSi,,layi,indeed,,,"Sigiri PDF p. 467 (printed p. 459), column 3; OCR entry: layi?, var. of layt, (1) having cast, 24; (2) aux. after abs., 442, 672; ~ (3) postposition before loc., 571- _Jlayimo, īst pl. pr. of ~lat, aux. in giyi-layimo, 210. E3 layu; indec. [Skt. khalu; cf. lav = P. vata, Dhag. 83], indeed, 17; 76, 106, 139, 148, 150, 154, T 2I, 236, 300, 315, 353, 376; 402, 465» 613, 625. ; lay! gan, comp. vb, ref, f layt, lay gannā, 306; lay genä, 312.",paranavitana
OSi,,lavan,"[Skt. lapana ; of, Ksm.y v",,,"Sigiri PDF p. 467 (printed p. 459), column 3; OCR entry: lavan, s. [Skt. lapana ; of, Ksm.y v.",paranavitana
OSi,,davay,,,,"Sigiri PDF p. 467 (printed p. 459), column 3; OCR entry: davay, abs. cs: of Vla; postposition after agent of cs. verb [cf. Sdsg. 149], 615. À; auto-review: missing_gloss",paranavitana
OSi,,las,"[Skt. ālasya; e.f. lasa, cf. las =P. papañca, Dhag. 13), slowness, caution, 93: yá “a L]",,,"Sigiri PDF p. 467 (printed p. 459), column 3; OCR entry: las, s. [Skt. ālasya; e.f. lasa, cf. las =P. papañca, Dhag. 13), slowness, caution, 93: yá “a L]; auto-review: low_ocr_confidence",paranavitana
OSi,,Jā,,,,"Sigiri PDF p. 468 (printed p. 460), column 1; OCR entry: Jā, abs of ~via! (g Gay n meant REC Piny SPSI NIA. Piar C3 501; (z ‘aux, after abs. of; auto-review: missing_gloss;low_ocr_confidence",paranavitana
OSi,,Tāgi,hay become,,,"Sigiri PDF p. 468 (printed p. 460), column 1; OCR entry: ` Tägi, prt. of vlaga [Skt, lagita), .- — adhērėd, entangled, 281, lädi [lädi = Skt. labdhi + vī, lit. having acquired and consequently developed attachment; attached, 306. Hike cf. Hs., v. 5], hay become",paranavitana
OSi,,lābā,672. maar of läbi,,,"Sigiri PDF p. 468 (printed p. 460), column 1; OCR entry: läbä, abs. of vlaba [cf. Ksm., v. 113], 672. maar of läbi, 441; nom. sin.",paranavitana
OSi,,lābi,of vVlaba,,,"Sigiri PDF p. 468 (printed p. 460), column 1; OCR entry: läbi, prt. of vVlaba, 68, 559. rel.), ibuye, 342.; auto-review: low_ocr_confidence",paranavitana
OSi,,lāsi,wished for,,,"Sigiri PDF p. 468 (printed p. 460), column 1; OCR entry: läsi, a. [Skt. lasita], wished for, 369.",paranavitana
OSi,,lāsi,"slowness; läsigan, to tarry, -gat, 68o",,,"Sigiri PDF p. 468 (printed p. 460), column 1; OCR entry: läsi?, s. [Skt. /äsya or ālasya; cf. Dhag. 123], slowness; läsigan, to tarry, -gat, 68o.",paranavitana
OSi,,lit,,,,"Sigiri PDF p. 468 (printed p. 460), column 1; OCR entry: lit, s., l.f. of liya, q.v., damsel, 80, I21, 171, 187, 222, 234, 258, 280, 370, 385, 467, 537-; auto-review: missing_gloss",paranavitana
OSi,,li,"of vla!, aux. after abs., kiya-li",,,"Sigiri PDF p. 468 (printed p. 460), column 1; OCR entry: li?, prt. of vla!, aux. after abs., kiya-li, 85.",paranavitana
OSi,,lina,"ref, of vlat, given",,,"Sigiri PDF p. 468 (printed p. 460), column 1; OCR entry: lina, prt. ref, of vlat, given, 103.",paranavitana
OSi,,limi,"to write, paint",,,"Sigiri PDF p. 468 (printed p. 460), column 1; OCR entry: ‘limi, var. of līmi, q.v., 307, 508. A, [Skt. [likh; cf. liyana, wi l XV. 22, and mod, S. liyanava and liyannata da hevat = andanaja da, Jag. 41], to write, paint. See liya’*—liyit, liyimi, liyu, livi, H’—livo.",paranavitana
OSi,,liya,"(1) creeper d[cf. Ksm., v. 459, Svu. 3]",,,"Sigiri PDF p. 468 (printed p. 460), column 1; OCR entry: liya?, s., f. [Skt. Jatāã], (1) creeper d[cf. Ksm., v. 459, Svu. 3], 192 (vij-liya, lightning); gen. sin. indef., liyak, 546; (2) slender",paranavitana
OSi,,woman,,,,"Sigiri PDF p. 468 (printed p. 460), column 1; OCR entry: ` woman, a young damsel [cf. ""Kskh. X. 93], 232, 233, 243, 377; 379, 679; nom. sin. indef., liyak [cf. Kskh. VI. 53], 350, 358, 359, 442; gen. sin., indef., liyaka, 223; gen. sin., liyan, 123, 213; gen. pl., liyayuna, 382.; auto-review: missing_gloss",paranavitana
OSi,,liya,to loosen,,,"Sigiri PDF p. 468 (printed p. 460), column 1; OCR entry: liya?, vb. [Skt. vślath; cf. mod. S. lihana-va], to loosen. See liyuna. liyat, 1.f. of liyā, see liya piye. liyanney, gdv. of vliya?, 245, 246. liya-piye, com. vb., liya*and piye, 543liyavanne, cs. gdv. of ~vliya?, 339. liyavay, cs. ab. of ~liya!, having painted, 559-",paranavitana
OSi,,liyā,355; liyā liyi,,,"Sigiri PDF p. 468 (printed p. 460), column 1; OCR entry: liyā, abs. of ~liya!; in comp. vb., liyā da la [cf. mod. S. liyã dā la; Intr., § 501], 355; liyā liyi. See liyi’, 425. i liyi}, prt. of vliya!, e.f. of lī, 345, 630. liyi? 3rd sin. p. of Vlat, placed, left, liyā liyi, lit. having written, ""left iù, 425liyimi, 3rd sin. p. of vliya! [liyit and mij], ¢.f. of līmi, q.v., 275-",paranavitana
OSi,,liyu (ū),of vliya',,,"Sigiri PDF p. 468 (printed p. 460), column 1; OCR entry: liyu (ū), prt. of vliya', 5, 122, 522, 543, 652.",paranavitana
OSi,,liyuna,of vliya?,,,"Sigiri PDF p. 468 (printed p. 460), column 1; OCR entry: liyuna, prt. of vliya?, 355. JES, 401; CaA., HVI=-S4, 500.; auto-review: low_ocr_confidence",paranavitana
OSi,,liven,of lī or livi (inf.),,,"Sigiri PDF p. 468 (printed p. 460), column 2; OCR entry: liven, inst. of lī or livi (inf.), 204. li}, l.f. of liya, damsel, 19, 73, 202, 207, 209, 340, 365, 430, 524, 564, 568, 6o00, 667, 672. "" li?, 3rd sin. p. of vla?, aux, after abs., 232, 352, 427, 428, 430, 537, 641. na",paranavitana
OSi,,li,"(1) a., I1",,,"Sigiri PDF p. 468 (printed p. 460), column 2; OCR entry: li, prt. of vliya! [Skt. Hkhita > *liyita > *liyiyi > līyi > liyi >l; cf. Bga. 612], (1) a., I1, 10, 35, 287, 293, 336, 372, 392, 396, 418, 460, 489, 511, 525, 599, 608, 667; (2) pred., 290, 343, 492, 495; 524. See limi—livo. E iA i litim, līitmi, e.f. of līmi [#liyita > liti and mi or m], 3rd sin. p. of yliyat, 92, 94, 138 (lītim), 146, 160, 285, 502, 624, 679. līmi [lī and mi], rst sin. p. of vliya!, 4, 96, 113, 170, 226, 245, 283, 334, 410, 461, 540,: 650 [o8]. ERAR limo [li and mo], rst pl. p: of Jliyas abn ara s re I",paranavitana
OSi,,līyi,,,,"Sigiri PDF p. 468 (printed p. 460), column 2; OCR entry: līyi, e.f. of lī, q.v., 520. PE; auto-review: missing_gloss",paranavitana
OSi,,liye,sin.-of li (inf.),,,"Sigiri PDF p. 468 (printed p. 460), column 2; OCR entry: liye, nom. sin.-of li (inf.), 495 livo, 3rd pl. p. of Vliyat, i.e. nom. pl. of li (rel.), 558.",paranavitana
OSi,,lu,,,,"Sigiri PDF p. 468 (printed p. 460), column 2; OCR entry: lu!, indec. [Skt. khalu; cf. Ksm., V. 160], 264, 445, 446. =»; auto-review: missing_gloss",paranavitana
OSi,,lu,"put, cast, directed",,,"Sigiri PDF p. 468 (printed p. 460), column 2; OCR entry: lu?, prt. of vlat, e.f. 1ū; (1) placed, put, 3, 326, 358, 415, 432; (2) aux., 349, 473, 500. 1ŭ, e.f. of lu? [cf. Ksm., v. 518], put, cast, directed, 25, 110, 229, 252, 262, 327.",paranavitana
OSi,,let,red,,,"Sigiri PDF p. 468 (printed p. 460), column 2; OCR entry: let, a. [Skt. lohita; cf. le, Dhag. 218], red. See le-vana. n",paranavitana
OSi,,le,[Skt. lekhaka,,,"Sigiri PDF p. 468 (printed p. 460), column 2; OCR entry: le?, s. [Skt. lekhaka; cf. EZ. 1. 88), scribe, 463. See le-daru.",paranavitana
OSi,,led,"stone, seed",,,"Sigiri PDF p. 468 (printed p. 460), column 2; OCR entry: led, s. [Skt. loştra, P. leddu; cf. ledu-pā = P. leddu-pãta, Svu. 67, e.f. leda], stone, seed, 103, 331.",paranavitana
OSi,,leda,,,,"Sigiri PDF p. 468 (printed p. 460), column 2; OCR entry: leda, e.f. of led, 383.; auto-review: missing_gloss",paranavitana
OSi,,leņāsi,gazelle-eyed one,,,"Sigiri PDF p. 468 (printed p. 460), column 2; OCR entry: leņäsi, cd, [leņa+äsi; le = Skt. lohita, ‘species of deer’; for pa, see Intr., § 393], gazelle-eyed one, 131, 152",paranavitana
OSi,,leda,"as, in the manner of",,,"Sigiri PDF p. 468 (printed p. 460), column 2; OCR entry: leda, indec. [Skt. leśa; cf. Kskh. X. 142], as, in the manner of, 33.",paranavitana
OSi,,le-daru,scribe,,,"Sigiri PDF p. 468 (printed p. 460), column 2; OCR entry: le-daru, cd., l.f. of ley-daru ; daru used in same manner as putta in P. gahapati-putta; cf. le-daruvak, EZ. 1. 111], scribe, 560.",paranavitana
OSi,,ley,"writing, painting, scribe",,,"Sigiri PDF p. 468 (printed p. 460), column 2; OCR entry: ley, s. [Skt. lekka and lekhaka; 1.f. le], writing, painting, scribe, 46; cd., ley-daru, yar. of le-daru, 119, 320.",paranavitana
OSi,,lela,dangling,,,"Sigiri PDF p. 468 (printed p. 460), column 2; OCR entry: lela, a. [Skt. Zola; cf. Gk., v. 74], dangling, 287.",paranavitana
OSi,,let-vana,,,,"Sigiri PDF p. 468 (printed p. 460), column 2; OCR entry: let-vana, cd. [cf. le-van, Kskh. VIL 36], 366.; auto-review: missing_gloss",paranavitana
OSi,,lesa,manner,,,"Sigiri PDF p. 468 (printed p. 460), column 2; OCR entry: lesa, s, [Skt. leśa; cf. Bs: 59], manner, 74, 131; var. lesi [cf. Kskh. X. 105], 157, 455, 485; inst., lesin [cf. Svv, 34], 516, 574, 6743 lesina, 490. v miturut, as. 4, aNd tO, VEGU., V. 5), world, 277, 500, 505, 508.",paranavitana
OSi,,loba,"to desire, entice; pr. pt. cs; a., lobanā",,,"Sigiri PDF p. 468 (printed p. 460), column 3; OCR entry: loba, vb. [Skt. lubh; cf. lobana, ' Sdsg. 167], to desire, entice; pr. pt. cs; a., lobanā, 233.",paranavitana
OSi,,lom,[Skt. loma,,,"Sigiri PDF p. 468 (printed p. 460), column 3; OCR entry: lom, s. [Skt. loma; cf. Rm.; v. 289],",paranavitana
OSi,,hair of the body,,,,"Sigiri PDF p. 468 (printed p. 460), column 3; OCR entry: hair of the body, cd., lom-udaha [cf. Dhpr. 227], 69, 256.; auto-review: missing_gloss",paranavitana
OSi,,loyu,world,,,"Sigiri PDF p. 468 (printed p. 460), column 3; OCR entry: loyu, s. [Skt. Joka; see lo, cf. loy, EZ. 1. 220], world, 73.",paranavitana
OSi,,lolupa,eager desire,,,"Sigiri PDF p. 468 (printed p. 460), column 3; OCR entry: lolupa, s., a. [Skt. Zolupa; cf. lolup, - Vs. L 254], eager desire, 397.",paranavitana
OSi,,lovo,,,,"Sigiri PDF p. 468 (printed p. 460), column 3; OCR entry: lovo, s., e.f. of lo, q.v., 61. lol, lola [Skt, Zola; cf. Dhag. 162), greedy, 447, 582. vat, 3rd sin. pr. of vvet, var. of ve? [cf. va in kaļā va, vusuvā va, &c., Dhpr. 316, and va in yana va, karana va, &c., in mod. S.], 85, 213, 258, 266, 287, 495. va’, imp. of vvet, 204, 525.; auto-review: missing_gloss",paranavitana
OSi,,va,"of vvel, var. of Vvä?",,,"Sigiri PDF p. 468 (printed p. 460), column 3; OCR entry: va, abs. of vvel, var. of Vvä?, 133, 500.",paranavitana
OSi,,vagura,"to pour, - drop, or fall down",,,"Sigiri PDF p. 468 (printed p. 460), column 3; OCR entry: vagura, vb. [Skt. ava-vkr; cf. vagurana, Kskh. IV. 16], to pour, - drop, or fall down. See vagula.",paranavitana
OSi,,vagula,,,,"Sigiri PDF p. 468 (printed p. 460), column 3; OCR entry: vagula, prt. of Vvagura, nom. sin. (rel.) and mi, i.e. 3rd sin. p. of vagulemi, 249; nom. pl. (rel.), vagulo [cf. Amv. 146], 309.; auto-review: missing_gloss",paranavitana
OSi,,vaja,to reject,,,"Sigiri PDF p. 468 (printed p. 460), column 3; OCR entry: vaja!, vb. [Skt. vorj], to reject. See vajanneyi. vaja? vb. [Skt. abhi-vdhā; cf. vajana, Dhag. 173, and mod. S. vadina va], to bring upon. See väja.",paranavitana
OSi,,vajan,in one turn,,,"Sigiri PDF p. 468 (printed p. 460), column 3; OCR entry: vajan, s. [Skt. vacana; cf. Dhpr. 299], word, 14, 155, 449, 469, 479, 514; nom. sin. indef., vajanak, 559, 647. vajanneyi, gdv. of vvaja, 64. xyaț, vațat, s. a. [Skt. urtta; P. vatta; cf- vata, Kup. 11], round, 210; loc., vata (eka-vața, ‘in one turn’, i.e. at once), 23; loc., vațä, around, 320, 335; cd., Vațkanda, 216.",paranavitana
OSi,,vața,to fall down,,,"Sigiri PDF p. 468 (printed p. 460), column 3; OCR entry: vața?, vb. [Skt. sbhrams, prt. bhraşta], to fall down. See väți.*",paranavitana
OSi,,vața,"to take place, maintain., See väțiř, vätli",,,"Sigiri PDF p. 468 (printed p. 460), column 3; OCR entry: vața®, vb. [Skt. vwrt], to take place, maintain., See väțiř, vätli.; auto-review: low_ocr_confidence",paranavitana
OSi,,vațu,sce at-vațu,,,"Sigiri PDF p. 468 (printed p. 460), column 3; OCR entry: vațu, s. [Skt. vartaka], sce at-vațu.",paranavitana
OSi,,vada,"3rd sin. pr., vadayi, (1) brings, casts",,,"Sigiri PDF p. 468 (printed p. 460), column 3; OCR entry: vada, vb. [Skt. vurdh; mod. S. vadana-va], 3rd sin. pr., vadayi, (1) brings, casts, 374; (2) increases [cf. Amv. 135], 517. See also vädi. vatt [va and t], even though, 19, 262.",paranavitana
OSi,,vat,of Vve! [cf. Dhpr. 276),,,"Sigiri PDF p. 468 (printed p. 460), column 3; OCR entry: vat?, cond. of Vve! [cf. Dhpr. 276), 465, 532, 602.",paranavitana
OSi,,vat,face,,,"Sigiri PDF p. 468 (printed p. 460), column 3; OCR entry: vat?, s. [Skt. vaktra; cf. Rm, vV. 284], face, 340. -vatt, suffix meaning possessed of. See la-vat.",paranavitana
OSi,,vata,598. me MaA t RO A AEA AA A RA,,,"Sigiri PDF p. 468 (printed p. 460), column 3; OCR entry: vata!, s., var. of vat? [cf. Ksm., V- 245], 598. me MaA t RO A AEA AA A RA; auto-review: low_ocr_confidence",paranavitana
OSi,,vatan,"conduct, behaviour",,,"Sigiri PDF p. 469 (printed p. 461), column 1; OCR entry: vatan, s. [Skt. varttana], conduct, behaviour, 154.",paranavitana
OSi,,vatu,"dwelling, garden (in place-names)",,,"Sigiri PDF p. 469 (printed p. 461), column 1; OCR entry: vatu, s. [Skt. vāstu; cf. Kup. 111], dwelling, garden (in place-names), 6, 715387, 461",paranavitana
OSi,,vadan,,,,"Sigiri PDF p. 469 (printed p. 461), column 1; OCR entry: vadan, s., l.f, of vajan, q.v. [cf. Ksm., v. 125, and e.f. vadan], 33, 282, 575, 633; 657, 667.; auto-review: missing_gloss",paranavitana
OSi,,vadana,,,,"Sigiri PDF p. 469 (printed p. 461), column 1; OCR entry: vadana, e.f. of vadan [cf. Ksm., v- 37], 187.; auto-review: missing_gloss",paranavitana
OSi,,vadā,fault,,,"Sigiri PDF p. 469 (printed p. 461), column 1; OCR entry: vadä, s. [Skt. avađdya], fault, 312.",paranavitana
OSi,,vadi,,,,"Sigiri PDF p. 469 (printed p. 461), column 1; OCR entry: vadi, vb., l.f. of vaja, q.v. See vädä, väddä.; auto-review: missing_gloss",paranavitana
OSi,,vani,colour,,,"Sigiri PDF p. 469 (printed p. 461), column 1; OCR entry: vani, s. [Skt. varnna; e.f. vana, cf. Gk., v. 69], colour, 5, 13, 170, 196, 232, 378, 617. See ran-van and mahanel-vyan, vanän, vanin— vanini.",paranavitana
OSi,,van,comparable to,,,"Sigiri PDF p. 469 (printed p. 461), column 1; OCR entry: van?, s. [same der. as vant, but with secondary meaning ; cf. Ksm., v. 22], appearance, manner; often used as particle, ‘comparable to’; 42, 90, 133, 192, 235, 349, 441, 461, 550, 561, 648 [31].",paranavitana
OSi,,van,"entered, arrived, begun",,,"Sigiri PDF p. 469 (printed p. 461), column 1; OCR entry: van?, a, [Skt. ãpanna; cf, Ksm., V. 472, Dhpr. 283], entered, arrived, begun, 433, 477, 568, 620. See vani, vanna. vanś, imp. of vvet, Lf. of vana’, 12. 35, 75, 304, 373, 464, 534, 561.",paranavitana
OSi,,vanat,"~ forest, assemblage, . cluster",,,"Sigiri PDF p. 469 (printed p. 461), column 1; OCR entry: vanat, s. [Skt. vana; cf. Mdv. 152] ~ forest, assemblage, . cluster, 159 187 (in place-name), 336, 360, 390 408, 477; 573» 580, 582 (cluster) 591. See vane, vene, venehi.",paranavitana
OSi,,vana,,,,"Sigiri PDF p. 469 (printed p. 461), column 1; OCR entry: vana?, e.f. of van!, in ċcompound: rana-vana and mahanel-vana; auto-review: missing_gloss",paranavitana
OSi,,vanat,"sepå rated, See vana-vū. vana’, pr. pt. (a.) of vve? [cf. Dhpi 296]",,,"Sigiri PDF p. 469 (printed p. 461), column 1; OCR entry: vanat, e.f. of vanĉ, (1) manner, 268 381, 525; (2) comparable to, like 24, 201, 280, 330, 357, 383vanat, a- [Skt. vinã; cf. vana-sevu = viraha-śoka, Ksm., v. 331], sepå rated, See vana-vū. vana’, pr. pt. (a.) of vve? [cf. Dhpi 296], 5, 62, 209, 271, 364, 386 415, 440, 530, 553, 590, 673. Se vanak, vana-lada, vanā, vanu vane, vano vannaț—vanne-mi vanneyin—vanno. vana’, imp. of vvet, e.f. of vanř, 9¢",paranavitana
OSi,,vana’,"to describe 3rd sin. pr, vana [vanayi > *vanaya > vanā > vana",,,"Sigiri PDF p. 469 (printed p. 461), column 1; OCR entry: vana’, vb. [Skt. vvarn], to describe 3rd sin. pr, vana [vanayi > *vanaya > vanā > vana; cf, vani Ksm., v. 240], 161.",paranavitana
OSi,,vana!-ature,,,,"Sigiri PDF p. 469 (printed p. 461), column 1; OCR entry: vana!-ature, cd., loc., 573»; auto-review: missing_gloss",paranavitana
OSi,,vanaki,"sin. indef. of van"" c vana?, last member of rel. cd 112. Ai",,,"Sigiri PDF p. 469 (printed p. 461), column 1; OCR entry: vanaki, nom. sin. indef. of van"" c vana?, last member of rel. cd 112. Ai; auto-review: low_ocr_confidence",paranavitana
OSi,,vanak,"should, or will, bi conden nE AE y A E vana?-bāva, „ inst., -bävin",,,"Sigiri PDF p. 469 (printed p. 461), column 1; OCR entry: vanak?, nom. sin. indef. of vaną (rel.), ‘that which becomes’, 490 vananeya, gdv. of vve! [from ir correct form *bhavanīya for Sk bhavitavya], should, or will, bi conden nE AE y A E vana?-bāva, „ inst., -bävin, 6 A vana!-bita 336. Si a- ii iai [van ar 4 h J A +.; auto-review: low_ocr_confidence",paranavitana
OSi,,vanat-vū,separated,,,"Sigiri PDF p. 469 (printed p. 461), column 2; OCR entry: vanat-vū, cd. a. [Skt. vinā-bhūta], separated, 124; -vū-himin, cd.",paranavitana
OSi,,rel.),,,,"Sigiri PDF p. 469 (printed p. 461), column 2; OCR entry: (rel.), gen. pl., ‘of (women) separated from their lord or the lord who is separated’, 34, 165, 309, 596. vanā, (1) vana with last syllable lengthened metris causa, 394; (2) nom. pl. of vana [#*vanaha > vannā], 216.; auto-review: missing_gloss",paranavitana
OSi,,vanān,"pl. of van!, second",,,"Sigiri PDF p. 469 (printed p. 461), column 2; OCR entry: vanän, acc. pl. of van!, second",paranavitana
OSi,,member of rel,,,,"Sigiri PDF p. 469 (printed p. 461), column 2; OCR entry: member of rel, cd., 1, 2. vani [van? and i], 234.; auto-review: missing_gloss",paranavitana
OSi,,vanin,of vant,,,"Sigiri PDF p. 469 (printed p. 461), column 2; OCR entry: vanin, inst. of vant, 46, 90, 330.",paranavitana
OSi,,yanina,"sin. of van?, last member of rel. cd",,,"Sigiri PDF p. 469 (printed p. 461), column 2; OCR entry: yanina, gen. sin. of van?, last member of rel. cd., 146.",paranavitana
OSi,,vanini,,,,"Sigiri PDF p. 469 (printed p. 461), column 2; OCR entry: vanini, voc. pl. of vant, last member of rel. cd., 42. vanui, pr. pt. (inf.) of vve! [cf. Sbl., v. 13, Dhag. 228], 156, 239, 320, 500, 571, 600, 630. vanu?, opt. or imp. of vvet, 320. vane? loc. sin. of vanat, 120.; auto-review: missing_gloss",paranavitana
OSi,,vane,sin. of vana? (inf.),,,"Sigiri PDF p. 469 (printed p. 461), column 2; OCR entry: vane?, nom. sin. of vana? (inf.), 277; 470; indef., vanek, 640.",paranavitana
OSi,,vano,"pl. of vana"" (rel.)",,,"Sigiri PDF p. 469 (printed p. 461), column 2; OCR entry: vano, nom. pl. of vana"" (rel.), 188.",paranavitana
OSi,,vandabu,"a woman without a husband, i.e. a widow or spinster",,,"Sigiri PDF p. 469 (printed p. 461), column 2; OCR entry: vandabu, s., f. [Skt, vidhavā; cf. Js. VII. 49], a woman without a husband, i.e. a widow or spinster ; acc, pl., °buyun, 450.",paranavitana
OSi,,vandi,"to worship, adore; 1st sin. pr, Vandimi [cf. Amv. 26]",,,"Sigiri PDF p. 469 (printed p. 461), column 2; OCR entry: vandi, vb. [Skt. vvand], to worship, adore; 1st sin. pr, Vandimi [cf. Amv. 26], 134. See vändi.",paranavitana
OSi,,vann,,,,"Sigiri PDF p. 469 (printed p. 461), column 2; OCR entry: vann, orth. var. of vanf, 175, 379-; auto-review: missing_gloss",paranavitana
OSi,,vanna,,,,"Sigiri PDF p. 469 (printed p. 461), column 2; OCR entry: vanna, var. of vant, last member in; auto-review: missing_gloss",paranavitana
OSi,,rel. cd,"indef., vannakin, 6o02",,,"Sigiri PDF p. 469 (printed p. 461), column 2; OCR entry: rel. cd., inst. indef., vannakin, 6o02.",paranavitana
OSi,,vannaț,,,,"Sigiri PDF p. 469 (printed p. 461), column 2; OCR entry: vannaț, dat. of vana (inf.) [cf Dhag. 181], 62, 100, 174.; auto-review: missing_gloss",paranavitana
OSi,,vyanne,"sin, of vana (inf.) or 3rd sin. fut. of vve! [cf. Svv. 78, Dhpr: 87)",,,"Sigiri PDF p. 469 (printed p. 461), column 2; OCR entry: vyanne, nom. sin, of vana (inf.) or 3rd sin. fut. of vve! [cf. Svv. 78, Dhpr: 87), 240, 406, 434, 443» 447: 487, 551, 575» 576-",paranavitana
OSi,,vannek,sin. indef. of vana“ (rel.),,,"Sigiri PDF p. 469 (printed p. 461), column 2; OCR entry: vannek, nom. sin. indef. of vana“ (rel.), 39, 553, 606.",paranavitana
OSi,,vannen,,,,"Sigiri PDF p. 469 (printed p. 461), column 2; OCR entry: vannen, inst. of vanat (inf.) [cf. Kvp. 64], 180.; auto-review: missing_gloss",paranavitana
OSi,,vannemi,"sin. of vana* (rel.) and mi, 1st sin. fut. of vvet",,,"Sigiri PDF p. 469 (printed p. 461), column 2; OCR entry: vannemi, nom. sin. of vana* (rel.) and mi, 1st sin. fut. of vvet, 536. vanney, gdv. of Vve, 470, 612.",paranavitana
OSi,,vanneyin,of vana’ (inf.),,,"Sigiri PDF p. 469 (printed p. 461), column 2; OCR entry: vanneyin, inst. of vana’ (inf.), 552.",paranavitana
OSi,,vannehi,"sin, of vana* (rel.), and hi, 2nd sin, fut. of Vve}",,,"Sigiri PDF p. 469 (printed p. 461), column 2; OCR entry: vannehi, nom. sin, of vana* (rel.), and hi, 2nd sin, fut. of Vve}, 15. vanno, nom; pl. of vana* (rel.); 86, PIIrARIET KTE PE E a; auto-review: low_ocr_confidence",paranavitana
OSi,,yr ie ebet of vvet,,,,"Sigiri PDF p. 469 (printed p. 461), column 2; OCR entry: yr ie ebet of vvet, a o vayú, 426. ENEN a; auto-review: missing_gloss;low_ocr_confidence",paranavitana
OSi,,vay,[Skt. vai; var. vayi],,,"Sigiri PDF p. 469 (printed p. 461), column 2; OCR entry: vay?, indec. [Skt. vai; var. vayi]",paranavitana
OSi,,forsooth,,,,"Sigiri PDF p. 469 (printed p. 461), column 2; OCR entry: forsooth, a ainly, indeed, 105, Aiao Abn A; auto-review: missing_gloss;low_ocr_confidence",paranavitana
OSi,,vaya,"to play music See vayana?, ayamini. : väyīima, väyma. Wis",,,"Sigiri PDF p. 469 (printed p. 461), column 2; OCR entry: vaya, vb. [Skt voad], to play music See vayana?, ayamini. : väyīima, väyma. Wis; auto-review: low_ocr_confidence",paranavitana
OSi,,vayana,[Skt. vadana,,,"Sigiri PDF p. 469 (printed p. 461), column 2; OCR entry: vayana!, s. [Skt. vadana ; cf. vuvan . | Dhpr. 228), face; loc., Vayanahi ; Siin maea [cf Gk. Vk; auto-review: low_ocr_confidence",paranavitana
OSi,,ayi,,,,"Sigiri PDF p. 469 (printed p. 461), column 3; OCR entry: ayi, indec, same as vay’, 6r, 290. rayu, imp. or opt, of Vvet, 1f. vayt, 96.; auto-review: missing_gloss",paranavitana
OSi,,ari,"[Skt. äkāra > *ayara > #avara > vara > war, appearance",,,"Sigiri PDF p. 469 (printed p. 461), column 3; OCR entry: ari, s. [Skt. äkāra > *ayara > #avara > vara > war, appearance. See muhun-var.",paranavitana
OSi,,zar,when,,,"Sigiri PDF p. 469 (printed p. 461), column 3; OCR entry: zar?, s. [Skt vāra; e.f. varat), turn (hąs often the force of ‘when’), 395, 330, 591.; auto-review: low_ocr_confidence",paranavitana
OSi,,varai,,,,"Sigiri PDF p. 469 (printed p. 461), column 3; OCR entry: varai, e.f. of var? [cf. Kskh. XII. 6o], 239, 453, 614. Seç vare and vareka.; auto-review: missing_gloss",paranavitana
OSi,,vara,"pre-eminent, noble, excellent, znd member of cd. in naravara",,,"Sigiri PDF p. 469 (printed p. 461), column 3; OCR entry: vara?, a. [Skt. vara; cf. Rm, v. 422], pre-eminent, noble, excellent, znd member of cd. in naravara.",paranavitana
OSi,,var (vara?jagna or aṅgna,,,,"Sigiri PDF p. 469 (printed p. 461), column 3; OCR entry: var (vara?jagna or añgna, cd., acc. or gen. pl, varzagnan, 86; varzañgnan [cf. warañganan, Dhpr. 244, Ksm., v. 263], 192.; auto-review: missing_gloss;uncertain_glyph",paranavitana
OSi,,varaj,"fault, crime, misdemeanour",,,"Sigiri PDF p. 469 (printed p. 461), column 3; OCR entry: varaj, s. [Skt. aparādha; cf. Dhag. 155, e.f. varaja], fault, crime, misdemeanour, 66, 177, 450. varaja, (1) e.f. of varaj [cf. Svv. 70o and l.f. varada], 204, 262, 396, 432, 434, 607; (2) vb. [Skt. apa-yrādh; cf. värajini, Dhag. 36], to offend, 566; nom. or acc. indef., varajak, 75, 337; loca varajaka, 75; inst. indef., varajakni, 574; caus. abs. ref. of «varaja, as vb., varajavā gane [cf. varajavay, Dhag. 288, varadavā gena, Dhpr. 332], 566; nom. indef. and i, varajeki, 432; inst. indef., varajekni. See also väräjä.",paranavitana
OSi,,varada,,,,"Sigiri PDF p. 469 (printed p. 461), column 3; OCR entry: varada, s., l.f. of varaja [Svv. 31], 33, 70; nom. sin. indef., varadeka, 79.; auto-review: missing_gloss",paranavitana
OSi,,var? (or vara’)jzanana,"noblefaced one, 345-",,,"Sigiri PDF p. 469 (printed p. 461), column 3; OCR entry: var? (or vara’)jzanana, voc. of cd. rel. [Skt. varānanā], noblefaced one, 345-; auto-review: uncertain_glyph",paranavitana
OSi,,varal,hair,,,"Sigiri PDF p. 469 (printed p. 461), column 3; OCR entry: varal, s. [Skt. väla; e.f. varala, cf. Ksm., v. 136], hair, 226, 237, 281, 331, 419, 436, 474-",paranavitana
OSi,,varala,,,,"Sigiri PDF p. 469 (printed p. 461), column 3; OCR entry: varala, s., e.f. of varal [cf. Sls., V. 44], 30, 33, 45 74 188, 268, 355; 383, 501; Varalasa [asa = Skt. arıśa or is a pln. suffix; cf. Gs. V- 100], loc., varalase, 378. i;; auto-review: missing_gloss",paranavitana
OSi,,varāja,,,,"Sigiri PDF p. 469 (printed p. 461), column 3; OCR entry: varäja, orth. var. of varaja, 36 rg; auto-review: missing_gloss",paranavitana
OSi,,vare,"of var? or vara a loc. indef., varek or °ka, at one time, once",,,"Sigiri PDF p. 469 (printed p. 461), column 3; OCR entry: vare, loc. of var? or vara a loc. indef., varek or °ka, at one time, once, 495, 612.",paranavitana
OSi,,var-van,,,,"Sigiri PDF p. 469 (printed p. 461), column 3; OCR entry: var-van?, cd. f., noble-coloured one, 347; gen. pl, -vanina, 146.; auto-review: missing_gloss",paranavitana
OSi,,vali,[Skt. vana,,,"Sigiri PDF p. 469 (printed p. 461), column 3; OCR entry: vali, s. [Skt. vana; cf. Amu. 35), forest (in place-names), 620, 623. val? [Skt. väla; cf. Dhpr:127), tai. + See val-vijnā. $",paranavitana
OSi,,yalaka,[Skt. vi-lañgh,,,"Sigiri PDF p. 469 (printed p. 461), column 3; OCR entry: yalaka, vb. [Skt. vi-lañgh; cf. mod. S. valakanavaļ, to prevent; grd sin. pra valakayi, 510: pr. pt. (a), valakana, 645. t F E. 2 . r- F } y è ' e . è 0o VALU, S. [SKt. varula; parat, Km., L y, 1923 cf, Sliv 59), bunch, 340 whisk, 382, 3921 —— = aa; auto-review: low_ocr_confidence",paranavitana
OSi,,vasa,subjection,,,"Sigiri PDF p. 470 (printed p. 462), column 1; OCR entry: vasa!, s. [Skt. vasa], subjection, 211.; auto-review: low_ocr_confidence",paranavitana
OSi,,vasa,T 644,,,"Sigiri PDF p. 470 (printed p. 462), column 1; OCR entry: vasa?, s. [Skt. vāsa; cf. ead 542], , T 644. See vese”.; auto-review: low_ocr_confidence",paranavitana
OSi,,vasa,", visu, visuha, vusu, vesa",,,"Sigiri PDF p. 470 (printed p. 462), column 1; OCR entry: vasa, vb. [ pon (cl. 1)]}, to remain, reside, dwell. See vasat?, vasana?—vasavata, väsä, visi’, ii visi‘, visu, visuha, vusu, vesa’, E vesel, id; auto-review: low_ocr_confidence",paranavitana
OSi,,vasat,spring,,,"Sigiri PDF p. 470 (printed p. 462), column 1; OCR entry: vasat!, s. [Skt. vasanta; cf. Sdv., v. 122], spring, 249. j",paranavitana
OSi,,vasat’,"148 (vasat hot). 8 Vasana’, s. [Skt. vasana], residence; Joc: vasanä",,,"Sigiri PDF p. 470 (printed p. 462), column 1; OCR entry: vasat’, cond. of vvasa’, 22 (vasat zuj], 148 (vasat hot). 8 Vasana’, s. [Skt. vasana], residence; Joc: vasanä, 117. px y Pai y pr. pt. (a) of vvasa? [cf, j Dhağ. 153], 150, 154, 286, 427, 518, 562; inst. (inf.), vasanen, p Ers A (inf.), vasannața [cf, Amv. 110], 439; nom. sin. (inf.), vasanne; 22. See also vasanen. vasamo, ist pl. pr-of vvasa, 266. vasayu; opt. ofvvasa?, 61, 129, 605.",paranavitana
OSi,,vasavata,cs. of yvasa?,,,"Sigiri PDF p. 470 (printed p. 462), column 1; OCR entry: vasavata, cond. cs. of yvasa?, 370.",paranavitana
OSi,,vasara,"to rove; . gen. pl. of prt., vasäriyuna",,,"Sigiri PDF p. 470 (printed p. 462), column 1; OCR entry: vasara, vb. [Skt, vi-vcar], to rove; . gen. pl. of prt., vasäriyuna, 111.",paranavitana
OSi,,riae vasi,to = rain or pour down,,,"Sigiri PDF p. 470 (printed p. 462), column 1; OCR entry: riae vasi, vb. [Skt. Vors; cf. vasina, Sls., l = va 66, and mod. S. vahina-va], to = rain or pour down. See väsena,",paranavitana
OSi,,y vahat,control. In cd,,,"Sigiri PDF p. 470 (printed p. 462), column 1; OCR entry: y vahat, s. [Skt. vaśa], control. In cd.; auto-review: low_ocr_confidence",paranavitana
OSi,,vaha,"to bear, bear along, sustain",,,"Sigiri PDF p. 470 (printed p. 462), column 1; OCR entry: < vaha?, vb. [Skt. vvah; cf. vahana, Mdv., v. 120], to bear, bear along, sustain. See vahana, vahayi?, vahavata—vahavamha, väma, vähävi—vähävey.; auto-review: low_ocr_confidence",paranavitana
OSi,,vahan,"sandal, shoe",,,"Sigiri PDF p. 470 (printed p. 462), column 1; OCR entry: vahan, s. [Skt. upãnah; cf. Svv. 6], sandal, shoe, 78. vahana, pr. pt. of vvaha [cf. Dhag. 185], nom. sin. (inf.) vahane, 542; inst. (inf.), vahannen, 300.",paranavitana
OSi,,vahay,"soon, swiftly",,,"Sigiri PDF p. 470 (printed p. 462), column 1; OCR entry: vahay!, indec. [abs. of Vvaha, with semantic change? cf. var. vahā = P. sahaså, Kvp. 59], soon, swiftly, 426. yi vahay?, 3rd sin. pr. of vvaha, 93. gir"" ke orth. var. of vahayt, 96.",paranavitana
OSi,,vabal,support,,,"Sigiri PDF p. 470 (printed p. 462), column 1; OCR entry: «~ vabal, a, s. [Skt. upakāra > #apakara > *avayara > *vayara > vahara > vahala > vahal; cf, Jag. 32 and vahara = upakāra, Sbl., v. 288], support, 385. See ni-vahal.",paranavitana
OSi,,vahala,"dat., vahalaț",,,"Sigiri PDF p. 470 (printed p. 462), column 1; OCR entry: vahala, e.f. of vahal [cf. Amv. 83], dat., vahalaț, 350;inst., vahalin, 363.",paranavitana
OSi,,vahavata,,,,"Sigiri PDF p. 470 (printed p. 462), column 1; OCR entry: ¿~ vahavata, cond, cs, of vvaha?, 399. vahayam, rst sin. pr. cs. of vvaha?, 421, 423. vahávamaha, ıst pl. pr. cs. of svaha?, 399. vanavamhna, I.t. ot vanavamana; WEZI. : vahas, vahasa, s. [Skt. vi-häsa; cf. Dhbrjiz22; K v. o r = smile, 470; cd., -pasini, 628; à Dr ansia, y Ka See also; auto-review: missing_gloss;low_ocr_confidence",paranavitana
OSi,,val a,"[Skt. avata Rekber 4l, BTA a n pit ;vaļa-la, to place in pit, bury ; - abs. ref. vaļa-lay-genä",,,"Sigiri PDF p. 470 (printed p. 462), column 2; OCR entry: val a, s. [Skt. avata Rekber 4l, BTA a n pit ;vaļa-la, to place in pit, bury ; - abs. ref. vaļa-lay-genä, 312.; auto-review: low_ocr_confidence",paranavitana
OSi,,vaļandi,[P. valañjeti,,,"Sigiri PDF p. 470 (printed p. 462), column 2; OCR entry: vaļandi, vb. [P. valañjeti; cf.",paranavitana
OSi,,wvālandi,"to _ embrace, to become attached. Sċe väļanduna. e",,,"Sigiri PDF p. 470 (printed p. 462), column 2; OCR entry: ` wvälandi, prt., Kskh. V. 3], to _ embrace, to become attached. Sċe väļanduna. e; auto-review: low_ocr_confidence",paranavitana
OSi,,vaļamba,to = deceive,,,"Sigiri PDF p. 470 (printed p. 462), column 2; OCR entry: vaļamba, vb. [Skt. vi-damb], to = deceive. See väļambima. i; auto-review: low_ocr_confidence",paranavitana
OSi,,vā,"year; cd., -dahasak",,,"Sigiri PDF p. 470 (printed p. 462), column 2; OCR entry: vā, s. [Skt. varsa > P. vassa > OS. vasa (EZ. III. 177) > *vaha > vā], year; cd., -dahasak; acc, indef. [cf. Dhpr. 118], - 135; - -dahasā, length metris causa, 627. wvāl, Lf. of vahal, support, sus- - tenance, 595.",paranavitana
OSi,,vāt,"reseryoir, artificia] lake, in placename",,,"Sigiri PDF p. 470 (printed p. 462), column 2; OCR entry: vät, s. [Skt. vāpī; cf. vä, EZ. I. 118], reseryoir, artificia] lake, in placename, 681. See vävin.",paranavitana
OSi,,vā,,,,"Sigiri PDF p. 470 (printed p. 462), column 2; OCR entry: vä?, abs. of vve! [cf. Dhag. 186, Dhpr. 171], 18, 55, 102, 142, 211, 301, 355, 447, 520, 560, 591, 644 F N2o]: -; auto-review: missing_gloss",paranavitana
OSi,,vājā,,,,"Sigiri PDF p. 470 (printed p. 462), column 2; OCR entry: väjä, e.f. of vädä, q.v., (1) having brought itself or dashed itself upon, 466; (2) having entered or arrived, 562.; auto-review: missing_gloss",paranavitana
OSi,,vātțit,"hedge, row of trees",,,"Sigiri PDF p. 470 (printed p. 462), column 2; OCR entry: vätțit, s. [Skt. vrżi], hedge, row of trees; loc., väțtiye, 210 (in placename). :; auto-review: low_ocr_confidence",paranavitana
OSi,,vāti,"state, condition",,,"Sigiri PDF p. 470 (printed p. 462), column 2; OCR entry: väti?, s. [Skt. vrtti], state, condition. See sita-vätți, 339.",paranavitana
OSi,,vāti,"bouquet of flowers, in cd., malväti",,,"Sigiri PDF p. 470 (printed p. 462), column 2; OCR entry: väti?, s. [Skt. varti; cf. Jag. 38], bouquet of flowers, in cd., malväti, 599.. vätiż, ref. abs. of vvața? [cf. väti, Jag. 170], 131, 477 (duplicated).",paranavitana
OSi,,vātțiř,,,,"Sigiri PDF p. 470 (printed p. 462), column 2; OCR entry: vätțiř, prt. of Vvyața’, in hiri väti [cf. mod. S. hiri väțena va], 395.; auto-review: missing_gloss",paranavitana
OSi,,vāt-kola,"a creeper, Dariyo zibethinus",,,"Sigiri PDF p. 470 (printed p. 462), column 2; OCR entry: vät-kola, s. [vät = väti!; koļa = Skt. koşãtakī; mod. S. väta-kolu], a creeper, Dariyo zibethinus, 334. vätli, vn. of vvața?, length of Z for metre, 430.",paranavitana
OSi,,vādi,"of vvada, increased",,,"Sigiri PDF p. 470 (printed p. 462), column 2; OCR entry: vädi, prt. of vvada, increased, 671.",paranavitana
OSi,,vāttā,what is going on,,,"Sigiri PDF p. 470 (printed p. 462), column 2; OCR entry: vättā, s. [Skt. varttita+ka; cf. Dhag. 100, Svv. 74, Sbl., v. 53], what is going on; acc. indef., vättāk, 150.",paranavitana
OSi,,vādā,,,,"Sigiri PDF p. 470 (printed p. 462), column 2; OCR entry: vädä, abs. of vvadi [cf. väda, Dhpr. 296], 410.; auto-review: missing_gloss",paranavitana
OSi,,vāddā,,,,"Sigiri PDF p. 470 (printed p. 462), column 2; OCR entry: väddä, cond. of vvadi [Intr., § 478; cf. Svv. 70], 271.; auto-review: missing_gloss",paranavitana
OSi,,vāni,"like, comparable to, one who is like or comparable to",,,"Sigiri PDF p. 470 (printed p. 462), column 2; OCR entry: väni, s., a. [Skt. varna +ka; related to van?; cf. Sbl., v. 128], like, comparable to, one who is like or comparable to, 11, 20, 58, 165, 238, 273, 320, 414, 433, 487, 510, 538, 596, 678; vänna [väni-+a*], 389; dat., vännațta, 18; acc. pl., vännan [cf. Ðhpr. 245], 571; 6o07; nom. sin, indef., vännek, 27, 82; nom. pl., vänno [cf. Dhpr. E 109, 147, 247, 300, 499, 584, T",paranavitana
OSi,,Vāndi,"inst, vämen",,,"Sigiri PDF p. 470 (printed p. 462), column 3; OCR entry: Vändi, prt. of vvandi; with mi added, vändit i, Ist sin. p. of - vvandi, 196; nom. sin. (inf), — Vändiya, 131. väma, vn. of vvaha? [vähäma = oa väma]; inst, vämen, 184.; auto-review: low_ocr_confidence",paranavitana
OSi,,vāmhe,"to: fall off, pour down; pr. pt., - vämhéėna",,,"Sigiri PDF p. 470 (printed p. 462), column 3; OCR entry: vämhe, vb. ref. [Skt. vy-ava-vsad; cf. Dhpr. 81, 210; 220, Amv: 158], to: fall off, pour down; pr. pt., - vämhéėna, 50, 627. väyima, vn. of «vvaya; loc., väyīime, 289. väyma, Lf. of väyima; loc., väyme, 610.",paranavitana
OSi,,vārājā,of vvaraja,,,"Sigiri PDF p. 470 (printed p. 462), column 3; OCR entry: väräjä, abs. of vvaraja, 122, 464, 629.",paranavitana
OSi,,vārāli,thin cloth,,,"Sigiri PDF p. 470 (printed p. 462), column 3; OCR entry: väräli, s. [Skt. viralikā; cf, värali, Rm., v. 301], thin cloth, 283; acc. sin. indef., värällak, 221, 230; acc. sin., värälla, 219. väla, välä, s. [Skt.. vallī; cf. väl, Rm., v.. 193, and mod. S.J], creeper; cd., väla-bib [cf. välabimbu, Ksm., v. 209], 617; välätipli, 427. See also väli.",paranavitana
OSi,,vāvin,"of väl, 6ọ5",,,"Sigiri PDF p. 470 (printed p. 462), column 3; OCR entry: vävin, inst. of väl, 6ọ5.; auto-review: low_ocr_confidence",paranavitana
OSi,,vāsā,,,,"Sigiri PDF p. 470 (printed p. 462), column 3; OCR entry: väsä, abs. of vvasa? [cf. Mdv., v. 105; e.f. vesa?], 79, 81, 164, 370, 538, 563, 674.; auto-review: missing_gloss",paranavitana
OSi,,vāsānen,of vasana?(inf.),,,"Sigiri PDF p. 470 (printed p. 462), column 3; OCR entry: väsänen, inst. of vasana?(inf.), 231.",paranavitana
OSi,,vāsi,,,,"Sigiri PDF p. 470 (printed p. 462), column 3; OCR entry: väsi, s. a. [Skt. väsin or vāstka, OS, vasiya (EZ. III. 215), e.f. vesi; cf. Dhag. 227], 2, 15, 101, _I4I, 202, 270, 333, 397, 450, 506, 554, 606, 650 [48]. väsena, pr. pt. ref, of vvasi; dat. sin. (rel.), väsennayuhata, 97. väsli, vn. of vvasi, 340.; auto-review: missing_gloss",paranavitana
OSi,,vāhāvi,"ref, of vvaha?",,,"Sigiri PDF p. 470 (printed p. 462), column 3; OCR entry: vähävi, abs. ref, of vvaha?, 563. vähäve, 3rd sin. pr. ref. of Vvaha?, 202. vähävet, 3rd pl. pr. ref. of Vvaha?, 65. vähävey (yi), 3rd sin. „pr. ref. of vvaha?, 142, 451, 597.",paranavitana
OSi,,vāhāsa,,,,"Sigiri PDF p. 470 (printed p. 462), column 3; OCR entry: vähäsa, var. of vahasa, inst., vähäsin, 44. .; auto-review: missing_gloss",paranavitana
OSi,,vāhi,rain,,,"Sigiri PDF p. 470 (printed p. 462), column 3; OCR entry: vähi, s. [Skt. varsa; e.f. vesi; same in mod. S.], rain, 302.",paranavitana
OSi,,vāhuņa,"602. väla [orth. var. of väla, cf. Gs., v. 173], väli = väla +ì",,,"Sigiri PDF p. 470 (printed p. 462), column 3; OCR entry: vähuņa, prt. ref. of vvaha? [cf. vähunu, Dhag. 183], 602. väla [orth. var. of väla, cf. Gs., v. 173], väli = väla +ì, 127.",paranavitana
OSi,,vālā,string (of pearls),,,"Sigiri PDF p. 470 (printed p. 462), column 3; OCR entry: välä, s. [Skt. vali; cf. Dhpr. 248], string (of pearls), 104, 152, 231; inst., välänen, 364.",paranavitana
OSi,,vālļānduna,"ref. of vvalandi, vilania yn. of vvalamba",,,"Sigiri PDF p. 470 (printed p. 462), column 3; OCR entry: välļänduna, prt. ref. of vvalandi, vilania yn. of vvalamba; nom, sin, indef., väļämbīmak, 433.",paranavitana
OSi,,vālļāla,"emaciated, slender; l Amat > Cotan in A S E a E T t 204",,,"Sigiri PDF p. 470 (printed p. 462), column 3; OCR entry: välļäla, a. [cf. vahala = krśa; Skt. vidruta4-ka], emaciated, slender; l Amat > Cotan in A S E a E T t 204, 236, 270, 302; 353, 438, 525, 607, 681 [69]. See vīi*.; auto-review: low_ocr_confidence",paranavitana
OSi,,vi,(2) with meaning of yi’,,,"Sigiri PDF p. 471 (printed p. 463), column 1; OCR entry: vi?, abs., of Vvet, (1) 27, 83, 128, 210, 416, 473, 505, 540, 585, 599, 629, 685 [36]; (2) with meaning of yi’, 31,4199 a A; auto-review: low_ocr_confidence",paranavitana
OSi,,vi,lightning,,,"Sigiri PDF p. 471 (printed p. 463), column 1; OCR entry: vi?, prt. of vvet. See viyin. vit, 3rd sin. p. of vviya*, 630. vij, vija, s. [Skt. vidyut, P. vijju; l.f. vidu], lightning, 192; cd., vija-li, 178.",paranavitana
OSi,,vijnā,"[Skt vījana+kaļ, fan",,,"Sigiri PDF p. 471 (printed p. 463), column 1; OCR entry: vijnā, s. [Skt vījana+kaļ, fan. See val-vijnā.",paranavitana
OSi,,yij-liya,,,,"Sigiri PDF p. 471 (printed p. 463), column 1; OCR entry: yij-liya, cd. [cf. viju-liya, Amv. 97); 192.; auto-review: missing_gloss",paranavitana
OSi,,viț,[S. vartikā,,,"Sigiri PDF p. 471 (printed p. 463), column 1; OCR entry: viț, s. [S. vartikā; cf. väța, Ds. 54), wick of a lamp, lamp, 146, 516; inst., vitni, 50.",paranavitana
OSi,,vița,"turn, time, 8o",,,"Sigiri PDF p. 471 (printed p. 463), column 1; OCR entry: vița, s. [Skt. urtti; cf. Hs., v. 60], turn, time, 8o.",paranavitana
OSi,,vit,cup,,,"Sigiri PDF p. 471 (printed p. 463), column 1; OCR entry: vit, s. [P. vittha; cf. Dhag. 181], cup, 627.",paranavitana
OSi,,vid,,,,"Sigiri PDF p. 471 (printed p. 463), column 1; OCR entry: vid, var. of vind, q.v., 130.; auto-review: missing_gloss",paranavitana
OSi,,vida li,of vvidi and li? pierced,,,"Sigiri PDF p. 471 (printed p. 463), column 1; OCR entry: vida li, abs. of vvidi and li? pierced, 427.",paranavitana
OSi,,vidaha,"to extend, expand Sce vid'he, vijana",,,"Sigiri PDF p. 471 (printed p. 463), column 1; OCR entry: vidaha, vb. [Skt. vi-Vsrj; cf. vidahā Ks., v. 62, and mod. S. vihidana vihidena], to extend, expand Sce vid'he, vijana.",paranavitana
OSi,,vidi,"to pierce, to shoot witł an arrow; prt., Vidi [cf. Dhpr 224]",,,"Sigiri PDF p. 471 (printed p. 463), column 1; OCR entry: vidi, vb. [Skt. vwidh; cf. mod. $ vidinava], to pierce, to shoot witł an arrow; prt., Vidi [cf. Dhpr 224], 249, 364; 1st pl. p, vidi maha, 221.",paranavitana
OSi,,vidu,"lightning; cd. -kida [cf. vidu-kiñdu, Ksm., V 342]",,,"Sigiri PDF p. 471 (printed p. 463), column 1; OCR entry: vidu, s. [Skt. vidyut; e.f. vij, vija cf. Ksm., v: 148], lightning; cd. -kida [cf. vidu-kiñdu, Ksm., V 342], 555; -Viț, 516. ý vid!he, 3rd sin. pr. ref. of vvidaha 582.",paranavitana
OSi,,vina,ref. of Vvet,,,"Sigiri PDF p. 471 (printed p. 463), column 1; OCR entry: vina?, cond. ref. of Vvet, 101. vina?, 3rd sin. p. ref. of Vve, 384.",paranavitana
OSi,,vinaya,"to teach discipline; vn, vinayuma [ci vineyanuva-ța, Ksm., V. 375 85",,,"Sigiri PDF p. 471 (printed p. 463), column 1; OCR entry: vinaya, vb. [Skt. vi-vnī; cf. abs e vinoyā, EZ. I. 31], to teach discipline; vn, vinayuma [ci vineyanuva-ța, Ksm., V. 375 85.",paranavitana
OSi,,vini,,,,"Sigiri PDF p. 471 (printed p. 463), column 1; OCR entry: vini, var, of vina’, 439.; auto-review: missing_gloss",paranavitana
OSi,,vind,"of vvindi [P. vindita e.f. vindij, feeling",,,"Sigiri PDF p. 471 (printed p. 463), column 1; OCR entry: vind, prt. of vvindi [P. vindita e.f. vindij, feeling, 150.",paranavitana
OSi,,vindi,"to fee suffer, experience; prt., vinc [cf. Kskh. VI. 28]",,,"Sigiri PDF p. 471 (printed p. 463), column 1; OCR entry: vindi, vb. [Skt. vind], to fee suffer, experience; prt., vinc [cf. Kskh. VI. 28], 79, 460, 607",paranavitana
OSi,,Ist sin. p. of vvindi,"4; pr. pt. (a.), vindnā [c 3 viñdunā, Ksm., y. 2, viñdin - Mhbg. 4]",,,"Sigiri PDF p. 471 (printed p. 463), column 1; OCR entry: Ist sin. p. of vvindi, prt. an mi = vindimi [cf. Kskh. XJ 10], 4; pr. pt. (a.), vindnā [c 3 viñdunā, Ksm., y. 2, viñdin - Mhbg. 4], 525. .",paranavitana
OSi,,vima,,,,"Sigiri PDF p. 471 (printed p. 463), column 1; OCR entry: vima, l.f. of vima, q.v. See vimer vimi, rst sin. p. of Nye! [cf. vin Dhpr. 99], 291, 449.; auto-review: missing_gloss",paranavitana
OSi,,vimen,of vima,,,"Sigiri PDF p. 471 (printed p. 463), column 1; OCR entry: vimen, inst. of vima, 70.",paranavitana
OSi,,viyat,[Skt. yuga,,,"Sigiri PDF p. 471 (printed p. 463), column 1; OCR entry: viyat, s. [Skt. yuga; cf. Jag. 127 yoke, 68r.",paranavitana
OSi,,viyat,tò sa expound,,,"Sigiri PDF p. 471 (printed p. 463), column 1; OCR entry: viyat, vb. [Skt. vvad or vy-ä-khyi cf. viyu, Sdsg, 111], tò sa expound. See vit, vif, vř. Taa { i inst., viyayin, 549. i ij; auto-review: low_ocr_confidence",paranavitana
OSi,,viyaru,demented,,,"Sigiri PDF p. 471 (printed p. 463), column 2; OCR entry: viyaru, s. [Skt. vikārita; cf. Uj. 65], demented; nom. sin. indef., viyaruyuk, 68. $ viyä [vi and ät], 42. viyi!, 3rd sin. p. of vve” [e.f. of",paranavitana
OSi,,vil,,,,"Sigiri PDF p. 471 (printed p. 463), column 2; OCR entry: vil, var. Viyi], 48, 114, 117, 154, 439, 452, 653.; auto-review: missing_gloss",paranavitana
OSi,,viyiř,,,,"Sigiri PDF p. 471 (printed p. 463), column 2; OCR entry: viyiř, abs, of ave!, e.f. of vi*, 498, 515, 638. viyin, viyina, inst. of vi? (inf), var. viyen, Viyin, 399, 512.; auto-review: missing_gloss",paranavitana
OSi,,viyen,,,,"Sigiri PDF p. 471 (printed p. 463), column 2; OCR entry: viyen, var. of viyin, viyen, 516, 524, 615, 674-; auto-review: missing_gloss",paranavitana
OSi,,viyev,"), separation from the beloved, one who is separated",,,"Sigiri PDF p. 471 (printed p. 463), column 2; OCR entry: viyev, s. der. [Skt. viyoga and ‘viyogin]), separation from the beloved, one who is separated; loc.; viyevä, 322, 406, 471; gen. pl., viyevun, 555; inst. viyevni, 440; loc., Viyevhi, 247. viyo (viyov, viyova), s. der., var,",paranavitana
OSi,,of viyev,,,,"Sigiri PDF p. 471 (printed p. 463), column 2; OCR entry: of viyev, e.f. [cf. Dhpr. 298], 599, 678; cd., viyo-no-vennan, gen. pl, 678; cd., viyovzañgnan, gen. pl., 257; gen. pl. viyovana, 258; cd., viyovzabuna, gen. pl., 520; loc., viyovä, 68; inst., viyovän, 504; inst., Viyovini, 569; nom. sin. f., viyovu, 189; gen, pl, viyovun [Sdv., v. 65], 154, 271; acc. pl., viyovuna, 520, 529:; auto-review: missing_gloss",paranavitana
OSi,,vil,,,,"Sigiri PDF p. 471 (printed p. 463), column 2; OCR entry: vil, s. [? Skt. vilāyita; cf. T. vayal, field; Dhpr. 274], 484, 543, 580. See vila, vilzabu, vilä, vilhi,; auto-review: missing_gloss",paranavitana
OSi,,vila,of vil,,,"Sigiri PDF p. 471 (printed p. 463), column 2; OCR entry: vila, loc. of vil, 349, 464, 589.",paranavitana
OSi,,vil-abu (ambu),,,,"Sigiri PDF p. 471 (printed p. 463), column 2; OCR entry: vil-abu (ambu), cd., 543, 580.; auto-review: missing_gloss",paranavitana
OSi,,vilasa,manner,,,"Sigiri PDF p. 471 (printed p. 463), column 2; OCR entry: vilasa, s, [Skt. vilāsa; cf. Gk., V. 26], manner, 627 (length of last syllable for metre).",paranavitana
OSi,,vilā,of vil,,,"Sigiri PDF p. 471 (printed p. 463), column 2; OCR entry: vilä, loc. of vil, 558.",paranavitana
OSi,,viluvan,,,,"Sigiri PDF p. 471 (printed p. 463), column 2; OCR entry: viluvan, s. [Skt. vilepana; cf. vilavun, Kskh. VI. 40], 377-; auto-review: missing_gloss",paranavitana
OSi,,vilhi,of vil,,,"Sigiri PDF p. 471 (printed p. 463), column 2; OCR entry: vilhi, loc. of vil, 178.",paranavitana
OSi,,vivājju,discarded,,,"Sigiri PDF p. 471 (printed p. 463), column 2; OCR entry: viväjju, a. [Skt. vi-varjjita], discarded, 456. x",paranavitana
OSi,,visaja,"1st sin. pr., visajami",,,"Sigiri PDF p. 471 (printed p. 463), column 2; OCR entry: visaja, vb. [e.f. of visanda, q.v.; cf. visajū, Amv. 149], 1st sin. pr., visajami, 98. f",paranavitana
OSi,,visanda,"to answer a question, to solve a problem; gdy., visandane",,,"Sigiri PDF p. 471 (printed p. 463), column 2; OCR entry: visanda, vb. [Skt. vi-srj; ©.f. visaja; cf. visañňdīmi, Uj. 150], to answer a question, to solve a problem; gdy., visandane, 310.",paranavitana
OSi,,visaba,confidence,,,"Sigiri PDF p. 471 (printed p. 463), column 2; OCR entry: visaba, s. [Skt. visrambha; cf. Ksm., v. 57; visańba = P. santhavo, Dhag. 228], confidence, 80, 550, i 623. See visamb, visäbiyun.",paranavitana
OSi,,visamb,,,,"Sigiri PDF p. 471 (printed p. 463), column 2; OCR entry: visamb, orth. var. of visaba, ; 190.; auto-review: missing_gloss",paranavitana
OSi,,visābiyun,pl. of der. fr. visaba,,,"Sigiri PDF p. 471 (printed p. 463), column 2; OCR entry: visäbiyun, gen. pl. of der. fr. visaba, 575.",paranavitana
OSi,,visārabi,j in confidence,,,"Sigiri PDF p. 471 (printed p. 463), column 2; OCR entry: visärabi, adv. [Skt. višrambhita], j in confidence, 363.; auto-review: low_ocr_confidence",paranavitana
OSi,,visit,"subdued, bei witched, charmed",,,"Sigiri PDF p. 471 (printed p. 463), column 2; OCR entry: visit, a. [Skt. vas or vasyaj cf. n Ksm, v. 145], subdued, bei witched, charmed, 166, 494, 547.",paranavitana
OSi,,visi,of vvasi,,,"Sigiri PDF p. 471 (printed p. 463), column 2; OCR entry: visi?, prt. of vvasi, 258, 350, 380. S y 79, 508, 625, 638. l; auto-review: low_ocr_confidence",paranavitana
OSi,,isil-kaļa,,,,"Sigiri PDF p. 471 (printed p. 463), column 3; OCR entry: isil-kaļa, cd. [cf. Kskh. X. 43), 494.; auto-review: missing_gloss",paranavitana
OSi,,isitur,beautiful,,,"Sigiri PDF p. 471 (printed p. 463), column 3; OCR entry: isitur, a. [Skt. vicitraş. cf, visituru, Ksm., v. 98], beautiful, 221.",paranavitana
OSi,,isiya,sin. of visi’ (inf.),,,"Sigiri PDF p. 471 (printed p. 463), column 3; OCR entry: isiya, nom. sin. of visi’ (inf.), 32.",paranavitana
OSi,,isiyo,pl. of visi? (rel.),,,"Sigiri PDF p. 471 (printed p. 463), column 3; OCR entry: isiyo, nom. pl. of visi? (rel.), 31.",paranavitana
OSi,,isira,"to scatter; abs. ref., visiri",,,"Sigiri PDF p. 471 (printed p. 463), column 3; OCR entry: isira, vb. [Skt. vi-vsr], to scatter; abs. ref., visiri, 174.",paranavitana
OSi,,isī,,,,"Sigiri PDF p. 471 (printed p. 463), column 3; OCR entry: isī, var. of visi, length of last syllable metris causa [cf. Dhag. 99], 273.; auto-review: missing_gloss",paranavitana
OSi,,isu,,,,"Sigiri PDF p. 471 (printed p. 463), column 3; OCR entry: isu, prt. of vvasa? [cf. visu, Ksm., v. 117], 116, 376, 569, 637isuha, 3rd pl. p. of vVvasa?, visu and ha, 524.; auto-review: missing_gloss",paranavitana
OSi,,zises,excellent,,,"Sigiri PDF p. 471 (printed p. 463), column 3; OCR entry: zises, a. [Skt. viśeşa; var. of veses, q.y.], excellent, 95. vihi, 2nd sin. p. of Vvet, vi? and hi? [cf. Dhag. 280, Dhpr. 43), 542-",paranavitana
OSi,,vili,"shame, shyness",,,"Sigiri PDF p. 471 (printed p. 463), column 3; OCR entry: vili, s. [Skt. vrīdā; cf. Amv. 135], shame, shyness, 29, 211, 664; inst., Viliyen [cf. Kskh. VI. 46], 462; cd., vili-vasat, 211. vil, 3rd sin. p. of Vve! [cf. Dhpr. 296], 48, 73, 149, 195, 235, 297, 359, 408, 459, 515, 555, 660 [53]. j",paranavitana
OSi,,vīi,"(2) in the meaning of yi? [cf. Sbl., v. 389]",,,"Sigiri PDF p. 471 (printed p. 463), column 3; OCR entry: vīi?, abs. of vvet, (1) having become, 110, 168, 228, 352, 400, 461, 504, 547, 578, 630, 668 [42]; (2) in the meaning of yi? [cf. Sbl., v. 389], 22, 174, 508, 578. ET vī?, 2nd sin. p. of vvet, l.f. of T 508. EF E",paranavitana
OSi,,vī‘,,,,"Sigiri PDF p. 471 (printed p. 463), column 3; OCR entry: vī‘, cond, or inf. [Intr § 478 o£ yve, vī no hī, 409. viŝ, vi+yi, 8. -; auto-review: missing_gloss;low_ocr_confidence",paranavitana
OSi,,vīf,241. s N,,,"Sigiri PDF p. 471 (printed p. 463), column 3; OCR entry: vīf, prt. of vviya?, 620, 657vi, 3rd sin. p. of vVviya? [cf. Ksm., v. 107], 241. s N; auto-review: low_ocr_confidence",paranavitana
OSi,,vif,yoke,,,"Sigiri PDF p. 471 (printed p. 463), column 3; OCR entry: vif, s., contr. of viya! [viya > #viyi > vi], yoke, 482. Ka vī?-gan, comp. vb. [Intr., § 501], vī gananā, 661; Vi ģat, 597. vījana, pr. pt. ofan earlier form of yvidaha [Skt. vi-sarjana > ` *visajana > uee > *vihijana > vijana], spreading; inst., vijaninn, 88. j u; auto-review: low_ocr_confidence",paranavitana
OSi,,vīn,"of vi’, var. vīni",,,"Sigiri PDF p. 471 (printed p. 463), column 3; OCR entry: vīn, inst. of vi’, var. vīni, 479.",paranavitana
OSi,,vini,"inst. indef., vīmakin",,,"Sigiri PDF p. 471 (printed p. 463), column 3; OCR entry: vini, var. of Vin, 513. vima, vn. of vve? [cf. Kvp. 23], inst. indef., vīmakin, 616. G7 `",paranavitana
OSi,,vīyi,,,,"Sigiri PDF p. 471 (printed p. 463), column 3; OCR entry: vīyi, var. of viyi*, 357.; auto-review: missing_gloss;low_ocr_confidence",paranavitana
OSi,,vīyin,,,,"Sigiri PDF p. 471 (printed p. 463), column 3; OCR entry: vīyin, var. of viyin, 251, 655.; auto-review: missing_gloss",paranavitana
OSi,,vīyen,,,,"Sigiri PDF p. 471 (printed p. 463), column 3; OCR entry: vīyen, var. of viyen, 668. ivu, Lf. of vū, q.v., 210; 238, 341, 521.; auto-review: missing_gloss",paranavitana
OSi,,a vunā,"length of a metris causa, 357- ] vuyu, vuyū, e.f. of VU, Q.V» 68",,,"Sigiri PDF p. 471 (printed p. 463), column 3; OCR entry: a vunã, prt. ref. of vve! [vu + na, Intr., § 393; lf. una, see uno], length of a metris causa, 357- ] vuyu, vuyū, e.f. of VU, Q.V» 68, 93, 154, 190; 533, 534, 625 (u in znd syllable long in 93 metris càusa) ; nom. pl. (rel.), vuyuvaha, 415; F kwi ouit s a a a aaan A k",paranavitana
OSi,,vusu,,,,"Sigiri PDF p. 472 (printed p. 464), column 1; OCR entry: vusu, prt. of vvasa’, var. of visu [cf. Dhpr. 48], 165, 335, 593. vü} prt. of vve? [Skt. bhūta, e.f - - (a, 34, 77, 124, 165, 181, 192, 209, 266, 285, 461, 474,596; (2) s vā’, 3rd-pl. p. of vvet, through; auto-review: missing_gloss;low_ocr_confidence",paranavitana
OSi,,vūyun,"pl. of vū (rel.) n vöyete nothíain, indef. of vū (rel.)",,,"Sigiri PDF p. 472 (printed p. 464), column 1; OCR entry: vūyun, nom. pl. of vū (rel.) n vöyete nothíain, indef. of vū (rel.),; auto-review: low_ocr_confidence",paranavitana
OSi,,vel,"to be, become",,,"Sigiri PDF p. 472 (printed p. 464), column 1; OCR entry: vel, vb. [Skt. Vbhü, ref. of *vī], to be, become. See vat, va?, vaš, vati, vat’, vata?, vaní, vana, vana’, = vina, vima, vimi, viya viyä—viyen, vii—vi’, vi-gan, l vin—vuva, vū—vūyek, veř, EE veta’, veti; venat, venu, = Venney, vemin—veye, vehi. ve 3rd e Taa [cf. Amv. 6, 4 aa 151], 7; 773.137, 204, aga ; S i 415; 473, 535, 610, 668 e 471 aea * `; auto-review: low_ocr_confidence",paranavitana
OSi,,veņa,[Skt. vīnā,,,"Sigiri PDF p. 472 (printed p. 464), column 1; OCR entry: veņa, s. [Skt. vīnā; cf. Dhpr. 229l, 1ra. OEO a TANN; auto-review: low_ocr_confidence",paranavitana
OSi,,veņaja,mer- ~ chant,,,"Sigiri PDF p. 472 (printed p. 464), column 1; OCR entry: veņaja, s. [Skt. vānija; cf. venej, Dhag. 49, and 1.f. veņada], mer- ~ chant, 24. l",paranavitana
OSi,,veņada,,,,"Sigiri PDF p. 472 (printed p. 464), column 1; OCR entry: veņada, l.f. of veņaja, 16. veti, gri pl pr of vve! [cf. Dhpr. 135], 191, 255, 616.; auto-review: missing_gloss",paranavitana
OSi,,vet,"vicinity, side",,,"Sigiri PDF p. 472 (printed p. 464), column 1; OCR entry: vet?, s. [Skt. upāänta+ka; cf. Dhag. 127, Svv. 67], vicinity, side, 426; acc. or loc., Veta, 14, 31, 125, 265, 315, aa, 489, 524, 538, 561, 61g [18]; loc., vetahi, 571; Wa [Dhpr. 296], 267; vete, 506, 572. : i veta; cond. of Vve!, 352, 473, 507, 531. veti, 3rd pl. pr. or fut, of vve? [cf. Amv. 26], 184 (fut.), 407, 497.",paranavitana
OSi,,ved,"172. P = venal, pr. pt. of vve!",,,"Sigiri PDF p. 472 (printed p. 464), column 1; OCR entry: ved, s. [Skt, vaidya; cf. EZ. I. 222), 522; cd., ved-nā, cf. vedanåã, Ns. 21], 172. P = venal, pr. pt. of vve!. See vennak—venne, venno, ;",paranavitana
OSi,,vena’,different,,,"Sigiri PDF p. 472 (printed p. 464), column 1; OCR entry: = vena’, a. [Skt. bhinna; cf. Dhag. = 207], different, 398. = venu, pr. pt. (inf.) of Vvel, 330, 416, EE 4O,; auto-review: low_ocr_confidence",paranavitana
OSi,,vene,of vana!,,,"Sigiri PDF p. 472 (printed p. 464), column 1; OCR entry: ~ vene, loc. of vana!, 399, 561.",paranavitana
OSi,,venehi,,,,"Sigiri PDF p. 472 (printed p. 464), column 1; OCR entry: venehi, loc. of vana! [Dhag. 229], 4.; auto-review: missing_gloss",paranavitana
OSi,,vennak,sin. indef. f. of vena’ (rel.),,,"Sigiri PDF p. 472 (printed p. 464), column 1; OCR entry: vennak, nom. sin. indef. f. of vena’ (rel.), 669.",paranavitana
OSi,,vennan,pl. of vena! (rel.),,,"Sigiri PDF p. 472 (printed p. 464), column 1; OCR entry: vennan, gen. pl. of vena! (rel.), 678.",paranavitana
OSi,,venne,"sin. of vena! (inf.), 334venney, gdv. of vvet",,,"Sigiri PDF p. 472 (printed p. 464), column 1; OCR entry: venne, nom. sin. of vena! (inf.), 334venney, gdv. of vvet, 334.",paranavitana
OSi,,venno,"Seyi, and ve Ye: 47; 93",,,"Sigiri PDF p. 472 (printed p. 464), column 1; OCR entry: venno, nom. pl. of vena! frel), 533. bads E fi y afi a 5 vemin, gd. of vve! [o f Kvp. 64], Seyi, and ve Ye: 47; 93, 105, 301,; auto-review: low_ocr_confidence",paranavitana
OSi,,vesa,b a Aor I RE a EE e T a,,,"Sigiri PDF p. 472 (printed p. 464), column 2; OCR entry: vesa?, s. [Skt. vesa; cf. Dhpr. 306), i attire. See yeee j # Bi W e e oi yes 1 Skt. varsa; € of vähi], b a Aor I RE a EE e T a; auto-review: low_ocr_confidence",paranavitana
OSi,,S ral,,,,"Sigiri PDF p. 472 (printed p. 464), column 2; OCR entry: S ral , cd., -sihil, 533. y Ai 7; auto-review: missing_gloss;low_ocr_confidence",paranavitana
OSi,,vesi,,,,"Sigiri PDF p. 472 (printed p. 464), column 2; OCR entry: vesi?, s., e.f. of väsi, 301. vese?, 3rd sin. ref. of vvasa? [cf. Dhpr. 185], 88.; auto-review: missing_gloss;low_ocr_confidence",paranavitana
OSi,,vese’,sin. of yasa?,,,"Sigiri PDF p. 472 (printed p. 464), column 2; OCR entry: vese’, nom. sin. of yasa?, 120.; auto-review: low_ocr_confidence",paranavitana
OSi,,vesen,,,,"Sigiri PDF p. 472 (printed p. 464), column 2; OCR entry: vesen, inst. of vesa!, Ha TE vesey, veseyi, 3rd sin. pr. ref. of _ vvasa? [cf. Amv. 29], 47, 385, 410:; auto-review: missing_gloss;low_ocr_confidence",paranavitana
OSi,,veses,"390, DTO E me na Te vihära",,,"Sigiri PDF p. 472 (printed p. 464), column 2; OCR entry: veses, s., a. [Skt. viseşa; cf. Dhag. 44) excellence; inst., vesesin, — I9. s pr ehi, and sin. pr. of Vve? [cf. Dhpr. < 274], 390, DTO E me na Te vihära; cf. Gs., v. = 210], _monastery, 375; loĉ., : Seueri iet. Dade. 124], 49, 335; 427, 565; abl, veherin, 461, 590; veherina, 88. TA; auto-review: low_ocr_confidence",paranavitana
OSi,,vela,"to wrap, envelop, surround; abs., veļa (cf. velā, Jag. 244]",,,"Sigiri PDF p. 472 (printed p. 464), column 2; OCR entry: vela, vb. [Skt. vvesşț; cf. abs. velä, _ Bs. 197], to wrap, envelop, surround; abs., veļa (cf. velā, Jag. 244], 327. F",paranavitana
OSi,,veļata,vicinity,,,"Sigiri PDF p. 472 (printed p. 464), column 2; OCR entry: veļata, s. [Skt. velāänta; cf. väļäta, EZ. IV. 94], vicinity, 73.",paranavitana
OSi,,velala,"f., e.f. of välala, q.v., slender one, 159-",,,"Sigiri PDF p. 472 (printed p. 464), column 2; OCR entry: velala, s., f., e.f. of välala, q.v., slender one, 159-",paranavitana
OSi,,velā,string,,,"Sigiri PDF p. 472 (printed p. 464), column 2; OCR entry: velä, s. [Skt. ãvalī], string, 325.",paranavitana
OSi,,Śrī,"f., Skt., prosperity",,,"Sigiri PDF p. 472 (printed p. 464), column 2; OCR entry: Śrī, s., f., Skt., prosperity, 51, 122, 170, 179, 221, 246, 262, 370, 380, 396, 441, 615, 625, 629, 643;",paranavitana
OSi,,saka,"crest; cd., -patarin",,,"Sigiri PDF p. 472 (printed p. 464), column 2; OCR entry: saka, s. [Skt. sikhā], crest; cd., -patarin, 685; loc., sakä, 667.",paranavitana
OSi,,sag,,,,"Sigiri PDF p. 472 (printed p. 464), column 2; OCR entry: sag., s., l.f. of saga, q.v., 169, 249, 433; 447. See sag-isirä.; auto-review: missing_gloss",paranavitana
OSi,,saga,,,,"Sigiri PDF p. 472 (printed p. 464), column 2; OCR entry: saga, s. [Skt. svarga; cf. Ksm., v. 131, l.f. sag], 44, 89, 115, 176, 225, 403, 429, 448, 536, 588; cd., -isirä, 115, 447.; auto-review: missing_gloss",paranavitana
OSi,,sagara,agreement,,,"Sigiri PDF p. 472 (printed p. 464), column 2; OCR entry: sagara, s. [Skt. samgara; P. samgara = S. säsändili in Dhag. 246], agreement; inst., sagaren, 137.",paranavitana
OSi,,saga-van,,,,"Sigiri PDF p. 472 (printed p. 464), column 2; OCR entry: saga-van?, cd., 536.; auto-review: missing_gloss",paranavitana
OSi,,saga-sari,,,,"Sigiri PDF p. 472 (printed p. 464), column 2; OCR entry: saga-sari, cd., 225.; auto-review: missing_gloss",paranavitana
OSi,,sagā,of sag or saga,,,"Sigiri PDF p. 472 (printed p. 464), column 2; OCR entry: sagä, loc. of sag or saga, 104.",paranavitana
OSi,,sag-isirā,,,,"Sigiri PDF p. 472 (printed p. 464), column 2; OCR entry: sag-isirä, cd., 169.; auto-review: missing_gloss",paranavitana
OSi,,saħṅgala,pair,,,"Sigiri PDF p. 472 (printed p. 464), column 2; OCR entry: saħñgala, s, [P. sarńighäta; cf. Kskh. X. 84], pair, 191. — to, bedeck. See säji, säju.",paranavitana
OSi,,sati,"being, living being: -See satnața, sat'hu, sat} nm. [Skt,_saptan, P. satta; o ef. sata, cf. Gk., v. 400]",,,"Sigiri PDF p. 472 (printed p. 464), column 3; OCR entry: sati, s. [Skt. sattva, P. satta; cf. Rma, v. 1], being, living being: -See satnața, sat'hu, sat} nm. [Skt,_saptan, P. satta; o ef. sata, cf. Gk., v. 400]. See _ sat-janmayehi, sat-jiviyen. A T sat! [cf. Ksm., v. 88], satar ar, nm, [Skt. catvãri, P. cattāri; ti PE EZ. I. 48], four, 44. See = satar-pada and -padaya.; auto-review: low_ocr_confidence",paranavitana
OSi,,sataraņa,` name of a tree,,,"Sigiri PDF p. 472 (printed p. 464), column 3; OCR entry: sataraņa, cd. [Skt. sapta-parnna], ` name of a tree, 480.",paranavitana
OSi,,satar-pada,,,,"Sigiri PDF p. 472 (printed p. 464), column 3; OCR entry: satar-pada, cd., quatrain, 443 -padaya, 558, 560.; auto-review: missing_gloss",paranavitana
OSi,,sati,"memory, mindfulness",,,"Sigiri PDF p. 472 (printed p. 464), column 3; OCR entry: sati, s. [Skt. smrti, P. sati; cf. Jag- 94]; memory, mindfulness, 283, FrEE PA; auto-review: low_ocr_confidence",paranavitana
OSi,,satul,,,,"Sigiri PDF p. 472 (printed p. 464), column 3; OCR entry: satul, nom, or acc. pl. of sat! or Sata, 130.; auto-review: missing_gloss",paranavitana
OSi,,satu,belonging to,,,"Sigiri PDF p. 472 (printed p. 464), column 3; OCR entry: satu?, s. [Skt. P. santaka; cf. Gk., v. 10], belonging to, 219. satut, satuța, a. [Skt. santusța, P. santuttha; cf. Amv. 38 and satutu, Dhag. 50], pleased, gratified, 447, 6o06.",paranavitana
OSi,,satur,enemy,,,"Sigiri PDF p. 472 (printed p. 464), column 3; OCR entry: satur, s. [Skt. śatru; cf. saturu, Sdu., v. 230], enemy, 386; gen. pl., saturan, 265.",paranavitana
OSi,,sat!-janmayehi,,,,"Sigiri PDF p. 472 (printed p. 464), column 3; OCR entry: sat!-janmayehi, cd., loc., 678.; auto-review: missing_gloss",paranavitana
OSi,,sat!-jiviyen,,,,"Sigiri PDF p. 472 (printed p. 464), column 3; OCR entry: sat!-jiviyen, cd., inst., 66.; auto-review: missing_gloss",paranavitana
OSi,,satnațta,,,,"Sigiri PDF p. 472 (printed p. 464), column 3; OCR entry: satnațta, dat, pl. of sat! [cf. Amv. 6], 283.; auto-review: missing_gloss",paranavitana
OSi,,sat'hu,,,,"Sigiri PDF p. 472 (printed p. 464), column 3; OCR entry: sat'hu, nom. pl. of sat! [cf. Dhpr. 38], 416.; auto-review: missing_gloss",paranavitana
OSi,,sad,"var, of sand, q.v",,,"Sigiri PDF p. 472 (printed p. 464), column 3; OCR entry: sad, s., var, of sand, q.v., 135. See sad-madale. sada; s., var. of sand, q.v. See sada-kat.",paranavitana
OSi,,sada,,,,"Sigiri PDF p. 472 (printed p. 464), column 3; OCR entry: sada, s., var. of sanda?, q.v., 529.; auto-review: missing_gloss",paranavitana
OSi,,sadař,,,,"Sigiri PDF p. 472 (printed p. 464), column 3; OCR entry: sadař, s., var. of sandat, q.v., 48, III, 558.; auto-review: missing_gloss",paranavitana
OSi,,sadat,,,,"Sigiri PDF p. 472 (printed p. 464), column 3; OCR entry: sadat, vb., l.f. of saja, q.v. [cf. sad, Gk., v. 118, and mod. S. hadanava]. See sädi and sädi.; auto-review: missing_gloss",paranavitana
OSi,,sada!-kat,moonstone,,,"Sigiri PDF p. 472 (printed p. 464), column 3; OCR entry: sada!-kat, cd. [cf. sanda-kat, Ksm., v. 142], moonstone, 145.",paranavitana
OSi,,sadahan,,,,"Sigiri PDF p. 472 (printed p. 464), column 3; OCR entry: sadahan, s., var. of sand'han, q-V., 54; 66.; auto-review: missing_gloss",paranavitana
OSi,,sad-madale,on the orb of the moon,,,"Sigiri PDF p. 472 (printed p. 464), column 3; OCR entry: sad-madale, cd., loc. [cf. sañdamañdala, Amv. 43], on the orb of the moon, 135.",paranavitana
OSi,,san,"sign, indication",,,"Sigiri PDF p. 472 (printed p. 464), column 3; OCR entry: san, s. [Skt. sarjñä; cf. Dhpr. 220], sign, indication, 137, 212.",paranavitana
OSi,,sanasa,,,,"Sigiri PDF p. 472 (printed p. 464), column 3; OCR entry: sanasa, vb., e.f. of sanaha, q.v.; imp., sanasan, 400.; auto-review: missing_gloss",paranavitana
OSi,,sanaha,to console,,,"Sigiri PDF p. 472 (printed p. 464), column 3; OCR entry: sanaha!, vb. [Skt. sam-ā-vsvas; cf. sanahana, Gs., v. 97], to console. See sanahannā—sanahay?, sänähi, senehi.",paranavitana
OSi,,sanaha,[Skt. sneha; var,,,"Sigiri PDF p. 472 (printed p. 464), column 3; OCR entry: sanaha?, s. [Skt. sneha; var.",paranavitana
OSi,,sānāhā,love,,,"Sigiri PDF p. 472 (printed p. 464), column 3; OCR entry: sänähä, l.f. sanā], love, 363.",paranavitana
OSi,,sanahannā,"386. sanahayt, 3rd sin. pr. of vsanaha!",,,"Sigiri PDF p. 472 (printed p. 464), column 3; OCR entry: sanahannā, nom. pl. of pr. pt. (rel.) or nom. sin. of pr. pt. (inf.) of vsanaha! [cf. Bs. 181], 386. sanahayt, 3rd sin. pr. of vsanaha!, 554, 611. DVnpr. 300j, 1OVe, o7; IOL, <1Iġ, 222, 224, 248, 455, 460, 657, 671; cd., sanā-basa, 67r; sanā- ’ mana, 87. f",paranavitana
OSi,,sand,"Œ) miaon Ai 175, 3943 (2) honorific [cf. disañda, Ksm., v. 198], S7 416",,,"Sigiri PDF p. 473 (printed p. 465), column 1; OCR entry: sand, s. [Skt. candra; cf. Ja-sandleyak, Amv. 154], Œ) miaon Ai 175, 3943 (2) honorific [cf. disañda, Ksm., v. 198], S7 416, 422, 471. Ai x; auto-review: low_ocr_confidence",paranavitana
OSi,,sandat,juncture,,,"Sigiri PDF p. 473 (printed p. 465), column 1; OCR entry: sandat, s. [Skt. sandhi; cf. sañda, Ksm., v. 265], juncture, 132; 263, 299, 550, 685. Hay WoE",paranavitana
OSi,,sandat,,,,"Sigiri PDF p. 473 (printed p. 465), column 1; OCR entry: sandat, s. e.f. of sand, honorific, 39, 180, 610; VOC., sandana, 144.; auto-review: missing_gloss",paranavitana
OSi,,sandahan,"han, lf. of sandahan or sand",,,"Sigiri PDF p. 473 (printed p. 465), column 1; OCR entry: sandahan, s. [Skt. sandhãna; cf. Amv. 36, Ksm V. 596, Rm., v. 18; Lf. sand'han,: var. sand'hana], memory; remembrance, 390. ihi i a sand'han, lf. of sandahan or sand'hana, 55, 160, 231, 391, 534, 575» 614, 628, 637, 658, 670.; auto-review: low_ocr_confidence",paranavitana
OSi,,sand'hana,,,,"Sigiri PDF p. 473 (printed p. 465), column 1; OCR entry: sand'hana, var. of sandahan, 299. sand'hay, sand'haya, indec. [P. sandhāya; abs. in use as particle; cf. sañdahay, Dhag. 211}, for the sake of, 393, 569-; auto-review: missing_gloss",paranavitana
OSi,,sandľ!hi,of sand,,,"Sigiri PDF p. 473 (printed p. 465), column 1; OCR entry: sandľ!hi!, loc. of sand, 231.",paranavitana
OSi,,sand'hi,,,,"Sigiri PDF p. 473 (printed p. 465), column 1; OCR entry: sand'hi?, loc. of sanda: [through sandahi], 387, 454-; auto-review: missing_gloss",paranavitana
OSi,,saput,"a flowering tree, Michelia campaka",,,"Sigiri PDF p. 473 (printed p. 465), column 1; OCR entry: saput, s. [Skt. campaka; cf. Dhag: 117], a flowering tree, Michelia campaka, 21, 30, 119, 210, 232. 268, 296, 313-",paranavitana
OSi,,sapu,affluence: Ser sapuyakin. ay I,,,"Sigiri PDF p. 473 (printed p. 465), column 1; OCR entry: sapu?, s. [Skt. sampatti; cf. Dhag 19, Dhpr. 192], affluence: Ser sapuyakin. ay I; auto-review: low_ocr_confidence",paranavitana
OSi,,saput-kusum,,,,"Sigiri PDF p. 473 (printed p. 465), column 1; OCR entry: saput-kusum, cd., 119, 232, 296-; auto-review: missing_gloss",paranavitana
OSi,,saput-kusuma,,,,"Sigiri PDF p. 473 (printed p. 465), column 1; OCR entry: saput-kusuma, cd., 268; acc indef., -kusumaka, 30. Lg; auto-review: missing_gloss",paranavitana
OSi,,sapu!-gas,,,,"Sigiri PDF p. 473 (printed p. 465), column 1; OCR entry: sapu!-gas, cd., in place-name, 210; auto-review: missing_gloss",paranavitana
OSi,,sapul-mal,313; -mala; 21,,,"Sigiri PDF p. 473 (printed p. 465), column 1; OCR entry: sapul-mal, cd. [ef. Sls; v. 46] 313; -mala; 21.",paranavitana
OSi,,sapuvakin,,,,"Sigiri PDF p. 473 (printed p. 465), column 1; OCR entry: sapuvakin, inst., indef. of sapu’ 449. y sabada, sabanda, a., s. [Skt sambandhin; (a.) Dhpr: 148; (s. Amv. 117), (1) friend, (2) suitabl for relationship; (1) 219, 234 366; (2) 456; voc. pl., sabandin [cf. Ksm., V. 546],7.; auto-review: missing_gloss",paranavitana
OSi,,sabar,abun dance,,,"Sigiri PDF p. 473 (printed p. 465), column 1; OCR entry: sabar, s. [Skt. sambhāra], abun dance, 540.",paranavitana
OSi,,sabava,truth,,,"Sigiri PDF p. 473 (printed p. 465), column 1; OCR entry: sabava, s. [Skt. sad-bhāva; ci Dhag. 88], truth, 38, 248; inst sabayin, 129.",paranavitana
OSi,,sabā,,,,"Sigiri PDF p. 473 (printed p. 465), column 1; OCR entry: sabā, s., l.f. of sabava [cf. Dhp 147], 541, 630. sam, samat, a. [Skt. śyãma; c Rm., v. 104), dark-complexionec See sama-vanaka, sam-van.; auto-review: missing_gloss",paranavitana
OSi,,sama,[Skt. sama,,,"Sigiri PDF p. 473 (printed p. 465), column 1; OCR entry: sama?, a. [Skt. sama; cf. Sdsg. 88, resembling, 440, 449, 616. sama!-vanaka, same as sam vanak, q.v., 355-",paranavitana
OSi,,samahar,"approval, order",,,"Sigiri PDF p. 473 (printed p. 465), column 1; OCR entry: samahar, s. [Skt. samäārdha; c samahara, Mdv., v. 69), half, poi tion, some; nom, pl., samaharh B607 DEAARENE, S; [OKU SAMMUL; E. SGMmuti; cf. Uj. 141], approval, order, 570.",paranavitana
OSi,,samunda,[Skt. samudra,,,"Sigiri PDF p. 473 (printed p. 465), column 2; OCR entry: samunda, s. [Skt. samudra; cf. samudu and samudura, Rm. 135), sea, 86.",paranavitana
OSi,,sam-van‘,,,,"Sigiri PDF p. 473 (printed p. 465), column 2; OCR entry: sam-van‘, cd., rel. [cf. Dhag. 118), - dark-coloured one, 232; nom. sin. indef., -vanak, 230, 233-; auto-review: missing_gloss;low_ocr_confidence",paranavitana
OSi,,saya,"k cause to remain, fix on; abs., saya",,,"Sigiri PDF p. 473 (printed p. 465), column 2; OCR entry: saya, vb. [Skt. sī, cs. sāyayati], k cause to remain, fix on; abs., saya, 539.",paranavitana
OSi,,sayar,,,,"Sigiri PDF p. 473 (printed p. 465), column 2; OCR entry: sayar, s. [Skt. sāgara; cf. sayuru, Sbil., v. 23], 613; inst., sayarena [cf. sayuren, Dhpr. 332], 630.; auto-review: missing_gloss",paranavitana
OSi,,sar,[Skt. sēra,,,"Sigiri PDF p. 473 (printed p. 465), column 2; OCR entry: sar, a. [Skt. sēra; cf. EZ. I. 186), precious; cd., -bada, 565.",paranavitana
OSi,,sarat,[Skt. apsaras,,,"Sigiri PDF p. 473 (printed p. 465), column 2; OCR entry: sarat, s. [Skt. apsaras; cf. e.f. asarat), nymph; ace. pl., saran, 175-",paranavitana
OSi,,sara,,,,"Sigiri PDF p. 473 (printed p. 465), column 2; OCR entry: sara?, s. [Skt. cara; 2nd member of cd., cf. nisa-sara, Sls., V. 14], 553. See sita-sara.; auto-review: missing_gloss",paranavitana
OSi,,sara,to remember,,,"Sigiri PDF p. 473 (printed p. 465), column 2; OCR entry: sara?, vb. [Skt. smr, P. sarati; cf. nusara, remembering, Rm., V. 118], to remember. See saranat.",paranavitana
OSi,,sarak,cattle,,,"Sigiri PDF p. 473 (printed p. 465), column 2; OCR entry: sarak, s. [Skt. śrmigin or sãraksşa. cf. EZ. IV. 104], cattle; nom. sin indef., sarakak, a cow, 553. saraga, sarańůg,a. [clas. S. sarañge which, occurring in Ksm., v. 284 is explained by sanne as aneka: varna pointing to derivation fron Skt. sa-rañga ; Rm., v. 666 explain: sarañga as sweet-scènted, in whic? case it has to be equated with Skt šrmňga, ‘loye-inciting‘, when ap plied to flower assuming second ary meaning of sweet-scented] cd, saraga-mala, 30, 166 sarañůg-mal [cf, sarañňga-mal Esl. 5), 327- s",paranavitana
OSi,,saranaț,"of pr. pt. (inf.) o asara?, 8r",,,"Sigiri PDF p. 473 (printed p. 465), column 2; OCR entry: saranaț, dat. of pr. pt. (inf.) o asara?, 8r.",paranavitana
OSi,,sarasa,"Se särasini, särasiyā",,,"Sigiri PDF p. 473 (printed p. 465), column 2; OCR entry: sarasa, vb. [e.f. of saraha; ci sarasat, Kskh. VIII., 18]; Se särasini, särasiyā.",paranavitana
OSi,,saraha,"[Skt. sam-vrac; cl sarahanu = P. sam-vidahantc Dhag. 234, and mod. S. sarahana vdļ, to adorn",,,"Sigiri PDF p. 473 (printed p. 465), column 2; OCR entry: saraha, vb. [Skt. sam-vrac; cl sarahanu = P. sam-vidahantc Dhag. 234, and mod. S. sarahana vdļ, to adorn. See sarhay särahbu, särhima.",paranavitana
OSi,,sarā,,,,"Sigiri PDF p. 473 (printed p. 465), column 2; OCR entry: sarā, s. [Skt. sarat; cf. Ksm., V. 10 autumn, 466, 558, 582; cd., -siri 558; -sisi [cf. Sbl., v. 52], 466.; auto-review: missing_gloss",paranavitana
OSi,,sari,comparable tc 191,,,"Sigiri PDF p. 473 (printed p. 465), column 2; OCR entry: sari, a. [Skt. sadrśa, P. sārikkha cf. Kskh. II. 23], comparable tc 191, 225,",paranavitana
OSi,,saru,,,,"Sigiri PDF p. 473 (printed p. 465), column 2; OCR entry: saru, a., var. of sar. See at-saru sarhay, 3rd sin. pr. of vsaraha 264.; auto-review: missing_gloss;low_ocr_confidence",paranavitana
OSi,,salat,[Skt. silā,,,"Sigiri PDF p. 473 (printed p. 465), column 2; OCR entry: salat, s. [Skt. silā; cf. Amv. 157. stone, rock, 270.",paranavitana
OSi,,sala,possessing,,,"Sigiri PDF p. 473 (printed p. 465), column 2; OCR entry: sala?, s. [Skt. śālin], possessing, 9 (pin-sala).",paranavitana
OSi,,salat,deceit,,,"Sigiri PDF p. 473 (printed p. 465), column 2; OCR entry: salat, s. [Skt. chala], deceit, 518.",paranavitana
OSi,,salat,"inst., salakuņen",,,"Sigiri PDF p. 473 (printed p. 465), column 2; OCR entry: salat, vb. [Skt. veal; cf, salay, abs 30 OOALARMIAG,; S. DIRT. SONE TLERNIGIGE ) CE. Dhag. 63], inst., salakuņen, 137.; auto-review: low_ocr_confidence",paranavitana
OSi,,salaga,"inst., salagin",,,"Sigiri PDF p. 473 (printed p. 465), column 3; OCR entry: salaga, cd. [sala!}aga*], inst., salagin, 18; loc., salage, 647.",paranavitana
OSi,,sala!-tala,"196. salami, st sin. pr. of vsalaʻ",,,"Sigiri PDF p. 473 (printed p. 465), column 3; OCR entry: sala!-tala!, cd., loc., sala-talahi [cf. sala-telehi, Mbg. 90], 196. salami, st sin. pr. of vsalaʻ, 360. salamina, gd. of vsalaf, length metris causa, 394: salav, imp. pl. of vsala$, 64.; auto-review: low_ocr_confidence",paranavitana
OSi,,sav,all,,,"Sigiri PDF p. 473 (printed p. 465), column 3; OCR entry: sav, s. prn. [Skt. sarva; cf. Sdsg. 1], all. See sav-abaraņa, savsat. E; auto-review: low_ocr_confidence",paranavitana
OSi,,sava,"[Skt. śsapathal, oath",,,"Sigiri PDF p. 473 (printed p. 465), column 3; OCR entry: sava, s. [Skt. śsapathal, oath, 545.",paranavitana
OSi,,savaņa,ear,,,"Sigiri PDF p. 473 (printed p. 465), column 3; OCR entry: savaņa, s. [Skt. Sravana; cf. Sbl., v: 165 and savaņä, loc., Ksm. A 603]; ear; loc., savaņihi, 88.",paranavitana
OSi,,savand,fragrant,,,"Sigiri PDF p. 473 (printed p. 465), column 3; OCR entry: savand, a, [Skt. sugañdha; cf. savanda, Rm., v. 102], fragrant, 249. sav-abaraņa, cd.; inst., -abaranin [cf. Amv: 3], 3»",paranavitana
OSi,,savali,possessed of,,,"Sigiri PDF p. 473 (printed p. 465), column 3; OCR entry: savali, a. [Skt. samvalita], possessed of, 365.",paranavitana
OSi,,sav-sat,283. z,,,"Sigiri PDF p. 473 (printed p. 465), column 3; OCR entry: sav-sat, cd., nom. pl., -Satu, 130; dat. pl., -satnața [cf. SbL, v. 377], 283. z; auto-review: low_ocr_confidence",paranavitana
OSi,,sas,oath,,,"Sigiri PDF p. 473 (printed p. 465), column 3; OCR entry: sas, s. [Skt. satya, P. sacca; cf. Dhpr. 144], oath, 620.",paranavitana
OSi,,sasat,"€f. of sas, truth",,,"Sigiri PDF p. 473 (printed p. 465), column 3; OCR entry: sasat, s. €f. of sas, truth, 131, 204.",paranavitana
OSi,,sasa,[Skt. śaśa,,,"Sigiri PDF p. 473 (printed p. 465), column 3; OCR entry: sasa?, s. [Skt. śaśa; cf. Kj., V- 26) hare, 135. 7 Mes-; auto-review: low_ocr_confidence",paranavitana
OSi,,sasaninda,full oi tenderness,,,"Sigiri PDF p. 473 (printed p. 465), column 3; OCR entry: sasaninda, a., adv. [Skt. sa-snigdha. cf. sasiniñňdu, Mdu., v: 67], full oi tenderness, 345. à; auto-review: low_ocr_confidence",paranavitana
OSi,,sasanda,"[Skt. sarı-vsyand, P. samńsamıdati",,,"Sigiri PDF p. 473 (printed p. 465), column 3; OCR entry: sasanda, vb. [Skt. sarı-vsyand, P. samńsamıdati; cf. sasändiyo = P. mantayiñsu, Diag. 6o) to pu together. c a; auto-review: low_ocr_confidence",paranavitana
OSi,,sasara,"phenomenal world, cycle o birth and death",,,"Sigiri PDF p. 473 (printed p. 465), column 3; OCR entry: sasara, s. [Skt. samsāra; cf. Dhpr 122], phenomenal world, cycle o birth and death, 99. AE",paranavitana
OSi,,sasala,,,,"Sigiri PDF p. 473 (printed p. 465), column 3; OCR entry: sasala, a. [Skt. cañcala; cf. Ksm. v. 297]; See ni-sasala. Fa sasändali, vn. of vsasanda [cf sasädali,; Svo. 57 = P. manta Dhag. 127], 140.; auto-review: missing_gloss",paranavitana
OSi,,sasinind,,,,"Sigiri PDF p. 473 (printed p. 465), column 3; OCR entry: sasinind, adv., var. of sasaninda. affectionately, 319.; auto-review: missing_gloss",paranavitana
OSi,,sasiri,[Skt. sa-śrīka,,,"Sigiri PDF p. 473 (printed p. 465), column 3; OCR entry: sasiri, a. [Skt. sa-śrīka; cf. Sls V 102; length of i metris causa) - resplendent, illustrious, 62, 144 560.",paranavitana
OSi,,sasu,,,,"Sigiri PDF p. 473 (printed p. 465), column 3; OCR entry: sasu, var. of sasat, 506.; auto-review: missing_gloss",paranavitana
OSi,,saha,[Skt. sah,,,"Sigiri PDF p. 473 (printed p. 465), column 3; OCR entry: saha, vb. [Skt. sah; cf. sahana ` Dhag. 79), to endure, bear up See sahanā—sahannemi sahava.",paranavitana
OSi,,sahaja,"congenital o: endowed with-a heart, i.e. ful of feeling; cd., -piyanaț, dat - pl, 175sahanā, pr. pt. (a.) of vsaha [ecf sahana, Dhag. 75], 330- o",,,"Sigiri PDF p. 473 (printed p. 465), column 3; OCR entry: sahaja, s. [Skt. sakaja or sæ hrdaya; see haja], congenital o: endowed with-a heart, i.e. ful of feeling; cd., -piyanaț, dat - pl, 175sahanā, pr. pt. (a.) of vsaha [ecf sahana, Dhag. 75], 330- o",paranavitana
OSi,,sahane,"friend, i ally",,,"Sigiri PDF p. 473 (printed p. 465), column 3; OCR entry: sahane, nom. sin. of pr. pt. (nf. of vsaha, 143. y E s. [Skt. sahāya], friend, i ally, 277. } sahaya, imp. of vsaha [cf. varada sahavannuvahu for P. khamā bhaveyyātha,; Dhag. 31), forbear, 75.",paranavitana
OSi,,sala,"deceitful; cd., -magini, inst., 5452F Vadan",,,"Sigiri PDF p. 474 (printed p. 466), column 1; OCR entry: sala, a. [Skt. śațha;cf. Dhag. 96], deceitful; cd., -magini, inst., 5452F Vadan, 633. io }; auto-review: low_ocr_confidence",paranavitana
OSi,,saļu,robes,,,"Sigiri PDF p. 474 (printed p. 466), column 1; OCR entry: saļu, s. [Skt. atha k kh. II. < 36], robes, 462. 0 á = SA), 5, a, [Skt, sadya > P. sadisa > ~ “sadasa > #sayasa > säsa 3 *sāha > *saha > sā, with e or me as first nember: of cd.; cf. ā,"" Sdv. 265], comparable to, yR mounting 1o, is much or that = much, 69, 92, 179, 236, 569; 645, Š AOSI. See e-sā and me-sã. s “i ap Isa? s. [P. chāta; cf, sā-dikin, Dhag. r ka, biges affliction, 192, 517:; auto-review: low_ocr_confidence",paranavitana
OSi,,sājī,ref. of vsaja,,,"Sigiri PDF p. 474 (printed p. 466), column 1; OCR entry: säjī, abs. ref. of vsaja, 3.",paranavitana
OSi,,sāti,[Skt. sarı-sthiti,,,"Sigiri PDF p. 474 (printed p. 466), column 1; OCR entry: säti, s. [Skt. sarı-sthiti; cf. säfiyen, Dhag. 19), 39, 293, 363.",paranavitana
OSi,,sādā,"of sada?, E AR",,,"Sigiri PDF p. 474 (printed p. 466), column 1; OCR entry: sädä, loc. of sada?, E AR; auto-review: low_ocr_confidence",paranavitana
OSi,,sādi,of vsadat,,,"Sigiri PDF p. 474 (printed p. 466), column 1; OCR entry: sädi, prt. of vsadat, 249.",paranavitana
OSi,,sādī,of vsadat UE Amv: 4),,,"Sigiri PDF p. 474 (printed p. 466), column 1; OCR entry: 'sädī, abs. of vsadat UE Amv: 4), 393. ; a P; auto-review: low_ocr_confidence",paranavitana
OSi,,sāna,instant,,,"Sigiri PDF p. 474 (printed p. 466), column 1; OCR entry: säna, s. [Skt. ksana], instant. See säneka and sänekin. i sänasihi, 2nd sin, p. of vsanasa, 663. j a i i sänasennak, ace. sin. indef. of pr. pt. ref. (a.) of vsanasa, 623. sänä, same: as sänäha, q.v., cd.,",paranavitana
OSi,,nāttan,"pl., 279-",,,"Sigiri PDF p. 474 (printed p. 466), column 1; OCR entry: -nättan, gen. pl., 279-",paranavitana
OSi,,sānāhani,of sanaha?,,,"Sigiri PDF p. 474 (printed p. 466), column 1; OCR entry: sänähani, inst. of sanaha?, 644.",paranavitana
OSi,,sānāhā,,,,"Sigiri PDF p. 474 (printed p. 466), column 1; OCR entry: sänähä, s., var. of sanaha?, q.v. e.f. senaha and seneha, ae, See sänähin.; auto-review: missing_gloss;low_ocr_confidence",paranavitana
OSi,,sānāhāti,(1) a. [cf. Amv. 51],,,"Sigiri PDF p. 474 (printed p. 466), column 1; OCR entry: sänähäti, cd. [sänähä + äti], (1) a. [cf. Amv. 51], 326; (2) rel., gen. — oracc. pl., sänähättan [cf. Amv. 23], 141, 370, 453, 504; nom. sin. f, sänähättī, 464. sänähi, 3rd sin. p. of vsanahai, 201, 484.",paranavitana
OSi,,sānāhin,of sanaha? or sänähä,,,"Sigiri PDF p. 474 (printed p. 466), column 1; OCR entry: sänähin, inst. of sanaha? or sänähä, 229, 389, 648.",paranavitana
OSi,,sāneka,indef. of säna,,,"Sigiri PDF p. 474 (printed p. 466), column 1; OCR entry: säneka, loc. indef. of säna, 527.",paranavitana
OSi,,sānekin,,,,"Sigiri PDF p. 474 (printed p. 466), column 1; OCR entry: sänekin, inst. indef. of säna [cf. Jag. 234], 108.; auto-review: missing_gloss",paranavitana
OSi,,sāndā,of sandat [cf. Dhag,,,"Sigiri PDF p. 474 (printed p. 466), column 1; OCR entry: sändä!, loc. of sandat [cf. Dhag.",paranavitana
OSi,,sāndā,"evening; cd., sändäga [sändä and agä, loc. of aga’]",,,"Sigiri PDF p. 474 (printed p. 466), column 1; OCR entry: sändä?, s. [Skt. sandhyã; cf. mod. S. sändä], evening; cd., sändäga [sändä and agä, loc. of aga’], 334.",paranavitana
OSi,,sāp,clarified butter,,,"Sigiri PDF p. 474 (printed p. 466), column 1; OCR entry: säp, s. [Skt. sarpiş, P. sappi], clarified butter. See säp-muņdu.",paranavitana
OSi,,sāpat,"abundance, prosperity, happiness",,,"Sigiri PDF p. 474 (printed p. 466), column 1; OCR entry: säpat, s. [Skt. svāpateya or sampatti; cf. Dhag. 98], abundance, prosperity, happiness; acc. : indef., säpatak, 294.",paranavitana
OSi,,sāp-munņdu,,,,"Sigiri PDF p. 474 (printed p. 466), column 1; OCR entry: säp-munņdu, cd., scum, 456.; auto-review: missing_gloss",paranavitana
OSi,,sābāvā,51; säbävine (e for rhyme),,,"Sigiri PDF p. 474 (printed p. 466), column 1; OCR entry: säbävä, s., var. of sabava, e.f, sebava, q.v. [cf. Amv. 54], 51; säbävine (e for rhyme), 527. sämä, prn. Me a sarve; OS, sava, seme; l.f. hämä; cf. säma, GR., KARET: all, every, a:",paranavitana
OSi,,sāmāga,[abs. of vb. con- — nected with Skt. sam-Vaj,,,"Sigiri PDF p. 474 (printed p. 466), column 2; OCR entry: sämäga, indec. [abs. of vb. con- — nected with Skt. sam-Vaj; cf. a Taeke Dhag. 169), „together; auto-review: low_ocr_confidence",paranavitana
OSi,,sāmi,[Skt. svāmin,,,"Sigiri PDF p. 474 (printed p. 466), column 2; OCR entry: sämi, s. [Skt. svāmin; cf. Kvp. 89],",paranavitana
OSi,,isārasini,ref. of vsarasa,,,"Sigiri PDF p. 474 (printed p. 466), column 2; OCR entry: isärasini, prt. ref. of vsarasa, 518. särasiyã, nom: sin. f. of prt. (rel.) of vsarasa, 518.",paranavitana
OSi,,sārāhü,"a ” särhima (loc. °mä), vn. of vsaraha sälma; vn. of vsalat, loc, °me",,,"Sigiri PDF p. 474 (printed p. 466), column 2; OCR entry: särähü, prt. (a) of vsaraha [cf. Ksm., v. 558], a ” särhima (loc. °mä), vn. of vsaraha sälma; vn. of vsalat, loc, °me, 114.; auto-review: low_ocr_confidence",paranavitana
OSi,,sāv,bow,,,"Sigiri PDF p. 474 (printed p. 466), column 2; OCR entry: säv, s. [Skt. cãpa; cf. Gk., v. 56, Ms., v. 4], bow, 364. pähäli [der. uncertain; cf. Esl. 31], name of a metre, 504-",paranavitana
OSi,,sit,"lf. of sihi, q-V., memory",,,"Sigiri PDF p. 474 (printed p. 466), column 2; OCR entry: sit, s., lf. of sihi, q-V., memory, 251. TEY :; auto-review: low_ocr_confidence",paranavitana
OSi,,si’,,,,"Sigiri PDF p. 474 (printed p. 466), column 2; OCR entry: si’, s. [Skt. smita; cf. Dhag. 180], 362, 383, 441.; auto-review: missing_gloss",paranavitana
OSi,,sit,,,,"Sigiri PDF p. 474 (printed p. 466), column 2; OCR entry: sit, s., l.f. of sihi?, q.v., 45, 286, 346. See si-himi and si-raj.; auto-review: missing_gloss",paranavitana
OSi,,sit,to smile,,,"Sigiri PDF p. 474 (printed p. 466), column 2; OCR entry: sit, vb. [Skt. vsmi; cf. abs. sī, Mdv., v. 116], to smile. See simin, sī’, and si’.; auto-review: low_ocr_confidence",paranavitana
OSi,,sikā,crest-jewel,,,"Sigiri PDF p. 474 (printed p. 466), column 2; OCR entry: sikā, s. [Skt. sikkā], crest-jewel, 560.",paranavitana
OSi,,siki,"(1) m. nom. sin., _120; (2) m. voc",,,"Sigiri PDF p. 474 (printed p. 466), column 2; OCR entry: siki, s. [Skt. sakkā or sakhī; cf. saki, Rm., v. 328], (1) m. nom. sin., _120; (2) m. voc., 14, 39, 120, 180, 213, 264, 289, 422, 456, 535, 564, 629 [22]; (3) f£. nom., 634; (4) £. voc., 570; dat. pl. f. sikinahața, 38. q sikira, s: [Skt. skara; cf. sīkara, Sdu., v. 16ọ],. spray; inst., sikirin, 558.",paranavitana
OSi,,siki-sada,,,,"Sigiri PDF p. 474 (printed p. 466), column 2; OCR entry: siki-sada?, cd., voc., 529.; auto-review: missing_gloss",paranavitana
OSi,,siki-sand,,,,"Sigiri PDF p. 474 (printed p. 466), column 2; OCR entry: siki-sand!, cd., voc., 39, 57, 416, 422, 471.; auto-review: missing_gloss",paranavitana
OSi,,siki-sanda,,,,"Sigiri PDF p. 474 (printed p. 466), column 2; OCR entry: siki-sanda?, cd., voc., 180, 610.; auto-review: missing_gloss",paranavitana
OSi,,siki-sandana,,,,"Sigiri PDF p. 474 (printed p. 466), column 2; OCR entry: siki-sandana, cd., voc., 144.; auto-review: missing_gloss",paranavitana
OSi,,sig,quick,,,"Sigiri PDF p. 474 (printed p. 466), column 2; OCR entry: sig, a. [Skt. śīghra], quick. See sig-se.",paranavitana
OSi,,Sigiri,,,,"Sigiri PDF p. 474 (printed p. 466), column 2; OCR entry: Sigiri, l.f. of Sīgiri, q.v., 208; dat., Sigiriyața, 195.; auto-review: missing_gloss",paranavitana
OSi,,sig-se,,,,"Sigiri PDF p. 474 (printed p. 466), column 2; OCR entry: sig-se, cd., adv., 137. ~; auto-review: missing_gloss",paranavitana
OSi,,siț,of vsițit,,,"Sigiri PDF p. 474 (printed p. 466), column 2; OCR entry: siț, abs. of vsițit, 290.",paranavitana
OSi,,sița,,,,"Sigiri PDF p. 474 (printed p. 466), column 2; OCR entry: sița, abs. of vsiți! [cf. Dhpr. 222], 44, 59, 207, 257, 259, 355; 397, 498, 587, 682. š sițavay, 3rd sin. pr. cs. of vVsiți', 150.; auto-review: missing_gloss",paranavitana
OSi,,sițā,,,,"Sigiri PDF p. 474 (printed p. 466), column 2; OCR entry: sițä!, abs. of vsiti! [cf. Dhag. 112], 147, 425, 675. sitä? [siți? -4 ä!], 144.; auto-review: missing_gloss;low_ocr_confidence",paranavitana
OSi,,sițil,to stand,,,"Sigiri PDF p. 474 (printed p. 466), column 2; OCR entry: sițil, vb. [Skt- vsthā; cf. Pkt. citthai, Skt. tişsthati, and OS. cițavaya and cițati (EZ. III. 175); mod. S. hițtinava], to stand. See sit—sițä, siți?>—sițvay*.; auto-review: low_ocr_confidence",paranavitana
OSi,,siți,", vn. of vsiți",,,"Sigiri PDF p. 474 (printed p. 466), column 2; OCR entry: siți?, prt. of vsitți! [cf. Gk., v. 406], siți?, ard i n. p. oi i siti! [cf. siti = Pi gapapa. 20], 7, » 471, 505, 514,546, 608, 642 siți‘, vn. of vsiți"" [Skt. sthiti], 65, Bo, 91, 209, 254, 350, 547: sițit, 2nd sin. pr. of 4 Sia pifi > *sifī > sifil, 498, 462 siți‘ gata [cf. sița gat, Sdu., V. 176, apria S. hița gatta i, took - abode, i.e. stood, 209. 146], 162; 197, 509, 514. firita A 3 of Ai ahri A N i Sitina, pe. pt. of vsițit, Œ) a. [cf. Sis., v. 31], 349, 661; (2) rel.. gen. pl., siținuvan, 538; nom. pl., sițtinuhu, 276; nom. sin; siține [cf. Sbl., v. 26], 535; nom. a siținnī, 219; (3) inf., inst., siținnen, 675. sițtimi [sitimi, length due to last syllable being coalesced with, yi’], ist sin. pr. of vsițit [cf. Amv. 33], 289. H F sițimin, gd. of vsiți!, 538.; auto-review: low_ocr_confidence",paranavitana
OSi,,sițiya(ā)t,sin. of siți? (rel.),,,"Sigiri PDF p. 474 (printed p. 466), column 3; OCR entry: sițiya(ä)t, nom. sin. of siți? (rel.), 86, 180, 199. e?; auto-review: low_ocr_confidence",paranavitana
OSi,,sitiya? (a.),of vsițit,,,"Sigiri PDF p. 474 (printed p. 466), column 3; OCR entry: sitiya? (a.), cond. of vsițit, 231, 599.; auto-review: low_ocr_confidence;uncertain_glyph",paranavitana
OSi,,sitiyanahața,pl. of siți? (rel); 341. ) yS,,,"Sigiri PDF p. 474 (printed p. 466), column 3; OCR entry: sitiyanahața, dat. pl. of siți? (rel); 341. ) yS; auto-review: low_ocr_confidence",paranavitana
OSi,,sițiyavun,,,,"Sigiri PDF p. 474 (printed p. 466), column 3; OCR entry: sițiyavun, gen. pl. of siți? (rel.) [cf. Amv. 7], 147, 538. ;; auto-review: missing_gloss",paranavitana
OSi,,sițiyahu,,,,"Sigiri PDF p. 474 (printed p. 466), column 3; OCR entry: sițiyahu, gen, sin. of siți? (rel.), 375-; auto-review: missing_gloss",paranavitana
OSi,,sițiyān,of siti? (inf.),,,"Sigiri PDF p. 474 (printed p. 466), column 3; OCR entry: sițiyän, inst. of siti? (inf.), 430.",paranavitana
OSi,,sițiyini,of siți? (inf.) 4,,,"Sigiri PDF p. 474 (printed p. 466), column 3; OCR entry: sițiyini, inst. of siți? (inf.) 4.",paranavitana
OSi,,sițtiyuyun,pl. of siți? (rel.),,,"Sigiri PDF p. 474 (printed p. 466), column 3; OCR entry: sițtiyuyun, gen. pl. of siți? (rel.), 109. i",paranavitana
OSi,,sițiye,,,,"Sigiri PDF p. 474 (printed p. 466), column 3; OCR entry: sițiye, nom. sin. of siți” (rel.) [cf. Dhpr. 301], 452, 668. fosti; auto-review: missing_gloss",paranavitana
OSi,,sițtiyen,,,,"Sigiri PDF p. 474 (printed p. 466), column 3; OCR entry: sițtiyen, inst. of siți? (inf.) [cf. Dhpr. 247], 478, 665. é: sițivi, gdv. of vsitit, 237. sițihi, 2nd sin. pr. of vsiti* [cf. _ Amv. 46], 3. sitihu, 2nd pl. pr. of vsitți!, 506. siti [siti*-+yi?], 642. situyu, imp. of vsiți!, 96, 426. situvanā lada, cs. per. pass. of wNsitit, 423.; auto-review: missing_gloss",paranavitana
OSi,,situvay,"562. sițtuvay?, 3rd sin. pr. cs, of vsițit",,,"Sigiri PDF p. 474 (printed p. 466), column 3; OCR entry: situvay!, abs. of siți* [cf. Dhag. 109], 562. sițtuvay?, 3rd sin. pr. cs, of vsițit, 541.",paranavitana
OSi,,situvayi,,,,"Sigiri PDF p. 474 (printed p. 466), column 3; OCR entry: situvayi, abs. of vsiți*, 136. sitmin, gd. of vsitți!, 325, 347. sițtvay!, 3rd sin. pr. cs. of vsiți! [cf. Dhag. 181], 11, 344, 428.; auto-review: missing_gloss",paranavitana
OSi,,sitvay,of vsiti!,,,"Sigiri PDF p. 474 (printed p. 466), column 3; OCR entry: sitvay?, abs. of vsiti!, 469.",paranavitana
OSi,,sitt,mind,,,"Sigiri PDF p. 474 (printed p. 466), column 3; OCR entry: sitt, s. [Skt. citta; cf. Amu. 77 and e.f. sita], mind, 17, 93, 150, 195, 240, 324, 400, 459, 475, 548, 607, 684 [65]. See sit-van, sit-vind —sit'hi. sit? [Skt. citra], painting. See sitatama, sitiyama, situvara, sittama, sitvar, sitvāma, A ESAN n ARAA M A vätți, sita-saāra.",paranavitana
OSi,,sita,[Skt vcit,,,"Sigiri PDF p. 475 (printed p. 467), column 1; OCR entry: sita?, vb. [Skt vcit; cf, sitami, Kskh. X. 85, and mod. S. hitanavaļ, to think. See sitana— sitav, sitahi, sitā, siti, siti“, sitiya, sitivili—situyumo, situ situ, sitenņne, sitey, sitma, sitmi.",paranavitana
OSi,,sitaka,"indef. of sita*, what is in the mind, 599-",,,"Sigiri PDF p. 475 (printed p. 467), column 1; OCR entry: sitaka, loc. indef. of sita*, what is in the mind, 599-",paranavitana
OSi,,sitaț,of sitor sitai,,,"Sigiri PDF p. 475 (printed p. 467), column 1; OCR entry: sitaț, dat. of sitor sitai, 240; 433.",paranavitana
OSi,,sitatamaā,,,,"Sigiri PDF p. 475 (printed p. 467), column 1; OCR entry: sitatamaā, orth. var. of sittama, qQVYa 556. e sitana, pr. pt. (a.) of vsìta?, 280, O A !; auto-review: missing_gloss;low_ocr_confidence",paranavitana
OSi,,sitannā,sin. of sitana (inf.),,,"Sigiri PDF p. 475 (printed p. 467), column 1; OCR entry: sitannā, gen. sin. of sitana (inf.), 69.",paranavitana
OSi,,sitanne,sin. of sitana (rel.),,,"Sigiri PDF p. 475 (printed p. 467), column 1; OCR entry: sitanne, nom. sin. of sitana (rel.), 612, 681. sitanneyi, gdv. of vsita?, 158.",paranavitana
OSi,,sitanno,pl. of sitana (rel.),,,"Sigiri PDF p. 475 (printed p. 467), column 1; OCR entry: sitanno, nom. pl. of sitana (rel.), 191.",paranavitana
OSi,,sitay,"of vsita? [cf. Dhag. 11 3); 375, 632-",,,"Sigiri PDF p. 475 (printed p. 467), column 1; OCR entry: - sitay, abs. of vsita? [cf. Dhag. 11 3); 375, 632-; auto-review: low_ocr_confidence",paranavitana
OSi,,sitaya,"state or condition of the mind, feeling, 339-",,,"Sigiri PDF p. 475 (printed p. 467), column 1; OCR entry: _ sitaya, e.f. sitay, 271sitav, imp. pl. of vsita?, 613. sital-vätți? [Skt. citta-urtti (Abhinava-bhāräātī, G. O. S. Edition, i. 335), cf. sit-väți, Ksm, V. 622], state or condition of the mind, feeling, 339- ;",paranavitana
OSi,,sita!-sara,,,,"Sigiri PDF p. 475 (printed p. 467), column 1; OCR entry: sita!-sara?, cd., roaming at will, 553- z sitahi, zndisin. pr. of vsita?, 5.; auto-review: missing_gloss;low_ocr_confidence",paranavitana
OSi,,sitā,of vsita? [cf. Kvp. 24,,,"Sigiri PDF p. 475 (printed p. 467), column 1; OCR entry: sitā, abs. of vsita? [cf. Kvp. 24,",paranavitana
OSi,,ef sitaya,,,,"Sigiri PDF p. 475 (printed p. 467), column 1; OCR entry: ef sitaya, var. sitay], 429.; auto-review: missing_gloss",paranavitana
OSi,,sitā,,,,"Sigiri PDF p. 475 (printed p. 467), column 1; OCR entry: sitä, loc. of sit! or sitat [cf. Ksm., v. 166], 117, 148, 283, 412.; auto-review: missing_gloss",paranavitana
OSi,,sitil,of vsita?,,,"Sigiri PDF p. 475 (printed p. 467), column 1; OCR entry: sitil, prt. of vsita?, 16, 82, 97, 129 399; 407; 427: 455, 549 578-",paranavitana
OSi,,sitit,"ref. of vsita?, 495-",,,"Sigiri PDF p. 475 (printed p. 467), column 1; OCR entry: sitit, abs. ref. of vsita?, 495-; auto-review: low_ocr_confidence",paranavitana
OSi,,sitin,,,,"Sigiri PDF p. 475 (printed p. 467), column 1; OCR entry: sitin, inst. of sit! or sita! [cf Dhag. 171, èf. sitina], 70, 487-; auto-review: missing_gloss",paranavitana
OSi,,sitina,,,,"Sigiri PDF p. 475 (printed p. 467), column 1; OCR entry: sitina, e.f. of sitin, 238.; auto-review: missing_gloss",paranavitana
OSi,,sitiya,of vsita*?,,,"Sigiri PDF p. 475 (printed p. 467), column 1; OCR entry: sitiya, cond. of vsita*?, 34.",paranavitana
OSi,,sitiyama,painting,,,"Sigiri PDF p. 475 (printed p. 467), column 1; OCR entry: sitiyama, cd. [Skt. citra-karma sit! +}kama = *siti-kama; ci sitiyam, Gk., v. 313], painting, 7 sitivili, vn. of vsita? [cf. Ksm., y 43], 129; 169: ; rA sitī, 3rd sin. p. of „sita? [cf. Dhp 248], 289. sitim or “mi, rst sin, p. of vsita' 130; 416. situ!, s„ var. of sita? CATA 487], mind, 387. d",paranavitana
OSi,,situ,"of vsita? [cf. situ-matu = P. cintita-matta, Dhag: 178), 38’ 479",,,"Sigiri PDF p. 475 (printed p. 467), column 1; OCR entry: situ?, prt. of vsita? [cf. situ-matu = P. cintita-matta, Dhag: 178), 38’ 479, 492, 610, 619, 676, 682.",paranavitana
OSi,,sitt-udli,,,,"Sigiri PDF p. 475 (printed p. 467), column 1; OCR entry: sitt-udli, cd., 396. situma, vn. of vsita?, 315. situyumo [*situyu, an earlier for: of situ? and mo = 3rd pl. p. „sita”], 108.; auto-review: missing_gloss",paranavitana
OSi,,situvar,painter,,,"Sigiri PDF p. 475 (printed p. 467), column 1; OCR entry: situvar, cd. [sit and var = SI kara; l|.f. situvara], painter, 16 559, 588.",paranavitana
OSi,,ituhu,"pl. of situ* (rel.), 657-",,,"Sigiri PDF p. 475 (printed p. 467), column 2; OCR entry: ituhu, nom. pl. of situ* (rel.), 657-",paranavitana
OSi,,ite,"of sit? or sitat, z211",,,"Sigiri PDF p. 475 (printed p. 467), column 2; OCR entry: ite, loc. of sit? or sitat, z211, 622.",paranavitana
OSi,,itenne,"sin. oọf'pr. pt. ref. |: itey, 3rd sin. pr. ref. of ss (inf.) of vsitat",,,"Sigiri PDF p. 475 (printed p. 467), column 2; OCR entry: itenne, nom. sin. oọf'pr. pt. ref. |: itey, 3rd sin. pr. ref. of ss (inf.) of vsitat, 478. 358.",paranavitana
OSi,,itehi,of sit! or sita1,,,"Sigiri PDF p. 475 (printed p. 467), column 2; OCR entry: itehi, loc. of sit! or sita1, 500,",paranavitana
OSi,,it-tada-bava,,,,"Sigiri PDF p. 475 (printed p. 467), column 2; OCR entry: it-tada-bava, cd., 6409-; auto-review: missing_gloss",paranavitana
OSi,,ittama,painting,,,"Sigiri PDF p. 475 (printed p. 467), column 2; OCR entry: ittama, cd. [sit and kama = Skt. karma; cf. sittam, Dhpr. 339], painting, 473, 587, 590, 676, 677; loc., sittamä, 252; sittame, 473; inst., sSittamin, 541. sitma, vn. of vysita? [situma > sitma], nom. sin. indef., sitmek, 311; inst., Sitmen, 418. sitmi, rst sin. p. of ysita*, 297.",paranavitana
OSi,,sit!-van,,,,"Sigiri PDF p. 475 (printed p. 467), column 2; OCR entry: sit!-van?, cd., adv., 461-; auto-review: missing_gloss",paranavitana
OSi,,sitvar,,,,"Sigiri PDF p. 475 (printed p. 467), column 2; OCR entry: sitvar, l.f. of situvar, 192.; auto-review: missing_gloss",paranavitana
OSi,,sitvāma,,,,"Sigiri PDF p. 475 (printed p. 467), column 2; OCR entry: sitvāma, e.f. of sittama; dat., sitvāmat, 124. sit}-vind, cd., what is felt by the mind, 541. sit!-sayure;, cd., loc., 396.; auto-review: missing_gloss",paranavitana
OSi,,sit!-se,,,,"Sigiri PDF p. 475 (printed p. 467), column 2; OCR entry: sit!-se, cd., adv., l.f. of sit-seya, 321, 435-; auto-review: missing_gloss",paranavitana
OSi,,sit!-sey,,,,"Sigiri PDF p. 475 (printed p. 467), column 2; OCR entry: sit!-sey, l.f. of sit-seya, 548.; auto-review: missing_gloss",paranavitana
OSi,,sit!-seya,,,,"Sigiri PDF p. 475 (printed p. 467), column 2; OCR entry: sit!-seya, e.f. of sit-se, 635-; auto-review: missing_gloss",paranavitana
OSi,,sitl-seyi,,,,"Sigiri PDF p. 475 (printed p. 467), column 2; OCR entry: sitl-seyi, orth. var. of sit-sey, 364.; auto-review: missing_gloss",paranavitana
OSi,,sit'hi,of sitt,,,"Sigiri PDF p. 475 (printed p. 467), column 2; OCR entry: sit'hi, loc. of sitt, 98, 150, 416.",paranavitana
OSi,,sina,"China; cd., -pata, Chinese silk, 399-",,,"Sigiri PDF p. 475 (printed p. 467), column 2; OCR entry: sina!, var. of Sİnā, q.v., 449, 513, 647sina? [Skt. cina], China; cd., -pata, Chinese silk, 399-",paranavitana
OSi,,sinavin,,,,"Sigiri PDF p. 475 (printed p. 467), column 2; OCR entry: sinavin, inst. of sina? or sinā [cf. mod. S. hināven], 378.; auto-review: missing_gloss",paranavitana
OSi,,sinā,smile,,,"Sigiri PDF p. 475 (printed p. 467), column 2; OCR entry: sinā, s. [Skt. smayana; cf. Dhpr. 193; mod. S. kinä], smile, 70, 270, 306, 335 332; 350; 453, 586.",paranavitana
OSi,,sinind,[Skt. snigdha,,,"Sigiri PDF p. 475 (printed p. 467), column 2; OCR entry: sinind, a. [Skt. snigdha; cf. siniñdu, Dhpr. 39), lovely, beloved, 13, 640.",paranavitana
OSi,,sinov,,,,"Sigiri PDF p. 475 (printed p. 467), column 2; OCR entry: sinov, nom. sin. of SÌnā [*sinava > #sinova > sinov], 331.; auto-review: missing_gloss",paranavitana
OSi,,sindu,ocean,,,"Sigiri PDF p. 475 (printed p. 467), column 2; OCR entry: sindu, s. [Skt, sindhu; cf. siñdu. Gk., v. 399], ocean, 466. simin, gd. of vsit, 430. 4 siyat, nm. [Skt. sata; cf. Gk., v. 1 and mod. S. siya], hundred, 44 249. siya? a. [Skt. svīya; cf. Sdsg. 34] own. See siya-divi. 4",paranavitana
OSi,,siyak,or gen. indef. of siya! 67,,,"Sigiri PDF p. 475 (printed p. 467), column 2; OCR entry: siyak, acc. or gen. indef. of siya! 67, 560. Af",paranavitana
OSi,,siya?-divi,,,,"Sigiri PDF p. 475 (printed p. 467), column 2; OCR entry: siya?-divi, cd., 257.; auto-review: missing_gloss;low_ocr_confidence;uncertain_glyph",paranavitana
OSi,,siyal,ploughing,,,"Sigiri PDF p. 475 (printed p. 467), column 2; OCR entry: siyal, a. [Skt. sakala; cf. Kskh. I 24), all, every, 69, 98, 256; cd. -aùñg, 69; añga [cf. Dhpr. 228] 256; -äħgahi, loc., 278; loc. abs. siyalle, 323; inst., siyallen [ci Sbl., v. 197], 382. $ , | siyi, s. [Skt. sītã; mod. S. h e| ‘ploughing’], furrow, line, 574-",paranavitana
OSi,,siyo,"union, 575- it , | siyot, s. [Skt. śakunta], bird; ger pl., siyotun [cf. Gs., v- 183]",,,"Sigiri PDF p. 475 (printed p. 467), column 2; OCR entry: siyo, s. [Skt. samyoga; cf. Ksm., \ .| 68], union, 575- it , | siyot, s. [Skt. śakunta], bird; ger pl., siyotun [cf. Gs., v- 183], 50 5295 Cd., -SITL [CI STY O-34Ft, ASN; v. 374], 139; -Suva, 460.; auto-review: low_ocr_confidence",paranavitana
OSi,,ra,"(1) harem [cf. sira-ge (wrongly read as siri-ge), EZ. L 221], see sirä and sire; (2) prison, imprisoned [cf. Uj. 64]",,,"Sigiri PDF p. 475 (printed p. 467), column 3; OCR entry: ra, s. [Skt. sthira], (1) harem [cf. sira-ge (wrongly read as siri-ge), EZ. L 221], see sirä and sire; (2) prison, imprisoned [cf. Uj. 64], 481. i3-rajun, cd., gen. pl. (hon), 346. irä, loc-of sira, in the harem, 147-",paranavitana
OSi,,iri,"(1) goddess of beauty, fortune [cf. Rm., V. 24l, g0; see siri-hav; (2) splendour, fortune, majesty [cf. Dhag. 23, Ksm., v: 98); 14",,,"Sigiri PDF p. 475 (printed p. 467), column 3; OCR entry: iri, s. [Skt $7], (1) goddess of beauty, fortune [cf. Rm., V. 24l, g0; see siri-hav; (2) splendour, fortune, majesty [cf. Dhag. 23, Ksm., v: 98); 14, 28, 44, 130, 377, 4T» 503, 528, 55%, 599, 560. See sirin—Siri-Lak. ` irit, sirita, s. [Skt. carita, cãritras cf. Dhag. 260], conduct, custom, 258, 489, 531; inst., Siritin, 4545 cd., sirit-sey, adv., in accordance with custom, 489.",paranavitana
OSi,,sirin,,,,"Sigiri PDF p. 475 (printed p. 467), column 3; OCR entry: sirin, inst. of siri [cf. Ksm., v. 99], 104, 176, 589-; auto-review: missing_gloss",paranavitana
OSi,,siri-piņd,,,,"Sigiri PDF p. 475 (printed p. 467), column 3; OCR entry: siri-piņd, cd. [cf. siri-pindu, Svv. 120], 627-; auto-review: missing_gloss",paranavitana
OSi,,siri-bar,"28, 5323 -bara [cf. Kskh. VI. 44]",,,"Sigiri PDF p. 475 (printed p. 467), column 3; OCR entry: siri-bar, cd. [cf. EZ. IV. 182], 28, 5323 -bara [cf. Kskh. VI. 44], 145, 520, 560; -barin, 14, 639; -barini, 529; -barni, 87, 127, 191, 337, 356; 477, 503-540, 666.",paranavitana
OSi,,Siri-Lak,,,,"Sigiri PDF p. 475 (printed p. 467), column 3; OCR entry: Siri-Lak, cd., 44; -diva, cd., loc.,; auto-review: missing_gloss",paranavitana
OSi,,siri-hav,,,,"Sigiri PDF p. 475 (printed p. 467), column 3; OCR entry: siri-hav, cd., 551-; auto-review: missing_gloss",paranavitana
OSi,,sire,of sira,,,"Sigiri PDF p. 475 (printed p. 467), column 3; OCR entry: sire, loc. of sira, 576.",paranavitana
OSi,,sil,"good conduct, virtuē, 679- ~",,,"Sigiri PDF p. 475 (printed p. 467), column 3; OCR entry: sil, s. [Skt._śila; cf. Dhpr. 126], good conduct, virtuē, 679- ~",paranavitana
OSi,,sila,"mountain, rock; cd, sil-aga?",,,"Sigiri PDF p. 475 (printed p. 467), column 3; OCR entry: sila, s. [Skt. silā], mountain, rock; cd, sil-aga?, 190. gu, der. of sìl, f., virtuous woman, 3o SAN; auto-review: low_ocr_confidence",paranavitana
OSi,,siliya or “ha,"to loosen; ‘abs. ref., silihi",,,"Sigiri PDF p. 475 (printed p. 467), column 3; OCR entry: siliya or “ha, vb. [Skt. vsaäth; cf. siliyena, Dhag. 188], to loosen; ‘abs. ref., silihi, 325. siv, siva, nm. [Skt. catus, P. catu; cf. sivu, Kskh. XIII. 32], four. k Sce sivetätin. E; auto-review: low_ocr_confidence",paranavitana
OSi,,siva,sin. of prt. (inf.) of asit,,,"Sigiri PDF p. 475 (printed p. 467), column 3; OCR entry: siva?, nom. sin. of prt. (inf.) of asit, 136.",paranavitana
OSi,,siva!-pay,"four-footed, beast",,,"Sigiri PDF p. 475 (printed p. 467), column 3; OCR entry: siva!-pay, cd. [Skt. catuş-pada; cf. mod. S. siv-pā], four-footed, beast, 105. x",paranavitana
OSi,,sivil,"of ssitor si?+vi’, smile, So",,,"Sigiri PDF p. 475 (printed p. 467), column 3; OCR entry: sivil, prt. of ssitor si?+vi’, smile, So, 437, 485, 513; 614, 622; 628. sivi?, grd sin. p. of vsi$, 27, 136, f 472. sivin;, inst. of SiVi*, 157, 211, 234siviyu, 3rd pl. p. of vsi*, 65. sive, grd sin. pr ref. of asit or si’ - and ve’, 107, 442; 497-; auto-review: low_ocr_confidence",paranavitana
OSi,,siv-tātin,,,,"Sigiri PDF p. 475 (printed p. 467), column 3; OCR entry: siv-tätin, cd., inst., 272.; auto-review: missing_gloss",paranavitana
OSi,,sis,"head, 535- ý sisa, vb: a Sa vi mod. S. ihinawa]), to è",,,"Sigiri PDF p. 475 (printed p. 467), column 3; OCR entry: sis, s. [Skt. Sirsa; cf. hisa, Rm., V. _ 288], head, 535- ý sisa, vb: a Sa vi mod. S. ihinawa]), to è. See sisi”.; auto-review: low_ocr_confidence",paranavitana
OSi,,sisā," moon, 299, 466, 582; cd., -kis",,,"Sigiri PDF p. 475 (printed p. 467), column 3; OCR entry: sisã, abs. [perhaps a var. of sisärā (EZ. II. 144 Jag. 115), der. fr. an intensive form of Skt. vear) E C und aa a aa ia sisi? s. [Skt, sasin; cf. Rm., v. 62] 1 "" moon, 299, 466, 582; cd., -kis' inst., -kisni, 511; -räs [cf. sisi ras, Dhpr: 261], 582; inst., -räsin 122; -räsni, 466; loc., sisihi, 11. W sihi} iso [Skt smrti, P. sati; cf Dhag. 124], memory, awareness 5» 55; 132, 197, 234, 288, 334 451, 507; 534, 602, 631 [36]:",paranavitana
OSi,,sihì,Sec sihi? kärät,,,"Sigiri PDF p. 476 (printed p. 468), column 1; OCR entry: sihì?, s. [Sre 'sihha, P. siha]. Sec sihi? kärät, 257 EE e e T = Sihiè-giril [Skt Sihha-zgiri, P. - Sīhagiri; cf. EZ. IV. 179], place- Fe frige, mod. Sīgiri,20, 55, 102, h TE sagn 387, 435, 479, 510, 560, © 652, 675 [51]; voc., 122; dat., s -giriyata, 79; loc., -giriye, 526. . ‘causa, Silet c8, 62, 72,82, ` last syllable lengthened metris a 197 295, 305, 316; loc., 3 giri, 1, 69, 144, 162, 205, T 256, 272, 455, 476, 503 [15]:; auto-review: low_ocr_confidence",paranavitana
OSi,,sihidu,,,,"Sigiri PDF p. 476 (printed p. 468), column 1; OCR entry: sihidu, cd. [sihi?+idu], 174.; auto-review: missing_gloss;low_ocr_confidence",paranavitana
OSi,,sihin,"7 fine, thin",,,"Sigiri PDF p. 476 (printed p. 468), column 1; OCR entry: -~ sihin, a. [Skt. ślaksna; cf. Dhpr. 6], 7 fine, thin, 379.",paranavitana
OSi,,Sihina,dream,,,"Sigiri PDF p. 476 (printed p. 468), column 1; OCR entry: ~ Sihina, s. [Skt. svapna, P. supina; KE cf. Amv. 6]; dream; loc., sihine, ! -551; loc. indef., sihineka, 609; inst., sihineyini, 15.",paranavitana
OSi,,sihit-pat! or -pata,,,,"Sigiri PDF p. 476 (printed p. 468), column 1; OCR entry: sihit-pat! or -pata!, cd., 55, 132, 278.; auto-review: missing_gloss",paranavitana
OSi,,si^-himi,,,,"Sigiri PDF p. 476 (printed p. 468), column 1; OCR entry: si^-himi, cd., gen, sin -himiyā, 286; gen. pl., -himiyan, 45, 576.; auto-review: missing_gloss",paranavitana
OSi,,sihil,cool,,,"Sigiri PDF p. 476 (printed p. 468), column 1; OCR entry: sihil, a. [Skt. stala; cf.. Dhpr. 191], cool, 244, 249, 331, 528, 532, 533, i 615; sihila, der., 412. = sihi lata}, 293. ? =- Sihbil-as?,-asa”, 327; der., sihilasa, = 397; inst, sihilasin, 23r. sihi! vat?, vata?, 74, 451, 602.; auto-review: low_ocr_confidence",paranavitana
OSi,,Sihi'-vana,smile,,,"Sigiri PDF p. 476 (printed p. 468), column 1; OCR entry: Sihi'-vana, cd., 451, 590; acc. indef, sihi-vanak, one _ who remembers, 490. ` sihil-yannat, 62, 162, 174. sihi! vä?, 197. sihi! vi?, 280; 473. sihi? vini, 299. sihi! veĉ, 155. sihi! veta, 507, 531. sihi! venney, 334sī!, same as Si? [cf. sineni, Ksm., v. 98], smile, 103, 357-",paranavitana
OSi,,sī’,"of vsit, 445-",,,"Sigiri PDF p. 476 (printed p. 468), column 1; OCR entry: sī’, prt. of vsit, 445-; auto-review: low_ocr_confidence",paranavitana
OSi,,si’,"- 445. sit, same as si! [cf. Dhag. 91]",,,"Sigiri PDF p. 476 (printed p. 468), column 1; OCR entry: si’, abs. of vsit [cf Mdu., v. 116], - 445. sit, same as si! [cf. Dhag. 91], 449. sīř, same as si? [cf. Bga., v. 288], 205, 476. Sīgiri, same as Sihigiri, 269.",paranavitana
OSi,,si'-raj,"acc. sin., sST'-raju",,,"Sigiri PDF p. 476 (printed p. 468), column 1; OCR entry: si'-raj, cd. [cf. sī-raja, Ksm., v. 142], acc. sin., sST'-raju, 205. su, prefix [Skt. su; cf. Sdsg. 6g]. See su-nil, &c.; auto-review: low_ocr_confidence",paranavitana
OSi,,suka,"pleasure, happiness, joy",,,"Sigiri PDF p. 476 (printed p. 468), column 1; OCR entry: suka, s. [Skt. sukha], pleasure, happiness, joy, 80, 108, 250, 320, T PANASS) J493 CU., SuUnaaie ga a [Skt. sadrsa; cf. Dhpr. 12], appropriate, 269.; auto-review: low_ocr_confidence",paranavitana
OSi,,su-nil,"very black or blue, go",,,"Sigiri PDF p. 476 (printed p. 468), column 2; OCR entry: su-nil, a. [Skt. su-nīla; cf. Ksm., v. 144], very black or blue, go, 183, Ka 246, 258, 281, 364, 380, 579, 5.",paranavitana
OSi,,su-pasan,well pleased,,,"Sigiri PDF p. 476 (printed p. 468), column 2; OCR entry: su-pasan, a. [Skt, suprasanna], well pleased, 195. suyuhas, nm. [Skt. śata-sahasra; e.f. of suvahas], hundred thou- - sand; gen, pl., suyuhassan, 595.",paranavitana
OSi,,sura,"god, divine",,,"Sigiri PDF p. 476 (printed p. 468), column 2; OCR entry: sura, s., a. [Skt. sura; cf. Rm., v. 8], god, divine. See sura- -~ aganan, sura-bava, sura-loyu. sura- 5- ME: cd., ace. pl., heavenly _ damsels, 144. i; auto-review: low_ocr_confidence",paranavitana
OSi,,su-rat,,,,"Sigiri PDF p. 476 (printed p. 468), column 2; OCR entry: su-rat, a. [Skt. su-rakta; cf. Dhpr. jamah exceedingly TOSy, 36, 113, 119, 132; 313, 428, 437, 448,459, 483; cd., surat-at [cf. suratata, Ksm., v. 319], 113; inst., suratzatni, 437, 483; loc., -at!hi, 36. 5; auto-review: missing_gloss",paranavitana
OSi,,sura-bava,"curly, entwined, EISS ATAG r",,,"Sigiri PDF p. 476 (printed p. 468), column 2; OCR entry: sura-bava, cd., 50. sural, surala, a. [cf. saral = P. kuñcita, Jag. 49], curly, entwined, EISS ATAG r; auto-review: low_ocr_confidence",paranavitana
OSi,,sura-loyu,,,,"Sigiri PDF p. 476 (printed p. 468), column 2; OCR entry: sura-loyu, cd., 73.; auto-review: missing_gloss;low_ocr_confidence",paranavitana
OSi,,suridu,king of heaven,,,"Sigiri PDF p. 476 (printed p. 468), column 2; OCR entry: suridu, cd. [sura-+idu; Skt. surendra; cf. suriñdu, Ksm., v. 253], king of heaven; gen. sin., - suriduhu, 135.",paranavitana
OSi,,su-rusnā,"adv., very pleasing",,,"Sigiri PDF p. 476 (printed p. 468), column 2; OCR entry: su-rusnā, a., adv., very pleasing, 17.",paranavitana
OSi,,su-labā,easily obtained,,,"Sigiri PDF p. 476 (printed p. 468), column 2; OCR entry: su-labä, a. [Skt. su-labhya; cf. sulaba, Ksm., v. 91], easily obtained, 99.",paranavitana
OSi,,suva,"pleasure, happiness",,,"Sigiri PDF p. 476 (printed p. 468), column 2; OCR entry: suva, s. [Skt. sukha; cf. Dhpr. 70], pleasure, happiness, 460, 525, 607; acc. indef., suvaka, 324. See also suve.",paranavitana
OSi,,suvand,sweet scent or smell,,,"Sigiri PDF p. 476 (printed p. 468), column 2; OCR entry: suvand, s. [Skt. sugandha; cf. suvaŭda, Sbl., v. 95], sweet scent or smell, 4; inst., suvandin, 683.",paranavitana
OSi,,suva-pat,,,,"Sigiri PDF p. 476 (printed p. 468), column 2; OCR entry: suva-pat?, cd. [cf. Bs. 199], 536.; auto-review: missing_gloss",paranavitana
OSi,,suvasuhā,beautifully radiant,,,"Sigiri PDF p. 476 (printed p. 468), column 2; OCR entry: suvasuhä, a. [Skt. su-varcasa], beautifully radiant, 444. suvahas, nm. [Skt. fata-sahasra; cf. Ksm., v. 142], hundred thousand, 162, 197. i",paranavitana
OSi,,suve,sin. of Suva,,,"Sigiri PDF p. 476 (printed p. 468), column 2; OCR entry: suve, nom. sin. of Suva, 127, 180, 525.",paranavitana
OSi,,su-sādi,that which goes moving things,,,"Sigiri PDF p. 476 (printed p. 468), column 2; OCR entry: su-sädi, a. [Skt. su-sajjita; cf. Kskh. VI. 40], well adorned, 249. sulag, sulaga, s. [Skt. calat-ga, ‘that which goes moving things’; cf. sulañga, Dhag. 200], 175, 644; loc., suļañgä, 328; sulänge, 11.",paranavitana
OSi,,sel,"(1) mind, state, manner",,,"Sigiri PDF p. 476 (printed p. 468), column 2; OCR entry: sel, s. [Skt. cetas; cf. eka-cata for later ek-se in 5th-century inscription at Pīiligama; ceta > seya > se se; Cf: Sbl,- Va 258; 2nd member in cds.], (1) mind, state, manner, 20, 69, 137, 224, 277, 338, 385, 439, 510, 589, 607, 684 [63]; (2) particle of comparison [cf. Dhpr. 172], 667. tnunderbDolt, lightning, 92.",paranavitana
OSi,,seda,i i,,,"Sigiri PDF p. 476 (printed p. 468), column 3; OCR entry: seda, adv. [Skt. sadyas, P. sajju-ka; cfa Ksm., v. 321], i i; auto-review: low_ocr_confidence",paranavitana
OSi,,sedi,"153. sena, pr. pt. ref. of vsi*, sena vana, smiling",,,"Sigiri PDF p. 476 (printed p. 468), column 3; OCR entry: sedi, abs. ref. of vsoda [cf. mod. S. sēdila], 153. sena, pr. pt. ref. of vsi*, sena vana, smiling, 415.",paranavitana
OSi,,senahal,"[Skt. sneha; e.f. of sanaha)j, love",,,"Sigiri PDF p. 476 (printed p. 468), column 3; OCR entry: senahal, s. [Skt. sneha; e.f. of sanaha)j, love, 603.; auto-review: low_ocr_confidence",paranavitana
OSi,,senaha,to love,,,"Sigiri PDF p. 476 (printed p. 468), column 3; OCR entry: senaha?, vb, [Skt. vsnih; var. of ysanaha], to love. See senehi. senu, pr. pt. ref. (inf.) of vsi*, 616.",paranavitana
OSi,,sene,love,,,"Sigiri PDF p. 476 (printed p. 468), column 3; OCR entry: sene, s. [Skt. sneha; cf. sene, Sls., v. 86], love, 173, 339, 398, 553-",paranavitana
OSi,,seneha,,,,"Sigiri PDF p. 476 (printed p. 468), column 3; OCR entry: seneha, s., e.f. of senaha; inst., senehin [cf. Dkag. 96], 190, 245.; auto-review: missing_gloss",paranavitana
OSi,,senehi,of vsenaha?,,,"Sigiri PDF p. 476 (printed p. 468), column 3; OCR entry: senehi, prt. of vsenaha?, 308.",paranavitana
OSi,,sennaț,477- NNE,,,"Sigiri PDF p. 476 (printed p. 468), column 3; OCR entry: sennaț, dat. of senu [cf. sennata, Amv. 8], 477- NNE:; auto-review: low_ocr_confidence",paranavitana
OSi,,senne,,,,"Sigiri PDF p. 476 (printed p. 468), column 3; OCR entry: senne, nom, sin. of sena (rel.), 537.; auto-review: missing_gloss",paranavitana
OSi,,senno,pl. of sena (rel.),,,"Sigiri PDF p. 476 (printed p. 468), column 3; OCR entry: senno, nom. pl. of sena (rel.), 497.",paranavitana
OSi,,sepata,,,,"Sigiri PDF p. 476 (printed p. 468), column 3; OCR entry: sepata, e.f. of sevata, q.v., 152.; auto-review: missing_gloss",paranavitana
OSi,,seĉ-piya,"beloved one, suitable for company",,,"Sigiri PDF p. 476 (printed p. 468), column 3; OCR entry: seĉ-piya, cd. f. [cf. Ksm., v. 30, Mdv., v. 42], beloved one, suitable for company, 257.",paranavitana
OSi,,sebava,,,,"Sigiri PDF p. 476 (printed p. 468), column 3; OCR entry: sebava, e.f. of säbäva, q.v.; inst., sebavina, 16.; auto-review: missing_gloss",paranavitana
OSi,,semin,gently,,,"Sigiri PDF p. 476 (printed p. 468), column 3; OCR entry: semin, adv, [inst. of *#sama < Skt. śama; cf. mod. S. hemin, var. semen], gently, 363. semen, same as semin [cf. Kskh. X. 142], 52, 652. Sey, same as Se, q.v., 17, 65, 115, 196, 260, 358, 411, 462, 500, 565, 604, 673 [73]. See seya—seyni.",paranavitana
OSi,,seya,,,,"Sigiri PDF p. 476 (printed p. 468), column 3; OCR entry: seya, e.f. of sey and set, q.v., 174, 190, 228, 344; 593, 614, 635, 661. See seyani, seyä, seyina, seyini,; auto-review: missing_gloss",paranavitana
OSi,,seyani,of seya,,,"Sigiri PDF p. 476 (printed p. 468), column 3; OCR entry: seyani, inst. of seya, 399.",paranavitana
OSi,,seyā,of sey or seya,,,"Sigiri PDF p. 476 (printed p. 468), column 3; OCR entry: seyä, loc. of sey or seya, 318.",paranavitana
OSi,,seyi,,,,"Sigiri PDF p. 476 (printed p. 468), column 3; OCR entry: seyi, orth. var. of Sey, 15, 75, 187, 216, 248, 311, 373, 442; 465, 570, 585, 683 [25].; auto-review: missing_gloss",paranavitana
OSi,,seyin,,,,"Sigiri PDF p. 476 (printed p. 468), column 3; OCR entry: seyin, inst. of sey or seya [cf. Svv. 37, €f. seyna, seyni, var. seyna, seynij, 48, 127s 2I5, 279, 283, 347; 416, 421, 484, 603, 683 [17].; auto-review: missing_gloss",paranavitana
OSi,,seyina,,,,"Sigiri PDF p. 476 (printed p. 468), column 3; OCR entry: seyina, e.f. of seyin, 98.; auto-review: missing_gloss",paranavitana
OSi,,seyini,,,,"Sigiri PDF p. 476 (printed p. 468), column 3; OCR entry: seyini, e.f. of seyin, 568.; auto-review: missing_gloss",paranavitana
OSi,,seykin,indef. of sey,,,"Sigiri PDF p. 476 (printed p. 468), column 3; OCR entry: seykin, inst. indef. of sey, 385.",paranavitana
OSi,,seyna,of sey,,,"Sigiri PDF p. 476 (printed p. 468), column 3; OCR entry: seyna, inst. of sey, 106, See next.",paranavitana
OSi,,seyni,,,,"Sigiri PDF p. 476 (printed p. 468), column 3; OCR entry: seyni, inst. of sey, 244, 335, 338, 493. sert, f. of sor, q.v., 223. ser?, der. of sor [Skt. cauryya], 471.; auto-review: missing_gloss",paranavitana
OSi,,sera,,,,"Sigiri PDF p. 476 (printed p. 468), column 3; OCR entry: sera, e.f, of sert [cf. Kskh. X. 22; mod. S. kera], 248, 305, 308, 472, 581; cd., -sanā, 248.; auto-review: missing_gloss",paranavitana
OSi,,serin,"inst. of ser?, stealthily",,,"Sigiri PDF p. 476 (printed p. 468), column 3; OCR entry: serin, adv., inst. of ser?, stealthily, 363.",paranavitana
OSi,,Sel,"rock, mountain, precipice",,,"Sigiri PDF p. 476 (printed p. 468), column 3; OCR entry: Sel, s. [Skt. śaila; cf. Amv. 67; = P. papāta, Jag. 150, and mod. S. hela], rock, mountain, precipice, 426.",paranavitana
OSi,,sela,,,,"Sigiri PDF p. 476 (printed p. 468), column 3; OCR entry: sela, e.f. of sel [cf. selehi, Ksm., v. 555], 32, 217, 501, 561, 584, 646.; auto-review: missing_gloss",paranavitana
OSi,,sel-agin,"grief, 6o06",,,"Sigiri PDF p. 476 (printed p. 468), column 3; OCR entry: sel-agin, cd., inst., 584. 473: sev, 5. [Skt. soka; cf. sevni, Rm., V. rr5, and Ksm., v. 331], grief, 6o06. See sevin,; auto-review: low_ocr_confidence",paranavitana
OSi,,seva,"to attend upon, associate with",,,"Sigiri PDF p. 477 (printed p. 469), column 1; OCR entry: seva, vb. [Skt. vsev], to attend upon, associate with. See sevä.",paranavitana
OSi,,sevata,f. [Skt. sapatnī,,,"Sigiri PDF p. 477 (printed p. 469), column 1; OCR entry: sevata, s., f. [Skt. sapatnī; cf. sevet, Dhag. 28), gen. sin. indef., sevataka, 41.",paranavitana
OSi,,sevā,of vseva,,,"Sigiri PDF p. 477 (printed p. 469), column 1; OCR entry: sevä, abs., of vseva, 81.",paranavitana
OSi,,sevin,,,,"Sigiri PDF p. 477 (printed p. 469), column 1; OCR entry: sevin, inst. of sev [cf. Ksm., v. 716], 198, 300.; auto-review: missing_gloss",paranavitana
OSi,,sesu,"remaining, other",,,"Sigiri PDF p. 477 (printed p. 469), column 1; OCR entry: sesu, a. S: [Skt. sesa+ka; cf. Kskh. XIV. rr and ses, Ksm., v: 290], remaining, other ; nom. pl., Sesso [cf. Dhpr. 7], 616.",paranavitana
OSi,,seļen,"of sala [cf. selen = P. sātheyyena, Dhag. 11)",,,"Sigiri PDF p. 477 (printed p. 469), column 1; OCR entry: seļen, inst. of sala [cf. selen = P. sātheyyena, Dhag. 11), 450, 465-",paranavitana
OSi,,sond,,,,"Sigiri PDF p. 477 (printed p. 469), column 1; OCR entry: sond, a., l.f. of sonda, q.v., 615.; auto-review: missing_gloss",paranavitana
OSi,,sonda,"good, agreeable",,,"Sigiri PDF p. 477 (printed p. 469), column 1; OCR entry: sonda, a. [Skt. sādhu; cf. Kskh. VIL 30, l.f. sond], good, agreeable, 250, 559:",paranavitana
OSi,,soba,to shine look beautiful,,,"Sigiri PDF p. 477 (printed p. 469), column 1; OCR entry: soba, vb. [Skt. vśubh], to shine look beautiful. See sobnā.",paranavitana
OSi,,sobi,"handsome, beautiful",,,"Sigiri PDF p. 477 (printed p. 469), column 1; OCR entry: sobi, a. [Skt. śsobha with f. sufix -ī] handsome, beautiful, 350. sobnā, pr. pt. (a.) of vsoba [cf sobanā, Ksm., v. 175], 350, 425.",paranavitana
OSi,,soyu,"grief cd, soyu-sayar, ocean of giel 613. i, ”",,,"Sigiri PDF p. 477 (printed p. 469), column 1; OCR entry: soyu, s. [Skt. soka; e.f. sov], grief cd, soyu-sayar, ocean of giel 613. i, ”; auto-review: low_ocr_confidence",paranavitana
OSi,,sor,"(1) thief, paramour",,,"Sigiri PDF p. 477 (printed p. 469), column 1; OCR entry: sor, s. [Skt. caura; cf. sora, Kskh XII. 43], (1) thief, paramour, 518 (2) der., roguish, 586.",paranavitana
OSi,,solu,grief,,,"Sigiri PDF p. 477 (printed p. 469), column 1; OCR entry: solu, s. [cf. sõlu, Kskh. VIII. 14 staff; acc. indef., soluyek, 392. sov, sova, s: [Skt. ŝoka], grief, 32 59, 340, 395; inst., sovin [Madr v. 67], 453, 472,564; SOVen, 573 cd., sov-patt, 18. svasti, Skt., hail! 1, 36, 100, I5: 211, 268, 304, 388, 450, 545, 59° 635, 684 [226]. š svastu, 643hat, Fa a verb meaning “i be’, are, 506, 511. 5",paranavitana
OSi,,ha,"Lf. of haya and hi qv., with, 486a haga, hanan ivii [Skt. sam-vgral cf. hañgam= P. maññe, Dha 32); to apprehend, „feel; imp hañgu",,,"Sigiri PDF p. 477 (printed p. 469), column 1; OCR entry: ha!, indec., Lf. of haya and hi qv., with, 486a haga, hanan ivii [Skt. sam-vgral cf. hañgam= P. maññe, Dha 32); to apprehend, „feel; imp hañgu, 118; nom, sin. of pr. p (rel), hañgnā, 681; hañgn 264. See also häħñgāk—häńg heguna. r 17E; auto-review: low_ocr_confidence",paranavitana
OSi,,i haja,,,,"Sigiri PDF p. 477 (printed p. 469), column 1; OCR entry: i haja!, s., var. of hadat, q.v., hea: $2:; auto-review: missing_gloss;low_ocr_confidence",paranavitana
OSi,,haja,"pt. (inf.), hajannāk",,,"Sigiri PDF p. 477 (printed p. 469), column 1; OCR entry: haja, vb. [Skt. vsajj, ‘to clir ‘adhere’; e.f. of hada? and aja _toattract; cond., hajat, 393; no! sin. of pr- pt. (rel. or inf.), hajan 14, 591, 628; acc, indef. of ] pt. (inf.), hajannāk, 402; cor cs„ hajavata, 637; abs. c hajavay, 370; pr. pt. (a.), haja : or hajnā, 270, 642. See a ar vhanduna], to recognize. See häjänä, häjin, häjinä.",paranavitana
OSi,,haņda,to ||! cry,,,"Sigiri PDF p. 477 (printed p. 469), column 2; OCR entry: haņda, vb. [Skt. vkrand; e.f. haņdat, mod. S. añdana va], to ||! cry. See häņdu, hendi. )",paranavitana
OSi,,hat,hand,,,"Sigiri PDF p. 477 (printed p. 469), column 2; OCR entry: hat, s. [Skt. kasta; cf. Dhpr. 52, e.f. of at], hand, 104, 266; loc., hat'hi, 358; hat keļe, made (to be) in the hand, i.e. won, 266.",paranavitana
OSi,,hadat,heart,,,"Sigiri PDF p. 477 (printed p. 469), column 2; OCR entry: hadat, s. [Skt. Ardaya; cf. Sdsg. 181], heart, 405.",paranavitana
OSi,,hada,"Lf. of haja*; cond. cs., hadavata",,,"Sigiri PDF p. 477 (printed p. 469), column 2; OCR entry: hada?, vb., Lf. of haja*; cond. cs., hadavata, 85.",paranavitana
OSi,,hadaha,"to believe, have confidence in; imp: cs„ hadahava [cf. Dhpr. 248]",,,"Sigiri PDF p. 477 (printed p. 469), column 2; OCR entry: hadaha, vb. [Skt. srad-vdhã; e.f. of adaha], to believe, have confidence in; imp: cs„ hadahava [cf. Dhpr. 248], 134; abs., had'hay, 95, 522.",paranavitana
OSi,,han,clad,,,"Sigiri PDF p. 477 (printed p. 469), column 2; OCR entry: han, prt. a. [Skt; channa; cf. Dhag. r2], clad, 366. hana, pr. pt. (a.) of vhe?, in comp. vb., yay-hana, 246.",paranavitana
OSi,,hani,to strike,,,"Sigiri PDF p. 477 (printed p. 469), column 2; OCR entry: hani, vb. [Skt. ~han; e.f. of vani], to strike. See hänä.",paranavitana
OSi,,handi,"to wear, to be clad in",,,"Sigiri PDF p. 477 (printed p. 469), column 2; OCR entry: handi, vb. [Skt. ācchad (vchad); mod. S. añdinava], to wear, to be clad in. See händä,",paranavitana
OSi,,handuna,"to recognize; pr. pt. (inf.), handunanu",,,"Sigiri PDF p. 477 (printed p. 469), column 2; OCR entry: handuna, vb. [Skt. sam-vjñã; cf. hañđunanuye, Dhag. 104, and mod. S. añdunana va], to recognize; pr. pt. (inf.), handunanu, 330.",paranavitana
OSi,,hann,,,,"Sigiri PDF p. 477 (printed p. 469), column 2; OCR entry: hann, orth. var. of han, 379-; auto-review: missing_gloss",paranavitana
OSi,,haba,"to drive away; 3rd sin, pr., habay",,,"Sigiri PDF p. 477 (printed p. 469), column 2; OCR entry: haba, vb. [Skt. sart-vbah; cf. hambav, Dhag. 82, and mod. S. ambana va], to drive away; 3rd sin, pr., habay, 262.",paranavitana
OSi,,hamata,"[Skt, &Ęvmanty; e.f. of amataj, to call, invite, welcome; 3rd sin; pr., hamatayi",,,"Sigiri PDF p. 477 (printed p. 469), column 2; OCR entry: hamata, vb. [Skt, &Ęvmanty; e.f. of amataj, to call, invite, welcome; 3rd sin; pr., hamatayi, 280. ?",paranavitana
OSi,,hami,,,,"Sigiri PDF p. 477 (printed p. 469), column 2; OCR entry: hami, var. of hamu, qv, loc., hamiyè [cf. hamiyehi = P. abhimukha, Dhag. 93], 507, 542-; auto-review: missing_gloss",paranavitana
OSi,,hamu,"Dhpr. 262], facing, confronting, confronted with",,,"Sigiri PDF p. 477 (printed p. 469), column 2; OCR entry: hamu, s., a. [Skt. sammukhæ; cf. ] Dhpr. 262], facing, confronting, confronted with, 118, 582; acc. , | indef. of 2nd member in rel, cd., hamuyuk, 93; cd., nom. sin. ;| indef., hamu-vūyek, 118. . | hamu], prt. of a vb. [derived from ,| Skt. ~sam-īr; cf. hamala, Ksm., v. 457, hamulu, Dhag. 62], blew (ofwind),595;nom. sin., hamule, , 249. á",paranavitana
OSi,,hayt,deprived j of,,,"Sigiri PDF p. 477 (printed p. 469), column 2; OCR entry: hayt, a prt. [Skt. kāta], deprived j of. See hay-no-vannek.",paranavitana
OSi,,hay,"y E. indec: [Skt. kā], alas",,,"Sigiri PDF p. 477 (printed p. 469), column 2; OCR entry: hay?, indec., l.f. of haya? [cf. haj s, sämägä, Dhag. 112), togethe1 p | with, 14,119, 172, 219, 277; 334 408, 450, 531, 604, 620, 632 [36] y E. indec: [Skt. kā], alas, 11, 87 > 190, 284. b PT : l. | hayat, indec, [Skt. sākam; &f. o „| hay?, bā and haf], 79, 197, 152 o | haya?, vb. [Skt. krs Aani cf ā| 276,576. O T “ & q.v.], to be able. See haymo.; auto-review: low_ocr_confidence",paranavitana
OSi,,ayit,,,,"Sigiri PDF p. 477 (printed p. 469), column 3; OCR entry: ayit, orth. var. of ħhay?, 236, 258, 352, 584.; auto-review: missing_gloss",paranavitana
OSi,,ayi,,,,"Sigiri PDF p. 477 (printed p. 469), column 3; OCR entry: ayi?, orth. var. of hay, 326.; auto-review: missing_gloss",paranavitana
OSi,,ayne (followed by -y),"sin, of pr. pt. (inf.) of haya? (hayane = haye)",,,"Sigiri PDF p. 477 (printed p. 469), column 3; OCR entry: ayne (followed by -y), nom. sin, of pr. pt. (inf.) of haya? (hayane = haye), 11.",paranavitana
OSi,,ay-no-vannek,,,,"Sigiri PDF p. 477 (printed p. 469), column 3; OCR entry: ay-no-vannek, cd, nom. sin. indef., one who is not deprived of, 39: aymo, rst pl pr. of vhaya? (hayamo > haymo), 424:; auto-review: missing_gloss",paranavitana
OSi,,ara,"to take away, captivate, entice, tô send forth, utter, to leave: See harannan—harvuyu, haļ—halahu, hale, härä",,,"Sigiri PDF p. 477 (printed p. 469), column 3; OCR entry: ara, vb. [Skt vhr; cf. harana, Vds. 274], to take away, captivate, entice, tô send forth, utter, to leave: See harannan—harvuyu, haļ—halahu, hale, härä.",paranavitana
OSi,,arannan,pl. of pr. pt. (rel.) of vhara,,,"Sigiri PDF p. 477 (printed p. 469), column 3; OCR entry: arannan, acc. pl. of pr. pt. (rel.) of vhara, 176. 3; auto-review: low_ocr_confidence",paranavitana
OSi,,narava,cs. of yVhara,,,"Sigiri PDF p. 477 (printed p. 469), column 3; OCR entry: narava, abs. cs. of yVhara, 442 (with layi).; auto-review: low_ocr_confidence",paranavitana
OSi,,harnayun,pl. of pr. pt. ¢rel.) of vhara (through *haáranayun),,,"Sigiri PDF p. 477 (printed p. 469), column 3; OCR entry: harnayun, acc. pl. of pr. pt. ¢rel.) of vhara (through *haáranayun), 401. i harnā, pr: pt. (a.) of Vhara, 397.; auto-review: low_ocr_confidence",paranavitana
OSi,,harvuyu,,,,"Sigiri PDF p. 477 (printed p. 469), column 3; OCR entry: harvuyu, prt, cs. of vVhara, 127.; auto-review: missing_gloss",paranavitana
OSi,,hala,,,,"Sigiri PDF p. 477 (printed p. 469), column 3; OCR entry: hala, vb., e.f. of vala, q.v. See; auto-review: missing_gloss",paranavitana
OSi,,hay,,,,"Sigiri PDF p. 477 (printed p. 469), column 3; OCR entry: hay?, s, [Skt. häva; cf. Ksm, v. 2), allurement. Sce hav-daļeni. hay?, s: [Skt. bhāva; cf. Sbl, v. 209, and havyekin = P. līlāya, Mog. 19), state, condition, comparable to, 551.; auto-review: missing_gloss",paranavitana
OSi,,hava,"to curse; See hävi. h havu, orth- var. of hay?",,,"Sigiri PDF p. 477 (printed p. 469), column 3; OCR entry: hava, vb. [Skt vap; cf. havā, Suv. 3], to curse; See hävi. h havu, orth- var. of hay?, 449. i; %; auto-review: low_ocr_confidence",paranavitana
OSi,,havula,,,,"Sigiri PDF p. 477 (printed p. 469), column 3; OCR entry: havula, vb., e.f. of avula, qv. See häyäle. Sá; auto-review: missing_gloss;low_ocr_confidence",paranavitana
OSi,,hayl-daļeni,"goose, swan",,,"Sigiri PDF p. 477 (printed p. 469), column 3; OCR entry: hayl-daļeni, cd., inst., 312. “y has, hasa’ [Skt. hamsa; cf. Sdig, 124; Hs} v. 1], goose, swan, 90, 126; cd., hasa-kata; 332. i; auto-review: low_ocr_confidence",paranavitana
OSi,,hasa,"smile; see hase. ý s hasara, s; [Skt. samcāra",,,"Sigiri PDF p. 477 (printed p. 469), column 3; OCR entry: hasa?, s. [Skt. 4āsa, var. of hasu°], smile; see hase. ý s hasara, s; [Skt. samcāra; cf. Amv. s x1], path, 206. i; auto-review: low_ocr_confidence",paranavitana
OSi,,hasut,,,,"Sigiri PDF p. 477 (printed p. 469), column 3; OCR entry: hasut, var. of has, 558.; auto-review: missing_gloss",paranavitana
OSi,,hasut,"smile, laughter",,,"Sigiri PDF p. 477 (printed p. 469), column 3; OCR entry: hasut, s. [Skt. hāsa; cf. kasa, Kskh. X. r0], smile, laughter, 88. basun} s. [Skt. śđsana; cf. Svv. 28], message, 484, 592, 595, ÓIT, EAP SAA hasun?, gèn. pl. of has [cf. kasun seyin, Dhpr. 158); 484. hase; loc. of hasa? or hasu’, ṣ5or, hasnayşs. [Skt. fāsana; var. hasun'], message; acc. indef., hasnak [cf i Dhag. 144], 220. } haļ, same as hala, q.v., 340, 595:; auto-review: low_ocr_confidence",paranavitana
OSi,,haļa,610.. hajatna i of haļa (rel.),,,"Sigiri PDF p. 477 (printed p. 469), column 3; OCR entry: haļa, prt. of vhara [Skt. Arta; cf. Ksm., v: 65], 610.. hajatna i of haļa (rel.), 326.; auto-review: low_ocr_confidence",paranavitana
OSi,,haļu,[Skt. sāțaka,,,"Sigiri PDF p. 477 (printed p. 469), column 3; OCR entry: haļu, s. [Skt. sāțaka; cf. mod. S. haļu-gar, 410.",paranavitana
OSi,,hale,"exclamatiod expressive of pain, anger, excitement; _ &c., hät, acc: and gen. sin. f. of he’; e.f. b» E A k O A À f an a form of melie i of EN Pie fadar hä» dim Sol 4 used as copula, e.f, of he? [cf. Ta aro k REY yid",,,"Sigiri PDF p. 477 (printed p. 469), column 3; OCR entry: hale, nom. sin, of hata (rel.), 27. - `; aa, Maec, t Aa, CI. SSM., V. 161], exclamatiod expressive of pain, anger, excitement; _ &c., hät, acc: and gen. sin. f. of he’; e.f. b» E A k O A À f an a form of melie i of EN Pie fadar hä» dim Sol 4 used as copula, e.f, of he? [cf. Ta aro k REY yid; auto-review: low_ocr_confidence",paranavitana
OSi,,hāki,,,,"Sigiri PDF p. 478 (printed p. 470), column 1; OCR entry: häki, s, di [Skt sakya; cf. Bs. 97), ” aai e E 69659. PE i; auto-review: missing_gloss;low_ocr_confidence",paranavitana
OSi,,j hākili,"267, i hä-ge, hä! with PapSttion ge [Intr., § 362]",,,"Sigiri PDF p. 478 (printed p. 470), column 1; OCR entry: j häkili, s. [Skt. śrñkhalā; cf. Dhag. t 266 Taw; mE Joc, Mäkiile, i äkkä [haki-+ ät; cf. Svv. 74], 267, i hä-ge, hä! with PapSttion ge [Intr., § 362], 105. l; auto-review: low_ocr_confidence",paranavitana
OSi,,hāṅgāk,"sin. indef, of häñńgi AE (inf)",,,"Sigiri PDF p. 478 (printed p. 470), column 1; OCR entry: — häñgāk, acc. sin. indef, of häñńgi AE (inf), 264;; auto-review: low_ocr_confidence",paranavitana
OSi,,hāṅgā,,,,"Sigiri PDF p. 478 (printed p. 470), column 1; OCR entry: “ häñgä, abs. of Vhañga [cf. Ksm., V. 525], 174, 508. S; auto-review: missing_gloss;low_ocr_confidence",paranavitana
OSi,,hāngi,"of Vhañga (inf), 68r",,,"Sigiri PDF p. 478 (printed p. 470), column 1; OCR entry: _ ` hängi, prt. of Vhañga (inf), 68r.; auto-review: low_ocr_confidence",paranavitana
OSi,,hāja,"of vhaja?; followed by i. laya? 502. á < häjavey, 3rd sin. pr. ref. of Vhaja?",,,"Sigiri PDF p. 478 (printed p. 470), column 1; OCR entry: häja, abs. of vhaja?; followed by i. laya? 502. á < häjavey, 3rd sin. pr. ref. of Vhaja?, 200, 666.",paranavitana
OSi,,hājā,of vVhaja?,,,"Sigiri PDF p. 478 (printed p. 470), column 1; OCR entry: häjä, abs. of vVhaja?, 364. =; häjänä,abs. of vhajana, 78, 81.",paranavitana
OSi,,hāji,ref. of Vhaja?,,,"Sigiri PDF p. 478 (printed p. 470), column 1; OCR entry: ~ häji, abs. ref. of Vhaja?, 342, 416, 534.",paranavitana
OSi,,ħājin,f. of vhajana,,,"Sigiri PDF p. 478 (printed p. 470), column 1; OCR entry: ħäjin, prt. f. of vhajana, 251.",paranavitana
OSi,,hājinā,of vhajana,,,"Sigiri PDF p. 478 (printed p. 470), column 1; OCR entry: häjinä, abs. of vhajana, 75. ~ häje, 3rd sin. pr. ref. of vhaja?, 125. P; auto-review: low_ocr_confidence",paranavitana
OSi,,hānņdu,f. of vbanda [cf. Dhag. I E E,,,"Sigiri PDF p. 478 (printed p. 470), column 1; OCR entry: hänņdu, prt. f. of vbanda [cf. Dhag. I E E,; auto-review: low_ocr_confidence",paranavitana
OSi,,hāt,"elephant, 39häda, koe rn 86. hädaveya, 3r l sin. pr. cs. ref. of vħada?",,,"Sigiri PDF p. 478 (printed p. 470), column 1; OCR entry: hät, s. [Skt kastin, P- hatthi; cf. Dhag: 60], elephant, 39häda, koe rn 86. hädaveya, 3r l sin. pr. cs. ref. of vħada?, 333. -— hädi', 3rd. sin. p. of vhada?, I20. S4 -H e- A > e E 5# Dee oy ref. of vhada?, £> 408, 498, 504, 602.; auto-review: low_ocr_confidence",paranavitana
OSi,,hānā,LORETA TE,,,"Sigiri PDF p. 478 (printed p. 470), column 1; OCR entry: = hänä, abs. of vhani [cf. Dhpr. 171], LORETA TE; auto-review: low_ocr_confidence",paranavitana
OSi,,hāndā,219. sÀ,,,"Sigiri PDF p. 478 (printed p. 470), column 1; OCR entry: händä, abs, of vhandi-[cf. Svv. 78], 219. sÀ; auto-review: low_ocr_confidence",paranavitana
OSi,,hāndinā,,,,"Sigiri PDF p. 478 (printed p. 470), column 1; OCR entry: händinä, abs. of vhanduna [cf. händina, Dhag. 18], 538.; auto-review: missing_gloss",paranavitana
OSi,,hāmā,"all, cach and every, i 1395",,,"Sigiri PDF p. 478 (printed p. 470), column 1; OCR entry: hämä, a. [Skt. sarve, OS. Sava, EZ. HI. 122; cf. EZ. I. 129 and häma; Svv: 1], all, cach and every, i 1395. See also sämä.; auto-review: low_ocr_confidence",paranavitana
OSi,,hāmū,"of a vb. der. fr. Skt. i scarv, bit",,,"Sigiri PDF p. 478 (printed p. 470), column 1; OCR entry: - hämū, prt. of a vb. der. fr. Skt. i scarv, bit, 582.; auto-review: low_ocr_confidence",paranavitana
OSi,,hāyi,"of vhaya* [cf. häyi = P. A nikkaddhi, Dhag. 671",,,"Sigiri PDF p. 478 (printed p. 470), column 1; OCR entry: häyi, prt. of vhaya* [cf. häyi = P. A nikkaddhi, Dhag. 671, 473.; auto-review: low_ocr_confidence",paranavitana
OSi,,hāyu,,,,"Sigiri PDF p. 478 (printed p. 470), column 1; OCR entry: ` häyu, prt. f. rel. of vhaya? [cf. Ksm., v. 87], 25-; auto-review: missing_gloss;low_ocr_confidence",paranavitana
OSi,,hārā,"having left, 527-",,,"Sigiri PDF p. 478 (printed p. 470), column 1; OCR entry: härä, abs. of vhara [cf. Dhag. 24], having left, 527-",paranavitana
OSi,,hāli,mountain torrent,,,"Sigiri PDF p. 478 (printed p. 470), column 1; OCR entry: häli, s. [from gäli, prt. of vgala, q-v.; cf. Ksm., v. 256], mountain torrent, 595. MAAA SRATO SIN. DE. TCE CO: VIAVULA, “M628: g -hävī, Ean pP. e a 97.; auto-review: low_ocr_confidence",paranavitana
OSi,,hi,to be,,,"Sigiri PDF p. 478 (printed p. 470), column 2; OCR entry: hi?, s. [Skt. işu; cf. hë, Rm., v. 354], arrow. See hiyațt, hiyen. his a sin. p. of a vb. ‘to be’ [Skt. , e.g. vihi, 4 his 3rd sin. ribe, 44. i; auto-review: low_ocr_confidence",paranavitana
OSi,,hi‘,"of het, what is dropped",,,"Sigiri PDF p. 478 (printed p. 470), column 2; OCR entry: hi‘, prt. of het, what is dropped, 565. A o :; auto-review: low_ocr_confidence",paranavitana
OSi,,his,"of ~he, pre eded by abs. of another root",,,"Sigiri PDF p. 478 (printed p. 470), column 2; OCR entry: his, abs. of ~he, pre eded by abs. of another root, 117, 380, 5 10, 682.",paranavitana
OSi,,higa,[hīt k yal S tigaya*; 384- Re Aae D i grz,,,"Sigiri PDF p. 478 (printed p. 470), column 2; OCR entry: higa, a. [hīt k yal S tigaya*; 384- Re Aae D i grz; auto-review: low_ocr_confidence",paranavitana
OSi,,higuļa,"hole, aperture",,,"Sigiri PDF p. 478 (printed p. 470), column 2; OCR entry: higuļa, s. [P. chiggala; mod. S5. hila], hole, aperture; loc., - higulä, 482. RRAS AAT hij, der. of vhidit, same as id, remaining, 78. Ti; auto-review: low_ocr_confidence",paranavitana
OSi,,hija,"var, of hida, q.v",,,"Sigiri PDF p. 478 (printed p. 470), column 2; OCR entry: hija, s., var, of hida, q.v., 632, 679. ;; auto-review: low_ocr_confidence",paranavitana
OSi,,hija,of vhidit,,,"Sigiri PDF p. 478 (printed p. 470), column 2; OCR entry: hija?, abs. of vhidit, 663.",paranavitana
OSi,,hiņa,waist,,,"Sigiri PDF p. 478 (printed p. 470), column 2; OCR entry: hiņa, s. [Skt. sronī; cf. Jag. 128], waist, 384; loc., hinä [cf. Kvp. 145], 351; inst., hiņin, 222.",paranavitana
OSi,,hidat,heart,,,"Sigiri PDF p. 478 (printed p. 470), column 2; OCR entry: hidat, s. [Skt. krdaya; cf. Mdv., v. 120, Ksm., v. 438], heart, 208, 421, 424, 451, 683. See hidaya.",paranavitana
OSi,,hida,,,,"Sigiri PDF p. 478 (printed p. 470), column 2; OCR entry: hida?, abs, of vhidit, 683.; auto-review: missing_gloss",paranavitana
OSi,,hidaya,sin. of hidat,,,"Sigiri PDF p. 478 (printed p. 470), column 2; OCR entry: hidaya, nom. sin. of hidat, 92.",paranavitana
OSi,,hidit,,,,"Sigiri PDF p. 478 (printed p. 470), column 2; OCR entry: hidit, vb., e.f. of hindi, q.v. See hida?, hidi?, hidu, hun.; auto-review: missing_gloss",paranavitana
OSi,,hidi,of Vhidi' (rel.),,,"Sigiri PDF p. 478 (printed p. 470), column 2; OCR entry: hidi?, prt. of Vhidi' (rel.), 533, 641. hidu, imp. of vhidit, 234.",paranavitana
OSi,,hina,,,,"Sigiri PDF p. 478 (printed p. 470), column 2; OCR entry: hina, prt. ref. of Vhe, 462. hindä, abs; of vhindi [cf. Ksm., v. 328], 180, 198, 262.; auto-review: missing_gloss",paranavitana
OSi,,hindi,"ļ, to stand, stay, remain",,,"Sigiri PDF p. 478 (printed p. 470), column 2; OCR entry: hindi!, vb. [Skt. ssad, sīdati; P. sīdati; e.f. hidi, mod. S. iñdinava, innava]ļ, to stand, stay, remain. See hindä, hindi?—hinnan, hun—hunhu. Wia i h",paranavitana
OSi,,hindi,"a hindit, 3rd pl. pr. of vVhindi}",,,"Sigiri PDF p. 478 (printed p. 470), column 2; OCR entry: hindi?, prt. of vhindit (a.), 8, 20, 189, 223, 418; 475, 548, 5717, 634 650, 665, 682 [25]. a hindit, 3rd pl. pr. of vVhindi}, 635. hindina, pr. pt. of Ẹ„hindil; gen. pl. (rel), hindinayun, 110; a., hindina fef. Bs. 93l, 472; nom, sin. f., hindini, 569; acc. inf., — hindinu, 263; nom. sin. rel., hindinne, 537, 612; nom. pl. rel., hindinno, $. hindimini, gd, of vhindit, 14.",paranavitana
OSi,,hindiya,of shindi!,,,"Sigiri PDF p. 478 (printed p. 470), column 2; OCR entry: hindiya, cond. [Intr., § 478] of shindi!, 298.; auto-review: low_ocr_confidence",paranavitana
OSi,,hindiyan,"pl. of hindi? (rel.), 572",,,"Sigiri PDF p. 478 (printed p. 470), column 2; OCR entry: hindiyan, acc. pl. of hindi? (rel.), 572:",paranavitana
OSi,,hindiye,,,,"Sigiri PDF p. 478 (printed p. 470), column 2; OCR entry: hindiye, nom, of hindi? (inf.), 383. hindili, vn. of vhindi!, 628.; auto-review: missing_gloss",paranavitana
OSi,,hinde,,,,"Sigiri PDF p. 478 (printed p. 470), column 2; OCR entry: hinde, abs. of vhindi'’, e.f. of hindä, 492. hindnā, pr. pt. (a.) of vhindi', through hindinā [cf. Dag. 185], 643.; auto-review: missing_gloss",paranavitana
OSi,,hindno,"pl. (rel.) of vVhindi', through *hindino",,,"Sigiri PDF p. 478 (printed p. 470), column 2; OCR entry: hindno, nom. pl. (rel.) of vVhindi', through *hindino, 298. mod. 5. 1nnanj, 322.",paranavitana
OSi,,him,limit,,,"Sigiri PDF p. 478 (printed p. 470), column 3; OCR entry: him, s. [Skt. sīmã; cf. Ksm., v. 366], limit; nom, sin. indef., himak, 596. à; auto-review: low_ocr_confidence",paranavitana
OSi,,himaba,,,,"Sigiri PDF p. 478 (printed p. 470), column 3; OCR entry: himaba, voc. of himabi or himaba, 143. ; í; auto-review: missing_gloss",paranavitana
OSi,,himabi,"var. ` of himabu, q.v",,,"Sigiri PDF p. 478 (printed p. 470), column 3; OCR entry: himabi, cd. f. [himi+abi], var. ` of himabu, q.v., 34, 434; 505, - 548; voc., himabi, r16; nom. pl., himabin, 8; nom. sin., himabiya, 434; gen. pl., himabiyan, 74; dat. pl., himabiyanätța, 308;",paranavitana
OSi,,Sace,,,,"Sigiri PDF p. 478 (printed p. 470), column 3; OCR entry: Sace, a himabiyäka, 335; nom. pl, himabiyo, 31, Pari PFK; auto-review: missing_gloss;low_ocr_confidence",paranavitana
OSi,,himabu,,,,"Sigiri PDF p. 478 (printed p. 470), column 3; OCR entry: himabu, cd, f. [himi+-abu], var. of himambu, q.v., nom. sin., 133; voc. sin, 291; gen. pl., himabun, 420, 441, 658; voc. pl, himabuni, 208; gen. sin. indef., himabuyaka, 361; nom, or asg BER RAboyt, 187, 509; gen. pl, abuyun, 2, 351; nom, pl., himabuhu, 8ọ. i; auto-review: missing_gloss",paranavitana
OSi,,himambi,,,,"Sigiri PDF p. 478 (printed p. 470), column 3; OCR entry: himambi, cd. f, var. of himabi, gen. sin, himambiya, 273.; auto-review: missing_gloss",paranavitana
OSi,,himambu,"lord’s - wife, lady",,,"Sigiri PDF p. 478 (printed p. 470), column 3; OCR entry: himambu, cd. f. [bimi--ambu; cf. ge-himambuva =P. gahaparānī,, Dhag. 64; lf. häňbu, S A i a TI. 68], lord’s - wife, lady, 43, 521; gen. sin., himambuyun, 173himi; s. [Skt. suõmin; cf. Kj., v. 151], lord, husband, 3, 27,33; 283, 309, 414, 432, 446, 496, 518, 522, 564, 573, 604, 673; voc. [cf. Amv. 42], 115, 134. See himin— himiyana-ge; himiyami,.",paranavitana
OSi,,himin,or gen. sin. of himi,,,"Sigiri PDF p. 478 (printed p. 470), column 3; OCR entry: himin, acc. or gen. sin. of himi, 34, 165, 309, 311, 319, 596.",paranavitana
OSi,,himiya,,,,"Sigiri PDF p. 478 (printed p. 470), column 3; OCR entry: himiya, nom. sin. of himi, 109, tar. himiyan, (1) acc. of himi, 45, 81, 350; (2) gen. of himi [cf. Kss., v. 301], 47, 52, 56, 177223, 275» 387, 422, 462, 545, 569, 650 [19].; auto-review: missing_gloss",paranavitana
OSi,,himiyana,of himi,,,"Sigiri PDF p. 478 (printed p. 470), column 3; OCR entry: himiyana, gen. of himi, 61, 134, 382.",paranavitana
OSi,,himiyana-ge,"of himi, with postposition ġe",,,"Sigiri PDF p. 478 (printed p. 470), column 3; OCR entry: himiyana-ge, gen. of himi, with postposition ġe, 187.; auto-review: low_ocr_confidence",paranavitana
OSi,,himiyabi,,,,"Sigiri PDF p. 478 (printed p. 470), column 3; OCR entry: himiyabi, cd. f. [himi + abi; var. of himabi], 14.; auto-review: missing_gloss",paranavitana
OSi,,himiyabu,"gen., himiyabuyun",,,"Sigiri PDF p. 478 (printed p. 470), column 3; OCR entry: himiyabu, cd. f. [bimi -+ abu; var. of himabuj], gen., himiyabuyun, 543.",paranavitana
OSi,,himiya-mi,"sin. of himi, and mi",,,"Sigiri PDF p. 478 (printed p. 470), column 3; OCR entry: himiya-mi, nom. sin. of himi, and mi, 93.",paranavitana
OSi,,himiyambu,voc,,,"Sigiri PDF p. 478 (printed p. 470), column 3; OCR entry: himiyambu, cd. f. [himi + ambu; var. of himabu, cf. Esl. 20], voc., 452; nom. sin., himiyambuyu (title), 266; acc. sin. indef., himiyambuyuk, 317; dat. sin., himiyambuyuțta, 272; voc. pl, himiyambuyen, 337.",paranavitana
OSi,,himiyā,,,,"Sigiri PDF p. 478 (printed p. 470), column 3; OCR entry: himiyā, gen. sin., of himi [cf. Dhag. 143], 68, 199, 217, 286, 384, 543, 627- 9/9»; auto-review: missing_gloss",paranavitana
OSi,,himiye mi,sin. of himi and mi,,,"Sigiri PDF p. 479 (printed p. 471), column 1; OCR entry: himiye mi, nom. sin. of himi and mi, 4. k",paranavitana
OSi,,hiyaț,of hi',,,"Sigiri PDF p. 479 (printed p. 471), column 1; OCR entry: hiyaț, dat. of hi', 291,",paranavitana
OSi,,hiyaru,"[Skt. sva-rupa = *siyarul, nature, manner, coquettishness",,,"Sigiri PDF p. 479 (printed p. 471), column 1; OCR entry: hiyaru, s. [Skt. sva-rupa = *siyarul, nature, manner, coquettishness, 362.",paranavitana
OSi,,hiyil,"cool, 1r",,,"Sigiri PDF p. 479 (printed p. 471), column 1; OCR entry: hiyil, a. [Skt._śītala; cf. mod, ""S. hīl], cool, 1r.; auto-review: low_ocr_confidence",paranavitana
OSi,,iyen,"364. i hir; s. [mod. S. hiri], a kind of weéd or rush which gro ws in marshy fields",,,"Sigiri PDF p. 479 (printed p. 471), column 1; OCR entry: iyen, inst. of hit [cf. kiyen, Dhpr. 222], 364. i hir; s. [mod. S. hiri], a kind of weéd or rush which gro ws in marshy fields, 605. ki +A",paranavitana
OSi,,hiri,"shame, shyness; cd., hiriyättīi [hiri + ättī]; ace., hiris yätta",,,"Sigiri PDF p. 479 (printed p. 471), column 1; OCR entry: hiri, s. [Skt. Arī, P. hiris cf. Bs. 211], shame, shyness; cd., hiriyättīi [hiri + ättī]; ace., hiris yätta, 357; hiri-vätți"" [cf. mod. S. hiri vätena va], 395.",paranavitana
OSi,,hiru,sun,,,"Sigiri PDF p. 479 (printed p. 471), column 1; OCR entry: hiru, s. [Skt. sūrya; cf. Sbl, v. 117], sun, 239. ; hiva, vb. [Skt. sīvu; cf. hivannata = P. sibbetum, hag: T54; hivannața = P. sibbitum, Kss., V 266and hivamin = P. anu-sibbantā. . Mbg. 139], to sew. See hūt.",paranavitana
OSi,,his,"empty, 492-",,,"Sigiri PDF p. 479 (printed p. 471), column 1; OCR entry: “his!, a. [Skt. tuccha; cf: Kj., V 363], empty, 492-; auto-review: low_ocr_confidence",paranavitana
OSi,,his,head,,,"Sigiri PDF p. 479 (printed p. 471), column 1; OCR entry: his?, s. [Skt. Srsa, P. sīsa; c£. L hag 101], head, 186; loc., R [cf hisä, Dhag. 119), 685; inst. hisini, 328, 653; With u addes for rhyme, hisu, 44; inst., hisni 107; cd., his-matte, loc. 186 loc., his'hi [cf. Jag. 110], 71 - 306.",paranavitana
OSi,,hīt,(1) having fallen down,,,"Sigiri PDF p. 479 (printed p. 471), column 1; OCR entry: hīt, abs. of het [cf. Sdu., v. 276] (1) having fallen down, 73, 251 445; (2) having declined, 549.",paranavitana
OSi,,hī*,,,,"Sigiri PDF p. 479 (printed p. 471), column 1; OCR entry: hī*, abs. of vhe?, having peo in comp. vb: [cf. vinda hī, Dhi 296], 22, 409, 587, 589, 590, 63 661, 680. hil [Skt. stala; same in mod: S “Lf, of hiyil], cool, 419. M of ~hel, 92.; auto-review: missing_gloss",paranavitana
OSi,,hunt,"ref. of vhidi?, stood",,,"Sigiri PDF p. 479 (printed p. 471), column 1; OCR entry: hunt, prt. ref. of vhidi?, stood, 38. 416.; auto-review: low_ocr_confidence",paranavitana
OSi,,hunat,bamboo,,,"Sigiri PDF p. 479 (printed p. 471), column 1; OCR entry: hunat, s, [Skt. venu; cf: hunu, Dha 65, mod. $. una], bamboo, 100",paranavitana
OSi,,huņa,,,,"Sigiri PDF p. 479 (printed p. 471), column 1; OCR entry: huņa?, prt. ref. of yhet [cf. hun Kskh. XI, 2]; 33, 41, 357% 37 See huņuyuhu. huņa'-akara, cda; T06. ;; auto-review: missing_gloss;low_ocr_confidence",paranavitana
OSi,,huņuyahu,"pl. of hun: (rel.), 509-",,,"Sigiri PDF p. 479 (printed p. 471), column 1; OCR entry: huņuyahu, nom. pl. of hun: (rel.), 509-",paranavitana
OSi,,hudukalā,alone,,,"Sigiri PDF p. 479 (printed p. 471), column 1; OCR entry: . hudukalā, cd., a [hudu = S} śuddha, purely, solely; and eka (cf. Dhag. 31 = Skt. eka wi pleon. -la, alone; cf. hudak lemi, Svv. 86], alone, 606.",paranavitana
OSi,,hun,,,,"Sigiri PDF p. 479 (printed p. 471), column 1; OCR entry: hun, prt. of vhindi* [cf. Svv. € e.f. huna], 49, 146, 182, 229, 26 334, 461, 512, Sce hunhu.; auto-review: missing_gloss",paranavitana
OSi,,huna,"roar, noise, 2225 Yi: aa M noy",,,"Sigiri PDF p. 479 (printed p. 471), column 1; OCR entry: huna, e.f. of hun; nom, pl. (rel hunaha, 133. hunā, huna with a lengthene metris causa, 357ia 1 . q A : F gA Aa v. 123], roar, noise, 2225 Yi: aa M noy; auto-review: low_ocr_confidence",paranavitana
OSi,,hū,"| hela, sewn, joined, bound with fetters, S53, 125- | ins",,,"Sigiri PDF p. 479 (printed p. 471), column 2; OCR entry: hū!, prt. gf shiva [Skt. syäta =| her *#sutà > *huya > *huyu > hū], | hela, sewn, joined, bound with fetters, S53, 125- | ins",paranavitana
OSi,,hū,"what has | heéla, flowed ai E ""Sa",,,"Sigiri PDF p. 479 (printed p. 471), column 2; OCR entry: hū, prt. of a vb, derived from:Skt. | hef, : sru [sruta > *suta > *suya S | ó 2 *suyųu => *h => hū], what has | heéla, flowed ai E ""Sa; auto-review: low_ocr_confidence",paranavitana
OSi,,hū’,"het, iR a",,,"Sigiri PDF p. 479 (printed p. 471), column 2; OCR entry: hū’, s. [Skt: kūjita oronomat.; mod. | Is]: het, iR a ; cf. hena, Bga., v- | 33 S. kül, cry, shriek, 595- | heli, _ 16], to fall down, declines -See | hełil h, Pauna heņa. | q; auto-review: low_ocr_confidence",paranavitana
OSi,,he,to be able,,,"Sigiri PDF p. 479 (printed p. 471), column 2; OCR entry: he?, vb, [Skt. Aśak; cf. biniya hena, | helil Bs. 197], to be able. See hana,| da “hi?, het, hemha, hey, heyi. bi he, 3rd sin. pr. of vb. der. fr. Skt: | heli",paranavitana
OSi,,bhū,"(1) m., he, þı 34",,,"Sigiri PDF p. 479 (printed p. 471), column 2; OCR entry: bhū, var. of veř; cf. Hindi hēļ,| q- 120; 637, 641- bi het, 3rd sin. pr. ref. of vhe?, gata | heļi he, 313- & q bež, prn., m. & mn. [e.f. of e', Intr., bi § 373; c£ Dhpr. 128], (1) m., he, þı 34, 40,137, 395; 465; (2) na it, | heli 574, 615; (3) a., 292. -l",paranavitana
OSi,,hekita,"of a vb. equivalent to D Skt. však, followed by -tā. h",,,"Sigiri PDF p. 479 (printed p. 471), column 2; OCR entry: hekita, cond. of a vb. equivalent to D Skt. však, followed by -tā. h",paranavitana
OSi,,heguna,"felt, 578- hel",,,"Sigiri PDF p. 479 (printed p. 471), column 2; OCR entry: heguna, prt. ref. of vhańga [cf. 3 häñgune, Bs. 153], felt, 578- hel",paranavitana
OSi,,heji,"of vhaja?, 345- d",,,"Sigiri PDF p. 479 (printed p. 471), column 2; OCR entry: heji, prt. of vhaja?, 345- d",paranavitana
OSi,,hejīi,of vhaja?,,,"Sigiri PDF p. 479 (printed p. 471), column 2; OCR entry: hejīi, abs. of vhaja?, 8. I",paranavitana
OSi,,hejuyu,~vhaja?,,,"Sigiri PDF p. 479 (printed p. 471), column 2; OCR entry: hejuyu, nom. pl. of prt. (rel.) of | he] ~vhaja?, 8. d hejeyi, 3rd sin. pr. ref. of Vhaja*,| n 529. i 2",paranavitana
OSi,,hejevi,2 händi; Dhag. 62),,,"Sigiri PDF p. 479 (printed p. 471), column 2; OCR entry: hejevi, prt. cs. of Vhaja?, 262. | ME heņdi, 3rd sin. p, of Vhaņda [cf] 2 händi; Dhag. 62), 464. _ | hel; auto-review: low_ocr_confidence",paranavitana
OSi,,het,"526- HF hena, p pt: of vhe, (1) a, Tef. chel . payuna a8",,,"Sigiri PDF p. 479 (printed p. 471), column 2; OCR entry: het, cond. of Vhet [cf. het het, Bs.|. f airh a, Ksm. V. 305], 526- HF hena, p pt: of vhe, (1) a, Tef. chel . payuna a8, 26, 300 400 S80) bebi borit oba Í f. Dhpr. 261], | he: n 24 Q. Te # VAG oN N, 4 ‘ho; auto-review: low_ocr_confidence",paranavitana
OSi,,hem,"reaso i, cause",,,"Sigiri PDF p. 479 (printed p. 471), column 2; OCR entry: hem, s. [Skt. hema; cf. Ksma v hemha, ist pl. pr. of S ed | ho 2 | heyt, 3rd sin. pr. e3444 h0 beren E Skt. hêtu; cf; heya- ` , |- -kin Kop: 86], reaso i, cause. See TA heyin—heyni. . |ho ı | heyi, 3rd sin, pr. of vhe; 2 ggh heyin, inst: of hey? or heya [cf. „| Kskh. Xiao), 6, 114; 214, 414 j, | heyen, inst. of hey or hey a, 203. a: ;; auto-review: low_ocr_confidence",paranavitana
OSi,,heynit,"Ceylon; cd., hela-divi, ad of Ceylon, 293yame as eliyg.v. [cf Mdv., V. open",,,"Sigiri PDF p. 479 (printed p. 471), column 2; OCR entry: heynit, inst. of hey*, 395, 678. |%€ p EF, } "". D NA Ha X À i WE h AA T J se; followed by- wb. mi, mimi, 88. t ; [Lf of sela; same in mod. röck, mountain, precipice; , helin, 73. [Skt. syeta""or sweta; cf. hëla, 41), white. See hel-patțin. n, pre [Skt Simhala;, P. la], Ceylon; cd., hela-divi, ad of Ceylon, 293yame as eliyg.v. [cf Mdv., V. open, 439, 537» 573-; auto-review: low_ocr_confidence",paranavitana
OSi,,bat,sin. of helilabi,,,"Sigiri PDF p. 479 (printed p. 471), column 3; OCR entry: bat, dat. sin. of helilabi, 363.; auto-review: low_ocr_confidence",paranavitana
OSi,,bi,fair ; isel,,,"Sigiri PDF p. 479 (printed p. 471), column 3; OCR entry: bi, cd. f. [heļili + abi], fair ; isel; nom., sin. indef., helila< uka, 119.",paranavitana
OSi,,mbu,"fair one; ace. pl., lillan [cf. helilläta, Dhpr. 254], >",,,"Sigiri PDF p. 479 (printed p. 471), column 3; OCR entry: mbu, var, of helillambu, .; nom. sin. indef., hetilamyuka, 30. alabi, orth; var. of belillabi, .; nom. sin. indef., helilala- i raka, 166; ace. pl., Belilalayuna, 159. i [hela, same as hel + pleon. = cf. helļaliya= P. odātāya, ag. 118], fair one; ace. pl., lillan [cf. helilläta, Dhpr. 254], >, 367; gen. sin., helillā, 219.",paranavitana
OSi,,labi,,,,"Sigiri PDF p. 479 (printed p. 471), column 3; OCR entry: labi, cd, [ħeļili + abiJ, fair msel; voc. pl., helillabiyän, o; helillabiyen, 428.; auto-review: missing_gloss",paranavitana
OSi,,labu,fair msel,,,"Sigiri PDF p. 479 (printed p. 471), column 3; OCR entry: labu, cd. [heļili + abu], fair msel, 373, 626; voc. sin., 4143 m. sin. indef, helillabuyaku, ; acc, orgen. pl., helillabuyun; „314,412, 584, ħelļillabuyuna, 6.; auto-review: low_ocr_confidence",paranavitana
OSi,,ilambi,"r damsel, voca 5200c. pl., Jillambiyen",,,"Sigiri PDF p. 479 (printed p. 471), column 3; OCR entry: ilambi, cd. [belili-+ambi], r damsel, voca 5200c. pl., Jillambiyen, 35, 75-; auto-review: low_ocr_confidence",paranavitana
OSi,,llambu,fair damsel,,,"Sigiri PDF p. 479 (printed p. 471), column 3; OCR entry: llambu, cd. C oW _ Sdsg- 58], fair damsel, 218, c. pl, helillambuyun, rog, q; heļillambuyunan, 397.; auto-review: low_ocr_confidence",paranavitana
OSi,,pațin,i ‘s. [Skt. asoka,,,"Sigiri PDF p. 479 (printed p. 471), column 3; OCR entry: pațin, cd., inst, 343- PIN ` prn. f. of he® [cf: Dhpr. 147), e, T0, 47, 166, 305, 313, 351; 6,472, 486, 659 [i7]: i ‘s. [Skt. asoka; cf. Svv. 65s 5bl., ` 373], a tree, Saraca indica. ce ho-dala. i ,indėc, [Skt. aho; cf. Sov. 55, hpr. 133], expressive of doubt, i 31, 240, 207,464, 509, 518, 532: l „indec. [for der, see Intr., TAE 473 et séqy cf. Dhpr. 96h > article expressive of -doubt — ~ ming after cond., 122, 148, 150, i: È jo, 288; 323; 333 493,1618, 1, f T ; e.f. of hot [¢f. Ksm., v: 354) 9; 158. in, var: of hot [cf Amv. 92] 9I. A; auto-review: low_ocr_confidence",paranavitana
OSi,,îna,,,,"Sigiri PDF p. 479 (printed p. 471), column 3; OCR entry: îna, e.f. of hotin, 625: a AEn 6 `% j R w pr., MODIYLE (CI. noD, Amv. 20j, 36. See also hebi.; auto-review: missing_gloss;low_ocr_confidence",paranavitana
OSi,,hoya,"to sleep; 3rd pl. pr., hovit",,,"Sigiri PDF p. 480 (printed p. 472), column 1; OCR entry: hoya, vb. [Skt. vsvap; cf. hovi = P. seti, Vds. 592], to sleep; 3rd pl. pr., hovit, 251. "" à $ we n PA ¥ ARENA; auto-review: low_ocr_confidence",paranavitana
OSi,,Jat,"heart; breast, mind",,,"Sigiri PDF p. 480 (printed p. 472), column 1; OCR entry: Jat, s. [Skt, Ard > *hada (cf. Pkthadakka), > #haļa > *ļaha > #lā > la; cf. la = P. ura, Dhag. 10a Rm y.. 93], heart; breast, mind, 10, 51, 102, 158, 201, 270, 316, 353, 432, 484, 554, 633 [53]. See len, lehi.; auto-review: low_ocr_confidence",paranavitana
OSi,,ļa,tender; young,,,"Sigiri PDF p. 480 (printed p. 472), column 1; OCR entry: ļa?, a. [Skt. ērdra or:rdu; T. iļa; cf. Dhpr. 299], tender; young, 64, 91, 394, 467, 595.; auto-review: low_ocr_confidence",paranavitana
OSi,,Jai-ati,to'faise,,,"Sigiri PDF p. 480 (printed p. 472), column 1; OCR entry: Jai-ati®, cd., possessing a heart, + g “e 7 si y s A z HII. 223], to'faise. See naga. la-gob-pat; Ksm, v. 240]; 394. CEA And every heart at-tävli, ëd., bu rning“ of eart i e WE a s A Cas; auto-review: low_ocr_confidence",paranavitana
OSi,,ada,,,,"Sigiri PDF p. 480 (printed p. 472), column 2; OCR entry: ada, a, [la* + da= Skt: jātika var. a cf. BvL young tender, 138, 288, 475. Sce adun wh ? i & ; ’ Foha F : F tE pe NSG TAR EAA a A Ld . ERAT A O ai Pie RY; auto-review: missing_gloss;low_ocr_confidence",paranavitana
OSi,,Jař-dolo,,,,"Sigiri PDF p. 480 (printed p. 472), column 3; OCR entry: Jař-dolo, cd., heart-burning, 28 kasi at. of fada [cf Ksih. `; auto-review: missing_gloss;low_ocr_confidence",paranavitana
OSi,,Ja?-pat,,,,"Sigiri PDF p. 480 (printed p. 472), column 3; OCR entry: Ja?-pat?, cd., tender leaves; g sin. indef., ļa-pataka, 187.; auto-review: missing_gloss;low_ocr_confidence;uncertain_glyph",paranavitana
OSi,,lļa?-palu,,,,"Sigiri PDF p. 480 (printed p. 472), column 3; OCR entry: lļa?-palu, cd. [cf. Mdv., v. 14 _ tendersprouts, 394, 595; acc. s indef., ļa-pallak, or. ; ļat-vat, der., lover, 531, <; auto-review: missing_gloss;low_ocr_confidence;uncertain_glyph",paranavitana
OSi,,Jat-sov,,,,"Sigiri PDF p. 480 (printed p. 472), column 3; OCR entry: Jat-sov, cd., 340. 0 0; auto-review: missing_gloss;low_ocr_confidence",paranavitana
OSi,,lāgu,245. >i,,,"Sigiri PDF p. 480 (printed p. 472), column 3; OCR entry: lägu, prt. of Vlaga [cf Jäñge Dhag. 84], 245. >i; auto-review: low_ocr_confidence",paranavitana
OSi,,len,of ļa!,,,"Sigiri PDF p. 480 (printed p. 472), column 3; OCR entry: len, inst. of ļa!, 278, 532. J; auto-review: low_ocr_confidence",paranavitana
OSi,,ļehi,2 i: at 4 AEE,,,"Sigiri PDF p. 480 (printed p. 472), column 3; OCR entry: ļehi, loc, of la! [cf. Dhpr. 248], 2 i: at 4 AEE; auto-review: low_ocr_confidence",paranavitana
OSi,,F,,,,"Sigiri PDF p. 480 (printed p. 472), column 3; OCR entry: F, a A9 Sa Å: OR Ad T 3 f i £ >h iio = ep R N DR p s pehs i n T ” y ` < P ES y E EN Waet A - g å 7 vi; auto-review: missing_gloss;low_ocr_confidence",paranavitana
