ID,Latitude,Longitude,Method,Source,Note
nubri_sama,28.5846748,84.6440443,openstreetmap,OSM node 1078765424,"सामागाउ‌‍‍‍, Chum Nubri, गोरखा, गण्डकी प्रदेश, नेपाल"
nubri_lho,28.574047,84.7019922,openstreetmap,OSM node 1782474498,"Lho, Chum Nubri, गोरखा, गण्डकी प्रदेश, नेपाल"
nubri_namrung,28.5450595,84.767884,openstreetmap,OSM node 11741261311,"Namrung, Chum Nubri, गोरखा, गण्डकी प्रदेश, नेपाल"
nubri_prok,28.5212042,84.8338395,openstreetmap,OSM node 9364209682,"Prok, Chum Nubri, गोरखा, गण्डकी प्रदेश, नेपाल"
tsum_chekampar,28.47291,85.0839,gazetteer-area,GeoNames 10318012,administrative area point
southern_ghale_barpak,28.202909,84.744514,openstreetmap,OSM node 3386580344,"Barpak, Sulikot, गोरखा, गण्डकी प्रदेश, नेपाल"
southern_ghale_kyaura,28.102,84.705,manual-map,Saurpani locality context,approximate village display point
southern_ghale_laprak,28.2191492,84.8013991,openstreetmap,OSM node 3386661752,"Laprak, Dharche, गोरखा, गण्डकी प्रदेश, नेपाल"
northern_ghale_jagat,28.351414,84.8958597,openstreetmap,OSM node 1078765998,"Jagat, Chum Nubri, गोरखा, गण्डकी प्रदेश, नेपाल"
northern_ghale_philim,28.3933175,84.8966189,openstreetmap,OSM node 1046601963,"Philim, Chum Nubri, गोरखा, गण्डकी प्रदेश, नेपाल"
northern_ghale_uiya,28.28459,84.88885,gazetteer,GeoNames 7997392,
northern_ghale_khorla,28.2428629,84.866161,openstreetmap,OSM way 340546877,"Khorla, Dharche-03, Machhakhola, Dharche, गोरखा, गण्डकी प्रदेश, नेपाल"
northern_ghale_nyak,28.4435327,84.8936869,openstreetmap,OSM node 1781687924,"Nyak, Chum Nubri, गोरखा, गण्डकी प्रदेश, नेपाल"
kutang_ghale_bihi,28.508284,84.862465,openstreetmap,OSM node 3494189593,"Bihi, Chum Nubri-05, Gyayoul, Chum Nubri, गोरखा, गण्डकी प्रदेश, नेपाल"
kutang_ghale_chyak,28.53,84.84,manual-map,Kutang survey map,approximate village display point
kutang_ghale_rana,28.55,84.79,manual-map,Kutang survey map,corrects unrelated southern Nepal match; approximate
eastern_gorkha_tamang_keraunja,28.3098002,84.9034686,openstreetmap,OSM node 4845077901,"Keraunja, Dharche-01, Dobhan, Dharche, गोरखा, गण्डकी प्रदेश, नेपाल"
western_tamang_lamagara,28.02,85.04,manual-map,Midkot survey locality context,approximate; rejects same-name western Nepal result
brahui_rakhshan,28.383675,64.1757536,openstreetmap,OSM relation 16653787,"رخشان ڈویژن, بلوچستان, پاکستان"
kurux_lochani,26.64008,87.31626,gazetteer,GeoNames 7970190,
kurux_bhokraha,26.6069849,87.125895,openstreetmap,OSM node 5048183051,"Bhokraha, Bhokraha-04, भोक्राहा नरसिंह, भोक्राहा नरसिंह गाउँपालिका, सुनसरी जिल्ला, कोशी प्रदेश, नेपाल"
kurux_siddhapur,27.16,84.88,manual-map,Parsa district locality context,approximate; rejects same-name eastern Nepal result
kurux_tokla,26.72229,88.15386,gazetteer,GeoNames 7953940,
loke_lo_manthang,29.18391,83.96267,gazetteer,GeoNames 1283080,
loke_ghiling,28.9438,83.8184,manual-map,Upper Mustang settlement map,
loke_chhosher,29.145,83.958,manual-map,Upper Mustang settlement map,approximate village center
loke_jharkot,28.81937,83.84811,gazetteer,GeoNames 6941673,
loke_kagbeni,28.83717,83.78363,gazetteer,GeoNames 1283278,
thakali_tukuche,28.7108973,83.6452283,openstreetmap,OSM node 5669668358,"Tukuche, Thasang, मुस्ताङ, गण्डकी प्रदेश, नेपाल"
thakali_marpha,28.751913,83.686234,openstreetmap,OSM way 180611195,"Marpha, Gharapjhong-02, Gharapjhong, मुस्ताङ, गण्डकी प्रदेश, नेपाल"
thakali_thini,28.7688847,83.7225591,openstreetmap,OSM way 352604043,"Thini Kola, Khutsab Terenga Gumba, Gharapjhong-05, Thinigaon, Gharapjhong, मुस्ताङ, गण्डकी प्रदेश, नेपाल"
thakali_syang,28.7752908,83.7080823,openstreetmap,OSM node 1910417085,"Syāng, Gharapjhong, मुस्ताङ, गण्डकी प्रदेश, नेपाल"
maikoti_maikot,28.6765833,82.8774444,survey-gps,Maikoti Kham survey appendix,
maikoti_ranma,28.7006389,82.8578611,survey-gps,Maikoti Kham survey appendix,
maikoti_arjal,28.6791667,82.8160833,survey-gps,Maikoti Kham survey appendix,
maikoti_hukam,28.6742222,82.85825,survey-gps,Maikoti Kham survey appendix,
kochila_morang_east,26.56281,87.33297,gazetteer,GeoNames 7971221,
kochila_bara_west,27.0487916,85.3098587,openstreetmap,OSM way 1229111531,"Simara Bhawanipur, गुजरा नगरपालिका, रौतहट जिल्ला, मधेश प्रदेश, नेपाल"
kochila_siraha_central,26.70755,86.4431,gazetteer,GeoNames 7996357,
majhi_kunauri,27.3742833,86.0344333,survey-gps,Majhi/Bote survey appendix,Appendix prints E06; interpreted as E086 from the site and companion entries
majhi_gaikura,27.4035667,86.0661,survey-gps,Majhi/Bote survey appendix,
majhi_majhigau,27.2640167,86.66495,survey-gps,Majhi/Bote survey appendix,
majhi_pachuwar,27.5465167,85.7642167,survey-gps,Majhi/Bote survey appendix,
bote_kawasoti,27.5701167,84.1034667,survey-gps,Majhi/Bote survey appendix,
bote_madi,27.5037167,84.18,survey-gps,Majhi/Bote survey appendix,longitude is truncated in extracted appendix; set from Madi/Pandapnagar map context
kudiya_g1,12.42149,75.7387543,gazetteer,OpenStreetMap node for Madikeri,source code G1 only identifies the taluk
kudiya_k1,12.315,75.09,manual-map,Hosdurg/Kanhangad taluk context,source code K1 only identifies the taluk
dotyali_doti,29.2494503,80.9506457,openstreetmap,OSM node 10603359883,"Gholtada, Dipayal Silgadi-05, दिपायल, Dipayal Silgadi, डोटी, सुदूरपश्चिम प्रदेश, नेपाल"
dotyali_baitadi,29.53715,80.70543,gazetteer,GeoNames 7981926,
dotyali_darchula,29.6900645,80.6069041,openstreetmap,OSM node 3382576348,"Dethala, Shailyashikhar, दार्चुला, सुदूरपश्चिम प्रदेश, नेपाल"
dotyali_bajhang,29.5508851,81.1963195,openstreetmap,OSM node 3382453093,"Chainpur, JayaPrithvi, बझाङ, सुदूरपश्चिम प्रदेश, नेपाल"
gurung_ajirkot,28.1515556,84.6400667,survey-gps,Gurung survey appendix,
gurung_pyarjung,28.15512,84.53017,gazetteer,GeoNames 7966927,wordlist was collected in Kathmandu; point is the named home village
gurung_maling,28.2358778,84.2890833,survey-gps,Gurung survey appendix,
gurung_yangjakot,28.2500361,84.1020167,survey-gps,Gurung survey appendix,
gurung_birethanti,28.3096694,84.775225,survey-gps,Gurung survey appendix,GPS is for Mohoria/Dangsing survey site near Birethanti
gurung_bhurdumpola,28.1376361,83.8189667,survey-gps,Gurung survey appendix,
humla_til,30.2215333,81.4525667,survey-gps,Humla Tibetan survey appendix,
humla_muchu,30.0664833,81.5416333,survey-gps,Humla Tibetan survey appendix,
humla_yalbang,30.05763,81.62784,gazetteer,GeoNames 7951131,
humla_kermi,30.0511667,81.6928333,survey-gps,Humla Tibetan survey appendix,
humla_yakpa,30.0366667,81.8215,survey-gps,Humla Tibetan survey appendix,
humla_bargaun,29.959,81.8526667,survey-gps,Humla Tibetan survey appendix,
humla_dojam,29.9536667,81.9245,survey-gps,Humla Tibetan survey appendix,
eastern_gorkha_tamang_kashigaun,28.1917778,84.8983722,survey-gps,Western Tamang survey appendix,
western_tamang_jharlang,28.1237778,85.0366944,survey-gps,Western Tamang survey appendix,
western_tamang_sahugaun,27.97637,85.15427,gazetteer,GeoNames 7974918,
eastern_magar_dhankuta,26.8835778,87.4974194,survey-gps,Eastern Magar survey appendix,
eastern_magar_nawalparasi,27.7983889,84.1529722,survey-gps,Eastern Magar survey appendix,
eastern_magar_panchthar,27.18025,87.9301111,survey-gps,Eastern Magar survey appendix,
eastern_magar_sarlahi,27.0530833,85.6330278,survey-gps,Eastern Magar survey appendix,
lohorung_angala,27.44285,87.16231,gazetteer,GeoNames 7990551,
lohorung_dhupu,27.4257,87.27035,gazetteer,GeoNames 7990382,village point rather than administrative centroid
lohorung_gairi_pangma,27.4215145,87.1863968,openstreetmap,OSM node 6301604836,"Gairi Pangma, खाँदबारी नगरपालिका, सङ्खुवासभा जिल्ला, कोशी प्रदेश, नेपाल"
southern_yamphu_devitar,27.4622833,87.2761833,survey-gps,Yamphu survey appendix,
southern_yamphu_rajarani,26.8922167,87.4135833,survey-gps,Yamphu survey appendix,
yamphu_hedangna,27.5846667,87.3166167,survey-gps,Yamphu survey appendix,
yamphu_khoktak,27.5420167,87.2939333,survey-gps,Yamphu survey appendix,
yamphu_num,27.53749,87.30097,gazetteer-area,GeoNames 7802325,
yamphu_seduwa,27.5774333,87.26195,survey-gps,Yamphu survey appendix,
pahari_salintar,27.59928,85.31391,gazetteer,GeoNames 7965469,
pahari_sikharpa,27.561794,85.3192617,openstreetmap,OSM node 4556834340,"सिखरपा, Godawari-06, गोदावरी नगरपालिका, ललितपुर जिल्ला, बागमती प्रदेश, 44760, नेपाल"
pahari_maasdada,27.55,85.31,manual-map,Godawari survey map,approximate Maasdada/Pachma display point
pahari_sakhatar,27.2203744,85.4708433,openstreetmap,OSM node 8291539605,"साखरतर, Bagmati-02, बागमती गाउँपालिका, मकवानपुर जिल्ला, बागमती प्रदेश, नेपाल"
pahari_jamune,27.67371,85.78769,gazetteer,GeoNames 7995517,
naaba_pibu,27.78,87.36,manual-map,Naaba survey map; Pibu/Ridak in Bhotkhola,approximate village display point
naaba_kimathanka,27.8567209,87.4188354,openstreetmap,OSM node 4634367032,"किमाथान्का, भोटखोला गाउँपालिका, सङ्खुवासभा जिल्ला, कोशी प्रदेश, नेपाल"
rabha_rongdani,25.6,90.62,survey-map,Rabha survey map,approximate Naguapara display point
rabha_maituri,25.56,90.7,survey-map,Rabha survey map,approximate Boro Paham display point
puroik_phereng,27.64,93.58,manual-map,Puroik survey map,approximate
puroik_gari,27.55,93.58,manual-map,Mengio survey locality context,approximate
puroik_chug,27.418,92.238,manual-map,Parchu/Chug survey locality context,approximate
puroik_paji,27.6814779,93.4919079,openstreetmap,OSM node 10007405067,"Paji, Nyapin ADC, Kurung Kumey, Arunachal Pradesh, India"
bugun_singchung,27.2018151,92.4772724,openstreetmap,OSM way 513813489,"Singchung, Singchung ADC, West Kameng, Arunachal Pradesh, India"
bugun_wangho,27.22,92.49,manual-map,Bugun survey map,approximate
bugun_bichom,27.3048995,92.6122758,openstreetmap,OSM node 10925710466,"Bichom, Singchung ADC, West Kameng, Arunachal Pradesh, India"
bugun_kaspi,27.20627,92.56119,openstreetmap,OSM node 342099652,"New Kaspi, Jamiri Circle, West Kameng, Arunachal Pradesh, India"
bugun_namphri,27.23,92.53,manual-map,Bugun survey map,approximate
tagin_sippi,28.0669127,94.1686586,openstreetmap,OSM way 1348429021,"Sippi Village, Segi Gusar Circle, Upper Subansiri, Arunachal Pradesh, India"
tagin_nacho,28.3949883,93.8379715,openstreetmap,OSM node 4474732777,"Nacho, Nacho SDO, Upper Subansiri, Arunachal Pradesh, India"
tagin_baki,28.2,94.02,manual-map,Siyum survey locality context,approximate
tagin_taliha,28.2334755,94.1473547,openstreetmap,OSM node 6815432688,"Taliha, Taliha ADC, Upper Subansiri, Arunachal Pradesh, 791122, India"
tagin_maskia,28.13,94.08,manual-map,Upper Subansiri survey map,approximate
tagin_takseng,28.37481,93.24366,gazetteer,GeoNames 12523474,
nyishi_chimpu,27.0854415,93.5954706,openstreetmap,OSM node 13157898885,"Chimpu, Itanagar EAC, Papum Pare, Arunachal Pradesh, 791111, India"
ghatage-kasargod1970,12.52616,75.12132,gazetteer-area,GeoNames 12684168,district centroid
ThuiYasin,36.49003,73.3461,gazetteer,GeoNames 11041152,
Yasin,36.64332,73.44532,gazetteer,GeoNames 1180499,"Darkot village, not the river"
Ishkoman,36.50401,73.90274,gazetteer,GeoNames 1176695,
Kho-Bashir-reg-balim,36.07012,72.43959,manual-source-home,Bashir source-home registry and reviewed Chitral map,reviewed source-home locality
Kho-Bashir-reg-bang,36.52283,72.76388,manual-source-home,Bashir source-home registry and reviewed Chitral map,reviewed source-home locality
Kho-Bashir-reg-booni,36.25392,72.22284,manual-source-home,Bashir source-home registry and reviewed Chitral map,reviewed source-home locality
Kho-Bashir-reg-chapali,36.3357,72.60138,manual-source-home,Bashir source-home registry and reviewed Chitral map,reviewed source-home locality
Kho-Bashir-reg-chitral-town,35.850889,71.79019,manual-source-home,Bashir source-home registry and reviewed Chitral map,reviewed source-home locality
Kho-Bashir-reg-drosh,35.56163,71.79756,manual-source-home,Bashir source-home registry and reviewed Chitral map,reviewed source-home locality
Kho-Bashir-reg-laspur,36.04784,72.46796,manual-source-home,Bashir source-home registry and reviewed Chitral map,reviewed source-home locality
Kho-Bashir-reg-lower-chitral,35.75,71.78,manual-source-home,Bashir source-home registry and reviewed Chitral map,reviewed source-home locality
Kho-Bashir-reg-lutkoh,36.01231,71.65609,manual-source-home,Bashir source-home registry and reviewed Chitral map,reviewed source-home locality
Kho-Bashir-reg-mastuj,36.28356,72.51942,manual-source-home,Bashir source-home registry and reviewed Chitral map,reviewed source-home locality
Kho-Bashir-reg-mulkhow,36.30044,72.21299,manual-source-home,Bashir source-home registry and reviewed Chitral map,reviewed source-home locality
Kho-Bashir-reg-parwak,36.27759,72.3901,manual-source-home,Bashir source-home registry and reviewed Chitral map,reviewed source-home locality
Kho-Bashir-reg-pasum,36.30426,72.55493,manual-source-home,Bashir source-home registry and reviewed Chitral map,reviewed source-home locality
Kho-Bashir-reg-proper-chitral,35.850889,71.79019,manual-source-home,Bashir source-home registry and reviewed Chitral map,reviewed source-home locality
Kho-Bashir-reg-rayin,36.39233,72.37763,manual-source-home,Bashir source-home registry and reviewed Chitral map,reviewed source-home locality
Kho-Bashir-reg-shagram,36.34458,72.13311,manual-source-home,Bashir source-home registry and reviewed Chitral map,reviewed source-home locality
Kho-Bashir-reg-sonoghor,36.3,72.18,manual-source-home,Bashir source-home registry and reviewed Chitral map,reviewed source-home locality
Kho-Bashir-reg-terich,36.39444,72.22829,manual-source-home,Bashir source-home registry and reviewed Chitral map,reviewed source-home locality
Kho-Bashir-reg-torkhow,36.45309,72.42228,manual-source-home,Bashir source-home registry and reviewed Chitral map,reviewed source-home locality
Kho-Bashir-reg-upper-chitral,36.33,72.29,manual-source-home,Bashir source-home registry and reviewed Chitral map,reviewed source-home locality
Kho-Bashir-reg-uzhnu,36.54541,72.46876,manual-source-home,Bashir source-home registry and reviewed Chitral map,reviewed source-home locality
Kho-Bashir-reg-warijun,36.30044,72.21299,manual-source-home,Bashir source-home registry and reviewed Chitral map,reviewed source-home locality
Kho-Bashir-reg-yarkhun,36.52283,72.76388,manual-source-home,Bashir source-home registry and reviewed Chitral map,reviewed source-home locality
Kho-Bashir-reg-zondrangram,36.39444,72.22829,manual-source-home,Bashir source-home registry and reviewed Chitral map,reviewed source-home locality
Kho-Bashir-src-a,36.30044,72.21299,manual-source-home,Bashir source-home registry and reviewed Chitral map,reviewed source-home locality
Kho-Bashir-src-ak,36.30963,72.5604,manual-source-home,Bashir source-home registry and reviewed Chitral map,centroid
Kho-Bashir-src-akm,35.79784,71.78801,manual-source-home,Bashir source-home registry and reviewed Chitral map,reviewed source-home locality
Kho-Bashir-src-akm-ifm,35.850889,71.79019,manual-source-home,Bashir source-home registry and reviewed Chitral map,opaque or non-local source label; Chitral display point
Kho-Bashir-src-ar,36.280575,72.45476,manual-source-home,Bashir source-home registry and reviewed Chitral map,centroid
Kho-Bashir-src-arc,35.56163,71.79756,manual-source-home,Bashir source-home registry and reviewed Chitral map,reviewed source-home locality
Kho-Bashir-src-ayun,35.850889,71.79019,manual-source-home,Bashir source-home registry and reviewed Chitral map,opaque or non-local source label; Chitral display point
Kho-Bashir-src-ba,35.79784,71.78801,manual-source-home,Bashir source-home registry and reviewed Chitral map,reviewed source-home locality
Kho-Bashir-src-bka,36.30044,72.21299,manual-source-home,Bashir source-home registry and reviewed Chitral map,reviewed source-home locality
Kho-Bashir-src-bm,35.93,71.82,manual-source-home,Bashir source-home registry and reviewed Chitral map,reviewed source-home locality
Kho-Bashir-src-booni,36.25392,72.22284,manual-source-home,Bashir source-home registry and reviewed Chitral map,reviewed source-home locality
Kho-Bashir-src-chapali,36.3357,72.60138,manual-source-home,Bashir source-home registry and reviewed Chitral map,reviewed source-home locality
Kho-Bashir-src-chitral-museum,35.850889,71.79019,manual-source-home,Bashir source-home registry and reviewed Chitral map,reviewed source-home locality
Kho-Bashir-src-chitral-town,35.850889,71.79019,manual-source-home,Bashir source-home registry and reviewed Chitral map,reviewed source-home locality
Kho-Bashir-src-ckt,36.32251,72.17305,manual-source-home,Bashir source-home registry and reviewed Chitral map,centroid
Kho-Bashir-src-da39a3ee5e,35.850889,71.79019,manual-source-home,Bashir source-home registry and reviewed Chitral map,opaque or non-local source label; Chitral display point
Kho-Bashir-src-dat,36.29391,72.537175,manual-source-home,Bashir source-home registry and reviewed Chitral map,centroid
Kho-Bashir-src-drosh,35.56163,71.79756,manual-source-home,Bashir source-home registry and reviewed Chitral map,reviewed source-home locality
Kho-Bashir-src-fq,35.850889,71.79019,manual-source-home,Bashir source-home registry and reviewed Chitral map,reviewed source-home locality
Kho-Bashir-src-gmkh,36.28618,72.52431,manual-source-home,Bashir source-home registry and reviewed Chitral map,centroid
Kho-Bashir-src-gnk,35.89778,71.79791,manual-source-home,Bashir source-home registry and reviewed Chitral map,reviewed source-home locality
Kho-Bashir-src-has,35.850889,71.79019,manual-source-home,Bashir source-home registry and reviewed Chitral map,reviewed source-home locality
Kho-Bashir-src-hs,35.850889,71.79019,manual-source-home,Bashir source-home registry and reviewed Chitral map,reviewed source-home locality
Kho-Bashir-src-hur,35.82708,71.78633,manual-source-home,Bashir source-home registry and reviewed Chitral map,reviewed source-home locality
Kho-Bashir-src-ia,35.850889,71.79019,manual-source-home,Bashir source-home registry and reviewed Chitral map,reviewed source-home locality
Kho-Bashir-src-ics,35.850889,71.79019,manual-source-home,Bashir source-home registry and reviewed Chitral map,reviewed source-home locality
Kho-Bashir-src-if,36.05898,72.453775,manual-source-home,Bashir source-home registry and reviewed Chitral map,centroid
Kho-Bashir-src-ifm,36.05898,72.453775,manual-source-home,Bashir source-home registry and reviewed Chitral map,centroid
Kho-Bashir-src-ifm-laspur,36.04784,72.46796,manual-source-home,Bashir source-home registry and reviewed Chitral map,reviewed source-home locality
Kho-Bashir-src-is,36.30044,72.21299,manual-source-home,Bashir source-home registry and reviewed Chitral map,reviewed source-home locality
Kho-Bashir-src-iwa,36.28356,72.51942,manual-source-home,Bashir source-home registry and reviewed Chitral map,reviewed source-home locality
Kho-Bashir-src-iwk,36.28356,72.51942,manual-source-home,Bashir source-home registry and reviewed Chitral map,reviewed source-home locality
Kho-Bashir-src-karimabad-valley,35.99193,71.81522,manual-source-home,Bashir source-home registry and reviewed Chitral map,reviewed source-home locality
Kho-Bashir-src-khairabad,36.78961,73.0418,manual-source-home,Bashir source-home registry and reviewed Chitral map,reviewed source-home locality
Kho-Bashir-src-khot,36.50216,72.53267,manual-source-home,Bashir source-home registry and reviewed Chitral map,reviewed source-home locality
Kho-Bashir-src-laspur,36.04784,72.46796,manual-source-home,Bashir source-home registry and reviewed Chitral map,reviewed source-home locality
Kho-Bashir-src-laspur-women,36.04784,72.46796,manual-source-home,Bashir source-home registry and reviewed Chitral map,reviewed source-home locality
Kho-Bashir-src-lotkoh,36.01231,71.65609,manual-source-home,Bashir source-home registry and reviewed Chitral map,reviewed source-home locality
Kho-Bashir-src-ma,36.42271,72.399955,manual-source-home,Bashir source-home registry and reviewed Chitral map,centroid
Kho-Bashir-src-mak,36.542845,72.49219,manual-source-home,Bashir source-home registry and reviewed Chitral map,centroid
Kho-Bashir-src-mastuj,36.28356,72.51942,manual-source-home,Bashir source-home registry and reviewed Chitral map,reviewed source-home locality
Kho-Bashir-src-meragram,36.26364,72.37142,manual-source-home,Bashir source-home registry and reviewed Chitral map,reviewed source-home locality
Kho-Bashir-src-mhh,36.3631067,72.22319,manual-source-home,Bashir source-home registry and reviewed Chitral map,centroid
Kho-Bashir-src-mii,35.850889,71.79019,manual-source-home,Bashir source-home registry and reviewed Chitral map,reviewed source-home locality
Kho-Bashir-src-mk,36.49925,72.44552,manual-source-home,Bashir source-home registry and reviewed Chitral map,centroid
Kho-Bashir-src-mn,35.850889,71.79019,manual-source-home,Bashir source-home registry and reviewed Chitral map,opaque or non-local source label; Chitral display point
Kho-Bashir-src-mnn,36.3631067,72.22319,manual-source-home,Bashir source-home registry and reviewed Chitral map,centroid
Kho-Bashir-src-mnn-chitral-town,35.850889,71.79019,manual-source-home,Bashir source-home registry and reviewed Chitral map,reviewed source-home locality
Kho-Bashir-src-mnn-if,35.850889,71.79019,manual-source-home,Bashir source-home registry and reviewed Chitral map,opaque or non-local source label; Chitral display point
Kho-Bashir-src-mnn-iwa,35.850889,71.79019,manual-source-home,Bashir source-home registry and reviewed Chitral map,opaque or non-local source label; Chitral display point
Kho-Bashir-src-mnn-wsic,35.850889,71.79019,manual-source-home,Bashir source-home registry and reviewed Chitral map,opaque or non-local source label; Chitral display point
Kho-Bashir-src-mnn-wsic-rkb,35.850889,71.79019,manual-source-home,Bashir source-home registry and reviewed Chitral map,opaque or non-local source label; Chitral display point
Kho-Bashir-src-ms,36.30044,72.21299,manual-source-home,Bashir source-home registry and reviewed Chitral map,centroid
Kho-Bashir-src-ms-ma,35.850889,71.79019,manual-source-home,Bashir source-home registry and reviewed Chitral map,opaque or non-local source label; Chitral display point
Kho-Bashir-src-mulkhow,36.30044,72.21299,manual-source-home,Bashir source-home registry and reviewed Chitral map,reviewed source-home locality
Kho-Bashir-src-mwt,36.29391,72.537175,manual-source-home,Bashir source-home registry and reviewed Chitral map,centroid
Kho-Bashir-src-my,36.04784,72.46796,manual-source-home,Bashir source-home registry and reviewed Chitral map,centroid
Kho-Bashir-src-mys,36.04784,72.46796,manual-source-home,Bashir source-home registry and reviewed Chitral map,centroid
Kho-Bashir-src-n,35.85,71.79,manual-source-home,Bashir source-home registry and reviewed Chitral map,reviewed source-home locality
Kho-Bashir-src-nkn,36.398835,72.277695,manual-source-home,Bashir source-home registry and reviewed Chitral map,centroid
Kho-Bashir-src-nr,35.56163,71.79756,manual-source-home,Bashir source-home registry and reviewed Chitral map,reviewed source-home locality
Kho-Bashir-src-parwak,36.27759,72.3901,manual-source-home,Bashir source-home registry and reviewed Chitral map,reviewed source-home locality
Kho-Bashir-src-pasum,36.30426,72.55493,manual-source-home,Bashir source-home registry and reviewed Chitral map,reviewed source-home locality
Kho-Bashir-src-proper-chitral,35.850889,71.79019,manual-source-home,Bashir source-home registry and reviewed Chitral map,reviewed source-home locality
Kho-Bashir-src-prs,35.850889,71.79019,manual-source-home,Bashir source-home registry and reviewed Chitral map,opaque or non-local source label; Chitral display point
Kho-Bashir-src-rakr,36.30963,72.5604,manual-source-home,Bashir source-home registry and reviewed Chitral map,centroid
Kho-Bashir-src-rakr-1988,35.850889,71.79019,manual-source-home,Bashir source-home registry and reviewed Chitral map,opaque or non-local source label; Chitral display point
Kho-Bashir-src-rakr-iwa,35.850889,71.79019,manual-source-home,Bashir source-home registry and reviewed Chitral map,opaque or non-local source label; Chitral display point
Kho-Bashir-src-rakr-wsic,35.850889,71.79019,manual-source-home,Bashir source-home registry and reviewed Chitral map,opaque or non-local source label; Chitral display point
Kho-Bashir-src-rakrw,36.30963,72.5604,manual-source-home,Bashir source-home registry and reviewed Chitral map,centroid
Kho-Bashir-src-rakw,35.850889,71.79019,manual-source-home,Bashir source-home registry and reviewed Chitral map,opaque or non-local source label; Chitral display point
Kho-Bashir-src-rayin,36.39233,72.37763,manual-source-home,Bashir source-home registry and reviewed Chitral map,reviewed source-home locality
Kho-Bashir-src-rayin-torkhow,36.42271,72.399955,manual-source-home,Bashir source-home registry and reviewed Chitral map,centroid
Kho-Bashir-src-reshun,36.15365,72.09928,manual-source-home,Bashir source-home registry and reviewed Chitral map,reviewed source-home locality
Kho-Bashir-src-rk,36.542845,72.49219,manual-source-home,Bashir source-home registry and reviewed Chitral map,centroid
Kho-Bashir-src-rk-story,35.850889,71.79019,manual-source-home,Bashir source-home registry and reviewed Chitral map,opaque or non-local source label; Chitral display point
Kho-Bashir-src-rkb,36.3631067,72.22319,manual-source-home,Bashir source-home registry and reviewed Chitral map,centroid
Kho-Bashir-src-rkb-if,35.850889,71.79019,manual-source-home,Bashir source-home registry and reviewed Chitral map,opaque or non-local source label; Chitral display point
Kho-Bashir-src-rkb-ma,35.850889,71.79019,manual-source-home,Bashir source-home registry and reviewed Chitral map,opaque or non-local source label; Chitral display point
Kho-Bashir-src-rmf,35.850889,71.79019,manual-source-home,Bashir source-home registry and reviewed Chitral map,opaque or non-local source label; Chitral display point
Kho-Bashir-src-s,36.30022,72.196495,manual-source-home,Bashir source-home registry and reviewed Chitral map,centroid
Kho-Bashir-src-sas,35.8512345,71.78495,manual-source-home,Bashir source-home registry and reviewed Chitral map,centroid
Kho-Bashir-src-sg,36.01231,71.65609,manual-source-home,Bashir source-home registry and reviewed Chitral map,centroid
Kho-Bashir-src-sh,36.25392,72.22284,manual-source-home,Bashir source-home registry and reviewed Chitral map,reviewed source-home locality
Kho-Bashir-src-short-story-rajuli,35.850889,71.79019,manual-source-home,Bashir source-home registry and reviewed Chitral map,opaque or non-local source label; Chitral display point
Kho-Bashir-src-sn-c,35.850889,71.79019,manual-source-home,Bashir source-home registry and reviewed Chitral map,reviewed source-home locality
Kho-Bashir-src-sn-m,35.668605,71.914465,manual-source-home,Bashir source-home registry and reviewed Chitral map,centroid
Kho-Bashir-src-sonoghor,36.3,72.18,manual-source-home,Bashir source-home registry and reviewed Chitral map,reviewed source-home locality
Kho-Bashir-src-sonogor,35.850889,71.79019,manual-source-home,Bashir source-home registry and reviewed Chitral map,opaque or non-local source label; Chitral display point
Kho-Bashir-src-source-mnn,35.850889,71.79019,manual-source-home,Bashir source-home registry and reviewed Chitral map,opaque or non-local source label; Chitral display point
Kho-Bashir-src-ssm,36.28356,72.51942,manual-source-home,Bashir source-home registry and reviewed Chitral map,reviewed source-home locality
Kho-Bashir-src-swka,36.52283,72.76388,manual-source-home,Bashir source-home registry and reviewed Chitral map,centroid
Kho-Bashir-src-swka-ms,35.850889,71.79019,manual-source-home,Bashir source-home registry and reviewed Chitral map,opaque or non-local source label; Chitral display point
Kho-Bashir-src-swka-rkb,35.850889,71.79019,manual-source-home,Bashir source-home registry and reviewed Chitral map,opaque or non-local source label; Chitral display point
Kho-Bashir-src-tmf,35.8507445,71.791345,manual-source-home,Bashir source-home registry and reviewed Chitral map,centroid
Kho-Bashir-src-tmfd,35.8507445,71.791345,manual-source-home,Bashir source-home registry and reviewed Chitral map,centroid
Kho-Bashir-src-tmfw,35.8507445,71.791345,manual-source-home,Bashir source-home registry and reviewed Chitral map,centroid
Kho-Bashir-src-torkhow,36.45309,72.42228,manual-source-home,Bashir source-home registry and reviewed Chitral map,reviewed source-home locality
Kho-Bashir-src-uthul,36.30442,72.18117,manual-source-home,Bashir source-home registry and reviewed Chitral map,reviewed source-home locality
Kho-Bashir-src-warijun-women,36.30044,72.21299,manual-source-home,Bashir source-home registry and reviewed Chitral map,reviewed source-home locality
Kho-Bashir-src-wsic,36.3357,72.60138,manual-source-home,Bashir source-home registry and reviewed Chitral map,reviewed source-home locality
Kho-Bashir-src-wsim,36.28356,72.51942,manual-source-home,Bashir source-home registry and reviewed Chitral map,reviewed source-home locality
Kho-Bashir-src-wur,35.850889,71.79019,manual-source-home,Bashir source-home registry and reviewed Chitral map,reviewed source-home locality
Kho-Bashir-src-zhd,36.3631067,72.22319,manual-source-home,Bashir source-home registry and reviewed Chitral map,centroid
Kho-Bashir-src-zhdm,36.3631067,72.22319,manual-source-home,Bashir source-home registry and reviewed Chitral map,centroid
Kho-Bashir-src-zk,36.50671,72.74258,manual-source-home,Bashir source-home registry and reviewed Chitral map,centroid
Kho-Bashir-src-zk-in-story,35.850889,71.79019,manual-source-home,Bashir source-home registry and reviewed Chitral map,opaque or non-local source label; Chitral display point
Kho-Bashir-src-zk-in-tale,35.850889,71.79019,manual-source-home,Bashir source-home registry and reviewed Chitral map,opaque or non-local source label; Chitral display point
Kho-Bashir-src-zk-story,35.850889,71.79019,manual-source-home,Bashir source-home registry and reviewed Chitral map,opaque or non-local source label; Chitral display point
Kho-Bashir-src-zk-tale,35.850889,71.79019,manual-source-home,Bashir source-home registry and reviewed Chitral map,opaque or non-local source label; Chitral display point
Kho-Bashir-src-zmz,36.45309,72.42228,manual-source-home,Bashir source-home registry and reviewed Chitral map,reviewed source-home locality
Kho-Bashir-src-zp,36.25392,72.22284,manual-source-home,Bashir source-home registry and reviewed Chitral map,reviewed source-home locality
dialect:Altit,36.3199273,74.6835167,openstreetmap,OSM node 737823272,"Altit, تحصیل ہنزہ زیریں, ضلع ہنزہ, گلگت ڈویژن, گلگت بلتستان, 15700, پاکستان"
dialect:Ashkun%3A%20Sanu,35.1202001,70.7324182,manual-cross-reference,existing Jambu locality point / reviewed gazetteer,
dialect:Bhateri,34.9582,72.92674,manual-cross-reference,existing Jambu locality point / reviewed gazetteer,
dialect:Eastern%20Burushaski,36.30425,74.26652,manual-region,Nagar/Hunza community map,regional or composite display point
dialect:Ganish,36.3131445,74.6683879,openstreetmap,OSM node 3522720016,"گنش, تحصیل ہنزہ زیریں, ضلع ہنزہ, گلگت ڈویژن, گلگت بلتستان, 15600, پاکستان"
dialect:Hillside,36.3115647,74.6445039,openstreetmap,OSM relation 14576148,"Hunza, گلگت بلتستان, پاکستان"
dialect:Hopar,36.1600452,74.7465891,openstreetmap,OSM relation 12550763,"ہوپر گلیشر, ہݸلشل, تحصیل نگر خاص, ضلع نگر, گلگت ڈویژن, گلگت بلتستان, پاکستان"
dialect:Hunza,36.3115647,74.6445039,openstreetmap,OSM relation 14576148,"Hunza, گلگت بلتستان, پاکستان"
dialect:Kamviri,35.40986,71.33679,manual-cross-reference,existing Jambu locality point / reviewed gazetteer,
dialect:Katavari%3A%20Ktivi,35.3277082,70.7227742,manual-cross-reference,existing Jambu locality point / reviewed gazetteer,
dialect:Khowar,35.850889,71.79019,manual-source-home,Bashir source-home registry and reviewed Chitral map,opaque or non-local source label; Chitral display point
dialect:NH,36.30425,74.26652,manual-region,Nagar/Hunza community map,regional or composite display point
dialect:Nager,36.3042502,74.26652,openstreetmap,OSM relation 15803468,"ضلع نگر, گلگت ڈویژن, گلگت بلتستان, 15400, پاکستان"
dialect:Nuristani%20Kalasha%3A%20Amesdes,35.1635119,70.9237647,openstreetmap,OSM node Ameshdesh,"Ameshdesh, Waygal district, Nuristan"
dialect:Nuristani%20Kalasha%3A%20Nisheigram,35.0833322,70.8245782,manual-cross-reference,existing Jambu locality point / reviewed gazetteer,
dialect:Nuristani%20Kalasha%3A%20Vagal,35.19069,70.99478,gazetteer,GeoNames 1121652,"Waygal village, Nuristan"
dialect:Palula,35.44833,71.777934,manual-centroid,Ashret and Biori gazetteer points,two-valley centroid
dialect:Pashai%3A%20Gorayk%20%28Degano%29,34.6458,70.9008,manual-cross-reference,existing Jambu locality point / reviewed gazetteer,
dialect:Prasun,35.4,70.92,manual-map,Prasun Valley locality map,approximate display point
dialect:Prasun%3A%20Sec,35.43,70.935,manual-map,Parun valley village order (Strand),Pronz lies between Dewa and Ishtiwi; approximate
dialect:Prasun%3A%20Supu,35.45631,70.938,manual-cross-reference,existing Jambu point nured-Pr-i,Ishtiwi village
dialect:Prasun%3A%20Ucu,35.39845,70.9308,manual-cross-reference,existing Jambu point nured-Pr-d,Dewa village
dialect:Prasun%3A%20Usut,35.33007,70.89342,manual-cross-reference,existing Jambu point nured-Pr-p,Pashki village
dialect:Prasun%3A%20Zumu,35.49,70.94,manual-map,Parun valley village order (Strand),"Zumu is the uppermost Parun village, above Ishtiwi; approximate"
dialect:Riverfront,36.3115647,74.6445039,openstreetmap,OSM relation 14576148,"Hunza, گلگت بلتستان, پاکستان"
dialect:Tregami%3A%20Gambir,34.75,70.96,manual-cross-reference,existing Jambu locality point / reviewed gazetteer,
domaaki_nager,36.30425,74.26652,manual-region,Nagar/Hunza community map,regional or composite display point
domaaki_hunza,36.31156,74.6445,manual-region,Hunza/Mominabad community map,community-area display point
western_magar_lasargha,27.965935,83.5023057,survey-gps,2024 Magar survey site metadata,
western_magar_mathagadhi,27.7810048,83.6820386,survey-gps,2024 Magar survey site metadata,
western_magar_jhokedi,27.856735,83.702993,survey-gps,2024 Magar survey site metadata,
central_magar_siluwa,27.833416,83.836814,survey-gps,2024 Magar survey site metadata,
central_magar_mityal,27.8705296,83.8656951,survey-gps,2024 Magar survey site metadata,
central_magar_dhardh,28.061498,83.89293,survey-gps,2024 Magar survey site metadata,
central_magar_inaskot,27.943441,83.833593,survey-gps,2024 Magar survey site metadata,
central_magar_michhurlung,27.957774,84.09343,survey-gps,2024 Magar survey site metadata,
central_magar_rhising,27.9227391,84.1765527,survey-gps,2024 Magar survey site metadata,
central_magar_arkhala,27.798514,84.152704,survey-gps,2024 Magar survey site metadata,
central_magar_raikot,27.793812,84.124636,survey-gps,2024 Magar survey site metadata,
central_magar_bhadari,27.729583,84.012809,survey-gps,2024 Magar survey site metadata,
dewas_rai_mahendra_jhyadi,27.27555,85.5588833,survey-gps,Dewas Rai/Danuwar survey appendix,
dewas_rai_singoul,27.20735,85.2514,survey-gps,Dewas Rai/Danuwar survey appendix,
dewas_rai_majhgaun,27.25065,85.4769,survey-gps,Dewas Rai/Danuwar survey appendix,
done_danuwar_jaretar,27.6098833,85.6607667,survey-gps,Dewas Rai/Danuwar survey appendix,
danuwar_chandanpur,27.0421,86.04645,survey-gps,Dewas Rai/Danuwar survey appendix,
kochariya_singoul,27.2026,85.2355833,survey-gps,Dewas Rai/Danuwar survey appendix,
hajong_nugapara,25.52,90.22,survey-map,Hajong report figure 3,approximate West Garo Hills map point
hajong_chilapara,25.62,90.18,survey-map,Hajong report figure 3,approximate West Garo Hills map point
hajong_nirghini,25.7,90.25,survey-map,Hajong report figure 3,approximate West Garo Hills map point
hajong_dalugau,25.55,90.4,survey-map,Hajong report figure 3,approximate West Garo Hills map point
hajong_balachanda,25.45,90.3,survey-map,Hajong report figure 3,approximate West Garo Hills map point
hajong_dhamor,26.12791,90.60974,gazetteer-area,GeoNames 1271152,Goalpara district display point
hajong_gopalbari,25.07889,90.9,gazetteer-area,GeoNames 11286987,Kalmakanda subdistrict display point from report metadata
hajong_gopalpur,25.09,90.7,gazetteer-area,GeoNames 7646874,Durgapur subdistrict display point; replaces unrelated OSM Gopalpur
hajong_bhalukapara,25.11,90.52,gazetteer-area,GeoNames 7646387,Dhobaura subdistrict display point
hajong_nokshi,25.18559,90.06678,gazetteer-area,GeoNames 7912475,Jhinaigati subdistrict display point
santali_rajarampur,25.63,88.53,survey-map,Santali Cluster report figure 3 and Birol/Azimpur metadata,approximate
santali_rautnagar,25.8866,88.25867,gazetteer-area,GeoNames 9258754,Ranisankail subdistrict display point
santali_paharpur,25.41997,89.09019,gazetteer-area,GeoNames 11282264,"Nawabganj, Dinajpur subdistrict display point; replaces unrelated OSM road"
santali_patichora,25.06643,88.76347,gazetteer,GeoNames 7481552,"Patichara, Patnitala, Naogaon"
santali_jabri,24.84154,88.55464,gazetteer-area,GeoNames 11282751,Niamatpur subdistrict display point
santali_bodobelghoria,24.41112,88.98673,gazetteer-area,GeoNames 7483813,Natore area display point
santali_rashidpur,24.34251,91.52037,gazetteer-area,GeoNames 11283078,Bahubal subdistrict display point
mundari_nijpara,26.0,88.58333,gazetteer-area,GeoNames 9278416,Birganj subdistrict display point
mundari_begunbari,25.14,88.85,gazetteer-area,GeoNames 7645713,Dhamoirhat subdistrict display point; replaces road-feature result
mundari_karimpur,24.54396,91.87018,gazetteer-area,GeoNames 11285113,Rajnagar subdistrict display point
mahali_abirpara,25.24495,89.24711,gazetteer-area,GeoNames 11284706,Ghoraghat subdistrict display point
mahali_matindor,25.03302,88.64375,gazetteer,GeoNames 7488924,"Matindar, Patnitala, Naogaon"
mahali_pachondor,24.59277,88.48884,gazetteer,GeoNames 1191644,"Pachandhar, Tanore, Rajshahi"
koda_kundang,24.57887,88.52234,gazetteer,GeoNames 7482065,"Kundain, Tanore, Rajshahi; spelling variant of Kundang"
koda_krishnupur,24.36873,88.82882,gazetteer-area,GeoNames 11286570,Puthia subdistrict display point
kol_babudaing,24.47928,88.34737,gazetteer-area,GeoNames 11284651,Godagari subdistrict display point
lsi_gypsyeuropean,46.82,14.85,source-region,LSI broad European variety,broad regional display point
lsi_easternbengali,24.0,90.0,source-region,LSI broad Eastern Bengali variety,broad regional display point
nured-Kt-w,35.38,70.78,manual-region,Strand's Kâta dialect map,Western Katë: Ktivi/Kulam/Ramgel valleys centroid
nured-Kt-ne,35.67,71.34,manual-region,Strand's Kâta dialect map,Northeastern Katë: upper Bashgal around Barg-i Matal
nured-Kt-se,35.45,71.32,manual-region,Strand's Kâta dialect map,Southeastern Katë: middle Bashgal around Mumgrom/Mandagal
nured-Kt-kt,35.32264,70.73716,manual-cross-reference,existing Jambu locality point / reviewed gazetteer,
nured-Kt-kl,35.38,70.78,manual-cross-reference,existing Jambu locality point / reviewed gazetteer,
nured-Kt-rm,35.45,70.8,manual-cross-reference,existing Jambu locality point / reviewed gazetteer,
nured-Kt-mm,35.44991,71.31615,manual-cross-reference,existing Jambu locality point / reviewed gazetteer,
nured-Kt-br,35.67283,71.34339,manual-cross-reference,existing Jambu locality point / reviewed gazetteer,
nured-Kt-mr,35.698358,71.686882,manual-cross-reference,existing Jambu locality point / reviewed gazetteer,
nured-Kt-kun,35.775859,71.692544,manual-cross-reference,existing Jambu locality point / reviewed gazetteer,
nured-Wg-z,35.12675,70.95981,manual-cross-reference,existing Jambu locality point / reviewed gazetteer,
nured-Wg-n,35.0833322,70.8245782,manual-cross-reference,existing Jambu locality point / reviewed gazetteer,
nured-Wg-wg,35.19069,70.99478,gazetteer,GeoNames 1121652,"Waygal village, Nuristan"
nured-Wg-kg,35.12,70.95,manual-cross-reference,existing Jambu locality point / reviewed gazetteer,
nured-Gmb-gm,34.75,70.96,manual-cross-reference,existing Jambu locality point / reviewed gazetteer,
nured-Gmb-dv,34.77,70.94,manual-cross-reference,existing Jambu locality point / reviewed gazetteer,
nured-Ash-s,35.18228,70.795553,manual-cross-reference,existing Jambu locality point / reviewed gazetteer,
nured-Ash-tt,35.1,70.78,manual-cross-reference,existing Jambu locality point / reviewed gazetteer,
nured-Pr-p,35.33007,70.89342,manual-cross-reference,existing Jambu locality point / reviewed gazetteer,
nured-Pr-k,35.365,70.905,manual-map,Parun valley village order (Strand),Kushtaki/Katar lies between Pashki and Dewa; approximate
nured-Pr-d,35.39845,70.9308,manual-cross-reference,existing Jambu locality point / reviewed gazetteer,
nured-Pr-pr,35.43,70.935,manual-map,Parun valley village order (Strand),Pronz lies between Dewa and Ishtiwi; approximate
nured-Pr-i,35.45631,70.938,manual-cross-reference,existing Jambu locality point / reviewed gazetteer,
nured-Pr-z,35.49,70.94,manual-map,Parun valley village order (Strand),"Zumu is the uppermost Parun village, above Ishtiwi; approximate"
beine_oar,18.3234420,82.8805825,openstreetmap,OSM node 1341380743,"Araku Valley town, Alluri Sitharama Raju (1989: Visakhapatnam) district, Andhra Pradesh; Beine names the valley rather than a village"
beine_ocu,20.4686000,85.8792000,openstreetmap,OSM node 245688972,"Cuttack city, Odisha; Beine names the tahsil rather than a village"
beine_hbh,19.1789067,81.4750824,openstreetmap,OSM node 13142817907,"Bhatpal, Lohandiguda tahsil, Bastar district, Chhattisgarh: the only Bhatpal OSM records in Bastar district, and the same point as woods2019halbi-BHATPAL. Approximate, because Beine assigns his Bhatpal to Kondagaon tahsil; the identification is unconfirmed"
beine_bau,19.6096232,82.2987685,manual-region,OSM relation 1984498,"Auli village could not be located; centroid of Nabarangapur district, which contains the Nowrangapur tahsil Beine names (approximate)"
beine_bsa,19.05734,82.00928,gazetteer,GeoNames 10773988,"Sargipal, Jagdalpur tahsil"
beine_bje,18.8587537,82.5720034,openstreetmap,OSM way 22826194,"Jeypore town, Koraput district, Odisha; Beine names the tahsil rather than a village"
beine_bkp,19.0711224,82.3444368,openstreetmap,OSM relation 10117486,"Kotpad, Koraput district, Odisha; Beine names the tahsil rather than a village"
beine_bum,19.6666956,82.2061251,openstreetmap,OSM node 2424970982,"Umerkote town, Umarkote tahsil, Nabarangapur (1989: Koraput) district, Odisha"
beine_bcb,19.0870758,82.0235715,manual-region,OSM node 571101442,"Chote Badal could not be located; Jagdalpur town, the headquarters of the tahsil Beine names (approximate)"
beine_ban,19.5885769,81.6628742,manual-region,OSM relation 9526430,"Anantpur could not be located; Kondagaon town, the headquarters of the tahsil Beine names (approximate)"
beine_bar,19.3656888,82.0874619,openstreetmap,OSM node 5166931929,"Karpawand, Bakavand tahsil, Bastar district, Chhattisgarh. Approximate: Beine spells the village Karpaud and assigns it to Jagdalpur tahsil, which was subdivided after 1989, so the identification rests on the name and the district"
beine_bag,19.1657971,81.9884772,openstreetmap,OSM node 13142817998,"Amaguda, Bastar tahsil, Bastar district, Chhattisgarh; Beine's Jagdalpur tahsil was subdivided after 1989"
sil-gadaba-2019-bobbilivalasa,18.5069,83.11408,gazetteer,GeoNames 10782147,"Bobbilivalasa, Pachipenta mandal"
sil-gadaba-2019-gogaduvalasa,18.479217,83.11,gazetteer-area,OSM Pachipenta,"village not in gazetteers; Pachipenta mandal HQ, Vizianagaram display point (approximate)"
sil-gadaba-2019-panukuvalasa,18.43661,83.19322,gazetteer,GeoNames 10782538,"Panukuvalasa, 9 km from Salur"
sil-gadaba-2019-reyavanivalasa,18.60248,83.1999,gazetteer,GeoNames 10782200,"Rayivanivalasa, Salur mandal; spelling variant of Reyavanivalasa"
sil-gadaba-2019-kothavalasa,18.62327,83.16057,gazetteer,GeoNames 10782212,"Kottavalasa, Salur mandal (nearest of several)"
sil-gadaba-2019-suregadivalasa,18.46445,83.19036,gazetteer,GeoNames 10782532,"Siragadivalasa, Pachipenta mandal; spelling variant of Suregadivalasa"
sil-gadaba-2019-chinachipuruvalasa,18.54307,83.15568,gazetteer,GeoNames 10782171,Chinna Chipuruvalasa
tripura2011-a-boro-pharangsia,21.7553161,92.21,gazetteer-area,OSM Lama Upazila,"village not in gazetteers; Lama upazila, Bandarban display point (approximate)"
tripura2011-b-choto-madhuk,21.8226132,92.43,gazetteer-area,OSM Thanchi Upazila,"village not in gazetteers; Thanchi upazila, Bandarban display point (approximate)"
tripura2011-c-dolchari,23.0444506,91.86,gazetteer-area,OSM Matiranga,"village not in gazetteers; Matiranga, Khagrachhari display point (approximate)"
tripura2011-d-lombapara,23.2469323,91.9254482,openstreetmap,OSM node Lombapara,"Lombapara, Panchhari/Khagrachhari"
tripura2011-e-pakkhipara,23.0137422,91.9682532,openstreetmap,OSM node Pakkhipara,"Pakkhipara, Khagrachhari Sadar"
tripura2011-f-tongpaipara,23.2208398,91.8220067,openstreetmap,OSM node Tongpaipara,"Tongpaipara, Matiranga"
tripura2011-g-mildhanpara,23.3358658,91.8485713,openstreetmap,OSM node Mildhanpara,"Mildhanpara, Panchhari"
tripura2011-h-noimail-gutchagram,23.1996378,92.0354211,openstreetmap,OSM node Noimail Gutchagram,"Noimail Gutchagram, Dighinala"
tripura2011-i-beltolipara,23.1077999,91.98,gazetteer-area,OSM Khagrachhari,village not in gazetteers; Khagrachhari town display point (approximate)
tripura2011-j-robertpara,21.8332494,92.4374533,openstreetmap,OSM node Robertpara,"Robertpara, Thanchi"
tripura2011-k-bethanipara,22.0320769,92.4419057,gazetteer-area,OSM Ruma Upazila,"village not in gazetteers; Ruma upazila, Bandarban display point (approximate)"
tripura2011-l-katchaptali,22.1729615,92.39,gazetteer-area,OSM Rowangchhari Upazila,"village not in gazetteers; Rowangchhari upazila, Bandarban display point (approximate)"
tripura2011-m-laiphu-karbaripara,23.278634,91.8133481,openstreetmap,OSM node Laiphu Karbaripara,"Laiphu Karbaripara, Matiranga"
tripura2011-n-krishna-dayalpara,23.2826382,91.762368,openstreetmap,OSM node Krishna Dayalpara,"Krishna Dayalpara, Matiranga"
tripura2011-o-jarichandrapara,23.0135981,91.8818934,openstreetmap,OSM node Jarichandrapara,"Jarichandrapara, Matiranga"
tripura2011-p-doluchara,24.303767,91.780385,openstreetmap,OSM node Doluchara,"Doluchara, Kamalganj/Sreemangal, Moulvibazar"
tripura2011-q-satchari-tripura-basti,24.113828,91.4240949,openstreetmap,OSM node Satchari Tripura Basti,"Satchari, Chunarughat, Habiganj"
tripura2011-r-khumulung,23.8001795,91.4409328,openstreetmap,OSM node Khumulwng,"Khumulwng, West Tripura, India"
tripura2011-s-barbakpur,23.7519411,89.6427186,openstreetmap,OSM node Barbakpur,"Barbakpur, Rajbari Sadar"
tripura2011-t-oldlankar,23.2570916,92.3413662,openstreetmap,OSM node Old Lankar,"Old Lankar, Baghaichhari, Rangamati"
tripura2011-u-gajni,25.2423898,90.045519,openstreetmap,OSM node Gajni,"Gajni, Jhenaigati, Sherpur"
tripura2011-v-nagar-sontosh,25.0954038,90.52,gazetteer-area,OSM Dhobaura Upazila,"village not in gazetteers; Dhobaura upazila, Mymensingh display point (approximate)"
tripura2011-w-nalchapra,25.0719466,90.85,gazetteer-area,OSM Kalmakanda,"village not in gazetteers; Kalmakanda, Netrokona display point (approximate)"
garobd2012-a-gajni,25.2423898,90.045519,openstreetmap,OSM node Gajni,"Gajni, Jhenaigati, Sherpur"
garobd2012-b-nokshi,25.19,90.07,manual-map,Koch report figure 4; Nokshi lies on the border in Jhenaigati,approximate
garobd2012-c-kholchanda,25.1231518,90.17,gazetteer-area,OSM Nalitabari Upazila,"village not in gazetteers; Nalitabari upazila, Sherpur display point (approximate)"
garobd2012-d-namchapara,25.1222567,90.33,gazetteer-area,OSM Haluaghat Upazila,"village not in gazetteers; Haluaghat upazila, Mymensingh display point (approximate)"
garobd2012-e-songra,25.1222567,90.33,gazetteer-area,OSM Haluaghat Upazila,"village not in gazetteers; Haluaghat upazila, Mymensingh display point (approximate)"
garobd2012-f-nagar-sontosh,25.0954038,90.52,gazetteer-area,OSM Dhobaura Upazila,"village not in gazetteers; Dhobaura upazila, Mymensingh display point (approximate)"
garobd2012-g-sapmari,25.0954038,90.52,gazetteer-area,OSM Dhobaura Upazila,"village not in gazetteers; Dhobaura upazila, Mymensingh display point (approximate)"
garobd2012-h-digholbag,25.0954038,90.52,gazetteer-area,OSM Dhobaura Upazila,"village not in gazetteers; Dhobaura upazila, Mymensingh display point (approximate)"
garobd2012-i-chunia,24.63547,90.12171,gazetteer,GeoNames 1205677,"Chunia, Madhupur, Tangail"
garobd2012-j-panchgaon,25.0719466,90.85,gazetteer-area,OSM Kalmakanda,"village not in gazetteers; Kalmakanda, Netrokona display point (approximate)"
garobd2012-k-sonyasipara,25.0719466,90.85,gazetteer-area,OSM Kalmakanda,"village not in gazetteers; Kalmakanda, Netrokona display point (approximate)"
garobd2012-l-bharatpur,25.1238305,90.6781,gazetteer-area,OSM Durgapur,"village not in gazetteers; Durgapur town, Netrokona display point (approximate)"
garobd2012-m-nalchapra,25.0719466,90.85,gazetteer-area,OSM Kalmakanda,"village not in gazetteers; Kalmakanda, Netrokona display point (approximate)"
garobd2012-n-utrail,25.1238305,90.6781,gazetteer-area,OSM Durgapur,"village not in gazetteers; Durgapur town, Netrokona display point (approximate)"
garobd2012-o-birisiri,25.08816,90.67778,gazetteer,GeoNames 11286988,"Birisiri union, Durgapur, Netrokona"
koch2011-garo-tura,25.5125616,90.2171526,openstreetmap,OSM node Tura,"Tura, West Garo Hills"
koch2011-harigaya-koch-ampati,25.4704958,89.9367062,openstreetmap,OSM node Ampati,"Ampati, South West Garo Hills"
koch2011-harigaya-koch-harigaon,25.6065343,90.2,gazetteer-area,OSM West Garo Hills,"village not in gazetteers; West Garo Hills district, Meghalaya display point (approximate)"
koch2011-margan-koch-marganpara,25.6065343,90.2,gazetteer-area,OSM West Garo Hills,"village not in gazetteers; West Garo Hills district, Meghalaya display point (approximate)"
koch2011-tintekiya-koch-haldibari,25.6065343,90.2,gazetteer-area,OSM West Garo Hills,"village not in gazetteers; West Garo Hills district, Meghalaya display point (approximate)"
koch2011-tintekiya-koch-noksi,25.2,90.08,manual-map,Nokshi straddles the Meghalaya–Sherpur border,Indian side of Nokshi; approximate
koch2011-wanang-koch-khalpara,25.6065343,90.2,gazetteer-area,OSM West Garo Hills,"village not in gazetteers; West Garo Hills district, Meghalaya display point (approximate)"
koch2011-wanang-koch-khilbui,25.6065343,90.2,gazetteer-area,OSM West Garo Hills,"village not in gazetteers; West Garo Hills district, Meghalaya display point (approximate)"
koch2011-koch-rabha-debitola,26.132275,90.12,gazetteer-area,OSM Dhubri,"village not in gazetteers; Dhubri district, Assam display point (approximate)"
koch2011-tintekiya-koch-santipuri,26.0491877,90.6,gazetteer-area,OSM Goalpara,"village not in gazetteers; Goalpara district, Assam display point (approximate)"
palakkad-irula-elachivazhi,11.1057095,76.65,gazetteer-area,OSM Agali,"village not in gazetteers; Agali (Attappady block HQ), Palakkad display point (approximate)"
palakkad-irula-goolikadavu,11.1057095,76.65,gazetteer-area,OSM Agali,"village not in gazetteers; Agali (Attappady block HQ), Palakkad display point (approximate)"
palakkad-irula-kolappady,11.13449,76.58221,gazetteer,GeoNames 11460692,"Kolapadigai, Attappady; spelling variant of Kolappady"
palakkad-irula-mandhimala,11.1057095,76.65,gazetteer-area,OSM Agali,"village not in gazetteers; Agali (Attappady block HQ), Palakkad display point (approximate)"
palakkad-irula-nakkuppathy,11.08629,76.62764,gazetteer,GeoNames 11460747,"Nakkapadi, 4 km from Agali; spelling variant of Nakkupathy"
palakkad-irula-varagampady,11.06513,76.70686,gazetteer,GeoNames 11460815,"Varagambadi, Attappady"
palakkad-irula-nadupathy,10.85586,76.82626,gazetteer,GeoNames 11500603,"Natuppatti, Walayar"
palakkad-irula-vilamarathoor,11.3059363,76.93,gazetteer-area,OSM Mettupalayam,"village not in gazetteers; Mettupalayam, Coimbatore display point (approximate)"
palakkad-irula-kunjapana,11.35982,76.93374,gazetteer,GeoNames 11461332,"Kunjapanai, Kotagiri taluk"
palakkad-muduga-chittoor,11.06294,76.65167,gazetteer,GeoNames 11460742,"Chittur, Attappady"
palakkad-muduga-dundoor,11.06364,76.61425,gazetteer,GeoNames 11460738,"Thunduru, Attappady"
palakkad-kurumba-gottiyoorkandi,11.12388,76.56155,gazetteer,GeoNames 11460697,"Gottiyakandi, Attappady"
palakkad-kurumba-thudukki,11.1057095,76.65,gazetteer-area,OSM Agali,"village not in gazetteers; Agali (Attappady block HQ), Palakkad display point (approximate)"
palakkad-kadar-cherunelli-colony,10.59395,76.6,gazetteer-area,OSM Nemmara,"village not in gazetteers; Nemmara, Palakkad display point (approximate)"
palakkad-kadar-parambikulam,10.39045,76.79239,gazetteer,GeoNames 1260383,Parambikulam
palakkad-malasar-oriental-estate,10.59395,76.6,gazetteer-area,OSM Nemmara,"village not in gazetteers; Nemmara, Palakkad display point (approximate)"
palakkad-malasar-ellakkadu,10.7300881,76.78,gazetteer-area,OSM Nallepilly,"village not in gazetteers; Nallepilly, Chittur taluk, Palakkad display point (approximate)"
palakkad-eravallan-sarkarpathy,10.48142,76.86982,gazetteer,GeoNames 11484629,"Sarkarpathy, near Parambikulam"
palakkad-eravallan-chappakkad,10.57605,76.78924,gazetteer,GeoNames 11484452,Chappakkad
idukki-muthuvan-itticity,10.0144274,76.95,gazetteer-area,OSM Adimali,"village not in gazetteers; Adimali block, Idukki display point (approximate)"
idukki-muthuvan-chempakathozhu,10.0656229,77.1,gazetteer-area,OSM Devikulam,"village not in gazetteers; Devikulam block, Idukki display point (approximate)"
idukki-muthuvan-kavakudi,10.0656229,77.1,gazetteer-area,OSM Devikulam,"village not in gazetteers; Devikulam block, Idukki display point (approximate)"
idukki-muthuvan-kozhiyala,10.0656229,77.1,gazetteer-area,OSM Devikulam,"village not in gazetteers; Devikulam block, Idukki display point (approximate)"
idukki-muthuvan-valsapetti,10.0656229,77.1,gazetteer-area,OSM Devikulam,"village not in gazetteers; Devikulam block, Idukki display point (approximate)"
idukki-muthuvan-kunchipara,10.1332804,76.73,gazetteer-area,OSM Kothamangalam,"village not in gazetteers; Kothamangalam, Ernakulam display point (approximate)"
idukki-muthuvan-thalayirappan,10.0144274,76.95,gazetteer-area,OSM Adimali,"village not in gazetteers; Adimali block, Idukki display point (approximate)"
idukki-muthuvan-kurathikudi,10.0144274,76.95,gazetteer-area,OSM Adimali,"village not in gazetteers; Adimali block, Idukki display point (approximate)"
idukki-mannan-vattamedu,9.8552162,76.9883899,openstreetmap,OSM node Vattamedu Bhagam,"Vattamedu, Mariyapuram, Idukki"
idukki-mannan-veliyampara,10.1166868,76.920018,openstreetmap,OSM node Veliyampara Bhagam Pond,"Veliyampara locality, Mankulam; approximate"
idukki-mannan-kumily,9.6067952,77.1671018,openstreetmap,OSM node Kumily,"Kumily, Peermade"
idukki-mannan-kovilmala,9.7561717,77.11,gazetteer-area,OSM Kattappana,"village not in gazetteers; Kattappana block, Idukki display point (approximate)"
idukki-mannan-kodakallu,10.0144274,76.95,gazetteer-area,OSM Adimali,"village not in gazetteers; Adimali block, Idukki display point (approximate)"
idukki-mannan-chinnaparakudi,10.0144274,76.95,gazetteer-area,OSM Adimali,"village not in gazetteers; Adimali block, Idukki display point (approximate)"
idukki-mannan-thinkalkadu,9.8404224,77.15,gazetteer-area,OSM Nedumkandam,"village not in gazetteers; Nedumkandam block, Idukki display point (approximate)"
idukki-urali-poovandikudi,9.7561717,77.11,gazetteer-area,OSM Kattappana,"village not in gazetteers; Kattappana block, Idukki display point (approximate)"
idukki-urali-vanchivayal,9.5720149,76.99,gazetteer-area,OSM Peermade,"village not in gazetteers; Peermade block, Idukki display point (approximate)"
nilgiri-irula-kunjapanai,11.35982,76.93374,gazetteer,GeoNames 11461332,"Kunjapanai, Kotagiri taluk"
nilgiri-irula-kolikarai,11.36899,76.91901,gazetteer,GeoNames 11461327,"Kolikkara, Kotagiri taluk; spelling variant of Kolikarai"
nilgiri-irula-chemmanarai,11.38733,76.93077,gazetteer,GeoNames 11461348,"Sembanare, Kotagiri taluk; spelling variant of Chemmanarai"
nilgiri-irula-kilkupkad,11.4230431,76.86,gazetteer-area,OSM Kotagiri,"village not in gazetteers; Kotagiri, Nilgiris display point (approximate)"
nilgiri-irula-mettukal,11.41661,76.97158,gazetteer,GeoNames 11461490,"Mettukal, Kotagiri taluk"
nilgiri-irula-chokkanalli,11.52621,76.71067,gazetteer,GeoNames 11460120,Sokkanhalli near Masinagudi; spelling variant of Chokkanalli
nilgiri-irula-mavanalla,11.5478834,76.674916,openstreetmap,OSM node Mavanalla,"Mavanalla, Masinagudi"
nilgiri-irula-anaikatty,11.5682904,76.63,gazetteer-area,OSM Masinagudi,"village not in gazetteers; Masinagudi, Nilgiris display point (approximate)"
nilgiri-irula-bookapuram,11.5401,76.63761,gazetteer,GeoNames 11460064,"Bokkepuram, Masinagudi"
nilgiri-irula-thaliyur,11.3059363,76.93,gazetteer-area,OSM Mettupalayam,"village not in gazetteers; Mettupalayam, Coimbatore display point (approximate)"
nilgiri-irula-nellithurai,11.285525,76.8858111,openstreetmap,OSM node Nellithurai,"Nellithurai, Mettupalayam"
sil-kuki-chin-2011-prongphung-para,22.0320769,92.4419057,gazetteer-area,OSM Ruma Upazila,"village not in gazetteers; Ruma upazila, Bandarban display point (approximate)"
gul,35.1336,69.3015,gazetteer,GeoNames 1140833,"Golbahar, Kapisa"
pch,35.04628,69.645976,gazetteer-area,OSM Nijrab District,"village not in gazetteers; Nijrab district, Kapisa display point (approximate)"
nij,35.04628,69.645976,openstreetmap,OSM relation Nijrab District,"Nijrab district, Kapisa"
nir,35.04628,69.645976,gazetteer-area,OSM Nijrab District,"village not in gazetteers; Nijrab district, Kapisa display point (approximate)"
shut,35.29402,69.30271,gazetteer,GeoNames 7054342,"Shutul district, Panjshir"
uzb,34.74083,69.88391,gazetteer,GeoNames 1472753,"Uzbin valley, Tagab"
sham,34.9,69.74,manual-region,Kapisa province,Shamakat not located; Kapisa display point
laur,34.82727,69.8286,gazetteer,GeoNames 1134680,"Lowrowan, Tagab area; identification with Laurowan approximate"
kch,34.83702,70.31238,gazetteer,GeoNames 1138916,"Kachur, Laghman; identification with Kachur-i Sala not certain"
knd,34.72718,70.60425,gazetteer,GeoNames 1473997,"Kandak, Laghman"
kurd,34.99954,70.64269,gazetteer,GeoNames 1135091,"Kuz Kordar, Alingar valley; identification with Kurdar approximate"
weg,34.72862,70.55518,gazetteer,GeoNames 1121825,"Waygal (Laghman), Alingar valley; identification with Wegal approximate"
dar,34.62382,70.60348,gazetteer,GeoNames 1473914,"Darah-ye Nur, Nangarhar"
lagh,34.651798,70.095083,openstreetmap,OSM relation Mihtarlam District,"Mihtarlam, Laghman"
ish,34.794559,69.679304,gazetteer-area,OSM Tagab District,"village not in gazetteers; Tagab district, Kapisa display point (approximate)"
isk,34.794559,69.679304,gazetteer-area,OSM Tagab District,"village not in gazetteers; Tagab district, Kapisa display point (approximate)"
she,34.57169,70.58859,gazetteer,GeoNames 1124973,"Shewa, Nangarhar"
HKAT-psh_ai,34.8965,69.72049,gazetteer,GeoNames 1149107,"Alasay district centre, Kapisa (Alasai and Alingar previously shared one point)"
ames,35.1635119,70.9237647,openstreetmap,OSM node Ameshdesh,"Ameshdesh, Waygal district, Nuristan"
vagal,35.19069,70.99478,gazetteer,GeoNames 1121652,"Waygal village, Nuristan"
usut,35.33007,70.89342,manual-cross-reference,existing Jambu point nured-Pr-p,Pashki village
ucu,35.39845,70.9308,manual-cross-reference,existing Jambu point nured-Pr-d,Dewa village
supu,35.45631,70.938,manual-cross-reference,existing Jambu point nured-Pr-i,Ishtiwi village
sec,35.43,70.935,manual-map,Parun valley village order (Strand),Pronz lies between Dewa and Ishtiwi; approximate
zumu,35.49,70.94,manual-map,Parun valley village order (Strand),"Zumu is the uppermost Parun village, above Ishtiwi; approximate"
bhid,32.9783699,75.7185638,gazetteer-area,OSM Bhaderwah,"village not in gazetteers; Bhaderwah, Doda display point (approximate)"
rudh,32.9783699,75.7185638,gazetteer-area,OSM Bhaderwah,"village not in gazetteers; Bhaderwah, Doda display point (approximate)"
hrudh,32.9783699,75.7185638,gazetteer-area,OSM Bhaderwah,"village not in gazetteers; Bhaderwah, Doda display point (approximate)"
midrudh,32.9783699,75.7185638,gazetteer-area,OSM Bhaderwah,"village not in gazetteers; Bhaderwah, Doda display point (approximate)"
lrudh,32.9783699,75.7185638,gazetteer-area,OSM Bhaderwah,"village not in gazetteers; Bhaderwah, Doda display point (approximate)"
marm,33.01797,75.51985,gazetteer,GeoNames 10675494,"Marmat, Doda"
seu,33.08686,75.59173,gazetteer,GeoNames 10675808,"Seuth, Doda; spelling variant of Seuti"
Kand,35.4704725,73.1558797,openstreetmap,OSM relation Kandia Tehsil,"Kandia valley, Upper Kohistan"
ChilasKhinar,35.4325159,74.1513326,openstreetmap,OSM node Khinar,"Khinar, Chilas"
kol,35.04738,72.96556,gazetteer,GeoNames 1173451,"Kolai, Kolai-Palas Kohistan"
SSNP-hindko-JAM,34.1436136,73.21,gazetteer-area,OSM Abbottabad,village not in gazetteers; Abbottabad (Jammun village not located) display point (approximate)
SSNP-hindko-MAN,34.3286,73.1993,openstreetmap,OSM node Mansehra,Mansehra city
SSNP-kohistani-DSH,35.4175245,72.18,gazetteer-area,OSM Kalkot,"village not in gazetteers; Kalkot, Dir Kohistan display point (approximate)"
SSNP-kohistani-RAJ,35.4175245,72.18,gazetteer-area,OSM Kalkot,"village not in gazetteers; Kalkot, Dir Kohistan display point (approximate)"
Kho-Bashir-place-khost,36.4413989,72.3260428,openstreetmap,OSM node Roi Khot,"Khot valley, Torkhow, Chitral"
Kho-Bashir-place-warijun,36.2971736,72.2134465,openstreetmap,OSM node Warijun,"Warijun, Mulkhow, Chitral"
Kho-Bashir-place-bang,36.5252375,72.7648026,openstreetmap,OSM node Bang Bala,"Bang, Yarkhun valley, Chitral"
Kho-Bashir-place-sor-laspur,36.04784,72.46796,gazetteer,GeoNames 1164545,"Sor Laspur, Laspur valley, Chitral"
Kho-Bashir-place-mogh,36.0125926,71.6543542,openstreetmap,OSM node Mogh,"Mogh, Lutkoh valley, Chitral"
Hoper,36.1600452,74.7465891,manual-cross-reference,existing Jambu point dialect:Hopar,"Hopar valley, Nagar"
mewari_godra,25.2892459,73.82,gazetteer-area,OSM Rajsamand,village not in gazetteers; Rajsamand district (Godra village not located); previously shared Gothda's point display point (approximate)
Dehati-Kirkkichiyapur,25.2589804,80.61,gazetteer-area,OSM Atarra,"village not in gazetteers; Atarra, Banda display point (approximate)"
Hindi-Gabchariyapur,25.2589804,80.61,gazetteer-area,OSM Atarra,"village not in gazetteers; Atarra, Banda display point (approximate)"
Tharu-BNM,29.294995,79.41,gazetteer-area,OSM Nainital,village not in gazetteers; Nainital district (Madinapur not located) display point (approximate)
Tharu-BNT,29.28241,79.05254,gazetteer,GeoNames 10804431,"Thari, Ramnagar tehsil"
patiala,30.3301995,76.4007656,openstreetmap,OSM relation Patiala,Patiala city
pow,30.7,76.6,manual-region,Powadh region (Rupnagar–Fatehgarh Sahib),regional label; centroid of the Powadh tract
jt,28.9,76.4,manual-region,Jat tract (Rohtak–Bhiwani–Hisar),regional label; centroid of the Jatu-speaking tract
bang,29.3,76.3,manual-region,Bangar tract (Jind–Kaithal),regional label; centroid of the Bangar tract
koh,35.17,73.32,manual-region,Kolai-Palas Kohistan,regional label kept at the Kolai-Palas Shina area point
sdml-wardha-ashti-khadka,21.08263,78.1513,gazetteer,GeoNames 10212950,"Khadka, Ashti taluka, Wardha; source printed Yeoor's coordinate"
sdml-aurangabad-paithan-pachod-budruk,19.5736425,75.6273197,openstreetmap,OSM node Pachod,"Pachod, Paithan; source printed Telwadi's coordinate"
sdml-thane-ambernath-wangni,19.09244,73.29709,gazetteer,GeoNames 11186259,"Vangani, Ambernath; source printed Usatane's coordinate"
sdml-amravati-daryapur-bhambora,20.929366,77.426469,openstreetmap,OSM node Bhambora,"Bhambora, Daryapur"
sdml-amravati-daryapur-jitapur,20.9357091,77.425648,openstreetmap,OSM node Jitapur,"Jitapur, Daryapur"
sdml-amravati-dharni-kusumkot-khurd,21.5371524,76.8651391,openstreetmap,OSM node Kusumkot Bk,"Kusumkot (Khurd/Budruk), Dharni; source printed Kawdaziri's coordinate"
mg,25.1,85.4,manual-region,Magadha historical region,"approximate historical reference point (Magadha, south Bihar)"
pais,33.5,73.0,manual-region,traditional north-western attribution of Paiśācī,approximate historical reference point; attribution disputed
bul,42.73,25.49,manual-centroid,country centroid,comparative-language label; Bulgaria
gr,39.07,21.82,manual-centroid,country centroid,comparative-language label; Greece
it,42.5,12.57,manual-centroid,country centroid,comparative-language label; Italy
SEeur,42.67,21.17,manual-region,Balkan peninsula,regional comparative-language label; Balkans
boh,49.8,15.0,manual-centroid,regional centroid,comparative-language label; Bohemia
hung,47.16,19.5,manual-centroid,country centroid,comparative-language label; Hungary
pol,52.07,19.48,manual-centroid,country centroid,comparative-language label; Poland
rus,55.75,37.62,manual-centroid,country reference point,comparative-language label; Russia (Moscow)
rum,45.94,24.97,manual-centroid,country centroid,comparative-language label; Romania
sil-bareli-2018-rathwi-pauri-amalwadi,21.4064,75.20351,gazetteer,GeoNames 10690073,"Amalvadi, Chopda tahsil, Jalgaon"
sil-bareli-2018-rathwi-pauri-segwi,21.63439,75.10678,gazetteer,GeoNames 11023085,"Segvi, Niwali tahsil, Barwani"
sil-bareli-2018-rathwi-bareli-tharadpura,21.8235,75.6109,gazetteer-area,OSM Khargone,village not in gazetteers; Khargone district (Tharadpura not located) display point (approximate)
sil-bareli-2018-rathwi-bareli-udainagar,22.53942,76.20485,gazetteer,GeoNames 1253990,"Udainagar, Bagli tahsil, Dewas"
sil-bareli-2018-rathwi-bareli-chiklia,21.83947,74.94076,gazetteer,GeoNames 10828905,"Chiklia, Barwani"
sil-bareli-2018-rathwi-chenpur,21.80017,76.13266,gazetteer-area,GeoNames 10492984 Jhirniya,"village not in gazetteers; Jhirniya tahsil HQ, Khargone display point (approximate)"
sil-bareli-2018-rathwi-dongargaon,21.62665,76.37105,gazetteer,GeoNames 10475546,"Dongargaon, Pandhana tahsil, Khandwa"
sil-bareli-2018-bhilali-bodugam,22.29278,74.40906,gazetteer-area,GeoNames 12682340 Alirajpur,village not in gazetteers; Alirajpur tahsil display point (approximate)
sil-bareli-2018-bhili-punyawat,22.48472,74.2714,gazetteer,GeoNames 10687002,"Puniawat, Alirajpur tahsil"
sil-bareli-2018-bhili-anjhera,22.55783,75.11849,gazetteer,GeoNames 1278783,"Amjhera, Gandhwani tahsil, Dhar"
sil-bareli-2018-bhilali-anjhera,22.55783,75.11849,gazetteer,GeoNames 1278783,"Amjhera, Gandhwani tahsil, Dhar (same village as the Bhili list)"
sil-bareli-2018-bhilali-mandwi,21.80017,76.13266,gazetteer-area,GeoNames 10492984 Jhirniya,"village not in gazetteers; Jhirniya tahsil HQ, Khargone display point (approximate)"
sil-bareli-2018-bhilali-navalpura,21.67591,75.11134,gazetteer,GeoNames 11023112,"Nawalpura, Sendhwa tahsil, Barwani"
sil-bareli-2018-bhilali-agar,22.40272,74.81414,gazetteer,GeoNames 10812558,"Agar, Bagh tahsil, Dhar"
sil-bareli-2018-bhilali-udaigadh,22.53258,74.53693,openstreetmap,OSM node Udaigarh,"Udaigarh, Jobat tahsil, Alirajpur"
sil-bareli-2018-bhilali-kattivada,22.48078,74.14972,gazetteer,GeoNames 1267498,"Kathiwara (Kattivada), Alirajpur"
sil-bareli-2018-parya-bhilali-bhorwada,21.83444,75.25153,gazetteer,GeoNames 10690097,"Bharvada, Rajpur tahsil, Barwani; spelling variant of Bhorwada"
sil-bareli-2018-bhili-piplia,22.83987,74.55865,gazetteer,GeoNames 10808583,"Piplia, Jhabua tahsil (nearest of several Piplias)"
sil-bareli-2018-bhili-kharod,22.85157,74.30923,gazetteer-area,GeoNames 12681448 Dohad,"village not in gazetteers; Dahod tahsil, Gujarat display point (approximate)"
sil-bareli-2018-bhilali-aspai,22.29278,74.40906,gazetteer-area,GeoNames 12682340 Alirajpur,village not in gazetteers; Alirajpur tahsil display point (approximate)
sil-bareli-2018-rathawi-mankodi,22.08249,74.03053,gazetteer-area,GeoNames 12681457 Kavant,"village not in gazetteers; Kawant tahsil, Chhota Udaipur display point (approximate)"
sil-bareli-2018-palya-choutharya,21.85438,75.09645,gazetteer,GeoNames 11022942,"Chautria, Rajpur tahsil, Barwani; spelling variant of Choutharya"
sil-bareli-2018-palya-natvada,21.38942,74.94905,gazetteer,GeoNames 10829315,"Natvada, Shirpur tahsil, Dhule"
sil-bareli-2018-bareli-pauri-shahana,21.60973,74.74595,gazetteer,GeoNames 10828179,"Shahana, Shahada tahsil, Nandurbar"
sil-bareli-2018-bareli-pauri-mandvi,21.82436,74.21805,gazetteer-area,GeoNames 1273051 Dhadgaon,"village not in gazetteers; Dhadgaon tahsil HQ, Nandurbar display point (approximate)"
sil-bareli-2018-bareli-pauri-khadki,21.67539,74.68919,gazetteer,GeoNames 10828123,"Khadki, Pansemal tahsil, Barwani"
sil-bareli-2018-ahirani-dhule,20.92623,74.7609,gazetteer,GeoNames 10688637,"Bhokar (Wadi Bhokar), Dhule tahsil"
sil-nimadi-2012-bhilkheda-bhilala,22.07048,74.87835,gazetteer,GeoNames 10687348,"Bhilkheda, Barwani"
sil-nimadi-2012-awlia-dhar-bhilala,22.41667,75.4,gazetteer-area,GeoNames 1262076 Nalcha,"village not in gazetteers; Nalcha tahsil HQ, Dhar display point (approximate)"
sil-nimadi-2012-khajuri-bhilala,21.96954,75.26653,gazetteer,GeoNames 10690079,"Khajuri, Thikri tahsil, Barwani"
sil-nimadi-2012-maheshwar-bhilala,22.17592,75.58715,gazetteer,GeoNames 1264385,"Maheshwar, Khargone"
sil-malvi-2009-bhandikhali-bhil,22.66553,74.97736,gazetteer-area,GeoNames 1256090 Sardarpur,"village not in gazetteers; Sardarpur tahsil HQ, Dhar display point (approximate)"
sil-dhule-2013-vasavi-kelpada,21.20965,73.93484,openstreetmap,OSM node Kelpada,"Kelpada, Navapur taluka, Nandurbar (formerly northern Dhule)"
sil-dhule-2013-vasavi-dhanoura,21.56901,74.28748,gazetteer,GeoNames 10698534,"Dhanora, Nandurbar (formerly northern Dhule); spelling variant"
sil-dhule-2013-vasavi-digiamba,21.56931,73.9588,openstreetmap,OSM node Digiamba,"Digiamba, Akkalkuwa taluka, Nandurbar (formerly northern Dhule)"
sil-dhule-2013-vasavi-amoda,21.37,74.2,gazetteer-area,GeoNames 7626542 Nandurbar,village not in gazetteers; Nandurbar district (formerly northern Dhule; Amoda ambiguous) display point (approximate)
sil-dhule-2013-noiri-mundalwad,21.22377,74.93833,gazetteer,GeoNames 10829400,"Mudavad, Shirpur tahsil, Dhule; spelling variant of Mundalwad"
sil-dhule-2013-noiri-astamba,21.82436,74.21805,gazetteer-area,GeoNames 1273051 Dhadgaon,"village not in gazetteers; Dhadgaon tahsil (Astamba hill area), Nandurbar display point (approximate)"
sil-dhule-2013-pauri-bhusha,21.82436,74.21805,gazetteer-area,GeoNames 1273051 Dhadgaon,"village not in gazetteers; Dhadgaon tahsil, Nandurbar display point (approximate)"
sil-dhule-2013-rathwi-kangai,21.37,74.2,gazetteer-area,GeoNames 7626542 Nandurbar,village not in gazetteers; Nandurbar district (formerly northern Dhule) display point (approximate)
sil-noira-2015-noiri-chillare,21.3846,75.0085,gazetteer,GeoNames 10690064,"Chilar, Shirpur tahsil, Dhule; spelling variant of Chillare"
sil-noira-2015-noiri-pannali,21.71156,74.67651,gazetteer,GeoNames 10828094,"Pannali, Pansemal tahsil, Barwani"
sil-noira-2015-noiri-gomon,21.70056,74.00019,gazetteer-area,OSM Akkalkuwa Taluka,"village not in gazetteers; Akkalkuwa taluka, Nandurbar display point (approximate)"
sil-noira-2015-dungra-bhili-mathwad,22.01439,74.22112,openstreetmap,OSM node Mathwad,"Mathwad, Sondwa tahsil, Alirajpur"
sil-noira-2015-dungra-bhili-ambadungar,22.08249,74.03053,gazetteer-area,GeoNames 12681457 Kavant,"village not in gazetteers; Kawant tahsil, Chhota Udaipur display point (approximate)"
sil-noira-2015-kotli-narayanpur,21.37276,74.18121,gazetteer,GeoNames 10578677,Narayanpur near Nandurbar town; Papiner not located
sil-noira-2015-kotli-taradi,21.60686,74.39357,gazetteer,GeoNames 10698487,"Tarhadi, Shahada tahsil; spelling variant of Taradi"
sil-noira-2015-gujari-taradi,21.60686,74.39357,gazetteer,GeoNames 10698487,"Tarhadi, Shahada tahsil; spelling variant of Taradi"
sil-noira-2015-korku-tukaithad,21.37276,76.52599,gazetteer-area,GeoNames 12680477 Khaknar,"village not in gazetteers; Khaknar block, Burhanpur display point (approximate)"
sil-noira-2015-nihali-jamod,21.05194,76.53464,gazetteer,GeoNames 1269406,"Jalgaon Jamod, Buldhana"
sil-noira-2015-korku-tembhi,21.07,76.5,manual-map,Nihali village Tembi near Jalgaon Jamod,approximate
sil-malvi-2009-thillorkhurd-ujjaini,22.6153,75.95363,gazetteer,GeoNames 10689647,"Tillor Khurd, Indore"
sil-malvi-2009-kumardi-ujjaini,23.00652,76.29105,gazetteer,GeoNames 10752799,"Kumari, Sonkatch; spelling variant of Kumardi"
sil-malvi-2009-samapura-gond,22.91029,77.1216,gazetteer,GeoNames 10496464,"Samanpura, Ichhawar; spelling variant of Samapura"
sil-malvi-2009-harsodan-ujjaini,23.1793,75.7849,gazetteer-area,Ujjain town,village not in gazetteers; Ujjain tahsil display point (approximate)
sil-malvi-2009-chandukhedi-ujjaini,23.1793,75.7849,gazetteer-area,Ujjain town,village not in gazetteers; Ujjain tahsil display point (approximate)
sil-malvi-2009-nain-ujjaini,23.4564,75.4177,gazetteer-area,Nagda town,"village not in gazetteers; Nagda tahsil, Ujjain display point (approximate)"
sil-malvi-2009-koyal-ujjaini,23.4867,75.6608,gazetteer-area,Mahidpur town,"village not in gazetteers; Mahidpur tahsil, Ujjain display point (approximate)"
sil-malvi-2009-rojdi-ujjaini,22.7196,75.8577,gazetteer-area,Indore city,village not in gazetteers; Indore tahsil display point (approximate)
sil-malvi-2009-jokhar-ujjaini,23.2591,76.1454,gazetteer-area,Maksi town,"village not in gazetteers; Maksi tahsil, Shajapur display point (approximate)"
sil-malvi-2009-bercha-ujjaini,22.9676,76.0534,gazetteer-area,Dewas city,village not in gazetteers; Dewas (respondent resident there) display point (approximate)
sil-malvi-2009-moondikhedi-ujjaini,23.0176,76.7221,gazetteer-area,Ashta town,"village not in gazetteers; Ashta tahsil, Sehore display point (approximate)"
sil-malvi-2009-lojithara-rajwadi,23.3315,75.0367,gazetteer-area,Ratlam city,village not in gazetteers; Ratlam tahsil display point (approximate)
sil-malvi-2009-bhimakhedi-rajwadi,23.6377,75.1262,gazetteer-area,Jaora town,"village not in gazetteers; Jaora tahsil, Ratlam display point (approximate)"
sil-malvi-2009-kishorpura-rajwadi,24.0148,75.3535,gazetteer-area,Sitamau town,"village not in gazetteers; Sitamau tahsil, Mandsaur display point (approximate)"
sil-malvi-2009-bhunyakhedi-rajwadi,24.0768,75.0693,gazetteer-area,Mandsaur city,village not in gazetteers; Mandsaur tahsil display point (approximate)
sil-malvi-2009-jesingpura-rajwadi,24.4764,74.8624,gazetteer-area,Neemuch city,village not in gazetteers; Neemuch tahsil display point (approximate)
sil-malvi-2009-bhandia-rajwadi,24.4756,75.1447,gazetteer-area,Manasa town,"village not in gazetteers; Manasa tahsil, Neemuch display point (approximate)"
sil-malvi-2009-jhadmu-umadwadi,24.0235,76.3773,gazetteer-area,Zirapur town,"village not in gazetteers; Zirapur tahsil, Rajgarh display point (approximate)"
sil-malvi-2009-semlikakad-umadwadi,24.0414,76.5807,gazetteer-area,Khilchipur town,"village not in gazetteers; Khilchipur tahsil, Rajgarh display point (approximate)"
sil-malvi-2009-sagpur-umadwadi,23.7076,77.0932,gazetteer-area,Narsinghgarh town,"village not in gazetteers; Narsinghgarh tahsil, Rajgarh display point (approximate)"
sil-malvi-2009-paldyabana-umadwadi,23.7076,77.0932,gazetteer-area,Narsinghgarh town,"village not in gazetteers; Narsinghgarh tahsil, Rajgarh display point (approximate)"
sil-malvi-2009-mungavali-umadwadi,23.2032,77.0844,gazetteer-area,Sehore town,village not in gazetteers; Sehore tahsil display point (approximate)
sil-malvi-2009-harnauda-sondhwadi,24.4118,75.6274,gazetteer-area,Gangdhar town,"village not in gazetteers; Gangdhar tahsil, Jhalawar display point (approximate)"
sil-malvi-2009-narana-sondhwadi,24.0316,76.0367,gazetteer-area,Pirawa town,"village not in gazetteers; Pirawa tahsil, Jhalawar display point (approximate)"
sil-malvi-2009-adakhedi-sondhwadi,24.0316,76.0367,gazetteer-area,Pirawa town,"village not in gazetteers; Pirawa tahsil, Jhalawar display point (approximate)"
sil-malvi-2009-era-sondhwadi,24.4147,76.5745,gazetteer-area,Bhawani Mandi,"village not in gazetteers; Pachpahar tahsil, Jhalawar display point (approximate)"
sil-malvi-2009-deevdi-sondhwadi,24.5426,76.1675,gazetteer-area,Jhalrapatan town,"village not in gazetteers; Jhalrapatan tahsil, Jhalawar display point (approximate)"
sil-malvi-2009-jamli-sondhwadi,23.7124,76.0157,gazetteer-area,Agar town,village not in gazetteers; Agar tahsil display point (approximate)
sil-malvi-2009-kalwar-gond,22.6684,76.7413,gazetteer-area,Kannod town,"village not in gazetteers; Kannod tahsil, Dewas display point (approximate)"
sil-bagheli-2022-amarkantak,22.67486,81.75908,gazetteer,GeoNames 1278905,Amarkantak
sil-bagheli-2022-karchana,25.28608,81.93687,gazetteer,GeoNames 1267806,"Karchana, Prayagraj"
sil-bagheli-2022-baikanthpur,24.72768,81.40975,gazetteer,GeoNames 1277770,"Baikunthpur, Sirmour tahsil, Rewa"
sil-bagheli-2022-dewara,24.68631,81.98819,gazetteer,GeoNames 10533094,"Dewara, Hanumana tahsil, Rewa"
sil-bagheli-2022-singpur,23.20939,81.41907,gazetteer,GeoNames 1256139,"Singpur, Sohagpur tahsil, Shahdol"
sil-bagheli-2022-silpari,24.63929,81.61456,gazetteer,GeoNames 10532479,"Silpari, Rewa"
sil-bagheli-2022-katkon,24.63285,80.61077,gazetteer,GeoNames 10538710,"Kathkone, Nagod tahsil; spelling variant of Katkon"
sil-bagheli-2022-chawari,24.20516,81.71172,gazetteer,GeoNames 10534401,"Chhawari, Sidhi; spelling variant of Chawari"
sil-bagheli-2022-parasawar,24.48019,82.13898,gazetteer,GeoNames 10551185,"Paraswar, Deosar tahsil; spelling variant of Parasawar"
sil-bagheli-2022-mahdeiya,24.20957,82.56064,gazetteer,GeoNames 10551656,"Mahdeiyan, Singrauli; spelling variant of Mahdeiya"
sil-bagheli-2022-keoti,24.83,81.38,manual-map,"Keoti, Rewa district",Keoti village (near Keoti falls); approximate
sil-bagheli-2022-dabhaura,24.9836,81.6393,gazetteer-area,Teonthar town,"village not in gazetteers; Teonthar tahsil, Rewa display point (approximate)"
sil-bagheli-2022-sunwari,24.2652,80.7611,gazetteer-area,Maihar town,"village not in gazetteers; Maihar tahsil, Satna display point (approximate)"
sil-bagheli-2022-domahai,24.8165,80.6167,gazetteer-area,Majhgawan,"village not in gazetteers; Majhgawan tahsil, Satna display point (approximate)"
sil-bagheli-2022-janakpur,23.7883,82.1133,gazetteer-area,Bharatpur (Koriya),"village not in gazetteers; Bharatpur tahsil, Koriya display point (approximate)"
sil-bagheli-2022-lodha,23.5258,80.8369,gazetteer-area,Umaria town,village not in gazetteers; Umaria tahsil display point (approximate)
sil-bagheli-2022-kotasiv-prathapsing,24.9165,82.3241,gazetteer-area,Lalganj (Mirzapur),"village not in gazetteers; Lalganj tahsil, Mirzapur display point (approximate)"
sil-bagheli-2022-semara,23.6836,81.389,gazetteer-area,Jaisinghnagar,"village not in gazetteers; Jaisinghnagar tahsil, Shahdol display point (approximate)"
sil-kullu-1985-manali,32.26076,77.18786,gazetteer,GeoNames 12682516,Manali
sil-kullu-1985-maraur,31.78865,77.53787,gazetteer,GeoNames 1263550,"Maraur, Banjar"
sil-kullu-1985-bathad,31.59961,77.48081,gazetteer,GeoNames 1276706,"Bathad, Banjar"
sil-kullu-1985-manikaran,32.0266,77.36074,gazetteer,GeoNames 1263721,Manikaran
sil-kullu-1985-ani,31.4498,77.41281,gazetteer,GeoNames 12682525,Ani
sil-kullu-1985-kullu,31.9579,77.1095,manual-map,Kullu town,Kullu HQ
sil-kullu-1985-jibhi,31.59,77.35,manual-map,"Jibhi, Banjar tehsil",approximate
sil-kullu-1985-shangarh,31.68,77.37,manual-map,"Shangarh, Banjar tehsil",approximate
sil-kullu-1985-garsah,31.9,77.23,manual-map,"Garsa, Kullu tehsil",approximate
sil-kullu-1985-churla,31.9579,77.1095,gazetteer-area,Kullu town,village not in gazetteers; Kullu tehsil (Lag valley) display point (approximate)
sil-kullu-1985-loren,31.9579,77.1095,gazetteer-area,Kullu town,village not in gazetteers; Kullu tehsil display point (approximate)
sil-kullu-1985-raila,31.9579,77.1095,gazetteer-area,Kullu town,village not in gazetteers; Kullu tehsil display point (approximate)
sil-kullu-1985-bhutti,31.9579,77.1095,gazetteer-area,Kullu town,village not in gazetteers; Kullu tehsil (Lag valley) display point (approximate)
sil-kullu-1985-shalwar,31.6383,77.3431,gazetteer-area,Banjar town,village not in gazetteers; Banjar tehsil display point (approximate)
sil-kullu-1985-chinninal,31.6383,77.3431,gazetteer-area,Banjar town,village not in gazetteers; Banjar tehsil display point (approximate)
sil-kullu-1985-sidua,31.6383,77.3431,gazetteer-area,Banjar town,village not in gazetteers; Banjar tehsil display point (approximate)
sil-ho-2024-hbg,22.72127,85.50261,gazetteer,GeoNames 11686498,"Nakti, Bandgaon"
sil-ho-2024-hsu,21.83525,85.0772,gazetteer-area,GeoNames 12681027 Lahunipara,"village not in gazetteers; Lahunipara block, Sundargarh display point (approximate)"
sil-ho-2024-hsa,21.539,85.00849,gazetteer-area,GeoNames 1277101 Barkot,"village not in gazetteers; Barkot, Deogarh (historical Sambalpur) display point (approximate)"
sil-ho-2024-hdh,21.43354,85.19184,gazetteer-area,GeoNames 1260696 Pal Lahara,"village not in gazetteers; Pallahara, Angul (historical Dhenkanal) display point (approximate)"
sil-ho-2024-hop,21.37152,86.54672,gazetteer-area,GeoNames 12681034 Oupada,"village not in gazetteers; Oupada block, Balasore display point (approximate)"
sil-ho-2024-hth,21.7215,86.1163,gazetteer-area,Thakurmunda,"village not in gazetteers; Thakurmunda block, Mayurbhanj display point (approximate)"
sil-ho-2024-hka,21.7614,85.9762,gazetteer-area,Karanjia,"village not in gazetteers; Karanjia, Mayurbhanj display point (approximate)"
sil-ho-2024-hke,21.6318,85.5969,gazetteer-area,Keonjhar town,village not in gazetteers; Keonjhar district display point (approximate)
sil-ho-2024-hch,22.5548,85.8175,gazetteer-area,Chaibasa,"village not in gazetteers; Chaibasa, West Singhbhum display point (approximate)"
sil-ho-2024-hcu,20.4625,85.883,gazetteer-area,Cuttack,village not in gazetteers; Cuttack district display point (approximate)
sil-ho-2024-hjo,21.9583,86.05,gazetteer-area,Jashipur,"village not in gazetteers; Jashipur, Mayurbhanj display point (approximate)"
sil-ho-2024-hra,22.265,86.1735,gazetteer-area,Rairangpur,"village not in gazetteers; Rairangpur, Mayurbhanj display point (approximate)"
sil-ho-2024-hba,21.9322,86.7517,gazetteer-area,Baripada,"village not in gazetteers; Baripada, Mayurbhanj display point (approximate)"
sil-ho-2024-hni,21.462,86.7677,gazetteer-area,Nilgiri (Balasore),"village not in gazetteers; Nilgiri, Balasore display point (approximate)"
sil-bareli-2018-nimadi-khargone,21.82306,75.61028,gazetteer,GeoNames 8739996,Khargone city
sil-nimadi-2012-khargone-general,21.82306,75.61028,gazetteer,GeoNames 8739996,Khargone city
sil-bareli-2018-nimadi-awlia,21.95789,75.89032,gazetteer,GeoNames 11031400,"Avalia (Awlia), Khandwa"
sil-nimadi-2012-awlia-khandwa-balai,21.95789,75.89032,gazetteer,GeoNames 11031400,"Avalia (Awlia), Khandwa"
sil-bareli-2018-nimadi-ashapur,22.28088,75.56169,gazetteer,GeoNames 10689287,"Asapur, Maheshwar tahsil"
sil-nimadi-2012-sonipura-balai,21.85715,75.66218,gazetteer,GeoNames 10706435,"Sonipura, Khargone"
sil-nimadi-2012-sonipura-patidar,21.85715,75.66218,gazetteer,GeoNames 10706435,"Sonipura, Khargone"
sil-nimadi-2012-sirpur-melgav-obc,21.81647,76.62303,gazetteer,GeoNames 10477153,"Sirpur, Khalwa tahsil, Khandwa"
sil-nimadi-2012-balkhad-brahmin,22.128,75.6118,gazetteer-area,Kasrawad,"village not in gazetteers; Kasrawad tahsil, Khargone display point (approximate)"
sil-nimadi-2012-jajamkhedi-obc,22.2386,75.0885,gazetteer-area,Manawar,"village not in gazetteers; Manawar tahsil, Dhar display point (approximate)"
sil-nimadi-2012-rupkheda-brahmin,22.2565,76.0399,gazetteer-area,Barwaha,"village not in gazetteers; Barwaha tahsil, Khargone display point (approximate)"
sil-nimadi-2012-kupdol-badgav-darbar,21.82306,75.61028,gazetteer-area,Khargone city,village not in gazetteers; Khargone tahsil display point (approximate)
sil-amri-karbi-2021-paboi-misamari,26.80614,92.59768,gazetteer,GeoNames 1262991,"Missamari, Sonitpur"
sil-amri-karbi-2021-mikirgaon,26.22612,92.75657,gazetteer,GeoNames 1263054,"Mikirgaon, Nagaon"
sil-amri-karbi-2021-holanki,27.1478,93.7359,gazetteer-area,Yupia,"village not in gazetteers; Papum Pare district, Arunachal Pradesh display point (approximate)"
sil-amri-karbi-2021-hajarongpi,25.8434,93.4311,gazetteer-area,Diphu,village not in gazetteers; East Karbi Anglong display point (approximate)
sil-amri-karbi-2021-sermansingner,25.8434,93.4311,gazetteer-area,Diphu,village not in gazetteers; East Karbi Anglong display point (approximate)
sil-amri-karbi-2021-rongtheang,25.8434,93.4311,gazetteer-area,Diphu,village not in gazetteers; East Karbi Anglong display point (approximate)
sil-amri-karbi-2021-sardoka-ingti,25.8434,93.4311,gazetteer-area,Diphu,village not in gazetteers; East Karbi Anglong display point (approximate)
sil-amri-karbi-2021-amguri-wka,25.8686,92.6417,gazetteer-area,Hamren,village not in gazetteers; West Karbi Anglong display point (approximate)
sil-amri-karbi-2021-langhemphi,25.8686,92.6417,gazetteer-area,Hamren,village not in gazetteers; West Karbi Anglong display point (approximate)
sil-amri-karbi-2021-umrinti,25.8686,92.6417,gazetteer-area,Hamren,village not in gazetteers; West Karbi Anglong display point (approximate)
sil-amri-karbi-2021-bankri,25.8686,92.6417,gazetteer-area,Hamren,village not in gazetteers; West Karbi Anglong display point (approximate)
sil-amri-karbi-2021-sunajoli,27.236,94.1035,gazetteer-area,North Lakhimpur,village not in gazetteers; Lakhimpur district display point (approximate)
sil-amri-karbi-2021-amguri-kamrup,26.1758,91.6675,gazetteer-area,Amingaon,village not in gazetteers; Kamrup district display point (approximate)
sil-amri-karbi-2021-maina-kharong,26.1758,91.6675,gazetteer-area,Amingaon,village not in gazetteers; Kamrup district display point (approximate)
sil-amri-karbi-2021-plasha,25.9023,91.8794,gazetteer-area,Nongpoh,village not in gazetteers; Ri Bhoi district display point (approximate)
bhumij-mundari1989-udala,21.58523,86.58529,gazetteer,GeoNames 12683748,"Udala, Mayurbhanj"
bhumij1989-baigodia,21.37152,86.54672,gazetteer-area,GeoNames 12681034 Oupada,"village not in gazetteers; Oupada block, Balasore (same village as the Ho list) display point (approximate)"
zoller-mu-bhumij,22.2155,86.2322,manual-region,"Rairangpur, Mayurbhanj",Bhumij core area; regional label
sil-kodaku-2005-jamuniatanr,23.96304,83.77275,gazetteer,GeoNames 10744322,"Jamuniatanr, Ranka, Garhwa"
sil-kodaku-2005-dhengura,23.88487,83.77151,gazetteer,GeoNames 10744331,"Dhengura, Ranka, Garhwa"
sil-kodaku-2005-chainpur,24.98264,83.41936,gazetteer,GeoNames 12682988,"Chainpur (Bhabhua), Kaimur, Uttar Pradesh border"
sil-kodaku-2004-sagardinwa,24.05,84.22,gazetteer-area,Chainpur (Palamu),"village not in gazetteers; Chainpur block, Palamu display point (approximate)"
sil-kodaku-2005-jhaleria,23.6136,83.6088,gazetteer-area,Balrampur (CG),"village not in gazetteers; Balrampur district, Chhattisgarh display point (approximate)"
sil-kodaku-2005-chilma,23.6136,83.6088,gazetteer-area,Balrampur (CG),"village not in gazetteers; Balrampur district, Chhattisgarh display point (approximate)"
sil-kodaku-2005-kodakupara,23.3838,83.3286,gazetteer-area,Pratappur,"village not in gazetteers; Pratappur block, Surajpur display point (approximate)"
sil-kodaku-2005-tharki,23.3949,83.1235,gazetteer-area,Rajpur (Balrampur),village not in gazetteers; Rajpur block display point (approximate)
sil-kodaku-2005-baikanthpur,23.7936,83.3536,gazetteer-area,Wadrafnagar,"village not in gazetteers; Wadrafnagar block, Balrampur display point (approximate)"
sil-korwa-2004-chilma,23.3949,83.1235,gazetteer-area,Rajpur (Balrampur),village not in gazetteers; Rajpur block display point (approximate)
sil-korwa-2004-dhaneshpur,23.2789,83.3934,gazetteer-area,Kusmi,"village not in gazetteers; Kusmi block, Balrampur display point (approximate)"
sil-korwa-2005-gaseband,22.9494,83.7727,gazetteer-area,Bagicha,"village not in gazetteers; Bagicha block, Jashpur display point (approximate)"
sil-korwa-2004-harrapat,22.906,83.965,gazetteer-area,Manora,"village not in gazetteers; Manora block, Jashpur display point (approximate)"
sil-korwa-2004-bladerpat,23.081,83.665,gazetteer-area,Sanna,"village not in gazetteers; Sanna, Jashpur display point (approximate)"
sil-korwa-2004-kirkima,23.183,83.4118,gazetteer-area,Lundra,"village not in gazetteers; Lundra block, Surguja display point (approximate)"
sil-korwa-2004-musakhoel,23.12,83.195,gazetteer-area,Ambikapur,"village not in gazetteers; Ambikapur, Surguja display point (approximate)"
sil-korwa-2004-rakkaya,23.5735,83.029,gazetteer-area,Shankargarh,"village not in gazetteers; Shankargarh block, Balrampur display point (approximate)"
sil-korwa-2005-sardih,22.3595,82.7501,gazetteer-area,Korba,village not in gazetteers; Korba district display point (approximate)
sil-bonda-didayi-1997-chitrakonda-l-didayi,18.21675,82.13531,gazetteer,GeoNames 12683860,Chitrakonda
sil-bonda-didayi-1997-biapada-u-didayi,18.21675,82.13531,gazetteer-area,Chitrakonda,"village not in gazetteers; Chitrakonda block, Malkangiri display point (approximate)"
sil-bonda-didayi-1997-kaluguda-u-didayi,18.21675,82.13531,gazetteer-area,Chitrakonda,"village not in gazetteers; Chitrakonda block, Malkangiri display point (approximate)"
sil-bonda-didayi-1997-orapadar-u-didayi,18.21675,82.13531,gazetteer-area,Chitrakonda,"village not in gazetteers; Chitrakonda block, Malkangiri display point (approximate)"
sil-bonda-didayi-1997-oringi-l-didayi,18.21675,82.13531,gazetteer-area,Chitrakonda,"village not in gazetteers; Chitrakonda block, Malkangiri display point (approximate)"
sil-bonda-didayi-1997-rasabeda-l-bonda,18.4946,82.2851,gazetteer-area,GeoNames 12683855 Mudulipada,village not in gazetteers; Khairput block (Bonda hills) display point (approximate)
sil-bonda-didayi-1997-kendhuguda-l-bonda,18.4946,82.2851,gazetteer-area,GeoNames 12683855 Mudulipada,village not in gazetteers; Khairput block (Bonda hills) display point (approximate)
sil-bonda-didayi-1997-kadamguda-l-bonda,18.4946,82.2851,gazetteer-area,GeoNames 12683855 Mudulipada,village not in gazetteers; Khairput block (Bonda hills) display point (approximate)
sil-bonda-didayi-1997-dumripada-u-bonda,18.4946,82.2851,gazetteer-area,GeoNames 12683855 Mudulipada,village not in gazetteers; Khairput block (Bonda hills) display point (approximate)
sil-bonda-further-2002-podeiguda-u-bonda,18.4946,82.2851,gazetteer-area,GeoNames 12683855 Mudulipada,village not in gazetteers; Khairput block (Bonda hills) display point (approximate)
sil-bonda-further-2002-bondapada-u-bonda,18.4946,82.2851,gazetteer-area,GeoNames 12683855 Mudulipada,village not in gazetteers; Khairput block (Bonda hills) display point (approximate)
sil-korku-1985-chikli-ruma,21.89246,77.61961,gazetteer,GeoNames 10508913,"Chikhli, Betul; identification approximate"
sil-korku-1985-khanapur-ruma,21.92547,78.15348,gazetteer,GeoNames 10212593,"Khanapur, Betul; identification approximate"
sil-korku-1985-bagdara-ruma,21.65029,77.60115,gazetteer,GeoNames 10509078,"Bagdara, Betul; identification approximate"
sil-korku-1985-amdhana-mawasi,22.36095,78.82865,gazetteer,GeoNames 13428119,"Amdhana, Chhindwara; identification approximate"
sil-korku-1985-warsari-ruma,21.9059,77.9026,gazetteer-area,Betul,village not in gazetteers; Betul district (Ruma Korku area) display point (approximate)
sil-korku-1985-moragao-bouriya,21.9059,77.9026,gazetteer-area,Betul,village not in gazetteers; Betul district display point (approximate)
sil-korku-1985-lahi-bouriya,21.9059,77.9026,gazetteer-area,Betul,village not in gazetteers; Betul district display point (approximate)
sil-korku-1985-khamalpur-bondoy,22.7475,77.7302,gazetteer-area,Hoshangabad,village not in gazetteers; Hoshangabad district display point (approximate)
sil-koya-1985-jaganathapuram,17.23717,80.78987,gazetteer,GeoNames 10769735,"Jagannathapuram, Khammam; nearest of several"
sil-koya-1985-chintoor,17.76118,81.37954,gazetteer,GeoNames 12684186,Chintoor
sil-koya-1985-podia,18.18915,81.52113,gazetteer,GeoNames 12683856,"Podia, Malkangiri"
sil-koya-1985-utnoor,19.37241,78.70714,gazetteer,GeoNames 12681258,"Utnoor, Adilabad"
sil-koya-1985-malakanagiri,18.3479,81.8871,gazetteer,GeoNames 7627182,Malkangiri town
sil-koya-1985-bhamani-gondi,18.8477,79.9612,gazetteer-area,Sironcha,village not in gazetteers; Sironcha taluka (Bhamani village not located) display point (approximate)
sil-koya-1985-bhamani-madia,18.8477,79.9612,gazetteer-area,Sironcha,village not in gazetteers; Sironcha taluka (Bhamani village not located) display point (approximate)
sil-desia-2007-souraguda-soura,18.87116,82.55821,gazetteer,GeoNames 10777510,"Souraguda, Jeypore"
sil-desia-2007-gagnapur-poroja,18.8563,82.5716,gazetteer-area,Jeypore,"village not in gazetteers; Jeypore block, Koraput display point (approximate)"
sil-desia-2007-potenda-rona,18.5697,82.8093,gazetteer-area,Lamtaput,"village not in gazetteers; Lamtaput block, Koraput display point (approximate)"
sil-desia-2007-ghumar-rona,19.1416,82.3226,gazetteer-area,Kotpad,"village not in gazetteers; Kotpad block, Koraput display point (approximate)"
sil-desia-2007-sourakundi-bhotra,19.1416,82.3226,gazetteer-area,Kotpad,"village not in gazetteers; Kotpad block, Koraput display point (approximate)"
sil-desia-2007-sabhapatiguda-gaud,18.3479,81.8871,gazetteer-area,Malkangiri,village not in gazetteers; Malkangiri district display point (approximate)
sil-desia-2007-kantigad-gaud,19.0479,82.5511,gazetteer-area,Boriguma,"village not in gazetteers; Boriguma block, Koraput display point (approximate)"
sil-desia-2007-kakalpoda-bod-mali,19.0479,82.5511,gazetteer-area,Boriguma,"village not in gazetteers; Boriguma block, Koraput display point (approximate)"
sil-desia-2007-gumalput-gadaba,19.0479,82.5511,gazetteer-area,Boriguma,"village not in gazetteers; Boriguma block, Koraput display point (approximate)"
sil-desia-2007-aunli-bhotra,19.0479,82.5511,gazetteer-area,Boriguma,"village not in gazetteers; Boriguma block, Koraput display point (approximate)"
sil-desia-2007-jujhari-kamar,19.0479,82.5511,gazetteer-area,Boriguma,"village not in gazetteers; Boriguma block, Koraput display point (approximate)"
sil-desia-2007-konda-maliguda-bod-mali,18.926,82.931,gazetteer-area,Laxmipur,"village not in gazetteers; Laxmipur block, Koraput display point (approximate)"
sil-desia-2007-patta-maliguda-san-mali,18.926,82.931,gazetteer-area,Laxmipur,"village not in gazetteers; Laxmipur block, Koraput display point (approximate)"
sil-desia-2007-burja-dom,18.926,82.931,gazetteer-area,Laxmipur,"village not in gazetteers; Laxmipur block, Koraput display point (approximate)"
sil-desia-2007-dame-side-dom,18.5658,82.965,gazetteer-area,Pottangi,"village not in gazetteers; Pottangi block, Koraput display point (approximate)"
sil-desia-2007-bodgaon-dhulia,18.5658,82.965,gazetteer-area,Pottangi,"village not in gazetteers; Pottangi block, Koraput display point (approximate)"
sil-desia-2007-chhatrabor-harijan,19.2166,82.4931,gazetteer-area,Papadahandi,"village not in gazetteers; Papadahandi block, Nabarangpur display point (approximate)"
sil-desia-2007-gemelput-mania,18.67,82.79,gazetteer-area,Nandapur,"village not in gazetteers; Nandapur block, Koraput display point (approximate)"
sil-desia-2007-sindhiguda-bonda,18.4946,82.2851,gazetteer-area,GeoNames 12683855 Mudulipada,"village not in gazetteers; Khairput block, Malkangiri display point (approximate)"
sil-kurumba-1985-kannada-bangalore,12.9716,77.5946,manual-map,Bengaluru,Bangalore city
sil-kurumba-1976-pudukkottai,10.35,78.9,gazetteer,GeoNames 1259298,Pudukkottai
sil-kurumba-1984-madapalli,12.49056,78.60101,gazetteer,GeoNames 11348417,"Madappalli, Tirupattur"
sil-kurumba-1985-karmadai-kurumba,11.24058,76.96009,gazetteer,GeoNames 1267869,Karamadai
sil-kurumba-1985-karmadai-vakkaliga,11.24058,76.96009,gazetteer,GeoNames 1267869,Karamadai
sil-kurumba-1985-kurumbapalayam,10.8478,77.0651,gazetteer,GeoNames 11558035,"Kurumbapalayam, Coimbatore"
sil-kurumba-1985-kalangal,10.9923,77.13798,gazetteer,GeoNames 11557958,"Kalangal, Palladam"
sil-kurumba-1985-masinagudi-jennu,11.56816,76.64715,gazetteer,GeoNames 7731765,Masinagudi
sil-kurumba-1985-maddur-betta,11.77915,76.55897,gazetteer,GeoNames 1264593,"Maddur, Gundlupet"
sil-kurumba-1985-tamil-madras,13.08784,80.27847,gazetteer,GeoNames 1264527,Chennai
sil-kurumba-1985-kolar,13.28773,78.34199,gazetteer,GeoNames 11322567,"Basavanahalli, Kolar; spelling variant of Basavanatha"
sil-kurumba-1985-chitradurga,14.21738,76.37303,gazetteer,GeoNames 10883708,"Malavvanahatti, Chitradurga; spelling variant"
sil-kurumba-1985-badaga-arvenu,11.40802,76.87359,gazetteer,GeoNames 11461356,"Arevenu, Kotagiri; spelling variant of Arvenu"
sil-kurumba-1985-kotagiri-alu,11.35,76.8,manual-cross-reference,existing Jambu point palakkad-alukurumba-banigudisola,"Banigudisole, Kotagiri"
sil-kurumba-1984-belavarthy,12.5266,78.215,gazetteer-area,Krishnagiri,village not in gazetteers; Krishnagiri taluk display point (approximate)
sil-kurumba-1984-kurumbatheru,12.5266,78.215,gazetteer-area,Krishnagiri,village not in gazetteers; Krishnagiri taluk display point (approximate)
sil-kurumba-1985-beerajjanur,12.5266,78.215,gazetteer-area,Krishnagiri,village not in gazetteers; Krishnagiri taluk display point (approximate)
sil-kurumba-1984-buringi,12.495,78.573,gazetteer-area,Tirupattur,village not in gazetteers; Tirupattur taluk display point (approximate)
sil-kurumba-1984-thangiyadikuppam,12.7495,78.3417,gazetteer-area,Kuppam,"village not in gazetteers; Kuppam taluk, Chittoor display point (approximate)"
census-tamil-nadu-1,11.46986,76.68907,gazetteer,GeoNames 12684098,Udhagamandalam
census-tamil-nadu-2,11.46986,76.68907,gazetteer,GeoNames 12684098,Udhagamandalam
census-tamil-nadu-5,11.46986,76.68907,gazetteer,GeoNames 12684098,Udhagamandalam
census-tamil-nadu-9,11.46986,76.68907,gazetteer,GeoNames 12684098,Udhagamandalam
census-tamil-nadu-4,12.83359,79.78225,gazetteer,GeoNames 7646149,Kanchipuram
census-tamil-nadu-6,13.12758,79.25748,gazetteer,GeoNames 1259416,"Ponnai, Vellore (one of the two named localities)"
census-tamil-nadu-8,11.34,77.55,gazetteer,GeoNames 8223995,Erode district
census-tamil-nadu-10,11.5048,77.2384,gazetteer-area,Sathyamangalam,"village not in gazetteers; Hasanur/Sathyamangalam, Erode display point (approximate)"
census-uttar-pradesh-2,26.93864,81.3274,gazetteer,GeoNames 1277159,Barabanki
census-uttar-pradesh-7,28.66535,77.43915,gazetteer,GeoNames 1271308,Ghaziabad
census-uttar-pradesh-8,28.54702,77.38838,gazetteer,GeoNames 10265206,"Salarpur Khadar, Noida"
census-uttar-pradesh-10,25.54277,79.81235,gazetteer,GeoNames 1266937,"Kharela, Mahoba"
census-uttar-pradesh-11,26.87449,81.03477,gazetteer,GeoNames 1274161,"Chinhat, Lucknow"
census-uttar-pradesh-3,27.51842,80.85633,gazetteer,GeoNames 1255971,Sitapur
census-uttar-pradesh-6,27.18222,79.05211,gazetteer,GeoNames 1264293,Mainpuri
census-uttar-pradesh-9,25.9226,82.201,gazetteer-area,Patti,"village not in gazetteers; Patti tehsil, Pratapgarh display point (approximate)"
census-khortha-sikaripara,24.23855,87.47413,gazetteer,GeoNames 1256317,"Shikaripara, Dumka"
census-danuwar-0,27.6437,85.63998,gazetteer,GeoNames 12095779,"Panchkhal, Kavrepalanchok"
census-danuwar-1,27.72859,85.68126,gazetteer,GeoNames 7995552,"Bhimtar, Sindhupalchok"
census-danuwar-2,27.5813,85.3014,gazetteer,GeoNames 7813632,"Dukuchhap, Lalitpur"
census-danuwar-3,27.0888,86.0838,gazetteer,GeoNames 7810332,"Hatpate, Sindhuli"
census-danuwar-4,27.24048,85.1477,gazetteer,GeoNames 12096150,"Nijgadh, Bara"
census-tharu-5,26.44202,87.27613,gazetteer,GeoNames 12096209,Biratnagar (Morang)
census-tharu-6,27.03226,85.00264,gazetteer,GeoNames 1283272,Kalaiya (Bara)
census-tharu-7,26.74253,86.34984,gazetteer,GeoNames 12095522,Siraha
census-kisan-0,26.52545,88.07948,gazetteer-area,GeoNames 12096010 Bhadrapur,village not in gazetteers; Jhapa district display point (approximate)
keed_my,12.23,76.42,gazetteer,GeoNames 1262322,Mysore district
keed_kumta,14.4262,74.4098,manual-map,Kumta,"Kumta town, Uttara Kannada"
keed_bellary,15.1394,76.9214,manual-map,Ballari,Bellary city
keed_ck,14.43,75.9,manual-region,Davanagere,Central Karnataka; regional label
keed_nk,15.37,75.14,manual-region,Dharwad,Northern Karnataka; regional label
keed_sk,12.23,76.42,manual-region,Mysore,Southern Karnataka; regional label
keed_smhr,16.3333,74.75,manual-region,Belgaum,Southern Maratha country; regional label
sil-eastern-gujari-1996-udhampur,33.0,75.16667,gazetteer,GeoNames 1253957,Udhampur
sil-eastern-gujari-1996-jammu,32.73528,74.86167,gazetteer,GeoNames 1269321,Jammu
sil-eastern-gujari-1996-chamba,32.57147,76.10229,gazetteer,GeoNames 1274849,Chamba
sil-eastern-gujari-1996-nalagarh,31.07116,76.70431,gazetteer,GeoNames 12685362,Nalagarh
sil-eastern-gujari-1996-dehra-dun,30.32443,78.03392,gazetteer,GeoNames 1273313,Dehradun
sil-eastern-gujari-1996-haldwani,29.14086,79.71308,gazetteer,GeoNames 12682626,Haldwani
sil-eastern-gujari-1996-rampur,31.44943,77.63087,gazetteer,GeoNames 1258596,Rampur Bushahr
sil-eastern-gujari-1996-kotdwara,29.74612,78.52219,gazetteer,GeoNames 1266014,Kotdwara
sil-haryanvi-2024-hrt,28.8333,76.6667,gazetteer,GeoNames 1258077,Rohtak
sil-haryanvi-2024-hjn,29.5,76.25,gazetteer,GeoNames 1268908,Jind
sil-haryanvi-2024-hft,29.51285,75.43344,gazetteer,GeoNames 12682421,Fatehabad
sil-haryanvi-2024-htr,28.23629,76.95759,gazetteer,GeoNames 12682462,Taoru
sil-haryanvi-2024-hlh,28.53054,75.7678,gazetteer,GeoNames 7646704,Loharu
sil-haryanvi-2024-hng,30.479,77.1315,gazetteer-area,Naraingarh,"village not in gazetteers; Naraingarh tehsil, Ambala display point (approximate)"
sil-konda-dora-1987-visakh,17.85305,82.91521,gazetteer,GeoNames 10770856,"Lakshmipuram, Paderu area; nearest of several"
sil-konda-dora-1987-koraput,18.5658,82.965,gazetteer-area,Pottangi,"village not in gazetteers; Pottangi block, Koraput display point (approximate)"
sil-adi-2015-ashing-ningging,28.9533,94.83321,gazetteer,GeoNames 1261317,"Ningging, Upper Siang"
sil-adi-2015-bori-bogu-payum,28.53355,94.66434,gazetteer,GeoNames 1275377,"Bogu, Payum circle, West Siang"
sil-adi-2015-ramo-ngorlung,28.0669,95.326,gazetteer-area,Pasighat,village not in gazetteers; East Siang district display point (approximate)
sil-adi-2015-minyong-rayang,28.0669,95.326,gazetteer-area,Pasighat,village not in gazetteers; East Siang district display point (approximate)
sil-adi-2015-padam-siluk,28.0669,95.326,gazetteer-area,Pasighat,village not in gazetteers; East Siang district display point (approximate)
sil-adi-2015-pailibo-irgo,28.1661,94.7642,gazetteer-area,Aalo,village not in gazetteers; West Siang district display point (approximate)
sil-adi-2015-bokar-manigong,28.6086,94.1487,gazetteer-area,Mechuka,"village not in gazetteers; Mechuka circle, Shi Yomi display point (approximate)"
sil-adi-2015-shimong-mobuk,28.6415,95.0189,gazetteer-area,Yingkiong,village not in gazetteers; Upper Siang district display point (approximate)
sil-adi-2015-milang-village,28.6415,95.0189,gazetteer-area,Yingkiong,village not in gazetteers; Upper Siang district display point (approximate)
Tharu-RNS-Sisana,28.98371,79.69612,gazetteer,GeoNames 10827298,"Sisauna, Sitarganj; spelling variant of Sisana"
Tharu-RNS-Sisaikhara,28.9291,79.7002,gazetteer-area,Sitarganj,village not in gazetteers; Sitarganj tehsil display point (approximate)
sil-dhurwa-2021-tiriya,18.91293,82.19341,gazetteer,GeoNames 10774229,"Tiria, Bastar"
sil-dhurwa-2021-nethanar,18.87918,82.05993,gazetteer,GeoNames 10774196,"Netanar, Bastar"
sil-dhurwa-2021-dharba,18.86983,81.87016,gazetteer,GeoNames 1273496,"Darba, Bastar"
sil-dhurwa-2021-kukanar,18.3923,81.6613,gazetteer-area,Sukma,village not in gazetteers; Sukma district display point (approximate)
muduga_chindakki,11.1057095,76.65,gazetteer-area,OSM Agali,"village not in gazetteers; Agali (Attappady block HQ), Palakkad display point (approximate)"
kurux2011-B-gabindanagar,26.05333,88.45519,gazetteer,GeoNames 7487295,"Gobindanagar, Thakurgaon"
kurux2011-D-lohanipara,25.57685,89.10268,gazetteer,GeoNames 1196014,"Lohanipara, Badarganj"
kurux2011-E-dulhapur,25.52284,89.31968,gazetteer,GeoNames 7890326,"Rameshwarpara, Mithapukur"
kurux2011-C-boldipukur,25.5389,89.2833,gazetteer-area,Mithapukur,"village not in gazetteers; Mithapukur upazila, Rangpur display point (approximate)"
kurux2011-A-dima,26.27,88.19,gazetteer-area,Islampur (Uttar Dinajpur),"village not in gazetteers; Dima, West Bengal; approximate district area display point (approximate)"
kochbd2011-b-nokshi,25.19,90.07,manual-map,Koch report figure 4; Nokshi lies on the border in Jhenaigati,approximate
kochbd2011-q-uttor-nokshi,25.19,90.07,manual-map,Koch report figure 4; Uttor Nokshi adjoins Nokshi,approximate
kochbd2011-c-kholchanda,25.1231518,90.17,gazetteer-area,OSM Nalitabari Upazila,"village not in gazetteers; Nalitabari upazila, Sherpur display point (approximate)"
kochbd2011-l-bharatpur,25.1238305,90.6781,gazetteer-area,OSM Durgapur,"village not in gazetteers; Durgapur town, Netrokona display point (approximate)"
kochbd2011-m-nalchapra,25.0719466,90.85,gazetteer-area,OSM Kalmakanda,"village not in gazetteers; Kalmakanda, Netrokona display point (approximate)"
kochbd2011-r-chandabhoi,25.1936,90.2116,gazetteer-area,Dalu,"village not in gazetteers; Dalu, West Garo Hills display point (approximate)"
angika_omnagar,26.44202,87.27613,gazetteer,GeoNames 12096209,Biratnagar
angika_darahiya,26.44202,87.27613,gazetteer,GeoNames 12096209,Biratnagar
angika_pokhariya,26.48057,87.28293,gazetteer,GeoNames 7969994,"Pokhariya, Morang"
angika_chhitha,26.5493,87.2006,gazetteer,GeoNames 7832377,"Chhitaha, Sunsari"
angika_pandittol,26.469,87.1933,gazetteer,GeoNames 7832037,"Amahibelaha, Sunsari"
majhi_manthali,27.40898,86.05571,gazetteer,GeoNames 12095795,"Manthali, Ramechhap"
majhi_rajagaun,27.38358,85.99763,gazetteer,GeoNames 7981731,"Rajgaun, Ramechhap"
majhi_seleghat,27.35527,85.98803,gazetteer,GeoNames 7981615,"Seleghat, Ramechhap"
majhi_sitkha,27.70665,86.1298,gazetteer,GeoNames 7945213,"Sitka, Ramechhap; identification approximate"
vedda_dambani,7.5357,81.1645,gazetteer,GeoNames 7420127,Dambana
vedda_nilgala,7.2236,81.2869,gazetteer,GeoNames 8303667,Nilgala
vedda_tamankaduwa,7.87737,80.98691,gazetteer,GeoNames 11983812,Thamankaduwa
vedda_unuwatura_bubula,7.5467,81.3443,gazetteer,GeoNames 1225485,Unuwaturabubula
vedda_bandaraduwa,7.44775,81.53314,gazetteer,GeoNames 11989933,"Bandaradoowa, Ampara; identification approximate"
sil-pahari-pothwari-2010-gho,33.88064,73.34173,gazetteer,GeoNames 1178479,"Ghora Gali, Murree"
sil-pahari-pothwari-2010-dew,34.00402,73.47036,gazetteer,GeoNames 1407757,"Dewal, Murree"
sil-pahari-pothwari-2010-ayu,34.02872,73.40741,gazetteer,GeoNames 10988777,Ayubia
sil-pahari-pothwari-2010-koh,34.11615,73.48771,gazetteer,GeoNames 1173510,Kohala
sil-pahari-pothwari-2010-tha,34.23183,73.35197,gazetteer,GeoNames 1163629,Thandiani
sil-pahari-pothwari-2010-lor,33.8901,73.28297,gazetteer,GeoNames 1171870,"Lora, Abbottabad"
sil-pahari-pothwari-2010-osi,34.01446,73.48194,gazetteer,GeoNames 10988780,"Osia, Murree"
sil-pahari-pothwari-2010-muz,34.37002,73.47082,gazetteer,GeoNames 1169607,Muzaffarabad
sil-pahari-pothwari-2010-dun,34.05474,73.41209,gazetteer,GeoNames 10988757,Dunga Gali
sil-pahari-pothwari-2010-guj,33.25411,73.30433,gazetteer,GeoNames 1177682,Gujar Khan
sil-pahari-pothwari-2010-mir,33.1478,73.7519,manual-map,"Mirpur, Azad Kashmir",Mirpur city
sil-pahari-pothwari-2010-bha,33.7345,73.169,manual-map,"Bhara Kahu, Islamabad",Bhara Kahu
sil-pahari-pothwari-2010-mos,33.907,73.3943,gazetteer-area,Murree,village not in gazetteers; Murree tehsil display point (approximate)
sil-pahari-pothwari-2010-nil,33.9793,73.7754,gazetteer-area,Bagh,"village not in gazetteers; Bagh district, Azad Kashmir display point (approximate)"
ghatage-kudali1965,15.86703,73.67021,gazetteer,GeoNames 12681320,Vengurla
zoller-m-kudali,15.86703,73.67021,manual-region,Vengurla,Kudali; southern Konkan
zoller-m-kasargod,12.52616,75.12132,manual-region,Kasaragod,Kasargod Marathi
zoller-m-cochin,9.98763,76.2335,manual-region,Kochi,Cochin Marathi
zoller-m-berari,20.9333,77.75,manual-region,Amravati,Berar region
zoller-m-nagpuri,21.14631,79.08491,manual-region,Nagpur,Nagpur region
ghatage-konkani1963,12.99592,74.92089,gazetteer,GeoNames 12022498,Mangalore
zoller-ko-southkanara,12.99592,74.92089,manual-region,Mangalore,South Kanara
zoller-ko-kankon,15.00896,74.13058,manual-region,Canacona,"Kankon (Canacona) taluka, Goa"
zoller-k-kishtwari,33.52958,76.01462,manual-region,Kishtwar,Kishtwar
zoller-wpah-khashi,33.52958,76.01462,manual-region,Kishtwar,Khashi (Kishtwar area)
zoller-srk-multani,30.19679,71.47824,manual-region,Multan,Multan
zoller-rj-ajmeri,26.2859,74.8642,manual-region,Ajmer,Ajmer
zoller-rj-dang,26.4986,77.0192,manual-region,Karauli,Dang tract (Karauli–Sawai Madhopur)
zoller-garh-tihriyali,30.37103,78.41559,manual-region,Tehri,Tehri Garhwal
zoller-garh-nagpuriya,30.67372,79.65522,manual-region,Joshimath,"Nagpur patti, Chamoli"
zoller-garh-rathi,30.06424,78.73122,manual-region,Pauri,"Rath region, Pauri Garhwal"
zoller-garh-bangani,31.11534,78.04361,manual-region,Mori,"Bangan, Uttarkashi"
zoller-wpah-bangani,31.11534,78.04361,manual-region,Mori,"Bangan, Uttarkashi"
zoller-wpah-bushahari,31.44943,77.63087,manual-region,Rampur Bushahr,Bushahr
zoller-wpah-shimlasiraji,31.44943,77.63087,manual-region,Rampur Bushahr,Shimla Siraj (Rampur area)
zoller-wpah-kotguru,31.29764,77.49678,manual-region,Kotgarh,Kotgarh
zoller-wpah-kotkhai,31.13476,77.56504,manual-region,Kotkhai,Kotkhai
zoller-wpah-padri,33.26,76.16,manual-region,Paddar (Gulabgarh),"Padar, Kishtwar"
zoller-wpah-outersiraji,31.4498,77.41281,manual-region,Ani,Outer Siraj (Ani)
zoller-wpah-himachali,31.10442,77.16662,manual-region,Shimla,Himachali; state capital display point
zoller-kiuth-handuri,31.07116,76.70431,manual-region,Nalagarh,Handur (Nalagarh)
zoller-kjl-maikoti,28.67437,82.88019,gazetteer,GeoNames 1283092,"Maikot, Rukum"
zoller-kjl-nisi,28.4342,83.2189,gazetteer,GeoNames 7823936,"Nisi, Baglung"
zoller-sh-gures,34.65912,74.79084,manual-region,Gurez,Gurez valley
zoller-sh-gultar,34.66467,75.51672,manual-region,Gultari,Gultari
zoller-mai-duber,35.04057,72.89581,manual-region,Duber Bazar,"Duber valley, Kohistan"
zoller-mai-shatoti,35.52602,73.54928,manual-region,Shatial,"Shatial, Kohistan"
zoller-pas-darrainur,34.70654,70.58589,gazetteer,GeoNames 7053266,Darah-ye Nur
zoller-pas-degano,34.6458,70.9008,manual-cross-reference,existing Jambu point deg,Gorayk/Degano
zoller-ishk-zebaki,36.52,71.34,manual-region,Zebak,"Zebak district, Badakhshan"
zoller-bshk-dir,35.2058,71.8756,manual-region,Dir,Dir town
zoller-l-tinauli,33.99783,72.93493,manual-region,Haripur,Tinauli (Haripur area)
zoller-sa-singhbhum,22.54776,85.81745,manual-region,Chaibasa,Singhbhum
zoller-b-chittagong,22.4875,91.96333,manual-region,Chittagong,Chittagong
zoller-b-rohingya,21.03525,92.3683,manual-region,Maungdaw,"Rohingya; Maungdaw, Rakhine"
zoller-oss-digor,43.15666,44.15629,manual-region,Digora,Digor
zoller-svan-lashkhi,42.78888,42.72228,manual-region,Lentekhi,Lashkhi (Lentekhi)
zoller-bahnar-pleiku,13.98333,108.0,manual-region,Pleiku,Pleiku
zoller-centralnicobarese-nancowry,7.9484,93.39469,manual-region,Nancowry,Nancowry
zoller-romvlax-burgenland,47.28971,16.20595,manual-region,Oberwart,Burgenland
zoller-prk-purik,34.55765,76.12622,manual-region,Kargil,Purik (Kargil)
zoller-kabardian-baslen,44.83182,41.38647,manual-region,Uspenskoye,"Baslen (Besleney), Uspensky district"
zoller-khmu-yuan,20.9486,101.40188,manual-region,Luang Namtha,Khmu Yuan
zoller-kryz-kryts,41.2,48.3,manual-region,"Qriz village, Quba",Kryts; approximate
zoller-rombalk-greece,39.07,21.82,manual-centroid,country centroid,Greece
zoller-gy-sweden,62.0,15.0,manual-centroid,country centroid,Sweden
zoller-gy-norway,61.0,9.0,manual-centroid,country centroid,Norway
zoller-gy-finland,64.0,26.0,manual-centroid,country centroid,Finland
