Source_Key,Prompt_Key,Item,Gloss,List,Role,PDF_Page,Printed_Page,Similarity_Group,Source_Cell,Manual_Form,Record_Type,Review_Method,Review_Status,Confidence,Status,Reason,Installed_Count,Expanded_Forms,Entry_Keys,Language_ID,Dialect_ID,Citation,Review_Note
blair-george2012kondadora,001,1,body,Koraput,target,89,84,1,1oɽol,oɽol,response,manual cell-by-cell visual transcription from rendered canonical scan; OCR/text layer used only as a locating scaffold,manually_verified,high,installed,,1,oɽol,silkondadora2012:001:K:1,Konda,sil-konda-dora-1987-koraput,"blair-george2012kondadora[Appendix 9.5, PDF p. 89, printed p. 84, item 1 (body), list K]",enlarged crop confirms source IPA retroflex-flap glyph
blair-george2012kondadora,001,1,body,Visakh,target,89,84,1,1oɽol,oɽol,response,manual cell-by-cell visual transcription from rendered canonical scan; OCR/text layer used only as a locating scaffold,manually_verified,high,installed,,1,oɽol,silkondadora2012:001:V:1,Konda,sil-konda-dora-1987-visakh,"blair-george2012kondadora[Appendix 9.5, PDF p. 89, printed p. 84, item 1 (body), list V]",enlarged crop confirms source IPA retroflex-flap glyph
blair-george2012kondadora,001,1,body,Telugu,comparison control,98,93,2,2sari:ram,sari:ram,response,manual cell-by-cell visual transcription from rendered canonical scan; OCR/text layer used only as a locating scaffold,manually_verified,high,excluded,Telugu comparison control,0,,,,,"blair-george2012kondadora[Appendix 9.5, PDF p. 98, printed p. 93, item 1 (body), list T]",enlarged crop confirms source IPA retroflex-flap glyph
blair-george2012kondadora,001,1,body,Adivasi_Oriya,comparison control,98,93,,gagoɽ,gagoɽ,response,manual cell-by-cell visual transcription from rendered canonical scan; OCR/text layer used only as a locating scaffold,manually_verified,high,excluded,Adivasi Oriya (Kotia Oriya) comparison control,0,,,,,"blair-george2012kondadora[Appendix 9.5, PDF p. 98, printed p. 93, item 1 (body), list O]",enlarged crop confirms source IPA retroflex-flap glyph
blair-george2012kondadora,002,2,head,Koraput,target,89,84,1,1ṭala,ṭala,response,manual cell-by-cell visual transcription from rendered canonical scan; OCR/text layer used only as a locating scaffold,manually_verified,high,installed,,1,ṭala,silkondadora2012:002:K:1,Konda,sil-konda-dora-1987-koraput,"blair-george2012kondadora[Appendix 9.5, PDF p. 89, printed p. 84, item 2 (head), list K]",
blair-george2012kondadora,002,2,head,Visakh,target,89,84,1,1ṭala,ṭala,response,manual cell-by-cell visual transcription from rendered canonical scan; OCR/text layer used only as a locating scaffold,manually_verified,high,installed,,1,ṭala,silkondadora2012:002:V:1,Konda,sil-konda-dora-1987-visakh,"blair-george2012kondadora[Appendix 9.5, PDF p. 89, printed p. 84, item 2 (head), list V]",
blair-george2012kondadora,002,2,head,Telugu,comparison control,98,93,1,1ṭala,ṭala,response,manual cell-by-cell visual transcription from rendered canonical scan; OCR/text layer used only as a locating scaffold,manually_verified,high,excluded,Telugu comparison control,0,,,,,"blair-george2012kondadora[Appendix 9.5, PDF p. 98, printed p. 93, item 2 (head), list T]",
blair-george2012kondadora,002,2,head,Adivasi_Oriya,comparison control,98,93,,mu:ṇḍ,mu:ṇḍ,response,manual cell-by-cell visual transcription from rendered canonical scan; OCR/text layer used only as a locating scaffold,manually_verified,high,excluded,Adivasi Oriya (Kotia Oriya) comparison control,0,,,,,"blair-george2012kondadora[Appendix 9.5, PDF p. 98, printed p. 93, item 2 (head), list O]",
blair-george2012kondadora,003,3,hair,Koraput,target,89,84,1,1kukti,kukti,response,manual cell-by-cell visual transcription from rendered canonical scan; OCR/text layer used only as a locating scaffold,manually_verified,high,installed,,1,kukti,silkondadora2012:003:K:1,Konda,sil-konda-dora-1987-koraput,"blair-george2012kondadora[Appendix 9.5, PDF p. 89, printed p. 84, item 3 (hair), list K]",
blair-george2012kondadora,003,3,hair,Visakh,target,89,84,2,2kopu,kopu,response,manual cell-by-cell visual transcription from rendered canonical scan; OCR/text layer used only as a locating scaffold,manually_verified,high,installed,,1,kopu,silkondadora2012:003:V:1,Konda,sil-konda-dora-1987-visakh,"blair-george2012kondadora[Appendix 9.5, PDF p. 89, printed p. 84, item 3 (hair), list V]",
blair-george2012kondadora,003,3,hair,Telugu,comparison control,98,93,3,3dzuṭu,dzuṭu,response,manual cell-by-cell visual transcription from rendered canonical scan; OCR/text layer used only as a locating scaffold,manually_verified,high,excluded,Telugu comparison control,0,,,,,"blair-george2012kondadora[Appendix 9.5, PDF p. 98, printed p. 93, item 3 (hair), list T]",
blair-george2012kondadora,003,3,hair,Adivasi_Oriya,comparison control,98,93,,seṇḍi,seṇḍi,response,manual cell-by-cell visual transcription from rendered canonical scan; OCR/text layer used only as a locating scaffold,manually_verified,high,excluded,Adivasi Oriya (Kotia Oriya) comparison control,0,,,,,"blair-george2012kondadora[Appendix 9.5, PDF p. 98, printed p. 93, item 3 (hair), list O]",
blair-george2012kondadora,004,4,face,Koraput,target,89,84,1,1mokom,mokom,response,manual cell-by-cell visual transcription from rendered canonical scan; OCR/text layer used only as a locating scaffold,manually_verified,high,installed,,1,mokom,silkondadora2012:004:K:1,Konda,sil-konda-dora-1987-koraput,"blair-george2012kondadora[Appendix 9.5, PDF p. 89, printed p. 84, item 4 (face), list K]",
blair-george2012kondadora,004,4,face,Visakh,target,89,84,,----,,blank,manual cell-by-cell visual transcription from rendered canonical scan; OCR/text layer used only as a locating scaffold,manually_verified,high,excluded,source prints ‘----’ (no response),0,,,Konda,sil-konda-dora-1987-visakh,"blair-george2012kondadora[Appendix 9.5, PDF p. 89, printed p. 84, item 4 (face), list V]",
blair-george2012kondadora,004,4,face,Telugu,comparison control,98,93,,----,,blank,manual cell-by-cell visual transcription from rendered canonical scan; OCR/text layer used only as a locating scaffold,manually_verified,high,excluded,source prints ‘----’ (no response),0,,,,,"blair-george2012kondadora[Appendix 9.5, PDF p. 98, printed p. 93, item 4 (face), list T]",
blair-george2012kondadora,004,4,face,Adivasi_Oriya,comparison control,98,93,,----,,blank,manual cell-by-cell visual transcription from rendered canonical scan; OCR/text layer used only as a locating scaffold,manually_verified,high,excluded,source prints ‘----’ (no response),0,,,,,"blair-george2012kondadora[Appendix 9.5, PDF p. 98, printed p. 93, item 4 (face), list O]",
blair-george2012kondadora,005,5,eye,Koraput,target,89,84,1,1kaṇaka,kaṇaka,response,manual cell-by-cell visual transcription from rendered canonical scan; OCR/text layer used only as a locating scaffold,manually_verified,high,installed,,1,kaṇaka,silkondadora2012:005:K:1,Konda,sil-konda-dora-1987-koraput,"blair-george2012kondadora[Appendix 9.5, PDF p. 89, printed p. 84, item 5 (eye), list K]",
blair-george2012kondadora,005,5,eye,Visakh,target,89,84,1,1kaṇaka,kaṇaka,response,manual cell-by-cell visual transcription from rendered canonical scan; OCR/text layer used only as a locating scaffold,manually_verified,high,installed,,1,kaṇaka,silkondadora2012:005:V:1,Konda,sil-konda-dora-1987-visakh,"blair-george2012kondadora[Appendix 9.5, PDF p. 89, printed p. 84, item 5 (eye), list V]",
blair-george2012kondadora,005,5,eye,Telugu,comparison control,98,93,1,1kaṇu,kaṇu,response,manual cell-by-cell visual transcription from rendered canonical scan; OCR/text layer used only as a locating scaffold,manually_verified,high,excluded,Telugu comparison control,0,,,,,"blair-george2012kondadora[Appendix 9.5, PDF p. 98, printed p. 93, item 5 (eye), list T]",
blair-george2012kondadora,005,5,eye,Adivasi_Oriya,comparison control,98,93,,anki,anki,response,manual cell-by-cell visual transcription from rendered canonical scan; OCR/text layer used only as a locating scaffold,manually_verified,high,excluded,Adivasi Oriya (Kotia Oriya) comparison control,0,,,,,"blair-george2012kondadora[Appendix 9.5, PDF p. 98, printed p. 93, item 5 (eye), list O]",
blair-george2012kondadora,006,6,ear,Koraput,target,89,84,1,1giṭoni,giṭoni,response,manual cell-by-cell visual transcription from rendered canonical scan; OCR/text layer used only as a locating scaffold,manually_verified,high,installed,,1,giṭoni,silkondadora2012:006:K:1,Konda,sil-konda-dora-1987-koraput,"blair-george2012kondadora[Appendix 9.5, PDF p. 89, printed p. 84, item 6 (ear), list K]",
blair-george2012kondadora,006,6,ear,Visakh,target,89,84,2,2gibi,gibi,response,manual cell-by-cell visual transcription from rendered canonical scan; OCR/text layer used only as a locating scaffold,manually_verified,high,installed,,1,gibi,silkondadora2012:006:V:1,Konda,sil-konda-dora-1987-visakh,"blair-george2012kondadora[Appendix 9.5, PDF p. 89, printed p. 84, item 6 (ear), list V]",
blair-george2012kondadora,006,6,ear,Telugu,comparison control,98,93,3,3tʃevi,tʃevi,response,manual cell-by-cell visual transcription from rendered canonical scan; OCR/text layer used only as a locating scaffold,manually_verified,high,excluded,Telugu comparison control,0,,,,,"blair-george2012kondadora[Appendix 9.5, PDF p. 98, printed p. 93, item 6 (ear), list T]",
blair-george2012kondadora,006,6,ear,Adivasi_Oriya,comparison control,98,93,,ka:n,ka:n,response,manual cell-by-cell visual transcription from rendered canonical scan; OCR/text layer used only as a locating scaffold,manually_verified,high,excluded,Adivasi Oriya (Kotia Oriya) comparison control,0,,,,,"blair-george2012kondadora[Appendix 9.5, PDF p. 98, printed p. 93, item 6 (ear), list O]",
blair-george2012kondadora,007,7,nose,Koraput,target,89,84,1,1mu:ndzi,mu:ndzi,response,manual cell-by-cell visual transcription from rendered canonical scan; OCR/text layer used only as a locating scaffold,manually_verified,high,installed,,1,mu:ndzi,silkondadora2012:007:K:1,Konda,sil-konda-dora-1987-koraput,"blair-george2012kondadora[Appendix 9.5, PDF p. 89, printed p. 84, item 7 (nose), list K]",
blair-george2012kondadora,007,7,nose,Visakh,target,89,84,1,1mu:ndzi,mu:ndzi,response,manual cell-by-cell visual transcription from rendered canonical scan; OCR/text layer used only as a locating scaffold,manually_verified,high,installed,,1,mu:ndzi,silkondadora2012:007:V:1,Konda,sil-konda-dora-1987-visakh,"blair-george2012kondadora[Appendix 9.5, PDF p. 89, printed p. 84, item 7 (nose), list V]",
blair-george2012kondadora,007,7,nose,Telugu,comparison control,98,93,2,2muku,muku,response,manual cell-by-cell visual transcription from rendered canonical scan; OCR/text layer used only as a locating scaffold,manually_verified,high,excluded,Telugu comparison control,0,,,,,"blair-george2012kondadora[Appendix 9.5, PDF p. 98, printed p. 93, item 7 (nose), list T]",
blair-george2012kondadora,007,7,nose,Adivasi_Oriya,comparison control,98,93,,na:k,na:k,response,manual cell-by-cell visual transcription from rendered canonical scan; OCR/text layer used only as a locating scaffold,manually_verified,high,excluded,Adivasi Oriya (Kotia Oriya) comparison control,0,,,,,"blair-george2012kondadora[Appendix 9.5, PDF p. 98, printed p. 93, item 7 (nose), list O]",
blair-george2012kondadora,008,8,mouth,Koraput,target,89,84,ungrouped,-veju,veju,response,manual cell-by-cell visual transcription from rendered canonical scan; OCR/text layer used only as a locating scaffold,manually_verified,high,installed,,1,veju,silkondadora2012:008:K:1,Konda,sil-konda-dora-1987-koraput,"blair-george2012kondadora[Appendix 9.5, PDF p. 89, printed p. 84, item 8 (mouth), list K]",
blair-george2012kondadora,008,8,mouth,Visakh,target,89,84,,----,,blank,manual cell-by-cell visual transcription from rendered canonical scan; OCR/text layer used only as a locating scaffold,manually_verified,high,excluded,source prints ‘----’ (no response),0,,,Konda,sil-konda-dora-1987-visakh,"blair-george2012kondadora[Appendix 9.5, PDF p. 89, printed p. 84, item 8 (mouth), list V]",
blair-george2012kondadora,008,8,mouth,Telugu,comparison control,98,93,,----,,blank,manual cell-by-cell visual transcription from rendered canonical scan; OCR/text layer used only as a locating scaffold,manually_verified,high,excluded,source prints ‘----’ (no response),0,,,,,"blair-george2012kondadora[Appendix 9.5, PDF p. 98, printed p. 93, item 8 (mouth), list T]",
blair-george2012kondadora,008,8,mouth,Adivasi_Oriya,comparison control,98,93,,----,,blank,manual cell-by-cell visual transcription from rendered canonical scan; OCR/text layer used only as a locating scaffold,manually_verified,high,excluded,source prints ‘----’ (no response),0,,,,,"blair-george2012kondadora[Appendix 9.5, PDF p. 98, printed p. 93, item 8 (mouth), list O]",
blair-george2012kondadora,009,9,teeth,Koraput,target,89,84,1,1palku,palku,response,manual cell-by-cell visual transcription from rendered canonical scan; OCR/text layer used only as a locating scaffold,manually_verified,high,installed,,1,palku,silkondadora2012:009:K:1,Konda,sil-konda-dora-1987-koraput,"blair-george2012kondadora[Appendix 9.5, PDF p. 89, printed p. 84, item 9 (teeth), list K]",
blair-george2012kondadora,009,9,teeth,Visakh,target,89,84,1,1palku,palku,response,manual cell-by-cell visual transcription from rendered canonical scan; OCR/text layer used only as a locating scaffold,manually_verified,high,installed,,1,palku,silkondadora2012:009:V:1,Konda,sil-konda-dora-1987-visakh,"blair-george2012kondadora[Appendix 9.5, PDF p. 89, printed p. 84, item 9 (teeth), list V]",
blair-george2012kondadora,009,9,teeth,Telugu,comparison control,98,93,1,1pal:u,pal:u,response,manual cell-by-cell visual transcription from rendered canonical scan; OCR/text layer used only as a locating scaffold,manually_verified,high,excluded,Telugu comparison control,0,,,,,"blair-george2012kondadora[Appendix 9.5, PDF p. 98, printed p. 93, item 9 (teeth), list T]",
blair-george2012kondadora,009,9,teeth,Adivasi_Oriya,comparison control,98,93,,da:ṇṭ,da:ṇṭ,response,manual cell-by-cell visual transcription from rendered canonical scan; OCR/text layer used only as a locating scaffold,manually_verified,high,excluded,Adivasi Oriya (Kotia Oriya) comparison control,0,,,,,"blair-george2012kondadora[Appendix 9.5, PDF p. 98, printed p. 93, item 9 (teeth), list O]",
blair-george2012kondadora,010,10,tongue,Koraput,target,89,84,1,1na:lika,na:lika,response,manual cell-by-cell visual transcription from rendered canonical scan; OCR/text layer used only as a locating scaffold,manually_verified,high,installed,,1,na:lika,silkondadora2012:010:K:1,Konda,sil-konda-dora-1987-koraput,"blair-george2012kondadora[Appendix 9.5, PDF p. 89, printed p. 84, item 10 (tongue), list K]",
blair-george2012kondadora,010,10,tongue,Visakh,target,89,84,1,1na:lika,na:lika,response,manual cell-by-cell visual transcription from rendered canonical scan; OCR/text layer used only as a locating scaffold,manually_verified,high,installed,,1,na:lika,silkondadora2012:010:V:1,Konda,sil-konda-dora-1987-visakh,"blair-george2012kondadora[Appendix 9.5, PDF p. 89, printed p. 84, item 10 (tongue), list V]",
blair-george2012kondadora,010,10,tongue,Telugu,comparison control,98,93,1,1naluka,naluka,response,manual cell-by-cell visual transcription from rendered canonical scan; OCR/text layer used only as a locating scaffold,manually_verified,high,excluded,Telugu comparison control,0,,,,,"blair-george2012kondadora[Appendix 9.5, PDF p. 98, printed p. 93, item 10 (tongue), list T]",
blair-george2012kondadora,010,10,tongue,Adivasi_Oriya,comparison control,98,93,,dzi:b,dzi:b,response,manual cell-by-cell visual transcription from rendered canonical scan; OCR/text layer used only as a locating scaffold,manually_verified,high,excluded,Adivasi Oriya (Kotia Oriya) comparison control,0,,,,,"blair-george2012kondadora[Appendix 9.5, PDF p. 98, printed p. 93, item 10 (tongue), list O]",
blair-george2012kondadora,011,11,breast,Koraput,target,89,84,,----,,blank,manual cell-by-cell visual transcription from rendered canonical scan; OCR/text layer used only as a locating scaffold,manually_verified,high,excluded,source prints ‘----’ (no response),0,,,Konda,sil-konda-dora-1987-koraput,"blair-george2012kondadora[Appendix 9.5, PDF p. 89, printed p. 84, item 11 (breast), list K]",
blair-george2012kondadora,011,11,breast,Visakh,target,89,84,,----,,blank,manual cell-by-cell visual transcription from rendered canonical scan; OCR/text layer used only as a locating scaffold,manually_verified,high,excluded,source prints ‘----’ (no response),0,,,Konda,sil-konda-dora-1987-visakh,"blair-george2012kondadora[Appendix 9.5, PDF p. 89, printed p. 84, item 11 (breast), list V]",
blair-george2012kondadora,011,11,breast,Telugu,comparison control,98,93,,----,,blank,manual cell-by-cell visual transcription from rendered canonical scan; OCR/text layer used only as a locating scaffold,manually_verified,high,excluded,source prints ‘----’ (no response),0,,,,,"blair-george2012kondadora[Appendix 9.5, PDF p. 98, printed p. 93, item 11 (breast), list T]",
blair-george2012kondadora,011,11,breast,Adivasi_Oriya,comparison control,98,93,,----,,blank,manual cell-by-cell visual transcription from rendered canonical scan; OCR/text layer used only as a locating scaffold,manually_verified,high,excluded,source prints ‘----’ (no response),0,,,,,"blair-george2012kondadora[Appendix 9.5, PDF p. 98, printed p. 93, item 11 (breast), list O]",
blair-george2012kondadora,012,12,belly,Koraput,target,89,84,1,1poṭa,poṭa,response,manual cell-by-cell visual transcription from rendered canonical scan; OCR/text layer used only as a locating scaffold,manually_verified,high,installed,,1,poṭa,silkondadora2012:012:K:1,Konda,sil-konda-dora-1987-koraput,"blair-george2012kondadora[Appendix 9.5, PDF p. 89, printed p. 84, item 12 (belly), list K]",
blair-george2012kondadora,012,12,belly,Visakh,target,89,84,1,1poṭa,poṭa,response,manual cell-by-cell visual transcription from rendered canonical scan; OCR/text layer used only as a locating scaffold,manually_verified,high,installed,,1,poṭa,silkondadora2012:012:V:1,Konda,sil-konda-dora-1987-visakh,"blair-george2012kondadora[Appendix 9.5, PDF p. 89, printed p. 84, item 12 (belly), list V]",
blair-george2012kondadora,012,12,belly,Telugu,comparison control,98,93,1,1poṭa/kaḍupu,poṭa/kaḍupu,response,manual cell-by-cell visual transcription from rendered canonical scan; OCR/text layer used only as a locating scaffold,manually_verified,high,excluded,Telugu comparison control,0,,,,,"blair-george2012kondadora[Appendix 9.5, PDF p. 98, printed p. 93, item 12 (belly), list T]",
blair-george2012kondadora,012,12,belly,Adivasi_Oriya,comparison control,98,93,,pe:ṭ,pe:ṭ,response,manual cell-by-cell visual transcription from rendered canonical scan; OCR/text layer used only as a locating scaffold,manually_verified,high,excluded,Adivasi Oriya (Kotia Oriya) comparison control,0,,,,,"blair-george2012kondadora[Appendix 9.5, PDF p. 98, printed p. 93, item 12 (belly), list O]",
blair-george2012kondadora,013,13,arm,Koraput,target,89,84,1,1kiju,kiju,response,manual cell-by-cell visual transcription from rendered canonical scan; OCR/text layer used only as a locating scaffold,manually_verified,high,installed,,1,kiju,silkondadora2012:013:K:1,Konda,sil-konda-dora-1987-koraput,"blair-george2012kondadora[Appendix 9.5, PDF p. 89, printed p. 84, item 13 (arm), list K]",
blair-george2012kondadora,013,13,arm,Visakh,target,89,84,1,1kiju,kiju,response,manual cell-by-cell visual transcription from rendered canonical scan; OCR/text layer used only as a locating scaffold,manually_verified,high,installed,,1,kiju,silkondadora2012:013:V:1,Konda,sil-konda-dora-1987-visakh,"blair-george2012kondadora[Appendix 9.5, PDF p. 89, printed p. 84, item 13 (arm), list V]",
blair-george2012kondadora,013,13,arm,Telugu,comparison control,98,93,2,2tʃej,tʃej,response,manual cell-by-cell visual transcription from rendered canonical scan; OCR/text layer used only as a locating scaffold,manually_verified,high,excluded,Telugu comparison control,0,,,,,"blair-george2012kondadora[Appendix 9.5, PDF p. 98, printed p. 93, item 13 (arm), list T]",
blair-george2012kondadora,013,13,arm,Adivasi_Oriya,comparison control,98,93,,a:ṭ,a:ṭ,response,manual cell-by-cell visual transcription from rendered canonical scan; OCR/text layer used only as a locating scaffold,manually_verified,high,excluded,Adivasi Oriya (Kotia Oriya) comparison control,0,,,,,"blair-george2012kondadora[Appendix 9.5, PDF p. 98, printed p. 93, item 13 (arm), list O]",
blair-george2012kondadora,014,14,elbow,Koraput,target,89,84,1,1kilomuṇḍi,kilomuṇḍi,response,manual cell-by-cell visual transcription from rendered canonical scan; OCR/text layer used only as a locating scaffold,manually_verified,high,installed,,1,kilomuṇḍi,silkondadora2012:014:K:1,Konda,sil-konda-dora-1987-koraput,"blair-george2012kondadora[Appendix 9.5, PDF p. 89, printed p. 84, item 14 (elbow), list K]",
blair-george2012kondadora,014,14,elbow,Visakh,target,89,84,1,1kilomuṇḍi,kilomuṇḍi,response,manual cell-by-cell visual transcription from rendered canonical scan; OCR/text layer used only as a locating scaffold,manually_verified,high,installed,,1,kilomuṇḍi,silkondadora2012:014:V:1,Konda,sil-konda-dora-1987-visakh,"blair-george2012kondadora[Appendix 9.5, PDF p. 89, printed p. 84, item 14 (elbow), list V]",
blair-george2012kondadora,014,14,elbow,Telugu,comparison control,98,93,,----,,blank,manual cell-by-cell visual transcription from rendered canonical scan; OCR/text layer used only as a locating scaffold,manually_verified,high,excluded,source prints ‘----’ (no response),0,,,,,"blair-george2012kondadora[Appendix 9.5, PDF p. 98, printed p. 93, item 14 (elbow), list T]",
blair-george2012kondadora,014,14,elbow,Adivasi_Oriya,comparison control,98,93,,----,,blank,manual cell-by-cell visual transcription from rendered canonical scan; OCR/text layer used only as a locating scaffold,manually_verified,high,excluded,source prints ‘----’ (no response),0,,,,,"blair-george2012kondadora[Appendix 9.5, PDF p. 98, printed p. 93, item 14 (elbow), list O]",
blair-george2012kondadora,015,15,palm,Koraput,target,89,84,ungrouped,-dabi,dabi,response,manual cell-by-cell visual transcription from rendered canonical scan; OCR/text layer used only as a locating scaffold,manually_verified,high,installed,,1,dabi,silkondadora2012:015:K:1,Konda,sil-konda-dora-1987-koraput,"blair-george2012kondadora[Appendix 9.5, PDF p. 89, printed p. 84, item 15 (palm), list K]",
blair-george2012kondadora,015,15,palm,Visakh,target,89,84,,----,,blank,manual cell-by-cell visual transcription from rendered canonical scan; OCR/text layer used only as a locating scaffold,manually_verified,high,excluded,source prints ‘----’ (no response),0,,,Konda,sil-konda-dora-1987-visakh,"blair-george2012kondadora[Appendix 9.5, PDF p. 89, printed p. 84, item 15 (palm), list V]",
blair-george2012kondadora,015,15,palm,Telugu,comparison control,98,93,,----,,blank,manual cell-by-cell visual transcription from rendered canonical scan; OCR/text layer used only as a locating scaffold,manually_verified,high,excluded,source prints ‘----’ (no response),0,,,,,"blair-george2012kondadora[Appendix 9.5, PDF p. 98, printed p. 93, item 15 (palm), list T]",
blair-george2012kondadora,015,15,palm,Adivasi_Oriya,comparison control,98,93,,----,,blank,manual cell-by-cell visual transcription from rendered canonical scan; OCR/text layer used only as a locating scaffold,manually_verified,high,excluded,source prints ‘----’ (no response),0,,,,,"blair-george2012kondadora[Appendix 9.5, PDF p. 98, printed p. 93, item 15 (palm), list O]",
blair-george2012kondadora,016,16,finger,Koraput,target,89,84,1,1ɽeska,ɽeska,response,manual cell-by-cell visual transcription from rendered canonical scan; OCR/text layer used only as a locating scaffold,manually_verified,high,installed,,1,ɽeska,silkondadora2012:016:K:1,Konda,sil-konda-dora-1987-koraput,"blair-george2012kondadora[Appendix 9.5, PDF p. 89, printed p. 84, item 16 (finger), list K]",source IPA retroflex-flap glyph
blair-george2012kondadora,016,16,finger,Visakh,target,89,84,1,1ɽeska,ɽeska,response,manual cell-by-cell visual transcription from rendered canonical scan; OCR/text layer used only as a locating scaffold,manually_verified,high,installed,,1,ɽeska,silkondadora2012:016:V:1,Konda,sil-konda-dora-1987-visakh,"blair-george2012kondadora[Appendix 9.5, PDF p. 89, printed p. 84, item 16 (finger), list V]",source IPA retroflex-flap glyph
blair-george2012kondadora,016,16,finger,Telugu,comparison control,98,93,2,2vrelu,vrelu,response,manual cell-by-cell visual transcription from rendered canonical scan; OCR/text layer used only as a locating scaffold,manually_verified,high,excluded,Telugu comparison control,0,,,,,"blair-george2012kondadora[Appendix 9.5, PDF p. 98, printed p. 93, item 16 (finger), list T]",source IPA retroflex-flap glyph
blair-george2012kondadora,016,16,finger,Adivasi_Oriya,comparison control,98,93,,anki,anki,response,manual cell-by-cell visual transcription from rendered canonical scan; OCR/text layer used only as a locating scaffold,manually_verified,high,excluded,Adivasi Oriya (Kotia Oriya) comparison control,0,,,,,"blair-george2012kondadora[Appendix 9.5, PDF p. 98, printed p. 93, item 16 (finger), list O]",source IPA retroflex-flap glyph
blair-george2012kondadora,017,17,nail,Koraput,target,89,84,1,1go:ru,go:ru,response,manual cell-by-cell visual transcription from rendered canonical scan; OCR/text layer used only as a locating scaffold,manually_verified,high,installed,,1,go:ru,silkondadora2012:017:K:1,Konda,sil-konda-dora-1987-koraput,"blair-george2012kondadora[Appendix 9.5, PDF p. 89, printed p. 84, item 17 (nail), list K]",
blair-george2012kondadora,017,17,nail,Visakh,target,89,84,1,1go:ru,go:ru,response,manual cell-by-cell visual transcription from rendered canonical scan; OCR/text layer used only as a locating scaffold,manually_verified,high,installed,,1,go:ru,silkondadora2012:017:V:1,Konda,sil-konda-dora-1987-visakh,"blair-george2012kondadora[Appendix 9.5, PDF p. 89, printed p. 84, item 17 (nail), list V]",
blair-george2012kondadora,017,17,nail,Telugu,comparison control,98,93,1,1go:ru,go:ru,response,manual cell-by-cell visual transcription from rendered canonical scan; OCR/text layer used only as a locating scaffold,manually_verified,high,excluded,Telugu comparison control,0,,,,,"blair-george2012kondadora[Appendix 9.5, PDF p. 98, printed p. 93, item 17 (nail), list T]",
blair-george2012kondadora,017,17,nail,Adivasi_Oriya,comparison control,98,93,,no:k,no:k,response,manual cell-by-cell visual transcription from rendered canonical scan; OCR/text layer used only as a locating scaffold,manually_verified,high,excluded,Adivasi Oriya (Kotia Oriya) comparison control,0,,,,,"blair-george2012kondadora[Appendix 9.5, PDF p. 98, printed p. 93, item 17 (nail), list O]",
blair-george2012kondadora,018,18,leg,Koraput,target,89,84,1,1ka:lu,ka:lu,response,manual cell-by-cell visual transcription from rendered canonical scan; OCR/text layer used only as a locating scaffold,manually_verified,high,installed,,1,ka:lu,silkondadora2012:018:K:1,Konda,sil-konda-dora-1987-koraput,"blair-george2012kondadora[Appendix 9.5, PDF p. 89, printed p. 84, item 18 (leg), list K]",
blair-george2012kondadora,018,18,leg,Visakh,target,89,84,1,1ka:lu,ka:lu,response,manual cell-by-cell visual transcription from rendered canonical scan; OCR/text layer used only as a locating scaffold,manually_verified,high,installed,,1,ka:lu,silkondadora2012:018:V:1,Konda,sil-konda-dora-1987-visakh,"blair-george2012kondadora[Appendix 9.5, PDF p. 89, printed p. 84, item 18 (leg), list V]",
blair-george2012kondadora,018,18,leg,Telugu,comparison control,98,93,1,1ka:lu,ka:lu,response,manual cell-by-cell visual transcription from rendered canonical scan; OCR/text layer used only as a locating scaffold,manually_verified,high,excluded,Telugu comparison control,0,,,,,"blair-george2012kondadora[Appendix 9.5, PDF p. 98, printed p. 93, item 18 (leg), list T]",
blair-george2012kondadora,018,18,leg,Adivasi_Oriya,comparison control,98,93,,go:ḍ,go:ḍ,response,manual cell-by-cell visual transcription from rendered canonical scan; OCR/text layer used only as a locating scaffold,manually_verified,high,excluded,Adivasi Oriya (Kotia Oriya) comparison control,0,,,,,"blair-george2012kondadora[Appendix 9.5, PDF p. 98, printed p. 93, item 18 (leg), list O]",
blair-george2012kondadora,019,19,skin,Koraput,target,89,84,1,1ṭo:lu,ṭo:lu,response,manual cell-by-cell visual transcription from rendered canonical scan; OCR/text layer used only as a locating scaffold,manually_verified,high,installed,,1,ṭo:lu,silkondadora2012:019:K:1,Konda,sil-konda-dora-1987-koraput,"blair-george2012kondadora[Appendix 9.5, PDF p. 89, printed p. 84, item 19 (skin), list K]",
blair-george2012kondadora,019,19,skin,Visakh,target,89,84,1,1ṭo:lu,ṭo:lu,response,manual cell-by-cell visual transcription from rendered canonical scan; OCR/text layer used only as a locating scaffold,manually_verified,high,installed,,1,ṭo:lu,silkondadora2012:019:V:1,Konda,sil-konda-dora-1987-visakh,"blair-george2012kondadora[Appendix 9.5, PDF p. 89, printed p. 84, item 19 (skin), list V]",
blair-george2012kondadora,019,19,skin,Telugu,comparison control,98,93,2,2tʃarmamu,tʃarmamu,response,manual cell-by-cell visual transcription from rendered canonical scan; OCR/text layer used only as a locating scaffold,manually_verified,high,excluded,Telugu comparison control,0,,,,,"blair-george2012kondadora[Appendix 9.5, PDF p. 98, printed p. 93, item 19 (skin), list T]",
blair-george2012kondadora,019,19,skin,Adivasi_Oriya,comparison control,98,93,,sa:m,sa:m,response,manual cell-by-cell visual transcription from rendered canonical scan; OCR/text layer used only as a locating scaffold,manually_verified,high,excluded,Adivasi Oriya (Kotia Oriya) comparison control,0,,,,,"blair-george2012kondadora[Appendix 9.5, PDF p. 98, printed p. 93, item 19 (skin), list O]",
blair-george2012kondadora,020,20,bone,Koraput,target,89,84,1,1ḍumu,ḍumu,response,manual cell-by-cell visual transcription from rendered canonical scan; OCR/text layer used only as a locating scaffold,manually_verified,high,installed,,1,ḍumu,silkondadora2012:020:K:1,Konda,sil-konda-dora-1987-koraput,"blair-george2012kondadora[Appendix 9.5, PDF p. 89, printed p. 84, item 20 (bone), list K]",
blair-george2012kondadora,020,20,bone,Visakh,target,89,84,1,1ḍumu,ḍumu,response,manual cell-by-cell visual transcription from rendered canonical scan; OCR/text layer used only as a locating scaffold,manually_verified,high,installed,,1,ḍumu,silkondadora2012:020:V:1,Konda,sil-konda-dora-1987-visakh,"blair-george2012kondadora[Appendix 9.5, PDF p. 89, printed p. 84, item 20 (bone), list V]",
blair-george2012kondadora,020,20,bone,Telugu,comparison control,98,93,2,2emuka,emuka,response,manual cell-by-cell visual transcription from rendered canonical scan; OCR/text layer used only as a locating scaffold,manually_verified,high,excluded,Telugu comparison control,0,,,,,"blair-george2012kondadora[Appendix 9.5, PDF p. 98, printed p. 93, item 20 (bone), list T]",
blair-george2012kondadora,020,20,bone,Adivasi_Oriya,comparison control,98,93,,a:ḍ,a:ḍ,response,manual cell-by-cell visual transcription from rendered canonical scan; OCR/text layer used only as a locating scaffold,manually_verified,high,excluded,Adivasi Oriya (Kotia Oriya) comparison control,0,,,,,"blair-george2012kondadora[Appendix 9.5, PDF p. 98, printed p. 93, item 20 (bone), list O]",
blair-george2012kondadora,021,21,heart,Koraput,target,89,84,1,1guṇṭakaja,guṇṭakaja,response,manual cell-by-cell visual transcription from rendered canonical scan; OCR/text layer used only as a locating scaffold,manually_verified,high,installed,,1,guṇṭakaja,silkondadora2012:021:K:1,Konda,sil-konda-dora-1987-koraput,"blair-george2012kondadora[Appendix 9.5, PDF p. 89, printed p. 84, item 21 (heart), list K]",
blair-george2012kondadora,021,21,heart,Visakh,target,89,84,1,1muṇṭa guṇḍakaja,muṇṭa guṇḍakaja,response,manual cell-by-cell visual transcription from rendered canonical scan; OCR/text layer used only as a locating scaffold,manually_verified,high,installed,,1,muṇṭa guṇḍakaja,silkondadora2012:021:V:1,Konda,sil-konda-dora-1987-visakh,"blair-george2012kondadora[Appendix 9.5, PDF p. 89, printed p. 84, item 21 (heart), list V]",
blair-george2012kondadora,021,21,heart,Telugu,comparison control,98,93,1,1guṇḍe,guṇḍe,response,manual cell-by-cell visual transcription from rendered canonical scan; OCR/text layer used only as a locating scaffold,manually_verified,high,excluded,Telugu comparison control,0,,,,,"blair-george2012kondadora[Appendix 9.5, PDF p. 98, printed p. 93, item 21 (heart), list T]",
blair-george2012kondadora,021,21,heart,Adivasi_Oriya,comparison control,98,93,,koḍoli ḍuṇḍi,koḍoli ḍuṇḍi,response,manual cell-by-cell visual transcription from rendered canonical scan; OCR/text layer used only as a locating scaffold,manually_verified,high,excluded,Adivasi Oriya (Kotia Oriya) comparison control,0,,,,,"blair-george2012kondadora[Appendix 9.5, PDF p. 98, printed p. 93, item 21 (heart), list O]",
blair-george2012kondadora,022,22,blood,Koraput,target,89,84,1,1nal:a/neṭir,nal:a/neṭir,response,manual cell-by-cell visual transcription from rendered canonical scan; OCR/text layer used only as a locating scaffold,manually_verified,high,installed,,2,nal:a | neṭir,silkondadora2012:022:K:1 | silkondadora2012:022:K:2,Konda,sil-konda-dora-1987-koraput,"blair-george2012kondadora[Appendix 9.5, PDF p. 89, printed p. 84, item 22 (blood), list K]",
blair-george2012kondadora,022,22,blood,Visakh,target,89,84,1,1nal:a/neṭir,nal:a/neṭir,response,manual cell-by-cell visual transcription from rendered canonical scan; OCR/text layer used only as a locating scaffold,manually_verified,high,installed,,2,nal:a | neṭir,silkondadora2012:022:V:1 | silkondadora2012:022:V:2,Konda,sil-konda-dora-1987-visakh,"blair-george2012kondadora[Appendix 9.5, PDF p. 89, printed p. 84, item 22 (blood), list V]",
blair-george2012kondadora,022,22,blood,Telugu,comparison control,98,93,2,2raktamu,raktamu,response,manual cell-by-cell visual transcription from rendered canonical scan; OCR/text layer used only as a locating scaffold,manually_verified,high,excluded,Telugu comparison control,0,,,,,"blair-george2012kondadora[Appendix 9.5, PDF p. 98, printed p. 93, item 22 (blood), list T]",
blair-george2012kondadora,022,22,blood,Adivasi_Oriya,comparison control,98,93,,bon:l,bon:l,response,manual cell-by-cell visual transcription from rendered canonical scan; OCR/text layer used only as a locating scaffold,manually_verified,high,excluded,Adivasi Oriya (Kotia Oriya) comparison control,0,,,,,"blair-george2012kondadora[Appendix 9.5, PDF p. 98, printed p. 93, item 22 (blood), list O]",
blair-george2012kondadora,023,23,urine,Koraput,target,89,84,,----,,blank,manual cell-by-cell visual transcription from rendered canonical scan; OCR/text layer used only as a locating scaffold,manually_verified,high,excluded,source prints ‘----’ (no response),0,,,Konda,sil-konda-dora-1987-koraput,"blair-george2012kondadora[Appendix 9.5, PDF p. 89, printed p. 84, item 23 (urine), list K]",
blair-george2012kondadora,023,23,urine,Visakh,target,89,84,,----,,blank,manual cell-by-cell visual transcription from rendered canonical scan; OCR/text layer used only as a locating scaffold,manually_verified,high,excluded,source prints ‘----’ (no response),0,,,Konda,sil-konda-dora-1987-visakh,"blair-george2012kondadora[Appendix 9.5, PDF p. 89, printed p. 84, item 23 (urine), list V]",
blair-george2012kondadora,023,23,urine,Telugu,comparison control,98,93,,----,,blank,manual cell-by-cell visual transcription from rendered canonical scan; OCR/text layer used only as a locating scaffold,manually_verified,high,excluded,source prints ‘----’ (no response),0,,,,,"blair-george2012kondadora[Appendix 9.5, PDF p. 98, printed p. 93, item 23 (urine), list T]",
blair-george2012kondadora,023,23,urine,Adivasi_Oriya,comparison control,98,93,,----,,blank,manual cell-by-cell visual transcription from rendered canonical scan; OCR/text layer used only as a locating scaffold,manually_verified,high,excluded,source prints ‘----’ (no response),0,,,,,"blair-george2012kondadora[Appendix 9.5, PDF p. 98, printed p. 93, item 23 (urine), list O]",
blair-george2012kondadora,024,24,feces,Koraput,target,89,84,,----,,blank,manual cell-by-cell visual transcription from rendered canonical scan; OCR/text layer used only as a locating scaffold,manually_verified,high,excluded,source prints ‘----’ (no response),0,,,Konda,sil-konda-dora-1987-koraput,"blair-george2012kondadora[Appendix 9.5, PDF p. 89, printed p. 84, item 24 (feces), list K]",
blair-george2012kondadora,024,24,feces,Visakh,target,89,84,,----,,blank,manual cell-by-cell visual transcription from rendered canonical scan; OCR/text layer used only as a locating scaffold,manually_verified,high,excluded,source prints ‘----’ (no response),0,,,Konda,sil-konda-dora-1987-visakh,"blair-george2012kondadora[Appendix 9.5, PDF p. 89, printed p. 84, item 24 (feces), list V]",
blair-george2012kondadora,024,24,feces,Telugu,comparison control,98,93,,----,,blank,manual cell-by-cell visual transcription from rendered canonical scan; OCR/text layer used only as a locating scaffold,manually_verified,high,excluded,source prints ‘----’ (no response),0,,,,,"blair-george2012kondadora[Appendix 9.5, PDF p. 98, printed p. 93, item 24 (feces), list T]",
blair-george2012kondadora,024,24,feces,Adivasi_Oriya,comparison control,98,93,,----,,blank,manual cell-by-cell visual transcription from rendered canonical scan; OCR/text layer used only as a locating scaffold,manually_verified,high,excluded,source prints ‘----’ (no response),0,,,,,"blair-george2012kondadora[Appendix 9.5, PDF p. 98, printed p. 93, item 24 (feces), list O]",
blair-george2012kondadora,025,25,village,Koraput,target,89,84,1,1na:ru,na:ru,response,manual cell-by-cell visual transcription from rendered canonical scan; OCR/text layer used only as a locating scaffold,manually_verified,high,installed,,1,na:ru,silkondadora2012:025:K:1,Konda,sil-konda-dora-1987-koraput,"blair-george2012kondadora[Appendix 9.5, PDF p. 89, printed p. 84, item 25 (village), list K]",
blair-george2012kondadora,025,25,village,Visakh,target,89,84,1,1na:ru,na:ru,response,manual cell-by-cell visual transcription from rendered canonical scan; OCR/text layer used only as a locating scaffold,manually_verified,high,installed,,1,na:ru,silkondadora2012:025:V:1,Konda,sil-konda-dora-1987-visakh,"blair-george2012kondadora[Appendix 9.5, PDF p. 89, printed p. 84, item 25 (village), list V]",
blair-george2012kondadora,025,25,village,Telugu,comparison control,98,93,2,2gramamu/u:ru,gramamu/u:ru,response,manual cell-by-cell visual transcription from rendered canonical scan; OCR/text layer used only as a locating scaffold,manually_verified,high,excluded,Telugu comparison control,0,,,,,"blair-george2012kondadora[Appendix 9.5, PDF p. 98, printed p. 93, item 25 (village), list T]",
blair-george2012kondadora,025,25,village,Adivasi_Oriya,comparison control,98,93,,ga:ŋ,ga:ŋ,response,manual cell-by-cell visual transcription from rendered canonical scan; OCR/text layer used only as a locating scaffold,manually_verified,high,excluded,Adivasi Oriya (Kotia Oriya) comparison control,0,,,,,"blair-george2012kondadora[Appendix 9.5, PDF p. 98, printed p. 93, item 25 (village), list O]",
blair-george2012kondadora,026,26,house,Koraput,target,90,85,1,1il:u,il:u,response,manual cell-by-cell visual transcription from rendered canonical scan; OCR/text layer used only as a locating scaffold,manually_verified,high,installed,,1,il:u,silkondadora2012:026:K:1,Konda,sil-konda-dora-1987-koraput,"blair-george2012kondadora[Appendix 9.5, PDF p. 90, printed p. 85, item 26 (house), list K]",
blair-george2012kondadora,026,26,house,Visakh,target,90,85,1,1il:u,il:u,response,manual cell-by-cell visual transcription from rendered canonical scan; OCR/text layer used only as a locating scaffold,manually_verified,high,installed,,1,il:u,silkondadora2012:026:V:1,Konda,sil-konda-dora-1987-visakh,"blair-george2012kondadora[Appendix 9.5, PDF p. 90, printed p. 85, item 26 (house), list V]",
blair-george2012kondadora,026,26,house,Telugu,comparison control,99,94,1,1il:u,il:u,response,manual cell-by-cell visual transcription from rendered canonical scan; OCR/text layer used only as a locating scaffold,manually_verified,high,excluded,Telugu comparison control,0,,,,,"blair-george2012kondadora[Appendix 9.5, PDF p. 99, printed p. 94, item 26 (house), list T]",
blair-george2012kondadora,026,26,house,Adivasi_Oriya,comparison control,99,94,,go:r,go:r,response,manual cell-by-cell visual transcription from rendered canonical scan; OCR/text layer used only as a locating scaffold,manually_verified,high,excluded,Adivasi Oriya (Kotia Oriya) comparison control,0,,,,,"blair-george2012kondadora[Appendix 9.5, PDF p. 99, printed p. 94, item 26 (house), list O]",
blair-george2012kondadora,027,27,roof,Koraput,target,90,85,1,1rekam,rekam,response,manual cell-by-cell visual transcription from rendered canonical scan; OCR/text layer used only as a locating scaffold,manually_verified,high,installed,,1,rekam,silkondadora2012:027:K:1,Konda,sil-konda-dora-1987-koraput,"blair-george2012kondadora[Appendix 9.5, PDF p. 90, printed p. 85, item 27 (roof), list K]",
blair-george2012kondadora,027,27,roof,Visakh,target,90,85,1,1rekam,rekam,response,manual cell-by-cell visual transcription from rendered canonical scan; OCR/text layer used only as a locating scaffold,manually_verified,high,installed,,1,rekam,silkondadora2012:027:V:1,Konda,sil-konda-dora-1987-visakh,"blair-george2012kondadora[Appendix 9.5, PDF p. 90, printed p. 85, item 27 (roof), list V]",
blair-george2012kondadora,027,27,roof,Telugu,comparison control,99,94,,----,,blank,manual cell-by-cell visual transcription from rendered canonical scan; OCR/text layer used only as a locating scaffold,manually_verified,high,excluded,source prints ‘----’ (no response),0,,,,,"blair-george2012kondadora[Appendix 9.5, PDF p. 99, printed p. 94, item 27 (roof), list T]",
blair-george2012kondadora,027,27,roof,Adivasi_Oriya,comparison control,99,94,,sani,sani,response,manual cell-by-cell visual transcription from rendered canonical scan; OCR/text layer used only as a locating scaffold,manually_verified,high,excluded,Adivasi Oriya (Kotia Oriya) comparison control,0,,,,,"blair-george2012kondadora[Appendix 9.5, PDF p. 99, printed p. 94, item 27 (roof), list O]",
blair-george2012kondadora,028,28,door,Koraput,target,90,85,1,1sehla,sehla,response,manual cell-by-cell visual transcription from rendered canonical scan; OCR/text layer used only as a locating scaffold,manually_verified,high,installed,,1,sehla,silkondadora2012:028:K:1,Konda,sil-konda-dora-1987-koraput,"blair-george2012kondadora[Appendix 9.5, PDF p. 90, printed p. 85, item 28 (door), list K]",
blair-george2012kondadora,028,28,door,Visakh,target,90,85,1,1sehla,sehla,response,manual cell-by-cell visual transcription from rendered canonical scan; OCR/text layer used only as a locating scaffold,manually_verified,high,installed,,1,sehla,silkondadora2012:028:V:1,Konda,sil-konda-dora-1987-visakh,"blair-george2012kondadora[Appendix 9.5, PDF p. 90, printed p. 85, item 28 (door), list V]",
blair-george2012kondadora,028,28,door,Telugu,comparison control,99,94,2,2ḍwaramu,ḍwaramu,response,manual cell-by-cell visual transcription from rendered canonical scan; OCR/text layer used only as a locating scaffold,manually_verified,high,excluded,Telugu comparison control,0,,,,,"blair-george2012kondadora[Appendix 9.5, PDF p. 99, printed p. 94, item 28 (door), list T]",
blair-george2012kondadora,028,28,door,Adivasi_Oriya,comparison control,99,94,,kopaṭ,kopaṭ,response,manual cell-by-cell visual transcription from rendered canonical scan; OCR/text layer used only as a locating scaffold,manually_verified,high,excluded,Adivasi Oriya (Kotia Oriya) comparison control,0,,,,,"blair-george2012kondadora[Appendix 9.5, PDF p. 99, printed p. 94, item 28 (door), list O]",
blair-george2012kondadora,029,29,firewood,Koraput,target,90,85,1,1vehku,vehku,response,manual cell-by-cell visual transcription from rendered canonical scan; OCR/text layer used only as a locating scaffold,manually_verified,high,installed,,1,vehku,silkondadora2012:029:K:1,Konda,sil-konda-dora-1987-koraput,"blair-george2012kondadora[Appendix 9.5, PDF p. 90, printed p. 85, item 29 (firewood), list K]",
blair-george2012kondadora,029,29,firewood,Visakh,target,90,85,1,1vehku,vehku,response,manual cell-by-cell visual transcription from rendered canonical scan; OCR/text layer used only as a locating scaffold,manually_verified,high,installed,,1,vehku,silkondadora2012:029:V:1,Konda,sil-konda-dora-1987-visakh,"blair-george2012kondadora[Appendix 9.5, PDF p. 90, printed p. 85, item 29 (firewood), list V]",
blair-george2012kondadora,029,29,firewood,Telugu,comparison control,99,94,2,2kalapa,kalapa,response,manual cell-by-cell visual transcription from rendered canonical scan; OCR/text layer used only as a locating scaffold,manually_verified,high,excluded,Telugu comparison control,0,,,,,"blair-george2012kondadora[Appendix 9.5, PDF p. 99, printed p. 94, item 29 (firewood), list T]",
blair-george2012kondadora,029,29,firewood,Adivasi_Oriya,comparison control,99,94,,----,,blank,manual cell-by-cell visual transcription from rendered canonical scan; OCR/text layer used only as a locating scaffold,manually_verified,high,excluded,source prints ‘----’ (no response),0,,,,,"blair-george2012kondadora[Appendix 9.5, PDF p. 99, printed p. 94, item 29 (firewood), list O]",
blair-george2012kondadora,030,30,broom,Koraput,target,90,85,1,1siperi,siperi,response,manual cell-by-cell visual transcription from rendered canonical scan; OCR/text layer used only as a locating scaffold,manually_verified,high,installed,,1,siperi,silkondadora2012:030:K:1,Konda,sil-konda-dora-1987-koraput,"blair-george2012kondadora[Appendix 9.5, PDF p. 90, printed p. 85, item 30 (broom), list K]",
blair-george2012kondadora,030,30,broom,Visakh,target,90,85,1,1siperi,siperi,response,manual cell-by-cell visual transcription from rendered canonical scan; OCR/text layer used only as a locating scaffold,manually_verified,high,installed,,1,siperi,silkondadora2012:030:V:1,Konda,sil-konda-dora-1987-visakh,"blair-george2012kondadora[Appendix 9.5, PDF p. 90, printed p. 85, item 30 (broom), list V]",
blair-george2012kondadora,030,30,broom,Telugu,comparison control,99,94,1,1tʃi:puru,tʃi:puru,response,manual cell-by-cell visual transcription from rendered canonical scan; OCR/text layer used only as a locating scaffold,manually_verified,high,excluded,Telugu comparison control,0,,,,,"blair-george2012kondadora[Appendix 9.5, PDF p. 99, printed p. 94, item 30 (broom), list T]",
blair-george2012kondadora,030,30,broom,Adivasi_Oriya,comparison control,99,94,,baḍni,baḍni,response,manual cell-by-cell visual transcription from rendered canonical scan; OCR/text layer used only as a locating scaffold,manually_verified,high,excluded,Adivasi Oriya (Kotia Oriya) comparison control,0,,,,,"blair-george2012kondadora[Appendix 9.5, PDF p. 99, printed p. 94, item 30 (broom), list O]",
blair-george2012kondadora,031,31,mortar,Koraput,target,90,85,,----,,blank,manual cell-by-cell visual transcription from rendered canonical scan; OCR/text layer used only as a locating scaffold,manually_verified,high,excluded,source prints ‘----’ (no response),0,,,Konda,sil-konda-dora-1987-koraput,"blair-george2012kondadora[Appendix 9.5, PDF p. 90, printed p. 85, item 31 (mortar), list K]",
blair-george2012kondadora,031,31,mortar,Visakh,target,90,85,,----,,blank,manual cell-by-cell visual transcription from rendered canonical scan; OCR/text layer used only as a locating scaffold,manually_verified,high,excluded,source prints ‘----’ (no response),0,,,Konda,sil-konda-dora-1987-visakh,"blair-george2012kondadora[Appendix 9.5, PDF p. 90, printed p. 85, item 31 (mortar), list V]",
blair-george2012kondadora,031,31,mortar,Telugu,comparison control,99,94,,----,,blank,manual cell-by-cell visual transcription from rendered canonical scan; OCR/text layer used only as a locating scaffold,manually_verified,high,excluded,source prints ‘----’ (no response),0,,,,,"blair-george2012kondadora[Appendix 9.5, PDF p. 99, printed p. 94, item 31 (mortar), list T]",
blair-george2012kondadora,031,31,mortar,Adivasi_Oriya,comparison control,99,94,,----,,blank,manual cell-by-cell visual transcription from rendered canonical scan; OCR/text layer used only as a locating scaffold,manually_verified,high,excluded,source prints ‘----’ (no response),0,,,,,"blair-george2012kondadora[Appendix 9.5, PDF p. 99, printed p. 94, item 31 (mortar), list O]",
blair-george2012kondadora,032,32,pestle,Koraput,target,90,85,1,1ko:lu,ko:lu,response,manual cell-by-cell visual transcription from rendered canonical scan; OCR/text layer used only as a locating scaffold,manually_verified,high,installed,,1,ko:lu,silkondadora2012:032:K:1,Konda,sil-konda-dora-1987-koraput,"blair-george2012kondadora[Appendix 9.5, PDF p. 90, printed p. 85, item 32 (pestle), list K]",
blair-george2012kondadora,032,32,pestle,Visakh,target,90,85,1,1ko:lu,ko:lu,response,manual cell-by-cell visual transcription from rendered canonical scan; OCR/text layer used only as a locating scaffold,manually_verified,high,installed,,1,ko:lu,silkondadora2012:032:V:1,Konda,sil-konda-dora-1987-visakh,"blair-george2012kondadora[Appendix 9.5, PDF p. 90, printed p. 85, item 32 (pestle), list V]",
blair-george2012kondadora,032,32,pestle,Telugu,comparison control,99,94,2,2ro:kal,ro:kal,response,manual cell-by-cell visual transcription from rendered canonical scan; OCR/text layer used only as a locating scaffold,manually_verified,high,excluded,Telugu comparison control,0,,,,,"blair-george2012kondadora[Appendix 9.5, PDF p. 99, printed p. 94, item 32 (pestle), list T]",
blair-george2012kondadora,032,32,pestle,Adivasi_Oriya,comparison control,99,94,,musol,musol,response,manual cell-by-cell visual transcription from rendered canonical scan; OCR/text layer used only as a locating scaffold,manually_verified,high,excluded,Adivasi Oriya (Kotia Oriya) comparison control,0,,,,,"blair-george2012kondadora[Appendix 9.5, PDF p. 99, printed p. 94, item 32 (pestle), list O]",
blair-george2012kondadora,033,33,hammer,Koraput,target,90,85,1,1suṭe,suṭe,response,manual cell-by-cell visual transcription from rendered canonical scan; OCR/text layer used only as a locating scaffold,manually_verified,high,installed,,1,suṭe,silkondadora2012:033:K:1,Konda,sil-konda-dora-1987-koraput,"blair-george2012kondadora[Appendix 9.5, PDF p. 90, printed p. 85, item 33 (hammer), list K]",
blair-george2012kondadora,033,33,hammer,Visakh,target,90,85,1,1suṭe,suṭe,response,manual cell-by-cell visual transcription from rendered canonical scan; OCR/text layer used only as a locating scaffold,manually_verified,high,installed,,1,suṭe,silkondadora2012:033:V:1,Konda,sil-konda-dora-1987-visakh,"blair-george2012kondadora[Appendix 9.5, PDF p. 90, printed p. 85, item 33 (hammer), list V]",
blair-george2012kondadora,033,33,hammer,Telugu,comparison control,99,94,1,1suṭi,suṭi,response,manual cell-by-cell visual transcription from rendered canonical scan; OCR/text layer used only as a locating scaffold,manually_verified,high,excluded,Telugu comparison control,0,,,,,"blair-george2012kondadora[Appendix 9.5, PDF p. 99, printed p. 94, item 33 (hammer), list T]",
blair-george2012kondadora,033,33,hammer,Adivasi_Oriya,comparison control,99,94,,----,,blank,manual cell-by-cell visual transcription from rendered canonical scan; OCR/text layer used only as a locating scaffold,manually_verified,high,excluded,source prints ‘----’ (no response),0,,,,,"blair-george2012kondadora[Appendix 9.5, PDF p. 99, printed p. 94, item 33 (hammer), list O]",
blair-george2012kondadora,034,34,knife,Koraput,target,90,85,1,1ku:ḍam,ku:ḍam,response,manual cell-by-cell visual transcription from rendered canonical scan; OCR/text layer used only as a locating scaffold,manually_verified,high,installed,,1,ku:ḍam,silkondadora2012:034:K:1,Konda,sil-konda-dora-1987-koraput,"blair-george2012kondadora[Appendix 9.5, PDF p. 90, printed p. 85, item 34 (knife), list K]",
blair-george2012kondadora,034,34,knife,Visakh,target,90,85,1,1ku:ḍam,ku:ḍam,response,manual cell-by-cell visual transcription from rendered canonical scan; OCR/text layer used only as a locating scaffold,manually_verified,high,installed,,1,ku:ḍam,silkondadora2012:034:V:1,Konda,sil-konda-dora-1987-visakh,"blair-george2012kondadora[Appendix 9.5, PDF p. 90, printed p. 85, item 34 (knife), list V]",
blair-george2012kondadora,034,34,knife,Telugu,comparison control,99,94,2,2tʃa:ku,tʃa:ku,response,manual cell-by-cell visual transcription from rendered canonical scan; OCR/text layer used only as a locating scaffold,manually_verified,high,excluded,Telugu comparison control,0,,,,,"blair-george2012kondadora[Appendix 9.5, PDF p. 99, printed p. 94, item 34 (knife), list T]",
blair-george2012kondadora,034,34,knife,Adivasi_Oriya,comparison control,99,94,,kaṭra,kaṭra,response,manual cell-by-cell visual transcription from rendered canonical scan; OCR/text layer used only as a locating scaffold,manually_verified,high,excluded,Adivasi Oriya (Kotia Oriya) comparison control,0,,,,,"blair-george2012kondadora[Appendix 9.5, PDF p. 99, printed p. 94, item 34 (knife), list O]",
blair-george2012kondadora,035,35,axe,Koraput,target,90,85,1,1parsi,parsi,response,manual cell-by-cell visual transcription from rendered canonical scan; OCR/text layer used only as a locating scaffold,manually_verified,high,installed,,1,parsi,silkondadora2012:035:K:1,Konda,sil-konda-dora-1987-koraput,"blair-george2012kondadora[Appendix 9.5, PDF p. 90, printed p. 85, item 35 (axe), list K]",
blair-george2012kondadora,035,35,axe,Visakh,target,90,85,2,2goḍeli,goḍeli,response,manual cell-by-cell visual transcription from rendered canonical scan; OCR/text layer used only as a locating scaffold,manually_verified,high,installed,,1,goḍeli,silkondadora2012:035:V:1,Konda,sil-konda-dora-1987-visakh,"blair-george2012kondadora[Appendix 9.5, PDF p. 90, printed p. 85, item 35 (axe), list V]",
blair-george2012kondadora,035,35,axe,Telugu,comparison control,99,94,2,2goḍeli,goḍeli,response,manual cell-by-cell visual transcription from rendered canonical scan; OCR/text layer used only as a locating scaffold,manually_verified,high,excluded,Telugu comparison control,0,,,,,"blair-george2012kondadora[Appendix 9.5, PDF p. 99, printed p. 94, item 35 (axe), list T]",
blair-george2012kondadora,035,35,axe,Adivasi_Oriya,comparison control,99,94,,ṭeŋija,ṭeŋija,response,manual cell-by-cell visual transcription from rendered canonical scan; OCR/text layer used only as a locating scaffold,manually_verified,high,excluded,Adivasi Oriya (Kotia Oriya) comparison control,0,,,,,"blair-george2012kondadora[Appendix 9.5, PDF p. 99, printed p. 94, item 35 (axe), list O]",
blair-george2012kondadora,036,36,rope,Koraput,target,90,85,1,1na:su,na:su,response,manual cell-by-cell visual transcription from rendered canonical scan; OCR/text layer used only as a locating scaffold,manually_verified,high,installed,,1,na:su,silkondadora2012:036:K:1,Konda,sil-konda-dora-1987-koraput,"blair-george2012kondadora[Appendix 9.5, PDF p. 90, printed p. 85, item 36 (rope), list K]",
blair-george2012kondadora,036,36,rope,Visakh,target,90,85,1,1na:su,na:su,response,manual cell-by-cell visual transcription from rendered canonical scan; OCR/text layer used only as a locating scaffold,manually_verified,high,installed,,1,na:su,silkondadora2012:036:V:1,Konda,sil-konda-dora-1987-visakh,"blair-george2012kondadora[Appendix 9.5, PDF p. 90, printed p. 85, item 36 (rope), list V]",
blair-george2012kondadora,036,36,rope,Telugu,comparison control,99,94,2,2traḍu,traḍu,response,manual cell-by-cell visual transcription from rendered canonical scan; OCR/text layer used only as a locating scaffold,manually_verified,high,excluded,Telugu comparison control,0,,,,,"blair-george2012kondadora[Appendix 9.5, PDF p. 99, printed p. 94, item 36 (rope), list T]",
blair-george2012kondadora,036,36,rope,Adivasi_Oriya,comparison control,99,94,,ḍori,ḍori,response,manual cell-by-cell visual transcription from rendered canonical scan; OCR/text layer used only as a locating scaffold,manually_verified,high,excluded,Adivasi Oriya (Kotia Oriya) comparison control,0,,,,,"blair-george2012kondadora[Appendix 9.5, PDF p. 99, printed p. 94, item 36 (rope), list O]",
blair-george2012kondadora,037,37,thread,Koraput,target,90,85,1,1nu:lu,nu:lu,response,manual cell-by-cell visual transcription from rendered canonical scan; OCR/text layer used only as a locating scaffold,manually_verified,high,installed,,1,nu:lu,silkondadora2012:037:K:1,Konda,sil-konda-dora-1987-koraput,"blair-george2012kondadora[Appendix 9.5, PDF p. 90, printed p. 85, item 37 (thread), list K]",
blair-george2012kondadora,037,37,thread,Visakh,target,90,85,1,1nu:lu,nu:lu,response,manual cell-by-cell visual transcription from rendered canonical scan; OCR/text layer used only as a locating scaffold,manually_verified,high,installed,,1,nu:lu,silkondadora2012:037:V:1,Konda,sil-konda-dora-1987-visakh,"blair-george2012kondadora[Appendix 9.5, PDF p. 90, printed p. 85, item 37 (thread), list V]",
blair-george2012kondadora,037,37,thread,Telugu,comparison control,99,94,2,2daramu,daramu,response,manual cell-by-cell visual transcription from rendered canonical scan; OCR/text layer used only as a locating scaffold,manually_verified,high,excluded,Telugu comparison control,0,,,,,"blair-george2012kondadora[Appendix 9.5, PDF p. 99, printed p. 94, item 37 (thread), list T]",
blair-george2012kondadora,037,37,thread,Adivasi_Oriya,comparison control,99,94,,suṭa,suṭa,response,manual cell-by-cell visual transcription from rendered canonical scan; OCR/text layer used only as a locating scaffold,manually_verified,high,excluded,Adivasi Oriya (Kotia Oriya) comparison control,0,,,,,"blair-george2012kondadora[Appendix 9.5, PDF p. 99, printed p. 94, item 37 (thread), list O]",
blair-george2012kondadora,038,38,needle,Koraput,target,90,85,1,1suri/dopanam,suri/dopanam,response,manual cell-by-cell visual transcription from rendered canonical scan; OCR/text layer used only as a locating scaffold,manually_verified,high,installed,,2,suri | dopanam,silkondadora2012:038:K:1 | silkondadora2012:038:K:2,Konda,sil-konda-dora-1987-koraput,"blair-george2012kondadora[Appendix 9.5, PDF p. 90, printed p. 85, item 38 (needle), list K]",enlarged crop confirms plain r without source underdot or hook
blair-george2012kondadora,038,38,needle,Visakh,target,90,85,1,1suḍi/depanam,suḍi/depanam,response,manual cell-by-cell visual transcription from rendered canonical scan; OCR/text layer used only as a locating scaffold,manually_verified,high,installed,,2,suḍi | depanam,silkondadora2012:038:V:1 | silkondadora2012:038:V:2,Konda,sil-konda-dora-1987-visakh,"blair-george2012kondadora[Appendix 9.5, PDF p. 90, printed p. 85, item 38 (needle), list V]",enlarged crop confirms plain r without source underdot or hook
blair-george2012kondadora,038,38,needle,Telugu,comparison control,99,94,1,1su:ḍi,su:ḍi,response,manual cell-by-cell visual transcription from rendered canonical scan; OCR/text layer used only as a locating scaffold,manually_verified,high,excluded,Telugu comparison control,0,,,,,"blair-george2012kondadora[Appendix 9.5, PDF p. 99, printed p. 94, item 38 (needle), list T]",enlarged crop confirms plain r without source underdot or hook
blair-george2012kondadora,038,38,needle,Adivasi_Oriya,comparison control,99,94,,sudza,sudza,response,manual cell-by-cell visual transcription from rendered canonical scan; OCR/text layer used only as a locating scaffold,manually_verified,high,excluded,Adivasi Oriya (Kotia Oriya) comparison control,0,,,,,"blair-george2012kondadora[Appendix 9.5, PDF p. 99, printed p. 94, item 38 (needle), list O]",enlarged crop confirms plain r without source underdot or hook
blair-george2012kondadora,039,39,cloth,Koraput,target,90,85,1,1vaṭi,vaṭi,response,manual cell-by-cell visual transcription from rendered canonical scan; OCR/text layer used only as a locating scaffold,manually_verified,high,installed,,1,vaṭi,silkondadora2012:039:K:1,Konda,sil-konda-dora-1987-koraput,"blair-george2012kondadora[Appendix 9.5, PDF p. 90, printed p. 85, item 39 (cloth), list K]",
blair-george2012kondadora,039,39,cloth,Visakh,target,90,85,2,2pa:ṭa,pa:ṭa,response,manual cell-by-cell visual transcription from rendered canonical scan; OCR/text layer used only as a locating scaffold,manually_verified,high,installed,,1,pa:ṭa,silkondadora2012:039:V:1,Konda,sil-konda-dora-1987-visakh,"blair-george2012kondadora[Appendix 9.5, PDF p. 90, printed p. 85, item 39 (cloth), list V]",
blair-george2012kondadora,039,39,cloth,Telugu,comparison control,99,94,3,3baṭa,baṭa,response,manual cell-by-cell visual transcription from rendered canonical scan; OCR/text layer used only as a locating scaffold,manually_verified,high,excluded,Telugu comparison control,0,,,,,"blair-george2012kondadora[Appendix 9.5, PDF p. 99, printed p. 94, item 39 (cloth), list T]",
blair-george2012kondadora,039,39,cloth,Adivasi_Oriya,comparison control,99,94,,luga,luga,response,manual cell-by-cell visual transcription from rendered canonical scan; OCR/text layer used only as a locating scaffold,manually_verified,high,excluded,Adivasi Oriya (Kotia Oriya) comparison control,0,,,,,"blair-george2012kondadora[Appendix 9.5, PDF p. 99, printed p. 94, item 39 (cloth), list O]",
blair-george2012kondadora,040,40,ring,Koraput,target,90,85,1,1boṇṭu,boṇṭu,response,manual cell-by-cell visual transcription from rendered canonical scan; OCR/text layer used only as a locating scaffold,manually_verified,high,installed,,1,boṇṭu,silkondadora2012:040:K:1,Konda,sil-konda-dora-1987-koraput,"blair-george2012kondadora[Appendix 9.5, PDF p. 90, printed p. 85, item 40 (ring), list K]",
blair-george2012kondadora,040,40,ring,Visakh,target,90,85,1,1boṇṭu,boṇṭu,response,manual cell-by-cell visual transcription from rendered canonical scan; OCR/text layer used only as a locating scaffold,manually_verified,high,installed,,1,boṇṭu,silkondadora2012:040:V:1,Konda,sil-konda-dora-1987-visakh,"blair-george2012kondadora[Appendix 9.5, PDF p. 90, printed p. 85, item 40 (ring), list V]",
blair-george2012kondadora,040,40,ring,Telugu,comparison control,99,94,2,2uŋaram,uŋaram,response,manual cell-by-cell visual transcription from rendered canonical scan; OCR/text layer used only as a locating scaffold,manually_verified,high,excluded,Telugu comparison control,0,,,,,"blair-george2012kondadora[Appendix 9.5, PDF p. 99, printed p. 94, item 40 (ring), list T]",
blair-george2012kondadora,040,40,ring,Adivasi_Oriya,comparison control,99,94,,muṇḍi,muṇḍi,response,manual cell-by-cell visual transcription from rendered canonical scan; OCR/text layer used only as a locating scaffold,manually_verified,high,excluded,Adivasi Oriya (Kotia Oriya) comparison control,0,,,,,"blair-george2012kondadora[Appendix 9.5, PDF p. 99, printed p. 94, item 40 (ring), list O]",
blair-george2012kondadora,041,41,sun,Koraput,target,90,85,1,1ve:ḍa,ve:ḍa,response,manual cell-by-cell visual transcription from rendered canonical scan; OCR/text layer used only as a locating scaffold,manually_verified,high,installed,,1,ve:ḍa,silkondadora2012:041:K:1,Konda,sil-konda-dora-1987-koraput,"blair-george2012kondadora[Appendix 9.5, PDF p. 90, printed p. 85, item 41 (sun), list K]",
blair-george2012kondadora,041,41,sun,Visakh,target,90,85,2,2poḍu,poḍu,response,manual cell-by-cell visual transcription from rendered canonical scan; OCR/text layer used only as a locating scaffold,manually_verified,high,installed,,1,poḍu,silkondadora2012:041:V:1,Konda,sil-konda-dora-1987-visakh,"blair-george2012kondadora[Appendix 9.5, PDF p. 90, printed p. 85, item 41 (sun), list V]",
blair-george2012kondadora,041,41,sun,Telugu,comparison control,99,94,3,3surjuḍu,surjuḍu,response,manual cell-by-cell visual transcription from rendered canonical scan; OCR/text layer used only as a locating scaffold,manually_verified,high,excluded,Telugu comparison control,0,,,,,"blair-george2012kondadora[Appendix 9.5, PDF p. 99, printed p. 94, item 41 (sun), list T]",
blair-george2012kondadora,041,41,sun,Adivasi_Oriya,comparison control,99,94,,be:l,be:l,response,manual cell-by-cell visual transcription from rendered canonical scan; OCR/text layer used only as a locating scaffold,manually_verified,high,excluded,Adivasi Oriya (Kotia Oriya) comparison control,0,,,,,"blair-george2012kondadora[Appendix 9.5, PDF p. 99, printed p. 94, item 41 (sun), list O]",
blair-george2012kondadora,042,42,moon,Koraput,target,90,85,1,1le:ndzu,le:ndzu,response,manual cell-by-cell visual transcription from rendered canonical scan; OCR/text layer used only as a locating scaffold,manually_verified,high,installed,,1,le:ndzu,silkondadora2012:042:K:1,Konda,sil-konda-dora-1987-koraput,"blair-george2012kondadora[Appendix 9.5, PDF p. 90, printed p. 85, item 42 (moon), list K]",
blair-george2012kondadora,042,42,moon,Visakh,target,90,85,2,2ṇela,ṇela,response,manual cell-by-cell visual transcription from rendered canonical scan; OCR/text layer used only as a locating scaffold,manually_verified,high,installed,,1,ṇela,silkondadora2012:042:V:1,Konda,sil-konda-dora-1987-visakh,"blair-george2012kondadora[Appendix 9.5, PDF p. 90, printed p. 85, item 42 (moon), list V]",
blair-george2012kondadora,042,42,moon,Telugu,comparison control,99,94,3,3tʃaṇḍruḍu,tʃaṇḍruḍu,response,manual cell-by-cell visual transcription from rendered canonical scan; OCR/text layer used only as a locating scaffold,manually_verified,high,excluded,Telugu comparison control,0,,,,,"blair-george2012kondadora[Appendix 9.5, PDF p. 99, printed p. 94, item 42 (moon), list T]",
blair-george2012kondadora,042,42,moon,Adivasi_Oriya,comparison control,99,94,,dzon,dzon,response,manual cell-by-cell visual transcription from rendered canonical scan; OCR/text layer used only as a locating scaffold,manually_verified,high,excluded,Adivasi Oriya (Kotia Oriya) comparison control,0,,,,,"blair-george2012kondadora[Appendix 9.5, PDF p. 99, printed p. 94, item 42 (moon), list O]",
blair-george2012kondadora,043,43,sky,Koraput,target,90,85,1,1a:ka:sam,a:ka:sam,response,manual cell-by-cell visual transcription from rendered canonical scan; OCR/text layer used only as a locating scaffold,manually_verified,high,installed,,1,a:ka:sam,silkondadora2012:043:K:1,Konda,sil-konda-dora-1987-koraput,"blair-george2012kondadora[Appendix 9.5, PDF p. 90, printed p. 85, item 43 (sky), list K]",
blair-george2012kondadora,043,43,sky,Visakh,target,90,85,1,1a:ka:sam,a:ka:sam,response,manual cell-by-cell visual transcription from rendered canonical scan; OCR/text layer used only as a locating scaffold,manually_verified,high,installed,,1,a:ka:sam,silkondadora2012:043:V:1,Konda,sil-konda-dora-1987-visakh,"blair-george2012kondadora[Appendix 9.5, PDF p. 90, printed p. 85, item 43 (sky), list V]",
blair-george2012kondadora,043,43,sky,Telugu,comparison control,99,94,1,1a:ka:sam,a:ka:sam,response,manual cell-by-cell visual transcription from rendered canonical scan; OCR/text layer used only as a locating scaffold,manually_verified,high,excluded,Telugu comparison control,0,,,,,"blair-george2012kondadora[Appendix 9.5, PDF p. 99, printed p. 94, item 43 (sky), list T]",
blair-george2012kondadora,043,43,sky,Adivasi_Oriya,comparison control,99,94,,sorog,sorog,response,manual cell-by-cell visual transcription from rendered canonical scan; OCR/text layer used only as a locating scaffold,manually_verified,high,excluded,Adivasi Oriya (Kotia Oriya) comparison control,0,,,,,"blair-george2012kondadora[Appendix 9.5, PDF p. 99, printed p. 94, item 43 (sky), list O]",
blair-george2012kondadora,044,44,star,Koraput,target,90,85,1,1suka,suka,response,manual cell-by-cell visual transcription from rendered canonical scan; OCR/text layer used only as a locating scaffold,manually_verified,high,installed,,1,suka,silkondadora2012:044:K:1,Konda,sil-konda-dora-1987-koraput,"blair-george2012kondadora[Appendix 9.5, PDF p. 90, printed p. 85, item 44 (star), list K]",
blair-george2012kondadora,044,44,star,Visakh,target,90,85,1,1suka,suka,response,manual cell-by-cell visual transcription from rendered canonical scan; OCR/text layer used only as a locating scaffold,manually_verified,high,installed,,1,suka,silkondadora2012:044:V:1,Konda,sil-konda-dora-1987-visakh,"blair-george2012kondadora[Appendix 9.5, PDF p. 90, printed p. 85, item 44 (star), list V]",
blair-george2012kondadora,044,44,star,Telugu,comparison control,99,94,1,1tʃuka/tara/nakshtram,tʃuka/tara/nakshtram,response,manual cell-by-cell visual transcription from rendered canonical scan; OCR/text layer used only as a locating scaffold,manually_verified,high,excluded,Telugu comparison control,0,,,,,"blair-george2012kondadora[Appendix 9.5, PDF p. 99, printed p. 94, item 44 (star), list T]",
blair-george2012kondadora,044,44,star,Adivasi_Oriya,comparison control,99,94,1,1ṭara,ṭara,response,manual cell-by-cell visual transcription from rendered canonical scan; OCR/text layer used only as a locating scaffold,manually_verified,high,excluded,Adivasi Oriya (Kotia Oriya) comparison control,0,,,,,"blair-george2012kondadora[Appendix 9.5, PDF p. 99, printed p. 94, item 44 (star), list O]",
blair-george2012kondadora,045,45,rain,Koraput,target,90,85,1,1piru,piru,response,manual cell-by-cell visual transcription from rendered canonical scan; OCR/text layer used only as a locating scaffold,manually_verified,high,installed,,1,piru,silkondadora2012:045:K:1,Konda,sil-konda-dora-1987-koraput,"blair-george2012kondadora[Appendix 9.5, PDF p. 90, printed p. 85, item 45 (rain), list K]",
blair-george2012kondadora,045,45,rain,Visakh,target,90,85,1,1piru,piru,response,manual cell-by-cell visual transcription from rendered canonical scan; OCR/text layer used only as a locating scaffold,manually_verified,high,installed,,1,piru,silkondadora2012:045:V:1,Konda,sil-konda-dora-1987-visakh,"blair-george2012kondadora[Appendix 9.5, PDF p. 90, printed p. 85, item 45 (rain), list V]",
blair-george2012kondadora,045,45,rain,Telugu,comparison control,99,94,2,2varʃam,varʃam,response,manual cell-by-cell visual transcription from rendered canonical scan; OCR/text layer used only as a locating scaffold,manually_verified,high,excluded,Telugu comparison control,0,,,,,"blair-george2012kondadora[Appendix 9.5, PDF p. 99, printed p. 94, item 45 (rain), list T]",
blair-george2012kondadora,045,45,rain,Adivasi_Oriya,comparison control,99,94,,pani,pani,response,manual cell-by-cell visual transcription from rendered canonical scan; OCR/text layer used only as a locating scaffold,manually_verified,high,excluded,Adivasi Oriya (Kotia Oriya) comparison control,0,,,,,"blair-george2012kondadora[Appendix 9.5, PDF p. 99, printed p. 94, item 45 (rain), list O]",
blair-george2012kondadora,046,46,water,Koraput,target,90,85,1,1e:ru,e:ru,response,manual cell-by-cell visual transcription from rendered canonical scan; OCR/text layer used only as a locating scaffold,manually_verified,high,installed,,1,e:ru,silkondadora2012:046:K:1,Konda,sil-konda-dora-1987-koraput,"blair-george2012kondadora[Appendix 9.5, PDF p. 90, printed p. 85, item 46 (water), list K]",
blair-george2012kondadora,046,46,water,Visakh,target,90,85,1,1e:ru,e:ru,response,manual cell-by-cell visual transcription from rendered canonical scan; OCR/text layer used only as a locating scaffold,manually_verified,high,installed,,1,e:ru,silkondadora2012:046:V:1,Konda,sil-konda-dora-1987-visakh,"blair-george2012kondadora[Appendix 9.5, PDF p. 90, printed p. 85, item 46 (water), list V]",
blair-george2012kondadora,046,46,water,Telugu,comparison control,99,94,1,1ni:ru,ni:ru,response,manual cell-by-cell visual transcription from rendered canonical scan; OCR/text layer used only as a locating scaffold,manually_verified,high,excluded,Telugu comparison control,0,,,,,"blair-george2012kondadora[Appendix 9.5, PDF p. 99, printed p. 94, item 46 (water), list T]",
blair-george2012kondadora,046,46,water,Adivasi_Oriya,comparison control,99,94,,pani,pani,response,manual cell-by-cell visual transcription from rendered canonical scan; OCR/text layer used only as a locating scaffold,manually_verified,high,excluded,Adivasi Oriya (Kotia Oriya) comparison control,0,,,,,"blair-george2012kondadora[Appendix 9.5, PDF p. 99, printed p. 94, item 46 (water), list O]",
blair-george2012kondadora,047,47,river,Koraput,target,90,85,1,1gaḍ:a,gaḍ:a,response,manual cell-by-cell visual transcription from rendered canonical scan; OCR/text layer used only as a locating scaffold,manually_verified,high,installed,,1,gaḍ:a,silkondadora2012:047:K:1,Konda,sil-konda-dora-1987-koraput,"blair-george2012kondadora[Appendix 9.5, PDF p. 90, printed p. 85, item 47 (river), list K]",
blair-george2012kondadora,047,47,river,Visakh,target,90,85,1,1gaḍ:a,gaḍ:a,response,manual cell-by-cell visual transcription from rendered canonical scan; OCR/text layer used only as a locating scaffold,manually_verified,high,installed,,1,gaḍ:a,silkondadora2012:047:V:1,Konda,sil-konda-dora-1987-visakh,"blair-george2012kondadora[Appendix 9.5, PDF p. 90, printed p. 85, item 47 (river), list V]",
blair-george2012kondadora,047,47,river,Telugu,comparison control,99,94,2,2naḍi,naḍi,response,manual cell-by-cell visual transcription from rendered canonical scan; OCR/text layer used only as a locating scaffold,manually_verified,high,excluded,Telugu comparison control,0,,,,,"blair-george2012kondadora[Appendix 9.5, PDF p. 99, printed p. 94, item 47 (river), list T]",
blair-george2012kondadora,047,47,river,Adivasi_Oriya,comparison control,99,94,,ga:ḍ,ga:ḍ,response,manual cell-by-cell visual transcription from rendered canonical scan; OCR/text layer used only as a locating scaffold,manually_verified,high,excluded,Adivasi Oriya (Kotia Oriya) comparison control,0,,,,,"blair-george2012kondadora[Appendix 9.5, PDF p. 99, printed p. 94, item 47 (river), list O]",
blair-george2012kondadora,048,48,cloud,Koraput,target,90,85,1,1baḍoḍ,baḍoḍ,response,manual cell-by-cell visual transcription from rendered canonical scan; OCR/text layer used only as a locating scaffold,manually_verified,high,installed,,1,baḍoḍ,silkondadora2012:048:K:1,Konda,sil-konda-dora-1987-koraput,"blair-george2012kondadora[Appendix 9.5, PDF p. 90, printed p. 85, item 48 (cloud), list K]",
blair-george2012kondadora,048,48,cloud,Visakh,target,90,85,2,2mosop,mosop,response,manual cell-by-cell visual transcription from rendered canonical scan; OCR/text layer used only as a locating scaffold,manually_verified,high,installed,,1,mosop,silkondadora2012:048:V:1,Konda,sil-konda-dora-1987-visakh,"blair-george2012kondadora[Appendix 9.5, PDF p. 90, printed p. 85, item 48 (cloud), list V]",
blair-george2012kondadora,048,48,cloud,Telugu,comparison control,99,94,3,3me:kam,me:kam,response,manual cell-by-cell visual transcription from rendered canonical scan; OCR/text layer used only as a locating scaffold,manually_verified,high,excluded,Telugu comparison control,0,,,,,"blair-george2012kondadora[Appendix 9.5, PDF p. 99, printed p. 94, item 48 (cloud), list T]",
blair-george2012kondadora,048,48,cloud,Adivasi_Oriya,comparison control,99,94,,baḍol,baḍol,response,manual cell-by-cell visual transcription from rendered canonical scan; OCR/text layer used only as a locating scaffold,manually_verified,high,excluded,Adivasi Oriya (Kotia Oriya) comparison control,0,,,,,"blair-george2012kondadora[Appendix 9.5, PDF p. 99, printed p. 94, item 48 (cloud), list O]",
blair-george2012kondadora,049,49,lightning,Koraput,target,90,85,1,1mersṭeŋ,mersṭeŋ,response,manual cell-by-cell visual transcription from rendered canonical scan; OCR/text layer used only as a locating scaffold,manually_verified,high,installed,,1,mersṭeŋ,silkondadora2012:049:K:1,Konda,sil-konda-dora-1987-koraput,"blair-george2012kondadora[Appendix 9.5, PDF p. 90, printed p. 85, item 49 (lightning), list K]","enlarged crop rechecked; second character is dotted i, not l"
blair-george2012kondadora,049,49,lightning,Visakh,target,90,85,1,1mersṭeŋ,mersṭeŋ,response,manual cell-by-cell visual transcription from rendered canonical scan; OCR/text layer used only as a locating scaffold,manually_verified,high,installed,,1,mersṭeŋ,silkondadora2012:049:V:1,Konda,sil-konda-dora-1987-visakh,"blair-george2012kondadora[Appendix 9.5, PDF p. 90, printed p. 85, item 49 (lightning), list V]","enlarged crop rechecked; second character is dotted i, not l"
blair-george2012kondadora,049,49,lightning,Telugu,comparison control,99,94,1,1merupu,merupu,response,manual cell-by-cell visual transcription from rendered canonical scan; OCR/text layer used only as a locating scaffold,manually_verified,high,excluded,Telugu comparison control,0,,,,,"blair-george2012kondadora[Appendix 9.5, PDF p. 99, printed p. 94, item 49 (lightning), list T]","enlarged crop rechecked; second character is dotted i, not l"
blair-george2012kondadora,049,49,lightning,Adivasi_Oriya,comparison control,99,94,,bidzul,bidzul,response,manual cell-by-cell visual transcription from rendered canonical scan; OCR/text layer used only as a locating scaffold,manually_verified,high,excluded,Adivasi Oriya (Kotia Oriya) comparison control,0,,,,,"blair-george2012kondadora[Appendix 9.5, PDF p. 99, printed p. 94, item 49 (lightning), list O]","enlarged crop rechecked; second character is dotted i, not l"
blair-george2012kondadora,050,50,rainbow,Koraput,target,90,85,1,1koler,koler,response,manual cell-by-cell visual transcription from rendered canonical scan; OCR/text layer used only as a locating scaffold,manually_verified,high,installed,,1,koler,silkondadora2012:050:K:1,Konda,sil-konda-dora-1987-koraput,"blair-george2012kondadora[Appendix 9.5, PDF p. 90, printed p. 85, item 50 (rainbow), list K]",
blair-george2012kondadora,050,50,rainbow,Visakh,target,90,85,2,2kuruveli,kuruveli,response,manual cell-by-cell visual transcription from rendered canonical scan; OCR/text layer used only as a locating scaffold,manually_verified,high,installed,,1,kuruveli,silkondadora2012:050:V:1,Konda,sil-konda-dora-1987-visakh,"blair-george2012kondadora[Appendix 9.5, PDF p. 90, printed p. 85, item 50 (rainbow), list V]",
blair-george2012kondadora,050,50,rainbow,Telugu,comparison control,99,94,3,3inḍraḍanasu,inḍraḍanasu,response,manual cell-by-cell visual transcription from rendered canonical scan; OCR/text layer used only as a locating scaffold,manually_verified,high,excluded,Telugu comparison control,0,,,,,"blair-george2012kondadora[Appendix 9.5, PDF p. 99, printed p. 94, item 50 (rainbow), list T]",
blair-george2012kondadora,050,50,rainbow,Adivasi_Oriya,comparison control,99,94,,----,,blank,manual cell-by-cell visual transcription from rendered canonical scan; OCR/text layer used only as a locating scaffold,manually_verified,high,excluded,source prints ‘----’ (no response),0,,,,,"blair-george2012kondadora[Appendix 9.5, PDF p. 99, printed p. 94, item 50 (rainbow), list O]",
blair-george2012kondadora,051,51,wind,Koraput,target,91,86,1,1ga:li,ga:li,response,manual cell-by-cell visual transcription from rendered canonical scan; OCR/text layer used only as a locating scaffold,manually_verified,high,installed,,1,ga:li,silkondadora2012:051:K:1,Konda,sil-konda-dora-1987-koraput,"blair-george2012kondadora[Appendix 9.5, PDF p. 91, printed p. 86, item 51 (wind), list K]",
blair-george2012kondadora,051,51,wind,Visakh,target,91,86,1,1ga:li,ga:li,response,manual cell-by-cell visual transcription from rendered canonical scan; OCR/text layer used only as a locating scaffold,manually_verified,high,installed,,1,ga:li,silkondadora2012:051:V:1,Konda,sil-konda-dora-1987-visakh,"blair-george2012kondadora[Appendix 9.5, PDF p. 91, printed p. 86, item 51 (wind), list V]",
blair-george2012kondadora,051,51,wind,Telugu,comparison control,100,95,1,1ga:li,ga:li,response,manual cell-by-cell visual transcription from rendered canonical scan; OCR/text layer used only as a locating scaffold,manually_verified,high,excluded,Telugu comparison control,0,,,,,"blair-george2012kondadora[Appendix 9.5, PDF p. 100, printed p. 95, item 51 (wind), list T]",
blair-george2012kondadora,051,51,wind,Adivasi_Oriya,comparison control,100,95,,pobon,pobon,response,manual cell-by-cell visual transcription from rendered canonical scan; OCR/text layer used only as a locating scaffold,manually_verified,high,excluded,Adivasi Oriya (Kotia Oriya) comparison control,0,,,,,"blair-george2012kondadora[Appendix 9.5, PDF p. 100, printed p. 95, item 51 (wind), list O]",
blair-george2012kondadora,052,52,stone,Koraput,target,91,86,1,1kal:u,kal:u,response,manual cell-by-cell visual transcription from rendered canonical scan; OCR/text layer used only as a locating scaffold,manually_verified,high,installed,,1,kal:u,silkondadora2012:052:K:1,Konda,sil-konda-dora-1987-koraput,"blair-george2012kondadora[Appendix 9.5, PDF p. 91, printed p. 86, item 52 (stone), list K]",
blair-george2012kondadora,052,52,stone,Visakh,target,91,86,2,2paṇuku,paṇuku,response,manual cell-by-cell visual transcription from rendered canonical scan; OCR/text layer used only as a locating scaffold,manually_verified,high,installed,,1,paṇuku,silkondadora2012:052:V:1,Konda,sil-konda-dora-1987-visakh,"blair-george2012kondadora[Appendix 9.5, PDF p. 91, printed p. 86, item 52 (stone), list V]",
blair-george2012kondadora,052,52,stone,Telugu,comparison control,100,95,3,3ra:ji,ra:ji,response,manual cell-by-cell visual transcription from rendered canonical scan; OCR/text layer used only as a locating scaffold,manually_verified,high,excluded,Telugu comparison control,0,,,,,"blair-george2012kondadora[Appendix 9.5, PDF p. 100, printed p. 95, item 52 (stone), list T]",
blair-george2012kondadora,052,52,stone,Adivasi_Oriya,comparison control,100,95,,pakna,pakna,response,manual cell-by-cell visual transcription from rendered canonical scan; OCR/text layer used only as a locating scaffold,manually_verified,high,excluded,Adivasi Oriya (Kotia Oriya) comparison control,0,,,,,"blair-george2012kondadora[Appendix 9.5, PDF p. 100, printed p. 95, item 52 (stone), list O]",
blair-george2012kondadora,053,53,path,Koraput,target,91,86,1,1sari,sari,response,manual cell-by-cell visual transcription from rendered canonical scan; OCR/text layer used only as a locating scaffold,manually_verified,high,installed,,1,sari,silkondadora2012:053:K:1,Konda,sil-konda-dora-1987-koraput,"blair-george2012kondadora[Appendix 9.5, PDF p. 91, printed p. 86, item 53 (path), list K]",
blair-george2012kondadora,053,53,path,Visakh,target,91,86,1,1sari,sari,response,manual cell-by-cell visual transcription from rendered canonical scan; OCR/text layer used only as a locating scaffold,manually_verified,high,installed,,1,sari,silkondadora2012:053:V:1,Konda,sil-konda-dora-1987-visakh,"blair-george2012kondadora[Appendix 9.5, PDF p. 91, printed p. 86, item 53 (path), list V]",
blair-george2012kondadora,053,53,path,Telugu,comparison control,100,95,2,2ḍa:ri,ḍa:ri,response,manual cell-by-cell visual transcription from rendered canonical scan; OCR/text layer used only as a locating scaffold,manually_verified,high,excluded,Telugu comparison control,0,,,,,"blair-george2012kondadora[Appendix 9.5, PDF p. 100, printed p. 95, item 53 (path), list T]",
blair-george2012kondadora,053,53,path,Adivasi_Oriya,comparison control,100,95,,ba:ṭ,ba:ṭ,response,manual cell-by-cell visual transcription from rendered canonical scan; OCR/text layer used only as a locating scaffold,manually_verified,high,excluded,Adivasi Oriya (Kotia Oriya) comparison control,0,,,,,"blair-george2012kondadora[Appendix 9.5, PDF p. 100, printed p. 95, item 53 (path), list O]",
blair-george2012kondadora,054,54,sand,Koraput,target,91,86,1,1sikla,sikla,response,manual cell-by-cell visual transcription from rendered canonical scan; OCR/text layer used only as a locating scaffold,manually_verified,high,installed,,1,sikla,silkondadora2012:054:K:1,Konda,sil-konda-dora-1987-koraput,"blair-george2012kondadora[Appendix 9.5, PDF p. 91, printed p. 86, item 54 (sand), list K]",
blair-george2012kondadora,054,54,sand,Visakh,target,91,86,1,1iska,iska,response,manual cell-by-cell visual transcription from rendered canonical scan; OCR/text layer used only as a locating scaffold,manually_verified,high,installed,,1,iska,silkondadora2012:054:V:1,Konda,sil-konda-dora-1987-visakh,"blair-george2012kondadora[Appendix 9.5, PDF p. 91, printed p. 86, item 54 (sand), list V]",
blair-george2012kondadora,054,54,sand,Telugu,comparison control,100,95,1,1isuka,isuka,response,manual cell-by-cell visual transcription from rendered canonical scan; OCR/text layer used only as a locating scaffold,manually_verified,high,excluded,Telugu comparison control,0,,,,,"blair-george2012kondadora[Appendix 9.5, PDF p. 100, printed p. 95, item 54 (sand), list T]",
blair-george2012kondadora,054,54,sand,Adivasi_Oriya,comparison control,100,95,,bali,bali,response,manual cell-by-cell visual transcription from rendered canonical scan; OCR/text layer used only as a locating scaffold,manually_verified,high,excluded,Adivasi Oriya (Kotia Oriya) comparison control,0,,,,,"blair-george2012kondadora[Appendix 9.5, PDF p. 100, printed p. 95, item 54 (sand), list O]",
blair-george2012kondadora,055,55,fire,Koraput,target,91,86,1,1sisu,sisu,response,manual cell-by-cell visual transcription from rendered canonical scan; OCR/text layer used only as a locating scaffold,manually_verified,high,installed,,1,sisu,silkondadora2012:055:K:1,Konda,sil-konda-dora-1987-koraput,"blair-george2012kondadora[Appendix 9.5, PDF p. 91, printed p. 86, item 55 (fire), list K]",
blair-george2012kondadora,055,55,fire,Visakh,target,91,86,1,1sisu,sisu,response,manual cell-by-cell visual transcription from rendered canonical scan; OCR/text layer used only as a locating scaffold,manually_verified,high,installed,,1,sisu,silkondadora2012:055:V:1,Konda,sil-konda-dora-1987-visakh,"blair-george2012kondadora[Appendix 9.5, PDF p. 91, printed p. 86, item 55 (fire), list V]",
blair-george2012kondadora,055,55,fire,Telugu,comparison control,100,95,2,2manta,manta,response,manual cell-by-cell visual transcription from rendered canonical scan; OCR/text layer used only as a locating scaffold,manually_verified,high,excluded,Telugu comparison control,0,,,,,"blair-george2012kondadora[Appendix 9.5, PDF p. 100, printed p. 95, item 55 (fire), list T]",
blair-george2012kondadora,055,55,fire,Adivasi_Oriya,comparison control,100,95,,dzo:j,dzo:j,response,manual cell-by-cell visual transcription from rendered canonical scan; OCR/text layer used only as a locating scaffold,manually_verified,high,excluded,Adivasi Oriya (Kotia Oriya) comparison control,0,,,,,"blair-george2012kondadora[Appendix 9.5, PDF p. 100, printed p. 95, item 55 (fire), list O]",
blair-george2012kondadora,056,56,smoke,Koraput,target,91,86,1,1go:ju,go:ju,response,manual cell-by-cell visual transcription from rendered canonical scan; OCR/text layer used only as a locating scaffold,manually_verified,high,installed,,1,go:ju,silkondadora2012:056:K:1,Konda,sil-konda-dora-1987-koraput,"blair-george2012kondadora[Appendix 9.5, PDF p. 91, printed p. 86, item 56 (smoke), list K]",
blair-george2012kondadora,056,56,smoke,Visakh,target,91,86,1,1go:ju,go:ju,response,manual cell-by-cell visual transcription from rendered canonical scan; OCR/text layer used only as a locating scaffold,manually_verified,high,installed,,1,go:ju,silkondadora2012:056:V:1,Konda,sil-konda-dora-1987-visakh,"blair-george2012kondadora[Appendix 9.5, PDF p. 91, printed p. 86, item 56 (smoke), list V]",
blair-george2012kondadora,056,56,smoke,Telugu,comparison control,100,95,2,2poka,poka,response,manual cell-by-cell visual transcription from rendered canonical scan; OCR/text layer used only as a locating scaffold,manually_verified,high,excluded,Telugu comparison control,0,,,,,"blair-george2012kondadora[Appendix 9.5, PDF p. 100, printed p. 95, item 56 (smoke), list T]",
blair-george2012kondadora,056,56,smoke,Adivasi_Oriya,comparison control,100,95,,ḍuŋa,ḍuŋa,response,manual cell-by-cell visual transcription from rendered canonical scan; OCR/text layer used only as a locating scaffold,manually_verified,high,excluded,Adivasi Oriya (Kotia Oriya) comparison control,0,,,,,"blair-george2012kondadora[Appendix 9.5, PDF p. 100, printed p. 95, item 56 (smoke), list O]",
blair-george2012kondadora,057,57,ash,Koraput,target,91,86,1,1ni:ru,ni:ru,response,manual cell-by-cell visual transcription from rendered canonical scan; OCR/text layer used only as a locating scaffold,manually_verified,high,installed,,1,ni:ru,silkondadora2012:057:K:1,Konda,sil-konda-dora-1987-koraput,"blair-george2012kondadora[Appendix 9.5, PDF p. 91, printed p. 86, item 57 (ash), list K]",
blair-george2012kondadora,057,57,ash,Visakh,target,91,86,1,1ni:ru,ni:ru,response,manual cell-by-cell visual transcription from rendered canonical scan; OCR/text layer used only as a locating scaffold,manually_verified,high,installed,,1,ni:ru,silkondadora2012:057:V:1,Konda,sil-konda-dora-1987-visakh,"blair-george2012kondadora[Appendix 9.5, PDF p. 91, printed p. 86, item 57 (ash), list V]",
blair-george2012kondadora,057,57,ash,Telugu,comparison control,100,95,2,2bu:ḍiṭa,bu:ḍiṭa,response,manual cell-by-cell visual transcription from rendered canonical scan; OCR/text layer used only as a locating scaffold,manually_verified,high,excluded,Telugu comparison control,0,,,,,"blair-george2012kondadora[Appendix 9.5, PDF p. 100, printed p. 95, item 57 (ash), list T]",
blair-george2012kondadora,057,57,ash,Adivasi_Oriya,comparison control,100,95,,sa:r,sa:r,response,manual cell-by-cell visual transcription from rendered canonical scan; OCR/text layer used only as a locating scaffold,manually_verified,high,excluded,Adivasi Oriya (Kotia Oriya) comparison control,0,,,,,"blair-george2012kondadora[Appendix 9.5, PDF p. 100, printed p. 95, item 57 (ash), list O]",
blair-george2012kondadora,058,58,mud,Koraput,target,91,86,,----,,blank,manual cell-by-cell visual transcription from rendered canonical scan; OCR/text layer used only as a locating scaffold,manually_verified,high,excluded,source prints ‘----’ (no response),0,,,Konda,sil-konda-dora-1987-koraput,"blair-george2012kondadora[Appendix 9.5, PDF p. 91, printed p. 86, item 58 (mud), list K]",
blair-george2012kondadora,058,58,mud,Visakh,target,91,86,,----,,blank,manual cell-by-cell visual transcription from rendered canonical scan; OCR/text layer used only as a locating scaffold,manually_verified,high,excluded,source prints ‘----’ (no response),0,,,Konda,sil-konda-dora-1987-visakh,"blair-george2012kondadora[Appendix 9.5, PDF p. 91, printed p. 86, item 58 (mud), list V]",
blair-george2012kondadora,058,58,mud,Telugu,comparison control,100,95,,----,,blank,manual cell-by-cell visual transcription from rendered canonical scan; OCR/text layer used only as a locating scaffold,manually_verified,high,excluded,source prints ‘----’ (no response),0,,,,,"blair-george2012kondadora[Appendix 9.5, PDF p. 100, printed p. 95, item 58 (mud), list T]",
blair-george2012kondadora,058,58,mud,Adivasi_Oriya,comparison control,100,95,,----,,blank,manual cell-by-cell visual transcription from rendered canonical scan; OCR/text layer used only as a locating scaffold,manually_verified,high,excluded,source prints ‘----’ (no response),0,,,,,"blair-george2012kondadora[Appendix 9.5, PDF p. 100, printed p. 95, item 58 (mud), list O]",
blair-george2012kondadora,059,59,dust,Koraput,target,91,86,1,1ḍu:li,ḍu:li,response,manual cell-by-cell visual transcription from rendered canonical scan; OCR/text layer used only as a locating scaffold,manually_verified,high,installed,,1,ḍu:li,silkondadora2012:059:K:1,Konda,sil-konda-dora-1987-koraput,"blair-george2012kondadora[Appendix 9.5, PDF p. 91, printed p. 86, item 59 (dust), list K]",
blair-george2012kondadora,059,59,dust,Visakh,target,91,86,1,1ḍu:li,ḍu:li,response,manual cell-by-cell visual transcription from rendered canonical scan; OCR/text layer used only as a locating scaffold,manually_verified,high,installed,,1,ḍu:li,silkondadora2012:059:V:1,Konda,sil-konda-dora-1987-visakh,"blair-george2012kondadora[Appendix 9.5, PDF p. 91, printed p. 86, item 59 (dust), list V]",
blair-george2012kondadora,059,59,dust,Telugu,comparison control,100,95,2,2ḍumu,ḍumu,response,manual cell-by-cell visual transcription from rendered canonical scan; OCR/text layer used only as a locating scaffold,manually_verified,high,excluded,Telugu comparison control,0,,,,,"blair-george2012kondadora[Appendix 9.5, PDF p. 100, printed p. 95, item 59 (dust), list T]",
blair-george2012kondadora,059,59,dust,Adivasi_Oriya,comparison control,100,95,,----,,blank,manual cell-by-cell visual transcription from rendered canonical scan; OCR/text layer used only as a locating scaffold,manually_verified,high,excluded,source prints ‘----’ (no response),0,,,,,"blair-george2012kondadora[Appendix 9.5, PDF p. 100, printed p. 95, item 59 (dust), list O]",
blair-george2012kondadora,060,60,gold,Koraput,target,91,86,1,1baṇa:ram,baṇa:ram,response,manual cell-by-cell visual transcription from rendered canonical scan; OCR/text layer used only as a locating scaffold,manually_verified,high,installed,,1,baṇa:ram,silkondadora2012:060:K:1,Konda,sil-konda-dora-1987-koraput,"blair-george2012kondadora[Appendix 9.5, PDF p. 91, printed p. 86, item 60 (gold), list K]",
blair-george2012kondadora,060,60,gold,Visakh,target,91,86,1,1baṇa:ram,baṇa:ram,response,manual cell-by-cell visual transcription from rendered canonical scan; OCR/text layer used only as a locating scaffold,manually_verified,high,installed,,1,baṇa:ram,silkondadora2012:060:V:1,Konda,sil-konda-dora-1987-visakh,"blair-george2012kondadora[Appendix 9.5, PDF p. 91, printed p. 86, item 60 (gold), list V]",
blair-george2012kondadora,060,60,gold,Telugu,comparison control,100,95,1,1baŋa:ram,baŋa:ram,response,manual cell-by-cell visual transcription from rendered canonical scan; OCR/text layer used only as a locating scaffold,manually_verified,high,excluded,Telugu comparison control,0,,,,,"blair-george2012kondadora[Appendix 9.5, PDF p. 100, printed p. 95, item 60 (gold), list T]",
blair-george2012kondadora,060,60,gold,Adivasi_Oriya,comparison control,100,95,,sona,sona,response,manual cell-by-cell visual transcription from rendered canonical scan; OCR/text layer used only as a locating scaffold,manually_verified,high,excluded,Adivasi Oriya (Kotia Oriya) comparison control,0,,,,,"blair-george2012kondadora[Appendix 9.5, PDF p. 100, printed p. 95, item 60 (gold), list O]",
blair-george2012kondadora,061,61,tree,Koraput,target,91,86,1,1maran,maran,response,manual cell-by-cell visual transcription from rendered canonical scan; OCR/text layer used only as a locating scaffold,manually_verified,high,installed,,1,maran,silkondadora2012:061:K:1,Konda,sil-konda-dora-1987-koraput,"blair-george2012kondadora[Appendix 9.5, PDF p. 91, printed p. 86, item 61 (tree), list K]",
blair-george2012kondadora,061,61,tree,Visakh,target,91,86,1,1maran,maran,response,manual cell-by-cell visual transcription from rendered canonical scan; OCR/text layer used only as a locating scaffold,manually_verified,high,installed,,1,maran,silkondadora2012:061:V:1,Konda,sil-konda-dora-1987-visakh,"blair-george2012kondadora[Appendix 9.5, PDF p. 91, printed p. 86, item 61 (tree), list V]",
blair-george2012kondadora,061,61,tree,Telugu,comparison control,100,95,2,2tʃeṭu,tʃeṭu,response,manual cell-by-cell visual transcription from rendered canonical scan; OCR/text layer used only as a locating scaffold,manually_verified,high,excluded,Telugu comparison control,0,,,,,"blair-george2012kondadora[Appendix 9.5, PDF p. 100, printed p. 95, item 61 (tree), list T]",
blair-george2012kondadora,061,61,tree,Adivasi_Oriya,comparison control,100,95,,goṭʃ,goṭʃ,response,manual cell-by-cell visual transcription from rendered canonical scan; OCR/text layer used only as a locating scaffold,manually_verified,high,excluded,Adivasi Oriya (Kotia Oriya) comparison control,0,,,,,"blair-george2012kondadora[Appendix 9.5, PDF p. 100, printed p. 95, item 61 (tree), list O]",
blair-george2012kondadora,062,62,leaf,Koraput,target,91,86,1,1a:ku,a:ku,response,manual cell-by-cell visual transcription from rendered canonical scan; OCR/text layer used only as a locating scaffold,manually_verified,high,installed,,1,a:ku,silkondadora2012:062:K:1,Konda,sil-konda-dora-1987-koraput,"blair-george2012kondadora[Appendix 9.5, PDF p. 91, printed p. 86, item 62 (leaf), list K]",
blair-george2012kondadora,062,62,leaf,Visakh,target,91,86,1,1a:ku,a:ku,response,manual cell-by-cell visual transcription from rendered canonical scan; OCR/text layer used only as a locating scaffold,manually_verified,high,installed,,1,a:ku,silkondadora2012:062:V:1,Konda,sil-konda-dora-1987-visakh,"blair-george2012kondadora[Appendix 9.5, PDF p. 91, printed p. 86, item 62 (leaf), list V]",
blair-george2012kondadora,062,62,leaf,Telugu,comparison control,100,95,1,1a:ku,a:ku,response,manual cell-by-cell visual transcription from rendered canonical scan; OCR/text layer used only as a locating scaffold,manually_verified,high,excluded,Telugu comparison control,0,,,,,"blair-george2012kondadora[Appendix 9.5, PDF p. 100, printed p. 95, item 62 (leaf), list T]",
blair-george2012kondadora,062,62,leaf,Adivasi_Oriya,comparison control,100,95,1,1poṭor,poṭor,response,manual cell-by-cell visual transcription from rendered canonical scan; OCR/text layer used only as a locating scaffold,manually_verified,high,excluded,Adivasi Oriya (Kotia Oriya) comparison control,0,,,,,"blair-george2012kondadora[Appendix 9.5, PDF p. 100, printed p. 95, item 62 (leaf), list O]",
blair-george2012kondadora,063,63,root,Koraput,target,91,86,1,1vel:a,vel:a,response,manual cell-by-cell visual transcription from rendered canonical scan; OCR/text layer used only as a locating scaffold,manually_verified,high,installed,,1,vel:a,silkondadora2012:063:K:1,Konda,sil-konda-dora-1987-koraput,"blair-george2012kondadora[Appendix 9.5, PDF p. 91, printed p. 86, item 63 (root), list K]",
blair-george2012kondadora,063,63,root,Visakh,target,91,86,1,1vel:a,vel:a,response,manual cell-by-cell visual transcription from rendered canonical scan; OCR/text layer used only as a locating scaffold,manually_verified,high,installed,,1,vel:a,silkondadora2012:063:V:1,Konda,sil-konda-dora-1987-visakh,"blair-george2012kondadora[Appendix 9.5, PDF p. 91, printed p. 86, item 63 (root), list V]",
blair-george2012kondadora,063,63,root,Telugu,comparison control,100,95,1,1ve:ru,ve:ru,response,manual cell-by-cell visual transcription from rendered canonical scan; OCR/text layer used only as a locating scaffold,manually_verified,high,excluded,Telugu comparison control,0,,,,,"blair-george2012kondadora[Appendix 9.5, PDF p. 100, printed p. 95, item 63 (root), list T]",
blair-george2012kondadora,063,63,root,Adivasi_Oriya,comparison control,100,95,,se:r,se:r,response,manual cell-by-cell visual transcription from rendered canonical scan; OCR/text layer used only as a locating scaffold,manually_verified,high,excluded,Adivasi Oriya (Kotia Oriya) comparison control,0,,,,,"blair-george2012kondadora[Appendix 9.5, PDF p. 100, printed p. 95, item 63 (root), list O]",
blair-george2012kondadora,064,64,thorn,Koraput,target,91,86,1,1sa:mu,sa:mu,response,manual cell-by-cell visual transcription from rendered canonical scan; OCR/text layer used only as a locating scaffold,manually_verified,high,installed,,1,sa:mu,silkondadora2012:064:K:1,Konda,sil-konda-dora-1987-koraput,"blair-george2012kondadora[Appendix 9.5, PDF p. 91, printed p. 86, item 64 (thorn), list K]",
blair-george2012kondadora,064,64,thorn,Visakh,target,91,86,1,1sa:mpu,sa:mpu,response,manual cell-by-cell visual transcription from rendered canonical scan; OCR/text layer used only as a locating scaffold,manually_verified,high,installed,,1,sa:mpu,silkondadora2012:064:V:1,Konda,sil-konda-dora-1987-visakh,"blair-george2012kondadora[Appendix 9.5, PDF p. 91, printed p. 86, item 64 (thorn), list V]",
blair-george2012kondadora,064,64,thorn,Telugu,comparison control,100,95,2,2muḷ:u,muḷ:u,response,manual cell-by-cell visual transcription from rendered canonical scan; OCR/text layer used only as a locating scaffold,manually_verified,high,excluded,Telugu comparison control,0,,,,,"blair-george2012kondadora[Appendix 9.5, PDF p. 100, printed p. 95, item 64 (thorn), list T]",
blair-george2012kondadora,064,64,thorn,Adivasi_Oriya,comparison control,100,95,,kaṇṭa,kaṇṭa,response,manual cell-by-cell visual transcription from rendered canonical scan; OCR/text layer used only as a locating scaffold,manually_verified,high,excluded,Adivasi Oriya (Kotia Oriya) comparison control,0,,,,,"blair-george2012kondadora[Appendix 9.5, PDF p. 100, printed p. 95, item 64 (thorn), list O]",
blair-george2012kondadora,065,65,flower,Koraput,target,91,86,1,1pu:ṇu,pu:ṇu,response,manual cell-by-cell visual transcription from rendered canonical scan; OCR/text layer used only as a locating scaffold,manually_verified,high,installed,,1,pu:ṇu,silkondadora2012:065:K:1,Konda,sil-konda-dora-1987-koraput,"blair-george2012kondadora[Appendix 9.5, PDF p. 91, printed p. 86, item 65 (flower), list K]",
blair-george2012kondadora,065,65,flower,Visakh,target,91,86,1,1pu:ṇu,pu:ṇu,response,manual cell-by-cell visual transcription from rendered canonical scan; OCR/text layer used only as a locating scaffold,manually_verified,high,installed,,1,pu:ṇu,silkondadora2012:065:V:1,Konda,sil-konda-dora-1987-visakh,"blair-george2012kondadora[Appendix 9.5, PDF p. 91, printed p. 86, item 65 (flower), list V]",
blair-george2012kondadora,065,65,flower,Telugu,comparison control,100,95,1,1pu:vu,pu:vu,response,manual cell-by-cell visual transcription from rendered canonical scan; OCR/text layer used only as a locating scaffold,manually_verified,high,excluded,Telugu comparison control,0,,,,,"blair-george2012kondadora[Appendix 9.5, PDF p. 100, printed p. 95, item 65 (flower), list T]",
blair-george2012kondadora,065,65,flower,Adivasi_Oriya,comparison control,100,95,,pu:l,pu:l,response,manual cell-by-cell visual transcription from rendered canonical scan; OCR/text layer used only as a locating scaffold,manually_verified,high,excluded,Adivasi Oriya (Kotia Oriya) comparison control,0,,,,,"blair-george2012kondadora[Appendix 9.5, PDF p. 100, printed p. 95, item 65 (flower), list O]",
blair-george2012kondadora,066,66,fruit,Koraput,target,91,86,1,1paṇḍu/ka:ja,paṇḍu/ka:ja,response,manual cell-by-cell visual transcription from rendered canonical scan; OCR/text layer used only as a locating scaffold,manually_verified,high,installed,,2,paṇḍu | ka:ja,silkondadora2012:066:K:1 | silkondadora2012:066:K:2,Konda,sil-konda-dora-1987-koraput,"blair-george2012kondadora[Appendix 9.5, PDF p. 91, printed p. 86, item 66 (fruit), list K]",
blair-george2012kondadora,066,66,fruit,Visakh,target,91,86,1,1paṇḍu/ka:ja,paṇḍu/ka:ja,response,manual cell-by-cell visual transcription from rendered canonical scan; OCR/text layer used only as a locating scaffold,manually_verified,high,installed,,2,paṇḍu | ka:ja,silkondadora2012:066:V:1 | silkondadora2012:066:V:2,Konda,sil-konda-dora-1987-visakh,"blair-george2012kondadora[Appendix 9.5, PDF p. 91, printed p. 86, item 66 (fruit), list V]",
blair-george2012kondadora,066,66,fruit,Telugu,comparison control,100,95,1,1paṇḍu,paṇḍu,response,manual cell-by-cell visual transcription from rendered canonical scan; OCR/text layer used only as a locating scaffold,manually_verified,high,excluded,Telugu comparison control,0,,,,,"blair-george2012kondadora[Appendix 9.5, PDF p. 100, printed p. 95, item 66 (fruit), list T]",
blair-george2012kondadora,066,66,fruit,Adivasi_Oriya,comparison control,100,95,,po:l,po:l,response,manual cell-by-cell visual transcription from rendered canonical scan; OCR/text layer used only as a locating scaffold,manually_verified,high,excluded,Adivasi Oriya (Kotia Oriya) comparison control,0,,,,,"blair-george2012kondadora[Appendix 9.5, PDF p. 100, printed p. 95, item 66 (fruit), list O]",
blair-george2012kondadora,067,67,mango,Koraput,target,91,86,1,1mahka,mahka,response,manual cell-by-cell visual transcription from rendered canonical scan; OCR/text layer used only as a locating scaffold,manually_verified,high,installed,,1,mahka,silkondadora2012:067:K:1,Konda,sil-konda-dora-1987-koraput,"blair-george2012kondadora[Appendix 9.5, PDF p. 91, printed p. 86, item 67 (mango), list K]",
blair-george2012kondadora,067,67,mango,Visakh,target,91,86,1,1mahka,mahka,response,manual cell-by-cell visual transcription from rendered canonical scan; OCR/text layer used only as a locating scaffold,manually_verified,high,installed,,1,mahka,silkondadora2012:067:V:1,Konda,sil-konda-dora-1987-visakh,"blair-george2012kondadora[Appendix 9.5, PDF p. 91, printed p. 86, item 67 (mango), list V]",
blair-george2012kondadora,067,67,mango,Telugu,comparison control,100,95,2,2mamiḍa,mamiḍa,response,manual cell-by-cell visual transcription from rendered canonical scan; OCR/text layer used only as a locating scaffold,manually_verified,high,excluded,Telugu comparison control,0,,,,,"blair-george2012kondadora[Appendix 9.5, PDF p. 100, printed p. 95, item 67 (mango), list T]",
blair-george2012kondadora,067,67,mango,Adivasi_Oriya,comparison control,100,95,,a:mb,a:mb,response,manual cell-by-cell visual transcription from rendered canonical scan; OCR/text layer used only as a locating scaffold,manually_verified,high,excluded,Adivasi Oriya (Kotia Oriya) comparison control,0,,,,,"blair-george2012kondadora[Appendix 9.5, PDF p. 100, printed p. 95, item 67 (mango), list O]",
blair-george2012kondadora,068,68,banana,Koraput,target,91,86,1,1ṭa:ḍi,ṭa:ḍi,response,manual cell-by-cell visual transcription from rendered canonical scan; OCR/text layer used only as a locating scaffold,manually_verified,high,installed,,1,ṭa:ḍi,silkondadora2012:068:K:1,Konda,sil-konda-dora-1987-koraput,"blair-george2012kondadora[Appendix 9.5, PDF p. 91, printed p. 86, item 68 (banana), list K]",
blair-george2012kondadora,068,68,banana,Visakh,target,91,86,2,2aṇṭi,aṇṭi,response,manual cell-by-cell visual transcription from rendered canonical scan; OCR/text layer used only as a locating scaffold,manually_verified,high,installed,,1,aṇṭi,silkondadora2012:068:V:1,Konda,sil-konda-dora-1987-visakh,"blair-george2012kondadora[Appendix 9.5, PDF p. 91, printed p. 86, item 68 (banana), list V]",
blair-george2012kondadora,068,68,banana,Telugu,comparison control,100,95,3,3araṭi,araṭi,response,manual cell-by-cell visual transcription from rendered canonical scan; OCR/text layer used only as a locating scaffold,manually_verified,high,excluded,Telugu comparison control,0,,,,,"blair-george2012kondadora[Appendix 9.5, PDF p. 100, printed p. 95, item 68 (banana), list T]",
blair-george2012kondadora,068,68,banana,Adivasi_Oriya,comparison control,100,95,,koḍli,koḍli,response,manual cell-by-cell visual transcription from rendered canonical scan; OCR/text layer used only as a locating scaffold,manually_verified,high,excluded,Adivasi Oriya (Kotia Oriya) comparison control,0,,,,,"blair-george2012kondadora[Appendix 9.5, PDF p. 100, printed p. 95, item 68 (banana), list O]",
blair-george2012kondadora,069,69,wheat (husked),Koraput,target,91,86,,----,,blank,manual cell-by-cell visual transcription from rendered canonical scan; OCR/text layer used only as a locating scaffold,manually_verified,high,excluded,source prints ‘----’ (no response),0,,,Konda,sil-konda-dora-1987-koraput,"blair-george2012kondadora[Appendix 9.5, PDF p. 91, printed p. 86, item 69 (wheat (husked)), list K]",
blair-george2012kondadora,069,69,wheat (husked),Visakh,target,91,86,,----,,blank,manual cell-by-cell visual transcription from rendered canonical scan; OCR/text layer used only as a locating scaffold,manually_verified,high,excluded,source prints ‘----’ (no response),0,,,Konda,sil-konda-dora-1987-visakh,"blair-george2012kondadora[Appendix 9.5, PDF p. 91, printed p. 86, item 69 (wheat (husked)), list V]",
blair-george2012kondadora,069,69,wheat (husked),Telugu,comparison control,100,95,,----,,blank,manual cell-by-cell visual transcription from rendered canonical scan; OCR/text layer used only as a locating scaffold,manually_verified,high,excluded,source prints ‘----’ (no response),0,,,,,"blair-george2012kondadora[Appendix 9.5, PDF p. 100, printed p. 95, item 69 (wheat (husked)), list T]",
blair-george2012kondadora,069,69,wheat (husked),Adivasi_Oriya,comparison control,100,95,,----,,blank,manual cell-by-cell visual transcription from rendered canonical scan; OCR/text layer used only as a locating scaffold,manually_verified,high,excluded,source prints ‘----’ (no response),0,,,,,"blair-george2012kondadora[Appendix 9.5, PDF p. 100, printed p. 95, item 69 (wheat (husked)), list O]",
blair-george2012kondadora,070,70,millet (husked),Koraput,target,91,86,1,1ḍe:ra,ḍe:ra,response,manual cell-by-cell visual transcription from rendered canonical scan; OCR/text layer used only as a locating scaffold,manually_verified,high,installed,,1,ḍe:ra,silkondadora2012:070:K:1,Konda,sil-konda-dora-1987-koraput,"blair-george2012kondadora[Appendix 9.5, PDF p. 91, printed p. 86, item 70 (millet (husked)), list K]",
blair-george2012kondadora,070,70,millet (husked),Visakh,target,91,86,1,1ḍe:ra,ḍe:ra,response,manual cell-by-cell visual transcription from rendered canonical scan; OCR/text layer used only as a locating scaffold,manually_verified,high,installed,,1,ḍe:ra,silkondadora2012:070:V:1,Konda,sil-konda-dora-1987-visakh,"blair-george2012kondadora[Appendix 9.5, PDF p. 91, printed p. 86, item 70 (millet (husked)), list V]",
blair-george2012kondadora,070,70,millet (husked),Telugu,comparison control,100,95,2,2tʃo:ḍi,tʃo:ḍi,response,manual cell-by-cell visual transcription from rendered canonical scan; OCR/text layer used only as a locating scaffold,manually_verified,high,excluded,Telugu comparison control,0,,,,,"blair-george2012kondadora[Appendix 9.5, PDF p. 100, printed p. 95, item 70 (millet (husked)), list T]",
blair-george2012kondadora,070,70,millet (husked),Adivasi_Oriya,comparison control,100,95,,maṇḍija,maṇḍija,response,manual cell-by-cell visual transcription from rendered canonical scan; OCR/text layer used only as a locating scaffold,manually_verified,high,excluded,Adivasi Oriya (Kotia Oriya) comparison control,0,,,,,"blair-george2012kondadora[Appendix 9.5, PDF p. 100, printed p. 95, item 70 (millet (husked)), list O]",
blair-george2012kondadora,071,71,rice (husked),Koraput,target,91,86,1,1dza:va,dza:va,response,manual cell-by-cell visual transcription from rendered canonical scan; OCR/text layer used only as a locating scaffold,manually_verified,high,installed,,1,dza:va,silkondadora2012:071:K:1,Konda,sil-konda-dora-1987-koraput,"blair-george2012kondadora[Appendix 9.5, PDF p. 91, printed p. 86, item 71 (rice (husked)), list K]",
blair-george2012kondadora,071,71,rice (husked),Visakh,target,91,86,1,1dza:va,dza:va,response,manual cell-by-cell visual transcription from rendered canonical scan; OCR/text layer used only as a locating scaffold,manually_verified,high,installed,,1,dza:va,silkondadora2012:071:V:1,Konda,sil-konda-dora-1987-visakh,"blair-george2012kondadora[Appendix 9.5, PDF p. 91, printed p. 86, item 71 (rice (husked)), list V]",
blair-george2012kondadora,071,71,rice (husked),Telugu,comparison control,100,95,2,2bi:jam,bi:jam,response,manual cell-by-cell visual transcription from rendered canonical scan; OCR/text layer used only as a locating scaffold,manually_verified,high,excluded,Telugu comparison control,0,,,,,"blair-george2012kondadora[Appendix 9.5, PDF p. 100, printed p. 95, item 71 (rice (husked)), list T]",
blair-george2012kondadora,071,71,rice (husked),Adivasi_Oriya,comparison control,100,95,,ba:ṭ,ba:ṭ,response,manual cell-by-cell visual transcription from rendered canonical scan; OCR/text layer used only as a locating scaffold,manually_verified,high,excluded,Adivasi Oriya (Kotia Oriya) comparison control,0,,,,,"blair-george2012kondadora[Appendix 9.5, PDF p. 100, printed p. 95, item 71 (rice (husked)), list O]",
blair-george2012kondadora,072,72,potato,Koraput,target,91,86,1,1al:ukuṇi,al:ukuṇi,response,manual cell-by-cell visual transcription from rendered canonical scan; OCR/text layer used only as a locating scaffold,manually_verified,high,installed,,1,al:ukuṇi,silkondadora2012:072:K:1,Konda,sil-konda-dora-1987-koraput,"blair-george2012kondadora[Appendix 9.5, PDF p. 91, printed p. 86, item 72 (potato), list K]",
blair-george2012kondadora,072,72,potato,Visakh,target,91,86,1,1baŋlaukuṇi,baŋlaukuṇi,response,manual cell-by-cell visual transcription from rendered canonical scan; OCR/text layer used only as a locating scaffold,manually_verified,high,installed,,1,baŋlaukuṇi,silkondadora2012:072:V:1,Konda,sil-konda-dora-1987-visakh,"blair-george2012kondadora[Appendix 9.5, PDF p. 91, printed p. 86, item 72 (potato), list V]",
blair-george2012kondadora,072,72,potato,Telugu,comparison control,100,95,2,2baŋgala ḍumpa,baŋgala ḍumpa,response,manual cell-by-cell visual transcription from rendered canonical scan; OCR/text layer used only as a locating scaffold,manually_verified,high,excluded,Telugu comparison control,0,,,,,"blair-george2012kondadora[Appendix 9.5, PDF p. 100, printed p. 95, item 72 (potato), list T]",
blair-george2012kondadora,072,72,potato,Adivasi_Oriya,comparison control,100,95,,baŋlakaṇḍa,baŋlakaṇḍa,response,manual cell-by-cell visual transcription from rendered canonical scan; OCR/text layer used only as a locating scaffold,manually_verified,high,excluded,Adivasi Oriya (Kotia Oriya) comparison control,0,,,,,"blair-george2012kondadora[Appendix 9.5, PDF p. 100, printed p. 95, item 72 (potato), list O]",
blair-george2012kondadora,073,73,eggplant,Koraput,target,91,86,1,1serga,serga,response,manual cell-by-cell visual transcription from rendered canonical scan; OCR/text layer used only as a locating scaffold,manually_verified,high,installed,,1,serga,silkondadora2012:073:K:1,Konda,sil-konda-dora-1987-koraput,"blair-george2012kondadora[Appendix 9.5, PDF p. 91, printed p. 86, item 73 (eggplant), list K]",
blair-george2012kondadora,073,73,eggplant,Visakh,target,91,86,2,2vahkaj,vahkaj,response,manual cell-by-cell visual transcription from rendered canonical scan; OCR/text layer used only as a locating scaffold,manually_verified,high,installed,,1,vahkaj,silkondadora2012:073:V:1,Konda,sil-konda-dora-1987-visakh,"blair-george2012kondadora[Appendix 9.5, PDF p. 91, printed p. 86, item 73 (eggplant), list V]",
blair-george2012kondadora,073,73,eggplant,Telugu,comparison control,100,95,2,2vankaj,vankaj,response,manual cell-by-cell visual transcription from rendered canonical scan; OCR/text layer used only as a locating scaffold,manually_verified,high,excluded,Telugu comparison control,0,,,,,"blair-george2012kondadora[Appendix 9.5, PDF p. 100, printed p. 95, item 73 (eggplant), list T]",
blair-george2012kondadora,073,73,eggplant,Adivasi_Oriya,comparison control,100,95,,----,,blank,manual cell-by-cell visual transcription from rendered canonical scan; OCR/text layer used only as a locating scaffold,manually_verified,high,excluded,source prints ‘----’ (no response),0,,,,,"blair-george2012kondadora[Appendix 9.5, PDF p. 100, printed p. 95, item 73 (eggplant), list O]",
blair-george2012kondadora,074,74,groundnut,Koraput,target,91,86,ungrouped,-bumi ka:ṭoliŋ,bumi ka:ṭoliŋ,response,manual cell-by-cell visual transcription from rendered canonical scan; OCR/text layer used only as a locating scaffold,manually_verified,high,installed,,1,bumi ka:ṭoliŋ,silkondadora2012:074:K:1,Konda,sil-konda-dora-1987-koraput,"blair-george2012kondadora[Appendix 9.5, PDF p. 91, printed p. 86, item 74 (groundnut), list K]",
blair-george2012kondadora,074,74,groundnut,Visakh,target,91,86,,----,,blank,manual cell-by-cell visual transcription from rendered canonical scan; OCR/text layer used only as a locating scaffold,manually_verified,high,excluded,source prints ‘----’ (no response),0,,,Konda,sil-konda-dora-1987-visakh,"blair-george2012kondadora[Appendix 9.5, PDF p. 91, printed p. 86, item 74 (groundnut), list V]",
blair-george2012kondadora,074,74,groundnut,Telugu,comparison control,100,95,,----,,blank,manual cell-by-cell visual transcription from rendered canonical scan; OCR/text layer used only as a locating scaffold,manually_verified,high,excluded,source prints ‘----’ (no response),0,,,,,"blair-george2012kondadora[Appendix 9.5, PDF p. 100, printed p. 95, item 74 (groundnut), list T]",
blair-george2012kondadora,074,74,groundnut,Adivasi_Oriya,comparison control,100,95,,----,,blank,manual cell-by-cell visual transcription from rendered canonical scan; OCR/text layer used only as a locating scaffold,manually_verified,high,excluded,source prints ‘----’ (no response),0,,,,,"blair-george2012kondadora[Appendix 9.5, PDF p. 100, printed p. 95, item 74 (groundnut), list O]",
blair-george2012kondadora,075,75,chili,Koraput,target,91,86,1,1miranku,miranku,response,manual cell-by-cell visual transcription from rendered canonical scan; OCR/text layer used only as a locating scaffold,manually_verified,high,installed,,1,miranku,silkondadora2012:075:K:1,Konda,sil-konda-dora-1987-koraput,"blair-george2012kondadora[Appendix 9.5, PDF p. 91, printed p. 86, item 75 (chili), list K]",
blair-george2012kondadora,075,75,chili,Visakh,target,91,86,1,1miranku,miranku,response,manual cell-by-cell visual transcription from rendered canonical scan; OCR/text layer used only as a locating scaffold,manually_verified,high,installed,,1,miranku,silkondadora2012:075:V:1,Konda,sil-konda-dora-1987-visakh,"blair-george2012kondadora[Appendix 9.5, PDF p. 91, printed p. 86, item 75 (chili), list V]",
blair-george2012kondadora,075,75,chili,Telugu,comparison control,100,95,2,2merapa,merapa,response,manual cell-by-cell visual transcription from rendered canonical scan; OCR/text layer used only as a locating scaffold,manually_verified,high,excluded,Telugu comparison control,0,,,,,"blair-george2012kondadora[Appendix 9.5, PDF p. 100, printed p. 95, item 75 (chili), list T]",
blair-george2012kondadora,075,75,chili,Adivasi_Oriya,comparison control,100,95,,moris,moris,response,manual cell-by-cell visual transcription from rendered canonical scan; OCR/text layer used only as a locating scaffold,manually_verified,high,excluded,Adivasi Oriya (Kotia Oriya) comparison control,0,,,,,"blair-george2012kondadora[Appendix 9.5, PDF p. 100, printed p. 95, item 75 (chili), list O]",
blair-george2012kondadora,076,76,turmeric,Koraput,target,92,87,1,1geraka,geraka,response,manual cell-by-cell visual transcription from rendered canonical scan; OCR/text layer used only as a locating scaffold,manually_verified,high,installed,,1,geraka,silkondadora2012:076:K:1,Konda,sil-konda-dora-1987-koraput,"blair-george2012kondadora[Appendix 9.5, PDF p. 92, printed p. 87, item 76 (turmeric), list K]",
blair-george2012kondadora,076,76,turmeric,Visakh,target,92,87,2,2pasiŋ,pasiŋ,response,manual cell-by-cell visual transcription from rendered canonical scan; OCR/text layer used only as a locating scaffold,manually_verified,high,installed,,1,pasiŋ,silkondadora2012:076:V:1,Konda,sil-konda-dora-1987-visakh,"blair-george2012kondadora[Appendix 9.5, PDF p. 92, printed p. 87, item 76 (turmeric), list V]",
blair-george2012kondadora,076,76,turmeric,Telugu,comparison control,101,96,2,2pasupu,pasupu,response,manual cell-by-cell visual transcription from rendered canonical scan; OCR/text layer used only as a locating scaffold,manually_verified,high,excluded,Telugu comparison control,0,,,,,"blair-george2012kondadora[Appendix 9.5, PDF p. 101, printed p. 96, item 76 (turmeric), list T]",
blair-george2012kondadora,076,76,turmeric,Adivasi_Oriya,comparison control,101,96,,----,,blank,manual cell-by-cell visual transcription from rendered canonical scan; OCR/text layer used only as a locating scaffold,manually_verified,high,excluded,source prints ‘----’ (no response),0,,,,,"blair-george2012kondadora[Appendix 9.5, PDF p. 101, printed p. 96, item 76 (turmeric), list O]",
blair-george2012kondadora,077,77,garlic,Koraput,target,92,87,1,1lasoṇa,lasoṇa,response,manual cell-by-cell visual transcription from rendered canonical scan; OCR/text layer used only as a locating scaffold,manually_verified,high,installed,,1,lasoṇa,silkondadora2012:077:K:1,Konda,sil-konda-dora-1987-koraput,"blair-george2012kondadora[Appendix 9.5, PDF p. 92, printed p. 87, item 77 (garlic), list K]",
blair-george2012kondadora,077,77,garlic,Visakh,target,92,87,2,2ṭelaul:i,ṭelaul:i,response,manual cell-by-cell visual transcription from rendered canonical scan; OCR/text layer used only as a locating scaffold,manually_verified,high,installed,,1,ṭelaul:i,silkondadora2012:077:V:1,Konda,sil-konda-dora-1987-visakh,"blair-george2012kondadora[Appendix 9.5, PDF p. 92, printed p. 87, item 77 (garlic), list V]",
blair-george2012kondadora,077,77,garlic,Telugu,comparison control,101,96,3,3vel:ul:i,vel:ul:i,response,manual cell-by-cell visual transcription from rendered canonical scan; OCR/text layer used only as a locating scaffold,manually_verified,high,excluded,Telugu comparison control,0,,,,,"blair-george2012kondadora[Appendix 9.5, PDF p. 101, printed p. 96, item 77 (garlic), list T]",
blair-george2012kondadora,077,77,garlic,Adivasi_Oriya,comparison control,101,96,,loson,loson,response,manual cell-by-cell visual transcription from rendered canonical scan; OCR/text layer used only as a locating scaffold,manually_verified,high,excluded,Adivasi Oriya (Kotia Oriya) comparison control,0,,,,,"blair-george2012kondadora[Appendix 9.5, PDF p. 101, printed p. 96, item 77 (garlic), list O]",
blair-george2012kondadora,078,78,onion,Koraput,target,92,87,1,1uḷ:i,uḷ:i,response,manual cell-by-cell visual transcription from rendered canonical scan; OCR/text layer used only as a locating scaffold,manually_verified,high,installed,,1,uḷ:i,silkondadora2012:078:K:1,Konda,sil-konda-dora-1987-koraput,"blair-george2012kondadora[Appendix 9.5, PDF p. 92, printed p. 87, item 78 (onion), list K]",
blair-george2012kondadora,078,78,onion,Visakh,target,92,87,1,1uḷ:i,uḷ:i,response,manual cell-by-cell visual transcription from rendered canonical scan; OCR/text layer used only as a locating scaffold,manually_verified,high,installed,,1,uḷ:i,silkondadora2012:078:V:1,Konda,sil-konda-dora-1987-visakh,"blair-george2012kondadora[Appendix 9.5, PDF p. 92, printed p. 87, item 78 (onion), list V]",
blair-george2012kondadora,078,78,onion,Telugu,comparison control,101,96,1,1uḷ:i,uḷ:i,response,manual cell-by-cell visual transcription from rendered canonical scan; OCR/text layer used only as a locating scaffold,manually_verified,high,excluded,Telugu comparison control,0,,,,,"blair-george2012kondadora[Appendix 9.5, PDF p. 101, printed p. 96, item 78 (onion), list T]",
blair-george2012kondadora,078,78,onion,Adivasi_Oriya,comparison control,101,96,,uḷ:i,uḷ:i,response,manual cell-by-cell visual transcription from rendered canonical scan; OCR/text layer used only as a locating scaffold,manually_verified,high,excluded,Adivasi Oriya (Kotia Oriya) comparison control,0,,,,,"blair-george2012kondadora[Appendix 9.5, PDF p. 101, printed p. 96, item 78 (onion), list O]",
blair-george2012kondadora,079,79,cauliflower,Koraput,target,92,87,,----,,blank,manual cell-by-cell visual transcription from rendered canonical scan; OCR/text layer used only as a locating scaffold,manually_verified,high,excluded,source prints ‘----’ (no response),0,,,Konda,sil-konda-dora-1987-koraput,"blair-george2012kondadora[Appendix 9.5, PDF p. 92, printed p. 87, item 79 (cauliflower), list K]",
blair-george2012kondadora,079,79,cauliflower,Visakh,target,92,87,,----,,blank,manual cell-by-cell visual transcription from rendered canonical scan; OCR/text layer used only as a locating scaffold,manually_verified,high,excluded,source prints ‘----’ (no response),0,,,Konda,sil-konda-dora-1987-visakh,"blair-george2012kondadora[Appendix 9.5, PDF p. 92, printed p. 87, item 79 (cauliflower), list V]",
blair-george2012kondadora,079,79,cauliflower,Telugu,comparison control,101,96,,----,,blank,manual cell-by-cell visual transcription from rendered canonical scan; OCR/text layer used only as a locating scaffold,manually_verified,high,excluded,source prints ‘----’ (no response),0,,,,,"blair-george2012kondadora[Appendix 9.5, PDF p. 101, printed p. 96, item 79 (cauliflower), list T]",
blair-george2012kondadora,079,79,cauliflower,Adivasi_Oriya,comparison control,101,96,,----,,blank,manual cell-by-cell visual transcription from rendered canonical scan; OCR/text layer used only as a locating scaffold,manually_verified,high,excluded,source prints ‘----’ (no response),0,,,,,"blair-george2012kondadora[Appendix 9.5, PDF p. 101, printed p. 96, item 79 (cauliflower), list O]",
blair-george2012kondadora,080,80,tomato,Koraput,target,92,87,1,1bedza,bedza,response,manual cell-by-cell visual transcription from rendered canonical scan; OCR/text layer used only as a locating scaffold,manually_verified,high,installed,,1,bedza,silkondadora2012:080:K:1,Konda,sil-konda-dora-1987-koraput,"blair-george2012kondadora[Appendix 9.5, PDF p. 92, printed p. 87, item 80 (tomato), list K]",
blair-george2012kondadora,080,80,tomato,Visakh,target,92,87,1,1bedza,bedza,response,manual cell-by-cell visual transcription from rendered canonical scan; OCR/text layer used only as a locating scaffold,manually_verified,high,installed,,1,bedza,silkondadora2012:080:V:1,Konda,sil-konda-dora-1987-visakh,"blair-george2012kondadora[Appendix 9.5, PDF p. 92, printed p. 87, item 80 (tomato), list V]",
blair-george2012kondadora,080,80,tomato,Telugu,comparison control,101,96,2,2tomato/sima vanka,tomato/sima vanka,response,manual cell-by-cell visual transcription from rendered canonical scan; OCR/text layer used only as a locating scaffold,manually_verified,high,excluded,Telugu comparison control,0,,,,,"blair-george2012kondadora[Appendix 9.5, PDF p. 101, printed p. 96, item 80 (tomato), list T]",
blair-george2012kondadora,080,80,tomato,Adivasi_Oriya,comparison control,101,96,,bedza,bedza,response,manual cell-by-cell visual transcription from rendered canonical scan; OCR/text layer used only as a locating scaffold,manually_verified,high,excluded,Adivasi Oriya (Kotia Oriya) comparison control,0,,,,,"blair-george2012kondadora[Appendix 9.5, PDF p. 101, printed p. 96, item 80 (tomato), list O]",
blair-george2012kondadora,081,81,cabbage,Koraput,target,92,87,ungrouped,-kobi,kobi,response,manual cell-by-cell visual transcription from rendered canonical scan; OCR/text layer used only as a locating scaffold,manually_verified,high,installed,,1,kobi,silkondadora2012:081:K:1,Konda,sil-konda-dora-1987-koraput,"blair-george2012kondadora[Appendix 9.5, PDF p. 92, printed p. 87, item 81 (cabbage), list K]",
blair-george2012kondadora,081,81,cabbage,Visakh,target,92,87,,----,,blank,manual cell-by-cell visual transcription from rendered canonical scan; OCR/text layer used only as a locating scaffold,manually_verified,high,excluded,source prints ‘----’ (no response),0,,,Konda,sil-konda-dora-1987-visakh,"blair-george2012kondadora[Appendix 9.5, PDF p. 92, printed p. 87, item 81 (cabbage), list V]",
blair-george2012kondadora,081,81,cabbage,Telugu,comparison control,101,96,,----,,blank,manual cell-by-cell visual transcription from rendered canonical scan; OCR/text layer used only as a locating scaffold,manually_verified,high,excluded,source prints ‘----’ (no response),0,,,,,"blair-george2012kondadora[Appendix 9.5, PDF p. 101, printed p. 96, item 81 (cabbage), list T]",
blair-george2012kondadora,081,81,cabbage,Adivasi_Oriya,comparison control,101,96,,----,,blank,manual cell-by-cell visual transcription from rendered canonical scan; OCR/text layer used only as a locating scaffold,manually_verified,high,excluded,source prints ‘----’ (no response),0,,,,,"blair-george2012kondadora[Appendix 9.5, PDF p. 101, printed p. 96, item 81 (cabbage), list O]",
blair-george2012kondadora,082,82,oil,Koraput,target,92,87,1,1niju,niju,response,manual cell-by-cell visual transcription from rendered canonical scan; OCR/text layer used only as a locating scaffold,manually_verified,high,installed,,1,niju,silkondadora2012:082:K:1,Konda,sil-konda-dora-1987-koraput,"blair-george2012kondadora[Appendix 9.5, PDF p. 92, printed p. 87, item 82 (oil), list K]",
blair-george2012kondadora,082,82,oil,Visakh,target,92,87,2,2nu:ne,nu:ne,response,manual cell-by-cell visual transcription from rendered canonical scan; OCR/text layer used only as a locating scaffold,manually_verified,high,installed,,1,nu:ne,silkondadora2012:082:V:1,Konda,sil-konda-dora-1987-visakh,"blair-george2012kondadora[Appendix 9.5, PDF p. 92, printed p. 87, item 82 (oil), list V]",
blair-george2012kondadora,082,82,oil,Telugu,comparison control,101,96,2,2nu:ne,nu:ne,response,manual cell-by-cell visual transcription from rendered canonical scan; OCR/text layer used only as a locating scaffold,manually_verified,high,excluded,Telugu comparison control,0,,,,,"blair-george2012kondadora[Appendix 9.5, PDF p. 101, printed p. 96, item 82 (oil), list T]",
blair-george2012kondadora,082,82,oil,Adivasi_Oriya,comparison control,101,96,,sikon,sikon,response,manual cell-by-cell visual transcription from rendered canonical scan; OCR/text layer used only as a locating scaffold,manually_verified,high,excluded,Adivasi Oriya (Kotia Oriya) comparison control,0,,,,,"blair-george2012kondadora[Appendix 9.5, PDF p. 101, printed p. 96, item 82 (oil), list O]",
blair-george2012kondadora,083,83,salt,Koraput,target,92,87,1,1so:ru,so:ru,response,manual cell-by-cell visual transcription from rendered canonical scan; OCR/text layer used only as a locating scaffold,manually_verified,high,installed,,1,so:ru,silkondadora2012:083:K:1,Konda,sil-konda-dora-1987-koraput,"blair-george2012kondadora[Appendix 9.5, PDF p. 92, printed p. 87, item 83 (salt), list K]",
blair-george2012kondadora,083,83,salt,Visakh,target,92,87,1,1so:ru,so:ru,response,manual cell-by-cell visual transcription from rendered canonical scan; OCR/text layer used only as a locating scaffold,manually_verified,high,installed,,1,so:ru,silkondadora2012:083:V:1,Konda,sil-konda-dora-1987-visakh,"blair-george2012kondadora[Appendix 9.5, PDF p. 92, printed p. 87, item 83 (salt), list V]",
blair-george2012kondadora,083,83,salt,Telugu,comparison control,101,96,2,2up:u,up:u,response,manual cell-by-cell visual transcription from rendered canonical scan; OCR/text layer used only as a locating scaffold,manually_verified,high,excluded,Telugu comparison control,0,,,,,"blair-george2012kondadora[Appendix 9.5, PDF p. 101, printed p. 96, item 83 (salt), list T]",
blair-george2012kondadora,083,83,salt,Adivasi_Oriya,comparison control,101,96,,----,,blank,manual cell-by-cell visual transcription from rendered canonical scan; OCR/text layer used only as a locating scaffold,manually_verified,high,excluded,source prints ‘----’ (no response),0,,,,,"blair-george2012kondadora[Appendix 9.5, PDF p. 101, printed p. 96, item 83 (salt), list O]",
blair-george2012kondadora,084,84,meat,Koraput,target,92,87,1,1kaṇḍa,kaṇḍa,response,manual cell-by-cell visual transcription from rendered canonical scan; OCR/text layer used only as a locating scaffold,manually_verified,high,installed,,1,kaṇḍa,silkondadora2012:084:K:1,Konda,sil-konda-dora-1987-koraput,"blair-george2012kondadora[Appendix 9.5, PDF p. 92, printed p. 87, item 84 (meat), list K]",
blair-george2012kondadora,084,84,meat,Visakh,target,92,87,1,1kaṇḍa,kaṇḍa,response,manual cell-by-cell visual transcription from rendered canonical scan; OCR/text layer used only as a locating scaffold,manually_verified,high,installed,,1,kaṇḍa,silkondadora2012:084:V:1,Konda,sil-konda-dora-1987-visakh,"blair-george2012kondadora[Appendix 9.5, PDF p. 92, printed p. 87, item 84 (meat), list V]",
blair-george2012kondadora,084,84,meat,Telugu,comparison control,101,96,2,2ma:msam,ma:msam,response,manual cell-by-cell visual transcription from rendered canonical scan; OCR/text layer used only as a locating scaffold,manually_verified,high,excluded,Telugu comparison control,0,,,,,"blair-george2012kondadora[Appendix 9.5, PDF p. 101, printed p. 96, item 84 (meat), list T]",
blair-george2012kondadora,084,84,meat,Adivasi_Oriya,comparison control,101,96,,maus,maus,response,manual cell-by-cell visual transcription from rendered canonical scan; OCR/text layer used only as a locating scaffold,manually_verified,high,excluded,Adivasi Oriya (Kotia Oriya) comparison control,0,,,,,"blair-george2012kondadora[Appendix 9.5, PDF p. 101, printed p. 96, item 84 (meat), list O]",
blair-george2012kondadora,085,85,fat,Koraput,target,92,87,1,1koṇuves,koṇuves,response,manual cell-by-cell visual transcription from rendered canonical scan; OCR/text layer used only as a locating scaffold,manually_verified,high,installed,,1,koṇuves,silkondadora2012:085:K:1,Konda,sil-konda-dora-1987-koraput,"blair-george2012kondadora[Appendix 9.5, PDF p. 92, printed p. 87, item 85 (fat), list K]",
blair-george2012kondadora,085,85,fat,Visakh,target,92,87,2,2koɽuvu,koɽuvu,response,manual cell-by-cell visual transcription from rendered canonical scan; OCR/text layer used only as a locating scaffold,manually_verified,high,installed,,1,koɽuvu,silkondadora2012:085:V:1,Konda,sil-konda-dora-1987-visakh,"blair-george2012kondadora[Appendix 9.5, PDF p. 92, printed p. 87, item 85 (fat), list V]",
blair-george2012kondadora,085,85,fat,Telugu,comparison control,101,96,3,3kovu,kovu,response,manual cell-by-cell visual transcription from rendered canonical scan; OCR/text layer used only as a locating scaffold,manually_verified,high,excluded,Telugu comparison control,0,,,,,"blair-george2012kondadora[Appendix 9.5, PDF p. 101, printed p. 96, item 85 (fat), list T]",
blair-george2012kondadora,085,85,fat,Adivasi_Oriya,comparison control,101,96,,balosla,balosla,response,manual cell-by-cell visual transcription from rendered canonical scan; OCR/text layer used only as a locating scaffold,manually_verified,high,excluded,Adivasi Oriya (Kotia Oriya) comparison control,0,,,,,"blair-george2012kondadora[Appendix 9.5, PDF p. 101, printed p. 96, item 85 (fat), list O]",
blair-george2012kondadora,086,86,fish,Koraput,target,92,87,1,1minku,minku,response,manual cell-by-cell visual transcription from rendered canonical scan; OCR/text layer used only as a locating scaffold,manually_verified,high,installed,,1,minku,silkondadora2012:086:K:1,Konda,sil-konda-dora-1987-koraput,"blair-george2012kondadora[Appendix 9.5, PDF p. 92, printed p. 87, item 86 (fish), list K]",
blair-george2012kondadora,086,86,fish,Visakh,target,92,87,2,2mojeŋ,mojeŋ,response,manual cell-by-cell visual transcription from rendered canonical scan; OCR/text layer used only as a locating scaffold,manually_verified,high,installed,,1,mojeŋ,silkondadora2012:086:V:1,Konda,sil-konda-dora-1987-visakh,"blair-george2012kondadora[Appendix 9.5, PDF p. 92, printed p. 87, item 86 (fish), list V]",
blair-george2012kondadora,086,86,fish,Telugu,comparison control,101,96,3,3tʃa:pa,tʃa:pa,response,manual cell-by-cell visual transcription from rendered canonical scan; OCR/text layer used only as a locating scaffold,manually_verified,high,excluded,Telugu comparison control,0,,,,,"blair-george2012kondadora[Appendix 9.5, PDF p. 101, printed p. 96, item 86 (fish), list T]",
blair-george2012kondadora,086,86,fish,Adivasi_Oriya,comparison control,101,96,,maṭʃ,maṭʃ,response,manual cell-by-cell visual transcription from rendered canonical scan; OCR/text layer used only as a locating scaffold,manually_verified,high,excluded,Adivasi Oriya (Kotia Oriya) comparison control,0,,,,,"blair-george2012kondadora[Appendix 9.5, PDF p. 101, printed p. 96, item 86 (fish), list O]",
blair-george2012kondadora,087,87,chicken,Koraput,target,92,87,1,1kohku,kohku,response,manual cell-by-cell visual transcription from rendered canonical scan; OCR/text layer used only as a locating scaffold,manually_verified,high,installed,,1,kohku,silkondadora2012:087:K:1,Konda,sil-konda-dora-1987-koraput,"blair-george2012kondadora[Appendix 9.5, PDF p. 92, printed p. 87, item 87 (chicken), list K]",
blair-george2012kondadora,087,87,chicken,Visakh,target,92,87,2,2koru,koru,response,manual cell-by-cell visual transcription from rendered canonical scan; OCR/text layer used only as a locating scaffold,manually_verified,high,installed,,1,koru,silkondadora2012:087:V:1,Konda,sil-konda-dora-1987-visakh,"blair-george2012kondadora[Appendix 9.5, PDF p. 92, printed p. 87, item 87 (chicken), list V]",
blair-george2012kondadora,087,87,chicken,Telugu,comparison control,101,96,2,2ko:ḍi,ko:ḍi,response,manual cell-by-cell visual transcription from rendered canonical scan; OCR/text layer used only as a locating scaffold,manually_verified,high,excluded,Telugu comparison control,0,,,,,"blair-george2012kondadora[Appendix 9.5, PDF p. 101, printed p. 96, item 87 (chicken), list T]",
blair-george2012kondadora,087,87,chicken,Adivasi_Oriya,comparison control,101,96,,kukɽa,kukɽa,response,manual cell-by-cell visual transcription from rendered canonical scan; OCR/text layer used only as a locating scaffold,manually_verified,high,excluded,Adivasi Oriya (Kotia Oriya) comparison control,0,,,,,"blair-george2012kondadora[Appendix 9.5, PDF p. 101, printed p. 96, item 87 (chicken), list O]",
blair-george2012kondadora,088,88,egg,Koraput,target,92,87,1,1guḍ:u,guḍ:u,response,manual cell-by-cell visual transcription from rendered canonical scan; OCR/text layer used only as a locating scaffold,manually_verified,high,installed,,1,guḍ:u,silkondadora2012:088:K:1,Konda,sil-konda-dora-1987-koraput,"blair-george2012kondadora[Appendix 9.5, PDF p. 92, printed p. 87, item 88 (egg), list K]",
blair-george2012kondadora,088,88,egg,Visakh,target,92,87,1,1guḍ:u,guḍ:u,response,manual cell-by-cell visual transcription from rendered canonical scan; OCR/text layer used only as a locating scaffold,manually_verified,high,installed,,1,guḍ:u,silkondadora2012:088:V:1,Konda,sil-konda-dora-1987-visakh,"blair-george2012kondadora[Appendix 9.5, PDF p. 92, printed p. 87, item 88 (egg), list V]",
blair-george2012kondadora,088,88,egg,Telugu,comparison control,101,96,1,1guḍ:u/gruḍ:u,guḍ:u/gruḍ:u,response,manual cell-by-cell visual transcription from rendered canonical scan; OCR/text layer used only as a locating scaffold,manually_verified,high,excluded,Telugu comparison control,0,,,,,"blair-george2012kondadora[Appendix 9.5, PDF p. 101, printed p. 96, item 88 (egg), list T]",
blair-george2012kondadora,088,88,egg,Adivasi_Oriya,comparison control,101,96,,ḍi:m,ḍi:m,response,manual cell-by-cell visual transcription from rendered canonical scan; OCR/text layer used only as a locating scaffold,manually_verified,high,excluded,Adivasi Oriya (Kotia Oriya) comparison control,0,,,,,"blair-george2012kondadora[Appendix 9.5, PDF p. 101, printed p. 96, item 88 (egg), list O]",
blair-george2012kondadora,089,89,cow,Koraput,target,92,87,1,1koḍi,koḍi,response,manual cell-by-cell visual transcription from rendered canonical scan; OCR/text layer used only as a locating scaffold,manually_verified,high,installed,,1,koḍi,silkondadora2012:089:K:1,Konda,sil-konda-dora-1987-koraput,"blair-george2012kondadora[Appendix 9.5, PDF p. 92, printed p. 87, item 89 (cow), list K]",
blair-george2012kondadora,089,89,cow,Visakh,target,92,87,1,1kori,kori,response,manual cell-by-cell visual transcription from rendered canonical scan; OCR/text layer used only as a locating scaffold,manually_verified,high,installed,,1,kori,silkondadora2012:089:V:1,Konda,sil-konda-dora-1987-visakh,"blair-george2012kondadora[Appendix 9.5, PDF p. 92, printed p. 87, item 89 (cow), list V]",
blair-george2012kondadora,089,89,cow,Telugu,comparison control,101,96,2,2a:vu,a:vu,response,manual cell-by-cell visual transcription from rendered canonical scan; OCR/text layer used only as a locating scaffold,manually_verified,high,excluded,Telugu comparison control,0,,,,,"blair-george2012kondadora[Appendix 9.5, PDF p. 101, printed p. 96, item 89 (cow), list T]",
blair-george2012kondadora,089,89,cow,Adivasi_Oriya,comparison control,101,96,,ga:j,ga:j,response,manual cell-by-cell visual transcription from rendered canonical scan; OCR/text layer used only as a locating scaffold,manually_verified,high,excluded,Adivasi Oriya (Kotia Oriya) comparison control,0,,,,,"blair-george2012kondadora[Appendix 9.5, PDF p. 101, printed p. 96, item 89 (cow), list O]",
blair-george2012kondadora,090,90,buffalo,Koraput,target,92,87,1,1ko:v:i,ko:v:i,response,manual cell-by-cell visual transcription from rendered canonical scan; OCR/text layer used only as a locating scaffold,manually_verified,high,installed,,1,ko:v:i,silkondadora2012:090:K:1,Konda,sil-konda-dora-1987-koraput,"blair-george2012kondadora[Appendix 9.5, PDF p. 92, printed p. 87, item 90 (buffalo), list K]",
blair-george2012kondadora,090,90,buffalo,Visakh,target,92,87,2,2poṭu,poṭu,response,manual cell-by-cell visual transcription from rendered canonical scan; OCR/text layer used only as a locating scaffold,manually_verified,high,installed,,1,poṭu,silkondadora2012:090:V:1,Konda,sil-konda-dora-1987-visakh,"blair-george2012kondadora[Appendix 9.5, PDF p. 92, printed p. 87, item 90 (buffalo), list V]",
blair-george2012kondadora,090,90,buffalo,Telugu,comparison control,101,96,3,3ḍun:a,ḍun:a,response,manual cell-by-cell visual transcription from rendered canonical scan; OCR/text layer used only as a locating scaffold,manually_verified,high,excluded,Telugu comparison control,0,,,,,"blair-george2012kondadora[Appendix 9.5, PDF p. 101, printed p. 96, item 90 (buffalo), list T]",
blair-george2012kondadora,090,90,buffalo,Adivasi_Oriya,comparison control,101,96,,puḍra,puḍra,response,manual cell-by-cell visual transcription from rendered canonical scan; OCR/text layer used only as a locating scaffold,manually_verified,high,excluded,Adivasi Oriya (Kotia Oriya) comparison control,0,,,,,"blair-george2012kondadora[Appendix 9.5, PDF p. 101, printed p. 96, item 90 (buffalo), list O]",
blair-george2012kondadora,091,91,milk,Koraput,target,92,87,1,1pa:lu,pa:lu,response,manual cell-by-cell visual transcription from rendered canonical scan; OCR/text layer used only as a locating scaffold,manually_verified,high,installed,,1,pa:lu,silkondadora2012:091:K:1,Konda,sil-konda-dora-1987-koraput,"blair-george2012kondadora[Appendix 9.5, PDF p. 92, printed p. 87, item 91 (milk), list K]",
blair-george2012kondadora,091,91,milk,Visakh,target,92,87,1,1pa:lu,pa:lu,response,manual cell-by-cell visual transcription from rendered canonical scan; OCR/text layer used only as a locating scaffold,manually_verified,high,installed,,1,pa:lu,silkondadora2012:091:V:1,Konda,sil-konda-dora-1987-visakh,"blair-george2012kondadora[Appendix 9.5, PDF p. 92, printed p. 87, item 91 (milk), list V]",
blair-george2012kondadora,091,91,milk,Telugu,comparison control,101,96,1,1pa:lu,pa:lu,response,manual cell-by-cell visual transcription from rendered canonical scan; OCR/text layer used only as a locating scaffold,manually_verified,high,excluded,Telugu comparison control,0,,,,,"blair-george2012kondadora[Appendix 9.5, PDF p. 101, printed p. 96, item 91 (milk), list T]",
blair-george2012kondadora,091,91,milk,Adivasi_Oriya,comparison control,101,96,,ḍu:ḍ,ḍu:ḍ,response,manual cell-by-cell visual transcription from rendered canonical scan; OCR/text layer used only as a locating scaffold,manually_verified,high,excluded,Adivasi Oriya (Kotia Oriya) comparison control,0,,,,,"blair-george2012kondadora[Appendix 9.5, PDF p. 101, printed p. 96, item 91 (milk), list O]",
blair-george2012kondadora,092,92,horns,Koraput,target,92,87,1,1kom:u,kom:u,response,manual cell-by-cell visual transcription from rendered canonical scan; OCR/text layer used only as a locating scaffold,manually_verified,high,installed,,1,kom:u,silkondadora2012:092:K:1,Konda,sil-konda-dora-1987-koraput,"blair-george2012kondadora[Appendix 9.5, PDF p. 92, printed p. 87, item 92 (horns), list K]",
blair-george2012kondadora,092,92,horns,Visakh,target,92,87,1,1kom:u,kom:u,response,manual cell-by-cell visual transcription from rendered canonical scan; OCR/text layer used only as a locating scaffold,manually_verified,high,installed,,1,kom:u,silkondadora2012:092:V:1,Konda,sil-konda-dora-1987-visakh,"blair-george2012kondadora[Appendix 9.5, PDF p. 92, printed p. 87, item 92 (horns), list V]",
blair-george2012kondadora,092,92,horns,Telugu,comparison control,101,96,1,1kom:u,kom:u,response,manual cell-by-cell visual transcription from rendered canonical scan; OCR/text layer used only as a locating scaffold,manually_verified,high,excluded,Telugu comparison control,0,,,,,"blair-george2012kondadora[Appendix 9.5, PDF p. 101, printed p. 96, item 92 (horns), list T]",
blair-george2012kondadora,092,92,horns,Adivasi_Oriya,comparison control,101,96,,si:ŋ,si:ŋ,response,manual cell-by-cell visual transcription from rendered canonical scan; OCR/text layer used only as a locating scaffold,manually_verified,high,excluded,Adivasi Oriya (Kotia Oriya) comparison control,0,,,,,"blair-george2012kondadora[Appendix 9.5, PDF p. 101, printed p. 96, item 92 (horns), list O]",
blair-george2012kondadora,093,93,tail,Koraput,target,92,87,1,1ṭo:ka,ṭo:ka,response,manual cell-by-cell visual transcription from rendered canonical scan; OCR/text layer used only as a locating scaffold,manually_verified,high,installed,,1,ṭo:ka,silkondadora2012:093:K:1,Konda,sil-konda-dora-1987-koraput,"blair-george2012kondadora[Appendix 9.5, PDF p. 92, printed p. 87, item 93 (tail), list K]",
blair-george2012kondadora,093,93,tail,Visakh,target,92,87,1,1ṭo:ko,ṭo:ko,response,manual cell-by-cell visual transcription from rendered canonical scan; OCR/text layer used only as a locating scaffold,manually_verified,high,installed,,1,ṭo:ko,silkondadora2012:093:V:1,Konda,sil-konda-dora-1987-visakh,"blair-george2012kondadora[Appendix 9.5, PDF p. 92, printed p. 87, item 93 (tail), list V]",
blair-george2012kondadora,093,93,tail,Telugu,comparison control,101,96,1,1ṭo:ka,ṭo:ka,response,manual cell-by-cell visual transcription from rendered canonical scan; OCR/text layer used only as a locating scaffold,manually_verified,high,excluded,Telugu comparison control,0,,,,,"blair-george2012kondadora[Appendix 9.5, PDF p. 101, printed p. 96, item 93 (tail), list T]",
blair-george2012kondadora,093,93,tail,Adivasi_Oriya,comparison control,101,96,,le:ndz,le:ndz,response,manual cell-by-cell visual transcription from rendered canonical scan; OCR/text layer used only as a locating scaffold,manually_verified,high,excluded,Adivasi Oriya (Kotia Oriya) comparison control,0,,,,,"blair-george2012kondadora[Appendix 9.5, PDF p. 101, printed p. 96, item 93 (tail), list O]",
blair-george2012kondadora,094,94,goat,Koraput,target,92,87,1,1gore,gore,response,manual cell-by-cell visual transcription from rendered canonical scan; OCR/text layer used only as a locating scaffold,manually_verified,high,installed,,1,gore,silkondadora2012:094:K:1,Konda,sil-konda-dora-1987-koraput,"blair-george2012kondadora[Appendix 9.5, PDF p. 92, printed p. 87, item 94 (goat), list K]",
blair-george2012kondadora,094,94,goat,Visakh,target,92,87,1,1gure,gure,response,manual cell-by-cell visual transcription from rendered canonical scan; OCR/text layer used only as a locating scaffold,manually_verified,high,installed,,1,gure,silkondadora2012:094:V:1,Konda,sil-konda-dora-1987-visakh,"blair-george2012kondadora[Appendix 9.5, PDF p. 92, printed p. 87, item 94 (goat), list V]",
blair-george2012kondadora,094,94,goat,Telugu,comparison control,101,96,2,2me:ka,me:ka,response,manual cell-by-cell visual transcription from rendered canonical scan; OCR/text layer used only as a locating scaffold,manually_verified,high,excluded,Telugu comparison control,0,,,,,"blair-george2012kondadora[Appendix 9.5, PDF p. 101, printed p. 96, item 94 (goat), list T]",
blair-george2012kondadora,094,94,goat,Adivasi_Oriya,comparison control,101,96,,sel:i,sel:i,response,manual cell-by-cell visual transcription from rendered canonical scan; OCR/text layer used only as a locating scaffold,manually_verified,high,excluded,Adivasi Oriya (Kotia Oriya) comparison control,0,,,,,"blair-george2012kondadora[Appendix 9.5, PDF p. 101, printed p. 96, item 94 (goat), list O]",
blair-george2012kondadora,095,95,dog,Koraput,target,92,87,1,1nukuḍi,nukuḍi,response,manual cell-by-cell visual transcription from rendered canonical scan; OCR/text layer used only as a locating scaffold,manually_verified,high,installed,,1,nukuḍi,silkondadora2012:095:K:1,Konda,sil-konda-dora-1987-koraput,"blair-george2012kondadora[Appendix 9.5, PDF p. 92, printed p. 87, item 95 (dog), list K]",
blair-george2012kondadora,095,95,dog,Visakh,target,92,87,1,1nukuɽi,nukuɽi,response,manual cell-by-cell visual transcription from rendered canonical scan; OCR/text layer used only as a locating scaffold,manually_verified,high,installed,,1,nukuɽi,silkondadora2012:095:V:1,Konda,sil-konda-dora-1987-visakh,"blair-george2012kondadora[Appendix 9.5, PDF p. 92, printed p. 87, item 95 (dog), list V]",
blair-george2012kondadora,095,95,dog,Telugu,comparison control,101,96,2,2kuka,kuka,response,manual cell-by-cell visual transcription from rendered canonical scan; OCR/text layer used only as a locating scaffold,manually_verified,high,excluded,Telugu comparison control,0,,,,,"blair-george2012kondadora[Appendix 9.5, PDF p. 101, printed p. 96, item 95 (dog), list T]",
blair-george2012kondadora,095,95,dog,Adivasi_Oriya,comparison control,101,96,,kukur,kukur,response,manual cell-by-cell visual transcription from rendered canonical scan; OCR/text layer used only as a locating scaffold,manually_verified,high,excluded,Adivasi Oriya (Kotia Oriya) comparison control,0,,,,,"blair-george2012kondadora[Appendix 9.5, PDF p. 101, printed p. 96, item 95 (dog), list O]",
blair-george2012kondadora,096,96,snake,Koraput,target,92,87,1,1sarasu,sarasu,response,manual cell-by-cell visual transcription from rendered canonical scan; OCR/text layer used only as a locating scaffold,manually_verified,high,installed,,1,sarasu,silkondadora2012:096:K:1,Konda,sil-konda-dora-1987-koraput,"blair-george2012kondadora[Appendix 9.5, PDF p. 92, printed p. 87, item 96 (snake), list K]",
blair-george2012kondadora,096,96,snake,Visakh,target,92,87,1,1sara:s,sara:s,response,manual cell-by-cell visual transcription from rendered canonical scan; OCR/text layer used only as a locating scaffold,manually_verified,high,installed,,1,sara:s,silkondadora2012:096:V:1,Konda,sil-konda-dora-1987-visakh,"blair-george2012kondadora[Appendix 9.5, PDF p. 92, printed p. 87, item 96 (snake), list V]",
blair-george2012kondadora,096,96,snake,Telugu,comparison control,101,96,2,2pa:mu,pa:mu,response,manual cell-by-cell visual transcription from rendered canonical scan; OCR/text layer used only as a locating scaffold,manually_verified,high,excluded,Telugu comparison control,0,,,,,"blair-george2012kondadora[Appendix 9.5, PDF p. 101, printed p. 96, item 96 (snake), list T]",
blair-george2012kondadora,096,96,snake,Adivasi_Oriya,comparison control,101,96,,sa:p,sa:p,response,manual cell-by-cell visual transcription from rendered canonical scan; OCR/text layer used only as a locating scaffold,manually_verified,high,excluded,Adivasi Oriya (Kotia Oriya) comparison control,0,,,,,"blair-george2012kondadora[Appendix 9.5, PDF p. 101, printed p. 96, item 96 (snake), list O]",
blair-george2012kondadora,097,97,monkey,Koraput,target,92,87,1,1kondza,kondza,response,manual cell-by-cell visual transcription from rendered canonical scan; OCR/text layer used only as a locating scaffold,manually_verified,high,installed,,1,kondza,silkondadora2012:097:K:1,Konda,sil-konda-dora-1987-koraput,"blair-george2012kondadora[Appendix 9.5, PDF p. 92, printed p. 87, item 97 (monkey), list K]",
blair-george2012kondadora,097,97,monkey,Visakh,target,92,87,1,1kondza,kondza,response,manual cell-by-cell visual transcription from rendered canonical scan; OCR/text layer used only as a locating scaffold,manually_verified,high,installed,,1,kondza,silkondadora2012:097:V:1,Konda,sil-konda-dora-1987-visakh,"blair-george2012kondadora[Appendix 9.5, PDF p. 92, printed p. 87, item 97 (monkey), list V]",
blair-george2012kondadora,097,97,monkey,Telugu,comparison control,101,96,2,2ko:ṭi,ko:ṭi,response,manual cell-by-cell visual transcription from rendered canonical scan; OCR/text layer used only as a locating scaffold,manually_verified,high,excluded,Telugu comparison control,0,,,,,"blair-george2012kondadora[Appendix 9.5, PDF p. 101, printed p. 96, item 97 (monkey), list T]",
blair-george2012kondadora,097,97,monkey,Adivasi_Oriya,comparison control,101,96,,----,,blank,manual cell-by-cell visual transcription from rendered canonical scan; OCR/text layer used only as a locating scaffold,manually_verified,high,excluded,source prints ‘----’ (no response),0,,,,,"blair-george2012kondadora[Appendix 9.5, PDF p. 101, printed p. 96, item 97 (monkey), list O]",
blair-george2012kondadora,098,98,mosquito,Koraput,target,92,87,1,1ḍoma,ḍoma,response,manual cell-by-cell visual transcription from rendered canonical scan; OCR/text layer used only as a locating scaffold,manually_verified,high,installed,,1,ḍoma,silkondadora2012:098:K:1,Konda,sil-konda-dora-1987-koraput,"blair-george2012kondadora[Appendix 9.5, PDF p. 92, printed p. 87, item 98 (mosquito), list K]",
blair-george2012kondadora,098,98,mosquito,Visakh,target,92,87,1,1ḍoma,ḍoma,response,manual cell-by-cell visual transcription from rendered canonical scan; OCR/text layer used only as a locating scaffold,manually_verified,high,installed,,1,ḍoma,silkondadora2012:098:V:1,Konda,sil-konda-dora-1987-visakh,"blair-george2012kondadora[Appendix 9.5, PDF p. 92, printed p. 87, item 98 (mosquito), list V]",
blair-george2012kondadora,098,98,mosquito,Telugu,comparison control,101,96,2,2ḍo:ma,ḍo:ma,response,manual cell-by-cell visual transcription from rendered canonical scan; OCR/text layer used only as a locating scaffold,manually_verified,high,excluded,Telugu comparison control,0,,,,,"blair-george2012kondadora[Appendix 9.5, PDF p. 101, printed p. 96, item 98 (mosquito), list T]",
blair-george2012kondadora,098,98,mosquito,Adivasi_Oriya,comparison control,101,96,,bursuṇḍi,bursuṇḍi,response,manual cell-by-cell visual transcription from rendered canonical scan; OCR/text layer used only as a locating scaffold,manually_verified,high,excluded,Adivasi Oriya (Kotia Oriya) comparison control,0,,,,,"blair-george2012kondadora[Appendix 9.5, PDF p. 101, printed p. 96, item 98 (mosquito), list O]",
blair-george2012kondadora,099,99,ant,Koraput,target,92,87,1,1si:ma,si:ma,response,manual cell-by-cell visual transcription from rendered canonical scan; OCR/text layer used only as a locating scaffold,manually_verified,high,installed,,1,si:ma,silkondadora2012:099:K:1,Konda,sil-konda-dora-1987-koraput,"blair-george2012kondadora[Appendix 9.5, PDF p. 92, printed p. 87, item 99 (ant), list K]",
blair-george2012kondadora,099,99,ant,Visakh,target,92,87,1,1si:ma,si:ma,response,manual cell-by-cell visual transcription from rendered canonical scan; OCR/text layer used only as a locating scaffold,manually_verified,high,installed,,1,si:ma,silkondadora2012:099:V:1,Konda,sil-konda-dora-1987-visakh,"blair-george2012kondadora[Appendix 9.5, PDF p. 92, printed p. 87, item 99 (ant), list V]",
blair-george2012kondadora,099,99,ant,Telugu,comparison control,101,96,1,1tʃi:ma,tʃi:ma,response,manual cell-by-cell visual transcription from rendered canonical scan; OCR/text layer used only as a locating scaffold,manually_verified,high,excluded,Telugu comparison control,0,,,,,"blair-george2012kondadora[Appendix 9.5, PDF p. 101, printed p. 96, item 99 (ant), list T]",
blair-george2012kondadora,099,99,ant,Adivasi_Oriya,comparison control,101,96,,----,,blank,manual cell-by-cell visual transcription from rendered canonical scan; OCR/text layer used only as a locating scaffold,manually_verified,high,excluded,source prints ‘----’ (no response),0,,,,,"blair-george2012kondadora[Appendix 9.5, PDF p. 101, printed p. 96, item 99 (ant), list O]",
blair-george2012kondadora,100,100,spider,Koraput,target,92,87,1,1gondzoru,gondzoru,response,manual cell-by-cell visual transcription from rendered canonical scan; OCR/text layer used only as a locating scaffold,manually_verified,high,installed,,1,gondzoru,silkondadora2012:100:K:1,Konda,sil-konda-dora-1987-koraput,"blair-george2012kondadora[Appendix 9.5, PDF p. 92, printed p. 87, item 100 (spider), list K]",
blair-george2012kondadora,100,100,spider,Visakh,target,92,87,1,1gondzori,gondzori,response,manual cell-by-cell visual transcription from rendered canonical scan; OCR/text layer used only as a locating scaffold,manually_verified,high,installed,,1,gondzori,silkondadora2012:100:V:1,Konda,sil-konda-dora-1987-visakh,"blair-george2012kondadora[Appendix 9.5, PDF p. 92, printed p. 87, item 100 (spider), list V]",
blair-george2012kondadora,100,100,spider,Telugu,comparison control,101,96,2,2sa:le purugu,sa:le purugu,response,manual cell-by-cell visual transcription from rendered canonical scan; OCR/text layer used only as a locating scaffold,manually_verified,high,excluded,Telugu comparison control,0,,,,,"blair-george2012kondadora[Appendix 9.5, PDF p. 101, printed p. 96, item 100 (spider), list T]",
blair-george2012kondadora,100,100,spider,Adivasi_Oriya,comparison control,101,96,,paṭ makɽi,paṭ makɽi,response,manual cell-by-cell visual transcription from rendered canonical scan; OCR/text layer used only as a locating scaffold,manually_verified,high,excluded,Adivasi Oriya (Kotia Oriya) comparison control,0,,,,,"blair-george2012kondadora[Appendix 9.5, PDF p. 101, printed p. 96, item 100 (spider), list O]",
blair-george2012kondadora,101,101,name,Koraput,target,93,88,1,1ḍo:ru,ḍo:ru,response,manual cell-by-cell visual transcription from rendered canonical scan; OCR/text layer used only as a locating scaffold,manually_verified,high,installed,,1,ḍo:ru,silkondadora2012:101:K:1,Konda,sil-konda-dora-1987-koraput,"blair-george2012kondadora[Appendix 9.5, PDF p. 93, printed p. 88, item 101 (name), list K]",
blair-george2012kondadora,101,101,name,Visakh,target,93,88,2,2pe:ru,pe:ru,response,manual cell-by-cell visual transcription from rendered canonical scan; OCR/text layer used only as a locating scaffold,manually_verified,high,installed,,1,pe:ru,silkondadora2012:101:V:1,Konda,sil-konda-dora-1987-visakh,"blair-george2012kondadora[Appendix 9.5, PDF p. 93, printed p. 88, item 101 (name), list V]",
blair-george2012kondadora,101,101,name,Telugu,comparison control,102,97,2,2pe:ru,pe:ru,response,manual cell-by-cell visual transcription from rendered canonical scan; OCR/text layer used only as a locating scaffold,manually_verified,high,excluded,Telugu comparison control,0,,,,,"blair-george2012kondadora[Appendix 9.5, PDF p. 102, printed p. 97, item 101 (name), list T]",
blair-george2012kondadora,101,101,name,Adivasi_Oriya,comparison control,102,97,,na:v,na:v,response,manual cell-by-cell visual transcription from rendered canonical scan; OCR/text layer used only as a locating scaffold,manually_verified,high,excluded,Adivasi Oriya (Kotia Oriya) comparison control,0,,,,,"blair-george2012kondadora[Appendix 9.5, PDF p. 102, printed p. 97, item 101 (name), list O]",
blair-george2012kondadora,102,102,man,Koraput,target,93,88,1,1me:mer koɽor,me:mer koɽor,response,manual cell-by-cell visual transcription from rendered canonical scan; OCR/text layer used only as a locating scaffold,manually_verified,high,installed,,1,me:mer koɽor,silkondadora2012:102:K:1,Konda,sil-konda-dora-1987-koraput,"blair-george2012kondadora[Appendix 9.5, PDF p. 93, printed p. 88, item 102 (man), list K]",
blair-george2012kondadora,102,102,man,Visakh,target,93,88,2,2mogavaṇḍru,mogavaṇḍru,response,manual cell-by-cell visual transcription from rendered canonical scan; OCR/text layer used only as a locating scaffold,manually_verified,high,installed,,1,mogavaṇḍru,silkondadora2012:102:V:1,Konda,sil-konda-dora-1987-visakh,"blair-george2012kondadora[Appendix 9.5, PDF p. 93, printed p. 88, item 102 (man), list V]",
blair-george2012kondadora,102,102,man,Telugu,comparison control,102,97,3,3manuʃi,manuʃi,response,manual cell-by-cell visual transcription from rendered canonical scan; OCR/text layer used only as a locating scaffold,manually_verified,high,excluded,Telugu comparison control,0,,,,,"blair-george2012kondadora[Appendix 9.5, PDF p. 102, printed p. 97, item 102 (man), list T]",
blair-george2012kondadora,102,102,man,Adivasi_Oriya,comparison control,102,97,,non:a,non:a,response,manual cell-by-cell visual transcription from rendered canonical scan; OCR/text layer used only as a locating scaffold,manually_verified,high,excluded,Adivasi Oriya (Kotia Oriya) comparison control,0,,,,,"blair-george2012kondadora[Appendix 9.5, PDF p. 102, printed p. 97, item 102 (man), list O]",
blair-george2012kondadora,103,103,woman,Koraput,target,93,88,1,1ajli koɽo,ajli koɽo,response,manual cell-by-cell visual transcription from rendered canonical scan; OCR/text layer used only as a locating scaffold,manually_verified,high,installed,,1,ajli koɽo,silkondadora2012:103:K:1,Konda,sil-konda-dora-1987-koraput,"blair-george2012kondadora[Appendix 9.5, PDF p. 93, printed p. 88, item 103 (woman), list K]",
blair-george2012kondadora,103,103,woman,Visakh,target,93,88,1,1ajli koɽok,ajli koɽok,response,manual cell-by-cell visual transcription from rendered canonical scan; OCR/text layer used only as a locating scaffold,manually_verified,high,installed,,1,ajli koɽok,silkondadora2012:103:V:1,Konda,sil-konda-dora-1987-visakh,"blair-george2012kondadora[Appendix 9.5, PDF p. 93, printed p. 88, item 103 (woman), list V]",
blair-george2012kondadora,103,103,woman,Telugu,comparison control,102,97,2,2a:ḍamanuʃi,a:ḍamanuʃi,response,manual cell-by-cell visual transcription from rendered canonical scan; OCR/text layer used only as a locating scaffold,manually_verified,high,excluded,Telugu comparison control,0,,,,,"blair-george2012kondadora[Appendix 9.5, PDF p. 102, printed p. 97, item 103 (woman), list T]",
blair-george2012kondadora,103,103,woman,Adivasi_Oriya,comparison control,102,97,,non:i,non:i,response,manual cell-by-cell visual transcription from rendered canonical scan; OCR/text layer used only as a locating scaffold,manually_verified,high,excluded,Adivasi Oriya (Kotia Oriya) comparison control,0,,,,,"blair-george2012kondadora[Appendix 9.5, PDF p. 102, printed p. 97, item 103 (woman), list O]",
blair-george2012kondadora,104,104,child,Koraput,target,93,88,1,1piḷ:a/koɽor,piḷ:a/koɽor,response,manual cell-by-cell visual transcription from rendered canonical scan; OCR/text layer used only as a locating scaffold,manually_verified,high,installed,,2,piḷ:a | koɽor,silkondadora2012:104:K:1 | silkondadora2012:104:K:2,Konda,sil-konda-dora-1987-koraput,"blair-george2012kondadora[Appendix 9.5, PDF p. 93, printed p. 88, item 104 (child), list K]",
blair-george2012kondadora,104,104,child,Visakh,target,93,88,1,1piḷ:a/koɽor,piḷ:a/koɽor,response,manual cell-by-cell visual transcription from rendered canonical scan; OCR/text layer used only as a locating scaffold,manually_verified,high,installed,,2,piḷ:a | koɽor,silkondadora2012:104:V:1 | silkondadora2012:104:V:2,Konda,sil-konda-dora-1987-visakh,"blair-george2012kondadora[Appendix 9.5, PDF p. 93, printed p. 88, item 104 (child), list V]",
blair-george2012kondadora,104,104,child,Telugu,comparison control,102,97,1,1piḷ:a,piḷ:a,response,manual cell-by-cell visual transcription from rendered canonical scan; OCR/text layer used only as a locating scaffold,manually_verified,high,excluded,Telugu comparison control,0,,,,,"blair-george2012kondadora[Appendix 9.5, PDF p. 102, printed p. 97, item 104 (child), list T]",
blair-george2012kondadora,104,104,child,Adivasi_Oriya,comparison control,102,97,,----,,blank,manual cell-by-cell visual transcription from rendered canonical scan; OCR/text layer used only as a locating scaffold,manually_verified,high,excluded,source prints ‘----’ (no response),0,,,,,"blair-george2012kondadora[Appendix 9.5, PDF p. 102, printed p. 97, item 104 (child), list O]",
blair-george2012kondadora,105,105,father,Koraput,target,93,88,1,1aposi,aposi,response,manual cell-by-cell visual transcription from rendered canonical scan; OCR/text layer used only as a locating scaffold,manually_verified,high,installed,,1,aposi,silkondadora2012:105:K:1,Konda,sil-konda-dora-1987-koraput,"blair-george2012kondadora[Appendix 9.5, PDF p. 93, printed p. 88, item 105 (father), list K]",
blair-george2012kondadora,105,105,father,Visakh,target,93,88,1,1aposi,aposi,response,manual cell-by-cell visual transcription from rendered canonical scan; OCR/text layer used only as a locating scaffold,manually_verified,high,installed,,1,aposi,silkondadora2012:105:V:1,Konda,sil-konda-dora-1987-visakh,"blair-george2012kondadora[Appendix 9.5, PDF p. 93, printed p. 88, item 105 (father), list V]",
blair-george2012kondadora,105,105,father,Telugu,comparison control,102,97,2,2ṭaṇḍri,ṭaṇḍri,response,manual cell-by-cell visual transcription from rendered canonical scan; OCR/text layer used only as a locating scaffold,manually_verified,high,excluded,Telugu comparison control,0,,,,,"blair-george2012kondadora[Appendix 9.5, PDF p. 102, printed p. 97, item 105 (father), list T]",
blair-george2012kondadora,105,105,father,Adivasi_Oriya,comparison control,102,97,,----,,blank,manual cell-by-cell visual transcription from rendered canonical scan; OCR/text layer used only as a locating scaffold,manually_verified,high,excluded,source prints ‘----’ (no response),0,,,,,"blair-george2012kondadora[Appendix 9.5, PDF p. 102, printed p. 97, item 105 (father), list O]",
blair-george2012kondadora,106,106,mother,Koraput,target,93,88,1,1ajsi,ajsi,response,manual cell-by-cell visual transcription from rendered canonical scan; OCR/text layer used only as a locating scaffold,manually_verified,high,installed,,1,ajsi,silkondadora2012:106:K:1,Konda,sil-konda-dora-1987-koraput,"blair-george2012kondadora[Appendix 9.5, PDF p. 93, printed p. 88, item 106 (mother), list K]",
blair-george2012kondadora,106,106,mother,Visakh,target,93,88,1,1ajsi,ajsi,response,manual cell-by-cell visual transcription from rendered canonical scan; OCR/text layer used only as a locating scaffold,manually_verified,high,installed,,1,ajsi,silkondadora2012:106:V:1,Konda,sil-konda-dora-1987-visakh,"blair-george2012kondadora[Appendix 9.5, PDF p. 93, printed p. 88, item 106 (mother), list V]",
blair-george2012kondadora,106,106,mother,Telugu,comparison control,102,97,2,2ṭal:i/am:a,ṭal:i/am:a,response,manual cell-by-cell visual transcription from rendered canonical scan; OCR/text layer used only as a locating scaffold,manually_verified,high,excluded,Telugu comparison control,0,,,,,"blair-george2012kondadora[Appendix 9.5, PDF p. 102, printed p. 97, item 106 (mother), list T]",
blair-george2012kondadora,106,106,mother,Adivasi_Oriya,comparison control,102,97,,----,,blank,manual cell-by-cell visual transcription from rendered canonical scan; OCR/text layer used only as a locating scaffold,manually_verified,high,excluded,source prints ‘----’ (no response),0,,,,,"blair-george2012kondadora[Appendix 9.5, PDF p. 102, printed p. 97, item 106 (mother), list O]",
blair-george2012kondadora,107,107,older brother,Koraput,target,93,88,1,1ḍatsi,ḍatsi,response,manual cell-by-cell visual transcription from rendered canonical scan; OCR/text layer used only as a locating scaffold,manually_verified,high,installed,,1,ḍatsi,silkondadora2012:107:K:1,Konda,sil-konda-dora-1987-koraput,"blair-george2012kondadora[Appendix 9.5, PDF p. 93, printed p. 88, item 107 (older brother), list K]",
blair-george2012kondadora,107,107,older brother,Visakh,target,93,88,1,1ḍaḍsi/aṇ:asi,ḍaḍsi/aṇ:asi,response,manual cell-by-cell visual transcription from rendered canonical scan; OCR/text layer used only as a locating scaffold,manually_verified,high,installed,,2,ḍaḍsi | aṇ:asi,silkondadora2012:107:V:1 | silkondadora2012:107:V:2,Konda,sil-konda-dora-1987-visakh,"blair-george2012kondadora[Appendix 9.5, PDF p. 93, printed p. 88, item 107 (older brother), list V]",
blair-george2012kondadora,107,107,older brother,Telugu,comparison control,102,97,1,1aṇ:a,aṇ:a,response,manual cell-by-cell visual transcription from rendered canonical scan; OCR/text layer used only as a locating scaffold,manually_verified,high,excluded,Telugu comparison control,0,,,,,"blair-george2012kondadora[Appendix 9.5, PDF p. 102, printed p. 97, item 107 (older brother), list T]",
blair-george2012kondadora,107,107,older brother,Adivasi_Oriya,comparison control,102,97,,----,,blank,manual cell-by-cell visual transcription from rendered canonical scan; OCR/text layer used only as a locating scaffold,manually_verified,high,excluded,source prints ‘----’ (no response),0,,,,,"blair-george2012kondadora[Appendix 9.5, PDF p. 102, printed p. 97, item 107 (older brother), list O]",
blair-george2012kondadora,108,108,younger brother,Koraput,target,93,88,1,1ṭoḍa:si,ṭoḍa:si,response,manual cell-by-cell visual transcription from rendered canonical scan; OCR/text layer used only as a locating scaffold,manually_verified,high,installed,,1,ṭoḍa:si,silkondadora2012:108:K:1,Konda,sil-konda-dora-1987-koraput,"blair-george2012kondadora[Appendix 9.5, PDF p. 93, printed p. 88, item 108 (younger brother), list K]",
blair-george2012kondadora,108,108,younger brother,Visakh,target,93,88,2,2tambersi,tambersi,response,manual cell-by-cell visual transcription from rendered canonical scan; OCR/text layer used only as a locating scaffold,manually_verified,high,installed,,1,tambersi,silkondadora2012:108:V:1,Konda,sil-konda-dora-1987-visakh,"blair-george2012kondadora[Appendix 9.5, PDF p. 93, printed p. 88, item 108 (younger brother), list V]",
blair-george2012kondadora,108,108,younger brother,Telugu,comparison control,102,97,3,3tamuḍu,tamuḍu,response,manual cell-by-cell visual transcription from rendered canonical scan; OCR/text layer used only as a locating scaffold,manually_verified,high,excluded,Telugu comparison control,0,,,,,"blair-george2012kondadora[Appendix 9.5, PDF p. 102, printed p. 97, item 108 (younger brother), list T]",
blair-george2012kondadora,108,108,younger brother,Adivasi_Oriya,comparison control,102,97,,----,,blank,manual cell-by-cell visual transcription from rendered canonical scan; OCR/text layer used only as a locating scaffold,manually_verified,high,excluded,source prints ‘----’ (no response),0,,,,,"blair-george2012kondadora[Appendix 9.5, PDF p. 102, printed p. 97, item 108 (younger brother), list O]",
blair-george2012kondadora,109,109,older sister,Koraput,target,93,88,1,1bibsi,bibsi,response,manual cell-by-cell visual transcription from rendered canonical scan; OCR/text layer used only as a locating scaffold,manually_verified,high,installed,,1,bibsi,silkondadora2012:109:K:1,Konda,sil-konda-dora-1987-koraput,"blair-george2012kondadora[Appendix 9.5, PDF p. 93, printed p. 88, item 109 (older sister), list K]",
blair-george2012kondadora,109,109,older sister,Visakh,target,93,88,1,1bibsi,bibsi,response,manual cell-by-cell visual transcription from rendered canonical scan; OCR/text layer used only as a locating scaffold,manually_verified,high,installed,,1,bibsi,silkondadora2012:109:V:1,Konda,sil-konda-dora-1987-visakh,"blair-george2012kondadora[Appendix 9.5, PDF p. 93, printed p. 88, item 109 (older sister), list V]",
blair-george2012kondadora,109,109,older sister,Telugu,comparison control,102,97,2,2ak:a,ak:a,response,manual cell-by-cell visual transcription from rendered canonical scan; OCR/text layer used only as a locating scaffold,manually_verified,high,excluded,Telugu comparison control,0,,,,,"blair-george2012kondadora[Appendix 9.5, PDF p. 102, printed p. 97, item 109 (older sister), list T]",
blair-george2012kondadora,109,109,older sister,Adivasi_Oriya,comparison control,102,97,,----,,blank,manual cell-by-cell visual transcription from rendered canonical scan; OCR/text layer used only as a locating scaffold,manually_verified,high,excluded,source prints ‘----’ (no response),0,,,,,"blair-george2012kondadora[Appendix 9.5, PDF p. 102, printed p. 97, item 109 (older sister), list O]",
blair-george2012kondadora,110,110,younger sister,Koraput,target,93,88,1,1ṭaŋisi,ṭaŋisi,response,manual cell-by-cell visual transcription from rendered canonical scan; OCR/text layer used only as a locating scaffold,manually_verified,high,installed,,1,ṭaŋisi,silkondadora2012:110:K:1,Konda,sil-konda-dora-1987-koraput,"blair-george2012kondadora[Appendix 9.5, PDF p. 93, printed p. 88, item 110 (younger sister), list K]",
blair-george2012kondadora,110,110,younger sister,Visakh,target,93,88,1,1ṭaŋisi,ṭaŋisi,response,manual cell-by-cell visual transcription from rendered canonical scan; OCR/text layer used only as a locating scaffold,manually_verified,high,installed,,1,ṭaŋisi,silkondadora2012:110:V:1,Konda,sil-konda-dora-1987-visakh,"blair-george2012kondadora[Appendix 9.5, PDF p. 93, printed p. 88, item 110 (younger sister), list V]",
blair-george2012kondadora,110,110,younger sister,Telugu,comparison control,102,97,2,2tʃel:i,tʃel:i,response,manual cell-by-cell visual transcription from rendered canonical scan; OCR/text layer used only as a locating scaffold,manually_verified,high,excluded,Telugu comparison control,0,,,,,"blair-george2012kondadora[Appendix 9.5, PDF p. 102, printed p. 97, item 110 (younger sister), list T]",
blair-george2012kondadora,110,110,younger sister,Adivasi_Oriya,comparison control,102,97,,----,,blank,manual cell-by-cell visual transcription from rendered canonical scan; OCR/text layer used only as a locating scaffold,manually_verified,high,excluded,source prints ‘----’ (no response),0,,,,,"blair-george2012kondadora[Appendix 9.5, PDF p. 102, printed p. 97, item 110 (younger sister), list O]",
blair-george2012kondadora,111,111,son,Koraput,target,93,88,1,1marisi,marisi,response,manual cell-by-cell visual transcription from rendered canonical scan; OCR/text layer used only as a locating scaffold,manually_verified,high,installed,,1,marisi,silkondadora2012:111:K:1,Konda,sil-konda-dora-1987-koraput,"blair-george2012kondadora[Appendix 9.5, PDF p. 93, printed p. 88, item 111 (son), list K]",
blair-george2012kondadora,111,111,son,Visakh,target,93,88,1,1marsi,marsi,response,manual cell-by-cell visual transcription from rendered canonical scan; OCR/text layer used only as a locating scaffold,manually_verified,high,installed,,1,marsi,silkondadora2012:111:V:1,Konda,sil-konda-dora-1987-visakh,"blair-george2012kondadora[Appendix 9.5, PDF p. 93, printed p. 88, item 111 (son), list V]",
blair-george2012kondadora,111,111,son,Telugu,comparison control,102,97,2,2koḍuku,koḍuku,response,manual cell-by-cell visual transcription from rendered canonical scan; OCR/text layer used only as a locating scaffold,manually_verified,high,excluded,Telugu comparison control,0,,,,,"blair-george2012kondadora[Appendix 9.5, PDF p. 102, printed p. 97, item 111 (son), list T]",
blair-george2012kondadora,111,111,son,Adivasi_Oriya,comparison control,102,97,,----,,blank,manual cell-by-cell visual transcription from rendered canonical scan; OCR/text layer used only as a locating scaffold,manually_verified,high,excluded,source prints ‘----’ (no response),0,,,,,"blair-george2012kondadora[Appendix 9.5, PDF p. 102, printed p. 97, item 111 (son), list O]",
blair-george2012kondadora,112,112,daughter,Koraput,target,93,88,1,1ga:ɽsi,ga:ɽsi,response,manual cell-by-cell visual transcription from rendered canonical scan; OCR/text layer used only as a locating scaffold,manually_verified,high,installed,,1,ga:ɽsi,silkondadora2012:112:K:1,Konda,sil-konda-dora-1987-koraput,"blair-george2012kondadora[Appendix 9.5, PDF p. 93, printed p. 88, item 112 (daughter), list K]",
blair-george2012kondadora,112,112,daughter,Visakh,target,93,88,1,1ga:ɽsi,ga:ɽsi,response,manual cell-by-cell visual transcription from rendered canonical scan; OCR/text layer used only as a locating scaffold,manually_verified,high,installed,,1,ga:ɽsi,silkondadora2012:112:V:1,Konda,sil-konda-dora-1987-visakh,"blair-george2012kondadora[Appendix 9.5, PDF p. 93, printed p. 88, item 112 (daughter), list V]",
blair-george2012kondadora,112,112,daughter,Telugu,comparison control,102,97,2,2kuṭru,kuṭru,response,manual cell-by-cell visual transcription from rendered canonical scan; OCR/text layer used only as a locating scaffold,manually_verified,high,excluded,Telugu comparison control,0,,,,,"blair-george2012kondadora[Appendix 9.5, PDF p. 102, printed p. 97, item 112 (daughter), list T]",
blair-george2012kondadora,112,112,daughter,Adivasi_Oriya,comparison control,102,97,,----,,blank,manual cell-by-cell visual transcription from rendered canonical scan; OCR/text layer used only as a locating scaffold,manually_verified,high,excluded,source prints ‘----’ (no response),0,,,,,"blair-george2012kondadora[Appendix 9.5, PDF p. 102, printed p. 97, item 112 (daughter), list O]",
blair-george2012kondadora,113,113,husband,Koraput,target,93,88,1,1ma:si,ma:si,response,manual cell-by-cell visual transcription from rendered canonical scan; OCR/text layer used only as a locating scaffold,manually_verified,high,installed,,1,ma:si,silkondadora2012:113:K:1,Konda,sil-konda-dora-1987-koraput,"blair-george2012kondadora[Appendix 9.5, PDF p. 93, printed p. 88, item 113 (husband), list K]",
blair-george2012kondadora,113,113,husband,Visakh,target,93,88,1,1ma:si,ma:si,response,manual cell-by-cell visual transcription from rendered canonical scan; OCR/text layer used only as a locating scaffold,manually_verified,high,installed,,1,ma:si,silkondadora2012:113:V:1,Konda,sil-konda-dora-1987-visakh,"blair-george2012kondadora[Appendix 9.5, PDF p. 93, printed p. 88, item 113 (husband), list V]",
blair-george2012kondadora,113,113,husband,Telugu,comparison control,102,97,2,2barṭa/moguḍu,barṭa/moguḍu,response,manual cell-by-cell visual transcription from rendered canonical scan; OCR/text layer used only as a locating scaffold,manually_verified,high,excluded,Telugu comparison control,0,,,,,"blair-george2012kondadora[Appendix 9.5, PDF p. 102, printed p. 97, item 113 (husband), list T]",
blair-george2012kondadora,113,113,husband,Adivasi_Oriya,comparison control,102,97,,----,,blank,manual cell-by-cell visual transcription from rendered canonical scan; OCR/text layer used only as a locating scaffold,manually_verified,high,excluded,source prints ‘----’ (no response),0,,,,,"blair-george2012kondadora[Appendix 9.5, PDF p. 102, printed p. 97, item 113 (husband), list O]",
blair-george2012kondadora,114,114,wife,Koraput,target,93,88,1,1a:rsi,a:rsi,response,manual cell-by-cell visual transcription from rendered canonical scan; OCR/text layer used only as a locating scaffold,manually_verified,high,installed,,1,a:rsi,silkondadora2012:114:K:1,Konda,sil-konda-dora-1987-koraput,"blair-george2012kondadora[Appendix 9.5, PDF p. 93, printed p. 88, item 114 (wife), list K]",
blair-george2012kondadora,114,114,wife,Visakh,target,93,88,1,1a:lsi,a:lsi,response,manual cell-by-cell visual transcription from rendered canonical scan; OCR/text layer used only as a locating scaffold,manually_verified,high,installed,,1,a:lsi,silkondadora2012:114:V:1,Konda,sil-konda-dora-1987-visakh,"blair-george2012kondadora[Appendix 9.5, PDF p. 93, printed p. 88, item 114 (wife), list V]",
blair-george2012kondadora,114,114,wife,Telugu,comparison control,102,97,2,2bharja/peḷam,bharja/peḷam,response,manual cell-by-cell visual transcription from rendered canonical scan; OCR/text layer used only as a locating scaffold,manually_verified,high,excluded,Telugu comparison control,0,,,,,"blair-george2012kondadora[Appendix 9.5, PDF p. 102, printed p. 97, item 114 (wife), list T]",
blair-george2012kondadora,114,114,wife,Adivasi_Oriya,comparison control,102,97,,----,,blank,manual cell-by-cell visual transcription from rendered canonical scan; OCR/text layer used only as a locating scaffold,manually_verified,high,excluded,source prints ‘----’ (no response),0,,,,,"blair-george2012kondadora[Appendix 9.5, PDF p. 102, printed p. 97, item 114 (wife), list O]",
blair-george2012kondadora,115,115,boy,Koraput,target,93,88,1,1koɽo,koɽo,response,manual cell-by-cell visual transcription from rendered canonical scan; OCR/text layer used only as a locating scaffold,manually_verified,high,installed,,1,koɽo,silkondadora2012:115:K:1,Konda,sil-konda-dora-1987-koraput,"blair-george2012kondadora[Appendix 9.5, PDF p. 93, printed p. 88, item 115 (boy), list K]",
blair-george2012kondadora,115,115,boy,Visakh,target,93,88,1,1koɽo,koɽo,response,manual cell-by-cell visual transcription from rendered canonical scan; OCR/text layer used only as a locating scaffold,manually_verified,high,installed,,1,koɽo,silkondadora2012:115:V:1,Konda,sil-konda-dora-1987-visakh,"blair-george2012kondadora[Appendix 9.5, PDF p. 93, printed p. 88, item 115 (boy), list V]",
blair-george2012kondadora,115,115,boy,Telugu,comparison control,102,97,2,2ba:luḍu,ba:luḍu,response,manual cell-by-cell visual transcription from rendered canonical scan; OCR/text layer used only as a locating scaffold,manually_verified,high,excluded,Telugu comparison control,0,,,,,"blair-george2012kondadora[Appendix 9.5, PDF p. 102, printed p. 97, item 115 (boy), list T]",
blair-george2012kondadora,115,115,boy,Adivasi_Oriya,comparison control,102,97,,----,,blank,manual cell-by-cell visual transcription from rendered canonical scan; OCR/text layer used only as a locating scaffold,manually_verified,high,excluded,source prints ‘----’ (no response),0,,,,,"blair-george2012kondadora[Appendix 9.5, PDF p. 102, printed p. 97, item 115 (boy), list O]",
blair-george2012kondadora,116,116,girl,Koraput,target,93,88,1,1ajli,ajli,response,manual cell-by-cell visual transcription from rendered canonical scan; OCR/text layer used only as a locating scaffold,manually_verified,high,installed,,1,ajli,silkondadora2012:116:K:1,Konda,sil-konda-dora-1987-koraput,"blair-george2012kondadora[Appendix 9.5, PDF p. 93, printed p. 88, item 116 (girl), list K]",
blair-george2012kondadora,116,116,girl,Visakh,target,93,88,1,1ajli,ajli,response,manual cell-by-cell visual transcription from rendered canonical scan; OCR/text layer used only as a locating scaffold,manually_verified,high,installed,,1,ajli,silkondadora2012:116:V:1,Konda,sil-konda-dora-1987-visakh,"blair-george2012kondadora[Appendix 9.5, PDF p. 93, printed p. 88, item 116 (girl), list V]",
blair-george2012kondadora,116,116,girl,Telugu,comparison control,102,97,2,2ba:lika,ba:lika,response,manual cell-by-cell visual transcription from rendered canonical scan; OCR/text layer used only as a locating scaffold,manually_verified,high,excluded,Telugu comparison control,0,,,,,"blair-george2012kondadora[Appendix 9.5, PDF p. 102, printed p. 97, item 116 (girl), list T]",
blair-george2012kondadora,116,116,girl,Adivasi_Oriya,comparison control,102,97,,----,,blank,manual cell-by-cell visual transcription from rendered canonical scan; OCR/text layer used only as a locating scaffold,manually_verified,high,excluded,source prints ‘----’ (no response),0,,,,,"blair-george2012kondadora[Appendix 9.5, PDF p. 102, printed p. 97, item 116 (girl), list O]",
blair-george2012kondadora,117,117,day,Koraput,target,93,88,1,1ḍinam,ḍinam,response,manual cell-by-cell visual transcription from rendered canonical scan; OCR/text layer used only as a locating scaffold,manually_verified,high,installed,,1,ḍinam,silkondadora2012:117:K:1,Konda,sil-konda-dora-1987-koraput,"blair-george2012kondadora[Appendix 9.5, PDF p. 93, printed p. 88, item 117 (day), list K]",
blair-george2012kondadora,117,117,day,Visakh,target,93,88,2,2ro:dzu,ro:dzu,response,manual cell-by-cell visual transcription from rendered canonical scan; OCR/text layer used only as a locating scaffold,manually_verified,high,installed,,1,ro:dzu,silkondadora2012:117:V:1,Konda,sil-konda-dora-1987-visakh,"blair-george2012kondadora[Appendix 9.5, PDF p. 93, printed p. 88, item 117 (day), list V]",
blair-george2012kondadora,117,117,day,Telugu,comparison control,102,97,2,2ro:dzu/ḍinamu,ro:dzu/ḍinamu,response,manual cell-by-cell visual transcription from rendered canonical scan; OCR/text layer used only as a locating scaffold,manually_verified,high,excluded,Telugu comparison control,0,,,,,"blair-george2012kondadora[Appendix 9.5, PDF p. 102, printed p. 97, item 117 (day), list T]",
blair-george2012kondadora,117,117,day,Adivasi_Oriya,comparison control,102,97,,ḍi:n,ḍi:n,response,manual cell-by-cell visual transcription from rendered canonical scan; OCR/text layer used only as a locating scaffold,manually_verified,high,excluded,Adivasi Oriya (Kotia Oriya) comparison control,0,,,,,"blair-george2012kondadora[Appendix 9.5, PDF p. 102, printed p. 97, item 117 (day), list O]",
blair-george2012kondadora,118,118,night,Koraput,target,93,88,ungrouped,-mil:l,mil:l,response,manual cell-by-cell visual transcription from rendered canonical scan; OCR/text layer used only as a locating scaffold,manually_verified,high,installed,,1,mil:l,silkondadora2012:118:K:1,Konda,sil-konda-dora-1987-koraput,"blair-george2012kondadora[Appendix 9.5, PDF p. 93, printed p. 88, item 118 (night), list K]",
blair-george2012kondadora,118,118,night,Visakh,target,93,88,,----,,blank,manual cell-by-cell visual transcription from rendered canonical scan; OCR/text layer used only as a locating scaffold,manually_verified,high,excluded,source prints ‘----’ (no response),0,,,Konda,sil-konda-dora-1987-visakh,"blair-george2012kondadora[Appendix 9.5, PDF p. 93, printed p. 88, item 118 (night), list V]",
blair-george2012kondadora,118,118,night,Telugu,comparison control,102,97,,----,,blank,manual cell-by-cell visual transcription from rendered canonical scan; OCR/text layer used only as a locating scaffold,manually_verified,high,excluded,source prints ‘----’ (no response),0,,,,,"blair-george2012kondadora[Appendix 9.5, PDF p. 102, printed p. 97, item 118 (night), list T]",
blair-george2012kondadora,118,118,night,Adivasi_Oriya,comparison control,102,97,,----,,blank,manual cell-by-cell visual transcription from rendered canonical scan; OCR/text layer used only as a locating scaffold,manually_verified,high,excluded,source prints ‘----’ (no response),0,,,,,"blair-george2012kondadora[Appendix 9.5, PDF p. 102, printed p. 97, item 118 (night), list O]",
blair-george2012kondadora,119,119,morning,Koraput,target,93,88,1,1salḍi,salḍi,response,manual cell-by-cell visual transcription from rendered canonical scan; OCR/text layer used only as a locating scaffold,manually_verified,high,installed,,1,salḍi,silkondadora2012:119:K:1,Konda,sil-konda-dora-1987-koraput,"blair-george2012kondadora[Appendix 9.5, PDF p. 93, printed p. 88, item 119 (morning), list K]",
blair-george2012kondadora,119,119,morning,Visakh,target,93,88,2,2peṇḍa:l,peṇḍa:l,response,manual cell-by-cell visual transcription from rendered canonical scan; OCR/text layer used only as a locating scaffold,manually_verified,high,installed,,1,peṇḍa:l,silkondadora2012:119:V:1,Konda,sil-konda-dora-1987-visakh,"blair-george2012kondadora[Appendix 9.5, PDF p. 93, printed p. 88, item 119 (morning), list V]",
blair-george2012kondadora,119,119,morning,Telugu,comparison control,102,97,3,3uḍajamu/poḍuna,uḍajamu/poḍuna,response,manual cell-by-cell visual transcription from rendered canonical scan; OCR/text layer used only as a locating scaffold,manually_verified,high,excluded,Telugu comparison control,0,,,,,"blair-george2012kondadora[Appendix 9.5, PDF p. 102, printed p. 97, item 119 (morning), list T]",
blair-george2012kondadora,119,119,morning,Adivasi_Oriya,comparison control,102,97,,saka:l,saka:l,response,manual cell-by-cell visual transcription from rendered canonical scan; OCR/text layer used only as a locating scaffold,manually_verified,high,excluded,Adivasi Oriya (Kotia Oriya) comparison control,0,,,,,"blair-george2012kondadora[Appendix 9.5, PDF p. 102, printed p. 97, item 119 (morning), list O]",
blair-george2012kondadora,120,120,noon,Koraput,target,93,88,ungrouped,-ve:ḍa,ve:ḍa,response,manual cell-by-cell visual transcription from rendered canonical scan; OCR/text layer used only as a locating scaffold,manually_verified,high,installed,,1,ve:ḍa,silkondadora2012:120:K:1,Konda,sil-konda-dora-1987-koraput,"blair-george2012kondadora[Appendix 9.5, PDF p. 93, printed p. 88, item 120 (noon), list K]",
blair-george2012kondadora,120,120,noon,Visakh,target,93,88,,----,,blank,manual cell-by-cell visual transcription from rendered canonical scan; OCR/text layer used only as a locating scaffold,manually_verified,high,excluded,source prints ‘----’ (no response),0,,,Konda,sil-konda-dora-1987-visakh,"blair-george2012kondadora[Appendix 9.5, PDF p. 93, printed p. 88, item 120 (noon), list V]",
blair-george2012kondadora,120,120,noon,Telugu,comparison control,102,97,,----,,blank,manual cell-by-cell visual transcription from rendered canonical scan; OCR/text layer used only as a locating scaffold,manually_verified,high,excluded,source prints ‘----’ (no response),0,,,,,"blair-george2012kondadora[Appendix 9.5, PDF p. 102, printed p. 97, item 120 (noon), list T]",
blair-george2012kondadora,120,120,noon,Adivasi_Oriya,comparison control,102,97,,----,,blank,manual cell-by-cell visual transcription from rendered canonical scan; OCR/text layer used only as a locating scaffold,manually_verified,high,excluded,source prints ‘----’ (no response),0,,,,,"blair-george2012kondadora[Appendix 9.5, PDF p. 102, printed p. 97, item 120 (noon), list O]",
blair-george2012kondadora,121,121,evening/afternoon,Koraput,target,93,88,,----,,blank,manual cell-by-cell visual transcription from rendered canonical scan; OCR/text layer used only as a locating scaffold,manually_verified,high,excluded,source prints ‘----’ (no response),0,,,Konda,sil-konda-dora-1987-koraput,"blair-george2012kondadora[Appendix 9.5, PDF p. 93, printed p. 88, item 121 (evening/afternoon), list K]",
blair-george2012kondadora,121,121,evening/afternoon,Visakh,target,93,88,1,1poḍoj,poḍoj,response,manual cell-by-cell visual transcription from rendered canonical scan; OCR/text layer used only as a locating scaffold,manually_verified,high,installed,,1,poḍoj,silkondadora2012:121:V:1,Konda,sil-konda-dora-1987-visakh,"blair-george2012kondadora[Appendix 9.5, PDF p. 93, printed p. 88, item 121 (evening/afternoon), list V]",
blair-george2012kondadora,121,121,evening/afternoon,Telugu,comparison control,102,97,2,2sa:jamka:lam,sa:jamka:lam,response,manual cell-by-cell visual transcription from rendered canonical scan; OCR/text layer used only as a locating scaffold,manually_verified,high,excluded,Telugu comparison control,0,,,,,"blair-george2012kondadora[Appendix 9.5, PDF p. 102, printed p. 97, item 121 (evening/afternoon), list T]",
blair-george2012kondadora,121,121,evening/afternoon,Adivasi_Oriya,comparison control,102,97,,so:ndz,so:ndz,response,manual cell-by-cell visual transcription from rendered canonical scan; OCR/text layer used only as a locating scaffold,manually_verified,high,excluded,Adivasi Oriya (Kotia Oriya) comparison control,0,,,,,"blair-george2012kondadora[Appendix 9.5, PDF p. 102, printed p. 97, item 121 (evening/afternoon), list O]",
blair-george2012kondadora,122,122,yesterday,Koraput,target,93,88,1,1i?en,i?en,response,manual cell-by-cell visual transcription from rendered canonical scan; OCR/text layer used only as a locating scaffold,manually_verified,high,installed,,1,i?en,silkondadora2012:122:K:1,Konda,sil-konda-dora-1987-koraput,"blair-george2012kondadora[Appendix 9.5, PDF p. 93, printed p. 88, item 122 (yesterday), list K]",
blair-george2012kondadora,122,122,yesterday,Visakh,target,93,88,1,1i?en,i?en,response,manual cell-by-cell visual transcription from rendered canonical scan; OCR/text layer used only as a locating scaffold,manually_verified,high,installed,,1,i?en,silkondadora2012:122:V:1,Konda,sil-konda-dora-1987-visakh,"blair-george2012kondadora[Appendix 9.5, PDF p. 93, printed p. 88, item 122 (yesterday), list V]",
blair-george2012kondadora,122,122,yesterday,Telugu,comparison control,102,97,2,2nin:a,nin:a,response,manual cell-by-cell visual transcription from rendered canonical scan; OCR/text layer used only as a locating scaffold,manually_verified,high,excluded,Telugu comparison control,0,,,,,"blair-george2012kondadora[Appendix 9.5, PDF p. 102, printed p. 97, item 122 (yesterday), list T]",
blair-george2012kondadora,122,122,yesterday,Adivasi_Oriya,comparison control,102,97,,kali,kali,response,manual cell-by-cell visual transcription from rendered canonical scan; OCR/text layer used only as a locating scaffold,manually_verified,high,excluded,Adivasi Oriya (Kotia Oriya) comparison control,0,,,,,"blair-george2012kondadora[Appendix 9.5, PDF p. 102, printed p. 97, item 122 (yesterday), list O]",
blair-george2012kondadora,123,123,today,Koraput,target,93,88,1,1ne:ṇḍru,ne:ṇḍru,response,manual cell-by-cell visual transcription from rendered canonical scan; OCR/text layer used only as a locating scaffold,manually_verified,high,installed,,1,ne:ṇḍru,silkondadora2012:123:K:1,Konda,sil-konda-dora-1987-koraput,"blair-george2012kondadora[Appendix 9.5, PDF p. 93, printed p. 88, item 123 (today), list K]",
blair-george2012kondadora,123,123,today,Visakh,target,93,88,1,1ne:ṇḍru,ne:ṇḍru,response,manual cell-by-cell visual transcription from rendered canonical scan; OCR/text layer used only as a locating scaffold,manually_verified,high,installed,,1,ne:ṇḍru,silkondadora2012:123:V:1,Konda,sil-konda-dora-1987-visakh,"blair-george2012kondadora[Appendix 9.5, PDF p. 93, printed p. 88, item 123 (today), list V]",
blair-george2012kondadora,123,123,today,Telugu,comparison control,102,97,2,2i:ḍinamu,i:ḍinamu,response,manual cell-by-cell visual transcription from rendered canonical scan; OCR/text layer used only as a locating scaffold,manually_verified,high,excluded,Telugu comparison control,0,,,,,"blair-george2012kondadora[Appendix 9.5, PDF p. 102, printed p. 97, item 123 (today), list T]",
blair-george2012kondadora,123,123,today,Adivasi_Oriya,comparison control,102,97,,adzi,adzi,response,manual cell-by-cell visual transcription from rendered canonical scan; OCR/text layer used only as a locating scaffold,manually_verified,high,excluded,Adivasi Oriya (Kotia Oriya) comparison control,0,,,,,"blair-george2012kondadora[Appendix 9.5, PDF p. 102, printed p. 97, item 123 (today), list O]",
blair-george2012kondadora,124,124,tomorrow,Koraput,target,93,88,1,1vigehiŋ,vigehiŋ,response,manual cell-by-cell visual transcription from rendered canonical scan; OCR/text layer used only as a locating scaffold,manually_verified,high,installed,,1,vigehiŋ,silkondadora2012:124:K:1,Konda,sil-konda-dora-1987-koraput,"blair-george2012kondadora[Appendix 9.5, PDF p. 93, printed p. 88, item 124 (tomorrow), list K]",
blair-george2012kondadora,124,124,tomorrow,Visakh,target,93,88,1,1vigehiŋ,vigehiŋ,response,manual cell-by-cell visual transcription from rendered canonical scan; OCR/text layer used only as a locating scaffold,manually_verified,high,installed,,1,vigehiŋ,silkondadora2012:124:V:1,Konda,sil-konda-dora-1987-visakh,"blair-george2012kondadora[Appendix 9.5, PDF p. 93, printed p. 88, item 124 (tomorrow), list V]",
blair-george2012kondadora,124,124,tomorrow,Telugu,comparison control,102,97,2,2re:pu,re:pu,response,manual cell-by-cell visual transcription from rendered canonical scan; OCR/text layer used only as a locating scaffold,manually_verified,high,excluded,Telugu comparison control,0,,,,,"blair-george2012kondadora[Appendix 9.5, PDF p. 102, printed p. 97, item 124 (tomorrow), list T]",
blair-george2012kondadora,124,124,tomorrow,Adivasi_Oriya,comparison control,102,97,,kallke,kallke,response,manual cell-by-cell visual transcription from rendered canonical scan; OCR/text layer used only as a locating scaffold,manually_verified,high,excluded,Adivasi Oriya (Kotia Oriya) comparison control,0,,,,,"blair-george2012kondadora[Appendix 9.5, PDF p. 102, printed p. 97, item 124 (tomorrow), list O]",
blair-george2012kondadora,125,125,week,Koraput,target,93,88,1,1va:ram,va:ram,response,manual cell-by-cell visual transcription from rendered canonical scan; OCR/text layer used only as a locating scaffold,manually_verified,high,installed,,1,va:ram,silkondadora2012:125:K:1,Konda,sil-konda-dora-1987-koraput,"blair-george2012kondadora[Appendix 9.5, PDF p. 93, printed p. 88, item 125 (week), list K]",
blair-george2012kondadora,125,125,week,Visakh,target,93,88,1,1va:ram,va:ram,response,manual cell-by-cell visual transcription from rendered canonical scan; OCR/text layer used only as a locating scaffold,manually_verified,high,installed,,1,va:ram,silkondadora2012:125:V:1,Konda,sil-konda-dora-1987-visakh,"blair-george2012kondadora[Appendix 9.5, PDF p. 93, printed p. 88, item 125 (week), list V]",
blair-george2012kondadora,125,125,week,Telugu,comparison control,102,97,1,1va:ramu,va:ramu,response,manual cell-by-cell visual transcription from rendered canonical scan; OCR/text layer used only as a locating scaffold,manually_verified,high,excluded,Telugu comparison control,0,,,,,"blair-george2012kondadora[Appendix 9.5, PDF p. 102, printed p. 97, item 125 (week), list T]",
blair-george2012kondadora,125,125,week,Adivasi_Oriya,comparison control,102,97,,a:ṭ,a:ṭ,response,manual cell-by-cell visual transcription from rendered canonical scan; OCR/text layer used only as a locating scaffold,manually_verified,high,excluded,Adivasi Oriya (Kotia Oriya) comparison control,0,,,,,"blair-george2012kondadora[Appendix 9.5, PDF p. 102, printed p. 97, item 125 (week), list O]",
blair-george2012kondadora,126,126,month,Koraput,target,94,89,1,1ne:ndzu,ne:ndzu,response,manual cell-by-cell visual transcription from rendered canonical scan; OCR/text layer used only as a locating scaffold,manually_verified,high,installed,,1,ne:ndzu,silkondadora2012:126:K:1,Konda,sil-konda-dora-1987-koraput,"blair-george2012kondadora[Appendix 9.5, PDF p. 94, printed p. 89, item 126 (month), list K]",
blair-george2012kondadora,126,126,month,Visakh,target,94,89,2,2ṇela,ṇela,response,manual cell-by-cell visual transcription from rendered canonical scan; OCR/text layer used only as a locating scaffold,manually_verified,high,installed,,1,ṇela,silkondadora2012:126:V:1,Konda,sil-konda-dora-1987-visakh,"blair-george2012kondadora[Appendix 9.5, PDF p. 94, printed p. 89, item 126 (month), list V]",
blair-george2012kondadora,126,126,month,Telugu,comparison control,103,98,2,2nela,nela,response,manual cell-by-cell visual transcription from rendered canonical scan; OCR/text layer used only as a locating scaffold,manually_verified,high,excluded,Telugu comparison control,0,,,,,"blair-george2012kondadora[Appendix 9.5, PDF p. 103, printed p. 98, item 126 (month), list T]",
blair-george2012kondadora,126,126,month,Adivasi_Oriya,comparison control,103,98,,mase:k,mase:k,response,manual cell-by-cell visual transcription from rendered canonical scan; OCR/text layer used only as a locating scaffold,manually_verified,high,excluded,Adivasi Oriya (Kotia Oriya) comparison control,0,,,,,"blair-george2012kondadora[Appendix 9.5, PDF p. 103, printed p. 98, item 126 (month), list O]",
blair-george2012kondadora,127,127,year,Koraput,target,94,89,1,1je:ṇḍa,je:ṇḍa,response,manual cell-by-cell visual transcription from rendered canonical scan; OCR/text layer used only as a locating scaffold,manually_verified,high,installed,,1,je:ṇḍa,silkondadora2012:127:K:1,Konda,sil-konda-dora-1987-koraput,"blair-george2012kondadora[Appendix 9.5, PDF p. 94, printed p. 89, item 127 (year), list K]",
blair-george2012kondadora,127,127,year,Visakh,target,94,89,1,1je:ṇḍaḍ,je:ṇḍaḍ,response,manual cell-by-cell visual transcription from rendered canonical scan; OCR/text layer used only as a locating scaffold,manually_verified,high,installed,,1,je:ṇḍaḍ,silkondadora2012:127:V:1,Konda,sil-konda-dora-1987-visakh,"blair-george2012kondadora[Appendix 9.5, PDF p. 94, printed p. 89, item 127 (year), list V]",
blair-george2012kondadora,127,127,year,Telugu,comparison control,103,98,2,2savaṭsaramu,savaṭsaramu,response,manual cell-by-cell visual transcription from rendered canonical scan; OCR/text layer used only as a locating scaffold,manually_verified,high,excluded,Telugu comparison control,0,,,,,"blair-george2012kondadora[Appendix 9.5, PDF p. 103, printed p. 98, item 127 (year), list T]",
blair-george2012kondadora,127,127,year,Adivasi_Oriya,comparison control,103,98,,boros,boros,response,manual cell-by-cell visual transcription from rendered canonical scan; OCR/text layer used only as a locating scaffold,manually_verified,high,excluded,Adivasi Oriya (Kotia Oriya) comparison control,0,,,,,"blair-george2012kondadora[Appendix 9.5, PDF p. 103, printed p. 98, item 127 (year), list O]",
blair-george2012kondadora,128,128,old,Koraput,target,94,89,1,1paḍajika,paḍajika,response,manual cell-by-cell visual transcription from rendered canonical scan; OCR/text layer used only as a locating scaffold,manually_verified,high,installed,,1,paḍajika,silkondadora2012:128:K:1,Konda,sil-konda-dora-1987-koraput,"blair-george2012kondadora[Appendix 9.5, PDF p. 94, printed p. 89, item 128 (old), list K]",
blair-george2012kondadora,128,128,old,Visakh,target,94,89,1,1paɽajika,paɽajika,response,manual cell-by-cell visual transcription from rendered canonical scan; OCR/text layer used only as a locating scaffold,manually_verified,high,installed,,1,paɽajika,silkondadora2012:128:V:1,Konda,sil-konda-dora-1987-visakh,"blair-george2012kondadora[Appendix 9.5, PDF p. 94, printed p. 89, item 128 (old), list V]",
blair-george2012kondadora,128,128,old,Telugu,comparison control,103,98,2,2pa:ṭa,pa:ṭa,response,manual cell-by-cell visual transcription from rendered canonical scan; OCR/text layer used only as a locating scaffold,manually_verified,high,excluded,Telugu comparison control,0,,,,,"blair-george2012kondadora[Appendix 9.5, PDF p. 103, printed p. 98, item 128 (old), list T]",
blair-george2012kondadora,128,128,old,Adivasi_Oriya,comparison control,103,98,,porna:ṭa,porna:ṭa,response,manual cell-by-cell visual transcription from rendered canonical scan; OCR/text layer used only as a locating scaffold,manually_verified,high,excluded,Adivasi Oriya (Kotia Oriya) comparison control,0,,,,,"blair-george2012kondadora[Appendix 9.5, PDF p. 103, printed p. 98, item 128 (old), list O]",
blair-george2012kondadora,129,129,new,Koraput,target,94,89,1,1pu:nika,pu:nika,response,manual cell-by-cell visual transcription from rendered canonical scan; OCR/text layer used only as a locating scaffold,manually_verified,high,installed,,1,pu:nika,silkondadora2012:129:K:1,Konda,sil-konda-dora-1987-koraput,"blair-george2012kondadora[Appendix 9.5, PDF p. 94, printed p. 89, item 129 (new), list K]",
blair-george2012kondadora,129,129,new,Visakh,target,94,89,2,2koṭa:ka,koṭa:ka,response,manual cell-by-cell visual transcription from rendered canonical scan; OCR/text layer used only as a locating scaffold,manually_verified,high,installed,,1,koṭa:ka,silkondadora2012:129:V:1,Konda,sil-konda-dora-1987-visakh,"blair-george2012kondadora[Appendix 9.5, PDF p. 94, printed p. 89, item 129 (new), list V]",
blair-george2012kondadora,129,129,new,Telugu,comparison control,103,98,2,2koṭa,koṭa,response,manual cell-by-cell visual transcription from rendered canonical scan; OCR/text layer used only as a locating scaffold,manually_verified,high,excluded,Telugu comparison control,0,,,,,"blair-george2012kondadora[Appendix 9.5, PDF p. 103, printed p. 98, item 129 (new), list T]",
blair-george2012kondadora,129,129,new,Adivasi_Oriya,comparison control,103,98,,nua:ṭa,nua:ṭa,response,manual cell-by-cell visual transcription from rendered canonical scan; OCR/text layer used only as a locating scaffold,manually_verified,high,excluded,Adivasi Oriya (Kotia Oriya) comparison control,0,,,,,"blair-george2012kondadora[Appendix 9.5, PDF p. 103, printed p. 98, item 129 (new), list O]",
blair-george2012kondadora,130,130,good,Koraput,target,94,89,1,1negika,negika,response,manual cell-by-cell visual transcription from rendered canonical scan; OCR/text layer used only as a locating scaffold,manually_verified,high,installed,,1,negika,silkondadora2012:130:K:1,Konda,sil-konda-dora-1987-koraput,"blair-george2012kondadora[Appendix 9.5, PDF p. 94, printed p. 89, item 130 (good), list K]",
blair-george2012kondadora,130,130,good,Visakh,target,94,89,1,1negika,negika,response,manual cell-by-cell visual transcription from rendered canonical scan; OCR/text layer used only as a locating scaffold,manually_verified,high,installed,,1,negika,silkondadora2012:130:V:1,Konda,sil-konda-dora-1987-visakh,"blair-george2012kondadora[Appendix 9.5, PDF p. 94, printed p. 89, item 130 (good), list V]",
blair-george2012kondadora,130,130,good,Telugu,comparison control,103,98,2,2mantʃi,mantʃi,response,manual cell-by-cell visual transcription from rendered canonical scan; OCR/text layer used only as a locating scaffold,manually_verified,high,excluded,Telugu comparison control,0,,,,,"blair-george2012kondadora[Appendix 9.5, PDF p. 103, printed p. 98, item 130 (good), list T]",
blair-george2012kondadora,130,130,good,Adivasi_Oriya,comparison control,103,98,,bo:l,bo:l,response,manual cell-by-cell visual transcription from rendered canonical scan; OCR/text layer used only as a locating scaffold,manually_verified,high,excluded,Adivasi Oriya (Kotia Oriya) comparison control,0,,,,,"blair-george2012kondadora[Appendix 9.5, PDF p. 103, printed p. 98, item 130 (good), list O]",
blair-george2012kondadora,131,131,bad,Koraput,target,94,89,1,1se?ika,se?ika,response,manual cell-by-cell visual transcription from rendered canonical scan; OCR/text layer used only as a locating scaffold,manually_verified,high,installed,,1,se?ika,silkondadora2012:131:K:1,Konda,sil-konda-dora-1987-koraput,"blair-george2012kondadora[Appendix 9.5, PDF p. 94, printed p. 89, item 131 (bad), list K]",
blair-george2012kondadora,131,131,bad,Visakh,target,94,89,1,1se?ika,se?ika,response,manual cell-by-cell visual transcription from rendered canonical scan; OCR/text layer used only as a locating scaffold,manually_verified,high,installed,,1,se?ika,silkondadora2012:131:V:1,Konda,sil-konda-dora-1987-visakh,"blair-george2012kondadora[Appendix 9.5, PDF p. 94, printed p. 89, item 131 (bad), list V]",
blair-george2012kondadora,131,131,bad,Telugu,comparison control,103,98,2,2tʃeḍa,tʃeḍa,response,manual cell-by-cell visual transcription from rendered canonical scan; OCR/text layer used only as a locating scaffold,manually_verified,high,excluded,Telugu comparison control,0,,,,,"blair-george2012kondadora[Appendix 9.5, PDF p. 103, printed p. 98, item 131 (bad), list T]",
blair-george2012kondadora,131,131,bad,Adivasi_Oriya,comparison control,103,98,,bo:lnaj,bo:lnaj,response,manual cell-by-cell visual transcription from rendered canonical scan; OCR/text layer used only as a locating scaffold,manually_verified,high,excluded,Adivasi Oriya (Kotia Oriya) comparison control,0,,,,,"blair-george2012kondadora[Appendix 9.5, PDF p. 103, printed p. 98, item 131 (bad), list O]",
blair-george2012kondadora,132,132,wet,Koraput,target,94,89,1,1u:ḍiṭika,u:ḍiṭika,response,manual cell-by-cell visual transcription from rendered canonical scan; OCR/text layer used only as a locating scaffold,manually_verified,high,installed,,1,u:ḍiṭika,silkondadora2012:132:K:1,Konda,sil-konda-dora-1987-koraput,"blair-george2012kondadora[Appendix 9.5, PDF p. 94, printed p. 89, item 132 (wet), list K]",
blair-george2012kondadora,132,132,wet,Visakh,target,94,89,1,1u:ḍiṭika,u:ḍiṭika,response,manual cell-by-cell visual transcription from rendered canonical scan; OCR/text layer used only as a locating scaffold,manually_verified,high,installed,,1,u:ḍiṭika,silkondadora2012:132:V:1,Konda,sil-konda-dora-1987-visakh,"blair-george2012kondadora[Appendix 9.5, PDF p. 94, printed p. 89, item 132 (wet), list V]",
blair-george2012kondadora,132,132,wet,Telugu,comparison control,103,98,2,2ṭaḍi,ṭaḍi,response,manual cell-by-cell visual transcription from rendered canonical scan; OCR/text layer used only as a locating scaffold,manually_verified,high,excluded,Telugu comparison control,0,,,,,"blair-george2012kondadora[Appendix 9.5, PDF p. 103, printed p. 98, item 132 (wet), list T]",
blair-george2012kondadora,132,132,wet,Adivasi_Oriya,comparison control,103,98,,ḍaṭambidzila,ḍaṭambidzila,response,manual cell-by-cell visual transcription from rendered canonical scan; OCR/text layer used only as a locating scaffold,manually_verified,high,excluded,Adivasi Oriya (Kotia Oriya) comparison control,0,,,,,"blair-george2012kondadora[Appendix 9.5, PDF p. 103, printed p. 98, item 132 (wet), list O]",
blair-george2012kondadora,133,133,dry,Koraput,target,94,89,1,1vahṭika,vahṭika,response,manual cell-by-cell visual transcription from rendered canonical scan; OCR/text layer used only as a locating scaffold,manually_verified,high,installed,,1,vahṭika,silkondadora2012:133:K:1,Konda,sil-konda-dora-1987-koraput,"blair-george2012kondadora[Appendix 9.5, PDF p. 94, printed p. 89, item 133 (dry), list K]",
blair-george2012kondadora,133,133,dry,Visakh,target,94,89,1,1vahṭika,vahṭika,response,manual cell-by-cell visual transcription from rendered canonical scan; OCR/text layer used only as a locating scaffold,manually_verified,high,installed,,1,vahṭika,silkondadora2012:133:V:1,Konda,sil-konda-dora-1987-visakh,"blair-george2012kondadora[Appendix 9.5, PDF p. 94, printed p. 89, item 133 (dry), list V]",
blair-george2012kondadora,133,133,dry,Telugu,comparison control,103,98,2,2poḍi,poḍi,response,manual cell-by-cell visual transcription from rendered canonical scan; OCR/text layer used only as a locating scaffold,manually_verified,high,excluded,Telugu comparison control,0,,,,,"blair-george2012kondadora[Appendix 9.5, PDF p. 103, printed p. 98, item 133 (dry), list T]",
blair-george2012kondadora,133,133,dry,Adivasi_Oriya,comparison control,103,98,,sukla,sukla,response,manual cell-by-cell visual transcription from rendered canonical scan; OCR/text layer used only as a locating scaffold,manually_verified,high,excluded,Adivasi Oriya (Kotia Oriya) comparison control,0,,,,,"blair-george2012kondadora[Appendix 9.5, PDF p. 103, printed p. 98, item 133 (dry), list O]",
blair-george2012kondadora,134,134,long,Koraput,target,94,89,1,1nirika,nirika,response,manual cell-by-cell visual transcription from rendered canonical scan; OCR/text layer used only as a locating scaffold,manually_verified,high,installed,,1,nirika,silkondadora2012:134:K:1,Konda,sil-konda-dora-1987-koraput,"blair-george2012kondadora[Appendix 9.5, PDF p. 94, printed p. 89, item 134 (long), list K]",
blair-george2012kondadora,134,134,long,Visakh,target,94,89,1,1nirika,nirika,response,manual cell-by-cell visual transcription from rendered canonical scan; OCR/text layer used only as a locating scaffold,manually_verified,high,installed,,1,nirika,silkondadora2012:134:V:1,Konda,sil-konda-dora-1987-visakh,"blair-george2012kondadora[Appendix 9.5, PDF p. 94, printed p. 89, item 134 (long), list V]",
blair-george2012kondadora,134,134,long,Telugu,comparison control,103,98,2,2poḍavu,poḍavu,response,manual cell-by-cell visual transcription from rendered canonical scan; OCR/text layer used only as a locating scaffold,manually_verified,high,excluded,Telugu comparison control,0,,,,,"blair-george2012kondadora[Appendix 9.5, PDF p. 103, printed p. 98, item 134 (long), list T]",
blair-george2012kondadora,134,134,long,Adivasi_Oriya,comparison control,103,98,,----,,blank,manual cell-by-cell visual transcription from rendered canonical scan; OCR/text layer used only as a locating scaffold,manually_verified,high,excluded,source prints ‘----’ (no response),0,,,,,"blair-george2012kondadora[Appendix 9.5, PDF p. 103, printed p. 98, item 134 (long), list O]",
blair-george2012kondadora,135,135,short,Koraput,target,94,89,1,1kurika,kurika,response,manual cell-by-cell visual transcription from rendered canonical scan; OCR/text layer used only as a locating scaffold,manually_verified,high,installed,,1,kurika,silkondadora2012:135:K:1,Konda,sil-konda-dora-1987-koraput,"blair-george2012kondadora[Appendix 9.5, PDF p. 94, printed p. 89, item 135 (short), list K]",
blair-george2012kondadora,135,135,short,Visakh,target,94,89,1,1kurika,kurika,response,manual cell-by-cell visual transcription from rendered canonical scan; OCR/text layer used only as a locating scaffold,manually_verified,high,installed,,1,kurika,silkondadora2012:135:V:1,Konda,sil-konda-dora-1987-visakh,"blair-george2012kondadora[Appendix 9.5, PDF p. 94, printed p. 89, item 135 (short), list V]",
blair-george2012kondadora,135,135,short,Telugu,comparison control,103,98,2,2poṭi,poṭi,response,manual cell-by-cell visual transcription from rendered canonical scan; OCR/text layer used only as a locating scaffold,manually_verified,high,excluded,Telugu comparison control,0,,,,,"blair-george2012kondadora[Appendix 9.5, PDF p. 103, printed p. 98, item 135 (short), list T]",
blair-george2012kondadora,135,135,short,Adivasi_Oriya,comparison control,103,98,,----,,blank,manual cell-by-cell visual transcription from rendered canonical scan; OCR/text layer used only as a locating scaffold,manually_verified,high,excluded,source prints ‘----’ (no response),0,,,,,"blair-george2012kondadora[Appendix 9.5, PDF p. 103, printed p. 98, item 135 (short), list O]",
blair-george2012kondadora,136,136,hot,Koraput,target,94,89,1,1usum,usum,response,manual cell-by-cell visual transcription from rendered canonical scan; OCR/text layer used only as a locating scaffold,manually_verified,high,installed,,1,usum,silkondadora2012:136:K:1,Konda,sil-konda-dora-1987-koraput,"blair-george2012kondadora[Appendix 9.5, PDF p. 94, printed p. 89, item 136 (hot), list K]",
blair-george2012kondadora,136,136,hot,Visakh,target,94,89,2,2vesnika,vesnika,response,manual cell-by-cell visual transcription from rendered canonical scan; OCR/text layer used only as a locating scaffold,manually_verified,high,installed,,1,vesnika,silkondadora2012:136:V:1,Konda,sil-konda-dora-1987-visakh,"blair-george2012kondadora[Appendix 9.5, PDF p. 94, printed p. 89, item 136 (hot), list V]",
blair-george2012kondadora,136,136,hot,Telugu,comparison control,103,98,2,2ve:ḍi,ve:ḍi,response,manual cell-by-cell visual transcription from rendered canonical scan; OCR/text layer used only as a locating scaffold,manually_verified,high,excluded,Telugu comparison control,0,,,,,"blair-george2012kondadora[Appendix 9.5, PDF p. 103, printed p. 98, item 136 (hot), list T]",
blair-george2012kondadora,136,136,hot,Adivasi_Oriya,comparison control,103,98,,ṭop,ṭop,response,manual cell-by-cell visual transcription from rendered canonical scan; OCR/text layer used only as a locating scaffold,manually_verified,high,excluded,Adivasi Oriya (Kotia Oriya) comparison control,0,,,,,"blair-george2012kondadora[Appendix 9.5, PDF p. 103, printed p. 98, item 136 (hot), list O]",
blair-george2012kondadora,137,137,cold,Koraput,target,94,89,1,1salanika,salanika,response,manual cell-by-cell visual transcription from rendered canonical scan; OCR/text layer used only as a locating scaffold,manually_verified,high,installed,,1,salanika,silkondadora2012:137:K:1,Konda,sil-konda-dora-1987-koraput,"blair-george2012kondadora[Appendix 9.5, PDF p. 94, printed p. 89, item 137 (cold), list K]",
blair-george2012kondadora,137,137,cold,Visakh,target,94,89,1,1salanika,salanika,response,manual cell-by-cell visual transcription from rendered canonical scan; OCR/text layer used only as a locating scaffold,manually_verified,high,installed,,1,salanika,silkondadora2012:137:V:1,Konda,sil-konda-dora-1987-visakh,"blair-george2012kondadora[Appendix 9.5, PDF p. 94, printed p. 89, item 137 (cold), list V]",
blair-george2012kondadora,137,137,cold,Telugu,comparison control,103,98,1,1tʃal:ani,tʃal:ani,response,manual cell-by-cell visual transcription from rendered canonical scan; OCR/text layer used only as a locating scaffold,manually_verified,high,excluded,Telugu comparison control,0,,,,,"blair-george2012kondadora[Appendix 9.5, PDF p. 103, printed p. 98, item 137 (cold), list T]",
blair-george2012kondadora,137,137,cold,Adivasi_Oriya,comparison control,103,98,,kakor,kakor,response,manual cell-by-cell visual transcription from rendered canonical scan; OCR/text layer used only as a locating scaffold,manually_verified,high,excluded,Adivasi Oriya (Kotia Oriya) comparison control,0,,,,,"blair-george2012kondadora[Appendix 9.5, PDF p. 103, printed p. 98, item 137 (cold), list O]",
blair-george2012kondadora,138,138,right,Koraput,target,94,89,1,1uṇer,uṇer,response,manual cell-by-cell visual transcription from rendered canonical scan; OCR/text layer used only as a locating scaffold,manually_verified,high,installed,,1,uṇer,silkondadora2012:138:K:1,Konda,sil-konda-dora-1987-koraput,"blair-george2012kondadora[Appendix 9.5, PDF p. 94, printed p. 89, item 138 (right), list K]",
blair-george2012kondadora,138,138,right,Visakh,target,94,89,1,1uṇer,uṇer,response,manual cell-by-cell visual transcription from rendered canonical scan; OCR/text layer used only as a locating scaffold,manually_verified,high,installed,,1,uṇer,silkondadora2012:138:V:1,Konda,sil-konda-dora-1987-visakh,"blair-george2012kondadora[Appendix 9.5, PDF p. 94, printed p. 89, item 138 (right), list V]",
blair-george2012kondadora,138,138,right,Telugu,comparison control,103,98,2,2kuḍi,kuḍi,response,manual cell-by-cell visual transcription from rendered canonical scan; OCR/text layer used only as a locating scaffold,manually_verified,high,excluded,Telugu comparison control,0,,,,,"blair-george2012kondadora[Appendix 9.5, PDF p. 103, printed p. 98, item 138 (right), list T]",
blair-george2012kondadora,138,138,right,Adivasi_Oriya,comparison control,103,98,,udza,udza,response,manual cell-by-cell visual transcription from rendered canonical scan; OCR/text layer used only as a locating scaffold,manually_verified,high,excluded,Adivasi Oriya (Kotia Oriya) comparison control,0,,,,,"blair-george2012kondadora[Appendix 9.5, PDF p. 103, printed p. 98, item 138 (right), list O]",
blair-george2012kondadora,139,139,left,Koraput,target,94,89,1,1ḍebra,ḍebra,response,manual cell-by-cell visual transcription from rendered canonical scan; OCR/text layer used only as a locating scaffold,manually_verified,high,installed,,1,ḍebra,silkondadora2012:139:K:1,Konda,sil-konda-dora-1987-koraput,"blair-george2012kondadora[Appendix 9.5, PDF p. 94, printed p. 89, item 139 (left), list K]",
blair-george2012kondadora,139,139,left,Visakh,target,94,89,1,1ḍebra,ḍebra,response,manual cell-by-cell visual transcription from rendered canonical scan; OCR/text layer used only as a locating scaffold,manually_verified,high,installed,,1,ḍebra,silkondadora2012:139:V:1,Konda,sil-konda-dora-1987-visakh,"blair-george2012kondadora[Appendix 9.5, PDF p. 94, printed p. 89, item 139 (left), list V]",
blair-george2012kondadora,139,139,left,Telugu,comparison control,103,98,2,2eḍamu,eḍamu,response,manual cell-by-cell visual transcription from rendered canonical scan; OCR/text layer used only as a locating scaffold,manually_verified,high,excluded,Telugu comparison control,0,,,,,"blair-george2012kondadora[Appendix 9.5, PDF p. 103, printed p. 98, item 139 (left), list T]",
blair-george2012kondadora,139,139,left,Adivasi_Oriya,comparison control,103,98,,ḍeba,ḍeba,response,manual cell-by-cell visual transcription from rendered canonical scan; OCR/text layer used only as a locating scaffold,manually_verified,high,excluded,Adivasi Oriya (Kotia Oriya) comparison control,0,,,,,"blair-george2012kondadora[Appendix 9.5, PDF p. 103, printed p. 98, item 139 (left), list O]",
blair-george2012kondadora,140,140,near,Koraput,target,94,89,1,1ḍagru,ḍagru,response,manual cell-by-cell visual transcription from rendered canonical scan; OCR/text layer used only as a locating scaffold,manually_verified,high,installed,,1,ḍagru,silkondadora2012:140:K:1,Konda,sil-konda-dora-1987-koraput,"blair-george2012kondadora[Appendix 9.5, PDF p. 94, printed p. 89, item 140 (near), list K]",
blair-george2012kondadora,140,140,near,Visakh,target,94,89,1,1ḍagru,ḍagru,response,manual cell-by-cell visual transcription from rendered canonical scan; OCR/text layer used only as a locating scaffold,manually_verified,high,installed,,1,ḍagru,silkondadora2012:140:V:1,Konda,sil-konda-dora-1987-visakh,"blair-george2012kondadora[Appendix 9.5, PDF p. 94, printed p. 89, item 140 (near), list V]",
blair-george2012kondadora,140,140,near,Telugu,comparison control,103,98,1,1ḍagra,ḍagra,response,manual cell-by-cell visual transcription from rendered canonical scan; OCR/text layer used only as a locating scaffold,manually_verified,high,excluded,Telugu comparison control,0,,,,,"blair-george2012kondadora[Appendix 9.5, PDF p. 103, printed p. 98, item 140 (near), list T]",
blair-george2012kondadora,140,140,near,Adivasi_Oriya,comparison control,103,98,,loge,loge,response,manual cell-by-cell visual transcription from rendered canonical scan; OCR/text layer used only as a locating scaffold,manually_verified,high,excluded,Adivasi Oriya (Kotia Oriya) comparison control,0,,,,,"blair-george2012kondadora[Appendix 9.5, PDF p. 103, printed p. 98, item 140 (near), list O]",
blair-george2012kondadora,141,141,far,Koraput,target,94,89,1,1ako,ako,response,manual cell-by-cell visual transcription from rendered canonical scan; OCR/text layer used only as a locating scaffold,manually_verified,high,installed,,1,ako,silkondadora2012:141:K:1,Konda,sil-konda-dora-1987-koraput,"blair-george2012kondadora[Appendix 9.5, PDF p. 94, printed p. 89, item 141 (far), list K]",
blair-george2012kondadora,141,141,far,Visakh,target,94,89,2,2ḍu:ram,ḍu:ram,response,manual cell-by-cell visual transcription from rendered canonical scan; OCR/text layer used only as a locating scaffold,manually_verified,high,installed,,1,ḍu:ram,silkondadora2012:141:V:1,Konda,sil-konda-dora-1987-visakh,"blair-george2012kondadora[Appendix 9.5, PDF p. 94, printed p. 89, item 141 (far), list V]",
blair-george2012kondadora,141,141,far,Telugu,comparison control,103,98,2,2du:ramu,du:ramu,response,manual cell-by-cell visual transcription from rendered canonical scan; OCR/text layer used only as a locating scaffold,manually_verified,high,excluded,Telugu comparison control,0,,,,,"blair-george2012kondadora[Appendix 9.5, PDF p. 103, printed p. 98, item 141 (far), list T]",
blair-george2012kondadora,141,141,far,Adivasi_Oriya,comparison control,103,98,,ḍu:r,ḍu:r,response,manual cell-by-cell visual transcription from rendered canonical scan; OCR/text layer used only as a locating scaffold,manually_verified,high,excluded,Adivasi Oriya (Kotia Oriya) comparison control,0,,,,,"blair-george2012kondadora[Appendix 9.5, PDF p. 103, printed p. 98, item 141 (far), list O]",
blair-george2012kondadora,142,142,big,Koraput,target,94,89,1,1perika,perika,response,manual cell-by-cell visual transcription from rendered canonical scan; OCR/text layer used only as a locating scaffold,manually_verified,high,installed,,1,perika,silkondadora2012:142:K:1,Konda,sil-konda-dora-1987-koraput,"blair-george2012kondadora[Appendix 9.5, PDF p. 94, printed p. 89, item 142 (big), list K]",
blair-george2012kondadora,142,142,big,Visakh,target,94,89,1,1perika,perika,response,manual cell-by-cell visual transcription from rendered canonical scan; OCR/text layer used only as a locating scaffold,manually_verified,high,installed,,1,perika,silkondadora2012:142:V:1,Konda,sil-konda-dora-1987-visakh,"blair-george2012kondadora[Appendix 9.5, PDF p. 94, printed p. 89, item 142 (big), list V]",
blair-george2012kondadora,142,142,big,Telugu,comparison control,103,98,2,2peḍa,peḍa,response,manual cell-by-cell visual transcription from rendered canonical scan; OCR/text layer used only as a locating scaffold,manually_verified,high,excluded,Telugu comparison control,0,,,,,"blair-george2012kondadora[Appendix 9.5, PDF p. 103, printed p. 98, item 142 (big), list T]",
blair-george2012kondadora,142,142,big,Adivasi_Oriya,comparison control,103,98,,----,,blank,manual cell-by-cell visual transcription from rendered canonical scan; OCR/text layer used only as a locating scaffold,manually_verified,high,excluded,source prints ‘----’ (no response),0,,,,,"blair-george2012kondadora[Appendix 9.5, PDF p. 103, printed p. 98, item 142 (big), list O]",
blair-george2012kondadora,143,143,small,Koraput,target,94,89,1,1idzirika,idzirika,response,manual cell-by-cell visual transcription from rendered canonical scan; OCR/text layer used only as a locating scaffold,manually_verified,high,installed,,1,idzirika,silkondadora2012:143:K:1,Konda,sil-konda-dora-1987-koraput,"blair-george2012kondadora[Appendix 9.5, PDF p. 94, printed p. 89, item 143 (small), list K]",
blair-george2012kondadora,143,143,small,Visakh,target,94,89,1,1idzirika,idzirika,response,manual cell-by-cell visual transcription from rendered canonical scan; OCR/text layer used only as a locating scaffold,manually_verified,high,installed,,1,idzirika,silkondadora2012:143:V:1,Konda,sil-konda-dora-1987-visakh,"blair-george2012kondadora[Appendix 9.5, PDF p. 94, printed p. 89, item 143 (small), list V]",
blair-george2012kondadora,143,143,small,Telugu,comparison control,103,98,2,2tʃin:a,tʃin:a,response,manual cell-by-cell visual transcription from rendered canonical scan; OCR/text layer used only as a locating scaffold,manually_verified,high,excluded,Telugu comparison control,0,,,,,"blair-george2012kondadora[Appendix 9.5, PDF p. 103, printed p. 98, item 143 (small), list T]",
blair-george2012kondadora,143,143,small,Adivasi_Oriya,comparison control,103,98,,santa,santa,response,manual cell-by-cell visual transcription from rendered canonical scan; OCR/text layer used only as a locating scaffold,manually_verified,high,excluded,Adivasi Oriya (Kotia Oriya) comparison control,0,,,,,"blair-george2012kondadora[Appendix 9.5, PDF p. 103, printed p. 98, item 143 (small), list O]",
blair-george2012kondadora,144,144,heavy,Koraput,target,94,89,1,1baru,baru,response,manual cell-by-cell visual transcription from rendered canonical scan; OCR/text layer used only as a locating scaffold,manually_verified,high,installed,,1,baru,silkondadora2012:144:K:1,Konda,sil-konda-dora-1987-koraput,"blair-george2012kondadora[Appendix 9.5, PDF p. 94, printed p. 89, item 144 (heavy), list K]",
blair-george2012kondadora,144,144,heavy,Visakh,target,94,89,1,1baru,baru,response,manual cell-by-cell visual transcription from rendered canonical scan; OCR/text layer used only as a locating scaffold,manually_verified,high,installed,,1,baru,silkondadora2012:144:V:1,Konda,sil-konda-dora-1987-visakh,"blair-george2012kondadora[Appendix 9.5, PDF p. 94, printed p. 89, item 144 (heavy), list V]",
blair-george2012kondadora,144,144,heavy,Telugu,comparison control,103,98,1,1baru,baru,response,manual cell-by-cell visual transcription from rendered canonical scan; OCR/text layer used only as a locating scaffold,manually_verified,high,excluded,Telugu comparison control,0,,,,,"blair-george2012kondadora[Appendix 9.5, PDF p. 103, printed p. 98, item 144 (heavy), list T]",
blair-george2012kondadora,144,144,heavy,Adivasi_Oriya,comparison control,103,98,,----,,blank,manual cell-by-cell visual transcription from rendered canonical scan; OCR/text layer used only as a locating scaffold,manually_verified,high,excluded,source prints ‘----’ (no response),0,,,,,"blair-george2012kondadora[Appendix 9.5, PDF p. 103, printed p. 98, item 144 (heavy), list O]",
blair-george2012kondadora,145,145,light,Koraput,target,94,89,1,1suḷukaŋ,suḷukaŋ,response,manual cell-by-cell visual transcription from rendered canonical scan; OCR/text layer used only as a locating scaffold,manually_verified,high,installed,,1,suḷukaŋ,silkondadora2012:145:K:1,Konda,sil-konda-dora-1987-koraput,"blair-george2012kondadora[Appendix 9.5, PDF p. 94, printed p. 89, item 145 (light), list K]",
blair-george2012kondadora,145,145,light,Visakh,target,94,89,1,1suḷkaŋ,suḷkaŋ,response,manual cell-by-cell visual transcription from rendered canonical scan; OCR/text layer used only as a locating scaffold,manually_verified,high,installed,,1,suḷkaŋ,silkondadora2012:145:V:1,Konda,sil-konda-dora-1987-visakh,"blair-george2012kondadora[Appendix 9.5, PDF p. 94, printed p. 89, item 145 (light), list V]",
blair-george2012kondadora,145,145,light,Telugu,comparison control,103,98,2,2te:lika,te:lika,response,manual cell-by-cell visual transcription from rendered canonical scan; OCR/text layer used only as a locating scaffold,manually_verified,high,excluded,Telugu comparison control,0,,,,,"blair-george2012kondadora[Appendix 9.5, PDF p. 103, printed p. 98, item 145 (light), list T]",
blair-george2012kondadora,145,145,light,Adivasi_Oriya,comparison control,103,98,,----,,blank,manual cell-by-cell visual transcription from rendered canonical scan; OCR/text layer used only as a locating scaffold,manually_verified,high,excluded,source prints ‘----’ (no response),0,,,,,"blair-george2012kondadora[Appendix 9.5, PDF p. 103, printed p. 98, item 145 (light), list O]",
blair-george2012kondadora,146,146,above,Koraput,target,94,89,1,1musku,musku,response,manual cell-by-cell visual transcription from rendered canonical scan; OCR/text layer used only as a locating scaffold,manually_verified,high,installed,,1,musku,silkondadora2012:146:K:1,Konda,sil-konda-dora-1987-koraput,"blair-george2012kondadora[Appendix 9.5, PDF p. 94, printed p. 89, item 146 (above), list K]",
blair-george2012kondadora,146,146,above,Visakh,target,94,89,1,1musku,musku,response,manual cell-by-cell visual transcription from rendered canonical scan; OCR/text layer used only as a locating scaffold,manually_verified,high,installed,,1,musku,silkondadora2012:146:V:1,Konda,sil-konda-dora-1987-visakh,"blair-george2012kondadora[Appendix 9.5, PDF p. 94, printed p. 89, item 146 (above), list V]",
blair-george2012kondadora,146,146,above,Telugu,comparison control,103,98,2,2eṭuna/pajna,eṭuna/pajna,response,manual cell-by-cell visual transcription from rendered canonical scan; OCR/text layer used only as a locating scaffold,manually_verified,high,excluded,Telugu comparison control,0,,,,,"blair-george2012kondadora[Appendix 9.5, PDF p. 103, printed p. 98, item 146 (above), list T]",
blair-george2012kondadora,146,146,above,Adivasi_Oriya,comparison control,103,98,,----,,blank,manual cell-by-cell visual transcription from rendered canonical scan; OCR/text layer used only as a locating scaffold,manually_verified,high,excluded,source prints ‘----’ (no response),0,,,,,"blair-george2012kondadora[Appendix 9.5, PDF p. 103, printed p. 98, item 146 (above), list O]",
blair-george2012kondadora,147,147,below,Koraput,target,94,89,1,1aḍgi,aḍgi,response,manual cell-by-cell visual transcription from rendered canonical scan; OCR/text layer used only as a locating scaffold,manually_verified,high,installed,,1,aḍgi,silkondadora2012:147:K:1,Konda,sil-konda-dora-1987-koraput,"blair-george2012kondadora[Appendix 9.5, PDF p. 94, printed p. 89, item 147 (below), list K]",
blair-george2012kondadora,147,147,below,Visakh,target,94,89,1,1aḍgi,aḍgi,response,manual cell-by-cell visual transcription from rendered canonical scan; OCR/text layer used only as a locating scaffold,manually_verified,high,installed,,1,aḍgi,silkondadora2012:147:V:1,Konda,sil-konda-dora-1987-visakh,"blair-george2012kondadora[Appendix 9.5, PDF p. 94, printed p. 89, item 147 (below), list V]",
blair-george2012kondadora,147,147,below,Telugu,comparison control,103,98,2,2kiṇḍa,kiṇḍa,response,manual cell-by-cell visual transcription from rendered canonical scan; OCR/text layer used only as a locating scaffold,manually_verified,high,excluded,Telugu comparison control,0,,,,,"blair-george2012kondadora[Appendix 9.5, PDF p. 103, printed p. 98, item 147 (below), list T]",
blair-george2012kondadora,147,147,below,Adivasi_Oriya,comparison control,103,98,,----,,blank,manual cell-by-cell visual transcription from rendered canonical scan; OCR/text layer used only as a locating scaffold,manually_verified,high,excluded,source prints ‘----’ (no response),0,,,,,"blair-george2012kondadora[Appendix 9.5, PDF p. 103, printed p. 98, item 147 (below), list O]",
blair-george2012kondadora,148,148,white,Koraput,target,94,89,1,1orinika,orinika,response,manual cell-by-cell visual transcription from rendered canonical scan; OCR/text layer used only as a locating scaffold,manually_verified,high,installed,,1,orinika,silkondadora2012:148:K:1,Konda,sil-konda-dora-1987-koraput,"blair-george2012kondadora[Appendix 9.5, PDF p. 94, printed p. 89, item 148 (white), list K]",
blair-george2012kondadora,148,148,white,Visakh,target,94,89,2,2ṭela:ŋ,ṭela:ŋ,response,manual cell-by-cell visual transcription from rendered canonical scan; OCR/text layer used only as a locating scaffold,manually_verified,high,installed,,1,ṭela:ŋ,silkondadora2012:148:V:1,Konda,sil-konda-dora-1987-visakh,"blair-george2012kondadora[Appendix 9.5, PDF p. 94, printed p. 89, item 148 (white), list V]",
blair-george2012kondadora,148,148,white,Telugu,comparison control,103,98,2,2telupu,telupu,response,manual cell-by-cell visual transcription from rendered canonical scan; OCR/text layer used only as a locating scaffold,manually_verified,high,excluded,Telugu comparison control,0,,,,,"blair-george2012kondadora[Appendix 9.5, PDF p. 103, printed p. 98, item 148 (white), list T]",
blair-george2012kondadora,148,148,white,Adivasi_Oriya,comparison control,103,98,,ḍobla,ḍobla,response,manual cell-by-cell visual transcription from rendered canonical scan; OCR/text layer used only as a locating scaffold,manually_verified,high,excluded,Adivasi Oriya (Kotia Oriya) comparison control,0,,,,,"blair-george2012kondadora[Appendix 9.5, PDF p. 103, printed p. 98, item 148 (white), list O]",
blair-george2012kondadora,149,149,black,Koraput,target,94,89,1,1karnika,karnika,response,manual cell-by-cell visual transcription from rendered canonical scan; OCR/text layer used only as a locating scaffold,manually_verified,high,installed,,1,karnika,silkondadora2012:149:K:1,Konda,sil-konda-dora-1987-koraput,"blair-george2012kondadora[Appendix 9.5, PDF p. 94, printed p. 89, item 149 (black), list K]",
blair-george2012kondadora,149,149,black,Visakh,target,94,89,1,1karnika,karnika,response,manual cell-by-cell visual transcription from rendered canonical scan; OCR/text layer used only as a locating scaffold,manually_verified,high,installed,,1,karnika,silkondadora2012:149:V:1,Konda,sil-konda-dora-1987-visakh,"blair-george2012kondadora[Appendix 9.5, PDF p. 94, printed p. 89, item 149 (black), list V]",
blair-george2012kondadora,149,149,black,Telugu,comparison control,103,98,2,2nalupu,nalupu,response,manual cell-by-cell visual transcription from rendered canonical scan; OCR/text layer used only as a locating scaffold,manually_verified,high,excluded,Telugu comparison control,0,,,,,"blair-george2012kondadora[Appendix 9.5, PDF p. 103, printed p. 98, item 149 (black), list T]",
blair-george2012kondadora,149,149,black,Adivasi_Oriya,comparison control,103,98,,kalja,kalja,response,manual cell-by-cell visual transcription from rendered canonical scan; OCR/text layer used only as a locating scaffold,manually_verified,high,excluded,Adivasi Oriya (Kotia Oriya) comparison control,0,,,,,"blair-george2012kondadora[Appendix 9.5, PDF p. 103, printed p. 98, item 149 (black), list O]",
blair-george2012kondadora,150,150,red,Koraput,target,94,89,1,1eranika,eranika,response,manual cell-by-cell visual transcription from rendered canonical scan; OCR/text layer used only as a locating scaffold,manually_verified,high,installed,,1,eranika,silkondadora2012:150:K:1,Konda,sil-konda-dora-1987-koraput,"blair-george2012kondadora[Appendix 9.5, PDF p. 94, printed p. 89, item 150 (red), list K]",
blair-george2012kondadora,150,150,red,Visakh,target,94,89,1,1eraŋ,eraŋ,response,manual cell-by-cell visual transcription from rendered canonical scan; OCR/text layer used only as a locating scaffold,manually_verified,high,installed,,1,eraŋ,silkondadora2012:150:V:1,Konda,sil-konda-dora-1987-visakh,"blair-george2012kondadora[Appendix 9.5, PDF p. 94, printed p. 89, item 150 (red), list V]",
blair-george2012kondadora,150,150,red,Telugu,comparison control,103,98,2,2erupu,erupu,response,manual cell-by-cell visual transcription from rendered canonical scan; OCR/text layer used only as a locating scaffold,manually_verified,high,excluded,Telugu comparison control,0,,,,,"blair-george2012kondadora[Appendix 9.5, PDF p. 103, printed p. 98, item 150 (red), list T]",
blair-george2012kondadora,150,150,red,Adivasi_Oriya,comparison control,103,98,,ro:ŋ,ro:ŋ,response,manual cell-by-cell visual transcription from rendered canonical scan; OCR/text layer used only as a locating scaffold,manually_verified,high,excluded,Adivasi Oriya (Kotia Oriya) comparison control,0,,,,,"blair-george2012kondadora[Appendix 9.5, PDF p. 103, printed p. 98, item 150 (red), list O]",
blair-george2012kondadora,151,151,one,Koraput,target,95,90,1,1uṇḍre,uṇḍre,response,manual cell-by-cell visual transcription from rendered canonical scan; OCR/text layer used only as a locating scaffold,manually_verified,high,installed,,1,uṇḍre,silkondadora2012:151:K:1,Konda,sil-konda-dora-1987-koraput,"blair-george2012kondadora[Appendix 9.5, PDF p. 95, printed p. 90, item 151 (one), list K]",
blair-george2012kondadora,151,151,one,Visakh,target,95,90,1,1uṇḍre,uṇḍre,response,manual cell-by-cell visual transcription from rendered canonical scan; OCR/text layer used only as a locating scaffold,manually_verified,high,installed,,1,uṇḍre,silkondadora2012:151:V:1,Konda,sil-konda-dora-1987-visakh,"blair-george2012kondadora[Appendix 9.5, PDF p. 95, printed p. 90, item 151 (one), list V]",
blair-george2012kondadora,151,151,one,Telugu,comparison control,104,99,2,2okaṭi,okaṭi,response,manual cell-by-cell visual transcription from rendered canonical scan; OCR/text layer used only as a locating scaffold,manually_verified,high,excluded,Telugu comparison control,0,,,,,"blair-george2012kondadora[Appendix 9.5, PDF p. 104, printed p. 99, item 151 (one), list T]",
blair-george2012kondadora,151,151,one,Adivasi_Oriya,comparison control,104,99,,goṭek,goṭek,response,manual cell-by-cell visual transcription from rendered canonical scan; OCR/text layer used only as a locating scaffold,manually_verified,high,excluded,Adivasi Oriya (Kotia Oriya) comparison control,0,,,,,"blair-george2012kondadora[Appendix 9.5, PDF p. 104, printed p. 99, item 151 (one), list O]",
blair-george2012kondadora,152,152,two,Koraput,target,95,90,1,1ruṇḍi,ruṇḍi,response,manual cell-by-cell visual transcription from rendered canonical scan; OCR/text layer used only as a locating scaffold,manually_verified,high,installed,,1,ruṇḍi,silkondadora2012:152:K:1,Konda,sil-konda-dora-1987-koraput,"blair-george2012kondadora[Appendix 9.5, PDF p. 95, printed p. 90, item 152 (two), list K]",
blair-george2012kondadora,152,152,two,Visakh,target,95,90,1,1ruṇḍi,ruṇḍi,response,manual cell-by-cell visual transcription from rendered canonical scan; OCR/text layer used only as a locating scaffold,manually_verified,high,installed,,1,ruṇḍi,silkondadora2012:152:V:1,Konda,sil-konda-dora-1987-visakh,"blair-george2012kondadora[Appendix 9.5, PDF p. 95, printed p. 90, item 152 (two), list V]",
blair-george2012kondadora,152,152,two,Telugu,comparison control,104,99,1,1raṇḍu,raṇḍu,response,manual cell-by-cell visual transcription from rendered canonical scan; OCR/text layer used only as a locating scaffold,manually_verified,high,excluded,Telugu comparison control,0,,,,,"blair-george2012kondadora[Appendix 9.5, PDF p. 104, printed p. 99, item 152 (two), list T]",
blair-george2012kondadora,152,152,two,Adivasi_Oriya,comparison control,104,99,,ḍujṭa,ḍujṭa,response,manual cell-by-cell visual transcription from rendered canonical scan; OCR/text layer used only as a locating scaffold,manually_verified,high,excluded,Adivasi Oriya (Kotia Oriya) comparison control,0,,,,,"blair-george2012kondadora[Appendix 9.5, PDF p. 104, printed p. 99, item 152 (two), list O]",
blair-george2012kondadora,153,153,three,Koraput,target,95,90,1,1muṇḍri,muṇḍri,response,manual cell-by-cell visual transcription from rendered canonical scan; OCR/text layer used only as a locating scaffold,manually_verified,high,installed,,1,muṇḍri,silkondadora2012:153:K:1,Konda,sil-konda-dora-1987-koraput,"blair-george2012kondadora[Appendix 9.5, PDF p. 95, printed p. 90, item 153 (three), list K]",
blair-george2012kondadora,153,153,three,Visakh,target,95,90,1,1muṇḍri,muṇḍri,response,manual cell-by-cell visual transcription from rendered canonical scan; OCR/text layer used only as a locating scaffold,manually_verified,high,installed,,1,muṇḍri,silkondadora2012:153:V:1,Konda,sil-konda-dora-1987-visakh,"blair-george2012kondadora[Appendix 9.5, PDF p. 95, printed p. 90, item 153 (three), list V]",
blair-george2012kondadora,153,153,three,Telugu,comparison control,104,99,2,2mu:ḍu,mu:ḍu,response,manual cell-by-cell visual transcription from rendered canonical scan; OCR/text layer used only as a locating scaffold,manually_verified,high,excluded,Telugu comparison control,0,,,,,"blair-george2012kondadora[Appendix 9.5, PDF p. 104, printed p. 99, item 153 (three), list T]",
blair-george2012kondadora,153,153,three,Adivasi_Oriya,comparison control,104,99,,ṭi:n,ṭi:n,response,manual cell-by-cell visual transcription from rendered canonical scan; OCR/text layer used only as a locating scaffold,manually_verified,high,excluded,Adivasi Oriya (Kotia Oriya) comparison control,0,,,,,"blair-george2012kondadora[Appendix 9.5, PDF p. 104, printed p. 99, item 153 (three), list O]",
blair-george2012kondadora,154,154,four,Koraput,target,95,90,1,1nal:gi,nal:gi,response,manual cell-by-cell visual transcription from rendered canonical scan; OCR/text layer used only as a locating scaffold,manually_verified,high,installed,,1,nal:gi,silkondadora2012:154:K:1,Konda,sil-konda-dora-1987-koraput,"blair-george2012kondadora[Appendix 9.5, PDF p. 95, printed p. 90, item 154 (four), list K]",
blair-george2012kondadora,154,154,four,Visakh,target,95,90,1,1nal:gi,nal:gi,response,manual cell-by-cell visual transcription from rendered canonical scan; OCR/text layer used only as a locating scaffold,manually_verified,high,installed,,1,nal:gi,silkondadora2012:154:V:1,Konda,sil-konda-dora-1987-visakh,"blair-george2012kondadora[Appendix 9.5, PDF p. 95, printed p. 90, item 154 (four), list V]",
blair-george2012kondadora,154,154,four,Telugu,comparison control,104,99,1,1na:lugu,na:lugu,response,manual cell-by-cell visual transcription from rendered canonical scan; OCR/text layer used only as a locating scaffold,manually_verified,high,excluded,Telugu comparison control,0,,,,,"blair-george2012kondadora[Appendix 9.5, PDF p. 104, printed p. 99, item 154 (four), list T]",
blair-george2012kondadora,154,154,four,Adivasi_Oriya,comparison control,104,99,,sari,sari,response,manual cell-by-cell visual transcription from rendered canonical scan; OCR/text layer used only as a locating scaffold,manually_verified,high,excluded,Adivasi Oriya (Kotia Oriya) comparison control,0,,,,,"blair-george2012kondadora[Appendix 9.5, PDF p. 104, printed p. 99, item 154 (four), list O]",
blair-george2012kondadora,155,155,five,Koraput,target,95,90,1,1ajḍu,ajḍu,response,manual cell-by-cell visual transcription from rendered canonical scan; OCR/text layer used only as a locating scaffold,manually_verified,high,installed,,1,ajḍu,silkondadora2012:155:K:1,Konda,sil-konda-dora-1987-koraput,"blair-george2012kondadora[Appendix 9.5, PDF p. 95, printed p. 90, item 155 (five), list K]",
blair-george2012kondadora,155,155,five,Visakh,target,95,90,1,1ajḍu,ajḍu,response,manual cell-by-cell visual transcription from rendered canonical scan; OCR/text layer used only as a locating scaffold,manually_verified,high,installed,,1,ajḍu,silkondadora2012:155:V:1,Konda,sil-konda-dora-1987-visakh,"blair-george2012kondadora[Appendix 9.5, PDF p. 95, printed p. 90, item 155 (five), list V]",
blair-george2012kondadora,155,155,five,Telugu,comparison control,104,99,1,1ajḍu,ajḍu,response,manual cell-by-cell visual transcription from rendered canonical scan; OCR/text layer used only as a locating scaffold,manually_verified,high,excluded,Telugu comparison control,0,,,,,"blair-george2012kondadora[Appendix 9.5, PDF p. 104, printed p. 99, item 155 (five), list T]",
blair-george2012kondadora,155,155,five,Adivasi_Oriya,comparison control,104,99,,pa:nṭʃ,pa:nṭʃ,response,manual cell-by-cell visual transcription from rendered canonical scan; OCR/text layer used only as a locating scaffold,manually_verified,high,excluded,Adivasi Oriya (Kotia Oriya) comparison control,0,,,,,"blair-george2012kondadora[Appendix 9.5, PDF p. 104, printed p. 99, item 155 (five), list O]",
blair-george2012kondadora,156,156,six,Koraput,target,95,90,1,1a:ru,a:ru,response,manual cell-by-cell visual transcription from rendered canonical scan; OCR/text layer used only as a locating scaffold,manually_verified,high,installed,,1,a:ru,silkondadora2012:156:K:1,Konda,sil-konda-dora-1987-koraput,"blair-george2012kondadora[Appendix 9.5, PDF p. 95, printed p. 90, item 156 (six), list K]",
blair-george2012kondadora,156,156,six,Visakh,target,95,90,1,1a:ru,a:ru,response,manual cell-by-cell visual transcription from rendered canonical scan; OCR/text layer used only as a locating scaffold,manually_verified,high,installed,,1,a:ru,silkondadora2012:156:V:1,Konda,sil-konda-dora-1987-visakh,"blair-george2012kondadora[Appendix 9.5, PDF p. 95, printed p. 90, item 156 (six), list V]",
blair-george2012kondadora,156,156,six,Telugu,comparison control,104,99,1,1a:ru,a:ru,response,manual cell-by-cell visual transcription from rendered canonical scan; OCR/text layer used only as a locating scaffold,manually_verified,high,excluded,Telugu comparison control,0,,,,,"blair-george2012kondadora[Appendix 9.5, PDF p. 104, printed p. 99, item 156 (six), list T]",
blair-george2012kondadora,156,156,six,Adivasi_Oriya,comparison control,104,99,,so,so,response,manual cell-by-cell visual transcription from rendered canonical scan; OCR/text layer used only as a locating scaffold,manually_verified,high,excluded,Adivasi Oriya (Kotia Oriya) comparison control,0,,,,,"blair-george2012kondadora[Appendix 9.5, PDF p. 104, printed p. 99, item 156 (six), list O]",
blair-george2012kondadora,157,157,seven,Koraput,target,95,90,1,1e:ru,e:ru,response,manual cell-by-cell visual transcription from rendered canonical scan; OCR/text layer used only as a locating scaffold,manually_verified,high,installed,,1,e:ru,silkondadora2012:157:K:1,Konda,sil-konda-dora-1987-koraput,"blair-george2012kondadora[Appendix 9.5, PDF p. 95, printed p. 90, item 157 (seven), list K]",
blair-george2012kondadora,157,157,seven,Visakh,target,95,90,1,1e:ḍu,e:ḍu,response,manual cell-by-cell visual transcription from rendered canonical scan; OCR/text layer used only as a locating scaffold,manually_verified,high,installed,,1,e:ḍu,silkondadora2012:157:V:1,Konda,sil-konda-dora-1987-visakh,"blair-george2012kondadora[Appendix 9.5, PDF p. 95, printed p. 90, item 157 (seven), list V]",
blair-george2012kondadora,157,157,seven,Telugu,comparison control,104,99,1,1e:ḍu,e:ḍu,response,manual cell-by-cell visual transcription from rendered canonical scan; OCR/text layer used only as a locating scaffold,manually_verified,high,excluded,Telugu comparison control,0,,,,,"blair-george2012kondadora[Appendix 9.5, PDF p. 104, printed p. 99, item 157 (seven), list T]",
blair-george2012kondadora,157,157,seven,Adivasi_Oriya,comparison control,104,99,,sa:ṭ,sa:ṭ,response,manual cell-by-cell visual transcription from rendered canonical scan; OCR/text layer used only as a locating scaffold,manually_verified,high,excluded,Adivasi Oriya (Kotia Oriya) comparison control,0,,,,,"blair-george2012kondadora[Appendix 9.5, PDF p. 104, printed p. 99, item 157 (seven), list O]",
blair-george2012kondadora,158,158,eight,Koraput,target,95,90,1,1enimiḍi,enimiḍi,response,manual cell-by-cell visual transcription from rendered canonical scan; OCR/text layer used only as a locating scaffold,manually_verified,high,installed,,1,enimiḍi,silkondadora2012:158:K:1,Konda,sil-konda-dora-1987-koraput,"blair-george2012kondadora[Appendix 9.5, PDF p. 95, printed p. 90, item 158 (eight), list K]",
blair-george2012kondadora,158,158,eight,Visakh,target,95,90,1,1enimiḍi,enimiḍi,response,manual cell-by-cell visual transcription from rendered canonical scan; OCR/text layer used only as a locating scaffold,manually_verified,high,installed,,1,enimiḍi,silkondadora2012:158:V:1,Konda,sil-konda-dora-1987-visakh,"blair-george2012kondadora[Appendix 9.5, PDF p. 95, printed p. 90, item 158 (eight), list V]",
blair-george2012kondadora,158,158,eight,Telugu,comparison control,104,99,1,1enimiḍi,enimiḍi,response,manual cell-by-cell visual transcription from rendered canonical scan; OCR/text layer used only as a locating scaffold,manually_verified,high,excluded,Telugu comparison control,0,,,,,"blair-george2012kondadora[Appendix 9.5, PDF p. 104, printed p. 99, item 158 (eight), list T]",
blair-george2012kondadora,158,158,eight,Adivasi_Oriya,comparison control,104,99,,a:ṭ,a:ṭ,response,manual cell-by-cell visual transcription from rendered canonical scan; OCR/text layer used only as a locating scaffold,manually_verified,high,excluded,Adivasi Oriya (Kotia Oriya) comparison control,0,,,,,"blair-george2012kondadora[Appendix 9.5, PDF p. 104, printed p. 99, item 158 (eight), list O]",
blair-george2012kondadora,159,159,nine,Koraput,target,95,90,1,1ṭom:iḍi,ṭom:iḍi,response,manual cell-by-cell visual transcription from rendered canonical scan; OCR/text layer used only as a locating scaffold,manually_verified,high,installed,,1,ṭom:iḍi,silkondadora2012:159:K:1,Konda,sil-konda-dora-1987-koraput,"blair-george2012kondadora[Appendix 9.5, PDF p. 95, printed p. 90, item 159 (nine), list K]",
blair-george2012kondadora,159,159,nine,Visakh,target,95,90,1,1ṭomiḍi,ṭomiḍi,response,manual cell-by-cell visual transcription from rendered canonical scan; OCR/text layer used only as a locating scaffold,manually_verified,high,installed,,1,ṭomiḍi,silkondadora2012:159:V:1,Konda,sil-konda-dora-1987-visakh,"blair-george2012kondadora[Appendix 9.5, PDF p. 95, printed p. 90, item 159 (nine), list V]",
blair-george2012kondadora,159,159,nine,Telugu,comparison control,104,99,1,1ṭomiḍi,ṭomiḍi,response,manual cell-by-cell visual transcription from rendered canonical scan; OCR/text layer used only as a locating scaffold,manually_verified,high,excluded,Telugu comparison control,0,,,,,"blair-george2012kondadora[Appendix 9.5, PDF p. 104, printed p. 99, item 159 (nine), list T]",
blair-george2012kondadora,159,159,nine,Adivasi_Oriya,comparison control,104,99,,no,no,response,manual cell-by-cell visual transcription from rendered canonical scan; OCR/text layer used only as a locating scaffold,manually_verified,high,excluded,Adivasi Oriya (Kotia Oriya) comparison control,0,,,,,"blair-george2012kondadora[Appendix 9.5, PDF p. 104, printed p. 99, item 159 (nine), list O]",
blair-george2012kondadora,160,160,ten,Koraput,target,95,90,1,1paḍi,paḍi,response,manual cell-by-cell visual transcription from rendered canonical scan; OCR/text layer used only as a locating scaffold,manually_verified,high,installed,,1,paḍi,silkondadora2012:160:K:1,Konda,sil-konda-dora-1987-koraput,"blair-george2012kondadora[Appendix 9.5, PDF p. 95, printed p. 90, item 160 (ten), list K]",
blair-george2012kondadora,160,160,ten,Visakh,target,95,90,1,1paḍi,paḍi,response,manual cell-by-cell visual transcription from rendered canonical scan; OCR/text layer used only as a locating scaffold,manually_verified,high,installed,,1,paḍi,silkondadora2012:160:V:1,Konda,sil-konda-dora-1987-visakh,"blair-george2012kondadora[Appendix 9.5, PDF p. 95, printed p. 90, item 160 (ten), list V]",
blair-george2012kondadora,160,160,ten,Telugu,comparison control,104,99,1,1paḍi,paḍi,response,manual cell-by-cell visual transcription from rendered canonical scan; OCR/text layer used only as a locating scaffold,manually_verified,high,excluded,Telugu comparison control,0,,,,,"blair-george2012kondadora[Appendix 9.5, PDF p. 104, printed p. 99, item 160 (ten), list T]",
blair-george2012kondadora,160,160,ten,Adivasi_Oriya,comparison control,104,99,,ḍo:s,ḍo:s,response,manual cell-by-cell visual transcription from rendered canonical scan; OCR/text layer used only as a locating scaffold,manually_verified,high,excluded,Adivasi Oriya (Kotia Oriya) comparison control,0,,,,,"blair-george2012kondadora[Appendix 9.5, PDF p. 104, printed p. 99, item 160 (ten), list O]",
blair-george2012kondadora,161,161,eleven,Koraput,target,95,90,1,1paḍakoṇḍu,paḍakoṇḍu,response,manual cell-by-cell visual transcription from rendered canonical scan; OCR/text layer used only as a locating scaffold,manually_verified,high,installed,,1,paḍakoṇḍu,silkondadora2012:161:K:1,Konda,sil-konda-dora-1987-koraput,"blair-george2012kondadora[Appendix 9.5, PDF p. 95, printed p. 90, item 161 (eleven), list K]",
blair-george2012kondadora,161,161,eleven,Visakh,target,95,90,1,1paḍakoṇḍu,paḍakoṇḍu,response,manual cell-by-cell visual transcription from rendered canonical scan; OCR/text layer used only as a locating scaffold,manually_verified,high,installed,,1,paḍakoṇḍu,silkondadora2012:161:V:1,Konda,sil-konda-dora-1987-visakh,"blair-george2012kondadora[Appendix 9.5, PDF p. 95, printed p. 90, item 161 (eleven), list V]",
blair-george2012kondadora,161,161,eleven,Telugu,comparison control,104,99,1,1paḍakoṇḍu,paḍakoṇḍu,response,manual cell-by-cell visual transcription from rendered canonical scan; OCR/text layer used only as a locating scaffold,manually_verified,high,excluded,Telugu comparison control,0,,,,,"blair-george2012kondadora[Appendix 9.5, PDF p. 104, printed p. 99, item 161 (eleven), list T]",
blair-george2012kondadora,161,161,eleven,Adivasi_Oriya,comparison control,104,99,,ega:ro,ega:ro,response,manual cell-by-cell visual transcription from rendered canonical scan; OCR/text layer used only as a locating scaffold,manually_verified,high,excluded,Adivasi Oriya (Kotia Oriya) comparison control,0,,,,,"blair-george2012kondadora[Appendix 9.5, PDF p. 104, printed p. 99, item 161 (eleven), list O]",
blair-george2012kondadora,162,162,twelve,Koraput,target,95,90,1,1paneṇḍu,paneṇḍu,response,manual cell-by-cell visual transcription from rendered canonical scan; OCR/text layer used only as a locating scaffold,manually_verified,high,installed,,1,paneṇḍu,silkondadora2012:162:K:1,Konda,sil-konda-dora-1987-koraput,"blair-george2012kondadora[Appendix 9.5, PDF p. 95, printed p. 90, item 162 (twelve), list K]",
blair-george2012kondadora,162,162,twelve,Visakh,target,95,90,1,1pan:eṇḍu,pan:eṇḍu,response,manual cell-by-cell visual transcription from rendered canonical scan; OCR/text layer used only as a locating scaffold,manually_verified,high,installed,,1,pan:eṇḍu,silkondadora2012:162:V:1,Konda,sil-konda-dora-1987-visakh,"blair-george2012kondadora[Appendix 9.5, PDF p. 95, printed p. 90, item 162 (twelve), list V]",
blair-george2012kondadora,162,162,twelve,Telugu,comparison control,104,99,1,1pan:eṇḍu,pan:eṇḍu,response,manual cell-by-cell visual transcription from rendered canonical scan; OCR/text layer used only as a locating scaffold,manually_verified,high,excluded,Telugu comparison control,0,,,,,"blair-george2012kondadora[Appendix 9.5, PDF p. 104, printed p. 99, item 162 (twelve), list T]",
blair-george2012kondadora,162,162,twelve,Adivasi_Oriya,comparison control,104,99,,ba:ro,ba:ro,response,manual cell-by-cell visual transcription from rendered canonical scan; OCR/text layer used only as a locating scaffold,manually_verified,high,excluded,Adivasi Oriya (Kotia Oriya) comparison control,0,,,,,"blair-george2012kondadora[Appendix 9.5, PDF p. 104, printed p. 99, item 162 (twelve), list O]",
blair-george2012kondadora,163,163,twenty,Koraput,target,95,90,1,1irvaj,irvaj,response,manual cell-by-cell visual transcription from rendered canonical scan; OCR/text layer used only as a locating scaffold,manually_verified,high,installed,,1,irvaj,silkondadora2012:163:K:1,Konda,sil-konda-dora-1987-koraput,"blair-george2012kondadora[Appendix 9.5, PDF p. 95, printed p. 90, item 163 (twenty), list K]",
blair-george2012kondadora,163,163,twenty,Visakh,target,95,90,1,1irvaj,irvaj,response,manual cell-by-cell visual transcription from rendered canonical scan; OCR/text layer used only as a locating scaffold,manually_verified,high,installed,,1,irvaj,silkondadora2012:163:V:1,Konda,sil-konda-dora-1987-visakh,"blair-george2012kondadora[Appendix 9.5, PDF p. 95, printed p. 90, item 163 (twenty), list V]",
blair-george2012kondadora,163,163,twenty,Telugu,comparison control,104,99,1,1irvaj,irvaj,response,manual cell-by-cell visual transcription from rendered canonical scan; OCR/text layer used only as a locating scaffold,manually_verified,high,excluded,Telugu comparison control,0,,,,,"blair-george2012kondadora[Appendix 9.5, PDF p. 104, printed p. 99, item 163 (twenty), list T]",
blair-george2012kondadora,163,163,twenty,Adivasi_Oriya,comparison control,104,99,,koḍe,koḍe,response,manual cell-by-cell visual transcription from rendered canonical scan; OCR/text layer used only as a locating scaffold,manually_verified,high,excluded,Adivasi Oriya (Kotia Oriya) comparison control,0,,,,,"blair-george2012kondadora[Appendix 9.5, PDF p. 104, printed p. 99, item 163 (twenty), list O]",
blair-george2012kondadora,164,164,one hundred,Koraput,target,95,90,1,1nu:ru,nu:ru,response,manual cell-by-cell visual transcription from rendered canonical scan; OCR/text layer used only as a locating scaffold,manually_verified,high,installed,,1,nu:ru,silkondadora2012:164:K:1,Konda,sil-konda-dora-1987-koraput,"blair-george2012kondadora[Appendix 9.5, PDF p. 95, printed p. 90, item 164 (one hundred), list K]",
blair-george2012kondadora,164,164,one hundred,Visakh,target,95,90,1,1nu:ru,nu:ru,response,manual cell-by-cell visual transcription from rendered canonical scan; OCR/text layer used only as a locating scaffold,manually_verified,high,installed,,1,nu:ru,silkondadora2012:164:V:1,Konda,sil-konda-dora-1987-visakh,"blair-george2012kondadora[Appendix 9.5, PDF p. 95, printed p. 90, item 164 (one hundred), list V]",
blair-george2012kondadora,164,164,one hundred,Telugu,comparison control,104,99,1,1nu:ru/vanda,nu:ru/vanda,response,manual cell-by-cell visual transcription from rendered canonical scan; OCR/text layer used only as a locating scaffold,manually_verified,high,excluded,Telugu comparison control,0,,,,,"blair-george2012kondadora[Appendix 9.5, PDF p. 104, printed p. 99, item 164 (one hundred), list T]",
blair-george2012kondadora,164,164,one hundred,Adivasi_Oriya,comparison control,104,99,,soje,soje,response,manual cell-by-cell visual transcription from rendered canonical scan; OCR/text layer used only as a locating scaffold,manually_verified,high,excluded,Adivasi Oriya (Kotia Oriya) comparison control,0,,,,,"blair-george2012kondadora[Appendix 9.5, PDF p. 104, printed p. 99, item 164 (one hundred), list O]",
blair-george2012kondadora,165,165,who?,Koraput,target,95,90,1,1eje:ru,eje:ru,response,manual cell-by-cell visual transcription from rendered canonical scan; OCR/text layer used only as a locating scaffold,manually_verified,high,installed,,1,eje:ru,silkondadora2012:165:K:1,Konda,sil-konda-dora-1987-koraput,"blair-george2012kondadora[Appendix 9.5, PDF p. 95, printed p. 90, item 165 (who?), list K]",
blair-george2012kondadora,165,165,who?,Visakh,target,95,90,1,1ej:eru,ej:eru,response,manual cell-by-cell visual transcription from rendered canonical scan; OCR/text layer used only as a locating scaffold,manually_verified,high,installed,,1,ej:eru,silkondadora2012:165:V:1,Konda,sil-konda-dora-1987-visakh,"blair-george2012kondadora[Appendix 9.5, PDF p. 95, printed p. 90, item 165 (who?), list V]",
blair-george2012kondadora,165,165,who?,Telugu,comparison control,104,99,2,2evaru,evaru,response,manual cell-by-cell visual transcription from rendered canonical scan; OCR/text layer used only as a locating scaffold,manually_verified,high,excluded,Telugu comparison control,0,,,,,"blair-george2012kondadora[Appendix 9.5, PDF p. 104, printed p. 99, item 165 (who?), list T]",
blair-george2012kondadora,165,165,who?,Adivasi_Oriya,comparison control,104,99,,ko:n,ko:n,response,manual cell-by-cell visual transcription from rendered canonical scan; OCR/text layer used only as a locating scaffold,manually_verified,high,excluded,Adivasi Oriya (Kotia Oriya) comparison control,0,,,,,"blair-george2012kondadora[Appendix 9.5, PDF p. 104, printed p. 99, item 165 (who?), list O]",
blair-george2012kondadora,166,166,what?,Koraput,target,95,90,1,1inika,inika,response,manual cell-by-cell visual transcription from rendered canonical scan; OCR/text layer used only as a locating scaffold,manually_verified,high,installed,,1,inika,silkondadora2012:166:K:1,Konda,sil-konda-dora-1987-koraput,"blair-george2012kondadora[Appendix 9.5, PDF p. 95, printed p. 90, item 166 (what?), list K]",
blair-george2012kondadora,166,166,what?,Visakh,target,95,90,1,1in:ika,in:ika,response,manual cell-by-cell visual transcription from rendered canonical scan; OCR/text layer used only as a locating scaffold,manually_verified,high,installed,,1,in:ika,silkondadora2012:166:V:1,Konda,sil-konda-dora-1987-visakh,"blair-george2012kondadora[Appendix 9.5, PDF p. 95, printed p. 90, item 166 (what?), list V]",
blair-george2012kondadora,166,166,what?,Telugu,comparison control,104,99,2,2e:mi,e:mi,response,manual cell-by-cell visual transcription from rendered canonical scan; OCR/text layer used only as a locating scaffold,manually_verified,high,excluded,Telugu comparison control,0,,,,,"blair-george2012kondadora[Appendix 9.5, PDF p. 104, printed p. 99, item 166 (what?), list T]",
blair-george2012kondadora,166,166,what?,Adivasi_Oriya,comparison control,104,99,,ka:jaṭa,ka:jaṭa,response,manual cell-by-cell visual transcription from rendered canonical scan; OCR/text layer used only as a locating scaffold,manually_verified,high,excluded,Adivasi Oriya (Kotia Oriya) comparison control,0,,,,,"blair-george2012kondadora[Appendix 9.5, PDF p. 104, printed p. 99, item 166 (what?), list O]",
blair-george2012kondadora,167,167,where?,Koraput,target,95,90,1,1embe,embe,response,manual cell-by-cell visual transcription from rendered canonical scan; OCR/text layer used only as a locating scaffold,manually_verified,high,installed,,1,embe,silkondadora2012:167:K:1,Konda,sil-konda-dora-1987-koraput,"blair-george2012kondadora[Appendix 9.5, PDF p. 95, printed p. 90, item 167 (where?), list K]",
blair-george2012kondadora,167,167,where?,Visakh,target,95,90,1,1embe,embe,response,manual cell-by-cell visual transcription from rendered canonical scan; OCR/text layer used only as a locating scaffold,manually_verified,high,installed,,1,embe,silkondadora2012:167:V:1,Konda,sil-konda-dora-1987-visakh,"blair-george2012kondadora[Appendix 9.5, PDF p. 95, printed p. 90, item 167 (where?), list V]",
blair-george2012kondadora,167,167,where?,Telugu,comparison control,104,99,2,2ekaḍa,ekaḍa,response,manual cell-by-cell visual transcription from rendered canonical scan; OCR/text layer used only as a locating scaffold,manually_verified,high,excluded,Telugu comparison control,0,,,,,"blair-george2012kondadora[Appendix 9.5, PDF p. 104, printed p. 99, item 167 (where?), list T]",
blair-george2012kondadora,167,167,where?,Adivasi_Oriya,comparison control,104,99,,ko:j,ko:j,response,manual cell-by-cell visual transcription from rendered canonical scan; OCR/text layer used only as a locating scaffold,manually_verified,high,excluded,Adivasi Oriya (Kotia Oriya) comparison control,0,,,,,"blair-george2012kondadora[Appendix 9.5, PDF p. 104, printed p. 99, item 167 (where?), list O]",
blair-george2012kondadora,168,168,when?,Koraput,target,95,90,1,1ese:ŋ,ese:ŋ,response,manual cell-by-cell visual transcription from rendered canonical scan; OCR/text layer used only as a locating scaffold,manually_verified,high,installed,,1,ese:ŋ,silkondadora2012:168:K:1,Konda,sil-konda-dora-1987-koraput,"blair-george2012kondadora[Appendix 9.5, PDF p. 95, printed p. 90, item 168 (when?), list K]",
blair-george2012kondadora,168,168,when?,Visakh,target,95,90,1,1es:eŋ,es:eŋ,response,manual cell-by-cell visual transcription from rendered canonical scan; OCR/text layer used only as a locating scaffold,manually_verified,high,installed,,1,es:eŋ,silkondadora2012:168:V:1,Konda,sil-konda-dora-1987-visakh,"blair-george2012kondadora[Appendix 9.5, PDF p. 95, printed p. 90, item 168 (when?), list V]",
blair-george2012kondadora,168,168,when?,Telugu,comparison control,104,99,2,2epuḍu,epuḍu,response,manual cell-by-cell visual transcription from rendered canonical scan; OCR/text layer used only as a locating scaffold,manually_verified,high,excluded,Telugu comparison control,0,,,,,"blair-george2012kondadora[Appendix 9.5, PDF p. 104, printed p. 99, item 168 (when?), list T]",
blair-george2012kondadora,168,168,when?,Adivasi_Oriya,comparison control,104,99,,kebe,kebe,response,manual cell-by-cell visual transcription from rendered canonical scan; OCR/text layer used only as a locating scaffold,manually_verified,high,excluded,Adivasi Oriya (Kotia Oriya) comparison control,0,,,,,"blair-george2012kondadora[Appendix 9.5, PDF p. 104, printed p. 99, item 168 (when?), list O]",
blair-george2012kondadora,169,169,how many?,Koraput,target,95,90,1,1es:o:ḍ,es:o:ḍ,response,manual cell-by-cell visual transcription from rendered canonical scan; OCR/text layer used only as a locating scaffold,manually_verified,high,installed,,1,es:o:ḍ,silkondadora2012:169:K:1,Konda,sil-konda-dora-1987-koraput,"blair-george2012kondadora[Appendix 9.5, PDF p. 95, printed p. 90, item 169 (how many?), list K]",
blair-george2012kondadora,169,169,how many?,Visakh,target,95,90,1,1es:o,es:o,response,manual cell-by-cell visual transcription from rendered canonical scan; OCR/text layer used only as a locating scaffold,manually_verified,high,installed,,1,es:o,silkondadora2012:169:V:1,Konda,sil-konda-dora-1987-visakh,"blair-george2012kondadora[Appendix 9.5, PDF p. 95, printed p. 90, item 169 (how many?), list V]",
blair-george2012kondadora,169,169,how many?,Telugu,comparison control,104,99,2,2en:i,en:i,response,manual cell-by-cell visual transcription from rendered canonical scan; OCR/text layer used only as a locating scaffold,manually_verified,high,excluded,Telugu comparison control,0,,,,,"blair-george2012kondadora[Appendix 9.5, PDF p. 104, printed p. 99, item 169 (how many?), list T]",
blair-george2012kondadora,169,169,how many?,Adivasi_Oriya,comparison control,104,99,,keṭek,keṭek,response,manual cell-by-cell visual transcription from rendered canonical scan; OCR/text layer used only as a locating scaffold,manually_verified,high,excluded,Adivasi Oriya (Kotia Oriya) comparison control,0,,,,,"blair-george2012kondadora[Appendix 9.5, PDF p. 104, printed p. 99, item 169 (how many?), list O]",
blair-george2012kondadora,170,170,what kind?,Koraput,target,95,90,,----,,blank,manual cell-by-cell visual transcription from rendered canonical scan; OCR/text layer used only as a locating scaffold,manually_verified,high,excluded,source prints ‘----’ (no response),0,,,Konda,sil-konda-dora-1987-koraput,"blair-george2012kondadora[Appendix 9.5, PDF p. 95, printed p. 90, item 170 (what kind?), list K]",
blair-george2012kondadora,170,170,what kind?,Visakh,target,95,90,,----,,blank,manual cell-by-cell visual transcription from rendered canonical scan; OCR/text layer used only as a locating scaffold,manually_verified,high,excluded,source prints ‘----’ (no response),0,,,Konda,sil-konda-dora-1987-visakh,"blair-george2012kondadora[Appendix 9.5, PDF p. 95, printed p. 90, item 170 (what kind?), list V]",
blair-george2012kondadora,170,170,what kind?,Telugu,comparison control,104,99,,----,,blank,manual cell-by-cell visual transcription from rendered canonical scan; OCR/text layer used only as a locating scaffold,manually_verified,high,excluded,source prints ‘----’ (no response),0,,,,,"blair-george2012kondadora[Appendix 9.5, PDF p. 104, printed p. 99, item 170 (what kind?), list T]",
blair-george2012kondadora,170,170,what kind?,Adivasi_Oriya,comparison control,104,99,,----,,blank,manual cell-by-cell visual transcription from rendered canonical scan; OCR/text layer used only as a locating scaffold,manually_verified,high,excluded,source prints ‘----’ (no response),0,,,,,"blair-george2012kondadora[Appendix 9.5, PDF p. 104, printed p. 99, item 170 (what kind?), list O]",
blair-george2012kondadora,171,171,this,Koraput,target,95,90,1,1ja:ka,ja:ka,response,manual cell-by-cell visual transcription from rendered canonical scan; OCR/text layer used only as a locating scaffold,manually_verified,high,installed,,1,ja:ka,silkondadora2012:171:K:1,Konda,sil-konda-dora-1987-koraput,"blair-george2012kondadora[Appendix 9.5, PDF p. 95, printed p. 90, item 171 (this), list K]",
blair-george2012kondadora,171,171,this,Visakh,target,95,90,1,1ja:ka,ja:ka,response,manual cell-by-cell visual transcription from rendered canonical scan; OCR/text layer used only as a locating scaffold,manually_verified,high,installed,,1,ja:ka,silkondadora2012:171:V:1,Konda,sil-konda-dora-1987-visakh,"blair-george2012kondadora[Appendix 9.5, PDF p. 95, printed p. 90, item 171 (this), list V]",
blair-george2012kondadora,171,171,this,Telugu,comparison control,104,99,2,2iḍi,iḍi,response,manual cell-by-cell visual transcription from rendered canonical scan; OCR/text layer used only as a locating scaffold,manually_verified,high,excluded,Telugu comparison control,0,,,,,"blair-george2012kondadora[Appendix 9.5, PDF p. 104, printed p. 99, item 171 (this), list T]",
blair-george2012kondadora,171,171,this,Adivasi_Oriya,comparison control,104,99,,e:ṭa,e:ṭa,response,manual cell-by-cell visual transcription from rendered canonical scan; OCR/text layer used only as a locating scaffold,manually_verified,high,excluded,Adivasi Oriya (Kotia Oriya) comparison control,0,,,,,"blair-george2012kondadora[Appendix 9.5, PDF p. 104, printed p. 99, item 171 (this), list O]",
blair-george2012kondadora,172,172,that,Koraput,target,95,90,1,1aja:ka,aja:ka,response,manual cell-by-cell visual transcription from rendered canonical scan; OCR/text layer used only as a locating scaffold,manually_verified,high,installed,,1,aja:ka,silkondadora2012:172:K:1,Konda,sil-konda-dora-1987-koraput,"blair-george2012kondadora[Appendix 9.5, PDF p. 95, printed p. 90, item 172 (that), list K]",
blair-george2012kondadora,172,172,that,Visakh,target,95,90,1,1aja:ka,aja:ka,response,manual cell-by-cell visual transcription from rendered canonical scan; OCR/text layer used only as a locating scaffold,manually_verified,high,installed,,1,aja:ka,silkondadora2012:172:V:1,Konda,sil-konda-dora-1987-visakh,"blair-george2012kondadora[Appendix 9.5, PDF p. 95, printed p. 90, item 172 (that), list V]",
blair-george2012kondadora,172,172,that,Telugu,comparison control,104,99,2,2aḍi,aḍi,response,manual cell-by-cell visual transcription from rendered canonical scan; OCR/text layer used only as a locating scaffold,manually_verified,high,excluded,Telugu comparison control,0,,,,,"blair-george2012kondadora[Appendix 9.5, PDF p. 104, printed p. 99, item 172 (that), list T]",
blair-george2012kondadora,172,172,that,Adivasi_Oriya,comparison control,104,99,,se:ṭa,se:ṭa,response,manual cell-by-cell visual transcription from rendered canonical scan; OCR/text layer used only as a locating scaffold,manually_verified,high,excluded,Adivasi Oriya (Kotia Oriya) comparison control,0,,,,,"blair-george2012kondadora[Appendix 9.5, PDF p. 104, printed p. 99, item 172 (that), list O]",
blair-george2012kondadora,173,173,these,Koraput,target,95,90,1,1ja:ke:ŋ,ja:ke:ŋ,response,manual cell-by-cell visual transcription from rendered canonical scan; OCR/text layer used only as a locating scaffold,manually_verified,high,installed,,1,ja:ke:ŋ,silkondadora2012:173:K:1,Konda,sil-konda-dora-1987-koraput,"blair-george2012kondadora[Appendix 9.5, PDF p. 95, printed p. 90, item 173 (these), list K]",
blair-george2012kondadora,173,173,these,Visakh,target,95,90,1,1ja:ke:ŋ,ja:ke:ŋ,response,manual cell-by-cell visual transcription from rendered canonical scan; OCR/text layer used only as a locating scaffold,manually_verified,high,installed,,1,ja:ke:ŋ,silkondadora2012:173:V:1,Konda,sil-konda-dora-1987-visakh,"blair-george2012kondadora[Appendix 9.5, PDF p. 95, printed p. 90, item 173 (these), list V]",
blair-george2012kondadora,173,173,these,Telugu,comparison control,104,99,2,2ivi,ivi,response,manual cell-by-cell visual transcription from rendered canonical scan; OCR/text layer used only as a locating scaffold,manually_verified,high,excluded,Telugu comparison control,0,,,,,"blair-george2012kondadora[Appendix 9.5, PDF p. 104, printed p. 99, item 173 (these), list T]",
blair-george2012kondadora,173,173,these,Adivasi_Oriya,comparison control,104,99,,e:ṭanon,e:ṭanon,response,manual cell-by-cell visual transcription from rendered canonical scan; OCR/text layer used only as a locating scaffold,manually_verified,high,excluded,Adivasi Oriya (Kotia Oriya) comparison control,0,,,,,"blair-george2012kondadora[Appendix 9.5, PDF p. 104, printed p. 99, item 173 (these), list O]",
blair-george2012kondadora,174,174,those,Koraput,target,95,90,1,1aja:ke:ŋ,aja:ke:ŋ,response,manual cell-by-cell visual transcription from rendered canonical scan; OCR/text layer used only as a locating scaffold,manually_verified,high,installed,,1,aja:ke:ŋ,silkondadora2012:174:K:1,Konda,sil-konda-dora-1987-koraput,"blair-george2012kondadora[Appendix 9.5, PDF p. 95, printed p. 90, item 174 (those), list K]",
blair-george2012kondadora,174,174,those,Visakh,target,95,90,1,1aja:ke:ŋ,aja:ke:ŋ,response,manual cell-by-cell visual transcription from rendered canonical scan; OCR/text layer used only as a locating scaffold,manually_verified,high,installed,,1,aja:ke:ŋ,silkondadora2012:174:V:1,Konda,sil-konda-dora-1987-visakh,"blair-george2012kondadora[Appendix 9.5, PDF p. 95, printed p. 90, item 174 (those), list V]",
blair-george2012kondadora,174,174,those,Telugu,comparison control,104,99,2,2avi,avi,response,manual cell-by-cell visual transcription from rendered canonical scan; OCR/text layer used only as a locating scaffold,manually_verified,high,excluded,Telugu comparison control,0,,,,,"blair-george2012kondadora[Appendix 9.5, PDF p. 104, printed p. 99, item 174 (those), list T]",
blair-george2012kondadora,174,174,those,Adivasi_Oriya,comparison control,104,99,,se:ṭanon,se:ṭanon,response,manual cell-by-cell visual transcription from rendered canonical scan; OCR/text layer used only as a locating scaffold,manually_verified,high,excluded,Adivasi Oriya (Kotia Oriya) comparison control,0,,,,,"blair-george2012kondadora[Appendix 9.5, PDF p. 104, printed p. 99, item 174 (those), list O]",
blair-george2012kondadora,175,175,same,Koraput,target,95,90,ungrouped,-uṇḍre rakam a?eḍ,uṇḍre rakam a?eḍ,response,manual cell-by-cell visual transcription from rendered canonical scan; OCR/text layer used only as a locating scaffold,manually_verified,high,installed,,1,uṇḍre rakam a?eḍ,silkondadora2012:175:K:1,Konda,sil-konda-dora-1987-koraput,"blair-george2012kondadora[Appendix 9.5, PDF p. 95, printed p. 90, item 175 (same), list K]",
blair-george2012kondadora,175,175,same,Visakh,target,95,90,,----,,blank,manual cell-by-cell visual transcription from rendered canonical scan; OCR/text layer used only as a locating scaffold,manually_verified,high,excluded,source prints ‘----’ (no response),0,,,Konda,sil-konda-dora-1987-visakh,"blair-george2012kondadora[Appendix 9.5, PDF p. 95, printed p. 90, item 175 (same), list V]",
blair-george2012kondadora,175,175,same,Telugu,comparison control,104,99,,----,,blank,manual cell-by-cell visual transcription from rendered canonical scan; OCR/text layer used only as a locating scaffold,manually_verified,high,excluded,source prints ‘----’ (no response),0,,,,,"blair-george2012kondadora[Appendix 9.5, PDF p. 104, printed p. 99, item 175 (same), list T]",
blair-george2012kondadora,175,175,same,Adivasi_Oriya,comparison control,104,99,,----,,blank,manual cell-by-cell visual transcription from rendered canonical scan; OCR/text layer used only as a locating scaffold,manually_verified,high,excluded,source prints ‘----’ (no response),0,,,,,"blair-george2012kondadora[Appendix 9.5, PDF p. 104, printed p. 99, item 175 (same), list O]",
blair-george2012kondadora,176,176,different,Koraput,target,96,91,,----,,blank,manual cell-by-cell visual transcription from rendered canonical scan; OCR/text layer used only as a locating scaffold,manually_verified,high,excluded,source prints ‘----’ (no response),0,,,Konda,sil-konda-dora-1987-koraput,"blair-george2012kondadora[Appendix 9.5, PDF p. 96, printed p. 91, item 176 (different), list K]",
blair-george2012kondadora,176,176,different,Visakh,target,96,91,,----,,blank,manual cell-by-cell visual transcription from rendered canonical scan; OCR/text layer used only as a locating scaffold,manually_verified,high,excluded,source prints ‘----’ (no response),0,,,Konda,sil-konda-dora-1987-visakh,"blair-george2012kondadora[Appendix 9.5, PDF p. 96, printed p. 91, item 176 (different), list V]",
blair-george2012kondadora,176,176,different,Telugu,comparison control,105,100,,----,,blank,manual cell-by-cell visual transcription from rendered canonical scan; OCR/text layer used only as a locating scaffold,manually_verified,high,excluded,source prints ‘----’ (no response),0,,,,,"blair-george2012kondadora[Appendix 9.5, PDF p. 105, printed p. 100, item 176 (different), list T]",
blair-george2012kondadora,176,176,different,Adivasi_Oriya,comparison control,105,100,,----,,blank,manual cell-by-cell visual transcription from rendered canonical scan; OCR/text layer used only as a locating scaffold,manually_verified,high,excluded,source prints ‘----’ (no response),0,,,,,"blair-george2012kondadora[Appendix 9.5, PDF p. 105, printed p. 100, item 176 (different), list O]",
blair-george2012kondadora,177,177,whole,Koraput,target,96,91,,----,,blank,manual cell-by-cell visual transcription from rendered canonical scan; OCR/text layer used only as a locating scaffold,manually_verified,high,excluded,source prints ‘----’ (no response),0,,,Konda,sil-konda-dora-1987-koraput,"blair-george2012kondadora[Appendix 9.5, PDF p. 96, printed p. 91, item 177 (whole), list K]",
blair-george2012kondadora,177,177,whole,Visakh,target,96,91,,----,,blank,manual cell-by-cell visual transcription from rendered canonical scan; OCR/text layer used only as a locating scaffold,manually_verified,high,excluded,source prints ‘----’ (no response),0,,,Konda,sil-konda-dora-1987-visakh,"blair-george2012kondadora[Appendix 9.5, PDF p. 96, printed p. 91, item 177 (whole), list V]",
blair-george2012kondadora,177,177,whole,Telugu,comparison control,105,100,,----,,blank,manual cell-by-cell visual transcription from rendered canonical scan; OCR/text layer used only as a locating scaffold,manually_verified,high,excluded,source prints ‘----’ (no response),0,,,,,"blair-george2012kondadora[Appendix 9.5, PDF p. 105, printed p. 100, item 177 (whole), list T]",
blair-george2012kondadora,177,177,whole,Adivasi_Oriya,comparison control,105,100,,----,,blank,manual cell-by-cell visual transcription from rendered canonical scan; OCR/text layer used only as a locating scaffold,manually_verified,high,excluded,source prints ‘----’ (no response),0,,,,,"blair-george2012kondadora[Appendix 9.5, PDF p. 105, printed p. 100, item 177 (whole), list O]",
blair-george2012kondadora,178,178,broken,Koraput,target,96,91,,----,,blank,manual cell-by-cell visual transcription from rendered canonical scan; OCR/text layer used only as a locating scaffold,manually_verified,high,excluded,source prints ‘----’ (no response),0,,,Konda,sil-konda-dora-1987-koraput,"blair-george2012kondadora[Appendix 9.5, PDF p. 96, printed p. 91, item 178 (broken), list K]",
blair-george2012kondadora,178,178,broken,Visakh,target,96,91,,----,,blank,manual cell-by-cell visual transcription from rendered canonical scan; OCR/text layer used only as a locating scaffold,manually_verified,high,excluded,source prints ‘----’ (no response),0,,,Konda,sil-konda-dora-1987-visakh,"blair-george2012kondadora[Appendix 9.5, PDF p. 96, printed p. 91, item 178 (broken), list V]",
blair-george2012kondadora,178,178,broken,Telugu,comparison control,105,100,,----,,blank,manual cell-by-cell visual transcription from rendered canonical scan; OCR/text layer used only as a locating scaffold,manually_verified,high,excluded,source prints ‘----’ (no response),0,,,,,"blair-george2012kondadora[Appendix 9.5, PDF p. 105, printed p. 100, item 178 (broken), list T]",
blair-george2012kondadora,178,178,broken,Adivasi_Oriya,comparison control,105,100,,----,,blank,manual cell-by-cell visual transcription from rendered canonical scan; OCR/text layer used only as a locating scaffold,manually_verified,high,excluded,source prints ‘----’ (no response),0,,,,,"blair-george2012kondadora[Appendix 9.5, PDF p. 105, printed p. 100, item 178 (broken), list O]",
blair-george2012kondadora,179,179,few,Koraput,target,96,91,ungrouped,-idzrika,idzrika,response,manual cell-by-cell visual transcription from rendered canonical scan; OCR/text layer used only as a locating scaffold,manually_verified,high,installed,,1,idzrika,silkondadora2012:179:K:1,Konda,sil-konda-dora-1987-koraput,"blair-george2012kondadora[Appendix 9.5, PDF p. 96, printed p. 91, item 179 (few), list K]",
blair-george2012kondadora,179,179,few,Visakh,target,96,91,,----,,blank,manual cell-by-cell visual transcription from rendered canonical scan; OCR/text layer used only as a locating scaffold,manually_verified,high,excluded,source prints ‘----’ (no response),0,,,Konda,sil-konda-dora-1987-visakh,"blair-george2012kondadora[Appendix 9.5, PDF p. 96, printed p. 91, item 179 (few), list V]",
blair-george2012kondadora,179,179,few,Telugu,comparison control,105,100,,----,,blank,manual cell-by-cell visual transcription from rendered canonical scan; OCR/text layer used only as a locating scaffold,manually_verified,high,excluded,source prints ‘----’ (no response),0,,,,,"blair-george2012kondadora[Appendix 9.5, PDF p. 105, printed p. 100, item 179 (few), list T]",
blair-george2012kondadora,179,179,few,Adivasi_Oriya,comparison control,105,100,,----,,blank,manual cell-by-cell visual transcription from rendered canonical scan; OCR/text layer used only as a locating scaffold,manually_verified,high,excluded,source prints ‘----’ (no response),0,,,,,"blair-george2012kondadora[Appendix 9.5, PDF p. 105, printed p. 100, item 179 (few), list O]",
blair-george2012kondadora,180,180,many,Koraput,target,96,91,ungrouped,-naṇḍo,naṇḍo,response,manual cell-by-cell visual transcription from rendered canonical scan; OCR/text layer used only as a locating scaffold,manually_verified,high,installed,,1,naṇḍo,silkondadora2012:180:K:1,Konda,sil-konda-dora-1987-koraput,"blair-george2012kondadora[Appendix 9.5, PDF p. 96, printed p. 91, item 180 (many), list K]",
blair-george2012kondadora,180,180,many,Visakh,target,96,91,,----,,blank,manual cell-by-cell visual transcription from rendered canonical scan; OCR/text layer used only as a locating scaffold,manually_verified,high,excluded,source prints ‘----’ (no response),0,,,Konda,sil-konda-dora-1987-visakh,"blair-george2012kondadora[Appendix 9.5, PDF p. 96, printed p. 91, item 180 (many), list V]",
blair-george2012kondadora,180,180,many,Telugu,comparison control,105,100,,----,,blank,manual cell-by-cell visual transcription from rendered canonical scan; OCR/text layer used only as a locating scaffold,manually_verified,high,excluded,source prints ‘----’ (no response),0,,,,,"blair-george2012kondadora[Appendix 9.5, PDF p. 105, printed p. 100, item 180 (many), list T]",
blair-george2012kondadora,180,180,many,Adivasi_Oriya,comparison control,105,100,,----,,blank,manual cell-by-cell visual transcription from rendered canonical scan; OCR/text layer used only as a locating scaffold,manually_verified,high,excluded,source prints ‘----’ (no response),0,,,,,"blair-george2012kondadora[Appendix 9.5, PDF p. 105, printed p. 100, item 180 (many), list O]",
blair-george2012kondadora,181,181,all,Koraput,target,96,91,1,1vidzu,vidzu,response,manual cell-by-cell visual transcription from rendered canonical scan; OCR/text layer used only as a locating scaffold,manually_verified,high,installed,,1,vidzu,silkondadora2012:181:K:1,Konda,sil-konda-dora-1987-koraput,"blair-george2012kondadora[Appendix 9.5, PDF p. 96, printed p. 91, item 181 (all), list K]",
blair-george2012kondadora,181,181,all,Visakh,target,96,91,1,1vidzere,vidzere,response,manual cell-by-cell visual transcription from rendered canonical scan; OCR/text layer used only as a locating scaffold,manually_verified,high,installed,,1,vidzere,silkondadora2012:181:V:1,Konda,sil-konda-dora-1987-visakh,"blair-george2012kondadora[Appendix 9.5, PDF p. 96, printed p. 91, item 181 (all), list V]",
blair-george2012kondadora,181,181,all,Telugu,comparison control,105,100,2,2an:i,an:i,response,manual cell-by-cell visual transcription from rendered canonical scan; OCR/text layer used only as a locating scaffold,manually_verified,high,excluded,Telugu comparison control,0,,,,,"blair-george2012kondadora[Appendix 9.5, PDF p. 105, printed p. 100, item 181 (all), list T]",
blair-george2012kondadora,181,181,all,Adivasi_Oriya,comparison control,105,100,,sobu,sobu,response,manual cell-by-cell visual transcription from rendered canonical scan; OCR/text layer used only as a locating scaffold,manually_verified,high,excluded,Adivasi Oriya (Kotia Oriya) comparison control,0,,,,,"blair-george2012kondadora[Appendix 9.5, PDF p. 105, printed p. 100, item 181 (all), list O]",
blair-george2012kondadora,182,182,eat,Koraput,target,96,91,1,1uṭa:n/uṇ?a/uṇḍeŋ,uṭa:n/uṇ?a/uṇḍeŋ,response,manual cell-by-cell visual transcription from rendered canonical scan; OCR/text layer used only as a locating scaffold,manually_verified,high,installed,,3,uṭa:n | uṇ?a | uṇḍeŋ,silkondadora2012:182:K:1 | silkondadora2012:182:K:2 | silkondadora2012:182:K:3,Konda,sil-konda-dora-1987-koraput,"blair-george2012kondadora[Appendix 9.5, PDF p. 96, printed p. 91, item 182 (eat), list K]",
blair-george2012kondadora,182,182,eat,Visakh,target,96,91,1,1uṭa:n/uṇ?a/uṇḍeŋ,uṭa:n/uṇ?a/uṇḍeŋ,response,manual cell-by-cell visual transcription from rendered canonical scan; OCR/text layer used only as a locating scaffold,manually_verified,high,installed,,3,uṭa:n | uṇ?a | uṇḍeŋ,silkondadora2012:182:V:1 | silkondadora2012:182:V:2 | silkondadora2012:182:V:3,Konda,sil-konda-dora-1987-visakh,"blair-george2012kondadora[Appendix 9.5, PDF p. 96, printed p. 91, item 182 (eat), list V]",
blair-george2012kondadora,182,182,eat,Telugu,comparison control,105,100,2,2ṭinu,ṭinu,response,manual cell-by-cell visual transcription from rendered canonical scan; OCR/text layer used only as a locating scaffold,manually_verified,high,excluded,Telugu comparison control,0,,,,,"blair-george2012kondadora[Appendix 9.5, PDF p. 105, printed p. 100, item 182 (eat), list T]",
blair-george2012kondadora,182,182,eat,Adivasi_Oriya,comparison control,105,100,,kajbar,kajbar,response,manual cell-by-cell visual transcription from rendered canonical scan; OCR/text layer used only as a locating scaffold,manually_verified,high,excluded,Adivasi Oriya (Kotia Oriya) comparison control,0,,,,,"blair-george2012kondadora[Appendix 9.5, PDF p. 105, printed p. 100, item 182 (eat), list O]",
blair-george2012kondadora,183,183,bite,Koraput,target,96,91,1,1kaṭṭa:ḍ/kaṭ?a/kaṭṭeŋ,kaṭṭa:ḍ/kaṭ?a/kaṭṭeŋ,response,manual cell-by-cell visual transcription from rendered canonical scan; OCR/text layer used only as a locating scaffold,manually_verified,high,installed,,3,kaṭṭa:ḍ | kaṭ?a | kaṭṭeŋ,silkondadora2012:183:K:1 | silkondadora2012:183:K:2 | silkondadora2012:183:K:3,Konda,sil-konda-dora-1987-koraput,"blair-george2012kondadora[Appendix 9.5, PDF p. 96, printed p. 91, item 183 (bite), list K]",
blair-george2012kondadora,183,183,bite,Visakh,target,96,91,1,1kaṭṭa:ḍ/kaṭ?a/kaṭṭeŋ,kaṭṭa:ḍ/kaṭ?a/kaṭṭeŋ,response,manual cell-by-cell visual transcription from rendered canonical scan; OCR/text layer used only as a locating scaffold,manually_verified,high,installed,,3,kaṭṭa:ḍ | kaṭ?a | kaṭṭeŋ,silkondadora2012:183:V:1 | silkondadora2012:183:V:2 | silkondadora2012:183:V:3,Konda,sil-konda-dora-1987-visakh,"blair-george2012kondadora[Appendix 9.5, PDF p. 96, printed p. 91, item 183 (bite), list V]",
blair-george2012kondadora,183,183,bite,Telugu,comparison control,105,100,2,2kuruku,kuruku,response,manual cell-by-cell visual transcription from rendered canonical scan; OCR/text layer used only as a locating scaffold,manually_verified,high,excluded,Telugu comparison control,0,,,,,"blair-george2012kondadora[Appendix 9.5, PDF p. 105, printed p. 100, item 183 (bite), list T]",
blair-george2012kondadora,183,183,bite,Adivasi_Oriya,comparison control,105,100,,sab?ar,sab?ar,response,manual cell-by-cell visual transcription from rendered canonical scan; OCR/text layer used only as a locating scaffold,manually_verified,high,excluded,Adivasi Oriya (Kotia Oriya) comparison control,0,,,,,"blair-george2012kondadora[Appendix 9.5, PDF p. 105, printed p. 100, item 183 (bite), list O]",
blair-george2012kondadora,184,184,be hungry,Koraput,target,96,91,,----,,blank,manual cell-by-cell visual transcription from rendered canonical scan; OCR/text layer used only as a locating scaffold,manually_verified,high,excluded,source prints ‘----’ (no response),0,,,Konda,sil-konda-dora-1987-koraput,"blair-george2012kondadora[Appendix 9.5, PDF p. 96, printed p. 91, item 184 (be hungry), list K]",
blair-george2012kondadora,184,184,be hungry,Visakh,target,96,91,,----,,blank,manual cell-by-cell visual transcription from rendered canonical scan; OCR/text layer used only as a locating scaffold,manually_verified,high,excluded,source prints ‘----’ (no response),0,,,Konda,sil-konda-dora-1987-visakh,"blair-george2012kondadora[Appendix 9.5, PDF p. 96, printed p. 91, item 184 (be hungry), list V]",
blair-george2012kondadora,184,184,be hungry,Telugu,comparison control,105,100,,----,,blank,manual cell-by-cell visual transcription from rendered canonical scan; OCR/text layer used only as a locating scaffold,manually_verified,high,excluded,source prints ‘----’ (no response),0,,,,,"blair-george2012kondadora[Appendix 9.5, PDF p. 105, printed p. 100, item 184 (be hungry), list T]",
blair-george2012kondadora,184,184,be hungry,Adivasi_Oriya,comparison control,105,100,,----,,blank,manual cell-by-cell visual transcription from rendered canonical scan; OCR/text layer used only as a locating scaffold,manually_verified,high,excluded,source prints ‘----’ (no response),0,,,,,"blair-george2012kondadora[Appendix 9.5, PDF p. 105, printed p. 100, item 184 (be hungry), list O]",
blair-george2012kondadora,185,185,drink,Koraput,target,96,91,1,1uṭa:n/uṇ?a/uṇḍeŋ,uṭa:n/uṇ?a/uṇḍeŋ,response,manual cell-by-cell visual transcription from rendered canonical scan; OCR/text layer used only as a locating scaffold,manually_verified,high,installed,,3,uṭa:n | uṇ?a | uṇḍeŋ,silkondadora2012:185:K:1 | silkondadora2012:185:K:2 | silkondadora2012:185:K:3,Konda,sil-konda-dora-1987-koraput,"blair-george2012kondadora[Appendix 9.5, PDF p. 96, printed p. 91, item 185 (drink), list K]",
blair-george2012kondadora,185,185,drink,Visakh,target,96,91,1,1uṭa:n/uṇ?a/uṇḍeŋ,uṭa:n/uṇ?a/uṇḍeŋ,response,manual cell-by-cell visual transcription from rendered canonical scan; OCR/text layer used only as a locating scaffold,manually_verified,high,installed,,3,uṭa:n | uṇ?a | uṇḍeŋ,silkondadora2012:185:V:1 | silkondadora2012:185:V:2 | silkondadora2012:185:V:3,Konda,sil-konda-dora-1987-visakh,"blair-george2012kondadora[Appendix 9.5, PDF p. 96, printed p. 91, item 185 (drink), list V]",
blair-george2012kondadora,185,185,drink,Telugu,comparison control,105,100,2,2ṭa:gu,ṭa:gu,response,manual cell-by-cell visual transcription from rendered canonical scan; OCR/text layer used only as a locating scaffold,manually_verified,high,excluded,Telugu comparison control,0,,,,,"blair-george2012kondadora[Appendix 9.5, PDF p. 105, printed p. 100, item 185 (drink), list T]",
blair-george2012kondadora,185,185,drink,Adivasi_Oriya,comparison control,105,100,,kajbar,kajbar,response,manual cell-by-cell visual transcription from rendered canonical scan; OCR/text layer used only as a locating scaffold,manually_verified,high,excluded,Adivasi Oriya (Kotia Oriya) comparison control,0,,,,,"blair-george2012kondadora[Appendix 9.5, PDF p. 105, printed p. 100, item 185 (drink), list O]",
blair-george2012kondadora,186,186,be thirsty,Koraput,target,96,91,,----,,blank,manual cell-by-cell visual transcription from rendered canonical scan; OCR/text layer used only as a locating scaffold,manually_verified,high,excluded,source prints ‘----’ (no response),0,,,Konda,sil-konda-dora-1987-koraput,"blair-george2012kondadora[Appendix 9.5, PDF p. 96, printed p. 91, item 186 (be thirsty), list K]",
blair-george2012kondadora,186,186,be thirsty,Visakh,target,96,91,,----,,blank,manual cell-by-cell visual transcription from rendered canonical scan; OCR/text layer used only as a locating scaffold,manually_verified,high,excluded,source prints ‘----’ (no response),0,,,Konda,sil-konda-dora-1987-visakh,"blair-george2012kondadora[Appendix 9.5, PDF p. 96, printed p. 91, item 186 (be thirsty), list V]",
blair-george2012kondadora,186,186,be thirsty,Telugu,comparison control,105,100,,----,,blank,manual cell-by-cell visual transcription from rendered canonical scan; OCR/text layer used only as a locating scaffold,manually_verified,high,excluded,source prints ‘----’ (no response),0,,,,,"blair-george2012kondadora[Appendix 9.5, PDF p. 105, printed p. 100, item 186 (be thirsty), list T]",
blair-george2012kondadora,186,186,be thirsty,Adivasi_Oriya,comparison control,105,100,,----,,blank,manual cell-by-cell visual transcription from rendered canonical scan; OCR/text layer used only as a locating scaffold,manually_verified,high,excluded,source prints ‘----’ (no response),0,,,,,"blair-george2012kondadora[Appendix 9.5, PDF p. 105, printed p. 100, item 186 (be thirsty), list O]",
blair-george2012kondadora,187,187,sleep,Koraput,target,96,91,1,1sundziṭa:n/sudz?a/----,sundziṭa:n/sudz?a/----,response,manual cell-by-cell visual transcription from rendered canonical scan; OCR/text layer used only as a locating scaffold,manually_verified,high,installed,,2,sundziṭa:n | sudz?a,silkondadora2012:187:K:1 | silkondadora2012:187:K:2,Konda,sil-konda-dora-1987-koraput,"blair-george2012kondadora[Appendix 9.5, PDF p. 96, printed p. 91, item 187 (sleep), list K]",
blair-george2012kondadora,187,187,sleep,Visakh,target,96,91,2,2----/----/niḍrakiḍeŋ,----/----/niḍrakiḍeŋ,response,manual cell-by-cell visual transcription from rendered canonical scan; OCR/text layer used only as a locating scaffold,manually_verified,high,installed,,1,niḍrakiḍeŋ,silkondadora2012:187:V:1,Konda,sil-konda-dora-1987-visakh,"blair-george2012kondadora[Appendix 9.5, PDF p. 96, printed p. 91, item 187 (sleep), list V]",
blair-george2012kondadora,187,187,sleep,Telugu,comparison control,105,100,2,2nidra po:vu,nidra po:vu,response,manual cell-by-cell visual transcription from rendered canonical scan; OCR/text layer used only as a locating scaffold,manually_verified,high,excluded,Telugu comparison control,0,,,,,"blair-george2012kondadora[Appendix 9.5, PDF p. 105, printed p. 100, item 187 (sleep), list T]",
blair-george2012kondadora,187,187,sleep,Adivasi_Oriya,comparison control,105,100,,sojbar,sojbar,response,manual cell-by-cell visual transcription from rendered canonical scan; OCR/text layer used only as a locating scaffold,manually_verified,high,excluded,Adivasi Oriya (Kotia Oriya) comparison control,0,,,,,"blair-george2012kondadora[Appendix 9.5, PDF p. 105, printed p. 100, item 187 (sleep), list O]",
blair-george2012kondadora,188,188,lie down,Koraput,target,96,91,1,1gu:riṭa:n/gu:r?a/----,gu:riṭa:n/gu:r?a/----,response,manual cell-by-cell visual transcription from rendered canonical scan; OCR/text layer used only as a locating scaffold,manually_verified,high,installed,,2,gu:riṭa:n | gu:r?a,silkondadora2012:188:K:1 | silkondadora2012:188:K:2,Konda,sil-konda-dora-1987-koraput,"blair-george2012kondadora[Appendix 9.5, PDF p. 96, printed p. 91, item 188 (lie down), list K]",
blair-george2012kondadora,188,188,lie down,Visakh,target,96,91,1,1gu:riṭa:n/gu:r?a/----,gu:riṭa:n/gu:r?a/----,response,manual cell-by-cell visual transcription from rendered canonical scan; OCR/text layer used only as a locating scaffold,manually_verified,high,installed,,2,gu:riṭa:n | gu:r?a,silkondadora2012:188:V:1 | silkondadora2012:188:V:2,Konda,sil-konda-dora-1987-visakh,"blair-george2012kondadora[Appendix 9.5, PDF p. 96, printed p. 91, item 188 (lie down), list V]",
blair-george2012kondadora,188,188,lie down,Telugu,comparison control,105,100,2,2paṭuko,paṭuko,response,manual cell-by-cell visual transcription from rendered canonical scan; OCR/text layer used only as a locating scaffold,manually_verified,high,excluded,Telugu comparison control,0,,,,,"blair-george2012kondadora[Appendix 9.5, PDF p. 105, printed p. 100, item 188 (lie down), list T]",
blair-george2012kondadora,188,188,lie down,Adivasi_Oriya,comparison control,105,100,,ḍulbar,ḍulbar,response,manual cell-by-cell visual transcription from rendered canonical scan; OCR/text layer used only as a locating scaffold,manually_verified,high,excluded,Adivasi Oriya (Kotia Oriya) comparison control,0,,,,,"blair-george2012kondadora[Appendix 9.5, PDF p. 105, printed p. 100, item 188 (lie down), list O]",
blair-george2012kondadora,189,189,sit down,Koraput,target,96,91,1,1basino:n/bas?a/basṭeŋ,basino:n/bas?a/basṭeŋ,response,manual cell-by-cell visual transcription from rendered canonical scan; OCR/text layer used only as a locating scaffold,manually_verified,high,installed,,3,basino:n | bas?a | basṭeŋ,silkondadora2012:189:K:1 | silkondadora2012:189:K:2 | silkondadora2012:189:K:3,Konda,sil-konda-dora-1987-koraput,"blair-george2012kondadora[Appendix 9.5, PDF p. 96, printed p. 91, item 189 (sit down), list K]",
blair-george2012kondadora,189,189,sit down,Visakh,target,96,91,1,1basino:n/bas?a/basṭeŋ,basino:n/bas?a/basṭeŋ,response,manual cell-by-cell visual transcription from rendered canonical scan; OCR/text layer used only as a locating scaffold,manually_verified,high,installed,,3,basino:n | bas?a | basṭeŋ,silkondadora2012:189:V:1 | silkondadora2012:189:V:2 | silkondadora2012:189:V:3,Konda,sil-konda-dora-1987-visakh,"blair-george2012kondadora[Appendix 9.5, PDF p. 96, printed p. 91, item 189 (sit down), list V]",
blair-george2012kondadora,189,189,sit down,Telugu,comparison control,105,100,2,2ku:tʃo,ku:tʃo,response,manual cell-by-cell visual transcription from rendered canonical scan; OCR/text layer used only as a locating scaffold,manually_verified,high,excluded,Telugu comparison control,0,,,,,"blair-george2012kondadora[Appendix 9.5, PDF p. 105, printed p. 100, item 189 (sit down), list T]",
blair-george2012kondadora,189,189,sit down,Adivasi_Oriya,comparison control,105,100,,bosbar,bosbar,response,manual cell-by-cell visual transcription from rendered canonical scan; OCR/text layer used only as a locating scaffold,manually_verified,high,excluded,Adivasi Oriya (Kotia Oriya) comparison control,0,,,,,"blair-george2012kondadora[Appendix 9.5, PDF p. 105, printed p. 100, item 189 (sit down), list O]",
blair-george2012kondadora,190,190,give,Koraput,target,96,91,1,1siṭa:n/si?a/sideŋ,siṭa:n/si?a/sideŋ,response,manual cell-by-cell visual transcription from rendered canonical scan; OCR/text layer used only as a locating scaffold,manually_verified,high,installed,,3,siṭa:n | si?a | sideŋ,silkondadora2012:190:K:1 | silkondadora2012:190:K:2 | silkondadora2012:190:K:3,Konda,sil-konda-dora-1987-koraput,"blair-george2012kondadora[Appendix 9.5, PDF p. 96, printed p. 91, item 190 (give), list K]",
blair-george2012kondadora,190,190,give,Visakh,target,96,91,1,1siṭa:n/si?a/sideŋ,siṭa:n/si?a/sideŋ,response,manual cell-by-cell visual transcription from rendered canonical scan; OCR/text layer used only as a locating scaffold,manually_verified,high,installed,,3,siṭa:n | si?a | sideŋ,silkondadora2012:190:V:1 | silkondadora2012:190:V:2 | silkondadora2012:190:V:3,Konda,sil-konda-dora-1987-visakh,"blair-george2012kondadora[Appendix 9.5, PDF p. 96, printed p. 91, item 190 (give), list V]",
blair-george2012kondadora,190,190,give,Telugu,comparison control,105,100,2,2itʃu/ij:i,itʃu/ij:i,response,manual cell-by-cell visual transcription from rendered canonical scan; OCR/text layer used only as a locating scaffold,manually_verified,high,excluded,Telugu comparison control,0,,,,,"blair-george2012kondadora[Appendix 9.5, PDF p. 105, printed p. 100, item 190 (give), list T]",
blair-george2012kondadora,190,190,give,Adivasi_Oriya,comparison control,105,100,,ḍebar,ḍebar,response,manual cell-by-cell visual transcription from rendered canonical scan; OCR/text layer used only as a locating scaffold,manually_verified,high,excluded,Adivasi Oriya (Kotia Oriya) comparison control,0,,,,,"blair-george2012kondadora[Appendix 9.5, PDF p. 105, printed p. 100, item 190 (give), list O]",
blair-george2012kondadora,191,191,burn,Koraput,target,96,91,,----,,blank,manual cell-by-cell visual transcription from rendered canonical scan; OCR/text layer used only as a locating scaffold,manually_verified,high,excluded,source prints ‘----’ (no response),0,,,Konda,sil-konda-dora-1987-koraput,"blair-george2012kondadora[Appendix 9.5, PDF p. 96, printed p. 91, item 191 (burn), list K]",
blair-george2012kondadora,191,191,burn,Visakh,target,96,91,,----,,blank,manual cell-by-cell visual transcription from rendered canonical scan; OCR/text layer used only as a locating scaffold,manually_verified,high,excluded,source prints ‘----’ (no response),0,,,Konda,sil-konda-dora-1987-visakh,"blair-george2012kondadora[Appendix 9.5, PDF p. 96, printed p. 91, item 191 (burn), list V]",
blair-george2012kondadora,191,191,burn,Telugu,comparison control,105,100,,----,,blank,manual cell-by-cell visual transcription from rendered canonical scan; OCR/text layer used only as a locating scaffold,manually_verified,high,excluded,source prints ‘----’ (no response),0,,,,,"blair-george2012kondadora[Appendix 9.5, PDF p. 105, printed p. 100, item 191 (burn), list T]",
blair-george2012kondadora,191,191,burn,Adivasi_Oriya,comparison control,105,100,,----,,blank,manual cell-by-cell visual transcription from rendered canonical scan; OCR/text layer used only as a locating scaffold,manually_verified,high,excluded,source prints ‘----’ (no response),0,,,,,"blair-george2012kondadora[Appendix 9.5, PDF p. 105, printed p. 100, item 191 (burn), list O]",
blair-george2012kondadora,192,192,die,Koraput,target,96,91,1,1saṭa:n/sa?a/sa:ḍeŋ,saṭa:n/sa?a/sa:ḍeŋ,response,manual cell-by-cell visual transcription from rendered canonical scan; OCR/text layer used only as a locating scaffold,manually_verified,high,installed,,3,saṭa:n | sa?a | sa:ḍeŋ,silkondadora2012:192:K:1 | silkondadora2012:192:K:2 | silkondadora2012:192:K:3,Konda,sil-konda-dora-1987-koraput,"blair-george2012kondadora[Appendix 9.5, PDF p. 96, printed p. 91, item 192 (die), list K]",
blair-george2012kondadora,192,192,die,Visakh,target,96,91,1,1saṭa:n/sa?a/sa:ḍeŋ,saṭa:n/sa?a/sa:ḍeŋ,response,manual cell-by-cell visual transcription from rendered canonical scan; OCR/text layer used only as a locating scaffold,manually_verified,high,installed,,3,saṭa:n | sa?a | sa:ḍeŋ,silkondadora2012:192:V:1 | silkondadora2012:192:V:2 | silkondadora2012:192:V:3,Konda,sil-konda-dora-1987-visakh,"blair-george2012kondadora[Appendix 9.5, PDF p. 96, printed p. 91, item 192 (die), list V]",
blair-george2012kondadora,192,192,die,Telugu,comparison control,105,100,2,2tʃavu,tʃavu,response,manual cell-by-cell visual transcription from rendered canonical scan; OCR/text layer used only as a locating scaffold,manually_verified,high,excluded,Telugu comparison control,0,,,,,"blair-george2012kondadora[Appendix 9.5, PDF p. 105, printed p. 100, item 192 (die), list T]",
blair-george2012kondadora,192,192,die,Adivasi_Oriya,comparison control,105,100,,morbar,morbar,response,manual cell-by-cell visual transcription from rendered canonical scan; OCR/text layer used only as a locating scaffold,manually_verified,high,excluded,Adivasi Oriya (Kotia Oriya) comparison control,0,,,,,"blair-george2012kondadora[Appendix 9.5, PDF p. 105, printed p. 100, item 192 (die), list O]",
blair-george2012kondadora,193,193,kill,Koraput,target,96,91,1,1sapṭa:n/sap?a/sapṭeŋ,sapṭa:n/sap?a/sapṭeŋ,response,manual cell-by-cell visual transcription from rendered canonical scan; OCR/text layer used only as a locating scaffold,manually_verified,high,installed,,3,sapṭa:n | sap?a | sapṭeŋ,silkondadora2012:193:K:1 | silkondadora2012:193:K:2 | silkondadora2012:193:K:3,Konda,sil-konda-dora-1987-koraput,"blair-george2012kondadora[Appendix 9.5, PDF p. 96, printed p. 91, item 193 (kill), list K]",
blair-george2012kondadora,193,193,kill,Visakh,target,96,91,1,1sapṭa:n/sap?a/sapṭeŋ,sapṭa:n/sap?a/sapṭeŋ,response,manual cell-by-cell visual transcription from rendered canonical scan; OCR/text layer used only as a locating scaffold,manually_verified,high,installed,,3,sapṭa:n | sap?a | sapṭeŋ,silkondadora2012:193:V:1 | silkondadora2012:193:V:2 | silkondadora2012:193:V:3,Konda,sil-konda-dora-1987-visakh,"blair-george2012kondadora[Appendix 9.5, PDF p. 96, printed p. 91, item 193 (kill), list V]",
blair-george2012kondadora,193,193,kill,Telugu,comparison control,105,100,2,2tʃampu,tʃampu,response,manual cell-by-cell visual transcription from rendered canonical scan; OCR/text layer used only as a locating scaffold,manually_verified,high,excluded,Telugu comparison control,0,,,,,"blair-george2012kondadora[Appendix 9.5, PDF p. 105, printed p. 100, item 193 (kill), list T]",
blair-george2012kondadora,193,193,kill,Adivasi_Oriya,comparison control,105,100,,morajbar,morajbar,response,manual cell-by-cell visual transcription from rendered canonical scan; OCR/text layer used only as a locating scaffold,manually_verified,high,excluded,Adivasi Oriya (Kotia Oriya) comparison control,0,,,,,"blair-george2012kondadora[Appendix 9.5, PDF p. 105, printed p. 100, item 193 (kill), list O]",
blair-george2012kondadora,194,194,fly,Koraput,target,96,91,1,1egriṭa:ḍ/----/egriḍeŋ,egriṭa:ḍ/----/egriḍeŋ,response,manual cell-by-cell visual transcription from rendered canonical scan; OCR/text layer used only as a locating scaffold,manually_verified,high,installed,,2,egriṭa:ḍ | egriḍeŋ,silkondadora2012:194:K:1 | silkondadora2012:194:K:2,Konda,sil-konda-dora-1987-koraput,"blair-george2012kondadora[Appendix 9.5, PDF p. 96, printed p. 91, item 194 (fly), list K]",
blair-george2012kondadora,194,194,fly,Visakh,target,96,91,1,1egriṭa:ḍ/----/egriḍeŋ,egriṭa:ḍ/----/egriḍeŋ,response,manual cell-by-cell visual transcription from rendered canonical scan; OCR/text layer used only as a locating scaffold,manually_verified,high,installed,,2,egriṭa:ḍ | egriḍeŋ,silkondadora2012:194:V:1 | silkondadora2012:194:V:2,Konda,sil-konda-dora-1987-visakh,"blair-george2012kondadora[Appendix 9.5, PDF p. 96, printed p. 91, item 194 (fly), list V]",
blair-george2012kondadora,194,194,fly,Telugu,comparison control,105,100,1,1eguru,eguru,response,manual cell-by-cell visual transcription from rendered canonical scan; OCR/text layer used only as a locating scaffold,manually_verified,high,excluded,Telugu comparison control,0,,,,,"blair-george2012kondadora[Appendix 9.5, PDF p. 105, printed p. 100, item 194 (fly), list T]",
blair-george2012kondadora,194,194,fly,Adivasi_Oriya,comparison control,105,100,,uḍbar,uḍbar,response,manual cell-by-cell visual transcription from rendered canonical scan; OCR/text layer used only as a locating scaffold,manually_verified,high,excluded,Adivasi Oriya (Kotia Oriya) comparison control,0,,,,,"blair-george2012kondadora[Appendix 9.5, PDF p. 105, printed p. 100, item 194 (fly), list O]",
blair-george2012kondadora,195,195,walk,Koraput,target,96,91,1,1bu:laṭa:n/bu:l?a/----,bu:laṭa:n/bu:l?a/----,response,manual cell-by-cell visual transcription from rendered canonical scan; OCR/text layer used only as a locating scaffold,manually_verified,high,installed,,2,bu:laṭa:n | bu:l?a,silkondadora2012:195:K:1 | silkondadora2012:195:K:2,Konda,sil-konda-dora-1987-koraput,"blair-george2012kondadora[Appendix 9.5, PDF p. 96, printed p. 91, item 195 (walk), list K]",
blair-george2012kondadora,195,195,walk,Visakh,target,96,91,2,2----/----/naḍiḍeŋ,----/----/naḍiḍeŋ,response,manual cell-by-cell visual transcription from rendered canonical scan; OCR/text layer used only as a locating scaffold,manually_verified,high,installed,,1,naḍiḍeŋ,silkondadora2012:195:V:1,Konda,sil-konda-dora-1987-visakh,"blair-george2012kondadora[Appendix 9.5, PDF p. 96, printed p. 91, item 195 (walk), list V]",
blair-george2012kondadora,195,195,walk,Telugu,comparison control,105,100,2,2naḍatʃu,naḍatʃu,response,manual cell-by-cell visual transcription from rendered canonical scan; OCR/text layer used only as a locating scaffold,manually_verified,high,excluded,Telugu comparison control,0,,,,,"blair-george2012kondadora[Appendix 9.5, PDF p. 105, printed p. 100, item 195 (walk), list T]",
blair-george2012kondadora,195,195,walk,Adivasi_Oriya,comparison control,105,100,,iṇḍbar,iṇḍbar,response,manual cell-by-cell visual transcription from rendered canonical scan; OCR/text layer used only as a locating scaffold,manually_verified,high,excluded,Adivasi Oriya (Kotia Oriya) comparison control,0,,,,,"blair-george2012kondadora[Appendix 9.5, PDF p. 105, printed p. 100, item 195 (walk), list O]",
blair-george2012kondadora,196,196,run,Koraput,target,96,91,1,1uhkṭa:n/uhk?a/uhṭeŋ,uhkṭa:n/uhk?a/uhṭeŋ,response,manual cell-by-cell visual transcription from rendered canonical scan; OCR/text layer used only as a locating scaffold,manually_verified,high,installed,,3,uhkṭa:n | uhk?a | uhṭeŋ,silkondadora2012:196:K:1 | silkondadora2012:196:K:2 | silkondadora2012:196:K:3,Konda,sil-konda-dora-1987-koraput,"blair-george2012kondadora[Appendix 9.5, PDF p. 96, printed p. 91, item 196 (run), list K]",
blair-george2012kondadora,196,196,run,Visakh,target,96,91,1,1uhkṭa:n/uhk?a/uhṭeŋ,uhkṭa:n/uhk?a/uhṭeŋ,response,manual cell-by-cell visual transcription from rendered canonical scan; OCR/text layer used only as a locating scaffold,manually_verified,high,installed,,3,uhkṭa:n | uhk?a | uhṭeŋ,silkondadora2012:196:V:1 | silkondadora2012:196:V:2 | silkondadora2012:196:V:3,Konda,sil-konda-dora-1987-visakh,"blair-george2012kondadora[Appendix 9.5, PDF p. 96, printed p. 91, item 196 (run), list V]",
blair-george2012kondadora,196,196,run,Telugu,comparison control,105,100,2,2parigiṭu,parigiṭu,response,manual cell-by-cell visual transcription from rendered canonical scan; OCR/text layer used only as a locating scaffold,manually_verified,high,excluded,Telugu comparison control,0,,,,,"blair-george2012kondadora[Appendix 9.5, PDF p. 105, printed p. 100, item 196 (run), list T]",
blair-george2012kondadora,196,196,run,Adivasi_Oriya,comparison control,105,100,,palajbar,palajbar,response,manual cell-by-cell visual transcription from rendered canonical scan; OCR/text layer used only as a locating scaffold,manually_verified,high,excluded,Adivasi Oriya (Kotia Oriya) comparison control,0,,,,,"blair-george2012kondadora[Appendix 9.5, PDF p. 105, printed p. 100, item 196 (run), list O]",
blair-george2012kondadora,197,197,go,Koraput,target,96,91,1,1soha:n/son?a/sonḍreŋ,soha:n/son?a/sonḍreŋ,response,manual cell-by-cell visual transcription from rendered canonical scan; OCR/text layer used only as a locating scaffold,manually_verified,high,installed,,3,soha:n | son?a | sonḍreŋ,silkondadora2012:197:K:1 | silkondadora2012:197:K:2 | silkondadora2012:197:K:3,Konda,sil-konda-dora-1987-koraput,"blair-george2012kondadora[Appendix 9.5, PDF p. 96, printed p. 91, item 197 (go), list K]",
blair-george2012kondadora,197,197,go,Visakh,target,96,91,1,1soha:n/son?a/sonḍreŋ,soha:n/son?a/sonḍreŋ,response,manual cell-by-cell visual transcription from rendered canonical scan; OCR/text layer used only as a locating scaffold,manually_verified,high,installed,,3,soha:n | son?a | sonḍreŋ,silkondadora2012:197:V:1 | silkondadora2012:197:V:2 | silkondadora2012:197:V:3,Konda,sil-konda-dora-1987-visakh,"blair-george2012kondadora[Appendix 9.5, PDF p. 96, printed p. 91, item 197 (go), list V]",
blair-george2012kondadora,197,197,go,Telugu,comparison control,105,100,2,2vel:u,vel:u,response,manual cell-by-cell visual transcription from rendered canonical scan; OCR/text layer used only as a locating scaffold,manually_verified,high,excluded,Telugu comparison control,0,,,,,"blair-george2012kondadora[Appendix 9.5, PDF p. 105, printed p. 100, item 197 (go), list T]",
blair-george2012kondadora,197,197,go,Adivasi_Oriya,comparison control,105,100,,dzibar,dzibar,response,manual cell-by-cell visual transcription from rendered canonical scan; OCR/text layer used only as a locating scaffold,manually_verified,high,excluded,Adivasi Oriya (Kotia Oriya) comparison control,0,,,,,"blair-george2012kondadora[Appendix 9.5, PDF p. 105, printed p. 100, item 197 (go), list O]",
blair-george2012kondadora,198,198,come,Koraput,target,96,91,1,1vaṭa:n/va?a/va:ḍeŋ,vaṭa:n/va?a/va:ḍeŋ,response,manual cell-by-cell visual transcription from rendered canonical scan; OCR/text layer used only as a locating scaffold,manually_verified,high,installed,,3,vaṭa:n | va?a | va:ḍeŋ,silkondadora2012:198:K:1 | silkondadora2012:198:K:2 | silkondadora2012:198:K:3,Konda,sil-konda-dora-1987-koraput,"blair-george2012kondadora[Appendix 9.5, PDF p. 96, printed p. 91, item 198 (come), list K]",
blair-george2012kondadora,198,198,come,Visakh,target,96,91,1,1vaṭa:n/va?a/va:ḍeŋ,vaṭa:n/va?a/va:ḍeŋ,response,manual cell-by-cell visual transcription from rendered canonical scan; OCR/text layer used only as a locating scaffold,manually_verified,high,installed,,3,vaṭa:n | va?a | va:ḍeŋ,silkondadora2012:198:V:1 | silkondadora2012:198:V:2 | silkondadora2012:198:V:3,Konda,sil-konda-dora-1987-visakh,"blair-george2012kondadora[Appendix 9.5, PDF p. 96, printed p. 91, item 198 (come), list V]",
blair-george2012kondadora,198,198,come,Telugu,comparison control,105,100,2,2ra:,ra:,response,manual cell-by-cell visual transcription from rendered canonical scan; OCR/text layer used only as a locating scaffold,manually_verified,high,excluded,Telugu comparison control,0,,,,,"blair-george2012kondadora[Appendix 9.5, PDF p. 105, printed p. 100, item 198 (come), list T]",
blair-george2012kondadora,198,198,come,Adivasi_Oriya,comparison control,105,100,,ajbar,ajbar,response,manual cell-by-cell visual transcription from rendered canonical scan; OCR/text layer used only as a locating scaffold,manually_verified,high,excluded,Adivasi Oriya (Kotia Oriya) comparison control,0,,,,,"blair-george2012kondadora[Appendix 9.5, PDF p. 105, printed p. 100, item 198 (come), list O]",
blair-george2012kondadora,199,199,speak,Koraput,target,96,91,1,1vehṭa:n/veh?a/vargiḍeŋ,vehṭa:n/veh?a/vargiḍeŋ,response,manual cell-by-cell visual transcription from rendered canonical scan; OCR/text layer used only as a locating scaffold,manually_verified,high,installed,,3,vehṭa:n | veh?a | vargiḍeŋ,silkondadora2012:199:K:1 | silkondadora2012:199:K:2 | silkondadora2012:199:K:3,Konda,sil-konda-dora-1987-koraput,"blair-george2012kondadora[Appendix 9.5, PDF p. 96, printed p. 91, item 199 (speak), list K]",
blair-george2012kondadora,199,199,speak,Visakh,target,96,91,1,1vehṭa:n/veh?a/vargiḍeŋ,vehṭa:n/veh?a/vargiḍeŋ,response,manual cell-by-cell visual transcription from rendered canonical scan; OCR/text layer used only as a locating scaffold,manually_verified,high,installed,,3,vehṭa:n | veh?a | vargiḍeŋ,silkondadora2012:199:V:1 | silkondadora2012:199:V:2 | silkondadora2012:199:V:3,Konda,sil-konda-dora-1987-visakh,"blair-george2012kondadora[Appendix 9.5, PDF p. 96, printed p. 91, item 199 (speak), list V]",
blair-george2012kondadora,199,199,speak,Telugu,comparison control,105,100,2,2tʃepu,tʃepu,response,manual cell-by-cell visual transcription from rendered canonical scan; OCR/text layer used only as a locating scaffold,manually_verified,high,excluded,Telugu comparison control,0,,,,,"blair-george2012kondadora[Appendix 9.5, PDF p. 105, printed p. 100, item 199 (speak), list T]",
blair-george2012kondadora,199,199,speak,Adivasi_Oriya,comparison control,105,100,,katoŋbar,katoŋbar,response,manual cell-by-cell visual transcription from rendered canonical scan; OCR/text layer used only as a locating scaffold,manually_verified,high,excluded,Adivasi Oriya (Kotia Oriya) comparison control,0,,,,,"blair-george2012kondadora[Appendix 9.5, PDF p. 105, printed p. 100, item 199 (speak), list O]",
blair-george2012kondadora,200,200,hear,Koraput,target,96,91,1,1ven?e:n/ven?a/venḍreŋ,ven?e:n/ven?a/venḍreŋ,response,manual cell-by-cell visual transcription from rendered canonical scan; OCR/text layer used only as a locating scaffold,manually_verified,high,installed,,3,ven?e:n | ven?a | venḍreŋ,silkondadora2012:200:K:1 | silkondadora2012:200:K:2 | silkondadora2012:200:K:3,Konda,sil-konda-dora-1987-koraput,"blair-george2012kondadora[Appendix 9.5, PDF p. 96, printed p. 91, item 200 (hear), list K]",
blair-george2012kondadora,200,200,hear,Visakh,target,96,91,1,1ven?e:n/ven?a/venḍreŋ,ven?e:n/ven?a/venḍreŋ,response,manual cell-by-cell visual transcription from rendered canonical scan; OCR/text layer used only as a locating scaffold,manually_verified,high,installed,,3,ven?e:n | ven?a | venḍreŋ,silkondadora2012:200:V:1 | silkondadora2012:200:V:2 | silkondadora2012:200:V:3,Konda,sil-konda-dora-1987-visakh,"blair-george2012kondadora[Appendix 9.5, PDF p. 96, printed p. 91, item 200 (hear), list V]",
blair-george2012kondadora,200,200,hear,Telugu,comparison control,105,100,2,2vinu,vinu,response,manual cell-by-cell visual transcription from rendered canonical scan; OCR/text layer used only as a locating scaffold,manually_verified,high,excluded,Telugu comparison control,0,,,,,"blair-george2012kondadora[Appendix 9.5, PDF p. 105, printed p. 100, item 200 (hear), list T]",
blair-george2012kondadora,200,200,hear,Adivasi_Oriya,comparison control,105,100,,sunbar,sunbar,response,manual cell-by-cell visual transcription from rendered canonical scan; OCR/text layer used only as a locating scaffold,manually_verified,high,excluded,Adivasi Oriya (Kotia Oriya) comparison control,0,,,,,"blair-george2012kondadora[Appendix 9.5, PDF p. 105, printed p. 100, item 200 (hear), list O]",
blair-george2012kondadora,201,201,see,Koraput,target,97,92,1,1surṭa:n/sur?a/suḍḍeŋ,surṭa:n/sur?a/suḍḍeŋ,response,manual cell-by-cell visual transcription from rendered canonical scan; OCR/text layer used only as a locating scaffold,manually_verified,high,installed,,3,surṭa:n | sur?a | suḍḍeŋ,silkondadora2012:201:K:1 | silkondadora2012:201:K:2 | silkondadora2012:201:K:3,Konda,sil-konda-dora-1987-koraput,"blair-george2012kondadora[Appendix 9.5, PDF p. 97, printed p. 92, item 201 (see), list K]",
blair-george2012kondadora,201,201,see,Visakh,target,97,92,1,1surṭa:n/sur?a/suḍḍeŋ,surṭa:n/sur?a/suḍḍeŋ,response,manual cell-by-cell visual transcription from rendered canonical scan; OCR/text layer used only as a locating scaffold,manually_verified,high,installed,,3,surṭa:n | sur?a | suḍḍeŋ,silkondadora2012:201:V:1 | silkondadora2012:201:V:2 | silkondadora2012:201:V:3,Konda,sil-konda-dora-1987-visakh,"blair-george2012kondadora[Appendix 9.5, PDF p. 97, printed p. 92, item 201 (see), list V]",
blair-george2012kondadora,201,201,see,Telugu,comparison control,106,101,2,2tʃu:tʃu,tʃu:tʃu,response,manual cell-by-cell visual transcription from rendered canonical scan; OCR/text layer used only as a locating scaffold,manually_verified,high,excluded,Telugu comparison control,0,,,,,"blair-george2012kondadora[Appendix 9.5, PDF p. 106, printed p. 101, item 201 (see), list T]",
blair-george2012kondadora,201,201,see,Adivasi_Oriya,comparison control,106,101,,ḍekhbar,ḍekhbar,response,manual cell-by-cell visual transcription from rendered canonical scan; OCR/text layer used only as a locating scaffold,manually_verified,high,excluded,Adivasi Oriya (Kotia Oriya) comparison control,0,,,,,"blair-george2012kondadora[Appendix 9.5, PDF p. 106, printed p. 101, item 201 (see), list O]",
blair-george2012kondadora,202,202,I,Koraput,target,97,92,1,1na:nu,na:nu,response,manual cell-by-cell visual transcription from rendered canonical scan; OCR/text layer used only as a locating scaffold,manually_verified,high,installed,,1,na:nu,silkondadora2012:202:K:1,Konda,sil-konda-dora-1987-koraput,"blair-george2012kondadora[Appendix 9.5, PDF p. 97, printed p. 92, item 202 (I), list K]",
blair-george2012kondadora,202,202,I,Visakh,target,97,92,1,1na:nu,na:nu,response,manual cell-by-cell visual transcription from rendered canonical scan; OCR/text layer used only as a locating scaffold,manually_verified,high,installed,,1,na:nu,silkondadora2012:202:V:1,Konda,sil-konda-dora-1987-visakh,"blair-george2012kondadora[Appendix 9.5, PDF p. 97, printed p. 92, item 202 (I), list V]",
blair-george2012kondadora,202,202,I,Telugu,comparison control,106,101,1,1ne:nu,ne:nu,response,manual cell-by-cell visual transcription from rendered canonical scan; OCR/text layer used only as a locating scaffold,manually_verified,high,excluded,Telugu comparison control,0,,,,,"blair-george2012kondadora[Appendix 9.5, PDF p. 106, printed p. 101, item 202 (I), list T]",
blair-george2012kondadora,202,202,I,Adivasi_Oriya,comparison control,106,101,,mui,mui,response,manual cell-by-cell visual transcription from rendered canonical scan; OCR/text layer used only as a locating scaffold,manually_verified,high,excluded,Adivasi Oriya (Kotia Oriya) comparison control,0,,,,,"blair-george2012kondadora[Appendix 9.5, PDF p. 106, printed p. 101, item 202 (I), list O]",
blair-george2012kondadora,203,203,you (informal),Koraput,target,97,92,1,1ni:nu,ni:nu,response,manual cell-by-cell visual transcription from rendered canonical scan; OCR/text layer used only as a locating scaffold,manually_verified,high,installed,,1,ni:nu,silkondadora2012:203:K:1,Konda,sil-konda-dora-1987-koraput,"blair-george2012kondadora[Appendix 9.5, PDF p. 97, printed p. 92, item 203 (you (informal)), list K]",
blair-george2012kondadora,203,203,you (informal),Visakh,target,97,92,1,1ni:nu,ni:nu,response,manual cell-by-cell visual transcription from rendered canonical scan; OCR/text layer used only as a locating scaffold,manually_verified,high,installed,,1,ni:nu,silkondadora2012:203:V:1,Konda,sil-konda-dora-1987-visakh,"blair-george2012kondadora[Appendix 9.5, PDF p. 97, printed p. 92, item 203 (you (informal)), list V]",
blair-george2012kondadora,203,203,you (informal),Telugu,comparison control,106,101,1,1ni:vu,ni:vu,response,manual cell-by-cell visual transcription from rendered canonical scan; OCR/text layer used only as a locating scaffold,manually_verified,high,excluded,Telugu comparison control,0,,,,,"blair-george2012kondadora[Appendix 9.5, PDF p. 106, printed p. 101, item 203 (you (informal)), list T]",
blair-george2012kondadora,203,203,you (informal),Adivasi_Oriya,comparison control,106,101,,tui,tui,response,manual cell-by-cell visual transcription from rendered canonical scan; OCR/text layer used only as a locating scaffold,manually_verified,high,excluded,Adivasi Oriya (Kotia Oriya) comparison control,0,,,,,"blair-george2012kondadora[Appendix 9.5, PDF p. 106, printed p. 101, item 203 (you (informal)), list O]",
blair-george2012kondadora,204,204,you (formal),Koraput,target,97,92,,----,,blank,manual cell-by-cell visual transcription from rendered canonical scan; OCR/text layer used only as a locating scaffold,manually_verified,high,excluded,source prints ‘----’ (no response),0,,,Konda,sil-konda-dora-1987-koraput,"blair-george2012kondadora[Appendix 9.5, PDF p. 97, printed p. 92, item 204 (you (formal)), list K]",
blair-george2012kondadora,204,204,you (formal),Visakh,target,97,92,,----,,blank,manual cell-by-cell visual transcription from rendered canonical scan; OCR/text layer used only as a locating scaffold,manually_verified,high,excluded,source prints ‘----’ (no response),0,,,Konda,sil-konda-dora-1987-visakh,"blair-george2012kondadora[Appendix 9.5, PDF p. 97, printed p. 92, item 204 (you (formal)), list V]",
blair-george2012kondadora,204,204,you (formal),Telugu,comparison control,106,101,,----,,blank,manual cell-by-cell visual transcription from rendered canonical scan; OCR/text layer used only as a locating scaffold,manually_verified,high,excluded,source prints ‘----’ (no response),0,,,,,"blair-george2012kondadora[Appendix 9.5, PDF p. 106, printed p. 101, item 204 (you (formal)), list T]",
blair-george2012kondadora,204,204,you (formal),Adivasi_Oriya,comparison control,106,101,,----,,blank,manual cell-by-cell visual transcription from rendered canonical scan; OCR/text layer used only as a locating scaffold,manually_verified,high,excluded,source prints ‘----’ (no response),0,,,,,"blair-george2012kondadora[Appendix 9.5, PDF p. 106, printed p. 101, item 204 (you (formal)), list O]",
blair-george2012kondadora,205,205,he,Koraput,target,97,92,1,1va:ṇḍru,va:ṇḍru,response,manual cell-by-cell visual transcription from rendered canonical scan; OCR/text layer used only as a locating scaffold,manually_verified,high,installed,,1,va:ṇḍru,silkondadora2012:205:K:1,Konda,sil-konda-dora-1987-koraput,"blair-george2012kondadora[Appendix 9.5, PDF p. 97, printed p. 92, item 205 (he), list K]",
blair-george2012kondadora,205,205,he,Visakh,target,97,92,1,1va:ṇḍru,va:ṇḍru,response,manual cell-by-cell visual transcription from rendered canonical scan; OCR/text layer used only as a locating scaffold,manually_verified,high,installed,,1,va:ṇḍru,silkondadora2012:205:V:1,Konda,sil-konda-dora-1987-visakh,"blair-george2012kondadora[Appendix 9.5, PDF p. 97, printed p. 92, item 205 (he), list V]",
blair-george2012kondadora,205,205,he,Telugu,comparison control,106,101,2,2aṭanu,aṭanu,response,manual cell-by-cell visual transcription from rendered canonical scan; OCR/text layer used only as a locating scaffold,manually_verified,high,excluded,Telugu comparison control,0,,,,,"blair-george2012kondadora[Appendix 9.5, PDF p. 106, printed p. 101, item 205 (he), list T]",
blair-george2012kondadora,205,205,he,Adivasi_Oriya,comparison control,106,101,,seḍi,seḍi,response,manual cell-by-cell visual transcription from rendered canonical scan; OCR/text layer used only as a locating scaffold,manually_verified,high,excluded,Adivasi Oriya (Kotia Oriya) comparison control,0,,,,,"blair-george2012kondadora[Appendix 9.5, PDF p. 106, printed p. 101, item 205 (he), list O]",
blair-george2012kondadora,206,206,she,Koraput,target,97,92,1,1aḍi,aḍi,response,manual cell-by-cell visual transcription from rendered canonical scan; OCR/text layer used only as a locating scaffold,manually_verified,high,installed,,1,aḍi,silkondadora2012:206:K:1,Konda,sil-konda-dora-1987-koraput,"blair-george2012kondadora[Appendix 9.5, PDF p. 97, printed p. 92, item 206 (she), list K]",
blair-george2012kondadora,206,206,she,Visakh,target,97,92,1,1aḍi,aḍi,response,manual cell-by-cell visual transcription from rendered canonical scan; OCR/text layer used only as a locating scaffold,manually_verified,high,installed,,1,aḍi,silkondadora2012:206:V:1,Konda,sil-konda-dora-1987-visakh,"blair-george2012kondadora[Appendix 9.5, PDF p. 97, printed p. 92, item 206 (she), list V]",
blair-george2012kondadora,206,206,she,Telugu,comparison control,106,101,2,2a:me,a:me,response,manual cell-by-cell visual transcription from rendered canonical scan; OCR/text layer used only as a locating scaffold,manually_verified,high,excluded,Telugu comparison control,0,,,,,"blair-george2012kondadora[Appendix 9.5, PDF p. 106, printed p. 101, item 206 (she), list T]",
blair-george2012kondadora,206,206,she,Adivasi_Oriya,comparison control,106,101,,se,se,response,manual cell-by-cell visual transcription from rendered canonical scan; OCR/text layer used only as a locating scaffold,manually_verified,high,excluded,Adivasi Oriya (Kotia Oriya) comparison control,0,,,,,"blair-george2012kondadora[Appendix 9.5, PDF p. 106, printed p. 101, item 206 (she), list O]",
blair-george2012kondadora,207,207,we (inclusive),Koraput,target,97,92,1,1ma:tu,ma:tu,response,manual cell-by-cell visual transcription from rendered canonical scan; OCR/text layer used only as a locating scaffold,manually_verified,high,installed,,1,ma:tu,silkondadora2012:207:K:1,Konda,sil-konda-dora-1987-koraput,"blair-george2012kondadora[Appendix 9.5, PDF p. 97, printed p. 92, item 207 (we (inclusive)), list K]",
blair-george2012kondadora,207,207,we (inclusive),Visakh,target,97,92,1,1matu,matu,response,manual cell-by-cell visual transcription from rendered canonical scan; OCR/text layer used only as a locating scaffold,manually_verified,high,installed,,1,matu,silkondadora2012:207:V:1,Konda,sil-konda-dora-1987-visakh,"blair-george2012kondadora[Appendix 9.5, PDF p. 97, printed p. 92, item 207 (we (inclusive)), list V]",
blair-george2012kondadora,207,207,we (inclusive),Telugu,comparison control,106,101,2,2manamu,manamu,response,manual cell-by-cell visual transcription from rendered canonical scan; OCR/text layer used only as a locating scaffold,manually_verified,high,excluded,Telugu comparison control,0,,,,,"blair-george2012kondadora[Appendix 9.5, PDF p. 106, printed p. 101, item 207 (we (inclusive)), list T]",
blair-george2012kondadora,207,207,we (inclusive),Adivasi_Oriya,comparison control,106,101,,amu,amu,response,manual cell-by-cell visual transcription from rendered canonical scan; OCR/text layer used only as a locating scaffold,manually_verified,high,excluded,Adivasi Oriya (Kotia Oriya) comparison control,0,,,,,"blair-george2012kondadora[Appendix 9.5, PDF p. 106, printed p. 101, item 207 (we (inclusive)), list O]",
blair-george2012kondadora,208,208,we (exclusive),Koraput,target,97,92,1,1ma:pu,ma:pu,response,manual cell-by-cell visual transcription from rendered canonical scan; OCR/text layer used only as a locating scaffold,manually_verified,high,installed,,1,ma:pu,silkondadora2012:208:K:1,Konda,sil-konda-dora-1987-koraput,"blair-george2012kondadora[Appendix 9.5, PDF p. 97, printed p. 92, item 208 (we (exclusive)), list K]",
blair-george2012kondadora,208,208,we (exclusive),Visakh,target,97,92,1,1mapu,mapu,response,manual cell-by-cell visual transcription from rendered canonical scan; OCR/text layer used only as a locating scaffold,manually_verified,high,installed,,1,mapu,silkondadora2012:208:V:1,Konda,sil-konda-dora-1987-visakh,"blair-george2012kondadora[Appendix 9.5, PDF p. 97, printed p. 92, item 208 (we (exclusive)), list V]",
blair-george2012kondadora,208,208,we (exclusive),Telugu,comparison control,106,101,2,2me:mu,me:mu,response,manual cell-by-cell visual transcription from rendered canonical scan; OCR/text layer used only as a locating scaffold,manually_verified,high,excluded,Telugu comparison control,0,,,,,"blair-george2012kondadora[Appendix 9.5, PDF p. 106, printed p. 101, item 208 (we (exclusive)), list T]",
blair-george2012kondadora,208,208,we (exclusive),Adivasi_Oriya,comparison control,106,101,,amu,amu,response,manual cell-by-cell visual transcription from rendered canonical scan; OCR/text layer used only as a locating scaffold,manually_verified,high,excluded,Adivasi Oriya (Kotia Oriya) comparison control,0,,,,,"blair-george2012kondadora[Appendix 9.5, PDF p. 106, printed p. 101, item 208 (we (exclusive)), list O]",
blair-george2012kondadora,209,209,you (plural),Koraput,target,97,92,1,1mi:ru,mi:ru,response,manual cell-by-cell visual transcription from rendered canonical scan; OCR/text layer used only as a locating scaffold,manually_verified,high,installed,,1,mi:ru,silkondadora2012:209:K:1,Konda,sil-konda-dora-1987-koraput,"blair-george2012kondadora[Appendix 9.5, PDF p. 97, printed p. 92, item 209 (you (plural)), list K]",
blair-george2012kondadora,209,209,you (plural),Visakh,target,97,92,1,1mi:ru,mi:ru,response,manual cell-by-cell visual transcription from rendered canonical scan; OCR/text layer used only as a locating scaffold,manually_verified,high,installed,,1,mi:ru,silkondadora2012:209:V:1,Konda,sil-konda-dora-1987-visakh,"blair-george2012kondadora[Appendix 9.5, PDF p. 97, printed p. 92, item 209 (you (plural)), list V]",
blair-george2012kondadora,209,209,you (plural),Telugu,comparison control,106,101,1,1mi:ru,mi:ru,response,manual cell-by-cell visual transcription from rendered canonical scan; OCR/text layer used only as a locating scaffold,manually_verified,high,excluded,Telugu comparison control,0,,,,,"blair-george2012kondadora[Appendix 9.5, PDF p. 106, printed p. 101, item 209 (you (plural)), list T]",
blair-george2012kondadora,209,209,you (plural),Adivasi_Oriya,comparison control,106,101,,tumu,tumu,response,manual cell-by-cell visual transcription from rendered canonical scan; OCR/text layer used only as a locating scaffold,manually_verified,high,excluded,Adivasi Oriya (Kotia Oriya) comparison control,0,,,,,"blair-george2012kondadora[Appendix 9.5, PDF p. 106, printed p. 101, item 209 (you (plural)), list O]",
blair-george2012kondadora,210,210,they,Koraput,target,97,92,1,1va:ru,va:ru,response,manual cell-by-cell visual transcription from rendered canonical scan; OCR/text layer used only as a locating scaffold,manually_verified,high,installed,,1,va:ru,silkondadora2012:210:K:1,Konda,sil-konda-dora-1987-koraput,"blair-george2012kondadora[Appendix 9.5, PDF p. 97, printed p. 92, item 210 (they), list K]",
blair-george2012kondadora,210,210,they,Visakh,target,97,92,1,1va:ru,va:ru,response,manual cell-by-cell visual transcription from rendered canonical scan; OCR/text layer used only as a locating scaffold,manually_verified,high,installed,,1,va:ru,silkondadora2012:210:V:1,Konda,sil-konda-dora-1987-visakh,"blair-george2012kondadora[Appendix 9.5, PDF p. 97, printed p. 92, item 210 (they), list V]",
blair-george2012kondadora,210,210,they,Telugu,comparison control,106,101,1,1va:ru,va:ru,response,manual cell-by-cell visual transcription from rendered canonical scan; OCR/text layer used only as a locating scaffold,manually_verified,high,excluded,Telugu comparison control,0,,,,,"blair-george2012kondadora[Appendix 9.5, PDF p. 106, printed p. 101, item 210 (they), list T]",
blair-george2012kondadora,210,210,they,Adivasi_Oriya,comparison control,106,101,,se lo:k,se lo:k,response,manual cell-by-cell visual transcription from rendered canonical scan; OCR/text layer used only as a locating scaffold,manually_verified,high,excluded,Adivasi Oriya (Kotia Oriya) comparison control,0,,,,,"blair-george2012kondadora[Appendix 9.5, PDF p. 106, printed p. 101, item 210 (they), list O]",
blair-george2012kondadora,211,211,chest,Koraput,target,97,92,1,1boka,boka,response,manual cell-by-cell visual transcription from rendered canonical scan; OCR/text layer used only as a locating scaffold,manually_verified,high,installed,,1,boka,silkondadora2012:211:K:1,Konda,sil-konda-dora-1987-koraput,"blair-george2012kondadora[Appendix 9.5, PDF p. 97, printed p. 92, item 211 (chest), list K]",
blair-george2012kondadora,211,211,chest,Visakh,target,97,92,2,2eduram,eduram,response,manual cell-by-cell visual transcription from rendered canonical scan; OCR/text layer used only as a locating scaffold,manually_verified,high,installed,,1,eduram,silkondadora2012:211:V:1,Konda,sil-konda-dora-1987-visakh,"blair-george2012kondadora[Appendix 9.5, PDF p. 97, printed p. 92, item 211 (chest), list V]",
blair-george2012kondadora,211,211,chest,Telugu,comparison control,106,101,3,3tʃhaṭi,tʃhaṭi,response,manual cell-by-cell visual transcription from rendered canonical scan; OCR/text layer used only as a locating scaffold,manually_verified,high,excluded,Telugu comparison control,0,,,,,"blair-george2012kondadora[Appendix 9.5, PDF p. 106, printed p. 101, item 211 (chest), list T]",
blair-george2012kondadora,211,211,chest,Adivasi_Oriya,comparison control,106,101,,bu:k,bu:k,response,manual cell-by-cell visual transcription from rendered canonical scan; OCR/text layer used only as a locating scaffold,manually_verified,high,excluded,Adivasi Oriya (Kotia Oriya) comparison control,0,,,,,"blair-george2012kondadora[Appendix 9.5, PDF p. 106, printed p. 101, item 211 (chest), list O]",
blair-george2012kondadora,212-liver,212,liver,Koraput,target,97,92,,----,,blank,manual cell-by-cell visual transcription from rendered canonical scan; OCR/text layer used only as a locating scaffold,manually_verified,high,excluded,source prints ‘----’ (no response),0,,,Konda,sil-konda-dora-1987-koraput,"blair-george2012kondadora[Appendix 9.5, PDF p. 97, printed p. 92, item 212 (liver), list K]",duplicate printed item number retained in prompt key
blair-george2012kondadora,212-liver,212,liver,Visakh,target,97,92,,----,,blank,manual cell-by-cell visual transcription from rendered canonical scan; OCR/text layer used only as a locating scaffold,manually_verified,high,excluded,source prints ‘----’ (no response),0,,,Konda,sil-konda-dora-1987-visakh,"blair-george2012kondadora[Appendix 9.5, PDF p. 97, printed p. 92, item 212 (liver), list V]",duplicate printed item number retained in prompt key
blair-george2012kondadora,212-liver,212,liver,Telugu,comparison control,106,101,,----,,blank,manual cell-by-cell visual transcription from rendered canonical scan; OCR/text layer used only as a locating scaffold,manually_verified,high,excluded,source prints ‘----’ (no response),0,,,,,"blair-george2012kondadora[Appendix 9.5, PDF p. 106, printed p. 101, item 212 (liver), list T]",duplicate printed item number retained in prompt key
blair-george2012kondadora,212-liver,212,liver,Adivasi_Oriya,comparison control,106,101,,----,,blank,manual cell-by-cell visual transcription from rendered canonical scan; OCR/text layer used only as a locating scaffold,manually_verified,high,excluded,source prints ‘----’ (no response),0,,,,,"blair-george2012kondadora[Appendix 9.5, PDF p. 106, printed p. 101, item 212 (liver), list O]",duplicate printed item number retained in prompt key
blair-george2012kondadora,212-foot,212,foot,Koraput,target,97,92,1,1pa:ḍam,pa:ḍam,response,manual cell-by-cell visual transcription from rendered canonical scan; OCR/text layer used only as a locating scaffold,manually_verified,high,installed,,1,pa:ḍam,silkondadora2012:212-foot:K:1,Konda,sil-konda-dora-1987-koraput,"blair-george2012kondadora[Appendix 9.5, PDF p. 97, printed p. 92, item 212 (foot), list K]",duplicate printed item number retained in prompt key
blair-george2012kondadora,212-foot,212,foot,Visakh,target,97,92,1,1pa:ḍam,pa:ḍam,response,manual cell-by-cell visual transcription from rendered canonical scan; OCR/text layer used only as a locating scaffold,manually_verified,high,installed,,1,pa:ḍam,silkondadora2012:212-foot:V:1,Konda,sil-konda-dora-1987-visakh,"blair-george2012kondadora[Appendix 9.5, PDF p. 97, printed p. 92, item 212 (foot), list V]",duplicate printed item number retained in prompt key
blair-george2012kondadora,212-foot,212,foot,Telugu,comparison control,106,101,,----,,blank,manual cell-by-cell visual transcription from rendered canonical scan; OCR/text layer used only as a locating scaffold,manually_verified,high,excluded,source prints ‘----’ (no response),0,,,,,"blair-george2012kondadora[Appendix 9.5, PDF p. 106, printed p. 101, item 212 (foot), list T]",duplicate printed item number retained in prompt key
blair-george2012kondadora,212-foot,212,foot,Adivasi_Oriya,comparison control,106,101,,----,,blank,manual cell-by-cell visual transcription from rendered canonical scan; OCR/text layer used only as a locating scaffold,manually_verified,high,excluded,source prints ‘----’ (no response),0,,,,,"blair-george2012kondadora[Appendix 9.5, PDF p. 106, printed p. 101, item 212 (foot), list O]",duplicate printed item number retained in prompt key
blair-george2012kondadora,213,213,which?,Koraput,target,97,92,1,1eme:ka,eme:ka,response,manual cell-by-cell visual transcription from rendered canonical scan; OCR/text layer used only as a locating scaffold,manually_verified,high,installed,,1,eme:ka,silkondadora2012:213:K:1,Konda,sil-konda-dora-1987-koraput,"blair-george2012kondadora[Appendix 9.5, PDF p. 97, printed p. 92, item 213 (which?), list K]",
blair-george2012kondadora,213,213,which?,Visakh,target,97,92,2,2en:ika,en:ika,response,manual cell-by-cell visual transcription from rendered canonical scan; OCR/text layer used only as a locating scaffold,manually_verified,high,installed,,1,en:ika,silkondadora2012:213:V:1,Konda,sil-konda-dora-1987-visakh,"blair-george2012kondadora[Appendix 9.5, PDF p. 97, printed p. 92, item 213 (which?), list V]",
blair-george2012kondadora,213,213,which?,Telugu,comparison control,106,101,3,3e:,e:,response,manual cell-by-cell visual transcription from rendered canonical scan; OCR/text layer used only as a locating scaffold,manually_verified,high,excluded,Telugu comparison control,0,,,,,"blair-george2012kondadora[Appendix 9.5, PDF p. 106, printed p. 101, item 213 (which?), list T]",
blair-george2012kondadora,213,213,which?,Adivasi_Oriya,comparison control,106,101,,kojṭʃe,kojṭʃe,response,manual cell-by-cell visual transcription from rendered canonical scan; OCR/text layer used only as a locating scaffold,manually_verified,high,excluded,Adivasi Oriya (Kotia Oriya) comparison control,0,,,,,"blair-george2012kondadora[Appendix 9.5, PDF p. 106, printed p. 101, item 213 (which?), list O]",
