Audit_ID,Raw_ID,Concept,Concepticon_ID,Source_Lect,Provenance_Type,Speaker,Raw_Value,Raw_Comment,Upstream_Form_ID,Upstream_Value,Upstream_Form,Upstream_Segments,Status,Reason,Language_ID,Gloss,Tags,Source,Entry_Key,Unresolved,Review_State
1:ProtoKusunda,1,above,1741,ProtoKusunda,reconstruction,,ɐɴ.ʣe,noɴ.ʣe could also be considered for ‘above’ as speakers are not clear which one means ‘above’ and which one ‘on top’,ProtoKusunda-1_above-1,ɐɴ.ʣe,ɐɴ.ʣe,ɐ ɴ + dz e,ingested,released CLDF lexeme,Kusunda,above,uncertain,"aaley-bodt2020kusunda[concept 1, ground-form reconstruction, upstream ProtoKusunda-1_above-1]",ProtoKusunda-1_above-1,source-uncertainty,not-sampled
1:KusundaGM,1,above,1741,KusundaGM,speaker,Gyani Maiya Sen Kusunda,nɔŋ.ʣeː ɐŋ.ʣeː,"KGG_030819_A1 ɐŋ.ʣeː ‘above’; nuŋ.ʣeː ~ nɔŋ.ʣeː ‘very up, top’; nɔŋ.ʣe.gəj ‘that above, updem’",KusundaGM-1_above-1,nɔŋ.ʣeː ɐŋ.ʣeː,ɐŋ.ʣeː,ɐ ŋ + dz eː,ingested,released CLDF lexeme,Kusunda,above,,"aaley-bodt2020kusunda[concept 1, speaker Gyani Maiya Sen Kusunda, upstream KusundaGM-1_above-1]",KusundaGM-1_above-1,,not-sampled
1:KusundaK,1,above,1741,KusundaK,speaker,Kamala Khatri (Sen Kusunda),nɔ̃ː.ʤi ɐ̃ː.ʤi,KGG_300719_A1 aː.qoː ‘just above’ ~ nɔ̃ː.ʤi ‘above’ ~ ɐ̃ː.ʤi ‘all above / on top’,KusundaK-1_above-1,nɔ̃ː.ʤi ɐ̃ː.ʤi,ɐ̃ː.ʤi,ɐ̃ː + dʒ i,ingested,released CLDF lexeme,Kusunda,above,,"aaley-bodt2020kusunda[concept 1, speaker Kamala Khatri (Sen Kusunda), upstream KusundaK-1_above-1]",KusundaK-1_above-1,,not-sampled
2:ProtoKusunda,2,all,98,ProtoKusunda,reconstruction,,swɐ.te,,ProtoKusunda-2_all-1,swɐ.te,swɐ.te,s w ɐ + t e,ingested,released CLDF lexeme,Kusunda,all,,"aaley-bodt2020kusunda[concept 2, ground-form reconstruction, upstream ProtoKusunda-2_all-1]",ProtoKusunda-2_all-1,,not-sampled
2:KusundaGM,2,all,98,KusundaGM,speaker,Gyani Maiya Sen Kusunda,sɐt.t̪eːj,,KusundaGM-2_all-1,sɐt.t̪eːj,sɐt.t̪eːj,s ɐ t + t̪ eː j,ingested,released CLDF lexeme,Kusunda,all,,"aaley-bodt2020kusunda[concept 2, speaker Gyani Maiya Sen Kusunda, upstream KusundaGM-2_all-1]",KusundaGM-2_all-1,,not-sampled
2:KusundaK,2,all,98,KusundaK,speaker,Kamala Khatri (Sen Kusunda),swɐ.t̪eː,"‘all, whole, entire’",KusundaK-2_all-1,swɐ.t̪eː,swɐ.t̪eː,s w ɐ + t̪ eː,ingested,released CLDF lexeme,Kusunda,all,,"aaley-bodt2020kusunda[concept 2, speaker Kamala Khatri (Sen Kusunda), upstream KusundaK-2_all-1]",KusundaK-2_all-1,,not-sampled
3:ProtoKusunda,3,the ant,587,ProtoKusunda,reconstruction,,bi.ki,,ProtoKusunda-3_theant-1,bi.ki,bi.ki,b i + k i,ingested,released CLDF lexeme,Kusunda,the ant,noun,"aaley-bodt2020kusunda[concept 3, ground-form reconstruction, upstream ProtoKusunda-3_theant-1]",ProtoKusunda-3_theant-1,,not-sampled
3:KusundaGM,3,the ant,587,KusundaGM,speaker,Gyani Maiya Sen Kusunda,bi.kiː,,KusundaGM-3_theant-1,bi.kiː,bi.kiː,b i + k iː,ingested,released CLDF lexeme,Kusunda,the ant,noun,"aaley-bodt2020kusunda[concept 3, speaker Gyani Maiya Sen Kusunda, upstream KusundaGM-3_theant-1]",KusundaGM-3_theant-1,,not-sampled
3:KusundaK,3,the ant,587,KusundaK,speaker,Kamala Khatri (Sen Kusunda),biː.kiː,,KusundaK-3_theant-1,biː.kiː,biː.kiː,b iː + k iː,ingested,released CLDF lexeme,Kusunda,the ant,noun,"aaley-bodt2020kusunda[concept 3, speaker Kamala Khatri (Sen Kusunda), upstream KusundaK-3_theant-1]",KusundaK-3_theant-1,,not-sampled
4:ProtoKusunda,4,the armpit,1886,ProtoKusunda,reconstruction,,ka.kʰi,< NEPकाखिkākhi ‘armpit’,ProtoKusunda-4_thearmpit-1,ka.kʰi,ka.kʰi,k a + kʰ i,ingested,released CLDF lexeme,Kusunda,the armpit,noun loanword loan:Nepali,"aaley-bodt2020kusunda[concept 4, ground-form reconstruction, upstream ProtoKusunda-4_thearmpit-1]",ProtoKusunda-4_thearmpit-1,,not-sampled
4:KusundaGM,4,the armpit,1886,KusundaGM,speaker,Gyani Maiya Sen Kusunda,kaː.kʰi,< NEPकाखिkākhi ‘armpit’,KusundaGM-4_thearmpit-1,kaː.kʰi,kaː.kʰi,k aː + kʰ i,ingested,released CLDF lexeme,Kusunda,the armpit,noun loanword loan:Nepali,"aaley-bodt2020kusunda[concept 4, speaker Gyani Maiya Sen Kusunda, upstream KusundaGM-4_thearmpit-1]",KusundaGM-4_thearmpit-1,,not-sampled
4:KusundaK,4,the armpit,1886,KusundaK,speaker,Kamala Khatri (Sen Kusunda),kaː.kʰiː,< NEPकाखिkākhi ‘armpit’,KusundaK-4_thearmpit-1,kaː.kʰiː,kaː.kʰiː,k aː + kʰ iː,ingested,released CLDF lexeme,Kusunda,the armpit,noun loanword loan:Nepali,"aaley-bodt2020kusunda[concept 4, speaker Kamala Khatri (Sen Kusunda), upstream KusundaK-4_thearmpit-1]",KusundaK-4_thearmpit-1,,not-sampled
5:ProtoKusunda,5,bad,1292,ProtoKusunda,reconstruction,,qo.lum,,ProtoKusunda-5_bad-1,qo.lum,qo.lum,q o + l u m,ingested,released CLDF lexeme,Kusunda,bad,,"aaley-bodt2020kusunda[concept 5, ground-form reconstruction, upstream ProtoKusunda-5_bad-1]",ProtoKusunda-5_bad-1,,not-sampled
5:KusundaGM,5,bad,1292,KusundaGM,speaker,Gyani Maiya Sen Kusunda,qɔ.lɔm,,KusundaGM-5_bad-1,qɔ.lɔm,qɔ.lɔm,q ɔ + l ɔ m,ingested,released CLDF lexeme,Kusunda,bad,,"aaley-bodt2020kusunda[concept 5, speaker Gyani Maiya Sen Kusunda, upstream KusundaGM-5_bad-1]",KusundaGM-5_bad-1,,not-sampled
5:KusundaK,5,bad,1292,KusundaK,speaker,Kamala Khatri (Sen Kusunda),qɔː.lum,,KusundaK-5_bad-1,qɔː.lum,qɔː.lum,q ɔː + l u m,ingested,released CLDF lexeme,Kusunda,bad,,"aaley-bodt2020kusunda[concept 5, speaker Kamala Khatri (Sen Kusunda), upstream KusundaK-5_bad-1]",KusundaK-5_bad-1,,not-sampled
6:ProtoKusunda,6,the bamboo,1927,ProtoKusunda,reconstruction,,pɐ.we,,ProtoKusunda-6_thebamboo-1,pɐ.we,pɐ.we,p ɐ + w e,ingested,released CLDF lexeme,Kusunda,the bamboo,noun,"aaley-bodt2020kusunda[concept 6, ground-form reconstruction, upstream ProtoKusunda-6_thebamboo-1]",ProtoKusunda-6_thebamboo-1,,not-sampled
6:KusundaGM,6,the bamboo,1927,KusundaGM,speaker,Gyani Maiya Sen Kusunda,pɐ.weːj,,KusundaGM-6_thebamboo-1,pɐ.weːj,pɐ.weːj,p ɐ + w eː j,ingested,released CLDF lexeme,Kusunda,the bamboo,noun,"aaley-bodt2020kusunda[concept 6, speaker Gyani Maiya Sen Kusunda, upstream KusundaGM-6_thebamboo-1]",KusundaGM-6_thebamboo-1,,not-sampled
6:KusundaK,6,the bamboo,1927,KusundaK,speaker,Kamala Khatri (Sen Kusunda),pɐ.weːj,,KusundaK-6_thebamboo-1,pɐ.weːj,pɐ.weːj,p ɐ + w eː j,ingested,released CLDF lexeme,Kusunda,the bamboo,noun,"aaley-bodt2020kusunda[concept 6, speaker Kamala Khatri (Sen Kusunda), upstream KusundaK-6_thebamboo-1]",KusundaK-6_thebamboo-1,,not-sampled
7:ProtoKusunda,7,the barley (Tibetan or highland),932,ProtoKusunda,reconstruction,,gi.sa.la,K’s form is taken as original,ProtoKusunda-7_thebarleytibetanorhighland-1,gi.sa.la,gi.sa.la,g i + s a + l a,ingested,released CLDF lexeme,Kusunda,the barley (tibetan or highland),noun,"aaley-bodt2020kusunda[concept 7, ground-form reconstruction, upstream ProtoKusunda-7_thebarleytibetanorhighland-1]",ProtoKusunda-7_thebarleytibetanorhighland-1,,not-sampled
7:KusundaGM,7,the barley (Tibetan or highland),932,KusundaGM,speaker,Gyani Maiya Sen Kusunda,gi.sə.kə.laː,,KusundaGM-7_thebarleytibetanorhighland-1,gi.sə.kə.laː,gi.sə.kə.laː,g i + s ə + k ə + l aː,ingested,released CLDF lexeme,Kusunda,the barley (tibetan or highland),noun,"aaley-bodt2020kusunda[concept 7, speaker Gyani Maiya Sen Kusunda, upstream KusundaGM-7_thebarleytibetanorhighland-1]",KusundaGM-7_thebarleytibetanorhighland-1,,not-sampled
7:KusundaK,7,the barley (Tibetan or highland),932,KusundaK,speaker,Kamala Khatri (Sen Kusunda),gi.saː.laː,,KusundaK-7_thebarleytibetanorhighland-1,gi.saː.laː,gi.saː.laː,g i + s aː + l aː,ingested,released CLDF lexeme,Kusunda,the barley (tibetan or highland),noun,"aaley-bodt2020kusunda[concept 7, speaker Kamala Khatri (Sen Kusunda), upstream KusundaK-7_thebarleytibetanorhighland-1]",KusundaK-7_thebarleytibetanorhighland-1,,not-sampled
8:ProtoKusunda,8,to be alive,1422,ProtoKusunda,reconstruction,,əj.gi,,ProtoKusunda-8_tobealive-1,əj.gi,əj.gi,ə j + g i,ingested,released CLDF lexeme,Kusunda,to be alive,verb,"aaley-bodt2020kusunda[concept 8, ground-form reconstruction, upstream ProtoKusunda-8_tobealive-1]",ProtoKusunda-8_tobealive-1,,verified-no-material-error
8:KusundaGM,8,to be alive,1422,KusundaGM,speaker,Gyani Maiya Sen Kusunda,əj.gi aː.gɔː,əj.giː / əj.gi a.gɔː,KusundaGM-8_tobealive-1,əj.gi aː.gɔː,əj.gi aː.gɔː,ə j + g i + aː + g ɔː,ingested,released CLDF lexeme,Kusunda,to be alive,verb,"aaley-bodt2020kusunda[concept 8, speaker Gyani Maiya Sen Kusunda, upstream KusundaGM-8_tobealive-1]",KusundaGM-8_tobealive-1,,not-sampled
8:KusundaK,8,to be alive,1422,KusundaK,speaker,Kamala Khatri (Sen Kusunda),ə.giː ɐ.gɔː,from əj.giː,KusundaK-8_tobealive-1,ə.giː ɐ.gɔː,ə.giː ɐ.gɔː,ə + g iː + ɐ + g ɔː,ingested,released CLDF lexeme,Kusunda,to be alive,verb,"aaley-bodt2020kusunda[concept 8, speaker Kamala Khatri (Sen Kusunda), upstream KusundaK-8_tobealive-1]",KusundaK-8_tobealive-1,,not-sampled
9:ProtoKusunda,9,the belly,1251,ProtoKusunda,reconstruction,,ge.mɐt,,ProtoKusunda-9_thebelly-1,ge.mɐt,ge.mɐt,g e + m ɐ t,ingested,released CLDF lexeme,Kusunda,the belly,noun,"aaley-bodt2020kusunda[concept 9, ground-form reconstruction, upstream ProtoKusunda-9_thebelly-1]",ProtoKusunda-9_thebelly-1,,not-sampled
9:KusundaGM,9,the belly,1251,KusundaGM,speaker,Gyani Maiya Sen Kusunda,geː.mɐt̪,,KusundaGM-9_thebelly-1,geː.mɐt̪,geː.mɐt̪,g eː + m ɐ t̪,ingested,released CLDF lexeme,Kusunda,the belly,noun,"aaley-bodt2020kusunda[concept 9, speaker Gyani Maiya Sen Kusunda, upstream KusundaGM-9_thebelly-1]",KusundaGM-9_thebelly-1,,not-sampled
9:KusundaK,9,the belly,1251,KusundaK,speaker,Kamala Khatri (Sen Kusunda),geː.mɐt̪,,KusundaK-9_thebelly-1,geː.mɐt̪,geː.mɐt̪,g eː + m ɐ t̪,ingested,released CLDF lexeme,Kusunda,the belly,noun,"aaley-bodt2020kusunda[concept 9, speaker Kamala Khatri (Sen Kusunda), upstream KusundaK-9_thebelly-1]",KusundaK-9_thebelly-1,,not-sampled
10:ProtoKusunda,10,"below, under",1485,ProtoKusunda,reconstruction,,ɐ.me,,ProtoKusunda-10_belowunder-1,ɐ.me,ɐ.me,ɐ + m e,ingested,released CLDF lexeme,Kusunda,"below, under",,"aaley-bodt2020kusunda[concept 10, ground-form reconstruction, upstream ProtoKusunda-10_belowunder-1]",ProtoKusunda-10_belowunder-1,,not-sampled
10:KusundaGM,10,"below, under",1485,KusundaGM,speaker,Gyani Maiya Sen Kusunda,ɐ.meːj,"ɐ.meːj (below, under); nu.məj (very below, bottom); ɐ.mə.gəj (that below dem.), ; ɐŋ.mə.gəj ‘that down there (dem)’; ɐ.kʰaː ‘down’",KusundaGM-10_belowunder-1,ɐ.meːj,ɐ.meːj,ɐ + m eː j,ingested,released CLDF lexeme,Kusunda,"below, under",,"aaley-bodt2020kusunda[concept 10, speaker Gyani Maiya Sen Kusunda, upstream KusundaGM-10_belowunder-1]",KusundaGM-10_belowunder-1,,not-sampled
10:KusundaK,10,"below, under",1485,KusundaK,speaker,Kamala Khatri (Sen Kusunda),ɐ.mə.gaː,ɐ.mə.gaː ‘just below +loc’ < ɐ.meː+ga; nuː.məj ‘far below / at the bottom’; ~ ɐ.qaː ‘down’; aːχ.neː ‘from down’,KusundaK-10_belowunder-1,ɐ.mə.gaː,ɐ.mə.gaː,ɐ + m ə + g aː,ingested,released CLDF lexeme,Kusunda,"below, under",,"aaley-bodt2020kusunda[concept 10, speaker Kamala Khatri (Sen Kusunda), upstream KusundaK-10_belowunder-1]",KusundaK-10_belowunder-1,,not-sampled
11:ProtoKusunda,11,big,1202,ProtoKusunda,reconstruction,,bɐ.ʦʰe,,ProtoKusunda-11_big-1,bɐ.ʦʰe,bɐ.ʦʰe,b ɐ + tsʰ e,ingested,released CLDF lexeme,Kusunda,big,,"aaley-bodt2020kusunda[concept 11, ground-form reconstruction, upstream ProtoKusunda-11_big-1]",ProtoKusunda-11_big-1,,not-sampled
11:KusundaGM,11,big,1202,KusundaGM,speaker,Gyani Maiya Sen Kusunda,bɐ.ʦʰeːj,ɔŋ.nəj ~ uŋ.nəj (senior) ~ bɐ.ʦʰeːj,KusundaGM-11_big-1,bɐ.ʦʰeːj,bɐ.ʦʰeːj,b ɐ + tsʰ eː j,ingested,released CLDF lexeme,Kusunda,big,,"aaley-bodt2020kusunda[concept 11, speaker Gyani Maiya Sen Kusunda, upstream KusundaGM-11_big-1]",KusundaGM-11_big-1,,not-sampled
11:KusundaK,11,big,1202,KusundaK,speaker,Kamala Khatri (Sen Kusunda),bɐ.ʧʰiː,"‘big in size, important in function’; no comparative superlative degree; uɴ.neː (senior – male) ~ ɔ̃ː.niː ~ ũː.niː < uɴ.ni (senior - female)",KusundaK-11_big-1,bɐ.ʧʰiː,bɐ.ʧʰiː,b ɐ + tʃʰ iː,ingested,released CLDF lexeme,Kusunda,big,,"aaley-bodt2020kusunda[concept 11, speaker Kamala Khatri (Sen Kusunda), upstream KusundaK-11_big-1]",KusundaK-11_big-1,,not-sampled
12:ProtoKusunda,12,the bird,937,ProtoKusunda,reconstruction,,qo.tow,,ProtoKusunda-12_thebird-1,qo.tow,qo.tow,q o + t o w,ingested,released CLDF lexeme,Kusunda,the bird,noun,"aaley-bodt2020kusunda[concept 12, ground-form reconstruction, upstream ProtoKusunda-12_thebird-1]",ProtoKusunda-12_thebird-1,,not-sampled
12:KusundaGM,12,the bird,937,KusundaGM,speaker,Gyani Maiya Sen Kusunda,qɔ.t̪ɔw,~ qɔ.t̪ɔːKGG_030819_C1,KusundaGM-12_thebird-1,qɔ.t̪ɔw,qɔ.t̪ɔw,q ɔ + t̪ ɔ w,ingested,released CLDF lexeme,Kusunda,the bird,noun,"aaley-bodt2020kusunda[concept 12, speaker Gyani Maiya Sen Kusunda, upstream KusundaGM-12_thebird-1]",KusundaGM-12_thebird-1,,not-sampled
12:KusundaK,12,the bird,937,KusundaK,speaker,Kamala Khatri (Sen Kusunda),qɔ.t̪uː,,KusundaK-12_thebird-1,qɔ.t̪uː,qɔ.t̪uː,q ɔ + t̪ uː,ingested,released CLDF lexeme,Kusunda,the bird,noun,"aaley-bodt2020kusunda[concept 12, speaker Kamala Khatri (Sen Kusunda), upstream KusundaK-12_thebird-1]",KusundaK-12_thebird-1,,not-sampled
13:ProtoKusunda,13,to bite,1403,ProtoKusunda,reconstruction,,kʰɐm,,ProtoKusunda-13_tobite-1,kʰɐm,kʰɐm,kʰ ɐ m,ingested,released CLDF lexeme,Kusunda,to bite,verb,"aaley-bodt2020kusunda[concept 13, ground-form reconstruction, upstream ProtoKusunda-13_tobite-1]",ProtoKusunda-13_tobite-1,,not-sampled
13:KusundaGM,13,to bite,1403,KusundaGM,speaker,Gyani Maiya Sen Kusunda,kʰɐm aː.gɔː,,KusundaGM-13_tobite-1,kʰɐm aː.gɔː,kʰɐm aː.gɔː,kʰ ɐ m + aː + g ɔː,ingested,released CLDF lexeme,Kusunda,to bite,verb,"aaley-bodt2020kusunda[concept 13, speaker Gyani Maiya Sen Kusunda, upstream KusundaGM-13_tobite-1]",KusundaGM-13_tobite-1,,not-sampled
13:KusundaK,13,to bite,1403,KusundaK,speaker,Kamala Khatri (Sen Kusunda),kʰɐm.t̪ɔː,CHEW = kʰɐm.kʰɐm ɐːgɔː,KusundaK-13_tobite-1,kʰɐm.t̪ɔː,kʰɐm.t̪ɔː,kʰ ɐ m + t̪ ɔː,ingested,released CLDF lexeme,Kusunda,to bite,verb,"aaley-bodt2020kusunda[concept 13, speaker Kamala Khatri (Sen Kusunda), upstream KusundaK-13_tobite-1]",KusundaK-13_tobite-1,,not-sampled
14:ProtoKusunda,14,black,163,ProtoKusunda,reconstruction,,sok.sok,,ProtoKusunda-14_black-1,sok.sok,sok.sok,s o k + s o k,ingested,released CLDF lexeme,Kusunda,black,,"aaley-bodt2020kusunda[concept 14, ground-form reconstruction, upstream ProtoKusunda-14_black-1]",ProtoKusunda-14_black-1,,not-sampled
14:KusundaGM,14,black,163,KusundaGM,speaker,Gyani Maiya Sen Kusunda,sɔk.sɔk.gaː.rɐm sɔk.sɔk.di,sɔk.sɔk.gaː.rɐm (very black) ~ sɔk.sɔk.di (little black),KusundaGM-14_black-1,sɔk.sɔk.gaː.rɐm sɔk.sɔk.di,sɔk.sɔk.gaː.rɐm,s ɔ k + s ɔ k + g aː + r ɐ m,ingested,released CLDF lexeme,Kusunda,black,,"aaley-bodt2020kusunda[concept 14, speaker Gyani Maiya Sen Kusunda, upstream KusundaGM-14_black-1]",KusundaGM-14_black-1,,not-sampled
14:KusundaK,14,black,163,KusundaK,speaker,Kamala Khatri (Sen Kusunda),sɔk.sɔk.di sɔk.sɔk.gɔ.rɔm,"‘a little black, dark’ sɔk.gɐ.rɐm ~ sɔk.sɔk.gɔ.rɔm = ‘deep black’",KusundaK-14_black-1,sɔk.sɔk.di sɔk.sɔk.gɔ.rɔm,sɔk.sɔk.di,s ɔ k + s ɔ k + d i,ingested,released CLDF lexeme,Kusunda,black,,"aaley-bodt2020kusunda[concept 14, speaker Kamala Khatri (Sen Kusunda), upstream KusundaK-14_black-1]",KusundaK-14_black-1,,not-sampled
15:ProtoKusunda,15,the blood,946,ProtoKusunda,reconstruction,,lɐ.pa,,ProtoKusunda-15_theblood-1,lɐ.pa,lɐ.pa,l ɐ + p a,ingested,released CLDF lexeme,Kusunda,the blood,noun,"aaley-bodt2020kusunda[concept 15, ground-form reconstruction, upstream ProtoKusunda-15_theblood-1]",ProtoKusunda-15_theblood-1,,not-sampled
15:KusundaGM,15,the blood,946,KusundaGM,speaker,Gyani Maiya Sen Kusunda,lɐ.paː,,KusundaGM-15_theblood-1,lɐ.paː,lɐ.paː,l ɐ + p aː,ingested,released CLDF lexeme,Kusunda,the blood,noun,"aaley-bodt2020kusunda[concept 15, speaker Gyani Maiya Sen Kusunda, upstream KusundaGM-15_theblood-1]",KusundaGM-15_theblood-1,,not-sampled
15:KusundaK,15,the blood,946,KusundaK,speaker,Kamala Khatri (Sen Kusunda),lɐ.paː,KGG_300719_B1,KusundaK-15_theblood-1,lɐ.paː,lɐ.paː,l ɐ + p aː,ingested,released CLDF lexeme,Kusunda,the blood,noun,"aaley-bodt2020kusunda[concept 15, speaker Kamala Khatri (Sen Kusunda), upstream KusundaK-15_theblood-1]",KusundaK-15_theblood-1,,not-sampled
16:ProtoKusunda,16,to blow (of wind),175,ProtoKusunda,reconstruction,,qɐj u,WIND + COME,ProtoKusunda-16_toblowofwind-1,qɐj u,qɐj u,q ɐ j + u,ingested,released CLDF lexeme,Kusunda,to blow (of wind),verb,"aaley-bodt2020kusunda[concept 16, ground-form reconstruction, upstream ProtoKusunda-16_toblowofwind-1]",ProtoKusunda-16_toblowofwind-1,,not-sampled
16:KusundaGM,16,to blow (of wind),175,KusundaGM,speaker,Gyani Maiya Sen Kusunda,qɐj uː.gun,"WIND + COME; hu. ~ wu.bə a.goː ‘to blow by mouth’ dɐŋ.bəj huː.bə a.goː ‘the shaman to conduct a ritual’, hũː a.gɔː ‘blow to make fire burn’",KusundaGM-16_toblowofwind-1,qɐj uː.gun,qɐj uː.gun,q ɐ j + uː + g u n,ingested,released CLDF lexeme,Kusunda,to blow (of wind),verb,"aaley-bodt2020kusunda[concept 16, speaker Gyani Maiya Sen Kusunda, upstream KusundaGM-16_toblowofwind-1]",KusundaGM-16_toblowofwind-1,,not-sampled
16:KusundaK,16,to blow (of wind),175,KusundaK,speaker,Kamala Khatri (Sen Kusunda),qɐj,"qɐj = AIR; WIND, also BLOW (WIND)! gʲaː qɐj = ‘to breathe’",KusundaK-16_toblowofwind-1,qɐj,qɐj,q ɐ j,ingested,released CLDF lexeme,Kusunda,to blow (of wind),verb,"aaley-bodt2020kusunda[concept 16, speaker Kamala Khatri (Sen Kusunda), upstream KusundaK-16_toblowofwind-1]",KusundaK-16_toblowofwind-1,,not-sampled
17:ProtoKusunda,17,the body hair (hair or fur),2678,ProtoKusunda,reconstruction,,gi,,ProtoKusunda-17_thebodyhairhairorfur-1,gi,gi,g i,ingested,released CLDF lexeme,Kusunda,the body hair (hair or fur),noun,"aaley-bodt2020kusunda[concept 17, ground-form reconstruction, upstream ProtoKusunda-17_thebodyhairhairorfur-1]",ProtoKusunda-17_thebodyhairhairorfur-1,,not-sampled
17:KusundaGM,17,the body hair (hair or fur),2678,KusundaGM,speaker,Gyani Maiya Sen Kusunda,i.pi giː,"(hair of head); giː (body hair), also feathers of birds",KusundaGM-17_thebodyhairhairorfur-1,i.pi giː,i.pi giː,i + p i + g iː,ingested,released CLDF lexeme,Kusunda,the body hair (hair or fur),noun,"aaley-bodt2020kusunda[concept 17, speaker Gyani Maiya Sen Kusunda, upstream KusundaGM-17_thebodyhairhairorfur-1]",KusundaGM-17_thebodyhairhairorfur-1,,not-sampled
17:KusundaK,17,the body hair (hair or fur),2678,KusundaK,speaker,Kamala Khatri (Sen Kusunda),giː,i.piː HEAD,KusundaK-17_thebodyhairhairorfur-1,giː,giː,g iː,ingested,released CLDF lexeme,Kusunda,the body hair (hair or fur),noun,"aaley-bodt2020kusunda[concept 17, speaker Kamala Khatri (Sen Kusunda), upstream KusundaK-17_thebodyhairhairorfur-1]",KusundaK-17_thebodyhairhairorfur-1,,not-sampled
18:ProtoKusunda,18,the bone,1394,ProtoKusunda,reconstruction,,gu.hu,,ProtoKusunda-18_thebone-1,gu.hu,gu.hu,g u + h u,ingested,released CLDF lexeme,Kusunda,the bone,noun,"aaley-bodt2020kusunda[concept 18, ground-form reconstruction, upstream ProtoKusunda-18_thebone-1]",ProtoKusunda-18_thebone-1,,not-sampled
18:KusundaGM,18,the bone,1394,KusundaGM,speaker,Gyani Maiya Sen Kusunda,gu.huː,,KusundaGM-18_thebone-1,gu.huː,gu.huː,g u + h uː,ingested,released CLDF lexeme,Kusunda,the bone,noun,"aaley-bodt2020kusunda[concept 18, speaker Gyani Maiya Sen Kusunda, upstream KusundaGM-18_thebone-1]",KusundaGM-18_thebone-1,,not-sampled
18:KusundaK,18,the bone,1394,KusundaK,speaker,Kamala Khatri (Sen Kusunda),gu.uː,~ guˁuː ~ guː ~ gu.ɦuː,KusundaK-18_thebone-1,gu.uː,gu.uː,g u + uː,ingested,released CLDF lexeme,Kusunda,the bone,noun,"aaley-bodt2020kusunda[concept 18, speaker Kamala Khatri (Sen Kusunda), upstream KusundaK-18_thebone-1]",KusundaK-18_thebone-1,,not-sampled
19:ProtoKusunda,19,the branch,1531,ProtoKusunda,reconstruction,,ji o.moq,TREE + UPPER ARM,ProtoKusunda-19_thebranch-1,ji o.moq,ji o.moq,j i + o + m o q,ingested,released CLDF lexeme,Kusunda,the branch,noun,"aaley-bodt2020kusunda[concept 19, ground-form reconstruction, upstream ProtoKusunda-19_thebranch-1]",ProtoKusunda-19_thebranch-1,,not-sampled
19:KusundaGM,19,the branch,1531,KusundaGM,speaker,Gyani Maiya Sen Kusunda,iː ɔ.mɔχ,TREE + UPPER ARM,KusundaGM-19_thebranch-1,iː ɔ.mɔχ,iː ɔ.mɔχ,iː + ɔ + m ɔ χ,ingested,released CLDF lexeme,Kusunda,the branch,noun,"aaley-bodt2020kusunda[concept 19, speaker Gyani Maiya Sen Kusunda, upstream KusundaGM-19_thebranch-1]",KusundaGM-19_thebranch-1,,not-sampled
19:KusundaK,19,the branch,1531,KusundaK,speaker,Kamala Khatri (Sen Kusunda),ɔ.mɔq,#ERROR!,KusundaK-19_thebranch-1,ɔ.mɔq,ɔ.mɔq,ɔ + m ɔ q,ingested,released CLDF lexeme,Kusunda,the branch,noun uncertain,"aaley-bodt2020kusunda[concept 19, speaker Kamala Khatri (Sen Kusunda), upstream KusundaK-19_thebranch-1]",KusundaK-19_thebranch-1,upstream-spreadsheet-error-in-comment,not-sampled
20:ProtoKusunda,20,the breast (female),1402,ProtoKusunda,reconstruction,,ɐm.bu,,ProtoKusunda-20_thebreastfemale-1,ɐm.bu,ɐm.bu,ɐ m + b u,ingested,released CLDF lexeme,Kusunda,the breast (female),noun,"aaley-bodt2020kusunda[concept 20, ground-form reconstruction, upstream ProtoKusunda-20_thebreastfemale-1]",ProtoKusunda-20_thebreastfemale-1,,not-sampled
20:KusundaGM,20,the breast (female),1402,KusundaGM,speaker,Gyani Maiya Sen Kusunda,ɐm.buː,,KusundaGM-20_thebreastfemale-1,ɐm.buː,ɐm.buː,ɐ m + b uː,ingested,released CLDF lexeme,Kusunda,the breast (female),noun,"aaley-bodt2020kusunda[concept 20, speaker Gyani Maiya Sen Kusunda, upstream KusundaGM-20_thebreastfemale-1]",KusundaGM-20_thebreastfemale-1,,not-sampled
20:KusundaK,20,the breast (female),1402,KusundaK,speaker,Kamala Khatri (Sen Kusunda),ɐm.buː,"KGG_300719_C1 ‘milk, breast’; gi.bu.saː = ‘udder’",KusundaK-20_thebreastfemale-1,ɐm.buː,ɐm.buː,ɐ m + b uː,ingested,released CLDF lexeme,Kusunda,the breast (female),noun,"aaley-bodt2020kusunda[concept 20, speaker Kamala Khatri (Sen Kusunda), upstream KusundaK-20_thebreastfemale-1]",KusundaK-20_thebreastfemale-1,,not-sampled
21:ProtoKusunda,21,to burn [intransitive],1428,ProtoKusunda,reconstruction,,huɴ,,ProtoKusunda-21_toburnintransitive-1,huɴ,huɴ,h u ɴ,ingested,released CLDF lexeme,Kusunda,to burn [intransitive],verb intr,"aaley-bodt2020kusunda[concept 21, ground-form reconstruction, upstream ProtoKusunda-21_toburnintransitive-1]",ProtoKusunda-21_toburnintransitive-1,,not-sampled
21:KusundaGM,21,to burn [intransitive],1428,KusundaGM,speaker,Gyani Maiya Sen Kusunda,huŋ aː.gɔː,haː.bɐ.gɐn (to roast); ɐw.daː aː.gɔː (burn the firewood); (ʣaː) kɔ.rɔŋ aː.gɐn ‘(the fire) to burn by itself’; ʣuŋ.ʣaŋ ʣaː ’electric light’ lit. fruit-fire; huŋ aːgɔː ‘burn vi’,KusundaGM-21_toburnintransitive-1,huŋ aː.gɔː,huŋ aː.gɔː,h u ŋ + aː + g ɔː,ingested,released CLDF lexeme,Kusunda,to burn [intransitive],verb intr,"aaley-bodt2020kusunda[concept 21, speaker Gyani Maiya Sen Kusunda, upstream KusundaGM-21_toburnintransitive-1]",KusundaGM-21_toburnintransitive-1,,not-sampled
21:KusundaK,21,to burn [intransitive],1428,KusundaK,speaker,Kamala Khatri (Sen Kusunda),hũː.nu,"‘the fire burns, is burning with flames’; ʥuŋ.nu ‘something e.g. the wood burns, is burning’; ɐw.dɐw ‘burn vt’",KusundaK-21_toburnintransitive-1,hũː.nu,hũː.nu,h ũː + n u,ingested,released CLDF lexeme,Kusunda,to burn [intransitive],verb intr,"aaley-bodt2020kusunda[concept 21, speaker Kamala Khatri (Sen Kusunda), upstream KusundaK-21_toburnintransitive-1]",KusundaK-21_toburnintransitive-1,,not-sampled
22:ProtoKusunda,22,to buy,1869,ProtoKusunda,reconstruction,,ʣɐk,,ProtoKusunda-22_tobuy-1,ʣɐk,ʣɐk,dz ɐ k,ingested,released CLDF lexeme,Kusunda,to buy,verb,"aaley-bodt2020kusunda[concept 22, ground-form reconstruction, upstream ProtoKusunda-22_tobuy-1]",ProtoKusunda-22_tobuy-1,,not-sampled
22:KusundaGM,22,to buy,1869,KusundaGM,speaker,Gyani Maiya Sen Kusunda,ʣaː aː.gɔː,"ʣaː aː.gɔː - ʣɐk.tuː, realisation of coda -k dependant on the following syllable",KusundaGM-22_tobuy-1,ʣaː aː.gɔː,ʣaː aː.gɔː,dz aː + aː + g ɔː,ingested,released CLDF lexeme,Kusunda,to buy,verb,"aaley-bodt2020kusunda[concept 22, speaker Gyani Maiya Sen Kusunda, upstream KusundaGM-22_tobuy-1]",KusundaGM-22_tobuy-1,,not-sampled
22:KusundaK,22,to buy,1869,KusundaK,speaker,Kamala Khatri (Sen Kusunda),ʤɐk ɐ.gɔː,"KGG_300719_D1ʤɐːɔː, realisation of coda -k dependant on the following syllable, but commonly unrealised, rising pitch",KusundaK-22_tobuy-1,ʤɐk ɐ.gɔː,ʤɐk ɐ.gɔː,dʒ ɐ k + ɐ + g ɔː,ingested,released CLDF lexeme,Kusunda,to buy,verb,"aaley-bodt2020kusunda[concept 22, speaker Kamala Khatri (Sen Kusunda), upstream KusundaK-22_tobuy-1]",KusundaK-22_tobuy-1,,not-sampled
23:ProtoKusunda,23,to chew,321,ProtoKusunda,reconstruction,,∅,"descriptive, repetition of ‘bite’ = chew",,,,,skipped,source marks no installable form,,,,,,missing-form,not-sampled
23:KusundaGM,23,to chew,321,KusundaGM,speaker,Gyani Maiya Sen Kusunda,∅,Uday: kʰɐm.kʰɐm aː.gɔː actually ‘to bite repetitive’; newly coined,,,,,skipped,source marks no installable form,,,,,,missing-form;source-uncertainty,not-sampled
23:KusundaK,23,to chew,321,KusundaK,speaker,Kamala Khatri (Sen Kusunda),kʰɐm.kʰɐm ɐ.gɔː kʰɐm ɐ.gɔː,neologism / compound,KusundaK-23_tochew-1,kʰɐm.kʰɐm ɐ.gɔː kʰɐm ɐ.gɔː,kʰɐm.kʰɐm ɐ.gɔː,kʰ ɐ m + kʰ ɐ m + ɐ + g ɔː,ingested,released CLDF lexeme,Kusunda,to chew,verb uncertain,"aaley-bodt2020kusunda[concept 23, speaker Kamala Khatri (Sen Kusunda), upstream KusundaK-23_tochew-1]",KusundaK-23_tochew-1,source-uncertainty,not-sampled
24:ProtoKusunda,24,the child (young human),1304,ProtoKusunda,reconstruction,,gə.ʦeː,,ProtoKusunda-24_thechildyounghuman-1,gə.ʦeː,gə.ʦeː,g ə + ts eː,ingested,released CLDF lexeme,Kusunda,the child (young human),noun,"aaley-bodt2020kusunda[concept 24, ground-form reconstruction, upstream ProtoKusunda-24_thechildyounghuman-1]",ProtoKusunda-24_thechildyounghuman-1,,not-sampled
24:KusundaGM,24,the child (young human),1304,KusundaGM,speaker,Gyani Maiya Sen Kusunda,gə.ʦʰeː,"gə.ʦʰeː ‘child (age 8 and above)’; huŋ.kəj ‘child (small kids who walk age 3 - 7)’; tak.seː ‘child (small kids, boys and girls that crawl age 0-2)’; mak.ʦeː ‘adolescent (age 13, 14 and above)’.",KusundaGM-24_thechildyounghuman-1,gə.ʦʰeː,gə.ʦʰeː,g ə + tsʰ eː,ingested,released CLDF lexeme,Kusunda,the child (young human),noun,"aaley-bodt2020kusunda[concept 24, speaker Gyani Maiya Sen Kusunda, upstream KusundaGM-24_thechildyounghuman-1]",KusundaGM-24_thechildyounghuman-1,,not-sampled
24:KusundaK,24,the child (young human),1304,KusundaK,speaker,Kamala Khatri (Sen Kusunda),gə.ʧeː,huŋ.kuj ~ huŋ.kəj ’child (age 10-14 )’; hũː.kəj ‘child (age 2-10)’; hũŋ.kəj ~ hũːɴ.kun ‘child (toddler age 1-2)’; maʔa̰.ʧeː ~ maˁa.ʧeː ‘adolescent boy (age 14-18)’; us.ni ~ u.ȿin.di ‘adolescent girl (age 14-18)’; gə.ʧeː ‘child (general)’,KusundaK-24_thechildyounghuman-1,gə.ʧeː,gə.ʧeː,g ə + tʃ eː,ingested,released CLDF lexeme,Kusunda,the child (young human),noun,"aaley-bodt2020kusunda[concept 24, speaker Kamala Khatri (Sen Kusunda), upstream KusundaK-24_thechildyounghuman-1]",KusundaK-24_thechildyounghuman-1,,not-sampled
25:ProtoKusunda,25,the cloud,1489,ProtoKusunda,reconstruction,,bɐm,,ProtoKusunda-25_thecloud-1,bɐm,bɐm,b ɐ m,ingested,released CLDF lexeme,Kusunda,the cloud,noun,"aaley-bodt2020kusunda[concept 25, ground-form reconstruction, upstream ProtoKusunda-25_thecloud-1]",ProtoKusunda-25_thecloud-1,,not-sampled
25:KusundaGM,25,the cloud,1489,KusundaGM,speaker,Gyani Maiya Sen Kusunda,bɐm,but told by Uday!,KusundaGM-25_thecloud-1,bɐm,bɐm,b ɐ m,ingested,released CLDF lexeme,Kusunda,the cloud,noun uncertain,"aaley-bodt2020kusunda[concept 25, speaker Gyani Maiya Sen Kusunda, upstream KusundaGM-25_thecloud-1]",KusundaGM-25_thecloud-1,source-uncertainty,not-sampled
25:KusundaK,25,the cloud,1489,KusundaK,speaker,Kamala Khatri (Sen Kusunda),bɐm,‘cloud’; pãː.ji ‘cloud’,KusundaK-25_thecloud-1,bɐm,bɐm,b ɐ m,ingested,released CLDF lexeme,Kusunda,the cloud,noun,"aaley-bodt2020kusunda[concept 25, speaker Kamala Khatri (Sen Kusunda), upstream KusundaK-25_thecloud-1]",KusundaK-25_thecloud-1,,not-sampled
26:ProtoKusunda,26,cold (of temperature),1287,ProtoKusunda,reconstruction,,jɐ.ɢɐw,cold of weather / temperature,ProtoKusunda-26_coldoftemperature-1,jɐ.ɢɐw,jɐ.ɢɐw,j ɐ + ɢ ɐ w,ingested,released CLDF lexeme,Kusunda,cold (of temperature),,"aaley-bodt2020kusunda[concept 26, ground-form reconstruction, upstream ProtoKusunda-26_coldoftemperature-1]",ProtoKusunda-26_coldoftemperature-1,,not-sampled
26:KusundaGM,26,cold (of temperature),1287,KusundaGM,speaker,Gyani Maiya Sen Kusunda,jɐ.kʰɐw,kʰɐŋ.guː ‘cold (water)’; jɐ.kʰɐw (cold of weather),KusundaGM-26_coldoftemperature-1,jɐ.kʰɐw,jɐ.kʰɐw,j ɐ + kʰ ɐ w,ingested,released CLDF lexeme,Kusunda,cold (of temperature),,"aaley-bodt2020kusunda[concept 26, speaker Gyani Maiya Sen Kusunda, upstream KusundaGM-26_coldoftemperature-1]",KusundaGM-26_coldoftemperature-1,,not-sampled
26:KusundaK,26,cold (of temperature),1287,KusundaK,speaker,Kamala Khatri (Sen Kusunda),jɐ.ɐ̰w,kʰɐŋ.guː ‘cold (of water)’; jɐ.ɐ̰w ‘cold (of weather)’; kʰãũn.tat ‘cold (of food)’; ‘I am feeling cold’ = t̪an.d̪a (to me) jɐ.ɐ̰w; jɐ.ɐ̰w ʧu ‘It is cold’,KusundaK-26_coldoftemperature-1,jɐ.ɐ̰w,jɐ.ɐ̰w,j ɐ + ɐ̰ w,ingested,released CLDF lexeme,Kusunda,cold (of temperature),,"aaley-bodt2020kusunda[concept 26, speaker Kamala Khatri (Sen Kusunda), upstream KusundaK-26_coldoftemperature-1]",KusundaK-26_coldoftemperature-1,,not-sampled
27:ProtoKusunda,27,to come,1446,ProtoKusunda,reconstruction,,u,ɐ.gaː is an irregularimp. From KGG_100819_A1 and KGG_100819_B1 it becomes clear that the regular root of the verb is u,ProtoKusunda-27_tocome-1,u,u,u,ingested,released CLDF lexeme,Kusunda,to come,verb,"aaley-bodt2020kusunda[concept 27, ground-form reconstruction, upstream ProtoKusunda-27_tocome-1]",ProtoKusunda-27_tocome-1,,not-sampled
27:KusundaGM,27,to come,1446,KusundaGM,speaker,Gyani Maiya Sen Kusunda,ɐ.gaː,imp,KusundaGM-27_tocome-1,ɐ.gaː,ɐ.gaː,ɐ + g aː,ingested,released CLDF lexeme,Kusunda,to come,verb,"aaley-bodt2020kusunda[concept 27, speaker Gyani Maiya Sen Kusunda, upstream KusundaGM-27_tocome-1]",KusundaGM-27_tocome-1,,not-sampled
27:KusundaK,27,to come,1446,KusundaK,speaker,Kamala Khatri (Sen Kusunda),ɐ.gaː,imp; t̪.u.gun ‘I came’; n.u.g.ɐ̰w ‘you did not come’; t̪.u.ɢɐn ‘I come’; t.u.k.dɐ̰w ‘we are not coming’; t̪.u.t̪.nɐn ‘we will come’; n.u.g.gu ‘you (sg) will not come’,KusundaK-27_tocome-1,ɐ.gaː,ɐ.gaː,ɐ + g aː,ingested,released CLDF lexeme,Kusunda,to come,verb,"aaley-bodt2020kusunda[concept 27, speaker Kamala Khatri (Sen Kusunda), upstream KusundaK-27_tocome-1]",KusundaK-27_tocome-1,,not-sampled
28:ProtoKusunda,28,correct (right),1725,ProtoKusunda,reconstruction,,wen,#ERROR!,ProtoKusunda-28_correctright-1,wen,wen,w e n,ingested,released CLDF lexeme,Kusunda,correct (right),uncertain,"aaley-bodt2020kusunda[concept 28, ground-form reconstruction, upstream ProtoKusunda-28_correctright-1]",ProtoKusunda-28_correctright-1,upstream-spreadsheet-error-in-comment,not-sampled
28:KusundaGM,28,correct (right),1725,KusundaGM,speaker,Gyani Maiya Sen Kusunda,weːj ~ wɛn,#NAME?,KusundaGM-28_correctright-1,weːj ~ wɛn,weːj,w eː j,ingested,released CLDF lexeme,Kusunda,correct (right),uncertain,"aaley-bodt2020kusunda[concept 28, speaker Gyani Maiya Sen Kusunda, upstream KusundaGM-28_correctright-1]",KusundaGM-28_correctright-1,upstream-spreadsheet-error-in-comment,not-sampled
28:KusundaK,28,correct (right),1725,KusundaK,speaker,Kamala Khatri (Sen Kusunda),wɛːn ~ ɔː.wɛn ~ ɔː.wən,labial approximant or labial  labiodental. Almost like oː.wɛn.,KusundaK-28_correctright-1,wɛːn ~ ɔː.wɛn ~ ɔː.wən,wɛːn,w ɛː n,ingested,released CLDF lexeme,Kusunda,correct (right),,"aaley-bodt2020kusunda[concept 28, speaker Kamala Khatri (Sen Kusunda), upstream KusundaK-28_correctright-1]",KusundaK-28_correctright-1,,not-sampled
29:ProtoKusunda,29,to count,1420,ProtoKusunda,reconstruction,,pim.ba,,ProtoKusunda-29_tocount-1,pim.ba,pim.ba,p i m + b a,ingested,released CLDF lexeme,Kusunda,to count,verb,"aaley-bodt2020kusunda[concept 29, ground-form reconstruction, upstream ProtoKusunda-29_tocount-1]",ProtoKusunda-29_tocount-1,,not-sampled
29:KusundaGM,29,to count,1420,KusundaGM,speaker,Gyani Maiya Sen Kusunda,pim.baː aː.gɔː,,KusundaGM-29_tocount-1,pim.baː aː.gɔː,pim.baː aː.gɔː,p i m + b aː + aː + g ɔː,ingested,released CLDF lexeme,Kusunda,to count,verb,"aaley-bodt2020kusunda[concept 29, speaker Gyani Maiya Sen Kusunda, upstream KusundaGM-29_tocount-1]",KusundaGM-29_tocount-1,,not-sampled
29:KusundaK,29,to count,1420,KusundaK,speaker,Kamala Khatri (Sen Kusunda),pim.baː ɐ.gɔː,pimbaːɔː,KusundaK-29_tocount-1,pim.baː ɐ.gɔː,pim.baː ɐ.gɔː,p i m + b aː + ɐ + g ɔː,ingested,released CLDF lexeme,Kusunda,to count,verb,"aaley-bodt2020kusunda[concept 29, speaker Kamala Khatri (Sen Kusunda), upstream KusundaK-29_tocount-1]",KusundaK-29_tocount-1,,not-sampled
30:ProtoKusunda,30,to cry (weep),1839,ProtoKusunda,reconstruction,,ʣʰɐm,,ProtoKusunda-30_tocryweep-1,ʣʰɐm,ʣʰɐm,dzʰ ɐ m,ingested,released CLDF lexeme,Kusunda,to cry (weep),verb,"aaley-bodt2020kusunda[concept 30, ground-form reconstruction, upstream ProtoKusunda-30_tocryweep-1]",ProtoKusunda-30_tocryweep-1,,not-sampled
30:KusundaGM,30,to cry (weep),1839,KusundaGM,speaker,Gyani Maiya Sen Kusunda,ʣɐm.tɔː,ʣɐm.ma a.gɔː; ʣɐm.ʣiː,KusundaGM-30_tocryweep-1,ʣɐm.tɔː,ʣɐm.tɔː,dz ɐ m + t ɔː,ingested,released CLDF lexeme,Kusunda,to cry (weep),verb,"aaley-bodt2020kusunda[concept 30, speaker Gyani Maiya Sen Kusunda, upstream KusundaGM-30_tocryweep-1]",KusundaGM-30_tocryweep-1,,not-sampled
30:KusundaK,30,to cry (weep),1839,KusundaK,speaker,Kamala Khatri (Sen Kusunda),ʤʰɐ.mɔː ~ ʣʰɐ.mɔː,contraction ʤʰɐm ɐ.gɔː,KusundaK-30_tocryweep-1,ʤʰɐ.mɔː ~ ʣʰɐ.mɔː,ʤʰɐ.mɔː,dʒʰ ɐ + m ɔː,ingested,released CLDF lexeme,Kusunda,to cry (weep),verb,"aaley-bodt2020kusunda[concept 30, speaker Kamala Khatri (Sen Kusunda), upstream KusundaK-30_tocryweep-1]",KusundaK-30_tocryweep-1,,not-sampled
31:ProtoKusunda,31,dark,706,ProtoKusunda,reconstruction,,∅,"concept does not exist, only ‘dusk’ (lit. SUN +NEG.EXIT.COP), midnight, evening etc.",,,,,skipped,source marks no installable form,,,,,,missing-form;source-uncertainty,not-sampled
31:KusundaGM,31,dark,706,KusundaGM,speaker,Gyani Maiya Sen Kusunda,dɐŋ.bwaː,"‘extreme darkness, night’; iŋ.ɢa.aw ‘dusk’; is.kiː ‘dusk’; gɔːraːʣeː ‘morning’",KusundaGM-31_dark-1,dɐŋ.bwaː,dɐŋ.bwaː,d ɐ ŋ + b w aː,ingested,released CLDF lexeme,Kusunda,dark,,"aaley-bodt2020kusunda[concept 31, speaker Gyani Maiya Sen Kusunda, upstream KusundaGM-31_dark-1]",KusundaGM-31_dark-1,,not-sampled
31:KusundaK,31,dark,706,KusundaK,speaker,Kamala Khatri (Sen Kusunda),ĩːŋ.ɐ̪.aw,"< iɴ.ɢa̰.au ‘completely dark’, d̪aŋ.bo ‘midnight, 10-12’, is.kiː ‘evening’, biː.i.t̪in ‘dawn, sunrise’, iɴ.miː.ʤi ‘dusk, sunset’, pʲɔʔ.oː.rɔk ‘morning 7, 8’, ũːŋ.ʧa ‘daytime, 8 to dusk’",KusundaK-31_dark-1,ĩːŋ.ɐ̪.aw,ĩːŋ.ɐ̪.aw,ĩː ŋ + ɐ̰ + a w,ingested,released CLDF lexeme,Kusunda,dark,,"aaley-bodt2020kusunda[concept 31, speaker Kamala Khatri (Sen Kusunda), upstream KusundaK-31_dark-1]",KusundaK-31_dark-1,,not-sampled
32:ProtoKusunda,32,the daughter,1357,ProtoKusunda,reconstruction,,niŋ gə.ʦeː,DAUGHTER (?)+ CHILD,ProtoKusunda-32_thedaughter-1,niŋ gə.ʦeː,niŋ gə.ʦeː,n i ŋ + g ə + ts eː,ingested,released CLDF lexeme,Kusunda,the daughter,noun,"aaley-bodt2020kusunda[concept 32, ground-form reconstruction, upstream ProtoKusunda-32_thedaughter-1]",ProtoKusunda-32_thedaughter-1,,not-sampled
32:KusundaGM,32,the daughter,1357,KusundaGM,speaker,Gyani Maiya Sen Kusunda,niŋ gə.ʦʰeː,DAUGHTER (?) + CHILD,KusundaGM-32_thedaughter-1,niŋ gə.ʦʰeː,niŋ gə.ʦʰeː,n i ŋ + g ə + tsʰ eː,ingested,released CLDF lexeme,Kusunda,the daughter,noun,"aaley-bodt2020kusunda[concept 32, speaker Gyani Maiya Sen Kusunda, upstream KusundaGM-32_thedaughter-1]",KusundaGM-32_thedaughter-1,,not-sampled
32:KusundaK,32,the daughter,1357,KusundaK,speaker,Kamala Khatri (Sen Kusunda),niŋ.ʧiː,contraction of niŋ + gə.ʧiː DAUGHTER (?) + CHILD,KusundaK-32_thedaughter-1,niŋ.ʧiː,niŋ.ʧiː,n i ŋ + tʃ iː,ingested,released CLDF lexeme,Kusunda,the daughter,noun,"aaley-bodt2020kusunda[concept 32, speaker Kamala Khatri (Sen Kusunda), upstream KusundaK-32_thedaughter-1]",KusundaK-32_thedaughter-1,,not-sampled
33:ProtoKusunda,33,the dew,1977,ProtoKusunda,reconstruction,,∅,"does not exist, new compounds are made based on FALL + WATER, STAY + WATER etc.",,,,,skipped,source marks no installable form,,,,,,missing-form;source-uncertainty,not-sampled
33:KusundaGM,33,the dew,1977,KusundaGM,speaker,Gyani Maiya Sen Kusunda,∅,tɐŋ ʣɐk.ʣi water + stay i.e. ‘water which has accumulated on / in leaves’,,,,,skipped,source marks no installable form,,,,,,missing-form,not-sampled
33:KusundaK,33,the dew,1977,KusundaK,speaker,Kamala Khatri (Sen Kusunda),ʤʲun t̪ɐŋ,KGG_310719_A1 lit. FALL + WATER,KusundaK-33_thedew-1,ʤʲun t̪ɐŋ,ʤʲun t̪ɐŋ,dʒʲ u n + t̪ ɐ ŋ,ingested,released CLDF lexeme,Kusunda,the dew,noun,"aaley-bodt2020kusunda[concept 33, speaker Kamala Khatri (Sen Kusunda), upstream KusundaK-33_thedew-1]",KusundaK-33_thedew-1,,not-sampled
34:ProtoKusunda,34,to die,1494,ProtoKusunda,reconstruction,,oɢ.da,,ProtoKusunda-34_todie-1,oɢ.da,oɢ.da,o ɢ + d a,ingested,released CLDF lexeme,Kusunda,to die,verb,"aaley-bodt2020kusunda[concept 34, ground-form reconstruction, upstream ProtoKusunda-34_todie-1]",ProtoKusunda-34_todie-1,,not-sampled
34:KusundaGM,34,to die,1494,KusundaGM,speaker,Gyani Maiya Sen Kusunda,ɔk.d̪aː,"ɔk.daː = die, ɔk.daː aː.gɔː = kill",KusundaGM-34_todie-1,ɔk.d̪aː,ɔk.d̪aː,ɔ k + d̪ aː,ingested,released CLDF lexeme,Kusunda,to die,verb,"aaley-bodt2020kusunda[concept 34, speaker Gyani Maiya Sen Kusunda, upstream KusundaGM-34_todie-1]",KusundaGM-34_todie-1,,not-sampled
34:KusundaK,34,to die,1494,KusundaK,speaker,Kamala Khatri (Sen Kusunda),ɔ̰.d̪aː,"‘to die (imp)’, ‘to kill’ ɔ̰ˁ.daː ɐ.gɔː (imp)",KusundaK-34_todie-1,ɔ̰.d̪aː,ɔ̰.d̪aː,ɔ̰ + d̪ aː,ingested,released CLDF lexeme,Kusunda,to die,verb,"aaley-bodt2020kusunda[concept 34, speaker Kamala Khatri (Sen Kusunda), upstream KusundaK-34_todie-1]",KusundaK-34_todie-1,,not-sampled
35:ProtoKusunda,35,to dig,1418,ProtoKusunda,reconstruction,,mek,,ProtoKusunda-35_todig-1,mek,mek,m e k,ingested,released CLDF lexeme,Kusunda,to dig,verb,"aaley-bodt2020kusunda[concept 35, ground-form reconstruction, upstream ProtoKusunda-35_todig-1]",ProtoKusunda-35_todig-1,,not-sampled
35:KusundaGM,35,to dig,1418,KusundaGM,speaker,Gyani Maiya Sen Kusunda,mʲɛk.tɔː,"mʲɛχ.tɔː, mʲɛʔ aː.gɔː",KusundaGM-35_todig-1,mʲɛk.tɔː,mʲɛk.tɔː,mʲ ɛ k + t ɔː,ingested,released CLDF lexeme,Kusunda,to dig,verb,"aaley-bodt2020kusunda[concept 35, speaker Gyani Maiya Sen Kusunda, upstream KusundaGM-35_todig-1]",KusundaGM-35_todig-1,,not-sampled
35:KusundaK,35,to dig,1418,KusundaK,speaker,Kamala Khatri (Sen Kusunda),mʲɛk ɐ.gɔː,~ mʲɛːʔ.ɐɔː,KusundaK-35_todig-1,mʲɛk ɐ.gɔː,mʲɛk ɐ.gɔː,mʲ ɛ k + ɐ + g ɔː,ingested,released CLDF lexeme,Kusunda,to dig,verb,"aaley-bodt2020kusunda[concept 35, speaker Kamala Khatri (Sen Kusunda), upstream KusundaK-35_todig-1]",KusundaK-35_todig-1,,verified-no-material-error
36:ProtoKusunda,36,dirty,1230,ProtoKusunda,reconstruction,,hu.ji.gɐn,"hu.jiː = ‘dirt, dust’, also verb ‘be dirty’",ProtoKusunda-36_dirty-1,hu.ji.gɐn,hu.ji.gɐn,h u + j i + g ɐ n,ingested,released CLDF lexeme,Kusunda,dirty,,"aaley-bodt2020kusunda[concept 36, ground-form reconstruction, upstream ProtoKusunda-36_dirty-1]",ProtoKusunda-36_dirty-1,,not-sampled
36:KusundaGM,36,dirty,1230,KusundaGM,speaker,Gyani Maiya Sen Kusunda,huj.gɐn,,KusundaGM-36_dirty-1,huj.gɐn,huj.gɐn,h u j + g ɐ n,ingested,released CLDF lexeme,Kusunda,dirty,,"aaley-bodt2020kusunda[concept 36, speaker Gyani Maiya Sen Kusunda, upstream KusundaGM-36_dirty-1]",KusundaGM-36_dirty-1,,not-sampled
36:KusundaK,36,dirty,1230,KusundaK,speaker,Kamala Khatri (Sen Kusunda),huj.gɐn,"~ huj.ʤiː; hu.jiː = dirt (n), dust",KusundaK-36_dirty-1,huj.gɐn,huj.gɐn,h u j + g ɐ n,ingested,released CLDF lexeme,Kusunda,dirty,,"aaley-bodt2020kusunda[concept 36, speaker Kamala Khatri (Sen Kusunda), upstream KusundaK-36_dirty-1]",KusundaK-36_dirty-1,,not-sampled
37:ProtoKusunda,37,the dog,2009,ProtoKusunda,reconstruction,,ɐ.gəj,,ProtoKusunda-37_thedog-1,ɐ.gəj,ɐ.gəj,ɐ + g ə j,ingested,released CLDF lexeme,Kusunda,the dog,noun,"aaley-bodt2020kusunda[concept 37, ground-form reconstruction, upstream ProtoKusunda-37_thedog-1]",ProtoKusunda-37_thedog-1,,not-sampled
37:KusundaGM,37,the dog,2009,KusundaGM,speaker,Gyani Maiya Sen Kusunda,ɐ.gəj,~ aː.gəj,KusundaGM-37_thedog-1,ɐ.gəj,ɐ.gəj,ɐ + g ə j,ingested,released CLDF lexeme,Kusunda,the dog,noun,"aaley-bodt2020kusunda[concept 37, speaker Gyani Maiya Sen Kusunda, upstream KusundaGM-37_thedog-1]",KusundaGM-37_thedog-1,,not-sampled
37:KusundaK,37,the dog,2009,KusundaK,speaker,Kamala Khatri (Sen Kusunda),ɐ.gəj,~ aː.gəj,KusundaK-37_thedog-1,ɐ.gəj,ɐ.gəj,ɐ + g ə j,ingested,released CLDF lexeme,Kusunda,the dog,noun,"aaley-bodt2020kusunda[concept 37, speaker Kamala Khatri (Sen Kusunda), upstream KusundaK-37_thedog-1]",KusundaK-37_thedog-1,,not-sampled
38:ProtoKusunda,38,the dream,2374,ProtoKusunda,reconstruction,,maq,,ProtoKusunda-38_thedream-1,maq,maq,m a q,ingested,released CLDF lexeme,Kusunda,the dream,noun,"aaley-bodt2020kusunda[concept 38, ground-form reconstruction, upstream ProtoKusunda-38_thedream-1]",ProtoKusunda-38_thedream-1,,not-sampled
38:KusundaGM,38,the dream,2374,KusundaGM,speaker,Gyani Maiya Sen Kusunda,maːχ,,KusundaGM-38_thedream-1,maːχ,maːχ,m aː χ,ingested,released CLDF lexeme,Kusunda,the dream,noun,"aaley-bodt2020kusunda[concept 38, speaker Gyani Maiya Sen Kusunda, upstream KusundaGM-38_thedream-1]",KusundaGM-38_thedream-1,,not-sampled
38:KusundaK,38,the dream,2374,KusundaK,speaker,Kamala Khatri (Sen Kusunda),maːq,,KusundaK-38_thedream-1,maːq,maːq,m aː q,ingested,released CLDF lexeme,Kusunda,the dream,noun,"aaley-bodt2020kusunda[concept 38, speaker Kamala Khatri (Sen Kusunda), upstream KusundaK-38_thedream-1]",KusundaK-38_thedream-1,,not-sampled
39:ProtoKusunda,39,to drink,1401,ProtoKusunda,reconstruction,,qɔn,,ProtoKusunda-39_todrink-1,qɔn,qɔn,q ɔ n,ingested,released CLDF lexeme,Kusunda,to drink,verb,"aaley-bodt2020kusunda[concept 39, ground-form reconstruction, upstream ProtoKusunda-39_todrink-1]",ProtoKusunda-39_todrink-1,,not-sampled
39:KusundaGM,39,to drink,1401,KusundaGM,speaker,Gyani Maiya Sen Kusunda,qɔn,~ qɐn,KusundaGM-39_todrink-1,qɔn,qɔn,q ɔ n,ingested,released CLDF lexeme,Kusunda,to drink,verb,"aaley-bodt2020kusunda[concept 39, speaker Gyani Maiya Sen Kusunda, upstream KusundaGM-39_todrink-1]",KusundaGM-39_todrink-1,,not-sampled
39:KusundaK,39,to drink,1401,KusundaK,speaker,Kamala Khatri (Sen Kusunda),qɔːn ɐ.gɔː,,KusundaK-39_todrink-1,qɔːn ɐ.gɔː,qɔːn ɐ.gɔː,q ɔː n + ɐ + g ɔː,ingested,released CLDF lexeme,Kusunda,to drink,verb,"aaley-bodt2020kusunda[concept 39, speaker Kamala Khatri (Sen Kusunda), upstream KusundaK-39_todrink-1]",KusundaK-39_todrink-1,,not-sampled
40:ProtoKusunda,40,dry,1398,ProtoKusunda,reconstruction,,qɐj,"actually, root of the verb ‘dry, wither’. No consensus about adj. suffix.",ProtoKusunda-40_dry-1,qɐj,qɐj,q ɐ j,ingested,released CLDF lexeme,Kusunda,dry,uncertain,"aaley-bodt2020kusunda[concept 40, ground-form reconstruction, upstream ProtoKusunda-40_dry-1]",ProtoKusunda-40_dry-1,source-uncertainty,not-sampled
40:KusundaGM,40,dry,1398,KusundaGM,speaker,Gyani Maiya Sen Kusunda,qɐj.gən,,KusundaGM-40_dry-1,qɐj.gən,qɐj.gən,q ɐ j + g ə n,ingested,released CLDF lexeme,Kusunda,dry,,"aaley-bodt2020kusunda[concept 40, speaker Gyani Maiya Sen Kusunda, upstream KusundaGM-40_dry-1]",KusundaGM-40_dry-1,,not-sampled
40:KusundaK,40,dry,1398,KusundaK,speaker,Kamala Khatri (Sen Kusunda),qɐj.ʤiː,~ qɐj.u.n ‘became dry’,KusundaK-40_dry-1,qɐj.ʤiː,qɐj.ʤiː,q ɐ j + dʒ iː,ingested,released CLDF lexeme,Kusunda,dry,,"aaley-bodt2020kusunda[concept 40, speaker Kamala Khatri (Sen Kusunda), upstream KusundaK-40_dry-1]",KusundaK-40_dry-1,,not-sampled
41:ProtoKusunda,41,the dust,2,ProtoKusunda,reconstruction,,hu.ji,#NAME?,ProtoKusunda-41_thedust-1,hu.ji,hu.ji,h u + j i,ingested,released CLDF lexeme,Kusunda,the dust,noun uncertain,"aaley-bodt2020kusunda[concept 41, ground-form reconstruction, upstream ProtoKusunda-41_thedust-1]",ProtoKusunda-41_thedust-1,upstream-spreadsheet-error-in-comment,not-sampled
41:KusundaGM,41,the dust,2,KusundaGM,speaker,Gyani Maiya Sen Kusunda,∅,,,,,,skipped,source marks no installable form,,,,,,missing-form,not-sampled
41:KusundaK,41,the dust,2,KusundaK,speaker,Kamala Khatri (Sen Kusunda),huj,"hu.ji ~ huj ‘dirt, dust’; also: du.loː < NEPधुलोdhulō",KusundaK-41_thedust-1,huj,huj,h u j,ingested,released CLDF lexeme,Kusunda,the dust,noun,"aaley-bodt2020kusunda[concept 41, speaker Kamala Khatri (Sen Kusunda), upstream KusundaK-41_thedust-1]",KusundaK-41_thedust-1,,not-sampled
42:ProtoKusunda,42,the ear,1247,ProtoKusunda,reconstruction,,jəw,,ProtoKusunda-42_theear-1,jəw,jəw,j ə w,ingested,released CLDF lexeme,Kusunda,the ear,noun,"aaley-bodt2020kusunda[concept 42, ground-form reconstruction, upstream ProtoKusunda-42_theear-1]",ProtoKusunda-42_theear-1,,not-sampled
42:KusundaGM,42,the ear,1247,KusundaGM,speaker,Gyani Maiya Sen Kusunda,jəw,,KusundaGM-42_theear-1,jəw,jəw,j ə w,ingested,released CLDF lexeme,Kusunda,the ear,noun,"aaley-bodt2020kusunda[concept 42, speaker Gyani Maiya Sen Kusunda, upstream KusundaGM-42_theear-1]",KusundaGM-42_theear-1,,not-sampled
42:KusundaK,42,the ear,1247,KusundaK,speaker,Kamala Khatri (Sen Kusunda),jəw,,KusundaK-42_theear-1,jəw,jəw,j ə w,ingested,released CLDF lexeme,Kusunda,the ear,noun,"aaley-bodt2020kusunda[concept 42, speaker Kamala Khatri (Sen Kusunda), upstream KusundaK-42_theear-1]",KusundaK-42_theear-1,,not-sampled
43:ProtoKusunda,43,early,672,ProtoKusunda,reconstruction,,si.ba,,ProtoKusunda-43_early-1,si.ba,si.ba,s i + b a,ingested,released CLDF lexeme,Kusunda,early,,"aaley-bodt2020kusunda[concept 43, ground-form reconstruction, upstream ProtoKusunda-43_early-1]",ProtoKusunda-43_early-1,,not-sampled
43:KusundaGM,43,early,672,KusundaGM,speaker,Gyani Maiya Sen Kusunda,si.baː,~ ʃi.baː,KusundaGM-43_early-1,si.baː,si.baː,s i + b aː,ingested,released CLDF lexeme,Kusunda,early,,"aaley-bodt2020kusunda[concept 43, speaker Gyani Maiya Sen Kusunda, upstream KusundaGM-43_early-1]",KusundaGM-43_early-1,,not-sampled
43:KusundaK,43,early,672,KusundaK,speaker,Kamala Khatri (Sen Kusunda),si.baː,,KusundaK-43_early-1,si.baː,si.baː,s i + b aː,ingested,released CLDF lexeme,Kusunda,early,,"aaley-bodt2020kusunda[concept 43, speaker Kamala Khatri (Sen Kusunda), upstream KusundaK-43_early-1]",KusundaK-43_early-1,,not-sampled
44:ProtoKusunda,44,the earth (soil),1228,ProtoKusunda,reconstruction,,dum,#NAME?,ProtoKusunda-44_theearthsoil-1,dum,dum,d u m,ingested,released CLDF lexeme,Kusunda,the earth (soil),noun uncertain,"aaley-bodt2020kusunda[concept 44, ground-form reconstruction, upstream ProtoKusunda-44_theearthsoil-1]",ProtoKusunda-44_theearthsoil-1,upstream-spreadsheet-error-in-comment,not-sampled
44:KusundaGM,44,the earth (soil),1228,KusundaGM,speaker,Gyani Maiya Sen Kusunda,d̪um,"‘soil, earth, mud’; d̪uː ‘land, earth, ground’",KusundaGM-44_theearthsoil-1,d̪um,d̪um,d̪ u m,ingested,released CLDF lexeme,Kusunda,the earth (soil),noun,"aaley-bodt2020kusunda[concept 44, speaker Gyani Maiya Sen Kusunda, upstream KusundaGM-44_theearthsoil-1]",KusundaGM-44_theearthsoil-1,,not-sampled
44:KusundaK,44,the earth (soil),1228,KusundaK,speaker,Kamala Khatri (Sen Kusunda),d̪um,"‘soil, earth, mud’; d̪uː ‘land, earth, ground’",KusundaK-44_theearthsoil-1,d̪um,d̪um,d̪ u m,ingested,released CLDF lexeme,Kusunda,the earth (soil),noun,"aaley-bodt2020kusunda[concept 44, speaker Kamala Khatri (Sen Kusunda), upstream KusundaK-44_theearthsoil-1]",KusundaK-44_theearthsoil-1,,not-sampled
45:ProtoKusunda,45,the earthworm,2350,ProtoKusunda,reconstruction,,aj.ni,,ProtoKusunda-45_theearthworm-1,aj.ni,aj.ni,a j + n i,ingested,released CLDF lexeme,Kusunda,the earthworm,noun,"aaley-bodt2020kusunda[concept 45, ground-form reconstruction, upstream ProtoKusunda-45_theearthworm-1]",ProtoKusunda-45_theearthworm-1,,not-sampled
45:KusundaGM,45,the earthworm,2350,KusundaGM,speaker,Gyani Maiya Sen Kusunda,aj.niː,,KusundaGM-45_theearthworm-1,aj.niː,aj.niː,a j + n iː,ingested,released CLDF lexeme,Kusunda,the earthworm,noun,"aaley-bodt2020kusunda[concept 45, speaker Gyani Maiya Sen Kusunda, upstream KusundaGM-45_theearthworm-1]",KusundaGM-45_theearthworm-1,,not-sampled
45:KusundaK,45,the earthworm,2350,KusundaK,speaker,Kamala Khatri (Sen Kusunda),əj.niː,~ ɔj.niː,KusundaK-45_theearthworm-1,əj.niː,əj.niː,ə j + n iː,ingested,released CLDF lexeme,Kusunda,the earthworm,noun,"aaley-bodt2020kusunda[concept 45, speaker Kamala Khatri (Sen Kusunda), upstream KusundaK-45_theearthworm-1]",KusundaK-45_theearthworm-1,,not-sampled
46:ProtoKusunda,46,to eat,1336,ProtoKusunda,reconstruction,,ɐm,,ProtoKusunda-46_toeat-1,ɐm,ɐm,ɐ m,ingested,released CLDF lexeme,Kusunda,to eat,verb,"aaley-bodt2020kusunda[concept 46, ground-form reconstruction, upstream ProtoKusunda-46_toeat-1]",ProtoKusunda-46_toeat-1,,not-sampled
46:KusundaGM,46,to eat,1336,KusundaGM,speaker,Gyani Maiya Sen Kusunda,ɐm,,KusundaGM-46_toeat-1,ɐm,ɐm,ɐ m,ingested,released CLDF lexeme,Kusunda,to eat,verb,"aaley-bodt2020kusunda[concept 46, speaker Gyani Maiya Sen Kusunda, upstream KusundaGM-46_toeat-1]",KusundaGM-46_toeat-1,,not-sampled
46:KusundaK,46,to eat,1336,KusundaK,speaker,Kamala Khatri (Sen Kusunda),ɐm ɐ.gɔː,,KusundaK-46_toeat-1,ɐm ɐ.gɔː,ɐm ɐ.gɔː,ɐ m + ɐ + g ɔː,ingested,released CLDF lexeme,Kusunda,to eat,verb,"aaley-bodt2020kusunda[concept 46, speaker Kamala Khatri (Sen Kusunda), upstream KusundaK-46_toeat-1]",KusundaK-46_toeat-1,,not-sampled
47:ProtoKusunda,47,the egg,744,ProtoKusunda,reconstruction,,gwa,,ProtoKusunda-47_theegg-1,gwa,gwa,g w a,ingested,released CLDF lexeme,Kusunda,the egg,noun,"aaley-bodt2020kusunda[concept 47, ground-form reconstruction, upstream ProtoKusunda-47_theegg-1]",ProtoKusunda-47_theegg-1,,not-sampled
47:KusundaGM,47,the egg,744,KusundaGM,speaker,Gyani Maiya Sen Kusunda,gwaː,,KusundaGM-47_theegg-1,gwaː,gwaː,g w aː,ingested,released CLDF lexeme,Kusunda,the egg,noun,"aaley-bodt2020kusunda[concept 47, speaker Gyani Maiya Sen Kusunda, upstream KusundaGM-47_theegg-1]",KusundaGM-47_theegg-1,,not-sampled
47:KusundaK,47,the egg,744,KusundaK,speaker,Kamala Khatri (Sen Kusunda),gwaː,,KusundaK-47_theegg-1,gwaː,gwaː,g w aː,ingested,released CLDF lexeme,Kusunda,the egg,noun,"aaley-bodt2020kusunda[concept 47, speaker Kamala Khatri (Sen Kusunda), upstream KusundaK-47_theegg-1]",KusundaK-47_theegg-1,,not-sampled
48:ProtoKusunda,48,eight,1705,ProtoKusunda,reconstruction,,at,< NEPआठāṭh ‘eight’,ProtoKusunda-48_eight-1,at,at,a t,ingested,released CLDF lexeme,Kusunda,eight,num loanword loan:Nepali,"aaley-bodt2020kusunda[concept 48, ground-form reconstruction, upstream ProtoKusunda-48_eight-1]",ProtoKusunda-48_eight-1,,not-sampled
48:KusundaGM,48,eight,1705,KusundaGM,speaker,Gyani Maiya Sen Kusunda,aːt̪,< NEPआठāṭh ‘eight’,KusundaGM-48_eight-1,aːt̪,aːt̪,aː t̪,ingested,released CLDF lexeme,Kusunda,eight,num loanword loan:Nepali,"aaley-bodt2020kusunda[concept 48, speaker Gyani Maiya Sen Kusunda, upstream KusundaGM-48_eight-1]",KusundaGM-48_eight-1,,not-sampled
48:KusundaK,48,eight,1705,KusundaK,speaker,Kamala Khatri (Sen Kusunda),aːt̪,< NEPआठāṭh ‘eight’,KusundaK-48_eight-1,aːt̪,aːt̪,aː t̪,ingested,released CLDF lexeme,Kusunda,eight,num loanword loan:Nepali,"aaley-bodt2020kusunda[concept 48, speaker Kamala Khatri (Sen Kusunda), upstream KusundaK-48_eight-1]",KusundaK-48_eight-1,,not-sampled
49:ProtoKusunda,49,the eye,1248,ProtoKusunda,reconstruction,,i.nəŋ,,ProtoKusunda-49_theeye-1,i.nəŋ,i.nəŋ,i + n ə ŋ,ingested,released CLDF lexeme,Kusunda,the eye,noun,"aaley-bodt2020kusunda[concept 49, ground-form reconstruction, upstream ProtoKusunda-49_theeye-1]",ProtoKusunda-49_theeye-1,,not-sampled
49:KusundaGM,49,the eye,1248,KusundaGM,speaker,Gyani Maiya Sen Kusunda,i.nəŋ,,KusundaGM-49_theeye-1,i.nəŋ,i.nəŋ,i + n ə ŋ,ingested,released CLDF lexeme,Kusunda,the eye,noun,"aaley-bodt2020kusunda[concept 49, speaker Gyani Maiya Sen Kusunda, upstream KusundaGM-49_theeye-1]",KusundaGM-49_theeye-1,,not-sampled
49:KusundaK,49,the eye,1248,KusundaK,speaker,Kamala Khatri (Sen Kusunda),iːŋ,contraction from i.nəŋ,KusundaK-49_theeye-1,iːŋ,iːŋ,iː ŋ,ingested,released CLDF lexeme,Kusunda,the eye,noun,"aaley-bodt2020kusunda[concept 49, speaker Kamala Khatri (Sen Kusunda), upstream KusundaK-49_theeye-1]",KusundaK-49_theeye-1,,not-sampled
50:ProtoKusunda,50,far,1406,ProtoKusunda,reconstruction,,hun.tow,,ProtoKusunda-50_far-1,hun.tow,hun.tow,h u n + t o w,ingested,released CLDF lexeme,Kusunda,far,,"aaley-bodt2020kusunda[concept 50, ground-form reconstruction, upstream ProtoKusunda-50_far-1]",ProtoKusunda-50_far-1,,not-sampled
50:KusundaGM,50,far,1406,KusundaGM,speaker,Gyani Maiya Sen Kusunda,hun.tɔw,~ hun.tɔː,KusundaGM-50_far-1,hun.tɔw,hun.tɔw,h u n + t ɔ w,ingested,released CLDF lexeme,Kusunda,far,,"aaley-bodt2020kusunda[concept 50, speaker Gyani Maiya Sen Kusunda, upstream KusundaGM-50_far-1]",KusundaGM-50_far-1,,not-sampled
50:KusundaK,50,far,1406,KusundaK,speaker,Kamala Khatri (Sen Kusunda),hun.tuː,"~ hun.tɔː ~ hun.tɔw ‘far’, ‘farther’ = hun.tɐw, ‘farthest’ = mə.niː hun.tɐw",KusundaK-50_far-1,hun.tuː,hun.tuː,h u n + t uː,ingested,released CLDF lexeme,Kusunda,far,,"aaley-bodt2020kusunda[concept 50, speaker Kamala Khatri (Sen Kusunda), upstream KusundaK-50_far-1]",KusundaK-50_far-1,,not-sampled
51:ProtoKusunda,51,the father,1217,ProtoKusunda,reconstruction,,jej,,ProtoKusunda-51_thefather-1,jej,jej,j e j,ingested,released CLDF lexeme,Kusunda,the father,noun,"aaley-bodt2020kusunda[concept 51, ground-form reconstruction, upstream ProtoKusunda-51_thefather-1]",ProtoKusunda-51_thefather-1,,not-sampled
51:KusundaGM,51,the father,1217,KusundaGM,speaker,Gyani Maiya Sen Kusunda,jɛj,,KusundaGM-51_thefather-1,jɛj,jɛj,j ɛ j,ingested,released CLDF lexeme,Kusunda,the father,noun,"aaley-bodt2020kusunda[concept 51, speaker Gyani Maiya Sen Kusunda, upstream KusundaGM-51_thefather-1]",KusundaGM-51_thefather-1,,not-sampled
51:KusundaK,51,the father,1217,KusundaK,speaker,Kamala Khatri (Sen Kusunda),jɛj,,KusundaK-51_thefather-1,jɛj,jɛj,j ɛ j,ingested,released CLDF lexeme,Kusunda,the father,noun,"aaley-bodt2020kusunda[concept 51, speaker Kamala Khatri (Sen Kusunda), upstream KusundaK-51_thefather-1]",KusundaK-51_thefather-1,,not-sampled
52:ProtoKusunda,52,the feather,1201,ProtoKusunda,reconstruction,,ɐ.hun,#NAME?,ProtoKusunda-52_thefeather-1,ɐ.hun,ɐ.hun,ɐ + h u n,ingested,released CLDF lexeme,Kusunda,the feather,noun uncertain,"aaley-bodt2020kusunda[concept 52, ground-form reconstruction, upstream ProtoKusunda-52_thefeather-1]",ProtoKusunda-52_thefeather-1,upstream-spreadsheet-error-in-comment,not-sampled
52:KusundaGM,52,the feather,1201,KusundaGM,speaker,Gyani Maiya Sen Kusunda,ɐ.hun,,KusundaGM-52_thefeather-1,ɐ.hun,ɐ.hun,ɐ + h u n,ingested,released CLDF lexeme,Kusunda,the feather,noun,"aaley-bodt2020kusunda[concept 52, speaker Gyani Maiya Sen Kusunda, upstream KusundaGM-52_thefeather-1]",KusundaGM-52_thefeather-1,,not-sampled
52:KusundaK,52,the feather,1201,KusundaK,speaker,Kamala Khatri (Sen Kusunda),ɐ.ɦun,#NAME?,KusundaK-52_thefeather-1,ɐ.ɦun,ɐ.ɦun,ɐ + ɦ u n,ingested,released CLDF lexeme,Kusunda,the feather,noun uncertain,"aaley-bodt2020kusunda[concept 52, speaker Kamala Khatri (Sen Kusunda), upstream KusundaK-52_thefeather-1]",KusundaK-52_thefeather-1,upstream-spreadsheet-error-in-comment,not-sampled
53:ProtoKusunda,53,to fight,1423,ProtoKusunda,reconstruction,,li.mu,,ProtoKusunda-53_tofight-1,li.mu,li.mu,l i + m u,ingested,released CLDF lexeme,Kusunda,to fight,verb,"aaley-bodt2020kusunda[concept 53, ground-form reconstruction, upstream ProtoKusunda-53_tofight-1]",ProtoKusunda-53_tofight-1,,not-sampled
53:KusundaGM,53,to fight,1423,KusundaGM,speaker,Gyani Maiya Sen Kusunda,li.muː aː.gɔː,"~ li.muː.ʤiː ‘have a physical fight’; kɔː.kʰɔj aː.gɔː (scold, fight by words, verbal)",KusundaGM-53_tofight-1,li.muː aː.gɔː,li.muː aː.gɔː,l i + m uː + aː + g ɔː,ingested,released CLDF lexeme,Kusunda,to fight,verb,"aaley-bodt2020kusunda[concept 53, speaker Gyani Maiya Sen Kusunda, upstream KusundaGM-53_tofight-1]",KusundaGM-53_tofight-1,,not-sampled
53:KusundaK,53,to fight,1423,KusundaK,speaker,Kamala Khatri (Sen Kusunda),li.muː ɐ.tɔː,"‘have a physical fight imp.’; qɔj.tɔː ~ qɔj.ʤi ‘scold, have a verbal fight’",KusundaK-53_tofight-1,li.muː ɐ.tɔː,li.muː ɐ.tɔː,l i + m uː + ɐ + t ɔː,ingested,released CLDF lexeme,Kusunda,to fight,verb,"aaley-bodt2020kusunda[concept 53, speaker Kamala Khatri (Sen Kusunda), upstream KusundaK-53_tofight-1]",KusundaK-53_tofight-1,,not-sampled
54:ProtoKusunda,54,the fire,221,ProtoKusunda,reconstruction,,ʣa,,ProtoKusunda-54_thefire-1,ʣa,ʣa,dz a,ingested,released CLDF lexeme,Kusunda,the fire,noun,"aaley-bodt2020kusunda[concept 54, ground-form reconstruction, upstream ProtoKusunda-54_thefire-1]",ProtoKusunda-54_thefire-1,,not-sampled
54:KusundaGM,54,the fire,221,KusundaGM,speaker,Gyani Maiya Sen Kusunda,ʣaː,,KusundaGM-54_thefire-1,ʣaː,ʣaː,dz aː,ingested,released CLDF lexeme,Kusunda,the fire,noun,"aaley-bodt2020kusunda[concept 54, speaker Gyani Maiya Sen Kusunda, upstream KusundaGM-54_thefire-1]",KusundaGM-54_thefire-1,,not-sampled
54:KusundaK,54,the fire,221,KusundaK,speaker,Kamala Khatri (Sen Kusunda),ʤaː,KGG_310719_B1,KusundaK-54_thefire-1,ʤaː,ʤaː,dʒ aː,ingested,released CLDF lexeme,Kusunda,the fire,noun,"aaley-bodt2020kusunda[concept 54, speaker Kamala Khatri (Sen Kusunda), upstream KusundaK-54_thefire-1]",KusundaK-54_thefire-1,,not-sampled
55:ProtoKusunda,55,firewood,10,ProtoKusunda,reconstruction,,dəj.ʣi,,ProtoKusunda-55_firewood-1,dəj.ʣi,dəj.ʣi,d ə j + dz i,ingested,released CLDF lexeme,Kusunda,firewood,,"aaley-bodt2020kusunda[concept 55, ground-form reconstruction, upstream ProtoKusunda-55_firewood-1]",ProtoKusunda-55_firewood-1,,not-sampled
55:KusundaGM,55,firewood,10,KusundaGM,speaker,Gyani Maiya Sen Kusunda,d̪ɐ.ʤiː,,KusundaGM-55_firewood-1,d̪ɐ.ʤiː,d̪ɐ.ʤiː,d̪ ɐ + dʒ iː,ingested,released CLDF lexeme,Kusunda,firewood,,"aaley-bodt2020kusunda[concept 55, speaker Gyani Maiya Sen Kusunda, upstream KusundaGM-55_firewood-1]",KusundaGM-55_firewood-1,,not-sampled
55:KusundaK,55,firewood,10,KusundaK,speaker,Kamala Khatri (Sen Kusunda),d̪əj.ʤiː,,KusundaK-55_firewood-1,d̪əj.ʤiː,d̪əj.ʤiː,d̪ ə j + dʒ iː,ingested,released CLDF lexeme,Kusunda,firewood,,"aaley-bodt2020kusunda[concept 55, speaker Kamala Khatri (Sen Kusunda), upstream KusundaK-55_firewood-1]",KusundaK-55_firewood-1,,not-sampled
56:ProtoKusunda,56,the fish,227,ProtoKusunda,reconstruction,,nɐ.sa,,ProtoKusunda-56_thefish-1,nɐ.sa,nɐ.sa,n ɐ + s a,ingested,released CLDF lexeme,Kusunda,the fish,noun,"aaley-bodt2020kusunda[concept 56, ground-form reconstruction, upstream ProtoKusunda-56_thefish-1]",ProtoKusunda-56_thefish-1,,not-sampled
56:KusundaGM,56,the fish,227,KusundaGM,speaker,Gyani Maiya Sen Kusunda,nɔ.saː,,KusundaGM-56_thefish-1,nɔ.saː,nɔ.saː,n ɔ + s aː,ingested,released CLDF lexeme,Kusunda,the fish,noun,"aaley-bodt2020kusunda[concept 56, speaker Gyani Maiya Sen Kusunda, upstream KusundaGM-56_thefish-1]",KusundaGM-56_thefish-1,,not-sampled
56:KusundaK,56,the fish,227,KusundaK,speaker,Kamala Khatri (Sen Kusunda),nɐ.saː,,KusundaK-56_thefish-1,nɐ.saː,nɐ.saː,n ɐ + s aː,ingested,released CLDF lexeme,Kusunda,the fish,noun,"aaley-bodt2020kusunda[concept 56, speaker Kamala Khatri (Sen Kusunda), upstream KusundaK-56_thefish-1]",KusundaK-56_thefish-1,,not-sampled
57:ProtoKusunda,57,five,493,ProtoKusunda,reconstruction,,pa.gu,,ProtoKusunda-57_five-1,pa.gu,pa.gu,p a + g u,ingested,released CLDF lexeme,Kusunda,five,num,"aaley-bodt2020kusunda[concept 57, ground-form reconstruction, upstream ProtoKusunda-57_five-1]",ProtoKusunda-57_five-1,,not-sampled
57:KusundaGM,57,five,493,KusundaGM,speaker,Gyani Maiya Sen Kusunda,paː.gu,,KusundaGM-57_five-1,paː.gu,paː.gu,p aː + g u,ingested,released CLDF lexeme,Kusunda,five,num,"aaley-bodt2020kusunda[concept 57, speaker Gyani Maiya Sen Kusunda, upstream KusundaGM-57_five-1]",KusundaGM-57_five-1,,not-sampled
57:KusundaK,57,five,493,KusundaK,speaker,Kamala Khatri (Sen Kusunda),paː.gɔː,~ paːŋ.gɔː,KusundaK-57_five-1,paː.gɔː,paː.gɔː,p aː + g ɔː,ingested,released CLDF lexeme,Kusunda,five,num,"aaley-bodt2020kusunda[concept 57, speaker Kamala Khatri (Sen Kusunda), upstream KusundaK-57_five-1]",KusundaK-57_five-1,,not-sampled
58:ProtoKusunda,58,the flea,232,ProtoKusunda,reconstruction,,bul.ʦʰum,,ProtoKusunda-58_theflea-1,bul.ʦʰum,bul.ʦʰum,b u l + tsʰ u m,ingested,released CLDF lexeme,Kusunda,the flea,noun,"aaley-bodt2020kusunda[concept 58, ground-form reconstruction, upstream ProtoKusunda-58_theflea-1]",ProtoKusunda-58_theflea-1,,not-sampled
58:KusundaGM,58,the flea,232,KusundaGM,speaker,Gyani Maiya Sen Kusunda,bul.ʦʰum,,KusundaGM-58_theflea-1,bul.ʦʰum,bul.ʦʰum,b u l + tsʰ u m,ingested,released CLDF lexeme,Kusunda,the flea,noun,"aaley-bodt2020kusunda[concept 58, speaker Gyani Maiya Sen Kusunda, upstream KusundaGM-58_theflea-1]",KusundaGM-58_theflea-1,,not-sampled
58:KusundaK,58,the flea,232,KusundaK,speaker,Kamala Khatri (Sen Kusunda),bul.ʦʰum,,KusundaK-58_theflea-1,bul.ʦʰum,bul.ʦʰum,b u l + tsʰ u m,ingested,released CLDF lexeme,Kusunda,the flea,noun,"aaley-bodt2020kusunda[concept 58, speaker Kamala Khatri (Sen Kusunda), upstream KusundaK-58_theflea-1]",KusundaK-58_theflea-1,,not-sampled
59:ProtoKusunda,59,to float,,ProtoKusunda,reconstruction,,∅,concept does not exist?,,,,,skipped,source marks no installable form,,,,,,missing-form;source-uncertainty,not-sampled
59:KusundaGM,59,to float,,KusundaGM,speaker,Gyani Maiya Sen Kusunda,∅,,,,,,skipped,source marks no installable form,,,,,,missing-form,not-sampled
59:KusundaK,59,to float,,KusundaK,speaker,Kamala Khatri (Sen Kusunda),∅,,,,,,skipped,source marks no installable form,,,,,,missing-form,not-sampled
60:ProtoKusunda,60,to flow,2003,ProtoKusunda,reconstruction,,∅,noun + verb compound WATER + GO,,,,,skipped,source marks no installable form,,,,,,missing-form,not-sampled
60:KusundaGM,60,to flow,2003,KusundaGM,speaker,Gyani Maiya Sen Kusunda,∅,,,,,,skipped,source marks no installable form,,,,,,missing-form,not-sampled
60:KusundaK,60,to flow,2003,KusundaK,speaker,Kamala Khatri (Sen Kusunda),t̪aŋ d̪aː,"WATER + GO, MOVE",KusundaK-60_toflow-1,t̪aŋ d̪aː,t̪aŋ d̪aː,t̪ a ŋ + d̪ aː,ingested,released CLDF lexeme,Kusunda,to flow,verb,"aaley-bodt2020kusunda[concept 60, speaker Kamala Khatri (Sen Kusunda), upstream KusundaK-60_toflow-1]",KusundaK-60_toflow-1,,not-sampled
61:ProtoKusunda,61,the flower,239,ProtoKusunda,reconstruction,,ge.pan,,ProtoKusunda-61_theflower-1,ge.pan,ge.pan,g e + p a n,ingested,released CLDF lexeme,Kusunda,the flower,noun,"aaley-bodt2020kusunda[concept 61, ground-form reconstruction, upstream ProtoKusunda-61_theflower-1]",ProtoKusunda-61_theflower-1,,not-sampled
61:KusundaGM,61,the flower,239,KusundaGM,speaker,Gyani Maiya Sen Kusunda,geː.paːn,,KusundaGM-61_theflower-1,geː.paːn,geː.paːn,g eː + p aː n,ingested,released CLDF lexeme,Kusunda,the flower,noun,"aaley-bodt2020kusunda[concept 61, speaker Gyani Maiya Sen Kusunda, upstream KusundaGM-61_theflower-1]",KusundaGM-61_theflower-1,,not-sampled
61:KusundaK,61,the flower,239,KusundaK,speaker,Kamala Khatri (Sen Kusunda),geː.pa̰ːn,,KusundaK-61_theflower-1,geː.pa̰ːn,geː.pa̰ːn,g eː + p a̰ː n,ingested,released CLDF lexeme,Kusunda,the flower,noun,"aaley-bodt2020kusunda[concept 61, speaker Kamala Khatri (Sen Kusunda), upstream KusundaK-61_theflower-1]",KusundaK-61_theflower-1,,not-sampled
62:ProtoKusunda,62,to fly (move through air),1441,ProtoKusunda,reconstruction,,hu,,ProtoKusunda-62_toflymovethroughair-1,hu,hu,h u,ingested,released CLDF lexeme,Kusunda,to fly (move through air),verb,"aaley-bodt2020kusunda[concept 62, ground-form reconstruction, upstream ProtoKusunda-62_toflymovethroughair-1]",ProtoKusunda-62_toflymovethroughair-1,,not-sampled
62:KusundaGM,62,to fly (move through air),1441,KusundaGM,speaker,Gyani Maiya Sen Kusunda,huː.t̪ɔː,huːʤiː,KusundaGM-62_toflymovethroughair-1,huː.t̪ɔː,huː.t̪ɔː,h uː + t̪ ɔː,ingested,released CLDF lexeme,Kusunda,to fly (move through air),verb,"aaley-bodt2020kusunda[concept 62, speaker Gyani Maiya Sen Kusunda, upstream KusundaGM-62_toflymovethroughair-1]",KusundaGM-62_toflymovethroughair-1,,not-sampled
62:KusundaK,62,to fly (move through air),1441,KusundaK,speaker,Kamala Khatri (Sen Kusunda),huː.t̪ɔ,huːʤiː; huː ɐ.gɔː,KusundaK-62_toflymovethroughair-1,huː.t̪ɔ,huː.t̪ɔ,h uː + t̪ ɔ,ingested,released CLDF lexeme,Kusunda,to fly (move through air),verb,"aaley-bodt2020kusunda[concept 62, speaker Kamala Khatri (Sen Kusunda), upstream KusundaK-62_toflymovethroughair-1]",KusundaK-62_toflymovethroughair-1,,not-sampled
63:ProtoKusunda,63,the fog,,ProtoKusunda,reconstruction,,∅,concept does not exist?,,,,,skipped,source marks no installable form,,,,,,missing-form;source-uncertainty,not-sampled
63:KusundaGM,63,the fog,,KusundaGM,speaker,Gyani Maiya Sen Kusunda,∅,pãɴ.ji?,,,,,skipped,source marks no installable form,,,,,,missing-form,not-sampled
63:KusundaK,63,the fog,,KusundaK,speaker,Kamala Khatri (Sen Kusunda),∅,,,,,,skipped,source marks no installable form,,,,,,missing-form,not-sampled
64:ProtoKusunda,64,the foot,1301,ProtoKusunda,reconstruction,,jen,#NAME?,ProtoKusunda-64_thefoot-1,jen,jen,j e n,ingested,released CLDF lexeme,Kusunda,the foot,noun uncertain,"aaley-bodt2020kusunda[concept 64, ground-form reconstruction, upstream ProtoKusunda-64_thefoot-1]",ProtoKusunda-64_thefoot-1,upstream-spreadsheet-error-in-comment,not-sampled
64:KusundaGM,64,the foot,1301,KusundaGM,speaker,Gyani Maiya Sen Kusunda,jɛn,jɛn LEG = FOOT; a.tɐŋ = ‘footprint’,KusundaGM-64_thefoot-1,jɛn,jɛn,j ɛ n,ingested,released CLDF lexeme,Kusunda,the foot,noun,"aaley-bodt2020kusunda[concept 64, speaker Gyani Maiya Sen Kusunda, upstream KusundaGM-64_thefoot-1]",KusundaGM-64_thefoot-1,,not-sampled
64:KusundaK,64,the foot,1301,KusundaK,speaker,Kamala Khatri (Sen Kusunda),jɛn,~ ə.jɛːn,KusundaK-64_thefoot-1,jɛn,jɛn,j ɛ n,ingested,released CLDF lexeme,Kusunda,the foot,noun,"aaley-bodt2020kusunda[concept 64, speaker Kamala Khatri (Sen Kusunda), upstream KusundaK-64_thefoot-1]",KusundaK-64_thefoot-1,,verified-no-material-error
65:ProtoKusunda,65,the forest,420,ProtoKusunda,reconstruction,,gi.lɐŋ,,ProtoKusunda-65_theforest-1,gi.lɐŋ,gi.lɐŋ,g i + l ɐ ŋ,ingested,released CLDF lexeme,Kusunda,the forest,noun,"aaley-bodt2020kusunda[concept 65, ground-form reconstruction, upstream ProtoKusunda-65_theforest-1]",ProtoKusunda-65_theforest-1,,not-sampled
65:KusundaGM,65,the forest,420,KusundaGM,speaker,Gyani Maiya Sen Kusunda,gi.lɐŋ,,KusundaGM-65_theforest-1,gi.lɐŋ,gi.lɐŋ,g i + l ɐ ŋ,ingested,released CLDF lexeme,Kusunda,the forest,noun,"aaley-bodt2020kusunda[concept 65, speaker Gyani Maiya Sen Kusunda, upstream KusundaGM-65_theforest-1]",KusundaGM-65_theforest-1,,not-sampled
65:KusundaK,65,the forest,420,KusundaK,speaker,Kamala Khatri (Sen Kusunda),gi.lɐŋ,,KusundaK-65_theforest-1,gi.lɐŋ,gi.lɐŋ,g i + l ɐ ŋ,ingested,released CLDF lexeme,Kusunda,the forest,noun,"aaley-bodt2020kusunda[concept 65, speaker Kamala Khatri (Sen Kusunda), upstream KusundaK-65_theforest-1]",KusundaK-65_theforest-1,,not-sampled
66:ProtoKusunda,66,to forget,1523,ProtoKusunda,reconstruction,,mi,,ProtoKusunda-66_toforget-1,mi,mi,m i,ingested,released CLDF lexeme,Kusunda,to forget,verb,"aaley-bodt2020kusunda[concept 66, ground-form reconstruction, upstream ProtoKusunda-66_toforget-1]",ProtoKusunda-66_toforget-1,,not-sampled
66:KusundaGM,66,to forget,1523,KusundaGM,speaker,Gyani Maiya Sen Kusunda,mi aː.gɔː,,KusundaGM-66_toforget-1,mi aː.gɔː,mi aː.gɔː,m i + aː + g ɔː,ingested,released CLDF lexeme,Kusunda,to forget,verb,"aaley-bodt2020kusunda[concept 66, speaker Gyani Maiya Sen Kusunda, upstream KusundaGM-66_toforget-1]",KusundaGM-66_toforget-1,,not-sampled
66:KusundaK,66,to forget,1523,KusundaK,speaker,Kamala Khatri (Sen Kusunda),miː ɐ.gɔː,miː.i.t̪ɔ,KusundaK-66_toforget-1,miː ɐ.gɔː,miː ɐ.gɔː,m iː + ɐ + g ɔː,ingested,released CLDF lexeme,Kusunda,to forget,verb,"aaley-bodt2020kusunda[concept 66, speaker Kamala Khatri (Sen Kusunda), upstream KusundaK-66_toforget-1]",KusundaK-66_toforget-1,,not-sampled
67:ProtoKusunda,67,four,1500,ProtoKusunda,reconstruction,,pi.gu,,ProtoKusunda-67_four-1,pi.gu,pi.gu,p i + g u,ingested,released CLDF lexeme,Kusunda,four,num,"aaley-bodt2020kusunda[concept 67, ground-form reconstruction, upstream ProtoKusunda-67_four-1]",ProtoKusunda-67_four-1,,not-sampled
67:KusundaGM,67,four,1500,KusundaGM,speaker,Gyani Maiya Sen Kusunda,piː.guː,,KusundaGM-67_four-1,piː.guː,piː.guː,p iː + g uː,ingested,released CLDF lexeme,Kusunda,four,num,"aaley-bodt2020kusunda[concept 67, speaker Gyani Maiya Sen Kusunda, upstream KusundaGM-67_four-1]",KusundaGM-67_four-1,,not-sampled
67:KusundaK,67,four,1500,KusundaK,speaker,Kamala Khatri (Sen Kusunda),piː.guː,~ piː.gɔː,KusundaK-67_four-1,piː.guː,piː.guː,p iː + g uː,ingested,released CLDF lexeme,Kusunda,four,num,"aaley-bodt2020kusunda[concept 67, speaker Kamala Khatri (Sen Kusunda), upstream KusundaK-67_four-1]",KusundaK-67_four-1,,not-sampled
68:ProtoKusunda,68,the fox,1312,ProtoKusunda,reconstruction,,qa.wəj,"act. any kind of wild dog, incl. dhole, wild dog, jackal",ProtoKusunda-68_thefox-1,qa.wəj,qa.wəj,q a + w ə j,ingested,released CLDF lexeme,Kusunda,the fox,noun,"aaley-bodt2020kusunda[concept 68, ground-form reconstruction, upstream ProtoKusunda-68_thefox-1]",ProtoKusunda-68_thefox-1,,not-sampled
68:KusundaGM,68,the fox,1312,KusundaGM,speaker,Gyani Maiya Sen Kusunda,qaː.wəj,,KusundaGM-68_thefox-1,qaː.wəj,qaː.wəj,q aː + w ə j,ingested,released CLDF lexeme,Kusunda,the fox,noun,"aaley-bodt2020kusunda[concept 68, speaker Gyani Maiya Sen Kusunda, upstream KusundaGM-68_thefox-1]",KusundaGM-68_thefox-1,,not-sampled
68:KusundaK,68,the fox,1312,KusundaK,speaker,Kamala Khatri (Sen Kusunda),qaː.wəj,"‘any wild dog, jackal, dhole’",KusundaK-68_thefox-1,qaː.wəj,qaː.wəj,q aː + w ə j,ingested,released CLDF lexeme,Kusunda,the fox,noun,"aaley-bodt2020kusunda[concept 68, speaker Kamala Khatri (Sen Kusunda), upstream KusundaK-68_thefox-1]",KusundaK-68_thefox-1,,not-sampled
69:ProtoKusunda,69,the frog,503,ProtoKusunda,reconstruction,,bɐm.lu,,ProtoKusunda-69_thefrog-1,bɐm.lu,bɐm.lu,b ɐ m + l u,ingested,released CLDF lexeme,Kusunda,the frog,noun,"aaley-bodt2020kusunda[concept 69, ground-form reconstruction, upstream ProtoKusunda-69_thefrog-1]",ProtoKusunda-69_thefrog-1,,not-sampled
69:KusundaGM,69,the frog,503,KusundaGM,speaker,Gyani Maiya Sen Kusunda,bɐm.luː,,KusundaGM-69_thefrog-1,bɐm.luː,bɐm.luː,b ɐ m + l uː,ingested,released CLDF lexeme,Kusunda,the frog,noun,"aaley-bodt2020kusunda[concept 69, speaker Gyani Maiya Sen Kusunda, upstream KusundaGM-69_thefrog-1]",KusundaGM-69_thefrog-1,,not-sampled
69:KusundaK,69,the frog,503,KusundaK,speaker,Kamala Khatri (Sen Kusunda),bɐm.luː,~ bɐm.lɔː,KusundaK-69_thefrog-1,bɐm.luː,bɐm.luː,b ɐ m + l uː,ingested,released CLDF lexeme,Kusunda,the frog,noun,"aaley-bodt2020kusunda[concept 69, speaker Kamala Khatri (Sen Kusunda), upstream KusundaK-69_thefrog-1]",KusundaK-69_thefrog-1,,not-sampled
70:ProtoKusunda,70,the front (front side),2194,ProtoKusunda,reconstruction,,pin.da,,ProtoKusunda-70_thefrontfrontside-1,pin.da,pin.da,p i n + d a,ingested,released CLDF lexeme,Kusunda,the front (front side),noun,"aaley-bodt2020kusunda[concept 70, ground-form reconstruction, upstream ProtoKusunda-70_thefrontfrontside-1]",ProtoKusunda-70_thefrontfrontside-1,,not-sampled
70:KusundaGM,70,the front (front side),2194,KusundaGM,speaker,Gyani Maiya Sen Kusunda,pin.d̪aː,,KusundaGM-70_thefrontfrontside-1,pin.d̪aː,pin.d̪aː,p i n + d̪ aː,ingested,released CLDF lexeme,Kusunda,the front (front side),noun,"aaley-bodt2020kusunda[concept 70, speaker Gyani Maiya Sen Kusunda, upstream KusundaGM-70_thefrontfrontside-1]",KusundaGM-70_thefrontfrontside-1,,not-sampled
70:KusundaK,70,the front (front side),2194,KusundaK,speaker,Kamala Khatri (Sen Kusunda),pin.d̪aː,,KusundaK-70_thefrontfrontside-1,pin.d̪aː,pin.d̪aː,p i n + d̪ aː,ingested,released CLDF lexeme,Kusunda,the front (front side),noun,"aaley-bodt2020kusunda[concept 70, speaker Kamala Khatri (Sen Kusunda), upstream KusundaK-70_thefrontfrontside-1]",KusundaK-70_thefrontfrontside-1,,not-sampled
71:ProtoKusunda,71,the frost,2034,ProtoKusunda,reconstruction,,jaq,#ERROR!,ProtoKusunda-71_thefrost-1,jaq,jaq,j a q,ingested,released CLDF lexeme,Kusunda,the frost,noun uncertain,"aaley-bodt2020kusunda[concept 71, ground-form reconstruction, upstream ProtoKusunda-71_thefrost-1]",ProtoKusunda-71_thefrost-1,upstream-spreadsheet-error-in-comment,not-sampled
71:KusundaGM,71,the frost,2034,KusundaGM,speaker,Gyani Maiya Sen Kusunda,jaːq,#ERROR!,KusundaGM-71_thefrost-1,jaːq,jaːq,j aː q,ingested,released CLDF lexeme,Kusunda,the frost,noun uncertain,"aaley-bodt2020kusunda[concept 71, speaker Gyani Maiya Sen Kusunda, upstream KusundaGM-71_thefrost-1]",KusundaGM-71_thefrost-1,upstream-spreadsheet-error-in-comment,not-sampled
71:KusundaK,71,the frost,2034,KusundaK,speaker,Kamala Khatri (Sen Kusunda),∅,,,,,,skipped,source marks no installable form,,,,,,missing-form,not-sampled
72:ProtoKusunda,72,the fruit,1507,ProtoKusunda,reconstruction,,ʣoŋ.ʣɐŋ,,ProtoKusunda-72_thefruit-1,ʣoŋ.ʣɐŋ,ʣoŋ.ʣɐŋ,dz o ŋ + dz ɐ ŋ,ingested,released CLDF lexeme,Kusunda,the fruit,noun,"aaley-bodt2020kusunda[concept 72, ground-form reconstruction, upstream ProtoKusunda-72_thefruit-1]",ProtoKusunda-72_thefruit-1,,not-sampled
72:KusundaGM,72,the fruit,1507,KusundaGM,speaker,Gyani Maiya Sen Kusunda,ʣɔŋ.ʣɐŋ,KGG_030819_D1,KusundaGM-72_thefruit-1,ʣɔŋ.ʣɐŋ,ʣɔŋ.ʣɐŋ,dz ɔ ŋ + dz ɐ ŋ,ingested,released CLDF lexeme,Kusunda,the fruit,noun,"aaley-bodt2020kusunda[concept 72, speaker Gyani Maiya Sen Kusunda, upstream KusundaGM-72_thefruit-1]",KusundaGM-72_thefruit-1,,not-sampled
72:KusundaK,72,the fruit,1507,KusundaK,speaker,Kamala Khatri (Sen Kusunda),ʤuŋ.ʤɐŋ,#ERROR!,KusundaK-72_thefruit-1,ʤuŋ.ʤɐŋ,ʤuŋ.ʤɐŋ,dʒ u ŋ + dʒ ɐ ŋ,ingested,released CLDF lexeme,Kusunda,the fruit,noun uncertain,"aaley-bodt2020kusunda[concept 72, speaker Kamala Khatri (Sen Kusunda), upstream KusundaK-72_thefruit-1]",KusundaK-72_thefruit-1,upstream-spreadsheet-error-in-comment,not-sampled
73:ProtoKusunda,73,full,1429,ProtoKusunda,reconstruction,,pʰi.ru.t̪.n,,ProtoKusunda-73_full-1,pʰi.ru.t̪.n,pʰi.ru.t̪.n,pʰ i + r u + t̪ + n,ingested,released CLDF lexeme,Kusunda,full,,"aaley-bodt2020kusunda[concept 73, ground-form reconstruction, upstream ProtoKusunda-73_full-1]",ProtoKusunda-73_full-1,,not-sampled
73:KusundaGM,73,full,1429,KusundaGM,speaker,Gyani Maiya Sen Kusunda,pʰi.ru.t̪ən,,KusundaGM-73_full-1,pʰi.ru.t̪ən,pʰi.ru.t̪ən,pʰ i + r u + t̪ ə n,ingested,released CLDF lexeme,Kusunda,full,,"aaley-bodt2020kusunda[concept 73, speaker Gyani Maiya Sen Kusunda, upstream KusundaGM-73_full-1]",KusundaGM-73_full-1,,not-sampled
73:KusundaK,73,full,1429,KusundaK,speaker,Kamala Khatri (Sen Kusunda),pʰi.ru.t̪.n,~ pʰi.run,KusundaK-73_full-1,pʰi.ru.t̪.n,pʰi.ru.t̪.n,pʰ i + r u + t̪ + n,ingested,released CLDF lexeme,Kusunda,full,,"aaley-bodt2020kusunda[concept 73, speaker Kamala Khatri (Sen Kusunda), upstream KusundaK-73_full-1]",KusundaK-73_full-1,,not-sampled
74:ProtoKusunda,74,to give,1447,ProtoKusunda,reconstruction,,e,,ProtoKusunda-74_togive-1,e,e,e,ingested,released CLDF lexeme,Kusunda,to give,verb,"aaley-bodt2020kusunda[concept 74, ground-form reconstruction, upstream ProtoKusunda-74_togive-1]",ProtoKusunda-74_togive-1,,not-sampled
74:KusundaGM,74,to give,1447,KusundaGM,speaker,Gyani Maiya Sen Kusunda,eː.gɔː,,KusundaGM-74_togive-1,eː.gɔː,eː.gɔː,eː + g ɔː,ingested,released CLDF lexeme,Kusunda,to give,verb,"aaley-bodt2020kusunda[concept 74, speaker Gyani Maiya Sen Kusunda, upstream KusundaGM-74_togive-1]",KusundaGM-74_togive-1,,not-sampled
74:KusundaK,74,to give,1447,KusundaK,speaker,Kamala Khatri (Sen Kusunda),eː.guː,~ jeː.gu,KusundaK-74_togive-1,eː.guː,eː.guː,eː + g uː,ingested,released CLDF lexeme,Kusunda,to give,verb,"aaley-bodt2020kusunda[concept 74, speaker Kamala Khatri (Sen Kusunda), upstream KusundaK-74_togive-1]",KusundaK-74_togive-1,,not-sampled
75:ProtoKusunda,75,the goat,1502,ProtoKusunda,reconstruction,,ɐj.ʣi.ki,also ‘goral’,ProtoKusunda-75_thegoat-1,ɐj.ʣi.ki,ɐj.ʣi.ki,ɐ j + dz i + k i,ingested,released CLDF lexeme,Kusunda,the goat,noun,"aaley-bodt2020kusunda[concept 75, ground-form reconstruction, upstream ProtoKusunda-75_thegoat-1]",ProtoKusunda-75_thegoat-1,,not-sampled
75:KusundaGM,75,the goat,1502,KusundaGM,speaker,Gyani Maiya Sen Kusunda,ɐ.ʣi.kiː,,KusundaGM-75_thegoat-1,ɐ.ʣi.kiː,ɐ.ʣi.kiː,ɐ + dz i + k iː,ingested,released CLDF lexeme,Kusunda,the goat,noun,"aaley-bodt2020kusunda[concept 75, speaker Gyani Maiya Sen Kusunda, upstream KusundaGM-75_thegoat-1]",KusundaGM-75_thegoat-1,,not-sampled
75:KusundaK,75,the goat,1502,KusundaK,speaker,Kamala Khatri (Sen Kusunda),ɐj.ʤi.giː,also ‘goral’,KusundaK-75_thegoat-1,ɐj.ʤi.giː,ɐj.ʤi.giː,ɐ j + dʒ i + g iː,ingested,released CLDF lexeme,Kusunda,the goat,noun,"aaley-bodt2020kusunda[concept 75, speaker Kamala Khatri (Sen Kusunda), upstream KusundaK-75_thegoat-1]",KusundaK-75_thegoat-1,,not-sampled
76:ProtoKusunda,76,good,1035,ProtoKusunda,reconstruction,,wen,,ProtoKusunda-76_good-1,wen,wen,w e n,ingested,released CLDF lexeme,Kusunda,good,,"aaley-bodt2020kusunda[concept 76, ground-form reconstruction, upstream ProtoKusunda-76_good-1]",ProtoKusunda-76_good-1,,not-sampled
76:KusundaGM,76,good,1035,KusundaGM,speaker,Gyani Maiya Sen Kusunda,wɛːn,,KusundaGM-76_good-1,wɛːn,wɛːn,w ɛː n,ingested,released CLDF lexeme,Kusunda,good,,"aaley-bodt2020kusunda[concept 76, speaker Gyani Maiya Sen Kusunda, upstream KusundaGM-76_good-1]",KusundaGM-76_good-1,,not-sampled
76:KusundaK,76,good,1035,KusundaK,speaker,Kamala Khatri (Sen Kusunda),wɛːn,~ wə.jɛn ~ ɔː.wɛn,KusundaK-76_good-1,wɛːn,wɛːn,w ɛː n,ingested,released CLDF lexeme,Kusunda,good,,"aaley-bodt2020kusunda[concept 76, speaker Kamala Khatri (Sen Kusunda), upstream KusundaK-76_good-1]",KusundaK-76_good-1,,not-sampled
77:ProtoKusunda,77,the grass,606,ProtoKusunda,reconstruction,,∅,"concept does not exist, either NEP loan or word derived from Gorkha vocabulary",,,,,skipped,source marks no installable form,,,,,,missing-form;source-uncertainty,not-sampled
77:KusundaGM,77,the grass,606,KusundaGM,speaker,Gyani Maiya Sen Kusunda,gaː.zi,"but told by Uday, from Gorkha < NEPघाँसghāms ‘grass’ (u.ʧi = thatch)",KusundaGM-77_thegrass-1,gaː.zi,gaː.zi,g aː + z i,ingested,released CLDF lexeme,Kusunda,the grass,noun uncertain,"aaley-bodt2020kusunda[concept 77, speaker Gyani Maiya Sen Kusunda, upstream KusundaGM-77_thegrass-1]",KusundaGM-77_thegrass-1,source-uncertainty,not-sampled
77:KusundaK,77,the grass,606,KusundaK,speaker,Kamala Khatri (Sen Kusunda),gʰãːs,< NEPघाँसghāms ‘grass’,KusundaK-77_thegrass-1,gʰãːs,gʰãːs,gʰ ãː s,ingested,released CLDF lexeme,Kusunda,the grass,noun loanword loan:Nepali,"aaley-bodt2020kusunda[concept 77, speaker Kamala Khatri (Sen Kusunda), upstream KusundaK-77_thegrass-1]",KusundaK-77_thegrass-1,,not-sampled
78:ProtoKusunda,78,green,1425,ProtoKusunda,reconstruction,,hɐ.rə.gun,< NEPहरियोhariyō ‘green’,ProtoKusunda-78_green-1,hɐ.rə.gun,hɐ.rə.gun,h ɐ + r ə + g u n,ingested,released CLDF lexeme,Kusunda,green,loanword loan:Nepali,"aaley-bodt2020kusunda[concept 78, ground-form reconstruction, upstream ProtoKusunda-78_green-1]",ProtoKusunda-78_green-1,,not-sampled
78:KusundaGM,78,green,1425,KusundaGM,speaker,Gyani Maiya Sen Kusunda,hɐ.rə.gun,< NEPहरियोhariyō ‘green’,KusundaGM-78_green-1,hɐ.rə.gun,hɐ.rə.gun,h ɐ + r ə + g u n,ingested,released CLDF lexeme,Kusunda,green,loanword loan:Nepali,"aaley-bodt2020kusunda[concept 78, speaker Gyani Maiya Sen Kusunda, upstream KusundaGM-78_green-1]",KusundaGM-78_green-1,,not-sampled
78:KusundaK,78,green,1425,KusundaK,speaker,Kamala Khatri (Sen Kusunda),hɐ.rə.gun,~ hɐ.ru.gun ~ hɔ.ri.jɔː < NEPहरियोhariyō ‘green’,KusundaK-78_green-1,hɐ.rə.gun,hɐ.rə.gun,h ɐ + r ə + g u n,ingested,released CLDF lexeme,Kusunda,green,,"aaley-bodt2020kusunda[concept 78, speaker Kamala Khatri (Sen Kusunda), upstream KusundaK-78_green-1]",KusundaK-78_green-1,,not-sampled
79:ProtoKusunda,79,the hail,609,ProtoKusunda,reconstruction,,jaq,#ERROR!,ProtoKusunda-79_thehail-1,jaq,jaq,j a q,ingested,released CLDF lexeme,Kusunda,the hail,noun uncertain,"aaley-bodt2020kusunda[concept 79, ground-form reconstruction, upstream ProtoKusunda-79_thehail-1]",ProtoKusunda-79_thehail-1,upstream-spreadsheet-error-in-comment,not-sampled
79:KusundaGM,79,the hail,609,KusundaGM,speaker,Gyani Maiya Sen Kusunda,jaːq,#ERROR!,KusundaGM-79_thehail-1,jaːq,jaːq,j aː q,ingested,released CLDF lexeme,Kusunda,the hail,noun uncertain,"aaley-bodt2020kusunda[concept 79, speaker Gyani Maiya Sen Kusunda, upstream KusundaGM-79_thehail-1]",KusundaGM-79_thehail-1,upstream-spreadsheet-error-in-comment,not-sampled
79:KusundaK,79,the hail,609,KusundaK,speaker,Kamala Khatri (Sen Kusunda),jaːq,#ERROR!,KusundaK-79_thehail-1,jaːq,jaːq,j aː q,ingested,released CLDF lexeme,Kusunda,the hail,noun uncertain,"aaley-bodt2020kusunda[concept 79, speaker Kamala Khatri (Sen Kusunda), upstream KusundaK-79_thehail-1]",KusundaK-79_thehail-1,upstream-spreadsheet-error-in-comment,not-sampled
80:ProtoKusunda,80,the hair (of the head),1040,ProtoKusunda,reconstruction,,i.pi gi,#NAME?,ProtoKusunda-80_thehairofthehead-1,i.pi gi,i.pi gi,i + p i + g i,ingested,released CLDF lexeme,Kusunda,the hair (of the head),noun uncertain,"aaley-bodt2020kusunda[concept 80, ground-form reconstruction, upstream ProtoKusunda-80_thehairofthehead-1]",ProtoKusunda-80_thehairofthehead-1,upstream-spreadsheet-error-in-comment,not-sampled
80:KusundaGM,80,the hair (of the head),1040,KusundaGM,speaker,Gyani Maiya Sen Kusunda,i.pi giː,HEAD + HAIR,KusundaGM-80_thehairofthehead-1,i.pi giː,i.pi giː,i + p i + g iː,ingested,released CLDF lexeme,Kusunda,the hair (of the head),noun,"aaley-bodt2020kusunda[concept 80, speaker Gyani Maiya Sen Kusunda, upstream KusundaGM-80_thehairofthehead-1]",KusundaGM-80_thehairofthehead-1,,not-sampled
80:KusundaK,80,the hair (of the head),1040,KusundaK,speaker,Kamala Khatri (Sen Kusunda),i.pi giː,lit. HEAD + HAIR,KusundaK-80_thehairofthehead-1,i.pi giː,i.pi giː,i + p i + g iː,ingested,released CLDF lexeme,Kusunda,the hair (of the head),noun,"aaley-bodt2020kusunda[concept 80, speaker Kamala Khatri (Sen Kusunda), upstream KusundaK-80_thehairofthehead-1]",KusundaK-80_thehairofthehead-1,,not-sampled
81:ProtoKusunda,81,the hand,1277,ProtoKusunda,reconstruction,,a.wəj,,ProtoKusunda-81_thehand-1,a.wəj,a.wəj,a + w ə j,ingested,released CLDF lexeme,Kusunda,the hand,noun,"aaley-bodt2020kusunda[concept 81, ground-form reconstruction, upstream ProtoKusunda-81_thehand-1]",ProtoKusunda-81_thehand-1,,not-sampled
81:KusundaGM,81,the hand,1277,KusundaGM,speaker,Gyani Maiya Sen Kusunda,aː.wəj,,KusundaGM-81_thehand-1,aː.wəj,aː.wəj,aː + w ə j,ingested,released CLDF lexeme,Kusunda,the hand,noun,"aaley-bodt2020kusunda[concept 81, speaker Gyani Maiya Sen Kusunda, upstream KusundaGM-81_thehand-1]",KusundaGM-81_thehand-1,,not-sampled
81:KusundaK,81,the hand,1277,KusundaK,speaker,Kamala Khatri (Sen Kusunda),aː.wəj,~ a.əj ~ ɐj (lower arm),KusundaK-81_thehand-1,aː.wəj,aː.wəj,aː + w ə j,ingested,released CLDF lexeme,Kusunda,the hand,noun,"aaley-bodt2020kusunda[concept 81, speaker Kamala Khatri (Sen Kusunda), upstream KusundaK-81_thehand-1]",KusundaK-81_thehand-1,,not-sampled
82:ProtoKusunda,82,hard,1884,ProtoKusunda,reconstruction,,pɐ.sɔw,,ProtoKusunda-82_hard-1,pɐ.sɔw,pɐ.sɔw,p ɐ + s ɔ w,ingested,released CLDF lexeme,Kusunda,hard,,"aaley-bodt2020kusunda[concept 82, ground-form reconstruction, upstream ProtoKusunda-82_hard-1]",ProtoKusunda-82_hard-1,,not-sampled
82:KusundaGM,82,hard,1884,KusundaGM,speaker,Gyani Maiya Sen Kusunda,pɐ.sɔw,,KusundaGM-82_hard-1,pɐ.sɔw,pɐ.sɔw,p ɐ + s ɔ w,ingested,released CLDF lexeme,Kusunda,hard,,"aaley-bodt2020kusunda[concept 82, speaker Gyani Maiya Sen Kusunda, upstream KusundaGM-82_hard-1]",KusundaGM-82_hard-1,,not-sampled
82:KusundaK,82,hard,1884,KusundaK,speaker,Kamala Khatri (Sen Kusunda),pɐ.sɔw,,KusundaK-82_hard-1,pɐ.sɔw,pɐ.sɔw,p ɐ + s ɔ w,ingested,released CLDF lexeme,Kusunda,hard,,"aaley-bodt2020kusunda[concept 82, speaker Kamala Khatri (Sen Kusunda), upstream KusundaK-82_hard-1]",KusundaK-82_hard-1,,not-sampled
83:ProtoKusunda,83,he or she [third person singular],262,ProtoKusunda,reconstruction,,gi.na,#NAME?,ProtoKusunda-83_heorshethirdpersonsingular-1,gi.na,gi.na,g i + n a,ingested,released CLDF lexeme,Kusunda,he or she [third person singular],pron 3sg uncertain,"aaley-bodt2020kusunda[concept 83, ground-form reconstruction, upstream ProtoKusunda-83_heorshethirdpersonsingular-1]",ProtoKusunda-83_heorshethirdpersonsingular-1,upstream-spreadsheet-error-in-comment,not-sampled
83:KusundaGM,83,he or she [third person singular],262,KusundaGM,speaker,Gyani Maiya Sen Kusunda,gi.naː,(m / f) (NEP -ni),KusundaGM-83_heorshethirdpersonsingular-1,gi.naː,gi.naː,g i + n aː,ingested,released CLDF lexeme,Kusunda,he or she [third person singular],pron 3sg,"aaley-bodt2020kusunda[concept 83, speaker Gyani Maiya Sen Kusunda, upstream KusundaGM-83_heorshethirdpersonsingular-1]",KusundaGM-83_heorshethirdpersonsingular-1,,not-sampled
83:KusundaK,83,he or she [third person singular],262,KusundaK,speaker,Kamala Khatri (Sen Kusunda),gi.naː,,KusundaK-83_heorshethirdpersonsingular-1,gi.naː,gi.naː,g i + n aː,ingested,released CLDF lexeme,Kusunda,he or she [third person singular],pron 3sg,"aaley-bodt2020kusunda[concept 83, speaker Kamala Khatri (Sen Kusunda), upstream KusundaK-83_heorshethirdpersonsingular-1]",KusundaK-83_heorshethirdpersonsingular-1,,not-sampled
84:ProtoKusunda,84,the head,1256,ProtoKusunda,reconstruction,,i.pi,,ProtoKusunda-84_thehead-1,i.pi,i.pi,i + p i,ingested,released CLDF lexeme,Kusunda,the head,noun,"aaley-bodt2020kusunda[concept 84, ground-form reconstruction, upstream ProtoKusunda-84_thehead-1]",ProtoKusunda-84_thehead-1,,not-sampled
84:KusundaGM,84,the head,1256,KusundaGM,speaker,Gyani Maiya Sen Kusunda,i.piː,,KusundaGM-84_thehead-1,i.piː,i.piː,i + p iː,ingested,released CLDF lexeme,Kusunda,the head,noun,"aaley-bodt2020kusunda[concept 84, speaker Gyani Maiya Sen Kusunda, upstream KusundaGM-84_thehead-1]",KusundaGM-84_thehead-1,,not-sampled
84:KusundaK,84,the head,1256,KusundaK,speaker,Kamala Khatri (Sen Kusunda),i.piː,,KusundaK-84_thehead-1,i.piː,i.piː,i + p iː,ingested,released CLDF lexeme,Kusunda,the head,noun,"aaley-bodt2020kusunda[concept 84, speaker Kamala Khatri (Sen Kusunda), upstream KusundaK-84_thehead-1]",KusundaK-84_thehead-1,,not-sampled
85:ProtoKusunda,85,to hear,1408,ProtoKusunda,reconstruction,,mɐm.bə,,ProtoKusunda-85_tohear-1,mɐm.bə,mɐm.bə,m ɐ m + b ə,ingested,released CLDF lexeme,Kusunda,to hear,verb,"aaley-bodt2020kusunda[concept 85, ground-form reconstruction, upstream ProtoKusunda-85_tohear-1]",ProtoKusunda-85_tohear-1,,not-sampled
85:KusundaGM,85,to hear,1408,KusundaGM,speaker,Gyani Maiya Sen Kusunda,mɐm.bə aː.gɔː,~ maː.bɔː,KusundaGM-85_tohear-1,mɐm.bə aː.gɔː,mɐm.bə aː.gɔː,m ɐ m + b ə + aː + g ɔː,ingested,released CLDF lexeme,Kusunda,to hear,verb,"aaley-bodt2020kusunda[concept 85, speaker Gyani Maiya Sen Kusunda, upstream KusundaGM-85_tohear-1]",KusundaGM-85_tohear-1,,not-sampled
85:KusundaK,85,to hear,1408,KusundaK,speaker,Kamala Khatri (Sen Kusunda),mɐ.bɔː,likely contraction of mɐm.bə ɐ.gɔː,KusundaK-85_tohear-1,mɐ.bɔː,mɐ.bɔː,m ɐ + b ɔː,ingested,released CLDF lexeme,Kusunda,to hear,verb,"aaley-bodt2020kusunda[concept 85, speaker Kamala Khatri (Sen Kusunda), upstream KusundaK-85_tohear-1]",KusundaK-85_tohear-1,,not-sampled
86:ProtoKusunda,86,the heart,1223,ProtoKusunda,reconstruction,,gɔ.blɔk,,ProtoKusunda-86_theheart-1,gɔ.blɔk,gɔ.blɔk,g ɔ + b l ɔ k,ingested,released CLDF lexeme,Kusunda,the heart,noun,"aaley-bodt2020kusunda[concept 86, ground-form reconstruction, upstream ProtoKusunda-86_theheart-1]",ProtoKusunda-86_theheart-1,,not-sampled
86:KusundaGM,86,the heart,1223,KusundaGM,speaker,Gyani Maiya Sen Kusunda,gɔ.blɔk,~ gɔ.blʲɛχ (= LUNGS),KusundaGM-86_theheart-1,gɔ.blɔk,gɔ.blɔk,g ɔ + b l ɔ k,ingested,released CLDF lexeme,Kusunda,the heart,noun,"aaley-bodt2020kusunda[concept 86, speaker Gyani Maiya Sen Kusunda, upstream KusundaGM-86_theheart-1]",KusundaGM-86_theheart-1,,not-sampled
86:KusundaK,86,the heart,1223,KusundaK,speaker,Kamala Khatri (Sen Kusunda),gɔ.blɔk,,KusundaK-86_theheart-1,gɔ.blɔk,gɔ.blɔk,g ɔ + b l ɔ k,ingested,released CLDF lexeme,Kusunda,the heart,noun,"aaley-bodt2020kusunda[concept 86, speaker Kamala Khatri (Sen Kusunda), upstream KusundaK-86_theheart-1]",KusundaK-86_theheart-1,,not-sampled
87:ProtoKusunda,87,heavy,1210,ProtoKusunda,reconstruction,,liŋ.wa,,ProtoKusunda-87_heavy-1,liŋ.wa,liŋ.wa,l i ŋ + w a,ingested,released CLDF lexeme,Kusunda,heavy,,"aaley-bodt2020kusunda[concept 87, ground-form reconstruction, upstream ProtoKusunda-87_heavy-1]",ProtoKusunda-87_heavy-1,,not-sampled
87:KusundaGM,87,heavy,1210,KusundaGM,speaker,Gyani Maiya Sen Kusunda,liŋ.waː,,KusundaGM-87_heavy-1,liŋ.waː,liŋ.waː,l i ŋ + w aː,ingested,released CLDF lexeme,Kusunda,heavy,,"aaley-bodt2020kusunda[concept 87, speaker Gyani Maiya Sen Kusunda, upstream KusundaGM-87_heavy-1]",KusundaGM-87_heavy-1,,not-sampled
87:KusundaK,87,heavy,1210,KusundaK,speaker,Kamala Khatri (Sen Kusunda),liŋ.waː,,KusundaK-87_heavy-1,liŋ.waː,liŋ.waː,l i ŋ + w aː,ingested,released CLDF lexeme,Kusunda,heavy,,"aaley-bodt2020kusunda[concept 87, speaker Kamala Khatri (Sen Kusunda), upstream KusundaK-87_heavy-1]",KusundaK-87_heavy-1,,not-sampled
88:ProtoKusunda,88,here,136,ProtoKusunda,reconstruction,,təj.sa,,ProtoKusunda-88_here-1,təj.sa,təj.sa,t ə j + s a,ingested,released CLDF lexeme,Kusunda,here,,"aaley-bodt2020kusunda[concept 88, ground-form reconstruction, upstream ProtoKusunda-88_here-1]",ProtoKusunda-88_here-1,,not-sampled
88:KusundaGM,88,here,136,KusundaGM,speaker,Gyani Maiya Sen Kusunda,t̪əj.saː,tɛj.sa,KusundaGM-88_here-1,t̪əj.saː,t̪əj.saː,t̪ ə j + s aː,ingested,released CLDF lexeme,Kusunda,here,,"aaley-bodt2020kusunda[concept 88, speaker Gyani Maiya Sen Kusunda, upstream KusundaGM-88_here-1]",KusundaGM-88_here-1,,not-sampled
88:KusundaK,88,here,136,KusundaK,speaker,Kamala Khatri (Sen Kusunda),t̪əj.saː,,KusundaK-88_here-1,t̪əj.saː,t̪əj.saː,t̪ ə j + s aː,ingested,released CLDF lexeme,Kusunda,here,,"aaley-bodt2020kusunda[concept 88, speaker Kamala Khatri (Sen Kusunda), upstream KusundaK-88_here-1]",KusundaK-88_here-1,,not-sampled
89:ProtoKusunda,89,to hide (conceal),602,ProtoKusunda,reconstruction,,hʲɔq,,ProtoKusunda-89_tohideconceal-1,hʲɔq,hʲɔq,hʲ ɔ q,ingested,released CLDF lexeme,Kusunda,to hide (conceal),verb,"aaley-bodt2020kusunda[concept 89, ground-form reconstruction, upstream ProtoKusunda-89_tohideconceal-1]",ProtoKusunda-89_tohideconceal-1,,not-sampled
89:KusundaGM,89,to hide (conceal),602,KusundaGM,speaker,Gyani Maiya Sen Kusunda,hʲɔk aː.goː,~ hʲɔχ.tɔː,KusundaGM-89_tohideconceal-1,hʲɔk aː.goː,hʲɔk aː.goː,hʲ ɔ k + aː + g oː,ingested,released CLDF lexeme,Kusunda,to hide (conceal),verb,"aaley-bodt2020kusunda[concept 89, speaker Gyani Maiya Sen Kusunda, upstream KusundaGM-89_tohideconceal-1]",KusundaGM-89_tohideconceal-1,,not-sampled
89:KusundaK,89,to hide (conceal),602,KusundaK,speaker,Kamala Khatri (Sen Kusunda),hʲɐq ɐ.gɔː,~ hʲɔq ɐ.gɔː,KusundaK-89_tohideconceal-1,hʲɐq ɐ.gɔː,hʲɐq ɐ.gɔː,hʲ ɐ q + ɐ + g ɔː,ingested,released CLDF lexeme,Kusunda,to hide (conceal),verb,"aaley-bodt2020kusunda[concept 89, speaker Kamala Khatri (Sen Kusunda), upstream KusundaK-89_tohideconceal-1]",KusundaK-89_tohideconceal-1,,not-sampled
90:ProtoKusunda,90,high / tall,1265,ProtoKusunda,reconstruction,,gʰop.ba,,ProtoKusunda-90_hightall-1,gʰop.ba,gʰop.ba,gʰ o p + b a,ingested,released CLDF lexeme,Kusunda,high / tall,,"aaley-bodt2020kusunda[concept 90, ground-form reconstruction, upstream ProtoKusunda-90_hightall-1]",ProtoKusunda-90_hightall-1,,not-sampled
90:KusundaGM,90,high / tall,1265,KusundaGM,speaker,Gyani Maiya Sen Kusunda,gʰɔχ.baː,< gʰɔq.baː,KusundaGM-90_hightall-1,gʰɔχ.baː,gʰɔχ.baː,gʰ ɔ χ + b aː,ingested,released CLDF lexeme,Kusunda,high / tall,,"aaley-bodt2020kusunda[concept 90, speaker Gyani Maiya Sen Kusunda, upstream KusundaGM-90_hightall-1]",KusundaGM-90_hightall-1,,not-sampled
90:KusundaK,90,high / tall,1265,KusundaK,speaker,Kamala Khatri (Sen Kusunda),gʰɔp.baː,rhyme -op thought to be original not -oq,KusundaK-90_hightall-1,gʰɔp.baː,gʰɔp.baː,gʰ ɔ p + b aː,ingested,released CLDF lexeme,Kusunda,high / tall,,"aaley-bodt2020kusunda[concept 90, speaker Kamala Khatri (Sen Kusunda), upstream KusundaK-90_hightall-1]",KusundaK-90_hightall-1,,not-sampled
91:ProtoKusunda,91,to hold,1448,ProtoKusunda,reconstruction,,siː,,ProtoKusunda-91_tohold-1,siː,siː,s iː,ingested,released CLDF lexeme,Kusunda,to hold,verb,"aaley-bodt2020kusunda[concept 91, ground-form reconstruction, upstream ProtoKusunda-91_tohold-1]",ProtoKusunda-91_tohold-1,,not-sampled
91:KusundaGM,91,to hold,1448,KusundaGM,speaker,Gyani Maiya Sen Kusunda,si aː.goː,,KusundaGM-91_tohold-1,si aː.goː,si aː.goː,s i + aː + g oː,ingested,released CLDF lexeme,Kusunda,to hold,verb,"aaley-bodt2020kusunda[concept 91, speaker Gyani Maiya Sen Kusunda, upstream KusundaGM-91_tohold-1]",KusundaGM-91_tohold-1,,not-sampled
91:KusundaK,91,to hold,1448,KusundaK,speaker,Kamala Khatri (Sen Kusunda),siː ɐ.gɔː,~ seː ɐ.gɔː ~ si.jɔ ɐ.gɔː,KusundaK-91_tohold-1,siː ɐ.gɔː,siː ɐ.gɔː,s iː + ɐ + g ɔː,ingested,released CLDF lexeme,Kusunda,to hold,verb,"aaley-bodt2020kusunda[concept 91, speaker Kamala Khatri (Sen Kusunda), upstream KusundaK-91_tohold-1]",KusundaK-91_tohold-1,,not-sampled
92:ProtoKusunda,92,the hoof,,ProtoKusunda,reconstruction,,∅,do not remember,,,,,skipped,source marks no installable form,,,,,,missing-form;source-uncertainty,not-sampled
92:KusundaGM,92,the hoof,,KusundaGM,speaker,Gyani Maiya Sen Kusunda,∅,,,,,,skipped,source marks no installable form,,,,,,missing-form,not-sampled
92:KusundaK,92,the hoof,,KusundaK,speaker,Kamala Khatri (Sen Kusunda),∅,,,,,,skipped,source marks no installable form,,,,,,missing-form,not-sampled
93:ProtoKusunda,93,horizontal,,ProtoKusunda,reconstruction,,∅,concept does not exist?,,,,,skipped,source marks no installable form,,,,,,missing-form;source-uncertainty,not-sampled
93:KusundaGM,93,horizontal,,KusundaGM,speaker,Gyani Maiya Sen Kusunda,∅,,,,,,skipped,source marks no installable form,,,,,,missing-form,not-sampled
93:KusundaK,93,horizontal,,KusundaK,speaker,Kamala Khatri (Sen Kusunda),∅,,,,,,skipped,source marks no installable form,,,,,,missing-form,not-sampled
94:ProtoKusunda,94,the horn (keratinized skin),1393,ProtoKusunda,reconstruction,,∅,do not remember,,,,,skipped,source marks no installable form,,,,,,missing-form;source-uncertainty,not-sampled
94:KusundaGM,94,the horn (keratinized skin),1393,KusundaGM,speaker,Gyani Maiya Sen Kusunda,i.pi gi.ʣəŋ,"newly coined word, HEAD + BODY",KusundaGM-94_thehornkeratinizedskin-1,i.pi gi.ʣəŋ,i.pi gi.ʣəŋ,i + p i + g i + dz ə ŋ,ingested,released CLDF lexeme,Kusunda,the horn (keratinized skin),noun uncertain,"aaley-bodt2020kusunda[concept 94, speaker Gyani Maiya Sen Kusunda, upstream KusundaGM-94_thehornkeratinizedskin-1]",KusundaGM-94_thehornkeratinizedskin-1,source-uncertainty,verified-no-material-error
94:KusundaK,94,the horn (keratinized skin),1393,KusundaK,speaker,Kamala Khatri (Sen Kusunda),∅,∅,,,,,skipped,source marks no installable form,,,,,,missing-form,not-sampled
95:ProtoKusunda,95,the horse,615,ProtoKusunda,reconstruction,,pʰek.sɐm,‘pack animal’,ProtoKusunda-95_thehorse-1,pʰek.sɐm,pʰek.sɐm,pʰ e k + s ɐ m,ingested,released CLDF lexeme,Kusunda,the horse,noun,"aaley-bodt2020kusunda[concept 95, ground-form reconstruction, upstream ProtoKusunda-95_thehorse-1]",ProtoKusunda-95_thehorse-1,,not-sampled
95:KusundaGM,95,the horse,615,KusundaGM,speaker,Gyani Maiya Sen Kusunda,pʰʲɛk.sɐm,,KusundaGM-95_thehorse-1,pʰʲɛk.sɐm,pʰʲɛk.sɐm,pʰʲ ɛ k + s ɐ m,ingested,released CLDF lexeme,Kusunda,the horse,noun,"aaley-bodt2020kusunda[concept 95, speaker Gyani Maiya Sen Kusunda, upstream KusundaGM-95_thehorse-1]",KusundaGM-95_thehorse-1,,not-sampled
95:KusundaK,95,the horse,615,KusundaK,speaker,Kamala Khatri (Sen Kusunda),pʰʲɛk.sɐm,any pack animal,KusundaK-95_thehorse-1,pʰʲɛk.sɐm,pʰʲɛk.sɐm,pʰʲ ɛ k + s ɐ m,ingested,released CLDF lexeme,Kusunda,the horse,noun,"aaley-bodt2020kusunda[concept 95, speaker Kamala Khatri (Sen Kusunda), upstream KusundaK-95_thehorse-1]",KusundaK-95_thehorse-1,,not-sampled
96:ProtoKusunda,96,hot,1286,ProtoKusunda,reconstruction,,gʰɐ.rɐw,< NEPगरमgāram ‘hot’,ProtoKusunda-96_hot-1,gʰɐ.rɐw,gʰɐ.rɐw,gʰ ɐ + r ɐ w,ingested,released CLDF lexeme,Kusunda,hot,loanword loan:Nepali,"aaley-bodt2020kusunda[concept 96, ground-form reconstruction, upstream ProtoKusunda-96_hot-1]",ProtoKusunda-96_hot-1,,not-sampled
96:KusundaGM,96,hot,1286,KusundaGM,speaker,Gyani Maiya Sen Kusunda,gɐ.rɐw,< NEPगरमgāram ‘hot’,KusundaGM-96_hot-1,gɐ.rɐw,gɐ.rɐw,g ɐ + r ɐ w,ingested,released CLDF lexeme,Kusunda,hot,loanword loan:Nepali,"aaley-bodt2020kusunda[concept 96, speaker Gyani Maiya Sen Kusunda, upstream KusundaGM-96_hot-1]",KusundaGM-96_hot-1,,not-sampled
96:KusundaK,96,hot,1286,KusundaK,speaker,Kamala Khatri (Sen Kusunda),gʰɐ.rɔw,"(of fire, water), < NEPगरमgāram ‘hot’ puːd̪ (of temperature, sun)",KusundaK-96_hot-1,gʰɐ.rɔw,gʰɐ.rɔw,gʰ ɐ + r ɔ w,ingested,released CLDF lexeme,Kusunda,hot,,"aaley-bodt2020kusunda[concept 96, speaker Kamala Khatri (Sen Kusunda), upstream KusundaK-96_hot-1]",KusundaK-96_hot-1,,not-sampled
97:ProtoKusunda,97,the house,1252,ProtoKusunda,reconstruction,,wu.hi,,ProtoKusunda-97_thehouse-1,wu.hi,wu.hi,w u + h i,ingested,released CLDF lexeme,Kusunda,the house,noun,"aaley-bodt2020kusunda[concept 97, ground-form reconstruction, upstream ProtoKusunda-97_thehouse-1]",ProtoKusunda-97_thehouse-1,,not-sampled
97:KusundaGM,97,the house,1252,KusundaGM,speaker,Gyani Maiya Sen Kusunda,wu.hiː,,KusundaGM-97_thehouse-1,wu.hiː,wu.hiː,w u + h iː,ingested,released CLDF lexeme,Kusunda,the house,noun,"aaley-bodt2020kusunda[concept 97, speaker Gyani Maiya Sen Kusunda, upstream KusundaGM-97_thehouse-1]",KusundaGM-97_thehouse-1,,not-sampled
97:KusundaK,97,the house,1252,KusundaK,speaker,Kamala Khatri (Sen Kusunda),wu.hiː,~ wu.jiː,KusundaK-97_thehouse-1,wu.hiː,wu.hiː,w u + h iː,ingested,released CLDF lexeme,Kusunda,the house,noun,"aaley-bodt2020kusunda[concept 97, speaker Kamala Khatri (Sen Kusunda), upstream KusundaK-97_thehouse-1]",KusundaK-97_thehouse-1,,not-sampled
98:ProtoKusunda,98,hundred,1634,ProtoKusunda,reconstruction,,sɐj,< NEPसयsay ‘one hundred’,ProtoKusunda-98_hundred-1,sɐj,sɐj,s ɐ j,ingested,released CLDF lexeme,Kusunda,hundred,num loanword loan:Nepali,"aaley-bodt2020kusunda[concept 98, ground-form reconstruction, upstream ProtoKusunda-98_hundred-1]",ProtoKusunda-98_hundred-1,,not-sampled
98:KusundaGM,98,hundred,1634,KusundaGM,speaker,Gyani Maiya Sen Kusunda,səj,< NEPसयsay ‘one hundred’,KusundaGM-98_hundred-1,səj,səj,s ə j,ingested,released CLDF lexeme,Kusunda,hundred,num loanword loan:Nepali,"aaley-bodt2020kusunda[concept 98, speaker Gyani Maiya Sen Kusunda, upstream KusundaGM-98_hundred-1]",KusundaGM-98_hundred-1,,not-sampled
98:KusundaK,98,hundred,1634,KusundaK,speaker,Kamala Khatri (Sen Kusunda),pãː.gu bi.sa sɐj ɛk,"‘five + score’ < NEPबीसbīsa ‘one score, twenty’ < NEPएकसयĒk say ‘one hundred’",KusundaK-98_hundred-1,pãː.gu bi.sa sɐj ɛk,sɐj,s ɐ j,ingested,released CLDF lexeme,Kusunda,hundred,num,"aaley-bodt2020kusunda[concept 98, speaker Kamala Khatri (Sen Kusunda), upstream KusundaK-98_hundred-1]",KusundaK-98_hundred-1,,not-sampled
99:ProtoKusunda,99,to hunt,1435,ProtoKusunda,reconstruction,,pɐ.də,,ProtoKusunda-99_tohunt-1,pɐ.də,pɐ.də,p ɐ + d ə,ingested,released CLDF lexeme,Kusunda,to hunt,verb,"aaley-bodt2020kusunda[concept 99, ground-form reconstruction, upstream ProtoKusunda-99_tohunt-1]",ProtoKusunda-99_tohunt-1,,not-sampled
99:KusundaGM,99,to hunt,1435,KusundaGM,speaker,Gyani Maiya Sen Kusunda,pɐ.d̪ən aː.gɔː,,KusundaGM-99_tohunt-1,pɐ.d̪ən aː.gɔː,pɐ.d̪ən aː.gɔː,p ɐ + d̪ ə n + aː + g ɔː,ingested,released CLDF lexeme,Kusunda,to hunt,verb,"aaley-bodt2020kusunda[concept 99, speaker Gyani Maiya Sen Kusunda, upstream KusundaGM-99_tohunt-1]",KusundaGM-99_tohunt-1,,not-sampled
99:KusundaK,99,to hunt,1435,KusundaK,speaker,Kamala Khatri (Sen Kusunda),ɐm.baː pɐ.d̪ə ɐ.gɔː,also: gi.laŋ ɐ.gɔː ‘do the jungle’,KusundaK-99_tohunt-1,ɐm.baː pɐ.d̪ə ɐ.gɔː,ɐm.baː pɐ.d̪ə ɐ.gɔː,ɐ m + b aː + p ɐ + d̪ ə + ɐ + g ɔː,ingested,released CLDF lexeme,Kusunda,to hunt,verb,"aaley-bodt2020kusunda[concept 99, speaker Kamala Khatri (Sen Kusunda), upstream KusundaK-99_tohunt-1]",KusundaK-99_tohunt-1,,not-sampled
100:ProtoKusunda,100,the husband,1200,ProtoKusunda,reconstruction,,du.hi,,ProtoKusunda-100_thehusband-1,du.hi,du.hi,d u + h i,ingested,released CLDF lexeme,Kusunda,the husband,noun,"aaley-bodt2020kusunda[concept 100, ground-form reconstruction, upstream ProtoKusunda-100_thehusband-1]",ProtoKusunda-100_thehusband-1,,not-sampled
100:KusundaGM,100,the husband,1200,KusundaGM,speaker,Gyani Maiya Sen Kusunda,d̪u.hi,,KusundaGM-100_thehusband-1,d̪u.hi,d̪u.hi,d̪ u + h i,ingested,released CLDF lexeme,Kusunda,the husband,noun,"aaley-bodt2020kusunda[concept 100, speaker Gyani Maiya Sen Kusunda, upstream KusundaGM-100_thehusband-1]",KusundaGM-100_thehusband-1,,not-sampled
100:KusundaK,100,the husband,1200,KusundaK,speaker,Kamala Khatri (Sen Kusunda),d̪u.hiː,KGG_310719_C1 ~ duj,KusundaK-100_thehusband-1,d̪u.hiː,d̪u.hiː,d̪ u + h iː,ingested,released CLDF lexeme,Kusunda,the husband,noun,"aaley-bodt2020kusunda[concept 100, speaker Kamala Khatri (Sen Kusunda), upstream KusundaK-100_thehusband-1]",KusundaK-100_thehusband-1,,not-sampled
101:ProtoKusunda,101,I [first person singular],1209,ProtoKusunda,reconstruction,,ʦi,,ProtoKusunda-101_ifirstpersonsingular-1,ʦi,ʦi,ts i,ingested,released CLDF lexeme,Kusunda,I [first person singular],pron 1sg,"aaley-bodt2020kusunda[concept 101, ground-form reconstruction, upstream ProtoKusunda-101_ifirstpersonsingular-1]",ProtoKusunda-101_ifirstpersonsingular-1,,not-sampled
101:KusundaGM,101,I [first person singular],1209,KusundaGM,speaker,Gyani Maiya Sen Kusunda,ʦi,,KusundaGM-101_ifirstpersonsingular-1,ʦi,ʦi,ts i,ingested,released CLDF lexeme,Kusunda,I [first person singular],pron 1sg,"aaley-bodt2020kusunda[concept 101, speaker Gyani Maiya Sen Kusunda, upstream KusundaGM-101_ifirstpersonsingular-1]",KusundaGM-101_ifirstpersonsingular-1,,not-sampled
101:KusundaK,101,I [first person singular],1209,KusundaK,speaker,Kamala Khatri (Sen Kusunda),ʧiː,almost like ʃiː,KusundaK-101_ifirstpersonsingular-1,ʧiː,ʧiː,tʃ iː,ingested,released CLDF lexeme,Kusunda,I [first person singular],pron 1sg,"aaley-bodt2020kusunda[concept 101, speaker Kamala Khatri (Sen Kusunda), upstream KusundaK-101_ifirstpersonsingular-1]",KusundaK-101_ifirstpersonsingular-1,,not-sampled
102:ProtoKusunda,102,the ice,617,ProtoKusunda,reconstruction,,jaq,#ERROR!,ProtoKusunda-102_theice-1,jaq,jaq,j a q,ingested,released CLDF lexeme,Kusunda,the ice,noun uncertain,"aaley-bodt2020kusunda[concept 102, ground-form reconstruction, upstream ProtoKusunda-102_theice-1]",ProtoKusunda-102_theice-1,upstream-spreadsheet-error-in-comment,not-sampled
102:KusundaGM,102,the ice,617,KusundaGM,speaker,Gyani Maiya Sen Kusunda,jaːq,#ERROR!,KusundaGM-102_theice-1,jaːq,jaːq,j aː q,ingested,released CLDF lexeme,Kusunda,the ice,noun uncertain,"aaley-bodt2020kusunda[concept 102, speaker Gyani Maiya Sen Kusunda, upstream KusundaGM-102_theice-1]",KusundaGM-102_theice-1,upstream-spreadsheet-error-in-comment,not-sampled
102:KusundaK,102,the ice,617,KusundaK,speaker,Kamala Khatri (Sen Kusunda),jaːq,#ERROR!,KusundaK-102_theice-1,jaːq,jaːq,j aː q,ingested,released CLDF lexeme,Kusunda,the ice,noun uncertain,"aaley-bodt2020kusunda[concept 102, speaker Kamala Khatri (Sen Kusunda), upstream KusundaK-102_theice-1]",KusundaK-102_theice-1,upstream-spreadsheet-error-in-comment,not-sampled
103:ProtoKusunda,103,inside,1606,ProtoKusunda,reconstruction,,ɐɴ,,ProtoKusunda-103_inside-1,ɐɴ,ɐɴ,ɐ ɴ,ingested,released CLDF lexeme,Kusunda,inside,,"aaley-bodt2020kusunda[concept 103, ground-form reconstruction, upstream ProtoKusunda-103_inside-1]",ProtoKusunda-103_inside-1,,verified-no-material-error
103:KusundaGM,103,inside,1606,KusundaGM,speaker,Gyani Maiya Sen Kusunda,ɐ̃.jiː ɐ̃.waː,ɐɴ.ji = INSIDE +gen~ ɐɴ.waː = INSIDE +loc,KusundaGM-103_inside-1,ɐ̃.jiː ɐ̃.waː,ɐ̃.jiː ɐ̃.waː,ɐ̃ + j iː + ɐ̃ + w aː,ingested,released CLDF lexeme,Kusunda,inside,,"aaley-bodt2020kusunda[concept 103, speaker Gyani Maiya Sen Kusunda, upstream KusundaGM-103_inside-1]",KusundaGM-103_inside-1,,not-sampled
103:KusundaK,103,inside,1606,KusundaK,speaker,Kamala Khatri (Sen Kusunda),ɐ̃.waː,< ɐɴ.waː = INSIDE +loc,KusundaK-103_inside-1,ɐ̃.waː,ɐ̃.waː,ɐ̃ + w aː,ingested,released CLDF lexeme,Kusunda,inside,,"aaley-bodt2020kusunda[concept 103, speaker Kamala Khatri (Sen Kusunda), upstream KusundaK-103_inside-1]",KusundaK-103_inside-1,,not-sampled
104:ProtoKusunda,104,to kill,1417,ProtoKusunda,reconstruction,,ɔɢ.da ɐ.go,#ERROR!,ProtoKusunda-104_tokill-1,ɔɢ.da ɐ.go,ɔɢ.da ɐ.go,ɔ ɢ + d a + ɐ + g o,ingested,released CLDF lexeme,Kusunda,to kill,verb uncertain,"aaley-bodt2020kusunda[concept 104, ground-form reconstruction, upstream ProtoKusunda-104_tokill-1]",ProtoKusunda-104_tokill-1,upstream-spreadsheet-error-in-comment,not-sampled
104:KusundaGM,104,to kill,1417,KusundaGM,speaker,Gyani Maiya Sen Kusunda,ɔk.d̪aː aː.gɔː,DIE + DO,KusundaGM-104_tokill-1,ɔk.d̪aː aː.gɔː,ɔk.d̪aː aː.gɔː,ɔ k + d̪ aː + aː + g ɔː,ingested,released CLDF lexeme,Kusunda,to kill,verb,"aaley-bodt2020kusunda[concept 104, speaker Gyani Maiya Sen Kusunda, upstream KusundaGM-104_tokill-1]",KusundaGM-104_tokill-1,,not-sampled
104:KusundaK,104,to kill,1417,KusundaK,speaker,Kamala Khatri (Sen Kusunda),ɔ̰.d̪aː ɐ.gɔː,DIE + DO,KusundaK-104_tokill-1,ɔ̰.d̪aː ɐ.gɔː,ɔ̰.d̪aː ɐ.gɔː,ɔ̰ + d̪ aː + ɐ + g ɔː,ingested,released CLDF lexeme,Kusunda,to kill,verb,"aaley-bodt2020kusunda[concept 104, speaker Kamala Khatri (Sen Kusunda), upstream KusundaK-104_tokill-1]",KusundaK-104_tokill-1,,not-sampled
105:ProtoKusunda,105,to knead,274,ProtoKusunda,reconstruction,,ʣɔk,,ProtoKusunda-105_toknead-1,ʣɔk,ʣɔk,dz ɔ k,ingested,released CLDF lexeme,Kusunda,to knead,verb,"aaley-bodt2020kusunda[concept 105, ground-form reconstruction, upstream ProtoKusunda-105_toknead-1]",ProtoKusunda-105_toknead-1,,not-sampled
105:KusundaGM,105,to knead,274,KusundaGM,speaker,Gyani Maiya Sen Kusunda,ʣɔk aː.gɔː,,KusundaGM-105_toknead-1,ʣɔk aː.gɔː,ʣɔk aː.gɔː,dz ɔ k + aː + g ɔː,ingested,released CLDF lexeme,Kusunda,to knead,verb,"aaley-bodt2020kusunda[concept 105, speaker Gyani Maiya Sen Kusunda, upstream KusundaGM-105_toknead-1]",KusundaGM-105_toknead-1,,not-sampled
105:KusundaK,105,to knead,274,KusundaK,speaker,Kamala Khatri (Sen Kusunda),ʤɔk ɐ.gɔː,also: ‘to soak clothes’; ʤɔk.tɔː,KusundaK-105_toknead-1,ʤɔk ɐ.gɔː,ʤɔk ɐ.gɔː,dʒ ɔ k + ɐ + g ɔː,ingested,released CLDF lexeme,Kusunda,to knead,verb,"aaley-bodt2020kusunda[concept 105, speaker Kamala Khatri (Sen Kusunda), upstream KusundaK-105_toknead-1]",KusundaK-105_toknead-1,,not-sampled
106:ProtoKusunda,106,the knee,1371,ProtoKusunda,reconstruction,,up.to,,ProtoKusunda-106_theknee-1,up.to,up.to,u p + t o,ingested,released CLDF lexeme,Kusunda,the knee,noun,"aaley-bodt2020kusunda[concept 106, ground-form reconstruction, upstream ProtoKusunda-106_theknee-1]",ProtoKusunda-106_theknee-1,,not-sampled
106:KusundaGM,106,the knee,1371,KusundaGM,speaker,Gyani Maiya Sen Kusunda,up.t̪ɔː,,KusundaGM-106_theknee-1,up.t̪ɔː,up.t̪ɔː,u p + t̪ ɔː,ingested,released CLDF lexeme,Kusunda,the knee,noun,"aaley-bodt2020kusunda[concept 106, speaker Gyani Maiya Sen Kusunda, upstream KusundaGM-106_theknee-1]",KusundaGM-106_theknee-1,,not-sampled
106:KusundaK,106,the knee,1371,KusundaK,speaker,Kamala Khatri (Sen Kusunda),up.t̪ɔː,,KusundaK-106_theknee-1,up.t̪ɔː,up.t̪ɔː,u p + t̪ ɔː,ingested,released CLDF lexeme,Kusunda,the knee,noun,"aaley-bodt2020kusunda[concept 106, speaker Kamala Khatri (Sen Kusunda), upstream KusundaK-106_theknee-1]",KusundaK-106_theknee-1,,not-sampled
107:ProtoKusunda,107,knife,1352,ProtoKusunda,reconstruction,,qo.le,,ProtoKusunda-107_knife-1,qo.le,qo.le,q o + l e,ingested,released CLDF lexeme,Kusunda,knife,,"aaley-bodt2020kusunda[concept 107, ground-form reconstruction, upstream ProtoKusunda-107_knife-1]",ProtoKusunda-107_knife-1,,not-sampled
107:KusundaGM,107,knife,1352,KusundaGM,speaker,Gyani Maiya Sen Kusunda,qɔ.leː,~ huŋ.ku qɔ.leː,KusundaGM-107_knife-1,qɔ.leː,qɔ.leː,q ɔ + l eː,ingested,released CLDF lexeme,Kusunda,knife,,"aaley-bodt2020kusunda[concept 107, speaker Gyani Maiya Sen Kusunda, upstream KusundaGM-107_knife-1]",KusundaGM-107_knife-1,,not-sampled
107:KusundaK,107,knife,1352,KusundaK,speaker,Kamala Khatri (Sen Kusunda),qɔ.liː,hũŋ.ku qɔ.li ‘small knife’,KusundaK-107_knife-1,qɔ.liː,qɔ.liː,q ɔ + l iː,ingested,released CLDF lexeme,Kusunda,knife,,"aaley-bodt2020kusunda[concept 107, speaker Kamala Khatri (Sen Kusunda), upstream KusundaK-107_knife-1]",KusundaK-107_knife-1,,not-sampled
108:ProtoKusunda,108,to know (something),1410,ProtoKusunda,reconstruction,,ʦir.ma,"act. ‘know, recognise’? Root of ‘know’ is elusive.",ProtoKusunda-108_toknowsomething-1,ʦir.ma,ʦir.ma,ts i r + m a,ingested,released CLDF lexeme,Kusunda,to know (something),verb,"aaley-bodt2020kusunda[concept 108, ground-form reconstruction, upstream ProtoKusunda-108_toknowsomething-1]",ProtoKusunda-108_toknowsomething-1,,not-sampled
108:KusundaGM,108,to know (something),1410,KusundaGM,speaker,Gyani Maiya Sen Kusunda,ʦir.maː aː.gɔː,"KGG_040819_A1 ‘to know, to recognise’",KusundaGM-108_toknowsomething-1,ʦir.maː aː.gɔː,ʦir.maː aː.gɔː,ts i r + m aː + aː + g ɔː,ingested,released CLDF lexeme,Kusunda,to know (something),verb,"aaley-bodt2020kusunda[concept 108, speaker Gyani Maiya Sen Kusunda, upstream KusundaGM-108_toknowsomething-1]",KusundaGM-108_toknowsomething-1,,verified-no-material-error
108:KusundaK,108,to know (something),1410,KusundaK,speaker,Kamala Khatri (Sen Kusunda),ʦir.maː ɐ.gɔː,#ERROR!,KusundaK-108_toknowsomething-1,ʦir.maː ɐ.gɔː,ʦir.maː ɐ.gɔː,ts i r + m aː + ɐ + g ɔː,ingested,released CLDF lexeme,Kusunda,to know (something),verb uncertain,"aaley-bodt2020kusunda[concept 108, speaker Kamala Khatri (Sen Kusunda), upstream KusundaK-108_toknowsomething-1]",KusundaK-108_toknowsomething-1,upstream-spreadsheet-error-in-comment,not-sampled
109:ProtoKusunda,109,the lake,,ProtoKusunda,reconstruction,,∅,concept does not exist?,,,,,skipped,source marks no installable form,,,,,,missing-form;source-uncertainty,not-sampled
109:KusundaGM,109,the lake,,KusundaGM,speaker,Gyani Maiya Sen Kusunda,∅,,,,,,skipped,source marks no installable form,,,,,,missing-form,not-sampled
109:KusundaK,109,the lake,,KusundaK,speaker,Kamala Khatri (Sen Kusunda),∅,,,,,,skipped,source marks no installable form,,,,,,missing-form,not-sampled
110:ProtoKusunda,110,late,477,ProtoKusunda,reconstruction,,mɐ.lɐŋ,,ProtoKusunda-110_late-1,mɐ.lɐŋ,mɐ.lɐŋ,m ɐ + l ɐ ŋ,ingested,released CLDF lexeme,Kusunda,late,,"aaley-bodt2020kusunda[concept 110, ground-form reconstruction, upstream ProtoKusunda-110_late-1]",ProtoKusunda-110_late-1,,not-sampled
110:KusundaGM,110,late,477,KusundaGM,speaker,Gyani Maiya Sen Kusunda,mɐ.lɐŋ,,KusundaGM-110_late-1,mɐ.lɐŋ,mɐ.lɐŋ,m ɐ + l ɐ ŋ,ingested,released CLDF lexeme,Kusunda,late,,"aaley-bodt2020kusunda[concept 110, speaker Gyani Maiya Sen Kusunda, upstream KusundaGM-110_late-1]",KusundaGM-110_late-1,,not-sampled
110:KusundaK,110,late,477,KusundaK,speaker,Kamala Khatri (Sen Kusunda),mɐ.laŋ,~ mɐ.laː,KusundaK-110_late-1,mɐ.laŋ,mɐ.laŋ,m ɐ + l a ŋ,ingested,released CLDF lexeme,Kusunda,late,,"aaley-bodt2020kusunda[concept 110, speaker Kamala Khatri (Sen Kusunda), upstream KusundaK-110_late-1]",KusundaK-110_late-1,,not-sampled
111:ProtoKusunda,111,to laugh,1355,ProtoKusunda,reconstruction,,ni.kʰe,ni thought original,ProtoKusunda-111_tolaugh-1,ni.kʰe,ni.kʰe,n i + kʰ e,ingested,released CLDF lexeme,Kusunda,to laugh,verb,"aaley-bodt2020kusunda[concept 111, ground-form reconstruction, upstream ProtoKusunda-111_tolaugh-1]",ProtoKusunda-111_tolaugh-1,,not-sampled
111:KusundaGM,111,to laugh,1355,KusundaGM,speaker,Gyani Maiya Sen Kusunda,nɐ.kʰeː aː.gɔː,,KusundaGM-111_tolaugh-1,nɐ.kʰeː aː.gɔː,nɐ.kʰeː aː.gɔː,n ɐ + kʰ eː + aː + g ɔː,ingested,released CLDF lexeme,Kusunda,to laugh,verb,"aaley-bodt2020kusunda[concept 111, speaker Gyani Maiya Sen Kusunda, upstream KusundaGM-111_tolaugh-1]",KusundaGM-111_tolaugh-1,,not-sampled
111:KusundaK,111,to laugh,1355,KusundaK,speaker,Kamala Khatri (Sen Kusunda),ni.kʰeː ɐ.gɔː,,KusundaK-111_tolaugh-1,ni.kʰeː ɐ.gɔː,ni.kʰeː ɐ.gɔː,n i + kʰ eː + ɐ + g ɔː,ingested,released CLDF lexeme,Kusunda,to laugh,verb,"aaley-bodt2020kusunda[concept 111, speaker Kamala Khatri (Sen Kusunda), upstream KusundaK-111_tolaugh-1]",KusundaK-111_tolaugh-1,,not-sampled
112:ProtoKusunda,112,the leaf,628,ProtoKusunda,reconstruction,,haq,,ProtoKusunda-112_theleaf-1,haq,haq,h a q,ingested,released CLDF lexeme,Kusunda,the leaf,noun,"aaley-bodt2020kusunda[concept 112, ground-form reconstruction, upstream ProtoKusunda-112_theleaf-1]",ProtoKusunda-112_theleaf-1,,not-sampled
112:KusundaGM,112,the leaf,628,KusundaGM,speaker,Gyani Maiya Sen Kusunda,haːq,,KusundaGM-112_theleaf-1,haːq,haːq,h aː q,ingested,released CLDF lexeme,Kusunda,the leaf,noun,"aaley-bodt2020kusunda[concept 112, speaker Gyani Maiya Sen Kusunda, upstream KusundaGM-112_theleaf-1]",KusundaGM-112_theleaf-1,,not-sampled
112:KusundaK,112,the leaf,628,KusundaK,speaker,Kamala Khatri (Sen Kusunda),haːq,"also ‘page, book’",KusundaK-112_theleaf-1,haːq,haːq,h aː q,ingested,released CLDF lexeme,Kusunda,the leaf,noun,"aaley-bodt2020kusunda[concept 112, speaker Kamala Khatri (Sen Kusunda), upstream KusundaK-112_theleaf-1]",KusundaK-112_theleaf-1,,not-sampled
113:ProtoKusunda,113,to learn,504,ProtoKusunda,reconstruction,,lɐm.ba,,ProtoKusunda-113_tolearn-1,lɐm.ba,lɐm.ba,l ɐ m + b a,ingested,released CLDF lexeme,Kusunda,to learn,verb,"aaley-bodt2020kusunda[concept 113, ground-form reconstruction, upstream ProtoKusunda-113_tolearn-1]",ProtoKusunda-113_tolearn-1,,not-sampled
113:KusundaGM,113,to learn,504,KusundaGM,speaker,Gyani Maiya Sen Kusunda,lɐm.baː aː.gɔː,,KusundaGM-113_tolearn-1,lɐm.baː aː.gɔː,lɐm.baː aː.gɔː,l ɐ m + b aː + aː + g ɔː,ingested,released CLDF lexeme,Kusunda,to learn,verb,"aaley-bodt2020kusunda[concept 113, speaker Gyani Maiya Sen Kusunda, upstream KusundaGM-113_tolearn-1]",KusundaGM-113_tolearn-1,,not-sampled
113:KusundaK,113,to learn,504,KusundaK,speaker,Kamala Khatri (Sen Kusunda),lɐm.baː ɐ.gɔː,,KusundaK-113_tolearn-1,lɐm.baː ɐ.gɔː,lɐm.baː ɐ.gɔː,l ɐ m + b aː + ɐ + g ɔː,ingested,released CLDF lexeme,Kusunda,to learn,verb,"aaley-bodt2020kusunda[concept 113, speaker Kamala Khatri (Sen Kusunda), upstream KusundaK-113_tolearn-1]",KusundaK-113_tolearn-1,,not-sampled
114:ProtoKusunda,114,left,,ProtoKusunda,reconstruction,,∅,concept does not exist?,,,,,skipped,source marks no installable form,,,,,,missing-form;source-uncertainty,not-sampled
114:KusundaGM,114,left,,KusundaGM,speaker,Gyani Maiya Sen Kusunda,∅,,,,,,skipped,source marks no installable form,,,,,,missing-form,not-sampled
114:KusundaK,114,left,,KusundaK,speaker,Kamala Khatri (Sen Kusunda),∅,taː ɐ.peː ‘that side’,,,,,skipped,source marks no installable form,,,,,,missing-form,not-sampled
115:ProtoKusunda,115,to lick,319,ProtoKusunda,reconstruction,,lɐk,,ProtoKusunda-115_tolick-1,lɐk,lɐk,l ɐ k,ingested,released CLDF lexeme,Kusunda,to lick,verb,"aaley-bodt2020kusunda[concept 115, ground-form reconstruction, upstream ProtoKusunda-115_tolick-1]",ProtoKusunda-115_tolick-1,,not-sampled
115:KusundaGM,115,to lick,319,KusundaGM,speaker,Gyani Maiya Sen Kusunda,laː aː.gɔː,act. ‘taste’ not ‘lick’,KusundaGM-115_tolick-1,laː aː.gɔː,laː aː.gɔː,l aː + aː + g ɔː,ingested,released CLDF lexeme,Kusunda,to lick,verb,"aaley-bodt2020kusunda[concept 115, speaker Gyani Maiya Sen Kusunda, upstream KusundaGM-115_tolick-1]",KusundaGM-115_tolick-1,,not-sampled
115:KusundaK,115,to lick,319,KusundaK,speaker,Kamala Khatri (Sen Kusunda),lɐk ɐ.gɔː,~ laː ɐ.gɔː (= ‘taste’); laː.bə ɐ.gɔː ‘bury’; lɐ.buː ɐ.gɔː ‘be angry’; leː ɐ.gɔː ‘sweep’,KusundaK-115_tolick-1,lɐk ɐ.gɔː,lɐk ɐ.gɔː,l ɐ k + ɐ + g ɔː,ingested,released CLDF lexeme,Kusunda,to lick,verb,"aaley-bodt2020kusunda[concept 115, speaker Kamala Khatri (Sen Kusunda), upstream KusundaK-115_tolick-1]",KusundaK-115_tolick-1,,not-sampled
116:ProtoKusunda,116,to lie down,215,ProtoKusunda,reconstruction,,mu.roŋ,,ProtoKusunda-116_toliedown-1,mu.roŋ,mu.roŋ,m u + r o ŋ,ingested,released CLDF lexeme,Kusunda,to lie down,verb,"aaley-bodt2020kusunda[concept 116, ground-form reconstruction, upstream ProtoKusunda-116_toliedown-1]",ProtoKusunda-116_toliedown-1,,not-sampled
116:KusundaGM,116,to lie down,215,KusundaGM,speaker,Gyani Maiya Sen Kusunda,mɔ.rɔŋ.t̪ɔː,,KusundaGM-116_toliedown-1,mɔ.rɔŋ.t̪ɔː,mɔ.rɔŋ.t̪ɔː,m ɔ + r ɔ ŋ + t̪ ɔː,ingested,released CLDF lexeme,Kusunda,to lie down,verb,"aaley-bodt2020kusunda[concept 116, speaker Gyani Maiya Sen Kusunda, upstream KusundaGM-116_toliedown-1]",KusundaGM-116_toliedown-1,,verified-no-material-error
116:KusundaK,116,to lie down,215,KusundaK,speaker,Kamala Khatri (Sen Kusunda),mu.ruŋ.t̪ɔː,,KusundaK-116_toliedown-1,mu.ruŋ.t̪ɔː,mu.ruŋ.t̪ɔː,m u + r u ŋ + t̪ ɔː,ingested,released CLDF lexeme,Kusunda,to lie down,verb,"aaley-bodt2020kusunda[concept 116, speaker Kamala Khatri (Sen Kusunda), upstream KusundaK-116_toliedown-1]",KusundaK-116_toliedown-1,,not-sampled
117:ProtoKusunda,117,light (of weight),1052,ProtoKusunda,reconstruction,,kaɴ.wər,,ProtoKusunda-117_lightofweight-1,kaɴ.wər,kaɴ.wər,k a ɴ + w ə r,ingested,released CLDF lexeme,Kusunda,light (of weight),,"aaley-bodt2020kusunda[concept 117, ground-form reconstruction, upstream ProtoKusunda-117_lightofweight-1]",ProtoKusunda-117_lightofweight-1,,not-sampled
117:KusundaGM,117,light (of weight),1052,KusundaGM,speaker,Gyani Maiya Sen Kusunda,kãː.wər,,KusundaGM-117_lightofweight-1,kãː.wər,kãː.wər,k ãː + w ə r,ingested,released CLDF lexeme,Kusunda,light (of weight),,"aaley-bodt2020kusunda[concept 117, speaker Gyani Maiya Sen Kusunda, upstream KusundaGM-117_lightofweight-1]",KusundaGM-117_lightofweight-1,,not-sampled
117:KusundaK,117,light (of weight),1052,KusundaK,speaker,Kamala Khatri (Sen Kusunda),kãː.wər,,KusundaK-117_lightofweight-1,kãː.wər,kãː.wər,k ãː + w ə r,ingested,released CLDF lexeme,Kusunda,light (of weight),,"aaley-bodt2020kusunda[concept 117, speaker Kamala Khatri (Sen Kusunda), upstream KusundaK-117_lightofweight-1]",KusundaK-117_lightofweight-1,,not-sampled
118:ProtoKusunda,118,the lip (the lips),,ProtoKusunda,reconstruction,,∅,concept does not exist?,,,,,skipped,source marks no installable form,,,,,,missing-form;source-uncertainty,not-sampled
118:KusundaGM,118,the lip (the lips),,KusundaGM,speaker,Gyani Maiya Sen Kusunda,∅,"ɐ.taː giː (moustache, beard)",,,,,skipped,source marks no installable form,,,,,,missing-form,not-sampled
118:KusundaK,118,the lip (the lips),,KusundaK,speaker,Kamala Khatri (Sen Kusunda),∅,,,,,,skipped,source marks no installable form,,,,,,missing-form,not-sampled
119:ProtoKusunda,119,the liver,1224,ProtoKusunda,reconstruction,,i.dow,,ProtoKusunda-119_theliver-1,i.dow,i.dow,i + d o w,ingested,released CLDF lexeme,Kusunda,the liver,noun,"aaley-bodt2020kusunda[concept 119, ground-form reconstruction, upstream ProtoKusunda-119_theliver-1]",ProtoKusunda-119_theliver-1,,not-sampled
119:KusundaGM,119,the liver,1224,KusundaGM,speaker,Gyani Maiya Sen Kusunda,i.d̪ɔw,,KusundaGM-119_theliver-1,i.d̪ɔw,i.d̪ɔw,i + d̪ ɔ w,ingested,released CLDF lexeme,Kusunda,the liver,noun,"aaley-bodt2020kusunda[concept 119, speaker Gyani Maiya Sen Kusunda, upstream KusundaGM-119_theliver-1]",KusundaGM-119_theliver-1,,not-sampled
119:KusundaK,119,the liver,1224,KusundaK,speaker,Kamala Khatri (Sen Kusunda),i.d̪uː,,KusundaK-119_theliver-1,i.d̪uː,i.d̪uː,i + d̪ uː,ingested,released CLDF lexeme,Kusunda,the liver,noun,"aaley-bodt2020kusunda[concept 119, speaker Kamala Khatri (Sen Kusunda), upstream KusundaK-119_theliver-1]",KusundaK-119_theliver-1,,not-sampled
120:ProtoKusunda,120,long,1203,ProtoKusunda,reconstruction,,lɐŋ,second syllable uncertain,ProtoKusunda-120_long-1,lɐŋ,lɐŋ,l ɐ ŋ,ingested,released CLDF lexeme,Kusunda,long,,"aaley-bodt2020kusunda[concept 120, ground-form reconstruction, upstream ProtoKusunda-120_long-1]",ProtoKusunda-120_long-1,,not-sampled
120:KusundaGM,120,long,1203,KusundaGM,speaker,Gyani Maiya Sen Kusunda,lɐŋ.kaː,lɐŋ.kaː daŋ.kaː = ‘long stick’,KusundaGM-120_long-1,lɐŋ.kaː,lɐŋ.kaː,l ɐ ŋ + k aː,ingested,released CLDF lexeme,Kusunda,long,,"aaley-bodt2020kusunda[concept 120, speaker Gyani Maiya Sen Kusunda, upstream KusundaGM-120_long-1]",KusundaGM-120_long-1,,not-sampled
120:KusundaK,120,long,1203,KusundaK,speaker,Kamala Khatri (Sen Kusunda),lɐŋ.kɐn,~ ləŋ.kəj which also means ‘cigarette’,KusundaK-120_long-1,lɐŋ.kɐn,lɐŋ.kɐn,l ɐ ŋ + k ɐ n,ingested,released CLDF lexeme,Kusunda,long,,"aaley-bodt2020kusunda[concept 120, speaker Kamala Khatri (Sen Kusunda), upstream KusundaK-120_long-1]",KusundaK-120_long-1,,verified-no-material-error
121:ProtoKusunda,121,the louse,1392,ProtoKusunda,reconstruction,,kiː,,ProtoKusunda-121_thelouse-1,kiː,kiː,k iː,ingested,released CLDF lexeme,Kusunda,the louse,noun,"aaley-bodt2020kusunda[concept 121, ground-form reconstruction, upstream ProtoKusunda-121_thelouse-1]",ProtoKusunda-121_thelouse-1,,not-sampled
121:KusundaGM,121,the louse,1392,KusundaGM,speaker,Gyani Maiya Sen Kusunda,kiː,,KusundaGM-121_thelouse-1,kiː,kiː,k iː,ingested,released CLDF lexeme,Kusunda,the louse,noun,"aaley-bodt2020kusunda[concept 121, speaker Gyani Maiya Sen Kusunda, upstream KusundaGM-121_thelouse-1]",KusundaGM-121_thelouse-1,,not-sampled
121:KusundaK,121,the louse,1392,KusundaK,speaker,Kamala Khatri (Sen Kusunda),kiː,,KusundaK-121_thelouse-1,kiː,kiː,k iː,ingested,released CLDF lexeme,Kusunda,the louse,noun,"aaley-bodt2020kusunda[concept 121, speaker Kamala Khatri (Sen Kusunda), upstream KusundaK-121_thelouse-1]",KusundaK-121_thelouse-1,,not-sampled
122:ProtoKusunda,122,the lung,688,ProtoKusunda,reconstruction,,∅,"no consensus, may be syn. with HEART?",,,,,skipped,source marks no installable form,,,,,,missing-form;source-uncertainty,not-sampled
122:KusundaGM,122,the lung,688,KusundaGM,speaker,Gyani Maiya Sen Kusunda,gu.bɔk,~ gɔ.bɔk,KusundaGM-122_thelung-1,gu.bɔk,gu.bɔk,g u + b ɔ k,ingested,released CLDF lexeme,Kusunda,the lung,noun,"aaley-bodt2020kusunda[concept 122, speaker Gyani Maiya Sen Kusunda, upstream KusundaGM-122_thelung-1]",KusundaGM-122_thelung-1,,not-sampled
122:KusundaK,122,the lung,688,KusundaK,speaker,Kamala Khatri (Sen Kusunda),gɔ.bʲɛkʰ,"~ gɔ.blɔk ‘heart, lungs’?",KusundaK-122_thelung-1,gɔ.bʲɛkʰ,gɔ.bʲɛkʰ,g ɔ + bʲ ɛ kʰ,ingested,released CLDF lexeme,Kusunda,the lung,noun,"aaley-bodt2020kusunda[concept 122, speaker Kamala Khatri (Sen Kusunda), upstream KusundaK-122_thelung-1]",KusundaK-122_thelung-1,,not-sampled
123:ProtoKusunda,123,the man (male human),2106,ProtoKusunda,reconstruction,,du.hi gə.ʦe,HUSBAND + CHILD,ProtoKusunda-123_themanmalehuman-1,du.hi gə.ʦe,du.hi gə.ʦe,d u + h i + g ə + ts e,ingested,released CLDF lexeme,Kusunda,the man (male human),noun,"aaley-bodt2020kusunda[concept 123, ground-form reconstruction, upstream ProtoKusunda-123_themanmalehuman-1]",ProtoKusunda-123_themanmalehuman-1,,not-sampled
123:KusundaGM,123,the man (male human),2106,KusundaGM,speaker,Gyani Maiya Sen Kusunda,d̪uj gə.ʦeː,HUSBAND + CHILD,KusundaGM-123_themanmalehuman-1,d̪uj gə.ʦeː,d̪uj gə.ʦeː,d̪ u j + g ə + ts eː,ingested,released CLDF lexeme,Kusunda,the man (male human),noun,"aaley-bodt2020kusunda[concept 123, speaker Gyani Maiya Sen Kusunda, upstream KusundaGM-123_themanmalehuman-1]",KusundaGM-123_themanmalehuman-1,,not-sampled
123:KusundaK,123,the man (male human),2106,KusundaK,speaker,Kamala Khatri (Sen Kusunda),d̪uj gə.ʧeː,‘male person’; HUSBAND + CHILD; d̪uj.ʤi = shortcut,KusundaK-123_themanmalehuman-1,d̪uj gə.ʧeː,d̪uj gə.ʧeː,d̪ u j + g ə + tʃ eː,ingested,released CLDF lexeme,Kusunda,the man (male human),noun,"aaley-bodt2020kusunda[concept 123, speaker Kamala Khatri (Sen Kusunda), upstream KusundaK-123_themanmalehuman-1]",KusundaK-123_themanmalehuman-1,,not-sampled
124:ProtoKusunda,124,many,1198,ProtoKusunda,reconstruction,,mə.ni,,ProtoKusunda-124_many-1,mə.ni,mə.ni,m ə + n i,ingested,released CLDF lexeme,Kusunda,many,,"aaley-bodt2020kusunda[concept 124, ground-form reconstruction, upstream ProtoKusunda-124_many-1]",ProtoKusunda-124_many-1,,not-sampled
124:KusundaGM,124,many,1198,KusundaGM,speaker,Gyani Maiya Sen Kusunda,mə.niː,,KusundaGM-124_many-1,mə.niː,mə.niː,m ə + n iː,ingested,released CLDF lexeme,Kusunda,many,,"aaley-bodt2020kusunda[concept 124, speaker Gyani Maiya Sen Kusunda, upstream KusundaGM-124_many-1]",KusundaGM-124_many-1,,not-sampled
124:KusundaK,124,many,1198,KusundaK,speaker,Kamala Khatri (Sen Kusunda),mə.niː,,KusundaK-124_many-1,mə.niː,mə.niː,m ə + n iː,ingested,released CLDF lexeme,Kusunda,many,,"aaley-bodt2020kusunda[concept 124, speaker Kamala Khatri (Sen Kusunda), upstream KusundaK-124_many-1]",KusundaK-124_many-1,,not-sampled
125:ProtoKusunda,125,to marry (a man marries a woman),2164,ProtoKusunda,reconstruction,,nɐ.bə,,ProtoKusunda-125_tomarryamanmarriesawoman-1,nɐ.bə,nɐ.bə,n ɐ + b ə,ingested,released CLDF lexeme,Kusunda,to marry (a man marries a woman),verb,"aaley-bodt2020kusunda[concept 125, ground-form reconstruction, upstream ProtoKusunda-125_tomarryamanmarriesawoman-1]",ProtoKusunda-125_tomarryamanmarriesawoman-1,,not-sampled
125:KusundaGM,125,to marry (a man marries a woman),2164,KusundaGM,speaker,Gyani Maiya Sen Kusunda,nɐ.bə aː.gɔː,,KusundaGM-125_tomarryamanmarriesawoman-1,nɐ.bə aː.gɔː,nɐ.bə aː.gɔː,n ɐ + b ə + aː + g ɔː,ingested,released CLDF lexeme,Kusunda,to marry (a man marries a woman),verb,"aaley-bodt2020kusunda[concept 125, speaker Gyani Maiya Sen Kusunda, upstream KusundaGM-125_tomarryamanmarriesawoman-1]",KusundaGM-125_tomarryamanmarriesawoman-1,,not-sampled
125:KusundaK,125,to marry (a man marries a woman),2164,KusundaK,speaker,Kamala Khatri (Sen Kusunda),nɐ.bə ɐ.gɔː,,KusundaK-125_tomarryamanmarriesawoman-1,nɐ.bə ɐ.gɔː,nɐ.bə ɐ.gɔː,n ɐ + b ə + ɐ + g ɔː,ingested,released CLDF lexeme,Kusunda,to marry (a man marries a woman),verb,"aaley-bodt2020kusunda[concept 125, speaker Kamala Khatri (Sen Kusunda), upstream KusundaK-125_tomarryamanmarriesawoman-1]",KusundaK-125_tomarryamanmarriesawoman-1,,not-sampled
126:ProtoKusunda,126,the meat,634,ProtoKusunda,reconstruction,,ɐm.ba,,ProtoKusunda-126_themeat-1,ɐm.ba,ɐm.ba,ɐ m + b a,ingested,released CLDF lexeme,Kusunda,the meat,noun,"aaley-bodt2020kusunda[concept 126, ground-form reconstruction, upstream ProtoKusunda-126_themeat-1]",ProtoKusunda-126_themeat-1,,verified-no-material-error
126:KusundaGM,126,the meat,634,KusundaGM,speaker,Gyani Maiya Sen Kusunda,ɐm.baː,,KusundaGM-126_themeat-1,ɐm.baː,ɐm.baː,ɐ m + b aː,ingested,released CLDF lexeme,Kusunda,the meat,noun,"aaley-bodt2020kusunda[concept 126, speaker Gyani Maiya Sen Kusunda, upstream KusundaGM-126_themeat-1]",KusundaGM-126_themeat-1,,not-sampled
126:KusundaK,126,the meat,634,KusundaK,speaker,Kamala Khatri (Sen Kusunda),ɐm.baː,,KusundaK-126_themeat-1,ɐm.baː,ɐm.baː,ɐ m + b aː,ingested,released CLDF lexeme,Kusunda,the meat,noun,"aaley-bodt2020kusunda[concept 126, speaker Kamala Khatri (Sen Kusunda), upstream KusundaK-126_themeat-1]",KusundaK-126_themeat-1,,not-sampled
127:ProtoKusunda,127,middle,1093,ProtoKusunda,reconstruction,,gi.ʣat,rhyme -at seen as original,ProtoKusunda-127_middle-1,gi.ʣat,gi.ʣat,g i + dz a t,ingested,released CLDF lexeme,Kusunda,middle,,"aaley-bodt2020kusunda[concept 127, ground-form reconstruction, upstream ProtoKusunda-127_middle-1]",ProtoKusunda-127_middle-1,,not-sampled
127:KusundaGM,127,middle,1093,KusundaGM,speaker,Gyani Maiya Sen Kusunda,gi.ʣɐχ,< gi.ʣɐq?,KusundaGM-127_middle-1,gi.ʣɐχ,gi.ʣɐχ,g i + dz ɐ χ,ingested,released CLDF lexeme,Kusunda,middle,,"aaley-bodt2020kusunda[concept 127, speaker Gyani Maiya Sen Kusunda, upstream KusundaGM-127_middle-1]",KusundaGM-127_middle-1,,not-sampled
127:KusundaK,127,middle,1093,KusundaK,speaker,Kamala Khatri (Sen Kusunda),gi.ʤaːt̪,,KusundaK-127_middle-1,gi.ʤaːt̪,gi.ʤaːt̪,g i + dʒ aː t̪,ingested,released CLDF lexeme,Kusunda,middle,,"aaley-bodt2020kusunda[concept 127, speaker Kamala Khatri (Sen Kusunda), upstream KusundaK-127_middle-1]",KusundaK-127_middle-1,,not-sampled
128:ProtoKusunda,128,the moon,1313,ProtoKusunda,reconstruction,,ni.ku,,ProtoKusunda-128_themoon-1,ni.ku,ni.ku,n i + k u,ingested,released CLDF lexeme,Kusunda,the moon,noun,"aaley-bodt2020kusunda[concept 128, ground-form reconstruction, upstream ProtoKusunda-128_themoon-1]",ProtoKusunda-128_themoon-1,,not-sampled
128:KusundaGM,128,the moon,1313,KusundaGM,speaker,Gyani Maiya Sen Kusunda,ni.kuː,,KusundaGM-128_themoon-1,ni.kuː,ni.kuː,n i + k uː,ingested,released CLDF lexeme,Kusunda,the moon,noun,"aaley-bodt2020kusunda[concept 128, speaker Gyani Maiya Sen Kusunda, upstream KusundaGM-128_themoon-1]",KusundaGM-128_themoon-1,,not-sampled
128:KusundaK,128,the moon,1313,KusundaK,speaker,Kamala Khatri (Sen Kusunda),ni.kuː,,KusundaK-128_themoon-1,ni.kuː,ni.kuː,n i + k uː,ingested,released CLDF lexeme,Kusunda,the moon,noun,"aaley-bodt2020kusunda[concept 128, speaker Kamala Khatri (Sen Kusunda), upstream KusundaK-128_themoon-1]",KusundaK-128_themoon-1,,verified-no-material-error
129:ProtoKusunda,129,morning,1339,ProtoKusunda,reconstruction,,∅,compounds / descriptive,,,,,skipped,source marks no installable form,,,,,,missing-form,not-sampled
129:KusundaGM,129,morning,1339,KusundaGM,speaker,Gyani Maiya Sen Kusunda,gɔː.raː ɐ.ʣeː,"‘morning’, bi.hɔ.rɐŋ ‘it has become light’",KusundaGM-129_morning-1,gɔː.raː ɐ.ʣeː,gɔː.raː ɐ.ʣeː,g ɔː + r aː + ɐ + dz eː,ingested,released CLDF lexeme,Kusunda,morning,,"aaley-bodt2020kusunda[concept 129, speaker Gyani Maiya Sen Kusunda, upstream KusundaGM-129_morning-1]",KusundaGM-129_morning-1,,not-sampled
129:KusundaK,129,morning,1339,KusundaK,speaker,Kamala Khatri (Sen Kusunda),pʲɛː ɔ.rɔkʰ,biː.t.n (Uday) ~ gɔ.raː ɐ.ʤeː (GM),KusundaK-129_morning-1,pʲɛː ɔ.rɔkʰ,pʲɛː ɔ.rɔkʰ,pʲ ɛː + ɔ + r ɔ kʰ,ingested,released CLDF lexeme,Kusunda,morning,,"aaley-bodt2020kusunda[concept 129, speaker Kamala Khatri (Sen Kusunda), upstream KusundaK-129_morning-1]",KusundaK-129_morning-1,,not-sampled
130:ProtoKusunda,130,the mosquito,,ProtoKusunda,reconstruction,,∅,concept does not exist?,,,,,skipped,source marks no installable form,,,,,,missing-form;source-uncertainty,not-sampled
130:KusundaGM,130,the mosquito,,KusundaGM,speaker,Gyani Maiya Sen Kusunda,∅,,,,,,skipped,source marks no installable form,,,,,,missing-form,not-sampled
130:KusundaK,130,the mosquito,,KusundaK,speaker,Kamala Khatri (Sen Kusunda),∅,,,,,,skipped,source marks no installable form,,,,,,missing-form,not-sampled
131:ProtoKusunda,131,the mother,1216,ProtoKusunda,reconstruction,,mɐj,,ProtoKusunda-131_themother-1,mɐj,mɐj,m ɐ j,ingested,released CLDF lexeme,Kusunda,the mother,noun,"aaley-bodt2020kusunda[concept 131, ground-form reconstruction, upstream ProtoKusunda-131_themother-1]",ProtoKusunda-131_themother-1,,not-sampled
131:KusundaGM,131,the mother,1216,KusundaGM,speaker,Gyani Maiya Sen Kusunda,mɐj,,KusundaGM-131_themother-1,mɐj,mɐj,m ɐ j,ingested,released CLDF lexeme,Kusunda,the mother,noun,"aaley-bodt2020kusunda[concept 131, speaker Gyani Maiya Sen Kusunda, upstream KusundaGM-131_themother-1]",KusundaGM-131_themother-1,,not-sampled
131:KusundaK,131,the mother,1216,KusundaK,speaker,Kamala Khatri (Sen Kusunda),məj,,KusundaK-131_themother-1,məj,məj,m ə j,ingested,released CLDF lexeme,Kusunda,the mother,noun,"aaley-bodt2020kusunda[concept 131, speaker Kamala Khatri (Sen Kusunda), upstream KusundaK-131_themother-1]",KusundaK-131_themother-1,,not-sampled
132:ProtoKusunda,132,the mountain,639,ProtoKusunda,reconstruction,,di.bɐŋ,,ProtoKusunda-132_themountain-1,di.bɐŋ,di.bɐŋ,d i + b ɐ ŋ,ingested,released CLDF lexeme,Kusunda,the mountain,noun,"aaley-bodt2020kusunda[concept 132, ground-form reconstruction, upstream ProtoKusunda-132_themountain-1]",ProtoKusunda-132_themountain-1,,not-sampled
132:KusundaGM,132,the mountain,639,KusundaGM,speaker,Gyani Maiya Sen Kusunda,d̪i.bʲɛŋ,~ di.bɐŋ,KusundaGM-132_themountain-1,d̪i.bʲɛŋ,d̪i.bʲɛŋ,d̪ i + bʲ ɛ ŋ,ingested,released CLDF lexeme,Kusunda,the mountain,noun,"aaley-bodt2020kusunda[concept 132, speaker Gyani Maiya Sen Kusunda, upstream KusundaGM-132_themountain-1]",KusundaGM-132_themountain-1,,not-sampled
132:KusundaK,132,the mountain,639,KusundaK,speaker,Kamala Khatri (Sen Kusunda),d̪i.bɐŋ,,KusundaK-132_themountain-1,d̪i.bɐŋ,d̪i.bɐŋ,d̪ i + b ɐ ŋ,ingested,released CLDF lexeme,Kusunda,the mountain,noun,"aaley-bodt2020kusunda[concept 132, speaker Kamala Khatri (Sen Kusunda), upstream KusundaK-132_themountain-1]",KusundaK-132_themountain-1,,not-sampled
133:ProtoKusunda,133,the mouse or rat,2139,ProtoKusunda,reconstruction,,jɛŋ.gut,,ProtoKusunda-133_themouseorrat-1,jɛŋ.gut,jɛŋ.gut,j ɛ ŋ + g u t,ingested,released CLDF lexeme,Kusunda,the mouse or rat,noun,"aaley-bodt2020kusunda[concept 133, ground-form reconstruction, upstream ProtoKusunda-133_themouseorrat-1]",ProtoKusunda-133_themouseorrat-1,,not-sampled
133:KusundaGM,133,the mouse or rat,2139,KusundaGM,speaker,Gyani Maiya Sen Kusunda,jɛŋ.gut̪,,KusundaGM-133_themouseorrat-1,jɛŋ.gut̪,jɛŋ.gut̪,j ɛ ŋ + g u t̪,ingested,released CLDF lexeme,Kusunda,the mouse or rat,noun,"aaley-bodt2020kusunda[concept 133, speaker Gyani Maiya Sen Kusunda, upstream KusundaGM-133_themouseorrat-1]",KusundaGM-133_themouseorrat-1,,not-sampled
133:KusundaK,133,the mouse or rat,2139,KusundaK,speaker,Kamala Khatri (Sen Kusunda),jɛŋ.gut̪,~ i.jɛŋ.gut̪,KusundaK-133_themouseorrat-1,jɛŋ.gut̪,jɛŋ.gut̪,j ɛ ŋ + g u t̪,ingested,released CLDF lexeme,Kusunda,the mouse or rat,noun,"aaley-bodt2020kusunda[concept 133, speaker Kamala Khatri (Sen Kusunda), upstream KusundaK-133_themouseorrat-1]",KusundaK-133_themouseorrat-1,,not-sampled
134:ProtoKusunda,134,the mouth,674,ProtoKusunda,reconstruction,,ɐ.ta,,ProtoKusunda-134_themouth-1,ɐ.ta,ɐ.ta,ɐ + t a,ingested,released CLDF lexeme,Kusunda,the mouth,noun,"aaley-bodt2020kusunda[concept 134, ground-form reconstruction, upstream ProtoKusunda-134_themouth-1]",ProtoKusunda-134_themouth-1,,not-sampled
134:KusundaGM,134,the mouth,674,KusundaGM,speaker,Gyani Maiya Sen Kusunda,ɐ.t̪aː,,KusundaGM-134_themouth-1,ɐ.t̪aː,ɐ.t̪aː,ɐ + t̪ aː,ingested,released CLDF lexeme,Kusunda,the mouth,noun,"aaley-bodt2020kusunda[concept 134, speaker Gyani Maiya Sen Kusunda, upstream KusundaGM-134_themouth-1]",KusundaGM-134_themouth-1,,not-sampled
134:KusundaK,134,the mouth,674,KusundaK,speaker,Kamala Khatri (Sen Kusunda),ɐ.t̪aː,,KusundaK-134_themouth-1,ɐ.t̪aː,ɐ.t̪aː,ɐ + t̪ aː,ingested,released CLDF lexeme,Kusunda,the mouth,noun,"aaley-bodt2020kusunda[concept 134, speaker Kamala Khatri (Sen Kusunda), upstream KusundaK-134_themouth-1]",KusundaK-134_themouth-1,,not-sampled
135:ProtoKusunda,135,the mud,640,ProtoKusunda,reconstruction,,dum,#NAME?,ProtoKusunda-135_themud-1,dum,dum,d u m,ingested,released CLDF lexeme,Kusunda,the mud,noun uncertain,"aaley-bodt2020kusunda[concept 135, ground-form reconstruction, upstream ProtoKusunda-135_themud-1]",ProtoKusunda-135_themud-1,upstream-spreadsheet-error-in-comment,not-sampled
135:KusundaGM,135,the mud,640,KusundaGM,speaker,Gyani Maiya Sen Kusunda,d̪um,,KusundaGM-135_themud-1,d̪um,d̪um,d̪ u m,ingested,released CLDF lexeme,Kusunda,the mud,noun,"aaley-bodt2020kusunda[concept 135, speaker Gyani Maiya Sen Kusunda, upstream KusundaGM-135_themud-1]",KusundaGM-135_themud-1,,not-sampled
135:KusundaK,135,the mud,640,KusundaK,speaker,Kamala Khatri (Sen Kusunda),d̪um,"also: ‘soil, earth, mud’; du ‘earth’",KusundaK-135_themud-1,d̪um,d̪um,d̪ u m,ingested,released CLDF lexeme,Kusunda,the mud,noun,"aaley-bodt2020kusunda[concept 135, speaker Kamala Khatri (Sen Kusunda), upstream KusundaK-135_themud-1]",KusundaK-135_themud-1,,not-sampled
136:ProtoKusunda,136,the nail (fingernail or claw),2128,ProtoKusunda,reconstruction,,ɐw.si,,ProtoKusunda-136_thenailfingernailorclaw-1,ɐw.si,ɐw.si,ɐ w + s i,ingested,released CLDF lexeme,Kusunda,the nail (fingernail or claw),noun,"aaley-bodt2020kusunda[concept 136, ground-form reconstruction, upstream ProtoKusunda-136_thenailfingernailorclaw-1]",ProtoKusunda-136_thenailfingernailorclaw-1,,not-sampled
136:KusundaGM,136,the nail (fingernail or claw),2128,KusundaGM,speaker,Gyani Maiya Sen Kusunda,ɐw.siː,,KusundaGM-136_thenailfingernailorclaw-1,ɐw.siː,ɐw.siː,ɐ w + s iː,ingested,released CLDF lexeme,Kusunda,the nail (fingernail or claw),noun,"aaley-bodt2020kusunda[concept 136, speaker Gyani Maiya Sen Kusunda, upstream KusundaGM-136_thenailfingernailorclaw-1]",KusundaGM-136_thenailfingernailorclaw-1,,not-sampled
136:KusundaK,136,the nail (fingernail or claw),2128,KusundaK,speaker,Kamala Khatri (Sen Kusunda),ɐw.siː,,KusundaK-136_thenailfingernailorclaw-1,ɐw.siː,ɐw.siː,ɐ w + s iː,ingested,released CLDF lexeme,Kusunda,the nail (fingernail or claw),noun,"aaley-bodt2020kusunda[concept 136, speaker Kamala Khatri (Sen Kusunda), upstream KusundaK-136_thenailfingernailorclaw-1]",KusundaK-136_thenailfingernailorclaw-1,,not-sampled
137:ProtoKusunda,137,the name,1405,ProtoKusunda,reconstruction,,gi.ʣe,,ProtoKusunda-137_thename-1,gi.ʣe,gi.ʣe,g i + dz e,ingested,released CLDF lexeme,Kusunda,the name,noun,"aaley-bodt2020kusunda[concept 137, ground-form reconstruction, upstream ProtoKusunda-137_thename-1]",ProtoKusunda-137_thename-1,,not-sampled
137:KusundaGM,137,the name,1405,KusundaGM,speaker,Gyani Maiya Sen Kusunda,gi.ʣiː,,KusundaGM-137_thename-1,gi.ʣiː,gi.ʣiː,g i + dz iː,ingested,released CLDF lexeme,Kusunda,the name,noun,"aaley-bodt2020kusunda[concept 137, speaker Gyani Maiya Sen Kusunda, upstream KusundaGM-137_thename-1]",KusundaGM-137_thename-1,,not-sampled
137:KusundaK,137,the name,1405,KusundaK,speaker,Kamala Khatri (Sen Kusunda),gi.ʤeː,i.maː ‘non-irrigated land’; ‘water channel’ = ʤiː,KusundaK-137_thename-1,gi.ʤeː,gi.ʤeː,g i + dʒ eː,ingested,released CLDF lexeme,Kusunda,the name,noun,"aaley-bodt2020kusunda[concept 137, speaker Kamala Khatri (Sen Kusunda), upstream KusundaK-137_thename-1]",KusundaK-137_thename-1,,verified-no-material-error
138:ProtoKusunda,138,narrow,,ProtoKusunda,reconstruction,,∅,"concept does not exist, use SMALL",,,,,skipped,source marks no installable form,,,,,,missing-form;source-uncertainty,not-sampled
138:KusundaGM,138,narrow,,KusundaGM,speaker,Gyani Maiya Sen Kusunda,∅,,,,,,skipped,source marks no installable form,,,,,,missing-form,not-sampled
138:KusundaK,138,narrow,,KusundaK,speaker,Kamala Khatri (Sen Kusunda),∅,#NAME?,,,,,skipped,source marks no installable form,,,,,,missing-form;upstream-spreadsheet-error-in-comment,not-sampled
139:ProtoKusunda,139,near,1942,ProtoKusunda,reconstruction,,is.ta,,ProtoKusunda-139_near-1,is.ta,is.ta,i s + t a,ingested,released CLDF lexeme,Kusunda,near,,"aaley-bodt2020kusunda[concept 139, ground-form reconstruction, upstream ProtoKusunda-139_near-1]",ProtoKusunda-139_near-1,,not-sampled
139:KusundaGM,139,near,1942,KusundaGM,speaker,Gyani Maiya Sen Kusunda,is.t̪aː,~ iʃ.taː,KusundaGM-139_near-1,is.t̪aː,is.t̪aː,i s + t̪ aː,ingested,released CLDF lexeme,Kusunda,near,,"aaley-bodt2020kusunda[concept 139, speaker Gyani Maiya Sen Kusunda, upstream KusundaGM-139_near-1]",KusundaGM-139_near-1,,not-sampled
139:KusundaK,139,near,1942,KusundaK,speaker,Kamala Khatri (Sen Kusunda),is.t̪aː,,KusundaK-139_near-1,is.t̪aː,is.t̪aː,i s + t̪ aː,ingested,released CLDF lexeme,Kusunda,near,,"aaley-bodt2020kusunda[concept 139, speaker Kamala Khatri (Sen Kusunda), upstream KusundaK-139_near-1]",KusundaK-139_near-1,,not-sampled
140:ProtoKusunda,140,the neck,1333,ProtoKusunda,reconstruction,,hɐŋ.ki,,ProtoKusunda-140_theneck-1,hɐŋ.ki,hɐŋ.ki,h ɐ ŋ + k i,ingested,released CLDF lexeme,Kusunda,the neck,noun,"aaley-bodt2020kusunda[concept 140, ground-form reconstruction, upstream ProtoKusunda-140_theneck-1]",ProtoKusunda-140_theneck-1,,not-sampled
140:KusundaGM,140,the neck,1333,KusundaGM,speaker,Gyani Maiya Sen Kusunda,hɐŋ.kiː,,KusundaGM-140_theneck-1,hɐŋ.kiː,hɐŋ.kiː,h ɐ ŋ + k iː,ingested,released CLDF lexeme,Kusunda,the neck,noun,"aaley-bodt2020kusunda[concept 140, speaker Gyani Maiya Sen Kusunda, upstream KusundaGM-140_theneck-1]",KusundaGM-140_theneck-1,,not-sampled
140:KusundaK,140,the neck,1333,KusundaK,speaker,Kamala Khatri (Sen Kusunda),hɐŋ.kiː,,KusundaK-140_theneck-1,hɐŋ.kiː,hɐŋ.kiː,h ɐ ŋ + k iː,ingested,released CLDF lexeme,Kusunda,the neck,noun,"aaley-bodt2020kusunda[concept 140, speaker Kamala Khatri (Sen Kusunda), upstream KusundaK-140_theneck-1]",KusundaK-140_theneck-1,,not-sampled
141:ProtoKusunda,141,the needle (for sewing),1382,ProtoKusunda,reconstruction,,ər.ʦʰa,,ProtoKusunda-141_theneedleforsewing-1,ər.ʦʰa,ər.ʦʰa,ə r + tsʰ a,ingested,released CLDF lexeme,Kusunda,the needle (for sewing),noun,"aaley-bodt2020kusunda[concept 141, ground-form reconstruction, upstream ProtoKusunda-141_theneedleforsewing-1]",ProtoKusunda-141_theneedleforsewing-1,,not-sampled
141:KusundaGM,141,the needle (for sewing),1382,KusundaGM,speaker,Gyani Maiya Sen Kusunda,ər.ʦʰaː,,KusundaGM-141_theneedleforsewing-1,ər.ʦʰaː,ər.ʦʰaː,ə r + tsʰ aː,ingested,released CLDF lexeme,Kusunda,the needle (for sewing),noun,"aaley-bodt2020kusunda[concept 141, speaker Gyani Maiya Sen Kusunda, upstream KusundaGM-141_theneedleforsewing-1]",KusundaGM-141_theneedleforsewing-1,,not-sampled
141:KusundaK,141,the needle (for sewing),1382,KusundaK,speaker,Kamala Khatri (Sen Kusunda),ər.ʦʰaː,"~ ər.ʦaː; si ɐ.gɔː ‘to sew, to stitch’",KusundaK-141_theneedleforsewing-1,ər.ʦʰaː,ər.ʦʰaː,ə r + tsʰ aː,ingested,released CLDF lexeme,Kusunda,the needle (for sewing),noun,"aaley-bodt2020kusunda[concept 141, speaker Kamala Khatri (Sen Kusunda), upstream KusundaK-141_theneedleforsewing-1]",KusundaK-141_theneedleforsewing-1,,verified-no-material-error
142:ProtoKusunda,142,new,1231,ProtoKusunda,reconstruction,,ʣeŋ.n,,ProtoKusunda-142_new-1,ʣeŋ.n,ʣeŋ.n,dz e ŋ + n,ingested,released CLDF lexeme,Kusunda,new,,"aaley-bodt2020kusunda[concept 142, ground-form reconstruction, upstream ProtoKusunda-142_new-1]",ProtoKusunda-142_new-1,,not-sampled
142:KusundaGM,142,new,1231,KusundaGM,speaker,Gyani Maiya Sen Kusunda,ʤəŋ.ɔn,< ʤəŋ.n,KusundaGM-142_new-1,ʤəŋ.ɔn,ʤəŋ.ɔn,dʒ ə ŋ + ɔ n,ingested,released CLDF lexeme,Kusunda,new,,"aaley-bodt2020kusunda[concept 142, speaker Gyani Maiya Sen Kusunda, upstream KusundaGM-142_new-1]",KusundaGM-142_new-1,,not-sampled
142:KusundaK,142,new,1231,KusundaK,speaker,Kamala Khatri (Sen Kusunda),ʤɛŋ.n,< ʣʲɛŋ.n < ʣʲeŋ.n,KusundaK-142_new-1,ʤɛŋ.n,ʤɛŋ.n,dʒ ɛ ŋ + n,ingested,released CLDF lexeme,Kusunda,new,,"aaley-bodt2020kusunda[concept 142, speaker Kamala Khatri (Sen Kusunda), upstream KusundaK-142_new-1]",KusundaK-142_new-1,,not-sampled
143:ProtoKusunda,143,nine,1483,ProtoKusunda,reconstruction,,nɐw,< NEPनौnau ‘nine’,ProtoKusunda-143_nine-1,nɐw,nɐw,n ɐ w,ingested,released CLDF lexeme,Kusunda,nine,num loanword loan:Nepali,"aaley-bodt2020kusunda[concept 143, ground-form reconstruction, upstream ProtoKusunda-143_nine-1]",ProtoKusunda-143_nine-1,,not-sampled
143:KusundaGM,143,nine,1483,KusundaGM,speaker,Gyani Maiya Sen Kusunda,nɐw,< NEPनौnau ‘nine’,KusundaGM-143_nine-1,nɐw,nɐw,n ɐ w,ingested,released CLDF lexeme,Kusunda,nine,num loanword loan:Nepali,"aaley-bodt2020kusunda[concept 143, speaker Gyani Maiya Sen Kusunda, upstream KusundaGM-143_nine-1]",KusundaGM-143_nine-1,,not-sampled
143:KusundaK,143,nine,1483,KusundaK,speaker,Kamala Khatri (Sen Kusunda),nɐw,< NEPनौnau ‘nine’,KusundaK-143_nine-1,nɐw,nɐw,n ɐ w,ingested,released CLDF lexeme,Kusunda,nine,num loanword loan:Nepali,"aaley-bodt2020kusunda[concept 143, speaker Kamala Khatri (Sen Kusunda), upstream KusundaK-143_nine-1]",KusundaK-143_nine-1,,not-sampled
144:ProtoKusunda,144,the nit,267,ProtoKusunda,reconstruction,,ʣoɴ.ok,,ProtoKusunda-144_thenit-1,ʣoɴ.ok,ʣoɴ.ok,dz o ɴ + o k,ingested,released CLDF lexeme,Kusunda,the nit,noun,"aaley-bodt2020kusunda[concept 144, ground-form reconstruction, upstream ProtoKusunda-144_thenit-1]",ProtoKusunda-144_thenit-1,,not-sampled
144:KusundaGM,144,the nit,267,KusundaGM,speaker,Gyani Maiya Sen Kusunda,ʤɔŋ.ɔk,~ ʤɔ̃ː.ɔk,KusundaGM-144_thenit-1,ʤɔŋ.ɔk,ʤɔŋ.ɔk,dʒ ɔ ŋ + ɔ k,ingested,released CLDF lexeme,Kusunda,the nit,noun,"aaley-bodt2020kusunda[concept 144, speaker Gyani Maiya Sen Kusunda, upstream KusundaGM-144_thenit-1]",KusundaGM-144_thenit-1,,not-sampled
144:KusundaK,144,the nit,267,KusundaK,speaker,Kamala Khatri (Sen Kusunda),ʤɔ̃ː.ɔk,,KusundaK-144_thenit-1,ʤɔ̃ː.ɔk,ʤɔ̃ː.ɔk,dʒ ɔ̃ː + ɔ k,ingested,released CLDF lexeme,Kusunda,the nit,noun,"aaley-bodt2020kusunda[concept 144, speaker Kamala Khatri (Sen Kusunda), upstream KusundaK-144_thenit-1]",KusundaK-144_thenit-1,,verified-no-material-error
145:ProtoKusunda,145,noon,12,ProtoKusunda,reconstruction,,oɴ.ʦa,,ProtoKusunda-145_noon-1,oɴ.ʦa,oɴ.ʦa,o ɴ + ts a,ingested,released CLDF lexeme,Kusunda,noon,,"aaley-bodt2020kusunda[concept 145, ground-form reconstruction, upstream ProtoKusunda-145_noon-1]",ProtoKusunda-145_noon-1,,not-sampled
145:KusundaGM,145,noon,12,KusundaGM,speaker,Gyani Maiya Sen Kusunda,ɔŋ.ʦaː,,KusundaGM-145_noon-1,ɔŋ.ʦaː,ɔŋ.ʦaː,ɔ ŋ + ts aː,ingested,released CLDF lexeme,Kusunda,noon,,"aaley-bodt2020kusunda[concept 145, speaker Gyani Maiya Sen Kusunda, upstream KusundaGM-145_noon-1]",KusundaGM-145_noon-1,,not-sampled
145:KusundaK,145,noon,12,KusundaK,speaker,Kamala Khatri (Sen Kusunda),ɔ̃ː.ʦaː,,KusundaK-145_noon-1,ɔ̃ː.ʦaː,ɔ̃ː.ʦaː,ɔ̃ː + ts aː,ingested,released CLDF lexeme,Kusunda,noon,,"aaley-bodt2020kusunda[concept 145, speaker Kamala Khatri (Sen Kusunda), upstream KusundaK-145_noon-1]",KusundaK-145_noon-1,,not-sampled
146:ProtoKusunda,146,the nose,1221,ProtoKusunda,reconstruction,,i.now,,ProtoKusunda-146_thenose-1,i.now,i.now,i + n o w,ingested,released CLDF lexeme,Kusunda,the nose,noun,"aaley-bodt2020kusunda[concept 146, ground-form reconstruction, upstream ProtoKusunda-146_thenose-1]",ProtoKusunda-146_thenose-1,,not-sampled
146:KusundaGM,146,the nose,1221,KusundaGM,speaker,Gyani Maiya Sen Kusunda,i.nɔw,,KusundaGM-146_thenose-1,i.nɔw,i.nɔw,i + n ɔ w,ingested,released CLDF lexeme,Kusunda,the nose,noun,"aaley-bodt2020kusunda[concept 146, speaker Gyani Maiya Sen Kusunda, upstream KusundaGM-146_thenose-1]",KusundaGM-146_thenose-1,,not-sampled
146:KusundaK,146,the nose,1221,KusundaK,speaker,Kamala Khatri (Sen Kusunda),i.nuː,,KusundaK-146_thenose-1,i.nuː,i.nuː,i + n uː,ingested,released CLDF lexeme,Kusunda,the nose,noun,"aaley-bodt2020kusunda[concept 146, speaker Kamala Khatri (Sen Kusunda), upstream KusundaK-146_thenose-1]",KusundaK-146_thenose-1,,not-sampled
147:ProtoKusunda,147,old (of person),2112,ProtoKusunda,reconstruction,,dəj.ja,,ProtoKusunda-147_oldofperson-1,dəj.ja,dəj.ja,d ə j + j a,ingested,released CLDF lexeme,Kusunda,old (of person),,"aaley-bodt2020kusunda[concept 147, ground-form reconstruction, upstream ProtoKusunda-147_oldofperson-1]",ProtoKusunda-147_oldofperson-1,,not-sampled
147:KusundaGM,147,old (of person),2112,KusundaGM,speaker,Gyani Maiya Sen Kusunda,d̪əj.jaː,,KusundaGM-147_oldofperson-1,d̪əj.jaː,d̪əj.jaː,d̪ ə j + j aː,ingested,released CLDF lexeme,Kusunda,old (of person),,"aaley-bodt2020kusunda[concept 147, speaker Gyani Maiya Sen Kusunda, upstream KusundaGM-147_oldofperson-1]",KusundaGM-147_oldofperson-1,,not-sampled
147:KusundaK,147,old (of person),2112,KusundaK,speaker,Kamala Khatri (Sen Kusunda),bu.d̪ʰaː,< NEPबुढोbuḍhō ‘old man’,KusundaK-147_oldofperson-1,bu.d̪ʰaː,bu.d̪ʰaː,b u + d̪ʰ aː,ingested,released CLDF lexeme,Kusunda,old (of person),loanword loan:Nepali,"aaley-bodt2020kusunda[concept 147, speaker Kamala Khatri (Sen Kusunda), upstream KusundaK-147_oldofperson-1]",KusundaK-147_oldofperson-1,,not-sampled
148:ProtoKusunda,148,one,1493,ProtoKusunda,reconstruction,,qɐs.ti,,ProtoKusunda-148_one-1,qɐs.ti,qɐs.ti,q ɐ s + t i,ingested,released CLDF lexeme,Kusunda,one,num,"aaley-bodt2020kusunda[concept 148, ground-form reconstruction, upstream ProtoKusunda-148_one-1]",ProtoKusunda-148_one-1,,not-sampled
148:KusundaGM,148,one,1493,KusundaGM,speaker,Gyani Maiya Sen Kusunda,qɐs.t̪iː,~ kɐs.t̪iː,KusundaGM-148_one-1,qɐs.t̪iː,qɐs.t̪iː,q ɐ s + t̪ iː,ingested,released CLDF lexeme,Kusunda,one,num,"aaley-bodt2020kusunda[concept 148, speaker Gyani Maiya Sen Kusunda, upstream KusundaGM-148_one-1]",KusundaGM-148_one-1,,not-sampled
148:KusundaK,148,one,1493,KusundaK,speaker,Kamala Khatri (Sen Kusunda),qɐs.t̪iː,~ qʰɐs.t̪iː,KusundaK-148_one-1,qɐs.t̪iː,qɐs.t̪iː,q ɐ s + t̪ iː,ingested,released CLDF lexeme,Kusunda,one,num,"aaley-bodt2020kusunda[concept 148, speaker Kamala Khatri (Sen Kusunda), upstream KusundaK-148_one-1]",KusundaK-148_one-1,,not-sampled
149:ProtoKusunda,149,the otter,,ProtoKusunda,reconstruction,,∅,do not remember,,,,,skipped,source marks no installable form,,,,,,missing-form;source-uncertainty,not-sampled
149:KusundaGM,149,the otter,,KusundaGM,speaker,Gyani Maiya Sen Kusunda,∅,,,,,,skipped,source marks no installable form,,,,,,missing-form,not-sampled
149:KusundaK,149,the otter,,KusundaK,speaker,Kamala Khatri (Sen Kusunda),∅,,,,,,skipped,source marks no installable form,,,,,,missing-form,not-sampled
150:ProtoKusunda,150,outside,762,ProtoKusunda,reconstruction,,baɴ.ʣa,,ProtoKusunda-150_outside-1,baɴ.ʣa,baɴ.ʣa,b a ɴ + dz a,ingested,released CLDF lexeme,Kusunda,outside,,"aaley-bodt2020kusunda[concept 150, ground-form reconstruction, upstream ProtoKusunda-150_outside-1]",ProtoKusunda-150_outside-1,,not-sampled
150:KusundaGM,150,outside,762,KusundaGM,speaker,Gyani Maiya Sen Kusunda,bɐŋ.ʣaː,,KusundaGM-150_outside-1,bɐŋ.ʣaː,bɐŋ.ʣaː,b ɐ ŋ + dz aː,ingested,released CLDF lexeme,Kusunda,outside,,"aaley-bodt2020kusunda[concept 150, speaker Gyani Maiya Sen Kusunda, upstream KusundaGM-150_outside-1]",KusundaGM-150_outside-1,,not-sampled
150:KusundaK,150,outside,762,KusundaK,speaker,Kamala Khatri (Sen Kusunda),bãː.ʤaː,~ bãː.ʣaː,KusundaK-150_outside-1,bãː.ʤaː,bãː.ʤaː,b ãː + dʒ aː,ingested,released CLDF lexeme,Kusunda,outside,,"aaley-bodt2020kusunda[concept 150, speaker Kamala Khatri (Sen Kusunda), upstream KusundaK-150_outside-1]",KusundaK-150_outside-1,,not-sampled
151:ProtoKusunda,151,the pig,1337,ProtoKusunda,reconstruction,,hi,,ProtoKusunda-151_thepig-1,hi,hi,h i,ingested,released CLDF lexeme,Kusunda,the pig,noun,"aaley-bodt2020kusunda[concept 151, ground-form reconstruction, upstream ProtoKusunda-151_thepig-1]",ProtoKusunda-151_thepig-1,,not-sampled
151:KusundaGM,151,the pig,1337,KusundaGM,speaker,Gyani Maiya Sen Kusunda,hiː,,KusundaGM-151_thepig-1,hiː,hiː,h iː,ingested,released CLDF lexeme,Kusunda,the pig,noun,"aaley-bodt2020kusunda[concept 151, speaker Gyani Maiya Sen Kusunda, upstream KusundaGM-151_thepig-1]",KusundaGM-151_thepig-1,,verified-no-material-error
151:KusundaK,151,the pig,1337,KusundaK,speaker,Kamala Khatri (Sen Kusunda),hiː,wild boar = ‘gi.laŋ hiː’ FOREST + PIG,KusundaK-151_thepig-1,hiː,hiː,h iː,ingested,released CLDF lexeme,Kusunda,the pig,noun,"aaley-bodt2020kusunda[concept 151, speaker Kamala Khatri (Sen Kusunda), upstream KusundaK-151_thepig-1]",KusundaK-151_thepig-1,,not-sampled
152:ProtoKusunda,152,"to plant (vegetables, rice)",1486,ProtoKusunda,reconstruction,,lɐ.bə,,ProtoKusunda-152_toplantvegetalsrice-1,lɐ.bə,lɐ.bə,l ɐ + b ə,ingested,released CLDF lexeme,Kusunda,"to plant (vegetals, rice)",verb,"aaley-bodt2020kusunda[concept 152, ground-form reconstruction, upstream ProtoKusunda-152_toplantvegetalsrice-1]",ProtoKusunda-152_toplantvegetalsrice-1,,not-sampled
152:KusundaGM,152,"to plant (vegetables, rice)",1486,KusundaGM,speaker,Gyani Maiya Sen Kusunda,lɐ.bə aː.gɔː,#ERROR!,KusundaGM-152_toplantvegetalsrice-1,lɐ.bə aː.gɔː,lɐ.bə aː.gɔː,l ɐ + b ə + aː + g ɔː,ingested,released CLDF lexeme,Kusunda,"to plant (vegetals, rice)",verb uncertain,"aaley-bodt2020kusunda[concept 152, speaker Gyani Maiya Sen Kusunda, upstream KusundaGM-152_toplantvegetalsrice-1]",KusundaGM-152_toplantvegetalsrice-1,upstream-spreadsheet-error-in-comment,not-sampled
152:KusundaK,152,"to plant (vegetables, rice)",1486,KusundaK,speaker,Kamala Khatri (Sen Kusunda),lɐ.bə ɐ.gɔː,#ERROR!,KusundaK-152_toplantvegetalsrice-1,lɐ.bə ɐ.gɔː,lɐ.bə ɐ.gɔː,l ɐ + b ə + ɐ + g ɔː,ingested,released CLDF lexeme,Kusunda,"to plant (vegetals, rice)",verb uncertain,"aaley-bodt2020kusunda[concept 152, speaker Kamala Khatri (Sen Kusunda), upstream KusundaK-152_toplantvegetalsrice-1]",KusundaK-152_toplantvegetalsrice-1,upstream-spreadsheet-error-in-comment,not-sampled
153:ProtoKusunda,153,to play,1413,ProtoKusunda,reconstruction,,li.buŋ,,ProtoKusunda-153_toplay-1,li.buŋ,li.buŋ,l i + b u ŋ,ingested,released CLDF lexeme,Kusunda,to play,verb,"aaley-bodt2020kusunda[concept 153, ground-form reconstruction, upstream ProtoKusunda-153_toplay-1]",ProtoKusunda-153_toplay-1,,not-sampled
153:KusundaGM,153,to play,1413,KusundaGM,speaker,Gyani Maiya Sen Kusunda,li.buŋ aː.gɔː,,KusundaGM-153_toplay-1,li.buŋ aː.gɔː,li.buŋ aː.gɔː,l i + b u ŋ + aː + g ɔː,ingested,released CLDF lexeme,Kusunda,to play,verb,"aaley-bodt2020kusunda[concept 153, speaker Gyani Maiya Sen Kusunda, upstream KusundaGM-153_toplay-1]",KusundaGM-153_toplay-1,,not-sampled
153:KusundaK,153,to play,1413,KusundaK,speaker,Kamala Khatri (Sen Kusunda),li.buŋ.t̪ɔː,,KusundaK-153_toplay-1,li.buŋ.t̪ɔː,li.buŋ.t̪ɔː,l i + b u ŋ + t̪ ɔː,ingested,released CLDF lexeme,Kusunda,to play,verb,"aaley-bodt2020kusunda[concept 153, speaker Kamala Khatri (Sen Kusunda), upstream KusundaK-153_toplay-1]",KusundaK-153_toplay-1,,not-sampled
154:ProtoKusunda,154,to pull,1455,ProtoKusunda,reconstruction,,ru,,ProtoKusunda-154_topull-1,ru,ru,r u,ingested,released CLDF lexeme,Kusunda,to pull,verb,"aaley-bodt2020kusunda[concept 154, ground-form reconstruction, upstream ProtoKusunda-154_topull-1]",ProtoKusunda-154_topull-1,,not-sampled
154:KusundaGM,154,to pull,1455,KusundaGM,speaker,Gyani Maiya Sen Kusunda,ruː aː.gɔː,,KusundaGM-154_topull-1,ruː aː.gɔː,ruː aː.gɔː,r uː + aː + g ɔː,ingested,released CLDF lexeme,Kusunda,to pull,verb,"aaley-bodt2020kusunda[concept 154, speaker Gyani Maiya Sen Kusunda, upstream KusundaGM-154_topull-1]",KusundaGM-154_topull-1,,not-sampled
154:KusundaK,154,to pull,1455,KusundaK,speaker,Kamala Khatri (Sen Kusunda),ruː ɐ.gɔː,,KusundaK-154_topull-1,ruː ɐ.gɔː,ruː ɐ.gɔː,r uː + ɐ + g ɔː,ingested,released CLDF lexeme,Kusunda,to pull,verb,"aaley-bodt2020kusunda[concept 154, speaker Kamala Khatri (Sen Kusunda), upstream KusundaK-154_topull-1]",KusundaK-154_topull-1,,not-sampled
155:ProtoKusunda,155,to push,1452,ProtoKusunda,reconstruction,,dʰu.sə,,ProtoKusunda-155_topush-1,dʰu.sə,dʰu.sə,dʰ u + s ə,ingested,released CLDF lexeme,Kusunda,to push,verb,"aaley-bodt2020kusunda[concept 155, ground-form reconstruction, upstream ProtoKusunda-155_topush-1]",ProtoKusunda-155_topush-1,,not-sampled
155:KusundaGM,155,to push,1452,KusundaGM,speaker,Gyani Maiya Sen Kusunda,d̪u.sə aː.gɔː,,KusundaGM-155_topush-1,d̪u.sə aː.gɔː,d̪u.sə aː.gɔː,d̪ u + s ə + aː + g ɔː,ingested,released CLDF lexeme,Kusunda,to push,verb,"aaley-bodt2020kusunda[concept 155, speaker Gyani Maiya Sen Kusunda, upstream KusundaGM-155_topush-1]",KusundaGM-155_topush-1,,not-sampled
155:KusundaK,155,to push,1452,KusundaK,speaker,Kamala Khatri (Sen Kusunda),d̪ʰu.sə ɐ.gɔː,,KusundaK-155_topush-1,d̪ʰu.sə ɐ.gɔː,d̪ʰu.sə ɐ.gɔː,d̪ʰ u + s ə + ɐ + g ɔː,ingested,released CLDF lexeme,Kusunda,to push,verb,"aaley-bodt2020kusunda[concept 155, speaker Kamala Khatri (Sen Kusunda), upstream KusundaK-155_topush-1]",KusundaK-155_topush-1,,not-sampled
156:ProtoKusunda,156,the rain,658,ProtoKusunda,reconstruction,,tɐŋ,#NAME?,ProtoKusunda-156_therain-1,tɐŋ,tɐŋ,t ɐ ŋ,ingested,released CLDF lexeme,Kusunda,the rain,noun uncertain,"aaley-bodt2020kusunda[concept 156, ground-form reconstruction, upstream ProtoKusunda-156_therain-1]",ProtoKusunda-156_therain-1,upstream-spreadsheet-error-in-comment,not-sampled
156:KusundaGM,156,the rain,658,KusundaGM,speaker,Gyani Maiya Sen Kusunda,t̪ɐŋ ʣʰaw.ʣiː,,KusundaGM-156_therain-1,t̪ɐŋ ʣʰaw.ʣiː,t̪ɐŋ ʣʰaw.ʣiː,t̪ ɐ ŋ + dzʰ a w + dz iː,ingested,released CLDF lexeme,Kusunda,the rain,noun,"aaley-bodt2020kusunda[concept 156, speaker Gyani Maiya Sen Kusunda, upstream KusundaGM-156_therain-1]",KusundaGM-156_therain-1,,not-sampled
156:KusundaK,156,the rain,658,KusundaK,speaker,Kamala Khatri (Sen Kusunda),t̪ɐŋ ʤi.hun,lit. WATER + FALL,KusundaK-156_therain-1,t̪ɐŋ ʤi.hun,t̪ɐŋ ʤi.hun,t̪ ɐ ŋ + dʒ i + h u n,ingested,released CLDF lexeme,Kusunda,the rain,noun,"aaley-bodt2020kusunda[concept 156, speaker Kamala Khatri (Sen Kusunda), upstream KusundaK-156_therain-1]",KusundaK-156_therain-1,,not-sampled
157:ProtoKusunda,157,the rainbow,,ProtoKusunda,reconstruction,,∅,concept does not exist?,,,,,skipped,source marks no installable form,,,,,,missing-form;source-uncertainty,not-sampled
157:KusundaGM,157,the rainbow,,KusundaGM,speaker,Gyani Maiya Sen Kusunda,∅,,,,,,skipped,source marks no installable form,,,,,,missing-form,not-sampled
157:KusundaK,157,the rainbow,,KusundaK,speaker,Kamala Khatri (Sen Kusunda),∅,,,,,,skipped,source marks no installable form,,,,,,missing-form,not-sampled
158:ProtoKusunda,158,red,156,ProtoKusunda,reconstruction,,kʰɐ.rə.gun,,ProtoKusunda-158_red-1,kʰɐ.rə.gun,kʰɐ.rə.gun,kʰ ɐ + r ə + g u n,ingested,released CLDF lexeme,Kusunda,red,,"aaley-bodt2020kusunda[concept 158, ground-form reconstruction, upstream ProtoKusunda-158_red-1]",ProtoKusunda-158_red-1,,not-sampled
158:KusundaGM,158,red,156,KusundaGM,speaker,Gyani Maiya Sen Kusunda,kʰɐ.rə.gun,,KusundaGM-158_red-1,kʰɐ.rə.gun,kʰɐ.rə.gun,kʰ ɐ + r ə + g u n,ingested,released CLDF lexeme,Kusunda,red,,"aaley-bodt2020kusunda[concept 158, speaker Gyani Maiya Sen Kusunda, upstream KusundaGM-158_red-1]",KusundaGM-158_red-1,,not-sampled
158:KusundaK,158,red,156,KusundaK,speaker,Kamala Khatri (Sen Kusunda),kʰɐ.run,contraction of kʰɐ.rə.gun,KusundaK-158_red-1,kʰɐ.run,kʰɐ.run,kʰ ɐ + r u n,ingested,released CLDF lexeme,Kusunda,red,,"aaley-bodt2020kusunda[concept 158, speaker Kamala Khatri (Sen Kusunda), upstream KusundaK-158_red-1]",KusundaK-158_red-1,,not-sampled
159:ProtoKusunda,159,to reside (live),363,ProtoKusunda,reconstruction,,haɴ,,ProtoKusunda-159_toresidelive-1,haɴ,haɴ,h a ɴ,ingested,released CLDF lexeme,Kusunda,to reside (live),verb,"aaley-bodt2020kusunda[concept 159, ground-form reconstruction, upstream ProtoKusunda-159_toresidelive-1]",ProtoKusunda-159_toresidelive-1,,not-sampled
159:KusundaGM,159,to reside (live),363,KusundaGM,speaker,Gyani Maiya Sen Kusunda,hɐŋ.nuː,,KusundaGM-159_toresidelive-1,hɐŋ.nuː,hɐŋ.nuː,h ɐ ŋ + n uː,ingested,released CLDF lexeme,Kusunda,to reside (live),verb,"aaley-bodt2020kusunda[concept 159, speaker Gyani Maiya Sen Kusunda, upstream KusundaGM-159_toresidelive-1]",KusundaGM-159_toresidelive-1,,not-sampled
159:KusundaK,159,to reside (live),363,KusundaK,speaker,Kamala Khatri (Sen Kusunda),hãː.nu,hãː.nu (K) ~ haŋ.nu (GM) < haɴ.nuː ‘sit down’; bʰʲɔŋ.tu,KusundaK-159_toresidelive-1,hãː.nu,hãː.nu,h ãː + n u,ingested,released CLDF lexeme,Kusunda,to reside (live),verb,"aaley-bodt2020kusunda[concept 159, speaker Kamala Khatri (Sen Kusunda), upstream KusundaK-159_toresidelive-1]",KusundaK-159_toresidelive-1,,not-sampled
160:ProtoKusunda,160,the rice plant,2026,ProtoKusunda,reconstruction,,si.sin,,ProtoKusunda-160_thericeplant-1,si.sin,si.sin,s i + s i n,ingested,released CLDF lexeme,Kusunda,the rice plant,noun,"aaley-bodt2020kusunda[concept 160, ground-form reconstruction, upstream ProtoKusunda-160_thericeplant-1]",ProtoKusunda-160_thericeplant-1,,not-sampled
160:KusundaGM,160,the rice plant,2026,KusundaGM,speaker,Gyani Maiya Sen Kusunda,si.sin,,KusundaGM-160_thericeplant-1,si.sin,si.sin,s i + s i n,ingested,released CLDF lexeme,Kusunda,the rice plant,noun,"aaley-bodt2020kusunda[concept 160, speaker Gyani Maiya Sen Kusunda, upstream KusundaGM-160_thericeplant-1]",KusundaGM-160_thericeplant-1,,not-sampled
160:KusundaK,160,the rice plant,2026,KusundaK,speaker,Kamala Khatri (Sen Kusunda),si.sin,KGG_310719_D1,KusundaK-160_thericeplant-1,si.sin,si.sin,s i + s i n,ingested,released CLDF lexeme,Kusunda,the rice plant,noun,"aaley-bodt2020kusunda[concept 160, speaker Kamala Khatri (Sen Kusunda), upstream KusundaK-160_thericeplant-1]",KusundaK-160_thericeplant-1,,not-sampled
161:ProtoKusunda,161,right,,ProtoKusunda,reconstruction,,∅,concept does not exist?,,,,,skipped,source marks no installable form,,,,,,missing-form;source-uncertainty,not-sampled
161:KusundaGM,161,right,,KusundaGM,speaker,Gyani Maiya Sen Kusunda,∅,,,,,,skipped,source marks no installable form,,,,,,missing-form,not-sampled
161:KusundaK,161,right,,KusundaK,speaker,Kamala Khatri (Sen Kusunda),∅,,,,,,skipped,source marks no installable form,,,,,,missing-form,not-sampled
162:ProtoKusunda,162,the river,,ProtoKusunda,reconstruction,,∅,do not remember,,,,,skipped,source marks no installable form,,,,,,missing-form;source-uncertainty,not-sampled
162:KusundaGM,162,the river,,KusundaGM,speaker,Gyani Maiya Sen Kusunda,∅,am.bʲɛk ‘mango’,,,,,skipped,source marks no installable form,,,,,,missing-form,not-sampled
162:KusundaK,162,the river,,KusundaK,speaker,Kamala Khatri (Sen Kusunda),∅,,,,,,skipped,source marks no installable form,,,,,,missing-form,not-sampled
163:ProtoKusunda,163,the road,667,ProtoKusunda,reconstruction,,un,,ProtoKusunda-163_theroad-1,un,un,u n,ingested,released CLDF lexeme,Kusunda,the road,noun,"aaley-bodt2020kusunda[concept 163, ground-form reconstruction, upstream ProtoKusunda-163_theroad-1]",ProtoKusunda-163_theroad-1,,not-sampled
163:KusundaGM,163,the road,667,KusundaGM,speaker,Gyani Maiya Sen Kusunda,un,,KusundaGM-163_theroad-1,un,un,u n,ingested,released CLDF lexeme,Kusunda,the road,noun,"aaley-bodt2020kusunda[concept 163, speaker Gyani Maiya Sen Kusunda, upstream KusundaGM-163_theroad-1]",KusundaGM-163_theroad-1,,not-sampled
163:KusundaK,163,the road,667,KusundaK,speaker,Kamala Khatri (Sen Kusunda),uːn,,KusundaK-163_theroad-1,uːn,uːn,uː n,ingested,released CLDF lexeme,Kusunda,the road,noun,"aaley-bodt2020kusunda[concept 163, speaker Kamala Khatri (Sen Kusunda), upstream KusundaK-163_theroad-1]",KusundaK-163_theroad-1,,not-sampled
164:ProtoKusunda,164,the root,670,ProtoKusunda,reconstruction,,go.dok,,ProtoKusunda-164_theroot-1,go.dok,go.dok,g o + d o k,ingested,released CLDF lexeme,Kusunda,the root,noun,"aaley-bodt2020kusunda[concept 164, ground-form reconstruction, upstream ProtoKusunda-164_theroot-1]",ProtoKusunda-164_theroot-1,,not-sampled
164:KusundaGM,164,the root,670,KusundaGM,speaker,Gyani Maiya Sen Kusunda,gɔ.dɔk,,KusundaGM-164_theroot-1,gɔ.dɔk,gɔ.dɔk,g ɔ + d ɔ k,ingested,released CLDF lexeme,Kusunda,the root,noun,"aaley-bodt2020kusunda[concept 164, speaker Gyani Maiya Sen Kusunda, upstream KusundaGM-164_theroot-1]",KusundaGM-164_theroot-1,,not-sampled
164:KusundaK,164,the root,670,KusundaK,speaker,Kamala Khatri (Sen Kusunda),gɔ.dɔk,,KusundaK-164_theroot-1,gɔ.dɔk,gɔ.dɔk,g ɔ + d ɔ k,ingested,released CLDF lexeme,Kusunda,the root,noun,"aaley-bodt2020kusunda[concept 164, speaker Kamala Khatri (Sen Kusunda), upstream KusundaK-164_theroot-1]",KusundaK-164_theroot-1,,not-sampled
165:ProtoKusunda,165,the rope,1218,ProtoKusunda,reconstruction,,su.ta,,ProtoKusunda-165_therope-1,su.ta,su.ta,s u + t a,ingested,released CLDF lexeme,Kusunda,the rope,noun,"aaley-bodt2020kusunda[concept 165, ground-form reconstruction, upstream ProtoKusunda-165_therope-1]",ProtoKusunda-165_therope-1,,not-sampled
165:KusundaGM,165,the rope,1218,KusundaGM,speaker,Gyani Maiya Sen Kusunda,su.t̪aː,,KusundaGM-165_therope-1,su.t̪aː,su.t̪aː,s u + t̪ aː,ingested,released CLDF lexeme,Kusunda,the rope,noun,"aaley-bodt2020kusunda[concept 165, speaker Gyani Maiya Sen Kusunda, upstream KusundaGM-165_therope-1]",KusundaGM-165_therope-1,,not-sampled
165:KusundaK,165,the rope,1218,KusundaK,speaker,Kamala Khatri (Sen Kusunda),su.t̪aː,"aːt̪ ‘snare, trap’",KusundaK-165_therope-1,su.t̪aː,su.t̪aː,s u + t̪ aː,ingested,released CLDF lexeme,Kusunda,the rope,noun,"aaley-bodt2020kusunda[concept 165, speaker Kamala Khatri (Sen Kusunda), upstream KusundaK-165_therope-1]",KusundaK-165_therope-1,,not-sampled
166:ProtoKusunda,166,round,1395,ProtoKusunda,reconstruction,,gu.luŋ,,ProtoKusunda-166_round-1,gu.luŋ,gu.luŋ,g u + l u ŋ,ingested,released CLDF lexeme,Kusunda,round,,"aaley-bodt2020kusunda[concept 166, ground-form reconstruction, upstream ProtoKusunda-166_round-1]",ProtoKusunda-166_round-1,,not-sampled
166:KusundaGM,166,round,1395,KusundaGM,speaker,Gyani Maiya Sen Kusunda,gu.luŋ,~ gɔ.luŋ,KusundaGM-166_round-1,gu.luŋ,gu.luŋ,g u + l u ŋ,ingested,released CLDF lexeme,Kusunda,round,,"aaley-bodt2020kusunda[concept 166, speaker Gyani Maiya Sen Kusunda, upstream KusundaGM-166_round-1]",KusundaGM-166_round-1,,not-sampled
166:KusundaK,166,round,1395,KusundaK,speaker,Kamala Khatri (Sen Kusunda),gu.luŋ.di,~ gu.luŋ,KusundaK-166_round-1,gu.luŋ.di,gu.luŋ.di,g u + l u ŋ + d i,ingested,released CLDF lexeme,Kusunda,round,,"aaley-bodt2020kusunda[concept 166, speaker Kamala Khatri (Sen Kusunda), upstream KusundaK-166_round-1]",KusundaK-166_round-1,,not-sampled
167:ProtoKusunda,167,to run,1519,ProtoKusunda,reconstruction,,pʰur.pʰur,,ProtoKusunda-167_torun-1,pʰur.pʰur,pʰur.pʰur,pʰ u r + pʰ u r,ingested,released CLDF lexeme,Kusunda,to run,verb,"aaley-bodt2020kusunda[concept 167, ground-form reconstruction, upstream ProtoKusunda-167_torun-1]",ProtoKusunda-167_torun-1,,not-sampled
167:KusundaGM,167,to run,1519,KusundaGM,speaker,Gyani Maiya Sen Kusunda,pʰur.pʰur.t̪ɔː,,KusundaGM-167_torun-1,pʰur.pʰur.t̪ɔː,pʰur.pʰur.t̪ɔː,pʰ u r + pʰ u r + t̪ ɔː,ingested,released CLDF lexeme,Kusunda,to run,verb,"aaley-bodt2020kusunda[concept 167, speaker Gyani Maiya Sen Kusunda, upstream KusundaGM-167_torun-1]",KusundaGM-167_torun-1,,not-sampled
167:KusundaK,167,to run,1519,KusundaK,speaker,Kamala Khatri (Sen Kusunda),pʰur.pʰur.t̪ɔː,,KusundaK-167_torun-1,pʰur.pʰur.t̪ɔː,pʰur.pʰur.t̪ɔː,pʰ u r + pʰ u r + t̪ ɔː,ingested,released CLDF lexeme,Kusunda,to run,verb,"aaley-bodt2020kusunda[concept 167, speaker Kamala Khatri (Sen Kusunda), upstream KusundaK-167_torun-1]",KusundaK-167_torun-1,,verified-no-material-error
168:ProtoKusunda,168,the salt,1274,ProtoKusunda,reconstruction,,hu.ki,,ProtoKusunda-168_thesalt-1,hu.ki,hu.ki,h u + k i,ingested,released CLDF lexeme,Kusunda,the salt,noun,"aaley-bodt2020kusunda[concept 168, ground-form reconstruction, upstream ProtoKusunda-168_thesalt-1]",ProtoKusunda-168_thesalt-1,,not-sampled
168:KusundaGM,168,the salt,1274,KusundaGM,speaker,Gyani Maiya Sen Kusunda,hu.kiː,,KusundaGM-168_thesalt-1,hu.kiː,hu.kiː,h u + k iː,ingested,released CLDF lexeme,Kusunda,the salt,noun,"aaley-bodt2020kusunda[concept 168, speaker Gyani Maiya Sen Kusunda, upstream KusundaGM-168_thesalt-1]",KusundaGM-168_thesalt-1,,not-sampled
168:KusundaK,168,the salt,1274,KusundaK,speaker,Kamala Khatri (Sen Kusunda),hu.kiː,,KusundaK-168_thesalt-1,hu.kiː,hu.kiː,h u + k iː,ingested,released CLDF lexeme,Kusunda,the salt,noun,"aaley-bodt2020kusunda[concept 168, speaker Kamala Khatri (Sen Kusunda), upstream KusundaK-168_thesalt-1]",KusundaK-168_thesalt-1,,not-sampled
169:ProtoKusunda,169,salty,1091,ProtoKusunda,reconstruction,,hu.ki ɐm,SALT + EAT,ProtoKusunda-169_salty-1,hu.ki ɐm,hu.ki ɐm,h u + k i + ɐ m,ingested,released CLDF lexeme,Kusunda,salty,,"aaley-bodt2020kusunda[concept 169, ground-form reconstruction, upstream ProtoKusunda-169_salty-1]",ProtoKusunda-169_salty-1,,not-sampled
169:KusundaGM,169,salty,1091,KusundaGM,speaker,Gyani Maiya Sen Kusunda,hu.ki ɐm,,KusundaGM-169_salty-1,hu.ki ɐm,hu.ki ɐm,h u + k i + ɐ m,ingested,released CLDF lexeme,Kusunda,salty,,"aaley-bodt2020kusunda[concept 169, speaker Gyani Maiya Sen Kusunda, upstream KusundaGM-169_salty-1]",KusundaGM-169_salty-1,,not-sampled
169:KusundaK,169,salty,1091,KusundaK,speaker,Kamala Khatri (Sen Kusunda),hu.kiː ɐm,SALT + EAT aːm ‘banana’,KusundaK-169_salty-1,hu.kiː ɐm,hu.kiː ɐm,h u + k iː + ɐ m,ingested,released CLDF lexeme,Kusunda,salty,,"aaley-bodt2020kusunda[concept 169, speaker Kamala Khatri (Sen Kusunda), upstream KusundaK-169_salty-1]",KusundaK-169_salty-1,,not-sampled
170:ProtoKusunda,170,the sand,671,ProtoKusunda,reconstruction,,gə.li,,ProtoKusunda-170_thesand-1,gə.li,gə.li,g ə + l i,ingested,released CLDF lexeme,Kusunda,the sand,noun,"aaley-bodt2020kusunda[concept 170, ground-form reconstruction, upstream ProtoKusunda-170_thesand-1]",ProtoKusunda-170_thesand-1,,not-sampled
170:KusundaGM,170,the sand,671,KusundaGM,speaker,Gyani Maiya Sen Kusunda,gə.liː,,KusundaGM-170_thesand-1,gə.liː,gə.liː,g ə + l iː,ingested,released CLDF lexeme,Kusunda,the sand,noun,"aaley-bodt2020kusunda[concept 170, speaker Gyani Maiya Sen Kusunda, upstream KusundaGM-170_thesand-1]",KusundaGM-170_thesand-1,,not-sampled
170:KusundaK,170,the sand,671,KusundaK,speaker,Kamala Khatri (Sen Kusunda),gə.liː,piː ɐ.gɔː ‘uproot’,KusundaK-170_thesand-1,gə.liː,gə.liː,g ə + l iː,ingested,released CLDF lexeme,Kusunda,the sand,noun,"aaley-bodt2020kusunda[concept 170, speaker Kamala Khatri (Sen Kusunda), upstream KusundaK-170_thesand-1]",KusundaK-170_thesand-1,,not-sampled
171:ProtoKusunda,171,to scratch,1436,ProtoKusunda,reconstruction,,∅,no consensus,,,,,skipped,source marks no installable form,,,,,,missing-form;source-uncertainty,not-sampled
171:KusundaGM,171,to scratch,1436,KusundaGM,speaker,Gyani Maiya Sen Kusunda,jɔw.jɔw aː.gɔː,,KusundaGM-171_toscratch-1,jɔw.jɔw aː.gɔː,jɔw.jɔw aː.gɔː,j ɔ w + j ɔ w + aː + g ɔː,ingested,released CLDF lexeme,Kusunda,to scratch,verb,"aaley-bodt2020kusunda[concept 171, speaker Gyani Maiya Sen Kusunda, upstream KusundaGM-171_toscratch-1]",KusundaGM-171_toscratch-1,,not-sampled
171:KusundaK,171,to scratch,1436,KusundaK,speaker,Kamala Khatri (Sen Kusunda),i.wə ɐ.gɔː,,KusundaK-171_toscratch-1,i.wə ɐ.gɔː,i.wə ɐ.gɔː,i + w ə + ɐ + g ɔː,ingested,released CLDF lexeme,Kusunda,to scratch,verb,"aaley-bodt2020kusunda[concept 171, speaker Kamala Khatri (Sen Kusunda), upstream KusundaK-171_toscratch-1]",KusundaK-171_toscratch-1,,not-sampled
172:ProtoKusunda,172,the sea,,ProtoKusunda,reconstruction,,∅,concept does not exist,,,,,skipped,source marks no installable form,,,,,,missing-form;source-uncertainty,not-sampled
172:KusundaGM,172,the sea,,KusundaGM,speaker,Gyani Maiya Sen Kusunda,∅,,,,,,skipped,source marks no installable form,,,,,,missing-form,not-sampled
172:KusundaK,172,the sea,,KusundaK,speaker,Kamala Khatri (Sen Kusunda),∅,,,,,,skipped,source marks no installable form,,,,,,missing-form,not-sampled
173:ProtoKusunda,173,to see,1409,ProtoKusunda,reconstruction,,gɐɴ,,ProtoKusunda-173_tosee-1,gɐɴ,gɐɴ,g ɐ ɴ,ingested,released CLDF lexeme,Kusunda,to see,verb,"aaley-bodt2020kusunda[concept 173, ground-form reconstruction, upstream ProtoKusunda-173_tosee-1]",ProtoKusunda-173_tosee-1,,not-sampled
173:KusundaGM,173,to see,1409,KusundaGM,speaker,Gyani Maiya Sen Kusunda,gɐŋ.nuː,,KusundaGM-173_tosee-1,gɐŋ.nuː,gɐŋ.nuː,g ɐ ŋ + n uː,ingested,released CLDF lexeme,Kusunda,to see,verb,"aaley-bodt2020kusunda[concept 173, speaker Gyani Maiya Sen Kusunda, upstream KusundaGM-173_tosee-1]",KusundaGM-173_tosee-1,,not-sampled
173:KusundaK,173,to see,1409,KusundaK,speaker,Kamala Khatri (Sen Kusunda),gɐ̃ː.nu,"(K), ~ gɐŋ.nu (GM) < gɐɴ.nu",KusundaK-173_tosee-1,gɐ̃ː.nu,gɐ̃ː.nu,g ɐ̃ː + n u,ingested,released CLDF lexeme,Kusunda,to see,verb,"aaley-bodt2020kusunda[concept 173, speaker Kamala Khatri (Sen Kusunda), upstream KusundaK-173_tosee-1]",KusundaK-173_tosee-1,,not-sampled
174:ProtoKusunda,174,the seed,,ProtoKusunda,reconstruction,,∅,concept does not exist?,,,,,skipped,source marks no installable form,,,,,,missing-form;source-uncertainty,not-sampled
174:KusundaGM,174,the seed,,KusundaGM,speaker,Gyani Maiya Sen Kusunda,∅,,,,,,skipped,source marks no installable form,,,,,,missing-form,not-sampled
174:KusundaK,174,the seed,,KusundaK,speaker,Kamala Khatri (Sen Kusunda),∅,,,,,,skipped,source marks no installable form,,,,,,missing-form,not-sampled
175:ProtoKusunda,175,seven,1704,ProtoKusunda,reconstruction,,sat,< NEPसातsāt ‘seven’,ProtoKusunda-175_seven-1,sat,sat,s a t,ingested,released CLDF lexeme,Kusunda,seven,num loanword loan:Nepali,"aaley-bodt2020kusunda[concept 175, ground-form reconstruction, upstream ProtoKusunda-175_seven-1]",ProtoKusunda-175_seven-1,,not-sampled
175:KusundaGM,175,seven,1704,KusundaGM,speaker,Gyani Maiya Sen Kusunda,saːt̪,< NEPसातsāt ‘seven’,KusundaGM-175_seven-1,saːt̪,saːt̪,s aː t̪,ingested,released CLDF lexeme,Kusunda,seven,num loanword loan:Nepali,"aaley-bodt2020kusunda[concept 175, speaker Gyani Maiya Sen Kusunda, upstream KusundaGM-175_seven-1]",KusundaGM-175_seven-1,,not-sampled
175:KusundaK,175,seven,1704,KusundaK,speaker,Kamala Khatri (Sen Kusunda),saːt̪,< NEPसातsāt ‘seven’,KusundaK-175_seven-1,saːt̪,saːt̪,s aː t̪,ingested,released CLDF lexeme,Kusunda,seven,num loanword loan:Nepali,"aaley-bodt2020kusunda[concept 175, speaker Kamala Khatri (Sen Kusunda), upstream KusundaK-175_seven-1]",KusundaK-175_seven-1,,not-sampled
176:ProtoKusunda,176,sharp,1396,ProtoKusunda,reconstruction,,qan,,ProtoKusunda-176_sharp-1,qan,qan,q a n,ingested,released CLDF lexeme,Kusunda,sharp,,"aaley-bodt2020kusunda[concept 176, ground-form reconstruction, upstream ProtoKusunda-176_sharp-1]",ProtoKusunda-176_sharp-1,,not-sampled
176:KusundaGM,176,sharp,1396,KusundaGM,speaker,Gyani Maiya Sen Kusunda,qaːn,,KusundaGM-176_sharp-1,qaːn,qaːn,q aː n,ingested,released CLDF lexeme,Kusunda,sharp,,"aaley-bodt2020kusunda[concept 176, speaker Gyani Maiya Sen Kusunda, upstream KusundaGM-176_sharp-1]",KusundaGM-176_sharp-1,,not-sampled
176:KusundaK,176,sharp,1396,KusundaK,speaker,Kamala Khatri (Sen Kusunda),qaːn,~ qaː.an,KusundaK-176_sharp-1,qaːn,qaːn,q aː n,ingested,released CLDF lexeme,Kusunda,sharp,,"aaley-bodt2020kusunda[concept 176, speaker Kamala Khatri (Sen Kusunda), upstream KusundaK-176_sharp-1]",KusundaK-176_sharp-1,,not-sampled
177:ProtoKusunda,177,the sheep,1331,ProtoKusunda,reconstruction,,gʰo.loq,,ProtoKusunda-177_thesheep-1,gʰo.loq,gʰo.loq,gʰ o + l o q,ingested,released CLDF lexeme,Kusunda,the sheep,noun,"aaley-bodt2020kusunda[concept 177, ground-form reconstruction, upstream ProtoKusunda-177_thesheep-1]",ProtoKusunda-177_thesheep-1,,not-sampled
177:KusundaGM,177,the sheep,1331,KusundaGM,speaker,Gyani Maiya Sen Kusunda,gʰɔ.lɔχ,,KusundaGM-177_thesheep-1,gʰɔ.lɔχ,gʰɔ.lɔχ,gʰ ɔ + l ɔ χ,ingested,released CLDF lexeme,Kusunda,the sheep,noun,"aaley-bodt2020kusunda[concept 177, speaker Gyani Maiya Sen Kusunda, upstream KusundaGM-177_thesheep-1]",KusundaGM-177_thesheep-1,,not-sampled
177:KusundaK,177,the sheep,1331,KusundaK,speaker,Kamala Khatri (Sen Kusunda),gʰɔː.lɔq,,KusundaK-177_thesheep-1,gʰɔː.lɔq,gʰɔː.lɔq,gʰ ɔː + l ɔ q,ingested,released CLDF lexeme,Kusunda,the sheep,noun,"aaley-bodt2020kusunda[concept 177, speaker Kamala Khatri (Sen Kusunda), upstream KusundaK-177_thesheep-1]",KusundaK-177_thesheep-1,,not-sampled
178:ProtoKusunda,178,to shoot (an arrow),1172,ProtoKusunda,reconstruction,,pʰo,,ProtoKusunda-178_toshootanarrow-1,pʰo,pʰo,pʰ o,ingested,released CLDF lexeme,Kusunda,to shoot (an arrow),verb,"aaley-bodt2020kusunda[concept 178, ground-form reconstruction, upstream ProtoKusunda-178_toshootanarrow-1]",ProtoKusunda-178_toshootanarrow-1,,verified-no-material-error
178:KusundaGM,178,to shoot (an arrow),1172,KusundaGM,speaker,Gyani Maiya Sen Kusunda,pʰɔː aː.gɔ,,KusundaGM-178_toshootanarrow-1,pʰɔː aː.gɔ,pʰɔː aː.gɔ,pʰ ɔː + aː + g ɔ,ingested,released CLDF lexeme,Kusunda,to shoot (an arrow),verb,"aaley-bodt2020kusunda[concept 178, speaker Gyani Maiya Sen Kusunda, upstream KusundaGM-178_toshootanarrow-1]",KusundaGM-178_toshootanarrow-1,,not-sampled
178:KusundaK,178,to shoot (an arrow),1172,KusundaK,speaker,Kamala Khatri (Sen Kusunda),pʰɔː ɐ.gɔː,tut̪mʲu ‘bow arrow’,KusundaK-178_toshootanarrow-1,pʰɔː ɐ.gɔː,pʰɔː ɐ.gɔː,pʰ ɔː + ɐ + g ɔː,ingested,released CLDF lexeme,Kusunda,to shoot (an arrow),verb,"aaley-bodt2020kusunda[concept 178, speaker Kamala Khatri (Sen Kusunda), upstream KusundaK-178_toshootanarrow-1]",KusundaK-178_toshootanarrow-1,,not-sampled
179:ProtoKusunda,179,short,1645,ProtoKusunda,reconstruction,,pʰok.tok,,ProtoKusunda-179_short-1,pʰok.tok,pʰok.tok,pʰ o k + t o k,ingested,released CLDF lexeme,Kusunda,short,,"aaley-bodt2020kusunda[concept 179, ground-form reconstruction, upstream ProtoKusunda-179_short-1]",ProtoKusunda-179_short-1,,not-sampled
179:KusundaGM,179,short,1645,KusundaGM,speaker,Gyani Maiya Sen Kusunda,pʰɔk.t̪ɔk,,KusundaGM-179_short-1,pʰɔk.t̪ɔk,pʰɔk.t̪ɔk,pʰ ɔ k + t̪ ɔ k,ingested,released CLDF lexeme,Kusunda,short,,"aaley-bodt2020kusunda[concept 179, speaker Gyani Maiya Sen Kusunda, upstream KusundaGM-179_short-1]",KusundaGM-179_short-1,,not-sampled
179:KusundaK,179,short,1645,KusundaK,speaker,Kamala Khatri (Sen Kusunda),pʰɔ.t̪ɔk,,KusundaK-179_short-1,pʰɔ.t̪ɔk,pʰɔ.t̪ɔk,pʰ ɔ + t̪ ɔ k,ingested,released CLDF lexeme,Kusunda,short,,"aaley-bodt2020kusunda[concept 179, speaker Kamala Khatri (Sen Kusunda), upstream KusundaK-179_short-1]",KusundaK-179_short-1,,not-sampled
180:ProtoKusunda,180,the shoulder,,ProtoKusunda,reconstruction,,∅,do not remember,,,,,skipped,source marks no installable form,,,,,,missing-form;source-uncertainty,not-sampled
180:KusundaGM,180,the shoulder,,KusundaGM,speaker,Gyani Maiya Sen Kusunda,∅,,,,,,skipped,source marks no installable form,,,,,,missing-form,not-sampled
180:KusundaK,180,the shoulder,,KusundaK,speaker,Kamala Khatri (Sen Kusunda),∅,,,,,,skipped,source marks no installable form,,,,,,missing-form,not-sampled
181:ProtoKusunda,181,shy,487,ProtoKusunda,reconstruction,,kʰe,,ProtoKusunda-181_shy-1,kʰe,kʰe,kʰ e,ingested,released CLDF lexeme,Kusunda,shy,,"aaley-bodt2020kusunda[concept 181, ground-form reconstruction, upstream ProtoKusunda-181_shy-1]",ProtoKusunda-181_shy-1,,not-sampled
181:KusundaGM,181,shy,487,KusundaGM,speaker,Gyani Maiya Sen Kusunda,kʰʲɛː,,KusundaGM-181_shy-1,kʰʲɛː,kʰʲɛː,kʲʰ ɛː,ingested,released CLDF lexeme,Kusunda,shy,,"aaley-bodt2020kusunda[concept 181, speaker Gyani Maiya Sen Kusunda, upstream KusundaGM-181_shy-1]",KusundaGM-181_shy-1,,not-sampled
181:KusundaK,181,shy,487,KusundaK,speaker,Kamala Khatri (Sen Kusunda),kʰʲɛː ɐ.gɔː,kʰʲɛː ɐ.ʤiː,KusundaK-181_shy-1,kʰʲɛː ɐ.gɔː,kʰʲɛː ɐ.gɔː,kʲʰ ɛː + ɐ + g ɔː,ingested,released CLDF lexeme,Kusunda,shy,,"aaley-bodt2020kusunda[concept 181, speaker Kamala Khatri (Sen Kusunda), upstream KusundaK-181_shy-1]",KusundaK-181_shy-1,,not-sampled
182:ProtoKusunda,182,the sickle,341,ProtoKusunda,reconstruction,,ba.kʰa,(also: woodpecker),ProtoKusunda-182_thesickle-1,ba.kʰa,ba.kʰa,b a + kʰ a,ingested,released CLDF lexeme,Kusunda,the sickle,noun,"aaley-bodt2020kusunda[concept 182, ground-form reconstruction, upstream ProtoKusunda-182_thesickle-1]",ProtoKusunda-182_thesickle-1,,not-sampled
182:KusundaGM,182,the sickle,341,KusundaGM,speaker,Gyani Maiya Sen Kusunda,baː.kʰaː,,KusundaGM-182_thesickle-1,baː.kʰaː,baː.kʰaː,b aː + kʰ aː,ingested,released CLDF lexeme,Kusunda,the sickle,noun,"aaley-bodt2020kusunda[concept 182, speaker Gyani Maiya Sen Kusunda, upstream KusundaGM-182_thesickle-1]",KusundaGM-182_thesickle-1,,not-sampled
182:KusundaK,182,the sickle,341,KusundaK,speaker,Kamala Khatri (Sen Kusunda),baː.kʰa,,KusundaK-182_thesickle-1,baː.kʰa,baː.kʰa,b aː + kʰ a,ingested,released CLDF lexeme,Kusunda,the sickle,noun,"aaley-bodt2020kusunda[concept 182, speaker Kamala Khatri (Sen Kusunda), upstream KusundaK-182_thesickle-1]",KusundaK-182_thesickle-1,,not-sampled
183:ProtoKusunda,183,to sing,1261,ProtoKusunda,reconstruction,,mɐŋ.la,,ProtoKusunda-183_tosing-1,mɐŋ.la,mɐŋ.la,m ɐ ŋ + l a,ingested,released CLDF lexeme,Kusunda,to sing,verb,"aaley-bodt2020kusunda[concept 183, ground-form reconstruction, upstream ProtoKusunda-183_tosing-1]",ProtoKusunda-183_tosing-1,,not-sampled
183:KusundaGM,183,to sing,1261,KusundaGM,speaker,Gyani Maiya Sen Kusunda,mɐŋ.laː aː.gɔː,~ mɐŋ.lɐŋ aːgɔː; SONG + DO,KusundaGM-183_tosing-1,mɐŋ.laː aː.gɔː,mɐŋ.laː aː.gɔː,m ɐ ŋ + l aː + aː + g ɔː,ingested,released CLDF lexeme,Kusunda,to sing,verb,"aaley-bodt2020kusunda[concept 183, speaker Gyani Maiya Sen Kusunda, upstream KusundaGM-183_tosing-1]",KusundaGM-183_tosing-1,,not-sampled
183:KusundaK,183,to sing,1261,KusundaK,speaker,Kamala Khatri (Sen Kusunda),mɐŋ ɐ.gɔː,contraction mɐŋ.lɐŋ < mɐŋ.laː < mɐŋ; lit. SONG + DO,KusundaK-183_tosing-1,mɐŋ ɐ.gɔː,mɐŋ ɐ.gɔː,m ɐ ŋ + ɐ + g ɔː,ingested,released CLDF lexeme,Kusunda,to sing,verb,"aaley-bodt2020kusunda[concept 183, speaker Kamala Khatri (Sen Kusunda), upstream KusundaK-183_tosing-1]",KusundaK-183_tosing-1,,not-sampled
184:ProtoKusunda,184,six,1703,ProtoKusunda,reconstruction,,ʦʰaː,< NEPछcha ‘six’,ProtoKusunda-184_six-1,ʦʰaː,ʦʰaː,tsʰ aː,ingested,released CLDF lexeme,Kusunda,six,num loanword loan:Nepali,"aaley-bodt2020kusunda[concept 184, ground-form reconstruction, upstream ProtoKusunda-184_six-1]",ProtoKusunda-184_six-1,,not-sampled
184:KusundaGM,184,six,1703,KusundaGM,speaker,Gyani Maiya Sen Kusunda,ʦʰa.gu.d̪aː,< NEPछcha ‘six’,KusundaGM-184_six-1,ʦʰa.gu.d̪aː,ʦʰa.gu.d̪aː,tsʰ a + g u + d̪ aː,ingested,released CLDF lexeme,Kusunda,six,num loanword loan:Nepali,"aaley-bodt2020kusunda[concept 184, speaker Gyani Maiya Sen Kusunda, upstream KusundaGM-184_six-1]",KusundaGM-184_six-1,,not-sampled
184:KusundaK,184,six,1703,KusundaK,speaker,Kamala Khatri (Sen Kusunda),ʦʰaː,< NEPछcha ‘six’,KusundaK-184_six-1,ʦʰaː,ʦʰaː,tsʰ aː,ingested,released CLDF lexeme,Kusunda,six,num loanword loan:Nepali,"aaley-bodt2020kusunda[concept 184, speaker Kamala Khatri (Sen Kusunda), upstream KusundaK-184_six-1]",KusundaK-184_six-1,,not-sampled
185:ProtoKusunda,185,the skin,763,ProtoKusunda,reconstruction,,gi.tət,,ProtoKusunda-185_theskin-1,gi.tət,gi.tət,g i + t ə t,ingested,released CLDF lexeme,Kusunda,the skin,noun,"aaley-bodt2020kusunda[concept 185, ground-form reconstruction, upstream ProtoKusunda-185_theskin-1]",ProtoKusunda-185_theskin-1,,not-sampled
185:KusundaGM,185,the skin,763,KusundaGM,speaker,Gyani Maiya Sen Kusunda,gi.t̪ət̪,,KusundaGM-185_theskin-1,gi.t̪ət̪,gi.t̪ət̪,g i + t̪ ə t̪,ingested,released CLDF lexeme,Kusunda,the skin,noun,"aaley-bodt2020kusunda[concept 185, speaker Gyani Maiya Sen Kusunda, upstream KusundaGM-185_theskin-1]",KusundaGM-185_theskin-1,,not-sampled
185:KusundaK,185,the skin,763,KusundaK,speaker,Kamala Khatri (Sen Kusunda),gi.t̪ət̪,,KusundaK-185_theskin-1,gi.t̪ət̪,gi.t̪ət̪,g i + t̪ ə t̪,ingested,released CLDF lexeme,Kusunda,the skin,noun,"aaley-bodt2020kusunda[concept 185, speaker Kamala Khatri (Sen Kusunda), upstream KusundaK-185_theskin-1]",KusundaK-185_theskin-1,,not-sampled
186:ProtoKusunda,186,the sky,1732,ProtoKusunda,reconstruction,,∅,do not remember or does not exist?,,,,,skipped,source marks no installable form,,,,,,missing-form;source-uncertainty,not-sampled
186:KusundaGM,186,the sky,1732,KusundaGM,speaker,Gyani Maiya Sen Kusunda,bɐm,#NAME?,KusundaGM-186_thesky-1,bɐm,bɐm,b ɐ m,ingested,released CLDF lexeme,Kusunda,the sky,noun uncertain,"aaley-bodt2020kusunda[concept 186, speaker Gyani Maiya Sen Kusunda, upstream KusundaGM-186_thesky-1]",KusundaGM-186_thesky-1,upstream-spreadsheet-error-in-comment,not-sampled
186:KusundaK,186,the sky,1732,KusundaK,speaker,Kamala Khatri (Sen Kusunda),aː.qʰoː,#ERROR!,KusundaK-186_thesky-1,aː.qʰoː,aː.qʰoː,aː + qʰ oː,ingested,released CLDF lexeme,Kusunda,the sky,noun uncertain,"aaley-bodt2020kusunda[concept 186, speaker Kamala Khatri (Sen Kusunda), upstream KusundaK-186_thesky-1]",KusundaK-186_thesky-1,upstream-spreadsheet-error-in-comment,not-sampled
187:ProtoKusunda,187,to sleep,1585,ProtoKusunda,reconstruction,,ip,,ProtoKusunda-187_tosleep-1,ip,ip,i p,ingested,released CLDF lexeme,Kusunda,to sleep,verb,"aaley-bodt2020kusunda[concept 187, ground-form reconstruction, upstream ProtoKusunda-187_tosleep-1]",ProtoKusunda-187_tosleep-1,,not-sampled
187:KusundaGM,187,to sleep,1585,KusundaGM,speaker,Gyani Maiya Sen Kusunda,ip.t̪ɔː,also: juŋ.tɔː,KusundaGM-187_tosleep-1,ip.t̪ɔː,ip.t̪ɔː,i p + t̪ ɔː,ingested,released CLDF lexeme,Kusunda,to sleep,verb,"aaley-bodt2020kusunda[concept 187, speaker Gyani Maiya Sen Kusunda, upstream KusundaGM-187_tosleep-1]",KusundaGM-187_tosleep-1,,not-sampled
187:KusundaK,187,to sleep,1585,KusundaK,speaker,Kamala Khatri (Sen Kusunda),ip.t̪ɔː,,KusundaK-187_tosleep-1,ip.t̪ɔː,ip.t̪ɔː,i p + t̪ ɔː,ingested,released CLDF lexeme,Kusunda,to sleep,verb,"aaley-bodt2020kusunda[concept 187, speaker Kamala Khatri (Sen Kusunda), upstream KusundaK-187_tosleep-1]",KusundaK-187_tosleep-1,,not-sampled
188:ProtoKusunda,188,small,1246,ProtoKusunda,reconstruction,,huŋ.kəj,,ProtoKusunda-188_small-1,huŋ.kəj,huŋ.kəj,h u ŋ + k ə j,ingested,released CLDF lexeme,Kusunda,small,,"aaley-bodt2020kusunda[concept 188, ground-form reconstruction, upstream ProtoKusunda-188_small-1]",ProtoKusunda-188_small-1,,not-sampled
188:KusundaGM,188,small,1246,KusundaGM,speaker,Gyani Maiya Sen Kusunda,huŋ.kəj,,KusundaGM-188_small-1,huŋ.kəj,huŋ.kəj,h u ŋ + k ə j,ingested,released CLDF lexeme,Kusunda,small,,"aaley-bodt2020kusunda[concept 188, speaker Gyani Maiya Sen Kusunda, upstream KusundaGM-188_small-1]",KusundaGM-188_small-1,,not-sampled
188:KusundaK,188,small,1246,KusundaK,speaker,Kamala Khatri (Sen Kusunda),huŋ.kəj,~ huŋ.kuj,KusundaK-188_small-1,huŋ.kəj,huŋ.kəj,h u ŋ + k ə j,ingested,released CLDF lexeme,Kusunda,small,,"aaley-bodt2020kusunda[concept 188, speaker Kamala Khatri (Sen Kusunda), upstream KusundaK-188_small-1]",KusundaK-188_small-1,,not-sampled
189:ProtoKusunda,189,to smell (perceive odor) [transitive],1586,ProtoKusunda,reconstruction,,gən.ʣi,,ProtoKusunda-189_tosmellperceiveodortransitive-1,gən.ʣi,gən.ʣi,g ə n + dz i,ingested,released CLDF lexeme,Kusunda,to smell (perceive odor) [transitive],verb tr,"aaley-bodt2020kusunda[concept 189, ground-form reconstruction, upstream ProtoKusunda-189_tosmellperceiveodortransitive-1]",ProtoKusunda-189_tosmellperceiveodortransitive-1,,not-sampled
189:KusundaGM,189,to smell (perceive odor) [transitive],1586,KusundaGM,speaker,Gyani Maiya Sen Kusunda,gən.ʣiː aː.gɔː,#ERROR!,KusundaGM-189_tosmellperceiveodortransitive-1,gən.ʣiː aː.gɔː,gən.ʣiː aː.gɔː,g ə n + dz iː + aː + g ɔː,ingested,released CLDF lexeme,Kusunda,to smell (perceive odor) [transitive],verb tr uncertain,"aaley-bodt2020kusunda[concept 189, speaker Gyani Maiya Sen Kusunda, upstream KusundaGM-189_tosmellperceiveodortransitive-1]",KusundaGM-189_tosmellperceiveodortransitive-1,upstream-spreadsheet-error-in-comment,not-sampled
189:KusundaK,189,to smell (perceive odor) [transitive],1586,KusundaK,speaker,Kamala Khatri (Sen Kusunda),gən.ʤi ɐ.gɔː,#ERROR!,KusundaK-189_tosmellperceiveodortransitive-1,gən.ʤi ɐ.gɔː,gən.ʤi ɐ.gɔː,g ə n + dʒ i + ɐ + g ɔː,ingested,released CLDF lexeme,Kusunda,to smell (perceive odor) [transitive],verb tr uncertain,"aaley-bodt2020kusunda[concept 189, speaker Kamala Khatri (Sen Kusunda), upstream KusundaK-189_tosmellperceiveodortransitive-1]",KusundaK-189_tosmellperceiveodortransitive-1,upstream-spreadsheet-error-in-comment,not-sampled
190:ProtoKusunda,190,the smoke,778,ProtoKusunda,reconstruction,,di.mi,,ProtoKusunda-190_thesmoke-1,di.mi,di.mi,d i + m i,ingested,released CLDF lexeme,Kusunda,the smoke,noun,"aaley-bodt2020kusunda[concept 190, ground-form reconstruction, upstream ProtoKusunda-190_thesmoke-1]",ProtoKusunda-190_thesmoke-1,,not-sampled
190:KusundaGM,190,the smoke,778,KusundaGM,speaker,Gyani Maiya Sen Kusunda,d̪i.miː,d̪i.miː u.gun ‘smoke came’,KusundaGM-190_thesmoke-1,d̪i.miː,d̪i.miː,d̪ i + m iː,ingested,released CLDF lexeme,Kusunda,the smoke,noun,"aaley-bodt2020kusunda[concept 190, speaker Gyani Maiya Sen Kusunda, upstream KusundaGM-190_thesmoke-1]",KusundaGM-190_thesmoke-1,,not-sampled
190:KusundaK,190,the smoke,778,KusundaK,speaker,Kamala Khatri (Sen Kusunda),d̪i.miː,,KusundaK-190_thesmoke-1,d̪i.miː,d̪i.miː,d̪ i + m iː,ingested,released CLDF lexeme,Kusunda,the smoke,noun,"aaley-bodt2020kusunda[concept 190, speaker Kamala Khatri (Sen Kusunda), upstream KusundaK-190_thesmoke-1]",KusundaK-190_thesmoke-1,,not-sampled
191:ProtoKusunda,191,smooth,,ProtoKusunda,reconstruction,,∅,concept does not exist?,,,,,skipped,source marks no installable form,,,,,,missing-form;source-uncertainty,not-sampled
191:KusundaGM,191,smooth,,KusundaGM,speaker,Gyani Maiya Sen Kusunda,∅,∅,,,,,skipped,source marks no installable form,,,,,,missing-form,not-sampled
191:KusundaK,191,smooth,,KusundaK,speaker,Kamala Khatri (Sen Kusunda),∅,,,,,,skipped,source marks no installable form,,,,,,missing-form,not-sampled
192:ProtoKusunda,192,the snake,730,ProtoKusunda,reconstruction,,tuk,,ProtoKusunda-192_thesnake-1,tuk,tuk,t u k,ingested,released CLDF lexeme,Kusunda,the snake,noun,"aaley-bodt2020kusunda[concept 192, ground-form reconstruction, upstream ProtoKusunda-192_thesnake-1]",ProtoKusunda-192_thesnake-1,,not-sampled
192:KusundaGM,192,the snake,730,KusundaGM,speaker,Gyani Maiya Sen Kusunda,t̪uː,"final /k/ lost?, t̪u.ɦu ‘insect’",KusundaGM-192_thesnake-1,t̪uː,t̪uː,t̪ uː,ingested,released CLDF lexeme,Kusunda,the snake,noun,"aaley-bodt2020kusunda[concept 192, speaker Gyani Maiya Sen Kusunda, upstream KusundaGM-192_thesnake-1]",KusundaGM-192_thesnake-1,,not-sampled
192:KusundaK,192,the snake,730,KusundaK,speaker,Kamala Khatri (Sen Kusunda),t̪uːk,~ tuːʔ,KusundaK-192_thesnake-1,t̪uːk,t̪uːk,t̪ uː k,ingested,released CLDF lexeme,Kusunda,the snake,noun,"aaley-bodt2020kusunda[concept 192, speaker Kamala Khatri (Sen Kusunda), upstream KusundaK-192_thesnake-1]",KusundaK-192_thesnake-1,,not-sampled
193:ProtoKusunda,193,the snow,784,ProtoKusunda,reconstruction,,jaq,#ERROR!,ProtoKusunda-193_thesnow-1,jaq,jaq,j a q,ingested,released CLDF lexeme,Kusunda,the snow,noun uncertain,"aaley-bodt2020kusunda[concept 193, ground-form reconstruction, upstream ProtoKusunda-193_thesnow-1]",ProtoKusunda-193_thesnow-1,upstream-spreadsheet-error-in-comment,not-sampled
193:KusundaGM,193,the snow,784,KusundaGM,speaker,Gyani Maiya Sen Kusunda,jaːχ,,KusundaGM-193_thesnow-1,jaːχ,jaːχ,j aː χ,ingested,released CLDF lexeme,Kusunda,the snow,noun,"aaley-bodt2020kusunda[concept 193, speaker Gyani Maiya Sen Kusunda, upstream KusundaGM-193_thesnow-1]",KusundaGM-193_thesnow-1,,not-sampled
193:KusundaK,193,the snow,784,KusundaK,speaker,Kamala Khatri (Sen Kusunda),jaːq,#ERROR!,KusundaK-193_thesnow-1,jaːq,jaːq,j aː q,ingested,released CLDF lexeme,Kusunda,the snow,noun uncertain,"aaley-bodt2020kusunda[concept 193, speaker Kamala Khatri (Sen Kusunda), upstream KusundaK-193_thesnow-1]",KusundaK-193_thesnow-1,upstream-spreadsheet-error-in-comment,not-sampled
194:ProtoKusunda,194,soft,1856,ProtoKusunda,reconstruction,,jo.lɐq,,ProtoKusunda-194_soft-1,jo.lɐq,jo.lɐq,j o + l ɐ q,ingested,released CLDF lexeme,Kusunda,soft,,"aaley-bodt2020kusunda[concept 194, ground-form reconstruction, upstream ProtoKusunda-194_soft-1]",ProtoKusunda-194_soft-1,,not-sampled
194:KusundaGM,194,soft,1856,KusundaGM,speaker,Gyani Maiya Sen Kusunda,jɔː.lɐχ,pʰʲɛː.lak = flat,KusundaGM-194_soft-1,jɔː.lɐχ,jɔː.lɐχ,j ɔː + l ɐ χ,ingested,released CLDF lexeme,Kusunda,soft,,"aaley-bodt2020kusunda[concept 194, speaker Gyani Maiya Sen Kusunda, upstream KusundaGM-194_soft-1]",KusundaGM-194_soft-1,,not-sampled
194:KusundaK,194,soft,1856,KusundaK,speaker,Kamala Khatri (Sen Kusunda),jɔː.lɐq,~ i.jɔː.lɐq also ‘sapling’,KusundaK-194_soft-1,jɔː.lɐq,jɔː.lɐq,j ɔː + l ɐ q,ingested,released CLDF lexeme,Kusunda,soft,,"aaley-bodt2020kusunda[concept 194, speaker Kamala Khatri (Sen Kusunda), upstream KusundaK-194_soft-1]",KusundaK-194_soft-1,,not-sampled
195:ProtoKusunda,195,the son,1620,ProtoKusunda,reconstruction,,duk.ʦi,,ProtoKusunda-195_theson-1,duk.ʦi,duk.ʦi,d u k + ts i,ingested,released CLDF lexeme,Kusunda,the son,noun,"aaley-bodt2020kusunda[concept 195, ground-form reconstruction, upstream ProtoKusunda-195_theson-1]",ProtoKusunda-195_theson-1,,not-sampled
195:KusundaGM,195,the son,1620,KusundaGM,speaker,Gyani Maiya Sen Kusunda,d̪uk.ʦiː,,KusundaGM-195_theson-1,d̪uk.ʦiː,d̪uk.ʦiː,d̪ u k + ts iː,ingested,released CLDF lexeme,Kusunda,the son,noun,"aaley-bodt2020kusunda[concept 195, speaker Gyani Maiya Sen Kusunda, upstream KusundaGM-195_theson-1]",KusundaGM-195_theson-1,,not-sampled
195:KusundaK,195,the son,1620,KusundaK,speaker,Kamala Khatri (Sen Kusunda),d̪uk.ʦiː,,KusundaK-195_theson-1,d̪uk.ʦiː,d̪uk.ʦiː,d̪ u k + ts iː,ingested,released CLDF lexeme,Kusunda,the son,noun,"aaley-bodt2020kusunda[concept 195, speaker Kamala Khatri (Sen Kusunda), upstream KusundaK-195_theson-1]",KusundaK-195_theson-1,,not-sampled
196:ProtoKusunda,196,the sparrow,1854,ProtoKusunda,reconstruction,,∅,concept does not exist or don’t remember?,,,,,skipped,source marks no installable form,,,,,,missing-form;source-uncertainty,not-sampled
196:KusundaGM,196,the sparrow,1854,KusundaGM,speaker,Gyani Maiya Sen Kusunda,∅,KGG_040819_A5; KGG_040819_A3,,,,,skipped,source marks no installable form,,,,,,missing-form,not-sampled
196:KusundaK,196,the sparrow,1854,KusundaK,speaker,Kamala Khatri (Sen Kusunda),bʰa.ŋeː.raː,< NEPभँगेराbham̐gērā ‘sparrow’,KusundaK-196_thesparrow-1,bʰa.ŋeː.raː,bʰa.ŋeː.raː,bʰ a + ŋ eː + r aː,ingested,released CLDF lexeme,Kusunda,the sparrow,noun loanword loan:Nepali,"aaley-bodt2020kusunda[concept 196, speaker Kamala Khatri (Sen Kusunda), upstream KusundaK-196_thesparrow-1]",KusundaK-196_thesparrow-1,,verified-no-material-error
197:ProtoKusunda,197,the spider,843,ProtoKusunda,reconstruction,,pɐŋ.ga,,ProtoKusunda-197_thespider-1,pɐŋ.ga,pɐŋ.ga,p ɐ ŋ + g a,ingested,released CLDF lexeme,Kusunda,the spider,noun,"aaley-bodt2020kusunda[concept 197, ground-form reconstruction, upstream ProtoKusunda-197_thespider-1]",ProtoKusunda-197_thespider-1,,not-sampled
197:KusundaGM,197,the spider,843,KusundaGM,speaker,Gyani Maiya Sen Kusunda,pɐŋ.gaː,KGG_040819_A4,KusundaGM-197_thespider-1,pɐŋ.gaː,pɐŋ.gaː,p ɐ ŋ + g aː,ingested,released CLDF lexeme,Kusunda,the spider,noun,"aaley-bodt2020kusunda[concept 197, speaker Gyani Maiya Sen Kusunda, upstream KusundaGM-197_thespider-1]",KusundaGM-197_thespider-1,,not-sampled
197:KusundaK,197,the spider,843,KusundaK,speaker,Kamala Khatri (Sen Kusunda),pɐŋ.gaː,after GM,KusundaK-197_thespider-1,pɐŋ.gaː,pɐŋ.gaː,p ɐ ŋ + g aː,ingested,released CLDF lexeme,Kusunda,the spider,noun,"aaley-bodt2020kusunda[concept 197, speaker Kamala Khatri (Sen Kusunda), upstream KusundaK-197_thespider-1]",KusundaK-197_thespider-1,,not-sampled
198:ProtoKusunda,198,to spit,1440,ProtoKusunda,reconstruction,,ɐ.ta gi.tɐŋ hur.rə,#ERROR!,ProtoKusunda-198_tospit-1,ɐ.ta gi.tɐŋ hur.rə,ɐ.ta gi.tɐŋ hur.rə,ɐ + t a + g i + t ɐ ŋ + h u r + r ə,ingested,released CLDF lexeme,Kusunda,to spit,verb uncertain,"aaley-bodt2020kusunda[concept 198, ground-form reconstruction, upstream ProtoKusunda-198_tospit-1]",ProtoKusunda-198_tospit-1,upstream-spreadsheet-error-in-comment,not-sampled
198:KusundaGM,198,to spit,1440,KusundaGM,speaker,Gyani Maiya Sen Kusunda,ɐ.t̪aː gi.t̪ɐŋ hur.rə a.gɔː,lit. MOUTH + LIQUID + THROW AWAY,KusundaGM-198_tospit-1,ɐ.t̪aː gi.t̪ɐŋ hur.rə a.gɔː,ɐ.t̪aː gi.t̪ɐŋ hur.rə a.gɔː,ɐ + t̪ aː + g i + t̪ ɐ ŋ + h u r + r ə + a + g ɔː,ingested,released CLDF lexeme,Kusunda,to spit,verb,"aaley-bodt2020kusunda[concept 198, speaker Gyani Maiya Sen Kusunda, upstream KusundaGM-198_tospit-1]",KusundaGM-198_tospit-1,,not-sampled
198:KusundaK,198,to spit,1440,KusundaK,speaker,Kamala Khatri (Sen Kusunda),ɐ.t̪aː gi.t̪ɐŋ hur.rə ɐ.gɔː,KGG_010819_A1 lit. MOUTH + LIQUID + THROW AWAY,KusundaK-198_tospit-1,ɐ.t̪aː gi.t̪ɐŋ hur.rə ɐ.gɔː,ɐ.t̪aː gi.t̪ɐŋ hur.rə ɐ.gɔː,ɐ + t̪ aː + g i + t̪ ɐ ŋ + h u r + r ə + ɐ + g ɔː,ingested,released CLDF lexeme,Kusunda,to spit,verb,"aaley-bodt2020kusunda[concept 198, speaker Kamala Khatri (Sen Kusunda), upstream KusundaK-198_tospit-1]",KusundaK-198_tospit-1,,not-sampled
199:ProtoKusunda,199,to stand,1442,ProtoKusunda,reconstruction,,dʰuŋ,,ProtoKusunda-199_tostand-1,dʰuŋ,dʰuŋ,dʰ u ŋ,ingested,released CLDF lexeme,Kusunda,to stand,verb,"aaley-bodt2020kusunda[concept 199, ground-form reconstruction, upstream ProtoKusunda-199_tostand-1]",ProtoKusunda-199_tostand-1,,not-sampled
199:KusundaGM,199,to stand,1442,KusundaGM,speaker,Gyani Maiya Sen Kusunda,d̪uŋ.t̪ɔː,KGG_040819_C2,KusundaGM-199_tostand-1,d̪uŋ.t̪ɔː,d̪uŋ.t̪ɔː,d̪ u ŋ + t̪ ɔː,ingested,released CLDF lexeme,Kusunda,to stand,verb,"aaley-bodt2020kusunda[concept 199, speaker Gyani Maiya Sen Kusunda, upstream KusundaGM-199_tostand-1]",KusundaGM-199_tostand-1,,not-sampled
199:KusundaK,199,to stand,1442,KusundaK,speaker,Kamala Khatri (Sen Kusunda),d̪ʰuŋ.tɔː,,KusundaK-199_tostand-1,d̪ʰuŋ.tɔː,d̪ʰuŋ.tɔː,d̪ʰ u ŋ + t ɔː,ingested,released CLDF lexeme,Kusunda,to stand,verb,"aaley-bodt2020kusunda[concept 199, speaker Kamala Khatri (Sen Kusunda), upstream KusundaK-199_tostand-1]",KusundaK-199_tostand-1,,not-sampled
200:ProtoKusunda,200,the star,1430,ProtoKusunda,reconstruction,,sa.ɢɐm,,ProtoKusunda-200_thestar-1,sa.ɢɐm,sa.ɢɐm,s a + ɢ ɐ m,ingested,released CLDF lexeme,Kusunda,the star,noun,"aaley-bodt2020kusunda[concept 200, ground-form reconstruction, upstream ProtoKusunda-200_thestar-1]",ProtoKusunda-200_thestar-1,,not-sampled
200:KusundaGM,200,the star,1430,KusundaGM,speaker,Gyani Maiya Sen Kusunda,saː.kʰɐm,,KusundaGM-200_thestar-1,saː.kʰɐm,saː.kʰɐm,s aː + kʰ ɐ m,ingested,released CLDF lexeme,Kusunda,the star,noun,"aaley-bodt2020kusunda[concept 200, speaker Gyani Maiya Sen Kusunda, upstream KusundaGM-200_thestar-1]",KusundaGM-200_thestar-1,,not-sampled
200:KusundaK,200,the star,1430,KusundaK,speaker,Kamala Khatri (Sen Kusunda),saː.ɐ̰m,,KusundaK-200_thestar-1,saː.ɐ̰m,saː.ɐ̰m,s aː + ɐ̰ m,ingested,released CLDF lexeme,Kusunda,the star,noun,"aaley-bodt2020kusunda[concept 200, speaker Kamala Khatri (Sen Kusunda), upstream KusundaK-200_thestar-1]",KusundaK-200_thestar-1,,not-sampled
201:ProtoKusunda,201,to steal,713,ProtoKusunda,reconstruction,,ki.la,,ProtoKusunda-201_tosteal-1,ki.la,ki.la,k i + l a,ingested,released CLDF lexeme,Kusunda,to steal,verb,"aaley-bodt2020kusunda[concept 201, ground-form reconstruction, upstream ProtoKusunda-201_tosteal-1]",ProtoKusunda-201_tosteal-1,,not-sampled
201:KusundaGM,201,to steal,713,KusundaGM,speaker,Gyani Maiya Sen Kusunda,ki.laː aː.gɔː,,KusundaGM-201_tosteal-1,ki.laː aː.gɔː,ki.laː aː.gɔː,k i + l aː + aː + g ɔː,ingested,released CLDF lexeme,Kusunda,to steal,verb,"aaley-bodt2020kusunda[concept 201, speaker Gyani Maiya Sen Kusunda, upstream KusundaGM-201_tosteal-1]",KusundaGM-201_tosteal-1,,not-sampled
201:KusundaK,201,to steal,713,KusundaK,speaker,Kamala Khatri (Sen Kusunda),ki.laː ɐ.gɔː,,KusundaK-201_tosteal-1,ki.laː ɐ.gɔː,ki.laː ɐ.gɔː,k i + l aː + ɐ + g ɔː,ingested,released CLDF lexeme,Kusunda,to steal,verb,"aaley-bodt2020kusunda[concept 201, speaker Kamala Khatri (Sen Kusunda), upstream KusundaK-201_tosteal-1]",KusundaK-201_tosteal-1,,not-sampled
202:ProtoKusunda,202,the stick,1295,ProtoKusunda,reconstruction,,dəŋ.ga,,ProtoKusunda-202_thestick-1,dəŋ.ga,dəŋ.ga,d ə ŋ + g a,ingested,released CLDF lexeme,Kusunda,the stick,noun,"aaley-bodt2020kusunda[concept 202, ground-form reconstruction, upstream ProtoKusunda-202_thestick-1]",ProtoKusunda-202_thestick-1,,not-sampled
202:KusundaGM,202,the stick,1295,KusundaGM,speaker,Gyani Maiya Sen Kusunda,d̪əŋ.ŋaː,ʣiŋ.ŋaː ‘dual’; only attestations of initial ŋ-?,KusundaGM-202_thestick-1,d̪əŋ.ŋaː,d̪əŋ.ŋaː,d̪ ə ŋ + ŋ aː,ingested,released CLDF lexeme,Kusunda,the stick,noun,"aaley-bodt2020kusunda[concept 202, speaker Gyani Maiya Sen Kusunda, upstream KusundaGM-202_thestick-1]",KusundaGM-202_thestick-1,,not-sampled
202:KusundaK,202,the stick,1295,KusundaK,speaker,Kamala Khatri (Sen Kusunda),d̪əŋ.gaː,lɐp.tɔː ‘stick (v)’,KusundaK-202_thestick-1,d̪əŋ.gaː,d̪əŋ.gaː,d̪ ə ŋ + g aː,ingested,released CLDF lexeme,Kusunda,the stick,noun,"aaley-bodt2020kusunda[concept 202, speaker Kamala Khatri (Sen Kusunda), upstream KusundaK-202_thestick-1]",KusundaK-202_thestick-1,,not-sampled
203:ProtoKusunda,203,the stone (a piece of),857,ProtoKusunda,reconstruction,,jeŋ.gu,,ProtoKusunda-203_thestoneapieceof-1,jeŋ.gu,jeŋ.gu,j e ŋ + g u,ingested,released CLDF lexeme,Kusunda,the stone (a piece of),noun,"aaley-bodt2020kusunda[concept 203, ground-form reconstruction, upstream ProtoKusunda-203_thestoneapieceof-1]",ProtoKusunda-203_thestoneapieceof-1,,not-sampled
203:KusundaGM,203,the stone (a piece of),857,KusundaGM,speaker,Gyani Maiya Sen Kusunda,jɛŋ.guː,,KusundaGM-203_thestoneapieceof-1,jɛŋ.guː,jɛŋ.guː,j ɛ ŋ + g uː,ingested,released CLDF lexeme,Kusunda,the stone (a piece of),noun,"aaley-bodt2020kusunda[concept 203, speaker Gyani Maiya Sen Kusunda, upstream KusundaGM-203_thestoneapieceof-1]",KusundaGM-203_thestoneapieceof-1,,not-sampled
203:KusundaK,203,the stone (a piece of),857,KusundaK,speaker,Kamala Khatri (Sen Kusunda),jɛŋ.guː,,KusundaK-203_thestoneapieceof-1,jɛŋ.guː,jɛŋ.guː,j ɛ ŋ + g uː,ingested,released CLDF lexeme,Kusunda,the stone (a piece of),noun,"aaley-bodt2020kusunda[concept 203, speaker Kamala Khatri (Sen Kusunda), upstream KusundaK-203_thestoneapieceof-1]",KusundaK-203_thestoneapieceof-1,,not-sampled
204:ProtoKusunda,204,straight,1404,ProtoKusunda,reconstruction,,∅,"concept does not exist, use descriptive?",,,,,skipped,source marks no installable form,,,,,,missing-form;source-uncertainty,not-sampled
204:KusundaGM,204,straight,1404,KusundaGM,speaker,Gyani Maiya Sen Kusunda,∅,,,,,,skipped,source marks no installable form,,,,,,missing-form,not-sampled
204:KusundaK,204,straight,1404,KusundaK,speaker,Kamala Khatri (Sen Kusunda),ʦaŋ qʰaw,"lit. TURNED NEG.COP < ʦaŋ ‘turned, curved, bend’ adjective; ʦu = exist. cop.; qʰaw = neg. exist. cop.",KusundaK-204_straight-1,ʦaŋ qʰaw,ʦaŋ qʰaw,ts a ŋ + qʰ a w,ingested,released CLDF lexeme,Kusunda,straight,,"aaley-bodt2020kusunda[concept 204, speaker Kamala Khatri (Sen Kusunda), upstream KusundaK-204_straight-1]",KusundaK-204_straight-1,,not-sampled
205:ProtoKusunda,205,the sun,1343,ProtoKusunda,reconstruction,,i.jəŋ,,ProtoKusunda-205_thesun-1,i.jəŋ,i.jəŋ,i + j ə ŋ,ingested,released CLDF lexeme,Kusunda,the sun,noun,"aaley-bodt2020kusunda[concept 205, ground-form reconstruction, upstream ProtoKusunda-205_thesun-1]",ProtoKusunda-205_thesun-1,,not-sampled
205:KusundaGM,205,the sun,1343,KusundaGM,speaker,Gyani Maiya Sen Kusunda,i.jəŋ,,KusundaGM-205_thesun-1,i.jəŋ,i.jəŋ,i + j ə ŋ,ingested,released CLDF lexeme,Kusunda,the sun,noun,"aaley-bodt2020kusunda[concept 205, speaker Gyani Maiya Sen Kusunda, upstream KusundaGM-205_thesun-1]",KusundaGM-205_thesun-1,,not-sampled
205:KusundaK,205,the sun,1343,KusundaK,speaker,Kamala Khatri (Sen Kusunda),iːŋ,< contraction of i.jəŋ (cf. also EYE),KusundaK-205_thesun-1,iːŋ,iːŋ,iː ŋ,ingested,released CLDF lexeme,Kusunda,the sun,noun,"aaley-bodt2020kusunda[concept 205, speaker Kamala Khatri (Sen Kusunda), upstream KusundaK-205_thesun-1]",KusundaK-205_thesun-1,,not-sampled
206:ProtoKusunda,206,the tail,1220,ProtoKusunda,reconstruction,,suŋ,first syllable is unclear,ProtoKusunda-206_thetail-1,suŋ,suŋ,s u ŋ,ingested,released CLDF lexeme,Kusunda,the tail,noun uncertain,"aaley-bodt2020kusunda[concept 206, ground-form reconstruction, upstream ProtoKusunda-206_thetail-1]",ProtoKusunda-206_thetail-1,source-uncertainty,not-sampled
206:KusundaGM,206,the tail,1220,KusundaGM,speaker,Gyani Maiya Sen Kusunda,gu.suŋ,,KusundaGM-206_thetail-1,gu.suŋ,gu.suŋ,g u + s u ŋ,ingested,released CLDF lexeme,Kusunda,the tail,noun,"aaley-bodt2020kusunda[concept 206, speaker Gyani Maiya Sen Kusunda, upstream KusundaGM-206_thetail-1]",KusundaGM-206_thetail-1,,not-sampled
206:KusundaK,206,the tail,1220,KusundaK,speaker,Kamala Khatri (Sen Kusunda),juŋ.suŋ,,KusundaK-206_thetail-1,juŋ.suŋ,juŋ.suŋ,j u ŋ + s u ŋ,ingested,released CLDF lexeme,Kusunda,the tail,noun,"aaley-bodt2020kusunda[concept 206, speaker Kamala Khatri (Sen Kusunda), upstream KusundaK-206_thetail-1]",KusundaK-206_thetail-1,,not-sampled
207:ProtoKusunda,207,ten,1515,ProtoKusunda,reconstruction,,das,< NEPदसdas ‘ten’,ProtoKusunda-207_ten-1,das,das,d a s,ingested,released CLDF lexeme,Kusunda,ten,num loanword loan:Nepali,"aaley-bodt2020kusunda[concept 207, ground-form reconstruction, upstream ProtoKusunda-207_ten-1]",ProtoKusunda-207_ten-1,,not-sampled
207:KusundaGM,207,ten,1515,KusundaGM,speaker,Gyani Maiya Sen Kusunda,d̪ɐs,< NEPदसdas ‘ten’,KusundaGM-207_ten-1,d̪ɐs,d̪ɐs,d̪ ɐ s,ingested,released CLDF lexeme,Kusunda,ten,num loanword loan:Nepali,"aaley-bodt2020kusunda[concept 207, speaker Gyani Maiya Sen Kusunda, upstream KusundaGM-207_ten-1]",KusundaGM-207_ten-1,,not-sampled
207:KusundaK,207,ten,1515,KusundaK,speaker,Kamala Khatri (Sen Kusunda),d̪ɐːs,< NEPदसdas ‘ten’,KusundaK-207_ten-1,d̪ɐːs,d̪ɐːs,d̪ ɐː s,ingested,released CLDF lexeme,Kusunda,ten,num loanword loan:Nepali,"aaley-bodt2020kusunda[concept 207, speaker Kamala Khatri (Sen Kusunda), upstream KusundaK-207_ten-1]",KusundaK-207_ten-1,,verified-no-material-error
208:ProtoKusunda,208,that,78,ProtoKusunda,reconstruction,,gi.na,#ERROR!,ProtoKusunda-208_that-1,gi.na,gi.na,g i + n a,ingested,released CLDF lexeme,Kusunda,that,determiner demonstrative uncertain,"aaley-bodt2020kusunda[concept 208, ground-form reconstruction, upstream ProtoKusunda-208_that-1]",ProtoKusunda-208_that-1,upstream-spreadsheet-error-in-comment,not-sampled
208:KusundaGM,208,that,78,KusundaGM,speaker,Gyani Maiya Sen Kusunda,gi.naː,,KusundaGM-208_that-1,gi.naː,gi.naː,g i + n aː,ingested,released CLDF lexeme,Kusunda,that,determiner demonstrative,"aaley-bodt2020kusunda[concept 208, speaker Gyani Maiya Sen Kusunda, upstream KusundaGM-208_that-1]",KusundaGM-208_that-1,,not-sampled
208:KusundaK,208,that,78,KusundaK,speaker,Kamala Khatri (Sen Kusunda),gi.naː,both pron. and dem.,KusundaK-208_that-1,gi.naː,gi.naː,g i + n aː,ingested,released CLDF lexeme,Kusunda,that,determiner demonstrative,"aaley-bodt2020kusunda[concept 208, speaker Kamala Khatri (Sen Kusunda), upstream KusundaK-208_that-1]",KusundaK-208_that-1,,not-sampled
209:ProtoKusunda,209,there,1937,ProtoKusunda,reconstruction,,∅,no consensus,,,,,skipped,source marks no installable form,,,,,,missing-form;source-uncertainty,not-sampled
209:KusundaGM,209,there,1937,KusundaGM,speaker,Gyani Maiya Sen Kusunda,is.naː,"‘to there’?; is.taː = ‘near’, naː = ‘this’?",KusundaGM-209_there-1,is.naː,is.naː,i s + n aː,ingested,released CLDF lexeme,Kusunda,there,,"aaley-bodt2020kusunda[concept 209, speaker Gyani Maiya Sen Kusunda, upstream KusundaGM-209_there-1]",KusundaGM-209_there-1,,not-sampled
209:KusundaK,209,there,1937,KusundaK,speaker,Kamala Khatri (Sen Kusunda),ɐ.pʲɛː,"huŋ.qu ɐ.pʲɛː ‘there far away’; ɐ.pʲɛː ‘on that side, across?’, nup.paː = on the other side; ʦap.pʲɛː = on this side",KusundaK-209_there-1,ɐ.pʲɛː,ɐ.pʲɛː,ɐ + pʲ ɛː,ingested,released CLDF lexeme,Kusunda,there,,"aaley-bodt2020kusunda[concept 209, speaker Kamala Khatri (Sen Kusunda), upstream KusundaK-209_there-1]",KusundaK-209_there-1,,not-sampled
210:ProtoKusunda,210,thick,1244,ProtoKusunda,reconstruction,,gʰəj.ni,,ProtoKusunda-210_thick-1,gʰəj.ni,gʰəj.ni,gʰ ə j + n i,ingested,released CLDF lexeme,Kusunda,thick,,"aaley-bodt2020kusunda[concept 210, ground-form reconstruction, upstream ProtoKusunda-210_thick-1]",ProtoKusunda-210_thick-1,,not-sampled
210:KusundaGM,210,thick,1244,KusundaGM,speaker,Gyani Maiya Sen Kusunda,gəj.niː,,KusundaGM-210_thick-1,gəj.niː,gəj.niː,g ə j + n iː,ingested,released CLDF lexeme,Kusunda,thick,,"aaley-bodt2020kusunda[concept 210, speaker Gyani Maiya Sen Kusunda, upstream KusundaGM-210_thick-1]",KusundaGM-210_thick-1,,not-sampled
210:KusundaK,210,thick,1244,KusundaK,speaker,Kamala Khatri (Sen Kusunda),gʰəj.niː,,KusundaK-210_thick-1,gʰəj.niː,gʰəj.niː,gʰ ə j + n iː,ingested,released CLDF lexeme,Kusunda,thick,,"aaley-bodt2020kusunda[concept 210, speaker Kamala Khatri (Sen Kusunda), upstream KusundaK-210_thick-1]",KusundaK-210_thick-1,,not-sampled
211:ProtoKusunda,211,the thigh,471,ProtoKusunda,reconstruction,,o.dok,,ProtoKusunda-211_thethigh-1,o.dok,o.dok,o + d o k,ingested,released CLDF lexeme,Kusunda,the thigh,noun,"aaley-bodt2020kusunda[concept 211, ground-form reconstruction, upstream ProtoKusunda-211_thethigh-1]",ProtoKusunda-211_thethigh-1,,not-sampled
211:KusundaGM,211,the thigh,471,KusundaGM,speaker,Gyani Maiya Sen Kusunda,ɔː.d̪ɔk,,KusundaGM-211_thethigh-1,ɔː.d̪ɔk,ɔː.d̪ɔk,ɔː + d̪ ɔ k,ingested,released CLDF lexeme,Kusunda,the thigh,noun,"aaley-bodt2020kusunda[concept 211, speaker Gyani Maiya Sen Kusunda, upstream KusundaGM-211_thethigh-1]",KusundaGM-211_thethigh-1,,not-sampled
211:KusundaK,211,the thigh,471,KusundaK,speaker,Kamala Khatri (Sen Kusunda),ɔː.d̪ɔk,"upper leg, jɛn = ‘leg’",KusundaK-211_thethigh-1,ɔː.d̪ɔk,ɔː.d̪ɔk,ɔː + d̪ ɔ k,ingested,released CLDF lexeme,Kusunda,the thigh,noun,"aaley-bodt2020kusunda[concept 211, speaker Kamala Khatri (Sen Kusunda), upstream KusundaK-211_thethigh-1]",KusundaK-211_thethigh-1,,not-sampled
212:ProtoKusunda,212,thin (object),2249,ProtoKusunda,reconstruction,,ke.kʰɐŋ,,ProtoKusunda-212_thinobject-1,ke.kʰɐŋ,ke.kʰɐŋ,k e + kʰ ɐ ŋ,ingested,released CLDF lexeme,Kusunda,thin (object),,"aaley-bodt2020kusunda[concept 212, ground-form reconstruction, upstream ProtoKusunda-212_thinobject-1]",ProtoKusunda-212_thinobject-1,,not-sampled
212:KusundaGM,212,thin (object),2249,KusundaGM,speaker,Gyani Maiya Sen Kusunda,kʲɛː.kʰɐŋ,,KusundaGM-212_thinobject-1,kʲɛː.kʰɐŋ,kʲɛː.kʰɐŋ,kʲ ɛː + kʰ ɐ ŋ,ingested,released CLDF lexeme,Kusunda,thin (object),,"aaley-bodt2020kusunda[concept 212, speaker Gyani Maiya Sen Kusunda, upstream KusundaGM-212_thinobject-1]",KusundaGM-212_thinobject-1,,not-sampled
212:KusundaK,212,thin (object),2249,KusundaK,speaker,Kamala Khatri (Sen Kusunda),kʲɛŋ,contraction < kʲɛː.kʰɐŋ,KusundaK-212_thinobject-1,kʲɛŋ,kʲɛŋ,kʲ ɛ ŋ,ingested,released CLDF lexeme,Kusunda,thin (object),,"aaley-bodt2020kusunda[concept 212, speaker Kamala Khatri (Sen Kusunda), upstream KusundaK-212_thinobject-1]",KusundaK-212_thinobject-1,,not-sampled
213:ProtoKusunda,213,to think (reflect),1415,ProtoKusunda,reconstruction,,im.bə,,ProtoKusunda-213_tothinkreflect-1,im.bə,im.bə,i m + b ə,ingested,released CLDF lexeme,Kusunda,to think (reflect),verb,"aaley-bodt2020kusunda[concept 213, ground-form reconstruction, upstream ProtoKusunda-213_tothinkreflect-1]",ProtoKusunda-213_tothinkreflect-1,,not-sampled
213:KusundaGM,213,to think (reflect),1415,KusundaGM,speaker,Gyani Maiya Sen Kusunda,im.bə aː.gɔː,,KusundaGM-213_tothinkreflect-1,im.bə aː.gɔː,im.bə aː.gɔː,i m + b ə + aː + g ɔː,ingested,released CLDF lexeme,Kusunda,to think (reflect),verb,"aaley-bodt2020kusunda[concept 213, speaker Gyani Maiya Sen Kusunda, upstream KusundaGM-213_tothinkreflect-1]",KusundaGM-213_tothinkreflect-1,,not-sampled
213:KusundaK,213,to think (reflect),1415,KusundaK,speaker,Kamala Khatri (Sen Kusunda),im.bə ɐ.gɔː,,KusundaK-213_tothinkreflect-1,im.bə ɐ.gɔː,im.bə ɐ.gɔː,i m + b ə + ɐ + g ɔː,ingested,released CLDF lexeme,Kusunda,to think (reflect),verb,"aaley-bodt2020kusunda[concept 213, speaker Kamala Khatri (Sen Kusunda), upstream KusundaK-213_tothinkreflect-1]",KusundaK-213_tothinkreflect-1,,not-sampled
214:ProtoKusunda,214,this,1214,ProtoKusunda,reconstruction,,na,,ProtoKusunda-214_this-1,na,na,n a,ingested,released CLDF lexeme,Kusunda,this,determiner demonstrative,"aaley-bodt2020kusunda[concept 214, ground-form reconstruction, upstream ProtoKusunda-214_this-1]",ProtoKusunda-214_this-1,,not-sampled
214:KusundaGM,214,this,1214,KusundaGM,speaker,Gyani Maiya Sen Kusunda,naː,,KusundaGM-214_this-1,naː,naː,n aː,ingested,released CLDF lexeme,Kusunda,this,determiner demonstrative,"aaley-bodt2020kusunda[concept 214, speaker Gyani Maiya Sen Kusunda, upstream KusundaGM-214_this-1]",KusundaGM-214_this-1,,not-sampled
214:KusundaK,214,this,1214,KusundaK,speaker,Kamala Khatri (Sen Kusunda),naː,pron. + dem.; təj.saː = now,KusundaK-214_this-1,naː,naː,n aː,ingested,released CLDF lexeme,Kusunda,this,determiner demonstrative,"aaley-bodt2020kusunda[concept 214, speaker Kamala Khatri (Sen Kusunda), upstream KusundaK-214_this-1]",KusundaK-214_this-1,,not-sampled
215:ProtoKusunda,215,thou [second person singular],1215,ProtoKusunda,reconstruction,,nu,,ProtoKusunda-215_thousecondpersonsingular-1,nu,nu,n u,ingested,released CLDF lexeme,Kusunda,thou [second person singular],pron 2sg,"aaley-bodt2020kusunda[concept 215, ground-form reconstruction, upstream ProtoKusunda-215_thousecondpersonsingular-1]",ProtoKusunda-215_thousecondpersonsingular-1,,not-sampled
215:KusundaGM,215,thou [second person singular],1215,KusundaGM,speaker,Gyani Maiya Sen Kusunda,nuː,,KusundaGM-215_thousecondpersonsingular-1,nuː,nuː,n uː,ingested,released CLDF lexeme,Kusunda,thou [second person singular],pron 2sg,"aaley-bodt2020kusunda[concept 215, speaker Gyani Maiya Sen Kusunda, upstream KusundaGM-215_thousecondpersonsingular-1]",KusundaGM-215_thousecondpersonsingular-1,,not-sampled
215:KusundaK,215,thou [second person singular],1215,KusundaK,speaker,Kamala Khatri (Sen Kusunda),nuː,nuː = villager; 2sg,KusundaK-215_thousecondpersonsingular-1,nuː,nuː,n uː,ingested,released CLDF lexeme,Kusunda,thou [second person singular],pron 2sg,"aaley-bodt2020kusunda[concept 215, speaker Kamala Khatri (Sen Kusunda), upstream KusundaK-215_thousecondpersonsingular-1]",KusundaK-215_thousecondpersonsingular-1,,not-sampled
216:ProtoKusunda,216,three,492,ProtoKusunda,reconstruction,,da.hɐt,,ProtoKusunda-216_three-1,da.hɐt,da.hɐt,d a + h ɐ t,ingested,released CLDF lexeme,Kusunda,three,num,"aaley-bodt2020kusunda[concept 216, ground-form reconstruction, upstream ProtoKusunda-216_three-1]",ProtoKusunda-216_three-1,,not-sampled
216:KusundaGM,216,three,492,KusundaGM,speaker,Gyani Maiya Sen Kusunda,daː.hɐt̪,,KusundaGM-216_three-1,daː.hɐt̪,daː.hɐt̪,d aː + h ɐ t̪,ingested,released CLDF lexeme,Kusunda,three,num,"aaley-bodt2020kusunda[concept 216, speaker Gyani Maiya Sen Kusunda, upstream KusundaGM-216_three-1]",KusundaGM-216_three-1,,not-sampled
216:KusundaK,216,three,492,KusundaK,speaker,Kamala Khatri (Sen Kusunda),d̪aː,daː ~ daːhɐt ~ daː.ɐt,KusundaK-216_three-1,d̪aː,d̪aː,d̪ aː,ingested,released CLDF lexeme,Kusunda,three,num,"aaley-bodt2020kusunda[concept 216, speaker Kamala Khatri (Sen Kusunda), upstream KusundaK-216_three-1]",KusundaK-216_three-1,,not-sampled
217:ProtoKusunda,217,to throw,1456,ProtoKusunda,reconstruction,,hur.rə,,ProtoKusunda-217_tothrow-1,hur.rə,hur.rə,h u r + r ə,ingested,released CLDF lexeme,Kusunda,to throw,verb,"aaley-bodt2020kusunda[concept 217, ground-form reconstruction, upstream ProtoKusunda-217_tothrow-1]",ProtoKusunda-217_tothrow-1,,not-sampled
217:KusundaGM,217,to throw,1456,KusundaGM,speaker,Gyani Maiya Sen Kusunda,hur.rə aː.gɔː,,KusundaGM-217_tothrow-1,hur.rə aː.gɔː,hur.rə aː.gɔː,h u r + r ə + aː + g ɔː,ingested,released CLDF lexeme,Kusunda,to throw,verb,"aaley-bodt2020kusunda[concept 217, speaker Gyani Maiya Sen Kusunda, upstream KusundaGM-217_tothrow-1]",KusundaGM-217_tothrow-1,,not-sampled
217:KusundaK,217,to throw,1456,KusundaK,speaker,Kamala Khatri (Sen Kusunda),hur.rə ɐ.gɔː,,KusundaK-217_tothrow-1,hur.rə ɐ.gɔː,hur.rə ɐ.gɔː,h u r + r ə + ɐ + g ɔː,ingested,released CLDF lexeme,Kusunda,to throw,verb,"aaley-bodt2020kusunda[concept 217, speaker Kamala Khatri (Sen Kusunda), upstream KusundaK-217_tothrow-1]",KusundaK-217_tothrow-1,,not-sampled
218:ProtoKusunda,218,the thunder,,ProtoKusunda,reconstruction,,∅,concept does not exist or don’t remember?,,,,,skipped,source marks no installable form,,,,,,missing-form;source-uncertainty,not-sampled
218:KusundaGM,218,the thunder,,KusundaGM,speaker,Gyani Maiya Sen Kusunda,∅,,,,,,skipped,source marks no installable form,,,,,,missing-form,not-sampled
218:KusundaK,218,the thunder,,KusundaK,speaker,Kamala Khatri (Sen Kusunda),∅,,,,,,skipped,source marks no installable form,,,,,,missing-form,not-sampled
219:ProtoKusunda,219,the tiger,846,ProtoKusunda,reconstruction,,meq,,ProtoKusunda-219_thetiger-1,meq,meq,m e q,ingested,released CLDF lexeme,Kusunda,the tiger,noun,"aaley-bodt2020kusunda[concept 219, ground-form reconstruction, upstream ProtoKusunda-219_thetiger-1]",ProtoKusunda-219_thetiger-1,,not-sampled
219:KusundaGM,219,the tiger,846,KusundaGM,speaker,Gyani Maiya Sen Kusunda,mʲɛχ,,KusundaGM-219_thetiger-1,mʲɛχ,mʲɛχ,mʲ ɛ χ,ingested,released CLDF lexeme,Kusunda,the tiger,noun,"aaley-bodt2020kusunda[concept 219, speaker Gyani Maiya Sen Kusunda, upstream KusundaGM-219_thetiger-1]",KusundaGM-219_thetiger-1,,not-sampled
219:KusundaK,219,the tiger,846,KusundaK,speaker,Kamala Khatri (Sen Kusunda),mʲɛ̰kʰ,~ mʲɛq,KusundaK-219_thetiger-1,mʲɛ̰kʰ,mʲɛ̰kʰ,mʲ ɛ̰ kʰ,ingested,released CLDF lexeme,Kusunda,the tiger,noun,"aaley-bodt2020kusunda[concept 219, speaker Kamala Khatri (Sen Kusunda), upstream KusundaK-219_thetiger-1]",KusundaK-219_thetiger-1,,not-sampled
220:ProtoKusunda,220,today,1283,ProtoKusunda,reconstruction,,∅,no consensus,,,,,skipped,source marks no installable form,,,,,,missing-form;source-uncertainty,not-sampled
220:KusundaGM,220,today,1283,KusundaGM,speaker,Gyani Maiya Sen Kusunda,t̪ən.din,,KusundaGM-220_today-1,t̪ən.din,t̪ən.din,t̪ ə n + d i n,ingested,released CLDF lexeme,Kusunda,today,,"aaley-bodt2020kusunda[concept 220, speaker Gyani Maiya Sen Kusunda, upstream KusundaGM-220_today-1]",KusundaGM-220_today-1,,not-sampled
220:KusundaK,220,today,1283,KusundaK,speaker,Kamala Khatri (Sen Kusunda),t̪əj.naː,,KusundaK-220_today-1,t̪əj.naː,t̪əj.naː,t̪ ə j + n aː,ingested,released CLDF lexeme,Kusunda,today,,"aaley-bodt2020kusunda[concept 220, speaker Kamala Khatri (Sen Kusunda), upstream KusundaK-220_today-1]",KusundaK-220_today-1,,not-sampled
221:ProtoKusunda,221,tomorrow,1329,ProtoKusunda,reconstruction,,gu.rɐq,,ProtoKusunda-221_tomorrow-1,gu.rɐq,gu.rɐq,g u + r ɐ q,ingested,released CLDF lexeme,Kusunda,tomorrow,,"aaley-bodt2020kusunda[concept 221, ground-form reconstruction, upstream ProtoKusunda-221_tomorrow-1]",ProtoKusunda-221_tomorrow-1,,not-sampled
221:KusundaGM,221,tomorrow,1329,KusundaGM,speaker,Gyani Maiya Sen Kusunda,gɔː.rɐkʰ,,KusundaGM-221_tomorrow-1,gɔː.rɐkʰ,gɔː.rɐkʰ,g ɔː + r ɐ kʰ,ingested,released CLDF lexeme,Kusunda,tomorrow,,"aaley-bodt2020kusunda[concept 221, speaker Gyani Maiya Sen Kusunda, upstream KusundaGM-221_tomorrow-1]",KusundaGM-221_tomorrow-1,,not-sampled
221:KusundaK,221,tomorrow,1329,KusundaK,speaker,Kamala Khatri (Sen Kusunda),gu.rɐq,,KusundaK-221_tomorrow-1,gu.rɐq,gu.rɐq,g u + r ɐ q,ingested,released CLDF lexeme,Kusunda,tomorrow,,"aaley-bodt2020kusunda[concept 221, speaker Kamala Khatri (Sen Kusunda), upstream KusundaK-221_tomorrow-1]",KusundaK-221_tomorrow-1,,not-sampled
222:ProtoKusunda,222,the tongue,1205,ProtoKusunda,reconstruction,,i.ʣəŋ,,ProtoKusunda-222_thetongue-1,i.ʣəŋ,i.ʣəŋ,i + dz ə ŋ,ingested,released CLDF lexeme,Kusunda,the tongue,noun,"aaley-bodt2020kusunda[concept 222, ground-form reconstruction, upstream ProtoKusunda-222_thetongue-1]",ProtoKusunda-222_thetongue-1,,not-sampled
222:KusundaGM,222,the tongue,1205,KusundaGM,speaker,Gyani Maiya Sen Kusunda,i.ʣəŋ,,KusundaGM-222_thetongue-1,i.ʣəŋ,i.ʣəŋ,i + dz ə ŋ,ingested,released CLDF lexeme,Kusunda,the tongue,noun,"aaley-bodt2020kusunda[concept 222, speaker Gyani Maiya Sen Kusunda, upstream KusundaGM-222_thetongue-1]",KusundaGM-222_thetongue-1,,not-sampled
222:KusundaK,222,the tongue,1205,KusundaK,speaker,Kamala Khatri (Sen Kusunda),i.ʣəŋ,~ ɐ.t̪aː gi.ʤəŋ lit. MOUTH + BODY,KusundaK-222_thetongue-1,i.ʣəŋ,i.ʣəŋ,i + dz ə ŋ,ingested,released CLDF lexeme,Kusunda,the tongue,noun,"aaley-bodt2020kusunda[concept 222, speaker Kamala Khatri (Sen Kusunda), upstream KusundaK-222_thetongue-1]",KusundaK-222_thetongue-1,,not-sampled
223:ProtoKusunda,223,the tooth (front),1380,ProtoKusunda,reconstruction,,u.hu,,ProtoKusunda-223_thetoothfront-1,u.hu,u.hu,u + h u,ingested,released CLDF lexeme,Kusunda,the tooth (front),noun,"aaley-bodt2020kusunda[concept 223, ground-form reconstruction, upstream ProtoKusunda-223_thetoothfront-1]",ProtoKusunda-223_thetoothfront-1,,not-sampled
223:KusundaGM,223,the tooth (front),1380,KusundaGM,speaker,Gyani Maiya Sen Kusunda,u.huː,,KusundaGM-223_thetoothfront-1,u.huː,u.huː,u + h uː,ingested,released CLDF lexeme,Kusunda,the tooth (front),noun,"aaley-bodt2020kusunda[concept 223, speaker Gyani Maiya Sen Kusunda, upstream KusundaGM-223_thetoothfront-1]",KusundaGM-223_thetoothfront-1,,not-sampled
223:KusundaK,223,the tooth (front),1380,KusundaK,speaker,Kamala Khatri (Sen Kusunda),u.ɦuː,~ uː < TB s-wa?,KusundaK-223_thetoothfront-1,u.ɦuː,u.ɦuː,u + ɦ uː,ingested,released CLDF lexeme,Kusunda,the tooth (front),noun,"aaley-bodt2020kusunda[concept 223, speaker Kamala Khatri (Sen Kusunda), upstream KusundaK-223_thetoothfront-1]",KusundaK-223_thetoothfront-1,,not-sampled
224:ProtoKusunda,224,the tree,906,ProtoKusunda,reconstruction,,ji,may be < i.jiː,ProtoKusunda-224_thetree-1,ji,ji,j i,ingested,released CLDF lexeme,Kusunda,the tree,noun,"aaley-bodt2020kusunda[concept 224, ground-form reconstruction, upstream ProtoKusunda-224_thetree-1]",ProtoKusunda-224_thetree-1,,not-sampled
224:KusundaGM,224,the tree,906,KusundaGM,speaker,Gyani Maiya Sen Kusunda,jiː,,KusundaGM-224_thetree-1,jiː,jiː,j iː,ingested,released CLDF lexeme,Kusunda,the tree,noun,"aaley-bodt2020kusunda[concept 224, speaker Gyani Maiya Sen Kusunda, upstream KusundaGM-224_thetree-1]",KusundaGM-224_thetree-1,,not-sampled
224:KusundaK,224,the tree,906,KusundaK,speaker,Kamala Khatri (Sen Kusunda),i.jiː,~ jiː?,KusundaK-224_thetree-1,i.jiː,i.jiː,i + j iː,ingested,released CLDF lexeme,Kusunda,the tree,noun,"aaley-bodt2020kusunda[concept 224, speaker Kamala Khatri (Sen Kusunda), upstream KusundaK-224_thetree-1]",KusundaK-224_thetree-1,,verified-no-material-error
225:ProtoKusunda,225,twenty,1710,ProtoKusunda,reconstruction,,bis,< NEP,ProtoKusunda-225_twenty-1,bis,bis,b i s,ingested,released CLDF lexeme,Kusunda,twenty,num loanword loan:Nepali,"aaley-bodt2020kusunda[concept 225, ground-form reconstruction, upstream ProtoKusunda-225_twenty-1]",ProtoKusunda-225_twenty-1,,not-sampled
225:KusundaGM,225,twenty,1710,KusundaGM,speaker,Gyani Maiya Sen Kusunda,biːs,< NEPबीसbīs ‘twenty’,KusundaGM-225_twenty-1,biːs,biːs,b iː s,ingested,released CLDF lexeme,Kusunda,twenty,num loanword loan:Nepali,"aaley-bodt2020kusunda[concept 225, speaker Gyani Maiya Sen Kusunda, upstream KusundaGM-225_twenty-1]",KusundaGM-225_twenty-1,,not-sampled
225:KusundaK,225,twenty,1710,KusundaK,speaker,Kamala Khatri (Sen Kusunda),biːs,< NEPबीसbīs ‘twenty’; kaːq ‘poison’,KusundaK-225_twenty-1,biːs,biːs,b iː s,ingested,released CLDF lexeme,Kusunda,twenty,num loanword loan:Nepali,"aaley-bodt2020kusunda[concept 225, speaker Kamala Khatri (Sen Kusunda), upstream KusundaK-225_twenty-1]",KusundaK-225_twenty-1,,not-sampled
226:ProtoKusunda,226,two,1498,ProtoKusunda,reconstruction,,du.kʰu,,ProtoKusunda-226_two-1,du.kʰu,du.kʰu,d u + kʰ u,ingested,released CLDF lexeme,Kusunda,two,num,"aaley-bodt2020kusunda[concept 226, ground-form reconstruction, upstream ProtoKusunda-226_two-1]",ProtoKusunda-226_two-1,,not-sampled
226:KusundaGM,226,two,1498,KusundaGM,speaker,Gyani Maiya Sen Kusunda,d̪u.kʰuː,,KusundaGM-226_two-1,d̪u.kʰuː,d̪u.kʰuː,d̪ u + kʰ uː,ingested,released CLDF lexeme,Kusunda,two,num,"aaley-bodt2020kusunda[concept 226, speaker Gyani Maiya Sen Kusunda, upstream KusundaGM-226_two-1]",KusundaGM-226_two-1,,not-sampled
226:KusundaK,226,two,1498,KusundaK,speaker,Kamala Khatri (Sen Kusunda),d̪u.kʰɔː,,KusundaK-226_two-1,d̪u.kʰɔː,d̪u.kʰɔː,d̪ u + kʰ ɔː,ingested,released CLDF lexeme,Kusunda,two,num,"aaley-bodt2020kusunda[concept 226, speaker Kamala Khatri (Sen Kusunda), upstream KusundaK-226_two-1]",KusundaK-226_two-1,,not-sampled
227:ProtoKusunda,227,to vomit,,ProtoKusunda,reconstruction,,∅,concept does not exist or don’t remember?,,,,,skipped,source marks no installable form,,,,,,missing-form;source-uncertainty,not-sampled
227:KusundaGM,227,to vomit,,KusundaGM,speaker,Gyani Maiya Sen Kusunda,∅,,,,,,skipped,source marks no installable form,,,,,,missing-form,not-sampled
227:KusundaK,227,to vomit,,KusundaK,speaker,Kamala Khatri (Sen Kusunda),∅,,,,,,skipped,source marks no installable form,,,,,,missing-form,not-sampled
228:ProtoKusunda,228,to walk,1443,ProtoKusunda,reconstruction,,∅,no consensus,,,,,skipped,source marks no installable form,,,,,,missing-form;source-uncertainty,not-sampled
228:KusundaGM,228,to walk,1443,KusundaGM,speaker,Gyani Maiya Sen Kusunda,hun.t̪ɔː,hun.tɔː; hun.tu = far;,KusundaGM-228_towalk-1,hun.t̪ɔː,hun.t̪ɔː,h u n + t̪ ɔː,ingested,released CLDF lexeme,Kusunda,to walk,verb,"aaley-bodt2020kusunda[concept 228, speaker Gyani Maiya Sen Kusunda, upstream KusundaGM-228_towalk-1]",KusundaGM-228_towalk-1,,not-sampled
228:KusundaK,228,to walk,1443,KusundaK,speaker,Kamala Khatri (Sen Kusunda),bi.bi.t̪ɔː,,KusundaK-228_towalk-1,bi.bi.t̪ɔː,bi.bi.t̪ɔː,b i + b i + t̪ ɔː,ingested,released CLDF lexeme,Kusunda,to walk,verb,"aaley-bodt2020kusunda[concept 228, speaker Kamala Khatri (Sen Kusunda), upstream KusundaK-228_towalk-1]",KusundaK-228_towalk-1,,not-sampled
229:ProtoKusunda,229,the water,948,ProtoKusunda,reconstruction,,tɐŋ,#NAME?,ProtoKusunda-229_thewater-1,tɐŋ,tɐŋ,t ɐ ŋ,ingested,released CLDF lexeme,Kusunda,the water,noun uncertain,"aaley-bodt2020kusunda[concept 229, ground-form reconstruction, upstream ProtoKusunda-229_thewater-1]",ProtoKusunda-229_thewater-1,upstream-spreadsheet-error-in-comment,not-sampled
229:KusundaGM,229,the water,948,KusundaGM,speaker,Gyani Maiya Sen Kusunda,t̪ɐŋ,,KusundaGM-229_thewater-1,t̪ɐŋ,t̪ɐŋ,t̪ ɐ ŋ,ingested,released CLDF lexeme,Kusunda,the water,noun,"aaley-bodt2020kusunda[concept 229, speaker Gyani Maiya Sen Kusunda, upstream KusundaGM-229_thewater-1]",KusundaGM-229_thewater-1,,not-sampled
229:KusundaK,229,the water,948,KusundaK,speaker,Kamala Khatri (Sen Kusunda),t̪ɐŋ,,KusundaK-229_thewater-1,t̪ɐŋ,t̪ɐŋ,t̪ ɐ ŋ,ingested,released CLDF lexeme,Kusunda,the water,noun,"aaley-bodt2020kusunda[concept 229, speaker Kamala Khatri (Sen Kusunda), upstream KusundaK-229_thewater-1]",KusundaK-229_thewater-1,,not-sampled
230:ProtoKusunda,230,we [first person plural inclusive],1131,ProtoKusunda,reconstruction,,tok,,ProtoKusunda-230_wefirstpersonpluralinclusive-1,tok,tok,t o k,ingested,released CLDF lexeme,Kusunda,we [first person plural inclusive],pron 1pl inclusive,"aaley-bodt2020kusunda[concept 230, ground-form reconstruction, upstream ProtoKusunda-230_wefirstpersonpluralinclusive-1]",ProtoKusunda-230_wefirstpersonpluralinclusive-1,,not-sampled
230:KusundaGM,230,we [first person plural inclusive],1131,KusundaGM,speaker,Gyani Maiya Sen Kusunda,t̪ɔk,,KusundaGM-230_wefirstpersonpluralinclusive-1,t̪ɔk,t̪ɔk,t̪ ɔ k,ingested,released CLDF lexeme,Kusunda,we [first person plural inclusive],pron 1pl inclusive,"aaley-bodt2020kusunda[concept 230, speaker Gyani Maiya Sen Kusunda, upstream KusundaGM-230_wefirstpersonpluralinclusive-1]",KusundaGM-230_wefirstpersonpluralinclusive-1,,not-sampled
230:KusundaK,230,we [first person plural inclusive],1131,KusundaK,speaker,Kamala Khatri (Sen Kusunda),t̪ɔk,,KusundaK-230_wefirstpersonpluralinclusive-1,t̪ɔk,t̪ɔk,t̪ ɔ k,ingested,released CLDF lexeme,Kusunda,we [first person plural inclusive],pron 1pl inclusive,"aaley-bodt2020kusunda[concept 230, speaker Kamala Khatri (Sen Kusunda), upstream KusundaK-230_wefirstpersonpluralinclusive-1]",KusundaK-230_wefirstpersonpluralinclusive-1,,verified-no-material-error
231:ProtoKusunda,231,wet,1726,ProtoKusunda,reconstruction,,ʣʰok,,ProtoKusunda-231_wet-1,ʣʰok,ʣʰok,dzʰ o k,ingested,released CLDF lexeme,Kusunda,wet,,"aaley-bodt2020kusunda[concept 231, ground-form reconstruction, upstream ProtoKusunda-231_wet-1]",ProtoKusunda-231_wet-1,,not-sampled
231:KusundaGM,231,wet,1726,KusundaGM,speaker,Gyani Maiya Sen Kusunda,ʣɔk.ʣiː,,KusundaGM-231_wet-1,ʣɔk.ʣiː,ʣɔk.ʣiː,dz ɔ k + dz iː,ingested,released CLDF lexeme,Kusunda,wet,,"aaley-bodt2020kusunda[concept 231, speaker Gyani Maiya Sen Kusunda, upstream KusundaGM-231_wet-1]",KusundaGM-231_wet-1,,not-sampled
231:KusundaK,231,wet,1726,KusundaK,speaker,Kamala Khatri (Sen Kusunda),ʤʰɔk ɐ.gɔː,"~ ʤʰɔk.ʤiː, also ‘soak’",KusundaK-231_wet-1,ʤʰɔk ɐ.gɔː,ʤʰɔk ɐ.gɔː,dʒʰ ɔ k + ɐ + g ɔː,ingested,released CLDF lexeme,Kusunda,wet,,"aaley-bodt2020kusunda[concept 231, speaker Kamala Khatri (Sen Kusunda), upstream KusundaK-231_wet-1]",KusundaK-231_wet-1,,not-sampled
232:ProtoKusunda,232,what,1236,ProtoKusunda,reconstruction,,nɐ.t̪.n,,ProtoKusunda-232_what-1,nɐ.t̪.n,nɐ.t̪.n,n ɐ + t̪ + n,ingested,released CLDF lexeme,Kusunda,what,pron interr,"aaley-bodt2020kusunda[concept 232, ground-form reconstruction, upstream ProtoKusunda-232_what-1]",ProtoKusunda-232_what-1,,not-sampled
232:KusundaGM,232,what,1236,KusundaGM,speaker,Gyani Maiya Sen Kusunda,nɐ.t̪.n,"‘what, why’; nɐn = what it is?",KusundaGM-232_what-1,nɐ.t̪.n,nɐ.t̪.n,n ɐ + t̪ + n,ingested,released CLDF lexeme,Kusunda,what,pron interr,"aaley-bodt2020kusunda[concept 232, speaker Gyani Maiya Sen Kusunda, upstream KusundaGM-232_what-1]",KusundaGM-232_what-1,,not-sampled
232:KusundaK,232,what,1236,KusundaK,speaker,Kamala Khatri (Sen Kusunda),nɐn,contraction of nɐ.t.n,KusundaK-232_what-1,nɐn,nɐn,n ɐ n,ingested,released CLDF lexeme,Kusunda,what,pron interr,"aaley-bodt2020kusunda[concept 232, speaker Kamala Khatri (Sen Kusunda), upstream KusundaK-232_what-1]",KusundaK-232_what-1,,not-sampled
233:ProtoKusunda,233,the wheat,1077,ProtoKusunda,reconstruction,,kʰɐ.ru.gu.hi,,ProtoKusunda-233_thewheat-1,kʰɐ.ru.gu.hi,kʰɐ.ru.gu.hi,kʰ ɐ + r u + g u + h i,ingested,released CLDF lexeme,Kusunda,the wheat,noun,"aaley-bodt2020kusunda[concept 233, ground-form reconstruction, upstream ProtoKusunda-233_thewheat-1]",ProtoKusunda-233_thewheat-1,,not-sampled
233:KusundaGM,233,the wheat,1077,KusundaGM,speaker,Gyani Maiya Sen Kusunda,kʰɐ.ru.guj,,KusundaGM-233_thewheat-1,kʰɐ.ru.guj,kʰɐ.ru.guj,kʰ ɐ + r u + g u j,ingested,released CLDF lexeme,Kusunda,the wheat,noun,"aaley-bodt2020kusunda[concept 233, speaker Gyani Maiya Sen Kusunda, upstream KusundaGM-233_thewheat-1]",KusundaGM-233_thewheat-1,,not-sampled
233:KusundaK,233,the wheat,1077,KusundaK,speaker,Kamala Khatri (Sen Kusunda),kʰɔ.ru.guj,~ kʰɐ.ruj,KusundaK-233_thewheat-1,kʰɔ.ru.guj,kʰɔ.ru.guj,kʰ ɔ + r u + g u j,ingested,released CLDF lexeme,Kusunda,the wheat,noun,"aaley-bodt2020kusunda[concept 233, speaker Kamala Khatri (Sen Kusunda), upstream KusundaK-233_thewheat-1]",KusundaK-233_thewheat-1,,not-sampled
234:ProtoKusunda,234,where,1237,ProtoKusunda,reconstruction,,hɐm.pe,,ProtoKusunda-234_where-1,hɐm.pe,hɐm.pe,h ɐ m + p e,ingested,released CLDF lexeme,Kusunda,where,adv interr,"aaley-bodt2020kusunda[concept 234, ground-form reconstruction, upstream ProtoKusunda-234_where-1]",ProtoKusunda-234_where-1,,not-sampled
234:KusundaGM,234,where,1237,KusundaGM,speaker,Gyani Maiya Sen Kusunda,hɐm.peː,,KusundaGM-234_where-1,hɐm.peː,hɐm.peː,h ɐ m + p eː,ingested,released CLDF lexeme,Kusunda,where,adv interr,"aaley-bodt2020kusunda[concept 234, speaker Gyani Maiya Sen Kusunda, upstream KusundaGM-234_where-1]",KusundaGM-234_where-1,,not-sampled
234:KusundaK,234,where,1237,KusundaK,speaker,Kamala Khatri (Sen Kusunda),hɐm.peː,,KusundaK-234_where-1,hɐm.peː,hɐm.peː,h ɐ m + p eː,ingested,released CLDF lexeme,Kusunda,where,adv interr,"aaley-bodt2020kusunda[concept 234, speaker Kamala Khatri (Sen Kusunda), upstream KusundaK-234_where-1]",KusundaK-234_where-1,,not-sampled
235:ProtoKusunda,235,white,1335,ProtoKusunda,reconstruction,,ka.si,,ProtoKusunda-235_white-1,ka.si,ka.si,k a + s i,ingested,released CLDF lexeme,Kusunda,white,,"aaley-bodt2020kusunda[concept 235, ground-form reconstruction, upstream ProtoKusunda-235_white-1]",ProtoKusunda-235_white-1,,not-sampled
235:KusundaGM,235,white,1335,KusundaGM,speaker,Gyani Maiya Sen Kusunda,kaː.si.giː,,KusundaGM-235_white-1,kaː.si.giː,kaː.si.giː,k aː + s i + g iː,ingested,released CLDF lexeme,Kusunda,white,,"aaley-bodt2020kusunda[concept 235, speaker Gyani Maiya Sen Kusunda, upstream KusundaGM-235_white-1]",KusundaGM-235_white-1,,not-sampled
235:KusundaK,235,white,1335,KusundaK,speaker,Kamala Khatri (Sen Kusunda),kaː.siː,,KusundaK-235_white-1,kaː.siː,kaː.siː,k aː + s iː,ingested,released CLDF lexeme,Kusunda,white,,"aaley-bodt2020kusunda[concept 235, speaker Kamala Khatri (Sen Kusunda), upstream KusundaK-235_white-1]",KusundaK-235_white-1,,not-sampled
236:ProtoKusunda,236,who,1235,ProtoKusunda,reconstruction,,nə.ti,,ProtoKusunda-236_who-1,nə.ti,nə.ti,n ə + t i,ingested,released CLDF lexeme,Kusunda,who,pron interr,"aaley-bodt2020kusunda[concept 236, ground-form reconstruction, upstream ProtoKusunda-236_who-1]",ProtoKusunda-236_who-1,,not-sampled
236:KusundaGM,236,who,1235,KusundaGM,speaker,Gyani Maiya Sen Kusunda,nə.t̪iː,,KusundaGM-236_who-1,nə.t̪iː,nə.t̪iː,n ə + t̪ iː,ingested,released CLDF lexeme,Kusunda,who,pron interr,"aaley-bodt2020kusunda[concept 236, speaker Gyani Maiya Sen Kusunda, upstream KusundaGM-236_who-1]",KusundaGM-236_who-1,,not-sampled
236:KusundaK,236,who,1235,KusundaK,speaker,Kamala Khatri (Sen Kusunda),nə.t̪iː,"niː gi.ʤiː nə.tiː? niː gi.ʤiː nən? What is your name? nuː unmarked niː possessive. ʧiː gi.ʤiː ka.ma.laː. 2sg poss nɔn.da 2pl. poss nɔk.d̪a 1sg obj ʧi.d̪a, 1pl obj tɔk.d̪a. niː 2plural possessive. ti.giː our",KusundaK-236_who-1,nə.t̪iː,nə.t̪iː,n ə + t̪ iː,ingested,released CLDF lexeme,Kusunda,who,pron interr,"aaley-bodt2020kusunda[concept 236, speaker Kamala Khatri (Sen Kusunda), upstream KusundaK-236_who-1]",KusundaK-236_who-1,,not-sampled
237:ProtoKusunda,237,the wife,1199,ProtoKusunda,reconstruction,,neŋ.ɐ.di,,ProtoKusunda-237_thewife-1,neŋ.ɐ.di,neŋ.ɐ.di,n e ŋ + ɐ + d i,ingested,released CLDF lexeme,Kusunda,the wife,noun,"aaley-bodt2020kusunda[concept 237, ground-form reconstruction, upstream ProtoKusunda-237_thewife-1]",ProtoKusunda-237_thewife-1,,not-sampled
237:KusundaGM,237,the wife,1199,KusundaGM,speaker,Gyani Maiya Sen Kusunda,nʲɛŋ.diː,contraction from neŋ.ɐ.diː < nʲɛŋ.ɐ.diː < nʲɛŋ.diː,KusundaGM-237_thewife-1,nʲɛŋ.diː,nʲɛŋ.diː,nʲ ɛ ŋ + d iː,ingested,released CLDF lexeme,Kusunda,the wife,noun,"aaley-bodt2020kusunda[concept 237, speaker Gyani Maiya Sen Kusunda, upstream KusundaGM-237_thewife-1]",KusundaGM-237_thewife-1,,not-sampled
237:KusundaK,237,the wife,1199,KusundaK,speaker,Kamala Khatri (Sen Kusunda),nʲɛː.ɐ.d̪iː,contraction from neŋ.ɐ.diː < nʲɛŋ.ɐ.diː,KusundaK-237_thewife-1,nʲɛː.ɐ.d̪iː,nʲɛː.ɐ.d̪iː,nʲ ɛː + ɐ + d̪ iː,ingested,released CLDF lexeme,Kusunda,the wife,noun,"aaley-bodt2020kusunda[concept 237, speaker Kamala Khatri (Sen Kusunda), upstream KusundaK-237_thewife-1]",KusundaK-237_thewife-1,,not-sampled
238:ProtoKusunda,238,the wind,960,ProtoKusunda,reconstruction,,qɐj,,ProtoKusunda-238_thewind-1,qɐj,qɐj,q ɐ j,ingested,released CLDF lexeme,Kusunda,the wind,noun,"aaley-bodt2020kusunda[concept 238, ground-form reconstruction, upstream ProtoKusunda-238_thewind-1]",ProtoKusunda-238_thewind-1,,not-sampled
238:KusundaGM,238,the wind,960,KusundaGM,speaker,Gyani Maiya Sen Kusunda,qɐj,,KusundaGM-238_thewind-1,qɐj,qɐj,q ɐ j,ingested,released CLDF lexeme,Kusunda,the wind,noun,"aaley-bodt2020kusunda[concept 238, speaker Gyani Maiya Sen Kusunda, upstream KusundaGM-238_thewind-1]",KusundaGM-238_thewind-1,,not-sampled
238:KusundaK,238,the wind,960,KusundaK,speaker,Kamala Khatri (Sen Kusunda),qɐj,,KusundaK-238_thewind-1,qɐj,qɐj,q ɐ j,ingested,released CLDF lexeme,Kusunda,the wind,noun,"aaley-bodt2020kusunda[concept 238, speaker Kamala Khatri (Sen Kusunda), upstream KusundaK-238_thewind-1]",KusundaK-238_thewind-1,,not-sampled
239:ProtoKusunda,239,the wing,1257,ProtoKusunda,reconstruction,,ɐ.hun,#NAME?,ProtoKusunda-239_thewing-1,ɐ.hun,ɐ.hun,ɐ + h u n,ingested,released CLDF lexeme,Kusunda,the wing,noun uncertain,"aaley-bodt2020kusunda[concept 239, ground-form reconstruction, upstream ProtoKusunda-239_thewing-1]",ProtoKusunda-239_thewing-1,upstream-spreadsheet-error-in-comment,not-sampled
239:KusundaGM,239,the wing,1257,KusundaGM,speaker,Gyani Maiya Sen Kusunda,ɐ.hun,,KusundaGM-239_thewing-1,ɐ.hun,ɐ.hun,ɐ + h u n,ingested,released CLDF lexeme,Kusunda,the wing,noun,"aaley-bodt2020kusunda[concept 239, speaker Gyani Maiya Sen Kusunda, upstream KusundaGM-239_thewing-1]",KusundaGM-239_thewing-1,,not-sampled
239:KusundaK,239,the wing,1257,KusundaK,speaker,Kamala Khatri (Sen Kusunda),ɐ.ɦun,#NAME?,KusundaK-239_thewing-1,ɐ.ɦun,ɐ.ɦun,ɐ + ɦ u n,ingested,released CLDF lexeme,Kusunda,the wing,noun uncertain,"aaley-bodt2020kusunda[concept 239, speaker Kamala Khatri (Sen Kusunda), upstream KusundaK-239_thewing-1]",KusundaK-239_thewing-1,upstream-spreadsheet-error-in-comment,not-sampled
240:ProtoKusunda,240,to wipe,1454,ProtoKusunda,reconstruction,,∅,no consensus,,,,,skipped,source marks no installable form,,,,,,missing-form;source-uncertainty,not-sampled
240:KusundaGM,240,to wipe,1454,KusundaGM,speaker,Gyani Maiya Sen Kusunda,mut̪ aː.gɔː,,KusundaGM-240_towipe-1,mut̪ aː.gɔː,mut̪ aː.gɔː,m u t̪ + aː + g ɔː,ingested,released CLDF lexeme,Kusunda,to wipe,verb,"aaley-bodt2020kusunda[concept 240, speaker Gyani Maiya Sen Kusunda, upstream KusundaGM-240_towipe-1]",KusundaGM-240_towipe-1,,not-sampled
240:KusundaK,240,to wipe,1454,KusundaK,speaker,Kamala Khatri (Sen Kusunda),leː ɐ.gɔː,,KusundaK-240_towipe-1,leː ɐ.gɔː,leː ɐ.gɔː,l eː + ɐ + g ɔː,ingested,released CLDF lexeme,Kusunda,to wipe,verb,"aaley-bodt2020kusunda[concept 240, speaker Kamala Khatri (Sen Kusunda), upstream KusundaK-240_towipe-1]",KusundaK-240_towipe-1,,not-sampled
241:ProtoKusunda,241,the wolf,522,ProtoKusunda,reconstruction,,∅,"concept does not exist, cf. FOX",,,,,skipped,source marks no installable form,,,,,,missing-form;source-uncertainty,not-sampled
241:KusundaGM,241,the wolf,522,KusundaGM,speaker,Gyani Maiya Sen Kusunda,gi.lɐŋ aː.gəj,#NAME?,KusundaGM-241_thewolf-1,gi.lɐŋ aː.gəj,gi.lɐŋ aː.gəj,g i + l ɐ ŋ + aː + g ə j,ingested,released CLDF lexeme,Kusunda,the wolf,noun uncertain,"aaley-bodt2020kusunda[concept 241, speaker Gyani Maiya Sen Kusunda, upstream KusundaGM-241_thewolf-1]",KusundaGM-241_thewolf-1,upstream-spreadsheet-error-in-comment,not-sampled
241:KusundaK,241,the wolf,522,KusundaK,speaker,Kamala Khatri (Sen Kusunda),∅,gi.ʃiː ‘trap’,,,,,skipped,source marks no installable form,,,,,,missing-form,not-sampled
242:ProtoKusunda,242,the woman,962,ProtoKusunda,reconstruction,,neŋ.ɐ.di gə.ʦe,#NAME?,ProtoKusunda-242_thewoman-1,neŋ.ɐ.di gə.ʦe,neŋ.ɐ.di gə.ʦe,n e ŋ + ɐ + d i + g ə + ts e,ingested,released CLDF lexeme,Kusunda,the woman,noun uncertain,"aaley-bodt2020kusunda[concept 242, ground-form reconstruction, upstream ProtoKusunda-242_thewoman-1]",ProtoKusunda-242_thewoman-1,upstream-spreadsheet-error-in-comment,not-sampled
242:KusundaGM,242,the woman,962,KusundaGM,speaker,Gyani Maiya Sen Kusunda,nʲɛŋ.d̪i gə.ʦeː,contraction from neŋ.ɐ.diː < nʲɛŋ.ɐ.diː < nʲɛŋ.diː (+ gə.ʦeː),KusundaGM-242_thewoman-1,nʲɛŋ.d̪i gə.ʦeː,nʲɛŋ.d̪i gə.ʦeː,nʲ ɛ ŋ + d̪ i + g ə + ts eː,ingested,released CLDF lexeme,Kusunda,the woman,noun,"aaley-bodt2020kusunda[concept 242, speaker Gyani Maiya Sen Kusunda, upstream KusundaGM-242_thewoman-1]",KusundaGM-242_thewoman-1,,not-sampled
242:KusundaK,242,the woman,962,KusundaK,speaker,Kamala Khatri (Sen Kusunda),nʲɛː.d̪i.ʤiː,"~ nʲɛː.di gi.ʧi, contraction from < nʲɛ.ɐ.d̪i gi.ʧiː",KusundaK-242_thewoman-1,nʲɛː.d̪i.ʤiː,nʲɛː.d̪i.ʤiː,nʲ ɛː + d̪ i + dʒ iː,ingested,released CLDF lexeme,Kusunda,the woman,noun,"aaley-bodt2020kusunda[concept 242, speaker Kamala Khatri (Sen Kusunda), upstream KusundaK-242_thewoman-1]",KusundaK-242_thewoman-1,,not-sampled
243:ProtoKusunda,243,the wood (material),1803,ProtoKusunda,reconstruction,,∅,specific concept does not exist? Either TREE or FIREWOOD?,,,,,skipped,source marks no installable form,,,,,,missing-form;source-uncertainty,not-sampled
243:KusundaGM,243,the wood (material),1803,KusundaGM,speaker,Gyani Maiya Sen Kusunda,gu.bʲɛn,"‘wood as material’, but from Uday/Gorkha?; dɐ.ʣiː ‘firewood’",KusundaGM-243_thewoodmaterial-1,gu.bʲɛn,gu.bʲɛn,g u + bʲ ɛ n,ingested,released CLDF lexeme,Kusunda,the wood (material),noun,"aaley-bodt2020kusunda[concept 243, speaker Gyani Maiya Sen Kusunda, upstream KusundaGM-243_thewoodmaterial-1]",KusundaGM-243_thewoodmaterial-1,,not-sampled
243:KusundaK,243,the wood (material),1803,KusundaK,speaker,Kamala Khatri (Sen Kusunda),d̪əj.ʤiː,#ERROR!,KusundaK-243_thewoodmaterial-1,d̪əj.ʤiː,d̪əj.ʤiː,d̪ ə j + dʒ iː,ingested,released CLDF lexeme,Kusunda,the wood (material),noun uncertain,"aaley-bodt2020kusunda[concept 243, speaker Kamala Khatri (Sen Kusunda), upstream KusundaK-243_thewoodmaterial-1]",KusundaK-243_thewoodmaterial-1,upstream-spreadsheet-error-in-comment,not-sampled
244:ProtoKusunda,244,"to sow (broadcast, scatter seeds)",,ProtoKusunda,reconstruction,,∅,concept does not exist,,,,,skipped,source marks no installable form,,,,,,missing-form;source-uncertainty,not-sampled
244:KusundaGM,244,"to sow (broadcast, scatter seeds)",,KusundaGM,speaker,Gyani Maiya Sen Kusunda,∅,,,,,,skipped,source marks no installable form,,,,,,missing-form,not-sampled
244:KusundaK,244,"to sow (broadcast, scatter seeds)",,KusundaK,speaker,Kamala Khatri (Sen Kusunda),∅,,,,,,skipped,source marks no installable form,,,,,,missing-form,not-sampled
245:ProtoKusunda,245,the year,1226,ProtoKusunda,reconstruction,,bɐr.saː,< NEPबर्षbarṣa ‘year’,ProtoKusunda-245_theyear-1,bɐr.saː,bɐr.saː,b ɐ r + s aː,ingested,released CLDF lexeme,Kusunda,the year,noun loanword loan:Nepali,"aaley-bodt2020kusunda[concept 245, ground-form reconstruction, upstream ProtoKusunda-245_theyear-1]",ProtoKusunda-245_theyear-1,,not-sampled
245:KusundaGM,245,the year,1226,KusundaGM,speaker,Gyani Maiya Sen Kusunda,bɐr.saː,< NEPबर्षbarṣa ‘year’,KusundaGM-245_theyear-1,bɐr.saː,bɐr.saː,b ɐ r + s aː,ingested,released CLDF lexeme,Kusunda,the year,noun loanword loan:Nepali,"aaley-bodt2020kusunda[concept 245, speaker Gyani Maiya Sen Kusunda, upstream KusundaGM-245_theyear-1]",KusundaGM-245_theyear-1,,not-sampled
245:KusundaK,245,the year,1226,KusundaK,speaker,Kamala Khatri (Sen Kusunda),bɐr.saː,"< NEPबर्षbarṣa ‘year’ hɐm.ʦɐj ‘last, previous, former’; təj.naː bɐr.saː ‘this year’; pʲaːji bɐr.saː ‘last year’",KusundaK-245_theyear-1,bɐr.saː,bɐr.saː,b ɐ r + s aː,ingested,released CLDF lexeme,Kusunda,the year,noun loanword loan:Nepali,"aaley-bodt2020kusunda[concept 245, speaker Kamala Khatri (Sen Kusunda), upstream KusundaK-245_theyear-1]",KusundaK-245_theyear-1,,not-sampled
246:ProtoKusunda,246,yellow,1424,ProtoKusunda,reconstruction,,∅,"descriptive terms, no consensus",,,,,skipped,source marks no installable form,,,,,,missing-form;source-uncertainty,not-sampled
246:KusundaGM,246,yellow,1424,KusundaGM,speaker,Gyani Maiya Sen Kusunda,kɐ.pɐŋ bəj.jɔː,< kɐ.pɐŋ ‘turmeric’,KusundaGM-246_yellow-1,kɐ.pɐŋ bəj.jɔː,kɐ.pɐŋ bəj.jɔː,k ɐ + p ɐ ŋ + b ə j + j ɔː,ingested,released CLDF lexeme,Kusunda,yellow,,"aaley-bodt2020kusunda[concept 246, speaker Gyani Maiya Sen Kusunda, upstream KusundaGM-246_yellow-1]",KusundaGM-246_yellow-1,,not-sampled
246:KusundaK,246,yellow,1424,KusundaK,speaker,Kamala Khatri (Sen Kusunda),qʰɐ.jɛm bʰɔ.jɔː,~ qaː.əm bʰɐ.juː ~ qa.əm bɔ.ju,KusundaK-246_yellow-1,qʰɐ.jɛm bʰɔ.jɔː,qʰɐ.jɛm bʰɔ.jɔː,qʰ ɐ + j ɛ m + bʰ ɔ + j ɔː,ingested,released CLDF lexeme,Kusunda,yellow,,"aaley-bodt2020kusunda[concept 246, speaker Kamala Khatri (Sen Kusunda), upstream KusundaK-246_yellow-1]",KusundaK-246_yellow-1,,not-sampled
247:ProtoKusunda,247,yesterday,1174,ProtoKusunda,reconstruction,,pe,,ProtoKusunda-247_yesterday-1,pe,pe,p e,ingested,released CLDF lexeme,Kusunda,yesterday,,"aaley-bodt2020kusunda[concept 247, ground-form reconstruction, upstream ProtoKusunda-247_yesterday-1]",ProtoKusunda-247_yesterday-1,,not-sampled
247:KusundaGM,247,yesterday,1174,KusundaGM,speaker,Gyani Maiya Sen Kusunda,pʲɛː.niː,,KusundaGM-247_yesterday-1,pʲɛː.niː,pʲɛː.niː,pʲ ɛː + n iː,ingested,released CLDF lexeme,Kusunda,yesterday,,"aaley-bodt2020kusunda[concept 247, speaker Gyani Maiya Sen Kusunda, upstream KusundaGM-247_yesterday-1]",KusundaGM-247_yesterday-1,,not-sampled
247:KusundaK,247,yesterday,1174,KusundaK,speaker,Kamala Khatri (Sen Kusunda),pʲɛː.naː,,KusundaK-247_yesterday-1,pʲɛː.naː,pʲɛː.naː,pʲ ɛː + n aː,ingested,released CLDF lexeme,Kusunda,yesterday,,"aaley-bodt2020kusunda[concept 247, speaker Kamala Khatri (Sen Kusunda), upstream KusundaK-247_yesterday-1]",KusundaK-247_yesterday-1,,not-sampled
248:ProtoKusunda,248,you [second person plural],1213,ProtoKusunda,reconstruction,,nɔk,,ProtoKusunda-248_yousecondpersonplural-1,nɔk,nɔk,n ɔ k,ingested,released CLDF lexeme,Kusunda,you [second person plural],pron 2pl,"aaley-bodt2020kusunda[concept 248, ground-form reconstruction, upstream ProtoKusunda-248_yousecondpersonplural-1]",ProtoKusunda-248_yousecondpersonplural-1,,not-sampled
248:KusundaGM,248,you [second person plural],1213,KusundaGM,speaker,Gyani Maiya Sen Kusunda,nɔk,,KusundaGM-248_yousecondpersonplural-1,nɔk,nɔk,n ɔ k,ingested,released CLDF lexeme,Kusunda,you [second person plural],pron 2pl,"aaley-bodt2020kusunda[concept 248, speaker Gyani Maiya Sen Kusunda, upstream KusundaGM-248_yousecondpersonplural-1]",KusundaGM-248_yousecondpersonplural-1,,not-sampled
248:KusundaK,248,you [second person plural],1213,KusundaK,speaker,Kamala Khatri (Sen Kusunda),nɔk,,KusundaK-248_yousecondpersonplural-1,nɔk,nɔk,n ɔ k,ingested,released CLDF lexeme,Kusunda,you [second person plural],pron 2pl,"aaley-bodt2020kusunda[concept 248, speaker Kamala Khatri (Sen Kusunda), upstream KusundaK-248_yousecondpersonplural-1]",KusundaK-248_yousecondpersonplural-1,,not-sampled
249:ProtoKusunda,249,young,1207,ProtoKusunda,reconstruction,,ma.ɢa.ʦʰe,,ProtoKusunda-249_young-1,ma.ɢa.ʦʰe,ma.ɢa.ʦʰe,m a + ɢ a + tsʰ e,ingested,released CLDF lexeme,Kusunda,young,,"aaley-bodt2020kusunda[concept 249, ground-form reconstruction, upstream ProtoKusunda-249_young-1]",ProtoKusunda-249_young-1,,not-sampled
249:KusundaGM,249,young,1207,KusundaGM,speaker,Gyani Maiya Sen Kusunda,mɐkʰ.ʦʰeː,(adj); u.sin.di ~ u.sin.ti = girl,KusundaGM-249_young-1,mɐkʰ.ʦʰeː,mɐkʰ.ʦʰeː,m ɐ kʰ + tsʰ eː,ingested,released CLDF lexeme,Kusunda,young,,"aaley-bodt2020kusunda[concept 249, speaker Gyani Maiya Sen Kusunda, upstream KusundaGM-249_young-1]",KusundaGM-249_young-1,,not-sampled
249:KusundaK,249,young,1207,KusundaK,speaker,Kamala Khatri (Sen Kusunda),maː.a̰.ʧʰeː,#ERROR!,KusundaK-249_young-1,maː.a̰.ʧʰeː,maː.a̰.ʧʰeː,m aː + a̰ + tʃʰ eː,ingested,released CLDF lexeme,Kusunda,young,uncertain,"aaley-bodt2020kusunda[concept 249, speaker Kamala Khatri (Sen Kusunda), upstream KusundaK-249_young-1]",KusundaK-249_young-1,upstream-spreadsheet-error-in-comment,not-sampled
250:ProtoKusunda,250,the shit,675,ProtoKusunda,reconstruction,,jeŋ,,ProtoKusunda-250_theshit-1,jeŋ,jeŋ,j e ŋ,ingested,released CLDF lexeme,Kusunda,the shit,noun,"aaley-bodt2020kusunda[concept 250, ground-form reconstruction, upstream ProtoKusunda-250_theshit-1]",ProtoKusunda-250_theshit-1,,not-sampled
250:KusundaGM,250,the shit,675,KusundaGM,speaker,Gyani Maiya Sen Kusunda,jɛŋ,ɐn = pee,KusundaGM-250_theshit-1,jɛŋ,jɛŋ,j ɛ ŋ,ingested,released CLDF lexeme,Kusunda,the shit,noun,"aaley-bodt2020kusunda[concept 250, speaker Gyani Maiya Sen Kusunda, upstream KusundaGM-250_theshit-1]",KusundaGM-250_theshit-1,,not-sampled
250:KusundaK,250,the shit,675,KusundaK,speaker,Kamala Khatri (Sen Kusunda),jɛŋ,,KusundaK-250_theshit-1,jɛŋ,jɛŋ,j ɛ ŋ,ingested,released CLDF lexeme,Kusunda,the shit,noun,"aaley-bodt2020kusunda[concept 250, speaker Kamala Khatri (Sen Kusunda), upstream KusundaK-250_theshit-1]",KusundaK-250_theshit-1,,not-sampled
